vehicle_id,trip_id,timestamp,speed,lat,lon,bearing
DMU09,51,1785786858,65.0,6.185008,102.17852,0.0
DMU09,51,1785786948,70.0,6.174602,102.19095,0.0
DMU09,51,1785786993,66.0,6.167813,102.195496,0.0
DMU09,51,1785787053,57.0,6.163948,102.204704,0.0
DMU09,51,1785787128,61.0,6.15947,102.216064,0.0
DMU09,51,1785787173,51.0,6.157417,102.22292,0.0
DMU09,51,1785787233,52.0,6.152028,102.22944,0.0
DMU09,51,1785787308,61.0,6.14106,102.22644,0.0
DMU09,51,1785787353,63.0,6.13561,102.22084,0.0
DMU09,51,1785787428,40.0,6.128362,102.212,0.0
DMU09,51,1785787488,28.0,6.12487,102.20775,0.0
DMU09,51,1785787533,24.0,6.122698,102.205124,0.0
DMU09,51,1785787593,5.0,6.120682,102.20272,0.0
DMU09,51,1785787668,3.0,6.118582,102.200905,0.0
DMU09,51,1785787713,0.0,6.11853,102.20084,0.0
DMU09,51,1785787788,13.0,6.117472,102.200005,0.0
DMU09,51,1785787833,12.0,6.11611,102.19846,0.0
DMU09,51,1785787893,53.0,6.113027,102.194725,0.0
DMU09,51,1785787953,77.0,6.105745,102.18566,0.0
DMU09,51,1785788028,51.0,6.097745,102.177704,0.0
DMU09,51,1785788088,2.0,6.094693,102.17464,0.0
DMU09,51,1785788133,0.0,6.094658,102.17461,0.0
DMU09,51,1785788208,65.0,6.088598,102.16979,0.0
DMU09,51,1785788268,75.0,6.079173,102.16313,0.0
DMU09,51,1785788328,78.0,6.068985,102.156136,0.0
DMU09,51,1785788388,50.0,6.058575,102.15062,0.0
DMU09,51,1785788433,46.0,6.053175,102.14788,0.0
DMU09,51,1785788508,15.0,6.04645,102.14432,0.0
DMU09,51,1785788553,15.0,6.044587,102.14332,0.0
DMU09,51,1785788613,0.0,6.042887,102.14245,0.0
DMU09,51,1785788673,0.0,6.042867,102.14261,0.0
DMU09,51,1785788733,14.0,6.041247,102.1417,0.0
DMU09,51,1785788793,14.0,6.038683,102.14027,0.0
DMU09,51,1785788868,55.0,6.031458,102.13962,0.0
DMU09,51,1785788928,62.0,6.021797,102.14034,0.0
DMU09,51,1785788988,67.0,6.011057,102.14064,0.0
DMU09,51,1785789048,59.0,6.000763,102.14163,0.0
DMU09,51,1785789093,55.0,5.993615,102.142136,0.0
DMU09,51,1785789168,61.0,5.982198,102.14294,0.0
DMU09,51,1785789228,53.0,5.972438,102.143585,0.0
DMU09,51,1785789288,18.0,5.967205,102.14398,0.0
DMU09,51,1785789348,0.0,5.96608,102.14398,0.0
DMU09,51,1785789408,41.0,5.963413,102.1441,0.0
DMU09,51,1785789453,46.0,5.957948,102.145226,0.0
DMU09,51,1785789513,51.0,5.94982,102.14745,0.0
DMU09,51,1785789588,40.0,5.940293,102.15,0.0
DMU09,51,1785789648,41.0,5.933563,102.15187,0.0
DMU09,51,1785789708,50.0,5.926433,102.1539,0.0
DMU09,51,1785789753,67.0,5.919447,102.15577,0.0
DMU09,51,1785789828,60.0,5.90665,102.159004,0.0
DMU09,51,1785789873,47.0,5.900007,102.15836,0.0
DMU09,51,1785789948,15.0,5.892203,102.157486,0.0
DMU09,51,1785789993,0.0,5.891688,102.157394,0.0
DMU09,51,1785790053,35.0,5.889302,102.15709,0.0
DMU09,51,1785790113,76.0,5.879642,102.155815,0.0
DMU09,51,1785790188,90.0,5.863132,102.153694,0.0
DMU09,51,1785790233,95.0,5.851992,102.15233,0.0
DMU09,51,1785790308,87.0,5.833508,102.15016,0.0
DMU09,51,1785790353,45.0,5.824868,102.149124,0.0
DMU09,51,1785790413,43.0,5.81734,102.14816,0.0
DMU09,51,1785790488,32.0,5.809047,102.14705,0.0
DMU09,51,1785790533,4.0,5.806595,102.14675,0.0
DMU09,51,1785790593,0.0,5.806427,102.14666,0.0
DMU09,51,1785790653,51.0,5.802752,102.14627,0.0
DMU09,51,1785790713,66.0,5.792818,102.14508,0.0
DMU09,51,1785790773,83.0,5.780553,102.143555,0.0
DMU09,51,1785790833,72.0,5.768882,102.13947,0.0
DMU09,51,1785790878,65.0,5.763578,102.14501,0.0
DMU09,51,1785790938,58.0,5.759852,102.15421,0.0
DMU09,51,1785791013,42.0,5.749438,102.15742,0.0
DMU09,51,1785791073,37.0,5.742832,102.1593,0.0
DMU09,51,1785791133,49.0,5.736092,102.16128,0.0
DMU09,51,1785791193,72.0,5.726398,102.15962,0.0
DMU09,51,1785791253,75.0,5.715193,102.15544,0.0
DMU09,51,1785791313,11.0,5.707137,102.152275,0.0
DMU09,51,1785791373,14.0,5.70448,102.151855,0.0
DMU09,51,1785791433,0.0,5.702945,102.15185,0.0
DMU09,51,1785791493,12.0,5.702295,102.15183,0.0
DMU09,51,1785791553,18.0,5.698828,102.151855,0.0
DMU09,51,1785791613,54.0,5.692487,102.151955,0.0
DMU09,51,1785791673,67.0,5.682655,102.15375,0.0
DMU09,51,1785791748,78.0,5.668557,102.15693,0.0
SCS19,weekday_2103,1785791726,0.0,3.684305,101.51862,0.0
SCS19,weekday_2103,1785791801,80.0,3.678455,101.52493,0.0
DMU09,51,1785791793,71.0,5.659203,102.15682,0.0
DMU09,51,1785791853,68.0,5.647937,102.158615,0.0
SCS19,weekday_2103,1785791861,115.0,3.665748,101.53443,0.0
SCS19,weekday_2103,1785791921,105.0,3.652328,101.54587,0.0
DMU09,51,1785791913,67.0,5.637177,102.16051,0.0
SCS19,weekday_2103,1785791981,99.0,3.641547,101.55691,0.0
DMU09,51,1785791973,66.0,5.627178,102.16406,0.0
EMU22,2900,1785792011,0.0,5.393102,100.3665,0.0
SCS19,weekday_2103,1785792041,112.0,3.627808,101.56627,0.0
SCS04,2901,1785792046,14.0,6.662397,100.319916,0.0
DMU09,51,1785792018,60.0,5.619608,102.16592,0.0
EMU22,2900,1785792086,16.0,5.391095,100.36945,0.0
SCS19,weekday_2103,1785792101,115.0,3.615768,101.57933,0.0
DMU09,51,1785792093,46.0,5.60825,102.16882,0.0
SCS04,2901,1785792091,35.0,6.660697,100.31762,0.0
EMU22,2900,1785792146,24.0,5.388357,100.37227,0.0
SCS19,weekday_2103,1785792161,115.0,3.602345,101.59116,0.0
DMU09,51,1785792168,13.0,5.604695,102.17109,0.0
SCS04,2901,1785792166,40.0,6.655963,100.31069,0.0
DMU09,51,1785792213,14.0,5.603613,102.17295,0.0
SCS04,2901,1785792211,69.0,6.652425,100.305595,0.0
SCS19,weekday_2103,1785792221,98.0,3.594723,101.60456,0.0
EMU22,2900,1785792191,62.0,5.385682,100.377045,0.0
SCS04,2901,1785792271,118.0,6.645195,100.29177,0.0
SCS19,weekday_2103,1785792281,84.0,3.582288,101.61272,0.0
EMU22,2900,1785792281,101.0,5.37515,100.39696,0.0
DMU09,51,1785792258,18.0,5.601673,102.174934,0.0
SCS19,weekday_2103,1785792341,85.0,3.569408,101.61792,0.0
DMU09,51,1785792333,31.0,5.597108,102.17608,0.0
SCS04,2901,1785792331,114.0,6.634265,100.27706,0.0
EMU22,2900,1785792326,97.0,5.37,100.40732,0.0
DMU09,51,1785792408,31.0,5.589998,102.1788,0.0
SCS19,weekday_2103,1785792386,87.0,3.563645,101.62586,0.0
SCS04,2901,1785792376,116.0,6.625162,100.266945,0.0
EMU22,2900,1785792386,49.0,5.365377,100.41923,0.0
EMU22,2900,1785792461,46.0,5.36412,100.42262,0.0
SCS04,2901,1785792466,114.0,6.598168,100.263245,0.0
SCS19,weekday_2103,1785792446,52.0,3.55966,101.63547,0.0
DMU09,51,1785792438,49.0,5.587705,102.1811,0.0
SCS19,weekday_2103,1785792521,0.0,3.552562,101.63952,0.0
EMU22,2900,1785792521,99.0,5.36444,100.435745,0.0
DMU09,51,1785792498,53.0,5.579538,102.18555,0.0
SCS04,2901,1785792511,115.0,6.584498,100.26247,0.0
SCS04,2901,1785792586,117.0,6.561915,100.25937,0.0
EMU22,2900,1785792581,26.0,5.366492,100.44677,0.0
SCS19,weekday_2103,1785792581,51.0,3.550407,101.63978,0.0
DMU09,51,1785792558,51.0,5.570932,102.18604,0.0
EMU22,2900,1785792626,0.0,5.366422,100.44726,0.0
DMU09,51,1785792648,66.0,5.559045,102.19213,0.0
SCS19,weekday_2103,1785792641,90.0,3.538342,101.63512,0.0
SCS04,2901,1785792631,113.0,6.548357,100.25992,0.0
SCS19,weekday_2103,1785792701,93.0,3.52489,101.629524,0.0
EMU22,2900,1785792701,37.0,5.366235,100.4485,0.0
DMU09,51,1785792693,61.0,5.55209,102.19518,0.0
SCS04,2901,1785792691,88.0,6.530972,100.25814,0.0
SCS04,2901,1785792751,0.0,6.524318,100.25702,0.0
SCS19,weekday_2103,1785792746,93.0,3.514248,101.63027,0.0
DMU09,51,1785792753,51.0,5.543125,102.19674,0.0
EMU22,2900,1785792746,55.0,5.365038,100.455826,0.0
SCS19,weekday_2103,1785792806,55.0,3.502183,101.63388,0.0
DMU09,51,1785792813,33.0,5.537272,102.19943,0.0
SCS04,2901,1785792811,69.0,6.520465,100.25638,0.0
EMU22,2900,1785792806,50.0,5.359702,100.46185,0.0
DMU09,51,1785792873,11.0,5.532567,102.201805,0.0
SCS04,2901,1785792871,112.0,6.504493,100.253624,0.0
SCS19,weekday_2103,1785792866,0.0,3.49962,101.634254,0.0
SCS19,weekday_2103,1785792941,91.0,3.490273,101.636086,0.0
DMU09,51,1785792918,7.0,5.531363,102.20237,0.0
EMU22,2900,1785792931,118.0,5.374165,100.46863,0.0
SCS04,2901,1785792931,116.0,6.486357,100.25362,0.0
SCS04,2901,1785792991,116.0,6.468293,100.25586,0.0
EMU22,2900,1785792991,117.0,5.39249,100.47091,0.0
SCS19,weekday_2103,1785793001,92.0,3.47602,101.63905,0.0
DMU09,51,1785792993,0.0,5.530203,102.20302,0.0
SCS19,weekday_2103,1785793046,31.0,3.468923,101.63785,0.0
DMU09,51,1785793038,0.0,5.530298,102.20306,0.0
EMU22,2900,1785793066,115.0,5.415003,100.47616,0.0
SCS04,2901,1785793036,114.0,6.455312,100.26029,0.0
DMU09,51,1785793113,12.0,5.528663,102.20361,0.0
SCS04,2901,1785793111,63.0,6.436512,100.26677,0.0
EMU22,2900,1785793111,119.0,5.42701,100.48327,0.0
SCS19,weekday_2103,1785793121,19.0,3.467377,101.63758,0.0
SCS19,weekday_2103,1785793181,94.0,3.456917,101.63929,0.0
EMU22,2900,1785793186,116.0,5.448215,100.492035,0.0
SCS04,2901,1785793186,0.0,6.43253,100.26816,0.0
DMU09,51,1785793158,14.0,5.526695,102.20458,0.0
DMU09,51,1785793233,58.0,5.519982,102.20784,0.0
EMU32,2903,1785793186,0.0,6.662617,100.319595,0.0
EMU22,2900,1785793216,119.0,5.457087,100.49438,0.0
SCS19,weekday_2103,1785793301,95.0,3.426763,101.62795,0.0
EMU22,2900,1785793291,70.0,5.47737,100.496666,0.0
SCS04,2901,1785793276,108.0,6.421012,100.27211,0.0
EMU32,2903,1785793276,30.0,6.66017,100.31698,0.0
DMU09,51,1785793263,67.0,5.514742,102.20902,0.0
DMU09,51,1785793353,60.0,5.500185,102.21355,0.0
EMU22,2900,1785793366,0.0,5.481975,100.49789,0.0
SCS04,2901,1785793366,116.0,6.396302,100.28377,0.0
EMU32,2903,1785793366,43.0,6.654213,100.30817,0.0
SCS19,weekday_2103,1785793346,85.0,3.417528,101.62539,0.0
EMU32,2903,1785793396,79.0,6.651413,100.30411,0.0
DMU09,51,1785793428,42.0,5.489913,102.216705,0.0
EMU22,2900,1785793426,27.0,5.482478,100.49801,0.0
SCS04,2901,1785793426,115.0,6.381613,100.29473,0.0
SCS19,weekday_2103,1785793421,102.0,3.398728,101.62808,0.0
DMU09,51,1785793458,40.0,5.486412,102.217545,0.0
EMU32,2903,1785793456,94.0,6.64444,100.29077,0.0
SCS19,weekday_2103,1785793481,97.0,3.384805,101.62319,0.0
EMU22,2900,1785793471,82.0,5.489998,100.50004,0.0
SCS04,2901,1785793486,26.0,6.372032,100.30193,0.0
EMU22,2900,1785793486,83.0,5.493237,100.5009,0.0
SCS04,2901,1785793531,0.0,6.371307,100.30246,0.0
SCS19,weekday_2103,1785793526,56.0,3.378465,101.61684,0.0
DMU09,51,1785793518,23.0,5.48194,102.21846,0.0
EMU32,2903,1785793516,93.0,6.63537,100.27856,0.0
SCS19,weekday_2103,1785793571,1.0,3.375653,101.61407,0.0
EMU22,2900,1785793570,116.0,5.513885,100.50645,0.0
DMU09,51,1785793563,34.0,5.478182,102.21949,0.0
SCS04,2901,1785793546,13.0,6.371207,100.30253,0.0
EMU32,2903,1785793546,95.0,6.630802,100.272415,0.0
EMU32,2903,1785793606,93.0,6.618307,100.264915,0.0
SCS19,weekday_2103,1785793661,67.0,3.372795,101.6112,0.0
EMU22,2900,1785793660,114.0,5.540445,100.50248,0.0
DMU09,51,1785793653,0.0,5.47248,102.22215,0.0
SCS04,2901,1785793636,113.0,6.353952,100.31544,0.0
SCS19,weekday_2103,1785793706,102.0,3.367158,101.60241,0.0
EMU22,2900,1785793705,114.0,5.553927,100.499435,0.0
EMU32,2903,1785793696,91.0,6.595775,100.2632,0.0
SCS04,2901,1785793726,116.0,6.331988,100.331825,0.0
DMU09,51,1785793713,26.0,5.471148,102.22273,0.0
EMU32,2903,1785793756,96.0,6.581065,100.26213,0.0
SCS19,weekday_2103,1785793781,93.0,3.362562,101.58339,0.0
EMU22,2900,1785793780,119.0,5.576613,100.49571,0.0
DMU09,51,1785793758,42.0,5.466817,102.22475,0.0
SCS04,2901,1785793756,117.0,6.324628,100.33732,0.0
DMU09,51,1785793833,38.0,5.458253,102.22757,0.0
SCS07,weekday_2008,1785793835,14.0,2.464172,102.22483,0.0
EMU22,2900,1785793840,117.0,5.595065,100.49295,0.0
SCS04,2901,1785793831,116.0,6.304133,100.34661,0.0
EMU32,2903,1785793816,101.0,6.56566,100.25921,0.0
SCS19,weekday_2103,1785793826,90.0,3.361168,101.57314,0.0
EMU32,2903,1785793876,98.0,6.550245,100.25982,0.0
DMU09,51,1785793893,28.0,5.453425,102.22978,0.0
SCS19,weekday_2103,1785793901,85.0,3.344473,101.57241,0.0
SCS04,2901,1785793891,117.0,6.286185,100.35024,0.0
EMU22,2900,1785793885,116.0,5.608757,100.4957,0.0
SCS07,weekday_2008,1785793880,19.0,2.46544,102.222534,0.0
EMU32,2903,1785793906,93.0,6.542645,100.26004,0.0
DMU09,51,1785793938,40.0,5.448718,102.23102,0.0
SCS04,2901,1785793921,116.0,6.277152,100.35208,0.0
EMU22,2900,1785793960,116.0,5.630693,100.49128,0.0
SCS07,weekday_2008,1785793970,85.0,2.470078,102.213486,0.0
SCS19,weekday_2103,1785793961,58.0,3.3328,101.57045,0.0
EMU32,2903,1785793966,77.0,6.528248,100.257675,0.0
SCS07,weekday_2008,1785794030,119.0,2.459778,102.20203,0.0
SCS19,weekday_2103,1785794021,32.0,3.326423,101.57024,0.0
EMU22,2900,1785794020,23.0,5.641962,100.48983,0.0
SCS04,2901,1785794011,116.0,6.250198,100.35758,0.0
DMU09,51,1785793998,32.0,5.442435,102.23104,0.0
DMU09,51,1785794058,38.0,5.43835,102.235115,0.0
EMU32,2903,1785794056,60.0,6.521193,100.25647,0.0
SCS19,weekday_2103,1785794066,39.0,3.32244,101.57319,0.0
EMU22,2900,1785794080,0.0,5.642613,100.48995,0.0
SCS07,weekday_2008,1785794090,114.0,2.453197,102.18778,0.0
SCS04,2901,1785794071,114.0,6.232527,100.3612,0.0
SCS29,weekday_2107,1785794137,0.0,3.685262,101.51764,0.0
SCS07,weekday_2008,1785794135,113.0,2.464822,102.18219,0.0
EMU22,2900,1785794110,0.0,5.642613,100.48995,0.0
SCS04,2901,1785794131,116.0,6.214527,100.364876,0.0
EMU32,2903,1785794122,95.0,6.505368,100.25378,0.0
DMU09,51,1785794088,36.0,5.435475,102.23627,0.0
SCS19,weekday_2103,1785794081,39.0,3.32109,101.574165,0.0
SCS19,weekday_2103,1785794201,22.0,3.317478,101.574844,0.0
EMU22,2900,1785794200,85.0,5.650353,100.491295,0.0
DMU09,51,1785794178,44.0,5.42247,102.2385,0.0
SCS04,2901,1785794176,116.0,6.201057,100.36763,0.0
SCS07,weekday_2008,1785794150,113.0,2.469273,102.18162,0.0
EMU32,2903,1785794152,96.0,6.49793,100.25342,0.0
SCS29,weekday_2107,1785794197,56.0,3.68314,101.52,0.0
EMU32,2903,1785794272,95.0,6.468097,100.25588,0.0
SCS29,weekday_2107,1785794272,115.0,3.668288,101.5327,0.0
SCS07,weekday_2008,1785794270,119.0,2.504575,102.1736,0.0
SCS19,weekday_2103,1785794261,58.0,3.310778,101.57496,0.0
SCS04,2901,1785794251,33.0,6.184935,100.3738,0.0
EMU22,2900,1785794245,119.0,5.662527,100.49337,0.0
DMU09,51,1785794238,16.0,5.41807,102.23935,0.0
SCS19,weekday_2103,1785794321,80.0,3.299232,101.574814,0.0
SCS29,weekday_2107,1785794317,110.0,3.657285,101.540504,0.0
SCS07,weekday_2008,1785794315,115.0,2.517433,102.16841,0.0
DMU09,51,1785794313,39.0,5.413817,102.2367,0.0
SCS04,2901,1785794311,0.0,6.183792,100.37457,0.0
EMU32,2903,1785794302,98.0,6.460943,100.25837,0.0
SCS29,weekday_2107,1785794377,116.0,3.64548,101.55372,0.0
SCS07,weekday_2008,1785794375,114.0,2.531983,102.15872,0.0
SCS04,2901,1785794371,82.0,6.178035,100.37773,0.0
DMU09,51,1785794358,28.0,5.410218,102.23264,0.0
EMU32,2903,1785794332,95.0,6.45373,100.26085,0.0
SCS19,weekday_2103,1785794381,69.0,3.28793,101.57064,0.0
SCS07,weekday_2008,1785794435,114.0,2.543248,102.14459,0.0
SCS04,2901,1785794431,117.0,6.16169,100.379326,0.0
DMU09,51,1785794418,14.0,5.407257,102.23104,0.0
EMU32,2903,1785794452,6.0,6.431552,100.26845,0.0
SCS29,weekday_2107,1785794452,113.0,3.627268,101.566765,0.0
SCS19,weekday_2103,1785794441,70.0,3.279043,101.56455,0.0
EMU22,2900,1785794441,116.0,5.716445,100.513756,0.0
EMU22,2900,1785794486,118.0,5.72966,100.51123,0.0
EMU32,2903,1785794512,28.0,6.43074,100.26875,0.0
SCS29,weekday_2107,1785794512,114.0,3.615237,101.57994,0.0
SCS07,weekday_2008,1785794510,113.0,2.55781,102.12756,0.0
DMU09,51,1785794493,52.0,5.400222,102.23177,0.0
SCS04,2901,1785794491,116.0,6.143268,100.3806,0.0
SCS19,weekday_2103,1785794486,61.0,3.272165,101.56083,0.0
EMU22,2900,1785794561,115.0,5.75144,100.502815,0.0
DMU09,51,1785794538,31.0,5.394832,102.23205,0.0
EMU32,2903,1785794542,82.0,6.426175,100.2703,0.0
SCS29,weekday_2107,1785794557,113.0,3.605492,101.58913,0.0
SCS07,weekday_2008,1785794555,114.0,2.564925,102.11598,0.0
SCS04,2901,1785794536,117.0,6.130147,100.37744,0.0
SCS19,weekday_2103,1785794561,22.0,3.262848,101.55704,0.0
EMU32,2903,1785794602,96.0,6.411822,100.27525,0.0
SCS04,2901,1785794596,60.0,6.116715,100.37136,0.0
SCS29,weekday_2107,1785794617,97.0,3.597555,101.60248,0.0
SCS07,weekday_2008,1785794615,117.0,2.577692,102.103806,0.0
DMU09,51,1785794598,0.0,5.391782,102.23197,0.0
EMU22,2900,1785794621,117.0,5.767977,100.49491,0.0
SCS19,weekday_2103,1785794621,20.0,3.260477,101.555664,0.0
EMU32,2903,1785794662,98.0,6.39842,100.282166,0.0
EMU22,2900,1785794651,120.0,5.77669,100.49155,0.0
DMU09,51,1785794688,12.0,5.391337,102.232025,0.0
SCS29,weekday_2107,1785794677,100.0,3.583648,101.612175,0.0
SCS07,weekday_2008,1785794675,53.0,2.59078,102.09601,0.0
SCS04,2901,1785794671,0.0,6.113597,100.369934,0.0
SCS19,weekday_2103,1785794681,0.0,3.257602,101.55473,0.0
SCS07,weekday_2008,1785794735,0.0,2.593537,102.09435,0.0
EMU22,2900,1785794741,115.0,5.802102,100.48135,0.0
SCS19,weekday_2103,1785794741,28.0,3.256255,101.554596,0.0
DMU09,51,1785794748,25.0,5.386952,102.23202,0.0
SCS04,2901,1785794746,101.0,6.102498,100.3672,0.0
EMU32,2903,1785794752,88.0,6.380342,100.29565,0.0
SCS29,weekday_2107,1785794752,101.0,3.567615,101.620056,0.0
SCS29,weekday_2107,1785794797,88.0,3.561727,101.63048,0.0
SCS07,weekday_2008,1785794795,0.0,2.593537,102.09435,0.0
DMU09,51,1785794778,34.0,5.384663,102.23264,0.0
EMU22,2900,1785794801,80.0,5.819162,100.47841,0.0
SCS19,weekday_2103,1785794786,19.0,3.252913,101.55499,0.0
EMU32,2903,1785794782,65.0,6.375182,100.2995,0.0
SCS04,2901,1785794791,118.0,6.091013,100.37372,0.0
SCS04,2901,1785794851,116.0,6.074877,100.38256,0.0
EMU22,2900,1785794846,0.0,5.824283,100.478,0.0
DMU09,51,1785794838,25.0,5.378758,102.23407,0.0
SCS29,weekday_2107,1785794872,14.0,3.554282,101.63937,0.0
EMU32,2903,1785794872,41.0,6.369652,100.303635,0.0
SCS07,weekday_2008,1785794870,67.0,2.597197,102.09215,0.0
SCS19,weekday_2103,1785794861,58.0,3.24611,101.55915,0.0
SCS07,weekday_2008,1785794930,109.0,2.611148,102.08378,0.0
SCS19,weekday_2103,1785794921,87.0,3.234623,101.55961,0.0
SCS29,weekday_2107,1785794917,0.0,3.553843,101.639435,0.0
SCS04,2901,1785794911,116.0,6.058997,100.39154,0.0
EMU22,2900,1785794906,16.0,5.824555,100.47797,0.0
DMU09,51,1785794898,38.0,5.3746,102.231834,0.0
EMU32,2903,1785794902,90.0,6.365078,100.30707,0.0
EMU32,2903,1785794977,97.0,6.349808,100.31847,0.0
SCS19,weekday_2103,1785794981,89.0,3.22163,101.56453,0.0
EMU22,2900,1785794951,92.0,5.831945,100.47735,0.0
DMU09,51,1785794958,46.0,5.369082,102.227,0.0
SCS29,weekday_2107,1785794992,100.0,3.544187,101.636925,0.0
SCS07,weekday_2008,1785794990,114.0,2.62535,102.07299,0.0
SCS04,2901,1785794971,113.0,6.043183,100.400505,0.0
EMU32,2903,1785795037,96.0,6.337445,100.32772,0.0
DMU09,51,1785795018,40.0,5.36236,102.22531,0.0
SCS04,2901,1785795016,116.0,6.03155,100.40704,0.0
SCS29,weekday_2107,1785795052,101.0,3.52968,101.63093,0.0
SCS07,weekday_2008,1785795050,116.0,2.634495,102.05756,0.0
SCS19,weekday_2103,1785795041,57.0,3.212022,101.57262,0.0
SCS07,weekday_2008,1785795095,113.0,2.636287,102.04435,0.0
SCS04,2901,1785795076,117.0,6.015685,100.41597,0.0
SCS19,weekday_2103,1785795101,26.0,3.207322,101.576836,0.0
DMU09,51,1785795093,63.0,5.351632,102.22354,0.0
EMU22,2900,1785795092,119.0,5.873583,100.47689,0.0
SCS29,weekday_2107,1785795112,98.0,3.514517,101.630135,0.0
EMU32,2903,1785795097,97.0,6.325055,100.33697,0.0
EMU32,2903,1785795157,98.0,6.311983,100.344925,0.0
SCS07,weekday_2008,1785795155,116.0,2.647065,102.03043,0.0
EMU22,2900,1785795152,118.0,5.892062,100.476685,0.0
SCS04,2901,1785795151,116.0,5.995717,100.42725,0.0
DMU09,51,1785795138,49.0,5.345082,102.222176,0.0
SCS29,weekday_2107,1785795172,50.0,3.503513,101.633736,0.0
SCS19,weekday_2103,1785795161,0.0,3.205997,101.58083,0.0
DMU09,51,1785795228,43.0,5.335563,102.21653,0.0
SCS04,2901,1785795226,76.0,5.977038,100.4378,0.0
SCS29,weekday_2107,1785795217,0.0,3.500875,101.63413,0.0
EMU32,2903,1785795217,96.0,6.296808,100.34803,0.0
SCS07,weekday_2008,1785795215,81.0,2.65511,102.01791,0.0
EMU22,2900,1785795212,116.0,5.909508,100.47015,0.0
SCS19,weekday_2103,1785795221,12.0,3.205907,101.58111,0.0
SCS29,weekday_2107,1785795277,75.0,3.497235,101.63473,0.0
EMU32,2903,1785795277,95.0,6.281827,100.35109,0.0
SCS07,weekday_2008,1785795275,73.0,2.656195,102.00516,0.0
EMU22,2900,1785795272,115.0,5.926772,100.46351,0.0
SCS04,2901,1785795271,0.0,5.972628,100.44032,0.0
DMU09,51,1785795258,44.0,5.335292,102.21275,0.0
SCS19,weekday_2103,1785795281,27.0,3.203698,101.58524,0.0
SCS29,weekday_2107,1785795352,97.0,3.477447,101.63935,0.0
SCS19,weekday_2103,1785795341,81.0,3.20078,101.593544,0.0
EMU22,2900,1785795302,111.0,5.93504,100.460335,0.0
SCS04,2901,1785795301,0.0,5.972623,100.44033,0.0
DMU09,51,1785795288,39.0,5.335013,102.20947,0.0
EMU32,2903,1785795337,97.0,6.26678,100.35417,0.0
SCS07,weekday_2008,1785795335,33.0,2.658357,101.99907,0.0
SCS29,weekday_2107,1785795397,28.0,3.469848,101.63803,0.0
EMU32,2903,1785795397,97.0,6.251473,100.357285,0.0
SCS04,2901,1785795391,119.0,5.957745,100.448715,0.0
SCS19,weekday_2103,1785795401,80.0,3.199573,101.60548,0.0
DMU09,51,1785795393,0.0,5.330148,102.203255,0.0
SCS07,weekday_2008,1785795410,0.0,2.661027,101.99563,0.0
EMU22,2900,1785795392,117.0,5.959635,100.44759,0.0
SCS29,weekday_2107,1785795457,10.0,3.468838,101.63782,0.0
EMU32,2903,1785795440,0.0,6.240607,100.3595,0.0
SCS07,weekday_2008,1785795470,0.0,2.661027,101.99563,0.0
DMU09,51,1785795468,3.0,5.329717,102.20274,0.0
SCS04,2901,1785795466,116.0,5.937392,100.45951,0.0
SCS19,weekday_2103,1785795446,83.0,3.203792,101.61367,0.0
EMU22,2900,1785795437,61.0,5.969037,100.44228,0.0
SCS29,weekday_2107,1785795517,113.0,3.457022,101.6393,0.0
SCS07,weekday_2008,1785795515,0.0,2.661027,101.99563,0.0
EMU32,2903,1785795509,95.0,6.223387,100.36304,0.0
SCS04,2901,1785795511,116.0,5.924542,100.46445,0.0
SCS19,weekday_2103,1785795506,49.0,3.208462,101.623184,0.0
DMU09,51,1785795498,16.0,5.328973,102.201866,0.0
EMU22,2900,1785795497,0.0,5.971818,100.4407,0.0
SCS07,weekday_2008,1785795575,0.0,2.661027,101.99563,0.0
SCS29,weekday_2107,1785795562,114.0,3.44355,101.638275,0.0
EMU32,2903,1785795569,98.0,6.208107,100.366165,0.0
EMU22,2900,1785795542,70.0,5.97516,100.43883,0.0
SCS19,weekday_2103,1785795566,3.0,3.20851,101.62896,0.0
SCS04,2901,1785795541,116.0,5.915977,100.46776,0.0
DMU09,51,1785795528,33.0,5.327467,102.20009,0.0
DMU09,51,1785795633,8.0,5.327095,102.19315,0.0
EMU22,2900,1785795602,119.0,5.988855,100.43108,0.0
SCS24,2907,1785795638,5.0,6.662837,100.32029,0.0
SCS29,weekday_2107,1785795637,98.0,3.425543,101.62697,0.0
SCS07,weekday_2008,1785795635,21.0,2.661572,101.995125,0.0
SCS04,2901,1785795631,116.0,5.890072,100.47696,0.0
SCS19,weekday_2103,1785795641,46.0,3.207593,101.63217,0.0
EMU32,2903,1785795629,91.0,6.193533,100.369156,0.0
SCS29,weekday_2107,1785795697,117.0,3.409995,101.627655,0.0
SCS07,weekday_2008,1785795695,84.0,2.66955,101.99,0.0
SCS04,2901,1785795691,116.0,5.871738,100.47697,0.0
DMU09,51,1785795633,8.0,5.327095,102.19315,0.0
SCS19,weekday_2103,1785795701,33.0,3.203697,101.63636,0.0
EMU22,2900,1785795677,118.0,6.00912,100.41963,0.0
EMU32,2903,1785795689,30.0,6.183667,100.374596,0.0
SCS24,2907,1785795675,27.0,6.661665,100.31869,0.0
SCS24,2907,1785795759,47.0,6.655813,100.31053,0.0
SCS04,2901,1785795736,116.0,5.858022,100.47696,0.0
SCS19,weekday_2103,1785795716,19.0,3.202785,101.63719,0.0
EMU22,2900,1785795707,118.0,6.017152,100.41508,0.0
SCS29,weekday_2107,1785795757,115.0,3.391593,101.62766,0.0
SCS07,weekday_2008,1785795755,81.0,2.677297,101.97955,0.0
EMU32,2903,1785795749,40.0,6.182102,100.37565,0.0
SCS24,2907,1785795817,72.0,6.650962,100.303505,0.0
SCS19,weekday_2103,1785795806,28.0,3.2005,101.639435,0.0
SCS04,2901,1785795796,114.0,5.839642,100.4769,0.0
SCS29,weekday_2107,1785795787,94.0,3.384502,101.62294,0.0
EMU22,2900,1785795767,117.0,6.033325,100.40595,0.0
SCS07,weekday_2008,1785795785,83.0,2.681965,101.97531,0.0
EMU32,2903,1785795869,97.0,6.154127,100.379814,0.0
SCS29,weekday_2107,1785795862,16.0,3.376712,101.61512,0.0
SCS07,weekday_2008,1785795860,0.0,2.691225,101.97154,0.0
SCS19,weekday_2103,1785795881,62.0,3.195365,101.64753,0.0
SCS24,2907,1785795853,96.0,6.648045,100.29583,0.0
SCS04,2901,1785795871,9.0,5.825073,100.477974,0.0
SCS07,weekday_2008,1785795935,54.0,2.693312,101.9707,0.0
SCS04,2901,1785795916,9.0,5.824828,100.478004,0.0
SCS23,weekday_2111,1785795916,0.0,3.684907,101.51793,0.0
SCS29,weekday_2107,1785795937,0.0,3.376523,101.61492,0.0
EMU22,2900,1785795951,117.0,6.083937,100.37764,0.0
SCS19,weekday_2103,1785795941,25.0,3.192097,101.6549,0.0
EMU32,2903,1785795929,97.0,6.13873,100.380585,0.0
SCS38,2904,1785795928,0.0,5.39238,100.36755,0.0
SCS26,weekday_2012,1785795923,0.0,2.463168,102.226746,0.0
SCS24,2907,1785795915,111.0,6.638097,100.28225,0.0
EMU32,2903,1785795989,94.0,6.12464,100.37495,0.0
SCS29,weekday_2107,1785796012,25.0,3.375843,101.614136,0.0
EMU22,2900,1785796011,105.0,6.099775,100.368614,0.0
SCS24,2907,1785796011,112.0,6.617457,100.26484,0.0
SCS07,weekday_2008,1785796010,84.0,2.70222,101.95752,0.0
SCS38,2904,1785796003,10.0,5.391353,100.369095,0.0
SCS19,weekday_2103,1785796001,0.0,3.191753,101.65576,0.0
SCS04,2901,1785795991,111.0,5.809868,100.47953,0.0
SCS23,weekday_2111,1785795991,18.0,3.682688,101.520424,0.0
SCS26,weekday_2012,1785795983,26.0,2.464587,102.224174,0.0
SCS23,weekday_2111,1785796021,40.0,3.681057,101.522255,0.0
SCS38,2904,1785796033,15.0,5.390562,100.370094,0.0
SCS19,weekday_2103,1785796031,49.0,3.191015,101.65753,0.0
SCS04,2901,1785796051,117.0,5.792133,100.484406,0.0
SCS24,2907,1785796073,112.0,6.598918,100.26325,0.0
SCS07,weekday_2008,1785796070,37.0,2.71056,101.95126,0.0
EMU22,2900,1785796026,101.0,6.103422,100.366745,0.0
EMU32,2903,1785796049,39.0,6.114072,100.37013,0.0
SCS26,weekday_2012,1785796028,31.0,2.466632,102.22062,0.0
SCS29,weekday_2107,1785796027,39.0,3.374657,101.61304,0.0
SCS07,weekday_2008,1785796130,33.0,2.714652,101.9467,0.0
SCS29,weekday_2107,1785796117,70.0,3.366853,101.601494,0.0
EMU22,2900,1785796116,0.0,6.112645,100.36944,0.0
SCS23,weekday_2111,1785796111,95.0,3.669362,101.53196,0.0
SCS04,2901,1785796111,119.0,5.775288,100.49215,0.0
EMU32,2903,1785796109,14.0,6.112553,100.36935,0.0
SCS24,2907,1785796105,107.0,6.58956,100.26293,0.0
SCS38,2904,1785796093,20.0,5.387715,100.372894,0.0
SCS19,weekday_2103,1785796106,5.0,3.18619,101.66454,0.0
SCS26,weekday_2012,1785796088,70.0,2.469715,102.214714,0.0
SCS26,weekday_2012,1785796163,108.0,2.459182,102.2018,0.0
SCS23,weekday_2111,1785796156,108.0,3.659207,101.539024,0.0
EMU32,2903,1785796169,98.0,6.1017,100.36757,0.0
SCS38,2904,1785796183,100.0,5.38182,100.384285,0.0
SCS19,weekday_2103,1785796181,54.0,3.184155,101.667,0.0
SCS24,2907,1785796180,118.0,6.567358,100.25915,0.0
SCS07,weekday_2008,1785796160,35.0,2.716273,101.944305,0.0
SCS29,weekday_2107,1785796177,97.0,3.363228,101.58773,0.0
SCS25,weekday_2003,1785796160,0.0,3.23708,101.68117,0.0
SCS04,2901,1785796171,120.0,5.75817,100.499664,0.0
EMU22,2900,1785796146,3.0,6.112702,100.36947,0.0
SCS04,2901,1785796231,115.0,5.741048,100.50689,0.0
SCS26,weekday_2012,1785796223,105.0,2.452705,102.188705,0.0
SCS29,weekday_2107,1785796222,100.0,3.362945,101.575966,0.0
EMU22,2900,1785796221,112.0,6.126487,100.375755,0.0
SCS07,weekday_2008,1785796220,2.0,2.719285,101.93993,0.0
SCS38,2904,1785796228,94.0,5.376438,100.394394,0.0
SCS24,2907,1785796226,113.0,6.553687,100.25969,0.0
EMU32,2903,1785796229,97.0,6.088383,100.37513,0.0
SCS25,weekday_2003,1785796250,27.0,3.235738,101.68096,0.0
SCS19,weekday_2103,1785796241,60.0,3.180758,101.67511,0.0
SCS23,weekday_2111,1785796231,114.0,3.644303,101.5547,0.0
SCS24,2907,1785796271,109.0,6.54048,100.25981,0.0
SCS07,weekday_2008,1785796310,0.0,2.719343,101.939835,0.0
SCS38,2904,1785796303,82.0,5.368745,100.410515,0.0
SCS19,weekday_2103,1785796301,65.0,3.173738,101.68327,0.0
SCS25,weekday_2003,1785796280,48.0,3.233472,101.67839,0.0
SCS29,weekday_2107,1785796282,111.0,3.348508,101.5722,0.0
SCS26,weekday_2012,1785796298,104.0,2.470857,102.18142,0.0
EMU22,2900,1785796296,119.0,6.148997,100.38013,0.0
SCS23,weekday_2111,1785796291,114.0,3.629552,101.564896,0.0
SCS04,2901,1785796291,118.0,5.723932,100.51349,0.0
EMU32,2903,1785796289,98.0,6.074872,100.382515,0.0
DMU09,51,1785796278,42.0,5.306183,102.152084,0.0
EMU22,2900,1785796356,116.0,6.16753,100.37885,0.0
SCS07,weekday_2008,1785796355,11.0,2.719855,101.93863,0.0
SCS04,2901,1785796351,117.0,5.706063,100.511246,0.0
SCS38,2904,1785796348,53.0,5.365675,100.41844,0.0
SCS25,weekday_2003,1785796355,90.0,3.221122,101.67254,0.0
SCS19,weekday_2103,1785796361,43.0,3.167287,101.68862,0.0
DMU09,51,1785796353,44.0,5.309303,102.14453,0.0
EMU32,2903,1785796349,96.0,6.061442,100.39011,0.0
SCS26,weekday_2012,1785796343,105.0,2.48314,102.179756,0.0
SCS29,weekday_2107,1785796342,63.0,3.335787,101.57232,0.0
SCS24,2907,1785796336,43.0,6.525763,100.25727,0.0
SCS23,weekday_2111,1785796336,113.0,3.619608,101.57391,0.0
SCS19,weekday_2103,1785796376,35.0,3.166295,101.69004,0.0
SCS38,2904,1785796378,21.0,5.364557,100.4213,0.0
SCS26,weekday_2012,1785796403,110.0,2.49938,102.17567,0.0
SCS29,weekday_2107,1785796402,34.0,3.328485,101.569115,0.0
EMU32,2903,1785796409,94.0,6.048033,100.39769,0.0
EMU22,2900,1785796416,49.0,6.181555,100.37595,0.0
SCS23,weekday_2111,1785796411,99.0,3.605738,101.58901,0.0
SCS04,2901,1785796411,115.0,5.689492,100.50397,0.0
SCS25,weekday_2003,1785796430,0.0,3.213823,101.672165,0.0
SCS07,weekday_2008,1785796430,24.0,2.721077,101.93497,0.0
SCS24,2907,1785796405,28.0,6.523692,100.25692,0.0
DMU09,51,1785796353,44.0,5.309303,102.14453,0.0
SCS23,weekday_2111,1785796456,98.0,3.59939,101.59822,0.0
SCS04,2901,1785796456,118.0,5.677977,100.49639,0.0
SCS25,weekday_2003,1785796475,10.0,3.213522,101.67216,0.0
SCS07,weekday_2008,1785796475,50.0,2.722483,101.92961,0.0
EMU32,2903,1785796472,95.0,6.034305,100.40545,0.0
SCS38,2904,1785796438,5.0,5.364307,100.42197,0.0
EMU22,2900,1785796476,12.0,6.183003,100.37497,0.0
SCS29,weekday_2107,1785796447,43.0,3.323718,101.57223,0.0
SCS26,weekday_2012,1785796463,107.0,2.515447,102.16918,0.0
SCS24,2907,1785796482,111.0,6.506303,100.25396,0.0
SCS19,weekday_2103,1785796481,3.0,3.165032,101.691284,0.0
EMU22,2900,1785796536,103.0,6.192487,100.36941,0.0
SCS23,weekday_2111,1785796531,103.0,3.584532,101.61169,0.0
SCS26,weekday_2012,1785796523,104.0,2.529783,102.16145,0.0
SCS25,weekday_2003,1785796520,46.0,3.209368,101.67236,0.0
SCS04,2901,1785796486,115.0,5.669032,100.49453,0.0
SCS29,weekday_2107,1785796522,0.0,3.32006,101.57471,0.0
SCS07,weekday_2008,1785796520,51.0,2.723887,101.923584,0.0
SCS38,2904,1785796513,93.0,5.364472,100.43582,0.0
SCS19,weekday_2103,1785796511,34.0,3.163498,101.691986,0.0
EMU32,2903,1785796532,96.0,6.021282,100.4128,0.0
SCS29,weekday_2107,1785796582,48.0,3.317738,101.57484,0.0
SCS23,weekday_2111,1785796576,90.0,3.573543,101.61434,0.0
DMU09,51,1785796593,0.0,5.317865,102.13359,0.0
SCS38,2904,1785796558,54.0,5.36677,100.4448,0.0
EMU32,2903,1785796592,97.0,6.007863,100.420395,0.0
EMU22,2900,1785796611,115.0,6.214795,100.36475,0.0
SCS24,2907,1785796611,111.0,6.468415,100.2558,0.0
SCS07,weekday_2008,1785796610,69.0,2.725477,101.912865,0.0
SCS26,weekday_2012,1785796583,104.0,2.540125,102.14848,0.0
SCS19,weekday_2103,1785796556,51.0,3.15772,101.693535,0.0
SCS25,weekday_2003,1785796595,4.0,3.204295,101.67609,0.0
EMU32,2903,1785796622,95.0,6.001312,100.42408,0.0
SCS26,weekday_2012,1785796628,104.0,2.54784,102.13885,0.0
EMU22,2900,1785796626,118.0,6.219315,100.36381,0.0
SCS07,weekday_2008,1785796625,84.0,2.725312,101.909744,0.0
SCS23,weekday_2111,1785796651,64.0,3.562518,101.62868,0.0
SCS38,2904,1785796633,0.0,5.36621,100.448524,0.0
SCS29,weekday_2107,1785796627,98.0,3.308922,101.574974,0.0
SCS04,2901,1785796621,0.0,5.643612,100.49021,0.0
DMU09,51,1785796668,61.0,5.322272,102.12665,0.0
SCS24,2907,1785796649,106.0,6.457817,100.259445,0.0
SCS19,weekday_2103,1785796616,0.0,3.153837,101.69248,0.0
SCS25,weekday_2003,1785796655,0.0,3.20428,101.6761,0.0
SCS19,weekday_2103,1785796721,38.0,3.149637,101.6906,0.0
SCS26,weekday_2012,1785796688,104.0,2.558493,102.126366,0.0
EMU22,2900,1785796686,120.0,6.237495,100.360115,0.0
EMU32,2903,1785796712,87.0,5.981665,100.435196,0.0
SCS23,weekday_2111,1785796681,39.0,3.560992,101.63238,0.0
SCS38,2904,1785796723,45.0,5.364675,100.45677,0.0
SCS29,weekday_2107,1785796717,83.0,3.288503,101.571144,0.0
SCS25,weekday_2003,1785796715,41.0,3.202763,101.6774,0.0
SCS07,weekday_2008,1785796700,86.0,2.73396,101.8966,0.0
SCS24,2907,1785796698,107.0,6.444867,100.26391,0.0
SCS04,2901,1785796696,19.0,5.64294,100.49006,0.0
DMU09,51,1785796713,36.0,5.327338,102.122856,0.0
EMU32,2903,1785796772,25.0,5.972303,100.44049,0.0
SCS29,weekday_2107,1785796792,76.0,3.275632,101.562,0.0
SCS24,2907,1785796790,0.0,6.432522,100.26814,0.0
SCS07,weekday_2008,1785796790,87.0,2.73853,101.88233,0.0
SCS04,2901,1785796786,118.0,5.623902,100.494194,0.0
SCS19,weekday_2103,1785796766,26.0,3.14547,101.692024,0.0
SCS25,weekday_2003,1785796760,28.0,3.198775,101.68077,0.0
SCS23,weekday_2111,1785796756,22.0,3.554272,101.63939,0.0
DMU09,51,1785796758,0.0,5.329417,102.12179,0.0
SCS38,2904,1785796783,48.0,5.359553,100.461914,0.0
SCS32,weekday_2112,1785796834,0.0,2.999277,101.39148,0.0
DMU09,51,1785796803,4.0,5.329397,102.121796,0.0
EMU32,2903,1785796802,0.0,5.971792,100.440796,0.0
SCS24,2907,1785796826,22.0,6.431997,100.26832,0.0
SCS04,2901,1785796816,116.0,5.61521,100.496956,0.0
SCS26,weekday_2012,1785796853,57.0,2.589297,102.09681,0.0
SCS38,2904,1785796843,46.0,5.359412,100.466835,0.0
SCS19,weekday_2103,1785796841,18.0,3.141087,101.69418,0.0
EMU22,2900,1785796841,119.0,6.283797,100.35074,0.0
SCS23,weekday_2111,1785796831,63.0,3.550475,101.63982,0.0
SCS10,weekday_2014,1785796831,0.0,2.463997,102.225655,0.0
SCS07,weekday_2008,1785796820,75.0,2.74028,101.87574,0.0
SCS29,weekday_2107,1785796822,61.0,3.270703,101.55999,0.0
SCS25,weekday_2003,1785796835,12.0,3.19749,101.68187,0.0
SCS23,weekday_2111,1785796876,96.0,3.540863,101.6358,0.0
SCS26,weekday_2012,1785796913,0.0,2.59243,102.09492,0.0
SCS29,weekday_2107,1785796912,1.0,3.262465,101.5568,0.0
SCS07,weekday_2008,1785796910,15.0,2.741612,101.87102,0.0
SCS32,weekday_2112,1785796894,6.0,3.000103,101.39099,0.0
DMU09,51,1785796893,75.0,5.340288,102.117966,0.0
SCS38,2904,1785796903,115.0,5.372298,100.468414,0.0
SCS04,2901,1785796891,117.0,5.592875,100.49315,0.0
SCS24,2907,1785796901,116.0,6.417125,100.27345,0.0
SCS25,weekday_2003,1785796880,29.0,3.19475,101.684235,0.0
SCS10,weekday_2014,1785796876,8.0,2.464113,102.22544,0.0
SCS19,weekday_2103,1785796871,9.0,3.139618,101.6937,0.0
EMU22,2900,1785796856,114.0,6.288302,100.3498,0.0
EMU32,2903,1785796892,96.0,5.958282,100.44842,0.0
SCS07,weekday_2008,1785796970,100.0,2.744503,101.860664,0.0
SCS38,2904,1785796963,114.0,5.390358,100.470695,0.0
SCS19,weekday_2103,1785796946,15.0,3.138508,101.69335,0.0
EMU32,2903,1785796952,98.0,5.944968,100.45595,0.0
DMU09,51,1785796953,77.0,5.351677,102.11597,0.0
EMU22,2900,1785796946,118.0,6.315078,100.34396,0.0
SCS24,2907,1785796943,114.0,6.405075,100.27767,0.0
SCS29,weekday_2107,1785796942,28.0,3.260985,101.5559,0.0
SCS25,weekday_2003,1785796970,36.0,3.187117,101.689835,0.0
SCS32,weekday_2112,1785796969,10.0,3.002445,101.3912,0.0
SCS23,weekday_2111,1785796966,97.0,3.519177,101.62878,0.0
SCS04,2901,1785796936,119.0,5.579223,100.49534,0.0
SCS10,weekday_2014,1785796936,17.0,2.465542,102.2228,0.0
SCS26,weekday_2012,1785796973,34.0,2.593525,102.09426,0.0
SCS29,weekday_2107,1785797017,0.0,3.258812,101.55506,0.0
SCS25,weekday_2003,1785797000,32.0,3.184367,101.689445,0.0
SCS07,weekday_2008,1785797000,100.0,2.746645,101.85309,0.0
SCS19,weekday_2103,1785797021,24.0,3.13635,101.68976,0.0
EMU22,2900,1785797021,116.0,6.333877,100.33038,0.0
SCS32,weekday_2112,1785797014,14.0,3.003958,101.39262,0.0
EMU32,2903,1785797012,99.0,5.930752,100.46201,0.0
SCS24,2907,1785797012,112.0,6.388032,100.289955,0.0
DMU09,51,1785796953,77.0,5.351677,102.11597,0.0
SCS10,weekday_2014,1785797011,29.0,2.46788,102.21838,0.0
SCS23,weekday_2111,1785797011,85.0,3.508937,101.63292,0.0
SCS04,2901,1785797011,116.0,5.556548,100.49906,0.0
SCS26,weekday_2012,1785797003,70.0,2.597582,102.091866,0.0
SCS38,2904,1785796978,115.0,5.394853,100.47124,0.0
EMU32,2903,1785797072,94.0,5.916373,100.46755,0.0
SCS04,2901,1785797086,116.0,5.53422,100.5043,0.0
SCS29,weekday_2107,1785797077,33.0,3.254582,101.55464,0.0
SCS23,weekday_2111,1785797086,0.0,3.500918,101.634125,0.0
SCS38,2904,1785797068,116.0,5.420458,100.479004,0.0
SCS10,weekday_2014,1785797056,94.0,2.470135,102.21136,0.0
SCS07,weekday_2008,1785797075,50.0,2.751632,101.8353,0.0
EMU22,2900,1785797051,112.0,6.34105,100.32501,0.0
SCS32,weekday_2112,1785797059,12.0,3.005392,101.394135,0.0
DMU09,51,1785797058,55.0,5.36104,102.098305,0.0
SCS25,weekday_2003,1785797060,0.0,3.181515,101.68844,0.0
SCS24,2907,1785797057,91.0,6.37845,100.29711,0.0
SCS19,weekday_2103,1785797081,0.0,3.13567,101.688644,0.0
SCS26,weekday_2012,1785797063,96.0,2.609748,102.084595,0.0
SCS04,2901,1785797116,116.0,5.525402,100.50678,0.0
SCS07,weekday_2008,1785797135,18.0,2.752775,101.83131,0.0
EMU32,2903,1785797132,95.0,5.902075,100.47307,0.0
SCS23,weekday_2111,1785797131,60.0,3.498387,101.63449,0.0
SCS19,weekday_2103,1785797126,0.0,3.13567,101.688644,0.0
SCS29,weekday_2107,1785797122,76.0,3.24943,101.55673,0.0
SCS25,weekday_2003,1785797120,22.0,3.180247,101.68796,0.0
SCS32,weekday_2112,1785797119,44.0,3.008952,101.39795,0.0
EMU22,2900,1785797081,120.0,6.348407,100.319534,0.0
DMU09,51,1785797118,26.0,5.362658,102.09294,0.0
SCS26,weekday_2012,1785797153,107.0,2.627923,102.06844,0.0
SCS24,2907,1785797151,4.0,6.371225,100.30251,0.0
SCS38,2904,1785797143,114.0,5.440152,100.48993,0.0
SCS10,weekday_2014,1785797116,118.0,2.457228,102.20098,0.0
SCS26,weekday_2012,1785797198,106.0,2.634327,102.0579,0.0
EMU32,2903,1785797192,98.0,5.887192,100.47697,0.0
SCS10,weekday_2014,1785797176,115.0,2.454725,102.18568,0.0
SCS24,2907,1785797213,93.0,6.363242,100.30845,0.0
SCS29,weekday_2107,1785797212,111.0,3.227718,101.56069,0.0
EMU22,2900,1785797210,0.0,6.370655,100.30296,0.0
SCS25,weekday_2003,1785797180,28.0,3.175963,101.68564,0.0
SCS32,weekday_2112,1785797179,12.0,3.01288,101.4021,0.0
SCS23,weekday_2111,1785797176,108.0,3.48832,101.63714,0.0
SCS04,2901,1785797176,116.0,5.507507,100.50481,0.0
SCS07,weekday_2008,1785797195,15.0,2.753945,101.82717,0.0
SCS19,weekday_2103,1785797186,0.0,3.13567,101.688644,0.0
SCS38,2904,1785797158,116.0,5.444522,100.4911,0.0
SCS38,2904,1785797233,113.0,5.466368,100.49656,0.0
SCS19,weekday_2103,1785797201,0.0,3.13567,101.688644,0.0
DMU09,51,1785797238,18.0,5.36798,102.08749,0.0
SCS04,2901,1785797236,105.0,5.490078,100.50015,0.0
SCS10,weekday_2014,1785797236,114.0,2.471905,102.181274,0.0
SCS24,2907,1785797232,98.0,6.35957,100.311195,0.0
SCS23,weekday_2111,1785797236,68.0,3.473143,101.6386,0.0
EMU22,2900,1785797270,58.0,6.37244,100.30159,0.0
SCS26,weekday_2012,1785797243,104.0,2.636167,102.04585,0.0
SCS07,weekday_2008,1785797240,0.0,2.75426,101.82609,0.0
SCS25,weekday_2003,1785797240,23.0,3.172117,101.684814,0.0
SCS32,weekday_2112,1785797239,4.0,3.013238,101.40247,0.0
EMU32,2903,1785797252,99.0,5.87175,100.47695,0.0
SCS29,weekday_2107,1785797257,92.0,3.217315,101.56785,0.0
SCS38,2904,1785797323,9.0,5.482772,100.49812,0.0
EMU22,2900,1785797315,108.0,6.380848,100.29532,0.0
SCS32,weekday_2112,1785797314,35.0,3.017395,101.407,0.0
DMU09,51,1785797313,2.0,5.370368,102.08616,0.0
EMU32,2903,1785797312,95.0,5.856382,100.47692,0.0
SCS10,weekday_2014,1785797311,117.0,2.494192,102.177765,0.0
SCS23,weekday_2111,1785797311,5.0,3.46898,101.63787,0.0
SCS24,2907,1785797304,115.0,6.342962,100.323616,0.0
SCS26,weekday_2012,1785797303,90.0,2.643377,102.033485,0.0
SCS04,2901,1785797311,0.0,5.48279,100.4982,0.0
SCS19,weekday_2103,1785797306,19.0,3.131742,101.68255,0.0
SCS29,weekday_2107,1785797332,40.0,3.208367,101.57578,0.0
SCS07,weekday_2008,1785797330,25.0,2.754845,101.823845,0.0
SCS07,weekday_2008,1785797375,85.0,2.756773,101.81694,0.0
SCS26,weekday_2012,1785797363,85.0,2.653723,102.02383,0.0
SCS23,weekday_2111,1785797371,89.0,3.460012,101.6384,0.0
SCS10,weekday_2014,1785797371,117.0,2.511452,102.17083,0.0
DMU09,51,1785797373,1.0,5.371708,102.085335,0.0
SCS24,2907,1785797372,115.0,6.326588,100.33584,0.0
SCS04,2901,1785797371,69.0,5.4786,100.497055,0.0
SCS25,weekday_2003,1785797370,24.0,3.165663,101.69075,0.0
EMU22,2900,1785797360,116.0,6.391893,100.28699,0.0
SCS19,weekday_2103,1785797381,17.0,3.128538,101.68022,0.0
SCS32,weekday_2112,1785797374,4.0,3.02027,101.41007,0.0
SCS38,2904,1785797368,0.0,5.482913,100.49816,0.0
EMU32,2903,1785797372,91.0,5.841405,100.47689,0.0
SCS29,weekday_2107,1785797362,32.0,3.206687,101.57853,0.0
SCS24,2907,1785797437,114.0,6.310163,100.34533,0.0
SCS07,weekday_2008,1785797435,90.0,2.765473,101.80678,0.0
SCS26,weekday_2012,1785797453,67.0,2.65561,102.0058,0.0
SCS38,2904,1785797413,73.0,5.4873,100.49937,0.0
SCS29,weekday_2107,1785797452,21.0,3.205842,101.5806,0.0
SCS10,weekday_2014,1785797446,114.0,2.530853,102.160126,0.0
SCS04,2901,1785797431,118.0,5.462783,100.495964,0.0
SCS25,weekday_2003,1785797430,1.0,3.165127,101.691216,0.0
SCS13,weekday_2102,1785797427,0.0,3.136402,101.68968,0.0
SCS19,weekday_2103,1785797426,4.0,3.127592,101.67945,0.0
DMU09,51,1785797433,0.0,5.371793,102.08529,0.0
EMU32,2903,1785797427,73.0,5.828827,100.47764,0.0
EMU22,2900,1785797390,119.0,6.39937,100.281395,0.0
SCS32,weekday_2112,1785797434,20.0,3.020762,101.4106,0.0
SCS23,weekday_2111,1785797431,115.0,3.443252,101.638245,0.0
SCS24,2907,1785797497,114.0,6.292507,100.34894,0.0
SCS10,weekday_2014,1785797491,114.0,2.539332,102.1495,0.0
SCS23,weekday_2111,1785797491,97.0,3.429168,101.62988,0.0
SCS04,2901,1785797491,116.0,5.445122,100.49128,0.0
EMU32,2903,1785797487,0.0,5.824315,100.478004,0.0
SCS26,weekday_2012,1785797483,36.0,2.657692,102.0026,0.0
SCS29,weekday_2107,1785797482,0.0,3.205835,101.58167,0.0
DMU09,51,1785797478,5.0,5.372063,102.08519,0.0
SCS25,weekday_2003,1785797475,45.0,3.162268,101.69202,0.0
SCS38,2904,1785797473,105.0,5.502645,100.50348,0.0
SCS13,weekday_2102,1785797472,0.0,3.136402,101.68968,0.0
EMU22,2900,1785797510,49.0,6.42935,100.269196,0.0
SCS19,weekday_2103,1785797486,4.0,3.127555,101.67943,0.0
SCS07,weekday_2008,1785797510,99.0,2.783205,101.79974,0.0
SCS32,weekday_2112,1785797509,77.0,3.028913,101.41937,0.0
SCS23,weekday_2111,1785797566,106.0,3.41254,101.62722,0.0
SCS10,weekday_2014,1785797566,114.0,2.55361,102.13216,0.0
SCS25,weekday_2003,1785797565,0.0,3.153968,101.69255,0.0
SCS13,weekday_2102,1785797562,2.0,3.136827,101.6896,0.0
DMU09,51,1785797508,5.0,5.372763,102.08481,0.0
SCS29,weekday_2107,1785797557,6.0,3.205778,101.58182,0.0
SCS07,weekday_2008,1785797555,85.0,2.793787,101.79609,0.0
EMU22,2900,1785797555,0.0,6.431383,100.26849,0.0
SCS32,weekday_2112,1785797554,22.0,3.033228,101.42404,0.0
SCS19,weekday_2103,1785797546,19.0,3.124523,101.67789,0.0
SCS24,2907,1785797527,114.0,6.283687,100.350746,0.0
SCS38,2904,1785797503,116.0,5.511262,100.50578,0.0
SCS26,weekday_2012,1785797558,16.0,2.659767,101.99682,0.0
EMU32,2903,1785797547,89.0,5.816545,100.478645,0.0
SCS04,2901,1785797566,114.0,5.424548,100.481735,0.0
SCS32,weekday_2112,1785797614,12.0,3.033903,101.42475,0.0
SCS13,weekday_2102,1785797607,18.0,3.137607,101.69216,0.0
EMU22,2900,1785797600,7.0,6.431488,100.26847,0.0
SCS26,weekday_2012,1785797618,0.0,2.660103,101.996475,0.0
SCS29,weekday_2107,1785797617,47.0,3.203308,101.58596,0.0
SCS24,2907,1785797613,114.0,6.25844,100.3559,0.0
DMU09,51,1785797598,25.0,5.375667,102.08328,0.0
SCS25,weekday_2003,1785797595,0.0,3.153968,101.69255,0.0
SCS38,2904,1785797593,114.0,5.53755,100.5033,0.0
EMU32,2903,1785797577,94.0,5.809052,100.47969,0.0
SCS07,weekday_2008,1785797615,16.0,2.802422,101.79988,0.0
SCS10,weekday_2014,1785797626,116.0,2.564017,102.11744,0.0
SCS04,2901,1785797626,119.0,5.40803,100.47361,0.0
SCS23,weekday_2111,1785797626,114.0,3.394408,101.62821,0.0
SCS25,weekday_2003,1785797655,26.0,3.150868,101.69071,0.0
SCS13,weekday_2102,1785797667,0.0,3.138875,101.693344,0.0
EMU32,2903,1785797637,93.0,5.794635,100.483315,0.0
DMU09,51,1785797658,73.0,5.38456,102.0792,0.0
SCS38,2904,1785797653,114.0,5.555103,100.499275,0.0
SCS26,weekday_2012,1785797693,0.0,2.660103,101.996475,0.0
SCS29,weekday_2107,1785797692,102.0,3.200713,101.60234,0.0
EMU22,2900,1785797690,113.0,6.447668,100.262886,0.0
SCS07,weekday_2008,1785797690,0.0,2.802673,101.8001,0.0
SCS32,weekday_2112,1785797674,34.0,3.038947,101.43018,0.0
SCS24,2907,1785797673,113.0,6.240792,100.359505,0.0
SCS23,weekday_2111,1785797671,110.0,3.383233,101.62161,0.0
SCS10,weekday_2014,1785797656,113.0,2.568788,102.10986,0.0
SCS04,2901,1785797656,120.0,5.398805,100.4718,0.0
SCS10,weekday_2014,1785797746,67.0,2.590472,102.096146,0.0
EMU39,2906,1785797745,17.0,5.392567,100.367325,0.0
SCS38,2904,1785797743,113.0,5.58178,100.49489,0.0
SCS13,weekday_2102,1785797742,19.0,3.141135,101.694084,0.0
SCS24,2907,1785797740,114.0,6.221682,100.3634,0.0
SCS27,weekday_2115,1785797735,36.0,3.684517,101.518524,0.0
SCS07,weekday_2008,1785797735,24.0,2.80316,101.8006,0.0
SCS04,2901,1785797731,116.0,5.376097,100.468956,0.0
SCS23,weekday_2111,1785797731,15.0,3.376653,101.61502,0.0
SCS25,weekday_2003,1785797700,30.0,3.146868,101.69114,0.0
SCS26,weekday_2012,1785797738,31.0,2.66108,101.99553,0.0
SCS29,weekday_2107,1785797737,92.0,3.20311,101.612976,0.0
DMU09,51,1785797733,29.0,5.39026,102.07341,0.0
EMU32,2903,1785797727,98.0,5.773462,100.49283,0.0
EMU22,2900,1785797720,116.0,6.456413,100.259865,0.0
SCS32,weekday_2112,1785797719,0.0,3.039947,101.43124,0.0
SCS38,2904,1785797773,113.0,5.59063,100.49346,0.0
SCS04,2901,1785797761,92.0,5.367658,100.467896,0.0
SCS10,weekday_2014,1785797761,35.0,2.592267,102.09507,0.0
SCS23,weekday_2111,1785797746,0.0,3.376483,101.61485,0.0
EMU39,2906,1785797760,16.0,5.392075,100.367966,0.0
EMU32,2903,1785797757,96.0,5.766273,100.495705,0.0
SCS26,weekday_2012,1785797798,60.0,2.66807,101.99083,0.0
SCS29,weekday_2107,1785797797,58.0,3.208445,101.62263,0.0
EMU22,2900,1785797795,113.0,6.478257,100.253685,0.0
SCS27,weekday_2115,1785797795,77.0,3.677838,101.52571,0.0
SCS32,weekday_2112,1785797794,31.0,3.043322,101.43485,0.0
DMU09,51,1785797793,39.0,5.390078,102.06679,0.0
SCS25,weekday_2003,1785797790,19.0,3.142218,101.69421,0.0
SCS07,weekday_2008,1785797795,76.0,2.81028,101.80718,0.0
SCS13,weekday_2102,1785797787,16.0,3.143788,101.69319,0.0
SCS19,weekday_2103,1785797787,30.0,3.112012,101.67372,0.0
SCS24,2907,1785797785,114.0,6.208357,100.36612,0.0
DMU09,51,1785797808,21.0,5.390153,102.065475,0.0
SCS10,weekday_2014,1785797806,0.0,2.593542,102.09433,0.0
SCS04,2901,1785797806,38.0,5.360595,100.46701,0.0
SCS23,weekday_2111,1785797806,58.0,3.374533,101.612915,0.0
SCS29,weekday_2107,1785797857,0.0,3.208763,101.6277,0.0
SCS07,weekday_2008,1785797855,64.0,2.81697,101.81569,0.0
EMU22,2900,1785797855,113.0,6.496372,100.25337,0.0
SCS19,weekday_2103,1785797847,78.0,3.105278,101.67276,0.0
SCS13,weekday_2102,1785797847,66.0,3.149248,101.69054,0.0
SCS32,weekday_2112,1785797839,28.0,3.045345,101.43704,0.0
SCS38,2904,1785797833,111.0,5.608077,100.495544,0.0
SCS24,2907,1785797874,51.0,6.185343,100.37351,0.0
SCS25,weekday_2003,1785797865,0.0,3.139083,101.69364,0.0
EMU39,2906,1785797865,11.0,5.388643,100.37195,0.0
SCS26,weekday_2012,1785797858,72.0,2.674367,101.98275,0.0
SCS27,weekday_2115,1785797810,93.0,3.67524,101.52791,0.0
SCS27,weekday_2115,1785797915,102.0,3.65193,101.54646,0.0
SCS38,2904,1785797893,114.0,5.624753,100.493774,0.0
EMU32,2903,1785797877,97.0,5.73797,100.50802,0.0
SCS32,weekday_2112,1785797914,32.0,3.045198,101.44608,0.0
DMU09,51,1785797913,27.0,5.390368,102.06362,0.0
SCS10,weekday_2014,1785797911,114.0,2.605388,102.08723,0.0
SCS26,weekday_2012,1785797933,61.0,2.685082,101.97398,0.0
SCS29,weekday_2107,1785797932,43.0,3.207947,101.63163,0.0
SCS24,2907,1785797930,0.0,6.183745,100.37457,0.0
SCS25,weekday_2003,1785797925,17.0,3.138017,101.69295,0.0
SCS13,weekday_2102,1785797922,0.0,3.153815,101.69239,0.0
SCS19,weekday_2103,1785797922,0.0,3.098657,101.670746,0.0
EMU22,2900,1785797870,109.0,6.500735,100.2533,0.0
SCS07,weekday_2008,1785797915,44.0,2.823377,101.821396,0.0
SCS23,weekday_2111,1785797911,95.0,3.36356,101.58998,0.0
SCS04,2901,1785797911,67.0,5.363207,100.458885,0.0
EMU39,2906,1785797910,38.0,5.386533,100.37523,0.0
SCS23,weekday_2111,1785797956,94.0,3.363108,101.57901,0.0
EMU32,2903,1785797937,99.0,5.723517,100.5136,0.0
SCS25,weekday_2003,1785797985,19.0,3.136472,101.69034,0.0
SCS26,weekday_2012,1785797993,0.0,2.690027,101.97188,0.0
SCS29,weekday_2107,1785797992,14.0,3.203485,101.63657,0.0
SCS07,weekday_2008,1785797990,18.0,2.826692,101.825775,0.0
SCS13,weekday_2102,1785797982,35.0,3.157105,101.693565,0.0
SCS19,weekday_2103,1785797982,22.0,3.09815,101.67059,0.0
SCS24,2907,1785797981,82.0,6.179078,100.37735,0.0
SCS04,2901,1785797956,46.0,5.365827,100.45086,0.0
SCS38,2904,1785797953,58.0,5.638988,100.48935,0.0
SCS27,weekday_2115,1785797975,113.0,3.640037,101.55812,0.0
SCS32,weekday_2112,1785797974,6.0,3.04321,101.450226,0.0
DMU09,51,1785797973,56.0,5.392978,102.05576,0.0
EMU39,2906,1785797970,96.0,5.381377,100.38512,0.0
SCS10,weekday_2014,1785797956,112.0,2.616245,102.08015,0.0
SCS32,weekday_2112,1785798034,0.0,3.043155,101.45036,0.0
SCS10,weekday_2014,1785798031,113.0,2.630545,102.06336,0.0
SCS24,2907,1785797997,99.0,6.175332,100.37834,0.0
DMU09,51,1785798018,45.0,5.392473,102.0493,0.0
EMU39,2906,1785798030,92.0,5.374362,100.39838,0.0
EMU22,2900,1785798047,14.0,6.523092,100.256805,0.0
SCS25,weekday_2003,1785798030,0.0,3.134863,101.68763,0.0
SCS23,weekday_2111,1785798046,96.0,3.344998,101.57239,0.0
SCS27,weekday_2115,1785798020,114.0,3.628735,101.56554,0.0
SCS19,weekday_2103,1785798042,0.0,3.094987,101.669876,0.0
SCS04,2901,1785798016,0.0,5.366182,100.44844,0.0
SCS13,weekday_2102,1785798042,42.0,3.164065,101.691765,0.0
SCS38,2904,1785798028,0.0,5.64363,100.49016,0.0
EMU32,2903,1785798027,95.0,5.700922,100.50993,0.0
SCS26,weekday_2012,1785798038,0.0,2.690027,101.97188,0.0
SCS29,weekday_2107,1785798037,0.0,3.203148,101.63688,0.0
SCS07,weekday_2008,1785798035,11.0,2.828513,101.82647,0.0
DMU09,51,1785798078,30.0,5.38959,102.0443,0.0
EMU22,2900,1785798077,0.0,6.523317,100.25685,0.0
SCS23,weekday_2111,1785798076,76.0,3.337725,101.57272,0.0
SCS19,weekday_2103,1785798072,9.0,3.094835,101.669785,0.0
SCS07,weekday_2008,1785798110,0.0,2.831047,101.82692,0.0
SCS24,2907,1785798080,114.0,6.150663,100.38003,0.0
SCS38,2904,1785798073,36.0,5.645027,100.49038,0.0
SCS13,weekday_2102,1785798072,0.0,3.165028,101.69123,0.0
SCS04,2901,1785798091,82.0,5.366857,100.44162,0.0
EMU32,2903,1785798087,94.0,5.687392,100.50249,0.0
SCS10,weekday_2014,1785798091,102.0,2.636237,102.047264,0.0
SCS27,weekday_2115,1785798080,114.0,3.616627,101.57851,0.0
SCS32,weekday_2112,1785798079,16.0,3.042,101.45198,0.0
EMU39,2906,1785798075,89.0,5.369595,100.40835,0.0
SCS26,weekday_2012,1785798113,71.0,2.697612,101.96553,0.0
SCS29,weekday_2107,1785798112,70.0,3.197102,101.64353,0.0
SCS25,weekday_2003,1785798090,0.0,3.134863,101.68763,0.0
SCS25,weekday_2003,1785798150,0.0,3.134863,101.68763,0.0
EMU32,2903,1785798147,98.0,5.674068,100.49536,0.0
DMU09,51,1785798123,38.0,5.386492,102.04134,0.0
SCS07,weekday_2008,1785798155,14.0,2.831915,101.82715,0.0
SCS38,2904,1785798148,116.0,5.663173,100.49346,0.0
SCS13,weekday_2102,1785798162,68.0,3.171028,101.68497,0.0
SCS19,weekday_2103,1785798162,24.0,3.08833,101.66918,0.0
EMU22,2900,1785798152,25.0,6.527388,100.257515,0.0
SCS10,weekday_2014,1785798151,118.0,2.64424,102.032684,0.0
SCS32,weekday_2112,1785798139,17.0,3.03959,101.453674,0.0
SCS24,2907,1785798138,114.0,6.133792,100.37914,0.0
SCS04,2901,1785798136,85.0,5.3628,100.43233,0.0
EMU39,2906,1785798135,44.0,5.365485,100.41896,0.0
SCS26,weekday_2012,1785798158,74.0,2.702003,101.957886,0.0
SCS29,weekday_2107,1785798157,56.0,3.193475,101.65177,0.0
SCS27,weekday_2115,1785798155,107.0,3.600528,101.59368,0.0
SCS23,weekday_2111,1785798151,35.0,3.328225,101.56916,0.0
SCS27,weekday_2115,1785798170,96.0,3.599527,101.59736,0.0
SCS32,weekday_2112,1785798169,39.0,3.037582,101.45505,0.0
SCS10,weekday_2014,1785798211,77.0,2.65477,102.02072,0.0
SCS19,weekday_2103,1785798192,21.0,3.087358,101.667305,0.0
SCS04,2901,1785798211,2.0,5.363873,100.42296,0.0
SCS23,weekday_2111,1785798211,35.0,3.323392,101.57251,0.0
SCS25,weekday_2003,1785798210,0.0,3.134863,101.68763,0.0
SCS38,2904,1785798208,114.0,5.680512,100.49777,0.0
EMU39,2906,1785798195,0.0,5.3646,100.42124,0.0
EMU32,2903,1785798190,91.0,5.66335,100.493515,0.0
SCS13,weekday_2102,1785798222,55.0,3.178333,101.67831,0.0
SCS26,weekday_2012,1785798218,43.0,2.709208,101.95175,0.0
SCS24,2907,1785798218,50.0,6.115505,100.37082,0.0
SCS29,weekday_2107,1785798217,0.0,3.192288,101.654564,0.0
SCS07,weekday_2008,1785798215,19.0,2.835522,101.82778,0.0
EMU22,2900,1785798212,98.0,6.538128,100.25934,0.0
SCS26,weekday_2012,1785798278,39.0,2.714322,101.94712,0.0
SCS29,weekday_2107,1785798277,68.0,3.190637,101.65803,0.0
EMU32,2903,1785798250,85.0,5.649092,100.49111,0.0
SCS27,weekday_2115,1785798275,97.0,3.577793,101.613495,0.0
SCS32,weekday_2112,1785798274,14.0,3.035122,101.46959,0.0
SCS04,2901,1785798271,0.0,5.3643,100.42186,0.0
EMU22,2900,1785798272,117.0,6.555883,100.259544,0.0
EMU39,2906,1785798270,96.0,5.362882,100.43243,0.0
SCS19,weekday_2103,1785798267,0.0,3.08616,101.663795,0.0
SCS38,2904,1785798253,115.0,5.691733,100.50542,0.0
SCS24,2907,1785798276,0.0,6.113552,100.3699,0.0
SCS13,weekday_2102,1785798267,75.0,3.182718,101.6706,0.0
SCS07,weekday_2008,1785798260,52.0,2.839225,101.8282,0.0
SCS10,weekday_2014,1785798256,70.0,2.655275,102.012405,0.0
SCS23,weekday_2111,1785798256,15.0,3.320262,101.57465,0.0
SCS25,weekday_2003,1785798255,0.0,3.134863,101.68763,0.0
EMU39,2906,1785798345,29.0,5.366505,100.44647,0.0
SCS19,weekday_2103,1785798342,58.0,3.084355,101.658936,0.0
SCS13,weekday_2102,1785798342,0.0,3.186067,101.66458,0.0
EMU32,2903,1785798340,17.0,5.642323,100.489975,0.0
SCS23,weekday_2111,1785798316,0.0,3.320015,101.574745,0.0
SCS10,weekday_2014,1785798301,61.0,2.656782,102.00449,0.0
SCS26,weekday_2012,1785798293,40.0,2.715265,101.9457,0.0
SCS29,weekday_2107,1785798292,60.0,3.189127,101.660545,0.0
SCS24,2907,1785798291,7.0,6.11345,100.369896,0.0
SCS07,weekday_2008,1785798290,68.0,2.843452,101.825195,0.0
SCS27,weekday_2115,1785798350,94.0,3.563685,101.62587,0.0
DMU09,51,1785798348,29.0,5.374757,102.03094,0.0
EMU22,2900,1785798347,115.0,6.578397,100.261536,0.0
SCS04,2901,1785798346,74.0,5.365938,100.417625,0.0
SCS25,weekday_2003,1785798345,0.0,3.134863,101.68763,0.0
SCS38,2904,1785798343,114.0,5.717112,100.51395,0.0
SCS32,weekday_2112,1785798334,0.0,3.03554,101.4699,0.0
SCS32,weekday_2112,1785798394,60.0,3.041003,101.47282,0.0
SCS04,2901,1785798361,96.0,5.367205,100.4144,0.0
SCS25,weekday_2003,1785798405,0.0,3.134863,101.68763,0.0
EMU39,2906,1785798405,19.0,5.366335,100.44775,0.0
SCS27,weekday_2115,1785798395,41.0,3.560882,101.63262,0.0
DMU09,51,1785798378,5.0,5.37305,102.03101,0.0
SCS38,2904,1785798388,114.0,5.729988,100.51107,0.0
EMU22,2900,1785798377,119.0,6.587553,100.2627,0.0
EMU32,2903,1785798370,74.0,5.638313,100.48925,0.0
SCS10,weekday_2014,1785798376,30.0,2.659837,101.99677,0.0
SCS23,weekday_2111,1785798376,59.0,3.315573,101.57489,0.0
SCS26,weekday_2012,1785798413,0.0,2.718642,101.94077,0.0
SCS13,weekday_2102,1785798387,9.0,3.18613,101.664474,0.0
SCS24,2907,1785798413,115.0,6.087547,100.37565,0.0
SCS29,weekday_2107,1785798412,37.0,3.186325,101.664444,0.0
SCS07,weekday_2008,1785798410,9.0,2.862213,101.819756,0.0
SCS19,weekday_2103,1785798402,0.0,3.083248,101.655846,0.0
EMU32,2903,1785798460,92.0,5.61738,100.49671,0.0
SCS26,weekday_2012,1785798473,0.0,2.718642,101.94077,0.0
SCS29,weekday_2107,1785798472,90.0,3.179875,101.67631,0.0
SCS07,weekday_2008,1785798470,54.0,2.867268,101.81934,0.0
SCS13,weekday_2102,1785798462,37.0,3.191247,101.65672,0.0
SCS04,2901,1785798451,93.0,5.376685,100.393845,0.0
SCS19,weekday_2103,1785798462,104.0,3.082298,101.64616,0.0
SCS24,2907,1785798456,114.0,6.076188,100.38178,0.0
SCS27,weekday_2115,1785798455,47.0,3.557045,101.638504,0.0
SCS32,weekday_2112,1785798454,61.0,3.050083,101.474884,0.0
SCS23,weekday_2111,1785798451,83.0,3.299083,101.57483,0.0
SCS10,weekday_2014,1785798451,0.0,2.661013,101.995605,0.0
SCS25,weekday_2003,1785798450,0.0,3.134863,101.68763,0.0
EMU39,2906,1785798450,53.0,5.365418,100.45391,0.0
DMU09,51,1785798438,14.0,5.370938,102.03061,0.0
EMU22,2900,1785798437,115.0,6.60623,100.26325,0.0
SCS38,2904,1785798433,114.0,5.742667,100.50619,0.0
SCS38,2904,1785798508,113.0,5.763253,100.49712,0.0
SCS19,weekday_2103,1785798522,48.0,3.08432,101.63336,0.0
DMU09,51,1785798513,20.0,5.368972,102.02798,0.0
EMU22,2900,1785798512,118.0,6.627682,100.26868,0.0
SCS24,2907,1785798512,114.0,6.061508,100.390076,0.0
SCS23,weekday_2111,1785798511,71.0,3.28715,101.57013,0.0
SCS25,weekday_2003,1785798510,0.0,3.134863,101.68763,0.0
SCS04,2901,1785798511,76.0,5.383378,100.3812,0.0
SCS10,weekday_2014,1785798511,0.0,2.661013,101.995605,0.0
EMU32,2903,1785798490,97.0,5.609877,100.49598,0.0
SCS07,weekday_2008,1785798485,60.0,2.869557,101.81867,0.0
SCS26,weekday_2012,1785798518,0.0,2.718642,101.94077,0.0
SCS29,weekday_2107,1785798517,73.0,3.173728,101.68329,0.0
SCS27,weekday_2115,1785798515,0.0,3.553847,101.639435,0.0
EMU39,2906,1785798510,39.0,5.361742,100.460175,0.0
SCS32,weekday_2112,1785798469,57.0,3.051423,101.4769,0.0
SCS13,weekday_2102,1785798522,15.0,3.191803,101.65539,0.0
SCS25,weekday_2003,1785798525,0.0,3.134863,101.68763,0.0
EMU22,2900,1785798572,104.0,6.638437,100.282684,0.0
SCS23,weekday_2111,1785798571,78.0,3.277603,101.56275,0.0
SCS24,2907,1785798584,112.0,6.042698,100.40072,0.0
SCS13,weekday_2102,1785798582,61.0,3.196117,101.645615,0.0
SCS19,weekday_2103,1785798582,15.0,3.084648,101.63119,0.0
SCS04,2901,1785798556,34.0,5.386115,100.37593,0.0
EMU32,2903,1785798580,94.0,5.587465,100.49403,0.0
SCS26,weekday_2012,1785798578,15.0,2.719275,101.9395,0.0
SCS29,weekday_2107,1785798577,38.0,3.167057,101.68912,0.0
EMU39,2906,1785798576,30.0,5.357228,100.465485,0.0
SCS27,weekday_2115,1785798575,90.0,3.546425,101.638596,0.0
SCS07,weekday_2008,1785798575,25.0,2.877275,101.816124,0.0
SCS38,2904,1785798568,114.0,5.77993,100.490295,0.0
SCS32,weekday_2112,1785798559,31.0,3.052447,101.4899,0.0
DMU09,51,1785798558,52.0,5.369838,102.023575,0.0
SCS10,weekday_2014,1785798556,0.0,2.661013,101.995605,0.0
SCS29,weekday_2107,1785798637,0.0,3.166062,101.69029,0.0
DMU09,51,1785798633,38.0,5.379807,102.01626,0.0
EMU32,2903,1785798610,96.0,5.580058,100.495186,0.0
SCS19,weekday_2103,1785798627,64.0,3.084788,101.62406,0.0
SCS26,weekday_2012,1785798653,5.0,2.720645,101.93637,0.0
EMU39,2906,1785798651,91.0,5.36871,100.46797,0.0
SCS27,weekday_2115,1785798650,95.0,3.529822,101.63103,0.0
SCS07,weekday_2008,1785798650,77.0,2.884533,101.80838,0.0
SCS38,2904,1785798643,114.0,5.80048,100.48177,0.0
EMU22,2900,1785798632,86.0,6.64744,100.29477,0.0
SCS13,weekday_2102,1785798612,29.0,3.197515,101.64244,0.0
SCS24,2907,1785798616,106.0,6.034672,100.40525,0.0
SCS25,weekday_2003,1785798615,0.0,3.134863,101.68763,0.0
SCS32,weekday_2112,1785798634,4.0,3.052413,101.4923,0.0
SCS04,2901,1785798631,14.0,5.387492,100.373085,0.0
SCS23,weekday_2111,1785798601,68.0,3.272208,101.56087,0.0
SCS10,weekday_2014,1785798601,0.0,2.661013,101.995605,0.0
SCS29,weekday_2107,1785798682,20.0,3.162918,101.69204,0.0
SCS10,weekday_2014,1785798676,17.0,2.662253,101.9944,0.0
EMU22,2900,1785798677,45.0,6.650302,100.302284,0.0
EMU39,2906,1785798681,113.0,5.376827,100.46899,0.0
SCS07,weekday_2008,1785798680,77.0,2.885608,101.802246,0.0
SCS38,2904,1785798703,94.0,5.817868,100.47849,0.0
SCS13,weekday_2102,1785798702,0.0,3.20217,101.6376,0.0
SCS19,weekday_2103,1785798702,12.0,3.08445,101.62102,0.0
EMU32,2903,1785798700,98.0,5.557283,100.49891,0.0
SCS32,weekday_2112,1785798694,32.0,3.052282,101.4968,0.0
SCS23,weekday_2111,1785798691,7.0,3.262878,101.55709,0.0
DMU09,51,1785798678,16.0,5.379332,102.013084,0.0
SCS04,2901,1785798676,24.0,5.389497,100.37107,0.0
SCS26,weekday_2012,1785798698,21.0,2.721065,101.934845,0.0
SCS27,weekday_2115,1785798695,94.0,3.518885,101.62873,0.0
SCS25,weekday_2003,1785798660,0.0,3.134863,101.68763,0.0
SCS24,2907,1785798689,116.0,6.016523,100.415504,0.0
EMU39,2906,1785798741,108.0,5.39441,100.47121,0.0
SCS25,weekday_2003,1785798750,0.0,3.134863,101.68763,0.0
EMU22,2900,1785798752,43.0,6.656762,100.31181,0.0
SCS04,2901,1785798751,3.0,5.392383,100.3675,0.0
SCS27,weekday_2115,1785798740,90.0,3.508883,101.632904,0.0
SCS32,weekday_2112,1785798709,36.0,3.052167,101.49832,0.0
SCS24,2907,1785798763,113.0,5.9971,100.42649,0.0
SCS38,2904,1785798763,0.0,5.825047,100.4779,0.0
SCS19,weekday_2103,1785798762,18.0,3.083817,101.61564,0.0
SCS13,weekday_2102,1785798762,27.0,3.203975,101.63589,0.0
SCS29,weekday_2107,1785798757,38.0,3.156258,101.69379,0.0
EMU32,2903,1785798760,96.0,5.542267,100.502,0.0
DMU09,51,1785798738,13.0,5.37809,102.01066,0.0
SCS23,weekday_2111,1785798736,23.0,3.260818,101.555824,0.0
SCS10,weekday_2014,1785798736,53.0,2.66802,101.990906,0.0
SCS26,weekday_2012,1785798713,36.0,2.721398,101.93362,0.0
SCS07,weekday_2008,1785798710,91.0,2.889832,101.79708,0.0
SCS23,weekday_2111,1785798811,0.0,3.2588,101.55506,0.0
SCS24,2907,1785798830,95.0,5.980183,100.43605,0.0
EMU39,2906,1785798786,105.0,5.407398,100.47335,0.0
SCS25,weekday_2003,1785798825,0.0,3.134863,101.68763,0.0
SCS38,2904,1785798823,50.0,5.827317,100.477715,0.0
SCS07,weekday_2008,1785798800,50.0,2.90201,101.78532,0.0
SCS26,weekday_2012,1785798773,52.0,2.723927,101.92593,0.0
DMU09,51,1785798813,0.0,5.37703,102.01012,0.0
SCS04,2901,1785798811,0.0,5.392392,100.367485,0.0
SCS10,weekday_2014,1785798796,70.0,2.674013,101.98303,0.0
SCS32,weekday_2112,1785798769,94.0,3.051592,101.50808,0.0
SCS29,weekday_2107,1785798787,0.0,3.154872,101.693245,0.0
SCS27,weekday_2115,1785798785,29.0,3.501813,101.63397,0.0
EMU22,2900,1785798782,12.0,6.65798,100.31369,0.0
SCS19,weekday_2103,1785798822,16.0,3.083125,101.61093,0.0
SCS13,weekday_2102,1785798822,32.0,3.208315,101.63015,0.0
EMU32,2903,1785798820,91.0,5.527713,100.50609,0.0
SCS23,weekday_2111,1785798871,23.0,3.255045,101.554634,0.0
SCS24,2907,1785798883,11.0,5.97274,100.44025,0.0
EMU32,2903,1785798880,95.0,5.51293,100.506226,0.0
SCS26,weekday_2012,1785798878,65.0,2.725542,101.91567,0.0
EMU39,2906,1785798876,114.0,5.430638,100.48565,0.0
SCS07,weekday_2008,1785798875,0.0,2.904825,101.786865,0.0
SCS27,weekday_2115,1785798875,69.0,3.496807,101.63472,0.0
DMU09,51,1785798873,0.0,5.37703,102.01012,0.0
SCS32,weekday_2112,1785798874,0.0,3.056818,101.524506,0.0
SCS25,weekday_2003,1785798870,0.0,3.134863,101.68763,0.0
SCS38,2904,1785798868,111.0,5.837408,100.4769,0.0
SCS19,weekday_2103,1785798867,7.0,3.083093,101.61062,0.0
SCS29,weekday_2107,1785798862,56.0,3.151873,101.69114,0.0
SCS10,weekday_2014,1785798841,76.0,2.679527,101.97627,0.0
SCS13,weekday_2102,1785798822,32.0,3.208315,101.63015,0.0
SCS26,weekday_2012,1785798908,87.0,2.725327,101.910255,0.0
SCS27,weekday_2115,1785798950,96.0,3.478388,101.63951,0.0
SCS07,weekday_2008,1785798950,18.0,2.9059,101.788216,0.0
SCS29,weekday_2107,1785798937,25.0,3.144877,101.6926,0.0
EMU39,2906,1785798936,114.0,5.447502,100.49187,0.0
EMU32,2903,1785798910,94.0,5.505525,100.50424,0.0
SCS10,weekday_2014,1785798916,16.0,2.690613,101.971725,0.0
SCS25,weekday_2003,1785798915,13.0,3.137132,101.69088,0.0
SCS32,weekday_2112,1785798904,0.0,3.056818,101.524506,0.0
DMU09,51,1785798903,0.0,5.37703,102.01012,0.0
SCS38,2904,1785798898,111.0,5.846063,100.476875,0.0
SCS24,2907,1785798938,23.0,5.972137,100.440575,0.0
SCS19,weekday_2103,1785798927,16.0,3.08284,101.606674,0.0
SCS23,weekday_2111,1785798916,53.0,3.251172,101.55569,0.0
EMU39,2906,1785798996,115.0,5.465157,100.496475,0.0
SCS32,weekday_2112,1785798964,40.0,3.057777,101.5279,0.0
DMU09,51,1785798963,0.0,5.37703,102.01012,0.0
SCS13,weekday_2102,1785798974,72.0,3.205623,101.61532,0.0
SCS29,weekday_2107,1785798967,22.0,3.14311,101.693954,0.0
EMU32,2903,1785798963,91.0,5.492613,100.50078,0.0
SCS27,weekday_2115,1785799010,14.0,3.469285,101.637985,0.0
SCS26,weekday_2012,1785798968,83.0,2.731192,101.89871,0.0
SCS25,weekday_2003,1785798990,0.0,3.138787,101.693436,0.0
SCS07,weekday_2008,1785798995,16.0,2.906513,101.79065,0.0
SCS10,weekday_2014,1785798991,0.0,2.691227,101.9715,0.0
SCS23,weekday_2111,1785798991,104.0,3.236652,101.55996,0.0
SCS38,2904,1785798973,114.0,5.868695,100.47693,0.0
SCS24,2907,1785798983,94.0,5.965413,100.444374,0.0
SCS19,weekday_2103,1785799002,0.0,3.082773,101.60257,0.0
SCS29,weekday_2107,1785799012,7.0,3.140355,101.69402,0.0
EMU39,2906,1785799011,110.0,5.469557,100.49614,0.0
SCS27,weekday_2115,1785799055,5.0,3.468992,101.637924,0.0
SCS07,weekday_2008,1785799055,53.0,2.908753,101.79465,0.0
SCS32,weekday_2112,1785799054,74.0,3.06201,101.54384,0.0
EMU32,2903,1785799053,0.0,5.48186,100.49789,0.0
SCS26,weekday_2012,1785799013,72.0,2.739468,101.89369,0.0
SCS10,weekday_2014,1785799066,56.0,2.696213,101.968414,0.0
SCS24,2907,1785799065,114.0,5.944252,100.45632,0.0
SCS38,2904,1785799063,114.0,5.895508,100.47554,0.0
SCS19,weekday_2103,1785799062,0.0,3.082773,101.60257,0.0
SCS13,weekday_2102,1785799049,86.0,3.200765,101.60192,0.0
SCS23,weekday_2111,1785799036,105.0,3.224832,101.56219,0.0
DMU09,51,1785799008,0.0,5.37703,102.01012,0.0
SCS25,weekday_2003,1785799035,0.0,3.138787,101.693436,0.0
SCS10,weekday_2014,1785799111,62.0,2.699537,101.96207,0.0
SCS19,weekday_2103,1785799107,22.0,3.082772,101.60082,0.0
SCS29,weekday_2107,1785799087,0.0,3.140258,101.693985,0.0
SCS07,weekday_2008,1785799085,72.0,2.914102,101.796394,0.0
EMU39,2906,1785799101,0.0,5.481953,100.49791,0.0
SCS13,weekday_2102,1785799094,46.0,3.20037,101.595146,0.0
SCS32,weekday_2112,1785799084,79.0,3.065895,101.54852,0.0
SCS25,weekday_2003,1785799110,18.0,3.14221,101.69394,0.0
EMU32,2903,1785799083,51.0,5.480145,100.497444,0.0
SCS26,weekday_2012,1785799118,45.0,2.740717,101.87405,0.0
SCS27,weekday_2115,1785799115,108.0,3.45786,101.63904,0.0
SCS24,2907,1785799128,114.0,5.926832,100.46358,0.0
SCS23,weekday_2111,1785799126,36.0,3.209612,101.57488,0.0
SCS38,2904,1785799123,115.0,5.912387,100.469055,0.0
DMU09,51,1785799098,0.0,5.37703,102.01012,0.0
EMU39,2906,1785799176,73.0,5.487582,100.49942,0.0
SCS07,weekday_2008,1785799175,77.0,2.931575,101.79442,0.0
SCS27,weekday_2115,1785799175,111.0,3.440237,101.637634,0.0
SCS32,weekday_2112,1785799174,4.0,3.07411,101.55597,0.0
SCS19,weekday_2103,1785799167,27.0,3.083758,101.59527,0.0
SCS25,weekday_2003,1785799140,23.0,3.144215,101.69329,0.0
SCS13,weekday_2102,1785799139,44.0,3.201998,101.58918,0.0
EMU32,2903,1785799143,97.0,5.466528,100.49656,0.0
SCS26,weekday_2012,1785799178,0.0,2.741137,101.87255,0.0
DMU09,51,1785799188,0.0,5.37703,102.01012,0.0
SCS23,weekday_2111,1785799186,21.0,3.20651,101.57935,0.0
SCS10,weekday_2014,1785799186,54.0,2.706618,101.95274,0.0
SCS38,2904,1785799183,114.0,5.929208,100.46259,0.0
SCS24,2907,1785799179,114.0,5.912252,100.46917,0.0
SCS29,weekday_2107,1785799177,27.0,3.136848,101.691216,0.0
SCS29,weekday_2107,1785799222,0.0,3.135707,101.6895,0.0
SCS19,weekday_2103,1785799197,15.0,3.084157,101.59349,0.0
SCS38,2904,1785799243,112.0,5.945682,100.45547,0.0
EMU39,2906,1785799238,95.0,5.501997,100.503296,0.0
SCS07,weekday_2008,1785799235,28.0,2.939368,101.78829,0.0
SCS32,weekday_2112,1785799234,19.0,3.075325,101.55842,0.0
SCS26,weekday_2012,1785799223,72.0,2.742275,101.86851,0.0
SCS23,weekday_2111,1785799246,2.0,3.206275,101.57978,0.0
SCS10,weekday_2014,1785799246,32.0,2.712515,101.9497,0.0
SCS25,weekday_2003,1785799230,10.0,3.153653,101.692245,0.0
SCS13,weekday_2102,1785799214,29.0,3.20532,101.58241,0.0
SCS27,weekday_2115,1785799235,80.0,3.427025,101.62817,0.0
SCS24,2907,1785799231,115.0,5.89793,100.47469,0.0
DMU09,51,1785799203,0.0,5.37703,102.01012,0.0
EMU32,2903,1785799203,96.0,5.451637,100.49298,0.0
EMU39,2906,1785799298,116.0,5.51861,100.50769,0.0
SCS26,weekday_2012,1785799298,101.0,2.747347,101.85047,0.0
SCS07,weekday_2008,1785799295,0.0,2.939775,101.78774,0.0
SCS27,weekday_2115,1785799295,106.0,3.414983,101.626656,0.0
EMU32,2903,1785799293,95.0,5.430305,100.485504,0.0
SCS24,2907,1785799288,114.0,5.881165,100.47696,0.0
SCS32,weekday_2112,1785799279,0.0,3.07565,101.55901,0.0
SCS13,weekday_2102,1785799274,0.0,3.205922,101.58091,0.0
DMU09,51,1785799263,6.0,5.376967,102.010124,0.0
SCS10,weekday_2014,1785799276,30.0,2.71407,101.9475,0.0
SCS23,weekday_2111,1785799276,35.0,3.205412,101.58252,0.0
SCS29,weekday_2107,1785799252,0.0,3.135707,101.6895,0.0
SCS38,2904,1785799288,113.0,5.956988,100.44908,0.0
SCS26,weekday_2012,1785799358,52.0,2.751307,101.83635,0.0
SCS29,weekday_2107,1785799357,0.0,3.135707,101.6895,0.0
SCS07,weekday_2008,1785799355,80.0,2.946223,101.78736,0.0
SCS19,weekday_2103,1785799340,0.0,3.084552,101.58786,0.0
SCS27,weekday_2115,1785799340,120.0,3.401318,101.62788,0.0
SCS25,weekday_2002,1785799320,42.0,3.155295,101.693504,0.0
SCS13,weekday_2102,1785799349,61.0,3.208185,101.57579,0.0
SCS24,2907,1785799339,113.0,5.86585,100.476944,0.0
SCS32,weekday_2112,1785799339,0.0,3.07565,101.55901,0.0
EMU39,2906,1785799328,117.0,5.52743,100.50616,0.0
EMU32,2903,1785799323,97.0,5.423857,100.481255,0.0
DMU09,51,1785799368,43.0,5.37079,102.00835,0.0
SCS10,weekday_2014,1785799366,24.0,2.718153,101.94152,0.0
SCS23,weekday_2111,1785799366,78.0,3.200448,101.59513,0.0
SCS38,2904,1785799363,29.0,5.971912,100.44067,0.0
SCS07,weekday_2008,1785799415,73.0,2.958833,101.792915,0.0
SCS32,weekday_2112,1785799414,15.0,3.07615,101.560036,0.0
EMU32,2903,1785799413,97.0,5.402538,100.47223,0.0
SCS38,2904,1785799408,0.0,5.972688,100.44022,0.0
EMU39,2906,1785799403,109.0,5.54928,100.50019,0.0
SCS24,2907,1785799399,114.0,5.848732,100.47692,0.0
DMU09,51,1785799398,40.0,5.36729,102.008224,0.0
SCS10,weekday_2014,1785799396,5.0,2.719325,101.93977,0.0
SCS25,weekday_2002,1785799395,9.0,3.164863,101.69141,0.0
SCS26,weekday_2012,1785799388,18.0,2.751907,101.8342,0.0
SCS29,weekday_2107,1785799402,0.0,3.135707,101.6895,0.0
SCS23,weekday_2111,1785799396,91.0,3.200977,101.60163,0.0
SCS13,weekday_2102,1785799394,66.0,3.214535,101.5702,0.0
SCS27,weekday_2115,1785799385,111.0,3.388053,101.626114,0.0
SCS19,weekday_2103,1785799415,11.0,3.08459,101.58999,0.0
SCS29,weekday_2107,1785799447,0.0,3.135707,101.6895,0.0
SCS23,weekday_2111,1785799486,72.0,3.208175,101.6188,0.0
SCS13,weekday_2102,1785799484,58.0,3.226718,101.56098,0.0
SCS32,weekday_2112,1785799474,13.0,3.0769,101.56276,0.0
SCS10,weekday_2014,1785799471,0.0,2.719332,101.93976,0.0
EMU32,2903,1785799443,97.0,5.394755,100.47127,0.0
SCS26,weekday_2012,1785799463,25.0,2.753363,101.82913,0.0
SCS27,weekday_2115,1785799460,21.0,3.376903,101.61534,0.0
SCS07,weekday_2008,1785799460,0.0,2.963113,101.79169,0.0
SCS38,2904,1785799438,43.0,5.97378,100.439606,0.0
EMU39,2906,1785799418,111.0,5.553582,100.49947,0.0
DMU09,51,1785799458,31.0,5.362253,102.00766,0.0
SCS25,weekday_2002,1785799455,0.0,3.165128,101.691284,0.0
SCS19,weekday_2103,1785799415,11.0,3.08459,101.58999,0.0
SCS24,2907,1785799458,87.0,5.83219,100.477356,0.0
EMU39,2906,1785799538,119.0,5.589543,100.493614,0.0
SCS27,weekday_2115,1785799535,64.0,3.375013,101.61344,0.0
SCS07,weekday_2008,1785799535,18.0,2.964958,101.791145,0.0
SCS32,weekday_2112,1785799534,16.0,3.076457,101.56578,0.0
DMU09,51,1785799533,57.0,5.352683,102.009995,0.0
EMU32,2903,1785799533,84.0,5.373203,100.46856,0.0
SCS23,weekday_2111,1785799531,35.0,3.208732,101.62663,0.0
SCS10,weekday_2014,1785799531,14.0,2.719883,101.93849,0.0
SCS13,weekday_2102,1785799529,52.0,3.233245,101.55939,0.0
SCS17,weekday_2119,1785799523,0.0,3.684917,101.51794,0.0
SCS25,weekday_2002,1785799515,17.0,3.16682,101.68936,0.0
SCS29,weekday_2107,1785799492,0.0,3.135707,101.6895,0.0
SCS38,2904,1785799513,116.0,5.990478,100.430176,0.0
SCS26,weekday_2012,1785799538,0.0,2.753883,101.82726,0.0
SCS24,2907,1785799538,0.0,5.824933,100.47795,0.0
EMU39,2906,1785799598,117.0,5.607507,100.49542,0.0
SCS32,weekday_2112,1785799594,19.0,3.076253,101.56939,0.0
SCS27,weekday_2115,1785799595,114.0,3.366435,101.60027,0.0
SCS24,2907,1785799594,76.0,5.819447,100.4784,0.0
EMU32,2903,1785799593,44.0,5.361583,100.467094,0.0
DMU09,51,1785799548,54.0,5.35047,102.01065,0.0
SCS10,weekday_2014,1785799546,16.0,2.720172,101.93773,0.0
SCS23,weekday_2111,1785799576,0.0,3.208817,101.627754,0.0
SCS25,weekday_2002,1785799545,21.0,3.16765,101.687614,0.0
SCS13,weekday_2102,1785799589,52.0,3.241397,101.56037,0.0
SCS17,weekday_2119,1785799583,0.0,3.684917,101.51794,0.0
SCS29,weekday_2107,1785799582,0.0,3.135707,101.6895,0.0
SCS07,weekday_2008,1785799580,24.0,2.968225,101.79027,0.0
SCS38,2904,1785799558,114.0,6.00219,100.42355,0.0
SCS26,weekday_2012,1785799553,16.0,2.753987,101.82684,0.0
SCS25,weekday_2002,1785799605,24.0,3.17079,101.6851,0.0
DMU09,51,1785799668,65.0,5.331817,102.01744,0.0
SCS10,weekday_2014,1785799666,33.0,2.721578,101.93305,0.0
EMU39,2906,1785799643,115.0,5.620555,100.49553,0.0
SCS26,weekday_2012,1785799643,81.0,2.75665,101.81726,0.0
SCS29,weekday_2107,1785799642,0.0,3.135707,101.6895,0.0
SCS32,weekday_2112,1785799609,20.0,3.076672,101.57024,0.0
SCS23,weekday_2111,1785799651,41.0,3.206568,101.63359,0.0
SCS13,weekday_2102,1785799649,20.0,3.248957,101.556946,0.0
SCS24,2907,1785799643,110.0,5.807213,100.48018,0.0
SCS17,weekday_2119,1785799643,32.0,3.681887,101.52131,0.0
SCS38,2904,1785799648,115.0,6.025742,100.41024,0.0
EMU32,2903,1785799665,0.0,5.358337,100.462814,0.0
SCS07,weekday_2008,1785799655,16.0,2.976598,101.79042,0.0
SCS27,weekday_2115,1785799655,94.0,3.36263,101.58407,0.0
SCS27,weekday_2115,1785799730,88.0,3.35504,101.57161,0.0
DMU09,51,1785799713,63.0,5.32472,102.019905,0.0
SCS38,2904,1785799723,111.0,6.0452,100.39925,0.0
EMU32,2903,1785799676,42.0,5.359478,100.46195,0.0
SCS23,weekday_2111,1785799711,0.0,3.203167,101.63694,0.0
SCS10,weekday_2014,1785799711,0.0,2.723477,101.92687,0.0
SCS26,weekday_2012,1785799703,99.0,2.766488,101.80592,0.0
SCS17,weekday_2119,1785799703,61.0,3.676753,101.52673,0.0
EMU39,2906,1785799688,108.0,5.633177,100.49026,0.0
SCS24,2907,1785799688,115.0,5.794088,100.48355,0.0
SCS32,weekday_2112,1785799684,20.0,3.079823,101.57224,0.0
SCS13,weekday_2102,1785799679,0.0,3.25,101.55621,0.0
SCS29,weekday_2107,1785799732,0.0,3.135707,101.6895,0.0
EMU32,2903,1785799736,78.0,5.364962,100.45603,0.0
SCS27,weekday_2115,1785799775,78.0,3.345092,101.572365,0.0
SCS24,2907,1785799775,115.0,5.769833,100.49426,0.0
SCS32,weekday_2112,1785799774,23.0,3.081667,101.57799,0.0
DMU09,51,1785799773,59.0,5.31397,102.02059,0.0
SCS23,weekday_2111,1785799756,0.0,3.203167,101.63694,0.0
SCS10,weekday_2014,1785799741,42.0,2.723347,101.92243,0.0
SCS38,2904,1785799753,114.0,6.052842,100.39493,0.0
SCS13,weekday_2102,1785799784,0.0,3.25756,101.55462,0.0
SCS17,weekday_2119,1785799778,113.0,3.661407,101.537476,0.0
SCS26,weekday_2012,1785799778,102.0,2.785287,101.79895,0.0
SCS07,weekday_2008,1785799778,0.0,2.983245,101.790535,0.0
EMU39,2906,1785799778,0.0,5.642677,100.49,0.0
SCS25,weekday_2002,1785799776,9.0,3.181332,101.68841,0.0
SCS29,weekday_2107,1785799762,0.0,3.135707,101.6895,0.0
SCS27,weekday_2115,1785799835,60.0,3.33385,101.57138,0.0
SCS32,weekday_2112,1785799834,9.0,3.082135,101.58131,0.0
SCS13,weekday_2102,1785799829,20.0,3.2579,101.55468,0.0
SCS07,weekday_2008,1785799823,7.0,2.983377,101.790344,0.0
SCS17,weekday_2119,1785799823,113.0,3.651995,101.54633,0.0
SCS25,weekday_2002,1785799821,0.0,3.18144,101.688446,0.0
DMU09,51,1785799818,46.0,5.307528,102.02189,0.0
EMU32,2903,1785799826,0.0,5.366342,100.44758,0.0
SCS23,weekday_2111,1785799846,61.0,3.197992,101.64189,0.0
SCS24,2907,1785799828,118.0,5.755032,100.5012,0.0
SCS29,weekday_2107,1785799822,0.0,3.135707,101.6895,0.0
SCS26,weekday_2012,1785799838,66.0,2.799385,101.79722,0.0
SCS10,weekday_2014,1785799816,63.0,2.725563,101.91507,0.0
EMU39,2906,1785799838,67.0,5.647777,100.49085,0.0
SCS23,weekday_2111,1785799906,47.0,3.193125,101.65276,0.0
SCS10,weekday_2014,1785799906,94.0,2.73301,101.897316,0.0
SCS13,weekday_2102,1785799904,61.0,3.267703,101.55929,0.0
SCS26,weekday_2012,1785799898,0.0,2.80178,101.79926,0.0
EMU32,2903,1785799886,89.0,5.366455,100.440056,0.0
SCS38,2904,1785799858,114.0,6.08044,100.379486,0.0
SCS24,2907,1785799890,114.0,5.73758,100.50822,0.0
SCS25,weekday_2002,1785799881,31.0,3.184437,101.68947,0.0
SCS27,weekday_2115,1785799880,21.0,3.329012,101.56901,0.0
SCS07,weekday_2008,1785799853,14.0,2.98489,101.79053,0.0
SCS29,weekday_2107,1785799867,0.0,3.135707,101.6895,0.0
DMU09,51,1785799863,25.0,5.302773,102.022095,0.0
SCS32,weekday_2112,1785799879,25.0,3.08338,101.58379,0.0
EMU39,2906,1785799868,88.0,5.653925,100.49188,0.0
SCS17,weekday_2119,1785799868,114.0,3.642825,101.55592,0.0
SCS32,weekday_2112,1785799954,0.0,3.084833,101.58781,0.0
SCS25,weekday_2002,1785799956,52.0,3.192365,101.68627,0.0
SCS13,weekday_2102,1785799919,63.0,3.270323,101.559814,0.0
EMU32,2903,1785799916,92.0,5.363337,100.43336,0.0
SCS26,weekday_2012,1785799913,4.0,2.80178,101.79926,0.0
SCS07,weekday_2008,1785799913,36.0,2.988722,101.78996,0.0
SCS27,weekday_2115,1785799955,24.0,3.324417,101.57174,0.0
DMU09,51,1785799953,0.0,5.30021,102.02027,0.0
SCS17,weekday_2119,1785799928,114.0,3.628202,101.56599,0.0
SCS10,weekday_2014,1785799966,82.0,2.740832,101.88895,0.0
SCS23,weekday_2111,1785799966,2.0,3.192267,101.65458,0.0
EMU39,2906,1785799956,117.0,5.678377,100.4965,0.0
SCS24,2907,1785799946,116.0,5.721787,100.51422,0.0
SCS29,weekday_2107,1785799942,22.0,3.136893,101.691,0.0
SCS38,2904,1785799933,108.0,6.099902,100.368576,0.0
SCS32,weekday_2112,1785800029,12.0,3.084512,101.5888,0.0
DMU09,51,1785800028,13.0,5.298677,102.019516,0.0
SCS23,weekday_2111,1785800026,43.0,3.187787,101.66234,0.0
SCS10,weekday_2014,1785800026,79.0,2.740413,101.87523,0.0
SCS24,2907,1785800009,114.0,5.703378,100.51054,0.0
SCS25,weekday_2002,1785800031,0.0,3.197778,101.681625,0.0
SCS27,weekday_2115,1785800030,11.0,3.320282,101.57469,0.0
SCS07,weekday_2008,1785800003,88.0,2.995968,101.77359,0.0
SCS17,weekday_2119,1785800003,114.0,3.613157,101.582245,0.0
SCS26,weekday_2012,1785800003,75.0,2.81208,101.80879,0.0
SCS29,weekday_2107,1785800002,11.0,3.139878,101.693756,0.0
SCS38,2904,1785799993,51.0,6.111698,100.368996,0.0
EMU39,2906,1785800001,119.0,5.689937,100.50421,0.0
SCS10,weekday_2014,1785800071,0.0,2.741503,101.87132,0.0
SCS26,weekday_2012,1785800093,44.0,2.824073,101.82221,0.0
SCS07,weekday_2008,1785800093,93.0,2.99154,101.75394,0.0
SCS32,weekday_2112,1785800074,45.0,3.08432,101.592735,0.0
DMU09,51,1785800073,15.0,5.296403,102.01929,0.0
SCS29,weekday_2107,1785800062,0.0,3.14068,101.69386,0.0
SCS25,weekday_2002,1785800091,24.0,3.198952,101.68064,0.0
EMU39,2906,1785800061,117.0,5.706642,100.51133,0.0
SCS27,weekday_2115,1785800090,0.0,3.320028,101.57477,0.0
EMU32,2903,1785800066,85.0,5.366692,100.41577,0.0
SCS23,weekday_2111,1785800071,0.0,3.186837,101.663704,0.0
SCS24,2907,1785800067,114.0,5.688122,100.503006,0.0
SCS17,weekday_2119,1785800063,98.0,3.600207,101.594284,0.0
SCS13,weekday_2102,1785800054,81.0,3.28984,101.57209,0.0
SCS38,2904,1785800053,0.0,6.113618,100.36989,0.0
SCS17,weekday_2119,1785800108,97.0,3.595497,101.6041,0.0
SCS29,weekday_2107,1785800107,0.0,3.140798,101.693886,0.0
EMU39,2906,1785800106,115.0,5.720113,100.51434,0.0
EMU32,2903,1785800126,94.0,5.372483,100.40187,0.0
SCS26,weekday_2012,1785800093,44.0,2.824073,101.82221,0.0
SCS32,weekday_2112,1785800134,69.0,3.082782,101.60175,0.0
SCS23,weekday_2111,1785800131,14.0,3.186702,101.66391,0.0
SCS10,weekday_2014,1785800116,4.0,2.741503,101.87132,0.0
SCS25,weekday_2002,1785800106,34.0,3.199993,101.67971,0.0
SCS07,weekday_2008,1785800138,87.0,2.993973,101.74355,0.0
SCS27,weekday_2115,1785800105,13.0,3.319678,101.57482,0.0
SCS38,2904,1785800128,110.0,6.123357,100.37431,0.0
DMU09,51,1785800118,17.0,5.294145,102.01892,0.0
SCS09,weekday_2007,1785800117,0.0,3.238447,101.681175,0.0
EMU22,2911,1785800117,0.0,6.662443,100.31978,0.0
SCS24,2907,1785800153,109.0,5.664577,100.49373,0.0
SCS13,weekday_2102,1785800144,57.0,3.308185,101.574905,0.0
SCS32,weekday_2112,1785800194,17.0,3.083075,101.61029,0.0
SCS13,weekday_2102,1785800159,46.0,3.310333,101.57486,0.0
EMU32,2903,1785800156,86.0,5.375845,100.39556,0.0
DMU09,51,1785800193,19.0,5.290732,102.016495,0.0
SCS26,weekday_2012,1785800183,11.0,2.827283,101.82604,0.0
EMU39,2906,1785800181,117.0,5.741222,100.50673,0.0
SCS38,2904,1785800158,116.0,6.131662,100.37809,0.0
SCS09,weekday_2007,1785800147,0.0,3.238447,101.681175,0.0
SCS23,weekday_2111,1785800206,71.0,3.180583,101.67538,0.0
SCS24,2907,1785800169,107.0,5.660092,100.493,0.0
SCS10,weekday_2014,1785800206,110.0,2.746715,101.85286,0.0
SCS29,weekday_2107,1785800197,19.0,3.144518,101.69287,0.0
SCS25,weekday_2002,1785800196,0.0,3.204287,101.67606,0.0
SCS17,weekday_2119,1785800183,94.0,3.57709,101.613525,0.0
SCS07,weekday_2008,1785800183,67.0,3.000522,101.736465,0.0
SCS27,2908,1785800180,85.0,3.310283,101.57497,0.0
EMU22,2911,1785800177,35.0,6.660647,100.31754,0.0
EMU39,2906,1785800271,114.0,5.766303,100.49565,0.0
SCS27,2908,1785800270,88.0,3.28978,101.572235,0.0
SCS24,2907,1785800260,0.0,5.643618,100.4902,0.0
SCS17,weekday_2119,1785800243,112.0,3.565575,101.62292,0.0
SCS25,weekday_2002,1785800241,14.0,3.205198,101.67534,0.0
EMU32,2903,1785800216,73.0,5.38189,100.384125,0.0
EMU22,2911,1785800267,44.0,6.654328,100.30829,0.0
SCS10,weekday_2014,1785800266,73.0,2.751028,101.83743,0.0
SCS13,weekday_2102,1785800264,0.0,3.319058,101.5747,0.0
SCS23,weekday_2111,1785800221,72.0,3.178922,101.67781,0.0
SCS32,weekday_2112,1785800254,3.0,3.083175,101.61088,0.0
DMU09,51,1785800253,13.0,5.289565,102.013016,0.0
SCS09,weekday_2007,1785800252,27.0,3.233635,101.678535,0.0
SCS07,weekday_2008,1785800273,22.0,3.004518,101.73017,0.0
SCS26,weekday_2012,1785800273,0.0,2.82988,101.82668,0.0
SCS29,weekday_2107,1785800272,55.0,3.150853,101.69069,0.0
SCS17,weekday_2119,1785800318,66.0,3.55806,101.637726,0.0
SCS07,weekday_2008,1785800318,23.0,3.005947,101.7275,0.0
DMU09,51,1785800268,14.0,5.289548,102.0123,0.0
SCS29,weekday_2107,1785800317,24.0,3.155442,101.693535,0.0
SCS25,weekday_2002,1785800316,36.0,3.212385,101.67205,0.0
EMU39,2906,1785800316,116.0,5.779102,100.49062,0.0
SCS27,2908,1785800315,70.0,3.282447,101.56675,0.0
SCS32,weekday_2112,1785800314,60.0,3.084107,101.617836,0.0
SCS24,2907,1785800312,27.0,5.643025,100.490005,0.0
SCS23,weekday_2111,1785800311,43.0,3.167447,101.68839,0.0
EMU22,2911,1785800297,84.0,6.651435,100.3041,0.0
SCS09,weekday_2007,1785800297,48.0,3.23065,101.67463,0.0
SCS10,weekday_2014,1785800281,45.0,2.751672,101.835144,0.0
EMU32,2903,1785800276,26.0,5.384677,100.37888,0.0
SCS13,weekday_2102,1785800279,0.0,3.319058,101.5747,0.0
SCS38,2904,1785800278,114.0,6.167315,100.37885,0.0
SCS07,weekday_2008,1785800363,60.0,3.010497,101.725235,0.0
SCS29,weekday_2107,1785800362,58.0,3.159547,101.69276,0.0
SCS24,2907,1785800359,88.0,5.634872,100.48963,0.0
SCS17,weekday_2119,1785800348,21.0,3.55415,101.63938,0.0
SCS32,weekday_2112,1785800359,0.0,3.084475,101.62136,0.0
EMU22,2911,1785800357,119.0,6.64305,100.28883,0.0
SCS27,2908,1785800375,63.0,3.272855,101.56141,0.0
SCS09,weekday_2007,1785800357,67.0,3.22169,101.67255,0.0
SCS23,weekday_2111,1785800371,0.0,3.166023,101.69034,0.0
SCS10,weekday_2014,1785800371,23.0,2.753362,101.829254,0.0
SCS25,weekday_2002,1785800376,0.0,3.21381,101.67212,0.0
SCS13,weekday_2102,1785800369,34.0,3.3239,101.57196,0.0
EMU39,2906,1785800376,120.0,5.79576,100.482925,0.0
DMU09,51,1785800373,13.0,5.29129,102.00695,0.0
SCS26,weekday_2012,1785800363,19.0,2.831905,101.82709,0.0
SCS27,2908,1785800435,34.0,3.263955,101.55783,0.0
SCS13,weekday_2102,1785800414,75.0,3.329443,101.56888,0.0
SCS38,2904,1785800443,62.0,6.186178,100.372925,0.0
SCS32,weekday_2112,1785800389,0.0,3.084475,101.62136,0.0
DMU09,51,1785800388,11.0,5.290918,102.00637,0.0
EMU22,2911,1785800387,115.0,6.637532,100.28146,0.0
SCS09,weekday_2007,1785800447,0.0,3.215093,101.67223,0.0
SCS10,weekday_2014,1785800446,0.0,2.754265,101.82612,0.0
SCS23,weekday_2111,1785800446,32.0,3.165292,101.69122,0.0
EMU32,2903,1785800426,24.0,5.39026,100.3704,0.0
SCS24,2907,1785800423,114.0,5.618822,100.49631,0.0
SCS07,weekday_2008,1785800423,18.0,3.01743,101.71998,0.0
SCS26,weekday_2012,1785800423,23.0,2.835598,101.82778,0.0
SCS17,weekday_2119,1785800423,46.0,3.552522,101.63944,0.0
SCS29,weekday_2107,1785800422,22.0,3.166645,101.68953,0.0
EMU39,2906,1785800421,114.0,5.809508,100.479546,0.0
SCS25,weekday_2002,1785800421,42.0,3.217008,101.67228,0.0
EMU22,2911,1785800492,119.0,6.61222,100.26404,0.0
SCS38,2904,1785800488,116.0,6.196388,100.36853,0.0
SCS32,weekday_2112,1785800434,65.0,3.085025,101.62594,0.0
EMU32,2903,1785800486,14.0,5.392498,100.36741,0.0
SCS09,weekday_2007,1785800492,47.0,3.211193,101.6721,0.0
SCS17,weekday_2119,1785800468,92.0,3.543508,101.63658,0.0
SCS27,2908,1785800450,16.0,3.263007,101.55727,0.0
SCS10,weekday_2014,1785800491,18.0,2.754642,101.824554,0.0
SCS23,weekday_2111,1785800491,65.0,3.15952,101.69283,0.0
SCS24,2907,1785800453,116.0,5.609767,100.495964,0.0
SCS29,weekday_2107,1785800452,26.0,3.167563,101.68783,0.0
EMU39,2906,1785800451,73.0,5.816928,100.47855,0.0
SCS13,weekday_2102,1785800444,67.0,3.334405,101.571556,0.0
SCS07,weekday_2008,1785800468,24.0,3.019313,101.71808,0.0
SCS26,weekday_2012,1785800468,76.0,2.840828,101.827484,0.0
SCS25,weekday_2002,1785800466,49.0,3.223063,101.67255,0.0
DMU09,51,1785800493,20.0,5.285398,102.00611,0.0
EMU39,2906,1785800526,0.0,5.824335,100.47793,0.0
SCS07,weekday_2008,1785800543,13.0,3.023485,101.715775,0.0
SCS17,weekday_2119,1785800543,92.0,3.526613,101.62979,0.0
SCS13,weekday_2102,1785800519,95.0,3.351073,101.57198,0.0
SCS25,weekday_2002,1785800541,10.0,3.23064,101.67457,0.0
SCS32,weekday_2112,1785800554,49.0,3.08425,101.63388,0.0
DMU09,51,1785800553,52.0,5.27961,102.006805,0.0
SCS24,2907,1785800553,117.0,5.580212,100.49519,0.0
SCS09,weekday_2007,1785800552,4.0,3.205458,101.67518,0.0
EMU22,2911,1785800552,119.0,6.593638,100.26318,0.0
SCS10,weekday_2014,1785800551,99.0,2.757202,101.815475,0.0
SCS38,2904,1785800533,114.0,6.209862,100.365776,0.0
SCS27,2908,1785800555,0.0,3.258795,101.55511,0.0
SCS23,weekday_2111,1785800536,0.0,3.154838,101.69324,0.0
SCS17,weekday_2119,1785800588,93.0,3.515725,101.629364,0.0
SCS07,weekday_2008,1785800588,0.0,3.023848,101.715614,0.0
EMU39,2906,1785800571,47.0,5.826327,100.47776,0.0
SCS32,weekday_2112,1785800614,83.0,3.08237,101.64592,0.0
EMU22,2911,1785800612,116.0,6.575685,100.26054,0.0
SCS24,2907,1785800620,114.0,5.560157,100.4985,0.0
SCS25,weekday_2002,1785800616,21.0,3.23214,101.67651,0.0
SCS13,weekday_2102,1785800609,92.0,3.362668,101.583694,0.0
SCS27,2908,1785800615,18.0,3.258008,101.55489,0.0
SCS23,weekday_2111,1785800611,0.0,3.154838,101.69324,0.0
SCS10,weekday_2014,1785800611,98.0,2.768427,101.80497,0.0
DMU09,51,1785800613,42.0,5.27137,102.00912,0.0
SCS38,2904,1785800608,114.0,6.231937,100.36126,0.0
SCS26,weekday_2012,1785800588,30.0,2.859262,101.82055,0.0
SCS09,weekday_2007,1785800582,0.0,3.205448,101.675186,0.0
SCS25,weekday_2002,1785800676,25.0,3.234457,101.67953,0.0
SCS27,2908,1785800675,22.0,3.253665,101.55487,0.0
EMU39,2906,1785800670,103.0,5.848972,100.476845,0.0
SCS32,weekday_2112,1785800674,25.0,3.0831,101.65534,0.0
SCS17,weekday_2119,1785800663,25.0,3.501208,101.63407,0.0
SCS26,weekday_2012,1785800648,7.0,2.862027,101.819756,0.0
SCS07,weekday_2008,1785800648,14.0,3.025202,101.714905,0.0
SCS24,2907,1785800672,114.0,5.544792,100.501335,0.0
SCS23,weekday_2111,1785800671,41.0,3.148353,101.69072,0.0
SCS10,weekday_2014,1785800671,104.0,2.78393,101.799484,0.0
DMU09,51,1785800628,27.0,5.269895,102.00945,0.0
EMU22,2911,1785800627,117.0,6.571275,100.259224,0.0
SCS09,weekday_2007,1785800627,54.0,3.20315,101.67706,0.0
SCS13,weekday_2102,1785800684,99.0,3.367465,101.60309,0.0
DMU09,51,1785800733,28.0,5.267192,102.00966,0.0
SCS13,weekday_2102,1785800714,80.0,3.37112,101.60935,0.0
EMU22,2911,1785800732,109.0,6.53936,100.25958,0.0
SCS07,weekday_2008,1785800693,14.0,3.027025,101.71389,0.0
EMU39,2906,1785800715,116.0,5.862175,100.47689,0.0
SCS25,weekday_2002,1785800691,19.0,3.23525,101.68047,0.0
SCS24,2907,1785800745,114.0,5.523675,100.50729,0.0
SCS32,weekday_2112,1785800734,18.0,3.08345,101.65634,0.0
SCS38,2904,1785800728,114.0,6.266803,100.35414,0.0
SCS23,weekday_2111,1785800732,21.0,3.144795,101.692665,0.0
SCS09,weekday_2007,1785800717,10.0,3.198638,101.680885,0.0
SCS10,weekday_2014,1785800716,100.0,2.795663,101.79601,0.0
SCS26,weekday_2012,1785800693,45.0,2.864682,101.81914,0.0
SCS17,weekday_2119,1785800693,0.0,3.500847,101.63412,0.0
SCS27,2908,1785800750,78.0,3.243337,101.56058,0.0
SCS26,weekday_2012,1785800768,10.0,2.871637,101.81794,0.0
SCS17,weekday_2119,1785800768,87.0,3.494137,101.63513,0.0
SCS07,weekday_2008,1785800768,65.0,3.031435,101.709564,0.0
SCS13,weekday_2102,1785800774,0.0,3.375692,101.61392,0.0
SCS25,weekday_2002,1785800811,0.0,3.237072,101.68122,0.0
SCS27,2908,1785800810,104.0,3.227772,101.56071,0.0
SCS38,2904,1785800803,114.0,6.288905,100.349625,0.0
SCS32,weekday_2112,1785800794,24.0,3.08496,101.660545,0.0
SCS10,weekday_2014,1785800791,0.0,2.8027,101.800095,0.0
EMU39,2906,1785800790,117.0,5.88486,100.47693,0.0
SCS24,2907,1785800790,114.0,5.510495,100.5056,0.0
DMU09,51,1785800763,55.0,5.263397,102.00988,0.0
SCS09,weekday_2007,1785800762,51.0,3.194678,101.68431,0.0
SCS23,weekday_2111,1785800762,18.0,3.143268,101.69396,0.0
EMU22,2911,1785800762,96.0,6.530987,100.25814,0.0
SCS24,2907,1785800850,105.0,5.493475,100.50103,0.0
SCS25,weekday_2002,1785800856,0.0,3.237072,101.68122,0.0
SCS10,weekday_2014,1785800851,46.0,2.803823,101.801186,0.0
EMU39,2906,1785800850,113.0,5.90228,100.47296,0.0
DMU09,51,1785800838,43.0,5.25228,102.01036,0.0
SCS09,weekday_2007,1785800822,44.0,3.188005,101.689224,0.0
EMU22,2911,1785800822,0.0,6.523387,100.25684,0.0
SCS13,weekday_2102,1785800819,47.0,3.376638,101.614876,0.0
SCS27,2908,1785800870,98.0,3.214645,101.570274,0.0
SCS38,2904,1785800863,114.0,6.30662,100.34601,0.0
SCS17,weekday_2119,1785800888,5.0,3.468998,101.6379,0.0
DMU09,51,1785800913,0.0,5.248748,102.00975,0.0
EMU22,2911,1785800912,80.0,6.517848,100.25589,0.0
SCS09,weekday_2007,1785800912,0.0,3.182745,101.688896,0.0
SCS23,weekday_2111,1785800912,22.0,3.137837,101.69284,0.0
SCS07,weekday_2008,1785800888,83.0,3.055212,101.70689,0.0
SCS25,weekday_2002,1785800886,0.0,3.237072,101.68122,0.0
SCS27,2908,1785800930,28.0,3.208472,101.57572,0.0
SCS38,2904,1785800908,114.0,6.319123,100.341354,0.0
SCS24,2907,1785800889,59.0,5.484843,100.498726,0.0
SCS26,weekday_2012,1785800888,30.0,2.878477,101.81543,0.0
SCS10,weekday_2014,1785800881,86.0,2.80805,101.80509,0.0
EMU39,2906,1785800880,118.0,5.910845,100.469666,0.0
SCS13,weekday_2102,1785800879,106.0,3.386945,101.62514,0.0
SCS13,weekday_2102,1785800984,96.0,3.413623,101.62694,0.0
EMU39,2906,1785800970,118.0,5.93663,100.45977,0.0
SCS26,weekday_2012,1785800963,88.0,2.885397,101.80298,0.0
SCS17,weekday_2119,1785800963,65.0,3.466362,101.63742,0.0
SCS25,weekday_2002,1785800961,0.0,3.237072,101.68122,0.0
SCS27,2908,1785800960,26.0,3.207075,101.5775,0.0
DMU09,51,1785800928,3.0,5.248688,102.00976,0.0
SCS09,weekday_2007,1785800927,0.0,3.182745,101.688896,0.0
SCS32,weekday_2112,1785800974,45.0,3.088153,101.66896,0.0
SCS38,2904,1785800968,115.0,6.333597,100.33055,0.0
SCS24,2907,1785800965,11.0,5.482655,100.49814,0.0
SCS07,weekday_2008,1785800963,81.0,3.072773,101.70907,0.0
SCS23,weekday_2111,1785800927,20.0,3.137248,101.69213,0.0
SCS10,weekday_2014,1785800986,52.0,2.823193,101.821144,0.0
SCS24,2907,1785801032,97.0,5.471345,100.49598,0.0
SCS38,2904,1785801013,114.0,6.344442,100.32245,0.0
DMU09,51,1785801033,56.0,5.23519,102.00973,0.0
SCS09,weekday_2007,1785801032,20.0,3.176797,101.686,0.0
SCS10,weekday_2014,1785801031,24.0,2.825375,101.82419,0.0
EMU39,2906,1785801030,116.0,5.952795,100.45148,0.0
SCS07,weekday_2008,1785801023,0.0,3.076735,101.711525,0.0
SCS17,weekday_2119,1785801023,111.0,3.450618,101.63959,0.0
SCS13,weekday_2102,1785801014,92.0,3.420682,101.62465,0.0
SCS26,weekday_2012,1785800993,95.0,2.889687,101.7972,0.0
SCS25,weekday_2002,1785800991,0.0,3.237072,101.68122,0.0
SCS27,2908,1785800990,9.0,3.206535,101.57954,0.0
SCS23,weekday_2111,1785801002,0.0,3.135703,101.68851,0.0
SCS32,weekday_2112,1785801049,0.0,3.095055,101.66982,0.0
SCS17,weekday_2119,1785801083,109.0,3.434193,101.633835,0.0
DMU09,51,1785801093,0.0,5.230835,102.010284,0.0
SCS25,weekday_2002,1785801081,0.0,3.237072,101.68122,0.0
SCS27,2908,1785801080,28.0,3.205708,101.58204,0.0
SCS10,weekday_2014,1785801076,18.0,2.827385,101.82613,0.0
EMU39,2906,1785801045,113.0,5.956748,100.44925,0.0
SCS13,weekday_2102,1785801059,103.0,3.430358,101.63066,0.0
SCS38,2904,1785801058,112.0,6.355143,100.31444,0.0
SCS09,weekday_2007,1785801077,23.0,3.173438,101.68477,0.0
SCS07,weekday_2008,1785801098,36.0,3.079235,101.71474,0.0
SCS26,weekday_2012,1785801098,8.0,2.903617,101.78615,0.0
SCS32,weekday_2112,1785801094,46.0,3.096728,101.67019,0.0
EMU22,2911,1785801097,116.0,6.464718,100.25701,0.0
SCS24,2907,1785801101,114.0,5.451625,100.493,0.0
SCS27,2908,1785801155,86.0,3.20193,101.58977,0.0
EMU22,2911,1785801127,118.0,6.455905,100.26006,0.0
SCS32,weekday_2112,1785801154,72.0,3.107195,101.6737,0.0
SCS26,weekday_2012,1785801143,0.0,2.903747,101.78621,0.0
SCS38,2904,1785801133,49.0,6.369683,100.30359,0.0
SCS17,weekday_2119,1785801113,95.0,3.427772,101.62876,0.0
SCS25,weekday_2002,1785801141,0.0,3.237072,101.68122,0.0
DMU09,51,1785801138,1.0,5.230612,102.01032,0.0
SCS07,weekday_2008,1785801158,56.0,3.08579,101.71364,0.0
SCS10,weekday_2014,1785801136,21.0,2.830267,101.82684,0.0
EMU39,2906,1785801135,3.0,5.971778,100.44075,0.0
SCS13,weekday_2102,1785801134,101.0,3.448395,101.63907,0.0
SCS24,2907,1785801131,114.0,5.44292,100.49071,0.0
SCS13,weekday_2102,1785801194,89.0,3.463687,101.63737,0.0
SCS32,weekday_2112,1785801214,0.0,3.112798,101.6734,0.0
SCS10,weekday_2014,1785801211,18.0,2.832177,101.82719,0.0
SCS27,2908,1785801200,79.0,3.201115,101.59952,0.0
DMU09,51,1785801228,53.0,5.221322,102.01169,0.0
EMU39,2906,1785801210,67.0,5.975673,100.438545,0.0
SCS09,weekday_2007,1785801208,15.0,3.166302,101.69005,0.0
SCS24,2907,1785801234,115.0,5.415762,100.476494,0.0
SCS07,weekday_2008,1785801233,7.0,3.09225,101.710304,0.0
SCS17,weekday_2119,1785801233,114.0,3.397143,101.628296,0.0
SCS26,weekday_2012,1785801233,16.0,2.90627,101.789154,0.0
EMU22,2911,1785801232,23.0,6.431655,100.26844,0.0
SCS25,weekday_2002,1785801231,0.0,3.237072,101.68122,0.0
SCS38,2904,1785801223,59.0,6.372932,100.30115,0.0
SCS32,weekday_2112,1785801274,33.0,3.114865,101.67258,0.0
DMU09,51,1785801273,34.0,5.215823,102.01251,0.0
SCS10,weekday_2014,1785801271,16.0,2.835453,101.82777,0.0
SCS07,weekday_2008,1785801263,6.0,3.092598,101.71025,0.0
SCS26,weekday_2012,1785801263,11.0,2.906543,101.79056,0.0
SCS17,weekday_2119,1785801263,113.0,3.388598,101.62647,0.0
EMU22,2911,1785801262,0.0,6.431337,100.26855,0.0
EMU39,2906,1785801270,106.0,5.988158,100.43148,0.0
SCS25,weekday_2002,1785801261,0.0,3.237072,101.68122,0.0
SCS38,2904,1785801283,115.0,6.385693,100.29161,0.0
SCS09,weekday_2007,1785801223,0.0,3.166062,101.69031,0.0
SCS24,2907,1785801273,118.0,5.404462,100.4726,0.0
SCS27,2908,1785801275,80.0,3.204812,101.61455,0.0
SCS13,weekday_2102,1785801254,0.0,3.467805,101.63756,0.0
EMU39,2906,1785801345,114.0,6.0076,100.42049,0.0
SCS38,2904,1785801343,114.0,6.400138,100.28084,0.0
SCS07,weekday_2008,1785801338,39.0,3.096947,101.70706,0.0
SCS17,weekday_2119,1785801338,9.0,3.376545,101.61499,0.0
EMU22,2911,1785801337,106.0,6.42043,100.27227,0.0
SCS25,weekday_2002,1785801336,0.0,3.237072,101.68122,0.0
SCS09,weekday_2007,1785801328,33.0,3.163465,101.691986,0.0
SCS24,2907,1785801320,111.0,5.390287,100.47073,0.0
SCS27,2908,1785801335,58.0,3.208597,101.62435,0.0
SCS32,weekday_2112,1785801334,0.0,3.118517,101.6732,0.0
DMU09,51,1785801333,0.0,5.214013,102.01253,0.0
SCS10,weekday_2014,1785801286,17.0,2.836257,101.82792,0.0
SCS26,weekday_2012,1785801323,72.0,2.90941,101.79487,0.0
EMU22,2911,1785801352,117.0,6.416252,100.27371,0.0
SCS26,weekday_2012,1785801383,78.0,2.922193,101.79601,0.0
SCS32,weekday_2112,1785801379,4.0,3.118517,101.6732,0.0
SCS24,2907,1785801399,94.0,5.367978,100.46794,0.0
SCS13,weekday_2102,1785801389,72.0,3.494297,101.63501,0.0
SCS07,weekday_2008,1785801383,0.0,3.098565,101.70503,0.0
SCS25,weekday_2002,1785801396,0.0,3.237072,101.68122,0.0
DMU09,51,1785801393,32.0,5.211988,102.01255,0.0
SCS38,2904,1785801388,114.0,6.41226,100.275055,0.0
SCS10,weekday_2014,1785801391,72.0,2.852657,101.82249,0.0
EMU39,2906,1785801390,115.0,6.019457,100.41377,0.0
SCS27,2908,1785801395,0.0,3.208768,101.62776,0.0
SCS09,weekday_2007,1785801388,25.0,3.155377,101.69351,0.0
SCS17,weekday_2119,1785801353,0.0,3.37646,101.61491,0.0
EMU22,2911,1785801442,114.0,6.391987,100.28698,0.0
SCS24,2907,1785801414,81.0,5.364723,100.46753,0.0
SCS32,weekday_2112,1785801454,7.0,3.122413,101.675934,0.0
SCS09,weekday_2007,1785801448,0.0,3.154955,101.693275,0.0
SCS26,weekday_2012,1785801443,84.0,2.9344,101.79417,0.0
SCS07,weekday_2008,1785801443,20.0,3.099742,101.70346,0.0
SCS17,weekday_2119,1785801443,86.0,3.372153,101.61058,0.0
SCS10,weekday_2014,1785801436,48.0,2.859085,101.820656,0.0
EMU39,2906,1785801435,113.0,6.03134,100.407074,0.0
SCS13,weekday_2102,1785801419,29.0,3.498968,101.63431,0.0
SCS27,2908,1785801410,0.0,3.208768,101.62776,0.0
DMU09,51,1785801408,43.0,5.2103,102.01256,0.0
SCS25,weekday_2002,1785801456,0.0,3.237072,101.68122,0.0
SCS38,2904,1785801448,80.0,6.427208,100.26993,0.0
SCS32,weekday_2112,1785801529,0.0,3.122593,101.67612,0.0
DMU09,51,1785801528,45.0,5.195382,102.0136,0.0
SCS10,weekday_2014,1785801526,13.0,2.863927,101.81929,0.0
SCS27,2908,1785801515,22.0,3.203588,101.63655,0.0
SCS24,2907,1785801519,46.0,5.360687,100.46099,0.0
SCS09,weekday_2007,1785801508,43.0,3.15152,101.69096,0.0
SCS38,2904,1785801508,0.0,6.43254,100.26806,0.0
SCS07,weekday_2008,1785801518,85.0,3.106295,101.69532,0.0
EMU22,2911,1785801517,81.0,6.374182,100.300255,0.0
SCS26,weekday_2012,1785801488,19.0,2.938872,101.78888,0.0
SCS17,weekday_2119,1785801503,112.0,3.364902,101.59545,0.0
SCS13,weekday_2102,1785801509,77.0,3.506317,101.633194,0.0
SCS25,weekday_2002,1785801516,0.0,3.237072,101.68122,0.0
EMU39,2906,1785801507,112.0,6.050167,100.39642,0.0
SCS17,weekday_2119,1785801548,92.0,3.362568,101.58375,0.0
SCS26,weekday_2012,1785801548,10.0,2.939195,101.788445,0.0
SCS09,weekday_2007,1785801538,48.0,3.14796,101.690994,0.0
EMU39,2906,1785801582,114.0,6.069777,100.38533,0.0
SCS32,weekday_2112,1785801574,0.0,3.122593,101.67612,0.0
DMU09,51,1785801588,45.0,5.187103,102.01081,0.0
SCS10,weekday_2014,1785801586,37.0,2.870863,101.81824,0.0
SCS13,weekday_2102,1785801569,88.0,3.519222,101.62864,0.0
SCS24,2907,1785801549,49.0,5.363738,100.45827,0.0
SCS07,weekday_2008,1785801548,83.0,3.110615,101.689995,0.0
SCS27,2908,1785801590,42.0,3.201577,101.63849,0.0
EMU22,2911,1785801562,0.0,6.37053,100.30298,0.0
SCS25,weekday_2002,1785801561,0.0,3.237072,101.68122,0.0
SCS38,2904,1785801553,30.0,6.433495,100.26776,0.0
SCS24,2907,1785801643,0.0,5.36619,100.44846,0.0
EMU39,2906,1785801642,119.0,6.085903,100.37649,0.0
EMU22,2911,1785801622,12.0,6.370372,100.30311,0.0
SCS10,weekday_2014,1785801601,9.0,2.871837,101.817924,0.0
SCS17,weekday_2119,1785801608,95.0,3.357865,101.57151,0.0
SCS25,weekday_2002,1785801606,0.0,3.237072,101.68122,0.0
SCS27,2908,1785801635,77.0,3.197318,101.64311,0.0
SCS32,weekday_2112,1785801634,24.0,3.123647,101.67727,0.0
DMU09,51,1785801633,47.0,5.180597,102.01068,0.0
SCS07,weekday_2008,1785801608,11.0,3.113762,101.681175,0.0
SCS26,weekday_2012,1785801608,86.0,2.946917,101.78769,0.0
SCS13,weekday_2102,1785801599,92.0,3.526148,101.62966,0.0
SCS27,2908,1785801695,32.0,3.192678,101.653755,0.0
SCS25,weekday_2002,1785801681,0.0,3.237072,101.68122,0.0
SCS24,2907,1785801667,0.0,5.36619,100.44846,0.0
SCS13,weekday_2102,1785801689,95.0,3.546268,101.638374,0.0
SCS38,2904,1785801703,114.0,6.471747,100.254585,0.0
SCS09,weekday_2007,1785801703,0.0,3.140397,101.69397,0.0
EMU39,2906,1785801702,101.0,6.101027,100.36793,0.0
DMU09,51,1785801693,23.0,5.175762,102.009186,0.0
SCS10,weekday_2014,1785801691,20.0,2.87682,101.816315,0.0
SCS32,weekday_2112,1785801691,17.0,3.127078,101.678986,0.0
SCS07,weekday_2008,1785801683,3.0,3.114115,101.68076,0.0
SCS26,weekday_2012,1785801683,31.0,2.961263,101.79236,0.0
SCS17,weekday_2119,1785801683,79.0,3.339087,101.5727,0.0
EMU22,2911,1785801682,106.0,6.361322,100.30987,0.0
SCS17,weekday_2119,1785801758,31.0,3.328527,101.56911,0.0
SCS25,weekday_2002,1785801696,0.0,3.237072,101.68122,0.0
SCS27,2908,1785801770,53.0,3.191565,101.656265,0.0
SCS38,2904,1785801763,114.0,6.489665,100.2535,0.0
SCS13,weekday_2102,1785801749,0.0,3.55264,101.639465,0.0
SCS09,weekday_2007,1785801748,25.0,3.138797,101.69342,0.0
EMU39,2906,1785801747,49.0,6.110002,100.36823,0.0
SCS26,weekday_2012,1785801713,0.0,2.961917,101.792114,0.0
SCS07,weekday_2008,1785801713,0.0,3.114423,101.68049,0.0
DMU09,51,1785801768,0.0,5.173955,102.009834,0.0
SCS10,weekday_2014,1785801766,88.0,2.883392,101.81004,0.0
SCS32,weekday_2112,1785801766,5.0,3.130237,101.68153,0.0
SCS24,2907,1785801754,71.0,5.366765,100.44105,0.0
SCS27,2908,1785801830,21.0,3.187098,101.663376,0.0
SCS38,2904,1785801823,112.0,6.507432,100.2541,0.0
EMU39,2906,1785801822,0.0,6.112725,100.36944,0.0
SCS24,2907,1785801799,71.0,5.363228,100.43321,0.0
SCS32,weekday_2112,1785801811,3.0,3.130707,101.681915,0.0
SCS10,weekday_2014,1785801811,85.0,2.886603,101.80073,0.0
EMU22,2911,1785801828,119.0,6.325878,100.33638,0.0
DMU09,51,1785801828,21.0,5.172547,102.01138,0.0
SCS09,weekday_2007,1785801793,22.0,3.136903,101.69108,0.0
SCS13,weekday_2102,1785801824,96.0,3.560422,101.63342,0.0
SCS26,weekday_2012,1785801788,47.0,2.964545,101.7912,0.0
SCS07,weekday_2008,1785801788,0.0,3.116837,101.679375,0.0
SCS17,weekday_2119,1785801788,37.0,3.325753,101.57074,0.0
SCS26,weekday_2012,1785801848,42.0,2.974117,101.79031,0.0
SCS24,2907,1785801841,64.0,5.363107,100.42498,0.0
SCS10,weekday_2014,1785801841,108.0,2.891953,101.79471,0.0
SCS13,weekday_2102,1785801884,88.0,3.567175,101.620514,0.0
SCS07,weekday_2008,1785801878,0.0,3.119195,101.67875,0.0
EMU22,2911,1785801843,116.0,6.322165,100.33915,0.0
SCS32,weekday_2112,1785801841,26.0,3.131982,101.68293,0.0
SCS17,weekday_2119,1785801893,0.0,3.320092,101.57473,0.0
SCS27,2908,1785801890,0.0,3.18685,101.663666,0.0
DMU09,51,1785801873,43.0,5.170328,102.016235,0.0
SCS38,2904,1785801868,76.0,6.519243,100.25609,0.0
EMU39,2906,1785801882,85.0,6.119917,100.37275,0.0
SCS09,weekday_2007,1785801868,0.0,3.137315,101.688835,0.0
SCS17,weekday_2119,1785801923,0.0,3.320092,101.57473,0.0
DMU09,51,1785801918,36.0,5.171692,102.02118,0.0
SCS10,weekday_2014,1785801946,14.0,2.904708,101.786766,0.0
SCS13,weekday_2102,1785801944,93.0,3.579205,101.61335,0.0
SCS27,2908,1785801935,51.0,3.186028,101.66483,0.0
SCS07,weekday_2008,1785801923,13.0,3.121515,101.67842,0.0
EMU22,2911,1785801918,119.0,6.300743,100.34722,0.0
SCS32,weekday_2112,1785801916,0.0,3.132448,101.68352,0.0
SCS38,2904,1785801943,0.0,6.5244,100.25699,0.0
SCS09,weekday_2007,1785801943,0.0,3.137315,101.688835,0.0
EMU39,2906,1785801942,113.0,6.13447,100.37935,0.0
SCS24,2907,1785801931,19.0,5.364427,100.42154,0.0
SCS07,weekday_2008,1785801998,30.0,3.12713,101.679146,0.0
SCS13,weekday_2102,1785801989,93.0,3.588985,101.60848,0.0
SCS38,2904,1785801988,71.0,6.529052,100.257774,0.0
SCS09,weekday_2007,1785801988,0.0,3.137315,101.688835,0.0
SCS26,weekday_2012,1785801988,21.0,2.981158,101.79048,0.0
EMU22,2911,1785801993,118.0,6.277965,100.35187,0.0
DMU09,51,1785801993,54.0,5.17285,102.029236,0.0
SCS27,2908,1785801995,88.0,3.179962,101.67626,0.0
SCS32,weekday_2112,1785801946,0.0,3.132448,101.68352,0.0
SCS10,weekday_2014,1785802006,0.0,2.904837,101.78688,0.0
SCS17,weekday_2119,1785801998,65.0,3.31393,101.57493,0.0
SCS24,2907,1785802009,102.0,5.370292,100.406425,0.0
EMU39,2906,1785802002,116.0,6.152508,100.379875,0.0
EMU22,2911,1785802053,116.0,6.259732,100.3556,0.0
SCS10,weekday_2014,1785802051,18.0,2.905902,101.788155,0.0
EMU39,2906,1785802047,114.0,6.165875,100.37896,0.0
SCS32,weekday_2112,1785802036,0.0,3.134717,101.68599,0.0
SCS26,weekday_2012,1785802033,0.0,2.982102,101.79049,0.0
DMU09,51,1785802008,45.0,5.172898,102.03136,0.0
SCS13,weekday_2102,1785802049,95.0,3.599225,101.59913,0.0
SCS07,weekday_2008,1785802043,5.0,3.128855,101.68059,0.0
SCS17,weekday_2119,1785802043,85.0,3.303682,101.575035,0.0
SCS38,2904,1785802033,114.0,6.540512,100.25974,0.0
SCS09,weekday_2007,1785802033,0.0,3.137315,101.688835,0.0
SCS24,2907,1785802049,92.0,5.374872,100.3973,0.0
SCS27,2908,1785802040,68.0,3.173332,101.68373,0.0
SCS17,weekday_2119,1785802118,79.0,3.288473,101.57108,0.0
SCS07,weekday_2008,1785802118,0.0,3.1289,101.68062,0.0
SCS24,2907,1785802116,68.0,5.381718,100.384384,0.0
SCS27,2908,1785802115,12.0,3.166162,101.69022,0.0
EMU22,2911,1785802098,112.0,6.246153,100.35838,0.0
DMU09,51,1785802098,35.0,5.167543,102.037285,0.0
SCS10,weekday_2014,1785802096,17.0,2.906503,101.79051,0.0
EMU39,2906,1785802107,55.0,6.180758,100.37643,0.0
SCS26,weekday_2012,1785802093,7.0,2.982295,101.79051,0.0
SCS38,2904,1785802093,114.0,6.558718,100.25948,0.0
SCS13,weekday_2102,1785802064,103.0,3.599803,101.5952,0.0
SCS09,weekday_2007,1785802063,16.0,3.132502,101.68297,0.0
SCS32,weekday_2112,1785802066,0.0,3.134717,101.68599,0.0
SCS24,2907,1785802185,0.0,5.384198,100.37972,0.0
SCS13,weekday_2102,1785802184,105.0,3.621543,101.57168,0.0
SCS38,2904,1785802183,115.0,6.58525,100.262505,0.0
SCS07,weekday_2008,1785802178,0.0,3.1289,101.68062,0.0
SCS32,weekday_2112,1785802156,19.0,3.136885,101.69076,0.0
SCS27,2908,1785802175,2.0,3.16599,101.690445,0.0
SCS09,weekday_2007,1785802153,19.0,3.12713,101.679245,0.0
SCS26,weekday_2012,1785802153,17.0,2.984665,101.7902,0.0
DMU09,51,1785802158,41.0,5.161697,102.03812,0.0
EMU39,2906,1785802152,0.0,6.182872,100.375046,0.0
SCS10,weekday_2014,1785802171,59.0,2.909407,101.79489,0.0
SCS17,weekday_2119,1785802148,67.0,3.283635,101.56785,0.0
SCS17,weekday_2119,1785802238,66.0,3.270242,101.55993,0.0
SCS07,weekday_2008,1785802238,17.0,3.131563,101.68275,0.0
DMU09,51,1785802233,24.0,5.155165,102.04239,0.0
EMU39,2906,1785802227,86.0,6.189522,100.37072,0.0
EMU22,2911,1785802232,115.0,6.20603,100.36661,0.0
SCS13,weekday_2102,1785802229,103.0,3.630912,101.563705,0.0
SCS09,weekday_2007,1785802228,21.0,3.121528,101.67828,0.0
SCS26,weekday_2012,1785802228,77.0,2.991153,101.78573,0.0
SCS10,weekday_2014,1785802216,83.0,2.918535,101.796585,0.0
SCS27,2908,1785802190,17.0,3.165633,101.690865,0.0
SCS32,weekday_2112,1785802201,14.0,3.137975,101.692795,0.0
SCS24,2907,1785802200,21.0,5.384447,100.37925,0.0
SCS38,2904,1785802243,114.0,6.603307,100.26326,0.0
EMU39,2906,1785802302,113.0,6.209583,100.36584,0.0
SCS24,2907,1785802302,0.0,5.38721,100.37361,0.0
SCS07,weekday_2008,1785802298,0.0,3.13216,101.68331,0.0
SCS10,weekday_2014,1785802291,76.0,2.934053,101.794365,0.0
SCS32,weekday_2112,1785802291,1.0,3.139027,101.693436,0.0
DMU09,51,1785802278,16.0,5.15271,102.04347,0.0
EMU22,2911,1785802277,114.0,6.192535,100.36942,0.0
SCS27,2908,1785802250,57.0,3.158815,101.6931,0.0
SCS17,weekday_2119,1785802298,10.0,3.262982,101.55712,0.0
SCS13,weekday_2102,1785802274,103.0,3.641205,101.557106,0.0
SCS38,2904,1785802303,115.0,6.621087,100.265335,0.0
SCS09,weekday_2007,1785802303,0.0,3.119422,101.67867,0.0
SCS26,weekday_2012,1785802303,87.0,2.995047,101.76922,0.0
SCS17,weekday_2119,1785802343,17.0,3.261865,101.55642,0.0
SCS21,weekday_2010,1785802340,0.0,3.098592,101.70505,0.0
EMU22,2911,1785802322,34.0,6.183928,100.37445,0.0
SCS24,2907,1785802317,10.0,5.387332,100.37339,0.0
SCS32,weekday_2112,1785802351,14.0,3.142003,101.69395,0.0
SCS10,weekday_2014,1785802336,34.0,2.939092,101.78862,0.0
SCS38,2904,1785802333,114.0,6.628772,100.26976,0.0
SCS09,weekday_2007,1785802318,0.0,3.119422,101.67867,0.0
SCS07,weekday_2008,1785802313,0.0,3.13216,101.68331,0.0
SCS13,weekday_2102,1785802349,36.0,3.64714,101.552155,0.0
SCS26,weekday_2012,1785802318,85.0,2.992902,101.76653,0.0
EMU39,2906,1785802362,110.0,6.226948,100.362274,0.0
DMU09,51,1785802353,7.0,5.151875,102.04379,0.0
SCS07,weekday_2008,1785802403,0.0,3.13216,101.68331,0.0
SCS26,weekday_2012,1785802423,91.0,2.994787,101.742294,0.0
SCS17,weekday_2119,1785802418,0.0,3.258793,101.555084,0.0
DMU09,51,1785802413,10.0,5.148655,102.0445,0.0
SCS13,weekday_2102,1785802409,67.0,3.65003,101.54863,0.0
SCS38,2904,1785802408,114.0,6.642112,100.28752,0.0
SCS24,2907,1785802408,19.0,5.391423,100.36896,0.0
SCS09,weekday_2007,1785802408,0.0,3.119347,101.67873,0.0
SCS27,2908,1785802415,18.0,3.154445,101.69298,0.0
EMU39,2906,1785802407,113.0,6.240378,100.35954,0.0
EMU22,2911,1785802397,17.0,6.18278,100.3752,0.0
SCS10,weekday_2014,1785802381,0.0,2.939702,101.7877,0.0
SCS32,weekday_2112,1785802381,16.0,3.143888,101.693344,0.0
SCS21,weekday_2010,1785802370,0.0,3.098592,101.70505,0.0
EMU39,2906,1785802452,114.0,6.253277,100.35693,0.0
SCS17,weekday_2119,1785802478,33.0,3.25651,101.55466,0.0
SCS21,weekday_2010,1785802475,31.0,3.101613,101.70117,0.0
EMU22,2911,1785802472,117.0,6.167257,100.37888,0.0
SCS10,weekday_2014,1785802471,90.0,2.948092,101.7883,0.0
SCS32,weekday_2112,1785802471,40.0,3.15188,101.69107,0.0
SCS07,weekday_2008,1785802463,12.0,3.136383,101.69015,0.0
DMU09,51,1785802458,12.0,5.146948,102.04477,0.0
SCS13,weekday_2102,1785802454,103.0,3.657647,101.54009,0.0
SCS26,weekday_2012,1785802453,67.0,2.9992,101.73772,0.0
SCS38,2904,1785802453,109.0,6.649233,100.29876,0.0
SCS09,weekday_2007,1785802438,0.0,3.119347,101.67873,0.0
SCS27,2908,1785802460,41.0,3.150583,101.69071,0.0
SCS24,2907,1785802484,0.0,5.392407,100.36747,0.0
SCS26,weekday_2012,1785802543,23.0,3.004337,101.73072,0.0
EMU39,2906,1785802542,115.0,6.279915,100.351456,0.0
SCS07,weekday_2008,1785802538,17.0,3.139337,101.69356,0.0
SCS27,2908,1785802535,16.0,3.145108,101.692505,0.0
SCS17,weekday_2119,1785802538,34.0,3.251317,101.55558,0.0
SCS13,weekday_2102,1785802529,73.0,3.673193,101.529175,0.0
SCS38,2904,1785802528,67.0,6.657057,100.31223,0.0
EMU22,2911,1785802502,116.0,6.157897,100.379524,0.0
SCS32,weekday_2112,1785802516,0.0,3.153827,101.692406,0.0
SCS09,weekday_2007,1785802513,0.0,3.119347,101.67873,0.0
SCS10,weekday_2014,1785802501,104.0,2.955133,101.79191,0.0
SCS21,weekday_2010,1785802490,26.0,3.102398,101.70015,0.0
SCS24,2907,1785802514,0.0,5.392407,100.36747,0.0
DMU09,51,1785802488,17.0,5.145248,102.045006,0.0
DMU09,51,1785802608,14.0,5.142785,102.045975,0.0
SCS27,2908,1785802595,12.0,3.142298,101.694176,0.0
SCS21,weekday_2010,1785802595,67.0,3.112657,101.68516,0.0
SCS13,weekday_2102,1785802589,41.0,3.679007,101.52431,0.0
EMU39,2906,1785802602,113.0,6.29777,100.347824,0.0
EMU22,2911,1785802592,113.0,6.13078,100.37774,0.0
SCS07,weekday_2008,1785802583,0.0,3.140172,101.69384,0.0
SCS26,weekday_2012,1785802558,22.0,3.004595,101.72972,0.0
SCS38,2904,1785802558,57.0,6.659902,100.31669,0.0
SCS09,weekday_2007,1785802558,0.0,3.119347,101.67873,0.0
SCS10,weekday_2014,1785802576,0.0,2.96319,101.79174,0.0
SCS32,weekday_2112,1785802546,2.0,3.153852,101.692444,0.0
SCS07,weekday_2008,1785802628,0.0,3.140172,101.69384,0.0
SCS38,2904,1785802648,0.0,6.662785,100.32019,0.0
EMU39,2906,1785802647,118.0,6.311197,100.34508,0.0
SCS17,weekday_2119,1785802613,93.0,3.239012,101.56031,0.0
SCS13,weekday_2102,1785802604,43.0,3.68022,101.52298,0.0
EMU22,2911,1785802607,111.0,6.126755,100.3759,0.0
SCS32,weekday_2112,1785802606,63.0,3.161183,101.69212,0.0
SCS27,2908,1785802610,5.0,3.141908,101.69427,0.0
SCS10,weekday_2014,1785802606,9.0,2.963432,101.791664,0.0
DMU09,51,1785802623,13.0,5.142138,102.04628,0.0
SCS21,weekday_2010,1785802670,3.0,3.113847,101.68105,0.0
SCS27,2908,1785802715,10.0,3.139425,101.69377,0.0
SCS21,weekday_2010,1785802715,19.0,3.114868,101.680115,0.0
SCS32,weekday_2112,1785802711,38.0,3.165802,101.690445,0.0
SCS07,weekday_2008,1785802703,0.0,3.140268,101.69381,0.0
SCS26,weekday_2012,1785802693,17.0,3.016567,101.72093,0.0
EMU22,2911,1785802697,0.0,6.112772,100.3695,0.0
SCS09,weekday_2007,1785802693,0.0,3.119347,101.67873,0.0
DMU09,51,1785802668,9.0,5.140273,102.04709,0.0
EMU39,2906,1785802662,120.0,6.315647,100.343666,0.0
SCS10,weekday_2014,1785802666,61.0,2.971988,101.790344,0.0
SCS17,weekday_2119,1785802718,96.0,3.215187,101.5697,0.0
SCS13,weekday_2102,1785802709,0.0,3.683925,101.51891,0.0
SCS32,weekday_2112,1785802756,69.0,3.170943,101.68491,0.0
DMU09,51,1785802743,0.0,5.139967,102.0472,0.0
EMU22,2911,1785802742,28.0,6.112045,100.369194,0.0
SCS27,2908,1785802730,19.0,3.138553,101.69343,0.0
SCS21,weekday_2010,1785802730,30.0,3.115912,101.67957,0.0
SCS13,weekday_2102,1785802754,0.0,3.683925,101.51891,0.0
EMU39,2906,1785802782,113.0,6.344613,100.32233,0.0
SCS09,weekday_2007,1785802768,0.0,3.119347,101.67873,0.0
SCS26,weekday_2012,1785802768,19.0,3.020157,101.71753,0.0
SCS10,weekday_2014,1785802726,8.0,2.976597,101.79043,0.0
SCS07,weekday_2008,1785802718,0.0,3.140268,101.69381,0.0
SCS10,weekday_2014,1785802833,22.0,2.982203,101.79054,0.0
SCS09,weekday_2007,1785802828,0.0,3.119347,101.67873,0.0
DMU09,51,1785802818,5.0,5.141137,102.04672,0.0
EMU22,2911,1785802817,116.0,6.096932,100.37031,0.0
SCS13,weekday_2102,1785802814,0.0,3.683925,101.51891,0.0
SCS26,weekday_2012,1785802813,9.0,3.02257,101.71629,0.0
EMU39,2906,1785802812,115.0,6.35183,100.31692,0.0
SCS32,weekday_2112,1785802831,80.0,3.181138,101.67445,0.0
SCS17,weekday_2119,1785802838,13.0,3.206498,101.57944,0.0
SCS07,weekday_2008,1785802838,0.0,3.140268,101.69381,0.0
SCS21,weekday_2010,1785802835,14.0,3.11936,101.67872,0.0
SCS27,2908,1785802835,0.0,3.135782,101.689354,0.0
SCS21,weekday_2010,1785802850,18.0,3.120325,101.678535,0.0
SCS26,weekday_2012,1785802888,0.0,3.022717,101.71619,0.0
SCS09,weekday_2007,1785802888,0.0,3.119347,101.67873,0.0
EMU22,2911,1785802847,120.0,6.08873,100.37496,0.0
SCS13,weekday_2102,1785802889,0.0,3.68387,101.51883,0.0
DMU09,51,1785802863,8.0,5.142193,102.04621,0.0
SCS27,2908,1785802850,0.0,3.135782,101.689354,0.0
SCS32,weekday_2112,1785802846,78.0,3.18249,101.67156,0.0
SCS10,weekday_2014,1785802878,0.0,2.983275,101.79071,0.0
SCS07,weekday_2008,1785802868,5.0,3.140422,101.69386,0.0
EMU39,2906,1785802866,79.0,6.36429,100.30763,0.0
SCS17,weekday_2119,1785802853,0.0,3.206412,101.579605,0.0
SCS07,weekday_2008,1785802958,18.0,3.145065,101.6924,0.0
SCS17,weekday_2119,1785802958,35.0,3.204252,101.584465,0.0
EMU39,2906,1785802956,0.0,6.370572,100.302956,0.0
SCS27,2908,1785802955,0.0,3.135782,101.689354,0.0
SCS21,weekday_2010,1785802955,22.0,3.12693,101.67904,0.0
SCS26,weekday_2012,1785802918,0.0,3.022717,101.71619,0.0
SCS09,weekday_2007,1785802948,0.0,3.119347,101.67873,0.0
SCS13,weekday_2102,1785802919,0.0,3.68387,101.51883,0.0
SCS10,weekday_2014,1785802953,12.0,2.984393,101.79058,0.0
EMU22,2911,1785802952,118.0,6.060418,100.39067,0.0
SCS32,weekday_2112,1785802936,0.0,3.186108,101.66457,0.0
DMU09,51,1785802908,5.0,5.143692,102.045494,0.0
SCS17,weekday_2119,1785803018,80.0,3.200713,101.59389,0.0
EMU39,2906,1785803016,84.0,6.376613,100.29843,0.0
SCS21,weekday_2010,1785803015,20.0,3.130233,101.68167,0.0
SCS27,2908,1785803015,0.0,3.135782,101.689354,0.0
SCS13,weekday_2102,1785803009,0.0,3.683915,101.51891,0.0
SCS09,weekday_2007,1785802993,0.0,3.119347,101.67873,0.0
SCS26,weekday_2012,1785802993,8.0,3.023127,101.71585,0.0
DMU09,51,1785802998,0.0,5.14372,102.04549,0.0
SCS10,weekday_2014,1785802998,14.0,2.986638,101.790565,0.0
SCS32,weekday_2112,1785802966,56.0,3.18718,101.663025,0.0
EMU22,2911,1785802997,119.0,6.048198,100.397575,0.0
SCS07,weekday_2008,1785802973,15.0,3.145735,101.69186,0.0
SCS17,weekday_2119,1785803063,87.0,3.200055,101.60379,0.0
SCS07,weekday_2008,1785803063,7.0,3.15472,101.69315,0.0
SCS26,weekday_2012,1785803053,16.0,3.025885,101.714516,0.0
SCS09,weekday_2007,1785803053,12.0,3.12075,101.678444,0.0
DMU09,51,1785803088,0.0,5.14372,102.04549,0.0
SCS10,weekday_2014,1785803088,0.0,2.987712,101.79042,0.0
SCS21,weekday_2010,1785803075,0.0,3.131457,101.6827,0.0
SCS27,2908,1785803075,0.0,3.135782,101.689354,0.0
EMU39,2906,1785803031,95.0,6.379493,100.296295,0.0
SCS32,weekday_2112,1785803026,15.0,3.191643,101.65586,0.0
SCS13,weekday_2102,1785803054,0.0,3.683915,101.51891,0.0
EMU39,2906,1785803091,116.0,6.393225,100.28601,0.0
SCS07,weekday_2008,1785803123,44.0,3.15669,101.693726,0.0
SCS27,2908,1785803135,0.0,3.135782,101.689354,0.0
EMU22,2911,1785803133,121.0,6.011977,100.41806,0.0
SCS26,weekday_2012,1785803113,64.0,3.030053,101.711205,0.0
SCS09,weekday_2007,1785803128,0.0,3.122103,101.67821,0.0
SCS21,weekday_2010,1785803120,0.0,3.131563,101.68269,0.0
DMU09,51,1785803118,0.0,5.14372,102.04549,0.0
SCS10,weekday_2014,1785803118,0.0,2.987712,101.79042,0.0
SCS32,weekday_2112,1785803116,79.0,3.194355,101.64965,0.0
SCS13,weekday_2102,1785803114,0.0,3.683915,101.51891,0.0
SCS21,weekday_2010,1785803195,0.0,3.132045,101.683205,0.0
SCS17,weekday_2119,1785803198,17.0,3.208743,101.627426,0.0
SCS07,weekday_2008,1785803183,45.0,3.164813,101.69149,0.0
EMU22,2911,1785803163,115.0,6.0039,100.422615,0.0
SCS27,2908,1785803150,0.0,3.135782,101.689354,0.0
DMU09,51,1785803208,0.0,5.14372,102.04549,0.0
SCS10,weekday_2014,1785803208,0.0,2.987712,101.79042,0.0
SCS13,weekday_2102,1785803204,41.0,3.679453,101.52386,0.0
SCS26,weekday_2012,1785803203,90.0,3.048457,101.70655,0.0
SCS32,weekday_2112,1785803191,37.0,3.199493,101.64031,0.0
EMU39,2906,1785803166,115.0,6.413245,100.27472,0.0
SCS09,weekday_2007,1785803158,0.0,3.122103,101.67821,0.0
SCS13,weekday_2102,1785803249,75.0,3.67451,101.52832,0.0
SCS21,weekday_2010,1785803240,0.0,3.132045,101.683205,0.0
SCS10,weekday_2014,1785803238,0.0,2.987712,101.79042,0.0
EMU22,2911,1785803238,111.0,5.983783,100.43396,0.0
SCS09,weekday_2007,1785803233,12.0,3.123057,101.678085,0.0
DMU09,51,1785803253,0.0,5.14372,102.04549,0.0
SCS32,weekday_2112,1785803266,0.0,3.202227,101.637596,0.0
SCS26,weekday_2012,1785803263,94.0,3.063905,101.70786,0.0
SCS07,weekday_2008,1785803243,8.0,3.166122,101.69019,0.0
EMU39,2906,1785803241,50.0,6.428723,100.269394,0.0
SCS17,weekday_2119,1785803213,0.0,3.208752,101.62773,0.0
SCS27,2908,1785803210,0.0,3.135782,101.689354,0.0
SCS27,2908,1785803315,0.0,3.135782,101.689354,0.0
SCS10,weekday_2014,1785803313,4.0,2.985942,101.790565,0.0
EMU22,2911,1785803313,0.0,5.971862,100.44071,0.0
DMU09,51,1785803313,0.0,5.14372,102.04549,0.0
SCS32,weekday_2112,1785803311,0.0,3.202227,101.637596,0.0
SCS09,weekday_2007,1785803308,14.0,3.126813,101.67893,0.0
SCS26,weekday_2012,1785803308,60.0,3.073835,101.70939,0.0
SCS21,weekday_2010,1785803330,0.0,3.136222,101.689835,0.0
SCS17,weekday_2119,1785803318,34.0,3.206552,101.63362,0.0
SCS07,weekday_2008,1785803318,23.0,3.168773,101.686165,0.0
EMU39,2906,1785803316,9.0,6.431552,100.26841,0.0
SCS32,weekday_2112,1785803371,0.0,3.202227,101.637596,0.0
EMU22,2911,1785803343,0.0,5.971862,100.44071,0.0
DMU09,51,1785803343,0.0,5.14372,102.04549,0.0
SCS10,weekday_2014,1785803343,4.0,2.98508,101.790504,0.0
SCS26,weekday_2012,1785803368,0.0,3.075853,101.710655,0.0
SCS09,weekday_2007,1785803368,3.0,3.128625,101.680336,0.0
SCS07,weekday_2008,1785803363,17.0,3.171368,101.68494,0.0
SCS17,weekday_2119,1785803348,36.0,3.204387,101.635796,0.0
EMU39,2906,1785803346,62.0,6.434747,100.267334,0.0
SCS27,2908,1785803345,0.0,3.135782,101.689354,0.0
SCS27,2908,1785803435,0.0,3.135782,101.689354,0.0
SCS07,weekday_2008,1785803378,21.0,3.172327,101.68477,0.0
EMU22,2911,1785803433,110.0,5.959342,100.44781,0.0
EMU39,2906,1785803451,112.0,6.460583,100.25844,0.0
SCS21,weekday_2010,1785803450,0.0,3.140172,101.69384,0.0
SCS17,weekday_2119,1785803378,0.0,3.203158,101.63697,0.0
SCS26,weekday_2012,1785803428,39.0,3.077828,101.712975,0.0
SCS09,weekday_2007,1785803428,0.0,3.12873,101.68041,0.0
SCS10,weekday_2014,1785803418,0.0,2.984702,101.79049,0.0
DMU09,51,1785803418,0.0,5.14372,102.04549,0.0
SCS32,weekday_2112,1785803416,0.0,3.202227,101.637596,0.0
SCS26,weekday_2012,1785803503,44.0,3.084795,101.71524,0.0
SCS07,weekday_2008,1785803500,31.0,3.181717,101.68856,0.0
SCS27,2908,1785803495,0.0,3.135782,101.689354,0.0
EMU22,2911,1785803493,120.0,5.943158,100.456955,0.0
SCS32,weekday_2112,1785803491,0.0,3.202227,101.637596,0.0
DMU09,51,1785803478,0.0,5.1438,102.04544,0.0
SCS10,weekday_2014,1785803478,0.0,2.984702,101.79049,0.0
SCS21,weekday_2010,1785803465,0.0,3.140172,101.69384,0.0
SCS09,weekday_2007,1785803443,0.0,3.12873,101.68041,0.0
DMU09,51,1785803538,0.0,5.143742,102.04556,0.0
SCS17,weekday_2119,1785803528,80.0,3.195597,101.64705,0.0
EMU39,2906,1785803526,110.0,6.48245,100.2536,0.0
SCS10,weekday_2014,1785803568,0.0,2.984702,101.79049,0.0
SCS09,weekday_2007,1785803563,0.0,3.12873,101.68041,0.0
SCS26,weekday_2012,1785803563,28.0,3.089525,101.71061,0.0
SCS32,weekday_2112,1785803506,16.0,3.202588,101.637245,0.0
SCS27,2908,1785803555,0.0,3.135782,101.689354,0.0
EMU22,2911,1785803538,115.0,5.93045,100.46216,0.0
SCS07,weekday_2008,1785803560,23.0,3.18312,101.68903,0.0
SCS26,weekday_2012,1785803593,7.0,3.09109,101.71044,0.0
SCS21,weekday_2010,1785803615,0.0,3.147965,101.69085,0.0
EMU39,2906,1785803615,0.0,6.5094,100.25442,0.0
SCS27,2908,1785803615,0.0,3.135782,101.689354,0.0
EMU22,2911,1785803613,114.0,5.909087,100.47036,0.0
SCS32,weekday_2112,1785803611,35.0,3.208303,101.63035,0.0
SCS10,weekday_2014,1785803598,0.0,2.984702,101.79049,0.0
DMU09,51,1785803598,15.0,5.142767,102.04597,0.0
SCS07,weekday_2008,1785803590,33.0,3.186022,101.69006,0.0
SCS09,weekday_2007,1785803578,0.0,3.12873,101.68041,0.0
DMU09,51,1785803673,11.0,5.139955,102.04723,0.0
SCS24,2912,1785803655,0.0,5.392407,100.36747,0.0
SCS10,weekday_2014,1785803673,0.0,2.984702,101.79049,0.0
SCS09,weekday_2007,1785803668,0.0,3.12873,101.68041,0.0
SCS21,weekday_2010,1785803660,10.0,3.154527,101.69301,0.0
SCS27,2908,1785803660,0.0,3.135782,101.689354,0.0
SCS17,weekday_2119,1785803648,43.0,3.191913,101.65566,0.0
EMU22,2911,1785803643,121.0,5.900405,100.47371,0.0
SCS32,weekday_2112,1785803621,0.0,3.208453,101.62959,0.0
SCS26,weekday_2012,1785803683,23.0,3.09526,101.70903,0.0
SCS07,weekday_2008,1785803680,52.0,3.197075,101.682236,0.0
EMU39,2906,1785803639,84.0,6.515562,100.25549,0.0
EMU22,2911,1785803748,117.0,5.868472,100.47694,0.0
SCS27,2908,1785803735,0.0,3.135782,101.689354,0.0
SCS17,weekday_2119,1785803723,0.0,3.186898,101.66364,0.0
DMU09,51,1785803718,16.0,5.138012,102.04838,0.0
SCS10,weekday_2014,1785803703,0.0,2.984702,101.79049,0.0
SCS32,weekday_2112,1785803689,0.0,3.20854,101.62901,0.0
SCS24,2912,1785803730,0.0,5.392407,100.36747,0.0
EMU39,2906,1785803714,0.0,6.523385,100.25681,0.0
SCS07,weekday_2008,1785803710,0.0,3.198812,101.68082,0.0
SCS21,weekday_2010,1785803690,0.0,3.154753,101.69307,0.0
SCS27,2908,1785803750,0.0,3.135782,101.689354,0.0
SCS24,2912,1785803760,8.0,5.392145,100.367836,0.0
SCS07,weekday_2008,1785803800,52.0,3.20362,101.67664,0.0
DMU09,51,1785803793,11.0,5.136008,102.052,0.0
SCS05,weekday_2011,1785803789,16.0,3.234958,101.68018,0.0
EMU39,2906,1785803789,79.0,6.530255,100.25801,0.0
SCS17,weekday_2119,1785803738,0.0,3.186898,101.66364,0.0
SCS09,weekday_2007,1785803788,0.0,3.12873,101.68041,0.0
SCS10,weekday_2014,1785803763,0.0,2.984702,101.79049,0.0
EMU22,2911,1785803763,119.0,5.863825,100.47694,0.0
SCS32,weekday_2112,1785803749,64.0,3.208472,101.62404,0.0
SCS26,weekday_2012,1785803796,16.0,3.097923,101.70565,0.0
SCS21,weekday_2010,1785803750,70.0,3.15859,101.69318,0.0
SCS05,weekday_2011,1785803804,0.0,3.234658,101.67985,0.0
EMU22,2911,1785803838,116.0,5.840993,100.476875,0.0
EMU39,2906,1785803804,89.0,6.533618,100.258545,0.0
SCS09,weekday_2007,1785803803,0.0,3.12873,101.68041,0.0
SCS24,2912,1785803865,16.0,5.389362,100.371216,0.0
SCS10,weekday_2014,1785803823,18.0,2.987267,101.79056,0.0
SCS07,weekday_2008,1785803815,24.0,3.204792,101.67557,0.0
SCS26,weekday_2012,1785803856,18.0,3.100452,101.70253,0.0
SCS21,weekday_2010,1785803855,0.0,3.166023,101.6903,0.0
SCS27,2908,1785803855,8.0,3.136132,101.688545,0.0
SCS32,weekday_2112,1785803854,97.0,3.199513,101.6057,0.0
SCS17,weekday_2119,1785803798,80.0,3.183928,101.66738,0.0
SCS21,weekday_2010,1785803900,18.0,3.1673,101.688576,0.0
SCS24,2912,1785803926,19.0,5.38714,100.3739,0.0
EMU39,2906,1785803924,111.0,6.567328,100.2591,0.0
SCS09,weekday_2007,1785803923,0.0,3.12873,101.68041,0.0
SCS07,weekday_2008,1785803920,40.0,3.213598,101.67212,0.0
SCS32,weekday_2112,1785803914,74.0,3.200935,101.59271,0.0
SCS10,weekday_2014,1785803913,100.0,2.994365,101.7781,0.0
SCS26,weekday_2012,1785803871,22.0,3.100975,101.70184,0.0
SCS27,2908,1785803870,6.0,3.136735,101.68965,0.0
SCS17,weekday_2119,1785803858,65.0,3.177432,101.6796,0.0
SCS10,weekday_2014,1785803928,96.0,2.995782,101.77448,0.0
EMU22,2911,1785803935,0.0,5.824308,100.47799,0.0
SCS26,weekday_2012,1785803976,67.0,3.111722,101.688484,0.0
SCS21,weekday_2010,1785803975,21.0,3.170987,101.68519,0.0
SCS27,2908,1785803975,10.0,3.14009,101.69381,0.0
SCS07,weekday_2008,1785803965,0.0,3.215097,101.672165,0.0
SCS05,weekday_2011,1785803969,0.0,3.213848,101.67215,0.0
SCS09,weekday_2007,1785803953,15.0,3.129323,101.680855,0.0
SCS24,2912,1785803953,35.0,5.386138,100.37604,0.0
EMU39,2906,1785803984,115.0,6.584377,100.26239,0.0
SCS32,weekday_2112,1785803929,53.0,3.2017,101.59013,0.0
SCS05,weekday_2011,1785803999,4.0,3.213797,101.67216,0.0
SCS24,2912,1785803995,90.0,5.382995,100.38208,0.0
SCS26,weekday_2012,1785804036,0.0,3.113152,101.682014,0.0
SCS27,2908,1785803990,16.0,3.140945,101.69403,0.0
SCS21,weekday_2010,1785803990,24.0,3.172137,101.68476,0.0
SCS09,weekday_2007,1785803983,19.0,3.130737,101.68199,0.0
SCS32,weekday_2112,1785804034,10.0,3.205868,101.58105,0.0
SCS10,weekday_2014,1785804018,98.0,2.991618,101.753136,0.0
SCS17,weekday_2119,1785803998,0.0,3.174292,101.682625,0.0
EMU22,2911,1785803980,38.0,5.823135,100.4781,0.0
EMU22,2911,1785804100,120.0,5.793167,100.4839,0.0
SCS26,weekday_2012,1785804081,7.0,3.113228,101.68184,0.0
SCS24,2912,1785804084,88.0,5.372505,100.40188,0.0
SCS10,weekday_2014,1785804093,86.0,3.000057,101.73688,0.0
SCS05,weekday_2011,1785804104,0.0,3.20431,101.67608,0.0
SCS17,weekday_2119,1785804103,46.0,3.167585,101.68791,0.0
SCS07,weekday_2008,1785804100,9.0,3.231618,101.67582,0.0
SCS32,weekday_2112,1785804094,0.0,3.20587,101.580864,0.0
SCS09,weekday_2007,1785804088,0.0,3.132212,101.68327,0.0
SCS27,2908,1785804155,34.0,3.15137,101.69089,0.0
EMU39,2906,1785804149,109.0,6.63148,100.27329,0.0
SCS05,weekday_2011,1785804149,0.0,3.20431,101.67608,0.0
SCS17,weekday_2119,1785804148,0.0,3.166025,101.69033,0.0
SCS09,weekday_2007,1785804148,2.0,3.136328,101.69058,0.0
SCS10,weekday_2014,1785804123,28.0,3.003477,101.733406,0.0
SCS24,2912,1785804144,70.0,5.367443,100.41389,0.0
SCS21,weekday_2010,1785804098,32.0,3.181657,101.68855,0.0
SCS32,weekday_2112,1785804124,17.0,3.206203,101.5799,0.0
SCS07,weekday_2008,1785804145,0.0,3.231762,101.67601,0.0
EMU22,2911,1785804145,114.0,5.780753,100.49002,0.0
SCS26,weekday_2012,1785804126,22.0,3.114868,101.6801,0.0
DMU09,51,1785804228,40.0,5.096382,102.07339,0.0
SCS21,weekday_2010,1785804188,0.0,3.18281,101.6889,0.0
EMU22,2911,1785804220,116.0,5.759857,100.49886,0.0
SCS10,weekday_2014,1785804183,24.0,3.004798,101.72912,0.0
SCS07,weekday_2008,1785804220,36.0,3.235662,101.68091,0.0
EMU39,2906,1785804194,113.0,6.639185,100.28362,0.0
SCS17,weekday_2119,1785804193,7.0,3.165938,101.69048,0.0
SCS09,weekday_2007,1785804193,19.0,3.137742,101.69249,0.0
SCS24,2912,1785804189,34.0,5.36482,100.420715,0.0
SCS26,weekday_2012,1785804186,0.0,3.117912,101.67906,0.0
SCS27,2908,1785804185,41.0,3.154107,101.69264,0.0
SCS32,weekday_2112,1785804214,59.0,3.211595,101.57293,0.0
SCS26,weekday_2012,1785804261,6.0,3.118248,101.67893,0.0
SCS27,2908,1785804260,36.0,3.160612,101.692345,0.0
SCS24,2912,1785804226,0.0,5.364318,100.42198,0.0
SCS07,weekday_2008,1785804220,36.0,3.235662,101.68091,0.0
SCS32,weekday_2112,1785804274,78.0,3.220525,101.565254,0.0
DMU09,51,1785804273,44.0,5.090645,102.072205,0.0
SCS10,weekday_2014,1785804273,48.0,3.01568,101.721985,0.0
SCS05,weekday_2011,1785804269,0.0,3.197862,101.68155,0.0
SCS09,weekday_2007,1785804268,11.0,3.141537,101.69406,0.0
EMU22,2911,1785804265,120.0,5.747097,100.50454,0.0
SCS21,weekday_2010,1785804263,0.0,3.18281,101.6889,0.0
SCS17,weekday_2119,1785804238,46.0,3.161307,101.69221,0.0
SCS21,weekday_2010,1785804308,25.0,3.184592,101.68951,0.0
SCS27,2908,1785804305,38.0,3.165348,101.6912,0.0
DMU09,51,1785804333,17.0,5.086035,102.07255,0.0
EMU39,2906,1785804299,70.0,6.652685,100.305885,0.0
SCS10,weekday_2014,1785804333,17.0,3.018318,101.718925,0.0
SCS05,weekday_2011,1785804299,24.0,3.197342,101.68203,0.0
SCS24,2912,1785804331,57.0,5.36364,100.42376,0.0
EMU22,2911,1785804280,118.0,5.742727,100.50622,0.0
SCS32,weekday_2112,1785804304,73.0,3.22553,101.56159,0.0
SCS09,weekday_2007,1785804283,20.0,3.142303,101.69398,0.0
SCS17,weekday_2119,1785804283,25.0,3.155303,101.69345,0.0
SCS26,weekday_2012,1785804336,23.0,3.123833,101.67801,0.0
SCS21,weekday_2010,1785804353,16.0,3.187492,101.68955,0.0
SCS24,2912,1785804346,82.0,5.362602,100.42643,0.0
EMU39,2906,1785804389,32.0,6.660932,100.317955,0.0
SCS10,weekday_2014,1785804393,18.0,3.02137,101.716965,0.0
DMU09,51,1785804393,35.0,5.080833,102.06968,0.0
SCS26,weekday_2012,1785804366,20.0,3.125837,101.67845,0.0
EMU22,2911,1785804355,123.0,5.720483,100.51439,0.0
SCS09,weekday_2007,1785804358,20.0,3.146205,101.69145,0.0
SCS17,weekday_2119,1785804358,15.0,3.15462,101.69302,0.0
SCS32,weekday_2112,1785804349,75.0,3.233553,101.55944,0.0
SCS27,2908,1785804350,14.0,3.167407,101.688416,0.0
EMU22,2911,1785804460,121.0,5.689745,100.50409,0.0
SCS17,weekday_2119,1785804433,15.0,3.146102,101.6916,0.0
SCS26,weekday_2012,1785804441,20.0,3.129082,101.68063,0.0
SCS32,weekday_2112,1785804424,44.0,3.247492,101.558014,0.0
SCS21,weekday_2010,1785804443,48.0,3.196517,101.68273,0.0
SCS27,2908,1785804425,24.0,3.170525,101.68561,0.0
SCS24,2912,1785804421,44.0,5.366883,100.441315,0.0
SCS10,weekday_2014,1785804408,21.0,3.022195,101.71652,0.0
DMU09,51,1785804408,10.0,5.079855,102.06942,0.0
SCS32,weekday_2112,1785804469,3.0,3.249933,101.55626,0.0
DMU09,51,1785804468,0.0,5.079387,102.06928,0.0
SCS05,weekday_2011,1785804479,0.0,3.181498,101.68851,0.0
SCS09,weekday_2007,1785804478,40.0,3.159498,101.6928,0.0
SCS21,weekday_2010,1785804488,0.0,3.198708,101.68082,0.0
SCS26,weekday_2012,1785804456,16.0,3.12979,101.681206,0.0
SCS10,weekday_2014,1785804468,0.0,3.023827,101.715576,0.0
SCS24,2912,1785804466,63.0,5.366693,100.44547,0.0
EMU22,2911,1785804505,116.0,5.678095,100.49639,0.0
SCS27,2908,1785804504,17.0,3.174962,101.68527,0.0
SCS05,weekday_2011,1785804584,31.0,3.177755,101.68671,0.0
SCS09,weekday_2007,1785804583,13.0,3.167442,101.68825,0.0
SCS10,weekday_2014,1785804513,18.0,3.024648,101.715195,0.0
DMU09,51,1785804558,48.0,5.070995,102.06847,0.0
SCS24,2912,1785804556,34.0,5.366118,100.44931,0.0
SCS27,2908,1785804549,25.0,3.177578,101.6866,0.0
SCS21,weekday_2010,1785804548,52.0,3.202128,101.67792,0.0
DMU09,51,1785804633,53.0,5.060082,102.06909,0.0
SCS10,weekday_2014,1785804633,88.0,3.033805,101.70844,0.0
SCS26,weekday_2012,1785804621,0.0,3.132453,101.68382,0.0
SCS24,2912,1785804616,47.0,5.3643,100.45748,0.0
SCS09,weekday_2007,1785804613,22.0,3.168313,101.6866,0.0
SCS27,2908,1785804594,24.0,3.180918,101.68826,0.0
SCS21,weekday_2010,1785804578,19.0,3.204745,101.67562,0.0
SCS17,weekday_2119,1785804613,0.0,3.14043,101.694016,0.0
DMU09,51,1785804663,30.0,5.05646,102.06913,0.0
SCS32,weekday_2112,1785804664,16.0,3.25877,101.554886,0.0
SCS17,weekday_2119,1785804703,0.0,3.140363,101.69395,0.0
SCS10,weekday_2014,1785804663,84.0,3.040573,101.7084,0.0
SCS21,weekday_2010,1785804683,45.0,3.20841,101.672806,0.0
SCS26,weekday_2012,1785804666,0.0,3.132453,101.68382,0.0
SCS21,weekday_2010,1785804743,10.0,3.214945,101.67217,0.0
DMU09,51,1785804738,21.0,5.051375,102.066956,0.0
SCS10,weekday_2014,1785804738,94.0,3.057437,101.70704,0.0
EMU22,2911,1785804737,14.0,5.642345,100.489944,0.0
SCS17,weekday_2119,1785804733,0.0,3.140363,101.69395,0.0
SCS24,2912,1785804721,43.0,5.358747,100.46676,0.0
SCS27,2908,1785804714,0.0,3.182608,101.68885,0.0
SCS32,weekday_2112,1785804709,58.0,3.263013,101.557076,0.0
SCS26,weekday_2012,1785804726,0.0,3.132453,101.68382,0.0
SCS27,2908,1785804789,0.0,3.182608,101.68885,0.0
SCS21,weekday_2010,1785804788,4.0,3.215152,101.67222,0.0
SCS10,weekday_2014,1785804813,59.0,3.074993,101.71013,0.0
EMU22,2911,1785804812,105.0,5.628588,100.49223,0.0
SCS24,2912,1785804811,116.0,5.379728,100.46935,0.0
SCS32,weekday_2112,1785804769,55.0,3.272653,101.56111,0.0
SCS17,weekday_2119,1785804823,0.0,3.14028,101.693985,0.0
DMU09,51,1785804768,31.0,5.0501,102.064705,0.0
DMU09,51,1785804828,21.0,5.046217,102.06222,0.0
SCS21,weekday_2010,1785804878,59.0,3.226347,101.67277,0.0
SCS05,weekday_2011,1785804875,29.0,3.163903,101.69194,0.0
SCS10,weekday_2014,1785804873,0.0,3.076755,101.71153,0.0
SCS24,2912,1785804886,113.0,5.402115,100.472176,0.0
SCS32,weekday_2112,1785804859,66.0,3.285902,101.569305,0.0
EMU22,2911,1785804857,120.0,5.615927,100.49694,0.0
SCS10,weekday_2014,1785804903,19.0,3.077097,101.71196,0.0
SCS27,2908,1785804879,0.0,3.182608,101.68885,0.0
EMU22,2911,1785804917,118.0,5.597543,100.493195,0.0
SCS24,2912,1785804916,115.0,5.410695,100.4746,0.0
SCS21,weekday_2010,1785804908,42.0,3.230327,101.67419,0.0
SCS26,weekday_2012,1785804906,0.0,3.138742,101.69334,0.0
SCS05,weekday_2011,1785804905,48.0,3.160175,101.69255,0.0
SCS32,weekday_2112,1785804904,74.0,3.292877,101.57387,0.0
SCS17,weekday_2119,1785804988,17.0,3.13717,101.69197,0.0
SCS26,weekday_2012,1785805011,19.0,3.142022,101.69362,0.0
SCS32,weekday_2112,1785804934,76.0,3.298713,101.57484,0.0
SCS10,weekday_2014,1785804933,38.0,3.078892,101.71443,0.0
EMU22,2911,1785804932,115.0,5.59295,100.49314,0.0
SCS21,weekday_2010,1785804998,35.0,3.235468,101.68078,0.0
SCS24,2912,1785805036,115.0,5.442827,100.49067,0.0
SCS26,weekday_2012,1785805026,21.0,3.14304,101.69342,0.0
SCS32,weekday_2112,1785805024,38.0,3.313892,101.574844,0.0
SCS27,2908,1785805014,5.0,3.185622,101.68987,0.0
SCS17,weekday_2119,1785805003,11.0,3.13684,101.6913,0.0
SCS32,weekday_2112,1785805099,0.0,3.319087,101.57475,0.0
SCS10,weekday_2014,1785805098,3.0,3.092608,101.71026,0.0
DMU09,51,1785805098,22.0,5.034202,102.05107,0.0
EMU22,2911,1785805097,114.0,5.542742,100.5019,0.0
SCS24,2912,1785805096,114.0,5.460297,100.495285,0.0
SCS27,2908,1785805059,5.0,3.186802,101.68986,0.0
SCS26,weekday_2012,1785805146,4.0,3.153737,101.69233,0.0
SCS05,weekday_2011,1785805145,21.0,3.145292,101.69223,0.0
SCS32,weekday_2112,1785805144,16.0,3.319402,101.57472,0.0
SCS10,weekday_2014,1785805143,30.0,3.095498,101.70882,0.0
DMU09,51,1785805143,0.0,5.033958,102.05058,0.0
EMU22,2911,1785805142,117.0,5.529248,100.505714,0.0
SCS38,2915,1785805138,113.0,6.391822,100.2871,0.0
SCS27,2908,1785805134,4.0,3.188193,101.689095,0.0
SCS27,2908,1785805179,6.0,3.189307,101.68858,0.0
EMU22,2911,1785805232,108.0,5.502783,100.50349,0.0
SCS24,2912,1785805231,0.0,5.482945,100.49821,0.0
SCS05,weekday_2011,1785805190,24.0,3.142732,101.69411,0.0
SCS17,weekday_2119,1785805198,0.0,3.136363,101.68996,0.0
SCS05,weekday_2011,1785805295,0.0,3.13923,101.693726,0.0
SCS32,weekday_2112,1785805294,68.0,3.337507,101.57267,0.0
DMU08,34,1785805294,20.0,2.579378,102.61166,0.0
SCS10,weekday_2014,1785805293,22.0,3.100443,101.70261,0.0
SCS24,2912,1785805291,103.0,5.492283,100.5007,0.0
SCS27,2908,1785805269,0.0,3.190863,101.68753,0.0
DMU09,51,1785805263,44.0,5.026907,102.04207,0.0
SCS17,weekday_2119,1785805273,19.0,3.130015,101.68154,0.0
SCS38,2915,1785805273,0.0,6.371262,100.30249,0.0
SCS38,2915,1785805348,115.0,6.361365,100.30988,0.0
SCS27,2908,1785805347,0.0,3.190925,101.68746,0.0
DMU09,51,1785805338,0.0,5.024693,102.038826,0.0
SCS10,weekday_2014,1785805338,42.0,3.102718,101.69975,0.0
SCS24,2912,1785805336,112.0,5.504887,100.50408,0.0
SCS17,weekday_2119,1785805318,19.0,3.127938,101.67979,0.0
SCS26,weekday_2012,1785805311,0.0,3.165107,101.69123,0.0
SCS05,weekday_2011,1785805310,1.0,3.139128,101.693726,0.0
SCS26,weekday_2012,1785805371,20.0,3.166272,101.68999,0.0
SCS32,weekday_2112,1785805414,95.0,3.363333,101.57754,0.0
DMU08,34,1785805414,33.0,2.580415,102.603035,0.0
DMU09,51,1785805413,44.0,5.022853,102.035645,0.0
SCS10,weekday_2014,1785805413,75.0,3.112213,101.68762,0.0
EMU22,2911,1785805468,103.0,5.470497,100.49606,0.0
SCS38,2915,1785805423,115.0,6.343428,100.323296,0.0
SCS24,2912,1785805441,114.0,5.53548,100.50392,0.0
SCS10,weekday_2014,1785805428,61.0,3.112637,101.68486,0.0
SCS05,weekday_2011,1785805490,0.0,3.135278,101.688095,0.0
DMU08,34,1785805489,38.0,2.585903,102.59793,0.0
SCS26,weekday_2012,1785805476,19.0,3.170292,101.685394,0.0
SCS05,weekday_2011,1785805550,0.0,3.135278,101.688095,0.0
DMU09,51,1785805488,25.0,5.020172,102.03098,0.0
SCS24,2912,1785805486,114.0,5.548522,100.500374,0.0
SCS38,2915,1785805498,114.0,6.325313,100.33682,0.0
EMU22,2911,1785805498,118.0,5.461722,100.495674,0.0
SCS32,weekday_2112,1785805489,105.0,3.365507,101.59703,0.0
SCS38,2915,1785805603,114.0,6.296503,100.3481,0.0
SCS17,weekday_2119,1785805601,5.0,3.113917,101.67306,0.0
DMU09,51,1785805593,25.0,5.012223,102.02755,0.0
SCS24,2912,1785805576,114.0,5.575195,100.49598,0.0
DMU08,34,1785805549,72.0,2.595717,102.59533,0.0
SCS32,weekday_2112,1785805654,13.0,3.375868,101.61417,0.0
DMU09,51,1785805653,27.0,5.010177,102.02494,0.0
SCS10,weekday_2014,1785805653,0.0,3.119202,101.678795,0.0
SCS24,2912,1785805651,114.0,5.59753,100.49321,0.0
SCS21,weekday_2013,1785805598,31.0,3.235047,101.68033,0.0
SCS38,2915,1785805603,114.0,6.296503,100.3481,0.0
SCS17,weekday_2119,1785805601,5.0,3.113917,101.67306,0.0
SCS26,weekday_2012,1785805595,12.0,3.176662,101.68608,0.0
EMU22,2911,1785805603,110.0,5.431333,100.48615,0.0
SCS26,weekday_2012,1785805685,18.0,3.179192,101.68738,0.0
SCS05,weekday_2011,1785805685,0.0,3.135278,101.688095,0.0
DMU08,34,1785805684,71.0,2.621075,102.593285,0.0
SCS32,weekday_2112,1785805684,77.0,3.379167,101.61748,0.0
SCS10,weekday_2014,1785805683,20.0,3.120425,101.678535,0.0
SCS24,2912,1785805681,114.0,5.606315,100.49517,0.0
DMU09,51,1785805713,36.0,5.00454,102.02317,0.0
SCS38,2915,1785805693,114.0,6.26998,100.35353,0.0
SCS17,weekday_2119,1785805691,48.0,3.107393,101.67389,0.0
SCS21,weekday_2013,1785805688,75.0,3.221883,101.672554,0.0
EMU22,2911,1785805738,119.0,5.393537,100.471115,0.0
SCS38,2915,1785805723,114.0,6.261148,100.35535,0.0
SCS32,weekday_2112,1785805714,99.0,3.3843,101.62261,0.0
SCS10,weekday_2014,1785805713,18.0,3.122177,101.67822,0.0
SCS24,2912,1785805831,13.0,5.643582,100.49014,0.0
SCS17,weekday_2119,1785805826,0.0,3.09619,101.67014,0.0
SCS32,weekday_2112,1785805804,109.0,3.408477,101.62781,0.0
SCS38,2915,1785805798,113.0,6.23907,100.35986,0.0
EMU22,2911,1785805798,117.0,5.374948,100.46875,0.0
SCS26,weekday_2012,1785805775,6.0,3.181503,101.68842,0.0
SCS05,weekday_2011,1785805775,0.0,3.135278,101.688095,0.0
DMU08,34,1785805774,77.0,2.636588,102.588936,0.0
SCS32,weekday_2112,1785805894,100.0,3.429885,101.6303,0.0
DMU09,51,1785805893,64.0,4.982235,102.01466,0.0
SCS10,weekday_2014,1785805878,0.0,3.128803,101.68046,0.0
SCS05,weekday_2011,1785805865,0.0,3.135278,101.688095,0.0
SCS26,weekday_2012,1785805865,75.0,3.192213,101.686356,0.0
DMU08,34,1785805834,71.0,2.645728,102.582275,0.0
SCS32,weekday_2112,1785805894,100.0,3.429885,101.6303,0.0
DMU09,51,1785805893,64.0,4.982235,102.01466,0.0
SCS10,weekday_2014,1785805878,0.0,3.128803,101.68046,0.0
SCS05,weekday_2011,1785805865,0.0,3.135278,101.688095,0.0
SCS26,weekday_2012,1785805865,75.0,3.192213,101.686356,0.0
DMU08,34,1785805834,71.0,2.645728,102.582275,0.0
SCS32,weekday_2112,1785805894,100.0,3.429885,101.6303,0.0
DMU09,51,1785805893,64.0,4.982235,102.01466,0.0
SCS10,weekday_2014,1785805878,0.0,3.128803,101.68046,0.0
SCS05,weekday_2011,1785805865,0.0,3.135278,101.688095,0.0
SCS26,weekday_2012,1785805865,75.0,3.192213,101.686356,0.0
DMU08,34,1785805834,71.0,2.645728,102.582275,0.0
SCS32,weekday_2112,1785805894,100.0,3.429885,101.6303,0.0
DMU09,51,1785805893,64.0,4.982235,102.01466,0.0
SCS10,weekday_2014,1785805878,0.0,3.128803,101.68046,0.0
SCS05,weekday_2011,1785805865,0.0,3.135278,101.688095,0.0
SCS26,weekday_2012,1785805865,75.0,3.192213,101.686356,0.0
DMU08,34,1785805834,71.0,2.645728,102.582275,0.0
SCS32,weekday_2112,1785805894,100.0,3.429885,101.6303,0.0
DMU09,51,1785805893,64.0,4.982235,102.01466,0.0
SCS10,weekday_2014,1785805878,0.0,3.128803,101.68046,0.0
SCS05,weekday_2011,1785805865,0.0,3.135278,101.688095,0.0
SCS26,weekday_2012,1785805865,75.0,3.192213,101.686356,0.0
DMU08,34,1785805834,71.0,2.645728,102.582275,0.0
DMU09,51,1785806148,29.0,4.956462,102.00819,0.0
DMU08,34,1785806134,76.0,2.681253,102.5361,0.0
SCS05,weekday_2011,1785806210,18.0,3.12069,101.67854,0.0
SCS26,weekday_2012,1785806210,39.0,3.215085,101.67218,0.0
SCS32,weekday_2112,1785806149,58.0,3.470833,101.638115,0.0
SCS10,weekday_2014,1785806148,5.0,3.131548,101.682655,0.0
SCS38,2915,1785806263,114.0,6.131875,100.378265,0.0
EMU22,2911,1785806246,57.0,5.363558,100.42389,0.0
SCS05,weekday_2011,1785806240,14.0,3.118887,101.678856,0.0
SCS17,weekday_2119,1785806201,32.0,3.0834,101.65628,0.0
SCS32,weekday_2112,1785806224,98.0,3.48838,101.63702,0.0
SCS10,weekday_2014,1785806223,0.0,3.13157,101.68265,0.0
DMU09,51,1785806223,55.0,4.950343,102.005905,0.0
SCS38,2915,1785806293,111.0,6.123665,100.374535,0.0
SCS32,weekday_2112,1785806269,49.0,3.497395,101.6346,0.0
EMU22,2911,1785806291,0.0,5.364563,100.421295,0.0
SCS05,weekday_2011,1785806315,0.0,3.118055,101.67899,0.0
SCS26,weekday_2012,1785806315,31.0,3.23132,101.67539,0.0
SCS24,2912,1785806311,113.0,5.758513,100.49948,0.0
SCS10,weekday_2014,1785806298,0.0,3.132217,101.68341,0.0
DMU09,51,1785806298,61.0,4.937852,102.005135,0.0
SCS32,weekday_2112,1785806344,2.0,3.499728,101.63422,0.0
DMU09,51,1785806343,52.0,4.931492,102.00204,0.0
SCS26,weekday_2012,1785806345,31.0,3.232972,101.67759,0.0
SCS17,weekday_2119,1785806321,33.0,3.084158,101.63431,0.0
SCS24,2912,1785806341,113.0,5.76659,100.495544,0.0
SCS21,weekday_2013,1785806438,22.0,3.177158,101.6865,0.0
SCS24,2912,1785806416,115.0,5.787358,100.48677,0.0
SCS05,weekday_2011,1785806405,0.0,3.117983,101.67893,0.0
DMU09,51,1785806403,45.0,4.926168,101.996635,0.0
SCS10,weekday_2014,1785806418,0.0,3.132217,101.68341,0.0
SCS26,weekday_2012,1785806420,0.0,3.237125,101.68122,0.0
DMU08,34,1785806419,76.0,2.71746,102.496155,0.0
SCS32,weekday_2112,1785806404,70.0,3.509538,101.632774,0.0
SCS10,weekday_2014,1785806493,11.0,3.136767,101.69097,0.0
DMU09,51,1785806493,29.0,4.92781,101.986336,0.0
SCS24,2912,1785806491,117.0,5.808527,100.4798,0.0
SCS21,weekday_2013,1785806453,22.0,3.17623,101.68589,0.0
EMU22,2911,1785806486,95.0,5.37512,100.39691,0.0
SCS38,2915,1785806473,112.0,6.098332,100.36952,0.0
SCS17,weekday_2119,1785806471,34.0,3.084738,101.62361,0.0
SCS26,weekday_2012,1785806450,0.0,3.237133,101.68123,0.0
DMU08,34,1785806449,72.0,2.72287,102.493965,0.0
SCS32,weekday_2112,1785806464,98.0,3.522172,101.62909,0.0
SCS17,weekday_2119,1785806531,0.0,3.084598,101.62242,0.0
SCS24,2912,1785806506,118.0,5.81306,100.478935,0.0
SCS21,weekday_2013,1785806498,23.0,3.173238,101.68483,0.0
SCS32,weekday_2112,1785806569,82.0,3.545565,101.63785,0.0
DMU09,51,1785806568,67.0,4.921918,101.97923,0.0
SCS10,weekday_2014,1785806568,12.0,3.139553,101.69362,0.0
SCS38,2915,1785806533,114.0,6.082537,100.37849,0.0
EMU22,2911,1785806531,91.0,5.380308,100.38714,0.0
SCS38,2915,1785806593,114.0,6.066728,100.38714,0.0
SCS24,2912,1785806581,0.0,5.82503,100.47795,0.0
SCS32,weekday_2112,1785806614,19.0,3.552212,101.639565,0.0
DMU09,51,1785806613,77.0,4.91343,101.97749,0.0
SCS10,weekday_2014,1785806613,0.0,3.140165,101.69375,0.0
SCS21,weekday_2013,1785806612,34.0,3.16715,101.68902,0.0
EMU22,2911,1785806591,41.0,5.385637,100.377106,0.0
SCS26,weekday_2012,1785806600,0.0,3.237133,101.68123,0.0
DMU08,34,1785806584,72.0,2.745062,102.47891,0.0
SCS05,weekday_2011,1785806675,44.0,3.100008,101.70319,0.0
SCS10,weekday_2014,1785806673,11.0,3.141755,101.69405,0.0
SCS26,weekday_2012,1785806645,0.0,3.237133,101.68123,0.0
SCS32,weekday_2112,1785806644,0.0,3.552617,101.63949,0.0
SCS21,weekday_2013,1785806642,0.0,3.166047,101.69032,0.0
SCS24,2912,1785806641,81.0,5.829658,100.477554,0.0
DMU08,34,1785806629,71.0,2.750928,102.472916,0.0
DMU09,51,1785806643,69.0,4.908045,101.97488,0.0
SCS26,weekday_2012,1785806675,0.0,3.237133,101.68123,0.0
SCS32,weekday_2112,1785806674,5.0,3.552648,101.63952,0.0
SCS38,2915,1785806728,114.0,6.03156,100.40701,0.0
SCS21,weekday_2013,1785806702,17.0,3.16557,101.69089,0.0
DMU08,34,1785806719,74.0,2.767747,102.46714,0.0
SCS10,weekday_2014,1785806703,14.0,3.143398,101.69364,0.0
DMU09,51,1785806703,62.0,4.897197,101.971016,0.0
SCS05,weekday_2011,1785806675,44.0,3.100008,101.70319,0.0
DMU08,34,1785806764,71.0,2.774782,102.46221,0.0
SCS10,weekday_2014,1785806793,67.0,3.150228,101.69059,0.0
SCS38,2915,1785806758,114.0,6.023697,100.41146,0.0
EMU22,2911,1785806756,19.0,5.39085,100.369835,0.0
SCS32,weekday_2112,1785806764,87.0,3.562827,101.62761,0.0
SCS17,weekday_2119,1785806756,35.0,3.083025,101.61039,0.0
DMU09,51,1785806808,16.0,4.887128,101.97146,0.0
SCS21,weekday_2013,1785806807,0.0,3.15486,101.69323,0.0
SCS24,2912,1785806806,114.0,5.877898,100.47699,0.0
DMU08,34,1785806809,75.0,2.780695,102.45574,0.0
EMU22,2911,1785806846,0.0,5.39317,100.36649,0.0
SCS17,weekday_2119,1785806831,50.0,3.08282,101.60427,0.0
SCS05,weekday_2011,1785806825,0.0,3.097833,101.706024,0.0
SCS26,weekday_2012,1785806825,65.0,3.232423,101.67691,0.0
SCS32,weekday_2112,1785806824,94.0,3.5713,101.61613,0.0
DMU09,51,1785806823,14.0,4.886392,101.971115,0.0
SCS10,weekday_2014,1785806823,27.0,3.154157,101.69271,0.0
SCS21,weekday_2013,1785806792,31.0,3.15529,101.69357,0.0
SCS24,2912,1785806926,115.0,5.912575,100.469025,0.0
SCS26,weekday_2012,1785806885,99.0,3.220217,101.672485,0.0
SCS05,weekday_2011,1785806885,0.0,3.097833,101.706024,0.0
SCS21,weekday_2013,1785806852,4.0,3.15478,101.693214,0.0
SCS32,weekday_2112,1785806899,102.0,3.58846,101.60891,0.0
SCS10,weekday_2014,1785806883,2.0,3.154918,101.69324,0.0
DMU09,51,1785806883,28.0,4.882365,101.96832,0.0
SCS32,weekday_2112,1785806974,96.0,3.599898,101.59508,0.0
SCS24,2912,1785806971,114.0,5.925182,100.46417,0.0
SCS05,weekday_2011,1785806945,0.0,3.097833,101.706024,0.0
SCS26,weekday_2012,1785806945,96.0,3.205503,101.675064,0.0
DMU08,34,1785806944,79.0,2.791243,102.43075,0.0
DMU09,51,1785806943,5.0,4.879232,101.966835,0.0
SCS10,weekday_2014,1785806943,69.0,3.162247,101.69199,0.0
SCS21,weekday_2013,1785806942,21.0,3.146578,101.6913,0.0
DMU08,34,1785807019,76.0,2.799723,102.41882,0.0
SCS32,weekday_2112,1785806989,97.0,3.601715,101.591774,0.0
SCS21,weekday_2013,1785807032,8.0,3.141787,101.69425,0.0
SCS24,2912,1785807031,114.0,5.941978,100.4576,0.0
DMU03,35,1785807027,0.0,4.187385,102.05292,0.0
SCS10,weekday_2014,1785807018,4.0,3.16603,101.690315,0.0
DMU09,51,1785807018,0.0,4.879243,101.966866,0.0
SCS05,weekday_2011,1785807005,0.0,3.097833,101.706024,0.0
SCS26,weekday_2012,1785807005,68.0,3.194647,101.6843,0.0
SCS38,2915,1785807103,117.0,5.95582,100.449814,0.0
DMU03,35,1785807087,0.0,4.1873,102.052925,0.0
SCS17,weekday_2119,1785807058,0.0,3.084498,101.58909,0.0
SCS05,weekday_2011,1785807080,0.0,3.097833,101.706024,0.0
SCS26,weekday_2012,1785807080,42.0,3.185835,101.69005,0.0
SCS10,weekday_2014,1785807048,19.0,3.167055,101.68908,0.0
SCS21,weekday_2013,1785807047,10.0,3.141118,101.69419,0.0
SCS24,2912,1785807046,114.0,5.945927,100.4554,0.0
SCS17,weekday_2119,1785807133,21.0,3.084513,101.58564,0.0
SCS21,weekday_2013,1785807152,20.0,3.138832,101.69347,0.0
SCS24,2912,1785807151,52.0,5.971217,100.44113,0.0
DMU08,34,1785807124,31.0,2.810848,102.404396,0.0
SCS32,weekday_2112,1785807124,110.0,3.62939,101.564926,0.0
DMU03,35,1785807132,23.0,4.18616,102.054184,0.0
SCS10,weekday_2014,1785807123,20.0,3.170018,101.68547,0.0
SCS26,weekday_2012,1785807125,18.0,3.182315,101.68874,0.0
SCS05,weekday_2011,1785807125,0.0,3.097833,101.706024,0.0
DMU09,51,1785807213,0.0,4.879177,101.96689,0.0
SCS21,weekday_2013,1785807167,19.0,3.13783,101.69275,0.0
SCS26,weekday_2012,1785807155,0.0,3.181597,101.68852,0.0
SCS32,weekday_2112,1785807154,106.0,3.636352,101.56014,0.0
SCS24,2912,1785807226,51.0,5.973968,100.43957,0.0
SCS17,weekday_2119,1785807178,42.0,3.082672,101.58268,0.0
DMU03,35,1785807237,51.0,4.178303,102.06517,0.0
SCS26,weekday_2012,1785807275,0.0,3.181522,101.68846,0.0
SCS05,weekday_2011,1785807275,0.0,3.097833,101.706024,0.0
SCS32,weekday_2112,1785807274,105.0,3.661592,101.53729,0.0
SCS17,weekday_2119,1785807238,24.0,3.081697,101.57844,0.0
SCS38,2915,1785807223,114.0,5.923143,100.46499,0.0
DMU09,51,1785807273,0.0,4.879265,101.96695,0.0
SCS21,weekday_2013,1785807227,16.0,3.136138,101.68967,0.0
SCS24,2912,1785807241,77.0,5.976312,100.43823,0.0
SCS05,weekday_2011,1785807305,0.0,3.097833,101.706024,0.0
SCS26,weekday_2012,1785807305,0.0,3.181522,101.68846,0.0
DMU08,34,1785807304,0.0,2.811458,102.4037,0.0
SCS21,weekday_2013,1785807317,0.0,3.136138,101.689545,0.0
SCS24,2912,1785807316,115.0,5.994767,100.42782,0.0
SCS32,weekday_2112,1785807304,101.0,3.668438,101.53255,0.0
SCS10,weekday_2014,1785807303,6.0,3.182122,101.6886,0.0
DMU03,35,1785807297,49.0,4.178795,102.07348,0.0
DMU08,34,1785807379,0.0,2.811538,102.40369,0.0
DMU03,35,1785807372,66.0,4.17382,102.084625,0.0
SCS38,2915,1785807358,114.0,5.884728,100.47699,0.0
SCS17,weekday_2119,1785807358,13.0,3.078788,101.57179,0.0
SCS05,weekday_2011,1785807335,0.0,3.097833,101.706024,0.0
SCS32,weekday_2112,1785807334,65.0,3.67388,101.528755,0.0
DMU09,51,1785807408,0.0,4.87919,101.966805,0.0
SCS24,2912,1785807406,114.0,6.018273,100.41454,0.0
SCS21,weekday_2013,1785807347,0.0,3.136138,101.689545,0.0
SCS26,weekday_2012,1785807365,0.0,3.181522,101.68846,0.0
SCS21,weekday_2013,1785807452,0.0,3.136138,101.689545,0.0
SCS24,2912,1785807451,114.0,6.030077,100.40788,0.0
SCS38,2915,1785807433,114.0,5.862205,100.476944,0.0
DMU03,35,1785807432,72.0,4.178867,102.09371,0.0
SCS05,weekday_2011,1785807455,0.0,3.097833,101.706024,0.0
DMU08,34,1785807454,0.0,2.81148,102.4036,0.0
DMU09,51,1785807453,0.0,4.8792,101.96682,0.0
SCS10,weekday_2014,1785807453,17.0,3.184613,101.689575,0.0
SCS17,weekday_2119,1785807403,18.0,3.076805,101.57049,0.0
SCS32,weekday_2112,1785807514,0.0,3.684072,101.51876,0.0
DMU09,51,1785807483,0.0,4.879118,101.96679,0.0
SCS21,weekday_2013,1785807482,0.0,3.136138,101.689545,0.0
DMU03,35,1785807477,65.0,4.181747,102.10132,0.0
SCS24,2912,1785807511,112.0,6.045735,100.39905,0.0
SCS38,2915,1785807493,114.0,5.844128,100.4769,0.0
SCS17,weekday_2119,1785807478,15.0,3.076323,101.56638,0.0
SCS17,weekday_2119,1785807568,23.0,3.076642,101.561195,0.0
SCS24,2912,1785807526,111.0,6.049535,100.39689,0.0
SCS32,weekday_2112,1785807574,0.0,3.684072,101.51876,0.0
SCS38,2915,1785807538,93.0,5.831198,100.47744,0.0
SCS21,weekday_2013,1785807527,17.0,3.130852,101.68219,0.0
DMU03,35,1785807567,69.0,4.180715,102.11644,0.0
SCS10,weekday_2014,1785807573,26.0,3.198552,101.68096,0.0
DMU09,51,1785807618,46.0,4.875242,101.96554,0.0
SCS17,weekday_2119,1785807613,0.0,3.076145,101.560074,0.0
SCS38,2915,1785807613,0.0,5.824995,100.47795,0.0
SCS21,weekday_2013,1785807587,17.0,3.128292,101.680145,0.0
SCS24,2912,1785807586,114.0,6.065212,100.38801,0.0
DMU03,35,1785807582,71.0,4.179918,102.119064,0.0
SCS32,weekday_2112,1785807574,0.0,3.684072,101.51876,0.0
DMU09,51,1785807693,74.0,4.861967,101.96781,0.0
SCS21,weekday_2013,1785807692,25.0,3.121985,101.67828,0.0
SCS24,2912,1785807691,109.0,6.092678,100.37274,0.0
SCS38,2915,1785807688,110.0,5.812732,100.47897,0.0
DMU03,35,1785807687,50.0,4.185943,102.132324,0.0
SCS10,weekday_2014,1785807648,52.0,3.200722,101.679146,0.0
SCS17,weekday_2119,1785807643,13.0,3.076042,101.55992,0.0
DMU11(D6122),55,1785807723,86.0,6.163295,102.20679,0.0
DMU03,35,1785807717,40.0,4.188702,102.13482,0.0
SCS17,weekday_2119,1785807703,75.0,3.073527,101.55492,0.0
DMU08,34,1785807724,0.0,2.811572,102.4036,0.0
SCS10,weekday_2014,1785807723,0.0,3.20531,101.67526,0.0
SCS24,2912,1785807721,104.0,6.099995,100.36859,0.0
SCS38,2915,1785807718,116.0,5.803865,100.48096,0.0
DMU09,51,1785807738,59.0,4.855245,101.97212,0.0
SCS21,weekday_2013,1785807737,0.0,3.119377,101.67881,0.0
DMU09,51,1785807768,57.0,4.852415,101.97595,0.0
SCS17,weekday_2119,1785807778,101.0,3.061228,101.54109,0.0
DMU11(D6122),55,1785807753,87.0,6.160815,102.213165,0.0
SCS38,2915,1785807778,115.0,5.786868,100.48704,0.0
SCS05,weekday_2011,1785807770,0.0,3.097833,101.706024,0.0
DMU08,34,1785807769,0.0,2.811572,102.4036,0.0
DMU09,51,1785807843,64.0,4.8428,101.98504,0.0
SCS17,weekday_2119,1785807853,20.0,3.056807,101.52607,0.0
DMU11(D6122),55,1785807843,76.0,6.153368,102.22896,0.0
SCS38,2915,1785807838,116.0,5.770022,100.4942,0.0
SCS21,weekday_2013,1785807932,58.0,3.112895,101.68292,0.0
SCS24,2912,1785807931,116.0,6.132848,100.37865,0.0
DMU09,51,1785807918,52.0,4.837288,101.99527,0.0
DMU08,34,1785807904,0.0,2.811625,102.40349,0.0
SCS10,weekday_2014,1785807903,96.0,3.224955,101.67269,0.0
SCS17,weekday_2119,1785807883,0.0,3.056727,101.52584,0.0
SCS38,2915,1785807898,117.0,5.753322,100.50202,0.0
DMU03,35,1785807987,72.0,4.17421,102.16586,0.0
SCS24,2912,1785807961,114.0,6.141658,100.38067,0.0
DMU09,51,1785807993,61.0,4.834847,102.006165,0.0
SCS38,2915,1785807988,115.0,5.727708,100.51207,0.0
SCS10,weekday_2014,1785807948,30.0,3.231322,101.67541,0.0
DMU11(D6122),55,1785807948,77.0,6.138078,102.22379,0.0
SCS05,weekday_2011,1785807935,0.0,3.097833,101.706024,0.0
SCS05,weekday_2011,1785807995,0.0,3.097833,101.706024,0.0
SCS10,weekday_2014,1785808023,38.0,3.236168,101.68115,0.0
DMU11(D6122),55,1785807993,75.0,6.132158,102.21669,0.0
DMU09,51,1785807993,61.0,4.834847,102.006165,0.0
SCS17,weekday_2119,1785808033,21.0,3.051808,101.50128,0.0
SCS38,2915,1785808033,114.0,5.714965,100.513435,0.0
DMU03,35,1785808002,67.0,4.17234,102.16801,0.0
DMU11(D6122),55,1785808128,14.0,6.118993,102.20121,0.0
SCS24,2912,1785808126,7.0,6.183775,100.374535,0.0
SCS24,2912,1785808126,7.0,6.183775,100.374535,0.0
SCS17,weekday_2119,1785808123,0.0,3.052348,101.49353,0.0
SCS21,weekday_2013,1785808157,1.0,3.108872,101.69221,0.0
SCS38,2915,1785808138,114.0,5.686163,100.501686,0.0
SCS05,weekday_2011,1785808145,0.0,3.097833,101.706024,0.0
DMU08,34,1785808144,4.0,2.81161,102.40369,0.0
DMU11(D6122),55,1785808143,2.0,6.118563,102.20088,0.0
DMU08,34,1785808234,0.0,2.811772,102.40357,0.0
SCS38,2915,1785808228,102.0,5.661677,100.49322,0.0
DMU03,35,1785808227,66.0,4.1446,102.18955,0.0
SCS21,weekday_2013,1785808172,18.0,3.1084,101.692726,0.0
SCS17,weekday_2119,1785808273,45.0,3.052542,101.486145,0.0
SCS38,2915,1785808273,96.0,5.650002,100.491264,0.0
SCS19,weekday_2130,1785808265,7.0,3.000143,101.39098,0.0
DMU08,34,1785808264,0.0,2.811688,102.40359,0.0
SCS24,2912,1785808261,117.0,6.200365,100.36774,0.0
SCS17,weekday_2119,1785808318,59.0,3.05262,101.47991,0.0
SCS19,weekday_2130,1785808310,14.0,3.001908,101.390915,0.0
DMU11(D6122),55,1785808323,13.0,6.119127,102.201256,0.0
SCS24,2912,1785808321,114.0,6.218155,100.36412,0.0
SCS38,2915,1785808363,0.0,5.643695,100.49019,0.0
DMU03,35,1785808332,65.0,4.127997,102.19878,0.0
DMU03,35,1785808362,51.0,4.12308,102.199455,0.0
SCS17,weekday_2119,1785808378,65.0,3.045833,101.47409,0.0
SCS38,2915,1785808378,0.0,5.643695,100.49019,0.0
SCS05,weekday_2018,1785808355,23.0,3.098158,101.70551,0.0
DMU08,34,1785808354,0.0,2.811508,102.4037,0.0
DMU11(D6122),55,1785808368,0.0,6.120307,102.20231,0.0
SCS38,2915,1785808483,116.0,5.626423,100.49313,0.0
DMU11(D6122),55,1785808458,15.0,6.119107,102.20121,0.0
SCS19,weekday_2130,1785808475,0.0,3.01314,101.40234,0.0
DMU09,51,1785808458,67.0,4.757233,102.014534,0.0
SCS24,2912,1785808456,114.0,6.257675,100.356094,0.0
SCS17,weekday_2119,1785808453,0.0,3.036688,101.47057,0.0
DMU03,35,1785808437,0.0,4.117247,102.1994,0.0
SCS24,2912,1785808516,114.0,6.275377,100.35245,0.0
DMU09,51,1785808488,67.0,4.752105,102.014015,0.0
DMU11(D6122),55,1785808488,0.0,6.11863,102.20078,0.0
SCS19,weekday_2130,1785808550,68.0,3.015522,101.40495,0.0
SCS19,weekday_2130,1785808580,54.0,3.01929,101.40903,0.0
DMU11(D6122),55,1785808578,0.0,6.11854,102.20083,0.0
SCS24,2912,1785808576,115.0,6.293022,100.34885,0.0
SCS38,2915,1785808543,114.0,5.608932,100.49576,0.0
DMU03,35,1785808572,50.0,4.11148,102.19905,0.0
DMU11(D6122),55,1785808593,0.0,6.11854,102.20083,0.0
SCS38,2915,1785808618,114.0,5.586838,100.49415,0.0
DMU03,35,1785808617,53.0,4.105272,102.19942,0.0
DMU09,51,1785808608,35.0,4.733247,102.011185,0.0
SCS19,weekday_2130,1785808595,12.0,3.02031,101.41011,0.0
SCS05,weekday_2018,1785808595,0.0,3.113215,101.682,0.0
DMU08,34,1785808594,0.0,2.811518,102.40366,0.0
SCS19,weekday_2130,1785808700,54.0,3.021398,101.411255,0.0
DMU09,51,1785808698,0.0,4.730807,102.01066,0.0
DMU11(D6122),55,1785808698,0.0,6.118583,102.200806,0.0
SCS24,2912,1785808681,114.0,6.322465,100.3389,0.0
SCS05,weekday_2018,1785808670,42.0,3.114672,101.680305,0.0
DMU08,34,1785808669,44.0,2.814605,102.39991,0.0
SCS24,2912,1785808786,114.0,6.347767,100.320015,0.0
SCS05,weekday_2018,1785808775,0.0,3.117948,101.679016,0.0
DMU08,34,1785808774,74.0,2.82984,102.39224,0.0
DMU11(D6122),55,1785808773,0.0,6.118583,102.200806,0.0
SCS17,weekday_2119,1785808768,0.0,3.042443,101.45137,0.0
DMU09,51,1785808743,55.0,4.727682,102.010056,0.0
SCS19,weekday_2130,1785808790,22.0,3.033568,101.4244,0.0
DMU03,35,1785808782,58.0,4.086538,102.214645,0.0
SCS10,weekday_2015,1785808788,0.0,3.238507,101.68105,0.0
DMU11(D6122),55,1785808788,0.0,6.118583,102.200806,0.0
SCS17,weekday_2119,1785808783,5.0,3.042358,101.451485,0.0
SCS19,weekday_2130,1785808775,44.0,3.03264,101.42335,0.0
SCS38,2915,1785808798,114.0,5.533558,100.50453,0.0
DMU03,35,1785808797,52.0,4.086358,102.216866,0.0
SCS05,weekday_2018,1785808790,0.0,3.117948,101.679016,0.0
DMU08,34,1785808789,73.0,2.832727,102.39124,0.0
DMU09,51,1785808788,77.0,4.721242,102.00471,0.0
SCS38,2915,1785808858,114.0,5.516027,100.507065,0.0
DMU09,51,1785808893,79.0,4.700585,102.00296,0.0
SCS17,weekday_2119,1785808888,17.0,3.038303,101.45449,0.0
SCS24,2912,1785808906,4.0,6.371342,100.30239,0.0
DMU11(D6122),55,1785808863,0.0,6.118598,102.20089,0.0
SCS17,weekday_2119,1785808918,7.0,3.03715,101.45534,0.0
DMU08,34,1785808954,67.0,2.862965,102.38097,0.0
DMU03,35,1785808947,72.0,4.081123,102.241295,0.0
DMU11(D6122),55,1785808938,0.0,6.118598,102.20089,0.0
SCS10,weekday_2015,1785808908,32.0,3.235895,101.681015,0.0
SCS05,weekday_2018,1785808955,16.0,3.123635,101.678055,0.0
SCS24,2912,1785809026,117.0,6.385873,100.29153,0.0
SCS19,weekday_2130,1785809015,0.0,3.039983,101.431244,0.0
DMU11(D6122),55,1785808983,0.0,6.118598,102.20089,0.0
DMU03,35,1785808977,65.0,4.07823,102.24609,0.0
DMU09,51,1785808983,0.0,4.693383,102.00321,0.0
SCS10,weekday_2015,1785808983,87.0,3.227212,101.67282,0.0
SCS10,weekday_2015,1785809058,0.0,3.21508,101.672226,0.0
SCS19,weekday_2130,1785809030,5.0,3.040018,101.43128,0.0
SCS05,weekday_2018,1785809030,18.0,3.127955,101.67984,0.0
DMU08,34,1785809029,80.0,2.878378,102.380775,0.0
DMU11(D6122),55,1785809028,0.0,6.11854,102.20081,0.0
SCS38,2915,1785809023,0.0,5.482845,100.49819,0.0
DMU03,35,1785809022,68.0,4.077697,102.254036,0.0
SCS17,weekday_2119,1785809128,7.0,3.042265,101.45155,0.0
SCS05,weekday_2018,1785809105,21.0,3.13145,101.68274,0.0
DMU08,34,1785809104,76.0,2.894133,102.38324,0.0
DMU09,51,1785809103,25.0,4.691825,102.00333,0.0
SCS10,weekday_2015,1785809103,14.0,3.214835,101.67218,0.0
SCS24,2912,1785809101,114.0,6.404088,100.27812,0.0
SCS38,2915,1785809128,115.0,5.46685,100.4966,0.0
DMU03,35,1785809097,55.0,4.075963,102.26702,0.0
SCS19,weekday_2130,1785809090,11.0,3.043,101.43448,0.0
SCS38,2915,1785809188,114.0,5.449498,100.49245,0.0
SCS19,weekday_2130,1785809180,0.0,3.04325,101.434746,0.0
DMU11(D6122),55,1785809133,0.0,6.11858,102.20073,0.0
SCS10,weekday_2015,1785809148,75.0,3.208537,101.67274,0.0
SCS24,2912,1785809146,114.0,6.416803,100.27353,0.0
SCS05,weekday_2018,1785809135,0.0,3.132682,101.68382,0.0
DMU08,34,1785809149,78.0,2.903408,102.38582,0.0
DMU11(D6122),55,1785809223,0.0,6.11858,102.20073,0.0
SCS24,2912,1785809221,9.0,6.432533,100.26813,0.0
DMU03,35,1785809262,0.0,4.075297,102.271545,0.0
SCS17,weekday_2119,1785809233,0.0,3.042412,101.45137,0.0
SCS38,2915,1785809233,115.0,5.436168,100.48884,0.0
SCS05,weekday_2018,1785809225,0.0,3.132682,101.68382,0.0
SCS19,weekday_2130,1785809225,0.0,3.04325,101.434746,0.0
SCS10,weekday_2015,1785809223,0.0,3.205398,101.675354,0.0
SCS24,2912,1785809296,57.0,6.43506,100.26725,0.0
SCS38,2915,1785809278,113.0,5.424923,100.48193,0.0
SCS05,weekday_2018,1785809270,0.0,3.132682,101.68382,0.0
DMU08,34,1785809269,72.0,2.921335,102.3945,0.0
SCS17,weekday_2119,1785809263,0.0,3.042412,101.45137,0.0
SCS10,weekday_2015,1785809268,21.0,3.20488,101.675705,0.0
DMU09,51,1785809238,84.0,4.667797,101.999016,0.0
SCS19,weekday_2130,1785809285,13.0,3.044877,101.436485,0.0
DMU09,51,1785809373,3.0,4.64569,101.99393,0.0
SCS24,2912,1785809371,116.0,6.453905,100.260765,0.0
SCS05,weekday_2018,1785809390,0.0,3.132682,101.68382,0.0
DMU11(D6122),55,1785809373,0.0,6.118567,102.2009,0.0
DMU03,35,1785809337,16.0,4.07517,102.27256,0.0
DMU03,35,1785809397,57.0,4.073082,102.27846,0.0
SCS24,2912,1785809386,115.0,6.458195,100.25929,0.0
DMU09,51,1785809433,7.0,4.645528,101.99392,0.0
SCS10,weekday_2015,1785809433,45.0,3.193617,101.685265,0.0
SCS38,2915,1785809398,113.0,5.390465,100.47074,0.0
SCS19,weekday_2130,1785809495,4.0,3.043135,101.450356,0.0
DMU08,34,1785809494,79.0,2.965752,102.400505,0.0
SCS24,2912,1785809476,114.0,6.484368,100.25361,0.0
SCS05,weekday_2018,1785809465,20.0,3.137213,101.69134,0.0
SCS17,weekday_2119,1785809458,0.0,3.042718,101.45104,0.0
SCS10,weekday_2015,1785809508,39.0,3.185962,101.690056,0.0
DMU03,35,1785809502,57.0,4.066077,102.29305,0.0
SCS24,2912,1785809521,114.0,6.497883,100.253395,0.0
SCS19,weekday_2130,1785809510,18.0,3.042898,101.45092,0.0
SCS05,weekday_2018,1785809510,0.0,3.138878,101.6934,0.0
DMU08,34,1785809509,79.0,2.968818,102.39984,0.0
DMU11(D6122),55,1785809508,12.0,6.118018,102.20034,0.0
DMU09,51,1785809508,57.0,4.638077,101.99222,0.0
SCS17,weekday_2119,1785809608,21.0,3.04457,101.43615,0.0
SCS24,2912,1785809581,103.0,6.515237,100.25541,0.0
SCS38,2915,1785809578,44.0,5.357178,100.464226,0.0
SCS19,weekday_2130,1785809555,21.0,3.040642,101.45294,0.0
SCS19,weekday_2130,1785809675,63.0,3.034272,101.4686,0.0
DMU11(D6122),55,1785809673,83.0,6.101313,102.18113,0.0
DMU03,35,1785809667,57.0,4.050038,102.31094,0.0
DMU08,34,1785809629,75.0,2.990223,102.39003,0.0
DMU03,35,1785809727,60.0,4.041388,102.31586,0.0
SCS38,2915,1785809698,47.0,5.366018,100.44987,0.0
DMU09,51,1785809688,83.0,4.60217,101.984535,0.0
SCS24,2912,1785809686,58.0,6.52635,100.257324,0.0
SCS10,weekday_2015,1785809673,28.0,3.180288,101.68792,0.0
SCS24,2912,1785809776,116.0,6.550572,100.259796,0.0
DMU09,51,1785809733,74.0,4.592377,101.98417,0.0
SCS19,weekday_2130,1785809780,54.0,3.040195,101.472435,0.0
SCS10,weekday_2015,1785809778,21.0,3.173002,101.6848,0.0
SCS05,weekday_2018,1785809765,0.0,3.153848,101.69235,0.0
DMU08,34,1785809764,77.0,3.014957,102.380135,0.0
DMU03,35,1785809847,65.0,4.021733,102.31954,0.0
SCS38,2915,1785809818,88.0,5.366997,100.44197,0.0
SCS19,weekday_2130,1785809810,60.0,3.044637,101.47423,0.0
DMU11(D6122),55,1785809808,34.0,6.093682,102.17368,0.0
DMU09,51,1785809808,79.0,4.578298,101.9879,0.0
SCS05,weekday_2018,1785809855,52.0,3.158062,101.693375,0.0
DMU08,34,1785809854,79.0,3.03336,102.37929,0.0
SCS17,weekday_2119,1785809878,76.0,3.022897,101.412895,0.0
SCS10,weekday_2015,1785809888,20.0,3.167523,101.688126,0.0
SCS19,weekday_2130,1785809885,63.0,3.052693,101.48045,0.0
DMU09,51,1785809868,82.0,4.566062,101.98746,0.0
DMU03,35,1785809967,62.0,4.002808,102.32031,0.0
DMU08,34,1785809959,78.0,3.052905,102.37019,0.0
SCS10,weekday_2015,1785809933,0.0,3.166055,101.69032,0.0
SCS10,weekday_2015,1785810008,27.0,3.16491,101.69145,0.0
SCS05,weekday_2018,1785810005,4.0,3.165652,101.69074,0.0
DMU08,34,1785810004,76.0,3.062232,102.37065,0.0
DMU09,51,1785810003,59.0,4.55481,101.98441,0.0
DMU11(D6122),55,1785810003,75.0,6.061093,102.152016,0.0
SCS17,weekday_2119,1785809998,25.0,3.01866,101.4084,0.0
SCS19,weekday_2130,1785809990,18.0,3.052457,101.49003,0.0
SCS10,weekday_2015,1785810038,50.0,3.16111,101.69227,0.0
DMU08,34,1785810034,78.0,3.068537,102.3709,0.0
SCS19,weekday_2130,1785810125,0.0,3.052418,101.49234,0.0
SCS10,weekday_2015,1785810098,0.0,3.154902,101.69326,0.0
DMU08,34,1785810154,76.0,3.093675,102.373245,0.0
DMU11(D6122),55,1785810153,8.0,6.04326,102.142624,0.0
DMU09,51,1785810093,67.0,4.538818,101.9806,0.0
SCS05,weekday_2018,1785810140,23.0,3.17113,101.68503,0.0
DMU09,51,1785810168,77.0,4.524922,101.97845,0.0
SCS17,weekday_2119,1785810163,13.0,3.008395,101.397415,0.0
SCS38,2915,1785810163,76.0,5.382732,100.38256,0.0
SCS10,weekday_2015,1785810188,47.0,3.152227,101.69132,0.0
DMU11(D6122),55,1785810183,0.0,6.042927,102.14248,0.0
DMU11(D6122),55,1785810273,0.0,6.042993,102.14229,0.0
SCS10,weekday_2015,1785810233,24.0,3.147078,101.69101,0.0
SCS19,weekday_2130,1785810230,0.0,3.052418,101.49234,0.0
DMU03,35,1785810297,64.0,3.966445,102.34564,0.0
SCS10,weekday_2015,1785810278,21.0,3.144868,101.69262,0.0
SCS24,2912,1785810331,0.0,6.662807,100.32018,0.0
SCS10,weekday_2015,1785810383,0.0,3.140358,101.69408,0.0
SCS19,weekday_2130,1785810365,20.0,3.052295,101.49572,0.0
SCS05,weekday_2018,1785810349,8.0,3.181753,101.6886,0.0
DMU09,51,1785810393,59.0,4.502087,101.95509,0.0
SCS10,weekday_2015,1785810413,0.0,3.140358,101.69408,0.0
DMU09,51,1785810453,67.0,4.493923,101.94802,0.0
DMU11(D6122),55,1785810453,0.0,6.042992,102.14243,0.0
SCS05,weekday_2018,1785810439,37.0,3.187188,101.689766,0.0
DMU03,35,1785810417,58.0,3.947212,102.35336,0.0
SCS10,weekday_2015,1785810473,16.0,3.13903,101.693794,0.0
DMU03,35,1785810567,0.0,3.937453,102.35774,0.0
DMU09,51,1785810573,53.0,4.48775,101.94315,0.0
SCS10,weekday_2015,1785810533,17.0,3.136752,101.69113,0.0
SCS19,weekday_2130,1785810530,82.0,3.053213,101.51453,0.0
DMU08,34,1785810529,0.0,3.135885,102.370476,0.0
SCS05,weekday_2018,1785810574,0.0,3.197802,101.68161,0.0
DMU11(D6122),55,1785810573,0.0,6.04306,102.14233,0.0
SCS19,weekday_2130,1785810620,0.0,3.056498,101.52465,0.0
SCS05,weekday_2018,1785810604,17.0,3.198287,101.681175,0.0
DMU09,51,1785810603,81.0,4.483422,101.9398,0.0
DMU11(D6122),55,1785810603,0.0,6.04306,102.14233,0.0
DMU03,35,1785810582,0.0,3.937453,102.35774,0.0
DMU08,34,1785810619,0.0,3.135885,102.370476,0.0
SCS10,weekday_2015,1785810608,0.0,3.135313,101.688705,0.0
SCS13,weekday_2126,1785810689,38.0,3.19225,101.65439,0.0
SCS19,weekday_2130,1785810665,80.0,3.057787,101.529045,0.0
DMU08,34,1785810664,0.0,3.135885,102.370476,0.0
DMU11(D6122),55,1785810693,9.0,6.042342,102.142075,0.0
DMU09,51,1785810678,80.0,4.469162,101.931496,0.0
SCS10,weekday_2015,1785810668,0.0,3.135313,101.688705,0.0
DMU11(D6122),55,1785810768,22.0,6.038997,102.14041,0.0
SCS10,weekday_2015,1785810713,0.0,3.135313,101.688705,0.0
SCS19,weekday_2130,1785810710,69.0,3.060952,101.539406,0.0
SCS05,weekday_2018,1785810709,0.0,3.204308,101.67601,0.0
DMU08,34,1785810709,0.0,3.135885,102.370476,0.0
SCS13,weekday_2126,1785810704,68.0,3.193257,101.65215,0.0
DMU09,51,1785810693,69.0,4.466308,101.931595,0.0
DMU08,34,1785810769,0.0,3.135885,102.370476,0.0
SCS10,weekday_2015,1785810803,15.0,3.132253,101.68272,0.0
SCS19,weekday_2130,1785810770,97.0,3.067342,101.549484,0.0
SCS10,weekday_2015,1785810863,17.0,3.129268,101.68038,0.0
SCS19,weekday_2130,1785810860,19.0,3.074308,101.5564,0.0
SCS05,weekday_2018,1785810889,0.0,3.21386,101.67211,0.0
DMU08,34,1785810889,0.0,3.135885,102.370476,0.0
DMU09,51,1785810888,72.0,4.433005,101.93547,0.0
DMU11(D6122),55,1785810888,62.0,6.029505,102.13978,0.0
SCS10,weekday_2015,1785810878,18.0,3.128422,101.67981,0.0
SCS05,weekday_2018,1785810919,26.0,3.215027,101.67213,0.0
DMU11(D6122),55,1785811008,85.0,6.004862,102.14141,0.0
DMU09,51,1785810948,38.0,4.42332,101.932205,0.0
SCS19,weekday_2130,1785810980,11.0,3.076465,101.560684,0.0
DMU08,34,1785810979,0.0,3.135885,102.370476,0.0
SCS05,weekday_2018,1785810979,66.0,3.223753,101.672615,0.0
SCS10,weekday_2015,1785810953,3.0,3.1243,101.67818,0.0
SCS10,weekday_2015,1785811058,0.0,3.124162,101.67813,0.0
DMU03,35,1785811032,63.0,3.877028,102.36502,0.0
SCS05,weekday_2018,1785811009,46.0,3.228693,101.67307,0.0
SCS19,weekday_2130,1785811115,21.0,3.076242,101.56707,0.0
DMU08,34,1785811114,0.0,3.135885,102.370476,0.0
SCS05,weekday_2018,1785811114,8.0,3.234132,101.67916,0.0
DMU11(D6122),55,1785811113,83.0,5.982552,102.14287,0.0
DMU09,51,1785811113,88.0,4.407505,101.92597,0.0
DMU08,34,1785811144,0.0,3.135885,102.370476,0.0
SCS05,weekday_2018,1785811144,0.0,3.234132,101.67916,0.0
SCS13,weekday_2126,1785811119,67.0,3.208143,101.61892,0.0
SCS19,weekday_2130,1785811175,21.0,3.077038,101.570755,0.0
SCS13,weekday_2126,1785811194,82.0,3.199325,101.605865,0.0
SCS10,weekday_2015,1785811193,22.0,3.121955,101.678314,0.0
SCS19,weekday_2130,1785811205,20.0,3.078797,101.57183,0.0
DMU03,35,1785811257,61.0,3.840043,102.361565,0.0
DMU08,34,1785811249,0.0,3.135885,102.370476,0.0
SCS05,weekday_2018,1785811249,0.0,3.237112,101.681206,0.0
DMU09,51,1785811338,67.0,4.367282,101.924065,0.0
SCS19,weekday_2130,1785811325,20.0,3.082517,101.582405,0.0
DMU11(D6122),55,1785811323,71.0,5.959517,102.14482,0.0
DMU08,34,1785811309,0.0,3.135885,102.370476,0.0
SCS13,weekday_2126,1785811419,0.0,3.205882,101.58093,0.0
SCS10,weekday_2015,1785811418,62.0,3.1126,101.6865,0.0
DMU09,51,1785811383,42.0,4.360347,101.92225,0.0
DMU08,34,1785811399,0.0,3.135853,102.37055,0.0
DMU11(D6122),55,1785811398,78.0,5.943873,102.1491,0.0
SCS19,weekday_2130,1785811415,0.0,3.084723,101.58772,0.0
DMU08,34,1785811489,0.0,3.135853,102.37055,0.0
DMU09,51,1785811428,0.0,4.358838,101.92179,0.0
SCS19,weekday_2130,1785811445,0.0,3.08472,101.58773,0.0
DMU11(D6122),55,1785811428,81.0,5.937702,102.15082,0.0
SCS13,weekday_2126,1785811494,52.0,3.208612,101.57554,0.0
DMU08,34,1785811474,0.0,3.135853,102.37055,0.0
DMU11(D6122),55,1785811488,79.0,5.925378,102.15418,0.0
SCS19,weekday_2130,1785811475,14.0,3.084568,101.58849,0.0
DMU11(D6122),55,1785811593,78.0,5.90353,102.15889,0.0
DMU09,51,1785811578,81.0,4.341928,101.916855,0.0
DMU03,35,1785811557,9.0,3.806777,102.359215,0.0
SCS10,weekday_2015,1785811643,0.0,3.108697,101.69246,0.0
SCS19,weekday_2130,1785811640,0.0,3.083133,101.61076,0.0
DMU09,51,1785811638,71.0,4.329475,101.9185,0.0
DMU11(D6122),55,1785811608,74.0,5.900383,102.158485,0.0
SCS13,weekday_2126,1785811599,104.0,3.227778,101.56057,0.0
SCS10,weekday_2015,1785811703,0.0,3.108697,101.69246,0.0
SCS19,weekday_2130,1785811700,83.0,3.083772,101.6153,0.0
DMU09,51,1785811683,65.0,4.320995,101.91919,0.0
DMU03,35,1785811707,61.0,3.78495,102.359375,0.0
SCS13,weekday_2126,1785811704,36.0,3.24867,101.55715,0.0
DMU03,35,1785811782,64.0,3.771778,102.35894,0.0
DMU11(D6122),55,1785811728,6.0,5.891437,102.15741,0.0
SCS10,weekday_2015,1785811763,22.0,3.108322,101.69295,0.0
DMU08,34,1785811729,75.0,3.1485,102.37495,0.0
SCS13,weekday_2126,1785811719,15.0,3.249592,101.55652,0.0
DMU09,51,1785811728,73.0,4.312625,101.9189,0.0
SCS19,weekday_2130,1785811745,0.0,3.084493,101.621414,0.0
SCS19,weekday_2130,1785811805,89.0,3.08507,101.626564,0.0
SCS13,weekday_2126,1785811809,32.0,3.25423,101.55457,0.0
SCS10,weekday_2015,1785811808,44.0,3.10529,101.69666,0.0
DMU03,35,1785811782,64.0,3.771778,102.35894,0.0
SCS10,weekday_2015,1785811853,29.0,3.102137,101.70072,0.0
SCS19,weekday_2130,1785811850,0.0,3.084605,101.631516,0.0
DMU08,34,1785811849,83.0,3.165955,102.39081,0.0
SCS13,weekday_2126,1785811839,22.0,3.256987,101.55451,0.0
DMU09,51,1785811833,31.0,4.29441,101.92179,0.0
DMU03,35,1785811917,59.0,3.749267,102.36166,0.0
SCS10,weekday_2015,1785811913,18.0,3.099212,101.704254,0.0
SCS19,weekday_2130,1785811970,70.0,3.082347,101.65307,0.0
DMU09,51,1785812013,82.0,4.279008,101.92028,0.0
DMU03,35,1785812007,61.0,3.734853,102.36345,0.0
DMU11(D6122),55,1785811968,73.0,5.847078,102.15184,0.0
SCS10,weekday_2015,1785811958,0.0,3.098628,101.70506,0.0
SCS13,weekday_2126,1785811989,76.0,3.267663,101.55925,0.0
SCS13,weekday_2126,1785812019,70.0,3.273037,101.56138,0.0
DMU03,35,1785812022,59.0,3.732448,102.36388,0.0
SCS10,weekday_2015,1785812018,0.0,3.098628,101.70506,0.0
DMU08,34,1785812014,84.0,3.196833,102.40453,0.0
DMU09,51,1785812133,4.0,4.257948,101.92532,0.0
DMU03,35,1785812112,61.0,3.719318,102.3657,0.0
SCS10,weekday_2015,1785812108,0.0,3.098628,101.70506,0.0
SCS13,weekday_2126,1785812139,84.0,3.292302,101.573555,0.0
SCS19,weekday_2130,1785812090,23.0,3.084837,101.660355,0.0
DMU08,34,1785812134,81.0,3.218053,102.40937,0.0
DMU09,51,1785812178,0.0,4.257907,101.925316,0.0
SCS10,weekday_2015,1785812243,0.0,3.098628,101.70506,0.0
SCS13,weekday_2126,1785812229,44.0,3.310512,101.57487,0.0
SCS19,weekday_2130,1785812225,23.0,3.087118,101.66659,0.0
DMU03,35,1785812217,0.0,3.709733,102.36684,0.0
DMU11(D6122),55,1785812193,12.0,5.80726,102.14688,0.0
DMU09,51,1785812298,66.0,4.249403,101.93814,0.0
DMU11(D6122),55,1785812283,0.0,5.806595,102.14673,0.0
DMU03,35,1785812277,0.0,3.709817,102.366806,0.0
SCS13,weekday_2126,1785812319,0.0,3.3191,101.574745,0.0
SCS10,weekday_2015,1785812318,0.0,3.098628,101.70506,0.0
DMU09,51,1785812388,49.0,4.248782,101.95439,0.0
DMU11(D6122),55,1785812388,0.0,5.806472,102.14666,0.0
SCS19,weekday_2130,1785812345,4.0,3.09502,101.66979,0.0
DMU08,34,1785812344,0.0,3.246135,102.41116,0.0
SCS13,weekday_2126,1785812424,39.0,3.324207,101.571785,0.0
SCS10,weekday_2015,1785812423,0.0,3.098628,101.70506,0.0
SCS19,weekday_2130,1785812420,77.0,3.106237,101.67323,0.0
DMU08,34,1785812419,0.0,3.246085,102.411354,0.0
DMU11(D6122),55,1785812418,0.0,5.806472,102.14666,0.0
DMU09,51,1785812418,0.0,4.248777,101.955414,0.0
DMU08,34,1785812479,0.0,3.246072,102.41143,0.0
SCS13,weekday_2126,1785812484,71.0,3.331788,101.56953,0.0
SCS19,weekday_2130,1785812480,0.0,3.112815,101.673454,0.0
DMU03,35,1785812457,45.0,3.705725,102.370186,0.0
DMU09,51,1785812433,0.0,4.248777,101.955414,0.0
SCS13,weekday_2126,1785812514,67.0,3.33658,101.57248,0.0
DMU09,51,1785812493,23.0,4.248707,101.95708,0.0
DMU11(D6122),55,1785812553,6.0,5.806168,102.14667,0.0
DMU09,51,1785812613,72.0,4.2412,101.973625,0.0
DMU11(D6122),55,1785812613,50.0,5.80132,102.14612,0.0
SCS10,weekday_2015,1785812558,0.0,3.098628,101.70506,0.0
DMU08,34,1785812584,0.0,3.246125,102.41122,0.0
DMU11(D6122),55,1785812658,72.0,5.793403,102.1451,0.0
SCS19,weekday_2130,1785812675,17.0,3.12233,101.67585,0.0
DMU08,34,1785812674,0.0,3.246122,102.41112,0.0
DMU09,51,1785812673,65.0,4.235778,101.98284,0.0
DMU03,35,1785812637,60.0,3.679315,102.37518,0.0
SCS13,weekday_2126,1785812679,98.0,3.363438,101.588264,0.0
SCS10,weekday_2015,1785812678,0.0,3.098628,101.70506,0.0
SCS10,weekday_2015,1785812723,0.0,3.098628,101.70506,0.0
SCS19,weekday_2130,1785812720,19.0,3.124633,101.67794,0.0
DMU03,35,1785812697,59.0,3.669493,102.3751,0.0
DMU09,51,1785812718,26.0,4.233145,101.989006,0.0
DMU03,35,1785812742,61.0,3.661968,102.376785,0.0
SCS19,weekday_2130,1785812867,0.0,3.130613,101.68185,0.0
DMU11(D6122),55,1785812838,58.0,5.76356,102.145004,0.0
DMU09,51,1785812823,16.0,4.2325,101.9909,0.0
DMU03,35,1785812802,60.0,3.651955,102.37904,0.0
SCS10,weekday_2015,1785812798,0.0,3.098628,101.70506,0.0
DMU08,34,1785812794,41.0,3.24938,102.41173,0.0
SCS13,weekday_2126,1785812904,92.0,3.381325,101.619576,0.0
SCS10,weekday_2015,1785812903,0.0,3.098628,101.70506,0.0
DMU11(D6122),55,1785812898,69.0,5.760038,102.154045,0.0
DMU08,34,1785812869,83.0,3.262455,102.414154,0.0
SCS19,weekday_2130,1785812897,32.0,3.131158,101.68238,0.0
SCS13,weekday_2126,1785812964,104.0,3.394755,101.628174,0.0
DMU09,51,1785812943,52.0,4.22604,102.00628,0.0
DMU11(D6122),55,1785812943,70.0,5.752033,102.156784,0.0
SCS19,weekday_2130,1785812942,0.0,3.132348,101.68374,0.0
SCS10,weekday_2015,1785812963,0.0,3.098628,101.70506,0.0
SCS19,weekday_2130,1785812972,0.0,3.132348,101.68374,0.0
DMU03,35,1785813027,65.0,3.61596,102.37507,0.0
DMU08,34,1785812974,77.0,3.283638,102.420135,0.0
DMU11(D6122),55,1785812973,77.0,5.746362,102.15842,0.0
DMU09,51,1785812973,56.0,4.224293,102.01046,0.0
DMU08,34,1785813049,76.0,3.296877,102.42752,0.0
SCS19,weekday_2130,1785813092,0.0,3.132348,101.68374,0.0
DMU11(D6122),55,1785813063,61.0,5.730292,102.1612,0.0
SCS10,weekday_2015,1785813143,0.0,3.098628,101.70506,0.0
DMU11(D6122),55,1785813138,63.0,5.716708,102.15601,0.0
DMU08,34,1785813109,78.0,3.308813,102.42522,0.0
SCS19,weekday_2130,1785813107,0.0,3.132348,101.68374,0.0
SCS10,weekday_2015,1785813233,0.0,3.098628,101.70506,0.0
SCS13,weekday_2126,1785813204,102.0,3.454663,101.63971,0.0
DMU03,35,1785813267,69.0,3.572965,102.368416,0.0
SCS10,weekday_2015,1785813233,0.0,3.098628,101.70506,0.0
SCS13,weekday_2126,1785813249,65.0,3.465903,101.63735,0.0
DMU11(D6122),55,1785813333,0.0,5.70284,102.15189,0.0
SCS13,weekday_2126,1785813294,0.0,3.467847,101.6376,0.0
DMU03,35,1785813357,62.0,3.557497,102.365845,0.0
SCS19,weekday_2130,1785813407,21.0,3.138462,101.69326,0.0
SCS13,weekday_2126,1785813384,105.0,3.479657,101.639595,0.0
DMU08,34,1785813379,54.0,3.336605,102.41948,0.0
SCS13,weekday_2126,1785813444,93.0,3.49519,101.63489,0.0
SCS19,weekday_2130,1785813407,21.0,3.138462,101.69326,0.0
DMU09,51,1785813483,0.0,4.187225,102.05309,0.0
SCS13,weekday_2126,1785813489,0.0,3.49967,101.63423,0.0
SCS19,weekday_2130,1785813527,28.0,3.142557,101.69372,0.0
DMU09,51,1785813558,0.0,4.18731,102.05304,0.0
DMU11(D6122),55,1785813558,0.0,5.705775,102.151985,0.0
SCS13,weekday_2126,1785813534,33.0,3.500532,101.63405,0.0
SCS13,weekday_2126,1785813624,96.0,3.517862,101.62865,0.0
DMU09,51,1785813603,0.0,4.187232,102.052956,0.0
DMU11(D6122),55,1785813603,2.0,5.704597,102.152016,0.0
SCS13,weekday_2126,1785813684,92.0,3.532115,101.63258,0.0
DMU11(D6122),55,1785813663,0.0,5.7029,102.15197,0.0
DMU09,51,1785813663,0.0,4.187345,102.053,0.0
SCS19,weekday_2130,1785813662,0.0,3.153905,101.692276,0.0
SCS19,weekday_2130,1785813737,64.0,3.16216,101.69195,0.0
DMU09,51,1785813738,13.0,4.185652,102.05452,0.0
DMU03,35,1785813792,57.0,3.51115,102.34659,0.0
SCS13,weekday_2126,1785813804,0.0,3.552657,101.639496,0.0
DMU11(D6122),55,1785813783,0.0,5.7029,102.15197,0.0
SCS19,weekday_2130,1785813797,0.0,3.165158,101.69129,0.0
SCS13,weekday_2126,1785813849,11.0,3.552848,101.639496,0.0
SCS19,weekday_2130,1785813902,75.0,3.170243,101.685356,0.0
DMU11(D6122),55,1785813903,0.0,5.7029,102.15197,0.0
SCS13,weekday_2126,1785813924,101.0,3.561893,101.62986,0.0
DMU09,51,1785813903,0.0,4.184392,102.055756,0.0
DMU11(D6122),55,1785813978,0.0,5.7029,102.15197,0.0
SCS13,weekday_2126,1785813969,101.0,3.568088,101.61928,0.0
DMU09,51,1785813948,0.0,4.184515,102.055664,0.0
DMU09,51,1785814053,1.0,4.18497,102.05515,0.0
DMU11(D6122),55,1785814038,0.0,5.7029,102.15197,0.0
SCS13,weekday_2126,1785814014,96.0,3.5778,101.61342,0.0
DMU09,51,1785814068,5.0,4.185057,102.055046,0.0
SCS13,weekday_2126,1785814059,106.0,3.588857,101.60859,0.0
SCS19,weekday_2130,1785814052,0.0,3.186087,101.66461,0.0
DMU08,34,1785814129,76.0,3.44879,102.33898,0.0
DMU11(D6122),55,1785814068,0.0,5.7029,102.15197,0.0
SCS13,weekday_2126,1785814149,104.0,3.602492,101.59095,0.0
DMU11(D6122),55,1785814173,0.0,5.7029,102.15197,0.0
SCS19,weekday_2130,1785814172,0.0,3.191712,101.6557,0.0
DMU08,34,1785814159,83.0,3.454473,102.34206,0.0
DMU09,51,1785814158,0.0,4.186083,102.05417,0.0
DMU11(D6122),55,1785814233,0.0,5.7029,102.15197,0.0
DMU03,35,1785814212,18.0,3.483825,102.34336,0.0
SCS13,weekday_2126,1785814179,102.0,3.60928,101.5863,0.0
DMU08,34,1785814174,80.0,3.457722,102.3424,0.0
DMU08,34,1785814249,71.0,3.47064,102.3458,0.0
SCS13,weekday_2126,1785814239,106.0,3.619563,101.573875,0.0
DMU11(D6122),55,1785814248,0.0,5.7029,102.15197,0.0
DMU03,35,1785814242,21.0,3.482018,102.34346,0.0
DMU08,34,1785814354,0.0,3.475415,102.34532,0.0
SCS19,weekday_2130,1785814352,0.0,3.202218,101.63762,0.0
DMU11(D6122),55,1785814323,0.0,5.7029,102.15197,0.0
DMU03,35,1785814332,2.0,3.481005,102.343575,0.0
DMU09,51,1785814323,0.0,4.186083,102.05417,0.0
DMU03,35,1785814377,3.0,3.481875,102.34341,0.0
SCS19,weekday_2130,1785814367,0.0,3.202217,101.63762,0.0
DMU09,51,1785814413,0.0,4.18649,102.053665,0.0
SCS13,weekday_2126,1785814404,100.0,3.653322,101.54462,0.0
SCS19,weekday_2130,1785814472,39.0,3.208418,101.62984,0.0
SCS13,weekday_2126,1785814449,99.0,3.662335,101.53675,0.0
SCS13,weekday_2127,1785814464,98.0,3.665562,101.534515,0.0
DMU03,35,1785814452,3.0,3.48354,102.34329,0.0
DMU03,35,1785814497,4.0,3.484488,102.34328,0.0
DMU09,51,1785814548,0.0,4.18649,102.053665,0.0
SCS13,weekday_2126,1785814494,86.0,3.67185,101.53016,0.0
SCS13,weekday_2126,1785814569,0.0,3.676612,101.526665,0.0
SCS19,weekday_2130,1785814575,69.0,3.208525,101.62433,0.0
DMU08,34,1785814579,3.0,3.484647,102.34331,0.0
DMU11(D6122),55,1785814578,74.0,5.672393,102.157135,0.0
DMU09,51,1785814578,0.0,4.186618,102.05355,0.0
DMU11(D6122),55,1785814623,68.0,5.663627,102.15705,0.0
DMU09,51,1785814653,0.0,4.187202,102.052986,0.0
SCS13,weekday_2126,1785814629,0.0,3.676612,101.526665,0.0
DMU08,34,1785814624,0.0,3.484662,102.34331,0.0
SCS28,weekday_2135,1785814605,62.0,3.182867,101.67057,0.0
SCS19,weekday_2130,1785814605,88.0,3.207462,101.617,0.0
DMU03,35,1785814602,0.0,3.484733,102.343254,0.0
DMU11(D6122),55,1785814713,80.0,5.645632,102.15909,0.0
SCS13,weekday_2126,1785814689,0.0,3.676612,101.526665,0.0
SCS19,weekday_2130,1785814755,51.0,3.202945,101.58645,0.0
SCS13,weekday_2126,1785814749,0.0,3.676612,101.526665,0.0
DMU08,34,1785814744,0.0,3.484662,102.34331,0.0
SCS28,weekday_2135,1785814830,0.0,3.166047,101.69037,0.0
SCS19,weekday_2130,1785814830,0.0,3.205873,101.58091,0.0
DMU11(D6122),55,1785814818,76.0,5.62441,102.16476,0.0
DMU09,51,1785814818,0.0,4.187272,102.052925,0.0
SCS11,weekday_2139,1785814796,20.0,3.683428,101.51959,0.0
DMU11(D6122),55,1785814878,78.0,5.612305,102.16786,0.0
DMU08,34,1785814834,0.0,3.484617,102.34319,0.0
DMU09,51,1785814833,0.0,4.187272,102.052925,0.0
SCS11,weekday_2139,1785814901,70.0,3.676548,101.5269,0.0
SCS19,weekday_2130,1785814845,0.0,3.205873,101.58091,0.0
SCS28,weekday_2135,1785814845,13.0,3.165848,101.69062,0.0
SCS13,weekday_2126,1785814884,21.0,3.677002,101.526344,0.0
DMU03,35,1785814902,0.0,3.484793,102.343285,0.0
SCS13,weekday_2126,1785814959,34.0,3.682865,101.52005,0.0
DMU11(D6122),55,1785814953,25.0,5.602212,102.17464,0.0
DMU08,34,1785814924,0.0,3.48467,102.34324,0.0
DMU09,51,1785814923,0.0,4.187258,102.052826,0.0
SCS19,weekday_2130,1785814980,87.0,3.215203,101.56959,0.0
DMU03,35,1785814977,0.0,3.484793,102.343285,0.0
SCS13,weekday_2126,1785815019,0.0,3.68388,101.51885,0.0
DMU08,34,1785814984,0.0,3.48467,102.34324,0.0
SCS11,weekday_2139,1785814976,94.0,3.663257,101.53619,0.0
SCS11,weekday_2139,1785815066,101.0,3.647083,101.55233,0.0
SCS19,weekday_2130,1785815070,96.0,3.236508,101.55986,0.0
SCS13,weekday_2126,1785815124,0.0,3.68388,101.51885,0.0
DMU03,35,1785815112,0.0,3.484735,102.343216,0.0
SCS11,weekday_2139,1785815141,99.0,3.630337,101.56428,0.0
SCS28,weekday_2135,1785815100,0.0,3.14802,101.690735,0.0
DMU11(D6122),55,1785815208,72.0,5.56319,102.18988,0.0
DMU03,35,1785815187,9.0,3.484373,102.34322,0.0
DMU08,34,1785815164,16.0,3.485665,102.34319,0.0
SCS11,weekday_2139,1785815216,101.0,3.616698,101.57839,0.0
DMU03,35,1785815247,15.0,3.481498,102.34349,0.0
DMU11(D6122),55,1785815223,73.0,5.560645,102.19131,0.0
DMU11(D6122),55,1785815298,69.0,5.54733,102.195465,0.0
DMU03,35,1785815262,14.0,3.48084,102.34366,0.0
SCS11,weekday_2139,1785815261,101.0,3.608515,101.58716,0.0
DMU08,34,1785815344,19.0,3.500958,102.34347,0.0
DMU11(D6122),55,1785815373,50.0,5.537037,102.19969,0.0
DMU08,34,1785815434,45.0,3.509578,102.34662,0.0
DMU11(D6122),55,1785815433,13.0,5.53146,102.20238,0.0
DMU08,34,1785815479,53.0,3.516202,102.34631,0.0
DMU11(D6122),55,1785815433,13.0,5.53146,102.20238,0.0
SCS11,weekday_2139,1785815546,50.0,3.561248,101.63173,0.0
DMU08,34,1785815539,27.0,3.52461,102.34697,0.0
DMU11(D6122),55,1785815553,0.0,5.530138,102.20316,0.0
SCS19,weekday_2130,1785815580,88.0,3.291233,101.57302,0.0
DMU03,35,1785815607,25.0,3.483538,102.34336,0.0
SCS11,weekday_2139,1785815591,65.0,3.558333,101.637505,0.0
DMU11(D6122),55,1785815658,0.0,5.530118,102.20297,0.0
SCS28,weekday_2135,1785815730,0.0,3.134972,101.688,0.0
SCS11,weekday_2139,1785815696,64.0,3.551518,101.63976,0.0
DMU11(D6122),55,1785815733,0.0,5.530118,102.20297,0.0
SCS19,weekday_2130,1785815745,9.0,3.31893,101.57478,0.0
DMU03,35,1785815742,48.0,3.469192,102.34503,0.0
DMU03,35,1785815787,47.0,3.464638,102.341675,0.0
SCS19,weekday_2130,1785815775,0.0,3.319062,101.57477,0.0
DMU11(D6122),55,1785815748,0.0,5.530137,102.20305,0.0
SCS28,weekday_2135,1785815850,0.0,3.134972,101.688,0.0
DMU08,34,1785815854,73.0,3.559627,102.366325,0.0
SCS19,weekday_2130,1785815880,44.0,3.321975,101.57333,0.0
DMU11(D6122),55,1785815928,11.0,5.526245,102.20488,0.0
SCS28,weekday_2135,1785815880,0.0,3.134972,101.688,0.0
DMU08,34,1785815899,70.0,3.568455,102.36782,0.0
DMU11(D6122),55,1785815958,43.0,5.524093,102.20589,0.0
DMU08,34,1785815944,70.0,3.576857,102.3686,0.0
DMU08,34,1785816034,75.0,3.594107,102.37165,0.0
DMU11(D6122),55,1785816033,64.0,5.512148,102.20961,0.0
DMU11(D6122),55,1785816093,66.0,5.502428,102.21269,0.0
SCS11,weekday_2139,1785816101,81.0,3.481103,101.6397,0.0
DMU08,34,1785816079,75.0,3.603173,102.37314,0.0
SCS19,weekday_2130,1785816075,100.0,3.361422,101.57327,0.0
SCS11,weekday_2139,1785816116,81.0,3.477835,101.63943,0.0
DMU11(D6122),55,1785816123,69.0,5.497358,102.21484,0.0
SCS11,weekday_2139,1785816161,36.0,3.470107,101.638115,0.0
DMU11(D6122),55,1785816198,63.0,5.484312,102.21794,0.0
DMU08,34,1785816199,78.0,3.627462,102.3789,0.0
DMU08,34,1785816244,77.0,3.636565,102.38123,0.0
SCS11,weekday_2139,1785816236,66.0,3.466417,101.63758,0.0
DMU03,35,1785816222,72.0,3.399795,102.34837,0.0
DMU11(D6122),55,1785816303,34.0,5.473573,102.221725,0.0
DMU11(D6122),55,1785816408,53.0,5.469463,102.22368,0.0
DMU08,34,1785816439,78.0,3.675937,102.37511,0.0
DMU11(D6122),55,1785816438,58.0,5.465285,102.22559,0.0
SCS28,weekday_2135,1785816420,0.0,3.134972,101.688,0.0
DMU11(D6122),55,1785816498,49.0,5.456433,102.227684,0.0
SCS11,weekday_2139,1785816506,107.0,3.400068,101.62797,0.0
DMU08,34,1785816499,78.0,3.688067,102.374725,0.0
DMU11(D6122),55,1785816573,32.0,5.448592,102.23102,0.0
DMU08,34,1785816544,69.0,3.696808,102.37361,0.0
SCS11,weekday_2139,1785816626,21.0,3.377005,101.61542,0.0
DMU08,34,1785816619,36.0,3.707512,102.368744,0.0
DMU11(D6122),55,1785816603,48.0,5.445167,102.23056,0.0
SCS11,weekday_2139,1785816656,0.0,3.376468,101.61488,0.0
SCS28,weekday_2135,1785816705,13.0,3.136437,101.68994,0.0
SCS19,weekday_2130,1785816705,15.0,3.467478,101.637566,0.0
DMU11(D6122),55,1785816693,52.0,5.434542,102.236244,0.0
DMU03,35,1785816657,58.0,3.350075,102.39789,0.0
DMU03,35,1785816702,65.0,3.34856,102.40556,0.0
DMU11(D6122),55,1785816708,55.0,5.432355,102.23604,0.0
SCS11,weekday_2139,1785816716,96.0,3.371478,101.6099,0.0
DMU08,34,1785816784,0.0,3.709842,102.36686,0.0
DMU11(D6122),55,1785816798,36.0,5.420402,102.239235,0.0
DMU03,35,1785816837,45.0,3.333453,102.419876,0.0
DMU11(D6122),55,1785816843,30.0,5.416447,102.23889,0.0
SCS28,weekday_2135,1785816870,1.0,3.140227,101.69386,0.0
SCS19,weekday_2130,1785816825,49.0,3.469597,101.63794,0.0
DMU08,34,1785816919,33.0,3.71347,102.36533,0.0
SCS11,weekday_2139,1785816896,92.0,3.354527,101.5717,0.0
DMU03,35,1785816927,0.0,3.331478,102.42013,0.0
SCS19,weekday_2130,1785816885,118.0,3.484065,101.63912,0.0
SCS28,weekday_2135,1785816990,20.0,3.146437,101.69134,0.0
DMU08,34,1785817009,62.0,3.724748,102.36503,0.0
SCS19,weekday_2130,1785817005,0.0,3.499642,101.63426,0.0
DMU11(D6122),55,1785816993,47.0,5.403467,102.23131,0.0
DMU08,34,1785816994,53.0,3.72239,102.365364,0.0
SCS28,weekday_2135,1785817035,39.0,3.15052,101.69066,0.0
SCS11,weekday_2139,1785817031,42.0,3.333688,101.57119,0.0
DMU11(D6122),55,1785817068,27.0,5.394502,102.232086,0.0
SCS11,weekday_2139,1785817076,26.0,3.329525,101.56897,0.0
SCS28,weekday_2135,1785817080,15.0,3.154387,101.692894,0.0
DMU03,35,1785817062,41.0,3.323573,102.42115,0.0
SCS19,weekday_2130,1785817080,76.0,3.504257,101.633545,0.0
SCS19,weekday_2130,1785817125,101.0,3.514052,101.63043,0.0
DMU03,35,1785817152,41.0,3.31225,102.42392,0.0
SCS28,weekday_2135,1785817125,0.0,3.154705,101.6933,0.0
SCS11,weekday_2139,1785817166,28.0,3.323307,101.572556,0.0
SCS11,weekday_2139,1785817196,24.0,3.321313,101.57404,0.0
DMU11(D6122),55,1785817218,17.0,5.390968,102.232025,0.0
DMU11(D6122),55,1785817293,26.0,5.386598,102.23206,0.0
SCS19,weekday_2130,1785817290,37.0,3.550338,101.63974,0.0
DMU08,34,1785817249,63.0,3.766605,102.3587,0.0
SCS11,weekday_2139,1785817331,64.0,3.313055,101.57492,0.0
DMU08,34,1785817354,76.0,3.787492,102.35944,0.0
DMU03,35,1785817332,39.0,3.294795,102.42632,0.0
DMU11(D6122),55,1785817308,43.0,5.385072,102.23249,0.0
SCS19,weekday_2130,1785817305,31.0,3.551832,101.63961,0.0
DMU11(D6122),55,1785817428,28.0,5.371978,102.22944,0.0
DMU03,35,1785817407,42.0,3.287353,102.422226,0.0
DMU08,34,1785817399,71.0,3.796473,102.35979,0.0
SCS19,weekday_2130,1785817365,4.0,3.552652,101.63956,0.0
SCS11,weekday_2139,1785817376,85.0,3.30281,101.57502,0.0
DMU03,35,1785817437,43.0,3.284147,102.42046,0.0
SCS19,weekday_2130,1785817440,116.0,3.562023,101.62959,0.0
SCS11,weekday_2139,1785817436,87.0,3.29017,101.57245,0.0
SCS11,weekday_2139,1785817496,78.0,3.279808,101.56514,0.0
DMU11(D6122),55,1785817473,41.0,5.368932,102.226974,0.0
DMU08,34,1785817564,0.0,3.807412,102.35935,0.0
DMU11(D6122),55,1785817563,49.0,5.35517,102.225105,0.0
DMU03,35,1785817572,28.0,3.27187,102.41593,0.0
DMU08,34,1785817669,48.0,3.81447,102.36016,0.0
DMU11(D6122),55,1785817653,45.0,5.345168,102.22222,0.0
DMU11(D6122),55,1785817713,57.0,5.337163,102.218994,0.0
DMU03,35,1785817677,35.0,3.261173,102.41386,0.0
DMU08,34,1785817774,58.0,3.827437,102.362656,0.0
SCS11,weekday_2139,1785817766,18.0,3.258312,101.55497,0.0
SCS19,weekday_2130,1785817725,114.0,3.618393,101.5759,0.0
SCS13,weekday_2143,1785817794,0.0,3.683742,101.51884,0.0
SCS19,weekday_2130,1785817785,113.0,3.631275,101.56339,0.0
DMU03,35,1785817782,34.0,3.250923,102.41195,0.0
SCS11,weekday_2139,1785817781,22.0,3.25732,101.55479,0.0
DMU11(D6122),55,1785817773,8.0,5.335345,102.21362,0.0
SCS13,weekday_2143,1785817869,0.0,3.683742,101.51884,0.0
DMU11(D6122),55,1785817863,56.0,5.332227,102.20567,0.0
SCS11,weekday_2139,1785817871,51.0,3.249723,101.55656,0.0
DMU08,34,1785817864,71.0,3.844247,102.36199,0.0
DMU11(D6122),55,1785817953,0.0,5.330108,102.20315,0.0
SCS11,weekday_2139,1785817931,85.0,3.23951,101.56043,0.0
DMU03,35,1785817902,0.0,3.246307,102.4112,0.0
DMU08,34,1785817909,78.0,3.853397,102.36211,0.0
SCS19,weekday_2130,1785817905,21.0,3.647863,101.55133,0.0
SCS11,weekday_2139,1785817961,84.0,3.23276,101.559525,0.0
DMU03,35,1785818022,7.0,3.246062,102.411156,0.0
DMU08,34,1785817984,72.0,3.868825,102.36425,0.0
DMU11(D6122),55,1785817983,0.0,5.33005,102.203064,0.0
SCS13,weekday_2143,1785818019,40.0,3.678877,101.52453,0.0
SCS19,weekday_2130,1785817995,89.0,3.659192,101.53891,0.0
SCS11,weekday_2139,1785818051,89.0,3.214025,101.57081,0.0
DMU11(D6122),55,1785818073,34.0,5.325925,102.196106,0.0
SCS19,weekday_2130,1785818055,76.0,3.6685,101.53246,0.0
SCS28,weekday_2138,1785818055,0.0,3.203213,101.636826,0.0
DMU03,35,1785818052,28.0,3.244372,102.41092,0.0
DMU08,34,1785818029,75.0,3.877462,102.36511,0.0
SCS13,weekday_2143,1785818049,71.0,3.675773,101.52745,0.0
DMU08,34,1785818134,67.0,3.89788,102.36301,0.0
SCS13,weekday_2143,1785818079,101.0,3.67,101.531456,0.0
SCS28,weekday_2138,1785818085,0.0,3.203213,101.636826,0.0
SCS11,weekday_2139,1785818111,15.0,3.208615,101.57563,0.0
SCS11,weekday_2139,1785818141,23.0,3.207298,101.57692,0.0
SCS13,weekday_2143,1785818154,101.0,3.653875,101.544106,0.0
DMU08,34,1785818179,62.0,3.905418,102.362885,0.0
DMU03,35,1785818172,51.0,3.229777,102.41327,0.0
DMU11(D6122),55,1785818133,18.0,5.327387,102.19262,0.0
SCS28,weekday_2138,1785818220,0.0,3.203213,101.636826,0.0
SCS11,weekday_2139,1785818201,0.0,3.206392,101.5797,0.0
SCS13,weekday_2143,1785818244,104.0,3.635653,101.56049,0.0
DMU03,35,1785818202,56.0,3.22547,102.41287,0.0
SCS28,weekday_2138,1785818310,0.0,3.203213,101.636826,0.0
SCS11,weekday_2139,1785818306,42.0,3.203477,101.58584,0.0
SCS13,weekday_2143,1785818289,104.0,3.625895,101.56805,0.0
DMU03,35,1785818262,60.0,3.216187,102.40925,0.0
DMU08,34,1785818269,44.0,3.918148,102.35934,0.0
DMU08,34,1785818329,57.0,3.925748,102.358444,0.0
SCS11,weekday_2139,1785818366,79.0,3.200528,101.59627,0.0
SCS28,weekday_2138,1785818355,0.0,3.203213,101.636826,0.0
SCS13,weekday_2143,1785818424,107.0,3.600108,101.59447,0.0
SCS28,weekday_2138,1785818385,0.0,3.203213,101.636826,0.0
DMU08,34,1785818434,0.0,3.937433,102.357635,0.0
SCS28,weekday_2138,1785818490,0.0,3.203213,101.636826,0.0
DMU03,35,1785818457,60.0,3.192173,102.39967,0.0
SCS13,weekday_2143,1785818469,90.0,3.5948,101.604515,0.0
SCS11,weekday_2139,1785818546,1.0,3.208743,101.6278,0.0
DMU08,34,1785818554,3.0,3.937443,102.35772,0.0
SCS28,weekday_2138,1785818550,40.0,3.206608,101.633545,0.0
DMU03,35,1785818547,27.0,3.18163,102.39506,0.0
SCS28,weekday_2138,1785818580,43.0,3.208455,101.62995,0.0
SCS11,weekday_2139,1785818576,0.0,3.208738,101.6278,0.0
SCS13,weekday_2143,1785818559,95.0,3.573267,101.61444,0.0
DMU03,35,1785818577,16.0,3.179562,102.39467,0.0
SCS11,weekday_2139,1785818636,36.0,3.207305,101.63278,0.0
DMU09,51,1785818670,0.0,4.187305,102.05292,0.0
DMU08,34,1785818659,1.0,3.937572,102.35772,0.0
DMU03,35,1785818637,14.0,3.176683,102.39407,0.0
DMU11(D6122),55,1785818733,28.0,5.311457,102.162735,0.0
DMU08,34,1785818734,41.0,3.942708,102.355804,0.0
SCS13,weekday_2143,1785818724,0.0,3.552625,101.63944,0.0
SCS28,weekday_2138,1785818722,73.0,3.207137,101.6168,0.0
SCS11,weekday_2139,1785818711,0.0,3.203168,101.637,0.0
DMU03,35,1785818697,17.0,3.173532,102.39358,0.0
SCS13,weekday_2143,1785818739,0.0,3.552625,101.63944,0.0
DMU11(D6122),55,1785818778,27.0,5.309732,102.15966,0.0
DMU08,34,1785818749,47.0,3.944422,102.354904,0.0
SCS11,weekday_2139,1785818741,15.0,3.202927,101.6372,0.0
SCS28,weekday_2138,1785818737,75.0,3.204965,101.61476,0.0
DMU11(D6122),55,1785818853,0.0,5.307943,102.157005,0.0
SCS11,weekday_2139,1785818846,75.0,3.19513,101.64812,0.0
DMU03,35,1785818832,25.0,3.162127,102.390625,0.0
SCS28,weekday_2138,1785818827,12.0,3.200952,101.59868,0.0
DMU03,35,1785818877,21.0,3.159438,102.38903,0.0
DMU08,34,1785818914,69.0,3.969987,102.34469,0.0
DMU11(D6122),55,1785818913,0.0,5.307943,102.157005,0.0
SCS11,weekday_2139,1785818966,58.0,3.190955,101.65753,0.0
SCS13,weekday_2143,1785818934,94.0,3.512932,101.631454,0.0
SCS28,weekday_2138,1785818932,52.0,3.20079,101.593506,0.0
DMU03,35,1785818922,42.0,3.157477,102.38567,0.0
DMU08,34,1785818929,72.0,3.972347,102.34286,0.0
DMU11(D6122),55,1785818928,0.0,5.307943,102.157005,0.0
SCS28,weekday_2138,1785819022,24.0,3.204108,101.584656,0.0
DMU08,34,1785818989,64.0,3.982172,102.33716,0.0
SCS11,weekday_2139,1785819026,0.0,3.186898,101.66369,0.0
DMU11(D6122),55,1785819003,24.0,5.307012,102.1556,0.0
SCS13,weekday_2143,1785818994,38.0,3.500627,101.63412,0.0
DMU03,35,1785819012,43.0,3.151763,102.37757,0.0
DMU03,35,1785819087,33.0,3.143807,102.373024,0.0
DMU08,34,1785819064,17.0,3.989828,102.33306,0.0
SCS11,weekday_2139,1785819101,77.0,3.183202,101.669365,0.0
DMU11(D6122),55,1785819063,34.0,5.306163,102.15031,0.0
DMU03,35,1785819147,24.0,3.138747,102.37163,0.0
SCS13,weekday_2143,1785819099,108.0,3.488903,101.63673,0.0
SCS28,weekday_2138,1785819097,11.0,3.206348,101.57994,0.0
SCS11,weekday_2139,1785819116,83.0,3.182355,101.6724,0.0
DMU11(D6122),55,1785819123,31.0,5.30883,102.145195,0.0
DMU08,34,1785819109,20.0,3.992095,102.331474,0.0
DMU11(D6122),55,1785819183,28.0,5.312987,102.142166,0.0
SCS28,weekday_2138,1785819217,53.0,3.209733,101.57478,0.0
SCS13,weekday_2143,1785819204,0.0,3.467813,101.63764,0.0
DMU08,34,1785819184,49.0,3.995945,102.32615,0.0
SCS28,weekday_2138,1785819232,75.0,3.211645,101.573,0.0
DMU11(D6122),55,1785819228,10.0,5.314895,102.1405,0.0
SCS13,weekday_2143,1785819324,105.0,3.449057,101.63923,0.0
SCS28,weekday_2138,1785819322,91.0,3.228233,101.56055,0.0
DMU08,34,1785819319,73.0,4.018173,102.32096,0.0
DMU11(D6122),55,1785819288,0.0,5.315275,102.14007,0.0
DMU03,35,1785819312,8.0,3.13511,102.37028,0.0
SCS11,weekday_2139,1785819311,1.0,3.165995,101.690445,0.0
SCS13,weekday_2143,1785819369,104.0,3.43712,101.63611,0.0
DMU03,35,1785819357,17.0,3.133467,102.3695,0.0
SCS28,weekday_2138,1785819337,92.0,3.231743,101.559586,0.0
DMU08,34,1785819349,71.0,4.023687,102.3192,0.0
DMU11(D6122),55,1785819348,17.0,5.3179,102.13316,0.0
DMU08,34,1785819454,71.0,4.042647,102.31508,0.0
DMU11(D6122),55,1785819423,53.0,5.321692,102.12725,0.0
SCS13,weekday_2143,1785819414,103.0,3.427383,101.62842,0.0
SCS11,weekday_2139,1785819446,0.0,3.154808,101.693275,0.0
SCS28,weekday_2138,1785819427,41.0,3.249007,101.557,0.0
SCS13,weekday_2143,1785819459,89.0,3.417208,101.62553,0.0
DMU11(D6122),55,1785819513,0.0,5.329515,102.12158,0.0
DMU08,34,1785819454,71.0,4.042647,102.31508,0.0
SCS11,weekday_2139,1785819506,34.0,3.153068,101.69196,0.0
DMU03,35,1785819492,47.0,3.119432,102.37259,0.0
SCS28,weekday_2138,1785819487,5.0,3.251093,101.55575,0.0
DMU11(D6122),55,1785819573,50.0,5.33136,102.12058,0.0
DMU08,34,1785819559,72.0,4.059467,102.305305,0.0
SCS13,weekday_2143,1785819549,106.0,3.392775,101.62789,0.0
SCS28,weekday_2138,1785819517,23.0,3.252575,101.5551,0.0
SCS11,weekday_2139,1785819581,22.0,3.146073,101.69167,0.0
DMU03,35,1785819597,51.0,3.10672,102.3745,0.0
DMU08,34,1785819574,75.0,4.060972,102.302864,0.0
SCS13,weekday_2143,1785819624,66.0,3.377637,101.61602,0.0
DMU11(D6122),55,1785819588,58.0,5.333532,102.11985,0.0
DMU08,34,1785819694,69.0,4.070338,102.28269,0.0
DMU11(D6122),55,1785819663,55.0,5.345958,102.117874,0.0
SCS28,weekday_2138,1785819654,9.0,3.258858,101.55506,0.0
DMU03,35,1785819672,39.0,3.097348,102.37265,0.0
SCS11,weekday_2139,1785819716,0.0,3.140317,101.69406,0.0
DMU11(D6122),55,1785819708,62.0,5.352423,102.11513,0.0
SCS28,weekday_2138,1785819714,68.0,3.264392,101.55806,0.0
DMU08,34,1785819814,0.0,4.075297,102.27152,0.0
SCS11,weekday_2139,1785819791,14.0,3.13812,101.693115,0.0
SCS13,weekday_2143,1785819819,101.0,3.363373,101.58845,0.0
DMU11(D6122),55,1785819798,62.0,5.359812,102.10234,0.0
SCS28,weekday_2138,1785819789,63.0,3.278117,101.563286,0.0
DMU11(D6122),55,1785819828,61.0,5.361218,102.09754,0.0
SCS13,weekday_2143,1785819864,94.0,3.363202,101.57705,0.0
SCS28,weekday_2138,1785819849,73.0,3.285993,101.569405,0.0
DMU08,34,1785819829,0.0,4.075297,102.27152,0.0
SCS11,weekday_2139,1785819926,0.0,3.135402,101.68871,0.0
DMU08,34,1785819919,41.0,4.075883,102.26759,0.0
DMU11(D6122),55,1785819948,26.0,5.369628,102.08651,0.0
SCS13,weekday_2143,1785819924,103.0,3.350773,101.57207,0.0
SCS28,weekday_2138,1785819909,72.0,3.297772,101.57506,0.0
SCS28,weekday_2138,1785819969,56.0,3.309442,101.574974,0.0
DMU11(D6122),55,1785819963,9.0,5.370247,102.08616,0.0
DMU08,34,1785819934,50.0,4.076078,102.26568,0.0
SCS11,weekday_2139,1785819986,0.0,3.135402,101.68871,0.0
SCS13,weekday_2143,1785819969,92.0,3.339193,101.57267,0.0
SCS28,weekday_2138,1785820059,19.0,3.319937,101.57476,0.0
SCS13,weekday_2143,1785820059,34.0,3.326783,101.56996,0.0
DMU08,34,1785820054,65.0,4.078673,102.24547,0.0
DMU11(D6122),55,1785820053,0.0,5.371915,102.08523,0.0
SCS11,weekday_2139,1785820046,0.0,3.135402,101.68871,0.0
DMU03,35,1785820017,24.0,3.059817,102.37048,0.0
SCS11,weekday_2139,1785820106,0.0,3.135402,101.68871,0.0
SCS28,weekday_2138,1785820104,0.0,3.32027,101.57459,0.0
SCS13,weekday_2143,1785820104,33.0,3.323208,101.57265,0.0
DMU11(D6122),55,1785820098,12.0,5.372728,102.084755,0.0
DMU08,34,1785820084,69.0,4.081515,102.24085,0.0
DMU03,35,1785820077,18.0,3.055893,102.370346,0.0
SCS11,weekday_2139,1785820181,0.0,3.135402,101.68871,0.0
DMU11(D6122),55,1785820173,31.0,5.375903,102.083115,0.0
SCS13,weekday_2143,1785820164,6.0,3.318788,101.57485,0.0
DMU08,34,1785820114,68.0,4.083453,102.23564,0.0
SCS28,weekday_2138,1785820119,7.0,3.32035,101.57456,0.0
SCS11,weekday_2139,1785820211,0.0,3.135402,101.68871,0.0
DMU11(D6122),55,1785820233,54.0,5.382768,102.07996,0.0
DMU08,34,1785820219,54.0,4.086708,102.218124,0.0
SCS13,weekday_2143,1785820209,0.0,3.318723,101.57486,0.0
DMU03,35,1785820242,25.0,3.04604,102.373245,0.0
SCS11,weekday_2142,1785820256,0.0,3.135402,101.68871,0.0
DMU11(D6122),55,1785820233,54.0,5.382768,102.07996,0.0
DMU08,34,1785820294,58.0,4.091812,102.20777,0.0
SCS28,weekday_2138,1785820239,56.0,3.329553,101.568954,0.0
SCS13,weekday_2143,1785820239,10.0,3.31811,101.57486,0.0
DMU08,34,1785820339,18.0,4.09513,102.20454,0.0
SCS28,weekday_2138,1785820314,87.0,3.342442,101.572556,0.0
SCS13,weekday_2143,1785820344,91.0,3.300248,101.57475,0.0
DMU03,35,1785820332,33.0,3.039112,102.37735,0.0
SCS11,weekday_2142,1785820346,20.0,3.137903,101.69296,0.0
DMU03,35,1785820407,42.0,3.032138,102.37989,0.0
SCS11,weekday_2142,1785820406,0.0,3.140075,101.69393,0.0
DMU08,34,1785820414,60.0,4.102718,102.20053,0.0
DMU11(D6122),55,1785820413,43.0,5.390052,102.06757,0.0
SCS13,weekday_2143,1785820389,90.0,3.29001,101.572296,0.0
SCS28,weekday_2138,1785820374,91.0,3.358115,101.57159,0.0
SCS13,weekday_2143,1785820419,77.0,3.28452,101.56859,0.0
SCS28,weekday_2138,1785820419,89.0,3.363022,101.57975,0.0
DMU08,34,1785820474,57.0,4.11281,102.19923,0.0
DMU11(D6122),55,1785820473,0.0,5.390237,102.06486,0.0
DMU03,35,1785820437,41.0,3.028737,102.38027,0.0
SCS11,weekday_2142,1785820436,0.0,3.14017,101.69393,0.0
DMU08,34,1785820534,0.0,4.117308,102.199425,0.0
DMU11(D6122),55,1785820533,42.0,5.390425,102.06294,0.0
SCS11,weekday_2142,1785820526,23.0,3.143918,101.69346,0.0
SCS13,weekday_2143,1785820494,75.0,3.271565,101.56034,0.0
SCS28,weekday_2138,1785820479,89.0,3.364547,101.594406,0.0
DMU03,35,1785820527,41.0,3.01868,102.37983,0.0
DMU08,34,1785820594,0.0,4.117308,102.199425,0.0
DMU11(D6122),55,1785820593,39.0,5.392833,102.05637,0.0
SCS28,weekday_2138,1785820554,84.0,3.37224,101.61066,0.0
SCS13,weekday_2143,1785820554,14.0,3.262357,101.556725,0.0
DMU03,35,1785820572,37.0,3.01375,102.38018,0.0
DMU08,34,1785820654,0.0,4.117308,102.199425,0.0
SCS13,weekday_2143,1785820629,26.0,3.259265,101.55516,0.0
DMU11(D6122),55,1785820668,38.0,5.391575,102.04796,0.0
DMU08,34,1785820714,0.0,4.117238,102.19937,0.0
DMU03,35,1785820692,16.0,3.002953,102.3816,0.0
SCS11,weekday_2142,1785820691,0.0,3.154677,101.69323,0.0
SCS13,weekday_2143,1785820704,27.0,3.257062,101.55466,0.0
SCS28,weekday_2138,1785820704,105.0,3.385193,101.623604,0.0
DMU11(D6122),55,1785820698,0.0,5.39059,102.046265,0.0
DMU03,35,1785820782,34.0,2.998272,102.38499,0.0
DMU08,34,1785820774,0.0,4.117238,102.19937,0.0
DMU11(D6122),55,1785820743,38.0,5.386595,102.041145,0.0
SCS13,weekday_2143,1785820734,31.0,3.254295,101.5547,0.0
SCS28,weekday_2138,1785820734,106.0,3.392295,101.62786,0.0
SCS11,weekday_2142,1785820736,57.0,3.157243,101.69366,0.0
DMU08,34,1785820834,0.0,4.117238,102.19937,0.0
DMU03,35,1785820842,38.0,2.993787,102.389595,0.0
SCS28,weekday_2138,1785820824,95.0,3.416495,101.62594,0.0
SCS13,weekday_2143,1785820824,76.0,3.242843,101.56054,0.0
SCS11,weekday_2142,1785820811,0.0,3.166037,101.69032,0.0
SCS28,weekday_2138,1785820854,93.0,3.423597,101.62553,0.0
DMU08,34,1785820879,0.0,4.117238,102.19937,0.0
SCS13,weekday_2143,1785820869,107.0,3.2311,101.55966,0.0
SCS11,weekday_2142,1785820871,0.0,3.166037,101.69032,0.0
SCS28,weekday_2138,1785820944,106.0,3.444215,101.63843,0.0
DMU11(D6122),55,1785820953,0.0,5.378925,102.03233,0.0
SCS11,weekday_2142,1785820946,67.0,3.168847,101.68611,0.0
DMU03,35,1785820932,32.0,2.985515,102.3901,0.0
DMU08,34,1785820924,0.0,4.117238,102.19937,0.0
SCS11,weekday_2142,1785820976,71.0,3.173737,101.68328,0.0
SCS28,weekday_2138,1785820959,104.0,3.448322,101.63919,0.0
SCS13,weekday_2143,1785820989,39.0,3.207817,101.57615,0.0
DMU08,34,1785821014,40.0,4.120437,102.19957,0.0
DMU11(D6122),55,1785821013,24.0,5.373947,102.03112,0.0
DMU08,34,1785821074,70.0,4.130203,102.19835,0.0
DMU11(D6122),55,1785821073,16.0,5.371397,102.03085,0.0
SCS13,weekday_2143,1785821034,26.0,3.206138,101.58029,0.0
SCS28,weekday_2138,1785821064,5.0,3.468955,101.63794,0.0
SCS11,weekday_2142,1785821066,83.0,3.184507,101.66653,0.0
DMU11(D6122),55,1785821133,0.0,5.370278,102.03017,0.0
SCS11,weekday_2142,1785821126,0.0,3.186813,101.663666,0.0
SCS13,weekday_2143,1785821109,0.0,3.205895,101.580864,0.0
SCS28,weekday_2138,1785821109,18.0,3.469465,101.638,0.0
DMU08,34,1785821104,68.0,4.135193,102.19561,0.0
DMU08,34,1785821194,75.0,4.149793,102.184906,0.0
DMU11(D6122),55,1785821178,53.0,5.368353,102.02515,0.0
SCS11,weekday_2142,1785821171,60.0,3.189147,101.66044,0.0
SCS13,weekday_2143,1785821169,33.0,3.2037,101.585205,0.0
DMU08,34,1785821254,68.0,4.155385,102.17445,0.0
SCS11,weekday_2142,1785821231,0.0,3.192192,101.65461,0.0
DMU11(D6122),55,1785821238,53.0,5.374333,102.0214,0.0
SCS13,weekday_2143,1785821229,82.0,3.200373,101.59541,0.0
SCS28,weekday_2138,1785821199,102.0,3.487918,101.63734,0.0
DMU11(D6122),55,1785821313,20.0,5.37958,102.013885,0.0
SCS28,weekday_2138,1785821289,0.0,3.500885,101.63415,0.0
SCS13,weekday_2143,1785821274,104.0,3.199487,101.60624,0.0
DMU03,35,1785821292,45.0,2.947593,102.39707,0.0
SCS11,weekday_2142,1785821291,0.0,3.192192,101.65461,0.0
DMU08,34,1785821374,68.0,4.173875,102.16624,0.0
DMU11(D6122),55,1785821373,10.0,5.378572,102.01123,0.0
SCS13,weekday_2143,1785821349,78.0,3.208297,101.620705,0.0
SCS28,weekday_2138,1785821319,0.0,3.500885,101.63415,0.0
SCS11,weekday_2142,1785821366,82.0,3.195303,101.6476,0.0
DMU03,35,1785821337,48.0,2.942023,102.39653,0.0
SCS11,weekday_2142,1785821441,32.0,3.200727,101.63912,0.0
DMU11(D6122),55,1785821448,0.0,5.37692,102.01012,0.0
DMU03,35,1785821412,40.0,2.932507,102.39552,0.0
SCS13,weekday_2143,1785821409,0.0,3.20852,101.62892,0.0
SCS28,weekday_2138,1785821409,89.0,3.515155,101.62966,0.0
DMU08,34,1785821449,67.0,4.17212,102.15313,0.0
SCS19,weekday_2147,1785821415,0.0,3.68375,101.51881,0.0
DMU11(D6122),55,1785821493,0.0,5.37692,102.01012,0.0
DMU03,35,1785821487,43.0,2.923567,102.3947,0.0
SCS19,weekday_2147,1785821490,11.0,3.6836,101.519135,0.0
SCS11,weekday_2142,1785821486,0.0,3.203162,101.63683,0.0
SCS28,weekday_2138,1785821454,99.0,3.526295,101.62978,0.0
SCS13,weekday_2143,1785821439,0.0,3.20852,101.62892,0.0
DMU11(D6122),55,1785821553,0.0,5.37692,102.01012,0.0
SCS11,weekday_2142,1785821501,0.0,3.203162,101.63683,0.0
SCS28,weekday_2138,1785821559,71.0,3.548195,101.63949,0.0
DMU03,35,1785821517,41.0,2.919985,102.39433,0.0
SCS19,weekday_2147,1785821550,21.0,3.681232,101.521996,0.0
DMU08,34,1785821614,73.0,4.185617,102.131966,0.0
DMU11(D6122),55,1785821613,0.0,5.37692,102.01012,0.0
SCS19,weekday_2147,1785821595,50.0,3.677838,101.525604,0.0
DMU03,35,1785821592,32.0,2.914357,102.389336,0.0
SCS11,weekday_2142,1785821591,51.0,3.208145,101.63106,0.0
SCS13,weekday_2143,1785821574,39.0,3.203163,101.63686,0.0
SCS28,weekday_2138,1785821574,55.0,3.550813,101.63981,0.0
SCS13,weekday_2143,1785821679,38.0,3.200777,101.63917,0.0
SCS28,weekday_2138,1785821619,0.0,3.553848,101.639435,0.0
DMU08,34,1785821674,67.0,4.17934,102.12377,0.0
DMU11(D6122),55,1785821673,0.0,5.37692,102.01012,0.0
SCS19,weekday_2147,1785821640,93.0,3.670953,101.53087,0.0
SCS11,weekday_2142,1785821742,78.0,3.207472,101.61725,0.0
DMU08,34,1785821734,73.0,4.18239,102.11231,0.0
DMU11(D6122),55,1785821733,0.0,5.37692,102.01012,0.0
SCS19,weekday_2147,1785821730,95.0,3.652732,101.545364,0.0
SCS28,weekday_2138,1785821724,103.0,3.561678,101.6306,0.0
SCS13,weekday_2143,1785821709,43.0,3.198333,101.64145,0.0
DMU03,35,1785821697,36.0,2.90771,102.38538,0.0
SCS19,weekday_2147,1785821745,98.0,3.650333,101.54835,0.0
DMU08,34,1785821794,77.0,4.181602,102.10028,0.0
DMU11(D6122),55,1785821793,0.0,5.37692,102.01012,0.0
SCS13,weekday_2143,1785821784,31.0,3.191987,101.655,0.0
DMU03,35,1785821742,52.0,2.902178,102.38559,0.0
SCS28,weekday_2138,1785821739,107.0,3.56323,101.62675,0.0
DMU08,34,1785821854,68.0,4.175203,102.090645,0.0
DMU11(D6122),55,1785821838,0.0,5.37692,102.01012,0.0
SCS11,weekday_2142,1785821832,88.0,3.201123,101.599976,0.0
DMU03,35,1785821832,47.0,2.890612,102.382034,0.0
DMU08,34,1785821914,75.0,4.176838,102.07969,0.0
SCS19,weekday_2147,1785821895,114.0,3.617318,101.577576,0.0
SCS28,weekday_2138,1785821889,100.0,3.593553,101.60545,0.0
SCS23,weekday_2032,1785821892,12.0,3.09934,101.70405,0.0
SCS11,weekday_2142,1785821892,45.0,3.202375,101.58812,0.0
DMU11(D6122),55,1785821883,0.0,5.37692,102.01012,0.0
DMU03,35,1785821892,55.0,2.881862,102.38052,0.0
SCS11,weekday_2142,1785821982,6.0,3.206287,101.57987,0.0
DMU11(D6122),55,1785821973,0.0,5.37692,102.01012,0.0
SCS13,weekday_2143,1785821964,0.0,3.186077,101.66466,0.0
SCS28,weekday_2138,1785821964,106.0,3.603323,101.590385,0.0
SCS19,weekday_2147,1785821940,115.0,3.608085,101.58752,0.0
DMU08,34,1785821929,71.0,4.17831,102.077225,0.0
DMU03,35,1785821982,54.0,2.869717,102.38115,0.0
SCS23,weekday_2032,1785821982,17.0,3.102408,101.700195,0.0
DMU08,34,1785822019,33.0,4.180275,102.06189,0.0
SCS11,weekday_2142,1785822012,0.0,3.206328,101.57979,0.0
DMU03,35,1785822012,46.0,2.865523,102.38102,0.0
SCS13,weekday_2143,1785821994,0.0,3.186077,101.66466,0.0
DMU11(D6122),55,1785822018,0.0,5.37692,102.01012,0.0
SCS19,weekday_2147,1785822000,95.0,3.598932,101.60031,0.0
SCS23,weekday_2032,1785821997,23.0,3.102957,101.699524,0.0
SCS28,weekday_2138,1785821994,106.0,3.610132,101.58558,0.0
SCS28,weekday_2138,1785822069,106.0,3.623688,101.57007,0.0
SCS13,weekday_2143,1785822069,44.0,3.185475,101.66548,0.0
SCS19,weekday_2147,1785822045,114.0,3.589633,101.60815,0.0
DMU03,35,1785822042,49.0,2.861783,102.381195,0.0
SCS23,weekday_2032,1785822042,55.0,3.106325,101.695366,0.0
SCS11,weekday_2142,1785822042,0.0,3.206328,101.57979,0.0
DMU08,34,1785822094,0.0,4.181252,102.06018,0.0
DMU11(D6122),55,1785822093,0.0,5.37692,102.01012,0.0
SCS19,weekday_2147,1785822165,113.0,3.563533,101.62608,0.0
SCS23,weekday_2032,1785822147,29.0,3.113243,101.68197,0.0
SCS11,weekday_2142,1785822147,51.0,3.20815,101.5759,0.0
SCS28,weekday_2138,1785822129,105.0,3.636697,101.56002,0.0
DMU11(D6122),55,1785822153,0.0,5.37692,102.01012,0.0
SCS13,weekday_2143,1785822129,73.0,3.180025,101.676025,0.0
DMU03,35,1785822147,36.0,2.84703,102.38632,0.0
DMU11(D6122),55,1785822213,0.0,5.37692,102.01012,0.0
SCS23,weekday_2032,1785822162,10.0,3.11379,101.681175,0.0
SCS19,weekday_2147,1785822210,48.0,3.56005,101.63458,0.0
SCS13,weekday_2143,1785822189,72.0,3.172078,101.68452,0.0
DMU03,35,1785822222,47.0,2.83811,102.38949,0.0
SCS28,weekday_2138,1785822234,84.0,3.654847,101.54311,0.0
DMU08,34,1785822199,0.0,4.181252,102.06018,0.0
SCS19,weekday_2147,1785822270,28.0,3.55308,101.63951,0.0
SCS23,weekday_2032,1785822267,29.0,3.116382,101.67944,0.0
DMU03,35,1785822267,40.0,2.832725,102.391205,0.0
SCS11,weekday_2142,1785822267,98.0,3.230047,101.55999,0.0
SCS13,weekday_2143,1785822249,23.0,3.165572,101.6908,0.0
DMU08,34,1785822229,0.0,4.181252,102.06018,0.0
DMU11(D6122),55,1785822228,0.0,5.37692,102.01012,0.0
SCS28,weekday_2138,1785822219,90.0,3.65249,101.54579,0.0
SCS11,weekday_2142,1785822297,89.0,3.23733,101.56003,0.0
DMU03,35,1785822297,40.0,2.829632,102.39227,0.0
SCS23,weekday_2032,1785822297,12.0,3.118565,101.67889,0.0
SCS19,weekday_2147,1785822345,59.0,3.550128,101.63983,0.0
DMU08,34,1785822334,38.0,4.183965,102.05647,0.0
SCS28,weekday_2138,1785822309,91.0,3.669105,101.53213,0.0
SCS13,weekday_2143,1785822339,0.0,3.165165,101.691216,0.0
SCS19,weekday_2147,1785822390,93.0,3.540948,101.6358,0.0
SCS28,weekday_2138,1785822354,42.0,3.676357,101.52707,0.0
DMU08,34,1785822409,0.0,4.18738,102.05291,0.0
SCS11,weekday_2142,1785822432,21.0,3.251732,101.55543,0.0
SCS23,weekday_2032,1785822432,12.0,3.122598,101.678154,0.0
SCS13,weekday_2143,1785822459,0.0,3.153865,101.692474,0.0
SCS28,weekday_2138,1785822459,8.0,3.684732,101.51824,0.0
SCS19,weekday_2147,1785822450,95.0,3.527383,101.629944,0.0
DMU03,35,1785822417,44.0,2.815878,102.39825,0.0
DMU08,34,1785822439,0.0,4.18738,102.05291,0.0
SCS19,weekday_2147,1785822465,94.0,3.523678,101.62938,0.0
DMU08,34,1785822529,0.0,4.18738,102.05291,0.0
SCS13,weekday_2143,1785822504,23.0,3.153503,101.69222,0.0
SCS23,weekday_2032,1785822492,18.0,3.126132,101.678795,0.0
SCS28,weekday_2138,1785822459,8.0,3.684732,101.51824,0.0
SCS23,weekday_2032,1785822537,20.0,3.128447,101.68025,0.0
DMU08,34,1785822574,0.0,4.18738,102.05291,0.0
SCS19,weekday_2147,1785822585,28.0,3.500305,101.63417,0.0
DMU08,34,1785822619,0.0,4.187287,102.05294,0.0
SCS19,weekday_2147,1785822615,0.0,3.499618,101.634254,0.0
SCS11,weekday_2142,1785822612,43.0,3.261582,101.55624,0.0
DMU03,35,1785822612,0.0,2.811505,102.403564,0.0
SCS23,weekday_2032,1785822612,18.0,3.131985,101.68306,0.0
SCS13,weekday_2143,1785822594,21.0,3.144382,101.692894,0.0
DMU08,34,1785822694,0.0,4.187375,102.052986,0.0
SCS13,weekday_2143,1785822654,20.0,3.14094,101.694115,0.0
SCS11,weekday_2142,1785822732,63.0,3.280663,101.565674,0.0
DMU03,35,1785822732,0.0,2.81152,102.40367,0.0
SCS13,weekday_2143,1785822699,0.0,3.139253,101.69359,0.0
DMU08,34,1785822739,0.0,4.187375,102.052986,0.0
SCS13,weekday_2143,1785822774,15.0,3.137857,101.69263,0.0
SCS11,weekday_2142,1785822822,78.0,3.295142,101.5747,0.0
DMU03,35,1785822822,0.0,2.811477,102.40369,0.0
SCS23,weekday_2032,1785822822,0.0,3.132312,101.68343,0.0
DMU08,34,1785822793,0.0,4.18733,102.052895,0.0
SCS23,weekday_2032,1785822852,0.0,3.132312,101.68343,0.0
SCS11,weekday_2142,1785822852,81.0,3.30145,101.57489,0.0
DMU03,35,1785822852,5.0,2.811465,102.40383,0.0
SCS19,weekday_2147,1785822855,49.0,3.466297,101.63745,0.0
SCS13,weekday_2143,1785822849,0.0,3.136703,101.68998,0.0
SCS13,weekday_2143,1785822879,0.0,3.136703,101.68998,0.0
SCS13,weekday_2143,1785822984,0.0,3.136703,101.68998,0.0
DMU03,35,1785822972,43.0,2.805495,102.41094,0.0
SCS11,weekday_2142,1785822972,30.0,3.319393,101.574814,0.0
SCS23,weekday_2032,1785822972,11.0,3.135638,101.689095,0.0
SCS19,weekday_2147,1785823050,93.0,3.42157,101.62483,0.0
SCS23,weekday_2032,1785823047,16.0,3.137327,101.692345,0.0
DMU03,35,1785823002,36.0,2.803382,102.41364,0.0
SCS13,weekday_2143,1785822999,0.0,3.136703,101.68998,0.0
SCS19,weekday_2147,1785823095,102.0,3.410972,101.62748,0.0
DMU08,34,1785823115,0.0,4.18733,102.052895,0.0
SCS13,weekday_2143,1785823074,0.0,3.136703,101.68998,0.0
SCS23,weekday_2032,1785823122,0.0,3.140133,101.69393,0.0
SCS11,weekday_2142,1785823122,28.0,3.324808,101.5714,0.0
SCS19,weekday_2147,1785823125,113.0,3.40226,101.6278,0.0
DMU03,35,1785823122,21.0,2.797255,102.42239,0.0
SCS13,weekday_2143,1785823119,0.0,3.136703,101.68998,0.0
DMU08,34,1785823190,0.0,4.18733,102.052895,0.0
SCS13,weekday_2143,1785823194,0.0,3.136703,101.68998,0.0
DMU08,34,1785823190,0.0,4.18733,102.052895,0.0
SCS19,weekday_2147,1785823215,83.0,3.380228,101.61864,0.0
DMU03,35,1785823212,37.0,2.793407,102.42753,0.0
SCS11,weekday_2142,1785823212,83.0,3.33791,101.57272,0.0
SCS23,weekday_2032,1785823212,18.0,3.14153,101.69407,0.0
SCS19,weekday_2147,1785823290,0.0,3.375648,101.61407,0.0
SCS11,weekday_2142,1785823287,96.0,3.35737,101.57143,0.0
SCS23,weekday_2032,1785823287,23.0,3.146035,101.69161,0.0
DMU03,35,1785823287,26.0,2.788783,102.43417,0.0
DMU08,34,1785823265,0.0,4.18733,102.052895,0.0
SCS11,weekday_2142,1785823362,101.0,3.363115,101.58693,0.0
DMU08,34,1785823295,3.0,4.187768,102.05242,0.0
DMU03,35,1785823407,22.0,2.78778,102.4408,0.0
SCS23,weekday_2032,1785823407,5.0,3.154813,101.6933,0.0
DMU08,34,1785823400,0.0,4.189372,102.05047,0.0
SCS13,weekday_2143,1785823359,0.0,3.136703,101.68998,0.0
DMU03,35,1785823452,41.0,2.786337,102.444954,0.0
SCS13,weekday_2143,1785823434,0.0,3.136703,101.68998,0.0
SCS19,weekday_2147,1785823485,97.0,3.362302,101.57449,0.0
SCS11,weekday_2142,1785823482,24.0,3.37624,101.61463,0.0
DMU08,34,1785823460,5.0,4.18936,102.0505,0.0
SCS23,weekday_2032,1785823452,63.0,3.158887,101.69309,0.0
SCS19,weekday_2147,1785823545,108.0,3.347577,101.572266,0.0
DMU08,34,1785823535,1.0,4.18822,102.051895,0.0
SCS13,weekday_2143,1785823479,0.0,3.136703,101.68998,0.0
SCS13,weekday_2143,1785823554,0.0,3.136703,101.68998,0.0
DMU08,34,1785823610,0.0,4.187923,102.05219,0.0
SCS19,weekday_2147,1785823590,75.0,3.336703,101.57258,0.0
DMU03,35,1785823587,37.0,2.777645,102.45913,0.0
DMU03,35,1785823647,41.0,2.772317,102.46447,0.0
SCS11,weekday_2142,1785823647,116.0,3.396832,101.62832,0.0
DMU08,34,1785823625,0.0,4.187923,102.05219,0.0
SCS13,weekday_2143,1785823599,0.0,3.136703,101.68998,0.0
SCS19,weekday_2147,1785823725,39.0,3.320803,101.57438,0.0
SCS23,weekday_2032,1785823712,0.0,3.172875,101.68476,0.0
SCS13,weekday_2143,1785823674,0.0,3.136703,101.68998,0.0
SCS11,weekday_2142,1785823752,96.0,3.4248,101.62635,0.0
SCS13,weekday_2143,1785823734,0.0,3.136703,101.68998,0.0
SCS23,weekday_2032,1785823734,22.0,3.174408,101.685036,0.0
SCS19,weekday_2147,1785823740,17.0,3.319628,101.574814,0.0
DMU03,35,1785823737,51.0,2.76234,102.469025,0.0
SCS19,weekday_2147,1785823785,0.0,3.318735,101.57484,0.0
DMU03,35,1785823797,37.0,2.754275,102.47066,0.0
SCS23,weekday_2032,1785823794,41.0,3.179295,101.68756,0.0
SCS13,weekday_2143,1785823779,0.0,3.136703,101.68998,0.0
SCS19,weekday_2147,1785823890,70.0,3.31049,101.57497,0.0
SCS13,weekday_2143,1785823884,0.0,3.136703,101.68998,0.0
DMU03,35,1785823872,31.0,2.749433,102.474915,0.0
SCS23,weekday_2032,1785823854,0.0,3.18266,101.688896,0.0
SCS13,weekday_2143,1785823899,0.0,3.136703,101.68998,0.0
SCS23,weekday_2032,1785824004,46.0,3.196823,101.682465,0.0
SCS19,weekday_2147,1785823995,84.0,3.28843,101.57103,0.0
DMU08,34,1785823994,0.0,4.187923,102.05219,0.0
SCS11,weekday_2142,1785823992,0.0,3.46899,101.637856,0.0
DMU03,35,1785823992,67.0,2.735355,102.48347,0.0
SCS23,weekday_2032,1785824034,4.0,3.198663,101.680916,0.0
SCS13,weekday_2143,1785824019,0.0,3.138855,101.69345,0.0
SCS23,weekday_2032,1785824124,41.0,3.20381,101.67648,0.0
SCS19,weekday_2147,1785824115,75.0,3.267867,101.55939,0.0
DMU08,34,1785824114,0.0,4.187923,102.05219,0.0
SCS13,weekday_2143,1785824124,0.0,3.138855,101.69345,0.0
DMU03,35,1785824112,67.0,2.71822,102.49568,0.0
SCS19,weekday_2147,1785824205,19.0,3.261053,101.55595,0.0
DMU08,34,1785824204,0.0,4.187923,102.05219,0.0
SCS23,weekday_2032,1785824139,20.0,3.204835,101.67565,0.0
SCS13,weekday_2143,1785824139,0.0,3.138855,101.69345,0.0
SCS11,weekday_2142,1785824247,15.0,3.501198,101.63405,0.0
SCS23,weekday_2032,1785824244,47.0,3.212932,101.67207,0.0
SCS13,weekday_2143,1785824244,0.0,3.138855,101.69345,0.0
SCS19,weekday_2147,1785824205,19.0,3.261053,101.55595,0.0
DMU08,34,1785824249,0.0,4.187923,102.05219,0.0
SCS19,weekday_2147,1785824310,25.0,3.25691,101.55468,0.0
DMU08,34,1785824309,0.0,4.187923,102.05219,0.0
SCS19,weekday_2147,1785824385,24.0,3.251485,101.5555,0.0
DMU08,34,1785824384,0.0,4.187923,102.05219,0.0
DMU03,35,1785824382,50.0,2.688442,102.52183,0.0
SCS11,weekday_2142,1785824382,96.0,3.527795,101.630035,0.0
SCS13,weekday_2143,1785824349,0.0,3.138945,101.69343,0.0
SCS23,weekday_2032,1785824349,32.0,3.2183,101.67241,0.0
DMU09,51,1785824445,0.0,4.187268,102.052925,0.0
SCS13,weekday_2143,1785824424,0.0,3.139053,101.69344,0.0
DMU09,51,1785824490,0.0,4.187243,102.0529,0.0
SCS11,weekday_2142,1785824457,95.0,3.545042,101.63754,0.0
DMU03,35,1785824442,42.0,2.68415,102.5281,0.0
DMU03,35,1785824517,45.0,2.681072,102.53628,0.0
SCS11,weekday_2142,1785824517,0.0,3.553848,101.63938,0.0
DMU09,51,1785824535,0.0,4.187243,102.0529,0.0
SCS23,weekday_2032,1785824499,55.0,3.227508,101.67284,0.0
SCS13,weekday_2146,1785824514,17.0,3.144067,101.6932,0.0
SCS19,weekday_2147,1785824595,56.0,3.210107,101.5744,0.0
DMU09,51,1785824625,0.0,4.187315,102.053,0.0
DMU03,35,1785824667,56.0,2.669622,102.55563,0.0
SCS11,weekday_2142,1785824667,98.0,3.566862,101.62107,0.0
DMU08,34,1785824639,0.0,4.187923,102.05219,0.0
DMU09,51,1785824730,0.0,4.187437,102.05298,0.0
SCS19,weekday_2147,1785824730,5.0,3.206067,101.58087,0.0
SCS13,weekday_2146,1785824679,63.0,3.156643,101.69369,0.0
SCS19,weekday_2147,1785824775,34.0,3.20421,101.58446,0.0
DMU09,51,1785824775,0.0,4.18734,102.05298,0.0
DMU08,34,1785824774,0.0,4.187923,102.05219,0.0
SCS11,weekday_2142,1785824772,105.0,3.590217,101.60772,0.0
DMU03,35,1785824772,47.0,2.658652,102.56695,0.0
SCS13,weekday_2146,1785824739,8.0,3.165028,101.691216,0.0
SCS13,weekday_2146,1785824874,28.0,3.172435,101.68425,0.0
DMU09,51,1785824865,0.0,4.187257,102.052925,0.0
SCS13,weekday_2146,1785824904,61.0,3.175002,101.681885,0.0
DMU08,34,1785824894,0.0,4.187923,102.05219,0.0
SCS11,weekday_2142,1785824892,116.0,3.611607,101.58395,0.0
DMU03,35,1785824892,49.0,2.64679,102.577,0.0
SCS19,weekday_2147,1785824925,82.0,3.202905,101.612785,0.0
DMU09,51,1785824925,0.0,4.187257,102.052925,0.0
SCS13,weekday_2146,1785824919,58.0,3.17671,101.68016,0.0
DMU09,51,1785824970,0.0,4.187257,102.052925,0.0
SCS11,weekday_2142,1785825012,114.0,3.63773,101.55948,0.0
DMU03,35,1785825012,49.0,2.638527,102.58796,0.0
SCS28,weekday_2151,1785825024,0.0,3.684882,101.51804,0.0
DMU09,51,1785824985,0.0,4.187257,102.052925,0.0
SCS13,weekday_2146,1785824994,51.0,3.185195,101.66568,0.0
SCS19,weekday_2147,1785825015,60.0,3.208667,101.62634,0.0
DMU08,34,1785825014,0.0,4.187962,102.05228,0.0
SCS11,weekday_2142,1785825057,71.0,3.647412,101.55198,0.0
SCS13,weekday_2146,1785825054,24.0,3.186363,101.66413,0.0
DMU09,51,1785825105,0.0,4.187257,102.052925,0.0
SCS19,weekday_2147,1785825105,36.0,3.208453,101.629974,0.0
SCS28,weekday_2151,1785825099,44.0,3.681,101.52233,0.0
SCS13,weekday_2146,1785825114,15.0,3.191607,101.65588,0.0
DMU03,35,1785825147,44.0,2.624137,102.59456,0.0
SCS11,weekday_2142,1785825147,72.0,3.663898,101.53571,0.0
DMU09,51,1785825150,0.0,4.187257,102.052925,0.0
DMU08,34,1785825104,0.0,4.187945,102.05219,0.0
SCS13,weekday_2146,1785825204,21.0,3.191803,101.655365,0.0
SCS11,weekday_2142,1785825222,60.0,3.669415,101.53187,0.0
SCS28,weekday_2151,1785825219,105.0,3.661228,101.53766,0.0
SCS19,weekday_2147,1785825217,0.0,3.20222,101.63772,0.0
SCS11,weekday_2142,1785825252,69.0,3.67451,101.52836,0.0
SCS28,weekday_2151,1785825249,98.0,3.65512,101.54288,0.0
SCS13,weekday_2146,1785825219,65.0,3.192497,101.653534,0.0
SCS13,weekday_2146,1785825339,34.0,3.20121,101.638565,0.0
DMU03,35,1785825297,44.0,2.605788,102.59266,0.0
SCS28,weekday_2151,1785825399,104.0,3.624252,101.56962,0.0
SCS19,weekday_2147,1785825397,41.0,3.192297,101.65445,0.0
SCS11,weekday_2142,1785825387,0.0,3.684782,101.51812,0.0
DMU03,35,1785825387,39.0,2.595615,102.59531,0.0
SCS19,weekday_2147,1785825427,0.0,3.191792,101.65575,0.0
SCS25,weekday_2036,1785825413,0.0,3.097773,101.70603,0.0
SCS19,weekday_2147,1785825472,51.0,3.191047,101.657394,0.0
SCS28,weekday_2151,1785825519,105.0,3.600998,101.59289,0.0
DMU03,35,1785825492,26.0,2.586142,102.59777,0.0
SCS25,weekday_2036,1785825473,23.0,3.098438,101.70513,0.0
SCS19,weekday_2147,1785825532,5.0,3.186173,101.66464,0.0
SCS25,weekday_2036,1785825518,27.0,3.10055,101.70243,0.0
SCS25,weekday_2036,1785825623,64.0,3.110052,101.69062,0.0
SCS19,weekday_2147,1785825577,0.0,3.186143,101.66467,0.0
SCS13,weekday_2146,1785825621,79.0,3.208323,101.62231,0.0
DMU03,35,1785825612,29.0,2.578695,102.60477,0.0
SCS25,weekday_2036,1785825683,23.0,3.112817,101.68295,0.0
SCS19,weekday_2147,1785825682,80.0,3.182555,101.67175,0.0
SCS28,weekday_2151,1785825669,97.0,3.572332,101.61531,0.0
DMU03,35,1785825657,25.0,2.578228,102.6082,0.0
SCS13,weekday_2146,1785825636,79.0,3.208323,101.62231,0.0
DMU03,35,1785825762,0.0,2.579743,102.61328,0.0
SCS28,weekday_2151,1785825744,58.0,3.561425,101.63137,0.0
SCS13,weekday_2146,1785825726,86.0,3.200793,101.59828,0.0
SCS13,weekday_2146,1785825771,45.0,3.201907,101.58936,0.0
DMU03,35,1785825777,0.0,2.579842,102.61328,0.0
SCS25,weekday_2036,1785825773,16.0,3.113673,101.68127,0.0
SCS19,weekday_2147,1785825757,69.0,3.173305,101.68367,0.0
SCS28,weekday_2151,1785825864,3.0,3.553825,101.6395,0.0
SCS25,weekday_2036,1785825863,0.0,3.117852,101.679085,0.0
SCS19,weekday_2147,1785825862,0.0,3.16516,101.6912,0.0
SCS13,weekday_2146,1785825861,16.0,3.205758,101.581154,0.0
DMU03,35,1785825867,0.0,2.579842,102.61328,0.0
SCS25,weekday_2036,1785825878,0.0,3.117852,101.679085,0.0
SCS13,weekday_2146,1785825936,0.0,3.205848,101.58089,0.0
SCS28,weekday_2151,1785825924,96.0,3.543498,101.63663,0.0
SCS19,weekday_2147,1785825922,0.0,3.16516,101.6912,0.0
SCS13,weekday_2146,1785825951,0.0,3.205877,101.5809,0.0
DMU03,35,1785825957,0.0,2.579762,102.61324,0.0
SCS25,weekday_2036,1785825938,12.0,3.118158,101.679146,0.0
SCS19,weekday_2147,1785825937,28.0,3.16456,101.69161,0.0
SCS25,weekday_2036,1785826043,22.0,3.124865,101.67823,0.0
SCS19,weekday_2147,1785826042,0.0,3.153827,101.69247,0.0
DMU03,35,1785826017,0.0,2.579762,102.61324,0.0
SCS13,weekday_2146,1785826011,26.0,3.206525,101.57883,0.0
SCS28,weekday_2151,1785825999,97.0,3.525657,101.629684,0.0
SCS19,weekday_2147,1785826057,0.0,3.153827,101.69247,0.0
SCS28,weekday_2151,1785826119,16.0,3.501077,101.634125,0.0
SCS28,weekday_2151,1785826179,58.0,3.498872,101.634476,0.0
DMU03,35,1785826167,0.0,2.579857,102.613205,0.0
SCS25,weekday_2036,1785826163,24.0,3.130838,101.68234,0.0
SCS19,weekday_2147,1785826132,52.0,3.150925,101.69073,0.0
SCS13,weekday_2146,1785826131,104.0,3.224625,101.56213,0.0
DMU03,35,1785826212,0.0,2.579857,102.613205,0.0
SCS25,weekday_2036,1785826208,0.0,3.132533,101.68351,0.0
SCS19,weekday_2147,1785826207,22.0,3.14435,101.693,0.0
SCS28,weekday_2151,1785826209,96.0,3.49258,101.6354,0.0
SCS13,weekday_2146,1785826221,64.0,3.245518,101.55952,0.0
SCS13,weekday_2146,1785826266,13.0,3.249418,101.556564,0.0
SCS28,weekday_2151,1785826269,98.0,3.476887,101.63926,0.0
SCS25,weekday_2036,1785826268,0.0,3.132533,101.68351,0.0
SCS19,weekday_2147,1785826237,21.0,3.142653,101.69407,0.0
SCS13,weekday_2146,1785826341,40.0,3.254092,101.55458,0.0
SCS28,weekday_2151,1785826359,3.0,3.469058,101.637924,0.0
SCS28,weekday_2151,1785826404,90.0,3.46196,101.63782,0.0
SCS25,weekday_2036,1785826358,0.0,3.132533,101.68351,0.0
SCS13,weekday_2146,1785826356,32.0,3.255683,101.55446,0.0
SCS19,weekday_2147,1785826357,9.0,3.139002,101.69347,0.0
SCS25,weekday_2036,1785826448,0.0,3.132533,101.68351,0.0
SCS19,weekday_2147,1785826447,22.0,3.135907,101.68918,0.0
SCS28,weekday_2151,1785826449,104.0,3.450003,101.639465,0.0
SCS25,weekday_2036,1785826493,0.0,3.132533,101.68351,0.0
SCS13,weekday_2146,1785826506,62.0,3.261353,101.556046,0.0
SCS19,weekday_2147,1785826477,0.0,3.135628,101.68898,0.0
SCS28,weekday_2151,1785826479,104.0,3.441823,101.63797,0.0
SCS13,weekday_2146,1785826566,69.0,3.272068,101.56062,0.0
DMU11(D6122),56,1785826593,6.0,5.378012,102.010666,0.0
SCS25,weekday_2036,1785826583,0.0,3.132533,101.68351,0.0
SCS19,weekday_2147,1785826582,0.0,3.135628,101.68898,0.0
SCS28,weekday_2151,1785826584,97.0,3.418533,101.62504,0.0
SCS13,weekday_2146,1785826611,64.0,3.279,101.56439,0.0
SCS28,weekday_2151,1785826599,102.0,3.414948,101.62666,0.0
SCS25,weekday_2036,1785826598,5.0,3.136458,101.68964,0.0
DMU11(D6122),56,1785826653,7.0,5.379063,102.01206,0.0
SCS28,weekday_2151,1785826689,104.0,3.389742,101.62706,0.0
SCS13,weekday_2146,1785826686,86.0,3.290673,101.57266,0.0
SCS25,weekday_2036,1785826673,0.0,3.138825,101.69339,0.0
SCS28,weekday_2151,1785826764,27.0,3.376915,101.61534,0.0
SCS25,weekday_2036,1785826763,25.0,3.142605,101.69379,0.0
DMU11(D6122),56,1785826758,60.0,5.375833,102.020485,0.0
DMU11(D6122),56,1785826833,41.0,5.368237,102.02731,0.0
SCS28,weekday_2151,1785826809,0.0,3.376457,101.61491,0.0
SCS25,weekday_2036,1785826808,32.0,3.145615,101.69187,0.0
SCS13,weekday_2146,1785826791,43.0,3.310337,101.57486,0.0
SCS23,weekday_2035,1785826779,0.0,3.238487,101.68132,0.0
ETS207,9052,1785826776,0.0,3.139035,101.6938,0.0
SCS13,weekday_2146,1785826851,34.0,3.317503,101.5748,0.0
SCS28,weekday_2151,1785826884,99.0,3.370043,101.6084,0.0
SCS23,weekday_2035,1785826884,34.0,3.235432,101.680756,0.0
SCS25,weekday_2036,1785826853,45.0,3.152048,101.69121,0.0
ETS207,9052,1785826881,0.0,3.139035,101.6938,0.0
SCS23,weekday_2035,1785826914,41.0,3.233305,101.67817,0.0
SCS25,weekday_2036,1785826958,50.0,3.15656,101.6937,0.0
SCS13,weekday_2146,1785826956,21.0,3.3198,101.5746,0.0
ETS207,9052,1785826956,0.0,3.139035,101.6938,0.0
SCS28,weekday_2151,1785826914,107.0,3.36665,101.600876,0.0
SCS23,weekday_2035,1785826989,63.0,3.224362,101.67267,0.0
SCS28,weekday_2151,1785827019,96.0,3.36219,101.574356,0.0
SCS13,weekday_2146,1785826986,42.0,3.322598,101.57291,0.0
DMU11(D6122),56,1785826983,12.0,5.373392,102.03106,0.0
ETS207,9052,1785826971,0.0,3.139035,101.6938,0.0
DMU11(D6122),56,1785827058,0.0,5.376518,102.031296,0.0
SCS28,weekday_2151,1785827034,97.0,3.359285,101.57192,0.0
SCS23,weekday_2035,1785827034,43.0,3.216743,101.67231,0.0
ETS207,9052,1785827016,0.0,3.139035,101.6938,0.0
SCS25,weekday_2036,1785827033,0.0,3.165043,101.69131,0.0
DMU11(D6122),56,1785827118,29.0,5.37982,102.03325,0.0
SCS13,weekday_2146,1785827136,98.0,3.349325,101.57209,0.0
ETS207,9052,1785827136,0.0,3.139035,101.6938,0.0
EMU29,2941,1785827125,5.0,6.662613,100.319664,0.0
SCS23,weekday_2035,1785827124,49.0,3.212283,101.672035,0.0
SCS28,weekday_2151,1785827109,92.0,3.33966,101.57268,0.0
SCS25,weekday_2036,1785827108,24.0,3.166435,101.68977,0.0
SCS28,weekday_2151,1785827139,64.0,3.333828,101.57133,0.0
SCS25,weekday_2036,1785827138,24.0,3.167515,101.68808,0.0
DMU11(D6122),56,1785827178,8.0,5.382017,102.035545,0.0
SCS13,weekday_2146,1785827151,96.0,3.353178,101.571815,0.0
EMU29,2941,1785827140,13.0,6.6622,100.319115,0.0
SCS23,weekday_2035,1785827139,55.0,3.210085,101.672226,0.0
ETS207,9052,1785827151,0.0,3.139035,101.6938,0.0
EMU29,2941,1785827245,43.0,6.65672,100.31179,0.0
SCS28,weekday_2151,1785827244,43.0,3.322513,101.57322,0.0
ETS207,9052,1785827241,0.0,3.139035,101.6938,0.0
SCS13,weekday_2146,1785827226,96.0,3.362702,101.582214,0.0
SCS23,weekday_2035,1785827214,0.0,3.205363,101.67528,0.0
SCS13,weekday_2146,1785827286,105.0,3.365885,101.598145,0.0
SCS23,weekday_2035,1785827274,39.0,3.203667,101.67673,0.0
SCS28,weekday_2151,1785827259,31.0,3.321157,101.57421,0.0
EMU29,2941,1785827275,45.0,6.65468,100.308846,0.0
ETS207,9052,1785827256,0.0,3.139035,101.6938,0.0
SCS28,weekday_2151,1785827379,24.0,3.319432,101.57486,0.0
ETS207,9052,1785827361,0.0,3.139035,101.6938,0.0
SCS13,weekday_2146,1785827361,39.0,3.375067,101.61337,0.0
DMU11(D6122),56,1785827343,42.0,5.389128,102.043564,0.0
SCS23,weekday_2035,1785827334,1.0,3.198853,101.68083,0.0
EMU29,2941,1785827380,114.0,6.642525,100.28819,0.0
EMU29,2941,1785827425,113.0,6.634432,100.27731,0.0
SCS28,weekday_2151,1785827424,61.0,3.314443,101.57489,0.0
ETS207,9052,1785827391,0.0,3.139035,101.6938,0.0
SCS13,weekday_2146,1785827391,0.0,3.375678,101.61397,0.0
SCS25,weekday_2036,1785827374,0.0,3.181405,101.68844,0.0
SCS28,weekday_2151,1785827499,85.0,3.297505,101.575096,0.0
EMU29,2941,1785827485,115.0,6.621333,100.26541,0.0
SCS23,weekday_2035,1785827484,51.0,3.189422,101.688515,0.0
SCS25,weekday_2036,1785827464,50.0,3.188247,101.68901,0.0
SCS13,weekday_2146,1785827541,105.0,3.39851,101.628075,0.0
ETS207,9052,1785827541,50.0,3.168018,101.68676,0.0
SCS25,weekday_2036,1785827524,44.0,3.195652,101.68339,0.0
SCS19,weekday_2150,1785827512,0.0,3.135628,101.68898,0.0
DMU11(D6122),56,1785827523,45.0,5.391097,102.05957,0.0
EMU29,2941,1785827515,113.0,6.612502,100.26407,0.0
SCS25,weekday_2036,1785827584,0.0,3.197717,101.68161,0.0
SCS13,weekday_2146,1785827571,102.0,3.406693,101.62798,0.0
SCS13,weekday_2146,1785827661,104.0,3.427498,101.62845,0.0
SCS23,weekday_2035,1785827619,0.0,3.182763,101.688774,0.0
SCS28,weekday_2151,1785827619,69.0,3.27606,101.562065,0.0
SCS25,weekday_2036,1785827659,53.0,3.20277,101.677284,0.0
ETS207,9052,1785827676,53.0,3.180923,101.67496,0.0
DMU11(D6122),56,1785827673,23.0,5.39022,102.06579,0.0
EMU29,2941,1785827665,114.0,6.567737,100.25911,0.0
DMU11(D6122),56,1785827718,37.0,5.390077,102.07085,0.0
SCS13,weekday_2146,1785827706,107.0,3.437338,101.63615,0.0
ETS207,9052,1785827691,0.0,3.181258,101.67446,0.0
SCS19,weekday_2150,1785827677,0.0,3.138802,101.69339,0.0
EMU29,2941,1785827680,113.0,6.56327,100.259285,0.0
SCS23,weekday_2035,1785827679,0.0,3.182763,101.688774,0.0
SCS25,weekday_2036,1785827749,57.0,3.205842,101.67466,0.0
SCS19,weekday_2150,1785827752,15.0,3.141385,101.69402,0.0
SCS25,weekday_2036,1785827794,40.0,3.212312,101.67204,0.0
DMU11(D6122),56,1785827793,21.0,5.389302,102.076065,0.0
EMU29,2941,1785827755,114.0,6.5406,100.25977,0.0
SCS23,weekday_2035,1785827739,23.0,3.180815,101.68827,0.0
SCS28,weekday_2151,1785827739,0.0,3.262365,101.55678,0.0
SCS23,weekday_2035,1785827868,0.0,3.172232,101.6848,0.0
DMU11(D6122),56,1785827868,46.0,5.381928,102.08032,0.0
SCS13,weekday_2146,1785827856,0.0,3.467818,101.63759,0.0
ETS207,9052,1785827856,49.0,3.194847,101.648155,0.0
EMU29,2941,1785827860,4.0,6.523342,100.256805,0.0
SCS28,weekday_2151,1785827859,24.0,3.257863,101.55484,0.0
SCS19,weekday_2150,1785827857,60.0,3.150717,101.69067,0.0
SCS25,weekday_2036,1785827914,68.0,3.22269,101.67255,0.0
SCS19,weekday_2150,1785827917,0.0,3.153822,101.69236,0.0
SCS13,weekday_2146,1785827886,0.0,3.467818,101.63759,0.0
DMU11(D6122),56,1785827913,44.0,5.376797,102.08272,0.0
SCS23,weekday_2035,1785827859,21.0,3.17283,101.684715,0.0
ETS207,9052,1785827871,48.0,3.195597,101.64634,0.0
SCS23,weekday_2035,1785827951,26.0,3.167878,101.68738,0.0
SCS25,weekday_2036,1785827929,72.0,3.225537,101.672676,0.0
SCS13,weekday_2146,1785827916,24.0,3.46826,101.63767,0.0
EMU29,2941,1785827961,114.0,6.500663,100.25334,0.0
ETS207,9052,1785827961,35.0,3.20123,101.638695,0.0
DMU11(D6122),56,1785827943,12.0,5.374365,102.08392,0.0
DMU11(D6122),56,1785828018,8.0,5.372168,102.08512,0.0
SCS23,weekday_2035,1785827996,2.0,3.166047,101.690346,0.0
ETS207,9052,1785827991,39.0,3.203675,101.63654,0.0
EMU29,2941,1785827991,118.0,6.491255,100.25344,0.0
SCS28,weekday_2151,1785827994,80.0,3.243582,101.56055,0.0
SCS19,weekday_2150,1785827977,69.0,3.159063,101.692924,0.0
EMU29,2941,1785828066,116.0,6.468618,100.2557,0.0
SCS28,weekday_2151,1785828099,98.0,3.218492,101.566986,0.0
SCS23,weekday_2035,1785828101,45.0,3.161337,101.6922,0.0
DMU11(D6122),56,1785828078,0.0,5.371863,102.08529,0.0
SCS19,weekday_2150,1785828067,0.0,3.165022,101.69126,0.0
SCS23,weekday_2035,1785828131,46.0,3.157772,101.693565,0.0
SCS25,weekday_2036,1785828109,0.0,3.237068,101.68126,0.0
DMU11(D6122),56,1785828108,5.0,5.371728,102.085335,0.0
SCS13,weekday_2146,1785828156,59.0,3.501477,101.63395,0.0
ETS207,9052,1785828156,0.0,3.208398,101.62921,0.0
EMU29,2941,1785828156,114.0,6.442403,100.26473,0.0
SCS19,weekday_2150,1785828112,74.0,3.167228,101.6883,0.0
ETS207,9052,1785828186,0.0,3.208398,101.62921,0.0
SCS25,weekday_2036,1785828184,0.0,3.237068,101.68126,0.0
SCS13,weekday_2146,1785828201,94.0,3.510952,101.6324,0.0
SCS28,weekday_2151,1785828189,38.0,3.207082,101.57741,0.0
SCS19,weekday_2150,1785828172,77.0,3.176548,101.68041,0.0
EMU29,2941,1785828171,108.0,6.438208,100.26614,0.0
DMU11(D6122),56,1785828153,8.0,5.37059,102.086,0.0
SCS23,weekday_2035,1785828266,46.0,3.152103,101.69134,0.0
SCS28,weekday_2151,1785828264,0.0,3.206472,101.579636,0.0
SCS19,weekday_2150,1785828262,8.0,3.186068,101.664696,0.0
ETS207,9052,1785828261,69.0,3.208247,101.619705,0.0
EMU29,2941,1785828261,0.0,6.431282,100.2685,0.0
SCS13,weekday_2146,1785828231,95.0,3.517533,101.628685,0.0
SCS25,weekday_2036,1785828229,0.0,3.237068,101.68126,0.0
DMU11(D6122),56,1785828228,14.0,5.367617,102.08767,0.0
EMU29,2941,1785828336,92.0,6.42378,100.2711,0.0
SCS13,weekday_2146,1785828336,96.0,3.542555,101.63616,0.0
ETS207,9052,1785828336,79.0,3.199305,101.60691,0.0
DMU11(D6122),56,1785828303,15.0,5.363503,102.0907,0.0
SCS11,weekday_2155,1785828312,0.0,3.684822,101.518005,0.0
SCS25,weekday_2036,1785828364,0.0,3.237068,101.68126,0.0
DMU11(D6122),56,1785828363,8.0,5.362622,102.0933,0.0
ETS207,9052,1785828351,81.0,3.199985,101.603546,0.0
EMU29,2941,1785828351,104.0,6.420032,100.2724,0.0
SCS13,weekday_2146,1785828396,14.0,3.55247,101.63949,0.0
SCS23,weekday_2035,1785828356,20.0,3.14527,101.69232,0.0
SCS19,weekday_2150,1785828352,76.0,3.190112,101.65896,0.0
SCS11,weekday_2155,1785828447,71.0,3.677092,101.52641,0.0
SCS13,weekday_2146,1785828441,7.0,3.552763,101.6395,0.0
SCS28,weekday_2151,1785828444,86.0,3.199618,101.6071,0.0
EMU29,2941,1785828441,117.0,6.395707,100.284195,0.0
SCS25,weekday_2036,1785828424,0.0,3.237068,101.68126,0.0
DMU11(D6122),56,1785828408,44.0,5.361575,102.09669,0.0
SCS23,weekday_2035,1785828446,3.0,3.140287,101.69403,0.0
SCS19,weekday_2150,1785828427,0.0,3.191695,101.6557,0.0
ETS207,9052,1785828426,54.0,3.201817,101.58977,0.0
SCS13,weekday_2146,1785828516,104.0,3.562323,101.628845,0.0
ETS207,9052,1785828516,28.0,3.205008,101.583015,0.0
SCS25,weekday_2036,1785828469,0.0,3.237068,101.68126,0.0
SCS19,weekday_2150,1785828457,0.0,3.191695,101.6557,0.0
DMU11(D6122),56,1785828483,36.0,5.359263,102.10424,0.0
SCS28,weekday_2151,1785828504,71.0,3.2075,101.6172,0.0
SCS13,weekday_2146,1785828591,98.0,3.574942,101.613686,0.0
EMU29,2941,1785828591,0.0,6.370515,100.303,0.0
SCS19,weekday_2150,1785828517,65.0,3.192925,101.65296,0.0
SCS23,weekday_2035,1785828566,10.0,3.138128,101.69318,0.0
DMU11(D6122),56,1785828558,28.0,5.355782,102.11045,0.0
SCS25,weekday_2036,1785828514,0.0,3.237068,101.68126,0.0
SCS28,weekday_2151,1785828564,30.0,3.208747,101.62686,0.0
SCS11,weekday_2155,1785828567,114.0,3.651232,101.547325,0.0
ETS207,9052,1785828591,0.0,3.205917,101.58092,0.0
SCS25,weekday_2036,1785828589,0.0,3.237068,101.68126,0.0
ETS207,9052,1785828621,0.0,3.205917,101.58092,0.0
EMU29,2941,1785828621,0.0,6.370515,100.303,0.0
DMU11(D6122),56,1785828603,19.0,5.353827,102.113045,0.0
SCS13,weekday_2146,1785828576,94.0,3.571673,101.615746,0.0
SCS23,weekday_2035,1785828641,22.0,3.13623,101.690025,0.0
SCS28,weekday_2151,1785828639,0.0,3.20884,101.62776,0.0
EMU29,2941,1785828711,109.0,6.355483,100.31424,0.0
SCS19,weekday_2150,1785828682,0.0,3.202243,101.63765,0.0
ETS207,9052,1785828681,0.0,3.205917,101.58092,0.0
SCS13,weekday_2146,1785828666,101.0,3.593248,101.605515,0.0
SCS25,weekday_2036,1785828649,0.0,3.237068,101.68126,0.0
DMU11(D6122),56,1785828708,15.0,5.34991,102.11703,0.0
SCS11,weekday_2155,1785828747,99.0,3.612627,101.58291,0.0
ETS207,9052,1785828711,6.0,3.206315,101.579735,0.0
SCS19,weekday_2150,1785828727,29.0,3.20366,101.63628,0.0
SCS13,weekday_2146,1785828696,95.0,3.598768,101.60056,0.0
SCS25,weekday_2036,1785828694,0.0,3.237068,101.68126,0.0
SCS23,weekday_2035,1785828776,0.0,3.134663,101.6882,0.0
SCS28,weekday_2151,1785828774,39.0,3.20576,101.63441,0.0
ETS207,9052,1785828756,18.0,3.207065,101.57726,0.0
EMU29,2941,1785828756,116.0,6.344965,100.3221,0.0
SCS13,weekday_2146,1785828756,105.0,3.607428,101.587845,0.0
SCS25,weekday_2036,1785828784,0.0,3.237138,101.68118,0.0
DMU11(D6122),56,1785828753,23.0,5.347387,102.11756,0.0
SCS11,weekday_2155,1785828867,108.0,3.593638,101.60539,0.0
SCS28,weekday_2151,1785828864,0.0,3.203195,101.636925,0.0
DMU11(D6122),56,1785828858,25.0,5.338973,102.118164,0.0
SCS23,weekday_2035,1785828836,0.0,3.134663,101.6882,0.0
SCS25,weekday_2036,1785828814,0.0,3.237138,101.68118,0.0
SCS11,weekday_2155,1785828897,109.0,3.586325,101.61047,0.0
EMU29,2941,1785828936,114.0,6.29834,100.34768,0.0
ETS207,9052,1785828936,79.0,3.238477,101.560265,0.0
SCS13,weekday_2146,1785828936,105.0,3.644438,101.554436,0.0
SCS25,weekday_2036,1785828934,0.0,3.237138,101.68118,0.0
SCS19,weekday_2150,1785828901,80.0,3.208487,101.62335,0.0
SCS11,weekday_2155,1785828987,100.0,3.566538,101.62157,0.0
SCS23,weekday_2035,1785828986,13.0,3.128567,101.68043,0.0
SCS25,weekday_2036,1785828964,0.0,3.237138,101.68118,0.0
SCS28,weekday_2151,1785828984,53.0,3.193053,101.652855,0.0
SCS13,weekday_2146,1785828966,105.0,3.6501,101.54849,0.0
SCS19,weekday_2150,1785828961,82.0,3.202528,101.612465,0.0
ETS207,9052,1785828996,64.0,3.248822,101.55724,0.0
EMU29,2941,1785828996,117.0,6.28059,100.35133,0.0
SCS13,weekday_2146,1785828996,104.0,3.655497,101.542244,0.0
SCS11,weekday_2155,1785829017,94.0,3.562683,101.62821,0.0
SCS23,weekday_2035,1785829061,15.0,3.125335,101.67834,0.0
SCS28,weekday_2151,1785829059,40.0,3.191895,101.65538,0.0
SCS19,weekday_2150,1785829021,91.0,3.201053,101.59978,0.0
SCS11,weekday_2155,1785829062,68.0,3.559523,101.635826,0.0
SCS23,weekday_2035,1785829061,15.0,3.125335,101.67834,0.0
SCS13,weekday_2146,1785829056,103.0,3.668505,101.532394,0.0
SCS28,weekday_2151,1785829059,40.0,3.191895,101.65538,0.0
SCS28,weekday_2151,1785829149,0.0,3.186882,101.66369,0.0
SCS38,2943,1785829177,115.0,6.641055,100.28627,0.0
ETS207,9052,1785829176,67.0,3.271372,101.56025,0.0
SCS13,weekday_2146,1785829176,28.0,3.683552,101.51925,0.0
SCS25,weekday_2036,1785829174,0.0,3.237138,101.68118,0.0
DMU11(D6122),56,1785829173,4.0,5.328275,102.12221,0.0
SCS11,weekday_2155,1785829152,0.0,3.553817,101.639465,0.0
SCS19,weekday_2150,1785829141,37.0,3.205143,101.58267,0.0
SCS38,2943,1785829222,114.0,6.632978,100.27543,0.0
ETS207,9052,1785829221,72.0,3.278582,101.56378,0.0
SCS11,weekday_2155,1785829227,96.0,3.543607,101.63666,0.0
SCS28,weekday_2151,1785829224,4.0,3.186882,101.66369,0.0
DMU09,60,1785829215,0.0,4.187305,102.05289,0.0
SCS23,weekday_2035,1785829211,0.0,3.11939,101.67881,0.0
SCS19,weekday_2150,1785829201,4.0,3.205867,101.58091,0.0
SCS25,weekday_2036,1785829279,0.0,3.237138,101.68118,0.0
DMU11(D6122),56,1785829263,12.0,5.325097,102.12405,0.0
DMU09,60,1785829305,11.0,4.188825,102.051216,0.0
SCS11,weekday_2155,1785829302,95.0,3.526095,101.629745,0.0
SCS23,weekday_2035,1785829301,0.0,3.119318,101.67888,0.0
SCS28,weekday_2151,1785829299,90.0,3.180558,101.67533,0.0
SCS19,weekday_2150,1785829276,0.0,3.205543,101.581116,0.0
SCS38,2943,1785829252,114.0,6.627305,100.26841,0.0
ETS207,9052,1785829251,55.0,3.282283,101.56689,0.0
SCS13,weekday_2146,1785829266,0.0,3.683883,101.518845,0.0
EMU29,2941,1785829304,105.0,6.189867,100.37054,0.0
SCS13,weekday_2146,1785829296,0.0,3.683883,101.518845,0.0
SCS25,weekday_2036,1785829294,0.0,3.237138,101.68118,0.0
DMU09,60,1785829365,62.0,4.192785,102.046165,0.0
SCS19,weekday_2150,1785829351,30.0,3.206712,101.578255,0.0
SCS23,weekday_2035,1785829346,26.0,3.11814,101.67926,0.0
SCS38,2943,1785829342,113.0,6.60117,100.26324,0.0
ETS207,9052,1785829341,68.0,3.29373,101.57449,0.0
SCS25,weekday_2036,1785829414,0.0,3.237138,101.68118,0.0
DMU09,60,1785829410,78.0,4.198933,102.03991,0.0
SCS23,weekday_2035,1785829406,64.0,3.11271,101.68556,0.0
SCS38,2943,1785829402,114.0,6.583232,100.26234,0.0
SCS28,weekday_2151,1785829419,27.0,3.166478,101.689865,0.0
DMU11(D6122),56,1785829413,12.0,5.320122,102.129265,0.0
SCS19,weekday_2150,1785829381,39.0,3.208617,101.57553,0.0
ETS207,9052,1785829401,46.0,3.302208,101.57503,0.0
EMU29,2941,1785829379,0.0,6.182927,100.375084,0.0
SCS38,2943,1785829462,116.0,6.565515,100.25924,0.0
ETS207,9052,1785829461,20.0,3.310498,101.57496,0.0
SCS19,weekday_2150,1785829456,8.0,3.211568,101.57297,0.0
SCS28,weekday_2151,1785829449,0.0,3.166028,101.69035,0.0
EMU29,2941,1785829424,67.0,6.180402,100.376686,0.0
EMU29,2941,1785829514,116.0,6.15603,100.37967,0.0
SCS28,weekday_2151,1785829539,3.0,3.166007,101.690384,0.0
SCS25,weekday_2036,1785829534,0.0,3.237138,101.68118,0.0
ETS207,9052,1785829506,36.0,3.314188,101.574974,0.0
SCS11,weekday_2155,1785829512,91.0,3.494412,101.63511,0.0
DMU11(D6122),56,1785829503,14.0,5.317992,102.133095,0.0
SCS38,2943,1785829492,114.0,6.556458,100.25959,0.0
SCS23,weekday_2035,1785829496,33.0,3.102228,101.70039,0.0
SCS23,weekday_2035,1785829571,22.0,3.099312,101.70406,0.0
SCS28,weekday_2151,1785829569,41.0,3.163857,101.69205,0.0
SCS11,weekday_2155,1785829557,114.0,3.482267,101.639595,0.0
EMU29,2941,1785829544,116.0,6.146917,100.38027,0.0
SCS38,2943,1785829552,115.0,6.538463,100.25947,0.0
SCS19,weekday_2150,1785829591,85.0,3.218682,101.56673,0.0
ETS207,9052,1785829581,0.0,3.319157,101.57487,0.0
DMU11(D6122),56,1785829563,13.0,5.316793,102.13575,0.0
SCS19,weekday_2150,1785829606,104.0,3.221695,101.564384,0.0
SCS11,weekday_2155,1785829617,15.0,3.46919,101.63797,0.0
SCS28,weekday_2151,1785829614,54.0,3.158037,101.693436,0.0
SCS25,weekday_2036,1785829609,0.0,3.237138,101.68118,0.0
EMU29,2941,1785829709,0.0,6.112715,100.369446,0.0
SCS38,2943,1785829657,19.0,6.524072,100.25699,0.0
SCS11,weekday_2155,1785829677,50.0,3.467058,101.637596,0.0
SCS23,weekday_2035,1785829676,0.0,3.098582,101.70503,0.0
DMU11(D6122),56,1785829668,14.0,5.315018,102.14031,0.0
DMU11(D6122),56,1785829728,33.0,5.31171,102.142845,0.0
SCS19,weekday_2150,1785829771,8.0,3.249243,101.556786,0.0
SCS11,weekday_2155,1785829752,116.0,3.448242,101.63916,0.0
SCS28,weekday_2151,1785829749,60.0,3.150448,101.69069,0.0
SCS38,2943,1785829717,117.0,6.510472,100.254654,0.0
ETS207,9052,1785829716,33.0,3.324215,101.57173,0.0
EMU29,2941,1785829769,70.0,6.109447,100.36802,0.0
SCS28,weekday_2151,1785829839,24.0,3.143868,101.69339,0.0
SCS25,weekday_2036,1785829804,0.0,3.237138,101.68118,0.0
DMU11(D6122),56,1785829803,51.0,5.306288,102.149574,0.0
SCS19,weekday_2150,1785829801,21.0,3.250502,101.55593,0.0
SCS38,2943,1785829822,114.0,6.478973,100.25372,0.0
ETS207,9052,1785829821,52.0,3.335918,101.57237,0.0
EMU29,2941,1785829799,90.0,6.103058,100.36691,0.0
SCS11,weekday_2155,1785829842,96.0,3.425885,101.6273,0.0
SCS23,weekday_2035,1785829841,0.0,3.098582,101.70503,0.0
DMU11(D6122),56,1785829893,0.0,5.307893,102.157104,0.0
SCS23,weekday_2035,1785829886,0.0,3.098582,101.70503,0.0
EMU29,2941,1785829844,117.0,6.092268,100.37294,0.0
SCS28,weekday_2151,1785829884,19.0,3.141148,101.69425,0.0
SCS38,2943,1785829882,114.0,6.46165,100.258095,0.0
SCS23,weekday_2035,1785829961,0.0,3.098582,101.70503,0.0
SCS11,weekday_2155,1785829947,115.0,3.397727,101.62826,0.0
SCS19,weekday_2150,1785829921,0.0,3.257558,101.55462,0.0
EMU29,2941,1785829919,117.0,6.072213,100.384,0.0
SCS28,weekday_2151,1785829914,0.0,3.140175,101.69411,0.0
SCS25,weekday_2036,1785829909,0.0,3.237138,101.68118,0.0
DMU11(D6122),56,1785829893,0.0,5.307893,102.157104,0.0
SCS11,weekday_2155,1785829962,114.0,3.393275,101.62806,0.0
SCS19,weekday_2150,1785830011,85.0,3.265663,101.558685,0.0
SCS28,weekday_2151,1785830004,17.0,3.1377,101.69274,0.0
SCS38,2943,1785830002,22.0,6.432808,100.26803,0.0
ETS207,9052,1785830001,93.0,3.363133,101.58691,0.0
SCS25,weekday_2036,1785829984,0.0,3.237138,101.68118,0.0
DMU11(D6122),56,1785829983,36.0,5.309778,102.1599,0.0
SCS23,weekday_2035,1785829976,0.0,3.098582,101.70503,0.0
EMU29,2941,1785829964,116.0,6.060293,100.390755,0.0
SCS25,weekday_2036,1785830029,0.0,3.237138,101.68118,0.0
SCS11,weekday_2155,1785830067,0.0,3.376483,101.614914,0.0
SCS23,weekday_2035,1785830081,0.0,3.098582,101.70503,0.0
ETS207,9052,1785830076,99.0,3.368047,101.60515,0.0
DMU09,60,1785830070,62.0,4.2246,102.00948,0.0
EMU29,2941,1785830068,114.0,6.032452,100.40647,0.0
SCS28,weekday_2151,1785830034,16.0,3.136812,101.69126,0.0
SCS38,2943,1785830032,0.0,6.432517,100.26814,0.0
SCS19,weekday_2150,1785830071,69.0,3.27737,101.5625,0.0
SCS19,weekday_2150,1785830131,69.0,3.285878,101.569275,0.0
DMU09,60,1785830130,0.0,4.227513,102.00322,0.0
ETS207,9052,1785830121,50.0,3.374083,101.61224,0.0
SCS38,2943,1785830077,29.0,6.431428,100.26844,0.0
EMU29,2941,1785830083,110.0,6.028612,100.408646,0.0
SCS28,weekday_2151,1785830079,27.0,3.135418,101.688545,0.0
ETS207,9052,1785830166,0.0,3.375885,101.61395,0.0
SCS11,weekday_2155,1785830187,108.0,3.36911,101.60714,0.0
SCS23,weekday_2035,1785830186,0.0,3.098582,101.70503,0.0
SCS19,weekday_2150,1785830176,74.0,3.29315,101.57403,0.0
SCS38,2943,1785830152,116.0,6.414567,100.27433,0.0
SCS28,weekday_2151,1785830184,0.0,3.134888,101.68792,0.0
SCS25,weekday_2036,1785830164,0.0,3.237138,101.68118,0.0
SCS28,weekday_2151,1785830214,0.0,3.134888,101.68792,0.0
SCS19,weekday_2150,1785830251,69.0,3.308775,101.574905,0.0
DMU09,60,1785830250,51.0,4.229262,101.998634,0.0
EMU29,2941,1785830203,115.0,5.997437,100.42631,0.0
ETS207,9052,1785830196,0.0,3.375725,101.61407,0.0
SCS38,2943,1785830272,114.0,6.383988,100.29296,0.0
SCS25,weekday_2036,1785830209,0.0,3.237138,101.68118,0.0
SCS38,2943,1785830287,112.0,6.38039,100.29565,0.0
ETS207,9052,1785830286,48.0,3.37737,101.61543,0.0
SCS19,weekday_2150,1785830311,30.0,3.315678,101.57483,0.0
DMU09,60,1785830310,23.0,4.232403,101.99114,0.0
EMU29,2941,1785830293,74.0,5.975833,100.4385,0.0
SCS25,weekday_2036,1785830269,0.0,3.237138,101.68118,0.0
SCS28,weekday_2151,1785830289,0.0,3.134888,101.68792,0.0
SCS38,2943,1785830362,0.0,6.371297,100.30246,0.0
ETS207,9052,1785830361,116.0,3.391768,101.62773,0.0
SCS28,weekday_2151,1785830364,0.0,3.134888,101.68792,0.0
SCS19,weekday_2150,1785830401,0.0,3.319068,101.57473,0.0
DMU09,60,1785830400,0.0,4.232743,101.99026,0.0
SCS28,weekday_2151,1785830379,0.0,3.134888,101.68792,0.0
ETS207,9052,1785830376,123.0,3.396448,101.6283,0.0
SCS38,2943,1785830407,0.0,6.371297,100.30246,0.0
SCS25,weekday_2036,1785830404,0.0,3.237138,101.68118,0.0
DMU09,60,1785830490,0.0,4.232743,101.99026,0.0
SCS28,weekday_2151,1785830469,0.0,3.134888,101.68792,0.0
ETS207,9052,1785830466,100.0,3.42113,101.624596,0.0
SCS38,2943,1785830467,113.0,6.362623,100.30892,0.0
SCS23,weekday_2035,1785830456,0.0,3.098582,101.70503,0.0
DMU11(D6122),56,1785830493,35.0,5.329172,102.20214,0.0
SCS19,weekday_2150,1785830491,35.0,3.323372,101.57234,0.0
SCS25,weekday_2036,1785830509,0.0,3.237138,101.68118,0.0
DMU11(D6122),56,1785830508,11.0,5.32992,102.203064,0.0
DMU09,60,1785830565,0.0,4.232743,101.99026,0.0
ETS207,9052,1785830496,105.0,3.427907,101.62872,0.0
SCS28,weekday_2151,1785830559,0.0,3.134888,101.68792,0.0
SCS23,weekday_2035,1785830546,0.0,3.098582,101.70503,0.0
SCS19,weekday_2150,1785830521,37.0,3.325897,101.570564,0.0
EMU29,2941,1785830518,115.0,5.937322,100.459465,0.0
SCS38,2943,1785830512,113.0,6.35176,100.31704,0.0
SCS11,weekday_2155,1785830532,33.0,3.323645,101.57233,0.0
SCS19,weekday_2150,1785830596,70.0,3.337052,101.57259,0.0
DMU09,60,1785830595,0.0,4.232743,101.99026,0.0
SCS25,weekday_2036,1785830599,0.0,3.237138,101.68118,0.0
SCS38,2943,1785830602,114.0,6.330102,100.333244,0.0
ETS207,9052,1785830601,119.0,3.456787,101.6394,0.0
DMU11(D6122),56,1785830613,50.0,5.333693,102.20735,0.0
SCS25,weekday_2036,1785830674,0.0,3.237045,101.68118,0.0
DMU11(D6122),56,1785830673,23.0,5.335273,102.2141,0.0
SCS19,weekday_2150,1785830671,99.0,3.35626,101.57136,0.0
DMU09,60,1785830670,0.0,4.232743,101.99026,0.0
SCS28,weekday_2151,1785830634,0.0,3.134888,101.68792,0.0
SCS38,2943,1785830632,115.0,6.322842,100.33864,0.0
ETS207,9052,1785830631,108.0,3.465613,101.63725,0.0
SCS11,weekday_2155,1785830622,0.0,3.319988,101.574776,0.0
ETS207,9052,1785830721,119.0,3.492032,101.635475,0.0
SCS19,weekday_2150,1785830716,90.0,3.363308,101.57825,0.0
DMU09,60,1785830715,0.0,4.232743,101.99026,0.0
SCS11,weekday_2155,1785830712,24.0,3.3174,101.574936,0.0
SCS23,weekday_2035,1785830711,0.0,3.098582,101.70503,0.0
SCS25,weekday_2036,1785830709,0.0,3.237045,101.68118,0.0
SCS38,2943,1785830707,114.0,6.302327,100.34694,0.0
SCS25,weekday_2036,1785830784,0.0,3.234575,101.67976,0.0
SCS38,2943,1785830782,114.0,6.280215,100.351456,0.0
ETS207,9052,1785830781,96.0,3.50842,101.63294,0.0
EMU29,2941,1785830758,116.0,5.867442,100.476944,0.0
SCS11,weekday_2155,1785830757,95.0,3.3095,101.57499,0.0
SCS23,weekday_2035,1785830756,0.0,3.098582,101.70503,0.0
DMU11(D6122),56,1785830808,36.0,5.34657,102.22272,0.0
SCS28,weekday_2151,1785830739,0.0,3.134888,101.68792,0.0
DMU11(D6122),56,1785830838,46.0,5.350077,102.22322,0.0
SCS19,weekday_2150,1785830836,114.0,3.371598,101.609924,0.0
DMU09,60,1785830835,0.0,4.232743,101.99026,0.0
EMU29,2941,1785830833,112.0,5.84485,100.47688,0.0
SCS11,weekday_2155,1785830832,81.0,3.292092,101.57358,0.0
SCS23,weekday_2035,1785830831,0.0,3.098582,101.70503,0.0
SCS25,weekday_2036,1785830799,55.0,3.233058,101.67782,0.0
SCS38,2943,1785830827,114.0,6.266968,100.35416,0.0
ETS207,9052,1785830826,92.0,3.518123,101.62859,0.0
SCS19,weekday_2150,1785830911,0.0,3.375657,101.61396,0.0
DMU09,60,1785830910,0.0,4.232743,101.99026,0.0
DMU11(D6122),56,1785830898,57.0,5.358652,102.225296,0.0
EMU29,2941,1785830897,70.0,5.827317,100.47773,0.0
SCS28,weekday_2151,1785830874,0.0,3.134888,101.68792,0.0
SCS38,2943,1785830872,114.0,6.253717,100.356865,0.0
SCS11,weekday_2155,1785830862,70.0,3.287142,101.57011,0.0
SCS25,weekday_2036,1785830859,80.0,3.22361,101.6726,0.0
EMU29,2941,1785830972,24.0,5.823842,100.47804,0.0
DMU09,60,1785830970,15.0,4.233033,101.989456,0.0
SCS38,2943,1785830962,114.0,6.227322,100.36226,0.0
ETS207,9052,1785830961,97.0,3.549512,101.640045,0.0
SCS19,weekday_2150,1785830941,48.0,3.376747,101.61508,0.0
SCS23,weekday_2035,1785830921,0.0,3.098582,101.70503,0.0
DMU11(D6122),56,1785830973,56.0,5.36978,102.22755,0.0
EMU29,2941,1785831002,79.0,5.819253,100.478386,0.0
SCS19,weekday_2150,1785831001,115.0,3.386602,101.62492,0.0
DMU09,60,1785831000,38.0,4.233942,101.98728,0.0
SCS28,weekday_2151,1785830994,0.0,3.134888,101.68792,0.0
SCS25,weekday_2036,1785831024,60.0,3.206943,101.673836,0.0
DMU11(D6122),56,1785830973,56.0,5.36978,102.22755,0.0
SCS38,2943,1785831022,114.0,6.209618,100.365875,0.0
ETS207,9052,1785831021,87.0,3.560538,101.63321,0.0
SCS25,weekday_2036,1785831039,36.0,3.205415,101.675156,0.0
DMU11(D6122),56,1785831033,50.0,5.375043,102.23228,0.0
EMU29,2941,1785831032,99.0,5.81204,100.47903,0.0
SCS11,weekday_2155,1785831072,20.0,3.261633,101.55633,0.0
SCS23,weekday_2035,1785831071,0.0,3.098582,101.70503,0.0
SCS28,weekday_2151,1785831069,0.0,3.134888,101.68792,0.0
SCS38,2943,1785831067,115.0,6.196352,100.36857,0.0
ETS207,9052,1785831066,104.0,3.565145,101.62329,0.0
ETS207,9052,1785831156,109.0,3.584648,101.611496,0.0
DMU11(D6122),56,1785831153,37.0,5.389535,102.23192,0.0
DMU09,60,1785831105,64.0,4.241578,101.97324,0.0
SCS25,weekday_2036,1785831099,0.0,3.204377,101.67598,0.0
SCS28,weekday_2151,1785831099,0.0,3.134888,101.68792,0.0
SCS19,weekday_2150,1785831151,97.0,3.426373,101.62756,0.0
SCS23,weekday_2035,1785831116,0.0,3.098582,101.70503,0.0
EMU29,2941,1785831107,111.0,5.79129,100.48481,0.0
SCS38,2943,1785831232,76.0,6.181108,100.376335,0.0
DMU11(D6122),56,1785831213,0.0,5.391442,102.231964,0.0
ETS207,9052,1785831201,97.0,3.594868,101.60447,0.0
SCS28,weekday_2151,1785831189,17.0,3.138583,101.69339,0.0
SCS23,weekday_2035,1785831161,0.0,3.098582,101.70503,0.0
SCS28,weekday_2151,1785831264,0.0,3.140093,101.69386,0.0
DMU11(D6122),56,1785831243,11.0,5.391763,102.231964,0.0
SCS25,weekday_2036,1785831264,18.0,3.19769,101.68175,0.0
SCS19,weekday_2150,1785831331,0.0,3.46779,101.63763,0.0
SCS23,weekday_2035,1785831326,0.0,3.098582,101.70503,0.0
ETS207,9052,1785831336,115.0,3.617575,101.57711,0.0
DMU09,60,1785831330,0.0,4.246275,101.96802,0.0
SCS19,weekday_2150,1785831406,90.0,3.473955,101.63869,0.0
ETS207,9052,1785831381,116.0,3.627093,101.56717,0.0
SCS28,weekday_2151,1785831384,23.0,3.145623,101.69199,0.0
SCS11,weekday_2155,1785831357,103.0,3.226212,101.56138,0.0
EMU29,2941,1785831377,114.0,5.716575,100.51388,0.0
DMU09,60,1785831405,0.0,4.246292,101.96793,0.0
SCS38,2943,1785831412,114.0,6.129187,100.377045,0.0
ETS207,9052,1785831411,114.0,3.634098,101.56136,0.0
DMU11(D6122),56,1785831453,42.0,5.410747,102.23323,0.0
SCS28,weekday_2151,1785831444,53.0,3.152365,101.691444,0.0
EMU29,2941,1785831422,114.0,5.703392,100.51055,0.0
SCS38,2943,1785831502,0.0,6.113582,100.369965,0.0
ETS207,9052,1785831501,135.0,3.654465,101.54357,0.0
EMU29,2941,1785831482,113.0,5.687485,100.50256,0.0
SCS19,weekday_2150,1785831481,93.0,3.494572,101.634995,0.0
SCS11,weekday_2155,1785831477,36.0,3.207483,101.57667,0.0
SCS28,weekday_2151,1785831474,5.0,3.154587,101.69304,0.0
DMU11(D6122),56,1785831498,51.0,5.414758,102.23777,0.0
DMU09,60,1785831480,0.0,4.246292,101.96793,0.0
SCS38,2943,1785831547,33.0,6.112962,100.369675,0.0
SCS28,weekday_2151,1785831519,0.0,3.154735,101.69328,0.0
SCS11,weekday_2155,1785831567,0.0,3.206397,101.579636,0.0
ETS207,9052,1785831546,101.0,3.665405,101.53464,0.0
DMU11(D6122),56,1785831633,25.0,5.427688,102.237144,0.0
EMU29,2941,1785831632,78.0,5.646508,100.49068,0.0
ETS207,9052,1785831621,74.0,3.679977,101.523506,0.0
SCS38,2943,1785831607,103.0,6.100393,100.36837,0.0
DMU09,60,1785831585,0.0,4.246292,101.96793,0.0
SCS23,weekday_2035,1785831596,0.0,3.098582,101.70503,0.0
DMU11(D6122),56,1785831693,58.0,5.435603,102.236244,0.0
SCS38,2943,1785831667,114.0,6.084678,100.37727,0.0
ETS207,9052,1785831666,22.0,3.683975,101.51913,0.0
EMU29,2941,1785831692,0.0,5.642642,100.49001,0.0
SCS23,weekday_2035,1785831671,0.0,3.098582,101.70503,0.0
SCS19,weekday_2150,1785831661,101.0,3.517652,101.62872,0.0
SCS38,2943,1785831742,114.0,6.064988,100.38814,0.0
SCS11,weekday_2155,1785831747,0.0,3.206397,101.579636,0.0
SCS19,weekday_2150,1785831721,99.0,3.532508,101.63292,0.0
DMU09,60,1785831720,0.0,4.246352,101.96801,0.0
DMU05,53,1785831720,25.0,5.009928,102.024796,0.0
DMU11(D6122),56,1785831708,57.0,5.437787,102.23543,0.0
EMU29,2941,1785831692,0.0,5.642642,100.49001,0.0
ETS207,9052,1785831741,0.0,3.683983,101.519104,0.0
DMU11(D6122),56,1785831753,62.0,5.44333,102.23069,0.0
EMU29,2941,1785831812,101.0,5.63018,100.49154,0.0
SCS19,weekday_2150,1785831811,41.0,3.551577,101.63965,0.0
DMU05,53,1785831810,27.0,5.012842,102.028656,0.0
DMU09,60,1785831810,0.0,4.246352,101.96801,0.0
ETS207,9052,1785831756,10.0,3.684085,101.51886,0.0
SCS23,weekday_2035,1785831791,0.0,3.098582,101.70503,0.0
SCS28,weekday_2154,1785831819,79.0,3.177927,101.67895,0.0
SCS38,2943,1785831832,111.0,6.041487,100.401436,0.0
ETS207,9052,1785831831,122.0,3.694943,101.507484,0.0
DMU11(D6122),56,1785831873,53.0,5.460288,102.22748,0.0
DMU05,53,1785831825,27.0,5.013753,102.0295,0.0
ETS207,9052,1785831951,118.0,3.715285,101.47749,0.0
DMU11(D6122),56,1785831933,59.0,5.468975,102.22378,0.0
EMU29,2941,1785831932,115.0,5.595797,100.49301,0.0
SCS28,weekday_2154,1785831909,39.0,3.186105,101.664696,0.0
SCS19,weekday_2150,1785831916,90.0,3.558933,101.63669,0.0
DMU09,60,1785831915,57.0,4.248683,101.95621,0.0
DMU05,53,1785831915,13.0,5.020743,102.031624,0.0
SCS38,2943,1785831982,113.0,6.002335,100.42355,0.0
ETS207,9052,1785831981,114.0,3.720625,101.47024,0.0
DMU05,53,1785831960,33.0,5.022017,102.03408,0.0
SCS19,weekday_2150,1785831991,99.0,3.568362,101.61895,0.0
SCS28,weekday_2154,1785831984,29.0,3.187292,101.66297,0.0
DMU11(D6122),56,1785831933,59.0,5.468975,102.22378,0.0
DMU11(D6122),56,1785831993,0.0,5.472457,102.22216,0.0
EMU29,2941,1785831992,116.0,5.577927,100.495514,0.0
SCS23,weekday_2035,1785832016,0.0,3.098582,101.70503,0.0
SCS38,2943,1785831997,114.0,5.998403,100.42577,0.0
ETS207,9052,1785831996,114.0,3.723838,101.46706,0.0
SCS28,weekday_2154,1785832029,55.0,3.191055,101.65736,0.0
DMU05,53,1785832095,31.0,5.030257,102.04475,0.0
SCS23,weekday_2035,1785832061,0.0,3.098582,101.70503,0.0
SCS38,2943,1785832102,42.0,5.973898,100.43961,0.0
ETS207,9052,1785832101,98.0,3.742985,101.45178,0.0
DMU11(D6122),56,1785832098,0.0,5.472457,102.22216,0.0
SCS19,weekday_2150,1785832096,92.0,3.593202,101.60561,0.0
DMU11(D6122),56,1785832173,30.0,5.47598,102.22052,0.0
SCS23,weekday_2035,1785832136,0.0,3.098582,101.70503,0.0
EMU29,2941,1785832172,111.0,5.5252,100.50681,0.0
DMU09,60,1785832170,0.0,4.257818,101.925285,0.0
SCS19,weekday_2150,1785832156,107.0,3.600517,101.59359,0.0
SCS28,weekday_2154,1785832149,69.0,3.193828,101.65106,0.0
SCS38,2943,1785832192,64.0,5.970712,100.44142,0.0
ETS207,9052,1785832191,114.0,3.763355,101.43571,0.0
DMU05,53,1785832185,21.0,5.035073,102.05262,0.0
EMU29,2941,1785832232,117.0,5.507718,100.50486,0.0
DMU09,60,1785832230,0.0,4.25861,101.92547,0.0
DMU05,53,1785832200,17.0,5.03554,102.05344,0.0
SCS11,weekday_2155,1785832197,0.0,3.20875,101.627785,0.0
SCS28,weekday_2154,1785832194,48.0,3.197193,101.64331,0.0
ETS207,9052,1785832236,126.0,3.777102,101.43549,0.0
SCS19,weekday_2150,1785832186,115.0,3.607163,101.58808,0.0
EMU29,2941,1785832232,117.0,5.507718,100.50486,0.0
DMU11(D6122),56,1785832233,34.0,5.481605,102.2186,0.0
SCS38,2943,1785832297,114.0,5.944742,100.4561,0.0
ETS207,9052,1785832296,107.0,3.793793,101.43189,0.0
SCS23,weekday_2035,1785832286,0.0,3.098582,101.70503,0.0
SCS28,weekday_2154,1785832269,26.0,3.202423,101.6375,0.0
SCS28,weekday_2154,1785832329,0.0,3.203177,101.6368,0.0
ETS207,9052,1785832326,108.0,3.799608,101.4259,0.0
DMU09,60,1785832365,48.0,4.263873,101.92549,0.0
DMU11(D6122),56,1785832338,64.0,5.496443,102.21526,0.0
SCS19,weekday_2150,1785832411,112.0,3.653202,101.54474,0.0
DMU05,53,1785832410,19.0,5.044375,102.06061,0.0
DMU09,60,1785832410,60.0,4.26996,101.92364,0.0
SCS23,weekday_2035,1785832406,14.0,3.099662,101.70363,0.0
SCS38,2943,1785832402,114.0,5.915557,100.46792,0.0
ETS207,9052,1785832401,109.0,3.816622,101.411804,0.0
DMU11(D6122),56,1785832383,60.0,5.503402,102.21223,0.0
SCS11,weekday_2155,1785832377,31.0,3.205702,101.634476,0.0
EMU29,2941,1785832375,0.0,5.481838,100.49791,0.0
SCS28,weekday_2154,1785832374,27.0,3.204495,101.63552,0.0
SCS19,weekday_2150,1785832441,114.0,3.659812,101.538506,0.0
DMU05,53,1785832440,22.0,5.045825,102.06202,0.0
DMU11(D6122),56,1785832488,23.0,5.517297,102.2086,0.0
SCS11,weekday_2155,1785832437,0.0,3.203187,101.636925,0.0
ETS207,9052,1785832416,112.0,3.819462,101.409004,0.0
SCS28,weekday_2154,1785832419,46.0,3.207653,101.63213,0.0
EMU29,2941,1785832435,67.0,5.478732,100.497055,0.0
SCS23,weekday_2035,1785832436,18.0,3.100632,101.7024,0.0
SCS38,2943,1785832417,114.0,5.911348,100.46953,0.0
DMU11(D6122),56,1785832503,12.0,5.518095,102.20849,0.0
SCS38,2943,1785832537,114.0,5.876542,100.477005,0.0
SCS24,2944,1785832555,26.0,5.391622,100.36852,0.0
SCS23,weekday_2035,1785832526,62.0,3.106992,101.694496,0.0
SCS27,2947,1785832518,62.0,3.217002,101.6723,0.0
SCS19,weekday_2150,1785832501,64.0,3.673437,101.529045,0.0
SCS19,weekday_2150,1785832561,46.0,3.679408,101.52389,0.0
DMU09,60,1785832605,0.0,4.293472,101.92204,0.0
DMU11(D6122),56,1785832593,0.0,5.518633,102.20836,0.0
ETS207,9052,1785832551,13.0,3.826948,101.40213,0.0
SCS28,weekday_2154,1785832563,68.0,3.208323,101.62109,0.0
SCS19,weekday_2150,1785832651,0.0,3.683893,101.5189,0.0
DMU09,60,1785832650,2.0,4.293695,101.92201,0.0
DMU11(D6122),56,1785832638,0.0,5.518633,102.20836,0.0
SCS27,2947,1785832638,33.0,3.23226,101.67672,0.0
SCS38,2943,1785832597,114.0,5.858525,100.476974,0.0
ETS207,9052,1785832596,60.0,3.832647,101.39868,0.0
SCS28,weekday_2154,1785832638,88.0,3.199925,101.60878,0.0
SCS24,2944,1785832600,20.0,5.390163,100.37045,0.0
EMU29,2941,1785832600,113.0,5.433393,100.48747,0.0
SCS27,2947,1785832713,16.0,3.23783,101.681206,0.0
SCS24,2944,1785832705,48.0,5.384913,100.37844,0.0
SCS38,2943,1785832657,109.0,5.840733,100.47694,0.0
ETS207,9052,1785832656,95.0,3.84392,101.39156,0.0
DMU11(D6122),56,1785832713,29.0,5.521885,102.20688,0.0
DMU09,60,1785832665,0.0,4.29373,101.922005,0.0
SCS28,weekday_2154,1785832713,83.0,3.201375,101.59159,0.0
SCS38,2943,1785832732,23.0,5.825702,100.4779,0.0
ETS207,9052,1785832791,115.0,3.87495,101.381355,0.0
DMU11(D6122),56,1785832773,25.0,5.52707,102.20438,0.0
SCS28,weekday_2154,1785832773,39.0,3.204495,101.5839,0.0
SCS27,2947,1785832773,0.0,3.238388,101.681175,0.0
EMU29,2941,1785832735,112.0,5.397043,100.47154,0.0
SCS24,2944,1785832735,5.0,5.383712,100.380714,0.0
SCS38,2943,1785832837,108.0,5.814467,100.47883,0.0
ETS207,9052,1785832791,115.0,3.87495,101.381355,0.0
SCS23,weekday_2035,1785832826,0.0,3.119192,101.67873,0.0
SCS11,weekday_2155,1785832812,28.0,3.200353,101.63964,0.0
DMU11(D6122),56,1785832818,14.0,5.529792,102.2031,0.0
SCS27,2947,1785832803,0.0,3.238388,101.681175,0.0
SCS28,weekday_2154,1785832803,34.0,3.205942,101.58099,0.0
SCS11,weekday_2155,1785832887,75.0,3.193767,101.65123,0.0
SCS38,2943,1785832867,116.0,5.805635,100.48057,0.0
ETS207,9052,1785832866,105.0,3.89088,101.369995,0.0
DMU11(D6122),56,1785832848,0.0,5.530145,102.202896,0.0
EMU29,2941,1785832840,76.0,5.369352,100.46807,0.0
SCS27,2947,1785832863,0.0,3.238388,101.681175,0.0
SCS24,2944,1785832855,78.0,5.374332,100.39841,0.0
SCS24,2944,1785832945,78.0,5.366328,100.41671,0.0
DMU11(D6122),56,1785832968,20.0,5.532108,102.20202,0.0
DMU09,60,1785832965,75.0,4.32013,101.919235,0.0
DMU11(D6122),56,1785832953,16.0,5.531287,102.202415,0.0
SCS38,2943,1785833017,116.0,5.763393,100.497154,0.0
ETS207,9052,1785833031,110.0,3.925812,101.342964,0.0
SCS28,weekday_2154,1785833028,100.0,3.217548,101.56767,0.0
SCS27,2947,1785833013,0.0,3.238388,101.681175,0.0
EMU29,2941,1785832960,5.0,5.359212,100.466805,0.0
SCS24,2944,1785832960,60.0,5.365313,100.41935,0.0
EMU29,2941,1785833083,37.0,5.359197,100.4622,0.0
SCS38,2943,1785833077,114.0,5.74663,100.50473,0.0
ETS207,9052,1785833076,114.0,3.938342,101.33847,0.0
DMU11(D6122),56,1785833073,64.0,5.54515,102.195854,0.0
SCS11,weekday_2155,1785833067,19.0,3.186762,101.66388,0.0
SCS27,2947,1785833058,0.0,3.238388,101.681175,0.0
SCS28,weekday_2154,1785833058,105.0,3.224185,101.56261,0.0
SCS23,weekday_2035,1785833051,12.0,3.127405,101.679504,0.0
SCS24,2944,1785833050,0.0,5.36431,100.421974,0.0
DMU11(D6122),56,1785833118,62.0,5.55282,102.195145,0.0
SCS28,weekday_2154,1785833118,91.0,3.238848,101.56024,0.0
SCS27,2947,1785833118,0.0,3.238388,101.681175,0.0
SCS38,2943,1785833092,114.0,5.742427,100.50634,0.0
ETS207,9052,1785833121,115.0,3.948997,101.3299,0.0
DMU09,60,1785833115,68.0,4.350007,101.91751,0.0
SCS38,2943,1785833197,111.0,5.71249,100.51286,0.0
ETS207,9052,1785833196,115.0,3.968013,101.31892,0.0
DMU11(D6122),56,1785833178,62.0,5.561922,102.19053,0.0
DMU09,60,1785833160,59.0,4.357187,101.92098,0.0
SCS28,weekday_2154,1785833178,39.0,3.249468,101.5567,0.0
SCS27,2947,1785833148,0.0,3.238388,101.681175,0.0
SCS38,2943,1785833242,114.0,5.699647,100.50959,0.0
SCS27,2947,1785833268,0.0,3.238388,101.681175,0.0
SCS28,weekday_2154,1785833268,29.0,3.253835,101.55472,0.0
ETS207,9052,1785833241,117.0,3.980057,101.3133,0.0
EMU29,2941,1785833233,0.0,5.366307,100.44767,0.0
DMU05,53,1785833265,38.0,5.115103,102.066635,0.0
SCS24,2944,1785833245,0.0,5.366223,100.44846,0.0
SCS23,weekday_2035,1785833201,0.0,3.132345,101.68329,0.0
DMU09,60,1785833205,0.0,4.358665,101.921715,0.0
DMU05,53,1785833265,38.0,5.115103,102.066635,0.0
SCS11,weekday_2155,1785833277,0.0,3.16604,101.69038,0.0
SCS28,weekday_2154,1785833328,5.0,3.258712,101.55498,0.0
SCS24,2944,1785833305,2.0,5.366188,100.44853,0.0
SCS38,2943,1785833287,113.0,5.687983,100.502945,0.0
SCS38,2943,1785833317,114.0,5.680553,100.49787,0.0
ETS207,9052,1785833316,81.0,4.000427,101.30591,0.0
SCS27,2947,1785833328,0.0,3.238388,101.681175,0.0
SCS28,weekday_2154,1785833328,5.0,3.258712,101.55498,0.0
DMU09,60,1785833430,56.0,4.380838,101.92276,0.0
EMU29,2941,1785833428,50.0,5.363758,100.423294,0.0
SCS24,2944,1785833425,47.0,5.359932,100.46167,0.0
SCS11,weekday_2155,1785833412,0.0,3.154807,101.69327,0.0
ETS207,9052,1785833406,0.0,4.006013,101.30162,0.0
SCS23,weekday_2035,1785833411,16.0,3.13635,101.69043,0.0
SCS28,weekday_2154,1785833403,26.0,3.260068,101.55548,0.0
SCS27,2947,1785833403,0.0,3.238388,101.681175,0.0
DMU11(D6122),56,1785833403,0.0,5.58932,102.179474,0.0
DMU05,53,1785833490,22.0,5.134183,102.05415,0.0
EMU29,2941,1785833458,0.0,5.36455,100.42124,0.0
ETS207,9052,1785833481,22.0,4.006843,101.30112,0.0
SCS11,weekday_2155,1785833502,51.0,3.148008,101.69068,0.0
SCS27,2947,1785833478,0.0,3.238388,101.681175,0.0
SCS23,weekday_2035,1785833501,14.0,3.139497,101.69354,0.0
SCS24,2944,1785833500,51.0,5.360637,100.46696,0.0
DMU11(D6122),56,1785833478,29.0,5.59105,102.17778,0.0
SCS28,weekday_2154,1785833493,71.0,3.272745,101.561295,0.0
DMU09,60,1785833445,52.0,4.383072,101.92256,0.0
ETS207,9052,1785833541,111.0,4.014968,101.29308,0.0
SCS27,2947,1785833538,0.0,3.238388,101.681175,0.0
DMU11(D6122),56,1785833568,26.0,5.600792,102.175316,0.0
SCS24,2944,1785833545,103.0,5.36987,100.46811,0.0
SCS38,2943,1785833542,0.0,5.643555,100.490135,0.0
DMU05,53,1785833535,9.0,5.135837,102.052414,0.0
EMU29,2941,1785833503,48.0,5.365132,100.4198,0.0
SCS38,2943,1785833602,100.0,5.635563,100.48936,0.0
DMU11(D6122),56,1785833598,15.0,5.602353,102.17446,0.0
SCS28,weekday_2154,1785833583,74.0,3.286688,101.56977,0.0
DMU05,53,1785833580,12.0,5.136342,102.05088,0.0
SCS11,weekday_2155,1785833577,28.0,3.143005,101.69401,0.0
SCS23,weekday_2035,1785833576,14.0,3.141173,101.694,0.0
ETS207,9052,1785833571,130.0,4.023553,101.288925,0.0
SCS27,2947,1785833583,0.0,3.238388,101.681175,0.0
DMU05,53,1785833640,9.0,5.137933,102.04843,0.0
SCS27,2947,1785833643,0.0,3.238388,101.681175,0.0
DMU11(D6122),56,1785833643,44.0,5.604245,102.17181,0.0
EMU29,2941,1785833713,52.0,5.384033,100.380135,0.0
SCS11,weekday_2155,1785833712,21.0,3.13787,101.69286,0.0
SCS23,weekday_2035,1785833696,0.0,3.14805,101.690834,0.0
SCS24,2944,1785833695,113.0,5.414098,100.475815,0.0
DMU05,53,1785833730,16.0,5.141892,102.04645,0.0
DMU11(D6122),56,1785833733,58.0,5.61607,102.166824,0.0
SCS27,2947,1785833733,0.0,3.238388,101.681175,0.0
SCS28,weekday_2154,1785833733,47.0,3.314332,101.5749,0.0
EMU29,2941,1785833788,14.0,5.387342,100.37343,0.0
SCS28,weekday_2154,1785833763,33.0,3.317593,101.57485,0.0
DMU11(D6122),56,1785833763,58.0,5.620865,102.16568,0.0
SCS27,2947,1785833763,0.0,3.238388,101.681175,0.0
SCS27,2947,1785833853,0.0,3.238388,101.681175,0.0
SCS38,2943,1785833827,113.0,5.570018,100.49685,0.0
SCS28,weekday_2154,1785833853,0.0,3.320343,101.57464,0.0
ETS207,9052,1785833826,114.0,4.103747,101.26544,0.0
SCS27,2947,1785833883,0.0,3.238388,101.681175,0.0
DMU11(D6122),56,1785833883,59.0,5.639728,102.15991,0.0
SCS38,2943,1785833902,113.0,5.547963,100.5005,0.0
ETS207,9052,1785833901,85.0,4.110558,101.25152,0.0
SCS28,weekday_2154,1785833868,12.0,3.320488,101.57457,0.0
SCS11,weekday_2155,1785833877,0.0,3.135393,101.687965,0.0
DMU09,60,1785833880,15.0,4.423182,101.9322,0.0
DMU05,53,1785833880,0.0,5.14381,102.04549,0.0
SCS28,weekday_2154,1785833973,56.0,3.330633,101.56908,0.0
SCS27,2947,1785833973,0.0,3.238388,101.681175,0.0
DMU09,60,1785833970,63.0,4.432678,101.935234,0.0
SCS38,2943,1785833962,109.0,5.530998,100.5052,0.0
SCS11,weekday_2155,1785833937,0.0,3.135393,101.687965,0.0
ETS207,9052,1785833916,68.0,4.11241,101.24908,0.0
SCS24,2944,1785834010,0.0,5.482902,100.49816,0.0
SCS27,2947,1785834018,0.0,3.238388,101.681175,0.0
DMU11(D6122),56,1785834018,59.0,5.660328,102.156845,0.0
SCS28,weekday_2154,1785834018,66.0,3.337255,101.57267,0.0
SCS11,weekday_2155,1785834012,0.0,3.135393,101.687965,0.0
EMU29,2941,1785833998,0.0,5.393197,100.36651,0.0
DMU09,60,1785834045,56.0,4.44354,101.94014,0.0
DMU05,53,1785834045,0.0,5.14381,102.04549,0.0
SCS38,2943,1785834037,110.0,5.509498,100.50531,0.0
SCS38,2943,1785834082,96.0,5.497195,100.50201,0.0
SCS27,2947,1785834048,0.0,3.238388,101.681175,0.0
SCS28,weekday_2154,1785834093,91.0,3.354638,101.571655,0.0
DMU11(D6122),56,1785834093,65.0,5.673502,102.156876,0.0
SCS11,weekday_2155,1785834087,0.0,3.135393,101.687965,0.0
ETS207,9052,1785834081,93.0,4.133002,101.22116,0.0
DMU11(D6122),56,1785834138,64.0,5.681013,102.15433,0.0
SCS27,2947,1785834138,28.0,3.236225,101.68121,0.0
SCS28,weekday_2154,1785834138,84.0,3.362982,101.575935,0.0
DMU05,53,1785834135,0.0,5.14381,102.04549,0.0
SCS38,2943,1785834127,65.0,5.48771,100.49947,0.0
DMU09,60,1785834105,64.0,4.453588,101.93811,0.0
SCS11,weekday_2155,1785834177,0.0,3.135393,101.687965,0.0
SCS27,2947,1785834153,28.0,3.2352,101.6805,0.0
SCS24,2944,1785834175,115.0,5.516785,100.507256,0.0
SCS28,weekday_2154,1785834153,89.0,3.363127,101.5793,0.0
DMU11(D6122),56,1785834153,64.0,5.683443,102.15348,0.0
ETS207,9052,1785834171,112.0,4.147193,101.202896,0.0
SCS28,weekday_2154,1785834243,104.0,3.367297,101.60278,0.0
SCS27,2947,1785834243,63.0,3.228333,101.67303,0.0
DMU11(D6122),56,1785834243,52.0,5.698233,102.15195,0.0
SCS38,2943,1785834412,108.0,5.432323,100.48686,0.0
SCS28,weekday_2154,1785834408,92.0,3.382098,101.62046,0.0
SCS27,2947,1785834408,0.0,3.215098,101.67228,0.0
SCS17,weekday_2160,1785834405,11.0,3.003138,101.39181,0.0
DMU05,53,1785834390,0.0,5.14381,102.04549,0.0
SCS24,2944,1785834385,113.0,5.578467,100.49545,0.0
DMU11(D6122),56,1785834453,24.0,5.704533,102.15192,0.0
SCS28,weekday_2154,1785834438,107.0,3.387945,101.62607,0.0
SCS27,2947,1785834438,10.0,3.214945,101.67226,0.0
DMU05,53,1785834435,0.0,5.14381,102.04549,0.0
SCS17,weekday_2160,1785834435,12.0,3.004048,101.39277,0.0
ETS207,9052,1785834501,112.0,4.193493,101.18417,0.0
DMU11(D6122),56,1785834483,35.0,5.707005,102.15215,0.0
DMU09,60,1785834465,18.0,4.478288,101.93667,0.0
EMU29,2946,1785834463,17.0,5.392785,100.367065,0.0
SCS38,2943,1785834472,111.0,5.417462,100.477234,0.0
SCS27,2947,1785834528,16.0,3.205835,101.6749,0.0
SCS28,weekday_2154,1785834528,100.0,3.412333,101.627266,0.0
DMU05,53,1785834525,0.0,5.14381,102.04549,0.0
SCS17,weekday_2160,1785834525,32.0,3.013148,101.402435,0.0
SCS17,weekday_2160,1785834540,14.0,3.013837,101.40318,0.0
ETS207,9052,1785834531,72.0,4.201827,101.18256,0.0
SCS38,2943,1785834538,114.0,5.398367,100.47168,0.0
EMU29,2946,1785834538,24.0,5.389833,100.37078,0.0
DMU11(D6122),56,1785834558,65.0,5.71821,102.15646,0.0
SCS27,2947,1785834543,0.0,3.205442,101.675255,0.0
SCS28,weekday_2154,1785834543,95.0,3.416008,101.626175,0.0
SCS19,weekday_2165,1785834541,112.0,3.612588,101.58288,0.0
SCS24,2944,1785834640,0.0,5.64367,100.49017,0.0
DMU05,53,1785834660,11.0,5.146425,102.04474,0.0
SCS17,weekday_2160,1785834660,64.0,3.017513,101.40718,0.0
DMU09,60,1785834645,3.0,4.490285,101.945175,0.0
SCS24,2944,1785834640,0.0,5.64367,100.49017,0.0
SCS27,2947,1785834708,0.0,3.198832,101.68086,0.0
SCS28,weekday_2154,1785834708,104.0,3.455783,101.639626,0.0
DMU11(D6122),56,1785834708,62.0,5.74252,102.15943,0.0
ETS207,9052,1785834741,107.0,4.257178,101.172516,0.0
DMU11(D6122),56,1785834738,62.0,5.747477,102.157974,0.0
SCS28,weekday_2154,1785834738,89.0,3.463563,101.6375,0.0
SCS27,2947,1785834738,0.0,3.198832,101.68086,0.0
SCS19,weekday_2165,1785834736,94.0,3.573128,101.61463,0.0
DMU09,60,1785834735,53.0,4.497203,101.95119,0.0
DMU05,53,1785834735,31.0,5.150047,102.04428,0.0
SCS17,weekday_2160,1785834735,0.0,3.021127,101.41103,0.0
EMU29,2946,1785834733,98.0,5.373502,100.40014,0.0
SCS38,2943,1785834733,42.0,5.357735,100.466255,0.0
SCS24,2944,1785834730,69.0,5.648182,100.49094,0.0
SCS24,2944,1785834805,115.0,5.668293,100.494385,0.0
SCS28,weekday_2154,1785834858,49.0,3.470758,101.63818,0.0
SCS17,weekday_2160,1785834855,108.0,3.029552,101.42006,0.0
DMU05,53,1785834855,36.0,5.159927,102.03892,0.0
SCS24,2944,1785834850,111.0,5.680908,100.49806,0.0
DMU11(D6122),56,1785834843,49.0,5.761615,102.15047,0.0
EMU29,2946,1785834838,11.0,5.364623,100.42121,0.0
SCS24,2944,1785834895,115.0,5.692065,100.505646,0.0
SCS27,2947,1785834933,15.0,3.183318,101.68913,0.0
SCS28,weekday_2154,1785834933,106.0,3.488237,101.63715,0.0
SCS19,weekday_2165,1785834931,0.0,3.552615,101.63952,0.0
SCS17,weekday_2160,1785834930,0.0,3.034607,101.425514,0.0
DMU05,53,1785834930,28.0,5.166805,102.037315,0.0
DMU11(D6122),56,1785834918,54.0,5.766158,102.14051,0.0
SCS38,2943,1785834898,0.0,5.36619,100.44846,0.0
EMU29,2946,1785834898,0.0,5.364593,100.421295,0.0
SCS38,2943,1785834988,60.0,5.366788,100.44453,0.0
EMU29,2946,1785834958,10.0,5.364468,100.42164,0.0
SCS24,2944,1785834955,114.0,5.708722,100.5119,0.0
SCS19,weekday_2165,1785834946,0.0,3.552615,101.63952,0.0
DMU05,53,1785834945,28.0,5.168097,102.037155,0.0
SCS17,weekday_2160,1785834960,0.0,3.034607,101.425514,0.0
DMU11(D6122),56,1785834993,60.0,5.777228,102.14315,0.0
SCS27,2947,1785834993,0.0,3.182735,101.68895,0.0
SCS28,weekday_2154,1785834993,22.0,3.500413,101.63416,0.0
SCS38,2943,1785835048,74.0,5.363198,100.43314,0.0
SCS24,2944,1785835045,114.0,5.73447,100.509415,0.0
DMU11(D6122),56,1785835038,65.0,5.784853,102.144005,0.0
SCS28,weekday_2154,1785835038,0.0,3.500912,101.63409,0.0
SCS27,2947,1785835038,0.0,3.182735,101.68895,0.0
SCS19,weekday_2165,1785835036,94.0,3.536272,101.63457,0.0
DMU09,60,1785835035,0.0,4.522228,101.97648,0.0
DMU05,53,1785835035,22.0,5.172717,102.032486,0.0
SCS17,weekday_2160,1785835035,45.0,3.04002,101.43133,0.0
DMU11(D6122),56,1785835053,65.0,5.787492,102.144325,0.0
SCS28,weekday_2154,1785835053,11.0,3.501113,101.63408,0.0
ETS207,9052,1785835071,0.0,4.302525,101.15406,0.0
SCS38,2943,1785835093,61.0,5.363145,100.42487,0.0
SCS27,2947,1785835053,4.0,3.182735,101.68895,0.0
ETS207,9052,1785835206,141.0,4.32776,101.13068,0.0
SCS27,2947,1785835203,16.0,3.175952,101.68568,0.0
DMU11(D6122),56,1785835173,19.0,5.806043,102.14669,0.0
SCS28,weekday_2154,1785835173,94.0,3.523638,101.62938,0.0
SCS19,weekday_2165,1785835201,18.0,3.499963,101.63426,0.0
DMU09,60,1785835200,23.0,4.52367,101.97767,0.0
SCS24,2944,1785835255,114.0,5.79166,100.48464,0.0
SCS17,weekday_2160,1785835200,22.0,3.046113,101.43835,0.0
SCS38,2943,1785835213,90.0,5.36673,100.415665,0.0
EMU29,2946,1785835213,51.0,5.365823,100.45141,0.0
DMU05,53,1785835200,32.0,5.17016,102.01712,0.0
SCS28,weekday_2154,1785835293,69.0,3.550575,101.63982,0.0
SCS19,weekday_2165,1785835291,92.0,3.492235,101.63545,0.0
DMU05,53,1785835290,21.0,5.174852,102.009415,0.0
ETS207,9052,1785835296,134.0,4.353755,101.11224,0.0
DMU11(D6122),56,1785835293,7.0,5.806788,102.14671,0.0
SCS27,2947,1785835282,0.0,3.172283,101.68483,0.0
SCS17,weekday_2160,1785835260,29.0,3.045268,101.44597,0.0
DMU09,60,1785835245,36.0,4.527793,101.97969,0.0
SCS38,2943,1785835303,94.0,5.375557,100.39606,0.0
SCS24,2944,1785835300,117.0,5.804627,100.480774,0.0
ETS207,9052,1785835341,127.0,4.36605,101.10264,0.0
EMU29,2946,1785835337,0.0,5.357725,100.46337,0.0
SCS27,2947,1785835328,14.0,3.169807,101.68552,0.0
EMU29,2946,1785835373,42.0,5.35799,100.46648,0.0
DMU05,53,1785835425,53.0,5.1853,102.010994,0.0
SCS28,weekday_2154,1785835413,80.0,3.558757,101.63697,0.0
SCS17,weekday_2160,1785835410,6.0,3.042365,101.45158,0.0
SCS27,2947,1785835373,22.0,3.168063,101.68705,0.0
DMU05,53,1785835425,53.0,5.1853,102.010994,0.0
EMU29,2946,1785835418,85.0,5.365397,100.46754,0.0
SCS19,weekday_2165,1785835456,47.0,3.4666,101.63748,0.0
SCS17,weekday_2160,1785835455,15.0,3.040917,101.45272,0.0
SCS27,2947,1785835418,16.0,3.166213,101.69017,0.0
EMU29,2946,1785835538,119.0,5.400137,100.47187,0.0
SCS28,weekday_2154,1785835608,99.0,3.59541,101.60413,0.0
SCS27,2947,1785835583,34.0,3.156428,101.6938,0.0
DMU09,60,1785835590,62.0,4.574587,101.98781,0.0
SCS19,weekday_2165,1785835576,110.0,3.436697,101.63579,0.0
DMU11(D6122),56,1785835578,0.0,5.838373,102.15071,0.0
DMU05,53,1785835575,56.0,5.206067,102.01258,0.0
SCS17,weekday_2160,1785835575,93.0,3.033515,101.46558,0.0
ETS207,9052,1785835566,132.0,4.432812,101.062065,0.0
DMU11(D6122),56,1785835608,11.0,5.838673,102.15076,0.0
SCS19,weekday_2165,1785835606,103.0,3.430053,101.630554,0.0
SCS28,weekday_2154,1785835653,104.0,3.600337,101.59404,0.0
ETS207,9052,1785835596,115.0,4.441668,101.05759,0.0
SCS27,2947,1785835703,44.0,3.149212,101.69069,0.0
SCS17,weekday_2160,1785835710,23.0,3.036942,101.470726,0.0
DMU11(D6122),56,1785835698,61.0,5.848297,102.15197,0.0
SCS28,weekday_2154,1785835653,104.0,3.600337,101.59404,0.0
EMU29,2946,1785835733,110.0,5.453817,100.49354,0.0
SCS28,weekday_2154,1785835743,105.0,3.61788,101.576805,0.0
ETS207,9052,1785835746,0.0,4.459175,101.04934,0.0
SCS19,weekday_2165,1785835741,114.0,3.395047,101.62829,0.0
SCS17,weekday_2160,1785835740,60.0,3.040593,101.47266,0.0
DMU09,60,1785835740,63.0,4.598085,101.98442,0.0
SCS27,2947,1785835733,23.0,3.146868,101.691216,0.0
SCS28,weekday_2154,1785835863,104.0,3.643017,101.5557,0.0
SCS19,weekday_2165,1785835861,0.0,3.375608,101.61406,0.0
DMU05,53,1785835860,62.0,5.251962,102.0102,0.0
DMU11(D6122),56,1785835848,63.0,5.873567,102.155136,0.0
DMU09,60,1785835845,57.0,4.613137,101.9865,0.0
ETS207,9052,1785836001,105.0,4.504853,101.0466,0.0
SCS19,weekday_2165,1785836011,86.0,3.362932,101.58581,0.0
DMU09,60,1785836010,54.0,4.637517,101.99208,0.0
DMU05,53,1785836010,58.0,5.27674,102.00742,0.0
SCS17,weekday_2160,1785836002,0.0,3.052325,101.49353,0.0
DMU11(D6122),56,1785836073,52.0,5.898148,102.15813,0.0
SCS24,2944,1785836065,22.0,5.973145,100.44001,0.0
EMU29,2946,1785836089,91.0,5.501867,100.50325,0.0
SCS19,weekday_2165,1785836026,90.0,3.36263,101.58229,0.0
SCS17,weekday_2160,1785836047,18.0,3.05228,101.49548,0.0
ETS207,9052,1785836046,102.0,4.517545,101.04897,0.0
DMU05,53,1785836025,61.0,5.279112,102.006874,0.0
DMU05,53,1785836130,14.0,5.288677,102.005424,0.0
ETS207,9052,1785836106,82.0,4.532258,101.0518,0.0
EMU29,2946,1785836104,103.0,5.505607,100.504234,0.0
SCS24,2944,1785836095,75.0,5.97677,100.43797,0.0
SCS28,weekday_2154,1785836133,52.0,3.676493,101.5269,0.0
SCS17,weekday_2160,1785836107,11.0,3.052077,101.49921,0.0
SCS19,weekday_2165,1785836131,88.0,3.34546,101.57238,0.0
SCS27,2947,1785836153,0.0,3.134792,101.687935,0.0
EMU29,2946,1785836149,116.0,5.51849,100.507675,0.0
SCS28,weekday_2154,1785836238,0.0,3.684825,101.518135,0.0
DMU11(D6122),56,1785836238,0.0,5.917727,102.15619,0.0
SCS19,weekday_2165,1785836236,0.0,3.334423,101.571686,0.0
DMU05,53,1785836235,15.0,5.291475,102.00843,0.0
DMU09,60,1785836235,0.0,4.656172,101.99681,0.0
SCS17,weekday_2160,1785836227,20.0,3.051522,101.50774,0.0
ETS207,9052,1785836226,85.0,4.548373,101.054855,0.0
EMU29,2946,1785836224,116.0,5.540838,100.50242,0.0
SCS24,2944,1785836215,114.0,6.00695,100.42092,0.0
EMU29,2946,1785836359,113.0,5.581465,100.49495,0.0
ETS207,9052,1785836316,110.0,4.57104,101.063286,0.0
SCS17,weekday_2160,1785836347,23.0,3.053685,101.51609,0.0
SCS27,2947,1785836318,14.0,3.130762,101.682076,0.0
SCS17,weekday_2160,1785836497,0.0,3.056882,101.52581,0.0
DMU11(D6122),56,1785836493,62.0,5.952765,102.14667,0.0
DMU05,53,1785836490,12.0,5.293683,102.01873,0.0
SCS24,2944,1785836481,114.0,6.076113,100.381836,0.0
DMU09,60,1785836490,54.0,4.685802,102.00283,0.0
DMU09,60,1785836550,19.0,4.69295,102.00323,0.0
DMU05,53,1785836550,15.0,5.296668,102.01932,0.0
SCS27,2947,1785836528,0.0,3.128642,101.68038,0.0
SCS38,2948,1785836518,58.0,5.365365,100.41931,0.0
SCS17,weekday_2160,1785836527,1.0,3.05689,101.52586,0.0
SCS24,2944,1785836526,114.0,6.087998,100.3754,0.0
ETS207,9052,1785836526,11.0,4.596597,101.07269,0.0
EMU29,2946,1785836524,120.0,5.63006,100.4916,0.0
DMU11(D6122),56,1785836508,62.0,5.95528,102.146,0.0
SCS19,weekday_2165,1785836551,41.0,3.315715,101.57486,0.0
SCS24,2944,1785836586,101.0,6.103353,100.366844,0.0
DMU11(D6122),56,1785836583,12.0,5.96605,102.14385,0.0
SCS19,weekday_2165,1785836581,82.0,3.310702,101.57493,0.0
SCS27,2947,1785836573,0.0,3.128642,101.68038,0.0
EMU29,2946,1785836614,0.0,5.642638,100.49001,0.0
DMU05,53,1785836580,13.0,5.298045,102.01955,0.0
ETS207,9052,1785836586,0.0,4.596903,101.07275,0.0
SCS24,2944,1785836616,70.0,6.110142,100.368324,0.0
EMU29,2946,1785836828,116.0,5.68639,100.50178,0.0
DMU11(D6122),56,1785836853,39.0,5.986323,102.142624,0.0
DMU05,53,1785836865,60.0,5.319713,102.02035,0.0
EMU29,2946,1785836858,116.0,5.694063,100.507065,0.0
SCS17,weekday_2160,1785836857,38.0,3.07651,101.56502,0.0
DMU05,53,1785836970,57.0,5.336087,102.015915,0.0
DMU09,60,1785836940,41.0,4.728457,102.01027,0.0
DMU11(D6122),56,1785836973,1.0,5.996565,102.141884,0.0
SCS27,2947,1785836963,0.0,3.128557,101.68042,0.0
EMU29,2946,1785836963,117.0,5.724527,100.5132,0.0
SCS24,2944,1785836961,108.0,6.171922,100.3786,0.0
EMU29,2946,1785836993,115.0,5.733003,100.50995,0.0
SCS24,2944,1785836991,80.0,6.179548,100.37713,0.0
SCS38,2948,1785836983,35.0,5.358598,100.46668,0.0
SCS27,2947,1785836978,0.0,3.128557,101.68042,0.0
SCS27,2947,1785837038,0.0,3.128557,101.68042,0.0
SCS24,2944,1785837036,4.0,6.183745,100.374535,0.0
SCS27,2947,1785837113,0.0,3.128557,101.68042,0.0
SCS24,2944,1785837111,58.0,6.186048,100.37303,0.0
DMU05,58,1785837180,30.0,5.364015,102.007805,0.0
DMU11(D6122),56,1785837183,61.0,6.029047,102.13977,0.0
SCS19,weekday_2165,1785837181,100.0,3.230772,101.55977,0.0
DMU09,60,1785837180,60.0,4.751593,102.013855,0.0
SCS38,2948,1785837178,115.0,5.410275,100.4744,0.0
SCS27,2947,1785837248,0.0,3.128557,101.68042,0.0
SCS24,2944,1785837246,114.0,6.222412,100.363235,0.0
SCS24,2944,1785837291,115.0,6.235665,100.36055,0.0
EMU29,2946,1785837308,68.0,5.819938,100.47835,0.0
SCS27,2947,1785837308,7.0,3.12964,101.681175,0.0
DMU11(D6122),56,1785837303,26.0,6.041555,102.14179,0.0
SCS19,weekday_2165,1785837301,33.0,3.208635,101.5756,0.0
DMU11(D6122),56,1785837468,46.0,6.046797,102.14452,0.0
SCS19,weekday_2165,1785837481,35.0,3.202872,101.58672,0.0
DMU11(D6122),56,1785837603,63.0,6.067038,102.15509,0.0
SCS19,weekday_2165,1785837601,83.0,3.19987,101.608604,0.0
DMU09,60,1785837600,53.0,4.802323,102.015564,0.0
SCS27,2947,1785837593,0.0,3.13224,101.683304,0.0
SCS24,2944,1785837636,115.0,6.332498,100.331436,0.0
EMU29,2946,1785837642,114.0,5.89073,100.476906,0.0
DMU11(D6122),56,1785837648,63.0,6.073513,102.15919,0.0
SCS19,weekday_2165,1785837646,66.0,3.205488,101.615265,0.0
DMU05,58,1785837645,39.0,5.37812,102.01887,0.0
EMU29,2946,1785837882,115.0,5.957912,100.44859,0.0
SCS19,weekday_2165,1785837881,27.0,3.202782,101.637375,0.0
SCS10,weekday_2049,1785837921,0.0,3.238508,101.6811,0.0
SCS24,2944,1785837921,93.0,6.37836,100.29715,0.0
SCS27,2947,1785837953,0.0,3.13224,101.683304,0.0
SCS27,2947,1785838013,0.0,3.13224,101.683304,0.0
SCS24,2944,1785838011,114.0,6.399777,100.281166,0.0
SCS10,weekday_2049,1785838011,0.0,3.234518,101.67966,0.0
SCS24,2944,1785838296,111.0,6.444228,100.26412,0.0
SCS10,weekday_2049,1785838296,0.0,3.20535,101.675156,0.0
EMU29,2946,1785838287,116.0,6.039458,100.40249,0.0
SCS19,weekday_2165,1785838316,65.0,3.179102,101.67749,0.0
SCS10,weekday_2049,1785838296,0.0,3.20535,101.675156,0.0
EMU29,2946,1785838313,114.0,6.046588,100.398415,0.0
SCS38,2948,1785838378,116.0,5.690093,100.504326,0.0
SCS19,weekday_2165,1785838376,67.0,3.170872,101.68509,0.0
DMU11(D6122),56,1785838413,64.0,6.132723,102.217255,0.0
DMU05,58,1785838380,15.0,5.386915,102.04155,0.0
SCS10,weekday_2049,1785838371,51.0,3.2038,101.676506,0.0
SCS19,weekday_2165,1785838436,21.0,3.165483,101.690956,0.0
DMU09,60,1785838455,35.0,4.884668,101.96998,0.0
SCS10,weekday_2049,1785838446,0.0,3.198778,101.68079,0.0
DMU05,58,1785838425,29.0,5.389302,102.043655,0.0
SCS19,weekday_2165,1785838766,38.0,3.147552,101.69096,0.0
SCS27,2947,1785838748,0.0,3.13224,101.683304,0.0
SCS24,2944,1785838746,117.0,6.54341,100.26009,0.0
DMU05,58,1785838815,60.0,5.381578,102.08054,0.0
EMU29,2946,1785838793,114.0,6.151722,100.379944,0.0
SCS10,weekday_2049,1785838806,0.0,3.182828,101.68892,0.0
SCS11,weekday_2158,1785838829,0.0,3.376475,101.61486,0.0
SCS24,2944,1785838776,115.0,6.55254,100.25976,0.0
DMU09,60,1785838830,25.0,4.928173,101.98382,0.0
DMU11(D6122),56,1785838818,65.0,6.164687,102.202545,0.0
EMU29,2946,1785838853,114.0,6.17005,100.37868,0.0
SCS24,2944,1785838851,114.0,6.574873,100.26024,0.0
DMU11(D6122),56,1785838893,63.0,6.172422,102.1934,0.0
SCS27,2947,1785838898,0.0,3.13224,101.683304,0.0
SCS24,2944,1785838896,115.0,6.588083,100.262794,0.0
SCS10,weekday_2049,1785838896,14.0,3.18104,101.68832,0.0
SCS29,weekday_2162,1785839175,13.0,3.14426,101.693,0.0
SCS38,2948,1785839173,114.0,5.878142,100.47696,0.0
SCS24,2944,1785839136,108.0,6.646198,100.29313,0.0
DMU11(D6122),56,1785839163,12.0,6.198878,102.167404,0.0
SCS27,2947,1785839138,0.0,3.13224,101.683304,0.0
DMU09,60,1785839250,39.0,4.957285,102.00835,0.0
SCS11,weekday_2158,1785839249,0.0,3.468995,101.6379,0.0
SCS38,2948,1785839233,114.0,5.895918,100.475464,0.0
SCS29,weekday_2162,1785839250,12.0,3.140313,101.693985,0.0
SCS10,weekday_2049,1785839246,2.0,3.165992,101.69038,0.0
SCS19,weekday_2165,1785839246,0.0,3.135627,101.68875,0.0
DMU05,58,1785839250,37.0,5.362598,102.093285,0.0
SCS27,2947,1785839273,0.0,3.13224,101.683304,0.0
SCS05,weekday_2157,1785839377,2.0,3.035572,101.46998,0.0
SCS24,2944,1785839376,0.0,6.66275,100.32022,0.0
DMU11(D6122),56,1785839373,9.0,6.198193,102.16734,0.0
EMU29,2946,1785839373,118.0,6.293815,100.34863,0.0
SCS19,weekday_2165,1785839486,16.0,3.12961,101.68103,0.0
SCS10,weekday_2049,1785839486,25.0,3.151377,101.690895,0.0
SCS05,weekday_2157,1785839512,30.0,3.03865,101.45425,0.0
SCS27,2947,1785839513,0.0,3.13224,101.683304,0.0
DMU05,58,1785839580,44.0,5.333955,102.11971,0.0
DMU09,60,1785839580,55.0,4.989977,102.01633,0.0
EMU29,2946,1785839583,114.0,6.34904,100.31902,0.0
DMU11(D6122),56,1785839583,0.0,6.195443,102.16733,0.0
EMU29,2946,1785839649,94.0,6.364578,100.30742,0.0
SCS05,weekday_2157,1785839647,40.0,3.043657,101.44863,0.0
SCS29,weekday_2162,1785839640,0.0,3.135558,101.68948,0.0
SCS11,weekday_2158,1785839639,96.0,3.51783,101.62874,0.0
SCS38,2948,1785839638,109.0,5.981595,100.43525,0.0
DMU09,60,1785839685,55.0,5.00396,102.02268,0.0
DMU05,58,1785839685,42.0,5.322387,102.12659,0.0
SCS27,weekday_2050,1785839648,0.0,3.13224,101.683304,0.0
SCS27,weekday_2050,1785839708,11.0,3.136938,101.691414,0.0
SCS05,weekday_2157,1785839677,45.0,3.045527,101.445625,0.0
SCS24,2955,1785839676,0.0,6.66275,100.32022,0.0
SCS11,weekday_2158,1785839729,91.0,3.53893,101.63525,0.0
SCS38,2948,1785839728,114.0,6.005273,100.42184,0.0
SCS24,2955,1785839796,31.0,6.660593,100.317604,0.0
DMU09,60,1785839835,27.0,5.014017,102.029755,0.0
SCS24,2955,1785839826,48.0,6.658677,100.31497,0.0
SCS11,weekday_2158,1785839834,0.0,3.553872,101.63937,0.0
SCS05,weekday_2157,1785839827,24.0,3.039597,101.43089,0.0
DMU05,58,1785839835,19.0,5.31658,102.136314,0.0
SCS29,weekday_2162,1785839835,0.0,3.135558,101.68948,0.0
SCS27,weekday_2050,1785839798,1.0,3.139998,101.69392,0.0
EMU29,2946,1785839919,118.0,6.40857,100.27635,0.0
SCS05,weekday_2157,1785839917,0.0,3.033588,101.42448,0.0
DMU09,60,1785839895,35.0,5.019232,102.03039,0.0
SCS38,2948,1785839908,112.0,6.052117,100.39537,0.0
SCS19,weekday_2165,1785839875,39.0,3.111802,101.67394,0.0
SCS27,weekday_2050,1785839873,6.0,3.141033,101.69403,0.0
SCS24,2955,1785839916,73.0,6.651443,100.30426,0.0
SCS24,2955,1785839931,99.0,6.649787,100.301216,0.0
SCS29,weekday_2162,1785839925,0.0,3.135558,101.68948,0.0
SCS10,weekday_2049,1785839966,0.0,3.134812,101.68835,0.0
DMU09,60,1785839925,5.0,5.02081,102.03174,0.0
SCS19,weekday_2165,1785839920,54.0,3.107162,101.67372,0.0
SCS27,weekday_2050,1785839963,12.0,3.145168,101.69242,0.0
SCS05,weekday_2157,1785839947,72.0,3.031433,101.42212,0.0
EMU29,2946,1785839934,115.0,6.41294,100.27484,0.0
SCS05,weekday_2157,1785839992,101.0,3.024487,101.414696,0.0
SCS10,weekday_2049,1785840011,0.0,3.134812,101.68835,0.0
DMU05,58,1785840000,23.0,5.313192,102.14217,0.0
EMU29,2946,1785839979,86.0,6.42497,100.2707,0.0
SCS05,weekday_2157,1785840097,20.0,3.01897,101.40878,0.0
SCS19,weekday_2165,1785840100,48.0,3.089557,101.66969,0.0
EMU29,2946,1785840099,65.0,6.435272,100.26712,0.0
SCS05,weekday_2157,1785840127,44.0,3.017372,101.40707,0.0
SCS29,weekday_2162,1785840150,13.0,3.136757,101.6909,0.0
DMU05,58,1785840135,41.0,5.307128,102.15563,0.0
DMU09,60,1785840135,0.0,5.024625,102.038795,0.0
SCS27,weekday_2050,1785840113,0.0,3.15471,101.69316,0.0
SCS24,2955,1785840096,113.0,6.618705,100.26502,0.0
DMU05,58,1785840195,45.0,5.311075,102.161964,0.0
SCS29,weekday_2162,1785840195,21.0,3.138347,101.69323,0.0
SCS27,weekday_2050,1785840158,20.0,3.155422,101.6936,0.0
SCS05,weekday_2157,1785840157,43.0,3.01423,101.40363,0.0
SCS24,2955,1785840156,113.0,6.60078,100.26329,0.0
SCS11,weekday_2158,1785840209,115.0,3.614035,101.58124,0.0
SCS38,2948,1785840208,4.0,6.113662,100.36996,0.0
SCS19,weekday_2165,1785840205,0.0,3.086168,101.66385,0.0
SCS19,weekday_2165,1785840235,0.0,3.086168,101.66385,0.0
SCS10,weekday_2049,1785840236,15.0,3.126163,101.678665,0.0
EMU29,2946,1785840234,110.0,6.471433,100.254684,0.0
SCS11,weekday_2158,1785840239,115.0,3.619468,101.57407,0.0
DMU05,58,1785840225,29.0,5.312437,102.16497,0.0
SCS05,weekday_2157,1785840307,50.0,3.007395,101.39639,0.0
SCS19,weekday_2165,1785840325,44.0,3.083777,101.65728,0.0
EMU29,2946,1785840324,115.0,6.497912,100.25336,0.0
SCS11,weekday_2158,1785840314,115.0,3.6369,101.55989,0.0
SCS10,weekday_2049,1785840311,27.0,3.120575,101.6785,0.0
SCS24,2955,1785840306,114.0,6.555568,100.259674,0.0
DMU09,60,1785840300,24.0,5.03194,102.046715,0.0
SCS27,2952,1785840293,0.0,3.166035,101.690346,0.0
SCS10,weekday_2049,1785840416,10.0,3.118912,101.67884,0.0
EMU29,2946,1785840416,9.0,6.511462,100.25477,0.0
SCS29,weekday_2162,1785840450,0.0,3.140163,101.69383,0.0
DMU09,60,1785840420,34.0,5.039773,102.05587,0.0
SCS11,weekday_2158,1785840419,116.0,3.656298,101.54153,0.0
SCS38,2948,1785840418,114.0,6.168992,100.37881,0.0
SCS27,2952,1785840428,18.0,3.171078,101.68513,0.0
SCS05,weekday_2157,1785840412,11.0,3.001608,101.390854,0.0
SCS24,2955,1785840411,59.0,6.526732,100.2575,0.0
SCS19,weekday_2165,1785840400,0.0,3.08327,101.655914,0.0
DMU09,60,1785840480,32.0,5.043893,102.05975,0.0
SCS24,2955,1785840516,69.0,6.52057,100.25643,0.0
SCS27,2952,1785840513,18.0,3.175245,101.68545,0.0
SCS19,weekday_2165,1785840490,99.0,3.082377,101.645706,0.0
DMU09,60,1785840570,41.0,5.050563,102.06575,0.0
SCS27,2952,1785840528,22.0,3.176082,101.68584,0.0
SCS19,weekday_2165,1785840520,95.0,3.083565,101.63809,0.0
SCS10,weekday_2049,1785840611,45.0,3.112598,101.68604,0.0
SCS27,2952,1785840603,12.0,3.18242,101.688774,0.0
SCS24,2955,1785840576,112.0,6.504467,100.25366,0.0
SCS29,weekday_2162,1785840615,28.0,3.14631,101.69139,0.0
SCS19,weekday_2165,1785840610,0.0,3.084637,101.63139,0.0
SCS11,weekday_2158,1785840614,34.0,3.68396,101.51897,0.0
SCS24,2955,1785840651,114.0,6.482017,100.2537,0.0
SCS38,2948,1785840688,114.0,6.220758,100.36359,0.0
EMU29,2946,1785840641,0.0,6.523367,100.256805,0.0
SCS10,weekday_2049,1785840641,61.0,3.110642,101.68994,0.0
SCS27,2952,1785840693,29.0,3.186983,101.68991,0.0
SCS29,weekday_2162,1785840765,71.0,3.159837,101.69261,0.0
SCS38,2948,1785840763,113.0,6.242868,100.35907,0.0
EMU29,2946,1785840761,57.0,6.530257,100.25798,0.0
SCS19,weekday_2165,1785840760,20.0,3.08451,101.62162,0.0
SCS24,2955,1785840696,114.0,6.468817,100.255684,0.0
SCS27,2952,1785840783,29.0,3.198153,101.68136,0.0
DMU05,58,1785840780,32.0,5.327163,102.1996,0.0
SCS10,weekday_2049,1785840791,22.0,3.099463,101.703835,0.0
SCS19,weekday_2165,1785840790,0.0,3.084485,101.621254,0.0
SCS29,weekday_2162,1785840765,71.0,3.159837,101.69261,0.0
SCS38,2948,1785840763,113.0,6.242868,100.35907,0.0
SCS24,2955,1785840816,67.0,6.43622,100.26692,0.0
DMU11(D6122),56,1785840878,0.0,6.200342,102.166824,0.0
SCS24,2955,1785840876,0.0,6.432462,100.2682,0.0
DMU09,60,1785840870,0.0,5.079492,102.06931,0.0
SCS27,2952,1785840858,52.0,3.201003,101.678894,0.0
SCS19,weekday_2165,1785840880,19.0,3.083817,101.61573,0.0
DMU05,58,1785840870,55.0,5.334952,102.20918,0.0
EMU29,2946,1785840836,117.0,6.548928,100.25985,0.0
SCS27,2952,1785840918,0.0,3.20536,101.67532,0.0
DMU05,58,1785840915,23.0,5.335388,102.213974,0.0
SCS29,weekday_2162,1785840915,68.0,3.170747,101.685196,0.0
SCS38,2948,1785840913,114.0,6.28512,100.35044,0.0
EMU29,2946,1785840911,118.0,6.572227,100.2594,0.0
SCS24,2955,1785840906,0.0,6.432462,100.2682,0.0
SCS10,weekday_2049,1785840896,0.0,3.098592,101.704994,0.0
DMU09,60,1785840885,0.0,5.079492,102.06931,0.0
SCS27,2952,1785840993,81.0,3.210743,101.672134,0.0
SCS29,weekday_2162,1785840990,96.0,3.180907,101.67481,0.0
SCS24,2955,1785840966,74.0,6.42687,100.27013,0.0
DMU11(D6122),56,1785840983,0.0,6.200342,102.166824,0.0
SCS38,2948,1785840973,114.0,6.302793,100.346825,0.0
DMU05,58,1785841050,53.0,5.350163,102.22317,0.0
SCS27,2952,1785841023,23.0,3.214778,101.672226,0.0
SCS19,weekday_2165,1785841000,8.0,3.083045,101.61067,0.0
DMU11(D6122),56,1785840998,0.0,6.200342,102.166824,0.0
SCS24,2955,1785841056,115.0,6.403735,100.27839,0.0
EMU29,2946,1785841106,104.0,6.629358,100.270386,0.0
SCS10,weekday_2049,1785841106,0.0,3.098592,101.704994,0.0
DMU11(D6122),56,1785841103,0.0,6.200348,102.16683,0.0
SCS38,2948,1785841078,114.0,6.33052,100.33292,0.0
SCS27,2952,1785841098,78.0,3.218925,101.67242,0.0
SCS24,2955,1785841161,109.0,6.378507,100.29708,0.0
SCS29,weekday_2162,1785841170,15.0,3.192198,101.654854,0.0
SCS27,2952,1785841158,40.0,3.230432,101.67433,0.0
SCS38,2948,1785841153,114.0,6.348575,100.31941,0.0
DMU11(D6122),56,1785841133,0.0,6.200348,102.16683,0.0
DMU05,58,1785841185,36.0,5.369768,102.22757,0.0
SCS29,weekday_2162,1785841245,81.0,3.194003,101.65053,0.0
SCS24,2955,1785841221,2.0,6.371302,100.30249,0.0
SCS27,2952,1785841218,45.0,3.233543,101.6785,0.0
SCS10,weekday_2049,1785841196,0.0,3.098592,101.704994,0.0
SCS19,weekday_2165,1785841180,18.0,3.084197,101.59335,0.0
DMU11(D6122),56,1785841223,0.0,6.200373,102.16671,0.0
DMU11(D6122),56,1785841253,0.0,6.200373,102.16671,0.0
SCS24,2955,1785841296,38.0,6.370303,100.30325,0.0
DMU05,58,1785841290,44.0,5.375998,102.23301,0.0
SCS38,2948,1785841273,3.0,6.371287,100.30245,0.0
SCS27,2952,1785841263,25.0,3.237472,101.68122,0.0
EMU29,2946,1785841271,75.0,6.652478,100.30553,0.0
SCS10,weekday_2049,1785841256,0.0,3.098592,101.704994,0.0
SCS38,2948,1785841348,37.0,6.372365,100.30162,0.0
SCS10,weekday_2049,1785841346,35.0,3.0967,101.70734,0.0
EMU29,2946,1785841346,54.0,6.660713,100.31766,0.0
SCS24,2955,1785841341,106.0,6.362937,100.30872,0.0
DMU05,58,1785841305,46.0,5.377657,102.23389,0.0
SCS27,2952,1785841308,0.0,3.238353,101.68121,0.0
EMU29,2946,1785841421,0.0,6.662398,100.31971,0.0
DMU05,58,1785841410,20.0,5.389043,102.231895,0.0
SCS24,2955,1785841386,112.0,6.352327,100.31665,0.0
DMU11(D6122),56,1785841388,0.0,6.197358,102.1672,0.0
SCS19,weekday_2165,1785841383,13.0,3.084988,101.587524,0.0
SCS27,2952,1785841383,0.0,3.238353,101.68121,0.0
SCS10,weekday_2049,1785841451,41.0,3.089323,101.71063,0.0
DMU05,58,1785841425,21.0,5.390103,102.231964,0.0
DMU11(D6122),56,1785841478,0.0,6.197358,102.1672,0.0
DMU09,60,1785841425,37.0,5.120752,102.06164,0.0
SCS27,2952,1785841473,0.0,3.238353,101.68121,0.0
SCS24,2955,1785841461,114.0,6.334278,100.33014,0.0
SCS38,2948,1785841453,115.0,6.39284,100.2863,0.0
EMU29,2946,1785841436,0.0,6.662398,100.31971,0.0
SCS29,weekday_2162,1785841425,21.0,3.203578,101.63638,0.0
SCS19,weekday_2165,1785841473,18.0,3.082662,101.58272,0.0
SCS24,2955,1785841551,114.0,6.311897,100.34502,0.0
SCS38,2948,1785841528,109.0,6.41202,100.27518,0.0
SCS10,weekday_2049,1785841481,39.0,3.086257,101.71192,0.0
DMU05,58,1785841515,0.0,5.391373,102.23199,0.0
SCS19,weekday_2165,1785841503,29.0,3.081912,101.58048,0.0
DMU11(D6122),56,1785841508,0.0,6.197358,102.1672,0.0
SCS27,2952,1785841548,0.0,3.238353,101.68121,0.0
DMU09,60,1785841560,26.0,5.13387,102.05434,0.0
DMU11(D6122),56,1785841583,5.0,6.198908,102.16713,0.0
SCS24,2955,1785841566,114.0,6.307465,100.34592,0.0
SCS19,weekday_2165,1785841548,45.0,3.081375,101.57579,0.0
SCS38,2948,1785841558,101.0,6.419913,100.27245,0.0
DMU05,58,1785841545,0.0,5.391545,102.23197,0.0
SCS29,weekday_2162,1785841671,95.0,3.201083,101.61097,0.0
SCS24,2955,1785841671,114.0,6.276537,100.35226,0.0
SCS38,2948,1785841663,0.0,6.43261,100.26809,0.0
DMU09,60,1785841620,6.0,5.135927,102.05218,0.0
SCS19,weekday_2165,1785841653,17.0,3.076313,101.566185,0.0
SCS27,2952,1785841623,0.0,3.238353,101.68121,0.0
DMU05,58,1785841620,0.0,5.391503,102.23205,0.0
SCS10,weekday_2049,1785841706,26.0,3.075595,101.71039,0.0
SCS29,weekday_2162,1785841716,92.0,3.201112,101.59999,0.0
SCS24,2955,1785841716,114.0,6.263303,100.35495,0.0
SCS38,2948,1785841708,5.0,6.432635,100.268074,0.0
DMU11(D6122),56,1785841688,0.0,6.200072,102.16721,0.0
DMU09,60,1785841680,28.0,5.137313,102.049126,0.0
SCS19,weekday_2165,1785841698,32.0,3.076875,101.56253,0.0
SCS27,2952,1785841698,0.0,3.238353,101.68121,0.0
DMU05,58,1785841695,0.0,5.391547,102.232,0.0
SCS38,2948,1785841753,78.0,6.436708,100.26666,0.0
DMU11(D6122),56,1785841748,0.0,6.200293,102.16737,0.0
DMU09,60,1785841755,26.0,5.141813,102.04646,0.0
SCS24,2955,1785841731,114.0,6.258888,100.35585,0.0
SCS10,weekday_2049,1785841736,47.0,3.072382,101.708954,0.0
SCS29,weekday_2162,1785841731,88.0,3.200518,101.59646,0.0
SCS27,2952,1785841713,0.0,3.238353,101.68121,0.0
DMU05,58,1785841725,0.0,5.391547,102.232,0.0
SCS10,weekday_2049,1785841841,67.0,3.05495,101.706894,0.0
DMU11(D6122),56,1785841838,0.0,6.200127,102.16732,0.0
SCS24,2955,1785841821,113.0,6.23249,100.361244,0.0
SCS27,2952,1785841818,0.0,3.238353,101.68121,0.0
SCS19,weekday_2165,1785841818,25.0,3.075067,101.55796,0.0
SCS29,weekday_2162,1785841791,36.0,3.202987,101.58642,0.0
DMU09,60,1785841815,0.0,5.143797,102.04546,0.0
DMU05,58,1785841815,0.0,5.391473,102.231995,0.0
SCS38,2948,1785841798,116.0,6.44854,100.262566,0.0
SCS19,weekday_2165,1785841893,56.0,3.06981,101.550735,0.0
SCS38,2948,1785841843,114.0,6.461455,100.258125,0.0
DMU05,58,1785841890,15.0,5.394627,102.23212,0.0
DMU09,60,1785841845,0.0,5.143797,102.04546,0.0
SCS10,weekday_2049,1785841886,65.0,3.046538,101.70688,0.0
DMU11(D6122),56,1785841853,0.0,6.200127,102.16732,0.0
SCS27,2952,1785841893,0.0,3.238448,101.68121,0.0
SCS29,weekday_2162,1785841851,28.0,3.206027,101.58046,0.0
SCS24,2955,1785841851,114.0,6.223663,100.36305,0.0
DMU11(D6122),56,1785841973,0.0,6.200122,102.16729,0.0
SCS19,weekday_2165,1785841953,75.0,3.062048,101.54385,0.0
DMU09,60,1785841920,12.0,5.146988,102.04467,0.0
SCS38,2948,1785841918,114.0,6.483247,100.25366,0.0
SCS29,weekday_2162,1785841956,34.0,3.207232,101.57699,0.0
SCS24,2955,1785841956,112.0,6.192767,100.369415,0.0
SCS27,2952,1785841953,0.0,3.238448,101.68121,0.0
SCS38,2948,1785842008,112.0,6.510268,100.25459,0.0
SCS10,weekday_2049,1785841961,54.0,3.034533,101.70835,0.0
SCS24,2955,1785841986,66.0,6.186277,100.372925,0.0
DMU11(D6122),56,1785842018,0.0,6.200122,102.16729,0.0
DMU11(D6122),56,1785842063,0.0,6.200075,102.16734,0.0
SCS24,2955,1785842061,3.0,6.183685,100.37464,0.0
SCS38,2948,1785842053,72.0,6.52204,100.25659,0.0
SCS19,weekday_2165,1785842013,54.0,3.05908,101.533134,0.0
SCS27,2952,1785842013,0.0,3.238448,101.68121,0.0
SCS10,weekday_2049,1785842141,9.0,3.02414,101.71551,0.0
DMU09,60,1785842130,42.0,5.161555,102.038155,0.0
DMU05,58,1785842130,36.0,5.412187,102.2348,0.0
SCS38,2948,1785842113,0.0,6.52435,100.25699,0.0
DMU11(D6122),56,1785842093,0.0,6.200108,102.16742,0.0
SCS27,2952,1785842133,0.0,3.238448,101.68121,0.0
SCS19,weekday_2165,1785842133,6.0,3.056688,101.52468,0.0
SCS10,weekday_2049,1785842171,0.0,3.023903,101.71562,0.0
DMU11(D6122),56,1785842168,0.0,6.20011,102.167305,0.0
SCS24,2955,1785842166,115.0,6.159575,100.37946,0.0
SCS27,2952,1785842208,0.0,3.238448,101.68121,0.0
SCS19,weekday_2165,1785842208,25.0,3.056322,101.52309,0.0
SCS38,2948,1785842173,113.0,6.5355,100.258896,0.0
DMU05,58,1785842145,39.0,5.413367,102.236084,0.0
DMU09,60,1785842145,39.0,5.16312,102.03773,0.0
DMU05,58,1785842250,22.0,5.421892,102.238754,0.0
SCS29,weekday_2162,1785842219,107.0,3.235622,101.55977,0.0
SCS38,2948,1785842248,114.0,6.558172,100.25951,0.0
SCS19,weekday_2165,1785842238,25.0,3.055237,101.52098,0.0
SCS24,2955,1785842241,114.0,6.137085,100.380325,0.0
DMU09,60,1785842235,54.0,5.172605,102.03313,0.0
SCS10,weekday_2049,1785842231,0.0,3.023903,101.71562,0.0
SCS27,2952,1785842238,0.0,3.238448,101.68121,0.0
SCS38,2948,1785842293,113.0,6.571623,100.25927,0.0
SCS24,2955,1785842316,70.0,6.117482,100.37169,0.0
SCS10,weekday_2049,1785842291,0.0,3.023903,101.71562,0.0
SCS19,weekday_2165,1785842253,25.0,3.054888,101.519875,0.0
SCS29,weekday_2162,1785842279,62.0,3.24796,101.55774,0.0
DMU11(D6122),56,1785842318,0.0,6.200093,102.167305,0.0
DMU05,58,1785842310,57.0,5.428767,102.23682,0.0
SCS27,2952,1785842298,73.0,3.232553,101.677216,0.0
DMU09,60,1785842295,43.0,5.172868,102.025375,0.0
SCS24,2955,1785842376,0.0,6.113542,100.3699,0.0
SCS27,2952,1785842373,49.0,3.217813,101.67237,0.0
SCS19,weekday_2165,1785842373,22.0,3.052295,101.5116,0.0
SCS10,weekday_2049,1785842366,0.0,3.023903,101.71562,0.0
DMU11(D6122),56,1785842363,4.0,6.199977,102.16711,0.0
SCS29,weekday_2162,1785842324,0.0,3.251145,101.55564,0.0
SCS29,weekday_2162,1785842414,21.0,3.25751,101.55465,0.0
SCS38,2948,1785842413,113.0,6.60744,100.26331,0.0
SCS19,weekday_2165,1785842403,22.0,3.051822,101.50965,0.0
SCS24,2955,1785842406,20.0,6.113242,100.36984,0.0
DMU09,60,1785842385,39.0,5.17059,102.015755,0.0
DMU11(D6122),56,1785842408,0.0,6.200153,102.16732,0.0
SCS10,weekday_2049,1785842396,0.0,3.023903,101.71562,0.0
SCS27,2952,1785842433,0.0,3.215112,101.672295,0.0
SCS27,2952,1785842493,50.0,3.20791,101.673096,0.0
DMU11(D6122),56,1785842453,0.0,6.20016,102.16721,0.0
SCS24,2955,1785842451,99.0,6.105415,100.36664,0.0
SCS10,weekday_2049,1785842456,0.0,3.023903,101.71562,0.0
DMU05,58,1785842505,49.0,5.453503,102.229706,0.0
DMU09,60,1785842505,0.0,5.173982,102.00985,0.0
SCS38,2948,1785842503,114.0,6.631407,100.2732,0.0
SCS19,weekday_2165,1785842493,23.0,3.051553,101.50336,0.0
SCS24,2955,1785842571,114.0,6.074068,100.382996,0.0
SCS27,2952,1785842538,0.0,3.205367,101.67531,0.0
SCS19,weekday_2165,1785842538,20.0,3.051943,101.500275,0.0
DMU05,58,1785842550,46.0,5.458928,102.22752,0.0
DMU09,60,1785842550,8.0,5.174235,102.00966,0.0
SCS38,2948,1785842533,114.0,6.636777,100.28044,0.0
SCS19,weekday_2165,1785842553,24.0,3.052085,101.49922,0.0
SCS10,weekday_2049,1785842621,0.0,3.023903,101.71562,0.0
DMU11(D6122),56,1785842603,0.0,6.200153,102.167305,0.0
SCS24,2955,1785842601,114.0,6.0662,100.38743,0.0
SCS29,weekday_2162,1785842594,81.0,3.276937,101.56231,0.0
SCS38,2948,1785842593,115.0,6.647528,100.29488,0.0
DMU09,60,1785842565,10.0,5.174807,102.009384,0.0
SCS29,weekday_2162,1785842639,67.0,3.283493,101.56761,0.0
SCS10,weekday_2049,1785842681,0.0,3.023903,101.71562,0.0
DMU09,60,1785842655,29.0,5.179195,102.01004,0.0
SCS24,2955,1785842631,114.0,6.058328,100.39188,0.0
DMU11(D6122),56,1785842618,0.0,6.200163,102.167305,0.0
SCS19,weekday_2165,1785842628,13.0,3.052357,101.493805,0.0
SCS27,2952,1785842628,27.0,3.205052,101.67554,0.0
SCS27,2952,1785842733,43.0,3.198098,101.681404,0.0
SCS29,weekday_2162,1785842714,87.0,3.298095,101.574974,0.0
DMU11(D6122),56,1785842708,0.0,6.200225,102.16725,0.0
SCS38,2948,1785842713,55.0,6.660568,100.31755,0.0
SCS10,weekday_2049,1785842741,0.0,3.023903,101.71562,0.0
SCS24,2955,1785842736,114.0,6.031095,100.407295,0.0
SCS19,weekday_2165,1785842733,17.0,3.05243,101.49159,0.0
DMU05,58,1785842730,61.0,5.482107,102.2185,0.0
SCS24,2955,1785842796,114.0,6.015355,100.416176,0.0
SCS27,2952,1785842793,50.0,3.191407,101.687164,0.0
SCS19,weekday_2165,1785842793,48.0,3.052535,101.48656,0.0
DMU05,58,1785842745,66.0,5.484592,102.21794,0.0
DMU11(D6122),56,1785842798,0.0,6.20014,102.16731,0.0
DMU11(D6122),56,1785842841,0.0,6.20014,102.16731,0.0
DMU05,58,1785842850,61.0,5.502765,102.21253,0.0
DMU09,60,1785842850,65.0,5.205863,102.0127,0.0
SCS27,2952,1785842838,30.0,3.187115,101.68986,0.0
SCS29,weekday_2162,1785842834,34.0,3.319048,101.57478,0.0
SCS38,2948,1785842833,4.0,6.66284,100.320335,0.0
SCS10,weekday_2049,1785842831,0.0,3.023903,101.71562,0.0
SCS24,2955,1785842856,114.0,5.999667,100.42505,0.0
DMU09,60,1785842910,61.0,5.215773,102.01242,0.0
SCS29,weekday_2162,1785842894,0.0,3.320307,101.57454,0.0
SCS24,2955,1785842901,114.0,5.987913,100.4317,0.0
DMU05,58,1785842865,68.0,5.505247,102.21145,0.0
SCS10,weekday_2049,1785842921,0.0,3.023903,101.71562,0.0
SCS27,2952,1785842913,0.0,3.18269,101.68894,0.0
SCS19,weekday_2165,1785842913,60.0,3.044448,101.47423,0.0
DMU05,58,1785842970,59.0,5.522102,102.20681,0.0
SCS10,weekday_2049,1785842966,0.0,3.023903,101.71562,0.0
DMU09,60,1785842970,55.0,5.225432,102.011024,0.0
SCS29,weekday_2162,1785842924,20.0,3.321037,101.5741,0.0
SCS24,2955,1785842991,0.0,5.97265,100.440315,0.0
SCS19,weekday_2165,1785842973,27.0,3.036073,101.47029,0.0
SCS27,2952,1785842973,21.0,3.180693,101.68824,0.0
DMU05,58,1785842985,45.0,5.524065,102.20587,0.0
SCS29,weekday_2162,1785843014,77.0,3.33028,101.56901,0.0
DMU09,60,1785842985,57.0,5.227713,102.010704,0.0
SCS19,weekday_2165,1785843033,1.0,3.03554,101.469955,0.0
SCS27,2952,1785843033,25.0,3.17682,101.68594,0.0
SCS10,weekday_2049,1785843011,0.0,3.023903,101.71562,0.0
SCS24,2955,1785843051,50.0,5.970197,100.4417,0.0
SCS13,weekday_2178,1785842984,0.0,2.999283,101.39143,0.0
DMU05,58,1785843060,13.0,5.528362,102.20385,0.0
SCS19,weekday_2165,1785843093,54.0,3.03355,101.46526,0.0
SCS13,weekday_2178,1785843074,0.0,2.999283,101.39143,0.0
SCS24,2955,1785843066,63.0,5.968148,100.442856,0.0
DMU09,60,1785843105,51.0,5.246215,102.00925,0.0
SCS29,weekday_2162,1785843104,100.0,3.351402,101.57204,0.0
SCS27,2952,1785843104,0.0,3.172285,101.68484,0.0
SCS10,weekday_2049,1785843101,0.0,3.023903,101.71562,0.0
SCS29,weekday_2162,1785843119,97.0,3.355108,101.57154,0.0
SCS27,2952,1785843157,23.0,3.16933,101.68592,0.0
SCS10,weekday_2049,1785843131,10.0,3.023553,101.71574,0.0
SCS13,weekday_2178,1785843104,0.0,2.999283,101.39143,0.0
SCS24,2955,1785843156,116.0,5.94809,100.45419,0.0
DMU05,58,1785843210,3.0,5.530043,102.20286,0.0
DMU09,60,1785843210,16.0,5.249433,102.00994,0.0
SCS29,weekday_2162,1785843179,100.0,3.362773,101.581406,0.0
SCS13,weekday_2178,1785843164,0.0,2.999283,101.39143,0.0
SCS19,weekday_2165,1785843213,23.0,3.039552,101.453674,0.0
SCS27,2952,1785843217,13.0,3.166227,101.69014,0.0
SCS24,2955,1785843231,114.0,5.92747,100.463326,0.0
SCS10,weekday_2049,1785843221,25.0,3.01929,101.71813,0.0
SCS24,2955,1785843291,114.0,5.910648,100.4698,0.0
SCS13,weekday_2178,1785843239,0.0,3.001738,101.39085,0.0
SCS29,weekday_2162,1785843239,115.0,3.365795,101.598145,0.0
SCS10,weekday_2049,1785843236,22.0,3.018457,101.718834,0.0
SCS10,weekday_2049,1785843341,42.0,3.008355,101.72637,0.0
SCS27,2952,1785843322,38.0,3.161133,101.69224,0.0
SCS24,2955,1785843336,115.0,5.897998,100.47465,0.0
DMU05,58,1785843300,0.0,5.530308,102.20312,0.0
SCS19,weekday_2165,1785843288,0.0,3.043142,101.45026,0.0
SCS17,weekday_2174,1785843337,0.0,3.084615,101.588295,0.0
SCS07,weekday_2054,1785843332,0.0,3.140165,101.69384,0.0
SCS10,weekday_2049,1785843401,11.0,3.005603,101.72784,0.0
SCS17,weekday_2174,1785843397,0.0,3.084615,101.588295,0.0
SCS27,2952,1785843397,5.0,3.154873,101.69331,0.0
SCS24,2955,1785843381,114.0,5.88484,100.477005,0.0
DMU05,58,1785843375,9.0,5.530923,102.20267,0.0
SCS13,weekday_2178,1785843374,23.0,3.00892,101.39791,0.0
SCS24,2955,1785843411,114.0,5.875837,100.477,0.0
SCS07,weekday_2054,1785843422,12.0,3.14173,101.69405,0.0
SCS19,weekday_2165,1785843393,0.0,3.043142,101.45026,0.0
SCS13,weekday_2178,1785843404,32.0,3.010585,101.39972,0.0
SCS29,weekday_2162,1785843404,90.0,3.38042,101.61874,0.0
DMU09,60,1785843450,31.0,5.28478,102.00618,0.0
DMU05,58,1785843450,52.0,5.535973,102.2004,0.0
SCS27,2952,1785843427,0.0,3.15482,101.69326,0.0
SCS17,weekday_2174,1785843427,0.0,3.084615,101.588295,0.0
SCS13,weekday_2178,1785843494,20.0,3.013327,101.40252,0.0
DMU09,60,1785843465,34.0,5.2862,102.00614,0.0
SCS17,weekday_2174,1785843502,0.0,3.084548,101.58836,0.0
DMU05,58,1785843465,57.0,5.538123,102.19941,0.0
SCS24,2955,1785843531,112.0,5.839842,100.47692,0.0
SCS19,weekday_2165,1785843453,0.0,3.043142,101.45026,0.0
SCS27,2952,1785843517,0.0,3.154818,101.69336,0.0
SCS10,weekday_2049,1785843506,18.0,3.00356,101.73327,0.0
SCS24,2955,1785843546,108.0,5.835498,100.47711,0.0
SCS07,weekday_2054,1785843572,6.0,3.15466,101.69305,0.0
SCS10,weekday_2049,1785843566,67.0,2.999152,101.737785,0.0
DMU09,60,1785843555,20.0,5.2911,102.006676,0.0
SCS29,weekday_2162,1785843554,99.0,3.419987,101.624695,0.0
SCS13,weekday_2178,1785843554,37.0,3.017635,101.407234,0.0
SCS27,2952,1785843547,12.0,3.154352,101.69296,0.0
SCS17,weekday_2174,1785843547,0.0,3.084548,101.58836,0.0
SCS10,weekday_2049,1785843596,79.0,2.994865,101.74223,0.0
DMU09,60,1785843630,29.0,5.289553,102.01303,0.0
SCS19,weekday_2165,1785843603,18.0,3.04396,101.448006,0.0
SCS07,weekday_2054,1785843602,0.0,3.154775,101.69328,0.0
SCS29,weekday_2162,1785843599,113.0,3.430418,101.63077,0.0
SCS27,2952,1785843592,22.0,3.151575,101.69104,0.0
SCS24,2955,1785843591,37.0,5.827107,100.4778,0.0
DMU05,58,1785843600,74.0,5.561807,102.19072,0.0
SCS13,weekday_2178,1785843584,25.0,3.019973,101.40974,0.0
SCS19,weekday_2165,1785843648,0.0,3.045138,101.44616,0.0
DMU05,58,1785843660,79.0,5.572823,102.186,0.0
SCS10,weekday_2049,1785843701,66.0,2.990702,101.761955,0.0
SCS07,weekday_2054,1785843662,42.0,3.159182,101.692894,0.0
SCS17,weekday_2174,1785843637,8.0,3.084568,101.58931,0.0
SCS27,2952,1785843637,24.0,3.14847,101.69072,0.0
SCS24,2955,1785843696,58.0,5.822948,100.478134,0.0
DMU05,58,1785843750,61.0,5.588003,102.18093,0.0
SCS10,weekday_2049,1785843731,66.0,2.992993,101.7666,0.0
SCS07,weekday_2054,1785843752,0.0,3.165905,101.69027,0.0
SCS24,2955,1785843741,102.0,5.812455,100.47901,0.0
DMU09,60,1785843705,32.0,5.294233,102.018875,0.0
SCS29,weekday_2166,1785843794,0.0,3.468985,101.63776,0.0
SCS13,weekday_2178,1785843824,59.0,3.037237,101.4283,0.0
SCS10,weekday_2049,1785843821,65.0,2.993048,101.781136,0.0
SCS07,weekday_2054,1785843797,0.0,3.166012,101.69025,0.0
SCS17,weekday_2174,1785843818,0.0,3.084173,101.59352,0.0
SCS27,2952,1785843817,0.0,3.140442,101.694084,0.0
DMU05,58,1785843810,51.0,5.595242,102.176384,0.0
DMU09,60,1785843810,0.0,5.300343,102.02033,0.0
SCS24,2955,1785843801,114.0,5.795535,100.483055,0.0
SCS17,weekday_2174,1785843848,9.0,3.084275,101.59283,0.0
SCS10,weekday_2049,1785843881,25.0,2.98975,101.78885,0.0
SCS27,2952,1785843877,0.0,3.140442,101.694084,0.0
SCS24,2955,1785843876,116.0,5.774752,100.49235,0.0
DMU05,58,1785843855,22.0,5.600175,102.175575,0.0
SCS07,weekday_2054,1785843872,13.0,3.167577,101.68786,0.0
SCS13,weekday_2178,1785843839,58.0,3.038935,101.43012,0.0
DMU09,60,1785843885,24.0,5.301733,102.02146,0.0
SCS29,weekday_2166,1785843884,113.0,3.48568,101.63848,0.0
DMU05,58,1785843885,10.0,5.60145,102.1751,0.0
SCS27,2952,1785843952,4.0,3.139795,101.69385,0.0
SCS24,2955,1785843951,118.0,5.753703,100.501854,0.0
SCS29,weekday_2166,1785843884,113.0,3.48568,101.63848,0.0
SCS10,weekday_2049,1785843926,12.0,2.987798,101.790405,0.0
SCS26,weekday_2059,1785843934,0.0,3.237118,101.68121,0.0
DMU09,60,1785843900,29.0,5.302765,102.02204,0.0
SCS17,weekday_2174,1785843938,0.0,3.084607,101.58924,0.0
SCS13,weekday_2178,1785843914,0.0,3.039947,101.4312,0.0
SCS29,weekday_2166,1785843944,39.0,3.499377,101.63431,0.0
SCS27,2952,1785843997,14.0,3.137553,101.69257,0.0
SCS10,weekday_2049,1785844001,13.0,2.984103,101.79058,0.0
SCS24,2955,1785843996,114.0,5.741063,100.50689,0.0
DMU09,60,1785843960,42.0,5.309397,102.02146,0.0
SCS07,weekday_2054,1785843947,18.0,3.171223,101.68495,0.0
SCS17,weekday_2174,1785843998,0.0,3.084548,101.58918,0.0
SCS17,weekday_2174,1785844043,0.0,3.084548,101.58918,0.0
SCS27,2952,1785844042,14.0,3.136528,101.690674,0.0
DMU05,58,1785844050,68.0,5.622323,102.16519,0.0
SCS24,2955,1785844026,114.0,5.732658,100.51013,0.0
SCS26,weekday_2059,1785844039,50.0,3.232962,101.67761,0.0
SCS29,weekday_2166,1785844034,7.0,3.500945,101.634094,0.0
SCS13,weekday_2178,1785844034,51.0,3.046738,101.43996,0.0
SCS10,weekday_2049,1785844031,0.0,2.983643,101.79059,0.0
DMU09,60,1785844020,51.0,5.317492,102.02034,0.0
DMU09,60,1785844125,59.0,5.333323,102.01688,0.0
SCS13,weekday_2178,1785844079,26.0,3.045772,101.445305,0.0
SCS07,weekday_2054,1785844134,0.0,3.182687,101.68861,0.0
SCS17,weekday_2174,1785844133,0.0,3.084582,101.58926,0.0
SCS27,2952,1785844132,0.0,3.134808,101.68814,0.0
SCS29,weekday_2166,1785844124,99.0,3.518282,101.6287,0.0
SCS26,weekday_2059,1785844114,56.0,3.221142,101.67252,0.0
SCS10,weekday_2049,1785844106,15.0,2.982442,101.79053,0.0
SCS24,2955,1785844101,114.0,5.711043,100.51254,0.0
DMU05,58,1785844065,64.0,5.624895,102.164635,0.0
SCS10,weekday_2049,1785844181,15.0,2.978302,101.79048,0.0
SCS13,weekday_2178,1785844154,23.0,3.043963,101.448006,0.0
DMU05,58,1785844155,76.0,5.642017,102.15954,0.0
DMU09,60,1785844155,52.0,5.337578,102.01532,0.0
SCS29,weekday_2166,1785844154,97.0,3.52607,101.629684,0.0
SCS07,weekday_2054,1785844194,45.0,3.184542,101.689445,0.0
SCS17,weekday_2174,1785844193,0.0,3.084582,101.58926,0.0
SCS27,2952,1785844192,0.0,3.134808,101.68814,0.0
SCS24,2955,1785844191,113.0,5.686578,100.501976,0.0
SCS13,weekday_2178,1785844214,0.0,3.043172,101.450294,0.0
SCS07,weekday_2054,1785844209,43.0,3.186307,101.69004,0.0
SCS10,weekday_2049,1785844196,21.0,2.977398,101.79046,0.0
SCS24,2955,1785844206,115.0,5.682857,100.49945,0.0
SCS27,2952,1785844237,32.0,3.130733,101.68209,0.0
SCS29,weekday_2166,1785844214,97.0,3.540088,101.63556,0.0
SCS17,weekday_2174,1785844238,0.0,3.084508,101.5892,0.0
DMU05,58,1785844215,77.0,5.654298,102.15747,0.0
DMU09,60,1785844200,56.0,5.343787,102.01294,0.0
SCS26,weekday_2059,1785844189,0.0,3.213848,101.672104,0.0
DMU05,58,1785844305,78.0,5.672798,102.15702,0.0
DMU09,60,1785844275,59.0,5.355363,102.00933,0.0
SCS07,weekday_2054,1785844284,43.0,3.194138,101.68471,0.0
SCS17,weekday_2174,1785844268,0.0,3.084508,101.5892,0.0
SCS27,2952,1785844297,22.0,3.127683,101.679726,0.0
SCS29,weekday_2166,1785844259,74.0,3.550013,101.63977,0.0
SCS24,2955,1785844296,103.0,5.657677,100.49262,0.0
SCS13,weekday_2178,1785844289,10.0,3.043478,101.44941,0.0
SCS26,weekday_2059,1785844294,37.0,3.205603,101.67498,0.0
SCS24,2955,1785844341,62.0,5.647335,100.49087,0.0
DMU09,60,1785844335,53.0,5.364317,102.0079,0.0
SCS26,weekday_2059,1785844369,46.0,3.20351,101.67679,0.0
DMU05,58,1785844365,72.0,5.684365,102.153175,0.0
SCS29,weekday_2166,1785844364,33.0,3.554865,101.63924,0.0
SCS07,weekday_2054,1785844344,12.0,3.198578,101.680954,0.0
SCS17,weekday_2174,1785844343,14.0,3.084585,101.58993,0.0
SCS27,2952,1785844342,63.0,3.124282,101.67817,0.0
SCS13,weekday_2178,1785844319,14.0,3.043845,101.448265,0.0
SCS24,2955,1785844431,7.0,5.643502,100.490204,0.0
DMU09,60,1785844395,32.0,5.372278,102.0085,0.0
SCS07,weekday_2054,1785844389,0.0,3.198712,101.68084,0.0
SCS13,weekday_2178,1785844364,0.0,3.044692,101.44674,0.0
SCS26,weekday_2059,1785844414,23.0,3.198332,101.68119,0.0
SCS29,weekday_2166,1785844409,99.0,3.560603,101.63319,0.0
SCS10,weekday_2049,1785844413,21.0,2.962377,101.79193,0.0
SCS17,weekday_2174,1785844373,15.0,3.084435,101.59157,0.0
SCS27,2952,1785844402,0.0,3.119468,101.678825,0.0
SCS29,weekday_2166,1785844439,116.0,3.563943,101.62523,0.0
SCS13,weekday_2178,1785844424,0.0,3.044692,101.44674,0.0
SCS26,weekday_2059,1785844474,19.0,3.197438,101.68195,0.0
SCS10,weekday_2049,1785844473,59.0,2.953977,101.79134,0.0
SCS17,weekday_2174,1785844463,76.0,3.082815,101.600105,0.0
SCS07,weekday_2054,1785844464,40.0,3.202517,101.67757,0.0
SCS24,2955,1785844461,76.0,5.63939,100.489494,0.0
SCS27,2952,1785844462,0.0,3.119468,101.678825,0.0
DMU09,60,1785844440,13.0,5.374858,102.009346,0.0
DMU05,58,1785844440,48.0,5.696405,102.15201,0.0
SCS17,weekday_2174,1785844538,12.0,3.083267,101.61186,0.0
DMU09,60,1785844500,0.0,5.37694,102.01011,0.0
DMU05,58,1785844500,14.0,5.700717,102.151886,0.0
SCS29,weekday_2166,1785844499,101.0,3.575613,101.61361,0.0
SCS26,weekday_2059,1785844534,45.0,3.191747,101.68681,0.0
SCS10,weekday_2049,1785844533,44.0,2.949185,101.788895,0.0
SCS27,2952,1785844537,74.0,3.113818,101.68124,0.0
SCS24,2955,1785844551,116.0,5.615188,100.49699,0.0
SCS13,weekday_2178,1785844544,9.0,3.043322,101.44998,0.0
SCS07,weekday_2054,1785844539,0.0,3.205168,101.67531,0.0
SCS07,weekday_2054,1785844569,48.0,3.206065,101.6746,0.0
SCS17,weekday_2174,1785844568,0.0,3.083285,101.612,0.0
SCS27,2952,1785844567,87.0,3.112168,101.68791,0.0
DMU09,60,1785844560,0.0,5.376947,102.01011,0.0
SCS24,2955,1785844566,116.0,5.610672,100.49622,0.0
SCS10,weekday_2049,1785844593,42.0,2.941262,101.78644,0.0
SCS29,weekday_2166,1785844589,98.0,3.597793,101.602165,0.0
SCS13,weekday_2178,1785844574,0.0,3.043153,101.45031,0.0
SCS24,2955,1785844656,115.0,5.584088,100.49457,0.0
DMU09,60,1785844665,6.0,5.379063,102.01207,0.0
SCS26,weekday_2059,1785844654,13.0,3.182423,101.688705,0.0
SCS13,weekday_2178,1785844619,0.0,3.043153,101.45031,0.0
SCS17,weekday_2174,1785844598,63.0,3.083635,101.6144,0.0
SCS10,weekday_2049,1785844653,0.0,2.939887,101.7876,0.0
SCS29,weekday_2166,1785844649,112.0,3.606165,101.58871,0.0
SCS07,weekday_2054,1785844629,23.0,3.214235,101.67219,0.0
SCS27,2952,1785844627,60.0,3.103595,101.698814,0.0
DMU05,58,1785844620,13.0,5.703543,102.1519,0.0
SCS26,weekday_2059,1785844714,0.0,3.181538,101.688416,0.0
SCS17,weekday_2174,1785844688,9.0,3.084642,101.622734,0.0
DMU05,58,1785844710,45.0,5.70994,102.15338,0.0
SCS29,weekday_2166,1785844709,114.0,3.618402,101.57579,0.0
SCS24,2955,1785844716,113.0,5.566047,100.49754,0.0
SCS10,weekday_2049,1785844713,54.0,2.937923,101.79018,0.0
DMU09,60,1785844710,11.0,5.379525,102.01361,0.0
SCS13,weekday_2178,1785844709,0.0,3.043153,101.45031,0.0
SCS27,2952,1785844702,10.0,3.098663,101.70497,0.0
DMU09,60,1785844770,47.0,5.37884,102.018265,0.0
SCS27,2952,1785844762,0.0,3.0986,101.70507,0.0
SCS29,weekday_2166,1785844769,114.0,3.6313,101.563354,0.0
SCS26,weekday_2059,1785844759,12.0,3.180805,101.68821,0.0
SCS24,2955,1785844791,114.0,5.543935,100.50159,0.0
SCS10,weekday_2049,1785844773,66.0,2.929012,101.79393,0.0
SCS17,weekday_2174,1785844733,84.0,3.084975,101.62912,0.0
SCS07,weekday_2054,1785844779,36.0,3.230143,101.67404,0.0
DMU05,58,1785844770,79.0,5.719707,102.157104,0.0
SCS24,2955,1785844836,115.0,5.530902,100.50525,0.0
SCS07,weekday_2054,1785844824,36.0,3.232652,101.67721,0.0
SCS27,2952,1785844822,0.0,3.0986,101.70507,0.0
SCS26,weekday_2059,1785844834,19.0,3.17678,101.68592,0.0
SCS10,weekday_2049,1785844833,63.0,2.919625,101.79643,0.0
SCS17,weekday_2174,1785844823,71.0,3.083982,101.63553,0.0
DMU05,58,1785844815,78.0,5.728545,102.160515,0.0
SCS29,weekday_2166,1785844814,114.0,3.642518,101.55601,0.0
DMU09,60,1785844800,49.0,5.37537,102.02079,0.0
SCS24,2955,1785844896,114.0,5.513388,100.50642,0.0
DMU05,58,1785844890,78.0,5.743975,102.159065,0.0
SCS07,weekday_2054,1785844884,22.0,3.236838,101.68125,0.0
SCS17,weekday_2174,1785844883,91.0,3.081908,101.64963,0.0
SCS26,weekday_2059,1785844864,20.0,3.174883,101.6852,0.0
SCS10,weekday_2049,1785844863,60.0,2.914548,101.79657,0.0
SCS13,weekday_2178,1785844844,0.0,3.043153,101.45031,0.0
SCS27,2952,1785844897,0.0,3.0986,101.70507,0.0
SCS17,weekday_2174,1785844943,0.0,3.083667,101.65709,0.0
DMU09,60,1785844905,8.0,5.368823,102.02863,0.0
SCS27,2952,1785844942,0.0,3.0986,101.70507,0.0
DMU05,58,1785844920,79.0,5.750202,102.15728,0.0
SCS07,weekday_2054,1785844899,11.0,3.237475,101.68119,0.0
SCS24,2955,1785844941,113.0,5.500367,100.50292,0.0
SCS29,weekday_2166,1785844964,63.0,3.675023,101.52797,0.0
SCS10,weekday_2049,1785844953,17.0,2.906777,101.791985,0.0
SCS27,2952,1785845002,0.0,3.0986,101.70507,0.0
SCS24,2955,1785845001,62.0,5.485193,100.498856,0.0
SCS13,weekday_2178,1785845009,20.0,3.040057,101.45335,0.0
DMU05,58,1785844965,66.0,5.758892,102.15504,0.0
SCS29,weekday_2166,1785845009,0.0,3.677577,101.52583,0.0
SCS17,weekday_2174,1785845003,14.0,3.084375,101.65906,0.0
SCS27,2952,1785845077,0.0,3.0986,101.70507,0.0
SCS13,weekday_2178,1785845054,59.0,3.036563,101.45597,0.0
SCS26,weekday_2059,1785845088,0.0,3.16515,101.691185,0.0
DMU05,58,1785845085,71.0,5.767537,102.13978,0.0
DMU09,60,1785845085,10.0,5.376478,102.03117,0.0
SCS29,weekday_2166,1785845084,27.0,3.679758,101.52353,0.0
SCS17,weekday_2174,1785845063,20.0,3.085715,101.662605,0.0
SCS10,weekday_2049,1785845058,0.0,2.904872,101.78695,0.0
SCS24,2955,1785845016,26.0,5.48338,100.49835,0.0
SCS17,weekday_2174,1785845093,17.0,3.086442,101.6645,0.0
SCS27,2952,1785845092,0.0,3.0986,101.70507,0.0
DMU09,60,1785845085,10.0,5.376478,102.03117,0.0
SCS24,2955,1785845121,104.0,5.47399,100.49604,0.0
SCS29,weekday_2166,1785845129,26.0,3.68201,101.52114,0.0
SCS13,weekday_2178,1785845099,70.0,3.033863,101.4637,0.0
SCS10,weekday_2049,1785845133,56.0,2.903023,101.78589,0.0
SCS26,weekday_2059,1785845133,36.0,3.163565,101.692,0.0
EMU28,2959,1785845125,0.0,6.663062,100.32007,0.0
DMU05,58,1785845115,73.0,5.772965,102.1409,0.0
SCS24,2955,1785845196,114.0,5.451982,100.49311,0.0
EMU28,2959,1785845185,37.0,6.660428,100.317245,0.0
SCS27,2952,1785845212,0.0,3.0986,101.70507,0.0
SCS10,weekday_2049,1785845193,107.0,2.893888,101.79196,0.0
DMU05,58,1785845160,82.0,5.781468,102.143616,0.0
SCS17,weekday_2174,1785845198,14.0,3.087442,101.66761,0.0
SCS26,weekday_2059,1785845163,46.0,3.159723,101.69277,0.0
SCS24,2955,1785845256,115.0,5.434648,100.48825,0.0
EMU28,2959,1785845245,39.0,6.656453,100.31142,0.0
SCS17,weekday_2174,1785845243,37.0,3.089868,101.66972,0.0
SCS26,weekday_2059,1785845208,23.0,3.154333,101.69287,0.0
DMU05,58,1785845265,51.0,5.80106,102.14605,0.0
SCS29,weekday_2166,1785845264,0.0,3.684795,101.51799,0.0
SCS13,weekday_2178,1785845234,61.0,3.041278,101.472946,0.0
SCS10,weekday_2049,1785845223,92.0,2.888932,101.798096,0.0
DMU09,60,1785845220,11.0,5.381207,102.03485,0.0
SCS27,2952,1785845257,0.0,3.0986,101.70507,0.0
EMU28,2959,1785845290,50.0,6.653277,100.30686,0.0
SCS26,weekday_2059,1785845313,42.0,3.148563,101.690735,0.0
DMU05,58,1785845280,36.0,5.80289,102.1463,0.0
SCS13,weekday_2178,1785845279,55.0,3.048143,101.47348,0.0
SCS17,weekday_2174,1785845273,42.0,3.09345,101.66953,0.0
SCS27,2952,1785845317,0.0,3.0986,101.70507,0.0
SCS24,2955,1785845316,113.0,5.419605,100.47856,0.0
SCS29,weekday_2166,1785845264,0.0,3.684795,101.51799,0.0
SCS10,weekday_2049,1785845298,46.0,2.882783,101.810776,0.0
SCS27,2952,1785845362,0.0,3.0986,101.70507,0.0
SCS24,2955,1785845361,116.0,5.406998,100.47333,0.0
SCS26,weekday_2059,1785845343,11.0,3.146107,101.69154,0.0
EMU28,2959,1785845380,114.0,6.642408,100.288025,0.0
SCS17,weekday_2174,1785845378,64.0,3.101595,101.67165,0.0
SCS13,weekday_2178,1785845369,32.0,3.052572,101.48638,0.0
DMU05,58,1785845355,5.0,5.80641,102.146545,0.0
SCS10,weekday_2049,1785845328,48.0,2.880218,101.81389,0.0
SCS10,weekday_2049,1785845433,15.0,2.872315,101.81781,0.0
DMU05,58,1785845430,3.0,5.806362,102.14657,0.0
SCS13,weekday_2178,1785845429,30.0,3.052435,101.49088,0.0
EMU28,2959,1785845440,112.0,6.631722,100.27367,0.0
SCS17,weekday_2174,1785845393,62.0,3.104048,101.67236,0.0
SCS27,2952,1785845422,0.0,3.0986,101.70507,0.0
SCS26,weekday_2059,1785845388,21.0,3.144277,101.69308,0.0
SCS24,2955,1785845406,113.0,5.39346,100.471146,0.0
SCS27,2952,1785845512,0.0,3.0986,101.70507,0.0
SCS24,2955,1785845511,57.0,5.364568,100.467514,0.0
SCS17,weekday_2174,1785845498,0.0,3.113922,101.67303,0.0
SCS10,weekday_2049,1785845493,54.0,2.86502,101.819214,0.0
DMU05,58,1785845475,10.0,5.805885,102.14652,0.0
SCS26,weekday_2059,1785845508,0.0,3.139078,101.69358,0.0
EMU28,2959,1785845470,113.0,6.625623,100.26722,0.0
SCS13,weekday_2178,1785845459,0.0,3.052442,101.4923,0.0
SCS13,weekday_2178,1785845549,19.0,3.0523,101.496124,0.0
SCS10,weekday_2049,1785845538,27.0,2.861503,101.81996,0.0
SCS26,weekday_2059,1785845538,14.0,3.138317,101.69323,0.0
SCS27,2952,1785845572,0.0,3.0986,101.70507,0.0
SCS24,2955,1785845571,43.0,5.357832,100.46645,0.0
DMU09,60,1785845550,42.0,5.39301,102.05405,0.0
DMU05,58,1785845550,0.0,5.803062,102.14627,0.0
EMU28,2959,1785845530,116.0,6.608185,100.26351,0.0
SCS17,weekday_2174,1785845558,19.0,3.119457,101.67364,0.0
SCS17,weekday_2174,1785845618,34.0,3.120483,101.67433,0.0
DMU05,58,1785845610,4.0,5.803062,102.14627,0.0
EMU28,2959,1785845560,112.0,6.599228,100.26324,0.0
SCS27,2952,1785845617,0.0,3.0986,101.70507,0.0
SCS24,2955,1785845616,45.0,5.359423,100.46199,0.0
DMU09,60,1785845595,40.0,5.391647,102.058685,0.0
SCS10,weekday_2049,1785845628,72.0,2.844095,101.824974,0.0
SCS26,weekday_2059,1785845628,25.0,3.135462,101.688835,0.0
SCS13,weekday_2178,1785845609,52.0,3.051748,101.50204,0.0
DMU09,60,1785845655,13.0,5.39034,102.064804,0.0
SCS24,2955,1785845676,71.0,5.365143,100.455345,0.0
SCS13,weekday_2178,1785845654,92.0,3.052268,101.5114,0.0
DMU05,58,1785845685,11.0,5.805402,102.14656,0.0
EMU28,2959,1785845650,116.0,6.573163,100.259674,0.0
SCS17,weekday_2174,1785845678,15.0,3.123448,101.677124,0.0
SCS27,2952,1785845677,0.0,3.0986,101.70507,0.0
SCS26,weekday_2059,1785845658,0.0,3.134717,101.68824,0.0
SCS10,weekday_2049,1785845658,32.0,2.840222,101.8279,0.0
SCS26,weekday_2059,1785845733,0.0,3.134717,101.68824,0.0
SCS10,weekday_2049,1785845733,25.0,2.834735,101.82769,0.0
SCS13,weekday_2178,1785845729,13.0,3.056293,101.523834,0.0
EMU28,2959,1785845710,112.0,6.555072,100.25964,0.0
DMU09,60,1785845715,23.0,5.390275,102.06583,0.0
DMU05,58,1785845715,0.0,5.806335,102.146675,0.0
SCS24,2955,1785845751,0.0,5.366203,100.44848,0.0
SCS27,2952,1785845737,0.0,3.0986,101.70507,0.0
SCS17,weekday_2174,1785845693,23.0,3.124147,101.6777,0.0
DMU09,60,1785845805,37.0,5.390022,102.07476,0.0
DMU05,58,1785845805,0.0,5.806335,102.146675,0.0
SCS24,2955,1785845796,37.0,5.366428,100.44689,0.0
SCS10,weekday_2049,1785845793,3.0,2.83114,101.827034,0.0
SCS26,weekday_2059,1785845793,0.0,3.134717,101.68824,0.0
SCS13,weekday_2178,1785845774,0.0,3.056623,101.52438,0.0
EMU28,2959,1785845740,110.0,6.546302,100.25998,0.0
SCS27,2952,1785845782,0.0,3.0986,101.70507,0.0
EMU28,2959,1785845845,4.0,6.523963,100.25697,0.0
DMU05,58,1785845865,0.0,5.806335,102.146675,0.0
DMU09,60,1785845865,61.0,5.383637,102.079636,0.0
SCS24,2955,1785845856,93.0,5.363865,100.43464,0.0
SCS13,weekday_2178,1785845819,50.0,3.057647,101.528366,0.0
SCS17,weekday_2174,1785845845,0.0,3.129022,101.680725,0.0
SCS27,2952,1785845842,0.0,3.0986,101.70507,0.0
SCS10,weekday_2049,1785845868,0.0,2.831105,101.82703,0.0
SCS26,weekday_2059,1785845853,0.0,3.134717,101.68824,0.0
SCS27,2952,1785845887,5.0,3.098803,101.7048,0.0
SCS10,weekday_2049,1785845913,0.0,2.831105,101.82703,0.0
DMU05,58,1785845910,0.0,5.806335,102.146675,0.0
DMU09,60,1785845925,19.0,5.376985,102.082664,0.0
SCS24,2955,1785845931,24.0,5.364087,100.42249,0.0
EMU28,2959,1785845920,66.0,6.519897,100.25627,0.0
SCS13,weekday_2178,1785845879,79.0,3.061095,101.54004,0.0
SCS17,weekday_2174,1785845920,0.0,3.129002,101.680695,0.0
SCS26,weekday_2059,1785845913,23.0,3.129097,101.68071,0.0
DMU05,58,1785845985,0.0,5.806335,102.146675,0.0
DMU09,60,1785845985,12.0,5.373992,102.08419,0.0
SCS17,weekday_2174,1785845980,0.0,3.129002,101.680695,0.0
SCS27,2952,1785845992,18.0,3.100988,101.701935,0.0
EMU28,2959,1785845977,108.0,6.5054,100.253784,0.0
SCS24,2955,1785845991,25.0,5.364507,100.42143,0.0
SCS10,weekday_2049,1785845973,0.0,2.831105,101.82703,0.0
SCS26,weekday_2059,1785845973,0.0,3.127628,101.67948,0.0
SCS13,weekday_2178,1785845954,60.0,3.070228,101.55094,0.0
SCS27,2952,1785846052,30.0,3.103397,101.698975,0.0
SCS13,weekday_2178,1785846014,25.0,3.074358,101.55647,0.0
SCS24,2955,1785846051,97.0,5.368973,100.4099,0.0
SCS17,weekday_2174,1785846040,12.0,3.130475,101.68197,0.0
SCS10,weekday_2049,1785846018,0.0,2.831105,101.82703,0.0
DMU05,58,1785846045,0.0,5.806335,102.146675,0.0
DMU09,60,1785846045,5.0,5.371977,102.08532,0.0
SCS26,weekday_2059,1785846018,0.0,3.127628,101.67948,0.0
EMU28,2959,1785846052,113.0,6.483737,100.25365,0.0
SCS10,weekday_2049,1785846078,0.0,2.831105,101.82703,0.0
SCS17,weekday_2174,1785846100,0.0,3.132263,101.68326,0.0
DMU09,60,1785846090,0.0,5.37193,102.08534,0.0
SCS26,weekday_2059,1785846078,0.0,3.12756,101.6794,0.0
EMU28,2959,1785846097,110.0,6.470553,100.255005,0.0
SCS27,2952,1785846097,43.0,3.106345,101.695274,0.0
SCS24,2955,1785846096,95.0,5.3737,100.399574,0.0
SCS27,2952,1785846172,41.0,3.111382,101.68895,0.0
EMU28,2959,1785846172,110.0,6.4498,100.262184,0.0
SCS24,2955,1785846171,79.0,5.382382,100.383156,0.0
SCS13,weekday_2178,1785846134,23.0,3.07688,101.56208,0.0
SCS17,weekday_2174,1785846160,0.0,3.132263,101.68326,0.0
DMU09,60,1785846150,6.0,5.37072,102.08597,0.0
DMU05,58,1785846150,0.0,5.806335,102.146675,0.0
SCS26,weekday_2059,1785846138,12.0,3.127208,101.67916,0.0
SCS10,weekday_2049,1785846138,0.0,2.831105,101.82703,0.0
EMU28,2959,1785846217,90.0,6.437667,100.26635,0.0
SCS27,2952,1785846217,40.0,3.112652,101.68387,0.0
SCS24,2955,1785846216,39.0,5.385598,100.37707,0.0
DMU05,58,1785846210,0.0,5.806335,102.146675,0.0
DMU09,60,1785846210,30.0,5.368195,102.087395,0.0
SCS17,weekday_2174,1785846220,0.0,3.132263,101.68326,0.0
SCS13,weekday_2178,1785846209,47.0,3.07613,101.56876,0.0
SCS26,weekday_2059,1785846168,20.0,3.125687,101.678474,0.0
SCS10,weekday_2049,1785846168,0.0,2.831105,101.82703,0.0
SCS26,weekday_2059,1785846288,5.0,3.118557,101.67888,0.0
SCS17,weekday_2174,1785846280,0.0,3.132263,101.68326,0.0
SCS10,weekday_2049,1785846273,0.0,2.831105,101.82703,0.0
SCS13,weekday_2178,1785846254,57.0,3.080657,101.57295,0.0
SCS27,2952,1785846277,0.0,3.113872,101.681015,0.0
DMU05,58,1785846285,0.0,5.806335,102.146675,0.0
EMU28,2959,1785846277,0.0,6.431928,100.2684,0.0
DMU09,60,1785846270,16.0,5.363652,102.09042,0.0
SCS24,2955,1785846276,4.0,5.387215,100.37369,0.0
SCS24,2955,1785846351,20.0,5.389987,100.37065,0.0
SCS26,weekday_2059,1785846333,0.0,3.1183,101.67894,0.0
DMU05,58,1785846345,0.0,5.806335,102.146675,0.0
DMU09,60,1785846330,20.0,5.362678,102.09306,0.0
SCS17,weekday_2174,1785846340,0.0,3.132263,101.68326,0.0
SCS10,weekday_2049,1785846318,0.0,2.831105,101.82703,0.0
EMU28,2959,1785846352,88.0,6.425137,100.27068,0.0
SCS13,weekday_2178,1785846299,50.0,3.081882,101.579636,0.0
SCS27,2952,1785846352,3.0,3.113872,101.681015,0.0
SCS13,weekday_2178,1785846374,11.0,3.08412,101.584816,0.0
DMU05,58,1785846405,0.0,5.806335,102.146675,0.0
DMU09,60,1785846405,54.0,5.359827,102.10227,0.0
SCS17,weekday_2174,1785846385,0.0,3.132263,101.68326,0.0
SCS26,weekday_2059,1785846378,0.0,3.1183,101.67894,0.0
SCS10,weekday_2049,1785846378,0.0,2.831105,101.82703,0.0
SCS27,2952,1785846412,20.0,3.115805,101.67975,0.0
EMU28,2959,1785846412,112.0,6.408907,100.276276,0.0
SCS24,2955,1785846411,15.0,5.392097,100.36795,0.0
SCS27,2952,1785846457,7.0,3.118723,101.67896,0.0
SCS24,2955,1785846456,0.0,5.392438,100.36749,0.0
SCS13,weekday_2178,1785846449,0.0,3.084832,101.58779,0.0
DMU05,58,1785846465,0.0,5.806335,102.146675,0.0
SCS26,weekday_2059,1785846408,51.0,3.116165,101.679504,0.0
SCS10,weekday_2049,1785846408,0.0,2.831105,101.82703,0.0
SCS17,weekday_2174,1785846460,0.0,3.132263,101.68326,0.0
DMU09,60,1785846450,43.0,5.357503,102.10804,0.0
EMU28,2959,1785846457,116.0,6.397405,100.28292,0.0
EMU28,2959,1785846517,113.0,6.382845,100.2938,0.0
SCS27,2952,1785846517,0.0,3.11906,101.67881,0.0
SCS24,2955,1785846516,0.0,5.392438,100.36749,0.0
SCS10,weekday_2049,1785846468,0.0,2.831105,101.82703,0.0
SCS13,weekday_2178,1785846509,0.0,3.08477,101.587875,0.0
SCS17,weekday_2174,1785846520,0.0,3.132263,101.68326,0.0
DMU05,58,1785846525,0.0,5.806335,102.146675,0.0
DMU09,60,1785846525,54.0,5.350858,102.11657,0.0
SCS26,weekday_2059,1785846483,44.0,3.110182,101.69051,0.0
DMU05,58,1785846585,0.0,5.806335,102.146675,0.0
SCS13,weekday_2178,1785846584,0.0,3.084678,101.58808,0.0
SCS17,weekday_2174,1785846580,12.0,3.137268,101.692024,0.0
SCS24,2955,1785846576,0.0,5.392438,100.36749,0.0
SCS10,weekday_2049,1785846573,0.0,2.831105,101.82703,0.0
DMU09,60,1785846555,55.0,5.34678,102.11748,0.0
SCS26,weekday_2059,1785846573,65.0,3.103538,101.69876,0.0
EMU28,2959,1785846547,87.0,6.376215,100.29874,0.0
SCS27,2952,1785846562,13.0,3.120035,101.67869,0.0
SCS13,weekday_2178,1785846614,0.0,3.084623,101.588165,0.0
DMU05,58,1785846645,0.0,5.806335,102.146675,0.0
DMU09,60,1785846645,48.0,5.335195,102.11938,0.0
SCS17,weekday_2174,1785846640,8.0,3.139862,101.69367,0.0
SCS27,2952,1785846637,17.0,3.123408,101.67806,0.0
EMU28,2959,1785846637,8.0,6.370795,100.302826,0.0
SCS24,2955,1785846636,0.0,5.392438,100.36749,0.0
SCS10,weekday_2049,1785846618,0.0,2.831105,101.82703,0.0
SCS26,weekday_2059,1785846633,29.0,3.099463,101.70384,0.0
SCS13,weekday_2178,1785846674,15.0,3.084627,101.588745,0.0
SCS26,weekday_2059,1785846678,0.0,3.097768,101.706024,0.0
DMU05,58,1785846690,0.0,5.806335,102.146675,0.0
SCS17,weekday_2174,1785846700,14.0,3.140558,101.693886,0.0
EMU28,2959,1785846697,100.0,6.362648,100.30888,0.0
SCS27,2952,1785846697,21.0,3.127143,101.679245,0.0
SCS24,2955,1785846696,0.0,5.392438,100.36749,0.0
DMU09,60,1785846690,22.0,5.330897,102.12084,0.0
SCS10,weekday_2049,1785846678,0.0,2.831105,101.82703,0.0
SCS17,weekday_2174,1785846745,18.0,3.143145,101.69372,0.0
DMU09,60,1785846720,4.0,5.329515,102.12167,0.0
DMU05,58,1785846765,0.0,5.806335,102.146675,0.0
SCS13,weekday_2178,1785846719,35.0,3.084398,101.59251,0.0
SCS24,2955,1785846756,0.0,5.392438,100.36749,0.0
SCS26,weekday_2059,1785846753,0.0,3.097768,101.706024,0.0
SCS10,weekday_2049,1785846753,0.0,2.831105,101.82703,0.0
EMU28,2959,1785846740,105.0,6.352913,100.31615,0.0
SCS27,2952,1785846757,15.0,3.129938,101.681564,0.0
SCS17,weekday_2174,1785846820,31.0,3.14724,101.69098,0.0
SCS27,2952,1785846772,14.0,3.130512,101.68206,0.0
EMU28,2959,1785846815,110.0,6.335355,100.329254,0.0
SCS13,weekday_2178,1785846809,33.0,3.08288,101.604614,0.0
SCS26,weekday_2059,1785846783,0.0,3.097768,101.706024,0.0
SCS10,weekday_2049,1785846783,20.0,2.830327,101.826805,0.0
SCS24,2955,1785846771,0.0,5.392438,100.36749,0.0
DMU09,60,1785846765,3.0,5.329268,102.121765,0.0
DMU05,58,1785846810,0.0,5.806335,102.146675,0.0
SCS10,weekday_2049,1785846873,89.0,2.823242,101.82122,0.0
SCS26,weekday_2059,1785846873,0.0,3.097768,101.706024,0.0
DMU05,58,1785846870,0.0,5.806335,102.146675,0.0
SCS17,weekday_2174,1785846880,30.0,3.153987,101.69259,0.0
DMU09,60,1785846825,30.0,5.325467,102.12378,0.0
SCS13,weekday_2178,1785846854,36.0,3.082962,101.60908,0.0
SCS26,weekday_2059,1785846933,0.0,3.097768,101.706024,0.0
EMU28,2959,1785846905,111.0,6.313843,100.34444,0.0
SCS10,weekday_2049,1785846918,80.0,2.815622,101.81445,0.0
SCS17,weekday_2174,1785846940,12.0,3.155042,101.693504,0.0
SCS24,2955,1785846936,0.0,5.392438,100.36749,0.0
SCS27,2952,1785846937,0.0,3.132133,101.6834,0.0
DMU05,58,1785846900,0.0,5.806335,102.146675,0.0
SCS13,weekday_2178,1785846944,2.0,3.083172,101.610855,0.0
SCS10,weekday_2049,1785846993,66.0,2.804373,101.8017,0.0
SCS26,weekday_2059,1785846993,0.0,3.097768,101.706024,0.0
SCS17,weekday_2174,1785846970,54.0,3.158202,101.69332,0.0
DMU05,58,1785846990,4.0,5.806492,102.14676,0.0
SCS13,weekday_2178,1785846989,38.0,3.08373,101.61452,0.0
SCS27,2952,1785846982,0.0,3.132133,101.6834,0.0
EMU28,2959,1785846965,111.0,6.29627,100.34816,0.0
SCS24,2955,1785846996,0.0,5.392438,100.36749,0.0
SCS17,weekday_2174,1785847045,0.0,3.165952,101.69036,0.0
SCS27,2952,1785847027,8.0,3.134735,101.68934,0.0
SCS10,weekday_2049,1785847038,0.0,2.80271,101.80016,0.0
SCS26,weekday_2059,1785847053,0.0,3.097768,101.706024,0.0
DMU05,58,1785847065,28.0,5.809828,102.147224,0.0
SCS13,weekday_2178,1785847049,12.0,3.084527,101.62121,0.0
SCS24,2955,1785847026,0.0,5.392438,100.36749,0.0
SCS24,2955,1785847116,0.0,5.392438,100.36749,0.0
SCS26,weekday_2059,1785847113,0.0,3.097768,101.706024,0.0
SCS27,weekday_2057,1785847117,11.0,3.137405,101.692245,0.0
SCS10,weekday_2049,1785847113,79.0,2.796638,101.796165,0.0
SCS13,weekday_2178,1785847094,0.0,3.084548,101.62132,0.0
SCS17,weekday_2174,1785847090,32.0,3.16648,101.689804,0.0
SCS27,2952,1785847057,2.0,3.136305,101.68986,0.0
EMU28,2959,1785847130,110.0,6.24916,100.35778,0.0
DMU05,58,1785847125,82.0,5.82017,102.14847,0.0
EMU28,2959,1785847167,110.0,6.238628,100.35993,0.0
SCS26,weekday_2059,1785847158,0.0,3.097768,101.706024,0.0
SCS10,weekday_2049,1785847158,110.0,2.785363,101.79898,0.0
DMU05,58,1785847155,83.0,5.82678,102.1493,0.0
SCS13,weekday_2178,1785847154,0.0,3.084548,101.62132,0.0
SCS27,weekday_2057,1785847192,8.0,3.139693,101.693756,0.0
SCS24,2955,1785847191,0.0,5.392438,100.36749,0.0
SCS17,weekday_2174,1785847180,64.0,3.17743,101.67951,0.0
DMU09,60,1785847155,19.0,5.31502,102.140755,0.0
SCS27,weekday_2057,1785847222,0.0,3.140028,101.69389,0.0
DMU05,58,1785847245,84.0,5.846793,102.15175,0.0
DMU09,60,1785847245,34.0,5.31005,102.14394,0.0
SCS24,2955,1785847236,0.0,5.392438,100.36749,0.0
SCS10,weekday_2049,1785847233,93.0,2.766307,101.80609,0.0
SCS13,weekday_2178,1785847229,51.0,3.08499,101.6255,0.0
EMU28,2959,1785847227,111.0,6.22174,100.36339,0.0
SCS26,weekday_2059,1785847233,0.0,3.097768,101.706024,0.0
SCS17,weekday_2174,1785847225,82.0,3.182515,101.67169,0.0
EMU28,2959,1785847272,116.0,6.20856,100.366066,0.0
SCS10,weekday_2049,1785847278,16.0,2.760633,101.81073,0.0
DMU05,58,1785847305,86.0,5.860503,102.15347,0.0
SCS13,weekday_2178,1785847304,0.0,3.084673,101.63154,0.0
SCS17,weekday_2174,1785847300,0.0,3.186837,101.66365,0.0
SCS26,weekday_2059,1785847293,0.0,3.097768,101.706024,0.0
DMU09,60,1785847290,46.0,5.306857,102.147934,0.0
SCS27,weekday_2057,1785847297,27.0,3.14455,101.693,0.0
SCS24,2955,1785847296,0.0,5.392438,100.36749,0.0
DMU09,60,1785847365,16.0,5.307748,102.156746,0.0
DMU05,58,1785847365,81.0,5.873463,102.15515,0.0
SCS13,weekday_2178,1785847334,19.0,3.0846,101.63199,0.0
SCS24,2955,1785847356,0.0,5.392438,100.36749,0.0
EMU28,2959,1785847317,109.0,6.195583,100.36873,0.0
SCS26,weekday_2059,1785847353,0.0,3.097768,101.706024,0.0
SCS10,weekday_2049,1785847353,22.0,2.758627,101.812805,0.0
SCS27,weekday_2057,1785847372,40.0,3.15305,101.69198,0.0
SCS17,weekday_2174,1785847360,69.0,3.18967,101.65972,0.0
DMU05,58,1785847380,82.0,5.876698,102.15557,0.0
SCS24,2955,1785847356,0.0,5.392438,100.36749,0.0
SCS17,weekday_2174,1785847420,0.0,3.192157,101.65461,0.0
SCS10,weekday_2049,1785847413,22.0,2.75684,101.81669,0.0
SCS26,weekday_2059,1785847413,0.0,3.097768,101.706024,0.0
SCS13,weekday_2178,1785847409,22.0,3.083768,101.63736,0.0
EMU28,2959,1785847407,0.0,6.183458,100.37477,0.0
DMU09,60,1785847380,0.0,5.307983,102.15712,0.0
SCS27,weekday_2057,1785847417,0.0,3.15474,101.6933,0.0
DMU05,58,1785847485,79.0,5.899318,102.15828,0.0
DMU09,60,1785847485,62.0,5.312248,102.16415,0.0
SCS27,weekday_2057,1785847477,75.0,3.161545,101.69213,0.0
SCS10,weekday_2049,1785847458,25.0,2.755962,101.81986,0.0
SCS13,weekday_2178,1785847469,19.0,3.08314,101.641464,0.0
SCS26,weekday_2059,1785847473,0.0,3.097768,101.706024,0.0
EMU28,2959,1785847482,81.0,6.177623,100.377846,0.0
SCS17,weekday_2174,1785847480,36.0,3.192555,101.65385,0.0
SCS26,weekday_2059,1785847548,0.0,3.097768,101.706024,0.0
SCS10,weekday_2049,1785847548,21.0,2.754422,101.82536,0.0
DMU05,58,1785847545,88.0,5.912627,102.15761,0.0
SCS07,weekday_2063,1785847543,18.0,3.237793,101.681206,0.0
EMU28,2959,1785847542,114.0,6.161175,100.37935,0.0
SCS17,weekday_2174,1785847540,51.0,3.1968,101.64427,0.0
SCS27,weekday_2057,1785847537,0.0,3.166092,101.6903,0.0
SCS13,weekday_2178,1785847529,26.0,3.082373,101.64608,0.0
DMU09,60,1785847530,28.0,5.313008,102.1687,0.0
SCS13,weekday_2178,1785847574,38.0,3.081993,101.65089,0.0
DMU05,58,1785847605,79.0,5.925473,102.15405,0.0
SCS07,weekday_2063,1785847603,90.0,3.230675,101.67464,0.0
EMU28,2959,1785847587,115.0,6.147448,100.380295,0.0
SCS17,weekday_2174,1785847600,37.0,3.200752,101.63914,0.0
SCS26,weekday_2059,1785847593,0.0,3.097768,101.706024,0.0
SCS10,weekday_2049,1785847593,0.0,2.754255,101.82609,0.0
SCS27,weekday_2057,1785847537,0.0,3.166092,101.6903,0.0
SCS13,weekday_2178,1785847649,0.0,3.08331,101.655846,0.0
EMU28,2959,1785847647,107.0,6.130417,100.37764,0.0
SCS07,weekday_2063,1785847648,70.0,3.221052,101.67251,0.0
SCS17,weekday_2174,1785847660,0.0,3.203178,101.636826,0.0
SCS26,weekday_2059,1785847653,0.0,3.097768,101.706024,0.0
SCS10,weekday_2049,1785847653,20.0,2.753393,101.829155,0.0
DMU05,58,1785847665,78.0,5.93795,102.15066,0.0
SCS10,weekday_2049,1785847713,30.0,2.75234,101.83276,0.0
SCS26,weekday_2059,1785847713,0.0,3.097768,101.706024,0.0
DMU05,58,1785847725,79.0,5.95052,102.14718,0.0
SCS13,weekday_2178,1785847724,26.0,3.08445,101.6591,0.0
SCS07,weekday_2063,1785847723,0.0,3.215107,101.67225,0.0
EMU28,2959,1785847722,40.0,6.114275,100.370316,0.0
SCS17,weekday_2174,1785847720,43.0,3.205975,101.63415,0.0
SCS07,weekday_2063,1785847783,22.0,3.214607,101.67227,0.0
SCS26,weekday_2059,1785847773,0.0,3.097768,101.706024,0.0
SCS13,weekday_2178,1785847769,26.0,3.085708,101.66248,0.0
SCS17,weekday_2174,1785847750,47.0,3.208338,101.63039,0.0
EMU28,2959,1785847752,0.0,6.113247,100.36981,0.0
SCS10,weekday_2049,1785847788,106.0,2.747565,101.849785,0.0
DMU05,58,1785847785,70.0,5.962187,102.14422,0.0
SCS10,weekday_2049,1785847803,104.0,2.746462,101.85373,0.0
SCS13,weekday_2178,1785847799,0.0,3.08625,101.66374,0.0
SCS26,weekday_2059,1785847833,0.0,3.097768,101.706024,0.0
SCS07,weekday_2063,1785847813,47.0,3.210847,101.67217,0.0
DMU05,58,1785847830,82.0,5.971713,102.143524,0.0
EMU28,2959,1785847827,71.0,6.108603,100.36773,0.0
SCS13,weekday_2178,1785847904,26.0,3.087732,101.66824,0.0
SCS10,weekday_2049,1785847863,60.0,2.742322,101.86847,0.0
SCS07,weekday_2063,1785847888,0.0,3.205485,101.67508,0.0
EMU28,2959,1785847887,117.0,6.094572,100.371666,0.0
SCS26,weekday_2059,1785847908,0.0,3.097768,101.706024,0.0
DMU05,58,1785847905,78.0,5.988138,102.142426,0.0
SCS13,weekday_2178,1785847964,34.0,3.093867,101.66957,0.0
DMU05,58,1785847950,76.0,5.997658,102.141815,0.0
SCS17,weekday_2174,1785847945,84.0,3.203273,101.613304,0.0
SCS07,weekday_2063,1785847963,43.0,3.203893,101.67667,0.0
EMU28,2959,1785847962,111.0,6.074748,100.382576,0.0
SCS10,weekday_2049,1785847953,33.0,2.7412,101.87242,0.0
SCS26,weekday_2059,1785847953,0.0,3.097768,101.706024,0.0
SCS07,weekday_2063,1785848023,13.0,3.198943,101.68069,0.0
EMU28,2959,1785848022,114.0,6.059455,100.391266,0.0
SCS10,weekday_2049,1785847998,52.0,2.739547,101.8783,0.0
SCS26,weekday_2059,1785847998,0.0,3.097768,101.706024,0.0
DMU05,58,1785848025,64.0,6.01208,102.14028,0.0
SCS13,weekday_2178,1785848009,0.0,3.095065,101.669876,0.0
SCS17,weekday_2174,1785848035,84.0,3.203273,101.613304,0.0
SCS13,weekday_2178,1785848084,79.0,3.10524,101.67271,0.0
SCS07,weekday_2063,1785848083,35.0,3.198165,101.68147,0.0
EMU28,2959,1785848092,113.0,6.040633,100.40191,0.0
SCS17,weekday_2174,1785848080,39.0,3.204402,101.583984,0.0
DMU05,58,1785848070,66.0,6.019868,102.14041,0.0
SCS26,weekday_2059,1785848073,0.0,3.097768,101.706024,0.0
SCS10,weekday_2049,1785848073,73.0,2.740775,101.892395,0.0
SCS26,weekday_2059,1785848133,0.0,3.097768,101.706024,0.0
SCS10,weekday_2049,1785848133,97.0,2.729668,101.89992,0.0
DMU05,58,1785848145,56.0,6.032558,102.13957,0.0
SCS17,weekday_2174,1785848140,0.0,3.206272,101.57975,0.0
EMU28,2959,1785848137,112.0,6.029398,100.40826,0.0
SCS13,weekday_2178,1785848144,12.0,3.112578,101.67352,0.0
SCS07,weekday_2063,1785848143,47.0,3.191833,101.68675,0.0
DMU09,60,1785848205,51.0,5.335358,102.214226,0.0
SCS13,weekday_2178,1785848204,10.0,3.113205,101.673256,0.0
DMU05,58,1785848190,15.0,6.036917,102.13953,0.0
SCS07,weekday_2063,1785848203,45.0,3.184895,101.689705,0.0
SCS26,weekday_2059,1785848193,0.0,3.097768,101.706024,0.0
SCS10,weekday_2049,1785848193,67.0,2.725443,101.91212,0.0
SCS17,weekday_2174,1785848200,19.0,3.20691,101.577805,0.0
EMU28,2959,1785848212,115.0,6.009817,100.41933,0.0
SCS07,weekday_2063,1785848263,0.0,3.182728,101.68892,0.0
SCS17,weekday_2174,1785848260,64.0,3.211733,101.57289,0.0
EMU28,2959,1785848272,113.0,5.994272,100.42811,0.0
SCS10,weekday_2049,1785848253,60.0,2.723272,101.92216,0.0
DMU09,60,1785848205,51.0,5.335358,102.214226,0.0
DMU05,58,1785848265,12.0,6.040127,102.14101,0.0
SCS13,weekday_2178,1785848264,20.0,3.118092,101.672874,0.0
SCS26,weekday_2059,1785848268,0.0,3.097768,101.706024,0.0
DMU09,60,1785848325,48.0,5.347453,102.22292,0.0
SCS13,weekday_2178,1785848324,0.0,3.117773,101.673454,0.0
SCS07,weekday_2063,1785848323,5.0,3.182758,101.68884,0.0
SCS17,weekday_2174,1785848305,82.0,3.218337,101.56705,0.0
EMU28,2959,1785848317,110.0,5.982727,100.434616,0.0
SCS10,weekday_2049,1785848313,64.0,2.721987,101.9315,0.0
SCS26,weekday_2059,1785848313,0.0,3.097768,101.706024,0.0
DMU05,58,1785848325,10.0,6.042645,102.14228,0.0
SCS13,weekday_2178,1785848384,16.0,3.12161,101.67502,0.0
SCS07,weekday_2063,1785848383,26.0,3.177448,101.68653,0.0
SCS17,weekday_2174,1785848350,97.0,3.22736,101.560814,0.0
DMU05,58,1785848370,0.0,6.042982,102.142334,0.0
DMU09,60,1785848385,52.0,5.355737,102.22526,0.0
EMU28,2959,1785848377,14.0,5.972538,100.440384,0.0
SCS10,weekday_2049,1785848373,33.0,2.720352,101.937294,0.0
SCS26,weekday_2059,1785848373,0.0,3.097768,101.706024,0.0
DMU09,60,1785848430,51.0,5.36263,102.22551,0.0
EMU28,2959,1785848437,28.0,5.971697,100.44084,0.0
DMU05,58,1785848445,0.0,6.042867,102.14244,0.0
SCS26,weekday_2059,1785848433,0.0,3.097768,101.706024,0.0
SCS10,weekday_2049,1785848418,0.0,2.719383,101.939735,0.0
SCS13,weekday_2178,1785848429,23.0,3.12331,101.67686,0.0
SCS07,weekday_2063,1785848443,24.0,3.173177,101.68479,0.0
SCS17,weekday_2174,1785848425,64.0,3.244517,101.56024,0.0
SCS13,weekday_2178,1785848444,19.0,3.124085,101.67758,0.0
DMU09,60,1785848505,29.0,5.371203,102.22881,0.0
DMU05,58,1785848505,0.0,6.042867,102.14244,0.0
SCS17,weekday_2174,1785848500,0.0,3.251152,101.55566,0.0
EMU28,2959,1785848512,108.0,5.958375,100.44837,0.0
SCS10,weekday_2049,1785848493,3.0,2.719287,101.9398,0.0
SCS07,weekday_2063,1785848443,24.0,3.173177,101.68479,0.0
SCS26,weekday_2059,1785848493,0.0,3.097768,101.706024,0.0
EMU28,2959,1785848557,112.0,5.94673,100.45495,0.0
SCS10,weekday_2049,1785848538,20.0,2.718067,101.9416,0.0
DMU09,60,1785848550,35.0,5.3736,102.23103,0.0
SCS26,weekday_2059,1785848538,0.0,3.097768,101.706024,0.0
SCS17,weekday_2174,1785848530,23.0,3.251772,101.55537,0.0
SCS13,weekday_2178,1785848570,5.0,3.130162,101.681206,0.0
DMU05,58,1785848565,0.0,6.04278,102.14238,0.0
SCS10,weekday_2049,1785848583,18.0,2.716472,101.94399,0.0
SCS26,weekday_2059,1785848568,0.0,3.097768,101.706024,0.0
SCS13,weekday_2178,1785848585,17.0,3.130588,101.68165,0.0
DMU09,60,1785848595,57.0,5.379177,102.23418,0.0
DMU05,58,1785848595,0.0,6.04278,102.14238,0.0
SCS17,weekday_2174,1785848590,25.0,3.257272,101.55461,0.0
EMU28,2959,1785848572,111.0,5.942862,100.45712,0.0
DMU09,60,1785848685,21.0,5.389043,102.23198,0.0
SCS26,weekday_2059,1785848673,0.0,3.097768,101.706024,0.0
SCS17,weekday_2174,1785848650,0.0,3.258768,101.55492,0.0
DMU05,58,1785848670,0.0,6.04278,102.14238,0.0
SCS13,weekday_2178,1785848690,0.0,3.13255,101.683365,0.0
SCS07,weekday_2063,1785848675,32.0,3.165473,101.69107,0.0
SCS10,weekday_2049,1785848673,31.0,2.713407,101.94853,0.0
EMU28,2959,1785848662,114.0,5.917893,100.466995,0.0
SCS13,weekday_2178,1785848750,0.0,3.13255,101.683365,0.0
SCS07,weekday_2063,1785848735,39.0,3.158527,101.69325,0.0
DMU09,60,1785848730,0.0,5.391563,102.232124,0.0
SCS17,weekday_2174,1785848740,73.0,3.268163,101.55942,0.0
SCS26,weekday_2059,1785848748,0.0,3.097768,101.706024,0.0
SCS10,weekday_2049,1785848748,68.0,2.705303,101.953575,0.0
DMU05,58,1785848745,0.0,6.042833,102.1425,0.0
EMU28,2959,1785848737,114.0,5.897473,100.474846,0.0
EMU28,2959,1785848782,111.0,5.884372,100.47698,0.0
DMU05,58,1785848805,0.0,6.042833,102.1425,0.0
SCS13,weekday_2178,1785848795,0.0,3.13255,101.683365,0.0
SCS10,weekday_2049,1785848793,81.0,2.699933,101.9619,0.0
DMU09,60,1785848790,17.0,5.392278,102.23212,0.0
SCS07,weekday_2063,1785848780,2.0,3.154958,101.69325,0.0
SCS26,weekday_2059,1785848793,0.0,3.097768,101.706024,0.0
SCS17,weekday_2174,1785848755,68.0,3.27096,101.560036,0.0
SCS13,weekday_2178,1785848840,0.0,3.13255,101.683365,0.0
SCS17,weekday_2174,1785848815,63.0,3.280192,101.565346,0.0
DMU09,60,1785848865,23.0,5.39707,102.23214,0.0
DMU05,58,1785848850,0.0,6.042833,102.1425,0.0
SCS07,weekday_2063,1785848840,0.0,3.154928,101.6932,0.0
EMU28,2959,1785848812,114.0,5.875485,100.47697,0.0
SCS10,weekday_2049,1785848853,44.0,2.693085,101.97082,0.0
SCS26,weekday_2059,1785848853,0.0,3.097768,101.706024,0.0
DMU09,60,1785848925,54.0,5.404373,102.23115,0.0
SCS10,weekday_2049,1785848898,0.0,2.691302,101.9715,0.0
SCS07,weekday_2063,1785848915,33.0,3.148263,101.69069,0.0
SCS26,weekday_2059,1785848913,0.0,3.097768,101.706024,0.0
SCS17,weekday_2174,1785848935,78.0,3.300828,101.5748,0.0
EMU28,2959,1785848932,108.0,5.84062,100.47689,0.0
SCS13,weekday_2178,1785848930,0.0,3.13255,101.683365,0.0
DMU05,58,1785848895,0.0,6.042922,102.142456,0.0
SCS07,weekday_2063,1785848975,23.0,3.144628,101.69279,0.0
SCS10,weekday_2049,1785848973,80.0,2.684712,101.974266,0.0
DMU05,58,1785848985,0.0,6.042922,102.142456,0.0
DMU09,60,1785848985,12.0,5.408188,102.231384,0.0
EMU28,2959,1785848980,70.0,5.82845,100.47766,0.0
SCS13,weekday_2178,1785848975,0.0,3.13255,101.683365,0.0
SCS17,weekday_2174,1785848965,73.0,3.307422,101.57498,0.0
SCS26,weekday_2059,1785848958,0.0,3.097768,101.706024,0.0
SCS07,weekday_2063,1785849035,10.0,3.141272,101.69428,0.0
EMU28,2959,1785849025,0.0,5.82489,100.47798,0.0
SCS26,weekday_2059,1785849018,0.0,3.097768,101.706024,0.0
SCS10,weekday_2049,1785849018,78.0,2.677232,101.979836,0.0
DMU09,60,1785849030,26.0,5.410483,102.23292,0.0
DMU05,58,1785849030,0.0,6.042833,102.14243,0.0
SCS17,weekday_2174,1785848995,44.0,3.312073,101.57491,0.0
SCS13,weekday_2178,1785849035,0.0,3.13255,101.683365,0.0
SCS10,weekday_2049,1785849093,81.0,2.667305,101.99134,0.0
SCS13,weekday_2178,1785849110,0.0,3.13255,101.683365,0.0
DMU09,60,1785849090,54.0,5.415185,102.23804,0.0
DMU05,58,1785849090,0.0,6.042833,102.14243,0.0
EMU28,2959,1785849100,89.0,5.816888,100.47861,0.0
SCS17,weekday_2174,1785849100,0.0,3.319433,101.574776,0.0
SCS07,weekday_2063,1785849095,0.0,3.140442,101.694046,0.0
SCS26,weekday_2059,1785849093,0.0,3.097768,101.706024,0.0
DMU05,58,1785849165,6.0,6.043003,102.142555,0.0
SCS13,weekday_2178,1785849155,9.0,3.136477,101.68968,0.0
SCS07,weekday_2063,1785849155,16.0,3.138073,101.69298,0.0
EMU28,2959,1785849145,109.0,5.805097,100.480644,0.0
DMU09,60,1785849150,23.0,5.421295,102.238914,0.0
SCS17,weekday_2174,1785849145,0.0,3.320337,101.57456,0.0
SCS10,weekday_2049,1785849138,23.0,2.661565,101.99526,0.0
SCS26,weekday_2059,1785849138,0.0,3.097768,101.706024,0.0
SCS07,weekday_2063,1785849200,20.0,3.136427,101.69053,0.0
SCS10,weekday_2049,1785849213,38.0,2.659902,101.996895,0.0
SCS26,weekday_2059,1785849213,0.0,3.097768,101.706024,0.0
SCS17,weekday_2174,1785849190,0.0,3.320337,101.57456,0.0
EMU28,2959,1785849190,115.0,5.792167,100.4844,0.0
SCS13,weekday_2178,1785849230,7.0,3.138757,101.693275,0.0
DMU05,58,1785849210,12.0,6.044837,102.14349,0.0
DMU09,60,1785849210,59.0,5.427705,102.23711,0.0
SCS07,weekday_2063,1785849275,0.0,3.135127,101.68787,0.0
SCS10,weekday_2049,1785849273,82.0,2.655337,102.00636,0.0
DMU05,58,1785849270,64.0,6.050258,102.14635,0.0
DMU09,60,1785849270,51.0,5.436255,102.236206,0.0
SCS17,weekday_2174,1785849280,0.0,3.320337,101.57456,0.0
SCS13,weekday_2178,1785849290,2.0,3.139183,101.69337,0.0
EMU28,2959,1785849280,109.0,5.768103,100.49493,0.0
SCS26,weekday_2059,1785849273,0.0,3.097768,101.706024,0.0
EMU28,2959,1785849340,109.0,5.752397,100.502464,0.0
DMU05,58,1785849330,77.0,6.060938,102.15189,0.0
SCS26,weekday_2059,1785849333,0.0,3.097768,101.706024,0.0
SCS10,weekday_2049,1785849333,84.0,2.65501,102.019356,0.0
DMU09,60,1785849330,59.0,5.443462,102.230675,0.0
SCS13,weekday_2178,1785849320,19.0,3.141125,101.693886,0.0
SCS07,weekday_2063,1785849335,0.0,3.135127,101.68787,0.0
SCS17,weekday_2174,1785849340,25.0,3.32358,101.572266,0.0
DMU09,60,1785849390,53.0,5.452858,102.23023,0.0
SCS07,weekday_2063,1785849380,0.0,3.135127,101.68787,0.0
SCS13,weekday_2178,1785849380,15.0,3.144737,101.692474,0.0
SCS26,weekday_2059,1785849393,0.0,3.097768,101.706024,0.0
SCS10,weekday_2049,1785849408,113.0,2.641868,102.035225,0.0
DMU05,58,1785849405,85.0,6.074822,102.16017,0.0
EMU28,2959,1785849400,110.0,5.73622,100.508736,0.0
SCS17,weekday_2174,1785849385,32.0,3.326548,101.570175,0.0
DMU09,60,1785849450,52.0,5.46066,102.22737,0.0
DMU05,58,1785849450,82.0,6.083117,102.165924,0.0
SCS07,weekday_2063,1785849440,0.0,3.135127,101.68787,0.0
SCS13,weekday_2178,1785849425,48.0,3.149782,101.69056,0.0
EMU28,2959,1785849415,111.0,5.732128,100.510315,0.0
SCS17,weekday_2174,1785849460,67.0,3.337072,101.572624,0.0
SCS26,weekday_2059,1785849453,0.0,3.097768,101.706024,0.0
SCS10,weekday_2049,1785849453,119.0,2.636275,102.04713,0.0
SCS10,weekday_2049,1785849513,115.0,2.630195,102.06396,0.0
DMU05,58,1785849525,68.0,6.094163,102.17401,0.0
SCS07,weekday_2063,1785849515,20.0,3.128082,101.680115,0.0
SCS13,weekday_2178,1785849500,0.0,3.153798,101.692314,0.0
SCS17,weekday_2174,1785849490,94.0,3.343622,101.57243,0.0
DMU09,60,1785849525,44.0,5.470125,102.22333,0.0
SCS26,weekday_2059,1785849528,4.0,3.097743,101.70597,0.0
EMU28,2959,1785849520,110.0,5.702177,100.5103,0.0
EMU28,2959,1785849565,114.0,5.690332,100.50454,0.0
SCS07,weekday_2063,1785849545,26.0,3.12643,101.67888,0.0
SCS17,weekday_2174,1785849565,92.0,3.362123,101.574165,0.0
DMU05,58,1785849570,81.0,6.100723,102.18046,0.0
DMU09,60,1785849570,50.0,5.475157,102.22094,0.0
SCS13,weekday_2178,1785849575,46.0,3.160635,101.692184,0.0
SCS10,weekday_2049,1785849573,118.0,2.619308,102.0779,0.0
SCS26,weekday_2059,1785849573,22.0,3.099033,101.70427,0.0
SCS13,weekday_2178,1785849635,0.0,3.165102,101.69126,0.0
SCS10,weekday_2049,1785849633,113.0,2.604138,102.08807,0.0
SCS26,weekday_2059,1785849618,28.0,3.101203,101.70158,0.0
DMU05,58,1785849615,58.0,6.107113,102.18717,0.0
DMU09,60,1785849615,48.0,5.480347,102.218864,0.0
SCS07,weekday_2063,1785849635,15.0,3.119803,101.67879,0.0
SCS17,weekday_2174,1785849625,98.0,3.363428,101.58872,0.0
EMU28,2959,1785849595,112.0,5.68299,100.49953,0.0
SCS07,weekday_2063,1785849695,0.0,3.119493,101.67879,0.0
SCS26,weekday_2059,1785849693,88.0,3.110562,101.68995,0.0
SCS10,weekday_2049,1785849693,23.0,2.594203,102.09402,0.0
DMU05,58,1785849690,34.0,6.11454,102.19639,0.0
DMU09,60,1785849705,59.0,5.494093,102.21598,0.0
SCS17,weekday_2174,1785849685,108.0,3.36778,101.60413,0.0
EMU28,2959,1785849696,96.0,5.655993,100.49237,0.0
SCS13,weekday_2178,1785849650,0.0,3.165102,101.69126,0.0
SCS10,weekday_2049,1785849753,4.0,2.593602,102.0944,0.0
EMU28,2959,1785849741,63.0,5.645562,100.49055,0.0
DMU09,60,1785849765,39.0,5.502437,102.21256,0.0
DMU05,58,1785849750,21.0,6.117228,102.19959,0.0
SCS07,weekday_2063,1785849755,0.0,3.119493,101.67879,0.0
SCS13,weekday_2178,1785849755,61.0,3.170367,101.68524,0.0
SCS17,weekday_2174,1785849745,37.0,3.376025,101.61433,0.0
SCS26,weekday_2059,1785849738,32.0,3.11275,101.68305,0.0
SCS13,weekday_2178,1785849815,72.0,3.178447,101.678185,0.0
DMU05,58,1785849825,0.0,6.1185,102.20071,0.0
DMU09,60,1785849825,33.0,5.508082,102.210304,0.0
SCS07,weekday_2063,1785849815,0.0,3.119493,101.67879,0.0
SCS10,weekday_2049,1785849813,77.0,2.587337,102.09813,0.0
SCS26,weekday_2059,1785849813,16.0,3.113523,101.68142,0.0
SCS17,weekday_2174,1785849820,57.0,3.378227,101.616646,0.0
EMU28,2959,1785849816,9.0,5.643195,100.49008,0.0
DMU05,58,1785849870,12.0,6.119307,102.201324,0.0
EMU28,2959,1785849891,104.0,5.629223,100.491974,0.0
SCS13,weekday_2178,1785849890,36.0,3.185397,101.66548,0.0
SCS10,weekday_2049,1785849873,112.0,2.573582,102.10637,0.0
SCS17,weekday_2174,1785849865,114.0,3.38585,101.62426,0.0
DMU09,60,1785849870,28.0,5.511988,102.209595,0.0
SCS07,weekday_2063,1785849860,0.0,3.119493,101.67879,0.0
SCS26,weekday_2059,1785849873,0.0,3.11703,101.67929,0.0
DMU05,58,1785849945,27.0,6.122383,102.204765,0.0
EMU28,2959,1785849936,111.0,5.617042,100.49681,0.0
SCS07,weekday_2063,1785849935,49.0,3.117203,101.679245,0.0
SCS17,weekday_2174,1785849925,113.0,3.40267,101.62779,0.0
SCS13,weekday_2178,1785849935,0.0,3.18606,101.664635,0.0
DMU09,60,1785849930,23.0,5.516623,102.208725,0.0
SCS10,weekday_2049,1785849933,114.0,2.5624,102.12011,0.0
SCS26,weekday_2059,1785849918,0.0,3.117873,101.67902,0.0
DMU09,60,1785850005,0.0,5.5185,102.2084,0.0
DMU05,58,1785850005,75.0,6.127975,102.21151,0.0
SCS07,weekday_2063,1785849995,58.0,3.11255,101.68681,0.0
SCS26,weekday_2059,1785849993,13.0,3.11872,101.67875,0.0
SCS10,weekday_2049,1785849993,115.0,2.551558,102.13444,0.0
SCS17,weekday_2174,1785849955,106.0,3.411513,101.627396,0.0
EMU28,2959,1785849981,114.0,5.604122,100.494736,0.0
SCS13,weekday_2178,1785849980,77.0,3.189083,101.660484,0.0
SCS17,weekday_2174,1785850060,115.0,3.43579,101.635056,0.0
EMU28,2959,1785850056,115.0,5.582048,100.49489,0.0
SCS13,weekday_2178,1785850055,0.0,3.191665,101.655685,0.0
SCS07,weekday_2063,1785850055,15.0,3.109455,101.691475,0.0
SCS10,weekday_2049,1785850053,114.0,2.540232,102.14847,0.0
DMU05,58,1785850050,77.0,6.13378,102.218506,0.0
SCS26,weekday_2059,1785850068,22.0,3.123577,101.67802,0.0
DMU09,60,1785850065,0.0,5.5185,102.2084,0.0
SCS26,weekday_2059,1785850113,15.0,3.126163,101.678635,0.0
SCS17,weekday_2174,1785850105,114.0,3.448553,101.639175,0.0
EMU28,2959,1785850131,115.0,5.559908,100.49855,0.0
SCS13,weekday_2178,1785850130,47.0,3.192247,101.65398,0.0
DMU05,58,1785850125,67.0,6.14469,102.22772,0.0
DMU09,60,1785850110,26.0,5.52023,102.2077,0.0
SCS07,weekday_2063,1785850115,6.0,3.108717,101.6924,0.0
SCS10,weekday_2049,1785850098,115.0,2.531813,102.15899,0.0
SCS17,weekday_2174,1785850165,68.0,3.464967,101.63736,0.0
SCS07,weekday_2063,1785850175,46.0,3.104712,101.69734,0.0
SCS26,weekday_2059,1785850173,10.0,3.128482,101.6802,0.0
SCS10,weekday_2049,1785850173,114.0,2.51282,102.17036,0.0
DMU05,58,1785850185,61.0,6.154347,102.22829,0.0
DMU09,60,1785850185,20.0,5.525073,102.205414,0.0
EMU28,2959,1785850176,112.0,5.54672,100.500824,0.0
SCS13,weekday_2178,1785850175,54.0,3.195317,101.6473,0.0
DMU05,58,1785850245,70.0,6.15833,102.21991,0.0
DMU09,60,1785850245,11.0,5.527583,102.20422,0.0
EMU28,2959,1785850236,113.0,5.529395,100.505684,0.0
SCS13,weekday_2178,1785850250,26.0,3.198975,101.64072,0.0
SCS07,weekday_2063,1785850235,23.0,3.101453,101.70139,0.0
SCS10,weekday_2049,1785850233,113.0,2.496125,102.17711,0.0
SCS26,weekday_2059,1785850233,16.0,3.130658,101.68195,0.0
SCS17,weekday_2174,1785850225,0.0,3.469063,101.63792,0.0
SCS13,weekday_2178,1785850310,7.0,3.202142,101.63766,0.0
DMU05,58,1785850305,70.0,6.162612,102.20874,0.0
DMU09,60,1785850305,10.0,5.529933,102.20306,0.0
SCS17,weekday_2174,1785850300,99.0,3.478737,101.6395,0.0
EMU28,2959,1785850296,111.0,5.512297,100.50613,0.0
SCS07,weekday_2063,1785850295,6.0,3.098645,101.70496,0.0
SCS26,weekday_2059,1785850293,0.0,3.13268,101.68347,0.0
SCS10,weekday_2049,1785850293,115.0,2.478442,102.18044,0.0
DMU09,60,1785850350,0.0,5.530167,102.20298,0.0
SCS26,weekday_2059,1785850353,0.0,3.13268,101.68347,0.0
SCS10,weekday_2049,1785850353,114.0,2.460548,102.18287,0.0
DMU05,58,1785850365,71.0,6.166313,102.19761,0.0
SCS17,weekday_2174,1785850330,115.0,3.487077,101.63778,0.0
SCS13,weekday_2178,1785850370,0.0,3.202198,101.63761,0.0
SCS07,weekday_2063,1785850355,0.0,3.09858,101.70502,0.0
EMU28,2959,1785850326,113.0,5.503745,100.5038,0.0
DMU09,60,1785850410,11.0,5.530718,102.20269,0.0
SCS26,weekday_2059,1785850413,0.0,3.13268,101.68347,0.0
DMU05,58,1785850425,79.0,6.175062,102.19053,0.0
EMU28,2959,1785850424,1.0,5.482532,100.49814,0.0
SCS17,weekday_2174,1785850405,3.0,3.500878,101.63416,0.0
SCS13,weekday_2178,1785850430,0.0,3.202198,101.63761,0.0
SCS07,weekday_2063,1785850415,0.0,3.09858,101.70502,0.0
SCS10,weekday_2049,1785850413,115.0,2.452903,102.19629,0.0
DMU09,60,1785850440,15.0,5.531927,102.20214,0.0
DMU05,58,1785850485,73.0,6.182897,102.1811,0.0
EMU28,2959,1785850484,54.0,5.480603,100.49759,0.0
SCS17,weekday_2174,1785850465,67.0,3.503603,101.63368,0.0
SCS07,weekday_2063,1785850460,0.0,3.09858,101.70502,0.0
SCS13,weekday_2178,1785850460,0.0,3.202198,101.63761,0.0
SCS26,weekday_2059,1785850488,6.0,3.136243,101.69021,0.0
SCS10,weekday_2049,1785850488,83.0,2.469393,102.20826,0.0
SCS17,weekday_2174,1785850525,91.0,3.515117,101.62968,0.0
SCS26,weekday_2059,1785850533,23.0,3.137888,101.69274,0.0
DMU09,60,1785850545,65.0,5.542795,102.197014,0.0
EMU28,2959,1785850544,113.0,5.466148,100.49658,0.0
SCS07,weekday_2063,1785850535,0.0,3.09858,101.70502,0.0
SCS13,weekday_2178,1785850550,0.0,3.202198,101.63761,0.0
SCS04,2967,1785850550,20.0,6.662043,100.31934,0.0
DMU05,58,1785850485,73.0,6.182897,102.1811,0.0
SCS10,weekday_2049,1785850533,43.0,2.469887,102.21443,0.0
SCS13,weekday_2178,1785850610,0.0,3.202198,101.63761,0.0
SCS04,2967,1785850610,47.0,6.658677,100.314865,0.0
SCS17,weekday_2174,1785850600,91.0,3.532812,101.63313,0.0
SCS26,weekday_2059,1785850593,0.0,3.138897,101.69333,0.0
SCS10,weekday_2049,1785850593,28.0,2.466813,102.22045,0.0
DMU09,60,1785850590,69.0,5.550628,102.19522,0.0
DMU05,58,1785850605,15.0,6.195315,102.16745,0.0
SCS07,weekday_2063,1785850580,0.0,3.09858,101.70502,0.0
EMU28,2959,1785850604,116.0,5.448502,100.49218,0.0
SCS07,weekday_2063,1785850640,0.0,3.09858,101.70502,0.0
EMU28,2959,1785850649,114.0,5.435348,100.48856,0.0
DMU05,58,1785850665,10.0,6.198172,102.16732,0.0
SCS17,weekday_2174,1785850645,96.0,3.543348,101.63649,0.0
SCS04,2967,1785850670,52.0,6.654488,100.30864,0.0
SCS13,weekday_2178,1785850670,0.0,3.202198,101.63761,0.0
SCS26,weekday_2059,1785850653,18.0,3.141103,101.69391,0.0
SCS10,weekday_2049,1785850653,19.0,2.464477,102.224785,0.0
DMU09,60,1785850605,71.0,5.55346,102.195015,0.0
SCS04,2967,1785850730,119.0,6.6482,100.29608,0.0
SCS17,weekday_2174,1785850720,0.0,3.55378,101.63945,0.0
SCS10,weekday_2049,1785850653,19.0,2.464477,102.224785,0.0
SCS26,weekday_2059,1785850728,23.0,3.145427,101.69202,0.0
DMU05,58,1785850710,0.0,6.199107,102.16745,0.0
EMU28,2959,1785850724,111.0,5.416365,100.47677,0.0
SCS07,weekday_2063,1785850715,0.0,3.09858,101.70502,0.0
SCS13,weekday_2178,1785850730,0.0,3.202198,101.63761,0.0
DMU09,60,1785850770,70.0,5.58182,102.184685,0.0
DMU05,58,1785850770,0.0,6.199227,102.167534,0.0
EMU28,2959,1785850769,113.0,5.403747,100.472496,0.0
SCS07,weekday_2063,1785850760,0.0,3.09858,101.70502,0.0
SCS13,weekday_2178,1785850790,0.0,3.202198,101.63761,0.0
SCS17,weekday_2174,1785850780,60.0,3.556272,101.638855,0.0
SCS26,weekday_2059,1785850773,69.0,3.151152,101.69074,0.0
SCS04,2967,1785850760,118.0,6.642742,100.28843,0.0
SCS26,weekday_2059,1785850833,0.0,3.153828,101.69238,0.0
SCS24,2964,1785850821,0.0,5.39242,100.36747,0.0
SCS13,weekday_2178,1785850850,0.0,3.202198,101.63761,0.0
DMU09,60,1785850845,59.0,5.59226,102.17711,0.0
DMU05,58,1785850845,0.0,6.199123,102.16746,0.0
SCS07,weekday_2063,1785850835,0.0,3.09858,101.70502,0.0
EMU28,2959,1785850844,62.0,5.383535,100.46991,0.0
SCS04,2967,1785850835,117.0,6.629037,100.270134,0.0
SCS17,weekday_2174,1785850825,98.0,3.561732,101.63037,0.0
SCS07,weekday_2063,1785850895,0.0,3.09858,101.70502,0.0
SCS13,weekday_2178,1785850910,29.0,3.203303,101.636566,0.0
SCS24,2964,1785850881,15.0,5.391573,100.36863,0.0
SCS04,2967,1785850880,116.0,6.616803,100.26473,0.0
SCS26,weekday_2059,1785850893,53.0,3.15794,101.69336,0.0
DMU05,58,1785850890,9.0,6.197553,102.1674,0.0
DMU09,60,1785850890,46.0,5.59913,102.17574,0.0
EMU28,2959,1785850889,25.0,5.378048,100.4692,0.0
SCS17,weekday_2174,1785850885,99.0,3.570923,101.61654,0.0
SCS24,2964,1785850971,22.0,5.388165,100.37238,0.0
SCS26,weekday_2059,1785850893,53.0,3.15794,101.69336,0.0
SCS13,weekday_2178,1785850970,45.0,3.207387,101.63242,0.0
SCS04,2967,1785850970,116.0,6.5894,100.262924,0.0
SCS07,weekday_2063,1785850970,0.0,3.09858,101.70502,0.0
SCS17,weekday_2174,1785850945,116.0,3.585705,101.61088,0.0
DMU09,60,1785850950,43.0,5.603167,102.173615,0.0
DMU05,58,1785850950,5.0,6.19548,102.167305,0.0
EMU28,2959,1785850949,80.0,5.369467,100.46811,0.0
SCS07,weekday_2063,1785851030,0.0,3.09858,101.70502,0.0
SCS04,2967,1785851030,121.0,6.571237,100.25925,0.0
DMU09,60,1785851025,43.0,5.612187,102.16781,0.0
DMU05,58,1785851025,0.0,6.195457,102.1673,0.0
EMU28,2959,1785851024,42.0,5.357858,100.46642,0.0
SCS24,2964,1785851016,45.0,5.386035,100.37629,0.0
SCS17,weekday_2174,1785851005,88.0,3.598683,101.60086,0.0
SCS13,weekday_2178,1785850985,29.0,3.208075,101.63103,0.0
DMU09,60,1785851070,62.0,5.61932,102.166,0.0
DMU05,58,1785851070,0.0,6.195457,102.1673,0.0
SCS04,2967,1785851075,117.0,6.557087,100.25956,0.0
SCS24,2964,1785851091,98.0,5.378577,100.3904,0.0
EMU28,2959,1785851081,43.0,5.36037,100.46118,0.0
SCS07,weekday_2063,1785851075,0.0,3.09858,101.70502,0.0
SCS17,weekday_2174,1785851065,115.0,3.606922,101.58828,0.0
SCS27,weekday_2067,1785851129,0.0,3.23842,101.68119,0.0
EMU28,2959,1785851126,88.0,5.365032,100.455696,0.0
SCS24,2964,1785851136,90.0,5.37336,100.40029,0.0
SCS04,2967,1785851135,117.0,6.53879,100.25947,0.0
SCS13,weekday_2178,1785851124,72.0,3.208237,101.61997,0.0
DMU05,58,1785851130,8.0,6.195965,102.16729,0.0
DMU09,60,1785851130,75.0,5.62982,102.16312,0.0
SCS17,weekday_2174,1785851110,114.0,3.616527,101.57855,0.0
SCS07,weekday_2063,1785851135,0.0,3.09858,101.70502,0.0
SCS17,weekday_2174,1785851170,113.0,3.628777,101.56545,0.0
SCS24,2964,1785851211,82.0,5.366215,100.41705,0.0
SCS04,2967,1785851210,5.0,6.524297,100.257,0.0
DMU05,58,1785851205,7.0,6.198402,102.167015,0.0
SCS27,weekday_2067,1785851204,0.0,3.23842,101.68119,0.0
EMU28,2959,1785851201,0.0,5.366228,100.44821,0.0
SCS13,weekday_2178,1785851184,78.0,3.2007,101.61051,0.0
DMU09,60,1785851190,72.0,5.641187,102.15972,0.0
SCS07,weekday_2063,1785851180,0.0,3.09858,101.70502,0.0
SCS04,2967,1785851270,57.0,6.522412,100.25668,0.0
DMU05,58,1785851265,0.0,6.200223,102.166664,0.0
SCS07,weekday_2063,1785851255,0.0,3.09858,101.70502,0.0
SCS17,weekday_2174,1785851245,114.0,3.647005,101.55235,0.0
SCS24,2964,1785851241,30.0,5.364657,100.421104,0.0
SCS13,weekday_2178,1785851229,64.0,3.200707,101.60213,0.0
SCS27,weekday_2067,1785851264,51.0,3.235045,101.68033,0.0
EMU28,2959,1785851261,71.0,5.366963,100.44342,0.0
DMU09,60,1785851250,64.0,5.651795,102.15791,0.0
DMU09,60,1785851325,76.0,5.66615,102.15701,0.0
SCS27,weekday_2067,1785851324,99.0,3.224942,101.67274,0.0
EMU28,2959,1785851321,90.0,5.362257,100.43005,0.0
SCS17,weekday_2174,1785851320,105.0,3.662455,101.53671,0.0
DMU05,58,1785851310,0.0,6.200325,102.16664,0.0
SCS07,weekday_2063,1785851315,0.0,3.09858,101.70502,0.0
SCS13,weekday_2178,1785851304,44.0,3.20188,101.58955,0.0
SCS24,2964,1785851301,12.0,5.364237,100.42218,0.0
SCS04,2967,1785851315,119.0,6.511185,100.254776,0.0
SCS27,weekday_2067,1785851384,6.0,3.215142,101.67227,0.0
SCS07,weekday_2063,1785851360,0.0,3.09858,101.70502,0.0
SCS04,2967,1785851375,116.0,6.492912,100.25349,0.0
EMU28,2959,1785851381,0.0,5.36432,100.42181,0.0
DMU05,58,1785851316,0.0,6.200325,102.16664,0.0
SCS13,weekday_2178,1785851364,29.0,3.204202,101.58423,0.0
SCS17,weekday_2174,1785851335,104.0,3.665858,101.53433,0.0
SCS24,2964,1785851331,77.0,5.362797,100.425934,0.0
DMU09,60,1785851385,73.0,5.677932,102.15538,0.0
DMU09,60,1785851445,71.0,5.689283,102.151955,0.0
SCS24,2964,1785851436,27.0,5.366342,100.4477,0.0
SCS04,2967,1785851450,116.0,6.470178,100.255165,0.0
SCS17,weekday_2174,1785851425,17.0,3.678292,101.52513,0.0
SCS07,weekday_2063,1785851435,0.0,3.09858,101.70502,0.0
SCS27,weekday_2067,1785851444,32.0,3.21275,101.67218,0.0
EMU28,2959,1785851441,59.0,5.365163,100.41957,0.0
SCS13,weekday_2178,1785851424,0.0,3.205868,101.58095,0.0
SCS07,weekday_2063,1785851495,0.0,3.09858,101.70502,0.0
SCS27,weekday_2067,1785851504,24.0,3.205852,101.67506,0.0
EMU28,2959,1785851501,94.0,5.3703,100.406395,0.0
SCS04,2967,1785851495,118.0,6.457157,100.25967,0.0
SCS17,weekday_2174,1785851470,25.0,3.680092,101.5233,0.0
SCS13,weekday_2178,1785851469,0.0,3.205868,101.58095,0.0
SCS24,2964,1785851511,32.0,5.366038,100.44974,0.0
DMU09,60,1785851490,43.0,5.696962,102.15189,0.0
DMU09,60,1785851565,13.0,5.701738,102.15182,0.0
SCS17,weekday_2174,1785851545,9.0,3.684765,101.51835,0.0
SCS13,weekday_2178,1785851544,33.0,3.206887,101.57764,0.0
SCS24,2964,1785851541,51.0,5.365505,100.4534,0.0
SCS07,weekday_2063,1785851555,0.0,3.09858,101.70502,0.0
SCS04,2967,1785851540,116.0,6.444122,100.264145,0.0
SCS27,weekday_2067,1785851564,30.0,3.204892,101.675735,0.0
EMU28,2959,1785851561,83.0,5.376695,100.393875,0.0
SCS13,weekday_2178,1785851604,81.0,3.213867,101.57082,0.0
SCS27,weekday_2067,1785851624,18.0,3.19905,101.680626,0.0
EMU28,2959,1785851621,89.0,5.38339,100.381256,0.0
SCS07,weekday_2063,1785851615,0.0,3.09858,101.70502,0.0
SCS24,2964,1785851631,44.0,5.358737,100.46255,0.0
SCS04,2967,1785851630,0.0,6.432547,100.26815,0.0
SCS17,weekday_2174,1785851605,0.0,3.684835,101.51827,0.0
DMU09,60,1785851610,0.0,5.702918,102.15184,0.0
EMU28,2959,1785851681,12.0,5.387007,100.37408,0.0
DMU09,60,1785851685,18.0,5.703595,102.15183,0.0
SCS27,weekday_2067,1785851684,30.0,3.197783,101.68178,0.0
SCS24,2964,1785851676,43.0,5.358495,100.466675,0.0
SCS04,2967,1785851690,23.0,6.431732,100.26848,0.0
SCS07,weekday_2063,1785851675,0.0,3.09858,101.70502,0.0
SCS13,weekday_2178,1785851664,94.0,3.225342,101.561745,0.0
SCS04,2967,1785851735,108.0,6.4233,100.271324,0.0
SCS27,weekday_2067,1785851744,53.0,3.192107,101.68656,0.0
EMU28,2959,1785851741,14.0,5.38798,100.37252,0.0
SCS13,weekday_2178,1785851724,80.0,3.239198,101.560196,0.0
SCS24,2964,1785851751,114.0,5.374238,100.468666,0.0
DMU09,60,1785851745,19.0,5.707113,102.152214,0.0
SCS07,weekday_2063,1785851735,0.0,3.09858,101.70502,0.0
SCS27,weekday_2067,1785851804,35.0,3.186045,101.69012,0.0
EMU28,2959,1785851801,21.0,5.39076,100.36995,0.0
DMU09,60,1785851805,67.0,5.714632,102.15522,0.0
SCS24,2964,1785851796,111.0,5.387627,100.47033,0.0
SCS04,2967,1785851795,115.0,6.405902,100.27733,0.0
SCS07,weekday_2063,1785851780,0.0,3.09858,101.70502,0.0
SCS13,weekday_2178,1785851754,61.0,3.244928,101.55994,0.0
SCS27,weekday_2067,1785851804,35.0,3.186045,101.69012,0.0
SCS07,weekday_2063,1785851840,0.0,3.09858,101.70502,0.0
DMU09,60,1785851835,75.0,5.719665,102.15728,0.0
SCS04,2967,1785851825,116.0,6.39828,100.282326,0.0
EMU28,2959,1785851816,18.0,5.391295,100.36918,0.0
SCS24,2964,1785851841,110.0,5.400693,100.472,0.0
SCS13,weekday_2178,1785851799,22.0,3.249173,101.55682,0.0
SCS07,weekday_2063,1785851915,0.0,3.09858,101.70502,0.0
SCS13,weekday_2178,1785851904,27.0,3.25485,101.554504,0.0
SCS04,2967,1785851900,114.0,6.379897,100.29606,0.0
SCS24,2964,1785851886,105.0,5.412735,100.475365,0.0
DMU09,60,1785851910,71.0,5.734122,102.161865,0.0
SCS27,weekday_2067,1785851924,0.0,3.18269,101.68889,0.0
EMU28,2959,1785851921,0.0,5.392757,100.36705,0.0
SCS13,weekday_2178,1785851949,4.0,3.257572,101.554565,0.0
SCS24,2964,1785851976,113.0,5.4358,100.48869,0.0
SCS27,weekday_2067,1785851984,22.0,3.18174,101.68861,0.0
EMU28,2959,1785851981,0.0,5.392757,100.36705,0.0
SCS07,weekday_2063,1785851975,0.0,3.09858,101.70502,0.0
DMU09,60,1785851985,73.0,5.748527,102.15775,0.0
SCS04,2967,1785851960,10.0,6.37147,100.30236,0.0
EMU28,2959,1785851981,0.0,5.392757,100.36705,0.0
SCS27,weekday_2067,1785852044,14.0,3.176967,101.686066,0.0
SCS07,weekday_2063,1785852035,0.0,3.09858,101.70502,0.0
DMU09,60,1785852030,68.0,5.756935,102.155945,0.0
SCS24,2964,1785852036,114.0,5.453228,100.493385,0.0
SCS13,weekday_2178,1785852024,26.0,3.260125,101.55539,0.0
SCS04,2967,1785852020,0.0,6.371308,100.30248,0.0
SCS27,weekday_2067,1785852104,17.0,3.173738,101.68492,0.0
SCS04,2967,1785852065,56.0,6.36964,100.303764,0.0
SCS24,2964,1785852096,104.0,5.470332,100.49609,0.0
SCS13,weekday_2178,1785852084,62.0,3.268442,101.55945,0.0
DMU09,60,1785852090,58.0,5.762375,102.14804,0.0
SCS07,weekday_2063,1785852080,0.0,3.09858,101.70502,0.0
SCS24,2964,1785852126,84.0,5.477957,100.49684,0.0
SCS04,2967,1785852155,115.0,6.349648,100.3187,0.0
SCS13,weekday_2178,1785852129,68.0,3.276155,101.56198,0.0
SCS27,weekday_2067,1785852128,0.0,3.172195,101.684814,0.0
DMU09,60,1785852150,70.0,5.767393,102.13985,0.0
SCS07,weekday_2063,1785852155,0.0,3.09858,101.70502,0.0
SCS24,2964,1785852216,5.0,5.482917,100.49818,0.0
SCS13,weekday_2178,1785852189,64.0,3.284345,101.56843,0.0
SCS07,weekday_2063,1785852215,0.0,3.09858,101.70502,0.0
SCS27,weekday_2067,1785852211,21.0,3.167705,101.687706,0.0
DMU09,60,1785852210,70.0,5.77863,102.14326,0.0
SCS04,2967,1785852200,116.0,6.338585,100.326935,0.0
DMU05,58,1785852294,0.0,6.20027,102.16681,0.0
SCS24,2964,1785852291,111.0,5.495748,100.50159,0.0
SCS04,2967,1785852290,116.0,6.316448,100.34336,0.0
SCS27,weekday_2067,1785852286,0.0,3.16602,101.69038,0.0
DMU09,60,1785852285,72.0,5.792808,102.14499,0.0
SCS07,weekday_2063,1785852275,0.0,3.09858,101.70502,0.0
SCS13,weekday_2178,1785852249,77.0,3.294662,101.57452,0.0
DMU09,60,1785852330,49.0,5.800322,102.14592,0.0
DMU05,58,1785852309,0.0,6.20027,102.16681,0.0
SCS07,weekday_2063,1785852335,0.0,3.09858,101.70502,0.0
SCS13,weekday_2178,1785852324,49.0,3.309248,101.57488,0.0
SCS27,weekday_2067,1785852346,43.0,3.16192,101.69213,0.0
SCS24,2964,1785852351,115.0,5.512895,100.506195,0.0
SCS04,2967,1785852350,116.0,6.298678,100.347694,0.0
SCS24,2964,1785852396,114.0,5.526053,100.50659,0.0
SCS04,2967,1785852395,117.0,6.285167,100.35045,0.0
SCS27,weekday_2067,1785852406,3.0,3.154823,101.693275,0.0
DMU09,60,1785852405,0.0,5.806433,102.14657,0.0
SCS13,weekday_2178,1785852384,28.0,3.31597,101.57482,0.0
SCS07,weekday_2063,1785852395,0.0,3.09858,101.70502,0.0
DMU05,58,1785852369,5.0,6.199248,102.16684,0.0
SCS27,weekday_2067,1785852436,0.0,3.15481,101.69328,0.0
DMU09,60,1785852435,4.0,5.806403,102.14693,0.0
SCS13,weekday_2178,1785852429,3.0,3.319088,101.574745,0.0
SCS24,2964,1785852441,114.0,5.53909,100.502914,0.0
SCS04,2967,1785852440,116.0,6.271703,100.353226,0.0
SCS07,weekday_2063,1785852440,0.0,3.09858,101.70502,0.0
DMU05,58,1785852429,4.0,6.197622,102.16713,0.0
SCS24,2964,1785852636,114.0,5.596802,100.49312,0.0
SCS04,2967,1785852635,117.0,6.213495,100.36509,0.0
SCS07,weekday_2063,1785852635,0.0,3.09858,101.70502,0.0
DMU05,58,1785852624,3.0,6.197942,102.16713,0.0
SCS13,weekday_2178,1785852624,65.0,3.335745,101.57224,0.0
DMU09,60,1785852615,92.0,5.824643,102.14902,0.0
SCS27,weekday_2067,1785852601,20.0,3.144492,101.692955,0.0
SCS07,weekday_2063,1785852695,0.0,3.09858,101.70502,0.0
SCS04,2967,1785852665,116.0,6.204518,100.36693,0.0
SCS27,weekday_2067,1785852706,0.0,3.140297,101.69403,0.0
DMU09,60,1785852705,85.0,5.845515,102.15166,0.0
SCS13,weekday_2178,1785852654,94.0,3.34167,101.57251,0.0
SCS24,2964,1785852711,109.0,5.61826,100.49652,0.0
DMU05,58,1785852684,6.0,6.198762,102.167076,0.0
SCS04,2967,1785852725,81.0,6.187748,100.37193,0.0
SCS13,weekday_2178,1785852729,87.0,3.36037,101.57242,0.0
SCS24,2964,1785852726,115.0,5.622367,100.49487,0.0
SCS07,weekday_2063,1785852725,0.0,3.09858,101.70502,0.0
SCS27,weekday_2067,1785852736,3.0,3.140135,101.693985,0.0
DMU09,60,1785852735,79.0,5.852043,102.152466,0.0
DMU05,58,1785852729,5.0,6.199722,102.16709,0.0
DMU09,60,1785852810,79.0,5.867793,102.15443,0.0
SCS13,weekday_2178,1785852819,92.0,3.36436,101.59345,0.0
DMU05,58,1785852819,0.0,6.200173,102.167145,0.0
SCS04,2967,1785852830,22.0,6.183367,100.37491,0.0
SCS24,2964,1785852801,45.0,5.641137,100.48974,0.0
SCS07,weekday_2063,1785852770,0.0,3.09858,101.70502,0.0
SCS27,weekday_2067,1785852811,15.0,3.136803,101.691345,0.0
DMU09,60,1785852870,78.0,5.879863,102.15592,0.0
SCS13,weekday_2178,1785852864,95.0,3.367887,101.60434,0.0
DMU05,58,1785852849,0.0,6.200173,102.167145,0.0
SCS27,weekday_2067,1785852886,0.0,3.134502,101.68803,0.0
SCS04,2967,1785852860,87.0,6.179232,100.37731,0.0
SCS24,2964,1785852891,36.0,5.644762,100.49038,0.0
SCS07,weekday_2063,1785852875,0.0,3.09858,101.70502,0.0
SCS07,weekday_2063,1785852950,0.0,3.09858,101.70502,0.0
DMU09,60,1785852945,85.0,5.897008,102.1581,0.0
SCS24,2964,1785852921,84.0,5.649862,100.491264,0.0
SCS04,2967,1785852920,117.0,6.161672,100.37933,0.0
DMU05,58,1785852909,0.0,6.200155,102.16726,0.0
SCS13,weekday_2178,1785852909,58.0,3.373513,101.6118,0.0
SCS27,weekday_2067,1785852946,0.0,3.134502,101.68803,0.0
SCS27,weekday_2067,1785852991,0.0,3.134502,101.68803,0.0
SCS04,2967,1785852995,117.0,6.138757,100.38063,0.0
SCS13,weekday_2178,1785852969,0.0,3.375683,101.61396,0.0
DMU09,60,1785853005,76.0,5.909685,102.1584,0.0
SCS07,weekday_2063,1785852995,0.0,3.09858,101.70502,0.0
DMU05,58,1785852984,0.0,6.200188,102.16718,0.0
SCS24,2964,1785852966,117.0,5.662162,100.493355,0.0
SCS04,2967,1785853025,117.0,6.130197,100.377464,0.0
SCS13,weekday_2178,1785853044,20.0,3.376103,101.61429,0.0
DMU09,60,1785853065,76.0,5.92128,102.15518,0.0
SCS24,2964,1785853041,114.0,5.683443,100.499825,0.0
SCS07,weekday_2063,1785853055,0.0,3.09858,101.70502,0.0
SCS27,weekday_2067,1785853051,0.0,3.134502,101.68803,0.0
DMU05,58,1785853044,0.0,6.200045,102.16729,0.0
SCS27,weekday_2067,1785853126,20.0,3.127778,101.67977,0.0
DMU09,60,1785853125,82.0,5.934232,102.15172,0.0
SCS07,weekday_2063,1785853115,16.0,3.09884,101.70471,0.0
DMU05,58,1785853104,0.0,6.200142,102.16722,0.0
SCS13,weekday_2178,1785853104,89.0,3.383663,101.62199,0.0
SCS24,2964,1785853131,114.0,5.707425,100.51158,0.0
SCS04,2967,1785853130,0.0,6.113558,100.36991,0.0
SCS27,weekday_2067,1785853171,24.0,3.12535,101.678406,0.0
SCS13,weekday_2178,1785853164,105.0,3.397697,101.62816,0.0
DMU09,60,1785853185,76.0,5.946478,102.14838,0.0
DMU05,58,1785853179,0.0,6.20021,102.16719,0.0
SCS04,2967,1785853175,59.0,6.11175,100.369064,0.0
SCS07,weekday_2063,1785853175,67.0,3.10261,101.69998,0.0
SCS24,2964,1785853161,114.0,5.716155,100.513794,0.0
SCS24,2964,1785853236,115.0,5.737525,100.50825,0.0
SCS04,2967,1785853220,112.0,6.101197,100.367935,0.0
DMU05,58,1785853209,0.0,6.200227,102.16695,0.0
SCS13,weekday_2178,1785853239,81.0,3.415642,101.626274,0.0
SCS07,weekday_2063,1785853250,68.0,3.111715,101.68867,0.0
SCS27,weekday_2067,1785853246,20.0,3.119923,101.67876,0.0
DMU09,60,1785853245,69.0,5.957747,102.145355,0.0
DMU05,58,1785853284,0.0,6.200207,102.16719,0.0
SCS13,weekday_2178,1785853284,81.0,3.424685,101.626175,0.0
SCS27,weekday_2067,1785853306,0.0,3.11938,101.67886,0.0
DMU09,60,1785853305,30.0,5.964337,102.14405,0.0
SCS24,2964,1785853296,114.0,5.75426,100.50158,0.0
SCS07,weekday_2063,1785853310,15.0,3.113632,101.68134,0.0
SCS04,2967,1785853310,115.0,6.07711,100.3813,0.0
SCS27,weekday_2067,1785853366,0.0,3.11938,101.67886,0.0
DMU09,60,1785853365,0.0,5.966107,102.14388,0.0
SCS13,weekday_2178,1785853344,99.0,3.43594,101.63512,0.0
DMU05,58,1785853344,0.0,6.200128,102.16738,0.0
SCS24,2964,1785853356,114.0,5.77056,100.493965,0.0
SCS04,2967,1785853355,117.0,6.065115,100.38809,0.0
SCS07,weekday_2063,1785853355,0.0,3.113848,101.68104,0.0
SCS27,weekday_2067,1785853426,0.0,3.11938,101.67886,0.0
DMU09,60,1785853425,50.0,5.969853,102.14366,0.0
SCS07,weekday_2063,1785853415,28.0,3.115325,101.679825,0.0
SCS13,weekday_2178,1785853434,92.0,3.458143,101.63888,0.0
DMU05,58,1785853434,0.0,6.2002,102.16727,0.0
SCS24,2964,1785853431,115.0,5.791217,100.484886,0.0
SCS04,2967,1785853415,116.0,6.049138,100.39711,0.0
SCS04,2967,1785853475,115.0,6.033453,100.40599,0.0
DMU09,60,1785853470,84.0,5.978077,102.143166,0.0
DMU05,58,1785853464,0.0,6.200198,102.16716,0.0
SCS27,weekday_2067,1785853471,0.0,3.119288,101.67886,0.0
SCS13,weekday_2178,1785853479,31.0,3.46628,101.637405,0.0
SCS07,weekday_2063,1785853475,0.0,3.11808,101.67875,0.0
SCS24,2964,1785853491,81.0,5.808213,100.4799,0.0
SCS07,weekday_2063,1785853535,0.0,3.11903,101.67861,0.0
SCS13,weekday_2178,1785853524,0.0,3.467807,101.637596,0.0
SCS27,weekday_2067,1785853546,0.0,3.119288,101.67886,0.0
DMU05,58,1785853509,0.0,6.200198,102.16716,0.0
DMU09,60,1785853530,86.0,5.992082,102.142204,0.0
SCS24,2964,1785853551,52.0,5.816893,100.478615,0.0
SCS04,2967,1785853550,116.0,6.013422,100.41731,0.0
DMU09,60,1785853605,68.0,6.006107,102.14132,0.0
SCS24,2964,1785853596,30.0,5.821793,100.47815,0.0
SCS07,weekday_2063,1785853595,14.0,3.120272,101.67857,0.0
SCS04,2967,1785853595,116.0,6.001448,100.42408,0.0
SCS27,weekday_2067,1785853591,63.0,3.115793,101.67916,0.0
SCS13,weekday_2178,1785853584,80.0,3.472302,101.638405,0.0
DMU05,58,1785853584,0.0,6.20014,102.16734,0.0
SCS24,2964,1785853656,0.0,5.825033,100.47782,0.0
SCS07,weekday_2063,1785853655,26.0,3.123353,101.67805,0.0
DMU09,60,1785853650,73.0,6.014792,102.1399,0.0
SCS27,weekday_2067,1785853666,80.0,3.108882,101.69217,0.0
SCS13,weekday_2178,1785853659,89.0,3.490703,101.63583,0.0
DMU05,58,1785853659,0.0,6.20015,102.16726,0.0
SCS04,2967,1785853655,116.0,5.985468,100.43309,0.0
SCS07,weekday_2063,1785853700,18.0,3.126415,101.67876,0.0
SCS04,2967,1785853730,16.0,5.972967,100.44016,0.0
SCS27,weekday_2067,1785853726,40.0,3.102057,101.70068,0.0
DMU09,60,1785853725,76.0,6.029483,102.13982,0.0
SCS24,2964,1785853716,38.0,5.827217,100.47765,0.0
DMU05,58,1785853704,0.0,6.200222,102.16721,0.0
SCS13,weekday_2178,1785853704,33.0,3.49875,101.63434,0.0
SCS24,2964,1785853776,51.0,5.834458,100.47715,0.0
SCS04,2967,1785853775,0.0,5.972615,100.440346,0.0
SCS07,weekday_2063,1785853775,24.0,3.13011,101.681595,0.0
SCS27,weekday_2067,1785853786,6.0,3.09868,101.70499,0.0
DMU09,60,1785853785,11.0,6.036745,102.139465,0.0
DMU05,58,1785853764,0.0,6.200232,102.167305,0.0
SCS13,weekday_2178,1785853764,30.0,3.500222,101.634224,0.0
SCS04,2967,1785853835,95.0,5.966742,100.443665,0.0
SCS27,weekday_2067,1785853831,0.0,3.098625,101.705086,0.0
DMU09,60,1785853830,22.0,6.038933,102.14036,0.0
DMU05,58,1785853824,0.0,6.199987,102.16728,0.0
SCS13,weekday_2178,1785853794,77.0,3.505855,101.63328,0.0
SCS24,2964,1785853851,112.0,5.851045,100.4769,0.0
SCS07,weekday_2063,1785853850,0.0,3.13219,101.68333,0.0
SCS24,2964,1785853881,115.0,5.860108,100.47693,0.0
SCS07,weekday_2063,1785853910,0.0,3.13219,101.68333,0.0
SCS27,weekday_2067,1785853906,0.0,3.098625,101.705086,0.0
DMU09,60,1785853905,10.0,6.042137,102.14211,0.0
DMU05,58,1785853899,0.0,6.200092,102.16722,0.0
SCS04,2967,1785853895,117.0,5.951027,100.45256,0.0
SCS13,weekday_2178,1785853884,93.0,3.52634,101.62971,0.0
DMU05,58,1785853914,0.0,6.200092,102.16722,0.0
SCS27,weekday_2067,1785853966,0.0,3.098625,101.705086,0.0
SCS24,2964,1785853911,114.0,5.869137,100.47693,0.0
SCS04,2967,1785853910,116.0,5.947018,100.45482,0.0
SCS13,weekday_2178,1785853944,90.0,3.540092,101.63546,0.0
SCS07,weekday_2063,1785853955,0.0,3.13219,101.68333,0.0
DMU09,60,1785853935,0.0,6.042893,102.14244,0.0
SCS27,weekday_2067,1785854011,0.0,3.098625,101.705086,0.0
SCS04,2967,1785853985,116.0,5.926012,100.46388,0.0
DMU05,58,1785854019,0.0,6.200077,102.16723,0.0
SCS24,2964,1785854001,114.0,5.895902,100.475426,0.0
SCS13,weekday_2178,1785853989,58.0,3.548607,101.63951,0.0
DMU09,60,1785854025,9.0,6.043333,102.142624,0.0
SCS07,weekday_2063,1785854015,14.0,3.136532,101.68985,0.0
SCS07,weekday_2063,1785854075,16.0,3.138388,101.693275,0.0
SCS24,2964,1785854061,115.0,5.912738,100.46894,0.0
DMU05,58,1785854034,0.0,6.200213,102.16729,0.0
SCS04,2967,1785854045,116.0,5.90888,100.47046,0.0
SCS13,weekday_2178,1785854094,79.0,3.557065,101.638336,0.0
SCS27,weekday_2067,1785854071,0.0,3.098625,101.705086,0.0
DMU09,60,1785854070,10.0,6.044643,102.143394,0.0
SCS27,weekday_2067,1785854146,0.0,3.098625,101.705086,0.0
DMU09,60,1785854145,59.0,6.05014,102.146255,0.0
SCS13,weekday_2178,1785854109,98.0,3.559447,101.635826,0.0
DMU05,58,1785854109,0.0,6.200007,102.16733,0.0
SCS24,2964,1785854106,114.0,5.925367,100.46409,0.0
SCS07,weekday_2063,1785854150,0.0,3.140177,101.69385,0.0
SCS04,2967,1785854120,116.0,5.887067,100.47697,0.0
SCS07,weekday_2063,1785854195,0.0,3.140177,101.69385,0.0
DMU05,58,1785854184,0.0,6.200107,102.16717,0.0
SCS13,weekday_2178,1785854184,91.0,3.568135,101.61923,0.0
DMU09,60,1785854190,86.0,6.058257,102.15051,0.0
SCS24,2964,1785854181,114.0,5.946065,100.4553,0.0
SCS04,2967,1785854180,116.0,5.868715,100.476944,0.0
SCS27,weekday_2067,1785854206,0.0,3.098625,101.705086,0.0
SCS13,weekday_2178,1785854244,102.0,3.580973,101.61309,0.0
SCS24,2964,1785854241,111.0,5.961695,100.44646,0.0
SCS04,2967,1785854240,119.0,5.850935,100.47691,0.0
SCS27,weekday_2067,1785854266,0.0,3.098625,101.705086,0.0
DMU09,60,1785854265,83.0,6.07266,102.158646,0.0
SCS07,weekday_2063,1785854270,21.0,3.14421,101.69324,0.0
SCS28,weekday_2182,1785854265,93.0,3.200938,101.60173,0.0
DMU05,58,1785854244,0.0,6.20021,102.16713,0.0
SCS28,weekday_2182,1785854310,88.0,3.20139,101.59148,0.0
DMU09,60,1785854310,88.0,6.081142,102.164566,0.0
DMU05,58,1785854319,0.0,6.20021,102.16713,0.0
SCS24,2964,1785854301,24.0,5.972118,100.4406,0.0
SCS07,weekday_2063,1785854330,56.0,3.148998,101.69038,0.0
SCS04,2967,1785854300,104.0,5.83276,100.47732,0.0
SCS13,weekday_2178,1785854304,92.0,3.594737,101.60458,0.0
SCS27,weekday_2067,1785854311,0.0,3.098625,101.705086,0.0
SCS24,2964,1785854376,46.0,5.974505,100.43921,0.0
DMU09,60,1785854370,40.0,6.090363,102.171074,0.0
SCS27,weekday_2067,1785854386,0.0,3.098625,101.705086,0.0
SCS13,weekday_2178,1785854379,100.0,3.605102,101.58925,0.0
SCS28,weekday_2182,1785854370,21.0,3.202768,101.58701,0.0
SCS07,weekday_2063,1785854360,42.0,3.15318,101.69204,0.0
SCS04,2967,1785854360,0.0,5.824962,100.47797,0.0
DMU05,58,1785854349,0.0,6.200125,102.167114,0.0
DMU05,58,1785854424,0.0,6.200118,102.16707,0.0
SCS27,weekday_2067,1785854446,0.0,3.098625,101.705086,0.0
DMU09,60,1785854445,80.0,6.099148,102.179085,0.0
SCS28,weekday_2182,1785854430,20.0,3.204112,101.58459,0.0
SCS07,weekday_2063,1785854450,15.0,3.155007,101.69335,0.0
SCS24,2964,1785854421,86.0,5.981867,100.43505,0.0
SCS13,weekday_2178,1785854424,102.0,3.614122,101.581085,0.0
SCS04,2967,1785854420,55.0,5.822948,100.47813,0.0
DMU09,60,1785854505,65.0,6.107858,102.188194,0.0
SCS24,2964,1785854481,116.0,5.996303,100.426895,0.0
SCS04,2967,1785854510,117.0,5.798612,100.48226,0.0
SCS07,weekday_2063,1785854510,41.0,3.161622,101.692085,0.0
SCS27,weekday_2067,1785854506,0.0,3.098625,101.705086,0.0
SCS13,weekday_2178,1785854499,103.0,3.627818,101.56624,0.0
DMU05,58,1785854499,0.0,6.200172,102.167274,0.0
SCS28,weekday_2182,1785854490,10.0,3.206332,101.57987,0.0
SCS07,weekday_2063,1785854555,18.0,3.16565,101.690704,0.0
SCS28,weekday_2182,1785854565,0.0,3.206365,101.579796,0.0
SCS27,weekday_2067,1785854551,0.0,3.098625,101.705086,0.0
SCS13,weekday_2178,1785854574,101.0,3.644172,101.55468,0.0
DMU05,58,1785854574,0.0,6.20007,102.16724,0.0
SCS24,2964,1785854571,114.0,6.019897,100.41357,0.0
SCS04,2967,1785854570,118.0,5.781792,100.4896,0.0
DMU09,60,1785854565,45.0,6.114985,102.19698,0.0
DMU05,58,1785854604,0.0,6.20007,102.16724,0.0
SCS13,weekday_2178,1785854604,104.0,3.649853,101.54887,0.0
SCS24,2964,1785854601,115.0,6.02775,100.40913,0.0
SCS04,2967,1785854600,118.0,5.773068,100.49304,0.0
SCS27,weekday_2067,1785854626,0.0,3.098625,101.705086,0.0
SCS28,weekday_2182,1785854625,31.0,3.207385,101.5768,0.0
DMU09,60,1785854625,22.0,6.118122,102.20044,0.0
SCS07,weekday_2063,1785854615,0.0,3.166,101.69028,0.0
DMU09,60,1785854685,0.0,6.118553,102.20081,0.0
SCS04,2967,1785854660,120.0,5.756033,100.50076,0.0
DMU05,58,1785854679,0.0,6.20007,102.16724,0.0
SCS07,weekday_2063,1785854615,0.0,3.166,101.69028,0.0
SCS28,weekday_2182,1785854685,81.0,3.214473,101.57032,0.0
SCS13,weekday_2178,1785854664,93.0,3.660847,101.53777,0.0
SCS24,2964,1785854691,111.0,6.051103,100.39595,0.0
SCS27,weekday_2067,1785854686,0.0,3.098625,101.705086,0.0
DMU05,58,1785854724,1.0,6.200027,102.1674,0.0
SCS04,2967,1785854705,115.0,5.743125,100.50611,0.0
SCS24,2964,1785854721,115.0,6.058912,100.391525,0.0
SCS27,weekday_2067,1785854746,0.0,3.098625,101.705086,0.0
SCS28,weekday_2182,1785854745,101.0,3.227173,101.56087,0.0
DMU09,60,1785854745,5.0,6.11872,102.20097,0.0
SCS13,weekday_2178,1785854739,46.0,3.674157,101.528534,0.0
SCS27,weekday_2067,1785854806,0.0,3.098625,101.705086,0.0
DMU05,58,1785854799,0.0,6.200105,102.16725,0.0
SCS04,2967,1785854810,115.0,5.71406,100.51325,0.0
DMU09,60,1785854790,14.0,6.119915,102.20191,0.0
SCS24,2964,1785854781,114.0,6.07463,100.38263,0.0
SCS13,weekday_2178,1785854784,46.0,3.677935,101.525475,0.0
SCS28,weekday_2182,1785854805,80.0,3.241295,101.56045,0.0
SCS13,weekday_2178,1785854829,34.0,3.681922,101.521225,0.0
SCS04,2967,1785854825,117.0,5.709598,100.512146,0.0
SCS28,weekday_2182,1785854865,14.0,3.249188,101.556816,0.0
DMU05,58,1785854844,0.0,6.200137,102.16713,0.0
SCS24,2964,1785854871,107.0,6.098147,100.369576,0.0
SCS27,weekday_2067,1785854866,0.0,3.098625,101.705086,0.0
DMU09,60,1785854865,76.0,6.125855,102.208984,0.0
SCS28,weekday_2182,1785854910,9.0,3.250303,101.55613,0.0
SCS27,weekday_2067,1785854926,0.0,3.098625,101.705086,0.0
DMU09,60,1785854925,73.0,6.133722,102.218575,0.0
SCS13,weekday_2178,1785854919,0.0,3.684053,101.51874,0.0
DMU05,58,1785854934,0.0,6.2,102.16702,0.0
SCS24,2964,1785854931,51.0,6.110872,100.36866,0.0
SCS04,2967,1785854930,117.0,5.681092,100.49822,0.0
SCS27,weekday_2067,1785854986,0.0,3.098625,101.705086,0.0
DMU09,60,1785854985,68.0,6.141702,102.22654,0.0
SCS24,2964,1785854991,0.0,6.113583,100.369934,0.0
SCS13,weekday_2178,1785854919,0.0,3.684053,101.51874,0.0
SCS28,weekday_2182,1785854970,32.0,3.254202,101.55462,0.0
DMU05,58,1785854979,0.0,6.200028,102.167244,0.0
SCS04,2967,1785854975,114.0,5.668053,100.49437,0.0
SCS27,weekday_2067,1785855046,0.0,3.098625,101.705086,0.0
DMU09,60,1785855045,68.0,6.151118,102.22959,0.0
SCS24,2964,1785855036,56.0,6.116358,100.371155,0.0
SCS04,2967,1785855035,91.0,5.65097,100.49148,0.0
SCS28,weekday_2182,1785855030,0.0,3.258743,101.55497,0.0
DMU05,58,1785855024,0.0,6.200087,102.16723,0.0
SCS24,2964,1785855081,93.0,6.124798,100.37499,0.0
SCS04,2967,1785855080,15.0,5.643772,100.490265,0.0
SCS28,weekday_2182,1785855105,28.0,3.260832,101.55584,0.0
SCS27,weekday_2067,1785855106,0.0,3.098625,101.705086,0.0
DMU09,60,1785855105,60.0,6.157617,102.22236,0.0
DMU05,58,1785855084,0.0,6.200058,102.167244,0.0
SCS04,2967,1785855140,0.0,5.643608,100.49024,0.0
SCS27,weekday_2067,1785855166,0.0,3.098625,101.705086,0.0
SCS24,2964,1785855141,115.0,6.140387,100.38067,0.0
DMU09,60,1785855150,80.0,6.160348,102.21421,0.0
SCS28,weekday_2182,1785855150,71.0,3.267463,101.5593,0.0
DMU05,58,1785855159,0.0,6.200118,102.167175,0.0
DMU05,58,1785855204,0.0,6.200133,102.16726,0.0
SCS24,2964,1785855201,114.0,6.158447,100.37948,0.0
SCS04,2967,1785855200,92.0,5.637455,100.48923,0.0
SCS27,weekday_2067,1785855226,0.0,3.098625,101.705086,0.0
DMU09,60,1785855225,66.0,6.165528,102.19987,0.0
SCS28,weekday_2182,1785855225,66.0,3.279453,101.564926,0.0
DMU05,58,1785855249,0.0,6.200225,102.16724,0.0
SCS04,2967,1785855290,119.0,5.611857,100.49644,0.0
SCS27,weekday_2067,1785855286,0.0,3.098625,101.705086,0.0
DMU09,60,1785855285,76.0,6.173012,102.192894,0.0
SCS28,weekday_2182,1785855270,70.0,3.286042,101.56949,0.0
SCS24,2964,1785855261,96.0,6.17588,100.378204,0.0
SCS27,weekday_2067,1785855346,0.0,3.098625,101.705086,0.0
SCS24,2964,1785855321,4.0,6.183855,100.37451,0.0
SCS28,weekday_2182,1785855345,77.0,3.299373,101.57479,0.0
SCS04,2967,1785855320,115.0,5.602925,100.49443,0.0
DMU09,60,1785855330,72.0,6.178815,102.18578,0.0
DMU05,58,1785855309,0.0,6.200148,102.16715,0.0
SCS04,2967,1785855380,115.0,5.585465,100.49435,0.0
DMU05,58,1785855384,0.0,6.200103,102.167145,0.0
SCS24,2964,1785855381,23.0,6.18432,100.37416,0.0
SCS27,weekday_2067,1785855376,0.0,3.098625,101.705086,0.0
SCS28,weekday_2182,1785855405,48.0,3.311358,101.57492,0.0
SCS27,weekday_2067,1785855451,0.0,3.098625,101.705086,0.0
SCS28,weekday_2182,1785855465,32.0,3.317385,101.57486,0.0
DMU05,58,1785855459,0.0,6.199997,102.16709,0.0
SCS24,2964,1785855456,102.0,6.197512,100.3683,0.0
SCS04,2967,1785855455,116.0,5.56271,100.49806,0.0
SCS27,weekday_2067,1785855511,0.0,3.098625,101.705086,0.0
DMU05,58,1785855504,0.0,6.200015,102.16711,0.0
SCS28,weekday_2182,1785855510,0.0,3.320288,101.574554,0.0
SCS24,2964,1785855531,114.0,6.219318,100.36388,0.0
SCS04,2967,1785855530,116.0,5.540292,100.50259,0.0
SCS27,weekday_2067,1785855586,0.0,3.098625,101.705086,0.0
DMU09,60,1785855585,10.0,6.198778,102.167404,0.0
SCS28,weekday_2182,1785855585,33.0,3.321965,101.5734,0.0
DMU05,58,1785855579,0.0,6.200072,102.167046,0.0
SCS24,2964,1785855576,114.0,6.23257,100.361145,0.0
SCS04,2967,1785855575,115.0,5.527102,100.5063,0.0
DMU09,60,1785855645,0.0,6.199265,102.16728,0.0
SCS28,weekday_2182,1785855630,34.0,3.325628,101.5708,0.0
SCS04,2967,1785855650,116.0,5.504833,100.50408,0.0
SCS24,2964,1785855621,110.0,6.245712,100.35847,0.0
SCS27,weekday_2067,1785855631,0.0,3.098625,101.705086,0.0
DMU05,58,1785855624,4.0,6.200237,102.1673,0.0
SCS28,weekday_2182,1785855705,71.0,3.334472,101.57171,0.0
SCS04,2967,1785855710,83.0,5.488245,100.49963,0.0
DMU05,58,1785855699,0.0,6.200238,102.167244,0.0
SCS24,2964,1785855696,114.0,6.267638,100.35397,0.0
SCS27,weekday_2067,1785855691,0.0,3.098625,101.705086,0.0
DMU09,60,1785855690,0.0,6.199245,102.167435,0.0
DMU05,58,1785855744,0.0,6.200178,102.16725,0.0
SCS24,2964,1785855771,114.0,6.289737,100.34947,0.0
SCS04,2967,1785855770,0.0,5.482752,100.49817,0.0
SCS27,weekday_2067,1785855766,8.0,3.098773,101.70488,0.0
DMU09,60,1785855765,4.0,6.199118,102.16734,0.0
SCS28,weekday_2182,1785855750,101.0,3.34407,101.57243,0.0
DMU09,60,1785855825,14.0,6.196877,102.167274,0.0
SCS04,2967,1785855830,0.0,5.482502,100.49811,0.0
SCS27,weekday_2067,1785855826,7.0,3.100212,101.70294,0.0
SCS28,weekday_2182,1785855825,94.0,3.362475,101.5748,0.0
SCS24,2964,1785855816,114.0,6.303013,100.34675,0.0
DMU05,58,1785855804,0.0,6.200123,102.16709,0.0
DMU05,58,1785855894,0.0,6.200058,102.16721,0.0
SCS24,2964,1785855891,114.0,6.323432,100.33817,0.0
SCS04,2967,1785855890,82.0,5.477558,100.49678,0.0
DMU09,60,1785855885,0.0,6.195455,102.16737,0.0
SCS28,weekday_2182,1785855885,96.0,3.36355,101.589645,0.0
SCS27,weekday_2067,1785855871,14.0,3.1014,101.70143,0.0
DMU05,58,1785855954,0.0,6.200055,102.16712,0.0
SCS24,2964,1785855951,114.0,6.337885,100.32735,0.0
SCS04,2967,1785855950,118.0,5.460383,100.49533,0.0
DMU09,60,1785855945,0.0,6.195455,102.16737,0.0
SCS28,weekday_2182,1785855945,105.0,3.367832,101.604454,0.0
SCS27,weekday_2067,1785855946,13.0,3.104257,101.6979,0.0
SCS27,weekday_2067,1785856006,0.0,3.104505,101.69759,0.0
DMU05,58,1785855999,0.0,6.200055,102.16712,0.0
SCS24,2964,1785856011,114.0,6.35233,100.31657,0.0
SCS04,2967,1785856010,116.0,5.442637,100.49064,0.0
DMU09,60,1785856005,0.0,6.195455,102.16737,0.0
SCS28,weekday_2182,1785856005,32.0,3.375922,101.614296,0.0
DMU05,58,1785856059,0.0,6.200113,102.167244,0.0
SCS28,weekday_2182,1785856065,7.0,3.376568,101.61498,0.0
SCS27,weekday_2067,1785856066,67.0,3.109167,101.69178,0.0
DMU09,60,1785856065,11.0,6.196495,102.167244,0.0
SCS24,2964,1785856071,94.0,6.366257,100.30618,0.0
SCS04,2967,1785856070,115.0,5.42621,100.48285,0.0
SCS28,weekday_2182,1785856125,100.0,3.383927,101.622345,0.0
SCS27,weekday_2067,1785856096,62.0,3.112387,101.687325,0.0
DMU09,60,1785856095,6.0,6.197683,102.1672,0.0
DMU05,58,1785856089,0.0,6.200142,102.16719,0.0
SCS24,2964,1785856086,64.0,6.368813,100.304276,0.0
SCS04,2967,1785856085,116.0,5.422417,100.48036,0.0
SCS27,weekday_2067,1785856171,0.0,3.113908,101.68109,0.0
DMU05,58,1785856149,0.0,6.200095,102.16728,0.0
SCS28,weekday_2182,1785856185,105.0,3.398778,101.62811,0.0
SCS24,2964,1785856191,94.0,6.37652,100.29852,0.0
SCS04,2967,1785856190,111.0,5.391752,100.47088,0.0
DMU09,60,1785856155,3.0,6.199712,102.16674,0.0
DMU05,58,1785856209,0.0,6.200043,102.16713,0.0
DMU09,60,1785856207,0.0,6.200167,102.16674,0.0
SCS28,weekday_2182,1785856245,96.0,3.414903,101.62668,0.0
SCS24,2964,1785856236,116.0,6.387085,100.29062,0.0
SCS04,2967,1785856235,103.0,5.37911,100.469284,0.0
SCS27,weekday_2067,1785856216,16.0,3.114487,101.680466,0.0
SCS24,2964,1785856296,114.0,6.401568,100.2798,0.0
SCS04,2967,1785856295,58.0,5.365152,100.46754,0.0
SCS27,weekday_2067,1785856291,0.0,3.119113,101.67884,0.0
DMU05,58,1785856299,0.0,6.200008,102.16709,0.0
SCS28,weekday_2182,1785856305,96.0,3.428162,101.62905,0.0
SCS27,weekday_2067,1785856351,17.0,3.121177,101.67844,0.0
SCS24,2964,1785856341,114.0,6.413898,100.27449,0.0
SCS04,2967,1785856340,43.0,5.359142,100.46678,0.0
SCS28,weekday_2182,1785856365,107.0,3.441895,101.63798,0.0
DMU05,58,1785856359,0.0,6.200012,102.16712,0.0
SCS27,weekday_2067,1785856381,19.0,3.122863,101.67809,0.0
DMU05,58,1785856434,0.0,6.200012,102.16712,0.0
SCS04,2967,1785856430,50.0,5.362532,100.45953,0.0
SCS24,2964,1785856416,31.0,6.43161,100.26843,0.0
SCS28,weekday_2182,1785856410,104.0,3.454185,101.63985,0.0
SCS28,weekday_2182,1785856485,4.0,3.469018,101.63792,0.0
DMU05,58,1785856464,0.0,6.200012,102.16712,0.0
SCS24,2964,1785856461,0.0,6.432582,100.26808,0.0
SCS04,2967,1785856460,93.0,5.365362,100.454,0.0
SCS27,weekday_2067,1785856486,11.0,3.127963,101.67995,0.0
DMU05,58,1785856524,0.0,6.20011,102.16713,0.0
SCS28,weekday_2182,1785856545,31.0,3.469705,101.63803,0.0
SCS27,weekday_2067,1785856546,19.0,3.130713,101.68229,0.0
SCS24,2964,1785856551,108.0,6.443308,100.2644,0.0
SCS04,2967,1785856550,0.0,5.366187,100.44842,0.0
DMU05,58,1785856569,0.0,6.20011,102.16713,0.0
SCS04,2967,1785856610,45.0,5.366652,100.44531,0.0
SCS28,weekday_2182,1785856605,106.0,3.482163,101.639595,0.0
SCS24,2964,1785856581,117.0,6.451868,100.26144,0.0
SCS27,weekday_2067,1785856591,0.0,3.132225,101.68343,0.0
SCS04,2967,1785856655,61.0,5.365585,100.43831,0.0
SCS28,weekday_2182,1785856665,69.0,3.49731,101.63463,0.0
DMU05,58,1785856659,0.0,6.200073,102.1672,0.0
SCS27,weekday_2067,1785856666,0.0,3.132225,101.68343,0.0
SCS24,2964,1785856656,114.0,6.473268,100.25414,0.0
SCS24,2964,1785856716,114.0,6.491218,100.25349,0.0
SCS04,2967,1785856685,60.0,5.363503,100.4338,0.0
SCS28,weekday_2182,1785856710,0.0,3.500865,101.634125,0.0
DMU05,58,1785856719,0.0,6.200013,102.167274,0.0
SCS27,weekday_2067,1785856726,0.0,3.132225,101.68343,0.0
SCS28,weekday_2182,1785856770,66.0,3.50383,101.633644,0.0
SCS24,2964,1785856746,114.0,6.500233,100.253334,0.0
SCS04,2967,1785856760,28.0,5.363525,100.423874,0.0
SCS27,weekday_2067,1785856786,0.0,3.132225,101.68343,0.0
DMU05,58,1785856779,0.0,6.2001,102.16721,0.0
SCS04,2967,1785856820,13.0,5.36406,100.422455,0.0
SCS27,weekday_2067,1785856831,0.0,3.132225,101.68343,0.0
SCS28,weekday_2182,1785856845,99.0,3.519573,101.62878,0.0
DMU05,58,1785856839,0.0,6.200017,102.16718,0.0
SCS24,2964,1785856836,43.0,6.523025,100.256744,0.0
SCS27,weekday_2067,1785856891,0.0,3.132225,101.68343,0.0
SCS04,2967,1785856880,0.0,5.364232,100.4219,0.0
SCS28,weekday_2182,1785856905,97.0,3.533968,101.63377,0.0
DMU05,58,1785856839,0.0,6.200017,102.16718,0.0
SCS24,2964,1785856896,0.0,6.524355,100.25698,0.0
DMU05,53,1785856884,0.0,6.199998,102.16702,0.0
DMU05,53,1785856959,0.0,6.200027,102.167274,0.0
SCS24,2964,1785856956,72.0,6.52979,100.257904,0.0
SCS27,weekday_2067,1785856951,0.0,3.132225,101.68343,0.0
SCS04,2967,1785856955,95.0,5.369183,100.409386,0.0
SCS28,weekday_2182,1785856965,92.0,3.548005,101.63941,0.0
SCS27,weekday_2067,1785857026,0.0,3.132225,101.68343,0.0
DMU05,53,1785857019,0.0,6.200095,102.16719,0.0
SCS24,2964,1785857016,116.0,6.545532,100.259995,0.0
SCS04,2967,1785857015,91.0,5.375597,100.396034,0.0
SCS28,weekday_2182,1785857025,0.0,3.553865,101.63944,0.0
SCS28,weekday_2182,1785857070,57.0,3.555865,101.63899,0.0
DMU05,53,1785857064,0.0,6.200023,102.1671,0.0
SCS27,weekday_2067,1785857086,3.0,3.136633,101.69062,0.0
SCS24,2964,1785857082,113.0,6.565782,100.25916,0.0
SCS04,2967,1785857075,85.0,5.382203,100.383514,0.0
SCS27,weekday_2067,1785857146,22.0,3.137978,101.693016,0.0
SCS28,weekday_2182,1785857145,99.0,3.56493,101.623795,0.0
SCS24,2964,1785857142,115.0,6.582987,100.26225,0.0
DMU05,53,1785857139,0.0,6.199948,102.167015,0.0
SCS04,2967,1785857135,20.0,5.386588,100.37501,0.0
DMU05,53,1785857199,0.0,6.20006,102.167114,0.0
SCS04,2967,1785857195,13.0,5.387345,100.37339,0.0
SCS28,weekday_2182,1785857205,97.0,3.575973,101.61354,0.0
SCS24,2964,1785857202,116.0,6.601172,100.26323,0.0
SCS27,weekday_2067,1785857191,0.0,3.140063,101.693825,0.0
SCS04,2967,1785857270,18.0,5.390767,100.36988,0.0
DMU05,53,1785857244,0.0,6.200002,102.16709,0.0
SCS27,weekday_2067,1785857266,17.0,3.141768,101.694145,0.0
SCS28,weekday_2182,1785857265,105.0,3.590663,101.6074,0.0
SCS24,2964,1785857262,115.0,6.619055,100.264984,0.0
SCS04,2967,1785857315,12.0,5.392222,100.36779,0.0
SCS24,2964,1785857322,113.0,6.633007,100.275345,0.0
DMU05,53,1785857319,0.0,6.200058,102.167145,0.0
SCS27,weekday_2067,1785857326,18.0,3.145095,101.692375,0.0
SCS28,weekday_2182,1785857325,98.0,3.599652,101.596146,0.0
DMU05,53,1785857379,0.0,6.20006,102.16722,0.0
SCS04,2967,1785857360,0.0,5.392458,100.367516,0.0
SCS27,weekday_2067,1785857386,55.0,3.151343,101.69092,0.0
SCS24,2964,1785857382,114.0,6.64375,100.28974,0.0
SCS28,weekday_2182,1785857370,106.0,3.607873,101.58765,0.0
DMU05,53,1785857439,0.0,6.200038,102.1671,0.0
SCS28,weekday_2182,1785857430,105.0,3.61882,101.575165,0.0
SCS27,weekday_2067,1785857401,46.0,3.15317,101.69206,0.0
SCS24,2964,1785857427,105.0,6.64996,100.30154,0.0
SCS27,weekday_2067,1785857506,10.0,3.154967,101.69332,0.0
SCS28,weekday_2182,1785857505,104.0,3.634083,101.56132,0.0
DMU05,53,1785857499,0.0,6.199995,102.16704,0.0
SCS24,2964,1785857472,65.0,6.654827,100.30906,0.0
SCS27,weekday_2067,1785857551,49.0,3.159657,101.69269,0.0
SCS28,weekday_2182,1785857550,85.0,3.644338,101.55464,0.0
DMU05,53,1785857559,0.0,6.20007,102.16709,0.0
SCS27,weekday_2067,1785857626,0.0,3.166062,101.690315,0.0
DMU05,53,1785857619,0.0,6.200172,102.16712,0.0
SCS28,weekday_2182,1785857610,38.0,3.648055,101.551186,0.0
SCS28,weekday_2182,1785857670,105.0,3.655492,101.54239,0.0
DMU05,53,1785857694,0.0,6.200143,102.16737,0.0
SCS27,weekday_2067,1785857626,0.0,3.166062,101.690315,0.0
SCS28,weekday_2182,1785857730,95.0,3.668567,101.53243,0.0
DMU05,53,1785857709,0.0,6.20015,102.16737,0.0
DMU05,53,1785857769,0.0,6.200165,102.16727,0.0
SCS28,weekday_2182,1785857805,25.0,3.67799,101.52542,0.0
DMU05,53,1785857844,0.0,6.200163,102.16724,0.0
SCS28,weekday_2182,1785857850,23.0,3.68021,101.52314,0.0
DMU05,53,1785857919,0.0,6.200102,102.167305,0.0
SCS28,weekday_2182,1785857925,0.0,3.684747,101.518265,0.0
DMU05,53,1785857979,2.0,6.2001,102.16737,0.0
SCS28,weekday_2182,1785857970,0.0,3.684752,101.51826,0.0
DMU05,53,1785858039,0.0,6.200147,102.167336,0.0
DMU05,53,1785858114,0.0,6.200168,102.16722,0.0
DMU05,53,1785858144,0.0,6.200168,102.16722,0.0
DMU05,53,1785858234,0.0,6.200263,102.1672,0.0
DMU05,53,1785858264,0.0,6.200205,102.167114,0.0
DMU05,53,1785858324,0.0,6.20018,102.16713,0.0
DMU05,53,1785858399,0.0,6.200305,102.16728,0.0
DMU05,53,1785858459,0.0,6.200305,102.16728,0.0
DMU05,53,1785858519,0.0,6.200218,102.16725,0.0
DMU05,53,1785858579,0.0,6.200175,102.16732,0.0
DMU05,53,1785858639,0.0,6.200113,102.16729,0.0
DMU05,53,1785858699,0.0,6.200027,102.16729,0.0
DMU05,53,1785858759,0.0,6.20012,102.1673,0.0
DMU05,53,1785858804,0.0,6.20009,102.16732,0.0
DMU05,53,1785858879,0.0,6.20004,102.1673,0.0
DMU05,53,1785858939,0.0,6.200003,102.16732,0.0
DMU05,53,1785858984,0.0,6.2001,102.16738,0.0
DMU05,53,1785859059,0.0,6.20019,102.1672,0.0
DMU05,53,1785859119,0.0,6.200228,102.16725,0.0
