vehicle_id,trip_id,timestamp,speed,lat,lon,bearing
ETS212,9238,1790611236,80.0,3.6778,101.5256,0.0
ETS305,9535,1790611283,90.0,1.6404359,103.6272,0.0
ETS216,9138,1790611277,65.0,5.1266,100.4872,0.0
ETS212,9238,1790611236,80.0,3.6778,101.5256,0.0
ETS212,9238,1790611341,0.0,3.6848,101.518,0.0
SCS22,weekday_2186,1790611335,92.0,3.3632,101.5767,0.0
ETS305,9535,1790611404,90.0,1.6088401,103.64947,0.0
ETS212,9238,1790611386,0.0,3.685,101.5181,0.0
SCS22,weekday_2186,1790611380,107.0,3.3634,101.5884,0.0
SCS22,weekday_2186,1790611455,80.0,3.3677,101.6039,0.0
ETS216,9138,1790611412,24.0,5.1318,100.4857,0.0
ETS305,9535,1790611526,90.0,1.5765523,103.67065,0.0
SCS22,weekday_2186,1790611515,34.0,3.376,101.6143,0.0
ETS305,9535,1790611647,90.0,1.5590045,103.695435,0.0
ETS216,9138,1790611637,134.0,5.1937,100.4811,0.0
SCS22,weekday_2186,1790611635,111.0,3.3852,101.6236,0.0
ETS212,9238,1790611611,106.0,3.7208,101.4701,0.0
SCS22,weekday_2186,1790611695,114.0,3.402,101.6278,0.0
ETS212,9238,1790611701,96.0,3.7361,101.4554,0.0
ETS216,9138,1790611697,130.0,5.2126,100.4911,0.0
ETS305,9535,1790611768,90.0,1.5409275,103.71517,0.0
ETS216,9138,1790611742,133.0,5.2281,100.4896,0.0
ETS212,9238,1790611821,118.0,3.7584,101.4369,0.0
SCS22,weekday_2186,1790611815,104.0,3.4315,101.6316,0.0
ETS216,9138,1790611772,127.0,5.2379,100.4875,0.0
ETS305,9535,1790611889,90.0,1.5365242,103.724556,0.0
ETS212,9238,1790611881,110.0,3.7759,101.4355,0.0
SCS22,weekday_2186,1790611875,35.0,3.4403,101.6376,0.0
ETS212,9238,1790611926,104.0,3.7886,101.4343,0.0
SCS22,weekday_2186,1790611965,103.0,3.4625,101.6376,0.0
ETS305,9535,1790612035,90.0,1.5364825,103.72459,0.0
ETS305,9535,1790612035,90.0,1.5364825,103.72459,0.0
ETS212,9238,1790612121,4.0,3.8272,101.4021,0.0
ETS212,9238,1790612166,29.0,3.8297,101.4005,0.0
ETS305,9535,1790612180,90.0,1.5297592,103.735596,0.0
SCS22,weekday_2186,1790612205,96.0,3.4942,101.6351,0.0
ETS216,9138,1790612237,83.0,5.3631,100.4591,0.0
ETS305,9535,1790612301,90.0,1.4986677,103.75507,0.0
ETS212,9238,1790612346,19.0,3.8412,101.3934,0.0
SCS22,weekday_2186,1790612355,76.0,3.5092,101.6328,0.0
ETS216,9138,1790612312,0.0,5.3663,100.448,0.0
ETS212,9238,1790612376,52.0,3.8446,101.3908,0.0
ETS212,9238,1790612481,110.0,3.8627,101.3775,0.0
ETS212,9238,1790612526,111.0,3.8752,101.3813,0.0
ETS212,9238,1790612601,115.0,3.8906,101.3704,0.0
SCS22,weekday_2186,1790612595,0.0,3.5539,101.6394,0.0
ETS212,9238,1790612661,105.0,3.9016,101.3579,0.0
ETS212,9238,1790612706,106.0,3.9095,101.3479,0.0
SCS22,weekday_2186,1790612775,96.0,3.5791,101.6134,0.0
ETS212,9238,1790612841,112.0,3.9451,101.3334,0.0
SCS22,weekday_2186,1790612835,100.0,3.5935,101.6054,0.0
ETS212,9238,1790612886,109.0,3.9558,101.3258,0.0
SCS22,weekday_2186,1790612925,116.0,3.6082,101.5874,0.0
SCS22,weekday_2186,1790613030,112.0,3.6298,101.5646,0.0
ETS212,9238,1790613096,133.0,4.0128,101.2949,0.0
SCS22,weekday_2186,1790613075,75.0,3.6401,101.558,0.0
SCS22,weekday_2186,1790613105,30.0,3.6436,101.5553,0.0
ETS212,9238,1790613111,128.0,4.0169,101.2917,0.0
ETS212,9238,1790613276,119.0,4.069,101.2772,0.0
ETS212,9238,1790613276,119.0,4.069,101.2772,0.0
ETS212,9238,1790613426,114.0,4.1076,101.258,0.0
ETS212,9238,1790613471,120.0,4.1149,101.2468,0.0
ETS212,9238,1790613576,124.0,4.1348,101.2184,0.0
ETS212,9238,1790613681,113.0,4.1571,101.1946,0.0
ETS212,9238,1790613786,96.0,4.1831,101.1867,0.0
DMU10(D6120),27,1790613937,0.0,6.1992,102.167,0.0
ETS212,9238,1790613936,128.0,4.23,101.1774,0.0
ETS212,9238,1790613966,126.0,4.24,101.1762,0.0
DMU10(D6120),27,1790613982,0.0,6.1992,102.1672,0.0
DMU10(D6120),27,1790614102,0.0,6.1992,102.1672,0.0
ETS212,9238,1790614101,96.0,4.2764,101.1671,0.0
ETS212,9238,1790614146,104.0,4.2874,101.1639,0.0
ETS212,9238,1790614236,0.0,4.3028,101.1535,0.0
DMU10(D6120),27,1790614237,0.0,6.1993,102.1672,0.0
DMU10(D6120),27,1790614327,0.0,6.1993,102.1671,0.0
ETS212,9238,1790614326,54.0,4.3051,101.1503,0.0
DMU10(D6120),27,1790614417,0.0,6.1993,102.1671,0.0
ETS212,9238,1790614416,133.0,4.3244,101.1334,0.0
DMU10(D6120),27,1790614462,0.0,6.1993,102.1672,0.0
ETS212,9238,1790614461,133.0,4.3367,101.1239,0.0
ETS212,9238,1790614581,130.0,4.3697,101.1,0.0
DMU10(D6120),27,1790614567,0.0,6.1993,102.1672,0.0
DMU10(D6120),27,1790614687,0.0,6.1992,102.1671,0.0
ETS212,9238,1790614701,129.0,4.4023,101.079,0.0
ETS212,9238,1790614716,129.0,4.4067,101.0766,0.0
ETS212,9238,1790614821,123.0,4.4372,101.0597,0.0
DMU10(D6120),27,1790614897,0.0,6.1993,102.1672,0.0
DMU10(D6120),27,1790614942,0.0,6.1993,102.1672,0.0
ETS212,9238,1790614941,0.0,4.4596,101.0494,0.0
DMU10(D6120),27,1790615062,0.0,6.1992,102.1671,0.0
ETS212,9238,1790615016,57.0,4.464,101.0472,0.0
DMU10(D6120),27,1790615107,0.0,6.1992,102.1671,0.0
ETS212,9238,1790615106,107.0,4.4847,101.0427,0.0
DMU10(D6120),27,1790615167,0.0,6.1993,102.1671,0.0
ETS212,9238,1790615166,0.0,4.5009,101.0459,0.0
ETS212,9238,1790615241,36.0,4.5207,101.0496,0.0
DMU10(D6120),27,1790615197,0.0,6.1993,102.1671,0.0
DMU10(D6120),27,1790615302,0.0,6.1993,102.1671,0.0
ETS212,9238,1790615301,32.0,4.5249,101.0504,0.0
ETS212,9238,1790615421,18.0,4.5418,101.0535,0.0
DMU10(D6120),27,1790615407,0.0,6.1993,102.1671,0.0
DMU10(D6120),27,1790615452,0.0,6.1993,102.1671,0.0
ETS212,9238,1790615451,32.0,4.544,101.0539,0.0
DMU10(D6120),27,1790615542,0.0,6.1992,102.167,0.0
ETS212,9238,1790615541,110.0,4.5637,101.06,0.0
DMU10(D6120),27,1790615737,0.0,6.1991,102.1669,0.0
ETS212,9238,1790615706,30.0,4.593,101.0713,0.0
ETS212,9238,1790615781,0.0,4.596,101.0723,0.0
DMU10(D6120),27,1790615752,0.0,6.1991,102.1669,0.0
DMU10(D6120),27,1790615827,0.0,6.1992,102.167,0.0
ETS212,9238,1790615871,0.0,4.596,101.0723,0.0
ETS212,9238,1790615916,0.0,4.596,101.0723,0.0
ETS212,9238,1790615991,0.0,4.596,101.0723,0.0
DMU10(D6120),27,1790616022,0.0,6.1993,102.1671,0.0
DMU10(D6120),27,1790616127,0.0,6.1992,102.167,0.0
ETS212,9238,1790616141,53.0,4.6108,101.083,0.0
DMU10(D6120),27,1790616262,0.0,6.1993,102.1671,0.0
ETS212,9238,1790616261,116.0,4.6272,101.1012,0.0
DMU10(D6120),27,1790616277,0.0,6.1993,102.1671,0.0
DMU10(D6120),27,1790616382,0.0,6.1993,102.1671,0.0
ETS212,9238,1790616381,126.0,4.6595,101.1254,0.0
DMU10(D6120),27,1790616457,0.0,6.1993,102.1672,0.0
ETS212,9238,1790616456,133.0,4.6792,101.14,0.0
ETS212,9238,1790616501,136.0,4.6945,101.1404,0.0
DMU10(D6120),27,1790616457,0.0,6.1993,102.1672,0.0
DMU10(D6120),27,1790616547,0.0,6.1993,102.1671,0.0
ETS212,9238,1790616576,101.0,4.7125,101.124,0.0
DMU10(D6120),27,1790616607,0.0,6.1993,102.1671,0.0
ETS212,9238,1790616606,129.0,4.7242,101.1221,0.0
DMU10(D6120),27,1790616712,0.0,6.1993,102.1671,0.0
ETS212,9238,1790616696,0.0,4.7513,101.1198,0.0
DMU10(D6120),27,1790616817,0.0,6.1993,102.167,0.0
ETS212,9238,1790616816,128.0,4.7879,101.0967,0.0
DMU10(D6120),27,1790616847,0.0,6.1993,102.1671,0.0
ETS212,9238,1790616846,132.0,4.7969,101.0913,0.0
DMU10(D6120),27,1790616877,0.0,6.1993,102.1671,0.0
DMU10(D6120),27,1790616982,0.0,6.1992,102.1671,0.0
ETS212,9238,1790616981,124.0,4.8329,101.0529,0.0
DMU10(D6120),27,1790617000,0.0,6.1992,102.1671,0.0
ETS212,9238,1790616996,0.0,4.8329,101.0529,0.0
ETS212,9238,1790617056,0.0,4.8233,101.0419,0.0
ETS212,9238,1790617221,129.0,4.8433,100.9823,0.0
ETS212,9238,1790617251,0.0,4.843,100.9809,0.0
ETS212,9238,1790617341,0.0,4.8342,100.9569,0.0
ETS212,9238,1790617416,0.0,4.8041,100.9448,0.0
ETS212,9238,1790617446,0.0,4.8041,100.9448,0.0
ETS212,9238,1790617491,0.0,4.8041,100.9448,0.0
ETS212,9238,1790617536,0.0,4.8041,100.9448,0.0
ETS212,9238,1790617641,8.0,4.7757,100.9311,0.0
ETS212,9238,1790617701,69.0,4.7746,100.9236,0.0
ETS212,9238,1790617776,91.0,4.7772,100.9068,0.0
ETS212,9238,1790617821,0.0,4.7744,100.901,0.0
ETS212,9238,1790617881,0.0,4.7711,100.8828,0.0
ETS212,9238,1790617941,0.0,4.7743,100.8695,0.0
ETS212,9238,1790618016,102.0,4.7763,100.8369,0.0
ETS212,9238,1790618016,102.0,4.7763,100.8369,0.0
ETS212,9238,1790618121,0.0,4.7763,100.8369,0.0
ETS212,9238,1790618166,134.0,4.7807,100.7847,0.0
ETS212,9238,1790618241,124.0,4.7896,100.7605,0.0
ETS212,9238,1790618301,0.0,4.7944,100.7544,0.0
ETS212,9238,1790618361,0.0,4.8215,100.7385,0.0
ETS212,9238,1790618496,0.0,4.8528,100.7322,0.0
ETS212,9238,1790618541,0.0,4.8528,100.7322,0.0
ETS212,9238,1790618661,94.0,4.8674,100.7269,0.0
ETS212,9238,1790618706,134.0,4.8813,100.7212,0.0
ETS212,9238,1790618766,139.0,4.9018,100.7188,0.0
ETS212,9238,1790618796,0.0,4.9112,100.7178,0.0
ETS212,9238,1790618901,136.0,4.9492,100.7232,0.0
ETS212,9238,1790618946,130.0,4.9643,100.7274,0.0
ETS212,9238,1790619036,132.0,4.9951,100.7348,0.0
ETS212,9238,1790619066,136.0,5.0057,100.7348,0.0
ETS212,9238,1790619156,134.0,5.0301,100.7144,0.0
ETS212,9238,1790619186,0.0,5.0324,100.7117,0.0
ETS212,9238,1790619261,125.0,5.0393,100.6811,0.0
ETS212,9238,1790619321,140.0,5.0394,100.6582,0.0
ETS212,9238,1790619366,133.0,5.0414,100.6424,0.0
ETS212,9238,1790619441,0.0,5.0426,100.6257,0.0
ETS212,9238,1790619486,134.0,5.0445,100.6004,0.0
ETS212,9238,1790619531,128.0,5.0441,100.5851,0.0
ETS212,9238,1790619576,66.0,5.0358,100.5716,0.0
ETS212,9238,1790619666,129.0,5.0185,100.5447,0.0
ETS212,9238,1790619711,132.0,5.0219,100.5308,0.0
ETS212,9238,1790619816,132.0,5.056,100.5128,0.0
ETS212,9238,1790619846,125.0,5.0646,100.5079,0.0
ETS212,9238,1790619966,0.0,5.0904,100.4946,0.0
ETS212,9238,1790620041,0.0,5.1105,100.4904,0.0
ETS212,9238,1790620101,0.0,5.1105,100.4904,0.0
ETS212,9238,1790620116,0.0,5.1311,100.4861,0.0
ETS212,9238,1790620236,12.0,5.1511,100.482,0.0
ETS212,9238,1790620236,12.0,5.1511,100.482,0.0
ETS212,9238,1790620341,133.0,5.1878,100.4794,0.0
ETS212,9238,1790620371,132.0,5.1977,100.4835,0.0
ETS212,9238,1790620461,136.0,5.227,100.4903,0.0
ETS212,9238,1790620521,137.0,5.2475,100.4858,0.0
ETS212,9238,1790620566,137.0,5.2631,100.4823,0.0
ETS212,9238,1790620611,114.0,5.2776,100.479,0.0
DMU10(D6120),27,1790620600,0.0,6.1992,102.1671,0.0
ETS212,9238,1790620716,131.0,5.306,100.4781,0.0
ETS212,9238,1790620761,130.0,5.32,100.4717,0.0
DMU10(D6120),27,1790620838,0.0,6.1994,102.167,0.0
ETS212,9238,1790620821,89.0,5.3388,100.47,0.0
DMU10(D6120),27,1790620868,0.0,6.1992,102.1672,0.0
ETS212,9238,1790620866,26.0,5.3442,100.4695,0.0
DMU10(D6120),27,1790620898,0.0,6.1992,102.1671,0.0
ETS212,9238,1790620941,53.0,5.3524,100.4669,0.0
DMU10(D6120),27,1790620988,0.0,6.1992,102.1673,0.0
ETS212,9238,1790620986,48.0,5.3583,100.4671,0.0
DMU10(D6120),27,1790621018,0.0,6.1994,102.167,0.0
ETS212,9238,1790621061,0.0,5.359,100.4674,0.0
DMU10(D6120),27,1790621093,0.0,6.1992,102.1671,0.0
ETS212,9238,1790621121,49.0,5.374,100.4688,0.0
DMU10(D6120),27,1790621183,0.0,6.1992,102.1672,0.0
ETS212,9238,1790621181,132.0,5.3908,100.471,0.0
DMU10(D6120),27,1790621213,0.0,6.1992,102.1672,0.0
ETS212,9238,1790621241,140.0,5.413,100.4754,0.0
DMU10(D6120),27,1790621303,0.0,6.1993,102.1672,0.0
ETS212,9238,1790621301,137.0,5.4298,100.4858,0.0
DMU10(D6120),27,1790621363,0.0,6.1991,102.1673,0.0
ETS212,9238,1790621361,127.0,5.4486,100.4925,0.0
DMU10(D6120),27,1790621423,0.0,6.1993,102.1673,0.0
ETS212,9238,1790621421,120.0,5.468,100.4966,0.0
DMU10(D6120),27,1790621453,0.0,6.1993,102.1673,0.0
ETS212,9238,1790621451,105.0,5.4771,100.4967,0.0
DMU10(D6120),27,1790621543,0.0,6.1991,102.1672,0.0
ETS212,9238,1790621526,1.0,5.4833,100.4986,0.0
DMU10(D6120),27,1790621573,0.0,6.1991,102.1672,0.0
ETS212,9238,1790621601,4.0,5.4834,100.4987,0.0
DMU10(D6120),27,1790621663,0.0,6.1991,102.1671,0.0
ETS212,9238,1790621661,28.0,5.491,100.5008,0.0
DMU10(D6120),27,1790621723,0.0,6.1992,102.1671,0.0
ETS212,9238,1790621721,0.0,5.5007,100.504,0.0
ETS212,9238,1790621781,0.0,5.506,100.5016,0.0
DMU10(D6120),27,1790621768,0.0,6.1992,102.1671,0.0
DMU10(D6120),27,1790621813,0.0,6.1992,102.1671,0.0
ETS212,9238,1790621811,0.0,5.5061,100.5015,0.0
DMU10(D6120),27,1790621888,0.0,6.1992,102.1672,0.0
ETS212,9238,1790621901,0.0,5.5061,100.5015,0.0
ETS212,9238,1790621961,128.0,5.5996,100.4936,0.0
DMU10(D6120),27,1790621963,0.0,6.1992,102.1672,0.0
DMU10(D6120),27,1790622008,0.0,6.1993,102.1672,0.0
ETS212,9238,1790622006,124.0,5.6146,100.4968,0.0
ETS212,9238,1790622051,120.0,5.6292,100.4921,0.0
DMU10(D6120),27,1790622083,0.0,6.1993,102.1671,0.0
DMU10(D6120),27,1790622143,0.0,6.1992,102.1672,0.0
ETS212,9238,1790622141,0.0,5.6429,100.4901,0.0
ETS212,9238,1790622171,0.0,5.6429,100.4901,0.0
DMU10(D6120),27,1790622173,0.0,6.1993,102.1671,0.0
DMU10(D6120),27,1790622248,0.0,6.1991,102.1672,0.0
ETS212,9238,1790622216,0.0,5.6429,100.4901,0.0
DMU10(D6120),27,1790622323,0.0,6.1991,102.1672,0.0
DMU10(D6120),27,1790622368,0.0,6.1992,102.1673,0.0
ETS212,9238,1790622396,125.0,5.663,100.4934,0.0
ETS212,9238,1790622396,125.0,5.663,100.4934,0.0
DMU10(D6120),27,1790622398,0.0,6.1992,102.1673,0.0
DMU10(D6120),27,1790622503,0.0,6.199,102.1672,0.0
ETS212,9238,1790622501,135.0,5.6969,100.5083,0.0
DMU10(D6120),27,1790622563,0.0,6.1992,102.1671,0.0
ETS212,9238,1790622561,132.0,5.7167,100.5141,0.0
DMU10(D6120),27,1790622623,0.0,6.199,102.1672,0.0
ETS212,9238,1790622591,132.0,5.7268,100.5125,0.0
DMU10(D6120),27,1790622668,0.0,6.1993,102.1671,0.0
DMU10(D6120),27,1790622713,0.0,6.1993,102.1671,0.0
ETS212,9238,1790622711,134.0,5.7647,100.4965,0.0
DMU10(D6120),27,1790622908,0.0,6.1993,102.1671,0.0
ETS212,9238,1790622921,134.0,5.8337,100.4768,0.0
DMU10(D6120),27,1790622863,0.0,6.1993,102.167,0.0
ETS212,9238,1790622981,134.0,5.8542,100.4768,0.0
DMU10(D6120),27,1790622953,0.0,6.1991,102.1671,0.0
DMU10(D6120),27,1790623028,4.0,6.1983,102.1671,0.0
ETS212,9238,1790623056,136.0,5.8819,100.4774,0.0
ETS212,9238,1790623071,137.0,5.8872,100.4774,0.0
DMU10(D6120),27,1790623073,1.0,6.1976,102.1671,0.0
DMU10(D6120),27,1790623148,4.0,6.1962,102.1673,0.0
ETS212,9238,1790623146,134.0,5.9112,100.4694,0.0
ETS212,9238,1790623221,134.0,5.9358,100.4599,0.0
DMU10(D6120),27,1790623193,0.0,6.1954,102.1674,0.0
DMU10(D6120),27,1790623268,0.0,6.1954,102.1674,0.0
DMU10(D6120),27,1790623343,5.0,6.1968,102.1673,0.0
ETS212,9238,1790623341,136.0,5.9738,100.4395,0.0
DMU10(D6120),27,1790623418,4.0,6.199,102.1674,0.0
DMU10(D6120),27,1790623463,0.0,6.1991,102.1673,0.0
ETS212,9238,1790623461,135.0,6.0105,100.4189,0.0
DMU10(D6120),27,1790623508,0.0,6.1991,102.1675,0.0
ETS212,9238,1790623506,131.0,6.0242,100.4112,0.0
ETS212,9238,1790623566,135.0,6.0428,100.4006,0.0
DMU10(D6120),27,1790623553,0.0,6.1991,102.1674,0.0
DMU10(D6120),27,1790623643,0.0,6.1991,102.1675,0.0
ETS212,9238,1790623641,134.0,6.0649,100.3881,0.0
DMU10(D6120),27,1790623703,0.0,6.1991,102.1674,0.0
ETS212,9238,1790623686,134.0,6.0786,100.3804,0.0
DMU10(D6120),27,1790623748,0.0,6.1992,102.1673,0.0
ETS212,9238,1790623746,125.0,6.0969,100.3703,0.0
DMU10(D6120),27,1790623823,0.0,6.1993,102.1674,0.0
ETS212,9238,1790623791,91.0,6.1078,100.3672,0.0
DMU10(D6120),27,1790623868,0.0,6.1993,102.1673,0.0
ETS212,9238,1790623866,0.0,6.1129,100.3694,0.0
ETS212,9238,1790623941,0.0,6.1139,100.3701,0.0
DMU10(D6120),27,1790623928,0.0,6.1992,102.1675,0.0
DMU10(D6120),27,1790624018,0.0,6.1991,102.1676,0.0
DMU10(D6120),27,1790624048,0.0,6.1992,102.1675,0.0
ETS212,9238,1790624046,38.0,6.1149,100.3705,0.0
ETS212,9238,1790624121,135.0,6.1333,100.3789,0.0
DMU10(D6120),27,1790624123,0.0,6.1993,102.1674,0.0
DMU10(D6120),27,1790624153,0.0,6.1992,102.1674,0.0
ETS212,9238,1790624151,133.0,6.1438,100.3808,0.0
DMU10(D6120),27,1790624258,0.0,6.1991,102.1673,0.0
ETS212,9238,1790624226,133.0,6.17,100.3788,0.0
DMU10(D6120),27,1790624273,0.0,6.1991,102.1673,0.0
ETS212,9238,1790624256,143.0,6.1805,100.3767,0.0
DMU10(D6120),27,1790624378,0.0,6.1992,102.1675,0.0
ETS212,9238,1790624376,138.0,6.22,100.3639,0.0
DMU10(D6120),27,1790624378,0.0,6.1992,102.1675,0.0
ETS212,9238,1790624421,135.0,6.235,100.3607,0.0
DMU10(D6120),27,1790624483,0.0,6.1993,102.1674,0.0
ETS212,9238,1790624496,140.0,6.2608,100.3558,0.0
ETS212,9238,1790624526,140.0,6.272,100.3535,0.0
DMU10(D6120),27,1790624543,0.0,6.1992,102.1673,0.0
DMU10(D6120),27,1790624588,0.0,6.1991,102.1673,0.0
ETS212,9238,1790624601,131.0,6.2968,100.3485,0.0
DMU10(D6120),27,1790624678,0.0,6.1993,102.1674,0.0
ETS212,9238,1790624646,130.0,6.312,100.345,0.0
ETS212,9238,1790624721,0.0,6.3197,100.3422,0.0
ETS212,9238,1790624796,0.0,6.3197,100.3422,0.0
DMU10(D6120),27,1790624783,0.0,6.1991,102.1674,0.0
ETS212,9238,1790624796,0.0,6.3197,100.3422,0.0
DMU10(D6120),27,1790624828,0.0,6.1992,102.1674,0.0
ETS212,9238,1790624901,123.0,6.3829,100.294,0.0
DMU10(D6120),27,1790624858,0.0,6.1992,102.1674,0.0
ETS212,9238,1790624946,128.0,6.3946,100.2846,0.0
DMU10(D6120),27,1790624978,0.0,6.1992,102.1675,0.0
ETS212,9238,1790625021,118.0,6.4168,100.274,0.0
DMU10(D6120),27,1790625068,4.0,6.1981,102.1674,0.0
ETS212,9238,1790625066,70.0,6.4261,100.2706,0.0
ETS212,9238,1790625141,0.0,6.4321,100.2682,0.0
DMU10(D6120),27,1790625113,15.0,6.1962,102.1673,0.0
DMU10(D6120),27,1790625188,51.0,6.1921,102.1698,0.0
ETS212,9238,1790625216,0.0,6.4324,100.2684,0.0
DMU10(D6120),51,1790625218,73.0,6.1887,102.1739,0.0
ETS212,9238,1790625261,0.0,6.4327,100.2682,0.0
DMU10(D6120),51,1790625308,75.0,6.1769,102.1883,0.0
ETS212,9238,1790625381,108.0,6.4445,100.2642,0.0
DMU10(D6120),51,1790625353,73.0,6.1705,102.1944,0.0
ETS212,9238,1790625426,139.0,6.459,100.2591,0.0
DMU10(D6120),51,1790625428,74.0,6.1634,102.2065,0.0
DMU10(D6120),51,1790625503,54.0,6.1584,102.2201,0.0
ETS212,9238,1790625486,133.0,6.4789,100.2536,0.0
DMU10(D6120),51,1790625548,60.0,6.1559,102.2262,0.0
ETS212,9238,1790625576,133.0,6.5103,100.2546,0.0
ETS212,9238,1790625621,131.0,6.5254,100.2572,0.0
DMU10(D6120),51,1790625578,69.0,6.1518,102.2295,0.0
ETS212,9238,1790625666,136.0,6.5408,100.2598,0.0
DMU10(D6120),51,1790625668,73.0,6.1363,102.2217,0.0
ETS212,9238,1790625726,133.0,6.562,100.2594,0.0
DMU10(D6120),51,1790625728,73.0,6.1287,102.2125,0.0
DMU10(D6120),51,1790625818,29.0,6.1216,102.2039,0.0
ETS212,9238,1790625861,136.0,6.6096,100.2637,0.0
DMU10(D6120),51,1790625848,13.0,6.1202,102.2022,0.0
ETS212,9238,1790625906,137.0,6.6252,100.2668,0.0
DMU10(D6120),51,1790625983,0.0,6.1185,102.2008,0.0
ETS212,9238,1790625981,134.0,6.6417,100.287,0.0
DMU10(D6120),51,1790626028,0.0,6.1186,102.2007,0.0
ETS212,9238,1790626041,87.0,6.651,100.3035,0.0
DMU10(D6120),51,1790626103,0.0,6.1186,102.2007,0.0
ETS212,9238,1790626071,72.0,6.6544,100.3082,0.0
ETS212,9238,1790626146,37.0,6.6608,100.3176,0.0
DMU10(D6120),51,1790626148,36.0,6.1169,102.1992,0.0
ETS212,9238,1790626221,0.0,6.6632,100.3201,0.0
DMU10(D6120),51,1790626208,55.0,6.1123,102.1936,0.0
DMU10(D6120),51,1790626283,68.0,6.103,102.1829,0.0
DMU10(D6120),51,1790626343,36.0,6.0955,102.1754,0.0
DMU10(D6120),51,1790626388,0.0,6.0946,102.1745,0.0
DMU10(D6120),51,1790626418,7.0,6.0945,102.1744,0.0
DMU10(D6120),51,1790626508,75.0,6.0833,102.1661,0.0
DMU10(D6120),51,1790626568,73.0,6.0735,102.1593,0.0
DMU10(D6120),51,1790626628,76.0,6.0632,102.1531,0.0
DMU10(D6120),51,1790626703,64.0,6.05,102.1463,0.0
DMU10(D6120),51,1790626748,21.0,6.0458,102.144,0.0
DMU10(D6120),51,1790626793,11.0,6.0439,102.1431,0.0
DMU10(D6120),51,1790626868,0.0,6.0427,102.1425,0.0
DMU10(D6120),51,1790626943,26.0,6.0413,102.1417,0.0
DMU10(D6120),51,1790626988,8.0,6.0392,102.1406,0.0
DMU10(D6120),51,1790627018,20.0,6.0377,102.1398,0.0
DMU10(D6120),51,1790627153,76.0,6.0173,102.1403,0.0
DMU10(D6120),51,1790627243,74.0,5.9996,102.1418,0.0
DMU10(D6120),51,1790627288,73.0,5.9905,102.1424,0.0
DMU10(D6120),51,1790627393,55.0,5.9699,102.1436,0.0
DMU10(D6120),51,1790627528,59.0,5.9623,102.1442,0.0
DMU10(D6120),51,1790627648,59.0,5.9487,102.1478,0.0
DMU10(D6120),51,1790627723,50.0,5.9378,102.1507,0.0
DMU10(D6120),51,1790627798,74.0,5.9253,102.1542,0.0
DMU10(D6120),51,1790627843,74.0,5.9166,102.1565,0.0
DMU10(D6120),51,1790627873,75.0,5.9109,102.1581,0.0
DMU10(D6120),51,1790627948,61.0,5.8962,102.158,0.0
EMU31,2800,1790627992,0.0,4.5983,101.0732,0.0
DMU10(D6120),51,1790628008,0.0,5.8916,102.1574,0.0
EMU31,2800,1790628067,15.0,4.6006,101.0745,0.0
DMU10(D6120),51,1790628068,37.0,5.8895,102.1571,0.0
DMU10(D6120),51,1790628143,74.0,5.8763,102.1555,0.0
EMU31,2800,1790628142,70.0,4.6095,101.0791,0.0
DMU10(D6120),51,1790628203,75.0,5.8644,102.1541,0.0
EMU31,2800,1790628172,74.0,4.6103,101.0844,0.0
DMU10(D6120),51,1790628263,75.0,5.8524,102.1526,0.0
EMU31,2800,1790628262,104.0,4.6216,101.0968,0.0
DMU10(D6120),51,1790628308,76.0,5.8435,102.1514,0.0
EMU31,2800,1790628307,113.0,4.6322,101.105,0.0
DMU10(D6120),51,1790628338,74.0,5.8376,102.1507,0.0
EMU31,2800,1790628337,103.0,4.639,101.1102,0.0
EMU31,2800,1790628427,112.0,4.6603,101.126,0.0
DMU10(D6120),51,1790628428,78.0,5.8197,102.1484,0.0
EMU31,2800,1790628482,115.0,4.6729,101.1358,0.0
DMU10(D6120),51,1790628488,47.0,5.8085,102.1471,0.0
EMU31,2800,1790628557,117.0,4.6936,101.1407,0.0
DMU10(D6120),51,1790628548,1.0,5.8063,102.1469,0.0
EMU31,2800,1790628617,111.0,4.7073,101.1292,0.0
DMU10(D6120),51,1790628623,0.0,5.8065,102.1466,0.0
EMU31,2800,1790628692,108.0,4.7269,101.1221,0.0
DMU10(D6120),51,1790628668,0.0,5.8065,102.1468,0.0
DMU10(D6120),51,1790628698,0.0,5.8065,102.1466,0.0
EMU31,2800,1790628737,114.0,4.7402,101.1216,0.0
EMU31,2800,1790628812,113.0,4.7613,101.1155,0.0
DMU10(D6120),51,1790628788,0.0,5.8065,102.1468,0.0
DMU10(D6120),51,1790628863,59.0,5.8027,102.1463,0.0
DMU10(D6120),51,1790628938,74.0,5.7882,102.1445,0.0
EMU31,2800,1790628932,113.0,4.7897,101.0958,0.0
DMU10(D6120),51,1790628968,72.0,5.7822,102.1437,0.0
EMU31,2800,1790628947,116.0,4.7935,101.0935,0.0
EMU31,2800,1790629037,98.0,4.814,101.0772,0.0
EMU31,2800,1790629067,48.0,4.8179,101.0723,0.0
DMU10(D6120),51,1790629103,58.0,5.7623,102.1483,0.0
DMU10(D6120),51,1790629148,64.0,5.7594,102.1548,0.0
EMU31,2800,1790629157,0.0,4.8188,101.071,0.0
ETS207,9041,1790629217,0.0,4.597,101.0727,0.0
EMU31,2800,1790629187,0.0,4.8188,101.071,0.0
DMU10(D6120),51,1790629178,74.0,5.754,102.1565,0.0
ETS305,61,1790629298,90.0,1.5412246,103.715195,0.0
DMU10(D6120),51,1790629268,74.0,5.7366,102.161,0.0
ETS207,9041,1790629262,0.0,4.5968,101.0726,0.0
EMU31,2800,1790629262,0.0,4.8188,101.071,0.0
ETS305,61,1790629298,90.0,1.5412246,103.715195,0.0
EMU31,2800,1790629337,107.0,4.8247,101.0597,0.0
ETS207,9041,1790629307,13.0,4.5953,101.072,0.0
DMU10(D6120),51,1790629298,76.0,5.7307,102.1613,0.0
DMU10(D6120),51,1790629388,73.0,5.714,102.1549,0.0
ETS305,61,1790629419,90.0,1.5412246,103.715195,0.0
EMU31,2800,1790629399,116.0,4.8237,101.0428,0.0
ETS207,9041,1790629397,34.0,4.5891,101.0708,0.0
EMU31,2800,1790629429,115.0,4.8238,101.034,0.0
ETS207,9041,1790629457,96.0,4.5801,101.0671,0.0
DMU10(D6120),51,1790629433,33.0,5.7076,102.1524,0.0
ETS305,61,1790629419,90.0,1.5412246,103.715195,0.0
EMU31,2800,1790629534,110.0,4.8415,101.009,0.0
DMU10(D6120),51,1790629508,8.0,5.7032,102.1519,0.0
ETS207,9041,1790629577,73.0,4.5453,101.0542,0.0
DMU10(D6120),51,1790629553,0.0,5.7028,102.1519,0.0
DMU10(D6120),51,1790629628,18.0,5.6998,102.1519,0.0
EMU31,2800,1790629594,113.0,4.8452,100.9923,0.0
ETS207,9041,1790629592,42.0,4.5432,101.0538,0.0
DMU10(D6120),51,1790629673,72.0,5.694,102.1519,0.0
EMU31,2800,1790629669,113.0,4.84,100.9704,0.0
ETS207,9041,1790629652,41.0,4.5378,101.0528,0.0
DMU10(D6120),51,1790629763,76.0,5.6766,102.1559,0.0
ETS207,9041,1790629712,60.0,4.5323,101.0519,0.0
EMU31,2800,1790629714,114.0,4.8351,100.9578,0.0
EMU31,2800,1790629804,112.0,4.8103,100.9502,0.0
DMU10(D6120),51,1790629808,75.0,5.6678,102.157,0.0
ETS207,9041,1790629817,20.0,4.521,101.0498,0.0
EMU31,2800,1790629879,107.0,4.7931,100.9367,0.0
ETS207,9041,1790629832,30.0,4.5198,101.0495,0.0
SCS29,weekday_2004,1790629833,0.0,2.4632,102.2268,0.0
ETS207,9041,1790629937,126.0,4.4962,101.0451,0.0
SCS29,weekday_2004,1790629908,29.0,2.4647,102.2241,0.0
DMU10(D6120),51,1790629943,76.0,5.641,102.1597,0.0
EMU31,2800,1790629909,95.0,4.7852,100.9352,0.0
DMU10(D6120),51,1790629988,75.0,5.6325,102.1621,0.0
ETS207,9041,1790629952,125.0,4.4915,101.0441,0.0
ETS207,9041,1790630072,73.0,4.4624,101.0483,0.0
DMU10(D6120),51,1790630063,70.0,5.618,102.1663,0.0
EMU31,2800,1790630059,29.0,4.7759,100.9312,0.0
SCS29,weekday_2004,1790630058,109.0,2.4572,102.2009,0.0
SCS29,weekday_2004,1790630133,115.0,2.4582,102.1834,0.0
ETS207,9041,1790630132,0.0,4.459,101.0494,0.0
ETS216,9121,1790630131,0.0,5.3934,100.367,0.0
EMU31,2800,1790630074,61.0,4.7751,100.9295,0.0
DMU10(D6120),51,1790630183,19.0,5.602,102.1748,0.0
EMU31,2800,1790630174,95.0,4.7771,100.9051,0.0
ETS207,9041,1790630147,3.0,4.459,101.0493,0.0
ETS216,9121,1790630146,0.0,5.3935,100.3671,0.0
SCS29,weekday_2004,1790630193,114.0,2.4759,102.1807,0.0
ETS207,9041,1790630192,23.0,4.4572,101.0505,0.0
EMU31,2800,1790630249,115.0,4.7716,100.8863,0.0
ETS216,9121,1790630236,19.0,5.3911,100.3696,0.0
DMU10(D6120),51,1790630228,18.0,5.6002,102.1755,0.0
ETS216,9121,1790630296,38.0,5.3877,100.373,0.0
SCS29,weekday_2004,1790630268,119.0,2.498,102.1762,0.0
ETS207,9041,1790630267,73.0,4.45,101.0537,0.0
DMU10(D6120),51,1790630303,57.0,5.5926,102.177,0.0
EMU31,2800,1790630264,120.0,4.7711,100.8817,0.0
ETS216,9121,1790630371,72.0,5.383,100.3824,0.0
DMU10(D6120),51,1790630348,67.0,5.587,102.182,0.0
SCS29,weekday_2004,1790630343,113.0,2.5194,102.1676,0.0
EMU31,2800,1790630339,81.0,4.7773,100.8618,0.0
ETS207,9041,1790630312,13.0,4.4456,101.0558,0.0
SCS29,weekday_2004,1790630418,115.0,2.5361,102.1535,0.0
SCS13,2901,1790630412,0.0,6.6628,100.3204,0.0
ETS207,9041,1790630417,96.0,4.434,101.0615,0.0
ETS216,9121,1790630416,97.0,5.3777,100.3922,0.0
EMU31,2800,1790630414,14.0,4.7782,100.8571,0.0
DMU10(D6120),51,1790630423,76.0,5.5735,102.186,0.0
EMU33,2900,1790630419,0.0,5.3928,100.367,0.0
SCS13,2901,1790630487,33.0,6.6609,100.318,0.0
EMU31,2800,1790630489,109.0,4.7786,100.8424,0.0
SCS29,weekday_2004,1790630478,115.0,2.5473,102.1395,0.0
ETS216,9121,1790630476,95.0,5.3704,100.4061,0.0
DMU10(D6120),51,1790630543,76.0,5.5517,102.1952,0.0
SCS13,2901,1790630502,40.0,6.6598,100.3166,0.0
SCS29,weekday_2004,1790630538,113.0,2.5589,102.1259,0.0
EMU33,2900,1790630509,13.0,5.3912,100.3694,0.0
ETS216,9121,1790630506,96.0,5.3677,100.4132,0.0
EMU31,2800,1790630504,118.0,4.7772,100.8382,0.0
DMU10(D6120),51,1790630603,57.0,5.5409,102.198,0.0
EMU33,2900,1790630554,22.0,5.3892,100.3714,0.0
ETS207,9041,1790630597,127.0,4.3816,101.0915,0.0
SCS29,weekday_2004,1790630643,102.0,2.5792,102.1029,0.0
EMU31,2800,1790630654,116.0,4.778,100.7936,0.0
ETS207,9041,1790630627,128.0,4.3732,101.0974,0.0
DMU10(D6120),51,1790630663,31.0,5.5338,102.2013,0.0
EMU33,2900,1790630659,79.0,5.3832,100.3818,0.0
ETS216,9121,1790630656,65.0,5.3668,100.4444,0.0
SCS13,2901,1790630622,52.0,6.6519,100.3049,0.0
SCS29,weekday_2004,1790630673,85.0,2.5855,102.0991,0.0
ETS207,9041,1790630792,134.0,4.3276,101.1309,0.0
ETS216,9121,1790630791,5.0,5.3666,100.4473,0.0
SCS29,weekday_2004,1790630778,0.0,2.5925,102.095,0.0
EMU31,2800,1790630774,116.0,4.7906,100.7593,0.0
EMU33,2900,1790630764,94.0,5.371,100.4047,0.0
SCS13,2901,1790630757,83.0,6.6398,100.2845,0.0
DMU10(D6120),51,1790630753,5.0,5.5302,102.203,0.0
SCS29,weekday_2004,1790630793,0.0,2.5925,102.095,0.0
EMU33,2900,1790630794,86.0,5.3685,100.4112,0.0
SCS13,2901,1790630907,102.0,6.6271,100.2683,0.0
EMU33,2900,1790630884,0.0,5.3644,100.4218,0.0
SCS29,weekday_2004,1790630883,59.0,2.5956,102.0931,0.0
ETS207,9041,1790630882,89.0,4.3059,101.1493,0.0
ETS216,9121,1790630881,113.0,5.3624,100.4601,0.0
DMU10(D6120),51,1790630873,0.0,5.5302,102.2031,0.0
EMU31,2800,1790630879,108.0,4.8143,100.7401,0.0
SCS29,weekday_2004,1790630913,89.0,2.6009,102.09,0.0
ETS207,9041,1790630912,37.0,4.3028,101.1535,0.0
SCS13,2901,1790630922,113.0,6.6234,100.2661,0.0
SCS29,weekday_2004,1790631003,114.0,2.6218,102.076,0.0
ETS207,9041,1790631002,0.0,4.3022,101.1542,0.0
ETS216,9121,1790631001,134.0,5.3282,100.4703,0.0
SCS13,2901,1790631042,115.0,6.5875,100.2628,0.0
DMU10(D6120),51,1790631038,0.0,5.5301,102.2031,0.0
EMU31,2800,1790631014,87.0,4.8481,100.7291,0.0
EMU23,2801,1790631013,0.0,5.3935,100.3662,0.0
EMU31,2800,1790631044,34.0,4.8523,100.7315,0.0
SCS13,2901,1790631042,115.0,6.5875,100.2628,0.0
EMU23,2801,1790631043,0.0,5.3935,100.3662,0.0
DMU10(D6120),51,1790631038,0.0,5.5301,102.2031,0.0
SCS29,weekday_2004,1790631033,117.0,2.6276,102.0692,0.0
EMU23,2801,1790631133,7.0,5.392,100.3684,0.0
ETS216,9121,1790631121,107.0,5.2911,100.4833,0.0
SCS05,weekday_2006,1790631151,22.0,2.465,102.2236,0.0
SCS13,2901,1790631147,114.0,6.5557,100.2597,0.0
EMU33,2900,1790631124,0.0,5.3663,100.4479,0.0
DMU10(D6120),51,1790631158,26.0,5.5252,102.2054,0.0
ETS207,9041,1790631137,84.0,4.2809,101.1642,0.0
SCS29,weekday_2004,1790631123,98.0,2.6362,102.0451,0.0
EMU31,2800,1790631164,70.0,4.8567,100.7343,0.0
EMU23,2801,1790631163,10.0,5.3915,100.3692,0.0
SCS29,weekday_2004,1790631153,84.0,2.6388,102.0385,0.0
ETS207,9041,1790631152,94.0,4.2777,101.1656,0.0
SCS13,2901,1790631162,114.0,6.5512,100.2598,0.0
EMU33,2900,1790631214,46.0,5.3649,100.4562,0.0
ETS216,9121,1790631271,128.0,5.2467,100.4857,0.0
ETS207,9041,1790631257,109.0,4.2525,101.1748,0.0
SCS13,2901,1790631237,76.0,6.5297,100.258,0.0
SCS29,weekday_2004,1790631213,87.0,2.6487,102.0292,0.0
EMU23,2801,1790631238,15.0,5.3886,100.372,0.0
EMU33,2900,1790631289,46.0,5.3587,100.4626,0.0
ETS216,9121,1790631286,136.0,5.2416,100.4868,0.0
DMU10(D6120),51,1790631293,54.0,5.5098,102.21,0.0
SCS13,2901,1790631282,3.0,6.5244,100.257,0.0
ETS207,9041,1790631287,126.0,4.2433,101.176,0.0
ETS216,9121,1790631376,132.0,5.2103,100.4905,0.0
DMU10(D6120),51,1790631398,49.0,5.4952,102.2158,0.0
SCS05,weekday_2006,1790631391,112.0,2.4562,102.1845,0.0
SCS29,weekday_2004,1790631378,39.0,2.6581,102.0007,0.0
DMU03,50,1790631378,20.0,4.1893,102.0506,0.0
EMU33,2900,1790631371,71.0,5.3641,100.4674,0.0
SCS29,weekday_2004,1790631408,32.0,2.659,101.9977,0.0
SCS05,weekday_2006,1790631421,108.0,2.4645,102.1823,0.0
ETS216,9121,1790631421,133.0,5.1965,100.4829,0.0
EMU33,2900,1790631401,92.0,5.3706,100.4682,0.0
SCS13,2901,1790631447,115.0,6.4934,100.2535,0.0
DMU03,50,1790631423,40.0,4.1922,102.0473,0.0
DMU10(D6120),51,1790631413,53.0,5.4932,102.2162,0.0
ETS216,9121,1790631511,127.0,5.1659,100.4799,0.0
SCS29,weekday_2004,1790631453,0.0,2.6601,101.9965,0.0
DMU03,50,1790631453,61.0,4.1943,102.0435,0.0
EMU23,2801,1790631553,9.0,5.3646,100.4214,0.0
EMU33,2900,1790631566,115.0,5.4185,100.4778,0.0
ETS207,9041,1790631542,0.0,4.1735,101.1891,0.0
ETS216,9121,1790631571,123.0,5.1461,100.4833,0.0
EMU31,2800,1790631569,112.0,4.9445,100.7219,0.0
DMU03,50,1790631528,59.0,4.2011,102.0334,0.0
DMU10(D6120),51,1790631518,32.0,5.4784,102.2194,0.0
SCS13,2901,1790631552,114.0,6.4625,100.2579,0.0
EMU29,2903,1790631695,20.0,6.66,100.3168,0.0
EMU33,2900,1790631686,117.0,5.4518,100.493,0.0
SCS05,weekday_2006,1790631676,91.0,2.5312,102.1598,0.0
EMU23,2801,1790631673,57.0,5.3669,100.4442,0.0
EMU31,2800,1790631671,101.0,4.9726,100.7301,0.0
SCS13,2901,1790631657,54.0,6.4346,100.2674,0.0
DMU10(D6120),51,1790631683,55.0,5.4687,102.224,0.0
EMU31,2800,1790631716,110.0,4.984,100.7333,0.0
EMU23,2801,1790631703,12.0,5.3665,100.4471,0.0
SCS13,2901,1790631702,0.0,6.4325,100.2682,0.0
EMU33,2900,1790631701,114.0,5.4562,100.4942,0.0
SCS05,weekday_2006,1790631751,103.0,2.5427,102.1454,0.0
ETS216,9121,1790631751,0.0,5.1311,100.4862,0.0
DMU10(D6120),51,1790631743,56.0,5.4597,102.2275,0.0
EMU29,2903,1790631740,43.0,6.6577,100.3132,0.0
ETS207,9041,1790631737,130.0,4.1502,101.2005,0.0
SCS29,weekday_2004,1790631708,84.0,2.6692,101.9902,0.0
EMU29,2903,1790631815,87.0,6.6511,100.3037,0.0
ETS207,9041,1790631752,125.0,4.1463,101.2037,0.0
DMU10(D6120),51,1790631803,49.0,5.4521,102.2307,0.0
SCS13,2901,1790631822,117.0,6.4138,100.2746,0.0
SCS05,weekday_2006,1790631841,97.0,2.5574,102.1281,0.0
EMU33,2900,1790631821,4.0,5.4825,100.4981,0.0
DMU03,50,1790631843,32.0,4.232,101.9921,0.0
SCS29,weekday_2004,1790631813,78.0,2.6851,101.974,0.0
ETS207,9041,1790631812,136.0,4.1338,101.22,0.0
DMU10(D6120),51,1790631848,47.0,5.4462,102.2306,0.0
EMU29,2903,1790631845,111.0,6.6484,100.2964,0.0
ETS216,9121,1790631841,96.0,5.1238,100.4877,0.0
EMU23,2801,1790631898,121.0,5.3411,100.4699,0.0
SCS13,2901,1790631897,114.0,6.3942,100.2854,0.0
EMU33,2900,1790631896,51.0,5.4846,100.4986,0.0
EMU31,2800,1790631896,112.0,5.0299,100.7148,0.0
SCS05,weekday_2006,1790631886,105.0,2.5635,102.1183,0.0
ETS216,9121,1790631916,137.0,5.1002,100.4925,0.0
DMU03,50,1790631933,4.0,4.2328,101.9901,0.0
SCS28,2804,1790631933,0.0,4.5982,101.0732,0.0
SCS13,2901,1790631987,62.0,6.3739,100.3006,0.0
DMU10(D6120),51,1790631983,51.0,5.4296,102.2366,0.0
EMU29,2903,1790631980,114.0,6.6229,100.2659,0.0
EMU33,2900,1790631965,94.0,5.4994,100.5026,0.0
EMU29,2903,1790632025,115.0,6.6097,100.2637,0.0
EMU33,2900,1790632025,113.0,5.5148,100.5067,0.0
SCS28,2804,1790631993,4.0,4.5983,101.0734,0.0
SCS29,weekday_2004,1790631993,85.0,2.6971,101.9668,0.0
DMU10(D6120),51,1790632028,35.0,5.4238,102.2383,0.0
EMU23,2801,1790632018,109.0,5.3061,100.4778,0.0
SCS13,2901,1790632017,7.0,6.3714,100.3025,0.0
EMU31,2800,1790632121,117.0,5.0416,100.65,0.0
EMU29,2903,1790632115,114.0,6.5829,100.2623,0.0
EMU33,2900,1790632115,118.0,5.5414,100.5022,0.0
SCS05,weekday_2006,1790632111,20.0,2.5941,102.094,0.0
DMU03,50,1790632098,73.0,4.2451,101.9702,0.0
SCS29,weekday_2004,1790632098,36.0,2.71,101.9515,0.0
SCS13,2901,1790632077,61.0,6.3696,100.3038,0.0
EMU23,2801,1790632078,73.0,5.292,100.4831,0.0
DMU03,50,1790632113,78.0,4.2466,101.9675,0.0
SCS28,2804,1790632113,50.0,4.6081,101.0774,0.0
SCS05,weekday_2006,1790632156,101.0,2.602,102.0893,0.0
SCS13,2901,1790632182,114.0,6.3461,100.3213,0.0
EMU33,2900,1790632175,118.0,5.5595,100.4986,0.0
SCS29,weekday_2004,1790632158,37.0,2.7142,101.9474,0.0
ETS207,9041,1790632157,127.0,4.051,101.2842,0.0
EMU31,2800,1790632121,117.0,5.0416,100.65,0.0
SCS29,weekday_2004,1790632203,49.0,2.7175,101.9426,0.0
SCS13,2901,1790632182,114.0,6.3461,100.3213,0.0
EMU23,2801,1790632230,75.0,5.2826,100.4795,0.0
EMU29,2903,1790632205,113.0,6.5561,100.2596,0.0
SCS05,weekday_2006,1790632201,99.0,2.6118,102.0834,0.0
ETS216,9121,1790632201,134.0,5.0185,100.5432,0.0
DMU10(D6120),51,1790632178,34.0,5.4117,102.2344,0.0
DMU03,50,1790632173,80.0,4.2487,101.9552,0.0
SCS28,2804,1790632173,76.0,4.6099,101.0874,0.0
SCS13,2901,1790632257,114.0,6.328,100.3349,0.0
EMU23,2801,1790632260,106.0,5.2755,100.4791,0.0
EMU31,2800,1790632251,114.0,5.0436,100.6121,0.0
EMU29,2903,1790632250,114.0,6.5426,100.26,0.0
ETS207,9041,1790632247,138.0,4.021,101.2899,0.0
SCS05,weekday_2006,1790632276,106.0,2.6272,102.0701,0.0
ETS216,9121,1790632276,135.0,5.0319,100.5659,0.0
DMU03,50,1790632293,62.0,4.2508,101.9322,0.0
EMU33,2900,1790632250,114.0,5.5822,100.4949,0.0
SCS29,weekday_2004,1790632233,0.0,2.7186,101.9409,0.0
SCS28,2804,1790632233,109.0,4.6203,101.0958,0.0
SCS13,2901,1790632302,114.0,6.3171,100.3429,0.0
ETS216,9121,1790632336,138.0,5.0435,100.5837,0.0
EMU29,2903,1790632295,92.0,6.5297,100.2579,0.0
EMU33,2900,1790632415,115.0,5.6308,100.4913,0.0
EMU29,2903,1790632415,79.0,6.519,100.2561,0.0
ETS207,9041,1790632412,91.0,4.0012,101.3055,0.0
SCS05,weekday_2006,1790632411,103.0,2.6392,102.0381,0.0
EMU23,2801,1790632410,119.0,5.2305,100.4892,0.0
DMU10(D6120),51,1790632418,17.0,5.3957,102.2322,0.0
ETS216,9121,1790632411,139.0,5.0438,100.6099,0.0
SCS13,2901,1790632407,115.0,6.2865,100.3502,0.0
EMU33,2900,1790632430,107.0,5.635,100.4896,0.0
EMU23,2801,1790632470,111.0,5.213,100.4913,0.0
EMU31,2800,1790632431,112.0,5.0297,100.5626,0.0
EMU29,2903,1790632430,98.0,6.5155,100.2555,0.0
SCS28,2804,1790632428,106.0,4.667,101.1312,0.0
DMU03,50,1790632428,5.0,4.2579,101.9253,0.0
ETS207,9041,1790632427,103.0,3.9976,101.3069,0.0
SCS29,weekday_2004,1790632413,9.0,2.7188,101.9405,0.0
SCS05,weekday_2006,1790632426,102.0,2.6419,102.0352,0.0
SCS13,2901,1790632422,115.0,6.282,100.3511,0.0
SCS21,weekday_2107,1790632516,0.0,3.6853,101.5178,0.0
ETS216,9121,1790632516,122.0,5.0416,100.6466,0.0
SCS05,weekday_2006,1790632516,78.0,2.6552,102.0175,0.0
ETS207,9041,1790632532,119.0,3.9676,101.3187,0.0
SCS13,2901,1790632527,114.0,6.2511,100.3575,0.0
EMU29,2903,1790632527,114.0,6.4871,100.2536,0.0
EMU33,2900,1790632520,0.0,5.6432,100.4902,0.0
SCS29,weekday_2004,1790632518,12.0,2.7207,101.9363,0.0
SCS28,2804,1790632518,117.0,4.6909,101.1414,0.0
EMU31,2800,1790632476,114.0,5.0221,100.5513,0.0
DMU03,50,1790632473,30.0,4.2603,101.926,0.0
EMU23,2801,1790632515,108.0,5.2013,100.4853,0.0
SCS04,weekday_2106,1790632589,2.0,3.0,101.391,0.0
EMU33,2900,1790632595,73.0,5.65,100.4913,0.0
DMU03,50,1790632593,77.0,4.2776,101.9206,0.0
EMU29,2903,1790632557,113.0,6.4782,100.2537,0.0
DMU10(D6120),51,1790632553,5.0,5.3915,102.232,0.0
SCS29,weekday_2004,1790632593,51.0,2.7229,101.9282,0.0
ETS216,9121,1790632591,137.0,5.0392,100.6715,0.0
EMU23,2801,1790632590,106.0,5.181,100.4794,0.0
ETS207,9041,1790632577,122.0,3.9559,101.3257,0.0
SCS21,weekday_2107,1790632576,69.0,3.682,101.5213,0.0
SCS05,weekday_2006,1790632561,56.0,2.6546,102.0101,0.0
SCS28,2804,1790632533,116.0,4.6954,101.1401,0.0
EMU31,2800,1790632641,32.0,5.0294,100.5269,0.0
EMU33,2900,1790632640,100.0,5.6604,100.493,0.0
SCS28,2804,1790632638,114.0,4.7202,101.1224,0.0
DMU03,50,1790632638,69.0,4.2865,101.9195,0.0
EMU23,2801,1790632635,52.0,5.1719,100.4796,0.0
SCS29,weekday_2004,1790632593,51.0,2.7229,101.9282,0.0
SCS13,2901,1790632647,114.0,6.2159,100.3646,0.0
EMU29,2903,1790632647,112.0,6.4527,100.2612,0.0
SCS04,weekday_2106,1790632724,13.0,3.0043,101.3929,0.0
SCS28,2804,1790632713,114.0,4.7428,101.1215,0.0
ETS207,9041,1790632712,115.0,3.9207,101.3445,0.0
ETS216,9121,1790632711,138.0,5.032,100.7123,0.0
EMU23,2801,1790632710,40.0,5.1686,100.4797,0.0
EMU29,2903,1790632707,67.0,6.4378,100.2663,0.0
SCS13,2901,1790632707,114.0,6.1982,100.3683,0.0
SCS05,weekday_2006,1790632696,21.0,2.6599,101.9967,0.0
SCS29,weekday_2004,1790632683,67.0,2.7256,101.9156,0.0
SCS21,weekday_2107,1790632681,77.0,3.6627,101.5366,0.0
DMU10(D6120),51,1790632673,33.0,5.3835,102.2331,0.0
EMU33,2900,1790632705,113.0,5.6786,100.4966,0.0
EMU31,2800,1790632701,109.0,5.0407,100.5209,0.0
SCS04,weekday_2106,1790632724,13.0,3.0043,101.3929,0.0
DMU10(D6120),51,1790632718,29.0,5.3793,102.2342,0.0
EMU31,2800,1790632716,117.0,5.0446,100.5188,0.0
DMU03,50,1790632713,4.0,4.2934,101.9221,0.0
SCS29,weekday_2004,1790632713,73.0,2.7254,101.91,0.0
SCS28,2804,1790632713,114.0,4.7428,101.1215,0.0
EMU24,2803,1790632807,0.0,5.3935,100.3664,0.0
SCS05,weekday_2006,1790632801,0.0,2.661,101.9956,0.0
EMU31,2800,1790632836,116.0,5.0773,100.5015,0.0
SCS28,2804,1790632833,113.0,4.7735,101.107,0.0
SCS29,weekday_2004,1790632833,68.0,2.7389,101.894,0.0
ETS207,9041,1790632832,113.0,3.8935,101.3657,0.0
ETS216,9121,1790632831,131.0,4.9982,100.7353,0.0
EMU23,2801,1790632830,100.0,5.1379,100.4847,0.0
DMU10(D6120),51,1790632823,29.0,5.3713,102.2289,0.0
SCS04,weekday_2106,1790632814,36.0,3.0092,101.3983,0.0
EMU29,2903,1790632812,0.0,6.4313,100.2686,0.0
EMU33,2900,1790632825,15.0,5.6966,100.5086,0.0
EMU35,2905,1790632823,0.0,6.6624,100.3197,0.0
SCS13,2901,1790632812,0.0,6.1838,100.3746,0.0
EMU29,2903,1790632842,68.0,6.4284,100.2695,0.0
SCS29,weekday_2004,1790632878,81.0,2.7393,101.8863,0.0
SCS28,2804,1790632878,115.0,4.7844,101.099,0.0
SCS05,weekday_2006,1790632891,30.0,2.6619,101.9949,0.0
EMU23,2801,1790632890,0.0,5.1308,100.4862,0.0
EMU31,2800,1790632851,118.0,5.0814,100.4994,0.0
EMU24,2803,1790632847,5.0,5.3932,100.3668,0.0
ETS207,9041,1790632847,117.0,3.891,101.3697,0.0
SCS21,weekday_2107,1790632846,114.0,3.6276,101.5665,0.0
SCS04,weekday_2106,1790632844,36.0,3.0115,101.4007,0.0
ETS216,9121,1790632876,133.0,4.9829,100.7332,0.0
DMU10(D6120),51,1790632853,30.0,5.3692,102.2271,0.0
DMU03,50,1790632833,58.0,4.303,101.9212,0.0
SCS13,2901,1790632842,48.0,6.1826,100.3755,0.0
EMU23,2801,1790632935,18.0,5.1305,100.4863,0.0
SCS28,2804,1790632893,114.0,4.7883,101.0967,0.0
SCS29,weekday_2004,1790632938,39.0,2.7407,101.8742,0.0
EMU33,2900,1790632900,25.0,5.7016,100.51,0.0
EMU31,2800,1790632899,0.0,5.0954,100.4935,0.0
EMU35,2905,1790632988,38.0,6.655,100.3093,0.0
ETS207,9041,1790632982,122.0,3.8578,101.3785,0.0
DMU03,50,1790632953,78.0,4.3258,101.9194,0.0
EMU29,2903,1790633022,113.0,6.3835,100.2933,0.0
SCS13,2901,1790633022,114.0,6.1328,100.3787,0.0
SCS21,weekday_2107,1790633011,93.0,3.5978,101.6023,0.0
DMU10(D6120),51,1790632988,45.0,5.3547,102.2251,0.0
SCS05,weekday_2006,1790632981,66.0,2.6718,101.9862,0.0
EMU23,2801,1790632980,95.0,5.1225,100.4879,0.0
SCS04,weekday_2106,1790632979,53.0,3.0182,101.4079,0.0
EMU33,2900,1790632975,22.0,5.707,100.5114,0.0
SCS13,2901,1790633067,96.0,6.1207,100.3732,0.0
EMU35,2905,1790633063,85.0,6.6491,100.2983,0.0
DMU10(D6120),51,1790633063,48.0,5.3469,102.2228,0.0
SCS05,weekday_2006,1790633056,70.0,2.6799,101.976,0.0
EMU31,2800,1790633056,0.0,5.1308,100.4861,0.0
DMU03,50,1790633028,77.0,4.3415,101.9169,0.0
SCS29,weekday_2004,1790633028,15.0,2.7413,101.8721,0.0
SCS28,2804,1790633028,60.0,4.8169,101.074,0.0
ETS207,9041,1790633027,120.0,3.8478,101.3875,0.0
EMU24,2803,1790633027,57.0,5.3847,100.379,0.0
ETS216,9121,1790633026,132.0,4.9334,100.719,0.0
SCS04,weekday_2106,1790633024,0.0,3.0202,101.4101,0.0
EMU29,2903,1790633022,113.0,6.3835,100.2933,0.0
SCS21,weekday_2107,1790633026,103.0,3.5948,101.6046,0.0
SCS29,weekday_2004,1790633133,102.0,2.7461,101.855,0.0
ETS207,9041,1790633132,0.0,3.827,101.4022,0.0
ETS216,9121,1790633131,135.0,4.8965,100.7196,0.0
SCS05,weekday_2006,1790633131,22.0,2.6905,101.9718,0.0
SCS29,weekday_2004,1790633133,102.0,2.7461,101.855,0.0
ETS207,9041,1790633132,0.0,3.827,101.4022,0.0
EMU31,2800,1790633191,0.0,5.1308,100.4861,0.0
SCS05,weekday_2006,1790633191,20.0,2.6917,101.9713,0.0
SCS04,weekday_2106,1790633189,3.0,3.0338,101.4246,0.0
SCS13,2901,1790633187,62.0,6.111,100.3689,0.0
EMU29,2903,1790633187,80.0,6.3669,100.3057,0.0
DMU03,50,1790633133,21.0,4.3579,101.9211,0.0
SCS28,2804,1790633133,0.0,4.819,101.0706,0.0
DMU10(D6120),51,1790633168,26.0,5.3356,102.2167,0.0
EMU35,2905,1790633168,109.0,6.6324,100.2745,0.0
EMU33,2900,1790633185,23.0,5.7228,100.5139,0.0
SCS29,weekday_2004,1790633238,15.0,2.7517,101.835,0.0
ETS207,9041,1790633237,82.0,3.8211,101.407,0.0
SCS21,weekday_2107,1790633236,74.0,3.5591,101.6366,0.0
EMU35,2905,1790633213,109.0,6.6231,100.2659,0.0
EMU23,2801,1790633210,119.0,5.0598,100.5108,0.0
EMU31,2800,1790633206,0.0,5.1308,100.4861,0.0
SCS04,weekday_2106,1790633219,0.0,3.0338,101.4246,0.0
ETS216,9121,1790633236,100.0,4.8647,100.7292,0.0
SCS13,2901,1790633232,111.0,6.1009,100.3681,0.0
EMU29,2903,1790633232,111.0,6.3573,100.3129,0.0
DMU03,50,1790633208,11.0,4.359,101.9218,0.0
EMU33,2900,1790633200,21.0,5.7237,100.5135,0.0
EMU29,2903,1790633314,116.0,6.3375,100.3277,0.0
SCS28,2804,1790633358,116.0,4.8267,101.0294,0.0
ETS216,9121,1790633356,0.0,4.8533,100.7326,0.0
SCS04,weekday_2106,1790633354,0.0,3.0399,101.4312,0.0
SCS13,2901,1790633352,114.0,6.0693,100.3858,0.0
EMU33,2900,1790633335,26.0,5.7332,100.5099,0.0
DMU10(D6120),51,1790633333,14.0,5.3302,102.2033,0.0
SCS05,weekday_2006,1790633371,37.0,2.7106,101.9512,0.0
SCS21,weekday_2107,1790633371,83.0,3.5481,101.6395,0.0
EMU35,2905,1790633363,117.0,6.5785,100.2616,0.0
EMU31,2800,1790633356,89.0,5.1629,100.4798,0.0
EMU23,2801,1790633345,38.0,5.0302,100.5265,0.0
SCS29,weekday_2004,1790633343,21.0,2.7534,101.8291,0.0
EMU29,2903,1790633314,116.0,6.3375,100.3277,0.0
SCS04,weekday_2106,1790633429,54.0,3.0447,101.4363,0.0
EMU31,2800,1790633416,0.0,5.1696,100.4796,0.0
SCS13,2901,1790633382,114.0,6.0614,100.3902,0.0
SCS28,2804,1790633373,115.0,4.8292,101.0256,0.0
DMU10(D6120),51,1790633378,0.0,5.3301,102.2031,0.0
EMU35,2905,1790633378,118.0,6.5742,100.2599,0.0
SCS04,weekday_2106,1790633474,57.0,3.0466,101.4436,0.0
SCS13,2901,1790633472,109.0,6.038,100.4035,0.0
EMU29,2903,1790633494,116.0,6.2884,100.3498,0.0
EMU31,2800,1790633491,95.0,5.1784,100.4795,0.0
SCS28,2804,1790633478,115.0,4.8451,100.9988,0.0
DMU03,50,1790633478,71.0,4.4009,101.9225,0.0
DMU10(D6120),51,1790633468,34.0,5.326,102.1974,0.0
SCS05,weekday_2006,1790633461,41.0,2.7163,101.9443,0.0
EMU33,2900,1790633470,100.0,5.7525,100.5024,0.0
SCS21,weekday_2107,1790633461,78.0,3.5374,101.6349,0.0
EMU33,2900,1790633515,106.0,5.7637,100.497,0.0
EMU29,2903,1790633494,116.0,6.2884,100.3498,0.0
SCS04,weekday_2106,1790633519,29.0,3.0443,101.4474,0.0
DMU10(D6120),51,1790633513,16.0,5.3266,102.1942,0.0
SCS13,2901,1790633517,115.0,6.0263,100.41,0.0
EMU35,2905,1790633513,104.0,6.5333,100.2585,0.0
SCS05,weekday_2006,1790633506,18.0,2.7188,101.9406,0.0
SCS28,2804,1790633493,114.0,4.8455,100.9943,0.0
DMU03,50,1790633493,72.0,4.4034,101.9239,0.0
EMU23,2801,1790633555,119.0,5.027,100.5584,0.0
SCS13,2901,1790633607,114.0,6.0027,100.4234,0.0
EMU33,2900,1790633605,118.0,5.788,100.4865,0.0
ETS216,9121,1790633611,0.0,4.8533,100.7326,0.0
SCS28,2804,1790633553,114.0,4.8419,100.9767,0.0
EMU24,2803,1790633607,110.0,5.3516,100.4671,0.0
EMU35,2905,1790633603,0.0,6.5234,100.2569,0.0
SCS05,weekday_2006,1790633596,0.0,2.7193,101.9397,0.0
EMU23,2801,1790633555,119.0,5.027,100.5584,0.0
EMU33,2900,1790633665,116.0,5.805,100.4807,0.0
EMU29,2903,1790633662,111.0,6.2378,100.3601,0.0
ETS216,9121,1790633656,0.0,4.8533,100.7326,0.0
DMU03,50,1790633613,43.0,4.4182,101.93,0.0
EMU23,2801,1790633645,124.0,5.0419,100.5806,0.0
SCS04,weekday_2106,1790633669,8.0,3.0421,101.4518,0.0
SCS13,2901,1790633667,114.0,5.987,100.4322,0.0
EMU31,2800,1790633731,116.0,5.2465,100.4856,0.0
SCS05,weekday_2006,1790633731,34.0,2.7215,101.9336,0.0
EMU33,2900,1790633695,97.0,5.8137,100.4789,0.0
EMU29,2903,1790633692,114.0,6.2291,100.3619,0.0
EMU23,2801,1790633735,115.0,5.044,100.6078,0.0
DMU03,50,1790633688,0.0,4.4228,101.932,0.0
SCS28,2804,1790633688,114.0,4.8168,100.9516,0.0
SCS29,weekday_2004,1790633688,23.0,2.7604,101.8109,0.0
SCS21,weekday_2107,1790633686,9.0,3.5007,101.6342,0.0
ETS216,9121,1790633686,47.0,4.8499,100.7299,0.0
DMU03,50,1790633733,0.0,4.4228,101.932,0.0
SCS29,weekday_2004,1790633733,22.0,2.7629,101.8089,0.0
SCS28,2804,1790633733,115.0,4.8051,100.9459,0.0
EMU23,2801,1790633780,120.0,5.0429,100.6216,0.0
SCS05,weekday_2006,1790633776,61.0,2.7235,101.9269,0.0
EMU31,2800,1790633776,113.0,5.2593,100.4827,0.0
ETS216,9121,1790633761,118.0,4.8313,100.7325,0.0
SCS04,weekday_2106,1790633744,36.0,3.0381,101.4547,0.0
SCS13,2901,1790633742,24.0,5.973,100.4402,0.0
EMU33,2900,1790633785,0.0,5.825,100.4779,0.0
SCS04,weekday_2106,1790633819,63.0,3.0335,101.4664,0.0
EMU33,2900,1790633860,71.0,5.8301,100.4776,0.0
EMU35,2905,1790633852,114.0,6.4598,100.2587,0.0
ETS216,9121,1790633851,129.0,4.8033,100.7446,0.0
EMU23,2801,1790633825,117.0,5.042,100.6352,0.0
SCS29,weekday_2004,1790633823,23.0,2.768,101.8051,0.0
ETS207,9041,1790633822,112.0,3.7071,101.4941,0.0
SCS05,weekday_2006,1790633821,24.0,2.7232,101.9216,0.0
DMU03,50,1790633823,28.0,4.428,101.9342,0.0
EMU31,2800,1790633821,111.0,5.2725,100.4798,0.0
ETS207,9041,1790633867,107.0,3.6983,101.504,0.0
DMU03,50,1790633913,49.0,4.4376,101.9393,0.0
SCS28,2804,1790633913,0.0,4.776,100.9313,0.0
EMU35,2905,1790633912,112.0,6.4425,100.2647,0.0
ETS216,9121,1790633911,133.0,4.7896,100.7605,0.0
SCS05,weekday_2006,1790633911,69.0,2.7253,101.9089,0.0
EMU31,2800,1790633911,11.0,5.2862,100.4808,0.0
SCS21,weekday_2107,1790633911,33.0,3.4682,101.6377,0.0
EMU33,2900,1790633910,92.0,5.8418,100.4769,0.0
EMU29,2903,1790633872,42.0,6.1845,100.3741,0.0
SCS04,weekday_2106,1790633864,0.0,3.0355,101.4699,0.0
SCS29,weekday_2004,1790633853,22.0,2.77,101.8044,0.0
ETS207,9041,1790633957,0.0,3.6861,101.5168,0.0
EMU29,2903,1790633947,24.0,6.1826,100.3753,0.0
DMU10(D6120),51,1790633963,39.0,5.3111,102.162,0.0
EMU23,2801,1790633962,114.0,5.0393,100.6764,0.0
DMU10(D6120),51,1790634008,29.0,5.3085,102.158,0.0
EMU29,2903,1790634007,110.0,6.1705,100.3787,0.0
SCS13,2901,1790634042,114.0,5.9113,100.4696,0.0
DMU03,50,1790634033,50.0,4.4535,101.9383,0.0
EMU23,2801,1790634007,119.0,5.0394,100.6901,0.0
EMU24,2803,1790633989,66.0,5.2836,100.4798,0.0
EMU31,2800,1790633974,0.0,5.2887,100.4818,0.0
SCS29,weekday_2004,1790633973,21.0,2.778,101.8016,0.0
EMU35,2905,1790633972,11.0,6.4316,100.2684,0.0
EMU26,2806,1790634008,0.0,4.5979,101.0729,0.0
SCS28,2804,1790633973,0.0,4.776,100.9313,0.0
SCS05,weekday_2006,1790634091,75.0,2.7398,101.8775,0.0
EMU33,2900,1790634090,114.0,5.895,100.4758,0.0
EMU31,2800,1790634087,111.0,5.3127,100.4749,0.0
DMU10(D6120),51,1790634083,10.0,5.3078,102.1568,0.0
EMU24,2803,1790634049,118.0,5.268,100.4808,0.0
SCS29,weekday_2004,1790634048,21.0,2.7827,101.7999,0.0
DMU03,50,1790634048,50.0,4.4555,101.9376,0.0
SCS21,weekday_2107,1790634046,82.0,3.4339,101.6336,0.0
EMU26,2806,1790634053,3.0,4.5983,101.0731,0.0
EMU23,2801,1790634052,120.0,5.0362,100.7036,0.0
EMU29,2903,1790634052,116.0,6.1571,100.3796,0.0
SCS28,2804,1790634093,96.0,4.7772,100.9067,0.0
SCS04,weekday_2106,1790634044,73.0,3.0526,101.4795,0.0
ETS207,9041,1790634092,108.0,3.6758,101.5274,0.0
EMU35,2905,1790634092,115.0,6.4168,100.2735,0.0
EMU26,2806,1790634143,41.0,4.6029,101.0753,0.0
DMU10(D6120),51,1790634143,46.0,5.3062,102.1503,0.0
EMU23,2801,1790634142,116.0,5.0196,100.7255,0.0
EMU29,2903,1790634142,114.0,6.13,100.3774,0.0
SCS29,weekday_2004,1790634093,23.0,2.7856,101.7989,0.0
DMU10(D6120),51,1790634188,39.0,5.3085,102.1455,0.0
EMU26,2806,1790634188,64.0,4.6087,101.078,0.0
EMU29,2903,1790634187,76.0,6.1188,100.3723,0.0
EMU31,2800,1790634222,15.0,5.343,100.4696,0.0
SCS05,weekday_2006,1790634211,91.0,2.7429,101.8664,0.0
ETS216,9121,1790634211,53.0,4.7782,100.8571,0.0
EMU33,2900,1790634210,118.0,5.9295,100.4625,0.0
SCS04,weekday_2106,1790634209,22.0,3.0523,101.4928,0.0
SCS28,2804,1790634153,108.0,4.773,100.8924,0.0
DMU03,50,1790634153,59.0,4.4693,101.9316,0.0
EMU35,2905,1790634152,114.0,6.4002,100.2808,0.0
EMU31,2800,1790634222,15.0,5.343,100.4696,0.0
EMU29,2903,1790634262,0.0,6.1128,100.3695,0.0
SCS29,weekday_2004,1790634258,23.0,2.7964,101.7961,0.0
SCS28,2804,1790634258,93.0,4.777,100.8632,0.0
EMU35,2905,1790634257,95.0,6.3752,100.2995,0.0
ETS207,9041,1790634257,112.0,3.6461,101.5533,0.0
ETS216,9121,1790634256,14.0,4.7776,100.8604,0.0
SCS21,weekday_2107,1790634256,113.0,3.3831,101.6214,0.0
DMU10(D6120),51,1790634233,29.0,5.3123,102.1426,0.0
EMU23,2801,1790634232,112.0,4.9951,100.7349,0.0
EMU24,2803,1790634229,111.0,5.2154,100.4918,0.0
EMU26,2806,1790634218,69.0,4.6107,101.083,0.0
SCS05,weekday_2006,1790634241,106.0,2.7451,101.8585,0.0
EMU33,2900,1790634240,111.0,5.938,100.4593,0.0
SCS04,weekday_2106,1790634239,40.0,3.0523,101.4957,0.0
SCS13,2901,1790634222,114.0,5.8584,100.477,0.0
SCS28,2804,1790634318,0.0,4.7782,100.8569,0.0
SCS29,weekday_2004,1790634318,23.0,2.8002,101.7977,0.0
DMU03,50,1790634318,20.0,4.4896,101.9446,0.0
EMU35,2905,1790634317,0.0,6.3706,100.303,0.0
SCS21,weekday_2107,1790634316,3.0,3.3765,101.6149,0.0
SCS05,weekday_2006,1790634316,27.0,2.7485,101.8466,0.0
ETS216,9121,1790634316,74.0,4.774,100.8698,0.0
EMU26,2806,1790634323,112.0,4.6244,101.099,0.0
EMU23,2801,1790634322,117.0,4.9686,100.7288,0.0
EMU29,2903,1790634322,74.0,6.1088,100.3677,0.0
SCS25,weekday_2012,1790634321,0.0,2.4632,102.2267,0.0
SCS11,weekday_2111,1790634320,0.0,3.685,101.518,0.0
ETS207,9041,1790634317,108.0,3.6317,101.563,0.0
SCS13,2901,1790634402,9.0,5.8249,100.478,0.0
EMU31,2800,1790634402,92.0,5.3656,100.4529,0.0
DMU03,50,1790634393,0.0,4.4902,101.945,0.0
EMU35,2905,1790634392,107.0,6.3615,100.3098,0.0
SCS21,weekday_2107,1790634391,74.0,3.3738,101.6122,0.0
EMU33,2900,1790634390,17.0,5.972,100.4406,0.0
SCS23,2904,1790634368,16.0,5.3923,100.3679,0.0
EMU26,2806,1790634368,115.0,4.6352,101.1072,0.0
ETS207,9041,1790634332,113.0,3.6282,101.5659,0.0
SCS11,weekday_2111,1790634365,0.0,3.685,101.518,0.0
EMU29,2903,1790634367,108.0,6.0983,100.3695,0.0
SCS25,weekday_2012,1790634366,21.0,2.4639,102.2256,0.0
EMU23,2801,1790634352,113.0,4.9599,100.7259,0.0
ETS216,9121,1790634436,103.0,4.7722,100.8888,0.0
EMU31,2800,1790634417,62.0,5.366,100.4498,0.0
SCS23,2904,1790634413,18.0,5.391,100.3697,0.0
DMU10(D6120),51,1790634413,21.0,5.3171,102.1348,0.0
EMU29,2903,1790634397,114.0,6.0905,100.374,0.0
DMU03,50,1790634413,0.0,4.4902,101.945,0.0
SCS04,weekday_2106,1790634404,34.0,3.056,101.5234,0.0
SCS28,2804,1790634453,117.0,4.7777,100.8393,0.0
SCS29,weekday_2004,1790634453,23.0,2.8034,101.8008,0.0
ETS207,9041,1790634452,108.0,3.6032,101.5905,0.0
SCS05,weekday_2006,1790634451,70.0,2.7497,101.842,0.0
SCS21,weekday_2107,1790634451,70.0,3.3661,101.5993,0.0
EMU33,2900,1790634450,0.0,5.9723,100.4405,0.0
SCS11,weekday_2111,1790634440,42.0,3.6805,101.5228,0.0
SCS28,2804,1790634453,117.0,4.7777,100.8393,0.0
EMU29,2903,1790634487,122.0,6.0666,100.3872,0.0
ETS207,9041,1790634452,108.0,3.6032,101.5905,0.0
SCS25,weekday_2012,1790634501,119.0,2.4617,102.2027,0.0
DMU10(D6120),51,1790634503,29.0,5.3199,102.1298,0.0
SCS23,2904,1790634503,26.0,5.3873,100.3738,0.0
SCS11,weekday_2111,1790634500,92.0,3.6725,101.5298,0.0
SCS29,weekday_2004,1790634453,23.0,2.8034,101.8008,0.0
SCS28,2804,1790634513,0.0,4.7761,100.8236,0.0
ETS207,9041,1790634512,85.0,3.5965,101.6033,0.0
SCS25,weekday_2012,1790634576,115.0,2.4546,102.1859,0.0
SCS04,weekday_2106,1790634629,90.0,3.0664,101.5489,0.0
EMU31,2800,1790634627,68.0,5.3622,100.4286,0.0
SCS13,2901,1790634627,116.0,5.766,100.4959,0.0
EMU23,2801,1790634627,0.0,4.8963,100.7194,0.0
EMU33,2900,1790634600,119.0,6.0009,100.4243,0.0
ETS216,9121,1790634616,15.0,4.7759,100.9311,0.0
SCS05,weekday_2006,1790634616,15.0,2.7541,101.8266,0.0
SCS25,weekday_2012,1790634606,114.0,2.463,102.1825,0.0
SCS11,weekday_2111,1790634605,103.0,3.6541,101.544,0.0
DMU10(D6120),51,1790634578,43.0,5.3261,102.1235,0.0
SCS29,weekday_2004,1790634603,0.0,2.8097,101.8066,0.0
EMU29,2903,1790634601,113.0,6.0362,100.4043,0.0
SCS23,2904,1790634593,102.0,5.3815,100.3851,0.0
EMU24,2803,1790634589,108.0,5.1417,100.4839,0.0
DMU03,50,1790634587,0.0,4.4903,101.945,0.0
ETS207,9041,1790634587,89.0,3.5794,101.6135,0.0
SCS21,weekday_2107,1790634586,90.0,3.3632,101.5787,0.0
SCS28,2804,1790634603,114.0,4.7778,100.7946,0.0
SCS26,weekday_2003,1790634629,0.0,3.2371,101.6812,0.0
EMU35,2905,1790634629,116.0,6.3006,100.3473,0.0
EMU31,2800,1790634687,0.0,5.3646,100.4212,0.0
ETS213,9123,1790634685,0.0,5.3937,100.3662,0.0
DMU10(D6120),51,1790634683,10.0,5.3297,102.1215,0.0
SCS25,weekday_2012,1790634681,115.0,2.4855,102.1795,0.0
SCS11,weekday_2111,1790634680,116.0,3.6387,101.559,0.0
SCS28,2804,1790634678,116.0,4.7843,100.7729,0.0
DMU03,50,1790634677,14.0,4.4906,101.9454,0.0
EMU29,2903,1790634676,116.0,6.0166,100.4154,0.0
SCS21,weekday_2107,1790634676,110.0,3.3435,101.5725,0.0
ETS216,9121,1790634676,4.0,4.7758,100.9315,0.0
DMU10(D6120),51,1790634728,45.0,5.3332,102.1199,0.0
ETS213,9123,1790634760,23.0,5.3909,100.3698,0.0
SCS11,weekday_2111,1790634725,114.0,3.6276,101.5666,0.0
SCS23,2904,1790634728,83.0,5.3672,100.4146,0.0
SCS05,weekday_2006,1790634796,19.0,2.7568,101.817,0.0
EMU26,2806,1790634768,114.0,4.7368,101.1217,0.0
ETS216,9121,1790634766,69.0,4.7804,100.9353,0.0
SCS21,weekday_2107,1790634796,40.0,3.3252,101.5712,0.0
DMU10(D6120),51,1790634773,57.0,5.3393,102.1181,0.0
EMU35,2905,1790634779,115.0,6.2554,100.3565,0.0
SCS13,2901,1790634777,116.0,5.7238,100.5136,0.0
SCS26,weekday_2003,1790634764,48.0,3.2317,101.676,0.0
SCS29,weekday_2004,1790634753,14.0,2.8111,101.8079,0.0
ETS207,9041,1790634752,60.0,3.558,101.6379,0.0
ETS213,9123,1790634760,23.0,5.3909,100.3698,0.0
SCS11,weekday_2111,1790634770,115.0,3.6183,101.5762,0.0
SCS04,weekday_2106,1790634764,0.0,3.0756,101.559,0.0
SCS05,weekday_2006,1790634856,0.0,2.757,101.8163,0.0
ETS216,9121,1790634856,137.0,4.8049,100.9457,0.0
EMU33,2900,1790634862,113.0,6.0708,100.3848,0.0
SCS25,weekday_2012,1790634861,117.0,2.5339,102.1563,0.0
SCS11,weekday_2111,1790634860,101.0,3.6,101.5949,0.0
SCS28,2804,1790634858,112.0,4.8215,100.7386,0.0
ETS207,9041,1790634857,24.0,3.5402,101.6357,0.0
SCS21,weekday_2107,1790634856,15.0,3.3205,101.5746,0.0
EMU29,2903,1790634856,42.0,5.9737,100.4396,0.0
DMU03,50,1790634827,51.0,4.5072,101.956,0.0
SCS26,weekday_2003,1790634944,20.0,3.2134,101.6721,0.0
SCS29,weekday_2004,1790634933,18.0,2.8178,101.8163,0.0
ETS216,9121,1790634931,131.0,4.8291,100.9525,0.0
EMU35,2905,1790634931,118.0,6.2107,100.3656,0.0
SCS11,weekday_2111,1790634905,102.0,3.5946,101.6048,0.0
SCS25,weekday_2012,1790634906,115.0,2.5424,102.1457,0.0
ETS213,9123,1790634910,95.0,5.3789,100.3899,0.0
SCS23,2904,1790634908,91.0,5.365,100.437,0.0
SCS21,weekday_2107,1790634976,78.0,3.314,101.5749,0.0
EMU35,2905,1790634976,110.0,6.1976,100.3683,0.0
EMU23,2801,1790634942,0.0,4.8531,100.7323,0.0
SCS05,weekday_2006,1790634976,19.0,2.7572,101.8156,0.0
SCS04,weekday_2106,1790634989,8.0,3.0792,101.572,0.0
SCS25,weekday_2012,1790634981,114.0,2.5571,102.1285,0.0
SCS11,weekday_2111,1790634980,95.0,3.5768,101.6136,0.0
SCS28,2804,1790634978,74.0,4.8498,100.7295,0.0
SCS29,weekday_2004,1790634978,58.0,2.8212,101.8194,0.0
DMU03,50,1790634977,73.0,4.5204,101.9725,0.0
ETS216,9121,1790634976,132.0,4.8382,100.9651,0.0
EMU33,2900,1790634952,107.0,6.0943,100.3718,0.0
SCS28,2804,1790635038,0.0,4.8534,100.7326,0.0
SCS29,weekday_2004,1790635038,17.0,2.8258,101.8248,0.0
ETS213,9123,1790635045,90.0,5.3649,100.4205,0.0
SCS25,weekday_2012,1790635041,113.0,2.5666,102.1132,0.0
DMU03,50,1790635037,60.0,4.5285,101.9799,0.0
SCS25,weekday_2012,1790635086,114.0,2.5765,102.1045,0.0
SCS23,2904,1790635088,52.0,5.3655,100.4541,0.0
DMU10(D6120),51,1790635088,17.0,5.3622,102.0944,0.0
EMU33,2900,1790635087,0.0,6.1133,100.3697,0.0
SCS11,weekday_2111,1790635085,96.0,3.5602,101.6343,0.0
ETS213,9123,1790635120,80.0,5.3649,100.4367,0.0
SCS23,2904,1790635163,48.0,5.3594,100.4621,0.0
EMU33,2900,1790635162,78.0,6.1193,100.3725,0.0
SCS29,weekday_2004,1790635158,0.0,2.8299,101.8267,0.0
EMU26,2806,1790635158,0.0,4.8187,101.071,0.0
SCS25,weekday_2012,1790635131,80.0,2.5871,102.0982,0.0
SCS28,2804,1790635128,91.0,4.8633,100.7312,0.0
ETS207,9041,1790635127,116.0,3.4785,101.6399,0.0
ETS216,9121,1790635126,126.0,4.8389,101.0159,0.0
EMU35,2905,1790635126,57.0,6.1813,100.3762,0.0
DMU03,50,1790635127,65.0,4.5425,101.98,0.0
SCS26,weekday_2003,1790635124,47.0,3.2012,101.6787,0.0
DMU13,53,1790635122,78.0,6.1822,102.182,0.0
EMU23,2801,1790635122,117.0,4.8149,100.7399,0.0
SCS13,2901,1790635122,0.0,5.6436,100.4903,0.0
DMU03,50,1790635232,75.0,4.5615,101.9864,0.0
ETS213,9123,1790635225,0.0,5.3664,100.4474,0.0
EMU33,2900,1790635222,109.0,6.1332,100.3788,0.0
SCS25,weekday_2012,1790635221,0.0,2.5925,102.095,0.0
SCS11,weekday_2111,1790635220,94.0,3.5463,101.6386,0.0
SCS29,weekday_2004,1790635218,16.0,2.8323,101.8271,0.0
EMU26,2806,1790635218,0.0,4.8187,101.071,0.0
SCS28,2804,1790635218,114.0,4.8849,100.7206,0.0
EMU29,2903,1790635216,113.0,5.9035,100.4725,0.0
ETS207,9041,1790635217,91.0,3.4578,101.639,0.0
SCS09,weekday_2112,1790635215,0.0,3.0005,101.3909,0.0
SCS21,weekday_2107,1790635216,65.0,3.2665,101.5591,0.0
EMU35,2905,1790635216,115.0,6.1576,100.3796,0.0
EMU24,2803,1790635212,0.0,5.0287,100.5273,0.0
SCS05,weekday_2006,1790635216,24.0,2.7704,101.8043,0.0
ETS213,9123,1790635270,0.0,5.3661,100.4475,0.0
EMU23,2801,1790635269,119.0,4.7848,100.7717,0.0
DMU10(D6120),51,1790635268,0.0,5.3627,102.0926,0.0
EMU33,2900,1790635267,114.0,6.1465,100.3803,0.0
DMU03,50,1790635232,75.0,4.5615,101.9864,0.0
SCS25,weekday_2012,1790635296,0.0,2.5925,102.095,0.0
SCS28,2804,1790635293,0.0,4.8963,100.7194,0.0
ETS216,9121,1790635291,46.0,4.8244,101.0605,0.0
EMU29,2903,1790635336,120.0,5.8667,100.477,0.0
ETS216,9121,1790635336,7.0,4.8235,101.0628,0.0
SCS09,weekday_2112,1790635335,10.0,3.003,101.3916,0.0
SCS13,2901,1790635317,115.0,5.6008,100.494,0.0
DMU13,53,1790635317,75.0,6.162,102.2106,0.0
SCS08,weekday_2014,1790635317,34.0,2.4653,102.2229,0.0
ETS213,9123,1790635315,1.0,5.3661,100.4475,0.0
EMU23,2801,1790635314,119.0,4.7807,100.785,0.0
SCS23,2904,1790635313,116.0,5.3773,100.469,0.0
EMU33,2900,1790635312,117.0,6.1603,100.3793,0.0
EMU26,2806,1790635308,0.0,4.8187,101.071,0.0
SCS28,2804,1790635308,0.0,4.8963,100.7194,0.0
DMU10(D6120),51,1790635298,0.0,5.3627,102.0926,0.0
SCS26,weekday_2003,1790635304,46.0,3.1892,101.6886,0.0
SCS04,weekday_2106,1790635304,40.0,3.0845,101.5912,0.0
SCS25,weekday_2012,1790635341,0.0,2.5925,102.095,0.0
SCS11,weekday_2111,1790635340,94.0,3.5183,101.6288,0.0
DMU03,50,1790635337,71.0,4.5831,101.9863,0.0
ETS207,9041,1790635337,72.0,3.4294,101.6303,0.0
SCS29,weekday_2004,1790635338,74.0,2.8443,101.8248,0.0
SCS21,weekday_2107,1790635336,20.0,3.2595,101.5553,0.0
SCS05,weekday_2006,1790635336,24.0,2.779,101.8012,0.0
EMU35,2905,1790635336,111.0,6.1222,100.3738,0.0
EMU29,2903,1790635396,117.0,5.8485,100.4769,0.0
ETS216,9121,1790635396,31.0,4.8216,101.0665,0.0
EMU26,2806,1790635398,0.0,4.8187,101.071,0.0
SCS29,weekday_2004,1790635398,53.0,2.8563,101.8214,0.0
ETS207,9041,1790635397,87.0,3.4189,101.6247,0.0
DMU03,50,1790635397,64.0,4.593,101.9842,0.0
SCS21,weekday_2107,1790635411,17.0,3.2583,101.5549,0.0
ETS213,9123,1790635405,9.0,5.366,100.4481,0.0
SCS23,2904,1790635403,103.0,5.403,100.4722,0.0
EMU33,2900,1790635402,48.0,6.1822,100.3756,0.0
SCS25,weekday_2012,1790635401,98.0,2.598,102.0917,0.0
SCS11,weekday_2111,1790635400,74.0,3.5052,101.6335,0.0
SCS28,2804,1790635398,117.0,4.9105,100.7178,0.0
SCS23,2904,1790635448,115.0,5.4157,100.4765,0.0
ETS213,9123,1790635480,114.0,5.3598,100.4616,0.0
DMU10(D6120),51,1790635448,26.0,5.3647,102.0893,0.0
EMU33,2900,1790635447,0.0,6.1834,100.3748,0.0
SCS08,weekday_2014,1790635437,112.0,2.465,102.204,0.0
SCS25,weekday_2012,1790635446,110.0,2.6094,102.0849,0.0
SCS11,weekday_2111,1790635445,0.0,3.5009,101.6341,0.0
SCS26,weekday_2003,1790635499,33.0,3.1767,101.6861,0.0
SCS21,weekday_2107,1790635486,30.0,3.2521,101.5553,0.0
ETS216,9121,1790635486,121.0,4.808,101.0813,0.0
EMU29,2903,1790635517,0.0,5.8243,100.478,0.0
EMU24,2803,1790635492,75.0,5.0244,100.5297,0.0
SCS25,weekday_2012,1790635491,114.0,2.6203,102.0771,0.0
SCS11,weekday_2111,1790635490,49.0,3.4996,101.6343,0.0
ETS213,9123,1790635480,114.0,5.3598,100.4616,0.0
EMU26,2806,1790635488,82.0,4.8215,101.0667,0.0
SCS28,2804,1790635488,114.0,4.9372,100.72,0.0
DMU03,50,1790635487,82.0,4.6103,101.9859,0.0
DMU13,53,1790635482,60.0,6.1459,102.2281,0.0
SCS13,2901,1790635482,114.0,5.5516,100.4999,0.0
EMU23,2801,1790635524,91.0,4.7791,100.8457,0.0
SCS29,weekday_2004,1790635578,91.0,2.8728,101.8176,0.0
EMU29,2903,1790635577,62.0,5.8214,100.4782,0.0
ETS207,9041,1790635577,113.0,3.3732,101.6117,0.0
EMU26,2806,1790635580,111.0,4.8235,101.0424,0.0
SCS21,weekday_2107,1790635576,103.0,3.2348,101.5597,0.0
SCS05,weekday_2006,1790635576,20.0,2.7959,101.796,0.0
SCS09,weekday_2112,1790635575,3.0,3.014,101.4033,0.0
SCS04,weekday_2106,1790635574,7.0,3.0845,101.6212,0.0
SCS25,weekday_2012,1790635581,115.0,2.6352,102.055,0.0
SCS11,weekday_2111,1790635580,87.0,3.4778,101.6395,0.0
ETS216,9121,1790635576,140.0,4.7834,101.0996,0.0
EMU33,2900,1790635567,102.0,6.1992,100.368,0.0
ETS213,9123,1790635630,135.0,5.3135,100.4745,0.0
EMU23,2801,1790635629,0.0,4.7782,100.8572,0.0
SCS25,weekday_2012,1790635626,115.0,2.6369,102.0418,0.0
SCS13,2901,1790635662,114.0,5.4991,100.5026,0.0
SCS23,2904,1790635628,112.0,5.4654,100.4965,0.0
EMU33,2900,1790635627,114.0,6.2167,100.3644,0.0
EMU26,2806,1790635625,111.0,4.8262,101.0301,0.0
DMU10(D6120),51,1790635628,0.0,5.3719,102.0852,0.0
SCS08,weekday_2014,1790635617,115.0,2.4817,102.18,0.0
SCS11,weekday_2111,1790635625,40.0,3.4705,101.6382,0.0
ETS213,9123,1790635675,110.0,5.2999,100.4806,0.0
SCS28,2804,1790635698,115.0,4.9982,100.7353,0.0
SCS29,weekday_2004,1790635698,86.0,2.8898,101.7971,0.0
ETS207,9041,1790635697,53.0,3.3637,101.5918,0.0
DMU03,50,1790635697,1.0,4.6456,101.994,0.0
EMU29,2903,1790635697,120.0,5.7901,100.4855,0.0
ETS216,9121,1790635696,137.0,4.7481,101.121,0.0
DMU10(D6120),51,1790635673,1.0,5.372,102.0852,0.0
SCS23,2904,1790635673,67.0,5.4776,100.4967,0.0
SCS21,weekday_2107,1790635696,46.0,3.2097,101.5749,0.0
SCS11,weekday_2111,1790635670,0.0,3.469,101.638,0.0
SCS05,weekday_2006,1790635666,24.0,2.8016,101.7991,0.0
SCS25,weekday_2012,1790635656,118.0,2.6424,102.0346,0.0
EMU26,2806,1790635700,114.0,4.84,101.0131,0.0
EMU23,2801,1790635674,0.0,4.7782,100.8572,0.0
EMU33,2900,1790635672,113.0,6.23,100.3617,0.0
SCS13,2901,1790635677,113.0,5.4948,100.5014,0.0
SCS09,weekday_2112,1790635695,4.0,3.0211,101.411,0.0
SCS08,weekday_2014,1790635657,118.0,2.4936,102.1781,0.0
EMU24,2803,1790635672,118.0,5.0383,100.5753,0.0
SCS05,weekday_2006,1790635756,25.0,2.804,101.8013,0.0
SCS04,weekday_2106,1790635754,41.0,3.0849,101.6257,0.0
EMU26,2806,1790635760,119.0,4.8454,100.9964,0.0
SCS29,weekday_2004,1790635758,70.0,2.8971,101.7862,0.0
EMU23,2801,1790635749,0.0,4.7782,100.8572,0.0
ETS216,9121,1790635756,136.0,4.7268,101.1222,0.0
SCS28,2804,1790635758,115.0,5.0149,100.7298,0.0
SCS25,weekday_2012,1790635761,83.0,2.6554,102.0129,0.0
SCS11,weekday_2111,1790635760,106.0,3.4535,101.6399,0.0
EMU29,2903,1790635757,121.0,5.7726,100.4932,0.0
DMU03,50,1790635757,3.0,4.6456,101.994,0.0
SCS08,weekday_2014,1790635757,114.0,2.5223,102.1665,0.0
EMU33,2900,1790635754,118.0,6.2542,100.3568,0.0
SCS21,weekday_2107,1790635756,3.0,3.2065,101.5796,0.0
SCS09,weekday_2112,1790635755,46.0,3.0222,101.4122,0.0
EMU24,2803,1790635752,116.0,5.0447,100.5982,0.0
SCS13,2901,1790635842,86.0,5.4758,100.4964,0.0
SCS26,weekday_2003,1790635810,22.0,3.1643,101.6918,0.0
SCS23,2904,1790635808,79.0,5.4855,100.4989,0.0
DMU10(D6120),51,1790635808,17.0,5.3771,102.0826,0.0
SCS25,weekday_2012,1790635806,55.0,2.6569,102.0044,0.0
EMU26,2806,1790635805,116.0,4.8434,100.9826,0.0
EMU23,2801,1790635809,0.0,4.7782,100.8572,0.0
SCS11,weekday_2111,1790635805,105.0,3.4412,101.6379,0.0
ETS213,9123,1790635795,133.0,5.2668,100.481,0.0
ETS213,9123,1790635885,125.0,5.2378,100.4876,0.0
SCS26,weekday_2003,1790635885,30.0,3.1546,101.6931,0.0
SCS11,weekday_2111,1790635880,77.0,3.4273,101.6284,0.0
EMU33,2900,1790635844,112.0,6.2812,100.3512,0.0
SCS09,weekday_2112,1790635875,14.0,3.0344,101.4252,0.0
SCS23,2904,1790635853,112.0,5.4975,100.5021,0.0
EMU35,2905,1790635852,118.0,6.0078,100.4204,0.0
EMU24,2803,1790635852,118.0,5.0424,100.629,0.0
SCS25,weekday_2012,1790635851,44.0,2.6585,101.9987,0.0
SCS08,weekday_2014,1790635837,115.0,2.5392,102.1498,0.0
SCS28,2804,1790635833,114.0,5.0308,100.7138,0.0
EMU26,2806,1790635880,118.0,4.8365,100.9609,0.0
DMU10(D6120),51,1790635853,50.0,5.3807,102.0809,0.0
SCS28,2804,1790635938,114.0,5.0393,100.6842,0.0
SCS05,weekday_2006,1790635936,20.0,2.8132,101.8099,0.0
EMU35,2905,1790635942,114.0,5.9835,100.4342,0.0
SCS25,weekday_2012,1790635941,0.0,2.6601,101.9965,0.0
SCS11,weekday_2111,1790635925,99.0,3.4178,101.6253,0.0
EMU26,2806,1790635925,114.0,4.8269,100.9519,0.0
SCS09,weekday_2112,1790635935,25.0,3.0353,101.4262,0.0
DMU10(D6120),51,1790635988,16.0,5.3902,102.0721,0.0
SCS23,2904,1790635988,115.0,5.5357,100.5038,0.0
SCS08,weekday_2014,1790635977,114.0,2.5647,102.1164,0.0
SCS25,weekday_2012,1790635986,0.0,2.6601,101.9965,0.0
EMU26,2806,1790635985,116.0,4.8093,100.9497,0.0
SCS29,weekday_2004,1790636058,17.0,2.9067,101.7912,0.0
SCS28,2804,1790636058,116.0,5.0417,100.6484,0.0
EMU24,2803,1790636038,116.0,5.0394,100.6848,0.0
ETS207,9041,1790636012,17.0,3.323,101.5728,0.0
DMU03,50,1790636012,56.0,4.6853,102.0028,0.0
EMU29,2903,1790636057,109.0,5.686,100.5015,0.0
SCS23,2904,1790636033,114.0,5.5487,100.5003,0.0
EMU35,2905,1790636032,0.0,5.9718,100.4408,0.0
ETS216,9121,1790636056,133.0,4.6386,101.1098,0.0
EMU23,2801,1790636034,0.0,4.7782,100.8572,0.0
SCS11,weekday_2111,1790636030,103.0,3.3894,101.6269,0.0
SCS09,weekday_2112,1790636055,3.0,3.0409,101.4322,0.0
SCS25,weekday_2012,1790636031,0.0,2.6601,101.9965,0.0
SCS08,weekday_2014,1790636037,118.0,2.5774,102.104,0.0
ETS213,9123,1790636020,128.0,5.1951,100.482,0.0
EMU26,2806,1790636015,113.0,4.8031,100.9433,0.0
SCS13,2901,1790636022,113.0,5.4256,100.4824,0.0
DMU13,53,1790636022,22.0,6.1149,102.1968,0.0
SCS23,2904,1790636123,114.0,5.5754,100.4959,0.0
EMU24,2803,1790636118,112.0,5.0346,100.7085,0.0
EMU23,2801,1790636109,0.0,4.7782,100.8572,0.0
SCS38,weekday_2115,1790636108,0.0,3.6843,101.5187,0.0
DMU10(D6120),51,1790636108,0.0,5.3903,102.0649,0.0
SCS29,weekday_2004,1790636118,69.0,2.9122,101.7958,0.0
EMU29,2903,1790636117,110.0,5.6699,100.4947,0.0
SCS05,weekday_2006,1790636116,62.0,2.8219,101.82,0.0
ETS216,9121,1790636116,121.0,4.622,101.0971,0.0
SCS09,weekday_2112,1790636115,44.0,3.0453,101.4369,0.0
EMU26,2806,1790636120,55.0,4.7783,100.9347,0.0
SCS11,weekday_2111,1790636120,10.0,3.3766,101.615,0.0
SCS08,weekday_2014,1790636117,20.0,2.5932,102.0946,0.0
EMU35,2905,1790636107,106.0,5.9611,100.4468,0.0
SCS25,weekday_2012,1790636106,0.0,2.6601,101.9965,0.0
SCS23,2904,1790636168,116.0,5.5887,100.4938,0.0
EMU35,2905,1790636167,118.0,5.9453,100.4558,0.0
EMU24,2803,1790636158,116.0,5.0271,100.7181,0.0
EMU29,2903,1790636158,99.0,5.659,100.4928,0.0
SCS08,weekday_2014,1790636157,0.0,2.5936,102.0943,0.0
SCS25,weekday_2012,1790636166,40.0,2.6612,101.9954,0.0
EMU26,2806,1790636165,0.0,4.7762,100.9319,0.0
SCS11,weekday_2111,1790636165,0.0,3.3765,101.6149,0.0
SCS13,2901,1790636202,112.0,5.3736,100.4687,0.0
ETS213,9123,1790636200,74.0,5.1382,100.4846,0.0
SCS05,weekday_2006,1790636191,19.0,2.8274,101.8261,0.0
EMU23,2801,1790636169,0.0,4.7782,100.8572,0.0
SCS38,weekday_2115,1790636168,0.0,3.6843,101.5187,0.0
DMU10(D6120),51,1790636168,0.0,5.3903,102.0649,0.0
SCS29,weekday_2004,1790636238,71.0,2.9354,101.7933,0.0
DMU03,50,1790636237,59.0,4.701,102.003,0.0
ETS207,9041,1790636237,98.0,3.3086,101.5748,0.0
ETS216,9121,1790636236,33.0,4.6088,101.0782,0.0
EMU33,2900,1790636236,0.0,6.371,100.3026,0.0
SCS08,weekday_2014,1790636197,0.0,2.5936,102.0943,0.0
SCS21,weekday_2107,1790636236,36.0,3.2066,101.6336,0.0
SCS09,weekday_2112,1790636235,23.0,3.0437,101.4486,0.0
ETS213,9123,1790636215,58.0,5.1357,100.4852,0.0
DMU10(D6120),51,1790636213,0.0,5.3903,102.0649,0.0
SCS11,weekday_2111,1790636240,106.0,3.3689,101.6067,0.0
SCS25,weekday_2012,1790636211,76.0,2.6664,101.9918,0.0
DMU13,53,1790636202,66.0,6.0951,102.175,0.0
SCS05,weekday_2006,1790636221,22.0,2.8293,101.8266,0.0
SCS23,2904,1790636243,114.0,5.6109,100.4962,0.0
SCS38,weekday_2115,1790636243,0.0,3.6843,101.5187,0.0
EMU35,2905,1790636212,115.0,5.9325,100.4614,0.0
EMU26,2806,1790636240,83.0,4.7744,100.9263,0.0
SCS28,2804,1790636238,114.0,5.0449,100.5946,0.0
SCS29,weekday_2004,1790636298,0.0,2.939,101.7886,0.0
EMU24,2803,1790636298,116.0,4.9898,100.7342,0.0
DMU10(D6120),51,1790636303,58.0,5.3914,102.0589,0.0
SCS23,2904,1790636303,116.0,5.628,100.4924,0.0
EMU35,2905,1790636302,116.0,5.9067,100.4713,0.0
EMU26,2806,1790636293,91.0,4.776,100.9129,0.0
SCS09,weekday_2112,1790636295,0.0,3.0425,101.4514,0.0
SCS28,2804,1790636298,114.0,5.0399,100.5777,0.0
DMU03,50,1790636297,85.0,4.7128,102.0026,0.0
ETS207,9041,1790636297,70.0,3.2947,101.5747,0.0
ETS216,9121,1790636296,40.0,4.6044,101.0759,0.0
SCS25,weekday_2012,1790636301,76.0,2.6786,101.9773,0.0
SCS11,weekday_2111,1790636300,94.0,3.3639,101.5915,0.0
SCS21,weekday_2107,1790636296,0.0,3.2032,101.6369,0.0
EMU33,2900,1790636296,53.0,6.3732,100.301,0.0
SCS38,weekday_2115,1790636348,106.0,3.671,101.5308,0.0
SCS25,weekday_2012,1790636346,63.0,2.686,101.9736,0.0
EMU24,2803,1790636338,116.0,4.9776,100.7318,0.0
SCS11,weekday_2111,1790636345,100.0,3.363,101.5801,0.0
DMU10(D6120),51,1790636333,55.0,5.3931,102.0546,0.0
SCS23,2904,1790636378,18.0,5.6421,100.4899,0.0
ETS213,9123,1790636350,22.0,5.1304,100.4862,0.0
SCS26,weekday_2003,1790636350,0.0,3.1354,101.6884,0.0
EMU23,2801,1790636349,0.0,4.7782,100.8572,0.0
SCS08,weekday_2014,1790636337,112.0,2.612,102.0833,0.0
SCS13,2901,1790636382,76.0,5.3639,100.458,0.0
DMU13,53,1790636382,71.0,6.0666,102.1549,0.0
SCS04,weekday_2106,1790636339,0.0,3.0862,101.6637,0.0
DMU10(D6120),51,1790636378,27.0,5.3923,102.049,0.0
ETS306,9323,1790636447,90.0,5.392529,100.36764,0.0
SCS29,weekday_2004,1790636418,61.0,2.9429,101.786,0.0
SCS28,2804,1790636418,114.0,5.0199,100.5478,0.0
ETS216,9121,1790636416,0.0,4.5978,101.0734,0.0
EMU33,2900,1790636416,118.0,6.3981,100.2823,0.0
SCS09,weekday_2112,1790636415,16.0,3.0391,101.454,0.0
EMU35,2905,1790636392,117.0,5.8798,100.4769,0.0
SCS25,weekday_2012,1790636391,4.0,2.69,101.9719,0.0
SCS11,weekday_2111,1790636390,99.0,3.3572,101.5714,0.0
EMU24,2803,1790636378,122.0,4.9656,100.7278,0.0
SCS08,weekday_2014,1790636377,114.0,2.6216,102.0761,0.0
SCS23,2904,1790636393,0.0,5.6424,100.4899,0.0
SCS05,weekday_2006,1790636416,70.0,2.8405,101.8278,0.0
SCS26,weekday_2003,1790636395,0.0,3.1354,101.6884,0.0
SCS19,weekday_2005,1790636394,0.0,3.2371,101.6812,0.0
EMU23,2801,1790636394,7.0,4.7782,100.8572,0.0
SCS04,weekday_2106,1790636384,0.0,3.0862,101.6637,0.0
EMU26,2806,1790636383,109.0,4.7728,100.8916,0.0
EMU29,2903,1790636383,108.0,5.6269,100.4929,0.0
SCS09,weekday_2112,1790636475,42.0,3.0359,101.4568,0.0
ETS306,9323,1790636447,90.0,5.392529,100.36764,0.0
DMU10(D6120),51,1790636483,0.0,5.3909,102.0465,0.0
EMU35,2905,1790636482,117.0,5.8519,100.4769,0.0
SCS25,weekday_2012,1790636481,75.0,2.6936,101.9705,0.0
SCS11,weekday_2111,1790636480,74.0,3.3352,101.5722,0.0
SCS29,weekday_2004,1790636478,90.0,2.9549,101.7918,0.0
ETS207,9041,1790636477,67.0,3.2636,101.5576,0.0
EMU33,2900,1790636476,113.0,6.4144,100.2743,0.0
SCS28,2804,1790636478,99.0,5.0226,100.5313,0.0
DMU03,50,1790636477,0.0,4.7308,102.0108,0.0
SCS08,weekday_2014,1790636477,113.0,2.6361,102.0505,0.0
SCS23,2904,1790636468,80.0,5.6482,100.4909,0.0
ETS213,9123,1790636530,137.0,5.0784,100.501,0.0
SCS13,2901,1790636517,36.0,5.3664,100.4469,0.0
SCS23,2904,1790636528,115.0,5.6648,100.4937,0.0
ETS306,9323,1790636568,90.0,5.3881288,100.37265,0.0
SCS26,weekday_2003,1790636530,0.0,3.1354,101.6884,0.0
SCS25,weekday_2012,1790636526,79.0,2.699,101.9631,0.0
SCS11,weekday_2111,1790636525,35.0,3.3291,101.569,0.0
EMU24,2803,1790636516,115.0,4.924,100.7166,0.0
SCS08,weekday_2014,1790636557,119.0,2.6471,102.0304,0.0
ETS306,9323,1790636568,90.0,5.3881288,100.37265,0.0
SCS13,2901,1790636562,86.0,5.3659,100.4389,0.0
SCS11,weekday_2111,1790636570,34.0,3.3251,101.5713,0.0
SCS29,weekday_2004,1790636568,0.0,2.9619,101.7921,0.0
SCS28,2804,1790636568,0.0,5.0292,100.5271,0.0
ETS207,9041,1790636567,56.0,3.2538,101.5546,0.0
SCS25,weekday_2012,1790636571,71.0,2.7038,101.9551,0.0
EMU29,2903,1790636563,119.0,5.5746,100.4961,0.0
SCS05,weekday_2006,1790636596,15.0,2.8636,101.8194,0.0
SCS09,weekday_2112,1790636595,3.0,3.0366,101.4705,0.0
ETS213,9123,1790636575,132.0,5.0647,100.5083,0.0
SCS23,2904,1790636573,108.0,5.6779,100.4963,0.0
ETS216,9121,1790636671,118.0,4.5742,101.0646,0.0
SCS29,weekday_2004,1790636658,83.0,2.9717,101.7903,0.0
DMU03,50,1790636657,76.0,4.7544,102.0142,0.0
EMU33,2900,1790636656,19.0,6.4324,100.2682,0.0
SCS09,weekday_2112,1790636655,40.0,3.0382,101.4714,0.0
SCS05,weekday_2006,1790636656,97.0,2.8736,101.8174,0.0
ETS306,9323,1790636689,90.0,5.3819375,100.383644,0.0
SCS19,weekday_2005,1790636664,22.0,3.2133,101.6721,0.0
EMU35,2905,1790636659,0.0,5.8243,100.478,0.0
ETS213,9123,1790636710,139.0,5.0228,100.5311,0.0
EMU23,2801,1790636709,103.0,4.7762,100.9115,0.0
SCS13,2901,1790636697,0.0,5.3642,100.4219,0.0
SCS25,weekday_2012,1790636706,41.0,2.7165,101.9439,0.0
ETS306,9323,1790636689,90.0,5.3819375,100.383644,0.0
ETS213,9123,1790636755,134.0,5.0191,100.5458,0.0
SCS19,weekday_2005,1790636754,0.0,3.2044,101.676,0.0
SCS38,weekday_2115,1790636753,107.0,3.5927,101.606,0.0
EMU31,2807,1790636742,0.0,5.3936,100.3661,0.0
ETS306,9323,1790636810,90.0,5.368247,100.41084,0.0
SCS13,2901,1790636742,57.0,5.3652,100.4194,0.0
SCS25,weekday_2012,1790636781,0.0,2.7187,101.9408,0.0
SCS11,weekday_2111,1790636780,98.0,3.3085,101.575,0.0
EMU35,2905,1790636779,12.0,5.8207,100.4783,0.0
SCS28,2804,1790636778,114.0,5.0764,100.502,0.0
SCS29,weekday_2004,1790636778,0.0,2.9814,101.7904,0.0
DMU03,50,1790636777,73.0,4.7787,102.0117,0.0
ETS207,9041,1790636777,96.0,3.2139,101.5708,0.0
EMU33,2900,1790636776,113.0,6.4572,100.2596,0.0
SCS21,weekday_2107,1790636776,100.0,3.1827,101.6711,0.0
EMU24,2803,1790636736,40.0,4.8948,100.7195,0.0
SCS11,weekday_2111,1790636840,95.0,3.2938,101.5743,0.0
EMU35,2905,1790636839,21.0,5.8172,100.4786,0.0
SCS29,weekday_2004,1790636838,5.0,2.9828,101.7905,0.0
DMU03,50,1790636837,73.0,4.7906,102.0132,0.0
ETS207,9041,1790636837,0.0,3.2074,101.5767,0.0
EMU33,2900,1790636836,118.0,6.4749,100.2538,0.0
ETS216,9121,1790636836,20.0,4.5376,101.0528,0.0
SCS05,weekday_2006,1790636836,45.0,2.8979,101.7854,0.0
DMU10(D6120),51,1790636828,0.0,5.379,102.0322,0.0
ETS306,9323,1790636810,90.0,5.368247,100.41084,0.0
SCS21,weekday_2107,1790636851,70.0,3.1719,101.6847,0.0
SCS23,2904,1790636843,24.0,5.7062,100.5112,0.0
EMU23,2801,1790636842,0.0,4.7762,100.9318,0.0
SCS25,weekday_2012,1790636841,0.0,2.7187,101.9408,0.0
EMU29,2903,1790636840,113.0,5.492,100.5007,0.0
ETS213,9123,1790636920,135.0,5.0448,100.5957,0.0
ETS216,9121,1790636911,47.0,4.527,101.0509,0.0
SCS09,weekday_2112,1790636910,0.0,3.0524,101.4936,0.0
SCS26,weekday_2003,1790636890,0.0,3.1354,101.6884,0.0
SCS23,2904,1790636888,22.0,5.7094,100.512,0.0
SCS25,weekday_2012,1790636886,2.0,2.7188,101.9403,0.0
EMU29,2903,1790636885,31.0,5.4826,100.4981,0.0
ETS306,9323,1790636932,90.0,5.3642364,100.43779,0.0
EMU26,2806,1790636923,111.0,4.7878,100.7629,0.0
DMU13,53,1790636922,48.0,6.0343,102.1394,0.0
EMU31,2807,1790636922,57.0,5.3855,100.3775,0.0
EMU23,2801,1790636887,75.0,4.7789,100.935,0.0
SCS11,weekday_2111,1790636885,78.0,3.285,101.5689,0.0
EMU33,2900,1790636926,120.0,6.5028,100.2533,0.0
ETS216,9121,1790636926,20.0,4.5256,101.0507,0.0
DMU10(D6120),51,1790636933,12.0,5.3715,102.0308,0.0
SCS23,2904,1790636933,21.0,5.7126,100.5128,0.0
ETS306,9323,1790636932,90.0,5.3642364,100.43779,0.0
SCS38,weekday_2115,1790636933,92.0,3.5592,101.6365,0.0
ETS213,9123,1790636920,135.0,5.0448,100.5957,0.0
EMU24,2803,1790636916,60.0,4.8555,100.734,0.0
EMU29,2903,1790636960,40.0,5.4808,100.4977,0.0
SCS08,weekday_2014,1790636917,0.0,2.661,101.9957,0.0
SCS05,weekday_2006,1790636956,0.0,2.9049,101.7868,0.0
SCS09,weekday_2112,1790636955,22.0,3.0523,101.4948,0.0
SCS13,2901,1790636922,47.0,5.3826,100.3827,0.0
EMU23,2801,1790636917,105.0,4.7864,100.9354,0.0
SCS25,weekday_2012,1790636916,15.0,2.7196,101.939,0.0
SCS11,weekday_2111,1790636915,80.0,3.2798,101.5652,0.0
ETS207,9041,1790636912,0.0,3.2067,101.5796,0.0
SCS04,weekday_2106,1790636939,13.0,3.112,101.6738,0.0
ETS306,9323,1790637053,90.0,5.365496,100.449036,0.0
EMU29,2903,1790637020,110.0,5.4675,100.4965,0.0
EMU35,2905,1790637019,23.0,5.8072,100.4802,0.0
EMU33,2900,1790637019,3.0,6.5239,100.2569,0.0
SCS05,weekday_2006,1790637016,17.0,2.9061,101.7884,0.0
EMU26,2806,1790637013,113.0,4.806,100.7431,0.0
SCS13,2901,1790637012,35.0,5.3848,100.3785,0.0
DMU13,53,1790637012,27.0,6.0222,102.1402,0.0
ETS213,9123,1790637010,135.0,5.0424,100.6273,0.0
ETS306,9323,1790637053,90.0,5.365496,100.449036,0.0
SCS11,weekday_2111,1790637065,17.0,3.2623,101.5567,0.0
SCS26,weekday_2003,1790637070,0.0,3.1354,101.6884,0.0
SCS19,weekday_2005,1790637069,47.0,3.1869,101.6899,0.0
SCS38,weekday_2115,1790637068,78.0,3.5457,101.638,0.0
DMU10(D6120),51,1790637068,31.0,5.3683,102.0256,0.0
SCS23,2904,1790637068,21.0,5.7221,100.5141,0.0
EMU23,2801,1790637067,117.0,4.8274,100.952,0.0
SCS25,weekday_2012,1790637066,37.0,2.7233,101.9221,0.0
EMU29,2903,1790637065,112.0,5.4542,100.4937,0.0
SCS08,weekday_2014,1790637057,45.0,2.663,101.9937,0.0
EMU24,2803,1790637056,104.0,4.8431,100.7284,0.0
EMU26,2806,1790637032,0.0,4.8116,100.7409,0.0
DMU13,53,1790637117,72.0,6.0079,102.1412,0.0
SCS23,2904,1790637113,30.0,5.7251,100.513,0.0
EMU23,2801,1790637112,120.0,4.8369,100.9617,0.0
ETS207,9041,1790637107,0.0,3.2067,101.5796,0.0
EMU26,2806,1790637100,106.0,4.8295,100.734,0.0
EMU24,2803,1790637096,106.0,4.833,100.731,0.0
ETS306,9323,1790637175,90.0,5.3654375,100.44938,0.0
SCS09,weekday_2112,1790637135,73.0,3.0555,101.5219,0.0
EMU29,2903,1790637110,112.0,5.4415,100.4903,0.0
DMU03,50,1790637107,57.0,4.8324,102.0081,0.0
SCS25,weekday_2012,1790637111,65.0,2.7255,101.9161,0.0
SCS26,weekday_2003,1790637115,0.0,3.1354,101.6884,0.0
SCS05,weekday_2006,1790637136,82.0,2.9138,101.7962,0.0
ETS213,9123,1790637115,132.0,5.0391,100.6627,0.0
SCS19,weekday_2005,1790637114,21.0,3.1822,101.6887,0.0
DMU10(D6120),51,1790637098,49.0,5.3706,102.0231,0.0
EMU31,2807,1790637117,59.0,5.366,100.4176,0.0
SCS38,weekday_2115,1790637113,89.0,3.5366,101.6346,0.0
SCS13,2901,1790637117,18.0,5.3879,100.3726,0.0
EMU29,2903,1790637200,111.0,5.418,100.4775,0.0
SCS09,weekday_2112,1790637195,0.0,3.0569,101.5259,0.0
SCS05,weekday_2006,1790637196,78.0,2.9261,101.7942,0.0
EMU26,2806,1790637205,35.0,4.8521,100.7314,0.0
SCS23,2904,1790637203,24.0,5.731,100.5107,0.0
EMU23,2801,1790637202,117.0,4.8446,100.9891,0.0
EMU35,2905,1790637199,111.0,5.786,100.4875,0.0
EMU33,2900,1790637199,110.0,6.5505,100.2598,0.0
DMU03,50,1790637197,79.0,4.838,101.9933,0.0
ETS207,9041,1790637197,0.0,3.2067,101.5796,0.0
SCS28,2804,1790637198,48.0,5.1684,100.4797,0.0
SCS25,weekday_2012,1790637186,94.0,2.7288,101.9006,0.0
SCS11,weekday_2111,1790637185,29.0,3.2577,101.5548,0.0
EMU24,2803,1790637176,115.0,4.8128,100.7406,0.0
SCS21,weekday_2107,1790637196,0.0,3.1548,101.6933,0.0
ETS216,9121,1790637196,52.0,4.4622,101.0482,0.0
ETS306,9323,1790637175,90.0,5.3654375,100.44938,0.0
SCS23,2904,1790637248,27.0,5.7341,100.5095,0.0
DMU10(D6120),51,1790637248,10.0,5.3793,102.0132,0.0
SCS38,weekday_2115,1790637248,88.0,3.5051,101.6335,0.0
EMU23,2801,1790637247,117.0,4.8438,101.0027,0.0
SCS25,weekday_2012,1790637246,72.0,2.74,101.8934,0.0
EMU29,2903,1790637245,117.0,5.4052,100.4728,0.0
SCS11,weekday_2111,1790637245,25.0,3.2526,101.5551,0.0
EMU35,2905,1790637244,117.0,5.7733,100.4929,0.0
SCS28,2804,1790637243,0.0,5.1701,100.4797,0.0
DMU03,50,1790637242,73.0,4.8424,101.9855,0.0
SCS21,weekday_2107,1790637241,63.0,3.1497,101.6906,0.0
SCS19,weekday_2005,1790637234,17.0,3.1795,101.6875,0.0
ETS306,9323,1790637296,90.0,5.3529835,100.46683,0.0
SCS13,2901,1790637282,0.0,5.3924,100.3674,0.0
DMU13,53,1790637282,69.0,5.9765,102.1432,0.0
ETS207,9041,1790637242,43.0,3.202,101.5888,0.0
SCS05,weekday_2006,1790637241,72.0,2.9349,101.7938,0.0
SCS29,weekday_2004,1790637234,2.0,3.0011,101.7358,0.0
SCS08,weekday_2014,1790637277,0.0,2.6912,101.9715,0.0
EMU33,2900,1790637274,114.0,6.573,100.2596,0.0
ETS216,9121,1790637226,0.0,4.4604,101.0491,0.0
SCS09,weekday_2112,1790637225,19.0,3.057,101.5264,0.0
SCS26,weekday_2003,1790637235,0.0,3.1354,101.6884,0.0
ETS213,9123,1790637235,135.0,5.0361,100.7039,0.0
ETS216,9121,1790637316,1.0,4.4599,101.0493,0.0
SCS09,weekday_2112,1790637315,88.0,3.0615,101.5428,0.0
ETS306,9323,1790637296,90.0,5.3529835,100.46683,0.0
SCS13,2901,1790637282,0.0,5.3924,100.3674,0.0
SCS07,weekday_2116,1790637282,0.0,3.0131,101.4024,0.0
EMU31,2807,1790637282,70.0,5.3624,100.4272,0.0
SCS26,weekday_2003,1790637280,9.0,3.1378,101.689,0.0
DMU10(D6120),51,1790637278,13.0,5.379,102.0119,0.0
SCS08,weekday_2014,1790637277,0.0,2.6912,101.9715,0.0
SCS23,2904,1790637323,105.0,5.7446,100.5055,0.0
SCS25,weekday_2012,1790637321,79.0,2.7399,101.8772,0.0
EMU29,2903,1790637320,104.0,5.3831,100.4698,0.0
SCS11,weekday_2111,1790637320,83.0,3.2407,101.5604,0.0
EMU33,2900,1790637319,117.0,6.5862,100.2625,0.0
EMU35,2905,1790637319,116.0,5.7524,100.5025,0.0
SCS28,2804,1790637318,110.0,5.1798,100.4795,0.0
DMU03,50,1790637317,64.0,4.8521,101.9768,0.0
ETS207,9041,1790637317,88.0,3.1999,101.6044,0.0
SCS05,weekday_2006,1790637316,0.0,2.9398,101.7877,0.0
SCS21,weekday_2107,1790637316,21.0,3.144,101.6933,0.0
SCS29,weekday_2004,1790637354,19.0,3.0047,101.7292,0.0
EMU29,2903,1790637395,42.0,5.3674,100.4678,0.0
SCS04,weekday_2106,1790637382,5.0,3.1305,101.6817,0.0
EMU23,2801,1790637382,113.0,4.8229,101.038,0.0
SCS11,weekday_2111,1790637380,96.0,3.2263,101.5613,0.0
SCS05,weekday_2006,1790637376,56.0,2.9426,101.786,0.0
SCS25,weekday_2012,1790637366,3.0,2.7412,101.8725,0.0
SCS07,weekday_2116,1790637357,32.0,3.0141,101.4034,0.0
SCS26,weekday_2003,1790637370,0.0,3.1389,101.6932,0.0
EMU31,2807,1790637357,53.0,5.3662,100.4395,0.0
SCS19,weekday_2005,1790637354,24.0,3.1714,101.6849,0.0
ETS213,9123,1790637370,136.0,5.0035,100.7352,0.0
ETS306,9323,1790637417,90.0,5.314775,100.47439,0.0
EMU26,2806,1790637385,114.0,4.8769,100.7229,0.0
SCS38,weekday_2115,1790637383,111.0,3.4892,101.6366,0.0
SCS28,2804,1790637363,115.0,5.1932,100.481,0.0
EMU33,2900,1790637364,118.0,6.6001,100.2632,0.0
ETS207,9041,1790637362,72.0,3.2038,101.6137,0.0
SCS23,2904,1790637353,116.0,5.753,100.5022,0.0
DMU13,53,1790637372,74.0,5.9598,102.1447,0.0
SCS09,weekday_2112,1790637405,39.0,3.0739,101.5556,0.0
DMU13,53,1790637402,82.0,5.9537,102.1464,0.0
SCS07,weekday_2116,1790637402,55.0,3.0186,101.4083,0.0
EMU31,2807,1790637402,1.0,5.367,100.4427,0.0
SCS26,weekday_2003,1790637400,3.0,3.139,101.6933,0.0
EMU24,2803,1790637397,117.0,4.778,100.7941,0.0
SCS08,weekday_2014,1790637397,88.0,2.7003,101.9608,0.0
ETS306,9323,1790637417,90.0,5.314775,100.47439,0.0
ETS213,9123,1790637415,135.0,4.9876,100.7338,0.0
EMU26,2806,1790637415,107.0,4.8853,100.7205,0.0
SCS29,weekday_2004,1790637414,24.0,3.0079,101.7264,0.0
SCS38,weekday_2115,1790637413,112.0,3.4808,101.6397,0.0
DMU10(D6120),51,1790637413,0.0,5.377,102.0102,0.0
SCS04,weekday_2106,1790637412,3.0,3.1306,101.6818,0.0
EMU23,2801,1790637412,116.0,4.8254,101.0467,0.0
SCS25,weekday_2012,1790637411,18.0,2.7413,101.872,0.0
SCS11,weekday_2111,1790637410,102.0,3.2199,101.5659,0.0
EMU29,2903,1790637410,52.0,5.3656,100.4676,0.0
EMU35,2905,1790637409,117.0,5.7264,100.5125,0.0
EMU33,2900,1790637409,119.0,6.614,100.2643,0.0
SCS28,2804,1790637408,114.0,5.2051,100.4874,0.0
DMU03,50,1790637407,73.0,4.8655,101.9665,0.0
ETS207,9041,1790637407,58.0,3.2084,101.6201,0.0
SCS05,weekday_2006,1790637406,84.0,2.9479,101.7882,0.0
ETS216,9121,1790637406,5.0,4.4592,101.0497,0.0
SCS21,weekday_2107,1790637406,0.0,3.1403,101.694,0.0
SCS04,weekday_2106,1790637502,0.0,3.1325,101.6836,0.0
ETS306,9323,1790637538,90.0,5.2807055,100.479836,0.0
EMU26,2806,1790637520,0.0,4.8962,100.7193,0.0
SCS29,weekday_2004,1790637519,20.0,3.017,101.7204,0.0
SCS23,2904,1790637518,117.0,5.7984,100.4823,0.0
SCS38,weekday_2115,1790637518,0.0,3.4678,101.6376,0.0
EMU24,2803,1790637517,113.0,4.7762,100.8298,0.0
SCS05,weekday_2006,1790637511,0.0,2.9631,101.7918,0.0
SCS21,weekday_2107,1790637511,19.0,3.1368,101.6913,0.0
SCS09,weekday_2112,1790637510,0.0,3.0762,101.5601,0.0
EMU29,2903,1790637509,0.0,5.3586,100.4626,0.0
DMU10(D6120),51,1790637503,0.0,5.377,102.0102,0.0
SCS25,weekday_2012,1790637516,106.0,2.7475,101.85,0.0
SCS11,weekday_2111,1790637515,35.0,3.2068,101.5783,0.0
SCS08,weekday_2014,1790637497,51.0,2.7135,101.9484,0.0
EMU33,2900,1790637514,111.0,6.6377,100.2816,0.0
EMU35,2905,1790637514,117.0,5.6952,100.5078,0.0
SCS28,2804,1790637513,114.0,5.2354,100.4881,0.0
DMU03,50,1790637512,1.0,4.8792,101.9669,0.0
ETS207,9041,1790637512,0.0,3.2089,101.6284,0.0
ETS216,9121,1790637511,51.0,4.45,101.054,0.0
SCS19,weekday_2005,1790637504,0.0,3.1652,101.6911,0.0
EMU31,2807,1790637567,11.0,5.3662,100.4491,0.0
ETS306,9323,1790637538,90.0,5.2807055,100.479836,0.0
ETS213,9123,1790637550,129.0,4.9424,100.7213,0.0
SCS23,2904,1790637548,121.0,5.8075,100.48,0.0
SCS04,weekday_2106,1790637547,0.0,3.1325,101.6836,0.0
EMU29,2903,1790637547,43.0,5.3622,100.4598,0.0
SCS25,weekday_2012,1790637546,102.0,2.7498,101.842,0.0
SCS26,weekday_2002,1790637550,54.0,3.1496,101.6905,0.0
EMU26,2806,1790637550,61.0,4.8988,100.7191,0.0
SCS29,weekday_2004,1790637549,17.0,3.0182,101.719,0.0
SCS19,weekday_2005,1790637549,0.0,3.1652,101.6912,0.0
DMU10(D6120),51,1790637548,0.0,5.377,102.0102,0.0
SCS38,weekday_2115,1790637548,31.0,3.4672,101.6375,0.0
SCS11,weekday_2111,1790637530,16.0,3.2065,101.5795,0.0
EMU35,2905,1790637529,120.0,5.6913,100.5052,0.0
SCS05,weekday_2006,1790637541,4.0,2.9631,101.7918,0.0
SCS28,2804,1790637528,114.0,5.2398,100.4871,0.0
EMU33,2900,1790637544,100.0,6.6427,100.2883,0.0
ETS207,9041,1790637542,0.0,3.2089,101.6284,0.0
DMU03,50,1790637542,0.0,4.8792,101.9669,0.0
SCS21,weekday_2107,1790637541,0.0,3.1358,101.6893,0.0
EMU23,2801,1790637541,19.0,4.8223,101.0655,0.0
ETS216,9121,1790637541,22.0,4.4472,101.0553,0.0
SCS09,weekday_2112,1790637540,0.0,3.0762,101.5601,0.0
SCS08,weekday_2014,1790637517,48.0,2.7151,101.9462,0.0
SCS07,weekday_2116,1790637567,101.0,3.0291,101.4196,0.0
DMU13,53,1790637567,80.0,5.9203,102.1555,0.0
DMU03,50,1790637572,0.0,4.8792,101.9669,0.0
EMU35,2905,1790637574,121.0,5.6797,100.4972,0.0
ETS207,9041,1790637572,0.0,3.2085,101.6302,0.0
ETS215,9223,1790637572,0.0,6.6631,100.3202,0.0
ETS306,9323,1790637659,90.0,5.241618,100.487274,0.0
ETS304,9224,1790637659,90.0,0.0027284583,0.0154984975,0.0
SCS08,weekday_2014,1790637637,0.0,2.7193,101.9397,0.0
SCS25,weekday_2012,1790637636,19.0,2.7525,101.8322,0.0
SCS28,2804,1790637633,112.0,5.2706,100.4802,0.0
EMU33,2900,1790637574,91.0,6.6473,100.2945,0.0
EMU23,2801,1790637631,9.0,4.8189,101.0708,0.0
ETS216,9121,1790637631,59.0,4.44,101.0586,0.0
SCS11,weekday_2111,1790637620,37.0,3.2059,101.5813,0.0
SCS05,weekday_2006,1790637676,0.0,2.9827,101.7905,0.0
SCS09,weekday_2112,1790637675,31.0,3.0762,101.5676,0.0
SCS07,weekday_2116,1790637672,0.0,3.0337,101.4246,0.0
SCS19,weekday_2005,1790637669,8.0,3.154,101.6926,0.0
DMU13,53,1790637657,80.0,5.9022,102.1587,0.0
SCS26,weekday_2002,1790637655,11.0,3.1543,101.6928,0.0
DMU10(D6120),51,1790637653,23.0,5.3733,102.0089,0.0
EMU26,2806,1790637640,110.0,4.9227,100.7166,0.0
ETS304,9224,1790637659,90.0,0.0027284583,0.0154984975,0.0
ETS306,9323,1790637659,90.0,5.241618,100.487274,0.0
SCS11,weekday_2111,1790637665,33.0,3.2038,101.5851,0.0
EMU33,2900,1790637664,4.0,6.6522,100.3051,0.0
SCS28,2804,1790637663,95.0,5.279,100.4785,0.0
ETS216,9121,1790637691,130.0,4.4257,101.0663,0.0
ETS215,9223,1790637662,3.0,6.6629,100.32,0.0
SCS29,weekday_2004,1790637684,2.0,3.0228,101.7161,0.0
SCS38,weekday_2115,1790637683,98.0,3.433,101.6329,0.0
SCS23,2904,1790637683,63.0,5.8262,100.4778,0.0
SCS04,weekday_2106,1790637682,0.0,3.1325,101.6836,0.0
EMU29,2903,1790637682,0.0,5.3664,100.4476,0.0
SCS25,weekday_2012,1790637681,26.0,2.7535,101.8289,0.0
EMU24,2803,1790637677,0.0,4.7782,100.8572,0.0
EMU23,2801,1790637676,33.0,4.8184,101.0716,0.0
ETS207,9041,1790637662,31.0,3.2068,101.6333,0.0
DMU03,50,1790637662,0.0,4.8792,101.9669,0.0
SCS21,weekday_2107,1790637661,0.0,3.1358,101.6893,0.0
SCS05,weekday_2006,1790637811,86.0,2.9912,101.7853,0.0
SCS09,weekday_2112,1790637810,0.0,3.0799,101.5723,0.0
SCS26,weekday_2002,1790637805,0.0,3.1651,101.6913,0.0
ETS213,9123,1790637805,89.0,4.8625,100.732,0.0
SCS23,2904,1790637788,116.0,5.8552,100.4769,0.0
SCS04,weekday_2106,1790637802,0.0,3.1325,101.6836,0.0
EMU29,2903,1790637802,75.0,5.3625,100.4268,0.0
SCS25,weekday_2012,1790637801,21.0,2.7547,101.8245,0.0
SCS07,weekday_2116,1790637792,0.0,3.0399,101.4312,0.0
SCS19,weekday_2005,1790637789,31.0,3.149,101.6907,0.0
EMU24,2803,1790637777,77.0,4.7766,100.8645,0.0
SCS29,weekday_2004,1790637804,49.0,3.0292,101.7123,0.0
SCS21,weekday_2107,1790637796,0.0,3.1358,101.6893,0.0
EMU23,2801,1790637796,119.0,4.7955,101.0924,0.0
ETS216,9121,1790637796,124.0,4.3942,101.0834,0.0
DMU13,53,1790637792,78.0,5.8748,102.1552,0.0
DMU10(D6120),51,1790637788,36.0,5.3608,102.0079,0.0
ETS304,9224,1790637780,90.0,3.1391833,101.69447,0.0
ETS306,9323,1790637780,90.0,5.1998987,100.48586,0.0
EMU31,2807,1790637807,110.0,5.3263,100.47,0.0
SCS11,weekday_2111,1790637800,79.0,3.2011,101.6108,0.0
EMU23,2801,1790637871,116.0,4.7756,101.1046,0.0
SCS09,weekday_2112,1790637870,0.0,3.0799,101.5723,0.0
EMU33,2900,1790637874,0.0,6.6522,100.3052,0.0
SCS28,2804,1790637873,116.0,5.3071,100.4774,0.0
EMU35,2905,1790637872,108.0,5.6258,100.4934,0.0
ETS207,9041,1790637872,0.0,3.1842,101.6666,0.0
DMU03,50,1790637872,32.0,4.8851,101.9702,0.0
ETS215,9223,1790637872,56.0,6.6532,100.3068,0.0
SCS21,weekday_2107,1790637871,0.0,3.1358,101.6893,0.0
SCS19,weekday_2005,1790637864,22.0,3.1445,101.6929,0.0
SCS29,weekday_2004,1790637864,88.0,3.0398,101.7086,0.0
DMU10(D6120),51,1790637863,45.0,5.3512,102.0104,0.0
SCS23,2904,1790637863,113.0,5.8777,100.4769,0.0
EMU26,2806,1790637862,116.0,4.9865,100.7337,0.0
SCS04,weekday_2106,1790637862,0.0,3.1325,101.6836,0.0
SCS25,weekday_2012,1790637861,30.0,2.7562,101.819,0.0
EMU24,2803,1790637837,49.0,4.7722,100.8745,0.0
DMU13,53,1790637837,78.0,5.8654,102.1541,0.0
SCS08,weekday_2014,1790637837,31.0,2.7217,101.9324,0.0
SCS07,weekday_2116,1790637837,14.0,3.0402,101.4315,0.0
SCS11,weekday_2111,1790637830,72.0,3.2054,101.6152,0.0
EMU29,2903,1790637832,37.0,5.3642,100.4223,0.0
EMU31,2807,1790637822,108.0,5.3222,100.4707,0.0
ETS213,9123,1790637820,71.0,4.8598,100.7338,0.0
EMU29,2903,1790637922,60.0,5.3654,100.419,0.0
SCS28,2804,1790637873,116.0,5.3071,100.4774,0.0
EMU35,2905,1790637872,108.0,5.6258,100.4934,0.0
ETS207,9041,1790637872,0.0,3.1842,101.6666,0.0
DMU03,50,1790637872,32.0,4.8851,101.9702,0.0
SCS08,weekday_2014,1790637917,21.0,2.7233,101.9223,0.0
SCS23,2904,1790637908,114.0,5.8912,100.4768,0.0
SCS25,weekday_2012,1790637906,20.0,2.7569,101.8166,0.0
SCS11,weekday_2111,1790637905,35.0,3.2087,101.6265,0.0
SCS20,weekday_2119,1790637916,0.0,3.6849,101.518,0.0
SCS04,weekday_2106,1790637907,0.0,3.1325,101.6836,0.0
EMU26,2806,1790637907,117.0,5.0,100.7354,0.0
DMU13,53,1790637897,78.0,5.8529,102.1526,0.0
EMU24,2803,1790637917,92.0,4.7718,100.8869,0.0
ETS306,9323,1790637901,90.0,5.1581845,100.480675,0.0
SCS26,weekday_2002,1790637910,24.0,3.1674,101.6881,0.0
ETS304,9224,1790637901,90.0,3.13922,101.694664,0.0
SCS07,weekday_2116,1790637927,22.0,3.0457,101.4376,0.0
EMU31,2807,1790637927,89.0,5.2946,100.4829,0.0
SCS19,weekday_2005,1790637924,17.0,3.1409,101.6941,0.0
SCS29,weekday_2004,1790637924,92.0,3.0538,101.7068,0.0
EMU24,2803,1790637997,100.0,4.7772,100.9064,0.0
SCS08,weekday_2014,1790637997,71.0,2.7256,101.9156,0.0
EMU35,2905,1790637992,115.0,5.5902,100.4935,0.0
SCS21,weekday_2107,1790637991,0.0,3.1358,101.6893,0.0
SCS09,weekday_2112,1790637990,0.0,3.0799,101.5723,0.0
EMU26,2806,1790637967,114.0,5.0162,100.7286,0.0
EMU31,2807,1790637967,0.0,5.2877,100.4815,0.0
SCS25,weekday_2012,1790637966,23.0,2.7587,101.8127,0.0
SCS11,weekday_2111,1790637965,0.0,3.2088,101.6277,0.0
ETS216,9121,1790637961,134.0,4.3494,101.1157,0.0
SCS07,weekday_2116,1790637957,61.0,3.0468,101.4407,0.0
SCS20,weekday_2119,1790637956,0.0,3.6849,101.518,0.0
DMU13,53,1790637942,80.0,5.8434,102.1513,0.0
ETS213,9123,1790637970,0.0,4.8534,100.7326,0.0
SCS28,2804,1790637963,114.0,5.3327,100.47,0.0
ETS207,9041,1790637962,39.0,3.1744,101.6824,0.0
ETS215,9223,1790637962,136.0,6.6398,100.2846,0.0
DMU03,52,1790637962,44.0,4.8947,101.9712,0.0
SCS04,weekday_2106,1790638042,4.0,3.1359,101.6904,0.0
SCS25,weekday_2012,1790638041,0.0,2.7609,101.8105,0.0
ETS306,9323,1790638022,90.0,5.129256,100.48702,0.0
ETS304,9224,1790638022,90.0,3.1421838,101.694786,0.0
SCS11,weekday_2111,1790638040,34.0,3.2085,101.6299,0.0
SCS19,weekday_2005,1790638014,18.0,3.1385,101.6933,0.0
SCS29,weekday_2004,1790638014,48.0,3.0744,101.7096,0.0
DMU10(D6120),51,1790638013,48.0,5.3305,102.018,0.0
SCS38,weekday_2115,1790638013,62.0,3.374,101.6124,0.0
EMU24,2803,1790637997,100.0,4.7772,100.9064,0.0
SCS08,weekday_2014,1790638037,85.0,2.7253,101.9083,0.0
SCS28,2804,1790638053,57.0,5.3548,100.4654,0.0
SCS21,weekday_2107,1790638051,0.0,3.1358,101.6893,0.0
EMU31,2807,1790638050,70.0,5.283,100.4797,0.0
DMU03,52,1790638052,53.0,4.9072,101.9745,0.0
EMU35,2905,1790638052,118.0,5.5718,100.4965,0.0
ETS215,9223,1790638052,134.0,6.6172,100.2648,0.0
ETS207,9041,1790638052,11.0,3.173,101.6838,0.0
ETS216,9121,1790638051,125.0,4.3244,101.1337,0.0
SCS05,weekday_2006,1790638051,0.0,3.0024,101.7346,0.0
EMU23,2801,1790638051,120.0,4.7249,101.1222,0.0
SCS09,weekday_2112,1790638050,0.0,3.0799,101.5723,0.0
DMU13,53,1790638002,72.0,5.8316,102.1499,0.0
SCS07,weekday_2116,1790638002,29.0,3.045,101.4463,0.0
SCS20,weekday_2119,1790637996,0.0,3.6849,101.518,0.0
SCS23,2904,1790638043,114.0,5.9292,100.4626,0.0
EMU29,2903,1790638042,94.0,5.3773,100.3928,0.0
EMU26,2806,1790638042,113.0,5.032,100.7124,0.0
EMU26,2806,1790638087,116.0,5.0373,100.7,0.0
SCS19,weekday_2005,1790638104,39.0,3.1355,101.6882,0.0
SCS38,weekday_2115,1790638103,104.0,3.3639,101.5916,0.0
SCS25,weekday_2012,1790638101,6.0,2.7614,101.8101,0.0
SCS11,weekday_2111,1790638100,34.0,3.2054,101.6347,0.0
SCS29,weekday_2004,1790638089,0.0,3.0758,101.7106,0.0
SCS23,2904,1790638088,114.0,5.9418,100.4577,0.0
SCS04,weekday_2106,1790638102,15.0,3.1379,101.6924,0.0
EMU29,2903,1790638102,73.0,5.3839,100.3804,0.0
SCS08,weekday_2014,1790638097,98.0,2.7337,101.8968,0.0
DMU03,52,1790638052,53.0,4.9072,101.9745,0.0
DMU10(D6120),51,1790638088,53.0,5.3196,102.0203,0.0
ETS215,9223,1790638112,130.0,6.5967,100.2632,0.0
DMU03,52,1790638112,60.0,4.9161,101.9784,0.0
SCS25,weekday_2012,1790638146,25.0,2.7635,101.8084,0.0
SCS38,weekday_2115,1790638148,96.0,3.363,101.5799,0.0
SCS23,2904,1790638148,99.0,5.9572,100.449,0.0
DMU10(D6120),51,1790638148,50.0,5.3114,102.021,0.0
EMU29,2903,1790638147,31.0,5.3867,100.3748,0.0
ETS306,9323,1790638144,90.0,5.1275396,100.48738,0.0
ETS304,9224,1790638144,90.0,3.1513333,101.692184,0.0
SCS11,weekday_2111,1790638145,0.0,3.2031,101.637,0.0
SCS19,weekday_2005,1790638149,0.0,3.1355,101.6882,0.0
SCS29,weekday_2004,1790638149,21.0,3.0774,101.7122,0.0
EMU26,2806,1790638147,117.0,5.0393,100.6822,0.0
SCS04,weekday_2106,1790638147,0.0,3.1387,101.6933,0.0
SCS08,weekday_2014,1790638137,68.0,2.7408,101.8924,0.0
SCS20,weekday_2119,1790638136,0.0,3.6849,101.518,0.0
SCS38,weekday_2115,1790638193,94.0,3.3576,101.5714,0.0
SCS11,weekday_2111,1790638190,12.0,3.203,101.6371,0.0
EMU26,2806,1790638192,115.0,5.0391,100.6688,0.0
SCS25,weekday_2012,1790638191,92.0,2.7709,101.8041,0.0
SCS26,weekday_2002,1790638191,5.0,3.1816,101.6883,0.0
SCS20,weekday_2119,1790638176,0.0,3.6849,101.518,0.0
EMU24,2803,1790638221,96.0,4.7833,100.9352,0.0
SCS05,weekday_2006,1790638216,26.0,3.0074,101.7267,0.0
EMU23,2801,1790638216,120.0,4.6803,101.1404,0.0
SCS09,weekday_2112,1790638215,14.0,3.0808,101.5732,0.0
SCS23,2904,1790638193,89.0,5.9669,100.4435,0.0
ETS213,9123,1790638225,134.0,4.8033,100.7446,0.0
SCS04,weekday_2106,1790638222,1.0,3.1395,101.6936,0.0
SCS28,2804,1790638218,0.0,5.3664,100.4473,0.0
DMU03,52,1790638217,27.0,4.9281,101.9848,0.0
ETS207,9041,1790638217,64.0,3.1553,101.6939,0.0
ETS215,9223,1790638217,134.0,6.5606,100.2594,0.0
EMU35,2905,1790638217,119.0,5.5217,100.5077,0.0
SCS21,weekday_2107,1790638216,0.0,3.1361,101.6901,0.0
SCS29,weekday_2004,1790638194,25.0,3.079,101.7144,0.0
SCS19,weekday_2005,1790638194,0.0,3.1355,101.6882,0.0
EMU29,2903,1790638177,11.0,5.3876,100.3731,0.0
EMU31,2807,1790638200,115.0,5.2409,100.4869,0.0
EMU31,2807,1790638275,114.0,5.2192,100.4917,0.0
SCS09,weekday_2112,1790638275,37.0,3.0816,101.5779,0.0
EMU24,2803,1790638281,121.0,4.8002,100.9403,0.0
DMU03,52,1790638277,15.0,4.9271,101.9876,0.0
SCS05,weekday_2006,1790638276,72.0,3.0134,101.7237,0.0
EMU23,2801,1790638276,121.0,4.6649,101.1296,0.0
SCS28,2804,1790638263,2.0,5.3664,100.4472,0.0
SCS19,weekday_2005,1790638284,0.0,3.1355,101.6882,0.0
SCS38,weekday_2115,1790638283,61.0,3.3358,101.5723,0.0
DMU10(D6120),51,1790638283,0.0,5.3002,102.0203,0.0
EMU35,2905,1790638277,119.0,5.5034,100.5037,0.0
SCS11,weekday_2111,1790638265,67.0,3.1969,101.6442,0.0
ETS306,9323,1790638265,90.0,5.0947676,100.49414,0.0
ETS304,9224,1790638265,90.0,3.1690624,101.68663,0.0
ETS215,9223,1790638277,135.0,6.5399,100.2596,0.0
ETS216,9121,1790638276,71.0,4.3,101.1569,0.0
SCS21,weekday_2107,1790638276,0.0,3.1362,101.6904,0.0
DMU10(D6120),51,1790638328,23.0,5.2995,102.0199,0.0
SCS38,weekday_2115,1790638328,45.0,3.3306,101.5691,0.0
SCS28,2804,1790638293,38.0,5.3667,100.4452,0.0
SCS25,weekday_2012,1790638326,51.0,2.8005,101.7981,0.0
SCS20,weekday_2119,1790638316,29.0,3.6841,101.5188,0.0
SCS29,weekday_2004,1790638329,24.0,3.0857,101.7136,0.0
SCS26,weekday_2002,1790638326,53.0,3.1955,101.6835,0.0
SCS11,weekday_2111,1790638325,41.0,3.1928,101.6535,0.0
SCS23,2904,1790638328,111.0,5.9811,100.4355,0.0
SCS04,weekday_2106,1790638327,43.0,3.1461,101.6914,0.0
EMU26,2806,1790638327,113.0,5.0423,100.6294,0.0
EMU29,2903,1790638327,9.0,5.3931,100.3668,0.0
ETS213,9123,1790638375,121.0,4.7796,100.789,0.0
SCS19,weekday_2005,1790638374,21.0,3.1289,101.6806,0.0
SCS29,weekday_2004,1790638374,25.0,3.0875,101.7109,0.0
DMU10(D6120),51,1790638373,20.0,5.2964,102.0193,0.0
SCS21,weekday_2107,1790638366,10.0,3.1394,101.6936,0.0
EMU29,2903,1790638357,0.0,5.3934,100.3664,0.0
SCS04,weekday_2106,1790638357,54.0,3.1506,101.6905,0.0
SCS28,2804,1790638353,93.0,5.3634,100.4334,0.0
ETS304,9224,1790638386,90.0,3.18274,101.66935,0.0
ETS306,9323,1790638386,90.0,5.0571146,100.51236,0.0
EMU26,2806,1790638372,112.0,5.0433,100.6158,0.0
SCS26,weekday_2002,1790638371,0.0,3.1977,101.6816,0.0
EMU23,2801,1790638369,116.0,4.6413,101.1119,0.0
SCS11,weekday_2111,1790638370,0.0,3.1923,101.6546,0.0
EMU24,2803,1790638401,115.0,4.8321,100.9543,0.0
DMU13,53,1790638362,0.0,5.8063,102.1467,0.0
ETS207,9041,1790638397,0.0,3.1444,101.693,0.0
ETS216,9121,1790638396,94.0,4.2724,101.1684,0.0
SCS05,weekday_2006,1790638396,26.0,3.0222,101.7164,0.0
EMU31,2807,1790638395,111.0,5.1868,100.4794,0.0
SCS09,weekday_2112,1790638395,30.0,3.0848,101.5873,0.0
SCS20,weekday_2119,1790638376,44.0,3.68,101.5234,0.0
EMU31,2807,1790638455,52.0,5.1716,100.4797,0.0
SCS20,weekday_2119,1790638456,73.0,3.6693,101.532,0.0
SCS13,2908,1790638467,0.0,5.3924,100.3674,0.0
SCS04,weekday_2106,1790638462,39.0,3.1549,101.6936,0.0
SCS11,weekday_2111,1790638460,59.0,3.1899,101.6595,0.0
SCS29,weekday_2004,1790638449,0.0,3.0912,101.7104,0.0
DMU10(D6120),51,1790638448,23.0,5.2914,102.0172,0.0
ETS304,9224,1790638507,90.0,3.1954126,101.64666,0.0
ETS306,9323,1790638507,90.0,5.0201364,100.533485,0.0
DMU10(D6120),51,1790638508,23.0,5.2896,102.0135,0.0
SCS11,weekday_2111,1790638505,5.0,3.187,101.6635,0.0
EMU26,2806,1790638507,113.0,5.0396,100.5773,0.0
SCS26,weekday_2002,1790638506,13.0,3.2041,101.6762,0.0
SCS20,weekday_2119,1790638496,77.0,3.6627,101.5366,0.0
SCS38,weekday_2115,1790638508,0.0,3.3187,101.5749,0.0
SCS13,2908,1790638542,13.0,5.3922,100.3678,0.0
SCS28,2804,1790638533,70.0,5.3658,100.4182,0.0
ETS215,9223,1790638532,106.0,6.4534,100.261,0.0
ETS208,9442,1790638506,0.0,1.4682,103.7607,0.0
SCS08,weekday_2014,1790638497,18.0,2.752,101.834,0.0
SCS21,weekday_2107,1790638531,15.0,3.1439,101.6935,0.0
ETS216,9121,1790638531,133.0,4.2349,101.1767,0.0
ETS208,9442,1790638551,0.0,1.4682,103.7607,0.0
SCS08,weekday_2014,1790638537,25.0,2.7528,101.8312,0.0
SCS20,weekday_2119,1790638536,84.0,3.6556,101.5424,0.0
SCS19,weekday_2005,1790638554,0.0,3.1181,101.679,0.0
SCS26,weekday_2002,1790638551,12.0,3.2044,101.676,0.0
EMU23,2801,1790638549,70.0,4.6102,101.0802,0.0
SCS28,2804,1790638548,95.0,5.367,100.4151,0.0
ETS207,9041,1790638547,0.0,3.1429,101.6945,0.0
ETS215,9223,1790638547,69.0,6.4502,100.2621,0.0
SCS24,weekday_2007,1790638546,0.0,3.2371,101.6812,0.0
SCS21,weekday_2107,1790638546,18.0,3.1446,101.6929,0.0
ETS216,9121,1790638546,127.0,4.2299,101.1774,0.0
SCS28,2804,1790638653,100.0,5.3787,100.3902,0.0
ETS215,9223,1790638652,45.0,6.4342,100.2676,0.0
SCS23,2904,1790638643,114.0,6.0631,100.3891,0.0
EMU26,2806,1790638642,111.0,5.0186,100.5438,0.0
SCS04,weekday_2106,1790638642,51.0,3.167,101.689,0.0
ETS207,9041,1790638652,0.0,3.1429,101.6945,0.0
SCS24,weekday_2007,1790638651,64.0,3.2312,101.6753,0.0
SCS26,weekday_2002,1790638641,0.0,3.2139,101.6721,0.0
SCS11,weekday_2111,1790638640,73.0,3.182,101.6731,0.0
SCS21,weekday_2107,1790638651,32.0,3.1555,101.6935,0.0
EMU31,2807,1790638650,98.0,5.1405,100.4842,0.0
EMU23,2801,1790638639,42.0,4.6008,101.0747,0.0
EMU33,2911,1790638639,42.0,6.6577,100.3131,0.0
ETS306,9323,1790638628,90.0,5.0335417,100.57057,0.0
ETS304,9224,1790638628,90.0,3.2077801,101.625336,0.0
SCS05,weekday_2006,1790638651,94.0,3.0479,101.7066,0.0
SCS09,weekday_2112,1790638650,21.0,3.0832,101.6113,0.0
ETS208,9442,1790638641,0.0,1.4682,103.7607,0.0
SCS25,weekday_2012,1790638641,58.0,2.8241,101.8223,0.0
EMU24,2803,1790638621,113.0,4.838,101.0169,0.0
SCS28,2804,1790638653,100.0,5.3787,100.3902,0.0
ETS207,9041,1790638652,0.0,3.1429,101.6945,0.0
ETS215,9223,1790638652,45.0,6.4342,100.2676,0.0
DMU10(D6120),51,1790638718,33.0,5.2868,102.0061,0.0
SCS38,weekday_2115,1790638718,76.0,3.2892,101.5717,0.0
SCS26,weekday_2002,1790638716,31.0,3.2165,101.6722,0.0
SCS11,weekday_2111,1790638715,68.0,3.1726,101.6843,0.0
SCS05,weekday_2006,1790638711,108.0,3.0644,101.7079,0.0
SCS09,weekday_2112,1790638710,15.0,3.0833,101.6123,0.0
EMU31,2807,1790638710,0.0,5.1308,100.4862,0.0
SCS07,weekday_2116,1790638707,28.0,3.0523,101.4965,0.0
EMU26,2806,1790638687,99.0,5.0222,100.5316,0.0
ETS208,9442,1790638686,0.0,1.4682,103.7607,0.0
SCS25,weekday_2012,1790638686,27.0,2.8272,101.826,0.0
SCS20,weekday_2119,1790638676,114.0,3.6251,101.5688,0.0
SCS08,weekday_2014,1790638677,22.0,2.7546,101.8248,0.0
SCS23,2904,1790638688,115.0,6.0749,100.3825,0.0
EMU23,2801,1790638654,37.0,4.5992,101.0739,0.0
EMU33,2911,1790638654,43.0,6.6566,100.3116,0.0
SCS25,weekday_2012,1790638731,4.0,2.8298,101.8267,0.0
SCS26,weekday_2002,1790638731,29.0,3.2179,101.6723,0.0
DMU10(D6120),51,1790638763,46.0,5.2818,102.0066,0.0
EMU24,2803,1790638761,85.0,4.8264,101.0511,0.0
EMU23,2801,1790638759,0.0,4.5978,101.0732,0.0
EMU33,2911,1790638759,112.0,6.6466,100.2936,0.0
SCS28,2804,1790638758,30.0,5.387,100.3741,0.0
ETS215,9223,1790638757,0.0,6.4325,100.2683,0.0
SCS11,weekday_2111,1790638730,60.0,3.1702,101.6854,0.0
EMU35,2905,1790638722,118.0,5.4014,100.4721,0.0
SCS07,weekday_2116,1790638722,26.0,3.0522,101.4978,0.0
SCS19,weekday_2005,1790638719,0.0,3.1181,101.679,0.0
ETS207,9041,1790638757,0.0,3.1429,101.6945,0.0
SCS05,weekday_2006,1790638756,57.0,3.0747,101.7098,0.0
ETS306,9323,1790638749,90.0,5.0426483,100.60977,0.0
ETS216,9121,1790638756,115.0,4.1682,101.1887,0.0
SCS38,weekday_2115,1790638718,76.0,3.2892,101.5717,0.0
ETS304,9224,1790638749,90.0,3.1999083,101.60329,0.0
SCS24,weekday_2007,1790638756,0.0,3.2139,101.6722,0.0
EMU31,2807,1790638755,20.0,5.1304,100.4862,0.0
ETS213,9123,1790638720,33.0,4.7724,100.8737,0.0
SCS29,weekday_2004,1790638719,17.0,3.1012,101.7016,0.0
SCS23,2904,1790638718,114.0,6.0828,100.3782,0.0
SCS09,weekday_2112,1790638755,65.0,3.0842,101.6184,0.0
EMU26,2806,1790638732,22.0,5.0284,100.5274,0.0
SCS04,weekday_2106,1790638732,77.0,3.1785,101.6781,0.0
ETS208,9442,1790638731,0.0,1.4682,103.7607,0.0
SCS19,weekday_2005,1790638839,16.0,3.1178,101.679,0.0
SCS23,2904,1790638838,38.0,6.1112,100.3688,0.0
DMU10(D6120),51,1790638838,44.0,5.2712,102.0093,0.0
EMU26,2806,1790638837,105.0,5.0394,100.5215,0.0
SCS04,weekday_2106,1790638837,0.0,3.1861,101.6646,0.0
SCS26,weekday_2002,1790638836,60.0,3.2285,101.673,0.0
SCS25,weekday_2012,1790638836,21.0,2.8325,101.8272,0.0
ETS208,9442,1790638836,0.0,1.4682,103.7607,0.0
SCS11,weekday_2111,1790638835,0.0,3.166,101.6904,0.0
EMU23,2801,1790638819,0.0,4.5978,101.0732,0.0
SCS28,2804,1790638818,0.0,5.3879,100.3727,0.0
ETS207,9041,1790638817,0.0,3.1429,101.6945,0.0
ETS215,9223,1790638817,82.0,6.4273,100.27,0.0
SCS24,weekday_2007,1790638816,37.0,3.2126,101.6721,0.0
ETS216,9121,1790638816,135.0,4.1528,101.1984,0.0
EMU31,2807,1790638815,102.0,5.1195,100.4885,0.0
SCS05,weekday_2006,1790638816,0.0,3.0768,101.7115,0.0
SCS09,weekday_2112,1790638815,0.0,3.0846,101.6226,0.0
SCS10,weekday_2120,1790638815,0.0,2.9993,101.3915,0.0
SCS24,weekday_2007,1790638861,54.0,3.2059,101.6747,0.0
SCS05,weekday_2006,1790638861,36.0,3.079,101.7144,0.0
SCS10,weekday_2120,1790638860,10.0,3.0002,101.391,0.0
ETS213,9123,1790638840,106.0,4.7733,100.8963,0.0
SCS29,weekday_2004,1790638839,24.0,3.1129,101.6825,0.0
SCS28,2804,1790638893,18.0,5.3885,100.3721,0.0
DMU03,52,1790638892,58.0,4.9854,102.0154,0.0
EMU35,2905,1790638887,32.0,5.3584,100.4667,0.0
SCS07,weekday_2116,1790638887,53.0,3.0557,101.5227,0.0
DMU13,53,1790638887,74.0,5.7514,102.1569,0.0
SCS13,2908,1790638887,89.0,5.3669,100.4152,0.0
SCS25,weekday_2012,1790638881,19.0,2.835,101.8277,0.0
ETS304,9224,1790638870,90.0,3.2039235,101.584435,0.0
ETS306,9323,1790638870,90.0,5.0400915,100.652336,0.0
SCS11,weekday_2111,1790638880,40.0,3.1642,101.6919,0.0
SCS09,weekday_2112,1790638875,62.0,3.085,101.6263,0.0
EMU26,2806,1790638867,113.0,5.0473,100.5174,0.0
EMU23,2801,1790638864,0.0,4.5978,101.0732,0.0
ETS215,9223,1790638862,128.0,6.4151,100.2742,0.0
DMU10(D6120),51,1790638868,11.0,5.2688,102.0095,0.0
SCS38,weekday_2115,1790638868,64.0,3.2645,101.5581,0.0
SCS04,weekday_2106,1790638867,10.0,3.1861,101.6645,0.0
ETS208,9442,1790638866,0.0,1.4682,103.7607,0.0
SCS08,weekday_2014,1790638857,92.0,2.7772,101.8019,0.0
SCS20,weekday_2119,1790638856,112.0,3.5922,101.6064,0.0
SCS08,weekday_2014,1790638917,82.0,2.7904,101.7972,0.0
SCS19,weekday_2005,1790638914,67.0,3.1122,101.6877,0.0
SCS29,weekday_2004,1790638914,4.0,3.1133,101.6819,0.0
SCS38,weekday_2115,1790638913,2.0,3.2615,101.5562,0.0
DMU10(D6120),51,1790638913,0.0,5.2684,102.0096,0.0
EMU26,2806,1790638912,116.0,5.0592,100.5111,0.0
SCS05,weekday_2006,1790638936,23.0,3.0839,101.7157,0.0
SCS13,2908,1790638917,49.0,5.3648,100.4205,0.0
ETS213,9123,1790638915,101.0,4.7757,100.915,0.0
SCS04,weekday_2106,1790638912,52.0,3.1887,101.6611,0.0
ETS208,9442,1790638911,0.0,1.4682,103.7607,0.0
SCS11,weekday_2111,1790638910,54.0,3.1601,101.6926,0.0
EMU23,2801,1790638894,0.0,4.5978,101.0732,0.0
ETS207,9041,1790638937,0.0,3.1429,101.6945,0.0
ETS216,9121,1790638936,128.0,4.1276,101.2305,0.0
DMU13,53,1790638917,73.0,5.7457,102.1585,0.0
EMU35,2905,1790638917,38.0,5.3572,100.4641,0.0
SCS09,weekday_2112,1790638905,46.0,3.0846,101.6312,0.0
SCS10,weekday_2120,1790638935,14.0,3.0031,101.3918,0.0
EMU24,2803,1790638931,34.0,4.8207,101.0681,0.0
ETS215,9223,1790638892,134.0,6.4051,100.2777,0.0
ETS216,9121,1790638996,113.0,4.1161,101.246,0.0
SCS05,weekday_2006,1790638996,26.0,3.0861,101.7121,0.0
SCS28,2804,1790638998,0.0,5.393,100.3669,0.0
DMU03,52,1790638997,49.0,4.9999,102.0216,0.0
ETS215,9223,1790638997,133.0,6.3753,100.2996,0.0
SCS09,weekday_2112,1790638995,54.0,3.0841,101.6351,0.0
SCS24,weekday_2007,1790638996,29.0,3.1983,101.6812,0.0
SCS10,weekday_2120,1790638995,22.0,3.0055,101.3943,0.0
EMU24,2803,1790638991,0.0,4.8188,101.071,0.0
SCS23,2904,1790639018,114.0,6.1361,100.38,0.0
SCS25,weekday_2012,1790639016,82.0,2.8553,101.8217,0.0
SCS11,weekday_2111,1790639015,5.0,3.1548,101.6933,0.0
ETS306,9323,1790638992,90.0,5.0382133,100.69371,0.0
ETS304,9224,1790638991,90.0,3.2055593,101.58093,0.0
SCS04,weekday_2106,1790639017,0.0,3.1917,101.6557,0.0
SCS25,weekday_2012,1790639016,82.0,2.8553,101.8217,0.0
SCS11,weekday_2111,1790639015,5.0,3.1548,101.6933,0.0
SCS05,weekday_2006,1790639071,15.0,3.0909,101.7104,0.0
EMU24,2803,1790639071,106.0,4.8107,101.0794,0.0
ETS216,9121,1790639071,117.0,4.1046,101.2645,0.0
EMU26,2806,1790639068,113.0,5.1014,100.4922,0.0
SCS13,2908,1790639067,97.0,5.3643,100.4355,0.0
SCS07,weekday_2116,1790639067,71.0,3.0592,101.5336,0.0
SCS09,weekday_2112,1790639040,96.0,3.0825,101.6449,0.0
SCS19,weekday_2005,1790639019,4.0,3.1081,101.6931,0.0
EMU31,2807,1790639018,113.0,5.0628,100.5092,0.0
SCS38,weekday_2115,1790639018,0.0,3.2576,101.5547,0.0
EMU35,2905,1790639039,55.0,5.366,100.4498,0.0
ETS215,9223,1790639042,133.0,6.3626,100.3089,0.0
SCS24,weekday_2007,1790639041,0.0,3.1978,101.6815,0.0
SCS10,weekday_2120,1790639040,26.0,3.0077,101.3966,0.0
ETS213,9123,1790639020,5.0,4.776,100.9313,0.0
SCS29,weekday_2004,1790639019,0.0,3.1178,101.6791,0.0
EMU23,2801,1790639014,0.0,4.5978,101.0732,0.0
EMU33,2911,1790639014,118.0,6.5819,100.2622,0.0
SCS25,weekday_2012,1790639091,37.0,2.8642,101.8192,0.0
ETS306,9323,1790639112,90.0,5.016197,100.728485,0.0
EMU33,2911,1790639119,120.0,6.5493,100.2598,0.0
ETS215,9223,1790639117,133.0,6.3419,100.3244,0.0
ETS216,9121,1790639116,117.0,4.0923,101.2703,0.0
ETS304,9224,1790639112,90.0,3.2055774,101.580894,0.0
SCS08,weekday_2014,1790639097,0.0,2.8027,101.8001,0.0
SCS13,2908,1790639097,92.0,5.367,100.4424,0.0
DMU13,53,1790639097,62.0,5.7135,102.1547,0.0
SCS20,weekday_2119,1790639096,0.0,3.5539,101.6395,0.0
ETS213,9123,1790639095,0.0,4.7759,100.9314,0.0
SCS19,weekday_2005,1790639094,21.0,3.1059,101.6958,0.0
DMU10(D6120),51,1790639093,1.0,5.2489,102.0098,0.0
EMU31,2807,1790639093,108.0,5.0429,100.5198,0.0
SCS38,weekday_2115,1790639093,33.0,3.2532,101.5549,0.0
SCS11,weekday_2111,1790639195,19.0,3.1411,101.6942,0.0
ETS215,9223,1790639177,132.0,6.325,100.337,0.0
SCS20,weekday_2119,1790639176,96.0,3.5434,101.6366,0.0
EMU24,2803,1790639171,120.0,4.7863,101.0978,0.0
SCS25,weekday_2012,1790639166,85.0,2.877,101.8162,0.0
DMU03,52,1790639162,19.0,5.0126,102.0281,0.0
ETS216,9121,1790639221,124.0,4.0614,101.2805,0.0
SCS09,weekday_2112,1790639220,39.0,3.0859,101.6632,0.0
EMU35,2905,1790639249,38.0,5.3643,100.4219,0.0
EMU26,2806,1790639248,27.0,5.1317,100.4859,0.0
SCS23,2904,1790639198,3.0,6.1828,100.3751,0.0
EMU31,2807,1790639198,0.0,5.0287,100.5273,0.0
SCS38,weekday_2115,1790639198,101.0,3.2375,101.56,0.0
SCS25,weekday_2012,1790639196,92.0,2.8823,101.8113,0.0
DMU13,53,1790639247,0.0,5.7029,102.152,0.0
ETS213,9123,1790639245,119.0,4.7918,100.9363,0.0
EMU33,2911,1790639224,4.0,6.524,100.2569,0.0
ETS215,9223,1790639222,136.0,6.3117,100.3451,0.0
DMU03,52,1790639207,46.0,5.0168,102.0301,0.0
SCS07,weekday_2116,1790639202,30.0,3.0728,101.5534,0.0
ETS306,9323,1790639234,90.0,4.978163,100.733185,0.0
ETS304,9224,1790639234,90.0,3.205675,101.58051,0.0
SCS07,weekday_2116,1790639307,0.0,3.0757,101.559,0.0
SCS09,weekday_2112,1790639295,17.0,3.0867,101.6654,0.0
SCS13,2908,1790639277,46.0,5.365,100.4558,0.0
SCS38,weekday_2115,1790639273,98.0,3.2194,101.5663,0.0
DMU10(D6120),51,1790639273,17.0,5.2315,102.0104,0.0
SCS11,weekday_2111,1790639270,11.0,3.1399,101.694,0.0
SCS19,weekday_2005,1790639274,5.0,3.1003,101.7027,0.0
ETS208,9442,1790639271,16.0,1.5383,103.7183,0.0
SCS24,weekday_2007,1790639356,41.0,3.1775,101.6865,0.0
ETS215,9223,1790639342,137.0,6.2701,100.3535,0.0
ETS304,9224,1790639355,90.0,3.2153637,101.56975,0.0
ETS306,9323,1790639355,90.0,4.938026,100.72124,0.0
SCS11,weekday_2111,1790639375,22.0,3.1353,101.688,0.0
ETS216,9121,1790639401,122.0,4.0062,101.3017,0.0
SCS09,weekday_2112,1790639400,8.0,3.0961,101.6701,0.0
EMU23,2810,1790639434,0.0,4.5977,101.0732,0.0
SCS10,weekday_2120,1790639430,27.0,3.0334,101.4242,0.0
ETS213,9123,1790639425,126.0,4.8393,100.9676,0.0
EMU33,2911,1790639420,118.0,6.493,100.2535,0.0
SCS29,weekday_2004,1790639379,0.0,3.1321,101.6829,0.0
SCS19,weekday_2005,1790639379,0.0,3.1002,101.7029,0.0
ETS208,9442,1790639376,95.0,1.5427,103.7015,0.0
SCS23,2904,1790639378,113.0,6.2154,100.3646,0.0
EMU31,2807,1790639378,115.0,5.0301,100.563,0.0
SCS25,weekday_2012,1790639376,17.0,2.901,101.7849,0.0
SCS11,weekday_2111,1790639375,22.0,3.1353,101.688,0.0
SCS24,weekday_2007,1790639401,19.0,3.1744,101.6851,0.0
EMU26,2806,1790639428,1.0,5.1697,100.4796,0.0
DMU13,53,1790639427,12.0,5.7005,102.152,0.0
SCS38,weekday_2115,1790639408,16.0,3.2062,101.5806,0.0
ETS215,9223,1790639402,135.0,6.2491,100.3578,0.0
ETS215,9223,1790639477,134.0,6.2234,100.3631,0.0
SCS20,weekday_2119,1790639456,97.0,3.4929,101.6353,0.0
SCS29,weekday_2004,1790639454,0.0,3.1321,101.6829,0.0
SCS25,weekday_2012,1790639451,0.0,2.9038,101.7862,0.0
ETS208,9442,1790639451,92.0,1.5597,103.6936,0.0
ETS304,9224,1790639476,90.0,3.2419486,101.56145,0.0
ETS306,9323,1790639476,90.0,4.895744,100.7201,0.0
SCS19,weekday_2005,1790639454,0.0,3.1002,101.7029,0.0
DMU10(D6120),51,1790639453,38.0,5.2167,102.0125,0.0
SCS38,weekday_2115,1790639453,0.0,3.206,101.5811,0.0
EMU23,2810,1790639434,0.0,4.5977,101.0732,0.0
ETS216,9121,1790639491,100.0,3.9796,101.3135,0.0
SCS10,weekday_2120,1790639490,32.0,3.0342,101.4251,0.0
ETS204,9343,1790639477,0.0,5.3909,100.3699,0.0
EMU23,2810,1790639539,24.0,4.6027,101.0754,0.0
ETS204,9343,1790639537,0.0,5.3909,100.3699,0.0
ETS215,9223,1790639537,136.0,6.2027,100.3674,0.0
ETS213,9123,1790639530,130.0,4.8445,101.001,0.0
DMU10(D6120),51,1790639528,0.0,5.2139,102.0125,0.0
EMU33,2911,1790639525,114.0,6.4613,100.2582,0.0
SCS08,weekday_2014,1790639537,21.0,2.8325,101.8273,0.0
ETS304,9224,1790639597,90.0,3.2646961,101.559525,0.0
ETS306,9323,1790639597,90.0,4.86178,100.73241,0.0
EMU23,2810,1790639584,31.0,4.6062,101.0762,0.0
ETS204,9343,1790639582,0.0,5.3909,100.3699,0.0
EMU35,2905,1790639564,25.0,5.3874,100.3734,0.0
SCS13,2908,1790639562,115.0,5.3993,100.4718,0.0
DMU13,53,1790639562,67.0,5.6844,102.1531,0.0
ETS213,9123,1790639560,133.0,4.841,101.0105,0.0
SCS29,weekday_2004,1790639559,1.0,3.1361,101.6897,0.0
SCS19,weekday_2005,1790639559,0.0,3.1002,101.7029,0.0
SCS38,weekday_2115,1790639558,66.0,3.2021,101.5891,0.0
DMU10(D6120),51,1790639558,32.0,5.2128,102.0125,0.0
EMU31,2807,1790639558,115.0,5.0436,100.6126,0.0
SCS08,weekday_2014,1790639557,16.0,2.8338,101.8275,0.0
ETS208,9442,1790639556,113.0,1.5737,103.6703,0.0
SCS20,weekday_2119,1790639556,28.0,3.4695,101.638,0.0
EMU33,2911,1790639555,109.0,6.4529,100.2611,0.0
ETS215,9223,1790639552,135.0,6.1975,100.3685,0.0
SCS05,weekday_2006,1790639581,38.0,3.1169,101.6793,0.0
SCS10,weekday_2120,1790639580,0.0,3.0399,101.4312,0.0
SCS09,weekday_2112,1790639580,0.0,3.114,101.673,0.0
ETS213,9123,1790639635,133.0,4.8251,101.0318,0.0
SCS09,weekday_2112,1790639670,17.0,3.1193,101.6735,0.0
SCS10,weekday_2120,1790639670,25.0,3.0439,101.4355,0.0
EMU31,2807,1790639663,113.0,5.0415,100.6436,0.0
SCS24,weekday_2007,1790639663,9.0,3.165,101.6913,0.0
ETS215,9223,1790639657,134.0,6.1626,100.3792,0.0
ETS204,9343,1790639657,0.0,5.3909,100.3699,0.0
EMU24,2803,1790639631,77.0,4.6654,101.13,0.0
ETS216,9121,1790639671,113.0,3.9421,101.3366,0.0
EMU35,2905,1790639639,20.0,5.3894,100.3713,0.0
DMU13,53,1790639637,76.0,5.6699,102.1571,0.0
DMU10(D6120),51,1790639738,59.0,5.1841,102.0111,0.0
SCS38,weekday_2115,1790639738,76.0,3.2086,101.6254,0.0
SCS25,weekday_2012,1790639736,78.0,2.93,101.794,0.0
SCS04,weekday_2106,1790639736,28.0,3.2038,101.585,0.0
ETS208,9442,1790639736,122.0,1.6216,103.6458,0.0
EMU31,2807,1790639712,117.0,5.0395,100.6579,0.0
SCS29,weekday_2004,1790639709,0.0,3.1388,101.6932,0.0
SCS19,weekday_2005,1790639709,0.0,3.1002,101.7029,0.0
SCS23,2904,1790639708,114.0,6.312,100.3449,0.0
EMU33,2911,1790639705,0.0,6.432,100.2682,0.0
ETS204,9343,1790639672,0.0,5.3909,100.3699,0.0
ETS306,9323,1790639718,90.0,4.8515472,100.732506,0.0
ETS303,9523,1790639718,90.0,0.0027284583,0.0154984975,0.0
ETS304,9224,1790639718,90.0,3.2839267,101.56961,0.0
SCS20,weekday_2119,1790639716,115.0,3.4448,101.6385,0.0
SCS24,weekday_2007,1790639708,46.0,3.1604,101.6925,0.0
SCS19,weekday_2005,1790639769,0.0,3.1002,101.7029,0.0
SCS23,2904,1790639768,114.0,6.3271,100.3354,0.0
SCS24,weekday_2007,1790639768,0.0,3.1539,101.6926,0.0
SCS08,weekday_2014,1790639768,25.0,2.8611,101.82,0.0
ETS213,9123,1790639770,9.0,4.8235,101.0627,0.0
SCS29,weekday_2004,1790639769,0.0,3.1422,101.6938,0.0
DMU10(D6120),51,1790639768,46.0,5.1803,102.0107,0.0
EMU33,2911,1790639765,78.0,6.4254,100.2706,0.0
SCS38,weekday_2115,1790639768,1.0,3.2086,101.6289,0.0
SCS04,weekday_2106,1790639766,27.0,3.2051,101.5827,0.0
SCS25,weekday_2012,1790639766,79.0,2.9357,101.793,0.0
ETS208,9442,1790639766,128.0,1.6285,103.6389,0.0
SCS07,weekday_2116,1790639742,25.0,3.0836,101.5841,0.0
ETS213,9123,1790639815,37.0,4.8225,101.0652,0.0
SCS24,weekday_2007,1790639813,0.0,3.1538,101.6925,0.0
SCS23,2904,1790639843,114.0,6.3451,100.3219,0.0
EMU33,2911,1790639810,106.0,6.4149,100.2742,0.0
SCS25,weekday_2012,1790639841,0.0,2.939,101.7886,0.0
ETS215,9223,1790639837,0.0,6.1136,100.3699,0.0
SCS20,weekday_2119,1790639816,76.0,3.4249,101.6265,0.0
EMU24,2803,1790639815,71.0,4.6269,101.1009,0.0
ETS208,9442,1790639811,124.0,1.6385,103.6278,0.0
SCS29,weekday_2004,1790639814,4.0,3.1439,101.6924,0.0
SCS19,weekday_2005,1790639814,0.0,3.1002,101.7029,0.0
DMU10(D6120),51,1790639813,19.0,5.1768,102.0093,0.0
SCS38,weekday_2115,1790639813,2.0,3.2086,101.629,0.0
SCS04,weekday_2106,1790639811,0.0,3.2058,101.581,0.0
ETS304,9224,1790639839,90.0,3.3065932,101.57587,0.0
ETS306,9323,1790639839,90.0,4.845228,100.72964,0.0
ETS303,9523,1790639839,90.0,0.0027284583,0.0154984975,0.0
DMU13,53,1790639817,72.0,5.6351,102.1611,0.0
SCS10,weekday_2120,1790639895,0.0,3.0431,101.4503,0.0
SCS09,weekday_2112,1790639895,0.0,3.1233,101.6769,0.0
SCS23,2904,1790639918,78.0,6.3628,100.3087,0.0
SCS04,weekday_2106,1790639916,67.0,3.2092,101.5751,0.0
ETS208,9442,1790639916,107.0,1.6609,103.6051,0.0
SCS28,2809,1790639973,0.0,5.3931,100.3669,0.0
ETS216,9121,1790639971,118.0,3.8723,101.3803,0.0
SCS10,weekday_2120,1790639970,15.0,3.0407,101.4529,0.0
EMU26,2806,1790639968,32.0,5.2871,100.4812,0.0
DMU13,53,1790639967,68.0,5.607,102.1693,0.0
SCS13,2908,1790639967,86.0,5.4888,100.4998,0.0
EMU31,2807,1790639967,116.0,5.0183,100.7266,0.0
ETS306,9323,1790639960,90.0,4.8113484,100.7415,0.0
ETS304,9224,1790639960,90.0,3.3192322,101.57554,0.0
ETS303,9523,1790639960,90.0,3.1222198,101.67909,0.0
SCS08,weekday_2014,1790639955,94.0,2.8818,101.812,0.0
SCS05,weekday_2006,1790639941,21.0,3.1325,101.6834,0.0
SCS09,weekday_2112,1790639940,0.0,3.1233,101.6769,0.0
ETS213,9123,1790639920,111.0,4.8117,101.0788,0.0
SCS29,weekday_2004,1790639919,0.0,3.1538,101.6922,0.0
SCS19,weekday_2005,1790639919,0.0,3.1002,101.7029,0.0
SCS25,weekday_2012,1790639916,91.0,2.9483,101.7884,0.0
SCS24,weekday_2007,1790640023,14.0,3.1397,101.6937,0.0
SCS28,2809,1790640018,0.0,5.3931,100.3669,0.0
EMU23,2810,1790640018,122.0,4.6945,101.1405,0.0
ETS215,9223,1790640017,83.0,6.108,100.3674,0.0
ETS216,9121,1790640016,111.0,3.8597,101.3783,0.0
EMU31,2807,1790639997,117.0,5.0111,100.732,0.0
SCS13,2908,1790639997,113.0,5.4967,100.5019,0.0
SCS07,weekday_2116,1790639997,77.0,3.0829,101.6069,0.0
DMU13,53,1790639997,40.0,5.6038,102.1727,0.0
SCS19,weekday_2005,1790639994,0.0,3.1002,101.7029,0.0
DMU10(D6120),51,1790639993,38.0,5.17,102.0176,0.0
EMU26,2806,1790639990,0.0,5.2898,100.4822,0.0
SCS23,2904,1790639993,0.0,6.3703,100.3031,0.0
SCS04,weekday_2106,1790639991,100.0,3.2234,101.5631,0.0
ETS208,9442,1790639991,0.0,1.6641,103.5984,0.0
EMU33,2911,1790640095,52.0,6.369,100.3041,0.0
ETS303,9523,1790640081,90.0,3.1120837,101.68445,0.0
ETS304,9224,1790640081,90.0,3.3268533,101.570335,0.0
ETS306,9323,1790640081,90.0,4.7842536,100.77066,0.0
ETS215,9223,1790640077,132.0,6.0924,100.3729,0.0
SCS05,weekday_2006,1790640076,0.0,3.1326,101.6835,0.0
SCS10,weekday_2120,1790640075,67.0,3.0335,101.4666,0.0
ETS216,9121,1790640061,106.0,3.8493,101.385,0.0
EMU23,2810,1790640123,112.0,4.7191,101.1224,0.0
SCS05,weekday_2006,1790640121,0.0,3.1326,101.6835,0.0
ETS215,9223,1790640122,136.0,6.0784,100.3806,0.0
ETS216,9121,1790640121,106.0,3.8374,101.3956,0.0
DMU03,52,1790640152,49.0,5.0714,102.0685,0.0
SCS10,weekday_2120,1790640150,2.0,3.0355,101.4699,0.0
SCS13,2908,1790640147,114.0,5.54,100.5027,0.0
EMU31,2807,1790640147,117.0,4.9675,100.7285,0.0
DMU13,53,1790640147,49.0,5.5917,102.1773,0.0
SCS07,weekday_2116,1790640147,75.0,3.084,101.6167,0.0
SCS08,weekday_2014,1790640135,16.0,2.9013,101.785,0.0
EMU24,2803,1790640135,0.0,4.5979,101.073,0.0
EMU26,2806,1790640125,112.0,5.3218,100.4708,0.0
SCS19,weekday_2005,1790640099,0.0,3.1002,101.7029,0.0
SCS28,2809,1790640123,35.0,5.3895,100.3712,0.0
SCS29,weekday_2004,1790640099,0.0,3.165,101.6913,0.0
SCS24,weekday_2007,1790640098,17.0,3.1382,101.693,0.0
SCS04,weekday_2106,1790640171,6.0,3.25,101.5562,0.0
SCS25,weekday_2012,1790640171,24.0,2.9807,101.7905,0.0
EMU26,2806,1790640155,115.0,5.3308,100.4699,0.0
SCS28,2809,1790640153,42.0,5.3872,100.3737,0.0
ETS304,9224,1790640202,90.0,3.3500268,101.57297,0.0
ETS303,9523,1790640202,90.0,3.107224,101.69444,0.0
ETS306,9323,1790640202,90.0,0.0027284583,0.0154984975,0.0
EMU23,2810,1790640198,107.0,4.7408,101.1215,0.0
ETS215,9223,1790640197,134.0,6.0555,100.3935,0.0
DMU03,52,1790640197,36.0,5.0768,102.0688,0.0
ETS204,9343,1790640197,115.0,5.3524,100.4671,0.0
SCS05,weekday_2006,1790640196,0.0,3.1326,101.6835,0.0
ETS216,9121,1790640196,111.0,3.8197,101.4085,0.0
SCS10,weekday_2120,1790640195,61.0,3.0405,101.4726,0.0
ETS213,9123,1790640175,137.0,4.7374,101.1218,0.0
SCS29,weekday_2004,1790640174,19.0,3.1673,101.6886,0.0
DMU10(D6120),51,1790640173,27.0,5.1701,102.0366,0.0
SCS38,weekday_2115,1790640173,0.0,3.1918,101.6558,0.0
ETS213,9123,1790640325,133.0,4.6907,101.1414,0.0
EMU23,2810,1790640318,104.0,4.7717,101.1093,0.0
ETS204,9343,1790640317,134.0,5.3132,100.4747,0.0
DMU03,52,1790640317,20.0,5.0806,102.0697,0.0
SCS20,weekday_2119,1790640316,96.0,3.3608,101.5728,0.0
SCS05,weekday_2006,1790640316,0.0,3.136,101.6897,0.0
SCS10,weekday_2120,1790640315,65.0,3.0526,101.4843,0.0
SCS26,weekday_2009,1790640336,0.0,3.2371,101.6812,0.0
SCS25,weekday_2012,1790640336,43.0,2.9868,101.7905,0.0
SCS04,weekday_2106,1790640336,18.0,3.2582,101.5548,0.0
ETS208,9442,1790640336,120.0,1.7076,103.5406,0.0
SCS24,weekday_2007,1790640323,0.0,3.135,101.6877,0.0
SCS38,weekday_2115,1790640323,0.0,3.1861,101.6646,0.0
SCS23,2904,1790640323,0.0,6.4314,100.2685,0.0
DMU10(D6120),51,1790640323,29.0,5.1554,102.0422,0.0
ETS306,9323,1790640323,90.0,4.778219,100.85026,0.0
ETS303,9523,1790640323,90.0,3.1010215,101.70219,0.0
ETS304,9224,1790640323,90.0,3.363041,101.59195,0.0
EMU33,2911,1790640315,118.0,6.3207,100.3402,0.0
SCS08,weekday_2014,1790640315,25.0,2.9057,101.7878,0.0
SCS09,weekday_2112,1790640313,0.0,3.1325,101.6832,0.0
DMU13,53,1790640312,72.0,5.564,102.1895,0.0
SCS13,2908,1790640312,116.0,5.5887,100.4938,0.0
SCS07,weekday_2116,1790640312,4.0,3.0846,101.6315,0.0
EMU33,2911,1790640375,117.0,6.3036,100.3467,0.0
DMU13,53,1790640357,70.0,5.5565,102.1935,0.0
ETS204,9343,1790640347,131.0,5.3036,100.479,0.0
DMU03,52,1790640347,36.0,5.083,102.0709,0.0
EMU23,2810,1790640348,106.0,4.7772,101.1032,0.0
ETS215,9223,1790640347,134.0,6.0106,100.4189,0.0
SCS28,2809,1790640348,97.0,5.3672,100.4146,0.0
ETS216,9121,1790640346,115.0,3.7848,101.4352,0.0
ETS213,9123,1790640340,134.0,4.6858,101.1417,0.0
SCS19,weekday_2005,1790640339,0.0,3.1002,101.7029,0.0
SCS38,weekday_2115,1790640338,0.0,3.1861,101.6646,0.0
SCS24,weekday_2007,1790640338,0.0,3.135,101.6877,0.0
DMU10(D6120),51,1790640338,23.0,5.1543,102.043,0.0
SCS20,weekday_2119,1790640336,94.0,3.356,101.5715,0.0
SCS08,weekday_2014,1790640335,21.0,2.9063,101.7891,0.0
ETS208,9442,1790640336,120.0,1.7076,103.5406,0.0
EMU26,2806,1790640455,5.0,5.3593,100.462,0.0
ETS216,9121,1790640436,116.0,3.758,101.4373,0.0
SCS07,weekday_2116,1790640432,80.0,3.083,101.6417,0.0
ETS304,9224,1790640444,90.0,3.3761592,101.61619,0.0
ETS306,9323,1790640444,90.0,4.770935,100.87508,0.0
ETS303,9523,1790640444,90.0,3.0956306,101.7089,0.0
SCS09,weekday_2112,1790640463,0.0,3.1325,101.6832,0.0
SCS05,weekday_2006,1790640511,21.0,3.1439,101.6934,0.0
ETS208,9442,1790640456,135.0,1.7344,103.5112,0.0
SCS19,weekday_2005,1790640459,0.0,3.1002,101.7029,0.0
DMU10(D6120),51,1790640458,0.0,5.1524,102.0436,0.0
SCS38,weekday_2115,1790640458,43.0,3.1811,101.6745,0.0
SCS24,weekday_2007,1790640458,0.0,3.135,101.6877,0.0
SCS04,weekday_2106,1790640456,65.0,3.2766,101.5621,0.0
DMU03,52,1790640452,24.0,5.0908,102.0722,0.0
EMU26,2806,1790640455,5.0,5.3593,100.462,0.0
SCS29,weekday_2004,1790640462,4.0,3.1815,101.6885,0.0
DMU13,53,1790640462,59.0,5.5393,102.1986,0.0
SCS13,2908,1790640462,117.0,5.6324,100.4907,0.0
ETS213,9123,1790640460,133.0,4.6504,101.1185,0.0
SCS09,weekday_2112,1790640568,14.0,3.1374,101.692,0.0
SCS29,weekday_2004,1790640567,90.0,3.1939,101.6849,0.0
DMU13,53,1790640567,13.0,5.5306,102.2028,0.0
SCS07,weekday_2116,1790640567,6.0,3.0833,101.656,0.0
SCS13,2908,1790640567,0.0,5.6437,100.4903,0.0
SCS28,2809,1790640543,73.0,5.3623,100.4285,0.0
ETS204,9343,1790640542,129.0,5.2466,100.4858,0.0
ETS215,9223,1790640542,136.0,5.9497,100.4533,0.0
ETS216,9121,1790640541,97.0,3.7361,101.4556,0.0
SCS05,weekday_2006,1790640541,17.0,3.1453,101.6922,0.0
SCS10,weekday_2120,1790640540,40.0,3.0518,101.5009,0.0
EMU23,2810,1790640513,58.0,4.8114,101.0789,0.0
ETS304,9224,1790640565,90.0,3.406941,101.62887,0.0
ETS306,9323,1790640565,90.0,4.7719307,100.89442,0.0
ETS303,9523,1790640565,90.0,3.0893054,101.71158,0.0
SCS23,2904,1790640533,114.0,6.4744,100.2539,0.0
SCS38,weekday_2115,1790640533,28.0,3.1764,101.6806,0.0
SCS04,weekday_2106,1790640531,74.0,3.2867,101.5697,0.0
SCS25,weekday_2012,1790640531,99.0,2.9919,101.7502,0.0
ETS208,9442,1790640531,140.0,1.7582,103.5001,0.0
EMU31,2807,1790640642,72.0,4.8545,100.7335,0.0
SCS08,weekday_2014,1790640635,0.0,2.9397,101.7877,0.0
EMU26,2806,1790640635,0.0,5.3663,100.4477,0.0
SCS28,2809,1790640633,30.0,5.3666,100.446,0.0
EMU23,2810,1790640633,0.0,4.8187,101.071,0.0
EMU31,2807,1790640642,72.0,4.8545,100.7335,0.0
SCS20,weekday_2119,1790640636,6.0,3.3199,101.5748,0.0
ETS208,9442,1790640636,131.0,1.7937,103.4931,0.0
ETS306,9323,1790640686,90.0,4.7736025,100.922516,0.0
EMU33,2911,1790640634,116.0,6.2249,100.3627,0.0
ETS304,9224,1790640686,90.0,3.4350965,101.636024,0.0
ETS303,9523,1790640686,90.0,3.0840628,101.71639,0.0
ETS215,9223,1790640677,135.0,5.9058,100.4717,0.0
ETS204,9343,1790640677,138.0,5.2013,100.4855,0.0
SCS05,weekday_2006,1790640676,4.0,3.1548,101.6936,0.0
ETS216,9121,1790640676,109.0,3.7148,101.4796,0.0
SCS10,weekday_2120,1790640675,0.0,3.0566,101.5245,0.0
DMU10(D6120),51,1790640668,0.0,5.1524,102.0437,0.0
SCS26,weekday_2009,1790640666,59.0,3.207,101.6738,0.0
SCS13,2908,1790640642,80.0,5.6515,100.4915,0.0
DMU13,53,1790640642,0.0,5.5301,102.203,0.0
SCS29,weekday_2004,1790640642,0.0,3.1977,101.6817,0.0
SCS07,weekday_2116,1790640642,29.0,3.0852,101.6614,0.0
SCS23,2904,1790640638,112.0,6.5057,100.2537,0.0
SCS09,weekday_2112,1790640748,0.0,3.1402,101.6938,0.0
SCS13,2908,1790640747,115.0,5.6806,100.4979,0.0
SCS07,weekday_2116,1790640747,19.0,3.0862,101.6643,0.0
EMU23,2810,1790640723,0.0,4.8187,101.071,0.0
EMU31,2807,1790640747,17.0,4.8528,100.732,0.0
ETS204,9343,1790640722,139.0,5.1865,100.4793,0.0
ETS215,9223,1790640722,133.0,5.8904,100.4771,0.0
ETS216,9121,1790640721,108.0,3.7092,101.4907,0.0
SCS38,weekday_2115,1790640713,44.0,3.1679,101.6872,0.0
SCS23,2904,1790640713,28.0,6.5226,100.2566,0.0
SCS25,weekday_2012,1790640711,22.0,3.0034,101.7333,0.0
ETS208,9442,1790640711,54.0,1.8104,103.4793,0.0
SCS10,weekday_2120,1790640750,17.0,3.0567,101.5248,0.0
DMU13,53,1790640747,3.0,5.53,102.203,0.0
SCS29,weekday_2004,1790640717,49.0,3.2033,101.6769,0.0
ETS213,9123,1790640715,19.0,4.6077,101.077,0.0
SCS19,weekday_2005,1790640714,0.0,3.0978,101.706,0.0
DMU10(D6120),51,1790640713,0.0,5.1524,102.0436,0.0
SCS24,weekday_2007,1790640713,2.0,3.1182,101.6791,0.0
SCS04,weekday_2106,1790640711,31.0,3.3146,101.5749,0.0
SCS26,weekday_2009,1790640711,0.0,3.2043,101.6761,0.0
EMU23,2810,1790640753,0.0,4.8187,101.071,0.0
ETS304,9224,1790640807,90.0,3.463706,101.638275,0.0
ETS303,9523,1790640807,90.0,3.0769386,101.71354,0.0
ETS306,9323,1790640807,90.0,4.7750697,100.932915,0.0
SCS25,weekday_2012,1790640801,20.0,3.0057,101.7276,0.0
SCS26,weekday_2009,1790640801,59.0,3.1998,101.6799,0.0
SCS20,weekday_2119,1790640796,84.0,3.2887,101.5713,0.0
SCS19,weekday_2005,1790640879,22.0,3.0982,101.7055,0.0
SCS26,weekday_2009,1790640876,11.0,3.1977,101.6817,0.0
SCS04,weekday_2106,1790640876,27.0,3.3234,101.5724,0.0
SCS08,weekday_2014,1790640855,0.0,2.9631,101.7917,0.0
SCS23,2904,1790640848,99.0,6.5325,100.2583,0.0
SCS38,weekday_2115,1790640848,46.0,3.1612,101.6922,0.0
SCS25,weekday_2012,1790640846,23.0,3.0082,101.7263,0.0
EMU26,2806,1790640815,4.0,5.3625,100.4268,0.0
SCS38,weekday_2115,1790640878,64.0,3.1562,101.6938,0.0
SCS23,2904,1790640878,116.0,6.5411,100.2598,0.0
ETS306,9323,1790640928,90.0,4.7942824,100.938255,0.0
SCS04,weekday_2106,1790640876,27.0,3.3234,101.5724,0.0
ETS303,9523,1790640928,90.0,3.0758426,101.71242,0.0
ETS304,9224,1790640928,90.0,3.489114,101.63718,0.0
ETS301,9425,1790640928,90.0,6.661198,100.32007,0.0
SCS29,weekday_2004,1790640927,47.0,3.2155,101.6722,0.0
SCS28,2809,1790640888,114.0,5.3353,100.4701,0.0
ETS213,9123,1790640925,3.0,4.5978,101.0733,0.0
EMU23,2810,1790640903,0.0,4.8187,101.071,0.0
DMU03,52,1790640902,30.0,5.1249,102.0589,0.0
ETS204,9343,1790640902,3.0,5.1702,100.48,0.0
ETS215,9223,1790640902,122.0,5.829,100.4777,0.0
SCS05,weekday_2006,1790640901,22.0,3.169,101.6859,0.0
SCS10,weekday_2120,1790640900,79.0,3.067,101.5493,0.0
EMU33,2911,1790640889,53.0,6.1811,100.3763,0.0
SCS09,weekday_2112,1790640928,12.0,3.1412,101.694,0.0
DMU13,53,1790640927,0.0,5.5262,102.2049,0.0
SCS13,2908,1790640927,114.0,5.7301,100.5111,0.0
EMU31,2807,1790640927,110.0,4.8118,100.7409,0.0
SCS07,weekday_2116,1790640927,0.0,3.095,101.6698,0.0
SCS08,weekday_2014,1790640915,46.0,2.9676,101.7903,0.0
SCS25,weekday_2012,1790640906,42.0,3.0157,101.7219,0.0
SCS26,weekday_2009,1790640891,30.0,3.1969,101.6824,0.0
SCS10,weekday_2120,1790640990,29.0,3.0748,101.5575,0.0
ETS216,9121,1790640991,0.0,3.6852,101.5178,0.0
EMU26,2806,1790641040,86.0,5.3727,100.4014,0.0
SCS23,2904,1790641058,116.0,6.5948,100.2632,0.0
SCS38,weekday_2115,1790641058,21.0,3.1444,101.693,0.0
SCS26,weekday_2009,1790641056,0.0,3.1816,101.6885,0.0
ETS208,9442,1790641056,130.0,1.8338,103.4417,0.0
EMU23,2810,1790640993,0.0,4.8187,101.071,0.0
ETS204,9343,1790640992,0.0,5.1702,100.4802,0.0
ETS215,9223,1790640992,136.0,5.7989,100.4822,0.0
ETS304,9224,1790641049,90.0,3.5197518,101.62981,0.0
ETS306,9323,1790641049,90.0,4.8305607,100.95493,0.0
ETS301,9425,1790641049,90.0,6.658838,100.3177,0.0
ETS303,9523,1790641049,90.0,3.0676405,101.7094,0.0
SCS20,weekday_2119,1790641036,26.0,3.2594,101.5552,0.0
EMU33,2911,1790640994,116.0,6.1553,100.3797,0.0
SCS28,2809,1790640993,114.0,5.3053,100.4782,0.0
DMU03,52,1790640992,21.0,5.1299,102.0568,0.0
ETS215,9223,1790641067,140.0,5.7748,100.4924,0.0
ETS204,9343,1790641067,84.0,5.1358,100.4853,0.0
ETS216,9121,1790641066,72.0,3.666,101.5342,0.0
EMU26,2806,1790641085,84.0,5.3776,100.3922,0.0
SCS23,2904,1790641058,116.0,6.5948,100.2632,0.0
SCS19,weekday_2005,1790641059,32.0,3.1128,101.6831,0.0
SCS24,weekday_2007,1790641058,0.0,3.118,101.679,0.0
DMU10(D6120),51,1790641058,4.0,5.1403,102.0471,0.0
EMU31,2807,1790641108,115.0,4.7817,100.7819,0.0
SCS09,weekday_2112,1790641108,35.0,3.1539,101.6925,0.0
SCS05,weekday_2006,1790641086,2.0,3.1827,101.6887,0.0
EMU33,2911,1790641084,116.0,6.1282,100.3766,0.0
SCS28,2809,1790641068,36.0,5.2892,100.4821,0.0
EMU23,2810,1790641068,0.0,4.8187,101.071,0.0
DMU13,53,1790641062,5.0,5.5285,102.2038,0.0
ETS213,9123,1790641060,51.0,4.5901,101.071,0.0
SCS13,2908,1790641107,114.0,5.78,100.4903,0.0
SCS07,weekday_2116,1790641107,0.0,3.1128,101.6735,0.0
SCS29,weekday_2004,1790641107,23.0,3.2358,101.6809,0.0
ETS208,9442,1790641101,136.0,1.8436,103.4291,0.0
ETS306,9323,1790641171,90.0,4.8442607,100.99463,0.0
ETS303,9523,1790641170,90.0,3.042908,101.70903,0.0
ETS304,9224,1790641170,90.0,3.5470045,101.64025,0.0
ETS301,9425,1790641170,90.0,6.6519194,100.30746,0.0
SCS19,weekday_2010,1790641209,9.0,3.1174,101.6793,0.0
SCS24,weekday_2007,1790641208,0.0,3.118,101.679,0.0
SCS26,weekday_2009,1790641206,20.0,3.1756,101.6854,0.0
SCS25,weekday_2012,1790641206,0.0,3.0227,101.7161,0.0
SCS08,weekday_2014,1790641201,0.0,2.9827,101.7903,0.0
SCS28,2809,1790641173,19.0,5.286,100.4809,0.0
EMU23,2810,1790641173,0.0,4.8187,101.071,0.0
ETS215,9223,1790641172,133.0,5.7411,100.5069,0.0
DMU03,52,1790641172,0.0,5.1346,102.0538,0.0
ETS204,9343,1790641172,0.0,5.1313,100.4863,0.0
EMU33,2911,1790641174,8.0,6.1134,100.3699,0.0
EMU26,2806,1790641175,43.0,5.3855,100.3773,0.0
EMU23,2810,1790641263,0.0,4.8187,101.071,0.0
SCS28,2809,1790641263,117.0,5.2678,100.4809,0.0
ETS204,9343,1790641262,115.0,5.1171,100.4892,0.0
ETS215,9223,1790641262,132.0,5.7107,100.5125,0.0
DMU03,52,1790641262,10.0,5.1352,102.0532,0.0
SCS08,weekday_2014,1790641261,0.0,2.9827,101.7904,0.0
EMU26,2806,1790641250,0.0,5.3879,100.3726,0.0
SCS05,weekday_2006,1790641251,50.0,3.1976,101.6817,0.0
SCS25,weekday_2012,1790641251,0.0,3.0227,101.7161,0.0
SCS10,weekday_2120,1790641260,0.0,3.0769,101.5625,0.0
ETS304,9224,1790641292,90.0,3.566427,101.62136,0.0
ETS303,9523,1790641292,90.0,3.0190024,101.71896,0.0
ETS306,9323,1790641292,90.0,4.8257184,101.03032,0.0
ETS301,9425,1790641291,90.0,6.6398168,100.28699,0.0
ETS216,9121,1790641291,99.0,3.6209,101.5723,0.0
EMU31,2807,1790641288,110.0,4.7762,100.8347,0.0
SCS09,weekday_2112,1790641288,0.0,3.166,101.6903,0.0
SCS29,weekday_2004,1790641287,0.0,3.2371,101.6812,0.0
DMU13,53,1790641287,0.0,5.5302,102.2031,0.0
SCS13,2908,1790641287,6.0,5.825,100.4779,0.0
SCS07,weekday_2116,1790641287,0.0,3.1179,101.6724,0.0
ETS213,9123,1790641285,21.0,4.5428,101.0538,0.0
EMU33,2911,1790641264,31.0,6.1124,100.3694,0.0
SCS05,weekday_2006,1790641296,0.0,3.1988,101.6808,0.0
SCS19,weekday_2010,1790641299,15.0,3.1196,101.6787,0.0
SCS23,2904,1790641298,95.0,6.6494,100.2995,0.0
DMU10(D6120),51,1790641298,0.0,5.1437,102.0456,0.0
SCS24,weekday_2007,1790641298,0.0,3.118,101.679,0.0
SCS25,weekday_2012,1790641296,9.0,3.0232,101.7158,0.0
ETS208,9442,1790641296,0.0,1.8835,103.4046,0.0
SCS28,2809,1790641293,115.0,5.2588,100.4829,0.0
EMU26,2806,1790641295,20.0,5.3892,100.3714,0.0
EMU23,2810,1790641293,0.0,4.8187,101.071,0.0
ETS215,9223,1790641292,133.0,5.7005,100.5099,0.0
ETS303,9523,1790641292,90.0,3.0190024,101.71896,0.0
ETS306,9323,1790641292,90.0,4.8257184,101.03032,0.0
ETS304,9224,1790641292,90.0,3.566427,101.62136,0.0
ETS306,9323,1790641413,90.0,4.824299,101.05924,0.0
ETS301,9425,1790641412,90.0,6.608991,100.2645,0.0
ETS303,9523,1790641412,90.0,3.0010028,101.736465,0.0
ETS304,9224,1790641412,90.0,3.5934415,101.605774,0.0
SCS20,weekday_2119,1790641396,33.0,3.2074,101.5768,0.0
SCS19,weekday_2010,1790641389,21.0,3.1256,101.6784,0.0
SCS24,weekday_2007,1790641388,0.0,3.118,101.679,0.0
SCS04,weekday_2106,1790641386,80.0,3.3783,101.6166,0.0
SCS25,weekday_2012,1790641386,74.0,3.0299,101.7114,0.0
ETS208,9442,1790641386,0.0,1.8835,103.4048,0.0
EMU26,2806,1790641355,21.0,5.3919,100.3684,0.0
SCS28,2809,1790641353,114.0,5.2412,100.4868,0.0
ETS215,9223,1790641352,133.0,5.6828,100.4993,0.0
EMU23,2810,1790641353,0.0,4.8187,101.071,0.0
DMU03,52,1790641352,13.0,5.137,102.0498,0.0
ETS204,9343,1790641352,128.0,5.0869,100.4965,0.0
EMU26,2806,1790641445,0.0,5.3934,100.3664,0.0
SCS26,weekday_2009,1790641444,0.0,3.165,101.6913,0.0
SCS19,weekday_2010,1790641449,23.0,3.1289,101.6805,0.0
SCS04,weekday_2106,1790641446,109.0,3.3911,101.6275,0.0
ETS306,9323,1790641413,90.0,4.824299,101.05924,0.0
ETS303,9523,1790641412,90.0,3.0010028,101.736465,0.0
ETS304,9224,1790641412,90.0,3.5934415,101.605774,0.0
ETS301,9425,1790641412,90.0,6.608991,100.2645,0.0
SCS25,weekday_2012,1790641446,85.0,3.042,101.7081,0.0
EMU33,2911,1790641444,119.0,6.071,100.3847,0.0
EMU23,2810,1790641443,0.0,4.8187,101.071,0.0
SCS28,2809,1790641443,114.0,5.2147,100.4917,0.0
ETS204,9343,1790641442,0.0,5.0721,100.5056,0.0
ETS216,9121,1790641441,102.0,3.5949,101.6045,0.0
SCS13,2908,1790641482,116.0,5.8564,100.4769,0.0
ETS215,9223,1790641472,58.0,5.6462,100.4907,0.0
SCS09,weekday_2112,1790641468,78.0,3.1831,101.6694,0.0
SCS24,weekday_2007,1790641433,10.0,3.119,101.6788,0.0
DMU13,53,1790641467,0.0,5.5301,102.2029,0.0
SCS29,weekday_2004,1790641467,0.0,3.2371,101.6812,0.0
ETS213,9123,1790641465,26.0,4.5265,101.0507,0.0
DMU10(D6120),51,1790641433,0.0,5.1437,102.0454,0.0
SCS23,2904,1790641433,5.0,6.6619,100.319,0.0
ETS208,9442,1790641431,82.0,1.8896,103.4012,0.0
SCS05,weekday_2006,1790641431,50.0,3.2066,101.6741,0.0
SCS13,2908,1790641482,116.0,5.8564,100.4769,0.0
SCS29,weekday_2004,1790641482,0.0,3.2371,101.6812,0.0
ETS213,9123,1790641480,21.0,4.5254,101.0505,0.0
SCS23,2904,1790641478,0.0,6.662,100.3192,0.0
ETS306,9323,1790641533,90.0,4.8200197,101.06867,0.0
ETS303,9523,1790641533,90.0,2.9903693,101.764206,0.0
ETS304,9224,1790641533,90.0,3.6134834,101.58179,0.0
ETS301,9425,1790641533,90.0,6.568093,100.25981,0.0
ETS215,9223,1790641532,0.0,5.6433,100.4902,0.0
ETS204,9343,1790641532,79.0,5.0357,100.5263,0.0
SCS26,weekday_2009,1790641474,0.0,3.165,101.6913,0.0
DMU03,52,1790641532,0.0,5.1438,102.0455,0.0
SCS10,weekday_2120,1790641530,37.0,3.0764,101.5699,0.0
EMU31,2807,1790641483,0.0,4.7782,100.8572,0.0
DMU13,53,1790641482,0.0,5.5301,102.2029,0.0
SCS25,weekday_2012,1790641476,93.0,3.0488,101.7065,0.0
ETS208,9442,1790641476,126.0,1.9002,103.395,0.0
SCS04,weekday_2106,1790641476,102.0,3.3994,101.628,0.0
SCS26,weekday_2009,1790641534,42.0,3.1614,101.6921,0.0
EMU33,2911,1790641534,119.0,6.0465,100.3985,0.0
ETS301,9425,1790641533,90.0,6.568093,100.25981,0.0
SCS28,2809,1790641533,114.0,5.1903,100.4799,0.0
EMU23,2810,1790641533,0.0,4.8187,101.071,0.0
ETS306,9323,1790641533,90.0,4.8200197,101.06867,0.0
ETS304,9224,1790641533,90.0,3.6134834,101.58179,0.0
ETS303,9523,1790641533,90.0,2.9903693,101.764206,0.0
DMU03,52,1790641532,0.0,5.1438,102.0455,0.0
ETS215,9223,1790641532,0.0,5.6433,100.4902,0.0
ETS204,9343,1790641532,79.0,5.0357,100.5263,0.0
EMU31,2807,1790641633,0.0,4.7782,100.8572,0.0
ETS208,9442,1790641611,129.0,1.9321,103.3619,0.0
SCS09,weekday_2112,1790641633,28.0,3.1919,101.6554,0.0
SCS29,weekday_2004,1790641632,100.0,3.2205,101.6725,0.0
SCS13,2908,1790641662,115.0,5.9094,100.4702,0.0
SCS19,weekday_2010,1790641644,0.0,3.1324,101.6836,0.0
DMU10(D6120),51,1790641643,0.0,5.1437,102.0454,0.0
DMU13,53,1790641632,0.0,5.5301,102.2029,0.0
SCS04,weekday_2106,1790641641,73.0,3.4379,101.6365,0.0
ETS213,9123,1790641630,116.0,4.4976,101.0453,0.0
SCS05,weekday_2006,1790641626,17.0,3.2309,101.6749,0.0
ETS215,9223,1790641637,7.0,5.6436,100.4897,0.0
SCS20,weekday_2119,1790641636,97.0,3.1997,101.6052,0.0
ETS216,9121,1790641636,60.0,3.56,101.6345,0.0
SCS08,weekday_2014,1790641601,0.0,2.9827,101.7906,0.0
SCS26,weekday_2009,1790641624,0.0,3.1538,101.6925,0.0
EMU23,2810,1790641623,39.0,4.8193,101.0701,0.0
SCS28,2809,1790641623,5.0,5.1702,100.4797,0.0
ETS204,9343,1790641622,0.0,5.0294,100.5271,0.0
DMU03,52,1790641622,13.0,5.146,102.0448,0.0
SCS24,weekday_2007,1790641613,17.0,3.1235,101.678,0.0
SCS25,weekday_2012,1790641611,7.0,3.0758,101.7106,0.0
ETS306,9323,1790641654,90.0,4.803695,101.085785,0.0
ETS301,9425,1790641654,90.0,6.525114,100.25807,0.0
ETS303,9523,1790641654,90.0,2.9896028,101.78894,0.0
ETS304,9224,1790641654,90.0,3.639872,101.55849,0.0
SCS07,weekday_2116,1790641646,0.0,3.1324,101.6832,0.0
EMU33,2911,1790641645,119.0,6.0173,100.4151,0.0
SCS13,2908,1790641662,115.0,5.9094,100.4702,0.0
SCS05,weekday_2006,1790641656,5.0,3.2315,101.6757,0.0
SCS20,weekday_2119,1790641656,101.0,3.2007,101.6102,0.0
SCS04,weekday_2106,1790641656,82.0,3.4409,101.6377,0.0
SCS26,weekday_2009,1790641654,1.0,3.1538,101.6924,0.0
EMU23,2810,1790641653,89.0,4.8222,101.0654,0.0
SCS28,2809,1790641653,0.0,5.1701,100.4797,0.0
ETS204,9343,1790641652,42.0,5.0277,100.5281,0.0
ETS215,9223,1790641652,4.0,5.6436,100.4897,0.0
DMU03,52,1790641652,9.0,5.1474,102.0447,0.0
ETS306,9323,1790641654,90.0,4.803695,101.085785,0.0
ETS301,9425,1790641654,90.0,6.525114,100.25807,0.0
ETS303,9523,1790641654,90.0,2.9896028,101.78894,0.0
ETS304,9224,1790641654,90.0,3.639872,101.55849,0.0
ETS306,9323,1790641775,90.0,4.770174,101.11137,0.0
ETS304,9224,1790641775,90.0,3.6506898,101.5478,0.0
ETS301,9425,1790641775,90.0,6.4836164,100.25435,0.0
ETS303,9523,1790641775,90.0,2.981939,101.791595,0.0
SCS28,2809,1790641773,115.0,5.1455,100.4831,0.0
DMU03,52,1790641772,0.0,5.1521,102.0437,0.0
ETS215,9223,1790641772,1.0,5.6426,100.4897,0.0
ETS204,9343,1790641772,134.0,5.0269,100.5585,0.0
ETS216,9121,1790641771,97.0,3.5314,101.6322,0.0
SCS10,weekday_2120,1790641770,19.0,3.0823,101.582,0.0
SCS29,weekday_2004,1790641767,47.0,3.1918,101.6868,0.0
SCS13,2908,1790641767,114.0,5.9389,100.4589,0.0
ETS213,9123,1790641765,46.0,4.4665,101.046,0.0
SCS20,weekday_2119,1790641756,14.0,3.2087,101.6276,0.0
EMU33,2911,1790641765,110.0,5.9848,100.4334,0.0
SCS28,2809,1790641773,115.0,5.1455,100.4831,0.0
ETS215,9223,1790641772,1.0,5.6426,100.4897,0.0
SCS08,weekday_2014,1790641841,22.0,2.9875,101.7905,0.0
SCS05,weekday_2006,1790641836,0.0,3.2383,101.6811,0.0
SCS20,weekday_2119,1790641816,24.0,3.2088,101.6286,0.0
SCS04,weekday_2106,1790641806,0.0,3.4678,101.6376,0.0
ETS208,9442,1790641806,136.0,1.9898,103.3271,0.0
ETS303,9523,1790641775,90.0,2.981939,101.791595,0.0
ETS301,9425,1790641775,90.0,6.4836164,100.25435,0.0
ETS304,9224,1790641775,90.0,3.6506898,101.5478,0.0
ETS306,9323,1790641775,90.0,4.770174,101.11137,0.0
SCS26,weekday_2009,1790641774,21.0,3.144,101.6933,0.0
EMU33,2911,1790641840,21.0,5.9726,100.4403,0.0
SCS05,weekday_2006,1790641836,0.0,3.2383,101.6811,0.0
SCS04,weekday_2106,1790641836,10.0,3.468,101.6377,0.0
ETS304,9224,1790641896,90.0,3.6743436,101.528915,0.0
ETS303,9523,1790641896,90.0,2.977455,101.79145,0.0
ETS306,9323,1790641896,90.0,4.7301173,101.12313,0.0
ETS301,9425,1790641896,90.0,6.4438825,100.26453,0.0
DMU10(D6120),51,1790641838,0.0,5.1438,102.0455,0.0
ETS216,9121,1790641891,90.0,3.5033,101.6337,0.0
ETS208,9442,1790641851,136.0,2.005,103.3236,0.0
DMU13,53,1790641842,1.0,5.53,102.203,0.0
SCS25,weekday_2012,1790641851,25.0,3.0852,101.7148,0.0
SCS26,weekday_2009,1790641849,3.0,3.1394,101.6934,0.0
SCS13,2908,1790641842,115.0,5.9587,100.4481,0.0
ETS204,9343,1790641847,133.0,5.0417,100.5802,0.0
EMU31,2807,1790641948,0.0,4.7782,100.8572,0.0
SCS05,weekday_2006,1790641941,0.0,3.2383,101.6811,0.0
SCS20,weekday_2119,1790641936,0.0,3.2032,101.637,0.0
ETS304,9224,1790641896,90.0,3.6743436,101.528915,0.0
ETS306,9323,1790641896,90.0,4.7301173,101.12313,0.0
ETS301,9425,1790641896,90.0,6.4438825,100.26453,0.0
ETS303,9523,1790641896,90.0,2.977455,101.79145,0.0
SCS28,2809,1790641893,0.0,5.1312,100.4861,0.0
DMU03,52,1790641892,45.0,5.1574,102.0407,0.0
ETS301,9425,1790642017,90.0,6.4303637,100.26917,0.0
ETS306,9323,1790642017,90.0,4.693943,101.14141,0.0
ETS304,9224,1790642017,90.0,3.6839674,101.519295,0.0
ETS303,9523,1790642017,90.0,2.9529083,101.79204,0.0
ETS215,9223,1790641982,134.0,5.5803,100.4952,0.0
EMU23,2810,1790641979,120.0,4.8408,100.973,0.0
SCS13,2908,1790641977,30.0,5.9733,100.4399,0.0
SCS05,weekday_2006,1790641986,0.0,3.2383,101.6811,0.0
SCS26,weekday_2009,1790641984,21.0,3.136,101.6896,0.0
SCS24,weekday_2007,1790642078,0.0,3.1327,101.6834,0.0
SCS04,weekday_2106,1790642076,4.0,3.4996,101.6343,0.0
SCS05,weekday_2006,1790642076,0.0,3.2383,101.6811,0.0
ETS208,9442,1790642076,0.0,2.0348,103.3173,0.0
EMU33,2911,1790642071,119.0,5.9319,100.4616,0.0
SCS25,weekday_2012,1790642061,25.0,3.0953,101.709,0.0
SCS20,weekday_2119,1790642036,98.0,3.1959,101.6462,0.0
ETS215,9223,1790642027,128.0,5.5652,100.4977,0.0
DMU03,52,1790642027,7.0,5.1696,102.0366,0.0
ETS204,9343,1790642027,138.0,5.0415,100.6414,0.0
ETS216,9121,1790642026,70.0,3.4688,101.6378,0.0
SCS08,weekday_2014,1790642081,106.0,2.9969,101.7399,0.0
ETS213,9123,1790642080,19.0,4.455,101.0516,0.0
SCS19,weekday_2010,1790642079,0.0,3.1538,101.6924,0.0
DMU10(D6120),51,1790642078,11.0,5.1381,102.0482,0.0
ETS304,9224,1790642017,90.0,3.6839674,101.519295,0.0
ETS306,9323,1790642017,90.0,4.693943,101.14141,0.0
ETS301,9425,1790642017,90.0,6.4303637,100.26917,0.0
SCS10,weekday_2120,1790642055,41.0,3.0835,101.5962,0.0
ETS303,9523,1790642017,90.0,2.9529083,101.79204,0.0
EMU23,2810,1790642039,120.0,4.8337,100.9559,0.0
EMU31,2807,1790642038,0.0,4.7782,100.8572,0.0
SCS13,2908,1790642037,107.0,5.984,100.4338,0.0
DMU13,53,1790642037,47.0,5.5214,102.2071,0.0
SCS07,weekday_2116,1790642036,13.0,3.1371,101.6913,0.0
ETS304,9224,1790642138,90.0,3.702748,101.49939,0.0
ETS306,9323,1790642138,90.0,4.657011,101.12541,0.0
ETS301,9425,1790642138,90.0,6.4184647,100.27331,0.0
ETS303,9523,1790642138,90.0,2.930706,101.79536,0.0
ETS213,9123,1790642125,38.0,4.4514,101.0533,0.0
SCS19,weekday_2010,1790642124,27.0,3.1544,101.6928,0.0
SCS08,weekday_2014,1790642121,0.0,3.0025,101.7345,0.0
SCS05,weekday_2006,1790642076,0.0,3.2383,101.6811,0.0
SCS04,weekday_2106,1790642076,4.0,3.4996,101.6343,0.0
DMU13,53,1790642082,60.0,5.5154,102.209,0.0
ETS304,9224,1790642138,90.0,3.702748,101.49939,0.0
ETS306,9323,1790642138,90.0,4.657011,101.12541,0.0
ETS301,9425,1790642138,90.0,6.4184647,100.27331,0.0
ETS303,9523,1790642138,90.0,2.930706,101.79536,0.0
ETS213,9123,1790642185,26.0,4.4463,101.0556,0.0
SCS24,weekday_2007,1790642183,0.0,3.1327,101.6834,0.0
SCS04,weekday_2106,1790642181,85.0,3.5169,101.6288,0.0
SCS05,weekday_2011,1790642181,0.0,3.2383,101.6811,0.0
SCS08,weekday_2014,1790642181,18.0,3.0027,101.7342,0.0
ETS304,9224,1790642259,90.0,3.7226727,101.46895,0.0
ETS301,9425,1790642259,90.0,6.3827543,100.29378,0.0
ETS303,9523,1790642259,90.0,2.908782,101.79585,0.0
ETS306,9323,1790642259,90.0,4.622604,101.09951,0.0
EMU33,2911,1790642221,121.0,5.8883,100.477,0.0
SCS28,2809,1790642223,111.0,5.048,100.5171,0.0
ETS215,9223,1790642222,117.0,5.4986,100.5024,0.0
ETS303,9523,1790642259,90.0,2.908782,101.79585,0.0
ETS301,9425,1790642259,90.0,6.3827543,100.29378,0.0
ETS306,9323,1790642259,90.0,4.622604,101.09951,0.0
ETS304,9224,1790642259,90.0,3.7226727,101.46895,0.0
SCS25,weekday_2012,1790642298,81.0,3.1102,101.6904,0.0
SCS10,weekday_2120,1790642295,19.0,3.0844,101.621,0.0
EMU23,2810,1790642279,38.0,4.7769,100.9332,0.0
EMU31,2807,1790642278,0.0,4.7782,100.8572,0.0
SCS08,weekday_2014,1790642321,26.0,3.0091,101.726,0.0
SCS19,weekday_2010,1790642319,11.0,3.1656,101.6907,0.0
SCS23,2915,1790642318,87.0,6.6506,100.3028,0.0
DMU13,53,1790642277,60.0,5.4845,102.218,0.0
SCS13,2908,1790642277,111.0,6.0469,100.3983,0.0
SCS07,weekday_2116,1790642276,58.0,3.1495,101.6907,0.0
ETS213,9123,1790642275,40.0,4.4381,101.0594,0.0
SCS09,weekday_2112,1790642275,60.0,3.2018,101.5899,0.0
SCS24,weekday_2007,1790642318,0.0,3.1327,101.6834,0.0
SCS05,weekday_2011,1790642316,93.0,3.2297,101.6737,0.0
ETS208,9442,1790642316,0.0,2.0346,103.3165,0.0
ETS215,9223,1790642267,79.0,5.4869,100.4993,0.0
ETS204,9343,1790642267,138.0,5.0249,100.7208,0.0
DMU03,52,1790642267,23.0,5.1724,102.0221,0.0
ETS216,9121,1790642266,93.0,3.4174,101.6253,0.0
EMU33,2911,1790642296,113.0,5.865,100.4769,0.0
SCS20,weekday_2119,1790642296,78.0,3.1838,101.6677,0.0
SCS23,2915,1790642318,87.0,6.6506,100.3028,0.0
DMU13,53,1790642322,36.0,5.4778,102.2196,0.0
ETS306,9323,1790642380,90.0,4.6095896,101.08226,0.0
ETS303,9523,1790642379,90.0,2.90469,101.78816,0.0
ETS304,9224,1790642379,90.0,3.744733,101.450966,0.0
ETS301,9425,1790642379,90.0,6.3483233,100.31956,0.0
EMU23,2810,1790642324,0.0,4.7762,100.9319,0.0
EMU31,2807,1790642323,15.0,4.7781,100.8574,0.0
SCS07,weekday_2116,1790642426,41.0,3.1609,101.6922,0.0
SCS25,weekday_2012,1790642373,0.0,3.1132,101.682,0.0
DMU03,52,1790642372,38.0,5.1725,102.0118,0.0
ETS215,9223,1790642372,0.0,5.4828,100.4982,0.0
ETS204,9343,1790642372,133.0,4.9929,100.7347,0.0
EMU31,2807,1790642428,50.0,4.7744,100.8689,0.0
DMU13,53,1790642427,59.0,5.4655,102.2255,0.0
ETS306,9323,1790642380,90.0,4.6095896,101.08226,0.0
ETS303,9523,1790642379,90.0,2.90469,101.78816,0.0
ETS304,9224,1790642379,90.0,3.744733,101.450966,0.0
ETS301,9425,1790642379,90.0,6.3483233,100.31956,0.0
SCS28,2809,1790642373,15.0,5.0291,100.5271,0.0
ETS215,9223,1790642462,0.0,5.4828,100.4982,0.0
ETS216,9121,1790642461,114.0,3.3686,101.6062,0.0
SCS10,weekday_2120,1790642460,0.0,3.0846,101.6315,0.0
ETS306,9323,1790642501,90.0,4.5963087,101.074066,0.0
ETS308,9524,1790642501,90.0,1.4676609,103.763016,0.0
ETS304,9224,1790642500,90.0,3.7722127,101.43706,0.0
ETS301,9425,1790642500,90.0,6.314189,100.344734,0.0
ETS303,9523,1790642500,90.0,2.8946702,101.7906,0.0
ETS204,9343,1790642462,130.0,4.9623,100.7268,0.0
DMU03,52,1790642462,0.0,5.1739,102.0099,0.0
EMU33,2911,1790642460,28.0,5.8258,100.4779,0.0
ETS306,9323,1790642501,90.0,4.5963087,101.074066,0.0
ETS308,9524,1790642501,90.0,1.4676609,103.763016,0.0
ETS303,9523,1790642500,90.0,2.8946702,101.7906,0.0
ETS304,9224,1790642500,90.0,3.7722127,101.43706,0.0
ETS301,9425,1790642500,90.0,6.314189,100.344734,0.0
SCS20,weekday_2119,1790642540,0.0,3.1661,101.6904,0.0
SCS25,weekday_2012,1790642538,1.0,3.118,101.6791,0.0
ETS204,9343,1790642537,131.0,4.9369,100.7199,0.0
ETS215,9223,1790642537,73.0,5.479,100.4972,0.0
DMU03,52,1790642537,27.0,5.1765,102.0092,0.0
ETS216,9121,1790642536,78.0,3.3637,101.5905,0.0
SCS10,weekday_2120,1790642535,93.0,3.0829,101.6425,0.0
EMU23,2810,1790642535,114.0,4.7715,100.8859,0.0
SCS05,weekday_2011,1790642511,0.0,3.2054,101.6752,0.0
DMU13,53,1790642517,49.0,5.4532,102.23,0.0
SCS13,2908,1790642517,87.0,6.1089,100.3678,0.0
SCS09,weekday_2112,1790642515,70.0,3.212,101.5726,0.0
SCS23,2915,1790642558,113.0,6.5991,100.2632,0.0
ETS208,9442,1790642556,125.0,2.0894,103.283,0.0
EMU33,2911,1790642535,27.0,5.8242,100.478,0.0
SCS07,weekday_2116,1790642561,0.0,3.1628,101.692,0.0
SCS09,weekday_2112,1790642560,99.0,3.2204,101.5654,0.0
SCS13,2908,1790642562,0.0,6.1135,100.3699,0.0
ETS308,9524,1790642622,90.0,1.4916654,103.75871,0.0
ETS306,9323,1790642622,90.0,4.596281,101.07403,0.0
ETS303,9523,1790642621,90.0,2.880945,101.813286,0.0
ETS301,9425,1790642621,90.0,6.273839,100.35342,0.0
ETS304,9224,1790642621,90.0,3.8032823,101.42283,0.0
EMU31,2807,1790642608,26.0,4.772,100.876,0.0
ETS213,9123,1790642605,130.0,4.3538,101.1124,0.0
SCS24,weekday_2007,1790642603,0.0,3.1327,101.6834,0.0
SCS19,weekday_2010,1790642574,23.0,3.1707,101.6851,0.0
ETS306,9323,1790642622,90.0,4.596281,101.07403,0.0
ETS308,9524,1790642622,90.0,1.4916654,103.75871,0.0
ETS301,9425,1790642621,90.0,6.273839,100.35342,0.0
ETS303,9523,1790642621,90.0,2.880945,101.813286,0.0
ETS304,9224,1790642621,90.0,3.8032823,101.42283,0.0
ETS215,9223,1790642612,135.0,5.4572,100.4945,0.0
DMU03,52,1790642612,47.0,5.1834,102.0112,0.0
ETS204,9343,1790642612,135.0,4.9116,100.7179,0.0
ETS308,9524,1790642742,90.0,1.5239707,103.738365,0.0
ETS304,9224,1790642742,90.0,3.8300664,101.40107,0.0
ETS303,9523,1790642742,90.0,2.8623111,101.82054,0.0
ETS301,9425,1790642742,90.0,6.2321024,100.36196,0.0
ETS306,9323,1790642742,90.0,4.588682,101.07205,0.0
SCS20,weekday_2119,1790642740,48.0,3.1531,101.6921,0.0
SCS05,weekday_2011,1790642736,48.0,3.1922,101.6864,0.0
SCS28,2809,1790642718,114.0,5.0437,100.6119,0.0
EMU33,2911,1790642715,116.0,5.7838,100.4886,0.0
EMU23,2810,1790642715,49.0,4.7784,100.8557,0.0
SCS19,weekday_2010,1790642714,18.0,3.1796,101.6875,0.0
EMU31,2807,1790642713,93.0,4.7729,100.892,0.0
SCS07,weekday_2116,1790642711,24.0,3.1655,101.6908,0.0
DMU13,53,1790642712,59.0,5.4273,102.2372,0.0
ETS213,9123,1790642710,134.0,4.3246,101.1336,0.0
SCS23,2915,1790642708,114.0,6.5539,100.2597,0.0
ETS208,9442,1790642706,129.0,2.1324,103.2597,0.0
SCS26,weekday_2009,1790642704,0.0,3.118,101.679,0.0
SCS09,weekday_2112,1790642710,28.0,3.2397,101.5603,0.0
DMU10(D6120),51,1790642708,49.0,5.0949,102.0729,0.0
ETS204,9343,1790642702,133.0,4.8805,100.7216,0.0
SCS25,weekday_2012,1790642703,19.0,3.13,101.6815,0.0
DMU03,52,1790642702,54.0,5.1953,102.0136,0.0
DMU10(D6120),51,1790642738,37.0,5.0914,102.0722,0.0
ETS308,9524,1790642742,90.0,1.5239707,103.738365,0.0
ETS303,9523,1790642742,90.0,2.8623111,101.82054,0.0
ETS301,9425,1790642742,90.0,6.2321024,100.36196,0.0
ETS304,9224,1790642742,90.0,3.8300664,101.40107,0.0
ETS306,9323,1790642742,90.0,4.588682,101.07205,0.0
SCS20,weekday_2119,1790642740,48.0,3.1531,101.6921,0.0
ETS208,9442,1790642736,114.0,2.138,103.2525,0.0
SCS04,weekday_2106,1790642736,107.0,3.6111,101.5843,0.0
ETS204,9343,1790642747,106.0,4.8674,100.7271,0.0
SCS08,weekday_2014,1790642741,16.0,3.0254,101.7147,0.0
SCS09,weekday_2112,1790642740,64.0,3.2444,101.5603,0.0
SCS24,weekday_2007,1790642738,0.0,3.1327,101.6834,0.0
SCS23,2915,1790642738,114.0,6.5449,100.26,0.0
SCS05,weekday_2011,1790642751,49.0,3.1906,101.6878,0.0
SCS26,weekday_2009,1790642749,0.0,3.118,101.679,0.0
SCS25,weekday_2012,1790642748,0.0,3.1306,101.6821,0.0
SCS07,weekday_2116,1790642741,6.0,3.1668,101.6894,0.0
ETS308,9524,1790642863,90.0,1.5364803,103.72456,0.0
ETS301,9425,1790642863,90.0,6.1907916,100.3706,0.0
ETS303,9523,1790642863,90.0,2.8422217,101.82658,0.0
DMU03,52,1790642852,36.0,5.2113,102.0126,0.0
ETS204,9343,1790642852,0.0,4.8533,100.7327,0.0
ETS306,9323,1790642863,90.0,4.558041,101.05923,0.0
ETS304,9224,1790642863,90.0,3.8596365,101.37931,0.0
ETS301,9425,1790642863,90.0,6.1907916,100.3706,0.0
DMU03,52,1790642852,36.0,5.2113,102.0126,0.0
ETS204,9343,1790642852,0.0,4.8533,100.7327,0.0
SCS26,weekday_2009,1790642854,12.0,3.1187,101.679,0.0
SCS25,weekday_2012,1790642853,0.0,3.1325,101.6833,0.0
EMU33,2911,1790642895,115.0,5.7317,100.5105,0.0
SCS13,2908,1790642892,39.0,6.1827,100.3752,0.0
DMU10(D6120),51,1790642903,0.0,5.0794,102.0693,0.0
SCS04,weekday_2106,1790642901,27.0,3.643,101.5557,0.0
ETS303,9523,1790642863,90.0,2.8422217,101.82658,0.0
ETS304,9224,1790642863,90.0,3.8596365,101.37931,0.0
ETS306,9323,1790642863,90.0,4.558041,101.05923,0.0
ETS308,9524,1790642863,90.0,1.5364803,103.72456,0.0
SCS05,weekday_2011,1790642886,0.0,3.1827,101.6889,0.0
ETS306,9323,1790642984,90.0,4.537816,101.05409,0.0
ETS308,9524,1790642984,90.0,1.5364695,103.72453,0.0
ETS303,9523,1790642984,90.0,2.8244212,101.824585,0.0
ETS301,9425,1790642984,90.0,6.1512933,100.38085,0.0
ETS304,9224,1790642984,90.0,3.8892653,101.373276,0.0
ETS213,9123,1790642980,52.0,4.3003,101.1568,0.0
EMU33,2911,1790642970,119.0,5.7093,100.512,0.0
SCS20,weekday_2119,1790642940,0.0,3.1405,101.694,0.0
ETS208,9442,1790642931,1.0,2.1754,103.2182,0.0
SCS26,weekday_2009,1790642929,23.0,3.124,101.6781,0.0
SCS28,2809,1790642928,115.0,5.0393,100.6736,0.0
ETS204,9343,1790642942,0.0,4.8533,100.7327,0.0
DMU03,52,1790642942,7.0,5.2143,102.0126,0.0
SCS07,weekday_2116,1790642936,93.0,3.1813,101.6742,0.0
ETS303,9523,1790642984,90.0,2.8244212,101.824585,0.0
ETS301,9425,1790642984,90.0,6.1512933,100.38085,0.0
ETS306,9323,1790642984,90.0,4.537816,101.05409,0.0
ETS304,9224,1790642984,90.0,3.8892653,101.373276,0.0
ETS308,9524,1790642984,90.0,1.5364695,103.72453,0.0
ETS213,9123,1790642980,52.0,4.3003,101.1568,0.0
EMU33,2911,1790643015,116.0,5.6959,100.5082,0.0
SCS19,weekday_2010,1790642984,21.0,3.1973,101.682,0.0
SCS08,weekday_2014,1790642981,92.0,3.0693,101.7085,0.0
SCS10,weekday_2120,1790642985,73.0,3.1,101.6712,0.0
DMU13,53,1790642982,14.0,5.407,102.231,0.0
SCS13,2908,1790642982,54.0,6.1854,100.3735,0.0
SCS07,weekday_2116,1790642981,44.0,3.1852,101.6658,0.0
ETS215,9223,1790643017,65.0,5.359,100.4669,0.0
ETS216,9121,1790643016,68.0,3.283,101.5671,0.0
EMU23,2810,1790643015,120.0,4.7845,100.7722,0.0
SCS24,weekday_2007,1790642978,0.0,3.1327,101.6834,0.0
ETS308,9524,1790643105,90.0,1.5396903,103.71796,0.0
ETS301,9425,1790643105,90.0,6.114689,100.37173,0.0
ETS306,9323,1790643105,90.0,4.5240774,101.05156,0.0
ETS215,9223,1790643092,42.0,5.351,100.4674,0.0
DMU03,52,1790643092,24.0,5.2301,102.0103,0.0
ETS303,9523,1790643105,90.0,2.806357,101.80502,0.0
ETS304,9224,1790643105,90.0,3.91266,101.34723,0.0
SCS10,weekday_2120,1790643090,0.0,3.1128,101.6734,0.0
EMU33,2911,1790643090,120.0,5.6765,100.4959,0.0
ETS216,9121,1790643076,60.0,3.2732,101.5617,0.0
ETS304,9224,1790643105,90.0,3.91266,101.34723,0.0
ETS308,9524,1790643105,90.0,1.5396903,103.71796,0.0
DMU03,52,1790643092,24.0,5.2301,102.0103,0.0
ETS215,9223,1790643092,42.0,5.351,100.4674,0.0
EMU23,2810,1790643135,117.0,4.8064,100.7429,0.0
SCS10,weekday_2120,1790643135,42.0,3.1144,101.6728,0.0
SCS19,weekday_2010,1790643134,11.0,3.2042,101.6761,0.0
SCS09,weekday_2112,1790643130,67.0,3.2757,101.562,0.0
ETS213,9123,1790643130,101.0,4.2759,101.1675,0.0
DMU10(D6120),51,1790643128,50.0,5.0587,102.0691,0.0
SCS26,weekday_2009,1790643124,0.0,3.1278,101.6796,0.0
EMU31,2807,1790643126,110.0,4.8028,100.9429,0.0
SCS04,weekday_2106,1790643126,57.0,3.6723,101.5299,0.0
SCS25,weekday_2012,1790643093,0.0,3.1325,101.6833,0.0
SCS28,2809,1790643093,115.0,5.026,100.7195,0.0
ETS204,9343,1790643092,130.0,4.8274,100.7362,0.0
ETS216,9121,1790643121,49.0,3.2654,101.5587,0.0
ETS306,9323,1790643105,90.0,4.5240774,101.05156,0.0
ETS303,9523,1790643105,90.0,2.806357,101.80502,0.0
ETS301,9425,1790643105,90.0,6.114689,100.37173,0.0
EMU31,2807,1790643171,108.0,4.8124,100.951,0.0
SCS04,weekday_2106,1790643171,56.0,3.6772,101.5262,0.0
ETS208,9442,1790643171,54.0,2.1891,103.1919,0.0
SCS08,weekday_2014,1790643161,28.0,3.0807,101.7154,0.0
SCS20,weekday_2119,1790643160,0.0,3.1348,101.6909,0.0
ETS304,9224,1790643226,90.0,3.944867,101.334,0.0
ETS306,9323,1790643226,90.0,4.50499,101.048,0.0
ETS301,9425,1790643226,90.0,6.1124563,100.3707,0.0
ETS303,9523,1790643226,90.0,2.7796526,101.80182,0.0
ETS308,9524,1790643226,90.0,1.5556135,103.6961,0.0
EMU33,2911,1790643178,81.0,5.6512,100.4915,0.0
DMU13,53,1790643177,13.0,5.3924,102.232,0.0
SCS07,weekday_2116,1790643176,42.0,3.192,101.6549,0.0
SCS09,weekday_2112,1790643175,60.0,3.2821,101.5665,0.0
SCS23,2915,1790643173,101.0,6.4402,100.2655,0.0
ETS216,9121,1790643166,75.0,3.257,101.5546,0.0
SCS24,weekday_2007,1790643173,0.0,3.1327,101.6834,0.0
DMU10(D6120),51,1790643158,47.0,5.0546,102.0688,0.0
ETS304,9224,1790643226,90.0,3.944867,101.334,0.0
ETS306,9323,1790643226,90.0,4.50499,101.048,0.0
ETS301,9425,1790643226,90.0,6.1124563,100.3707,0.0
ETS303,9523,1790643226,90.0,2.7796526,101.80182,0.0
ETS308,9524,1790643226,90.0,1.5556135,103.6961,0.0
SCS08,weekday_2014,1790643221,25.0,3.0848,101.7153,0.0
ETS204,9343,1790643257,0.0,4.7967,100.7522,0.0
SCS20,weekday_2119,1790643220,0.0,3.1348,101.6909,0.0
DMU10(D6120),51,1790643263,32.0,5.045,102.0614,0.0
ETS208,9442,1790643261,0.0,2.1906,103.1904,0.0
SCS07,weekday_2116,1790643326,1.0,3.2022,101.6377,0.0
ETS215,9223,1790643317,95.0,5.2958,100.4825,0.0
ETS216,9121,1790643316,105.0,3.2256,101.5617,0.0
EMU33,2911,1790643313,33.0,5.6415,100.4898,0.0
SCS13,2908,1790643312,114.0,6.2791,100.3517,0.0
SCS24,weekday_2007,1790643308,0.0,3.1327,101.6834,0.0
SCS08,weekday_2014,1790643301,23.0,3.0884,101.7107,0.0
DMU10(D6120),51,1790643323,17.0,5.0428,102.0576,0.0
ETS208,9442,1790643321,0.0,2.1906,103.1904,0.0
EMU31,2807,1790643321,114.0,4.8411,100.9742,0.0
SCS26,weekday_2009,1790643319,0.0,3.1278,101.6796,0.0
ETS308,9524,1790643347,90.0,1.5740968,103.67174,0.0
ETS306,9323,1790643346,90.0,4.4698167,101.04417,0.0
ETS301,9425,1790643346,90.0,6.1101365,100.36967,0.0
ETS304,9224,1790643346,90.0,3.976121,101.31547,0.0
ETS303,9523,1790643346,90.0,2.757079,101.81549,0.0
ETS204,9343,1790643317,129.0,4.7799,100.7883,0.0
DMU03,52,1790643317,8.0,5.2487,102.0097,0.0
EMU24,2812,1790643315,0.0,4.5978,101.073,0.0
EMU31,2807,1790643351,114.0,4.8435,100.9829,0.0
ETS207,9044,1790643332,0.0,3.1429,101.6945,0.0
ETS215,9223,1790643332,92.0,5.2922,100.4831,0.0
ETS308,9524,1790643347,90.0,1.5740968,103.67174,0.0
ETS303,9523,1790643346,90.0,2.757079,101.81549,0.0
ETS301,9425,1790643346,90.0,6.1101365,100.36967,0.0
ETS304,9224,1790643346,90.0,3.976121,101.31547,0.0
ETS306,9323,1790643346,90.0,4.4698167,101.04417,0.0
SCS26,weekday_2009,1790643364,0.0,3.1278,101.6796,0.0
ETS216,9121,1790643361,103.0,3.2158,101.5693,0.0
EMU24,2812,1790643355,26.0,4.599,101.0737,0.0
ETS304,9224,1790643467,90.0,4.009974,101.29789,0.0
ETS306,9323,1790643467,90.0,4.4585757,101.050514,0.0
ETS301,9425,1790643467,90.0,6.0827217,100.37877,0.0
ETS303,9523,1790643467,90.0,2.7497363,101.84096,0.0
ETS308,9524,1790643467,90.0,1.606434,103.64952,0.0
ETS216,9121,1790643451,0.0,3.2073,101.5775,0.0
SCS08,weekday_2014,1790643421,24.0,3.0953,101.7091,0.0
SCS20,weekday_2119,1790643420,0.0,3.1348,101.6909,0.0
ETS215,9223,1790643407,94.0,5.2749,100.4793,0.0
ETS207,9044,1790643407,0.0,3.1429,101.6945,0.0
DMU03,52,1790643407,31.0,5.2513,102.0101,0.0
SCS05,weekday_2011,1790643496,50.0,3.1483,101.6908,0.0
ETS215,9223,1790643452,128.0,5.2619,100.4822,0.0
ETS207,9044,1790643452,0.0,3.1429,101.6945,0.0
ETS304,9224,1790643467,90.0,4.009974,101.29789,0.0
ETS306,9323,1790643467,90.0,4.4585757,101.050514,0.0
ETS301,9425,1790643467,90.0,6.0827217,100.37877,0.0
ETS303,9523,1790643467,90.0,2.7497363,101.84096,0.0
ETS308,9524,1790643467,90.0,1.606434,103.64952,0.0
SCS26,weekday_2009,1790643454,0.0,3.1278,101.6796,0.0
DMU03,52,1790643452,47.0,5.2568,102.0102,0.0
ETS204,9343,1790643452,0.0,4.7768,100.7993,0.0
SCS26,weekday_2009,1790643559,0.0,3.1278,101.6796,0.0
SCS25,weekday_2012,1790643558,14.0,3.1539,101.6926,0.0
SCS28,2809,1790643558,44.0,4.8977,100.7193,0.0
ETS207,9044,1790643557,0.0,3.1429,101.6945,0.0
ETS215,9223,1790643557,135.0,5.2263,100.4902,0.0
ETS301,9425,1790643588,90.0,6.0450325,100.39979,0.0
ETS308,9524,1790643588,90.0,1.6389211,103.62882,0.0
ETS303,9523,1790643588,90.0,2.7425117,101.86653,0.0
ETS306,9323,1790643588,90.0,4.457523,101.050995,0.0
ETS304,9224,1790643588,90.0,4.0472693,101.28597,0.0
EMU33,2911,1790643568,118.0,5.5753,100.496,0.0
SCS13,2908,1790643567,114.0,6.3473,100.3204,0.0
EMU23,2810,1790643567,52.0,4.8937,100.7196,0.0
SCS24,weekday_2007,1790643563,0.0,3.1388,101.6936,0.0
SCS20,weekday_2119,1790643560,0.0,3.1348,101.6909,0.0
ETS204,9343,1790643557,97.0,4.775,100.8683,0.0
SCS23,2915,1790643608,0.0,6.3703,100.3032,0.0
EMU24,2812,1790643595,98.0,4.6271,101.101,0.0
DMU10(D6120),51,1790643593,5.0,5.0339,102.0505,0.0
SCS20,weekday_2119,1790643600,0.0,3.1348,101.6909,0.0
ETS304,9224,1790643588,90.0,4.0472693,101.28597,0.0
ETS306,9323,1790643588,90.0,4.457523,101.050995,0.0
ETS301,9425,1790643588,90.0,6.0450325,100.39979,0.0
ETS303,9523,1790643588,90.0,2.7425117,101.86653,0.0
ETS308,9524,1790643588,90.0,1.6389211,103.62882,0.0
EMU23,2810,1790643657,72.0,4.8997,100.719,0.0
ETS308,9524,1790643709,90.0,1.6635281,103.601654,0.0
ETS303,9523,1790643709,90.0,2.7389436,101.88771,0.0
ETS301,9425,1790643709,90.0,6.008294,100.42056,0.0
ETS306,9323,1790643709,90.0,4.447275,101.05574,0.0
ETS304,9224,1790643709,90.0,4.0836754,101.272705,0.0
ETS207,9044,1790643692,0.0,3.1429,101.6945,0.0
ETS216,9121,1790643691,72.0,3.2007,101.5979,0.0
SCS05,weekday_2011,1790643661,8.0,3.142,101.6942,0.0
SCS19,weekday_2010,1790643659,0.0,3.2347,101.6793,0.0
DMU10(D6120),51,1790643653,50.0,5.0312,102.0456,0.0
EMU33,2911,1790643658,117.0,5.5479,100.5005,0.0
DMU13,53,1790643657,33.0,5.3686,102.2267,0.0
EMU24,2812,1790643655,112.0,4.6404,101.1112,0.0
SCS13,2908,1790643657,71.0,6.3668,100.3058,0.0
SCS28,2809,1790643738,108.0,4.8727,100.7248,0.0
DMU06,34,1790643737,10.0,2.5785,102.6088,0.0
ETS207,9044,1790643737,0.0,3.1429,101.6945,0.0
ETS216,9121,1790643736,78.0,3.1996,101.606,0.0
SCS26,weekday_2009,1790643694,0.0,3.1278,101.6796,0.0
ETS304,9224,1790643709,90.0,4.0836754,101.272705,0.0
ETS301,9425,1790643709,90.0,6.008294,100.42056,0.0
ETS303,9523,1790643709,90.0,2.7389436,101.88771,0.0
ETS308,9524,1790643709,90.0,1.6635281,103.601654,0.0
ETS306,9323,1790643709,90.0,4.447275,101.05574,0.0
ETS204,9343,1790643692,106.0,4.7726,100.8908,0.0
ETS215,9223,1790643692,139.0,5.1814,100.4795,0.0
DMU03,52,1790643692,41.0,5.2756,102.0078,0.0
SCS05,weekday_2011,1790643796,27.0,3.1367,101.6909,0.0
EMU23,2810,1790643792,120.0,4.9389,100.7204,0.0
SCS20,weekday_2119,1790643800,19.0,3.1279,101.6797,0.0
EMU33,2911,1790643793,115.0,5.5077,100.5049,0.0
ETS308,9524,1790643830,90.0,1.6644516,103.59951,0.0
ETS304,9224,1790643829,90.0,4.1096735,101.25251,0.0
ETS306,9323,1790643829,90.0,4.433187,101.06262,0.0
ETS301,9425,1790643829,90.0,5.971659,100.44124,0.0
ETS303,9523,1790643829,90.0,2.7250485,101.90518,0.0
DMU06,34,1790643797,20.0,2.5783,102.6059,0.0
SCS13,2908,1790643837,116.0,6.3875,100.2903,0.0
SCS09,weekday_2112,1790643835,80.0,3.3642,101.5931,0.0
ETS308,9524,1790643830,90.0,1.6644516,103.59951,0.0
ETS303,9523,1790643829,90.0,2.7250485,101.90518,0.0
ETS301,9425,1790643829,90.0,5.971659,100.44124,0.0
ETS304,9224,1790643829,90.0,4.1096735,101.25251,0.0
ETS306,9323,1790643829,90.0,4.433187,101.06262,0.0
SCS24,weekday_2007,1790643848,0.0,3.1388,101.6936,0.0
DMU10(D6120),51,1790643848,25.0,5.0216,102.0332,0.0
EMU33,2911,1790643845,99.0,5.4925,100.5008,0.0
SCS20,weekday_2119,1790643840,24.0,3.1258,101.6787,0.0
SCS19,weekday_2010,1790643839,0.0,3.2371,101.6812,0.0
EMU23,2810,1790643837,120.0,4.9524,100.724,0.0
ETS306,9323,1790643950,90.0,4.40276,101.079475,0.0
SCS19,weekday_2010,1790643899,0.0,3.2371,101.6812,0.0
ETS216,9121,1790643886,107.0,3.2052,101.6353,0.0
ETS308,9524,1790643950,90.0,1.6808358,103.57705,0.0
ETS303,9523,1790643950,90.0,2.7229192,101.923775,0.0
ETS301,9425,1790643950,90.0,5.934266,100.46118,0.0
ETS304,9224,1790643950,90.0,4.119802,101.242065,0.0
SCS05,weekday_2011,1790643931,0.0,3.1346,101.688,0.0
ETS204,9343,1790643887,4.0,4.776,100.9315,0.0
ETS213,9123,1790643895,119.0,4.0783,101.2737,0.0
SCS08,weekday_2014,1790643985,13.0,3.122,101.6783,0.0
ETS207,9044,1790643977,0.0,3.1429,101.6945,0.0
SCS05,weekday_2011,1790643976,0.0,3.1346,101.688,0.0
EMU33,2911,1790643935,0.0,5.4825,100.4981,0.0
SCS28,2809,1790643933,97.0,4.8478,100.7291,0.0
ETS215,9223,1790643932,0.0,5.1311,100.4861,0.0
ETS308,9524,1790643950,90.0,1.6808358,103.57705,0.0
ETS303,9523,1790643950,90.0,2.7229192,101.923775,0.0
ETS301,9425,1790643950,90.0,5.934266,100.46118,0.0
ETS304,9224,1790643950,90.0,4.119802,101.242065,0.0
ETS306,9323,1790643950,90.0,4.40276,101.079475,0.0
DMU03,52,1790643932,18.0,5.2915,102.008,0.0
ETS204,9343,1790643932,0.0,4.7761,100.9317,0.0
DMU06,34,1790643932,34.0,2.5853,102.5983,0.0
SCS07,weekday_2116,1790643932,25.0,3.2064,101.5796,0.0
SCS25,weekday_2012,1790644045,0.0,3.1736,101.6848,0.0
ETS213,9123,1790644045,128.0,4.0286,101.2871,0.0
DMU10(D6120),51,1790644043,16.0,5.0109,102.0253,0.0
SCS24,weekday_2007,1790644043,0.0,3.1389,101.6936,0.0
EMU33,2911,1790644040,98.0,5.4684,100.4963,0.0
SCS28,2809,1790644038,116.0,4.8217,100.7387,0.0
ETS216,9121,1790644036,0.0,3.1921,101.6549,0.0
SCS05,weekday_2011,1790644036,0.0,3.1346,101.688,0.0
EMU24,2812,1790644031,106.0,4.7309,101.1219,0.0
ETS304,9224,1790644071,90.0,4.119802,101.242065,0.0
ETS306,9323,1790644071,90.0,4.3693233,101.10082,0.0
ETS301,9425,1790644071,90.0,5.8946276,100.47639,0.0
ETS303,9523,1790644071,90.0,2.720397,101.936005,0.0
ETS308,9524,1790644071,90.0,1.7065448,103.54398,0.0
SCS20,weekday_2119,1790644041,38.0,3.1159,101.6727,0.0
ETS208,9442,1790644041,132.0,2.3179,103.1053,0.0
ETS215,9223,1790644037,0.0,5.1311,100.4861,0.0
DMU03,52,1790644037,19.0,5.2898,102.0146,0.0
DMU06,34,1790644037,54.0,2.5989,102.5948,0.0
ETS207,9044,1790644037,0.0,3.1429,101.6945,0.0
ETS216,9121,1790644081,0.0,3.1812,101.6745,0.0
ETS204,9343,1790644052,103.0,4.7848,100.9353,0.0
SCS07,weekday_2116,1790644052,92.0,3.2185,101.5669,0.0
ETS304,9224,1790644071,90.0,4.119802,101.242065,0.0
ETS306,9323,1790644071,90.0,4.3693233,101.10082,0.0
ETS301,9425,1790644071,90.0,5.8946276,100.47639,0.0
ETS303,9523,1790644071,90.0,2.720397,101.936005,0.0
ETS308,9524,1790644071,90.0,1.7065448,103.54398,0.0
SCS23,2915,1790644088,114.0,6.251,100.3574,0.0
SCS28,2809,1790644083,112.0,4.8086,100.742,0.0
SCS20,weekday_2119,1790644081,0.0,3.1142,101.6727,0.0
EMU31,2807,1790644075,115.0,4.7711,101.1102,0.0
EMU23,2810,1790644122,118.0,5.0314,100.713,0.0
SCS05,weekday_2011,1790644111,0.0,3.1346,101.688,0.0
SCS24,weekday_2007,1790644088,0.0,3.1389,101.6936,0.0
SCS08,weekday_2014,1790644085,15.0,3.1279,101.6798,0.0
SCS19,weekday_2010,1790644079,90.0,3.2249,101.6727,0.0
DMU13,53,1790644077,34.0,5.33,102.2031,0.0
SCS13,2908,1790644077,0.0,6.4326,100.2681,0.0
ETS213,9123,1790644075,137.0,4.019,101.2907,0.0
SCS25,weekday_2012,1790644075,0.0,3.1736,101.6848,0.0
SCS09,weekday_2112,1790644075,108.0,3.3871,101.6253,0.0
DMU10(D6120),51,1790644073,14.0,5.0095,102.0248,0.0
ETS308,9524,1790644192,90.0,1.7323611,103.51411,0.0
ETS303,9523,1790644192,90.0,2.7186284,101.94079,0.0
ETS306,9323,1790644192,90.0,4.3389854,101.12304,0.0
ETS304,9224,1790644192,90.0,4.119802,101.242065,0.0
ETS301,9425,1790644191,90.0,5.8524537,100.47772,0.0
ETS204,9343,1790644157,134.0,4.8157,100.9516,0.0
SCS07,weekday_2116,1790644112,91.0,3.2313,101.5596,0.0
SCS28,2809,1790644128,113.0,4.7981,100.7498,0.0
EMU33,2911,1790644115,119.0,5.447,100.4918,0.0
SCS05,weekday_2011,1790644126,0.0,3.1346,101.688,0.0
DMU03,52,1790644127,24.0,5.2955,102.0192,0.0
SCS26,weekday_2009,1790644114,0.0,3.1278,101.6796,0.0
ETS304,9224,1790644192,90.0,4.119802,101.242065,0.0
ETS308,9524,1790644192,90.0,1.7323611,103.51411,0.0
ETS306,9323,1790644192,90.0,4.3389854,101.12304,0.0
ETS303,9523,1790644192,90.0,2.7186284,101.94079,0.0
ETS301,9425,1790644191,90.0,5.8524537,100.47772,0.0
SCS08,weekday_2014,1790644165,1.0,3.1315,101.6827,0.0
SCS20,weekday_2119,1790644161,28.0,3.1112,101.6742,0.0
EMU33,2911,1790644160,109.0,5.4342,100.488,0.0
DMU03,52,1790644157,15.0,5.2972,102.0194,0.0
ETS204,9343,1790644157,134.0,4.8157,100.9516,0.0
SCS05,weekday_2011,1790644156,0.0,3.1346,101.688,0.0
SCS07,weekday_2116,1790644277,18.0,3.2506,101.5559,0.0
DMU06,34,1790644277,59.0,2.6318,102.5915,0.0
SCS23,2915,1790644268,114.0,6.1982,100.3682,0.0
ETS208,9442,1790644266,128.0,2.365,103.0453,0.0
ETS308,9524,1790644312,90.0,1.7695007,103.49732,0.0
SCS20,weekday_2119,1790644301,33.0,3.0983,101.6708,0.0
DMU10(D6120),51,1790644268,44.0,4.9905,102.0168,0.0
SCS24,weekday_2007,1790644268,0.0,3.1389,101.6936,0.0
SCS13,2908,1790644257,114.0,6.4721,100.2545,0.0
SCS26,weekday_2009,1790644234,0.0,3.1278,101.6796,0.0
EMU33,2911,1790644295,121.0,5.3979,100.4717,0.0
SCS10,weekday_2120,1790644233,19.0,3.1429,101.6938,0.0
ETS213,9123,1790644270,118.0,3.9621,101.3221,0.0
SCS05,weekday_2011,1790644276,0.0,3.1346,101.688,0.0
SCS28,2809,1790644233,114.0,4.7833,100.7768,0.0
ETS304,9224,1790644312,90.0,4.119802,101.242065,0.0
ETS306,9323,1790644312,90.0,4.307885,101.14677,0.0
ETS301,9425,1790644312,90.0,5.810968,100.47987,0.0
ETS303,9523,1790644312,90.0,2.7186298,101.94081,0.0
ETS207,9044,1790644337,60.0,3.2006,101.6392,0.0
SCS07,weekday_2116,1790644337,32.0,3.2558,101.5545,0.0
ETS204,9343,1790644337,134.0,4.8451,100.9986,0.0
DMU06,34,1790644337,58.0,2.6406,102.5869,0.0
ETS216,9121,1790644336,23.0,3.1565,101.6939,0.0
SCS10,weekday_2120,1790644308,53.0,3.1483,101.6907,0.0
SCS05,weekday_2011,1790644336,0.0,3.1346,101.688,0.0
ETS215,9223,1790644307,100.0,5.1226,100.4879,0.0
ETS301,9425,1790644312,90.0,5.810968,100.47987,0.0
ETS306,9323,1790644312,90.0,4.307885,101.14677,0.0
ETS304,9224,1790644312,90.0,4.119802,101.242065,0.0
ETS308,9524,1790644312,90.0,1.7695007,103.49732,0.0
ETS303,9523,1790644312,90.0,2.7186298,101.94081,0.0
SCS20,weekday_2119,1790644301,33.0,3.0983,101.6708,0.0
SCS24,weekday_2007,1790644313,0.0,3.1389,101.6936,0.0
DMU10(D6120),51,1790644313,45.0,4.9853,102.0154,0.0
EMU33,2911,1790644310,114.0,5.3934,100.4711,0.0
SCS08,weekday_2014,1790644305,0.0,3.1324,101.6835,0.0
SCS19,weekday_2010,1790644304,0.0,3.2044,101.6761,0.0
SCS09,weekday_2112,1790644300,76.0,3.4404,101.6376,0.0
SCS25,weekday_2012,1790644300,35.0,3.1842,101.6893,0.0
SCS23,2915,1790644298,99.0,6.1897,100.3706,0.0
ETS208,9442,1790644296,129.0,2.3708,103.0372,0.0
ETS304,9224,1790644433,90.0,4.119802,101.242065,0.0
ETS306,9323,1790644433,90.0,4.30201,101.154236,0.0
ETS301,9425,1790644433,90.0,5.771753,100.4939,0.0
ETS303,9523,1790644433,90.0,2.7186408,101.94088,0.0
ETS308,9524,1790644433,90.0,1.806476,103.48535,0.0
ETS204,9343,1790644397,134.0,4.8372,101.018,0.0
ETS216,9121,1790644396,0.0,3.1528,101.6918,0.0
EMU33,2911,1790644400,54.0,5.3692,100.4681,0.0
SCS20,weekday_2119,1790644441,28.0,3.0895,101.6697,0.0
ETS304,9224,1790644433,90.0,4.119802,101.242065,0.0
ETS306,9323,1790644433,90.0,4.30201,101.154236,0.0
ETS301,9425,1790644433,90.0,5.771753,100.4939,0.0
ETS303,9523,1790644433,90.0,2.7186408,101.94088,0.0
ETS308,9524,1790644433,90.0,1.806476,103.48535,0.0
SCS07,weekday_2116,1790644472,47.0,3.2625,101.5568,0.0
EMU24,2812,1790644471,0.0,4.8188,101.0709,0.0
SCS13,2908,1790644467,0.0,6.5244,100.257,0.0
SCS09,weekday_2112,1790644465,0.0,3.4689,101.6378,0.0
ETS213,9123,1790644465,116.0,3.9096,101.3478,0.0
SCS25,weekday_2012,1790644465,37.0,3.1985,101.681,0.0
EMU31,2807,1790644465,115.0,4.6666,101.1309,0.0
DMU10(D6120),51,1790644448,49.0,4.9677,102.0118,0.0
SCS24,weekday_2007,1790644448,0.0,3.1389,101.6936,0.0
SCS23,2915,1790644448,104.0,6.1743,100.3784,0.0
ETS208,9442,1790644446,0.0,2.3831,103.0199,0.0
SCS08,weekday_2014,1790644445,0.0,3.1361,101.6901,0.0
ETS303,9523,1790644554,90.0,2.7171526,101.942986,0.0
DMU06,34,1790644472,57.0,2.6525,102.5707,0.0
SCS23,2915,1790644478,116.0,6.1654,100.379,0.0
SCS24,weekday_2007,1790644478,0.0,3.1389,101.6936,0.0
ETS306,9323,1790644554,90.0,4.2969794,101.16029,0.0
ETS204,9343,1790644472,132.0,4.8227,101.0393,0.0
ETS301,9425,1790644553,90.0,5.732267,100.51059,0.0
ETS208,9442,1790644491,0.0,2.3831,103.0199,0.0
EMU33,2911,1790644490,37.0,5.3582,100.4667,0.0
SCS26,weekday_2009,1790644489,0.0,3.1278,101.6796,0.0
ETS207,9044,1790644487,0.0,3.2086,101.6291,0.0
ETS215,9223,1790644487,132.0,5.0657,100.5078,0.0
SCS10,weekday_2120,1790644488,47.0,3.1601,101.6925,0.0
SCS07,weekday_2116,1790644487,53.0,3.2643,101.5579,0.0
ETS216,9121,1790644486,0.0,3.1521,101.6915,0.0
EMU26,2815,1790644475,95.0,5.3827,100.3827,0.0
SCS19,weekday_2010,1790644484,48.0,3.1964,101.6829,0.0
SCS28,2809,1790644473,109.0,4.7794,100.847,0.0
DMU03,52,1790644472,53.0,5.3209,102.0202,0.0
EMU23,2810,1790644474,123.0,5.0442,100.6038,0.0
SCS05,weekday_2011,1790644486,23.0,3.1279,101.6799,0.0
EMU31,2807,1790644483,0.0,4.662,101.1274,0.0
SCS13,2908,1790644482,0.0,6.5244,100.257,0.0
SCS20,weekday_2119,1790644481,18.0,3.0879,101.6687,0.0
SCS25,weekday_2012,1790644480,55.0,3.2,101.6797,0.0
ETS213,9123,1790644480,121.0,3.9061,101.3509,0.0
SCS09,weekday_2112,1790644480,25.0,3.4697,101.638,0.0
DMU10(D6120),51,1790644478,37.0,4.964,102.0109,0.0
ETS304,9224,1790644554,90.0,4.119802,101.242065,0.0
ETS308,9524,1790644554,90.0,1.8119287,103.479355,0.0
ETS301,9425,1790644553,90.0,5.732267,100.51059,0.0
DMU03,52,1790644577,57.0,5.3365,102.0157,0.0
ETS207,9044,1790644592,0.0,3.2086,101.6291,0.0
SCS05,weekday_2011,1790644591,0.0,3.1193,101.6787,0.0
EMU24,2812,1790644591,0.0,4.8188,101.0709,0.0
ETS204,9343,1790644577,8.0,4.8236,101.063,0.0
DMU06,34,1790644577,59.0,2.6656,102.5597,0.0
ETS216,9121,1790644591,0.0,3.1495,101.6913,0.0
SCS28,2809,1790644578,0.0,4.7782,100.857,0.0
ETS308,9524,1790644554,90.0,1.8119287,103.479355,0.0
ETS304,9224,1790644554,90.0,4.119802,101.242065,0.0
ETS306,9323,1790644554,90.0,4.2969794,101.16029,0.0
ETS303,9523,1790644554,90.0,2.7171526,101.942986,0.0
ETS213,9123,1790644630,107.0,3.8763,101.3818,0.0
ETS208,9442,1790644596,114.0,2.4089,103.007,0.0
EMU31,2807,1790644595,108.0,4.6355,101.1075,0.0
SCS28,2809,1790644593,0.0,4.7782,100.857,0.0
DMU03,52,1790644592,57.0,5.3387,102.0149,0.0
ETS303,9523,1790644674,90.0,2.7024279,101.95723,0.0
ETS301,9425,1790644674,90.0,5.692985,100.50768,0.0
ETS308,9524,1790644674,90.0,1.81811,103.47232,0.0
ETS304,9224,1790644674,90.0,4.119802,101.242065,0.0
ETS306,9323,1790644674,90.0,4.272671,101.169395,0.0
DMU06,34,1790644637,58.0,2.6713,102.5521,0.0
ETS207,9044,1790644637,0.0,3.2086,101.6291,0.0
SCS07,weekday_2116,1790644637,73.0,3.2861,101.5694,0.0
ETS204,9343,1790644637,38.0,4.8216,101.0666,0.0
ETS216,9121,1790644621,0.0,3.145,101.6926,0.0
EMU26,2815,1790644640,60.0,5.3659,100.4178,0.0
SCS05,weekday_2011,1790644636,0.0,3.1193,101.6787,0.0
SCS19,weekday_2010,1790644634,29.0,3.1829,101.6889,0.0
EMU33,2911,1790644633,59.0,5.3656,100.4525,0.0
SCS13,2908,1790644632,115.0,6.5547,100.2596,0.0
SCS09,weekday_2112,1790644630,52.0,3.4983,101.6345,0.0
EMU24,2812,1790644631,0.0,4.8188,101.0709,0.0
SCS25,weekday_2012,1790644630,34.0,3.2129,101.6721,0.0
EMU33,2911,1790644678,2.0,5.3662,100.4482,0.0
EMU24,2812,1790644671,0.0,4.8188,101.0709,0.0
SCS05,weekday_2011,1790644666,16.0,3.119,101.6789,0.0
ETS306,9323,1790644674,90.0,4.272671,101.169395,0.0
ETS303,9523,1790644674,90.0,2.7024279,101.95723,0.0
ETS301,9425,1790644674,90.0,5.692985,100.50768,0.0
ETS304,9224,1790644674,90.0,4.119802,101.242065,0.0
ETS308,9524,1790644674,90.0,1.81811,103.47232,0.0
SCS23,2915,1790644673,37.0,6.1136,100.3699,0.0
ETS208,9442,1790644671,139.0,2.4314,102.9957,0.0
EMU31,2807,1790644670,72.0,4.6227,101.0977,0.0
ETS216,9121,1790644666,8.0,3.1424,101.6935,0.0
SCS08,weekday_2014,1790644665,0.0,3.14,101.6938,0.0
SCS24,weekday_2007,1790644673,0.0,3.1389,101.6936,0.0
ETS204,9343,1790644712,0.0,4.819,101.0707,0.0
DMU06,34,1790644712,50.0,2.6752,102.5425,0.0
DMU03,52,1790644712,48.0,5.355,102.0095,0.0
SCS07,weekday_2116,1790644712,79.0,3.2995,101.5747,0.0
SCS20,weekday_2119,1790644701,34.0,3.0842,101.6585,0.0
EMU26,2815,1790644715,0.0,5.3646,100.4213,0.0
SCS10,weekday_2120,1790644713,59.0,3.1763,101.6807,0.0
ETS207,9044,1790644712,0.0,3.2086,101.6291,0.0
ETS304,9224,1790644795,90.0,4.119802,101.242065,0.0
ETS306,9323,1790644795,90.0,4.240528,101.17724,0.0
ETS308,9524,1790644795,90.0,1.8378409,103.43847,0.0
ETS303,9523,1790644795,90.0,2.6861765,101.97423,0.0
ETS301,9425,1790644795,90.0,5.656997,100.49338,0.0
SCS26,weekday_2009,1790644819,5.0,3.1364,101.6899,0.0
SCS23,2915,1790644808,108.0,6.1006,100.3682,0.0
ETS308,9524,1790644795,90.0,1.8378409,103.43847,0.0
ETS303,9523,1790644795,90.0,2.6861765,101.97423,0.0
ETS301,9425,1790644795,90.0,5.656997,100.49338,0.0
ETS304,9224,1790644795,90.0,4.119802,101.242065,0.0
ETS306,9323,1790644795,90.0,4.240528,101.17724,0.0
SCS07,weekday_2116,1790644817,26.0,3.3145,101.5749,0.0
ETS216,9121,1790644816,0.0,3.1417,101.6936,0.0
DMU13,53,1790644812,38.0,5.307,102.1556,0.0
SCS20,weekday_2119,1790644821,57.0,3.0821,101.6519,0.0
ETS207,9044,1790644832,66.0,3.2001,101.603,0.0
DMU06,34,1790644817,44.0,2.6834,102.5315,0.0
EMU23,2810,1790644819,30.0,5.0293,100.527,0.0
SCS05,weekday_2011,1790644816,24.0,3.108,101.6932,0.0
ETS213,9123,1790644810,112.0,3.8327,101.3986,0.0
SCS09,weekday_2112,1790644810,96.0,3.522,101.6291,0.0
SCS28,2809,1790644833,0.0,4.7782,100.857,0.0
ETS304,9224,1790644916,90.0,4.119802,101.242065,0.0
ETS303,9523,1790644916,90.0,2.6658711,101.992805,0.0
ETS308,9524,1790644916,90.0,1.8678632,103.412895,0.0
ETS306,9323,1790644916,90.0,4.200726,101.18387,0.0
ETS301,9425,1790644915,90.0,5.6426153,100.490906,0.0
DMU06,34,1790644892,49.0,2.6868,102.5244,0.0
SCS24,weekday_2007,1790644883,0.0,3.1389,101.6936,0.0
SCS23,2915,1790644883,113.0,6.0809,100.3793,0.0
EMU23,2810,1790644879,110.0,5.0405,100.521,0.0
SCS10,weekday_2120,1790644833,0.0,3.1861,101.6646,0.0
SCS07,weekday_2116,1790644832,26.0,3.3157,101.5749,0.0
EMU24,2812,1790644917,117.0,4.8358,101.0194,0.0
EMU26,2815,1790644940,0.0,5.3665,100.4473,0.0
SCS28,2809,1790644938,0.0,4.7782,100.857,0.0
ETS207,9044,1790644937,33.0,3.2029,101.5869,0.0
SCS05,weekday_2011,1790644936,25.0,3.1025,101.7,0.0
ETS306,9323,1790644916,90.0,4.200726,101.18387,0.0
ETS303,9523,1790644916,90.0,2.6658711,101.992805,0.0
ETS304,9224,1790644916,90.0,4.119802,101.242065,0.0
ETS308,9524,1790644916,90.0,1.8678632,103.412895,0.0
ETS301,9425,1790644915,90.0,5.6426153,100.490906,0.0
EMU33,2911,1790644948,36.0,5.3647,100.4207,0.0
DMU13,53,1790644947,31.0,5.3119,102.1428,0.0
SCS13,2908,1790644947,114.0,6.6401,100.2849,0.0
SCS20,weekday_2119,1790644941,9.0,3.0843,101.6328,0.0
SCS10,weekday_2120,1790644938,41.0,3.1912,101.6568,0.0
SCS09,weekday_2112,1790644915,88.0,3.5467,101.6387,0.0
DMU10(D6120),51,1790644913,41.0,4.9253,101.9938,0.0
SCS23,2915,1790644913,114.0,6.073,100.3835,0.0
ETS208,9442,1790644911,127.0,2.4716,102.9277,0.0
ETS303,9523,1790645036,90.0,2.6543925,102.0115,0.0
ETS301,9425,1790645036,90.0,5.642685,100.49091,0.0
SCS05,weekday_2011,1790645011,28.0,3.099,101.7045,0.0
ETS304,9224,1790645036,90.0,4.119802,101.242065,0.0
ETS306,9323,1790645036,90.0,4.170745,101.19005,0.0
ETS308,9524,1790645036,90.0,1.8840746,103.40569,0.0
EMU26,2815,1790645075,98.0,5.3631,100.459,0.0
SCS10,weekday_2120,1790645073,65.0,3.1955,101.6471,0.0
SCS07,weekday_2116,1790645072,67.0,3.3328,101.5704,0.0
ETS207,9044,1790645057,0.0,3.2059,101.581,0.0
EMU24,2812,1790645057,119.0,4.8426,100.9794,0.0
SCS05,weekday_2011,1790645071,0.0,3.0985,101.7051,0.0
SCS19,weekday_2010,1790645069,0.0,3.1651,101.6913,0.0
ETS213,9123,1790645065,118.0,3.7693,101.4363,0.0
EMU33,2911,1790645068,93.0,5.3757,100.3957,0.0
ETS216,9121,1790645056,0.0,3.1417,101.6936,0.0
SCS13,2908,1790645067,61.0,6.6553,100.3098,0.0
SCS26,weekday_2009,1790645044,30.0,3.1455,101.692,0.0
ETS208,9442,1790645016,126.0,2.4836,102.8955,0.0
ETS308,9524,1790645036,90.0,1.8840746,103.40569,0.0
ETS303,9523,1790645036,90.0,2.6543925,102.0115,0.0
ETS301,9425,1790645036,90.0,5.642685,100.49091,0.0
ETS304,9224,1790645036,90.0,4.119802,101.242065,0.0
ETS306,9323,1790645036,90.0,4.170745,101.19005,0.0
ETS204,9343,1790645012,143.0,4.7523,101.1192,0.0
SCS25,weekday_2012,1790645065,0.0,3.2371,101.6813,0.0
SCS09,weekday_2112,1790645065,78.0,3.5604,101.6336,0.0
SCS28,2809,1790645043,0.0,4.7782,100.857,0.0
DMU03,52,1790645042,0.0,5.3769,102.0101,0.0
ETS215,9223,1790645042,134.0,5.0392,100.6656,0.0
DMU06,34,1790645012,43.0,2.6996,102.5149,0.0
EMU23,2810,1790645044,119.0,5.0854,100.4973,0.0
SCS23,2915,1790645018,114.0,6.0456,100.3991,0.0
DMU10(D6120),51,1790645018,18.0,4.9279,101.9857,0.0
SCS20,weekday_2119,1790645101,0.0,3.0846,101.6225,0.0
EMU33,2911,1790645098,94.0,5.3793,100.389,0.0
EMU24,2812,1790645097,115.0,4.8391,100.9673,0.0
SCS13,2908,1790645097,42.0,6.6578,100.3135,0.0
ETS213,9123,1790645095,120.0,3.7603,101.4364,0.0
SCS25,weekday_2012,1790645095,0.0,3.2371,101.6813,0.0
SCS24,weekday_2007,1790645093,0.0,3.1389,101.6936,0.0
SCS04,weekday_2131,1790645091,0.0,3.6839,101.5189,0.0
DMU06,34,1790645072,22.0,2.703,102.5103,0.0
ETS308,9524,1790645157,90.0,1.8863287,103.40453,0.0
ETS306,9323,1790645157,90.0,4.140857,101.209,0.0
ETS301,9425,1790645157,90.0,5.6303663,100.49189,0.0
ETS303,9523,1790645157,90.0,2.6397133,102.038315,0.0
ETS304,9224,1790645157,90.0,4.119802,101.242065,0.0
SCS28,2809,1790645118,0.0,4.7782,100.857,0.0
DMU03,52,1790645117,11.0,5.3783,102.0109,0.0
ETS215,9223,1790645117,137.0,5.0394,100.6921,0.0
ETS207,9044,1790645117,0.0,3.2059,101.581,0.0
ETS204,9343,1790645117,134.0,4.7155,101.1233,0.0
ETS216,9121,1790645116,0.0,3.1417,101.6936,0.0
SCS05,weekday_2011,1790645116,0.0,3.0985,101.7051,0.0
ETS208,9442,1790645106,128.0,2.4907,102.8668,0.0
EMU26,2815,1790645105,113.0,5.3565,100.4641,0.0
SCS08,weekday_2014,1790645105,17.0,3.1674,101.6882,0.0
EMU31,2807,1790645105,0.0,4.5978,101.0732,0.0
SCS26,weekday_2009,1790645104,49.0,3.154,101.6925,0.0
EMU26,2815,1790645180,112.0,5.3354,100.47,0.0
ETS208,9442,1790645181,126.0,2.4913,102.8425,0.0
SCS20,weekday_2119,1790645181,15.0,3.084,101.6172,0.0
EMU31,2807,1790645180,5.0,4.5978,101.0732,0.0
ETS301,9425,1790645157,90.0,5.6303663,100.49189,0.0
ETS303,9523,1790645157,90.0,2.6397133,102.038315,0.0
ETS306,9323,1790645157,90.0,4.140857,101.209,0.0
ETS304,9224,1790645157,90.0,4.119802,101.242065,0.0
ETS308,9524,1790645157,90.0,1.8863287,103.40453,0.0
ETS301,9425,1790645278,90.0,5.592738,100.49383,0.0
ETS304,9224,1790645278,90.0,4.119802,101.242065,0.0
ETS306,9323,1790645278,90.0,4.1217914,101.23967,0.0
ETS303,9523,1790645278,90.0,2.6242945,102.07504,0.0
ETS308,9524,1790645278,90.0,1.9135828,103.38342,0.0
SCS05,weekday_2011,1790645251,0.0,3.0985,101.7051,0.0
ETS215,9223,1790645237,133.0,5.0181,100.727,0.0
EMU24,2812,1790645237,108.0,4.8064,100.9474,0.0
ETS207,9044,1790645237,64.0,3.2119,101.5727,0.0
SCS24,weekday_2007,1790645228,0.0,3.1389,101.6936,0.0
EMU33,2911,1790645218,12.0,5.3873,100.3735,0.0
SCS10,weekday_2120,1790645193,0.0,3.2022,101.6376,0.0
SCS07,weekday_2116,1790645192,89.0,3.3588,101.5717,0.0
EMU26,2815,1790645225,112.0,5.3221,100.4707,0.0
ETS208,9442,1790645226,119.0,2.498,102.8292,0.0
SCS04,weekday_2131,1790645226,44.0,3.6797,101.5236,0.0
EMU31,2807,1790645225,5.0,4.5994,101.0741,0.0
DMU13,53,1790645217,21.0,5.3186,102.1322,0.0
SCS13,2908,1790645217,12.0,6.662,100.3193,0.0
ETS213,9123,1790645215,32.0,3.7448,101.4503,0.0
SCS25,weekday_2012,1790645215,53.0,3.2319,101.6762,0.0
EMU23,2810,1790645243,0.0,5.1308,100.4861,0.0
SCS20,weekday_2119,1790645261,0.0,3.0832,101.6121,0.0
SCS23,2915,1790645258,114.0,5.9832,100.4343,0.0
SCS05,weekday_2011,1790645281,0.0,3.0985,101.7051,0.0
ETS304,9224,1790645278,90.0,4.119802,101.242065,0.0
ETS306,9323,1790645278,90.0,4.1217914,101.23967,0.0
ETS301,9425,1790645278,90.0,5.592738,100.49383,0.0
ETS303,9523,1790645278,90.0,2.6242945,102.07504,0.0
DMU03,52,1790645297,44.0,5.3754,102.0207,0.0
ETS215,9223,1790645297,135.0,4.9998,100.7355,0.0
ETS216,9121,1790645296,0.0,3.1417,101.6936,0.0
ETS308,9524,1790645278,90.0,1.9135828,103.38342,0.0
SCS10,weekday_2120,1790645268,32.0,3.2049,101.6351,0.0
SCS28,2809,1790645268,0.0,4.7782,100.857,0.0
SCS07,weekday_2116,1790645297,75.0,3.3646,101.5944,0.0
DMU06,34,1790645267,55.0,2.72,102.4949,0.0
EMU31,2807,1790645255,9.0,4.6006,101.0748,0.0
ETS207,9044,1790645252,76.0,3.2141,101.5707,0.0
EMU23,2810,1790645303,82.0,5.136,100.485,0.0
EMU26,2815,1790645285,111.0,5.3058,100.478,0.0
ETS308,9524,1790645399,90.0,1.9437568,103.35362,0.0
ETS306,9323,1790645398,90.0,4.0959363,101.27019,0.0
ETS304,9224,1790645398,90.0,4.119802,101.242065,0.0
ETS303,9523,1790645398,90.0,2.589848,102.097626,0.0
ETS301,9425,1790645398,90.0,5.552379,100.50034,0.0
EMU33,2911,1790645443,0.0,5.3926,100.3672,0.0
DMU09,35,1790645441,11.0,4.1869,102.0532,0.0
SCS20,weekday_2119,1790645441,41.0,3.0836,101.596,0.0
DMU10(D6120),51,1790645438,23.0,4.8844,101.9697,0.0
ETS208,9442,1790645436,0.0,2.5073,102.8141,0.0
EMU31,2807,1790645420,0.0,4.607,101.0766,0.0
ETS308,9524,1790645399,90.0,1.9437568,103.35362,0.0
ETS303,9523,1790645398,90.0,2.589848,102.097626,0.0
ETS301,9425,1790645398,90.0,5.552379,100.50034,0.0
ETS304,9224,1790645398,90.0,4.119802,101.242065,0.0
ETS306,9323,1790645398,90.0,4.0959363,101.27019,0.0
EMU26,2815,1790645483,62.0,5.2829,100.4796,0.0
DMU10(D6120),51,1790645483,28.0,4.8819,101.9678,0.0
ETS208,9442,1790645481,71.0,2.5105,102.8101,0.0
SCS04,weekday_2131,1790645481,115.0,3.6371,101.5598,0.0
EMU31,2807,1790645480,0.0,4.607,101.0766,0.0
SCS05,weekday_2011,1790645476,0.0,3.0985,101.7051,0.0
EMU33,2911,1790645473,0.0,5.3927,100.3672,0.0
DMU13,53,1790645472,50.0,5.3431,102.1181,0.0
SCS08,weekday_2014,1790645471,41.0,3.1842,101.6893,0.0
SCS25,weekday_2012,1790645470,39.0,3.1925,101.6861,0.0
SCS09,weekday_2112,1790645470,103.0,3.6318,101.563,0.0
ETS213,9123,1790645470,128.0,3.7005,101.5015,0.0
SCS19,weekday_2010,1790645444,16.0,3.1407,101.6941,0.0
EMU23,2810,1790645468,0.0,5.1697,100.4796,0.0
ETS204,9343,1790645462,94.0,4.6166,101.0935,0.0
ETS207,9044,1790645462,74.0,3.2546,101.5547,0.0
DMU06,34,1790645462,52.0,2.7447,102.4791,0.0
EMU24,2812,1790645437,0.0,4.7762,100.9318,0.0
SCS20,weekday_2119,1790645441,41.0,3.0836,101.596,0.0
SCS23,2915,1790645438,106.0,5.9613,100.4467,0.0
ETS304,9224,1790645519,90.0,4.119802,101.242065,0.0
ETS308,9524,1790645519,90.0,1.979861,103.33385,0.0
ETS301,9425,1790645519,90.0,5.5117283,100.50688,0.0
ETS306,9323,1790645519,90.0,4.0603456,101.281395,0.0
ETS303,9523,1790645519,90.0,2.560096,102.12474,0.0
ETS304,9224,1790645519,90.0,4.119802,101.242065,0.0
ETS306,9323,1790645519,90.0,4.0603456,101.281395,0.0
ETS301,9425,1790645519,90.0,5.5117283,100.50688,0.0
ETS303,9523,1790645519,90.0,2.560096,102.12474,0.0
ETS308,9524,1790645519,90.0,1.979861,103.33385,0.0
EMU23,2810,1790645513,79.0,5.1744,100.4796,0.0
SCS08,weekday_2014,1790645511,46.0,3.1884,101.689,0.0
EMU31,2807,1790645510,0.0,4.607,101.0766,0.0
ETS207,9044,1790645507,68.0,3.2628,101.557,0.0
ETS215,9223,1790645507,132.0,4.9286,100.7178,0.0
SCS05,weekday_2011,1790645551,0.0,3.0985,101.7051,0.0
EMU23,2810,1790645558,116.0,5.1888,100.4795,0.0
SCS28,2809,1790645553,46.0,4.7751,100.8678,0.0
SCS07,weekday_2116,1790645552,107.0,3.3867,101.6251,0.0
ETS204,9343,1790645552,0.0,4.6086,101.0791,0.0
DMU06,34,1790645552,50.0,2.7548,102.4706,0.0
ETS213,9123,1790645560,0.0,3.685,101.5183,0.0
DMU10(D6120),51,1790645603,0.0,4.8791,101.9671,0.0
SCS23,2915,1790645603,114.0,5.9165,100.4675,0.0
EMU26,2815,1790645603,112.0,5.2511,100.4846,0.0
SCS20,weekday_2119,1790645602,17.0,3.0846,101.589,0.0
SCS04,weekday_2131,1790645601,117.0,3.6115,101.584,0.0
ETS208,9442,1790645601,132.0,2.5304,102.7849,0.0
ETS215,9223,1790645552,133.0,4.9132,100.7176,0.0
ETS207,9044,1790645552,62.0,3.2707,101.5599,0.0
SCS28,2809,1790645658,4.0,4.7722,100.8746,0.0
DMU06,34,1790645657,63.0,2.771,102.4653,0.0
ETS204,9343,1790645657,0.0,4.6006,101.0741,0.0
SCS07,weekday_2116,1790645657,100.0,3.4152,101.6265,0.0
ETS308,9524,1790645640,90.0,2.019861,103.32144,0.0
ETS306,9323,1790645640,90.0,4.021664,101.29047,0.0
ETS304,9224,1790645640,90.0,4.119802,101.242065,0.0
ETS303,9523,1790645640,90.0,2.5343432,102.15663,0.0
ETS301,9425,1790645640,90.0,5.4820657,100.498955,0.0
ETS207,9044,1790645657,0.0,3.2847,101.5685,0.0
ETS304,9224,1790645761,90.0,4.119802,101.242065,0.0
ETS308,9524,1790645761,90.0,2.035821,103.31793,0.0
ETS306,9323,1790645761,90.0,3.987757,101.311295,0.0
ETS301,9425,1790645761,90.0,5.481719,100.49886,0.0
ETS303,9523,1790645761,90.0,2.5002897,102.176315,0.0
SCS28,2809,1790645733,2.0,4.7722,100.8747,0.0
DMU06,34,1790645732,65.0,2.7799,102.4565,0.0
SCS07,weekday_2116,1790645732,109.0,3.4328,101.6326,0.0
SCS19,weekday_2013,1790645729,0.0,3.1347,101.6881,0.0
SCS09,weekday_2112,1790645725,41.0,3.6752,101.5279,0.0
ETS208,9442,1790645721,127.0,2.5546,102.7557,0.0
ETS304,9224,1790645761,90.0,4.119802,101.242065,0.0
ETS303,9523,1790645761,90.0,2.5002897,102.176315,0.0
ETS308,9524,1790645761,90.0,2.035821,103.31793,0.0
ETS306,9323,1790645761,90.0,3.987757,101.311295,0.0
ETS301,9425,1790645761,90.0,5.481719,100.49886,0.0
EMU24,2812,1790645759,67.0,4.7776,100.8603,0.0
SCS25,weekday_2012,1790645755,0.0,3.1815,101.6885,0.0
DMU10(D6120),51,1790645753,0.0,4.8791,101.9669,0.0
EMU26,2815,1790645753,112.0,5.2078,100.4889,0.0
SCS24,weekday_2007,1790645753,9.0,3.1436,101.6936,0.0
SCS23,2915,1790645753,114.0,5.8731,100.477,0.0
ETS208,9442,1790645751,125.0,2.5599,102.7468,0.0
SCS04,weekday_2131,1790645751,101.0,3.5823,101.6128,0.0
EMU31,2807,1790645750,4.0,4.599,101.0736,0.0
SCS28,2809,1790645733,2.0,4.7722,100.8747,0.0
ETS208,9442,1790645796,131.0,2.5675,102.7331,0.0
EMU31,2807,1790645795,0.0,4.5981,101.0732,0.0
SCS28,2809,1790645793,29.0,4.7715,100.879,0.0
ETS215,9223,1790645792,5.0,4.8532,100.7326,0.0
ETS204,9343,1790645792,0.0,4.5984,101.0734,0.0
ETS207,9044,1790645792,51.0,3.3101,101.5748,0.0
DMU06,34,1790645792,67.0,2.7852,102.448,0.0
SCS07,weekday_2116,1790645792,82.0,3.444,101.6383,0.0
SCS20,weekday_2119,1790645802,29.0,3.076,101.5686,0.0
DMU10(D6120),51,1790645798,0.0,4.879,101.967,0.0
SCS24,weekday_2007,1790645798,14.0,3.1452,101.6922,0.0
EMU26,2815,1790645798,108.0,5.1959,100.4825,0.0
SCS04,weekday_2131,1790645796,97.0,3.5713,101.6161,0.0
SCS07,weekday_2116,1790645897,40.0,3.4662,101.6374,0.0
ETS207,9044,1790645897,0.0,3.319,101.5748,0.0
ETS306,9323,1790645882,90.0,3.9540033,101.32758,0.0
ETS301,9425,1790645882,90.0,5.4701552,100.49677,0.0
ETS303,9523,1790645882,90.0,2.4603333,102.183876,0.0
ETS304,9224,1790645882,90.0,4.119802,101.242065,0.0
ETS308,9524,1790645882,90.0,2.037397,103.3175,0.0
EMU31,2807,1790645945,0.0,4.598,101.0732,0.0
EMU23,2810,1790645948,0.0,5.2864,100.4809,0.0
ETS208,9442,1790645946,0.0,2.5806,102.7073,0.0
DMU13,53,1790645937,9.0,5.3715,102.0854,0.0
ETS213,9123,1790645935,89.0,3.6437,101.5553,0.0
SCS09,weekday_2112,1790645935,0.0,3.6848,101.518,0.0
SCS05,weekday_2011,1790646031,0.0,3.0985,101.7051,0.0
ETS308,9524,1790646003,90.0,2.0700457,103.29821,0.0
ETS304,9224,1790646002,90.0,4.119802,101.242065,0.0
ETS306,9323,1790646002,90.0,3.9237487,101.3448,0.0
ETS301,9425,1790646002,90.0,5.4338465,100.48899,0.0
ETS303,9523,1790646002,90.0,2.457856,102.2023,0.0
SCS24,weekday_2007,1790645993,40.0,3.1648,101.6916,0.0
DMU10(D6120),51,1790645993,30.0,4.8785,101.9665,0.0
SCS23,2915,1790645993,13.0,5.8235,100.4781,0.0
EMU26,2815,1790645993,37.0,5.1688,100.4798,0.0
SCS04,weekday_2131,1790645991,4.0,3.5525,101.6396,0.0
ETS208,9442,1790645991,52.0,2.5812,102.7042,0.0
EMU31,2807,1790645990,0.0,4.5979,101.0731,0.0
SCS28,2809,1790645988,89.0,4.7745,100.9245,0.0
EMU24,2812,1790645979,112.0,4.776,100.8239,0.0
DMU06,34,1790645972,63.0,2.7979,102.4214,0.0
ETS204,9343,1790645972,132.0,4.5684,101.0622,0.0
SCS07,weekday_2116,1790645972,6.0,3.4679,101.6377,0.0
SCS24,weekday_2007,1790646083,16.0,3.1675,101.6878,0.0
ETS208,9442,1790646081,90.0,2.5838,102.6857,0.0
SCS08,weekday_2014,1790646071,42.0,3.2351,101.6805,0.0
SCS28,2809,1790646033,10.0,4.7759,100.9312,0.0
EMU23,2810,1790646148,118.0,5.3281,100.4699,0.0
EMU31,2807,1790646125,0.0,4.5979,101.0731,0.0
ETS303,9523,1790646123,90.0,2.4653373,102.223434,0.0
ETS308,9524,1790646123,90.0,2.102874,103.273056,0.0
ETS301,9425,1790646123,90.0,5.3972683,100.47249,0.0
ETS304,9224,1790646123,90.0,4.119802,101.242065,0.0
ETS306,9323,1790646123,90.0,3.895267,101.3645,0.0
ETS208,9442,1790646171,135.0,2.5844,102.6565,0.0
DMU03,52,1790646212,4.0,5.3903,102.0649,0.0
SCS08,weekday_2014,1790646211,0.0,3.2384,101.6812,0.0
SCS19,weekday_2013,1790646209,0.0,3.1181,101.6789,0.0
SCS10,weekday_2120,1790646208,24.0,3.2569,101.5546,0.0
EMU26,2815,1790646188,0.0,5.1308,100.4862,0.0
DMU13,53,1790646207,6.0,5.374,102.0841,0.0
ETS213,9123,1790646205,98.0,3.5936,101.6055,0.0
SCS23,2915,1790646188,117.0,5.7755,100.4921,0.0
DMU10(D6120),51,1790646188,37.0,4.8493,101.9806,0.0
SCS24,weekday_2007,1790646173,20.0,3.1711,101.6851,0.0
ETS304,9224,1790646244,90.0,4.119802,101.242065,0.0
ETS303,9523,1790646244,90.0,2.4633658,102.22691,0.0
ETS301,9425,1790646244,90.0,5.3723106,100.46938,0.0
ETS306,9323,1790646244,90.0,3.869439,101.38004,0.0
ETS308,9524,1790646244,90.0,2.1375446,103.25404,0.0
EMU24,2812,1790646239,110.0,4.7936,100.7554,0.0
SCS08,weekday_2014,1790646238,0.0,3.2384,101.6812,0.0
SCS10,weekday_2120,1790646238,0.0,3.2575,101.5546,0.0
DMU13,53,1790646237,7.0,5.3733,102.0845,0.0
ETS213,9123,1790646235,117.0,3.5865,101.6104,0.0
EMU26,2815,1790646233,38.0,5.1293,100.4865,0.0
SCS23,2915,1790646233,117.0,5.7628,100.4974,0.0
ETS208,9442,1790646231,7.0,2.5841,102.6407,0.0
SCS04,weekday_2131,1790646231,95.0,3.5082,101.633,0.0
EMU31,2807,1790646230,0.0,4.5979,101.0731,0.0
SCS20,weekday_2119,1790646222,0.0,3.0567,101.5259,0.0
SCS28,2809,1790646213,115.0,4.7996,100.9399,0.0
DMU06,34,1790646212,0.0,2.8115,102.4037,0.0
ETS204,9343,1790646212,32.0,4.5257,101.0507,0.0
SCS07,weekday_2116,1790646212,0.0,3.4996,101.6342,0.0
ETS215,9223,1790646212,130.0,4.7814,100.7829,0.0
SCS05,weekday_2011,1790646316,0.0,3.0985,101.7051,0.0
DMU09,35,1790646281,62.0,4.1747,102.1615,0.0
EMU31,2807,1790646275,0.0,4.5979,101.0731,0.0
ETS207,9044,1790646212,22.0,3.3334,101.5705,0.0
ETS208,9442,1790646201,131.0,2.5848,102.6459,0.0
SCS28,2809,1790646183,117.0,4.7913,100.9362,0.0
ETS204,9343,1790646182,76.0,4.5302,101.0516,0.0
EMU24,2812,1790646179,112.0,4.7847,100.7714,0.0
ETS306,9323,1790646365,90.0,3.841369,101.39389,0.0
ETS308,9524,1790646365,90.0,2.1666467,103.22621,0.0
ETS304,9224,1790646364,90.0,4.119802,101.242065,0.0
ETS301,9425,1790646364,90.0,5.3598485,100.46792,0.0
ETS303,9523,1790646364,90.0,2.4591541,102.242935,0.0
ETS204,9343,1790646377,129.0,4.491,101.0441,0.0
ETS212,9225,1790646366,0.0,6.6642,100.3205,0.0
DMU06,34,1790646377,0.0,2.8114,102.4036,0.0
DMU03,52,1790646362,28.0,5.39,102.0748,0.0
EMU26,2815,1790646429,116.0,5.0785,100.5009,0.0
ETS212,9225,1790646426,0.0,6.6642,100.3205,0.0
SCS04,weekday_2131,1790646426,94.0,3.4773,101.6393,0.0
SCS20,weekday_2119,1790646422,31.0,3.052,101.4996,0.0
SCS28,2809,1790646453,114.0,4.8441,100.9863,0.0
SCS07,weekday_2116,1790646452,75.0,3.5468,101.6388,0.0
ETS204,9343,1790646452,101.0,4.4705,101.0431,0.0
ETS213,9123,1790646415,75.0,3.5587,101.637,0.0
SCS05,weekday_2011,1790646511,0.0,3.0985,101.7051,0.0
ETS304,9224,1790646485,90.0,4.119802,101.242065,0.0
ETS306,9323,1790646485,90.0,3.812594,101.41565,0.0
ETS301,9425,1790646485,90.0,5.3474116,100.46892,0.0
ETS303,9523,1790646485,90.0,2.4581785,102.27959,0.0
ETS308,9524,1790646485,90.0,2.187825,103.19429,0.0
SCS10,weekday_2120,1790646478,70.0,3.2857,101.5692,0.0
ETS213,9123,1790646475,77.0,3.5456,101.638,0.0
EMU26,2815,1790646474,117.0,5.0665,100.5073,0.0
SCS23,2915,1790646473,114.0,5.6946,100.5074,0.0
SCS04,weekday_2131,1790646471,47.0,3.4693,101.6379,0.0
ETS212,9225,1790646471,26.0,6.6595,100.3162,0.0
ETS208,9442,1790646471,60.0,2.5801,102.6157,0.0
EMU31,2807,1790646470,0.0,4.5978,101.0732,0.0
SCS20,weekday_2119,1790646462,35.0,3.0523,101.4959,0.0
ETS207,9044,1790646452,76.0,3.366,101.599,0.0
ETS215,9223,1790646452,117.0,4.7773,100.8621,0.0
SCS28,2809,1790646453,114.0,4.8441,100.9863,0.0
ETS204,9343,1790646452,101.0,4.4705,101.0431,0.0
SCS07,weekday_2116,1790646452,75.0,3.5468,101.6388,0.0
ETS204,9343,1790646512,32.0,4.461,101.049,0.0
DMU03,52,1790646557,12.0,5.3758,102.0832,0.0
SCS20,weekday_2119,1790646522,0.0,3.0523,101.4935,0.0
EMU31,2807,1790646515,0.0,4.5978,101.0732,0.0
SCS28,2809,1790646513,114.0,4.8434,101.0039,0.0
SCS07,weekday_2116,1790646512,0.0,3.5526,101.6395,0.0
DMU06,34,1790646512,0.0,2.8116,102.4036,0.0
ETS215,9223,1790646512,32.0,4.7723,100.8739,0.0
ETS207,9044,1790646512,116.0,3.3734,101.6118,0.0
ETS301,9425,1790646606,90.0,5.3279886,100.47077,0.0
SCS28,2809,1790646618,115.0,4.8265,101.0298,0.0
ETS204,9343,1790646617,1.0,4.4602,101.0492,0.0
SCS08,weekday_2014,1790646614,0.0,3.2386,101.6813,0.0
DMU03,52,1790646617,9.0,5.3737,102.0842,0.0
SCS07,weekday_2116,1790646617,91.0,3.5616,101.6308,0.0
DMU06,34,1790646617,0.0,2.8116,102.4038,0.0
SCS05,weekday_2011,1790646616,0.0,3.0985,101.7051,0.0
ETS308,9524,1790646606,90.0,2.191086,103.19097,0.0
ETS306,9323,1790646606,90.0,3.7845342,101.436386,0.0
ETS304,9224,1790646606,90.0,4.119802,101.242065,0.0
ETS303,9523,1790646606,90.0,2.4542441,102.32001,0.0
ETS212,9225,1790646666,137.0,6.641,100.2861,0.0
SCS04,weekday_2131,1790646666,110.0,3.4364,101.6355,0.0
ETS208,9442,1790646666,89.0,2.5753,102.5989,0.0
EMU31,2807,1790646665,0.0,4.5978,101.0732,0.0
SCS20,weekday_2119,1790646662,55.0,3.0514,101.477,0.0
EMU26,2815,1790646669,0.0,5.0287,100.5273,0.0
DMU10(D6120),51,1790646668,70.0,4.7922,102.0138,0.0
SCS23,2915,1790646668,64.0,5.6446,100.4903,0.0
DMU03,52,1790646692,0.0,5.3719,102.0852,0.0
SCS07,weekday_2116,1790646692,97.0,3.5716,101.6159,0.0
ETS215,9223,1790646692,102.0,4.7766,100.9089,0.0
ETS204,9343,1790646692,0.0,4.4602,101.0492,0.0
SCS05,weekday_2018,1790646751,14.0,3.0987,101.7049,0.0
ETS308,9524,1790646727,90.0,2.2117739,103.173134,0.0
ETS306,9323,1790646727,90.0,3.752238,101.44425,0.0
ETS304,9224,1790646727,90.0,4.119802,101.242065,0.0
ETS303,9523,1790646727,90.0,2.4611943,102.361206,0.0
ETS301,9425,1790646726,90.0,5.2917776,100.4839,0.0
SCS19,weekday_2013,1790646719,0.0,3.1079,101.6933,0.0
SCS10,weekday_2120,1790646718,0.0,3.3191,101.5748,0.0
SCS22,weekday_2130,1790646717,14.0,3.0035,101.3922,0.0
DMU13,53,1790646717,0.0,5.372,102.0852,0.0
DMU09,35,1790646716,35.0,4.1195,102.1995,0.0
ETS213,9123,1790646715,90.0,3.4976,101.6346,0.0
EMU26,2815,1790646714,60.0,5.0265,100.5285,0.0
SCS04,weekday_2131,1790646711,79.0,3.4282,101.6291,0.0
ETS208,9442,1790646711,92.0,2.5783,102.5892,0.0
EMU31,2807,1790646710,0.0,4.5978,101.0732,0.0
SCS20,weekday_2119,1790646702,36.0,3.0485,101.4736,0.0
DMU06,34,1790646692,0.0,2.8116,102.4038,0.0
SCS23,2915,1790646713,0.0,5.6424,100.49,0.0
ETS212,9225,1790646711,132.0,6.6314,100.2733,0.0
SCS28,2809,1790646798,0.0,4.8234,101.0633,0.0
SCS07,weekday_2116,1790646797,94.0,3.5952,101.6043,0.0
ETS204,9343,1790646797,35.0,4.4515,101.0534,0.0
DMU06,34,1790646797,0.0,2.8116,102.4038,0.0
SCS20,weekday_2119,1790646762,58.0,3.04,101.4724,0.0
SCS04,weekday_2131,1790646756,90.0,3.42,101.6248,0.0
EMU31,2807,1790646755,0.0,4.5978,101.0732,0.0
DMU03,52,1790646857,30.0,5.3646,102.0895,0.0
ETS308,9524,1790646848,90.0,2.2471414,103.15201,0.0
DMU06,34,1790646857,0.0,2.8116,102.4038,0.0
ETS304,9224,1790646847,90.0,4.119802,101.242065,0.0
ETS306,9323,1790646847,90.0,3.7368174,101.456566,0.0
SCS07,weekday_2116,1790646857,103.0,3.6023,101.5912,0.0
ETS207,9044,1790646857,121.0,3.4569,101.6391,0.0
ETS303,9523,1790646847,90.0,2.4642153,102.401764,0.0
ETS301,9425,1790646847,90.0,5.2586346,100.483475,0.0
SCS05,weekday_2018,1790646856,73.0,3.1106,101.69,0.0
EMU24,2812,1790646851,0.0,4.8961,100.7194,0.0
DMU10(D6120),51,1790646893,78.0,4.7515,102.0141,0.0
SCS23,2915,1790646893,113.0,5.6068,100.4953,0.0
SCS05,weekday_2018,1790646901,44.0,3.113,101.6824,0.0
EMU26,2815,1790646894,113.0,5.0355,100.5711,0.0
ETS208,9442,1790646906,117.0,2.5715,102.5458,0.0
ETS216,9226,1790646901,0.0,3.1417,101.6936,0.0
SCS10,weekday_2120,1790646898,63.0,3.3324,101.57,0.0
EMU24,2812,1790646931,97.0,4.9062,100.7183,0.0
ETS213,9123,1790646925,115.0,3.4392,101.6373,0.0
SCS08,weekday_2014,1790646942,0.0,3.2386,101.6813,0.0
ETS309,9326,1790646968,90.0,0.0027284583,0.0154984975,0.0
ETS308,9524,1790646968,90.0,2.2849896,103.13779,0.0
ETS303,9523,1790646968,90.0,2.4738216,102.41697,0.0
ETS301,9425,1790646968,90.0,5.2179747,100.49245,0.0
ETS304,9224,1790646968,90.0,4.119802,101.242065,0.0
ETS306,9323,1790646968,90.0,3.7168665,101.47435,0.0
SCS19,weekday_2013,1790646944,17.0,3.1007,101.7023,0.0
SCS10,weekday_2120,1790646943,78.0,3.3396,101.5726,0.0
SCS20,weekday_2119,1790646942,70.0,3.0343,101.461,0.0
DMU09,35,1790646941,53.0,4.1026,102.2005,0.0
ETS213,9123,1790646940,108.0,3.4355,101.6349,0.0
SCS22,weekday_2130,1790646940,0.0,3.014,101.4033,0.0
EMU26,2815,1790646939,114.0,5.0429,100.5824,0.0
SCS23,2915,1790646938,115.0,5.5936,100.4931,0.0
DMU10(D6120),51,1790646938,66.0,4.7425,102.0131,0.0
SCS04,weekday_2131,1790646936,47.0,3.3769,101.6152,0.0
ETS208,9442,1790646936,132.0,2.5671,102.5361,0.0
ETS212,9225,1790646936,134.0,6.5571,100.2599,0.0
EMU31,2807,1790646935,0.0,4.5978,101.0732,0.0
ETS207,9044,1790646932,75.0,3.4758,101.639,0.0
SCS07,weekday_2116,1790646932,113.0,3.6179,101.5768,0.0
DMU06,34,1790646932,0.0,2.8116,102.4038,0.0
SCS22,weekday_2130,1790647045,0.0,3.014,101.4033,0.0
EMU24,2812,1790647031,121.0,4.9359,100.7196,0.0
SCS07,weekday_2116,1790647052,21.0,3.6284,101.5658,0.0
ETS215,9223,1790647052,136.0,4.8148,100.9516,0.0
DMU03,52,1790647052,67.0,5.3563,102.1097,0.0
DMU06,34,1790647052,47.0,2.8145,102.3999,0.0
SCS05,weekday_2018,1790647036,5.0,3.1139,101.681,0.0
DMU09,35,1790647016,65.0,4.0928,102.2071,0.0
ETS213,9123,1790647015,89.0,3.423,101.6253,0.0
ETS208,9442,1790647011,136.0,2.5535,102.5148,0.0
SCS28,2809,1790647098,115.0,4.8019,101.0881,0.0
SCS04,weekday_2131,1790647086,86.0,3.3662,101.5995,0.0
ETS215,9223,1790647097,133.0,4.8304,100.9531,0.0
SCS07,weekday_2116,1790647097,26.0,3.6308,101.5638,0.0
ETS208,9442,1790647056,140.0,2.5412,102.5045,0.0
EMU31,2807,1790647055,0.0,4.5978,101.0732,0.0
SCS08,weekday_2014,1790647054,0.0,3.2386,101.6813,0.0
ETS306,9323,1790647089,90.0,3.6988032,101.50364,0.0
ETS308,9524,1790647089,90.0,2.29712,103.13028,0.0
ETS303,9523,1790647089,90.0,2.4759874,102.4215,0.0
ETS301,9425,1790647089,90.0,5.180118,100.48023,0.0
ETS309,9326,1790647089,90.0,0.0027284583,0.0154984975,0.0
ETS304,9224,1790647089,90.0,4.119802,101.242065,0.0
SCS04,weekday_2131,1790647131,24.0,3.3645,101.5941,0.0
ETS208,9442,1790647131,149.0,2.5186,102.4904,0.0
ETS204,9343,1790647172,127.0,4.3799,101.0928,0.0
EMU26,2815,1790647175,112.0,5.0408,100.6533,0.0
SCS22,weekday_2130,1790647135,52.0,3.0168,101.4063,0.0
ETS309,9326,1790647210,90.0,0.0027284583,0.0154984975,0.0
ETS308,9524,1790647210,90.0,2.3102276,103.12213,0.0
ETS304,9224,1790647209,90.0,4.119802,101.242065,0.0
ETS306,9323,1790647209,90.0,3.6837025,101.5195,0.0
ETS301,9425,1790647209,90.0,5.139566,100.4849,0.0
ETS303,9523,1790647209,90.0,2.4938626,102.44762,0.0
SCS28,2809,1790647173,115.0,4.7828,101.0999,0.0
DMU03,52,1790647172,47.0,5.3438,102.1181,0.0
ETS207,9044,1790647172,89.0,3.5324,101.6327,0.0
ETS215,9223,1790647172,134.0,4.8417,100.9761,0.0
SCS07,weekday_2116,1790647172,24.0,3.6355,101.5606,0.0
DMU06,34,1790647172,57.0,2.8306,102.392,0.0
DMU03,52,1790647292,10.0,5.3296,102.1215,0.0
DMU13,53,1790647287,44.0,5.3833,102.0797,0.0
SCS23,2915,1790647268,114.0,5.4966,100.5019,0.0
EMU24,2812,1790647295,110.0,5.0138,100.7305,0.0
EMU26,2815,1790647295,115.0,5.0394,100.6894,0.0
SCS28,2809,1790647293,115.0,4.7529,101.119,0.0
ETS212,9225,1790647266,124.0,6.4497,100.2625,0.0
ETS208,9442,1790647266,121.0,2.4979,102.4532,0.0
EMU31,2807,1790647265,0.0,4.5978,101.0732,0.0
SCS04,weekday_2131,1790647266,96.0,3.3549,101.5716,0.0
DMU09,35,1790647286,73.0,4.0778,102.2556,0.0
ETS213,9123,1790647285,37.0,3.3657,101.5979,0.0
ETS215,9223,1790647337,124.0,4.828,101.0274,0.0
ETS207,9044,1790647337,114.0,3.5642,101.6246,0.0
ETS216,9226,1790647336,0.0,3.1417,101.6936,0.0
SCS05,weekday_2018,1790647336,23.0,3.1264,101.6788,0.0
SCS08,weekday_2015,1790647326,72.0,3.2311,101.6754,0.0
SCS07,weekday_2116,1790647337,17.0,3.6448,101.5542,0.0
DMU03,52,1790647337,0.0,5.3294,102.1217,0.0
DMU06,34,1790647337,54.0,2.8547,102.3837,0.0
ETS204,9343,1790647337,134.0,4.335,101.1256,0.0
ETS304,9224,1790647330,90.0,4.119802,101.242065,0.0
ETS306,9323,1790647330,90.0,3.678792,101.524826,0.0
ETS309,9326,1790647330,90.0,1.5358782,103.725784,0.0
ETS301,9425,1790647330,90.0,5.1292415,100.48705,0.0
ETS303,9523,1790647330,90.0,2.5102262,102.48605,0.0
ETS308,9524,1790647330,90.0,2.3306282,103.08825,0.0
EMU24,2812,1790647295,110.0,5.0138,100.7305,0.0
SCS28,2809,1790647293,115.0,4.7529,101.119,0.0
ETS215,9223,1790647412,122.0,4.8264,101.0509,0.0
SCS20,weekday_2119,1790647402,0.0,3.0369,101.4555,0.0
ETS212,9225,1790647371,0.0,6.4322,100.2685,0.0
SCS04,weekday_2131,1790647371,67.0,3.3322,101.57,0.0
SCS08,weekday_2015,1790647365,93.0,3.2231,101.6726,0.0
ETS215,9223,1790647412,122.0,4.8264,101.0509,0.0
DMU10(D6120),51,1790647478,62.0,4.6823,102.0022,0.0
ETS208,9442,1790647476,4.0,2.4741,102.4163,0.0
ETS212,9225,1790647476,0.0,6.4323,100.2681,0.0
SCS04,weekday_2131,1790647476,51.0,3.3217,101.5737,0.0
EMU31,2807,1790647475,0.0,4.5978,101.0732,0.0
ETS204,9343,1790647472,50.0,4.3038,101.1521,0.0
ETS309,9326,1790647451,90.0,1.5365795,103.72441,0.0
ETS306,9323,1790647451,90.0,3.6574929,101.54065,0.0
ETS304,9224,1790647451,90.0,4.119802,101.242065,0.0
ETS303,9523,1790647451,90.0,2.543926,102.508286,0.0
ETS308,9524,1790647451,90.0,2.3579657,103.05558,0.0
ETS301,9425,1790647450,90.0,5.127863,100.487335,0.0
EMU26,2815,1790647415,113.0,5.0241,100.7212,0.0
ETS216,9226,1790647529,0.0,3.1417,101.6936,0.0
SCS23,2915,1790647478,115.0,5.4648,100.4964,0.0
SCS19,weekday_2013,1790647529,0.0,3.0978,101.706,0.0
SCS10,weekday_2120,1790647528,94.0,3.4234,101.6254,0.0
DMU13,53,1790647527,0.0,5.3903,102.065,0.0
DMU09,35,1790647526,49.0,4.0738,102.2774,0.0
SCS05,weekday_2018,1790647516,0.0,3.1323,101.6835,0.0
SCS08,weekday_2015,1790647505,61.0,3.2112,101.6721,0.0
SCS20,weekday_2119,1790647482,22.0,3.0384,101.4544,0.0
ETS213,9123,1790647480,90.0,3.359,101.5717,0.0
SCS22,weekday_2130,1790647480,0.0,3.0408,101.4321,0.0
ETS215,9223,1790647502,9.0,4.8237,101.0626,0.0
DMU10(D6120),51,1790647478,62.0,4.6823,102.0022,0.0
ETS212,9225,1790647476,0.0,6.4323,100.2681,0.0
ETS208,9442,1790647476,4.0,2.4741,102.4163,0.0
SCS04,weekday_2131,1790647476,51.0,3.3217,101.5737,0.0
EMU31,2807,1790647475,0.0,4.5978,101.0732,0.0
ETS304,9224,1790647571,90.0,4.119802,101.242065,0.0
ETS303,9523,1790647571,90.0,2.5685828,102.54115,0.0
ETS308,9524,1790647571,90.0,2.3802884,103.02497,0.0
ETS306,9323,1790647571,90.0,3.6331336,101.562386,0.0
ETS301,9425,1790647571,90.0,5.0959663,100.49392,0.0
ETS309,9326,1790647571,90.0,0.0027284583,0.0154984975,0.0
ETS215,9223,1790647652,95.0,4.8154,101.0759,0.0
DMU03,52,1790647652,13.0,5.3167,102.1362,0.0
SCS20,weekday_2119,1790647642,0.0,3.0426,101.4512,0.0
DMU13,53,1790647617,19.0,5.3904,102.064,0.0
DMU09,35,1790647616,60.0,4.0674,102.2899,0.0
ETS213,9123,1790647615,53.0,3.3324,101.5702,0.0
SCS07,weekday_2116,1790647652,42.0,3.679,101.5243,0.0
ETS207,9044,1790647652,55.0,3.6241,101.5695,0.0
SCS19,weekday_2013,1790647619,0.0,3.0978,101.706,0.0
ETS216,9226,1790647619,0.0,3.1417,101.6936,0.0
SCS10,weekday_2120,1790647618,81.0,3.4409,101.6377,0.0
SCS22,weekday_2130,1790647615,0.0,3.044,101.4355,0.0
EMU24,2812,1790647615,123.0,5.0416,100.6465,0.0
DMU10(D6120),51,1790647613,76.0,4.6559,101.9969,0.0
DMU06,34,1790647607,52.0,2.8938,102.3832,0.0
SCS07,weekday_2116,1790647652,42.0,3.679,101.5243,0.0
ETS304,9224,1790647692,90.0,4.119802,101.242065,0.0
ETS306,9323,1790647692,90.0,3.6089447,101.5868,0.0
ETS309,9326,1790647692,90.0,0.0027284583,0.0154984975,0.0
ETS301,9425,1790647692,90.0,5.058511,100.51166,0.0
ETS303,9523,1790647692,90.0,2.5806618,102.56379,0.0
ETS308,9524,1790647692,90.0,2.3829885,103.0214,0.0
EMU26,2815,1790647655,113.0,4.9566,100.7251,0.0
SCS08,weekday_2015,1790647654,9.0,3.2052,101.6754,0.0
ETS204,9343,1790647652,68.0,4.2935,101.1612,0.0
DMU06,34,1790647652,58.0,2.9003,102.3851,0.0
SCS22,weekday_2130,1790647720,55.0,3.0467,101.4398,0.0
ETS215,9223,1790647652,95.0,4.8154,101.0759,0.0
ETS207,9044,1790647652,55.0,3.6241,101.5695,0.0
ETS216,9226,1790647724,0.0,3.1417,101.6936,0.0
SCS22,weekday_2130,1790647720,55.0,3.0467,101.4398,0.0
ETS213,9123,1790647765,85.0,3.3133,101.5749,0.0
ETS204,9343,1790647742,0.0,4.273,101.1687,0.0
SCS19,weekday_2013,1790647769,0.0,3.0978,101.706,0.0
DMU03,52,1790647757,14.0,5.3149,102.1401,0.0
EMU24,2812,1790647749,114.0,5.0441,100.6052,0.0
DMU06,34,1790647742,54.0,2.913,102.3868,0.0
EMU31,2807,1790647745,0.0,4.5978,101.0732,0.0
SCS28,2809,1790647743,116.0,4.6353,101.1075,0.0
SCS10,weekday_2120,1790647723,58.0,3.4653,101.6373,0.0
ETS208,9442,1790647806,136.0,2.4555,102.3254,0.0
ETS303,9523,1790647813,90.0,2.57843,102.58963,0.0
ETS308,9524,1790647813,90.0,2.3890922,103.01514,0.0
SCS05,weekday_2018,1790647816,0.0,3.1402,101.6937,0.0
SCS08,weekday_2015,1790647814,40.0,3.1956,101.6836,0.0
SCS23,2915,1790647808,110.0,5.3707,100.4682,0.0
ETS212,9225,1790647806,131.0,6.3479,100.3199,0.0
SCS04,weekday_2131,1790647806,0.0,3.3187,101.5749,0.0
EMU31,2807,1790647805,0.0,4.5978,101.0732,0.0
ETS309,9326,1790647813,90.0,1.5908511,103.65505,0.0
ETS304,9224,1790647813,90.0,4.119802,101.242065,0.0
ETS306,9323,1790647813,90.0,3.590212,101.60807,0.0
ETS301,9425,1790647812,90.0,5.0214767,100.53196,0.0
DMU10(D6120),51,1790647853,76.0,4.6285,101.9901,0.0
SCS20,weekday_2119,1790647842,0.0,3.0426,101.4512,0.0
SCS22,weekday_2130,1790647855,0.0,3.0425,101.4514,0.0
ETS213,9123,1790647855,77.0,3.2923,101.5739,0.0
DMU09,35,1790647856,67.0,4.0387,102.3178,0.0
ETS208,9442,1790647851,135.0,2.4545,102.3102,0.0
SCS23,2915,1790647853,47.0,5.3606,100.467,0.0
ETS212,9225,1790647851,128.0,6.3357,100.3291,0.0
SCS05,weekday_2018,1790647891,20.0,3.141,101.694,0.0
SCS04,weekday_2131,1790647851,0.0,3.3187,101.5749,0.0
EMU31,2807,1790647850,0.0,4.5978,101.0732,0.0
ETS309,9326,1790647933,90.0,1.627864,103.64116,0.0
ETS301,9425,1790647933,90.0,5.0311995,100.56705,0.0
ETS303,9523,1790647933,90.0,2.5781853,102.61094,0.0
ETS306,9323,1790647933,90.0,3.5655608,101.62269,0.0
ETS304,9224,1790647933,90.0,4.119802,101.242065,0.0
ETS308,9524,1790647933,90.0,2.4257903,102.999146,0.0
SCS04,weekday_2131,1790647956,56.0,3.3071,101.575,0.0
ETS215,9223,1790647892,132.0,4.7488,101.1208,0.0
ETS212,9225,1790647956,124.0,6.3066,100.3462,0.0
ETS215,9223,1790647982,132.0,4.7178,101.1226,0.0
EMU24,2812,1790648009,110.0,5.0197,100.5354,0.0
EMU26,2815,1790648008,115.0,4.8783,100.7223,0.0
DMU09,35,1790648006,58.0,4.014,102.3221,0.0
ETS213,9123,1790648005,81.0,3.2666,101.5592,0.0
SCS22,weekday_2130,1790648005,81.0,3.0346,101.4597,0.0
SCS28,2809,1790647983,11.0,4.5984,101.0736,0.0
ETS204,9343,1790647982,129.0,4.1969,101.1838,0.0
ETS207,9044,1790647982,18.0,3.641,101.5572,0.0
DMU03,52,1790647982,25.0,5.307,102.1558,0.0
EMU31,2807,1790647985,0.0,4.5978,101.0732,0.0
SCS05,weekday_2018,1790647981,43.0,3.1468,101.6911,0.0
SCS04,weekday_2131,1790647956,56.0,3.3071,101.575,0.0
ETS208,9442,1790647956,133.0,2.4584,102.2741,0.0
SCS23,2915,1790647958,41.0,5.3625,100.4596,0.0
DMU10(D6120),51,1790647958,72.0,4.6087,101.9856,0.0
ETS301,9425,1790648054,90.0,5.0428796,100.60711,0.0
ETS308,9524,1790648054,90.0,2.4559925,102.97119,0.0
ETS303,9523,1790648054,90.0,2.579206,102.61468,0.0
SCS08,weekday_2015,1790648047,48.0,3.1797,101.6877,0.0
SCS04,weekday_2131,1790648046,90.0,3.2884,101.571,0.0
ETS304,9224,1790648054,90.0,4.119802,101.242065,0.0
ETS306,9323,1790648054,90.0,3.5470185,101.64028,0.0
ETS309,9326,1790648054,90.0,1.6556823,103.61152,0.0
SCS23,2915,1790648048,3.0,5.3664,100.4473,0.0
ETS208,9442,1790648046,124.0,2.4596,102.2432,0.0
DMU13,53,1790648127,9.0,5.3796,102.033,0.0
SCS08,weekday_2015,1790648127,17.0,3.1741,101.6849,0.0
ETS213,9123,1790648125,69.0,3.2501,101.5562,0.0
SCS10,weekday_2120,1790648098,67.0,3.5088,101.6329,0.0
DMU09,35,1790648096,67.0,4.0006,102.3211,0.0
SCS04,weekday_2131,1790648091,68.0,3.2811,101.5659,0.0
DMU10(D6120),51,1790648123,69.0,4.5785,101.9881,0.0
SCS20,weekday_2119,1790648122,61.0,3.0366,101.4277,0.0
ETS204,9343,1790648087,0.0,4.1755,101.1896,0.0
DMU03,52,1790648087,9.0,5.3082,102.1574,0.0
ETS207,9044,1790648087,21.0,3.646,101.5531,0.0
ETS301,9425,1790648175,90.0,5.040572,100.6493,0.0
ETS303,9523,1790648175,90.0,2.5789618,102.613945,0.0
ETS308,9524,1790648175,90.0,2.47185,102.93398,0.0
ETS309,9326,1790648175,90.0,0.0027284583,0.0154984975,0.0
ETS304,9224,1790648175,90.0,4.119802,101.242065,0.0
ETS306,9323,1790648175,90.0,3.5259764,101.63076,0.0
ETS208,9442,1790648196,0.0,2.4632,102.2268,0.0
SCS28,2809,1790648133,0.0,4.5981,101.0734,0.0
DMU10(D6120),51,1790648198,81.0,4.5633,101.9868,0.0
SCS23,2915,1790648198,81.0,5.366,100.4391,0.0
EMU24,2812,1790648229,121.0,5.0512,100.5153,0.0
SCS28,2809,1790648223,0.0,4.5981,101.0734,0.0
DMU06,34,1790648222,55.0,2.981,102.3928,0.0
ETS207,9044,1790648222,114.0,3.6571,101.5406,0.0
EMU26,2815,1790648218,58.0,4.8515,100.7308,0.0
ETS213,9123,1790648215,110.0,3.2306,101.5598,0.0
SCS22,weekday_2130,1790648245,49.0,3.0515,101.4772,0.0
ETS216,9226,1790648249,0.0,3.1417,101.6936,0.0
DMU09,35,1790648246,15.0,3.9918,102.3324,0.0
ETS208,9442,1790648226,0.0,2.4629,102.2269,0.0
SCS10,weekday_2120,1790648203,91.0,3.531,101.6319,0.0
SCS20,weekday_2119,1790648202,27.0,3.0342,101.4251,0.0
SCS20,weekday_2119,1790648302,57.0,3.0263,101.4165,0.0
SCS23,2915,1790648303,0.0,5.3648,100.4207,0.0
ETS212,9225,1790648301,140.0,6.1925,100.3697,0.0
SCS28,2809,1790648298,0.0,4.5981,101.0734,0.0
DMU06,34,1790648297,54.0,2.9908,102.3901,0.0
ETS304,9224,1790648296,90.0,4.119802,101.242065,0.0
ETS306,9323,1790648296,90.0,3.4977717,101.63538,0.0
ETS309,9326,1790648296,90.0,0.0027284583,0.0154984975,0.0
ETS303,9523,1790648296,90.0,2.5818086,102.62671,0.0
ETS308,9524,1790648296,90.0,2.4823644,102.89701,0.0
ETS301,9425,1790648295,90.0,5.0383267,100.690384,0.0
ETS207,9044,1790648297,76.0,3.6731,101.5292,0.0
ETS208,9442,1790648301,0.0,2.4631,102.2269,0.0
SCS04,weekday_2131,1790648301,53.0,3.2648,101.5583,0.0
ETS204,9343,1790648297,131.0,4.15,101.2008,0.0
SCS05,weekday_2018,1790648296,13.0,3.1661,101.6902,0.0
EMU31,2807,1790648300,0.0,4.5978,101.0731,0.0
SCS08,weekday_2015,1790648337,0.0,3.166,101.6903,0.0
ETS213,9123,1790648335,33.0,3.2084,101.5758,0.0
SCS23,2915,1790648333,0.0,5.3648,100.4207,0.0
ETS212,9225,1790648331,128.0,6.184,100.3743,0.0
SCS20,weekday_2119,1790648322,62.0,3.024,101.4141,0.0
ETS207,9044,1790648312,75.0,3.6755,101.5275,0.0
DMU06,34,1790648312,52.0,2.993,102.3899,0.0
DMU09,35,1790648336,65.0,3.9809,102.3377,0.0
SCS22,weekday_2130,1790648335,31.0,3.0524,101.4897,0.0
ETS208,9442,1790648331,0.0,2.4633,102.2267,0.0
SCS04,weekday_2131,1790648331,11.0,3.2625,101.5568,0.0
EMU31,2807,1790648330,0.0,4.5978,101.0731,0.0
DMU10(D6120),51,1790648318,64.0,4.541,101.9801,0.0
ETS204,9343,1790648312,130.0,4.146,101.2039,0.0
SCS20,weekday_2119,1790648402,0.0,3.021,101.4109,0.0
SCS05,weekday_2018,1790648401,22.0,3.1708,101.6851,0.0
ETS308,9524,1790648417,90.0,2.487632,102.85857,0.0
ETS309,9326,1790648417,90.0,0.0027284583,0.0154984975,0.0
ETS303,9523,1790648416,90.0,2.5832078,102.66182,0.0
ETS301,9425,1790648416,90.0,5.018699,100.72618,0.0
ETS306,9323,1790648416,90.0,3.4688714,101.63892,0.0
ETS304,9224,1790648416,90.0,4.119802,101.242065,0.0
ETS208,9442,1790648406,63.0,2.4661,102.2213,0.0
SCS10,weekday_2120,1790648398,69.0,3.5571,101.6383,0.0
DMU09,35,1790648441,62.0,3.9648,102.3463,0.0
ETS215,9223,1790648402,77.0,4.6125,101.0913,0.0
SCS22,weekday_2130,1790648395,0.0,3.0523,101.4935,0.0
ETS207,9044,1790648477,0.0,3.6841,101.519,0.0
ETS213,9123,1790648440,0.0,3.2064,101.5797,0.0
SCS28,2809,1790648493,0.0,4.5981,101.0734,0.0
SCS08,weekday_2015,1790648473,0.0,3.155,101.6935,0.0
SCS10,weekday_2120,1790648443,99.0,3.5622,101.6292,0.0
ETS216,9226,1790648444,0.0,3.1417,101.6936,0.0
DMU09,35,1790648441,62.0,3.9648,102.3463,0.0
EMU26,2815,1790648442,117.0,4.7969,100.7514,0.0
SCS22,weekday_2130,1790648440,16.0,3.0523,101.4955,0.0
ETS208,9442,1790648526,121.0,2.4536,102.198,0.0
EMU31,2807,1790648525,0.0,4.5978,101.0731,0.0
SCS08,weekday_2015,1790648493,0.0,3.155,101.6935,0.0
ETS215,9223,1790648492,16.0,4.6083,101.0776,0.0
ETS207,9044,1790648492,0.0,3.6842,101.5191,0.0
SCS28,2809,1790648493,0.0,4.5981,101.0734,0.0
ETS306,9323,1790648537,90.0,3.4369438,101.63739,0.0
ETS309,9326,1790648537,90.0,1.7157278,103.5276,0.0
ETS304,9224,1790648537,90.0,4.119802,101.242065,0.0
ETS303,9523,1790648537,90.0,2.5812476,102.70271,0.0
ETS308,9524,1790648537,90.0,2.50252,102.82036,0.0
ETS301,9425,1790648537,90.0,4.979815,100.73367,0.0
EMU24,2812,1790648536,0.0,5.1308,100.4861,0.0
ETS213,9123,1790648530,0.0,3.2064,101.5802,0.0
EMU26,2815,1790648532,119.0,4.7838,100.7748,0.0
DMU13,53,1790648532,50.0,5.3746,102.0213,0.0
SCS23,2915,1790648528,95.0,5.3813,100.3852,0.0
SCS20,weekday_2119,1790648522,47.0,3.0155,101.405,0.0
SCS04,weekday_2131,1790648571,74.0,3.2455,101.5596,0.0
ETS212,9225,1790648571,28.0,6.1138,100.3702,0.0
EMU31,2807,1790648570,0.0,4.5978,101.0731,0.0
ETS215,9223,1790648567,42.0,4.6012,101.075,0.0
ETS207,9044,1790648567,124.0,3.6953,101.5068,0.0
ETS216,9226,1790648564,0.0,3.1417,101.6936,0.0
SCS22,weekday_2130,1790648560,80.0,3.0515,101.507,0.0
DMU09,35,1790648576,59.0,3.9438,102.3552,0.0
ETS213,9123,1790648575,48.0,3.2031,101.5864,0.0
SCS05,weekday_2018,1790648573,0.0,3.1826,101.6889,0.0
SCS08,weekday_2015,1790648572,62.0,3.152,101.6911,0.0
ETS208,9442,1790648571,120.0,2.4549,102.1853,0.0
EMU26,2815,1790648577,115.0,4.7798,100.788,0.0
DMU13,53,1790648577,36.0,5.3793,102.0176,0.0
SCS23,2915,1790648573,49.0,5.3858,100.3768,0.0
SCS20,weekday_2119,1790648562,0.0,3.0139,101.4033,0.0
ETS207,9044,1790648612,118.0,3.7055,101.4962,0.0
DMU06,34,1790648657,51.0,3.0388,102.3774,0.0
ETS308,9524,1790648658,90.0,2.5071247,102.814026,0.0
ETS303,9523,1790648658,90.0,2.5643682,102.73904,0.0
ETS301,9425,1790648658,90.0,4.9390597,100.72152,0.0
ETS309,9326,1790648658,90.0,1.7501469,103.50776,0.0
ETS304,9224,1790648658,90.0,4.119802,101.242065,0.0
ETS306,9323,1790648658,90.0,3.4148967,101.627266,0.0
ETS212,9225,1790648646,0.0,6.1134,100.37,0.0
ETS208,9442,1790648646,137.0,2.4796,102.1803,0.0
SCS04,weekday_2131,1790648646,84.0,3.2301,101.56,0.0
EMU31,2807,1790648645,0.0,4.5978,101.0731,0.0
SCS08,weekday_2015,1790648644,19.0,3.1461,101.6919,0.0
DMU03,52,1790648642,15.0,5.3269,102.1934,0.0
ETS216,9226,1790648639,41.0,3.2037,101.5851,0.0
ETS215,9223,1790648612,1.0,4.5981,101.0736,0.0
ETS204,9343,1790648612,110.0,4.0843,101.2719,0.0
DMU09,35,1790648681,0.0,3.9375,102.3577,0.0
SCS22,weekday_2130,1790648680,0.0,3.0569,101.526,0.0
ETS213,9123,1790648680,87.0,3.1996,101.6062,0.0
SCS05,weekday_2018,1790648648,0.0,3.1826,101.6889,0.0
SCS23,2915,1790648648,5.0,5.388,100.3726,0.0
DMU10(D6120),51,1790648723,55.0,4.4982,101.9522,0.0
ETS216,9226,1790648714,0.0,3.205,101.5828,0.0
ETS204,9343,1790648672,110.0,4.067,101.2781,0.0
ETS207,9044,1790648717,109.0,3.7213,101.4697,0.0
ETS215,9223,1790648717,4.0,4.5983,101.0733,0.0
DMU03,52,1790648717,29.0,5.3263,102.1983,0.0
DMU13,53,1790648682,7.0,5.3789,102.0116,0.0
EMU24,2812,1790648676,118.0,5.1546,100.4804,0.0
SCS07,weekday_2135,1790648717,0.0,3.684,101.519,0.0
SCS22,weekday_2130,1790648680,0.0,3.0569,101.526,0.0
ETS213,9123,1790648680,87.0,3.1996,101.6062,0.0
ETS309,9326,1790648779,90.0,1.7889129,103.49479,0.0
ETS306,9323,1790648779,90.0,3.3821013,101.62218,0.0
ETS308,9524,1790648779,90.0,2.5164733,102.80566,0.0
ETS303,9523,1790648778,90.0,2.5393202,102.77068,0.0
ETS301,9425,1790648778,90.0,4.8983474,100.71984,0.0
ETS304,9224,1790648778,90.0,4.119802,101.242065,0.0
DMU03,52,1790648777,19.0,5.3294,102.2024,0.0
ETS215,9223,1790648777,43.0,4.5942,101.0717,0.0
SCS07,weekday_2135,1790648777,7.0,3.6836,101.5192,0.0
ETS207,9044,1790648777,96.0,3.7303,101.4566,0.0
EMU31,2807,1790648840,0.0,4.5978,101.0731,0.0
ETS212,9225,1790648811,115.0,6.0931,100.3724,0.0
ETS208,9442,1790648811,132.0,2.5319,102.1586,0.0
SCS05,weekday_2018,1790648813,0.0,3.1987,101.6808,0.0
SCS04,weekday_2131,1790648811,33.0,3.2066,101.5787,0.0
ETS207,9044,1790648852,0.0,3.7454,101.4497,0.0
SCS07,weekday_2135,1790648852,48.0,3.6804,101.5229,0.0
SCS10,weekday_2120,1790648923,25.0,3.6318,101.563,0.0
DMU06,34,1790648912,58.0,3.076,102.3713,0.0
SCS05,weekday_2018,1790648888,0.0,3.1987,101.6808,0.0
ETS208,9442,1790648886,127.0,2.5482,102.1382,0.0
ETS212,9225,1790648886,133.0,6.0708,100.3847,0.0
EMU31,2807,1790648885,0.0,4.5978,101.0731,0.0
SCS22,weekday_2130,1790648875,43.0,3.0733,101.5544,0.0
SCS04,weekday_2131,1790648886,1.0,3.206,101.5809,0.0
ETS216,9226,1790648909,43.0,3.2112,101.5738,0.0
ETS301,9425,1790648899,90.0,4.8632965,100.730934,0.0
ETS308,9524,1790648899,90.0,2.536156,102.77405,0.0
ETS309,9326,1790648899,90.0,1.8184463,103.47184,0.0
ETS306,9323,1790648899,90.0,3.364258,101.596756,0.0
ETS304,9224,1790648899,90.0,4.119802,101.242065,0.0
ETS303,9523,1790648899,90.0,2.517818,102.80031,0.0
SCS10,weekday_2120,1790648923,25.0,3.6318,101.563,0.0
ETS304,9224,1790649020,90.0,4.119802,101.242065,0.0
ETS306,9323,1790649020,90.0,3.359668,101.573456,0.0
ETS309,9326,1790649020,90.0,0.0027284583,0.0154984975,0.0
ETS301,9425,1790649020,90.0,4.8521414,100.733185,0.0
ETS303,9523,1790649020,90.0,2.50716,102.81397,0.0
ETS308,9524,1790649020,90.0,2.5616655,102.74379,0.0
ETS216,9226,1790649014,77.0,3.2252,101.562,0.0
ETS207,9044,1790649092,117.0,3.8052,101.4205,0.0
EMU26,2815,1790649057,68.0,4.7711,100.8818,0.0
EMU24,2812,1790649056,119.0,5.239,100.4872,0.0
ETS208,9442,1790649051,123.0,2.5862,102.0986,0.0
ETS212,9225,1790649051,125.0,6.0222,100.4124,0.0
ETS204,9343,1790649047,0.0,3.9682,101.3183,0.0
SCS10,weekday_2120,1790649058,20.0,3.64,101.5581,0.0
EMU31,2807,1790649080,0.0,4.5978,101.0731,0.0
SCS22,weekday_2130,1790649055,28.0,3.0766,101.5648,0.0
ETS213,9123,1790649055,52.0,3.1764,101.6806,0.0
ETS208,9442,1790649126,125.0,2.6079,102.0856,0.0
ETS207,9044,1790649092,117.0,3.8052,101.4205,0.0
ETS304,9224,1790649141,90.0,4.119802,101.242065,0.0
ETS306,9323,1790649141,90.0,3.3329668,101.572105,0.0
ETS303,9523,1790649141,90.0,2.50518,102.8164,0.0
ETS301,9425,1790649141,90.0,4.852069,100.73311,0.0
ETS308,9524,1790649141,90.0,2.5803525,102.70749,0.0
ETS309,9326,1790649141,90.0,1.8695532,103.41229,0.0
EMU24,2812,1790649116,111.0,5.2569,100.4832,0.0
DMU03,52,1790649092,47.0,5.3425,102.2209,0.0
ETS204,9343,1790649092,115.0,3.9547,101.3265,0.0
EMU31,2807,1790649125,0.0,4.5978,101.0731,0.0
DMU06,34,1790649197,48.0,3.115,102.3743,0.0
SCS05,weekday_2018,1790649158,71.0,3.2184,101.6723,0.0
SCS07,weekday_2135,1790649197,107.0,3.6229,101.5707,0.0
ETS207,9044,1790649197,38.0,3.8252,101.4033,0.0
ETS215,9223,1790649197,56.0,4.529,101.0512,0.0
DMU03,52,1790649197,57.0,5.3567,102.2254,0.0
SCS08,weekday_2015,1790649164,16.0,3.1315,101.6819,0.0
ETS204,9343,1790649197,0.0,3.9309,101.3409,0.0
DMU10(D6120),51,1790649158,69.0,4.4501,101.9388,0.0
ETS304,9224,1790649262,90.0,4.119802,101.242065,0.0
ETS309,9326,1790649262,90.0,1.9029434,103.39352,0.0
ETS301,9425,1790649262,90.0,4.844751,100.72955,0.0
ETS303,9523,1790649262,90.0,2.4912086,102.8428,0.0
ETS308,9524,1790649262,90.0,2.5832717,102.66647,0.0
ETS306,9323,1790649262,90.0,3.317393,101.57579,0.0
ETS216,9226,1790649254,46.0,3.2625,101.5567,0.0
SCS08,weekday_2015,1790649250,25.0,3.1257,101.6785,0.0
ETS215,9223,1790649257,19.0,4.5239,101.0503,0.0
DMU03,52,1790649257,39.0,5.3656,102.2259,0.0
DMU06,34,1790649332,4.0,3.1275,102.3694,0.0
ETS207,9044,1790649332,89.0,3.8325,101.3986,0.0
ETS215,9223,1790649332,56.0,4.5171,101.049,0.0
DMU03,52,1790649332,7.0,5.371,102.2287,0.0
EMU31,2807,1790649320,0.0,4.5978,101.0731,0.0
DMU09,35,1790649296,73.0,3.9072,102.3629,0.0
SCS22,weekday_2130,1790649295,33.0,3.0821,101.5814,0.0
ETS213,9123,1790649295,21.0,3.1677,101.6876,0.0
ETS204,9343,1790649332,118.0,3.894,101.365,0.0
DMU09,35,1790649401,81.0,3.8861,102.3637,0.0
DMU10(D6120),51,1790649368,0.0,4.4228,101.932,0.0
SCS05,weekday_2018,1790649368,0.0,3.2384,101.6812,0.0
SCS23,2920,1790649368,19.0,5.3923,100.3677,0.0
ETS208,9442,1790649366,127.0,2.6523,102.026,0.0
ETS212,9225,1790649366,132.0,5.9262,100.4639,0.0
SCS22,weekday_2130,1790649400,4.0,3.0846,101.5891,0.0
DMU03,52,1790649332,7.0,5.371,102.2287,0.0
ETS309,9326,1790649383,90.0,1.9303153,103.36522,0.0
ETS308,9524,1790649383,90.0,2.5817387,102.62614,0.0
ETS301,9425,1790649382,90.0,4.815854,100.74006,0.0
ETS303,9523,1790649382,90.0,2.4885435,102.88288,0.0
ETS306,9323,1790649382,90.0,3.2926743,101.57508,0.0
ETS304,9224,1790649382,90.0,4.119802,101.242065,0.0
SCS04,weekday_2131,1790649366,23.0,3.202,101.638,0.0
ETS213,9123,1790649355,48.0,3.1621,101.6921,0.0
SCS08,weekday_2015,1790649401,0.0,3.1194,101.6788,0.0
DMU06,34,1790649437,0.0,3.1275,102.3694,0.0
SCS07,weekday_2135,1790649437,93.0,3.5783,101.6134,0.0
ETS207,9044,1790649437,111.0,3.855,101.3794,0.0
ETS215,9223,1790649437,98.0,4.4936,101.0444,0.0
DMU09,35,1790649401,81.0,3.8861,102.3637,0.0
ETS213,9123,1790649400,4.0,3.1585,101.693,0.0
DMU03,52,1790649437,38.0,5.3759,102.233,0.0
SCS22,weekday_2130,1790649400,4.0,3.0846,101.5891,0.0
ETS304,9224,1790649503,90.0,4.119802,101.242065,0.0
ETS303,9523,1790649503,90.0,2.4723754,102.918396,0.0
ETS308,9524,1790649503,90.0,2.57894,102.613914,0.0
ETS306,9323,1790649503,90.0,3.2728174,101.562645,0.0
ETS301,9425,1790649503,90.0,4.7859397,100.76552,0.0
ETS309,9326,1790649503,90.0,1.9613693,103.3423,0.0
DMU06,34,1790649497,3.0,3.1275,102.3694,0.0
ETS204,9343,1790649497,112.0,3.8537,101.3801,0.0
DMU03,52,1790649497,45.0,5.383,102.2331,0.0
ETS216,9226,1790649494,76.0,3.2967,101.575,0.0
SCS07,weekday_2135,1790649482,77.0,3.5695,101.6178,0.0
ETS212,9225,1790649636,124.0,5.8358,100.4771,0.0
EMU31,2807,1790649635,0.0,4.5978,101.0731,0.0
ETS304,9224,1790649624,90.0,4.119802,101.242065,0.0
ETS306,9323,1790649624,90.0,3.253185,101.5557,0.0
ETS309,9326,1790649624,90.0,0.0027284583,0.0154984975,0.0
ETS301,9425,1790649624,90.0,0.0027284583,0.0154984975,0.0
ETS303,9523,1790649624,90.0,2.4655495,102.95666,0.0
ETS308,9524,1790649624,90.0,2.5790057,102.61392,0.0
DMU13,53,1790649597,44.0,5.3095,102.0215,0.0
DMU09,35,1790649596,69.0,3.8485,102.3626,0.0
SCS22,weekday_2130,1790649595,64.0,3.0829,101.6085,0.0
SCS23,2920,1790649593,100.0,5.3756,100.3961,0.0
SCS05,weekday_2018,1790649593,0.0,3.2384,101.6812,0.0
DMU06,34,1790649587,28.0,3.1327,102.369,0.0
SCS04,weekday_2131,1790649636,0.0,3.1861,101.6647,0.0
ETS208,9442,1790649636,92.0,2.677,101.9802,0.0
ETS216,9226,1790649599,63.0,3.3187,101.5749,0.0
SCS10,weekday_2120,1790649598,0.0,3.6839,101.5189,0.0
ETS215,9223,1790649587,37.0,4.4614,101.0487,0.0
ETS207,9044,1790649587,114.0,3.8915,101.3687,0.0
SCS22,weekday_2130,1790649685,44.0,3.0834,101.6133,0.0
ETS212,9225,1790649681,114.0,5.8217,100.4783,0.0
SCS08,weekday_2015,1790649665,0.0,3.1193,101.6789,0.0
ETS204,9343,1790649662,116.0,3.8158,101.4124,0.0
DMU03,52,1790649662,0.0,5.3914,102.232,0.0
DMU10(D6120),51,1790649638,53.0,4.3805,101.9228,0.0
SCS10,weekday_2120,1790649688,0.0,3.6839,101.5189,0.0
SCS07,weekday_2135,1790649662,34.0,3.5537,101.6394,0.0
EMU31,2807,1790649635,0.0,4.5978,101.0731,0.0
EMU26,2815,1790649659,116.0,4.8373,100.9629,0.0
ETS216,9226,1790649674,60.0,3.3295,101.5689,0.0
DMU13,53,1790649642,30.0,5.3047,102.0224,0.0
DMU09,35,1790649641,72.0,3.8405,102.3616,0.0
ETS213,9123,1790649640,26.0,3.1454,101.6917,0.0
SCS23,2920,1790649638,98.0,5.3703,100.4066,0.0
SCS05,weekday_2018,1790649638,3.0,3.2384,101.6812,0.0
DMU06,34,1790649677,0.0,3.1359,102.3705,0.0
SCS04,weekday_2131,1790649636,0.0,3.1861,101.6647,0.0
ETS208,9442,1790649636,92.0,2.677,101.9802,0.0
ETS301,9425,1790649744,90.0,4.778099,100.84746,0.0
ETS306,9323,1790649744,90.0,3.2298737,101.56078,0.0
ETS304,9224,1790649744,90.0,4.119802,101.242065,0.0
ETS303,9523,1790649744,90.0,2.4416537,102.98937,0.0
ETS204,9343,1790649737,114.0,3.7985,101.4272,0.0
ETS207,9044,1790649737,116.0,3.926,101.3429,0.0
SCS07,weekday_2135,1790649737,44.0,3.5513,101.6398,0.0
DMU03,52,1790649737,15.0,5.3931,102.232,0.0
EMU31,2807,1790649755,0.0,4.5978,101.0731,0.0
ETS309,9326,1790649745,90.0,0.0027284583,0.0154984975,0.0
ETS308,9524,1790649745,90.0,2.5789957,102.61393,0.0
DMU06,34,1790649737,0.0,3.1359,102.3705,0.0
EMU24,2812,1790649730,9.0,5.3663,100.4478,0.0
SCS22,weekday_2130,1790649760,0.0,3.0846,101.6226,0.0
ETS212,9225,1790649756,118.0,5.7992,100.4822,0.0
ETS309,9326,1790649865,90.0,2.0241466,103.32043,0.0
ETS306,9323,1790649865,90.0,3.2079837,101.57648,0.0
ETS301,9425,1790649865,90.0,4.770704,100.876564,0.0
ETS303,9523,1790649865,90.0,2.4070344,103.00907,0.0
ETS308,9524,1790649865,90.0,2.574888,102.59854,0.0
ETS304,9224,1790649865,90.0,4.119802,101.242065,0.0
ETS301,9425,1790649986,90.0,4.7716007,100.89236,0.0
ETS308,9524,1790649986,90.0,2.5816,102.57428,0.0
ETS303,9523,1790649986,90.0,2.3835502,103.02053,0.0
ETS309,9326,1790649986,90.0,2.0358348,103.31794,0.0
ETS306,9323,1790649986,90.0,3.2053382,101.581505,0.0
ETS304,9224,1790649986,90.0,4.119802,101.242065,0.0
SCS23,2920,1790649953,0.0,5.3665,100.4473,0.0
SCS08,weekday_2015,1790649965,0.0,3.1087,101.6923,0.0
SCS07,weekday_2135,1790649932,92.0,3.5145,101.6301,0.0
EMU26,2815,1790649989,104.0,4.8263,101.0531,0.0
ETS213,9123,1790649985,0.0,3.137,101.6913,0.0
SCS22,weekday_2130,1790649985,99.0,3.0824,101.6453,0.0
ETS216,9226,1790649974,70.0,3.3648,101.5956,0.0
DMU06,34,1790649962,0.0,3.1359,102.3705,0.0
DMU03,52,1790649962,14.0,5.4094,102.2321,0.0
ETS207,9044,1790649962,133.0,3.9865,101.3109,0.0
ETS215,9223,1790649962,78.0,4.438,101.0594,0.0
ETS204,9343,1790649962,27.0,3.7482,101.4477,0.0
ETS212,9225,1790649951,128.0,5.7382,100.508,0.0
EMU31,2807,1790649950,0.0,4.5978,101.0731,0.0
EMU24,2812,1790649990,6.0,5.3647,100.421,0.0
DMU13,53,1790649987,11.0,5.291,102.0167,0.0
ETS208,9442,1790649966,31.0,2.7166,101.944,0.0
DMU10(D6120),51,1790649953,65.0,4.3397,101.917,0.0
SCS05,weekday_2018,1790649953,57.0,3.2191,101.6724,0.0
SCS04,weekday_2131,1790649951,8.0,3.1651,101.6913,0.0
ETS216,9226,1790650034,66.0,3.369,101.607,0.0
ETS204,9343,1790650037,95.0,3.7362,101.4557,0.0
DMU03,52,1790650037,47.0,5.415,102.238,0.0
ETS207,9044,1790650037,45.0,4.0048,101.3024,0.0
DMU06,34,1790650037,0.0,3.1359,102.3705,0.0
ETS215,9223,1790650037,87.0,4.423,101.0678,0.0
SCS22,weekday_2130,1790650060,0.0,3.0837,101.6571,0.0
SCS23,2920,1790650058,53.0,5.3654,100.454,0.0
DMU10(D6120),51,1790650058,65.0,4.3206,101.9192,0.0
ETS308,9524,1790650107,90.0,2.5713356,102.547325,0.0
ETS306,9323,1790650107,90.0,3.2005806,101.59267,0.0
ETS309,9326,1790650107,90.0,2.0499885,103.31224,0.0
ETS304,9224,1790650106,90.0,4.119802,101.242065,0.0
ETS301,9425,1790650106,90.0,4.773688,100.92193,0.0
ETS303,9523,1790650106,90.0,2.3819237,103.02276,0.0
DMU09,35,1790650061,64.0,3.787,102.3594,0.0
ETS208,9442,1790650056,0.0,2.7184,101.9405,0.0
EMU31,2807,1790650055,0.0,4.5978,101.0731,0.0
DMU09,35,1790650151,59.0,3.7723,102.3589,0.0
EMU24,2812,1790650150,77.0,5.377,100.3932,0.0
SCS23,2920,1790650148,41.0,5.3585,100.4627,0.0
ETS212,9225,1790650146,126.0,5.6788,100.497,0.0
ETS304,9224,1790650227,90.0,4.119802,101.242065,0.0
ETS303,9523,1790650227,90.0,2.3626378,103.04928,0.0
ETS308,9524,1790650227,90.0,2.54982,102.513084,0.0
ETS306,9323,1790650227,90.0,3.2036202,101.61506,0.0
ETS301,9425,1790650227,90.0,4.7751083,100.932884,0.0
ETS309,9326,1790650227,90.0,2.0831907,103.28905,0.0
DMU13,53,1790650257,8.0,5.2899,102.0057,0.0
ETS204,9343,1790650247,120.0,3.7,101.5022,0.0
SCS19,weekday_2022,1790650259,0.0,3.1132,101.682,0.0
EMU26,2815,1790650245,52.0,4.8179,101.0724,0.0
ETS216,9226,1790650244,92.0,3.4115,101.6276,0.0
ETS213,9123,1790650255,0.0,3.137,101.6913,0.0
SCS04,weekday_2131,1790650251,20.0,3.142,101.6941,0.0
ETS207,9044,1790650352,120.0,4.0669,101.2783,0.0
SCS22,weekday_2130,1790650352,16.0,3.0866,101.6653,0.0
ETS215,9223,1790650352,123.0,4.3389,101.1227,0.0
SCS07,weekday_2135,1790650337,93.0,3.4583,101.6389,0.0
ETS204,9343,1790650337,57.0,3.6858,101.5171,0.0
ETS306,9323,1790650348,90.0,3.202065,101.63816,0.0
ETS309,9326,1790650348,90.0,2.1146684,103.26517,0.0
DMU03,52,1790650337,68.0,5.4541,102.2291,0.0
SCS08,weekday_2015,1790650336,0.0,3.0986,101.705,0.0
ETS301,9425,1790650348,90.0,4.786489,100.93637,0.0
ETS303,9523,1790650348,90.0,2.3357074,103.081085,0.0
ETS308,9524,1790650348,90.0,2.5158112,102.49057,0.0
ETS304,9224,1790650348,90.0,4.119802,101.242065,0.0
SCS23,2920,1790650343,114.0,5.398,100.4716,0.0
ETS212,9225,1790650341,0.0,5.6434,100.4903,0.0
SCS04,weekday_2131,1790650341,16.0,3.1389,101.6934,0.0
EMU31,2807,1790650340,0.0,4.5978,101.0732,0.0
DMU06,34,1790650337,62.0,3.166,102.3907,0.0
ETS216,9226,1790650334,92.0,3.4313,101.6315,0.0
EMU26,2815,1790650320,105.0,4.8045,101.0847,0.0
ETS306,9323,1790650469,90.0,3.1871002,101.66338,0.0
ETS309,9326,1790650469,90.0,0.0027284583,0.0154984975,0.0
ETS308,9524,1790650469,90.0,2.4976082,102.454544,0.0
SCS23,2920,1790650418,115.0,5.4193,100.4782,0.0
ETS216,9226,1790650469,85.0,3.4567,101.6396,0.0
ETS304,9224,1790650468,90.0,4.119802,101.242065,0.0
ETS301,9425,1790650468,90.0,4.82133,100.95243,0.0
ETS303,9523,1790650468,90.0,2.3148346,103.116066,0.0
ETS212,9225,1790650416,0.0,5.6434,100.4903,0.0
DMU10(D6120),51,1790650418,68.0,4.2679,101.9243,0.0
ETS208,9442,1790650416,80.0,2.7253,101.9062,0.0
SCS04,weekday_2131,1790650416,18.0,3.1366,101.6907,0.0
EMU31,2807,1790650415,0.0,4.5978,101.0732,0.0
DMU03,52,1790650412,59.0,5.4674,102.2246,0.0
DMU09,35,1790650526,28.0,3.718,102.3657,0.0
ETS213,9123,1790650525,0.0,3.137,101.6913,0.0
SCS23,2920,1790650508,115.0,5.4431,100.4907,0.0
EMU31,2807,1790650505,0.0,4.5978,101.0732,0.0
ETS207,9044,1790650472,113.0,4.102,101.2669,0.0
SCS28,2818,1790650473,0.0,4.5981,101.0735,0.0
ETS204,9343,1790650472,0.0,3.6858,101.5171,0.0
ETS215,9223,1790650472,107.0,4.3088,101.1457,0.0
SCS22,weekday_2130,1790650472,0.0,3.0962,101.6701,0.0
DMU06,34,1790650472,64.0,3.1874,102.3965,0.0
DMU03,52,1790650472,5.0,5.4724,102.2223,0.0
EMU24,2812,1790650530,0.0,5.3936,100.3662,0.0
DMU13,53,1790650527,53.0,5.2634,102.0098,0.0
ETS304,9224,1790650589,90.0,4.119802,101.242065,0.0
ETS309,9326,1790650589,90.0,0.0027284583,0.0154984975,0.0
ETS301,9425,1790650589,90.0,4.8422904,100.98329,0.0
ETS303,9523,1790650589,90.0,2.2965205,103.13061,0.0
ETS308,9524,1790650589,90.0,2.476381,102.42242,0.0
ETS306,9323,1790650589,90.0,3.1731617,101.68427,0.0
ETS204,9343,1790650637,64.0,3.6572,101.5406,0.0
SCS22,weekday_2130,1790650637,0.0,3.114,101.673,0.0
DMU06,34,1790650637,51.0,3.2074,102.4114,0.0
ETS208,9442,1790650626,108.0,2.7421,101.8689,0.0
SCS08,weekday_2015,1790650623,0.0,3.0986,101.705,0.0
ETS207,9044,1790650607,134.0,4.1266,101.2322,0.0
SCS07,weekday_2135,1790650637,104.0,3.3929,101.6279,0.0
ETS215,9223,1790650637,86.0,4.2973,101.1597,0.0
EMU26,2815,1790650635,115.0,4.7214,101.1224,0.0
SCS28,2818,1790650608,34.0,4.6028,101.0755,0.0
ETS308,9524,1790650710,90.0,2.4735696,102.41635,0.0
ETS304,9224,1790650710,90.0,5.064625,100.50839,0.0
ETS306,9323,1790650710,90.0,3.1603205,101.69331,0.0
ETS309,9326,1790650710,90.0,2.1953874,103.18654,0.0
ETS301,9425,1790650710,90.0,4.833011,101.02173,0.0
ETS303,9523,1790650710,90.0,2.290658,103.13432,0.0
DMU09,35,1790650721,0.0,3.7098,102.3669,0.0
ETS213,9123,1790650720,0.0,3.137,101.6913,0.0
DMU10(D6120),51,1790650718,61.0,4.2485,101.9439,0.0
SCS23,2920,1790650718,11.0,5.4819,100.4979,0.0
ETS207,9044,1790650772,103.0,4.1624,101.1904,0.0
ETS204,9343,1790650772,111.0,3.6313,101.5636,0.0
ETS308,9524,1790650831,90.0,2.4659534,102.406364,0.0
ETS303,9523,1790650831,90.0,2.2576408,103.15131,0.0
ETS309,9326,1790650831,90.0,2.2267733,103.16227,0.0
ETS306,9323,1790650831,90.0,3.1467168,101.69202,0.0
ETS304,9224,1790650831,90.0,5.102751,100.49248,0.0
ETS207,9044,1790650772,103.0,4.1624,101.1904,0.0
ETS204,9343,1790650772,111.0,3.6313,101.5636,0.0
ETS301,9425,1790650830,90.0,4.8249254,101.05726,0.0
SCS23,2920,1790650823,114.0,5.507,100.5046,0.0
DMU06,34,1790650772,56.0,3.2268,102.4133,0.0
SCS07,weekday_2135,1790650772,0.0,3.3756,101.614,0.0
SCS28,2818,1790650773,106.0,4.6208,101.0962,0.0
SCS22,weekday_2130,1790650772,0.0,3.1195,101.6738,0.0
DMU10(D6120),51,1790650823,62.0,4.2477,101.9617,0.0
SCS04,weekday_2131,1790650821,0.0,3.1358,101.6889,0.0
ETS212,9225,1790650821,119.0,5.579,100.4955,0.0
EMU31,2807,1790650820,0.0,4.5978,101.0732,0.0
ETS215,9223,1790650862,121.0,4.2403,101.1763,0.0
DMU06,34,1790650862,51.0,3.2395,102.4102,0.0
ETS204,9343,1790650862,117.0,3.6126,101.5829,0.0
SCS22,weekday_2130,1790650862,0.0,3.1199,101.6736,0.0
ETS306,9323,1790650952,90.0,3.1402888,101.695015,0.0
ETS308,9524,1790650952,90.0,2.46193,102.36582,0.0
ETS309,9326,1790650952,90.0,2.262984,103.148895,0.0
ETS303,9523,1790650951,90.0,2.2205567,103.16683,0.0
ETS304,9224,1790650951,90.0,5.1298876,100.486885,0.0
ETS301,9425,1790650951,90.0,4.8205895,101.06777,0.0
SCS28,2818,1790650938,104.0,4.6562,101.1229,0.0
DMU06,34,1790650937,0.0,3.2463,102.4112,0.0
ETS215,9223,1790650937,131.0,4.2156,101.1802,0.0
EMU26,2815,1790650915,116.0,4.6499,101.118,0.0
DMU03,52,1790650937,32.0,5.5206,102.2075,0.0
SCS22,weekday_2130,1790650937,13.0,3.1232,101.6768,0.0
ETS213,9123,1790650915,0.0,3.137,101.6913,0.0
SCS07,weekday_2135,1790650937,31.0,3.364,101.5924,0.0
ETS204,9343,1790650937,98.0,3.5993,101.5994,0.0
SCS19,weekday_2022,1790650919,0.0,3.1325,101.6834,0.0
DMU13,53,1790650917,62.0,5.203,102.0134,0.0
SCS08,weekday_2015,1790650914,0.0,3.0986,101.705,0.0
ETS306,9323,1790650952,90.0,3.1402888,101.695015,0.0
ETS309,9326,1790650952,90.0,2.262984,103.148895,0.0
ETS308,9524,1790650952,90.0,2.46193,102.36582,0.0
ETS304,9224,1790651072,90.0,5.144848,100.4838,0.0
ETS306,9323,1790651072,90.0,3.1387389,101.69459,0.0
ETS309,9326,1790651072,90.0,2.2990668,103.12908,0.0
ETS301,9425,1790651072,90.0,4.805172,101.08405,0.0
ETS303,9523,1790651072,90.0,2.1930335,103.189,0.0
ETS308,9524,1790651072,90.0,2.4549415,102.32437,0.0
EMU31,2807,1790651060,0.0,4.5978,101.0732,0.0
ETS308,9524,1790651072,90.0,2.4549415,102.32437,0.0
ETS309,9326,1790651072,90.0,2.2990668,103.12908,0.0
ETS304,9224,1790651072,90.0,5.144848,100.4838,0.0
ETS306,9323,1790651072,90.0,3.1387389,101.69459,0.0
DMU09,35,1790651081,67.0,3.6742,102.3749,0.0
EMU26,2815,1790651080,77.0,4.6118,101.0908,0.0
SCS23,2920,1790651078,113.0,5.5817,100.4949,0.0
ETS208,9442,1790651076,77.0,2.8108,101.8076,0.0
ETS212,9225,1790651076,116.0,5.4991,100.5026,0.0
ETS301,9425,1790651072,90.0,4.805172,101.08405,0.0
ETS303,9523,1790651072,90.0,2.1930335,103.189,0.0
SCS04,weekday_2131,1790651076,0.0,3.1358,101.6889,0.0
EMU31,2807,1790651075,0.0,4.5978,101.0732,0.0
ETS304,9224,1790651193,90.0,5.1863666,100.48014,0.0
ETS301,9425,1790651193,90.0,4.7719307,101.10907,0.0
ETS309,9326,1790651193,90.0,2.3224044,103.10007,0.0
ETS306,9323,1790651193,90.0,3.1362164,101.69172,0.0
ETS308,9524,1790651193,90.0,2.45762,102.283554,0.0
ETS303,9523,1790651193,90.0,2.1910856,103.191,0.0
ETS309,9326,1790651193,90.0,2.3224044,103.10007,0.0
ETS301,9425,1790651193,90.0,4.7719307,101.10907,0.0
ETS304,9224,1790651193,90.0,5.1863666,100.48014,0.0
ETS303,9523,1790651193,90.0,2.1910856,103.191,0.0
ETS308,9524,1790651193,90.0,2.45762,102.283554,0.0
ETS306,9323,1790651193,90.0,3.1362164,101.69172,0.0
ETS309,9326,1790651314,90.0,2.3473172,103.064545,0.0
ETS308,9524,1790651314,90.0,2.4589925,102.24083,0.0
ETS303,9523,1790651314,90.0,2.1827676,103.20448,0.0
ETS306,9323,1790651314,90.0,0.0027284583,0.0154984975,0.0
ETS304,9224,1790651314,90.0,5.22534,100.49087,0.0
ETS301,9425,1790651313,90.0,4.7333136,101.12302,0.0
DMU09,35,1790651291,67.0,3.6365,102.3811,0.0
EMU26,2815,1790651290,0.0,4.5978,101.0732,0.0
SCS28,2818,1790651283,104.0,4.7387,101.1217,0.0
SCS23,2920,1790651318,0.0,5.6425,100.4899,0.0
SCS04,weekday_2131,1790651316,9.0,3.1371,101.691,0.0
ETS208,9442,1790651316,69.0,2.8415,101.8269,0.0
SCS22,weekday_2130,1790651315,0.0,3.1325,101.6837,0.0
EMU31,2807,1790651315,0.0,4.5978,101.0732,0.0
SCS08,weekday_2015,1790651274,0.0,3.0986,101.705,0.0
DMU06,34,1790651267,54.0,3.253,102.4124,0.0
ETS204,9343,1790651267,57.0,3.5388,101.6352,0.0
SCS07,weekday_2135,1790651282,26.0,3.3259,101.5706,0.0
ETS215,9223,1790651282,132.0,4.13,101.2263,0.0
ETS207,9044,1790651267,94.0,4.2733,101.1684,0.0
DMU03,52,1790651282,19.0,5.5329,102.2017,0.0
DMU13,53,1790651292,30.0,5.1721,102.0215,0.0
ETS309,9326,1790651314,90.0,2.3473172,103.064545,0.0
ETS308,9524,1790651314,90.0,2.4589925,102.24083,0.0
ETS303,9523,1790651314,90.0,2.1827676,103.20448,0.0
ETS306,9323,1790651314,90.0,0.0027284583,0.0154984975,0.0
ETS304,9224,1790651314,90.0,5.22534,100.49087,0.0
ETS301,9425,1790651313,90.0,4.7333136,101.12302,0.0
SCS23,2920,1790651318,0.0,5.6425,100.4899,0.0
ETS208,9442,1790651316,69.0,2.8415,101.8269,0.0
SCS04,weekday_2131,1790651316,9.0,3.1371,101.691,0.0
ETS212,9225,1790651316,74.0,5.475,100.4963,0.0
ETS306,9323,1790651435,90.0,0.0027284583,0.0154984975,0.0
ETS309,9326,1790651435,90.0,2.373166,103.03476,0.0
ETS308,9524,1790651435,90.0,2.4634187,102.2268,0.0
ETS304,9224,1790651434,90.0,5.2671356,100.48158,0.0
ETS301,9425,1790651434,90.0,4.697378,101.139694,0.0
ETS303,9523,1790651434,90.0,2.1571007,103.2287,0.0
ETS309,9326,1790651435,90.0,2.373166,103.03476,0.0
ETS306,9323,1790651435,90.0,0.0027284583,0.0154984975,0.0
ETS308,9524,1790651435,90.0,2.4634187,102.2268,0.0
ETS303,9523,1790651434,90.0,2.1571007,103.2287,0.0
ETS304,9224,1790651434,90.0,5.2671356,100.48158,0.0
ETS301,9425,1790651434,90.0,4.697378,101.139694,0.0
SCS28,2818,1790651433,114.0,4.7753,101.1048,0.0
ETS207,9044,1790651432,0.0,4.3025,101.1538,0.0
SCS07,weekday_2135,1790651432,10.0,3.3184,101.5748,0.0
ETS308,9524,1790651555,90.0,2.4630554,102.22749,0.0
ETS301,9425,1790651555,90.0,4.661214,101.128685,0.0
ETS309,9326,1790651555,90.0,2.3834305,103.02074,0.0
ETS306,9323,1790651555,90.0,0.0027284583,0.0154984975,0.0
ETS304,9224,1790651555,90.0,5.300344,100.480774,0.0
ETS303,9523,1790651555,90.0,2.1327856,103.26053,0.0
SCS28,2818,1790651538,0.0,4.7946,101.0929,0.0
DMU06,34,1790651537,58.0,3.2926,102.4251,0.0
SCS19,weekday_2022,1790651534,0.0,3.165,101.6913,0.0
ETS216,9226,1790651534,18.0,3.63,101.5648,0.0
DMU13,53,1790651532,23.0,5.166,102.0373,0.0
SCS23,2920,1790651528,114.0,5.6832,100.4996,0.0
ETS204,9343,1790651522,91.0,3.4774,101.6395,0.0
DMU09,35,1790651516,70.0,3.5964,102.372,0.0
ETS308,9524,1790651555,90.0,2.4630554,102.22749,0.0
ETS301,9425,1790651555,90.0,4.661214,101.128685,0.0
ETS309,9326,1790651555,90.0,2.3834305,103.02074,0.0
ETS306,9323,1790651555,90.0,0.0027284583,0.0154984975,0.0
ETS304,9224,1790651555,90.0,5.300344,100.480774,0.0
ETS303,9523,1790651555,90.0,2.1327856,103.26053,0.0
ETS304,9224,1790651676,90.0,5.335187,100.47079,0.0
ETS306,9323,1790651676,90.0,0.0027284583,0.0154984975,0.0
ETS309,9326,1790651676,90.0,2.385094,103.018425,0.0
ETS301,9425,1790651676,90.0,4.6273923,101.10315,0.0
ETS303,9523,1790651676,90.0,2.0979118,103.27524,0.0
ETS308,9524,1790651676,90.0,2.463068,102.22746,0.0
ETS304,9224,1790651676,90.0,5.335187,100.47079,0.0
ETS306,9323,1790651676,90.0,0.0027284583,0.0154984975,0.0
ETS309,9326,1790651676,90.0,2.385094,103.018425,0.0
ETS301,9425,1790651676,90.0,4.6273923,101.10315,0.0
ETS303,9523,1790651676,90.0,2.0979118,103.27524,0.0
ETS308,9524,1790651676,90.0,2.463068,102.22746,0.0
DMU10(D6120),51,1790651678,0.0,4.1874,102.0529,0.0
SCS23,2920,1790651678,113.0,5.7245,100.5132,0.0
ETS212,9225,1790651676,37.0,5.3735,100.4689,0.0
SCS22,weekday_2130,1790651675,0.0,3.1402,101.6938,0.0
ETS207,9044,1790651777,132.0,4.3681,101.101,0.0
ETS304,9224,1790651797,90.0,5.3510447,100.46786,0.0
ETS306,9323,1790651797,90.0,3.1263165,101.67999,0.0
ETS309,9326,1790651797,90.0,2.4134002,103.00514,0.0
ETS301,9425,1790651797,90.0,4.609651,101.08244,0.0
ETS303,9523,1790651797,90.0,2.0656137,103.30138,0.0
ETS308,9524,1790651797,90.0,2.4666765,102.220985,0.0
SCS28,2818,1790651778,25.0,4.8018,101.0881,0.0
ETS204,9343,1790651777,114.0,3.4436,101.6384,0.0
DMU03,52,1790651777,44.0,5.5976,102.1759,0.0
ETS215,9223,1790651777,106.0,4.0128,101.295,0.0
SCS07,weekday_2135,1790651777,39.0,3.2638,101.5577,0.0
ETS216,9226,1790651759,23.0,3.6428,101.5559,0.0
ETS306,9323,1790651797,90.0,3.1263165,101.67999,0.0
ETS303,9523,1790651797,90.0,2.0656137,103.30138,0.0
ETS304,9224,1790651797,90.0,5.3510447,100.46786,0.0
ETS308,9524,1790651797,90.0,2.4666765,102.220985,0.0
ETS309,9326,1790651797,90.0,2.4134002,103.00514,0.0
ETS301,9425,1790651797,90.0,4.609651,101.08244,0.0
DMU10(D6120),51,1790651843,0.0,4.1874,102.0529,0.0
ETS212,9225,1790651841,32.0,5.3539,100.466,0.0
ETS306,9323,1790651918,90.0,3.1165977,101.680145,0.0
ETS309,9326,1790651918,90.0,2.4479992,102.98198,0.0
ETS308,9524,1790651918,90.0,2.4526675,102.19745,0.0
ETS304,9224,1790651917,90.0,5.3661885,100.468636,0.0
DMU10(D6120),51,1790651888,0.0,4.1873,102.0528,0.0
ETS301,9425,1790651917,90.0,4.599739,101.07587,0.0
SCS19,weekday_2022,1790651877,17.0,3.1804,101.688,0.0
ETS303,9523,1790651917,90.0,2.0363765,103.317795,0.0
SCS28,2818,1790651883,23.0,4.8069,101.0821,0.0
DMU06,34,1790651882,9.0,3.3318,102.4201,0.0
ETS306,9323,1790651918,90.0,3.1165977,101.680145,0.0
ETS308,9524,1790651918,90.0,2.4526675,102.19745,0.0
ETS309,9326,1790651918,90.0,2.4479992,102.98198,0.0
ETS304,9224,1790651917,90.0,5.3661885,100.468636,0.0
ETS301,9425,1790651917,90.0,4.599739,101.07587,0.0
ETS303,9523,1790651917,90.0,2.0363765,103.317795,0.0
ETS304,9224,1790652038,90.0,5.388389,100.47135,0.0
ETS306,9323,1790652038,90.0,3.1046972,101.69761,0.0
ETS309,9326,1790652038,90.0,2.470357,102.94775,0.0
ETS301,9425,1790652038,90.0,4.596299,101.07419,0.0
ETS303,9523,1790652038,90.0,2.035869,103.31789,0.0
ETS308,9524,1790652038,90.0,2.4812267,102.18102,0.0
ETS304,9224,1790652038,90.0,5.388389,100.47135,0.0
ETS306,9323,1790652038,90.0,3.1046972,101.69761,0.0
ETS309,9326,1790652038,90.0,2.470357,102.94775,0.0
ETS301,9425,1790652038,90.0,4.596299,101.07419,0.0
ETS303,9523,1790652038,90.0,2.035869,103.31789,0.0
ETS308,9524,1790652038,90.0,2.4812267,102.18102,0.0
DMU09,35,1790652136,48.0,3.5159,102.3462,0.0
ETS306,9323,1790652159,90.0,3.0897152,101.71154,0.0
ETS303,9523,1790652159,90.0,2.017289,103.32209,0.0
ETS304,9224,1790652159,90.0,5.4266925,100.48443,0.0
ETS308,9524,1790652159,90.0,2.5207436,102.16803,0.0
ETS301,9425,1790652159,90.0,4.5927663,101.07262,0.0
ETS309,9326,1790652159,90.0,2.4737606,102.90931,0.0
ETS212,9225,1790652141,104.0,5.2836,100.4799,0.0
ETS215,9223,1790652137,105.0,3.9176,101.3451,0.0
DMU03,52,1790652137,77.0,5.657,102.1569,0.0
ETS207,9044,1790652137,0.0,4.4594,101.0495,0.0
ETS216,9226,1790652119,57.0,3.6735,101.529,0.0
ETS308,9524,1790652159,90.0,2.5207436,102.16803,0.0
ETS303,9523,1790652159,90.0,2.017289,103.32209,0.0
ETS301,9425,1790652159,90.0,4.5927663,101.07262,0.0
DMU10(D6120),27,1790652158,6.0,4.1858,102.0545,0.0
ETS212,9225,1790652156,110.0,5.2795,100.4785,0.0
SCS22,weekday_2130,1790652155,22.0,3.1655,101.6909,0.0
EMU31,2807,1790652155,0.0,4.5978,101.0731,0.0
SCS28,2818,1790652153,113.0,4.8261,101.0492,0.0
SCS07,weekday_2135,1790652152,103.0,3.2281,101.5606,0.0
DMU03,52,1790652152,77.0,5.6602,102.1568,0.0
ETS215,9223,1790652152,97.0,3.9137,101.346,0.0
ETS204,9343,1790652152,47.0,3.3652,101.5963,0.0
ETS207,9044,1790652212,1.0,4.4593,101.0497,0.0
DMU09,35,1790652211,48.0,3.5051,102.3466,0.0
ETS304,9224,1790652159,90.0,5.4266925,100.48443,0.0
ETS306,9323,1790652159,90.0,3.0897152,101.71154,0.0
ETS309,9326,1790652159,90.0,2.4737606,102.90931,0.0
SCS07,weekday_2135,1790652212,98.0,3.2151,101.5698,0.0
SCS28,2818,1790652213,116.0,4.8249,101.0322,0.0
ETS215,9223,1790652212,113.0,3.9015,101.358,0.0
DMU03,52,1790652212,78.0,5.6729,102.157,0.0
ETS207,9044,1790652212,1.0,4.4593,101.0497,0.0
ETS309,9326,1790652280,90.0,2.4900272,102.87538,0.0
ETS306,9323,1790652280,90.0,3.0765767,101.71303,0.0
ETS308,9524,1790652280,90.0,2.5493639,102.13779,0.0
ETS301,9425,1790652279,90.0,4.575873,101.06679,0.0
ETS304,9224,1790652279,90.0,5.465934,100.49729,0.0
ETS303,9523,1790652279,90.0,1.9868332,103.330505,0.0
DMU10(D6120),27,1790652248,0.0,4.1861,102.0542,0.0
ETS303,9523,1790652279,90.0,1.9868332,103.330505,0.0
ETS304,9224,1790652279,90.0,5.465934,100.49729,0.0
ETS301,9425,1790652279,90.0,4.575873,101.06679,0.0
ETS309,9326,1790652280,90.0,2.4900272,102.87538,0.0
ETS306,9323,1790652280,90.0,3.0765767,101.71303,0.0
ETS308,9524,1790652280,90.0,2.5493639,102.13779,0.0
ETS304,9224,1790652400,90.0,5.481743,100.49883,0.0
ETS306,9323,1790652400,90.0,3.0759997,101.7124,0.0
ETS309,9326,1790652400,90.0,0.0027284583,0.0154984975,0.0
ETS301,9425,1790652400,90.0,4.5427017,101.055,0.0
ETS310,9428,1790652400,90.0,1.4663968,103.763535,0.0
ETS303,9523,1790652400,90.0,1.9505229,103.34773,0.0
ETS308,9524,1790652400,90.0,2.5756252,102.106064,0.0
ETS304,9224,1790652400,90.0,5.481743,100.49883,0.0
ETS310,9428,1790652400,90.0,1.4663968,103.763535,0.0
ETS301,9425,1790652400,90.0,4.5427017,101.055,0.0
ETS303,9523,1790652400,90.0,1.9505229,103.34773,0.0
ETS306,9323,1790652400,90.0,3.0759997,101.7124,0.0
ETS308,9524,1790652400,90.0,2.5756252,102.106064,0.0
ETS309,9326,1790652400,90.0,0.0027284583,0.0154984975,0.0
SCS23,2920,1790652458,115.0,5.9117,100.4693,0.0
ETS208,9442,1790652456,9.0,2.9765,101.7905,0.0
ETS308,9524,1790652521,90.0,2.611899,102.08433,0.0
ETS310,9428,1790652521,90.0,1.4830173,103.75672,0.0
ETS303,9523,1790652521,90.0,1.9225054,103.377014,0.0
ETS304,9224,1790652521,90.0,5.501129,100.50403,0.0
ETS306,9323,1790652521,90.0,3.0529687,101.707825,0.0
ETS301,9425,1790652521,90.0,4.5322323,101.05306,0.0
ETS309,9326,1790652521,90.0,2.5068007,102.814415,0.0
SCS19,weekday_2022,1790652462,52.0,3.2155,101.6722,0.0
EMU26,2815,1790652460,0.0,4.5978,101.0733,0.0
ETS308,9524,1790652521,90.0,2.611899,102.08433,0.0
ETS303,9523,1790652521,90.0,1.9225054,103.377014,0.0
ETS310,9428,1790652521,90.0,1.4830173,103.75672,0.0
ETS301,9425,1790652521,90.0,4.5322323,101.05306,0.0
ETS309,9326,1790652521,90.0,2.5068007,102.814415,0.0
ETS306,9323,1790652521,90.0,3.0529687,101.707825,0.0
ETS304,9224,1790652521,90.0,5.501129,100.50403,0.0
ETS204,9343,1790652572,87.0,3.3014,101.5749,0.0
EMU26,2815,1790652565,0.0,4.5978,101.0733,0.0
SCS23,2920,1790652563,115.0,5.9411,100.458,0.0
ETS208,9442,1790652561,11.0,2.9812,101.7904,0.0
DMU09,35,1790652541,0.0,3.4848,102.3433,0.0
DMU10(D6120),27,1790652593,0.0,4.1865,102.0537,0.0
ETS304,9224,1790652642,90.0,5.539093,100.50337,0.0
ETS306,9323,1790652642,90.0,3.025943,101.71521,0.0
ETS309,9326,1790652642,90.0,2.509492,102.811516,0.0
ETS301,9425,1790652642,90.0,4.517829,101.05042,0.0
ETS310,9428,1790652642,90.0,1.5125924,103.74517,0.0
ETS308,9524,1790652642,90.0,2.6357994,102.05155,0.0
ETS303,9523,1790652642,90.0,1.8910869,103.40213,0.0
SCS22,weekday_2130,1790652590,0.0,3.1922,101.6546,0.0
SCS07,weekday_2135,1790652572,76.0,3.2007,101.6025,0.0
ETS215,9223,1790652572,115.0,3.8169,101.4113,0.0
ETS207,9044,1790652572,69.0,4.5269,101.0507,0.0
ETS304,9224,1790652642,90.0,5.539093,100.50337,0.0
ETS310,9428,1790652642,90.0,1.5125924,103.74517,0.0
ETS308,9524,1790652642,90.0,2.6357994,102.05155,0.0
ETS303,9523,1790652642,90.0,1.8910869,103.40213,0.0
ETS306,9323,1790652642,90.0,3.025943,101.71521,0.0
ETS301,9425,1790652642,90.0,4.517829,101.05042,0.0
ETS309,9326,1790652642,90.0,2.509492,102.811516,0.0
ETS304,9224,1790652762,90.0,5.5805383,100.495705,0.0
ETS306,9323,1790652762,90.0,3.004215,101.73022,0.0
ETS309,9326,1790652762,90.0,2.5291936,102.786964,0.0
ETS308,9524,1790652762,90.0,2.6547048,102.019516,0.0
ETS310,9428,1790652762,90.0,1.5355433,103.72652,0.0
ETS303,9523,1790652762,90.0,1.8847795,103.40539,0.0
ETS301,9425,1790652762,90.0,4.4882116,101.04467,0.0
ETS304,9224,1790652762,90.0,5.5805383,100.495705,0.0
ETS310,9428,1790652762,90.0,1.5355433,103.72652,0.0
ETS303,9523,1790652762,90.0,1.8847795,103.40539,0.0
ETS308,9524,1790652762,90.0,2.6547048,102.019516,0.0
ETS306,9323,1790652762,90.0,3.004215,101.73022,0.0
ETS301,9425,1790652762,90.0,4.4882116,101.04467,0.0
ETS309,9326,1790652762,90.0,2.5291936,102.786964,0.0
ETS212,9225,1790652756,0.0,5.1311,100.4861,0.0
ETS208,9442,1790652756,0.0,2.9814,101.7907,0.0
EMU31,2807,1790652755,0.0,4.5978,101.0731,0.0
SCS28,2818,1790652753,2.0,4.776,100.9314,0.0
SCS07,weekday_2135,1790652752,0.0,3.2085,101.629,0.0
ETS215,9223,1790652752,115.0,3.7708,101.4361,0.0
DMU03,52,1790652752,89.0,5.7346,102.1617,0.0
ETS204,9343,1790652752,77.0,3.2686,101.5594,0.0
ETS308,9524,1790652883,90.0,2.6605296,101.99664,0.0
ETS303,9523,1790652883,90.0,1.8640474,103.41437,0.0
ETS310,9428,1790652883,90.0,1.5362624,103.725105,0.0
ETS301,9425,1790652883,90.0,4.460367,101.049736,0.0
ETS309,9326,1790652883,90.0,2.5526876,102.75874,0.0
ETS306,9323,1790652883,90.0,2.990687,101.75729,0.0
ETS304,9224,1790652883,90.0,5.6213865,100.4956,0.0
EMU31,2807,1790652920,0.0,4.5978,101.0731,0.0
ETS309,9326,1790652883,90.0,2.5526876,102.75874,0.0
ETS301,9425,1790652883,90.0,4.460367,101.049736,0.0
ETS303,9523,1790652883,90.0,1.8640474,103.41437,0.0
ETS308,9524,1790652883,90.0,2.6605296,101.99664,0.0
ETS306,9323,1790652883,90.0,2.990687,101.75729,0.0
ETS304,9224,1790652883,90.0,5.6213865,100.4956,0.0
ETS310,9428,1790652883,90.0,1.5362624,103.725105,0.0
SCS22,weekday_2130,1790652905,47.0,3.2086,101.6289,0.0
DMU10(D6120),27,1790652953,0.0,4.1873,102.0529,0.0
SCS23,2920,1790652953,114.0,6.0197,100.4137,0.0
ETS208,9442,1790652951,0.0,2.9815,101.7903,0.0
DMU13,53,1790652942,37.0,5.1141,102.069,0.0
DMU06,34,1790652962,58.0,3.4607,102.3422,0.0
ETS215,9223,1790652962,84.0,3.7318,101.4561,0.0
ETS212,9225,1790652951,121.0,5.1149,100.4895,0.0
DMU03,52,1790652932,56.0,5.7633,102.1457,0.0
EMU31,2807,1790652950,0.0,4.5978,101.0731,0.0
ETS308,9524,1790653004,90.0,2.6787968,101.977425,0.0
ETS310,9428,1790653004,90.0,1.5403335,103.70836,0.0
ETS309,9326,1790653004,90.0,2.5726023,102.727104,0.0
ETS304,9224,1790653003,90.0,5.6424932,100.49088,0.0
ETS306,9323,1790653003,90.0,2.9928381,101.7814,0.0
ETS301,9425,1790653003,90.0,4.45851,101.05056,0.0
ETS303,9523,1790653003,90.0,1.8358996,103.44105,0.0
SCS28,2818,1790652963,111.0,4.7729,100.8917,0.0
ETS204,9343,1790652962,108.0,3.2264,101.5614,0.0
SCS19,weekday_2022,1790652957,0.0,3.2371,101.6812,0.0
ETS309,9326,1790653004,90.0,2.5726023,102.727104,0.0
ETS310,9428,1790653004,90.0,1.5403335,103.70836,0.0
ETS308,9524,1790653004,90.0,2.6787968,101.977425,0.0
ETS303,9523,1790653003,90.0,1.8358996,103.44105,0.0
ETS304,9224,1790653003,90.0,5.6424932,100.49088,0.0
ETS301,9425,1790653003,90.0,4.45851,101.05056,0.0
ETS306,9323,1790653003,90.0,2.9928381,101.7814,0.0
ETS304,9224,1790653124,90.0,5.653095,100.4927,0.0
ETS306,9323,1790653124,90.0,2.9822977,101.791534,0.0
ETS309,9326,1790653124,90.0,2.583053,102.6924,0.0
ETS301,9425,1790653124,90.0,4.4513817,101.05387,0.0
ETS310,9428,1790653124,90.0,1.5653222,103.68883,0.0
ETS303,9523,1790653124,90.0,1.8162131,103.47465,0.0
ETS308,9524,1790653124,90.0,2.7000468,101.961296,0.0
ETS309,9326,1790653124,90.0,2.583053,102.6924,0.0
ETS301,9425,1790653124,90.0,4.4513817,101.05387,0.0
ETS310,9428,1790653124,90.0,1.5653222,103.68883,0.0
ETS303,9523,1790653124,90.0,1.8162131,103.47465,0.0
ETS308,9524,1790653124,90.0,2.7000468,101.961296,0.0
ETS304,9224,1790653124,90.0,5.653095,100.4927,0.0
ETS306,9323,1790653124,90.0,2.9822977,101.791534,0.0
ETS215,9223,1790653112,115.0,3.7088,101.4913,0.0
ETS216,9226,1790653139,102.0,3.822,101.4062,0.0
ETS204,9343,1790653112,0.0,3.2065,101.5794,0.0
DMU06,34,1790653112,45.0,3.4768,102.3448,0.0
DMU09,35,1790653141,0.0,3.4848,102.3432,0.0
DMU13,53,1790653122,30.0,5.0983,102.0735,0.0
EMU31,2807,1790653115,0.0,4.5978,101.0731,0.0
SCS28,2818,1790653113,19.0,4.7781,100.8573,0.0
ETS303,9523,1790653244,90.0,1.8115935,103.47968,0.0
ETS301,9425,1790653244,90.0,4.441145,101.05858,0.0
ETS304,9224,1790653244,90.0,5.690234,100.50578,0.0
ETS309,9326,1790653245,90.0,0.0027284583,0.0154984975,0.0
ETS308,9524,1790653245,90.0,2.713405,101.94853,0.0
ETS310,9428,1790653245,90.0,1.584277,103.66279,0.0
ETS306,9323,1790653245,90.0,2.972145,101.791336,0.0
ETS208,9442,1790653251,0.0,2.9818,101.7905,0.0
ETS212,9225,1790653251,138.0,5.0202,100.5342,0.0
SCS28,2818,1790653248,115.0,4.7762,100.8349,0.0
ETS215,9223,1790653247,0.0,3.6853,101.5176,0.0
DMU09,35,1790653276,0.0,3.4848,102.3432,0.0
ETS216,9226,1790653274,77.0,3.846,101.3898,0.0
ETS309,9326,1790653245,90.0,0.0027284583,0.0154984975,0.0
ETS308,9524,1790653245,90.0,2.713405,101.94853,0.0
ETS310,9428,1790653245,90.0,1.584277,103.66279,0.0
ETS306,9323,1790653245,90.0,2.972145,101.791336,0.0
ETS301,9425,1790653244,90.0,4.441145,101.05858,0.0
ETS304,9224,1790653244,90.0,5.690234,100.50578,0.0
ETS303,9523,1790653244,90.0,1.8115935,103.47968,0.0
DMU06,34,1790653247,0.0,3.4847,102.3433,0.0
ETS304,9224,1790653365,90.0,5.7296157,100.5116,0.0
ETS310,9428,1790653365,90.0,1.6212058,103.647385,0.0
ETS309,9326,1790653365,90.0,2.580556,102.62028,0.0
ETS301,9425,1790653365,90.0,4.4198723,101.07003,0.0
ETS306,9323,1790653365,90.0,2.9451325,101.78805,0.0
ETS308,9524,1790653365,90.0,2.7185237,101.94101,0.0
ETS303,9523,1790653365,90.0,1.7898161,103.49473,0.0
ETS304,9224,1790653365,90.0,5.7296157,100.5116,0.0
ETS310,9428,1790653365,90.0,1.6212058,103.647385,0.0
ETS308,9524,1790653365,90.0,2.7185237,101.94101,0.0
ETS303,9523,1790653365,90.0,1.7898161,103.49473,0.0
ETS306,9323,1790653365,90.0,2.9451325,101.78805,0.0
ETS301,9425,1790653365,90.0,4.4198723,101.07003,0.0
ETS309,9326,1790653365,90.0,2.580556,102.62028,0.0
ETS304,9224,1790653486,90.0,5.7681003,100.49528,0.0
ETS306,9323,1790653486,90.0,2.9247613,101.79579,0.0
ETS309,9326,1790653486,90.0,2.5789576,102.61399,0.0
ETS301,9425,1790653486,90.0,4.3843884,101.0901,0.0
ETS310,9428,1790653486,90.0,1.6496722,103.61659,0.0
ETS308,9524,1790653486,90.0,2.7181988,101.941475,0.0
ETS303,9523,1790653486,90.0,1.7523127,103.50622,0.0
ETS215,9223,1790653502,113.0,3.6513,101.5473,0.0
ETS208,9442,1790653506,88.0,2.9919,101.7486,0.0
ETS212,9225,1790653506,137.0,5.0433,100.6166,0.0
EMU31,2807,1790653505,0.0,4.5978,101.0731,0.0
SCS22,weekday_2130,1790653505,64.0,3.243,101.5605,0.0
ETS301,9425,1790653486,90.0,4.3843884,101.0901,0.0
DMU06,34,1790653502,5.0,3.485,102.3432,0.0
DMU09,35,1790653501,0.0,3.4848,102.3432,0.0
SCS08,weekday_2026,1790653494,41.0,3.117,101.6794,0.0
ETS304,9224,1790653486,90.0,5.7681003,100.49528,0.0
ETS309,9326,1790653486,90.0,2.5789576,102.61399,0.0
ETS306,9323,1790653486,90.0,2.9247613,101.79579,0.0
ETS310,9428,1790653486,90.0,1.6496722,103.61659,0.0
ETS308,9524,1790653486,90.0,2.7181988,101.941475,0.0
ETS303,9523,1790653486,90.0,1.7523127,103.50622,0.0
ETS310,9428,1790653606,90.0,1.6644111,103.59956,0.0
ETS303,9523,1790653606,90.0,1.7185553,103.52345,0.0
ETS308,9524,1790653606,90.0,2.7203777,101.93618,0.0
SCS07,weekday_2135,1790653540,50.0,3.1601,101.6926,0.0
ETS213,9108,1790653540,0.0,3.137,101.6913,0.0
DMU13,53,1790653542,42.0,5.0635,102.0692,0.0
SCS08,weekday_2026,1790653534,0.0,3.1192,101.6788,0.0
ETS304,9224,1790653606,90.0,5.807447,100.48065,0.0
ETS306,9323,1790653606,90.0,2.9066665,101.794014,0.0
ETS309,9326,1790653606,90.0,0.0027284583,0.0154984975,0.0
ETS301,9425,1790653606,90.0,4.3518844,101.11422,0.0
ETS301,9425,1790653606,90.0,4.3518844,101.11422,0.0
ETS304,9224,1790653606,90.0,5.807447,100.48065,0.0
ETS309,9326,1790653606,90.0,0.0027284583,0.0154984975,0.0
ETS310,9428,1790653606,90.0,1.6644111,103.59956,0.0
ETS303,9523,1790653606,90.0,1.7185553,103.52345,0.0
ETS308,9524,1790653606,90.0,2.7203777,101.93618,0.0
ETS306,9323,1790653606,90.0,2.9066665,101.794014,0.0
ETS215,9223,1790653637,108.0,3.6209,101.5725,0.0
DMU09,35,1790653636,0.0,3.4848,102.3433,0.0
DMU03,52,1790653637,98.0,5.8475,102.1519,0.0
ETS304,9224,1790653727,90.0,5.849551,100.47771,0.0
ETS309,9326,1790653727,90.0,2.5763428,102.604576,0.0
ETS301,9425,1790653727,90.0,4.317291,101.13937,0.0
ETS310,9428,1790653727,90.0,1.6645218,103.59931,0.0
ETS308,9524,1790653727,90.0,2.7225912,101.92178,0.0
ETS303,9523,1790653727,90.0,1.6952618,103.55747,0.0
ETS306,9323,1790653727,90.0,2.902229,101.78673,0.0
ETS215,9223,1790653712,112.0,3.6066,101.5885,0.0
DMU03,52,1790653712,92.0,5.8664,102.1542,0.0
EMU26,2815,1790653675,0.0,4.5977,101.0733,0.0
ETS213,9108,1790653675,7.0,3.1458,101.6917,0.0
ETS304,9224,1790653727,90.0,5.849551,100.47771,0.0
ETS309,9326,1790653727,90.0,2.5763428,102.604576,0.0
ETS301,9425,1790653727,90.0,4.317291,101.13937,0.0
ETS310,9428,1790653727,90.0,1.6645218,103.59931,0.0
ETS308,9524,1790653727,90.0,2.7225912,101.92178,0.0
ETS303,9523,1790653727,90.0,1.6952618,103.55747,0.0
ETS306,9323,1790653727,90.0,2.902229,101.78673,0.0
SCS22,weekday_2130,1790653715,5.0,3.2588,101.5549,0.0
SCS28,2818,1790653713,103.0,4.8396,100.7279,0.0
ETS309,9326,1790653848,90.0,0.0027284583,0.0154984975,0.0
ETS308,9524,1790653848,90.0,2.7289922,101.90082,0.0
ETS310,9428,1790653848,90.0,1.6776917,103.58107,0.0
ETS303,9523,1790653847,90.0,1.6711583,103.58949,0.0
ETS301,9425,1790653847,90.0,4.3020315,101.1543,0.0
ETS306,9323,1790653847,90.0,2.887673,101.79993,0.0
ETS304,9224,1790653847,90.0,5.8913193,100.47745,0.0
ETS208,9442,1790653836,37.0,3.0075,101.7267,0.0
SCS22,weekday_2130,1790653835,73.0,3.2652,101.5585,0.0
ETS309,9326,1790653848,90.0,0.0027284583,0.0154984975,0.0
ETS310,9428,1790653848,90.0,1.6776917,103.58107,0.0
ETS308,9524,1790653848,90.0,2.7289922,101.90082,0.0
ETS304,9224,1790653847,90.0,5.8913193,100.47745,0.0
ETS306,9323,1790653847,90.0,2.887673,101.79993,0.0
ETS301,9425,1790653847,90.0,4.3020315,101.1543,0.0
ETS303,9523,1790653847,90.0,1.6711583,103.58949,0.0
ETS208,9442,1790653836,37.0,3.0075,101.7267,0.0
SCS22,weekday_2130,1790653865,77.0,3.2713,101.5602,0.0
EMU31,2807,1790653865,0.0,4.5978,101.0731,0.0
SCS10,weekday_2139,1790653886,108.0,3.6333,101.5619,0.0
ETS304,9224,1790653968,90.0,5.9300265,100.46281,0.0
ETS308,9524,1790653968,90.0,2.7387052,101.88003,0.0
ETS303,9523,1790653968,90.0,1.6646839,103.59886,0.0
ETS310,9428,1790653968,90.0,1.7003467,103.55168,0.0
ETS301,9425,1790653968,90.0,4.2956886,101.16117,0.0
ETS309,9326,1790653968,90.0,2.576844,102.5569,0.0
ETS306,9323,1790653968,90.0,2.8702111,101.81925,0.0
ETS308,9524,1790653968,90.0,2.7387052,101.88003,0.0
ETS310,9428,1790653968,90.0,1.7003467,103.55168,0.0
ETS303,9523,1790653968,90.0,1.6646839,103.59886,0.0
ETS301,9425,1790653968,90.0,4.2956886,101.16117,0.0
ETS309,9326,1790653968,90.0,2.576844,102.5569,0.0
ETS306,9323,1790653968,90.0,2.8702111,101.81925,0.0
ETS304,9224,1790653968,90.0,5.9300265,100.46281,0.0
SCS22,weekday_2130,1790654015,73.0,3.297,101.5751,0.0
SCS23,2920,1790654003,114.0,6.26,100.3555,0.0
ETS208,9442,1790654001,85.0,3.0325,101.7089,0.0
ETS212,9225,1790654001,139.0,5.0382,100.6971,0.0
ETS215,9223,1790653997,51.0,3.56,101.6348,0.0
EMU31,2807,1790654000,0.0,4.5978,101.0731,0.0
ETS216,9226,1790653994,125.0,4.0137,101.2941,0.0
EMU26,2815,1790654035,0.0,4.5977,101.0733,0.0
ETS213,9108,1790654035,0.0,3.1906,101.658,0.0
SCS23,2920,1790654033,114.0,6.2688,100.3537,0.0
EMU31,2807,1790654030,0.0,4.5978,101.0731,0.0
ETS306,9323,1790654089,90.0,2.8570244,101.822044,0.0
ETS310,9428,1790654089,90.0,1.7233356,103.5199,0.0
ETS309,9326,1790654089,90.0,2.5625792,102.52792,0.0
ETS308,9524,1790654089,90.0,2.7477956,101.847824,0.0
ETS303,9523,1790654088,90.0,1.6595466,103.6083,0.0
ETS301,9425,1790654088,90.0,4.268045,101.16961,0.0
ETS304,9224,1790654088,90.0,5.9683814,100.443085,0.0
ETS208,9442,1790654031,81.0,3.0388,101.709,0.0
ETS212,9225,1790654031,142.0,5.035,100.7071,0.0
SCS22,weekday_2130,1790654015,73.0,3.297,101.5751,0.0
ETS306,9323,1790654089,90.0,2.8570244,101.822044,0.0
ETS309,9326,1790654089,90.0,2.5625792,102.52792,0.0
ETS310,9428,1790654089,90.0,1.7233356,103.5199,0.0
ETS308,9524,1790654089,90.0,2.7477956,101.847824,0.0
ETS304,9224,1790654088,90.0,5.9683814,100.443085,0.0
ETS301,9425,1790654088,90.0,4.268045,101.16961,0.0
ETS303,9523,1790654088,90.0,1.6595466,103.6083,0.0
SCS10,weekday_2139,1790654186,92.0,3.5756,101.6136,0.0
ETS301,9425,1790654209,90.0,4.2340736,101.17778,0.0
ETS308,9524,1790654209,90.0,2.7562718,101.81784,0.0
EMU26,2815,1790654185,0.0,4.5977,101.0733,0.0
SCS28,2818,1790654163,115.0,4.9077,100.7182,0.0
ETS303,9523,1790654209,90.0,1.6335313,103.63494,0.0
ETS310,9428,1790654209,90.0,1.759451,103.50089,0.0
ETS304,9224,1790654209,90.0,6.005067,100.42237,0.0
ETS306,9323,1790654209,90.0,2.8384907,101.82921,0.0
ETS309,9326,1790654209,90.0,0.0027284583,0.0154984975,0.0
ETS215,9223,1790654192,94.0,3.5268,101.6298,0.0
ETS204,9343,1790654192,26.0,3.1522,101.6915,0.0
DMU03,52,1790654192,17.0,5.9186,102.156,0.0
ETS301,9425,1790654209,90.0,4.2340736,101.17778,0.0
ETS304,9224,1790654209,90.0,6.005067,100.42237,0.0
ETS309,9326,1790654209,90.0,0.0027284583,0.0154984975,0.0
ETS306,9323,1790654209,90.0,2.8384907,101.82921,0.0
ETS308,9524,1790654209,90.0,2.7562718,101.81784,0.0
ETS310,9428,1790654209,90.0,1.759451,103.50089,0.0
ETS303,9523,1790654209,90.0,1.6335313,103.63494,0.0
SCS23,2920,1790654198,114.0,6.3171,100.3429,0.0
SCS22,weekday_2130,1790654195,0.0,3.3203,101.5746,0.0
SCS08,weekday_2026,1790654194,17.0,3.1376,101.6924,0.0
SCS28,2818,1790654193,114.0,4.9166,100.7172,0.0
ETS204,9343,1790654192,26.0,3.1522,101.6915,0.0
DMU03,52,1790654192,17.0,5.9186,102.156,0.0
ETS215,9223,1790654192,94.0,3.5268,101.6298,0.0
ETS304,9224,1790654330,90.0,6.042059,100.40147,0.0
ETS306,9323,1790654330,90.0,2.8304272,101.82795,0.0
ETS309,9326,1790654330,90.0,0.0027284583,0.0154984975,0.0
ETS308,9524,1790654330,90.0,2.7813902,101.80123,0.0
ETS310,9428,1790654330,90.0,1.8002495,103.49197,0.0
ETS303,9523,1790654330,90.0,1.5991414,103.6503,0.0
ETS301,9425,1790654330,90.0,4.19764,101.18447,0.0
ETS304,9224,1790654330,90.0,6.042059,100.40147,0.0
ETS306,9323,1790654330,90.0,2.8304272,101.82795,0.0
ETS309,9326,1790654330,90.0,0.0027284583,0.0154984975,0.0
ETS301,9425,1790654330,90.0,4.19764,101.18447,0.0
ETS310,9428,1790654330,90.0,1.8002495,103.49197,0.0
ETS303,9523,1790654330,90.0,1.5991414,103.6503,0.0
ETS308,9524,1790654330,90.0,2.7813902,101.80123,0.0
ETS208,9442,1790654361,0.0,3.0761,101.7105,0.0
ETS212,9225,1790654331,137.0,4.9426,100.7214,0.0
EMU31,2807,1790654360,0.0,4.5978,101.0731,0.0
DMU09,35,1790654341,81.0,3.3993,102.3485,0.0
ETS204,9343,1790654327,0.0,3.1466,101.6913,0.0
ETS216,9226,1790654324,121.0,4.1071,101.2598,0.0
ETS213,9108,1790654335,88.0,3.2009,101.5982,0.0
DMU06,34,1790654327,29.0,3.5651,102.3675,0.0
ETS304,9224,1790654450,90.0,6.0786023,100.38085,0.0
ETS303,9523,1790654450,90.0,1.5705117,103.673775,0.0
ETS310,9428,1790654450,90.0,1.8238779,103.45924,0.0
ETS301,9425,1790654450,90.0,4.1676903,101.18979,0.0
ETS309,9326,1790654450,90.0,2.4907143,102.4448,0.0
ETS308,9524,1790654450,90.0,2.8084161,101.80695,0.0
ETS306,9323,1790654450,90.0,2.8295474,101.82779,0.0
EMU31,2807,1790654435,0.0,4.5978,101.0731,0.0
ETS308,9524,1790654450,90.0,2.8084161,101.80695,0.0
ETS304,9224,1790654450,90.0,6.0786023,100.38085,0.0
ETS309,9326,1790654450,90.0,2.4907143,102.4448,0.0
ETS301,9425,1790654450,90.0,4.1676903,101.18979,0.0
ETS310,9428,1790654450,90.0,1.8238779,103.45924,0.0
ETS303,9523,1790654450,90.0,1.5705117,103.673775,0.0
SCS19,weekday_2023,1790654487,52.0,3.2334,101.6781,0.0
SCS10,weekday_2139,1790654486,54.0,3.5437,101.6367,0.0
SCS28,2818,1790654478,114.0,4.999,100.7354,0.0
ETS204,9343,1790654477,0.0,3.1467,101.6911,0.0
ETS215,9223,1790654477,119.0,3.4519,101.6399,0.0
DMU03,52,1790654462,31.0,5.9651,102.144,0.0
ETS212,9225,1790654466,136.0,4.8953,100.7195,0.0
ETS306,9323,1790654450,90.0,2.8295474,101.82779,0.0
ETS304,9224,1790654571,90.0,6.1100025,100.36958,0.0
ETS306,9323,1790654571,90.0,2.829528,101.82779,0.0
ETS309,9326,1790654571,90.0,0.0027284583,0.0154984975,0.0
ETS301,9425,1790654571,90.0,4.1399994,101.21018,0.0
ETS310,9428,1790654571,90.0,1.8469577,103.42547,0.0
ETS308,9524,1790654571,90.0,2.8224967,101.822014,0.0
ETS303,9523,1790654571,90.0,1.5548694,103.696465,0.0
ETS304,9224,1790654571,90.0,6.1100025,100.36958,0.0
ETS306,9323,1790654571,90.0,2.829528,101.82779,0.0
ETS309,9326,1790654571,90.0,0.0027284583,0.0154984975,0.0
ETS301,9425,1790654571,90.0,4.1399994,101.21018,0.0
ETS310,9428,1790654571,90.0,1.8469577,103.42547,0.0
ETS303,9523,1790654571,90.0,1.5548694,103.696465,0.0
ETS308,9524,1790654571,90.0,2.8224967,101.822014,0.0
ETS216,9226,1790654609,116.0,4.1645,101.1893,0.0
ETS309,9326,1790654692,90.0,2.462495,102.37446,0.0
ETS308,9524,1790654692,90.0,2.8427749,101.826256,0.0
ETS310,9428,1790654692,90.0,1.8827032,103.40642,0.0
ETS301,9425,1790654691,90.0,4.119553,101.242424,0.0
ETS306,9323,1790654691,90.0,2.8287501,101.82763,0.0
ETS304,9224,1790654691,90.0,6.112414,100.3708,0.0
ETS303,9523,1790654691,90.0,1.5401847,103.71707,0.0
EMU26,2815,1790654650,0.0,4.5977,101.0733,0.0
ETS208,9442,1790654646,0.0,3.1094,101.6917,0.0
ETS212,9225,1790654646,8.0,4.8535,100.7326,0.0
EMU31,2807,1790654645,0.0,4.5978,101.0731,0.0
ETS207,9049,1790654732,0.0,4.5967,101.0727,0.0
SCS23,2920,1790654693,114.0,6.4163,100.2737,0.0
ETS206,9449,1790654693,0.0,6.6621,100.3193,0.0
ETS308,9524,1790654692,90.0,2.8427749,101.826256,0.0
ETS309,9326,1790654692,90.0,2.462495,102.37446,0.0
ETS310,9428,1790654692,90.0,1.8827032,103.40642,0.0
ETS306,9323,1790654691,90.0,2.8287501,101.82763,0.0
ETS208,9442,1790654691,78.0,3.1135,101.6809,0.0
ETS212,9225,1790654691,0.0,4.8535,100.7326,0.0
ETS304,9224,1790654691,90.0,6.112414,100.3708,0.0
ETS301,9425,1790654691,90.0,4.119553,101.242424,0.0
ETS303,9523,1790654691,90.0,1.5401847,103.71707,0.0
EMU31,2807,1790654690,0.0,4.5978,101.0731,0.0
SCS22,weekday_2130,1790654735,0.0,3.3765,101.6149,0.0
SCS28,2818,1790654733,114.0,5.0393,100.6788,0.0
DMU03,52,1790654732,47.0,5.9945,102.1421,0.0
EMU31,2807,1790654735,0.0,4.5978,101.0731,0.0
ETS204,9343,1790654762,3.0,3.1467,101.6911,0.0
ETS310,9428,1790654812,90.0,1.9164594,103.38171,0.0
ETS303,9523,1790654812,90.0,1.5361569,103.725266,0.0
ETS306,9323,1790654812,90.0,2.8155477,101.81588,0.0
ETS309,9326,1790654812,90.0,2.4570944,102.33718,0.0
ETS301,9425,1790654812,90.0,4.093023,101.27082,0.0
ETS304,9224,1790654812,90.0,6.1342025,100.380585,0.0
ETS308,9524,1790654812,90.0,2.8622377,101.82057,0.0
ETS215,9223,1790654762,111.0,3.3822,101.6206,0.0
DMU06,34,1790654762,67.0,3.6355,102.381,0.0
ETS207,9049,1790654762,18.0,4.5955,101.0722,0.0
ETS212,9225,1790654736,0.0,4.8535,100.7326,0.0
ETS208,9442,1790654736,0.0,3.1163,101.6795,0.0
ETS304,9224,1790654812,90.0,6.1342025,100.380585,0.0
ETS309,9326,1790654812,90.0,2.4570944,102.33718,0.0
ETS301,9425,1790654812,90.0,4.093023,101.27082,0.0
ETS310,9428,1790654812,90.0,1.9164594,103.38171,0.0
ETS308,9524,1790654812,90.0,2.8622377,101.82057,0.0
ETS303,9523,1790654812,90.0,1.5361569,103.725266,0.0
ETS306,9323,1790654812,90.0,2.8155477,101.81588,0.0
ETS306,9323,1790654933,90.0,2.7936978,101.79708,0.0
ETS310,9428,1790654933,90.0,1.9451325,103.35241,0.0
ETS309,9326,1790654933,90.0,2.4556203,102.29969,0.0
ETS308,9524,1790654933,90.0,2.8813334,101.812836,0.0
ETS303,9523,1790654932,90.0,1.5328693,103.73213,0.0
ETS301,9425,1790654932,90.0,4.054402,101.28374,0.0
ETS304,9224,1790654932,90.0,6.176382,100.378815,0.0
ETS306,9323,1790654933,90.0,2.7936978,101.79708,0.0
ETS308,9524,1790654933,90.0,2.8813334,101.812836,0.0
ETS310,9428,1790654933,90.0,1.9451325,103.35241,0.0
ETS309,9326,1790654933,90.0,2.4556203,102.29969,0.0
ETS304,9224,1790654932,90.0,6.176382,100.378815,0.0
ETS303,9523,1790654932,90.0,1.5328693,103.73213,0.0
ETS301,9425,1790654932,90.0,4.054402,101.28374,0.0
ETS213,9108,1790654965,81.0,3.301,101.5749,0.0
ETS215,9223,1790654927,58.0,3.3639,101.5913,0.0
ETS304,9224,1790655053,90.0,6.215808,100.365265,0.0
ETS306,9323,1790655053,90.0,2.7634838,101.808975,0.0
ETS309,9326,1790655053,90.0,2.4588826,102.26221,0.0
ETS301,9425,1790655053,90.0,4.021946,101.290375,0.0
ETS310,9428,1790655053,90.0,1.9818944,103.33292,0.0
ETS303,9523,1790655053,90.0,1.5058984,103.74999,0.0
ETS308,9524,1790655053,90.0,2.8956513,101.788795,0.0
SCS19,weekday_2023,1790654997,26.0,3.1974,101.6819,0.0
ETS213,9108,1790654995,80.0,3.3076,101.575,0.0
EMU31,2807,1790654990,0.0,4.5978,101.0731,0.0
ETS215,9223,1790654987,95.0,3.3632,101.5775,0.0
SCS22,weekday_2130,1790654975,102.0,3.4263,101.6276,0.0
ETS215,9223,1790655062,106.0,3.347,101.5723,0.0
ETS216,9226,1790655059,96.0,4.2842,101.1639,0.0
ETS310,9428,1790655053,90.0,1.9818944,103.33292,0.0
ETS308,9524,1790655053,90.0,2.8956513,101.788795,0.0
ETS303,9523,1790655053,90.0,1.5058984,103.74999,0.0
ETS304,9224,1790655053,90.0,6.215808,100.365265,0.0
ETS301,9425,1790655053,90.0,4.021946,101.290375,0.0
ETS309,9326,1790655053,90.0,2.4588826,102.26221,0.0
ETS306,9323,1790655053,90.0,2.7634838,101.808975,0.0
DMU03,52,1790655032,56.0,6.0274,102.1399,0.0
DMU06,34,1790655032,64.0,3.6812,102.3753,0.0
SCS19,weekday_2023,1790655087,45.0,3.1887,101.6888,0.0
SCS10,weekday_2139,1790655086,106.0,3.4512,101.6397,0.0
SCS07,weekday_2138,1790655070,0.0,3.1361,101.6893,0.0
ETS213,9108,1790655070,39.0,3.3183,101.5748,0.0
EMU31,2807,1790655065,0.0,4.5978,101.0731,0.0
ETS212,9225,1790655036,136.0,4.7874,100.7637,0.0
ETS208,9442,1790655036,0.0,3.1317,101.6831,0.0
SCS22,weekday_2130,1790655035,77.0,3.4389,101.6371,0.0
SCS28,2818,1790655033,115.0,5.0449,100.5894,0.0
ETS207,9049,1790655032,99.0,4.5593,101.0581,0.0
ETS204,9343,1790655032,15.0,3.146,101.6916,0.0
ETS310,9428,1790655174,90.0,2.0213432,103.3211,0.0
ETS309,9326,1790655174,90.0,2.460505,102.23277,0.0
ETS306,9323,1790655174,90.0,2.751395,101.8351,0.0
ETS304,9224,1790655174,90.0,6.2564864,100.35694,0.0
ETS301,9425,1790655173,90.0,3.9890265,101.31084,0.0
ETS303,9523,1790655174,90.0,1.4778563,103.75652,0.0
ETS308,9524,1790655174,90.0,2.9036086,101.78739,0.0
ETS304,9224,1790655174,90.0,6.2564864,100.35694,0.0
ETS309,9326,1790655174,90.0,2.460505,102.23277,0.0
ETS310,9428,1790655174,90.0,2.0213432,103.3211,0.0
ETS303,9523,1790655174,90.0,1.4778563,103.75652,0.0
ETS308,9524,1790655174,90.0,2.9036086,101.78739,0.0
ETS306,9323,1790655174,90.0,2.751395,101.8351,0.0
ETS301,9425,1790655173,90.0,3.9890265,101.31084,0.0
ETS204,9343,1790655212,0.0,3.1424,101.6941,0.0
DMU06,34,1790655212,44.0,3.7057,102.3702,0.0
DMU03,52,1790655212,13.0,6.0411,102.1416,0.0
ETS303,9523,1790655294,90.0,1.4662057,103.76439,0.0
ETS310,9428,1790655294,90.0,2.035123,103.31813,0.0
ETS308,9524,1790655294,90.0,2.90718,101.794785,0.0
ETS304,9224,1790655294,90.0,6.283594,100.35139,0.0
ETS306,9323,1790655294,90.0,2.7424862,101.86662,0.0
ETS309,9326,1790655294,90.0,2.4634173,102.22682,0.0
ETS301,9425,1790655294,90.0,3.9543796,101.32738,0.0
ETS207,9049,1790655212,76.0,4.5261,101.0506,0.0
SCS28,2818,1790655213,113.0,5.0185,100.5432,0.0
ETS215,9223,1790655212,78.0,3.3198,101.5748,0.0
ETS304,9224,1790655294,90.0,6.283594,100.35139,0.0
ETS306,9323,1790655294,90.0,2.7424862,101.86662,0.0
ETS303,9523,1790655294,90.0,1.4662057,103.76439,0.0
ETS301,9425,1790655294,90.0,3.9543796,101.32738,0.0
ETS310,9428,1790655294,90.0,2.035123,103.31813,0.0
ETS208,9442,1790655291,0.0,3.1317,101.6831,0.0
EMU31,2807,1790655290,0.0,4.5979,101.073,0.0
ETS308,9524,1790655294,90.0,2.90718,101.794785,0.0
ETS309,9326,1790655294,90.0,2.4634173,102.22682,0.0
DMU09,35,1790655371,0.0,3.3314,102.4202,0.0
ETS212,9225,1790655336,129.0,4.7759,100.8664,0.0
ETS215,9223,1790655332,75.0,3.2945,101.5746,0.0
ETS204,9343,1790655332,15.0,3.1379,101.6928,0.0
ETS301,9425,1790655415,90.0,3.923797,101.344795,0.0
ETS308,9524,1790655415,90.0,2.9306042,101.795364,0.0
ETS310,9428,1790655415,90.0,2.037067,103.31759,0.0
ETS303,9523,1790655415,90.0,0.0027284583,0.0154984975,0.0
ETS304,9224,1790655415,90.0,6.3345027,100.3299,0.0
ETS306,9323,1790655415,90.0,2.7404451,101.89255,0.0
ETS309,9326,1790655415,90.0,2.4634137,102.22682,0.0
ETS208,9442,1790655366,0.0,3.1317,101.6831,0.0
DMU03,52,1790655362,12.0,6.0436,102.1428,0.0
DMU06,34,1790655362,0.0,3.7098,102.3668,0.0
ETS207,9049,1790655362,111.0,4.4974,101.0452,0.0
SCS23,2920,1790655338,116.0,6.5447,100.26,0.0
EMU31,2807,1790655380,0.0,4.5979,101.073,0.0
SCS22,weekday_2130,1790655365,39.0,3.4996,101.6343,0.0
SCS28,2818,1790655363,52.0,5.0304,100.5264,0.0
SCS19,weekday_2023,1790655372,21.0,3.1738,101.6849,0.0
ETS308,9524,1790655415,90.0,2.9306042,101.795364,0.0
ETS306,9323,1790655415,90.0,2.7404451,101.89255,0.0
ETS310,9428,1790655415,90.0,2.037067,103.31759,0.0
ETS304,9224,1790655415,90.0,6.3345027,100.3299,0.0
ETS303,9523,1790655415,90.0,0.0027284583,0.0154984975,0.0
ETS309,9326,1790655415,90.0,2.4634137,102.22682,0.0
ETS301,9425,1790655415,90.0,3.923797,101.344795,0.0
ETS310,9428,1790655536,90.0,2.0638685,103.30254,0.0
ETS309,9326,1790655536,90.0,2.4634593,102.226814,0.0
ETS308,9524,1790655536,90.0,2.9429185,101.78718,0.0
ETS301,9425,1790655535,90.0,3.895137,101.36463,0.0
ETS306,9323,1790655535,90.0,2.7247472,101.9116,0.0
ETS304,9224,1790655535,90.0,6.3684425,100.304474,0.0
ETS303,9523,1790655535,90.0,1.463164,103.7667,0.0
ETS308,9524,1790655536,90.0,2.9429185,101.78718,0.0
ETS310,9428,1790655536,90.0,2.0638685,103.30254,0.0
ETS309,9326,1790655536,90.0,2.4634593,102.226814,0.0
ETS301,9425,1790655535,90.0,3.895137,101.36463,0.0
ETS306,9323,1790655535,90.0,2.7247472,101.9116,0.0
ETS304,9224,1790655535,90.0,6.3684425,100.304474,0.0
ETS303,9523,1790655535,90.0,1.463164,103.7667,0.0
SCS23,2920,1790655569,113.0,6.6139,100.2643,0.0
EMU24,2823,1790655570,55.0,5.3632,100.4251,0.0
ETS206,9449,1790655608,63.0,6.4349,100.2675,0.0
SCS08,weekday_2026,1790655619,0.0,3.2153,101.6722,0.0
SCS07,weekday_2138,1790655610,0.0,3.1538,101.6924,0.0
ETS204,9343,1790655572,0.0,3.1367,101.6909,0.0
ETS304,9224,1790655656,90.0,6.402103,100.27931,0.0
ETS306,9323,1790655656,90.0,2.7235475,101.92523,0.0
ETS309,9326,1790655656,90.0,2.4696083,102.2108,0.0
ETS301,9425,1790655656,90.0,3.869245,101.37997,0.0
SCS28,2818,1790655573,114.0,5.0842,100.4979,0.0
ETS207,9049,1790655572,0.0,4.4686,101.0443,0.0
DMU03,52,1790655572,62.0,6.0651,102.1541,0.0
ETS215,9223,1790655572,51.0,3.2583,101.5549,0.0
ETS310,9428,1790655656,90.0,2.097054,103.27578,0.0
ETS308,9524,1790655656,90.0,2.9680798,101.79126,0.0
ETS303,9523,1790655656,90.0,1.4630753,103.76692,0.0
ETS212,9225,1790655636,0.0,4.7763,100.9314,0.0
ETS309,9326,1790655656,90.0,2.4696083,102.2108,0.0
ETS301,9425,1790655656,90.0,3.869245,101.37997,0.0
ETS310,9428,1790655656,90.0,2.097054,103.27578,0.0
ETS306,9323,1790655656,90.0,2.7235475,101.92523,0.0
ETS303,9523,1790655656,90.0,1.4630753,103.76692,0.0
ETS304,9224,1790655656,90.0,6.402103,100.27931,0.0
ETS308,9524,1790655656,90.0,2.9680798,101.79126,0.0
SCS23,2920,1790655689,114.0,6.6405,100.2854,0.0
SCS08,weekday_2026,1790655679,67.0,3.2254,101.6727,0.0
DMU03,52,1790655662,63.0,6.0777,102.1622,0.0
ETS204,9343,1790655662,0.0,3.1367,101.6909,0.0
ETS215,9223,1790655662,74.0,3.2427,101.5606,0.0
SCS10,weekday_2139,1790655641,23.0,3.3646,101.5943,0.0
SCS28,2818,1790655663,115.0,5.1097,100.4905,0.0
ETS207,9049,1790655662,30.0,4.4547,101.0518,0.0
EMU24,2823,1790655650,88.0,5.367,100.4417,0.0
SCS22,weekday_2130,1790655650,95.0,3.5411,101.6358,0.0
DMU06,34,1790655647,62.0,3.7438,102.3616,0.0
SCS07,weekday_2138,1790655640,22.0,3.1543,101.6929,0.0
SCS19,weekday_2023,1790655637,40.0,3.1627,101.6921,0.0
SCS22,weekday_2130,1790655695,75.0,3.551,101.6397,0.0
SCS28,2818,1790655693,109.0,5.1183,100.4887,0.0
ETS306,9323,1790655777,90.0,2.720378,101.93614,0.0
ETS308,9524,1790655777,90.0,2.9819055,101.7916,0.0
ETS310,9428,1790655777,90.0,2.1335878,103.25992,0.0
ETS309,9326,1790655777,90.0,2.45488,102.186356,0.0
ETS303,9523,1790655776,90.0,1.4632763,103.766464,0.0
ETS301,9425,1790655776,90.0,3.838507,101.39573,0.0
ETS304,9224,1790655776,90.0,6.4309525,100.26897,0.0
ETS215,9223,1790655692,94.0,3.2359,101.5598,0.0
ETS308,9524,1790655777,90.0,2.9819055,101.7916,0.0
ETS306,9323,1790655777,90.0,2.720378,101.93614,0.0
ETS309,9326,1790655777,90.0,2.45488,102.186356,0.0
ETS310,9428,1790655777,90.0,2.1335878,103.25992,0.0
ETS304,9224,1790655776,90.0,6.4309525,100.26897,0.0
ETS301,9425,1790655776,90.0,3.838507,101.39573,0.0
ETS303,9523,1790655776,90.0,1.4632763,103.766464,0.0
ETS303,9523,1790655897,90.0,1.4632725,103.76682,0.0
ETS308,9524,1790655897,90.0,2.9819129,101.79171,0.0
ETS310,9428,1790655897,90.0,2.1564288,103.22891,0.0
ETS301,9425,1790655897,90.0,3.809858,101.4178,0.0
ETS309,9326,1790655897,90.0,0.0027284583,0.0154984975,0.0
ETS306,9323,1790655897,90.0,2.7182324,101.94142,0.0
ETS304,9224,1790655897,90.0,6.4311852,100.268936,0.0
ETS213,9108,1790655880,113.0,3.4586,101.6388,0.0
SCS19,weekday_2023,1790655847,28.0,3.1463,101.6914,0.0
ETS208,9442,1790655846,0.0,3.1317,101.6831,0.0
EMU31,2807,1790655845,0.0,4.5979,101.073,0.0
ETS204,9343,1790655932,0.0,3.1367,101.6909,0.0
ETS310,9428,1790655897,90.0,2.1564288,103.22891,0.0
ETS303,9523,1790655897,90.0,1.4632725,103.76682,0.0
ETS207,9049,1790655932,133.0,4.405,101.0776,0.0
DMU13,53,1790655927,0.0,4.8791,101.9668,0.0
SCS10,weekday_2139,1790655926,0.0,3.3343,101.5716,0.0
ETS212,9225,1790655921,140.0,4.836,100.9594,0.0
ETS208,9442,1790655921,0.0,3.1317,101.6831,0.0
EMU31,2807,1790655920,0.0,4.5979,101.073,0.0
SCS28,2818,1790655918,108.0,5.159,100.4799,0.0
ETS308,9524,1790655897,90.0,2.9819129,101.79171,0.0
ETS301,9425,1790655897,90.0,3.809858,101.4178,0.0
ETS309,9326,1790655897,90.0,0.0027284583,0.0154984975,0.0
ETS304,9224,1790655897,90.0,6.4311852,100.268936,0.0
ETS306,9323,1790655897,90.0,2.7182324,101.94142,0.0
ETS215,9223,1790655887,0.0,3.2066,101.5797,0.0
ETS216,9226,1790655884,117.0,4.447,101.0552,0.0
DMU06,34,1790655917,69.0,3.7878,102.3596,0.0
DMU03,52,1790655917,44.0,6.0982,102.178,0.0
SCS22,weekday_2130,1790655890,103.0,3.5697,101.6176,0.0
EMU24,2823,1790655890,85.0,5.3637,100.4584,0.0
DMU09,35,1790655881,64.0,3.27,102.4157,0.0
SCS07,weekday_2138,1790655880,70.0,3.1761,101.6808,0.0
ETS207,9049,1790655932,133.0,4.405,101.0776,0.0
ETS206,9449,1790655983,135.0,6.3803,100.2956,0.0
ETS304,9224,1790656018,90.0,6.4550433,100.260666,0.0
ETS310,9428,1790656018,90.0,2.183191,103.202736,0.0
ETS309,9326,1790656018,90.0,2.529346,102.16281,0.0
ETS308,9524,1790656018,90.0,2.981909,101.79168,0.0
ETS306,9323,1790656018,90.0,2.718655,101.9408,0.0
ETS301,9425,1790656017,90.0,3.7803018,101.43659,0.0
ETS309,9326,1790656018,90.0,2.529346,102.16281,0.0
ETS306,9323,1790656018,90.0,2.718655,101.9408,0.0
ETS310,9428,1790656018,90.0,2.183191,103.202736,0.0
ETS308,9524,1790656018,90.0,2.981909,101.79168,0.0
ETS304,9224,1790656018,90.0,6.4550433,100.260666,0.0
ETS301,9425,1790656017,90.0,3.7803018,101.43659,0.0
ETS304,9224,1790656138,90.0,6.496658,100.25412,0.0
ETS301,9425,1790656138,90.0,3.7495651,101.44715,0.0
ETS309,9326,1790656138,90.0,2.5545547,102.13209,0.0
ETS306,9323,1790656138,90.0,2.7170525,101.94315,0.0
ETS308,9524,1790656138,90.0,2.982761,101.791664,0.0
ETS310,9428,1790656138,90.0,2.192037,103.189995,0.0
ETS207,9049,1790656157,131.0,4.3444,101.1189,0.0
SCS19,weekday_2023,1790656162,0.0,3.134,101.6877,0.0
ETS208,9442,1790656161,62.0,3.1755,101.682,0.0
EMU31,2807,1790656160,0.0,4.5979,101.073,0.0
SCS22,weekday_2130,1790656160,86.0,3.6223,101.5711,0.0
SCS28,2818,1790656158,114.0,5.2018,100.4856,0.0
ETS206,9449,1790656163,136.0,6.3296,100.3336,0.0
DMU06,34,1790656157,63.0,3.8136,102.3601,0.0
ETS301,9425,1790656138,90.0,3.7495651,101.44715,0.0
ETS308,9524,1790656138,90.0,2.982761,101.791664,0.0
ETS309,9326,1790656138,90.0,2.5545547,102.13209,0.0
ETS304,9224,1790656138,90.0,6.496658,100.25412,0.0
ETS306,9323,1790656138,90.0,2.7170525,101.94315,0.0
ETS310,9428,1790656138,90.0,2.192037,103.189995,0.0
ETS204,9343,1790656127,80.0,3.1067,101.6948,0.0
ETS215,9223,1790656127,83.0,3.2012,101.6,0.0
DMU09,35,1790656226,0.0,3.2463,102.4112,0.0
SCS10,weekday_2139,1790656226,0.0,3.3188,101.5749,0.0
SCS22,weekday_2130,1790656205,22.0,3.6276,101.5664,0.0
SCS28,2818,1790656203,115.0,5.2139,100.4915,0.0
ETS207,9049,1790656202,128.0,4.332,101.1278,0.0
DMU03,52,1790656172,13.0,6.1181,102.2004,0.0
ETS212,9225,1790656206,145.0,4.8266,101.0529,0.0
SCS08,weekday_2026,1790656179,0.0,3.2338,101.6799,0.0
ETS304,9224,1790656259,90.0,6.5371323,100.26012,0.0
ETS306,9323,1790656259,90.0,2.7033896,101.955765,0.0
ETS309,9326,1790656259,90.0,2.5801125,102.10339,0.0
ETS301,9425,1790656259,90.0,3.7313993,101.45721,0.0
ETS310,9428,1790656259,90.0,2.216348,103.16985,0.0
ETS308,9524,1790656259,90.0,2.99294,101.78112,0.0
ETS215,9223,1790656397,103.0,3.1931,101.653,0.0
DMU06,34,1790656397,62.0,3.8524,102.3622,0.0
DMU03,52,1790656382,48.0,6.1245,102.2073,0.0
ETS306,9323,1790656380,90.0,2.686259,101.9742,0.0
ETS309,9326,1790656380,90.0,2.6132004,102.083435,0.0
ETS310,9428,1790656380,90.0,2.2515047,103.1527,0.0
ETS304,9224,1790656380,90.0,6.577559,100.26239,0.0
ETS308,9524,1790656380,90.0,2.9913206,101.75201,0.0
ETS301,9425,1790656379,90.0,3.712932,101.48402,0.0
ETS213,9108,1790656360,112.0,3.5677,101.6197,0.0
SCS07,weekday_2138,1790656360,0.0,3.2023,101.6377,0.0
ETS206,9449,1790656358,132.0,6.2651,100.3546,0.0
ETS207,9049,1790656397,0.0,4.303,101.1531,0.0
ETS212,9225,1790656356,136.0,4.7941,101.0931,0.0
EMU31,2807,1790656400,0.0,4.5979,101.073,0.0
ETS208,9442,1790656401,0.0,3.1907,101.6581,0.0
ETS204,9343,1790656397,22.0,3.0771,101.7119,0.0
ETS308,9524,1790656500,90.0,3.0013552,101.73614,0.0
ETS310,9428,1790656500,90.0,2.289003,103.13531,0.0
ETS301,9425,1790656500,90.0,3.6902409,101.51274,0.0
ETS309,9326,1790656500,90.0,0.0027284583,0.0154984975,0.0
ETS306,9323,1790656500,90.0,2.6668131,101.992325,0.0
ETS304,9224,1790656500,90.0,6.620747,100.266304,0.0
SCS23,2931,1790656529,0.0,6.6621,100.3192,0.0
DMU09,35,1790656526,63.0,3.2188,102.4095,0.0
ETS206,9449,1790656523,137.0,6.208,100.3662,0.0
ETS204,9343,1790656502,0.0,3.0764,101.7115,0.0
ETS207,9049,1790656502,88.0,4.295,101.1608,0.0
ETS215,9223,1790656502,88.0,3.1793,101.6774,0.0
DMU06,34,1790656502,59.0,3.8695,102.3645,0.0
ETS208,9442,1790656491,74.0,3.1943,101.6495,0.0
ETS212,9225,1790656491,134.0,4.754,101.1184,0.0
ETS304,9224,1790656621,90.0,6.6456385,100.29471,0.0
ETS306,9323,1790656621,90.0,2.6543057,102.008995,0.0
ETS309,9326,1790656621,90.0,2.6541672,102.0229,0.0
ETS301,9425,1790656621,90.0,3.6836898,101.51963,0.0
ETS310,9428,1790656621,90.0,2.3171117,103.108376,0.0
ETS308,9524,1790656621,90.0,3.0041368,101.73042,0.0
SCS21,weekday_2030,1790656695,17.0,3.0994,101.704,0.0
SCS23,2931,1790656694,41.0,6.6565,100.3115,0.0
DMU09,35,1790656691,59.0,3.1968,102.4044,0.0
SCS07,weekday_2138,1790656690,0.0,3.2023,101.6377,0.0
ETS213,9108,1790656690,10.0,3.628,101.566,0.0
SCS10,weekday_2139,1790656721,0.0,3.2576,101.5548,0.0
EMU31,2807,1790656700,0.0,4.5979,101.073,0.0
ETS306,9323,1790656742,90.0,2.6435492,102.03418,0.0
SCS10,weekday_2139,1790656721,0.0,3.2576,101.5548,0.0
ETS304,9224,1790656742,90.0,6.650618,100.305466,0.0
ETS309,9326,1790656742,90.0,2.6586826,101.99859,0.0
ETS308,9524,1790656742,90.0,3.0137386,101.72421,0.0
ETS310,9428,1790656742,90.0,2.3409455,103.07355,0.0
ETS301,9425,1790656741,90.0,3.666903,101.53411,0.0
DMU06,34,1790656757,53.0,3.9055,102.3629,0.0
SCS19,weekday_2023,1790656762,0.0,3.1182,101.6791,0.0
EMU31,2807,1790656760,0.0,4.5979,101.073,0.0
ETS206,9449,1790656718,0.0,6.1832,100.3749,0.0
ETS208,9442,1790656716,81.0,3.2025,101.6129,0.0
DMU06,34,1790656817,50.0,3.9134,102.3601,0.0
SCS21,weekday_2030,1790656815,60.0,3.1055,101.6963,0.0
ETS206,9449,1790656808,98.0,6.1752,100.3784,0.0
EMU31,2807,1790656790,0.0,4.5979,101.073,0.0
ETS304,9224,1790656862,90.0,6.6554294,100.312454,0.0
ETS306,9323,1790656862,90.0,2.6272893,102.0707,0.0
ETS309,9326,1790656862,90.0,2.6746294,101.983246,0.0
ETS301,9425,1790656862,90.0,3.6463008,101.55322,0.0
ETS310,9428,1790656862,90.0,2.367987,103.04187,0.0
ETS308,9524,1790656862,90.0,3.0215523,101.71751,0.0
SCS07,weekday_2138,1790656900,0.0,3.2023,101.6377,0.0
EMU31,2807,1790656895,0.0,4.5979,101.073,0.0
ETS212,9225,1790656896,145.0,4.6291,101.1028,0.0
ETS208,9442,1790656896,38.0,3.2034,101.5856,0.0
DMU06,34,1790656952,53.0,3.9324,102.3585,0.0
DMU09,35,1790656901,35.0,3.1727,102.3933,0.0
DMU06,34,1790656952,53.0,3.9324,102.3585,0.0
SCS28,2818,1790656953,0.0,5.3664,100.4472,0.0
ETS306,9323,1790656983,90.0,2.5935311,102.09542,0.0
ETS309,9326,1790656983,90.0,2.6963272,101.96822,0.0
ETS301,9425,1790656983,90.0,3.6179092,101.57625,0.0
ETS310,9428,1790656983,90.0,2.3829405,103.02137,0.0
ETS308,9524,1790656983,90.0,3.022375,101.71717,0.0
ETS215,9223,1790656952,7.0,3.14,101.6938,0.0
ETS204,9343,1790656952,18.0,3.0299,101.7114,0.0
ETS216,9226,1790657069,5.0,4.5985,101.0729,0.0
ETS212,9225,1790657061,47.0,4.606,101.0762,0.0
ETS208,9442,1790657061,0.0,3.2058,101.581,0.0
SCS21,weekday_2030,1790657055,18.0,3.1185,101.6789,0.0
SCS23,2931,1790657054,115.0,6.5871,100.2627,0.0
EMU31,2807,1790657045,0.0,4.5979,101.073,0.0
SCS28,2818,1790657043,95.0,5.3633,100.4332,0.0
ETS204,9343,1790657042,75.0,3.0204,101.7175,0.0
DMU06,34,1790657042,0.0,3.9374,102.3576,0.0
SCS19,weekday_2023,1790657032,45.0,3.1078,101.6935,0.0
ETS310,9428,1790657104,90.0,2.3865342,103.017,0.0
ETS308,9524,1790657104,90.0,3.0256298,101.71537,0.0
ETS307,9528,1790657104,90.0,1.4622415,103.766235,0.0
DMU09,35,1790657131,43.0,3.1552,102.3811,0.0
EMU24,2823,1790657129,119.0,5.1005,100.4924,0.0
ETS301,9425,1790657104,90.0,3.598397,101.60022,0.0
ETS306,9323,1790657104,90.0,2.5622213,102.121254,0.0
ETS309,9326,1790657104,90.0,2.7106826,101.95176,0.0
SCS28,2818,1790657133,0.0,5.3644,100.4218,0.0
ETS204,9343,1790657132,75.0,3.0047,101.7288,0.0
ETS308,9524,1790657225,90.0,3.0414095,101.70916,0.0
ETS307,9528,1790657225,90.0,1.4692391,103.76153,0.0
ETS310,9428,1790657225,90.0,2.417154,103.00331,0.0
ETS309,9326,1790657225,90.0,2.718217,101.94152,0.0
ETS306,9323,1790657225,90.0,2.5368595,102.153465,0.0
ETS301,9425,1790657224,90.0,3.5711222,101.616516,0.0
SCS21,weekday_2030,1790657220,22.0,3.1248,101.6782,0.0
ETS207,9049,1790657252,136.0,4.1449,101.205,0.0
SCS07,weekday_2138,1790657251,82.0,3.2009,101.6107,0.0
ETS215,9223,1790657237,0.0,3.1366,101.6905,0.0
SCS23,2931,1790657234,100.0,6.5342,100.2587,0.0
DMU09,35,1790657233,43.0,3.1457,102.3736,0.0
SCS10,weekday_2139,1790657231,36.0,3.2039,101.585,0.0
ETS204,9343,1790657222,104.0,2.9925,101.7476,0.0
EMU24,2823,1790657264,116.0,5.0634,100.5089,0.0
SCS28,2818,1790657253,98.0,5.3675,100.414,0.0
DMU03,52,1790657252,4.0,6.1991,102.1674,0.0
ETS213,9108,1790657275,26.0,3.6503,101.5483,0.0
SCS19,weekday_2023,1790657272,0.0,3.0978,101.706,0.0
ETS206,9449,1790657258,135.0,6.0818,100.3789,0.0
ETS215,9223,1790657252,0.0,3.1366,101.6905,0.0
ETS310,9428,1790657345,90.0,2.4496655,102.97999,0.0
ETS308,9524,1790657345,90.0,3.0734646,101.71054,0.0
ETS307,9528,1790657345,90.0,1.4957883,103.756874,0.0
ETS301,9425,1790657345,90.0,3.5588925,101.63641,0.0
ETS306,9323,1790657345,90.0,2.5034065,102.175064,0.0
ETS309,9326,1790657345,90.0,0.0027284583,0.0154984975,0.0
ETS207,9049,1790657372,0.0,4.1284,101.2289,0.0
SCS21,weekday_2030,1790657370,6.0,3.1318,101.683,0.0
EMU24,2823,1790657364,110.0,5.0361,100.5234,0.0
SCS28,2818,1790657358,100.0,5.3795,100.3888,0.0
ETS215,9223,1790657357,0.0,3.1366,101.6905,0.0
DMU03,52,1790657357,0.0,6.1992,102.1673,0.0
SCS07,weekday_2138,1790657356,34.0,3.2011,101.5999,0.0
ETS204,9343,1790657267,101.0,2.9909,101.7601,0.0
ETS216,9226,1790657369,130.0,4.6467,101.1156,0.0
ETS206,9449,1790657363,0.0,6.0544,100.394,0.0
ETS208,9442,1790657406,10.0,3.2448,101.5601,0.0
SCS28,2818,1790657373,97.0,5.3814,100.3851,0.0
DMU03,52,1790657372,0.0,6.1992,102.1673,0.0
ETS207,9049,1790657372,0.0,4.1284,101.2289,0.0
EMU31,2807,1790657405,0.0,4.5979,101.073,0.0
SCS19,weekday_2023,1790657437,0.0,3.0978,101.706,0.0
ETS213,9108,1790657410,75.0,3.6753,101.5278,0.0
ETS212,9225,1790657406,97.0,4.5788,101.0664,0.0
SCS19,weekday_2023,1790657437,0.0,3.0978,101.706,0.0
SCS07,weekday_2138,1790657491,35.0,3.2045,101.5838,0.0
ETS310,9428,1790657466,90.0,2.4715276,102.94444,0.0
ETS301,9425,1790657466,90.0,3.5399427,101.6367,0.0
ETS306,9323,1790657466,90.0,2.4639895,102.18337,0.0
ETS309,9326,1790657466,90.0,2.7221193,101.92962,0.0
ETS307,9528,1790657466,90.0,1.5253828,103.737335,0.0
ETS308,9524,1790657466,90.0,3.0754356,101.71194,0.0
SCS23,2931,1790657444,112.0,6.5002,100.2534,0.0
EMU24,2823,1790657444,0.0,5.0287,100.5272,0.0
ETS216,9226,1790657444,127.0,4.6675,101.1316,0.0
DMU09,35,1790657443,0.0,3.1358,102.3705,0.0
SCS10,weekday_2139,1790657441,71.0,3.2085,101.6219,0.0
ETS213,9108,1790657440,92.0,3.6799,101.5234,0.0
ETS206,9449,1790657438,0.0,6.0544,100.394,0.0
EMU24,2823,1790657524,87.0,5.021,100.5332,0.0
DMU06,34,1790657522,38.0,3.9851,102.3356,0.0
ETS204,9343,1790657522,0.0,2.9823,101.7901,0.0
DMU09,35,1790657518,27.0,3.1329,102.3691,0.0
ETS215,9223,1790657507,0.0,3.1366,101.6905,0.0
ETS212,9225,1790657511,92.0,4.5477,101.0546,0.0
ETS207,9049,1790657522,119.0,4.0924,101.2702,0.0
DMU03,52,1790657522,15.0,6.1962,102.1673,0.0
SCS07,weekday_2138,1790657521,18.0,3.2058,101.5813,0.0
ETS216,9226,1790657519,135.0,4.6903,101.1415,0.0
SCS23,2931,1790657519,114.0,6.4777,100.2537,0.0
SCS10,weekday_2139,1790657516,0.0,3.2085,101.629,0.0
ETS213,9108,1790657515,127.0,3.6962,101.5061,0.0
ETS206,9449,1790657513,0.0,6.0544,100.394,0.0
SCS19,weekday_2023,1790657512,0.0,3.0978,101.706,0.0
ETS308,9524,1790657587,90.0,3.0823987,101.716835,0.0
ETS307,9528,1790657587,90.0,1.5361847,103.72521,0.0
ETS310,9428,1790657587,90.0,2.4750776,102.9058,0.0
ETS309,9326,1790657587,90.0,0.0027284583,0.0154984975,0.0
ETS306,9323,1790657587,90.0,2.4633634,102.20443,0.0
ETS301,9425,1790657586,90.0,3.5171251,101.62969,0.0
SCS07,weekday_2138,1790657656,48.0,3.2083,101.5758,0.0
ETS207,9049,1790657642,120.0,4.0569,101.2822,0.0
EMU26,2822,1790657725,0.0,4.5977,101.0733,0.0
ETS306,9323,1790657707,90.0,2.4638505,102.22608,0.0
ETS309,9326,1790657707,90.0,0.0027284583,0.0154984975,0.0
ETS301,9425,1790657707,90.0,3.4857373,101.63906,0.0
ETS310,9428,1790657707,90.0,2.4903708,102.86776,0.0
ETS308,9524,1790657707,90.0,3.0983222,101.70556,0.0
ETS307,9528,1790657707,90.0,1.536556,103.72455,0.0
DMU09,35,1790657702,0.0,3.1128,102.3745,0.0
ETS215,9223,1790657702,0.0,3.1366,101.6905,0.0
SCS07,weekday_2138,1790657701,108.0,3.2154,101.5695,0.0
SCS21,weekday_2030,1790657700,26.0,3.1385,101.6933,0.0
SCS23,2931,1790657699,47.0,6.4325,100.2682,0.0
ETS208,9442,1790657676,75.0,3.2903,101.5722,0.0
EMU31,2807,1790657675,0.0,4.5979,101.073,0.0
ETS207,9049,1790657672,0.0,4.0489,101.2849,0.0
EMU26,2822,1790657755,14.0,4.5981,101.0735,0.0
ETS208,9442,1790657751,64.0,3.305,101.5751,0.0
EMU31,2807,1790657750,0.0,4.5979,101.073,0.0
ETS207,9049,1790657732,0.0,4.0318,101.286,0.0
ETS216,9226,1790657849,137.0,4.7903,101.0953,0.0
ETS208,9442,1790657841,35.0,3.3148,101.5749,0.0
EMU31,2807,1790657840,0.0,4.5979,101.073,0.0
ETS306,9323,1790657828,90.0,2.4630356,102.22746,0.0
ETS309,9326,1790657828,90.0,0.0027284583,0.0154984975,0.0
ETS301,9425,1790657828,90.0,3.4631279,101.63839,0.0
ETS310,9428,1790657828,90.0,2.4981835,102.828964,0.0
ETS308,9524,1790657828,90.0,3.1124058,101.68342,0.0
ETS307,9528,1790657828,90.0,1.540744,103.711784,0.0
ETS309,9326,1790657949,90.0,2.7501082,101.83967,0.0
ETS310,9428,1790657949,90.0,2.5066652,102.81463,0.0
ETS306,9323,1790657949,90.0,2.4590182,102.2405,0.0
ETS308,9524,1790657949,90.0,3.1277761,101.68112,0.0
ETS307,9528,1790657949,90.0,1.5627258,103.692795,0.0
ETS301,9425,1790657948,90.0,3.4349036,101.63593,0.0
ETS212,9225,1790657961,99.0,4.4664,101.0455,0.0
ETS208,9442,1790657976,0.0,3.3193,101.5748,0.0
EMU31,2807,1790657975,0.0,4.5979,101.073,0.0
ETS207,9049,1790657972,81.0,3.9943,101.3081,0.0
ETS216,9226,1790657969,134.0,4.8212,101.0674,0.0
SCS10,weekday_2139,1790657966,56.0,3.1878,101.6624,0.0
ETS206,9449,1790657963,129.0,5.8564,100.4769,0.0
SCS19,weekday_2023,1790657962,0.0,3.0978,101.706,0.0
ETS208,9442,1790657976,0.0,3.3193,101.5748,0.0
EMU31,2807,1790657975,0.0,4.5979,101.073,0.0
EMU26,2822,1790657980,81.0,4.6101,101.0881,0.0
ETS212,9225,1790657976,79.0,4.4636,101.0473,0.0
SCS25,weekday_2027,1790658004,0.0,3.2371,101.6812,0.0
ETS207,9049,1790658002,63.0,3.9887,101.3102,0.0
DMU06,34,1790658002,51.0,4.0402,102.3168,0.0
DMU09,35,1790658002,0.0,3.0803,102.3716,0.0
SCS07,weekday_2138,1790658001,18.0,3.2572,101.5546,0.0
ETS204,9343,1790657987,34.0,2.908,101.794,0.0
SCS19,weekday_2023,1790657977,0.0,3.0978,101.706,0.0
EMU26,2822,1790658085,98.0,4.6301,101.1033,0.0
DMU09,35,1790658077,0.0,3.0708,102.3711,0.0
EMU24,2823,1790658075,118.0,5.0394,100.6912,0.0
SCS21,weekday_2030,1790658075,59.0,3.1615,101.6921,0.0
ETS306,9323,1790658069,90.0,2.458252,102.276436,0.0
ETS309,9326,1790658069,90.0,0.0027284583,0.0154984975,0.0
ETS301,9425,1790658069,90.0,3.4099298,101.62846,0.0
ETS310,9428,1790658069,90.0,2.5121267,102.810165,0.0
ETS308,9524,1790658069,90.0,0.0027284583,0.0154984975,0.0
ETS307,9528,1790658069,90.0,1.5804675,103.6673,0.0
SCS10,weekday_2139,1790658086,68.0,3.1831,101.6697,0.0
SCS21,weekday_2030,1790658150,0.0,3.1661,101.6903,0.0
DMU09,35,1790658151,27.0,3.0639,102.3708,0.0
ETS212,9225,1790658186,0.0,4.4602,101.0489,0.0
DMU06,34,1790658182,56.0,4.0603,102.3038,0.0
DMU09,35,1790658181,29.0,3.0614,102.3706,0.0
SCS07,weekday_2138,1790658181,63.0,3.2739,101.5618,0.0
SCS23,2931,1790658179,116.0,6.3579,100.3125,0.0
EMU24,2823,1790658175,114.0,5.0266,100.7187,0.0
ETS207,9049,1790658167,0.0,3.9831,101.3121,0.0
ETS204,9343,1790658167,32.0,2.9015,101.785,0.0
SCS21,weekday_2030,1790658165,0.0,3.1661,101.6903,0.0
ETS213,9108,1790658160,17.0,3.7598,101.4365,0.0
EMU26,2822,1790658160,106.0,4.6471,101.1158,0.0
SCS25,weekday_2027,1790658160,77.0,3.2189,101.6724,0.0
ETS206,9449,1790658158,6.0,5.8236,100.478,0.0
SCS19,weekday_2023,1790658157,0.0,3.0978,101.706,0.0
ETS307,9528,1790658190,90.0,1.6151551,103.64906,0.0
ETS309,9326,1790658190,90.0,2.785572,101.79976,0.0
ETS306,9323,1790658190,90.0,2.4538093,102.31737,0.0
ETS308,9524,1790658190,90.0,0.0027284583,0.0154984975,0.0
ETS310,9428,1790658190,90.0,2.5310547,102.7848,0.0
ETS301,9425,1790658190,90.0,3.3826382,101.62273,0.0
ETS208,9442,1790658186,62.0,3.3355,101.5721,0.0
ETS308,9524,1790658311,90.0,0.0027284583,0.0154984975,0.0
ETS307,9528,1790658311,90.0,1.6416124,103.625824,0.0
ETS310,9428,1790658311,90.0,2.5552957,102.75501,0.0
ETS309,9326,1790658311,90.0,0.0027284583,0.0154984975,0.0
ETS306,9323,1790658311,90.0,2.4605942,102.3577,0.0
ETS301,9425,1790658310,90.0,3.3695931,101.609634,0.0
EMU31,2807,1790658335,0.0,4.5979,101.073,0.0
SCS10,weekday_2139,1790658371,63.0,3.1561,101.6938,0.0
DMU06,34,1790658347,57.0,4.071,102.2816,0.0
ETS216,9226,1790658344,133.0,4.8258,100.9515,0.0
EMU26,2822,1790658339,117.0,4.688,101.1416,0.0
ETS206,9449,1790658368,0.0,5.7696,100.4945,0.0
ETS207,9049,1790658362,0.0,3.9828,101.3126,0.0
SCS07,weekday_2138,1790658361,76.0,3.3037,101.575,0.0
ETS208,9442,1790658351,85.0,3.3628,101.5848,0.0
ETS212,9225,1790658351,22.0,4.4544,101.0517,0.0
EMU31,2807,1790658350,0.0,4.5979,101.073,0.0
DMU09,35,1790658346,54.0,3.044,102.3751,0.0
SCS25,weekday_2027,1790658338,27.0,3.2051,101.6755,0.0
SCS23,2931,1790658359,114.0,6.3144,100.3443,0.0
ETS204,9343,1790658347,96.0,2.8778,101.8158,0.0
ETS213,9108,1790658340,15.0,3.7714,101.4359,0.0
SCS19,weekday_2023,1790658337,0.0,3.0978,101.706,0.0
ETS307,9528,1790658431,90.0,1.6628709,103.603424,0.0
ETS301,9425,1790658431,90.0,3.36384,101.59542,0.0
ETS308,9524,1790658431,90.0,0.0027284583,0.0154984975,0.0
SCS25,weekday_2027,1790658393,0.0,3.2044,101.676,0.0
ETS207,9049,1790658392,0.0,3.9828,101.3126,0.0
DMU06,34,1790658392,51.0,4.0746,102.2759,0.0
ETS204,9343,1790658392,71.0,2.8684,101.819,0.0
ETS310,9428,1790658431,90.0,2.5776918,102.72077,0.0
ETS309,9326,1790658431,90.0,0.0027284583,0.0154984975,0.0
ETS306,9323,1790658431,90.0,2.4631665,102.396965,0.0
ETS213,9108,1790658565,22.0,3.786,101.4349,0.0
SCS19,weekday_2023,1790658562,0.0,3.0978,101.706,0.0
ETS212,9225,1790658561,50.0,4.4361,101.0603,0.0
ETS208,9442,1790658561,105.0,3.3978,101.6289,0.0
EMU31,2807,1790658560,0.0,4.5979,101.073,0.0
SCS21,weekday_2030,1790658557,0.0,3.1824,101.6888,0.0
DMU09,35,1790658556,53.0,3.02,102.3798,0.0
SCS07,weekday_2138,1790658556,9.0,3.3193,101.5748,0.0
DMU06,34,1790658542,46.0,4.076,102.2677,0.0
SCS25,weekday_2027,1790658560,2.0,3.1978,101.6816,0.0
ETS310,9428,1790658552,90.0,2.5830493,102.68072,0.0
ETS307,9528,1790658552,90.0,1.6646825,103.59886,0.0
ETS301,9425,1790658552,90.0,3.361843,101.58335,0.0
ETS306,9323,1790658552,90.0,2.4776323,102.43123,0.0
ETS309,9326,1790658552,90.0,2.8271668,101.827255,0.0
ETS206,9449,1790658548,137.0,5.7093,100.5122,0.0
SCS23,2931,1790658554,114.0,6.257,100.3562,0.0
ETS204,9343,1790658542,48.0,2.851,101.823,0.0
EMU24,2823,1790658537,120.0,4.9241,100.7167,0.0
SCS21,weekday_2030,1790658632,0.0,3.1824,101.6888,0.0
ETS204,9343,1790658677,23.0,2.8419,101.8263,0.0
ETS306,9323,1790658673,90.0,2.4993784,102.46351,0.0
ETS310,9428,1790658673,90.0,2.5836694,102.64179,0.0
ETS309,9326,1790658673,90.0,2.8303225,101.82789,0.0
ETS307,9528,1790658673,90.0,1.6767821,103.582245,0.0
ETS301,9425,1790658672,90.0,3.3623934,101.57764,0.0
DMU09,35,1790658640,49.0,3.0078,102.3806,0.0
DMU06,34,1790658632,58.0,4.0778,102.255,0.0
ETS309,9326,1790658794,90.0,2.8303576,101.82782,0.0
ETS307,9528,1790658794,90.0,1.7006093,103.5514,0.0
ETS310,9428,1790658794,90.0,2.579336,102.61553,0.0
ETS306,9323,1790658794,90.0,2.524548,102.4945,0.0
ETS301,9425,1790658793,90.0,3.33686,101.57365,0.0
SCS07,weekday_2138,1790658781,97.0,3.3568,101.5714,0.0
ETS213,9108,1790658805,20.0,3.7992,101.4264,0.0
DMU09,35,1790658805,57.0,2.987,102.3898,0.0
SCS25,weekday_2027,1790658783,0.0,3.1816,101.6885,0.0
ETS204,9343,1790658782,65.0,2.8347,101.8275,0.0
SCS21,weekday_2030,1790658782,5.0,3.1987,101.6808,0.0
DMU06,34,1790658782,51.0,4.0836,102.2335,0.0
ETS207,9049,1790658782,0.0,3.9416,101.3373,0.0
SCS21,weekday_2030,1790658812,2.0,3.1988,101.6808,0.0
SCS25,weekday_2027,1790658813,0.0,3.1816,101.6885,0.0
DMU06,34,1790658812,47.0,4.085,102.23,0.0
ETS204,9343,1790658812,62.0,2.8293,101.8265,0.0
ETS207,9049,1790658812,0.0,3.9389,101.3385,0.0
ETS301,9425,1790658914,90.0,3.3168848,101.57582,0.0
ETS310,9428,1790658914,90.0,2.5791707,102.6147,0.0
ETS307,9528,1790658914,90.0,1.7243046,103.519295,0.0
SCS07,weekday_2138,1790658916,101.0,3.3671,101.6021,0.0
ETS204,9343,1790658902,81.0,2.8154,101.8142,0.0
ETS306,9323,1790658914,90.0,2.5565045,102.51839,0.0
ETS309,9326,1790658914,90.0,0.0027284583,0.0154984975,0.0
ETS204,9343,1790658962,112.0,2.806,101.8033,0.0
ETS208,9442,1790658966,111.0,3.4943,101.6349,0.0
EMU31,2807,1790658965,0.0,4.5979,101.073,0.0
ETS212,9225,1790658951,0.0,4.3846,101.0891,0.0
ETS309,9326,1790659035,90.0,2.8575685,101.821915,0.0
ETS307,9528,1790659035,90.0,1.7599447,103.5006,0.0
ETS310,9428,1790659035,90.0,2.5791588,102.61475,0.0
ETS301,9425,1790659035,90.0,3.2902958,101.57387,0.0
ETS306,9323,1790659035,90.0,2.575533,102.555374,0.0
SCS23,2931,1790659019,113.0,6.154,100.3798,0.0
SCS10,weekday_2142,1790659016,0.0,3.1362,101.6896,0.0
DMU09,35,1790659052,67.0,2.9474,102.3969,0.0
SCS21,weekday_2030,1790659052,28.0,3.2157,101.6722,0.0
ETS207,9049,1790659037,0.0,3.9224,101.3442,0.0
DMU06,34,1790659052,48.0,4.0945,102.2052,0.0
ETS204,9343,1790659052,100.0,2.7839,101.7995,0.0
ETS208,9442,1790659161,27.0,3.5377,101.6348,0.0
ETS212,9225,1790659161,65.0,4.3062,101.1485,0.0
ETS306,9323,1790659156,90.0,2.5824218,102.58213,0.0
ETS309,9326,1790659156,90.0,2.8690546,101.81964,0.0
ETS301,9425,1790659156,90.0,3.2716777,101.56195,0.0
ETS310,9428,1790659156,90.0,2.5768697,102.60619,0.0
ETS307,9528,1790659156,90.0,1.7996336,103.492424,0.0
EMU31,2807,1790659205,0.0,4.5979,101.073,0.0
ETS206,9449,1790659208,0.0,5.5924,100.4935,0.0
ETS212,9225,1790659206,3.0,4.3031,101.1529,0.0
ETS208,9442,1790659206,92.0,3.5477,101.6393,0.0
ETS309,9326,1790659277,90.0,2.8874576,101.800224,0.0
ETS310,9428,1790659277,90.0,2.5824032,102.582306,0.0
ETS307,9528,1790659277,90.0,1.8123997,103.4789,0.0
ETS306,9323,1790659277,90.0,2.5760977,102.60368,0.0
ETS301,9425,1790659276,90.0,3.2589605,101.55626,0.0
DMU06,34,1790659337,26.0,4.1204,102.1995,0.0
SCS25,weekday_2027,1790659337,0.0,3.1539,101.6926,0.0
ETS207,9049,1790659337,0.0,3.8888,101.3755,0.0
SCS21,weekday_2030,1790659337,0.0,3.2383,101.6812,0.0
ETS204,9343,1790659337,96.0,2.7477,101.8499,0.0
EMU24,2823,1790659315,116.0,4.7833,100.7766,0.0
SCS23,2931,1790659304,101.0,6.1053,100.3666,0.0
ETS306,9323,1790659398,90.0,2.5791368,102.61469,0.0
ETS309,9326,1790659398,90.0,2.9003506,101.78591,0.0
ETS307,9528,1790659398,90.0,1.8182528,103.47219,0.0
ETS310,9428,1790659398,90.0,2.5763423,102.55637,0.0
ETS301,9425,1790659397,90.0,3.2446074,101.56077,0.0
ETS301,9425,1790659518,90.0,3.2147272,101.57043,0.0
ETS307,9528,1790659518,90.0,1.8357003,103.44127,0.0
ETS309,9326,1790659518,90.0,0.0027284583,0.0154984975,0.0
ETS306,9323,1790659518,90.0,2.5791237,102.61478,0.0
ETS310,9428,1790659518,90.0,2.5619185,102.52648,0.0
ETS212,9225,1790659521,102.0,4.27,101.1684,0.0
EMU31,2807,1790659520,0.0,4.5979,101.073,0.0
SCS25,weekday_2027,1790659562,0.0,3.1391,101.6936,0.0
DMU06,34,1790659562,52.0,4.1484,102.1869,0.0
ETS207,9049,1790659562,49.0,3.8497,101.3846,0.0
EMU24,2823,1790659555,111.0,4.7795,100.8483,0.0
ETS216,9226,1790659553,1.0,4.8531,100.733,0.0
SCS19,weekday_2023,1790659552,0.0,3.0978,101.706,0.0
ETS212,9225,1790659551,88.0,4.2624,101.1695,0.0
DMU09,35,1790659579,0.0,2.8951,102.3836,0.0
ETS204,9343,1790659562,69.0,2.7401,101.8935,0.0
EMU26,2822,1790659553,114.0,4.8051,100.9459,0.0
ETS206,9449,1790659553,0.0,5.4823,100.4982,0.0
ETS307,9528,1790659639,90.0,1.8652072,103.41392,0.0
ETS301,9425,1790659639,90.0,3.2056382,101.58079,0.0
ETS309,9326,1790659639,90.0,0.0027284583,0.0154984975,0.0
ETS306,9323,1790659639,90.0,2.5791297,102.61479,0.0
ETS310,9428,1790659639,90.0,2.5334098,102.499054,0.0
ETS212,9225,1790659596,91.0,4.2524,101.1746,0.0
ETS208,9442,1790659596,90.0,3.6185,101.5757,0.0
EMU24,2823,1790659595,36.0,4.7783,100.8567,0.0
DMU09,35,1790659594,0.0,2.8951,102.3836,0.0
SCS25,weekday_2027,1790659592,0.0,3.1391,101.6936,0.0
DMU06,34,1790659592,63.0,4.1514,102.1833,0.0
ETS207,9049,1790659592,42.0,3.8478,101.3879,0.0
ETS204,9343,1790659592,67.0,2.7349,101.8958,0.0
SCS22,weekday_2147,1790659775,0.0,3.6849,101.5179,0.0
ETS307,9528,1790659760,90.0,1.8847554,103.40533,0.0
ETS310,9428,1790659760,90.0,2.5034652,102.47503,0.0
ETS309,9326,1790659760,90.0,2.9368606,101.791885,0.0
ETS306,9323,1790659760,90.0,2.5789447,102.61405,0.0
ETS301,9425,1790659759,90.0,3.205114,101.58223,0.0
ETS204,9343,1790659742,46.0,2.7256,101.916,0.0
SCS22,weekday_2147,1790659775,0.0,3.6849,101.5179,0.0
ETS212,9225,1790659821,95.0,4.1947,101.184,0.0
EMU24,2823,1790659815,0.0,4.7782,100.8572,0.0
EMU31,2807,1790659835,0.0,4.5979,101.073,0.0
DMU06,34,1790659832,57.0,4.1748,102.1625,0.0
ETS216,9226,1790659823,137.0,4.9154,100.7172,0.0
SCS19,weekday_2023,1790659822,0.0,3.0978,101.706,0.0
SCS19,weekday_2023,1790659837,0.0,3.0978,101.706,0.0
SCS25,weekday_2027,1790659880,0.0,3.1346,101.6877,0.0
SCS22,weekday_2147,1790659880,0.0,3.6849,101.5179,0.0
SCS21,weekday_2030,1790659877,0.0,3.2384,101.6811,0.0
ETS208,9442,1790659866,23.0,3.6389,101.5589,0.0
ETS306,9323,1790659880,90.0,2.5792325,102.61535,0.0
ETS309,9326,1790659880,90.0,0.0027284583,0.0154984975,0.0
ETS301,9425,1790659880,90.0,3.2001092,101.59897,0.0
ETS310,9428,1790659880,90.0,2.4874763,102.44283,0.0
ETS307,9528,1790659880,90.0,1.891803,103.40174,0.0
ETS207,9049,1790659877,0.0,3.8431,101.392,0.0
ETS213,9108,1790659840,17.0,3.8559,101.3791,0.0
ETS306,9323,1790660001,90.0,2.584039,102.64438,0.0
ETS309,9326,1790660001,90.0,2.9831347,101.79152,0.0
ETS301,9425,1790660001,90.0,3.2077575,101.62372,0.0
ETS310,9428,1790660001,90.0,2.4739568,102.417305,0.0
ETS307,9528,1790660001,90.0,1.9164369,103.38172,0.0
SCS19,weekday_2023,1790660077,0.0,3.0978,101.706,0.0
ETS212,9225,1790660076,114.0,4.1401,101.2099,0.0
EMU24,2823,1790660075,114.0,4.7736,100.8705,0.0
SCS22,weekday_2147,1790660075,0.0,3.6849,101.5179,0.0
EMU31,2807,1790660075,0.0,4.5979,101.073,0.0
EMU31,2807,1790660120,0.0,4.5979,101.073,0.0
EMU24,2823,1790660075,114.0,4.7736,100.8705,0.0
ETS213,9108,1790660110,112.0,3.89,101.3721,0.0
ETS204,9343,1790660102,0.0,2.7195,101.9395,0.0
ETS207,9049,1790660102,36.0,3.8218,101.4061,0.0
EMU26,2822,1790660088,80.0,4.7771,100.8628,0.0
DMU06,34,1790660102,44.0,4.1888,102.1349,0.0
ETS306,9323,1790660122,90.0,2.583203,102.686485,0.0
ETS309,9326,1790660122,90.0,0.0027284583,0.0154984975,0.0
ETS310,9428,1790660122,90.0,2.4735081,102.41623,0.0
ETS307,9528,1790660122,90.0,1.9451497,103.352425,0.0
ETS301,9425,1790660121,90.0,3.1952412,101.64725,0.0
SCS10,weekday_2142,1790660126,0.0,3.2022,101.6377,0.0
ETS216,9226,1790660123,133.0,5.0166,100.7284,0.0
ETS212,9225,1790660121,111.0,4.1327,101.2215,0.0
SCS25,weekday_2027,1790660120,27.0,3.1201,101.6787,0.0
SCS22,weekday_2147,1790660120,0.0,3.6849,101.5179,0.0
SCS23,2931,1790660114,114.0,5.9203,100.4661,0.0
SCS07,weekday_2138,1790660112,81.0,3.5581,101.6377,0.0
DMU06,34,1790660252,62.0,4.1806,102.1167,0.0
ETS207,9049,1790660252,19.0,3.811,101.4162,0.0
ETS306,9323,1790660243,90.0,2.57342,102.72635,0.0
ETS309,9326,1790660243,90.0,0.0027284583,0.0154984975,0.0
ETS310,9428,1790660243,90.0,2.4629583,102.39617,0.0
ETS307,9528,1790660243,90.0,1.9798027,103.333885,0.0
ETS301,9425,1790660242,90.0,3.1798427,101.676414,0.0
ETS207,9049,1790660252,19.0,3.811,101.4162,0.0
ETS216,9226,1790660303,138.0,5.0392,100.6724,0.0
SCS19,weekday_2023,1790660302,20.0,3.0989,101.7046,0.0
EMU26,2822,1790660253,102.0,4.7789,100.8442,0.0
ETS208,9442,1790660301,27.0,3.6761,101.5272,0.0
SCS25,weekday_2027,1790660296,0.0,3.1181,101.6791,0.0
DMU09,35,1790660255,0.0,2.8951,102.3837,0.0
SCS22,weekday_2147,1790660255,24.0,3.6837,101.5191,0.0
EMU31,2807,1790660300,0.0,4.5979,101.073,0.0
ETS212,9225,1790660331,76.0,4.0984,101.2686,0.0
DMU09,35,1790660330,0.0,2.895,102.3836,0.0
EMU31,2807,1790660330,0.0,4.5979,101.073,0.0
SCS22,weekday_2147,1790660330,46.0,3.6784,101.5251,0.0
EMU26,2822,1790660328,0.0,4.776,100.8232,0.0
DMU06,34,1790660327,54.0,4.1811,102.1058,0.0
ETS204,9343,1790660327,0.0,2.7193,101.9397,0.0
SCS25,weekday_2027,1790660326,0.0,3.1181,101.6791,0.0
ETS310,9428,1790660363,90.0,2.4603686,102.356606,0.0
ETS307,9528,1790660363,90.0,2.018314,103.32183,0.0
ETS301,9425,1790660363,90.0,3.1646245,101.69219,0.0
ETS309,9326,1790660363,90.0,3.0009162,101.73659,0.0
ETS306,9323,1790660363,90.0,2.5518174,102.760086,0.0
EMU24,2823,1790660432,100.0,4.7852,100.9352,0.0
ETS215,9130,1790660432,0.0,3.1366,101.6905,0.0
ETS204,9343,1790660432,0.0,2.7186,101.941,0.0
ETS212,9225,1790660421,110.0,4.0726,101.2758,0.0
ETS204,9343,1790660432,0.0,2.7186,101.941,0.0
EMU24,2823,1790660432,100.0,4.7852,100.9352,0.0
ETS215,9130,1790660432,0.0,3.1366,101.6905,0.0
ETS306,9323,1790660484,90.0,2.5287013,102.78763,0.0
ETS301,9425,1790660484,90.0,3.1462727,101.69218,0.0
ETS307,9528,1790660484,90.0,2.0358553,103.31797,0.0
ETS310,9428,1790660484,90.0,2.453715,102.31525,0.0
ETS309,9326,1790660484,90.0,3.0042028,101.73032,0.0
DMU09,35,1790660435,65.0,2.8843,102.3804,0.0
DMU06,34,1790660432,53.0,4.1756,102.091,0.0
ETS207,9049,1790660432,0.0,3.7846,101.4352,0.0
EMU31,2807,1790660540,0.0,4.5979,101.073,0.0
ETS216,9226,1790660539,137.0,5.0451,100.5898,0.0
ETS208,9442,1790660526,2.0,3.6842,101.5188,0.0
ETS307,9528,1790660605,90.0,2.0394,103.31691,0.0
ETS207,9049,1790660582,21.0,3.7486,101.4473,0.0
ETS204,9343,1790660582,0.0,2.7005,101.9607,0.0
DMU06,34,1790660582,42.0,4.1788,102.0717,0.0
EMU24,2823,1790660572,117.0,4.8226,100.9516,0.0
ETS310,9428,1790660605,90.0,2.4576566,102.27359,0.0
ETS301,9425,1790660605,90.0,3.1458626,101.692345,0.0
ETS309,9326,1790660605,90.0,3.0136871,101.7243,0.0
ETS306,9323,1790660605,90.0,2.5085294,102.81242,0.0
ETS215,9130,1790660582,0.0,3.1366,101.6905,0.0
SCS23,2931,1790660579,101.0,5.8155,100.4787,0.0
EMU31,2807,1790660570,0.0,4.5979,101.073,0.0
ETS216,9226,1790660569,132.0,5.0414,100.5799,0.0
SCS23,2931,1790660624,115.0,5.8025,100.4813,0.0
SCS25,weekday_2027,1790660623,0.0,3.118,101.679,0.0
SCS07,weekday_2138,1790660622,0.0,3.6277,101.5664,0.0
SCS10,weekday_2142,1790660621,0.0,3.2059,101.581,0.0
EMU24,2823,1790660612,119.0,4.8339,100.956,0.0
ETS204,9343,1790660732,85.0,2.675,101.9825,0.0
ETS207,9049,1790660732,108.0,3.7248,101.4656,0.0
ETS301,9425,1790660726,90.0,3.1458507,101.69235,0.0
ETS310,9428,1790660726,90.0,2.4605591,102.23258,0.0
ETS307,9528,1790660726,90.0,2.0701802,103.29815,0.0
ETS306,9323,1790660726,90.0,2.5066545,102.81462,0.0
ETS309,9326,1790660726,90.0,3.0365403,101.70974,0.0
EMU26,2822,1790660723,104.0,4.8329,100.7311,0.0
ETS215,9130,1790660717,0.0,3.1366,101.6905,0.0
ETS208,9442,1790660766,93.0,3.7017,101.5002,0.0
ETS212,9225,1790660766,125.0,3.9808,101.3127,0.0
ETS215,9130,1790660732,0.0,3.1366,101.6905,0.0
EMU24,2823,1790660732,118.0,4.8451,100.9915,0.0
EMU26,2822,1790660768,94.0,4.8436,100.7284,0.0
SCS19,weekday_2023,1790660767,14.0,3.1194,101.6788,0.0
DMU09,35,1790660765,61.0,2.8276,102.393,0.0
ETS213,9108,1790660755,128.0,4.0666,101.2782,0.0
ETS207,9049,1790660732,108.0,3.7248,101.4656,0.0
ETS306,9323,1790660847,90.0,2.503507,102.81861,0.0
ETS309,9326,1790660847,90.0,3.0670207,101.70933,0.0
ETS310,9428,1790660847,90.0,2.4634447,102.226814,0.0
ETS307,9528,1790660847,90.0,2.103347,103.272896,0.0
ETS301,9425,1790660846,90.0,3.1452527,101.69281,0.0
ETS212,9225,1790660841,115.0,3.9596,101.3233,0.0
SCS23,2931,1790660840,115.0,5.7416,100.5067,0.0
DMU09,35,1790660840,29.0,2.8178,102.3965,0.0
SCS22,weekday_2147,1790660840,100.0,3.5803,101.6133,0.0
EMU31,2807,1790660840,0.0,4.5979,101.073,0.0
ETS204,9343,1790660912,89.0,2.6555,102.0127,0.0
ETS213,9108,1790660935,114.0,4.1106,101.2515,0.0
ETS207,9049,1790660927,87.0,3.6922,101.5102,0.0
ETS212,9225,1790660916,105.0,3.943,101.3356,0.0
ETS306,9323,1790660968,90.0,2.4886062,102.850235,0.0
ETS309,9326,1790660968,90.0,3.075987,101.71239,0.0
ETS310,9428,1790660968,90.0,2.4631948,102.227234,0.0
ETS307,9528,1790660968,90.0,2.1375875,103.2541,0.0
ETS301,9425,1790660967,90.0,3.1452136,101.692825,0.0
EMU26,2822,1790660933,59.0,4.8564,100.7342,0.0
EMU24,2823,1790660932,118.0,4.8247,101.0449,0.0
SCS19,weekday_2023,1790660932,21.0,3.1283,101.6801,0.0
DMU09,35,1790660931,0.0,2.8164,102.3977,0.0
ETS208,9442,1790660931,106.0,3.7266,101.4617,0.0
SCS22,weekday_2147,1790660930,102.0,3.563,101.6275,0.0
SCS23,2931,1790660930,114.0,5.716,100.5138,0.0
EMU31,2807,1790660930,0.0,4.5979,101.073,0.0
DMU06,34,1790660927,0.0,4.1874,102.0529,0.0
ETS216,9226,1790660919,129.0,5.08,100.5,0.0
ETS206,9449,1790660918,0.0,5.2075,100.4888,0.0
ETS306,9323,1790661089,90.0,2.4872534,102.8869,0.0
ETS309,9326,1790661089,90.0,3.0767329,101.71329,0.0
ETS310,9428,1790661089,90.0,2.4698694,102.21246,0.0
ETS307,9528,1790661089,90.0,2.164057,103.22722,0.0
ETS304,9209,1790661088,90.0,6.660735,100.319954,0.0
ETS301,9425,1790661088,90.0,3.1394017,101.69474,0.0
SCS22,weekday_2147,1790661065,23.0,3.5533,101.6394,0.0
EMU31,2807,1790661065,0.0,4.5979,101.073,0.0
SCS23,2931,1790661065,111.0,5.68,100.4975,0.0
ETS207,9049,1790661062,0.0,3.6859,101.5168,0.0
ETS204,9343,1790661062,131.0,2.636,102.0517,0.0
ETS208,9442,1790661051,105.0,3.7515,101.4446,0.0
ETS215,9130,1790661137,46.0,3.172,101.6846,0.0
ETS206,9449,1790661128,85.0,5.1339,100.4865,0.0
ETS212,9225,1790661126,121.0,3.893,101.3663,0.0
ETS208,9442,1790661126,109.0,3.7698,101.4364,0.0
ETS216,9226,1790661129,4.0,5.131,100.486,0.0
EMU26,2822,1790661128,3.0,4.8963,100.7194,0.0
ETS208,9442,1790661171,115.0,3.7827,101.4352,0.0
SCS25,weekday_2027,1790661171,0.0,3.0978,101.706,0.0
ETS212,9225,1790661171,114.0,3.8869,101.3781,0.0
ETS304,9209,1790661209,90.0,6.655314,100.312294,0.0
ETS301,9425,1790661209,90.0,3.138309,101.694435,0.0
ETS310,9428,1790661209,90.0,2.4544647,102.18677,0.0
ETS307,9528,1790661209,90.0,2.1854746,103.196846,0.0
ETS309,9326,1790661209,90.0,3.0852509,101.714294,0.0
ETS306,9323,1790661209,90.0,2.4713256,102.923195,0.0
ETS213,9108,1790661175,118.0,4.1619,101.1908,0.0
ETS216,9226,1790661174,0.0,5.131,100.486,0.0
EMU31,2807,1790661215,0.0,4.5979,101.073,0.0
ETS207,9049,1790661212,105.0,3.6602,101.5383,0.0
ETS204,9343,1790661212,135.0,2.6023,102.0893,0.0
ETS215,9130,1790661212,81.0,3.1806,101.6752,0.0
SCS25,weekday_2027,1790661216,0.0,3.0978,101.706,0.0
SCS22,weekday_2147,1790661215,95.0,3.5253,101.6296,0.0
SCS23,2931,1790661215,62.0,5.6447,100.4904,0.0
SCS19,weekday_2023,1790661217,0.0,3.1325,101.6836,0.0
ETS204,9343,1790661212,135.0,2.6023,102.0893,0.0
ETS215,9130,1790661212,81.0,3.1806,101.6752,0.0
DMU09,35,1790661218,0.0,2.8115,102.4035,0.0
EMU26,2822,1790661218,71.0,4.9001,100.719,0.0
ETS216,9226,1790661217,0.0,5.1331,100.4857,0.0
ETS304,9209,1790661330,90.0,6.644637,100.29343,0.0
ETS306,9323,1790661330,90.0,2.463232,102.96096,0.0
ETS309,9326,1790661330,90.0,3.100375,101.70303,0.0
ETS301,9425,1790661330,90.0,0.0027284583,0.0154984975,0.0
ETS310,9428,1790661330,90.0,2.4909525,102.17972,0.0
ETS307,9528,1790661330,90.0,2.1905875,103.19151,0.0
ETS215,9130,1790661302,73.0,3.191,101.6577,0.0
SCS23,2931,1790661365,113.0,5.63,100.4917,0.0
SCS25,weekday_2027,1790661364,0.0,3.0978,101.706,0.0
ETS204,9343,1790661362,135.0,2.5619,102.1211,0.0
SCS19,weekday_2023,1790661367,0.0,3.1389,101.6934,0.0
EMU24,2823,1790661356,118.0,4.7619,101.1154,0.0
ETS310,9428,1790661451,90.0,2.5291095,102.1631,0.0
ETS306,9323,1790661451,90.0,2.4382453,102.99299,0.0
ETS304,9209,1790661451,90.0,6.615405,100.26544,0.0
ETS307,9528,1790661451,90.0,2.209188,103.175064,0.0
ETS309,9326,1790661451,90.0,3.1118343,101.68808,0.0
ETS301,9425,1790661450,90.0,0.0027284583,0.0154984975,0.0
ETS207,9049,1790661437,114.0,3.6155,101.5796,0.0
ETS204,9343,1790661437,133.0,2.5457,102.1417,0.0
EMU24,2823,1790661436,116.0,4.7384,101.1217,0.0
EMU26,2822,1790661432,102.0,4.9609,100.7262,0.0
DMU09,35,1790661428,0.0,2.8118,102.4032,0.0
ETS216,9226,1790661427,132.0,5.2003,100.4847,0.0
ETS212,9225,1790661426,87.0,3.8273,101.4018,0.0
EMU31,2807,1790661425,0.0,4.5979,101.073,0.0
SCS23,2931,1790661395,113.0,5.6217,100.4951,0.0
ETS208,9442,1790661471,106.0,3.8517,101.3811,0.0
EMU31,2807,1790661470,0.0,4.5979,101.073,0.0
ETS207,9049,1790661512,95.0,3.6005,101.5932,0.0
ETS204,9343,1790661512,136.0,2.5294,102.1621,0.0
SCS23,2931,1790661470,114.0,5.5999,100.4938,0.0
EMU26,2822,1790661477,113.0,4.9726,100.7302,0.0
DMU09,35,1790661473,0.0,2.8118,102.4032,0.0
ETS216,9226,1790661472,137.0,5.2146,100.4915,0.0
SCS19,weekday_2023,1790661472,21.0,3.1426,101.6937,0.0
SCS25,weekday_2027,1790661470,0.0,3.0978,101.706,0.0
ETS216,9226,1790661517,135.0,5.23,100.4893,0.0
SCS19,weekday_2023,1790661517,28.0,3.1453,101.6923,0.0
ETS208,9442,1790661516,113.0,3.8631,101.3773,0.0
ETS212,9225,1790661516,70.0,3.8112,101.4157,0.0
EMU31,2807,1790661515,0.0,4.5979,101.073,0.0
SCS23,2931,1790661515,114.0,5.5865,100.4942,0.0
SCS22,weekday_2147,1790661515,49.0,3.4699,101.638,0.0
EMU24,2823,1790661516,122.0,4.7137,101.1238,0.0
ETS307,9528,1790661571,90.0,2.2422016,103.152176,0.0
ETS304,9209,1790661571,90.0,6.575064,100.26154,0.0
ETS306,9323,1790661571,90.0,2.4010546,103.01209,0.0
ETS310,9428,1790661571,90.0,2.556446,102.13009,0.0
ETS309,9326,1790661571,90.0,3.122361,101.679085,0.0
ETS301,9425,1790661571,90.0,0.0027284583,0.0154984975,0.0
ETS206,9449,1790661518,138.0,5.0516,100.5153,0.0
DMU09,35,1790661518,0.0,2.8118,102.4032,0.0
SCS25,weekday_2027,1790661669,0.0,3.0978,101.706,0.0
SCS21,weekday_2031,1790661692,59.0,3.235,101.6803,0.0
ETS207,9049,1790661692,90.0,3.5661,101.6219,0.0
ETS215,9130,1790661692,34.0,3.2032,101.586,0.0
ETS310,9428,1790661692,90.0,2.5835397,102.10135,0.0
ETS304,9209,1790661692,90.0,6.5323906,100.25934,0.0
ETS307,9528,1790661692,90.0,2.2804403,103.14051,0.0
ETS306,9323,1790661692,90.0,2.382946,103.02129,0.0
ETS309,9326,1790661692,90.0,3.1301546,101.68299,0.0
ETS301,9425,1790661692,90.0,0.0027284583,0.0154984975,0.0
EMU26,2822,1790661687,110.0,5.0284,100.7166,0.0
SCS25,weekday_2027,1790661729,0.0,3.0978,101.706,0.0
ETS206,9449,1790661728,0.0,5.0282,100.5276,0.0
ETS216,9226,1790661727,96.0,5.2949,100.4828,0.0
ETS208,9442,1790661726,115.0,3.9072,101.3497,0.0
ETS212,9225,1790661726,97.0,3.757,101.4377,0.0
SCS22,weekday_2147,1790661695,108.0,3.4367,101.6358,0.0
ETS204,9343,1790661692,126.0,2.47,102.1815,0.0
ETS310,9428,1790661692,90.0,2.5835397,102.10135,0.0
ETS304,9209,1790661692,90.0,6.5323906,100.25934,0.0
ETS307,9528,1790661692,90.0,2.2804403,103.14051,0.0
ETS306,9323,1790661692,90.0,2.382946,103.02129,0.0
ETS309,9326,1790661692,90.0,3.1301546,101.68299,0.0
ETS301,9425,1790661692,90.0,0.0027284583,0.0154984975,0.0
ETS215,9130,1790661692,34.0,3.2032,101.586,0.0
ETS207,9049,1790661692,90.0,3.5661,101.6219,0.0
SCS21,weekday_2031,1790661692,59.0,3.235,101.6803,0.0
SCS25,weekday_2027,1790661778,0.0,3.0978,101.706,0.0
ETS206,9449,1790661773,0.0,5.0282,100.5276,0.0
ETS310,9428,1790661813,90.0,2.6176577,102.08009,0.0
ETS307,9528,1790661813,90.0,2.296527,103.130646,0.0
ETS301,9425,1790661812,90.0,0.0027284583,0.0154984975,0.0
EMU26,2822,1790661777,112.0,5.0393,100.6925,0.0
SCS23,2931,1790661815,106.0,5.4989,100.5025,0.0
ETS207,9049,1790661812,0.0,3.5546,101.6392,0.0
ETS215,9130,1790661812,2.0,3.2063,101.5797,0.0
SCS21,weekday_2031,1790661812,5.0,3.2152,101.6723,0.0
DMU09,35,1790661809,20.0,2.8093,102.4064,0.0
ETS208,9442,1790661771,118.0,3.9203,101.3444,0.0
ETS304,9209,1790661813,90.0,6.4908423,100.25425,0.0
ETS306,9323,1790661813,90.0,2.3804636,103.02481,0.0
ETS309,9326,1790661813,90.0,0.0027284583,0.0154984975,0.0
ETS310,9428,1790661813,90.0,2.6176577,102.08009,0.0
ETS307,9528,1790661813,90.0,2.296527,103.130646,0.0
SCS10,weekday_2142,1790661821,78.0,3.3605,101.5725,0.0
ETS206,9449,1790661818,0.0,5.0282,100.5276,0.0
ETS216,9226,1790661817,132.0,5.3211,100.471,0.0
ETS212,9225,1790661816,41.0,3.7461,101.4491,0.0
ETS208,9442,1790661816,107.0,3.9335,101.3399,0.0
EMU31,2807,1790661815,0.0,4.5979,101.073,0.0
SCS22,weekday_2147,1790661815,116.0,3.4089,101.6278,0.0
ETS304,9209,1790661813,90.0,6.4908423,100.25425,0.0
ETS306,9323,1790661813,90.0,2.3804636,103.02481,0.0
ETS309,9326,1790661813,90.0,0.0027284583,0.0154984975,0.0
ETS301,9425,1790661933,90.0,3.1269135,101.68039,0.0
ETS307,9528,1790661933,90.0,2.3015401,103.12757,0.0
ETS306,9323,1790661933,90.0,2.360411,103.05235,0.0
ETS304,9209,1790661933,90.0,6.4498973,100.26249,0.0
ETS310,9428,1790661934,90.0,2.6359322,102.04706,0.0
ETS309,9326,1790661934,90.0,0.0027284583,0.0154984975,0.0
EMU26,2822,1790661981,106.0,5.042,100.6338,0.0
ETS310,9428,1790661934,90.0,2.6359322,102.04706,0.0
ETS309,9326,1790661934,90.0,0.0027284583,0.0154984975,0.0
ETS301,9425,1790661933,90.0,3.1269135,101.68039,0.0
ETS307,9528,1790661933,90.0,2.3015401,103.12757,0.0
ETS306,9323,1790661933,90.0,2.360411,103.05235,0.0
ETS304,9209,1790661933,90.0,6.4498973,100.26249,0.0
EMU26,2822,1790662056,117.0,5.0437,100.6114,0.0
SCS22,weekday_2147,1790662055,102.0,3.3685,101.6061,0.0
SCS23,2931,1790662055,116.0,5.4638,100.4962,0.0
ETS215,9130,1790662022,0.0,3.2063,101.5796,0.0
SCS21,weekday_2031,1790662022,0.0,3.2053,101.6753,0.0
ETS306,9323,1790662054,90.0,2.3333561,103.0845,0.0
ETS304,9209,1790662054,90.0,6.4312057,100.26893,0.0
ETS309,9326,1790662054,90.0,0.0027284583,0.0154984975,0.0
ETS307,9528,1790662054,90.0,2.3236148,103.098366,0.0
ETS301,9425,1790662054,90.0,3.116812,101.680115,0.0
ETS310,9428,1790662054,90.0,2.6549556,102.01713,0.0
SCS10,weekday_2142,1790662031,46.0,3.3742,101.6125,0.0
DMU09,35,1790662031,0.0,2.8011,102.4169,0.0
ETS208,9442,1790662026,124.0,3.9927,101.309,0.0
EMU31,2807,1790662025,0.0,4.5979,101.073,0.0
ETS204,9343,1790662022,0.0,2.464,102.2258,0.0
ETS207,9049,1790662067,93.0,3.5053,101.6334,0.0
SCS21,weekday_2031,1790662067,52.0,3.2039,101.6766,0.0
EMU26,2822,1790662071,113.0,5.044,100.6069,0.0
EMU31,2807,1790662070,0.0,4.5979,101.073,0.0
SCS23,2931,1790662070,113.0,5.4594,100.4951,0.0
SCS22,weekday_2147,1790662070,86.0,3.3672,101.6025,0.0
ETS204,9343,1790662112,87.0,2.4611,102.2314,0.0
SCS25,weekday_2027,1790662112,0.0,3.0978,101.706,0.0
ETS213,9108,1790662105,131.0,4.4201,101.0692,0.0
ETS208,9442,1790662056,124.0,4.0019,101.3051,0.0
ETS306,9323,1790662054,90.0,2.3333561,103.0845,0.0
ETS304,9209,1790662054,90.0,6.4312057,100.26893,0.0
ETS309,9326,1790662054,90.0,0.0027284583,0.0154984975,0.0
ETS307,9528,1790662054,90.0,2.3236148,103.098366,0.0
ETS301,9425,1790662054,90.0,3.116812,101.680115,0.0
ETS310,9428,1790662054,90.0,2.6549556,102.01713,0.0
ETS212,9225,1790662056,98.0,3.7107,101.488,0.0
ETS215,9130,1790662067,13.0,3.2067,101.5785,0.0
ETS306,9323,1790662175,90.0,2.3128495,103.12006,0.0
ETS304,9209,1790662175,90.0,6.42717,100.2703,0.0
SCS22,weekday_2147,1790662115,23.0,3.3651,101.5961,0.0
SCS23,2931,1790662115,114.0,5.4464,100.4917,0.0
ETS204,9343,1790662112,87.0,2.4611,102.2314,0.0
SCS25,weekday_2027,1790662112,0.0,3.0978,101.706,0.0
ETS307,9528,1790662175,90.0,2.347218,103.06469,0.0
ETS310,9428,1790662175,90.0,2.659825,101.99734,0.0
ETS301,9425,1790662175,90.0,3.1031404,101.6996,0.0
ETS309,9326,1790662175,90.0,0.0027284583,0.0154984975,0.0
ETS216,9226,1790662207,54.0,5.3731,100.4684,0.0
ETS208,9442,1790662206,0.0,4.046,101.2848,0.0
EMU31,2807,1790662205,0.0,4.5979,101.073,0.0
ETS304,9209,1790662175,90.0,6.42717,100.2703,0.0
ETS306,9323,1790662175,90.0,2.3128495,103.12006,0.0
ETS301,9425,1790662175,90.0,3.1031404,101.6996,0.0
ETS309,9326,1790662175,90.0,0.0027284583,0.0154984975,0.0
ETS310,9428,1790662175,90.0,2.659825,101.99734,0.0
ETS307,9528,1790662175,90.0,2.347218,103.06469,0.0
ETS206,9449,1790662208,0.0,5.0282,100.5276,0.0
EMU26,2822,1790662206,117.0,5.0342,100.5693,0.0
ETS212,9225,1790662206,59.0,3.6876,101.5151,0.0
ETS304,9209,1790662296,90.0,6.3925896,100.28643,0.0
ETS306,9323,1790662296,90.0,2.2795722,103.14102,0.0
ETS309,9326,1790662296,90.0,0.0027284583,0.0154984975,0.0
ETS301,9425,1790662296,90.0,3.0865843,101.71213,0.0
ETS310,9428,1790662296,90.0,2.6745226,101.98332,0.0
ETS307,9528,1790662296,90.0,2.3734612,103.0344,0.0
ETS309,9326,1790662296,90.0,0.0027284583,0.0154984975,0.0
ETS306,9323,1790662296,90.0,2.2795722,103.14102,0.0
ETS304,9209,1790662296,90.0,6.3925896,100.28643,0.0
ETS301,9425,1790662296,90.0,3.0865843,101.71213,0.0
ETS307,9528,1790662296,90.0,2.3734612,103.0344,0.0
ETS310,9428,1790662296,90.0,2.6745226,101.98332,0.0
ETS208,9442,1790662341,121.0,4.0887,101.2707,0.0
SCS28,2831,1790662338,47.0,5.3876,100.3732,0.0
ETS206,9449,1790662313,0.0,5.0282,100.5276,0.0
ETS216,9226,1790662312,128.0,5.4026,100.4722,0.0
EMU26,2822,1790662311,105.0,5.0185,100.5428,0.0
EMU31,2807,1790662310,0.0,4.5979,101.073,0.0
ETS212,9225,1790662311,0.0,3.686,101.5169,0.0
ETS213,9108,1790662345,74.0,4.4648,101.0467,0.0
SCS22,weekday_2147,1790662325,93.0,3.3419,101.5726,0.0
ETS204,9343,1790662322,102.0,2.4573,102.2879,0.0
ETS215,9130,1790662322,73.0,3.2493,101.5568,0.0
SCS25,weekday_2027,1790662322,0.0,3.0978,101.706,0.0
SCS21,weekday_2031,1790662322,4.0,3.1828,101.6889,0.0
SCS25,weekday_2027,1790662352,0.0,3.0978,101.706,0.0
ETS204,9343,1790662352,108.0,2.4563,102.2961,0.0
ETS304,9209,1790662417,90.0,6.3586807,100.31185,0.0
ETS309,9326,1790662417,90.0,3.1385663,101.69452,0.0
ETS310,9428,1790662417,90.0,2.69114,101.97225,0.0
ETS307,9528,1790662417,90.0,2.382977,103.02137,0.0
ETS306,9323,1790662417,90.0,2.2426877,103.15212,0.0
ETS301,9425,1790662416,90.0,3.0756996,101.71194,0.0
ETS213,9108,1790662405,98.0,4.4786,101.0418,0.0
SCS28,2831,1790662353,47.0,5.3867,100.3749,0.0
ETS309,9326,1790662417,90.0,3.1385663,101.69452,0.0
ETS304,9209,1790662417,90.0,6.3586807,100.31185,0.0
ETS306,9323,1790662417,90.0,2.2426877,103.15212,0.0
ETS307,9528,1790662417,90.0,2.382977,103.02137,0.0
ETS310,9428,1790662417,90.0,2.69114,101.97225,0.0
ETS301,9425,1790662416,90.0,3.0756996,101.71194,0.0
SCS22,weekday_2147,1790662415,27.0,3.3289,101.569,0.0
SCS28,2831,1790662413,99.0,5.3807,100.3865,0.0
ETS204,9343,1790662412,99.0,2.4543,102.3127,0.0
ETS306,9323,1790662538,90.0,2.208701,103.17547,0.0
ETS304,9209,1790662538,90.0,6.3248844,100.33718,0.0
ETS310,9428,1790662538,90.0,2.70533,101.95404,0.0
ETS307,9528,1790662538,90.0,2.3908598,103.01415,0.0
ETS301,9425,1790662537,90.0,3.0699127,101.70971,0.0
EMU26,2822,1790662506,97.0,5.0373,100.5227,0.0
ETS213,9108,1790662495,130.0,4.5046,101.0466,0.0
ETS216,9226,1790662507,116.0,5.4641,100.4964,0.0
ETS212,9225,1790662506,70.0,3.6659,101.5343,0.0
EMU31,2807,1790662505,0.0,4.5979,101.073,0.0
ETS206,9449,1790662493,0.0,5.0035,100.7353,0.0
SCS10,weekday_2142,1790662511,33.0,3.4667,101.6375,0.0
ETS309,9326,1790662538,90.0,3.1390865,101.694664,0.0
ETS307,9528,1790662538,90.0,2.3908598,103.01415,0.0
ETS310,9428,1790662538,90.0,2.70533,101.95404,0.0
ETS309,9326,1790662538,90.0,3.1390865,101.694664,0.0
ETS306,9323,1790662538,90.0,2.208701,103.17547,0.0
ETS304,9209,1790662538,90.0,6.3248844,100.33718,0.0
ETS301,9425,1790662537,90.0,3.0699127,101.70971,0.0
ETS304,9209,1790662658,90.0,6.2858944,100.35097,0.0
ETS306,9323,1790662658,90.0,2.1906376,103.19147,0.0
ETS309,9326,1790662658,90.0,3.1413617,101.69504,0.0
ETS301,9425,1790662658,90.0,3.0396607,101.70951,0.0
ETS310,9428,1790662658,90.0,2.715763,101.94508,0.0
ETS307,9528,1790662658,90.0,2.4254937,102.99932,0.0
ETS206,9449,1790662658,0.0,4.9259,100.717,0.0
ETS310,9428,1790662658,90.0,2.715763,101.94508,0.0
ETS307,9528,1790662658,90.0,2.4254937,102.99932,0.0
ETS309,9326,1790662658,90.0,3.1413617,101.69504,0.0
ETS306,9323,1790662658,90.0,2.1906376,103.19147,0.0
ETS304,9209,1790662658,90.0,6.2858944,100.35097,0.0
ETS212,9225,1790662656,79.0,3.6445,101.5544,0.0
SCS22,weekday_2147,1790662655,93.0,3.3094,101.575,0.0
SCS25,weekday_2027,1790662701,0.0,3.0978,101.706,0.0
ETS207,9049,1790662697,62.0,3.3655,101.5972,0.0
EMU26,2822,1790662656,111.0,5.077,100.5017,0.0
EMU31,2807,1790662655,0.0,4.5979,101.073,0.0
ETS301,9425,1790662658,90.0,3.0396607,101.70951,0.0
SCS25,weekday_2027,1790662737,0.0,3.0978,101.706,0.0
SCS10,weekday_2142,1790662736,5.0,3.4996,101.6343,0.0
ETS304,9209,1790662779,90.0,6.2442765,100.35948,0.0
ETS309,9326,1790662779,90.0,0.0027284583,0.0154984975,0.0
ETS301,9425,1790662779,90.0,3.0163553,101.72165,0.0
ETS310,9428,1790662779,90.0,2.7186558,101.940834,0.0
ETS307,9528,1790662779,90.0,2.454638,102.97313,0.0
ETS306,9323,1790662779,90.0,2.1829896,103.203705,0.0
SCS22,weekday_2147,1790662775,73.0,3.2846,101.5688,0.0
DMU09,35,1790662767,0.0,2.7852,102.4482,0.0
SCS23,2931,1790662760,88.0,5.3626,100.4316,0.0
ETS215,9130,1790662757,62.0,3.3226,101.573,0.0
ETS207,9049,1790662757,59.0,3.3637,101.59,0.0
ETS204,9343,1790662757,75.0,2.4648,102.4021,0.0
ETS213,9108,1790662735,52.0,4.5457,101.0542,0.0
ETS216,9226,1790662732,0.0,5.483,100.4981,0.0
ETS216,9226,1790662807,111.0,5.4952,100.5014,0.0
SCS23,2931,1790662805,52.0,5.3638,100.4235,0.0
SCS28,2831,1790662803,0.0,5.3665,100.4472,0.0
EMU31,2807,1790662805,0.0,4.5979,101.073,0.0
SCS10,weekday_2142,1790662796,68.0,3.5019,101.6339,0.0
SCS25,weekday_2027,1790662804,0.0,3.0978,101.706,0.0
ETS213,9108,1790662795,118.0,4.5598,101.0584,0.0
ETS304,9209,1790662779,90.0,6.2442765,100.35948,0.0
ETS310,9428,1790662779,90.0,2.7186558,101.940834,0.0
ETS307,9528,1790662779,90.0,2.454638,102.97313,0.0
ETS306,9323,1790662779,90.0,2.1829896,103.203705,0.0
ETS301,9425,1790662779,90.0,3.0163553,101.72165,0.0
ETS309,9326,1790662779,90.0,0.0027284583,0.0154984975,0.0
ETS310,9428,1790662900,90.0,2.719249,101.93953,0.0
ETS301,9425,1790662900,90.0,2.9968534,101.74055,0.0
ETS306,9323,1790662900,90.0,2.156476,103.22894,0.0
ETS304,9209,1790662900,90.0,6.203365,100.36786,0.0
ETS309,9326,1790662900,90.0,3.1644378,101.692314,0.0
ETS307,9528,1790662900,90.0,2.471786,102.937775,0.0
ETS301,9425,1790662900,90.0,2.9968534,101.74055,0.0
ETS307,9528,1790662900,90.0,2.471786,102.937775,0.0
ETS310,9428,1790662900,90.0,2.719249,101.93953,0.0
ETS309,9326,1790662900,90.0,3.1644378,101.692314,0.0
ETS306,9323,1790662900,90.0,2.156476,103.22894,0.0
ETS304,9209,1790662900,90.0,6.203365,100.36786,0.0
ETS306,9323,1790663021,90.0,2.1317005,103.26118,0.0
ETS304,9209,1790663021,90.0,6.164276,100.37998,0.0
ETS307,9528,1790663021,90.0,2.4789631,102.900986,0.0
ETS309,9326,1790663021,90.0,3.1791563,101.67737,0.0
ETS310,9428,1790663021,90.0,2.7222302,101.92919,0.0
ETS301,9425,1790663020,90.0,2.9948485,101.7711,0.0
SCS23,2931,1790663075,81.0,5.3839,100.3804,0.0
EMU26,2822,1790663074,25.0,5.169,100.4797,0.0
ETS310,9428,1790663021,90.0,2.7222302,101.92919,0.0
ETS307,9528,1790663021,90.0,2.4789631,102.900986,0.0
ETS306,9323,1790663021,90.0,2.1317005,103.26118,0.0
ETS304,9209,1790663021,90.0,6.164276,100.37998,0.0
ETS309,9326,1790663021,90.0,3.1791563,101.67737,0.0
ETS301,9425,1790663020,90.0,2.9948485,101.7711,0.0
ETS216,9226,1790663063,131.0,5.5805,100.4951,0.0
EMU31,2807,1790663060,0.0,4.5979,101.0729,0.0
ETS206,9449,1790663078,0.0,4.8481,100.7291,0.0
ETS212,9225,1790663076,86.0,3.5711,101.6161,0.0
ETS206,9449,1790663078,0.0,4.8481,100.7291,0.0
ETS213,9108,1790663080,0.0,4.5981,101.0732,0.0
ETS208,9442,1790663091,120.0,4.244,101.1759,0.0
ETS310,9428,1790663142,90.0,2.7247014,101.9103,0.0
ETS307,9528,1790663142,90.0,2.489203,102.86398,0.0
ETS309,9326,1790663142,90.0,3.1917748,101.65511,0.0
ETS306,9323,1790663142,90.0,2.0950963,103.27768,0.0
ETS304,9209,1790663142,90.0,6.124284,100.37614,0.0
ETS301,9425,1790663141,90.0,2.9831846,101.79156,0.0
DMU09,35,1790663123,0.0,2.7502,102.4739,0.0
SCS22,weekday_2147,1790663120,22.0,3.2543,101.5548,0.0
EMU26,2822,1790663119,0.0,5.1698,100.4797,0.0
ETS215,9130,1790663117,117.0,3.3752,101.6135,0.0
ETS212,9225,1790663091,78.0,3.5687,101.6182,0.0
EMU31,2807,1790663090,0.0,4.5979,101.0729,0.0
ETS204,9343,1790663117,119.0,2.4945,102.4468,0.0
SCS10,weekday_2142,1790663081,0.0,3.5526,101.6396,0.0
ETS309,9326,1790663142,90.0,3.1917748,101.65511,0.0
ETS307,9528,1790663142,90.0,2.489203,102.86398,0.0
ETS306,9323,1790663142,90.0,2.0950963,103.27768,0.0
ETS304,9209,1790663142,90.0,6.124284,100.37614,0.0
ETS310,9428,1790663142,90.0,2.7247014,101.9103,0.0
ETS301,9425,1790663141,90.0,2.9831846,101.79156,0.0
SCS28,2831,1790663163,114.0,5.3231,100.4704,0.0
EMU26,2822,1790663164,69.0,5.1731,100.4796,0.0
SCS21,weekday_2031,1790663163,0.0,3.1404,101.6941,0.0
ETS204,9343,1790663162,124.0,2.4992,102.46,0.0
ETS215,9130,1790663162,120.0,3.385,101.6234,0.0
ETS207,9049,1790663162,0.0,3.3189,101.5749,0.0
ETS304,9209,1790663262,90.0,6.1125135,100.37067,0.0
ETS306,9323,1790663262,90.0,2.062132,103.30383,0.0
ETS309,9326,1790663262,90.0,3.2053144,101.63503,0.0
ETS301,9425,1790663262,90.0,2.9523234,101.79173,0.0
ETS310,9428,1790663262,90.0,2.739407,101.89417,0.0
ETS307,9528,1790663262,90.0,2.4993927,102.8266,0.0
ETS307,9528,1790663262,90.0,2.4993927,102.8266,0.0
ETS310,9428,1790663262,90.0,2.739407,101.89417,0.0
ETS304,9209,1790663262,90.0,6.1125135,100.37067,0.0
ETS306,9323,1790663262,90.0,2.062132,103.30383,0.0
ETS301,9425,1790663262,90.0,2.9523234,101.79173,0.0
ETS309,9326,1790663262,90.0,3.2053144,101.63503,0.0
DMU09,35,1790663263,66.0,2.7347,102.4837,0.0
SCS10,weekday_2142,1790663261,89.0,3.5762,101.6135,0.0
ETS213,9108,1790663260,87.0,4.6145,101.0923,0.0
ETS304,9209,1790663383,90.0,6.104068,100.36753,0.0
ETS306,9323,1790663383,90.0,2.0352213,103.31813,0.0
ETS309,9326,1790663383,90.0,0.0027284583,0.0154984975,0.0
ETS301,9425,1790663383,90.0,2.9298906,101.7952,0.0
ETS310,9428,1790663383,90.0,2.7418602,101.868866,0.0
ETS307,9528,1790663383,90.0,2.5072374,102.81395,0.0
ETS304,9209,1790663383,90.0,6.104068,100.36753,0.0
ETS306,9323,1790663383,90.0,2.0352213,103.31813,0.0
ETS309,9326,1790663383,90.0,0.0027284583,0.0154984975,0.0
ETS301,9425,1790663383,90.0,2.9298906,101.7952,0.0
ETS310,9428,1790663383,90.0,2.7418602,101.868866,0.0
ETS307,9528,1790663383,90.0,2.5072374,102.81395,0.0
SCS10,weekday_2142,1790663426,108.0,3.6074,101.5879,0.0
EMU31,2807,1790663420,0.0,4.5979,101.0729,0.0
SCS28,2831,1790663418,84.0,5.2814,100.4791,0.0
ETS215,9130,1790663417,115.0,3.4531,101.6399,0.0
SCS25,weekday_2027,1790663416,0.0,3.0978,101.706,0.0
SCS21,weekday_2031,1790663373,0.0,3.1348,101.6899,0.0
ETS207,9049,1790663372,63.0,3.3095,101.5748,0.0
SCS07,weekday_2151,1790663427,0.0,3.6839,101.5189,0.0
ETS213,9108,1790663425,136.0,4.658,101.1242,0.0
SCS22,weekday_2147,1790663420,33.0,3.2066,101.5786,0.0
SCS23,2931,1790663420,0.0,5.3932,100.3666,0.0
ETS208,9442,1790663391,0.0,4.3023,101.1541,0.0
ETS212,9225,1790663391,48.0,3.5301,101.6312,0.0
SCS28,2831,1790663463,117.0,5.269,100.4806,0.0
ETS207,9049,1790663462,0.0,3.2926,101.5739,0.0
ETS204,9343,1790663447,98.0,2.559,102.5194,0.0
ETS306,9323,1790663504,90.0,2.0350146,103.31819,0.0
ETS304,9209,1790663504,90.0,6.0691643,100.38619,0.0
ETS307,9528,1790663504,90.0,2.511,102.81069,0.0
ETS309,9326,1790663504,90.0,3.2007513,101.592,0.0
ETS310,9428,1790663504,90.0,2.750443,101.83849,0.0
ETS301,9425,1790663503,90.0,2.9153228,101.79783,0.0
ETS306,9323,1790663504,90.0,2.0350146,103.31819,0.0
ETS304,9209,1790663504,90.0,6.0691643,100.38619,0.0
ETS301,9425,1790663503,90.0,2.9153228,101.79783,0.0
SCS25,weekday_2027,1790663529,0.0,3.0978,101.706,0.0
ETS307,9528,1790663504,90.0,2.511,102.81069,0.0
ETS310,9428,1790663504,90.0,2.750443,101.83849,0.0
ETS309,9326,1790663504,90.0,3.2007513,101.592,0.0
ETS207,9049,1790663537,78.0,3.2791,101.5647,0.0
ETS306,9323,1790663625,90.0,2.0093896,103.32398,0.0
ETS309,9326,1790663625,90.0,3.2054157,101.58123,0.0
ETS310,9428,1790663625,90.0,2.7601326,101.81172,0.0
ETS307,9528,1790663625,90.0,2.529062,102.78714,0.0
ETS304,9209,1790663624,90.0,6.0324473,100.40696,0.0
ETS301,9425,1790663624,90.0,2.9060388,101.79158,0.0
ETS310,9428,1790663625,90.0,2.7601326,101.81172,0.0
ETS306,9323,1790663625,90.0,2.0093896,103.32398,0.0
ETS307,9528,1790663625,90.0,2.529062,102.78714,0.0
ETS309,9326,1790663625,90.0,3.2054157,101.58123,0.0
ETS301,9425,1790663624,90.0,2.9060388,101.79158,0.0
ETS304,9209,1790663624,90.0,6.0324473,100.40696,0.0
DMU09,35,1790663622,0.0,2.6918,102.5195,0.0
SCS25,weekday_2027,1790663622,0.0,3.0978,101.706,0.0
SCS10,weekday_2142,1790663621,0.0,3.6277,101.5664,0.0
ETS213,9108,1790663620,138.0,4.7129,101.1239,0.0
ETS216,9226,1790663618,134.0,5.706,100.5112,0.0
ETS206,9449,1790663618,0.0,4.773,100.8718,0.0
ETS208,9442,1790663616,132.0,4.3258,101.1322,0.0
ETS212,9225,1790663616,104.0,3.4797,101.6398,0.0
EMU31,2807,1790663615,0.0,4.5979,101.0729,0.0
EMU26,2822,1790663614,0.0,5.2864,100.4809,0.0
ETS304,9209,1790663745,90.0,5.9952035,100.42799,0.0
ETS306,9323,1790663745,90.0,1.9693587,103.33871,0.0
ETS307,9528,1790663745,90.0,2.5530612,102.758224,0.0
ETS301,9425,1790663745,90.0,2.900146,101.78585,0.0
ETS310,9428,1790663745,90.0,2.7871737,101.79918,0.0
ETS309,9326,1790663745,90.0,3.2055695,101.580925,0.0
SCS21,weekday_2031,1790663748,1.0,3.1193,101.6786,0.0
SCS28,2831,1790663748,114.0,5.1871,100.4794,0.0
ETS215,9130,1790663747,97.0,3.5366,101.6346,0.0
ETS301,9425,1790663745,90.0,2.900146,101.78585,0.0
ETS307,9528,1790663745,90.0,2.5530612,102.758224,0.0
ETS309,9326,1790663745,90.0,3.2055695,101.580925,0.0
ETS306,9323,1790663745,90.0,1.9693587,103.33871,0.0
ETS304,9209,1790663745,90.0,5.9952035,100.42799,0.0
ETS310,9428,1790663745,90.0,2.7871737,101.79918,0.0
EMU31,2807,1790663825,0.0,4.5979,101.0729,0.0
ETS213,9108,1790663815,130.0,4.7752,101.1047,0.0
SCS22,weekday_2147,1790663795,0.0,3.2088,101.6278,0.0
EMU26,2822,1790663792,108.0,5.3083,100.4768,0.0
ETS304,9209,1790663866,90.0,5.9583364,100.44879,0.0
ETS306,9323,1790663866,90.0,1.9356494,103.36084,0.0
ETS309,9326,1790663866,90.0,3.2056468,101.58071,0.0
ETS301,9425,1790663866,90.0,2.8846881,101.80541,0.0
ETS310,9428,1790663866,90.0,2.8104584,101.80884,0.0
ETS307,9528,1790663866,90.0,2.574465,102.725235,0.0
ETS208,9442,1790663826,127.0,4.3841,101.0898,0.0
ETS304,9209,1790663866,90.0,5.9583364,100.44879,0.0
ETS306,9323,1790663866,90.0,1.9356494,103.36084,0.0
ETS309,9326,1790663866,90.0,3.2056468,101.58071,0.0
ETS301,9425,1790663866,90.0,2.8846881,101.80541,0.0
ETS310,9428,1790663866,90.0,2.8104584,101.80884,0.0
ETS307,9528,1790663866,90.0,2.574465,102.725235,0.0
SCS10,weekday_2142,1790663906,16.0,3.6418,101.5567,0.0
ETS213,9108,1790663905,135.0,4.8019,101.088,0.0
ETS216,9226,1790663903,138.0,5.7964,100.4827,0.0
ETS206,9449,1790663903,0.0,4.7765,100.9097,0.0
ETS212,9225,1790663901,120.0,3.4022,101.6278,0.0
EMU31,2807,1790663900,0.0,4.5979,101.0729,0.0
EMU26,2822,1790663897,111.0,5.3379,100.47,0.0
SCS07,weekday_2151,1790663892,19.0,3.6831,101.5199,0.0
ETS309,9326,1790663987,90.0,0.0027284583,0.0154984975,0.0
ETS307,9528,1790663987,90.0,2.5830662,102.685936,0.0
ETS310,9428,1790663987,90.0,2.8202004,101.81996,0.0
ETS304,9209,1790663987,90.0,5.920625,100.46645,0.0
ETS306,9323,1790663987,90.0,1.9065353,103.389565,0.0
ETS301,9425,1790663986,90.0,2.8652909,101.82031,0.0
ETS304,9209,1790663987,90.0,5.920625,100.46645,0.0
ETS310,9428,1790663987,90.0,2.8202004,101.81996,0.0
ETS307,9528,1790663987,90.0,2.5830662,102.685936,0.0
ETS306,9323,1790663987,90.0,1.9065353,103.389565,0.0
ETS309,9326,1790663987,90.0,0.0027284583,0.0154984975,0.0
ETS301,9425,1790663986,90.0,2.8652909,101.82031,0.0
SCS07,weekday_2151,1790663982,78.0,3.6755,101.5277,0.0
SCS10,weekday_2142,1790663981,17.0,3.6452,101.5539,0.0
DMU09,35,1790663981,68.0,2.6665,102.5588,0.0
ETS206,9449,1790663978,29.0,4.777,100.9335,0.0
ETS216,9226,1790663978,128.0,5.822,100.4782,0.0
ETS212,9225,1790663976,119.0,3.3816,101.6199,0.0
EMU31,2807,1790663975,0.0,4.5979,101.0729,0.0
ETS304,9209,1790664107,90.0,5.880196,100.47781,0.0
ETS301,9425,1790664107,90.0,2.8490155,101.82434,0.0
ETS309,9326,1790664108,90.0,0.0027284583,0.0154984975,0.0
ETS310,9428,1790664108,90.0,2.8282895,101.82753,0.0
ETS307,9528,1790664107,90.0,2.5841157,102.64532,0.0
ETS306,9323,1790664107,90.0,1.8720121,103.41145,0.0
ETS309,9326,1790664108,90.0,0.0027284583,0.0154984975,0.0
ETS310,9428,1790664108,90.0,2.8282895,101.82753,0.0
ETS307,9528,1790664107,90.0,2.5841157,102.64532,0.0
ETS306,9323,1790664107,90.0,1.8720121,103.41145,0.0
ETS304,9209,1790664107,90.0,5.880196,100.47781,0.0
ETS301,9425,1790664107,90.0,2.8490155,101.82434,0.0
ETS215,9130,1790664182,108.0,3.6196,101.5741,0.0
ETS207,9049,1790664182,54.0,3.2018,101.5902,0.0
EMU26,2822,1790664182,65.0,5.3669,100.4419,0.0
ETS206,9449,1790664173,124.0,4.829,100.952,0.0
ETS208,9442,1790664171,0.0,4.4593,101.0494,0.0
ETS304,9209,1790664228,90.0,5.8453403,100.47775,0.0
ETS306,9323,1790664228,90.0,1.8399037,103.43592,0.0
ETS307,9528,1790664228,90.0,2.579476,102.61616,0.0
ETS301,9425,1790664228,90.0,2.8414133,101.827354,0.0
ETS310,9428,1790664228,90.0,2.8325927,101.82836,0.0
ETS309,9326,1790664228,90.0,3.2614875,101.55756,0.0
ETS301,9425,1790664228,90.0,2.8414133,101.827354,0.0
ETS307,9528,1790664228,90.0,2.579476,102.61616,0.0
ETS309,9326,1790664228,90.0,3.2614875,101.55756,0.0
ETS306,9323,1790664228,90.0,1.8399037,103.43592,0.0
ETS304,9209,1790664228,90.0,5.8453403,100.47775,0.0
ETS310,9428,1790664228,90.0,2.8325927,101.82836,0.0
EMU31,2807,1790664260,0.0,4.5979,101.0729,0.0
ETS213,9108,1790664250,131.0,4.844,100.9853,0.0
ETS206,9449,1790664233,0.0,4.8394,100.9677,0.0
ETS216,9226,1790664263,134.0,5.9198,100.4662,0.0
SCS25,weekday_2027,1790664262,0.0,3.1179,101.679,0.0
ETS212,9225,1790664261,85.0,3.3362,101.5725,0.0
ETS208,9442,1790664261,4.0,4.4593,101.0494,0.0
ETS307,9528,1790664349,90.0,2.5790102,102.61397,0.0
ETS310,9428,1790664349,90.0,2.8318362,101.82821,0.0
ETS301,9425,1790664349,90.0,2.8323476,101.82826,0.0
ETS309,9326,1790664349,90.0,3.2809765,101.5672,0.0
ETS306,9323,1790664349,90.0,1.8188092,103.47137,0.0
ETS304,9209,1790664349,90.0,5.796744,100.48332,0.0
ETS208,9442,1790664336,0.0,4.4594,101.0493,0.0
ETS213,9108,1790664340,128.0,4.8341,100.9563,0.0
ETS216,9226,1790664338,135.0,5.9445,100.4562,0.0
ETS301,9425,1790664349,90.0,2.8323476,101.82826,0.0
ETS307,9528,1790664349,90.0,2.5790102,102.61397,0.0
ETS310,9428,1790664349,90.0,2.8318362,101.82821,0.0
ETS304,9209,1790664349,90.0,5.796744,100.48332,0.0
ETS309,9326,1790664349,90.0,3.2809765,101.5672,0.0
ETS306,9323,1790664349,90.0,1.8188092,103.47137,0.0
SCS07,weekday_2151,1790664342,115.0,3.6036,101.5902,0.0
DMU09,35,1790664341,0.0,2.6344,102.59,0.0
SCS28,2831,1790664363,114.0,5.0715,100.5046,0.0
ETS215,9130,1790664362,26.0,3.6346,101.561,0.0
ETS207,9049,1790664362,0.0,3.207,101.6168,0.0
EMU26,2822,1790664362,0.0,5.3646,100.4212,0.0
ETS307,9528,1790664470,90.0,2.5788088,102.61331,0.0
ETS306,9323,1790664470,90.0,1.7910087,103.49457,0.0
ETS304,9209,1790664470,90.0,5.7586164,100.49976,0.0
ETS309,9326,1790664470,90.0,3.2967596,101.57596,0.0
ETS310,9428,1790664470,90.0,2.8364437,101.82902,0.0
ETS301,9425,1790664469,90.0,2.8139968,101.813896,0.0
ETS306,9323,1790664470,90.0,1.7910087,103.49457,0.0
ETS309,9326,1790664470,90.0,3.2967596,101.57596,0.0
ETS307,9528,1790664470,90.0,2.5788088,102.61331,0.0
ETS304,9209,1790664470,90.0,5.7586164,100.49976,0.0
ETS310,9428,1790664470,90.0,2.8364437,101.82902,0.0
ETS301,9425,1790664469,90.0,2.8139968,101.813896,0.0
ETS304,9209,1790664590,90.0,5.719076,100.51514,0.0
ETS306,9323,1790664590,90.0,1.75124,103.50703,0.0
ETS309,9326,1790664590,90.0,3.3145008,101.57581,0.0
ETS301,9425,1790664590,90.0,2.7898602,101.79824,0.0
ETS310,9428,1790664590,90.0,2.85366,101.82301,0.0
ETS307,9528,1790664590,90.0,2.5756936,102.59255,0.0
ETS215,9130,1790664572,26.0,3.6473,101.552,0.0
ETS207,9049,1790664572,77.0,3.2021,101.6379,0.0
ETS216,9226,1790664593,133.0,6.0219,100.4123,0.0
ETS208,9442,1790664591,53.0,4.5168,101.0488,0.0
ETS212,9225,1790664591,70.0,3.2759,101.5618,0.0
SCS22,weekday_2147,1790664590,64.0,3.1578,101.6935,0.0
ETS306,9323,1790664590,90.0,1.75124,103.50703,0.0
ETS309,9326,1790664590,90.0,3.3145008,101.57581,0.0
ETS301,9425,1790664590,90.0,2.7898602,101.79824,0.0
ETS304,9209,1790664590,90.0,5.719076,100.51514,0.0
ETS307,9528,1790664590,90.0,2.5756936,102.59255,0.0
ETS310,9428,1790664590,90.0,2.85366,101.82301,0.0
EMU31,2807,1790664590,0.0,4.5979,101.073,0.0
ETS213,9108,1790664595,98.0,4.7751,100.9205,0.0
SCS28,2831,1790664573,0.0,5.0292,100.527,0.0
ETS204,9343,1790664632,129.0,2.5597,102.7474,0.0
DMU09,35,1790664598,0.0,2.6312,102.592,0.0
ETS206,9449,1790664593,0.0,4.84,101.0135,0.0
SCS21,weekday_2031,1790664573,0.0,3.0986,101.705,0.0
SCS07,weekday_2151,1790664672,0.0,3.5527,101.6395,0.0
SCS25,weekday_2027,1790664636,0.0,3.132,101.6833,0.0
EMU31,2807,1790664635,0.0,4.5979,101.073,0.0
ETS204,9343,1790664632,129.0,2.5597,102.7474,0.0
DMU09,35,1790664655,0.0,2.6297,102.5932,0.0
ETS207,9049,1790664632,96.0,3.1946,101.6494,0.0
ETS215,9130,1790664632,22.0,3.6503,101.5485,0.0
ETS304,9209,1790664711,90.0,5.6812115,100.499695,0.0
ETS306,9323,1790664711,90.0,1.7162641,103.526794,0.0
ETS309,9326,1790664711,90.0,3.3312442,101.57066,0.0
ETS301,9425,1790664711,90.0,2.7605696,101.81135,0.0
ETS310,9428,1790664711,90.0,2.8645172,101.82018,0.0
ETS307,9528,1790664711,90.0,2.5811453,102.56927,0.0
ETS213,9108,1790664670,99.0,4.7755,100.902,0.0
ETS304,9209,1790664711,90.0,5.6812115,100.499695,0.0
ETS310,9428,1790664711,90.0,2.8645172,101.82018,0.0
ETS307,9528,1790664711,90.0,2.5811453,102.56927,0.0
ETS306,9323,1790664711,90.0,1.7162641,103.526794,0.0
ETS301,9425,1790664711,90.0,2.7605696,101.81135,0.0
ETS309,9326,1790664711,90.0,3.3312442,101.57066,0.0
ETS304,9209,1790664832,90.0,5.645428,100.49144,0.0
ETS310,9428,1790664832,90.0,2.8842504,101.8087,0.0
ETS309,9326,1790664832,90.0,3.3570263,101.5724,0.0
ETS307,9528,1790664832,90.0,2.5683672,102.540764,0.0
ETS306,9323,1790664832,90.0,1.6934601,103.559525,0.0
ETS301,9425,1790664831,90.0,2.7502527,101.83916,0.0
ETS304,9209,1790664832,90.0,5.645428,100.49144,0.0
ETS310,9428,1790664832,90.0,2.8842504,101.8087,0.0
ETS309,9326,1790664832,90.0,3.3570263,101.5724,0.0
ETS307,9528,1790664832,90.0,2.5683672,102.540764,0.0
ETS306,9323,1790664832,90.0,1.6934601,103.559525,0.0
ETS301,9425,1790664831,90.0,2.7502527,101.83916,0.0
ETS304,9209,1790664952,90.0,5.6415353,100.49073,0.0
ETS306,9323,1790664952,90.0,1.6701545,103.59075,0.0
ETS307,9528,1790664952,90.0,2.5448518,102.509155,0.0
ETS301,9425,1790664952,90.0,2.7410378,101.87172,0.0
ETS310,9428,1790664952,90.0,2.897118,101.786644,0.0
ETS309,9326,1790664952,90.0,3.3649306,101.59867,0.0
ETS304,9209,1790664952,90.0,5.6415353,100.49073,0.0
ETS306,9323,1790664952,90.0,1.6701545,103.59075,0.0
ETS309,9326,1790664952,90.0,3.3649306,101.59867,0.0
ETS301,9425,1790664952,90.0,2.7410378,101.87172,0.0
ETS310,9428,1790664952,90.0,2.897118,101.786644,0.0
ETS307,9528,1790664952,90.0,2.5448518,102.509155,0.0
ETS212,9225,1790664951,79.0,3.2393,101.5603,0.0
ETS208,9442,1790664951,77.0,4.5483,101.0546,0.0
EMU31,2807,1790664950,0.0,4.5979,101.073,0.0
SCS23,2936,1790664950,114.0,5.4538,100.4935,0.0
SCS21,weekday_2031,1790664993,0.0,3.0986,101.705,0.0
SCS28,2831,1790664993,114.0,5.0425,100.6268,0.0
ETS207,9049,1790664992,0.0,3.1614,101.6923,0.0
ETS215,9130,1790664992,88.0,3.6908,101.5119,0.0
SCS25,weekday_2027,1790664977,0.0,3.1388,101.6934,0.0
ETS213,9108,1790665060,136.0,4.784,100.7741,0.0
DMU03,57,1790664992,60.0,6.1242,102.207,0.0
ETS204,9343,1790664992,0.0,2.5078,102.8126,0.0
ETS304,9209,1790665073,90.0,5.625018,100.49413,0.0
ETS306,9323,1790665073,90.0,1.664413,103.59956,0.0
ETS309,9326,1790665073,90.0,3.3850493,101.6251,0.0
ETS301,9425,1790665073,90.0,2.7360837,101.89582,0.0
ETS310,9428,1790665073,90.0,2.904891,101.78838,0.0
ETS307,9528,1790665073,90.0,2.509853,102.485664,0.0
SCS23,2936,1790665025,97.0,5.4757,100.4963,0.0
SCS25,weekday_2027,1790664992,2.0,3.1389,101.6934,0.0
ETS216,9226,1790665028,10.0,6.1142,100.3704,0.0
ETS208,9442,1790665026,100.0,4.5666,101.0612,0.0
ETS212,9225,1790665026,97.0,3.2218,101.5643,0.0
SCS22,weekday_2147,1790665025,18.0,3.137,101.6913,0.0
EMU31,2807,1790665025,0.0,4.5979,101.073,0.0
ETS215,9130,1790664992,88.0,3.6908,101.5119,0.0
ETS213,9108,1790665060,136.0,4.784,100.7741,0.0
SCS23,2936,1790665115,0.0,5.4818,100.4979,0.0
EMU24,2828,1790665114,0.0,4.6002,101.0746,0.0
SCS25,weekday_2027,1790665112,23.0,3.1452,101.6923,0.0
ETS207,9049,1790665112,0.0,3.1457,101.6919,0.0
ETS215,9130,1790665052,117.0,3.703,101.499,0.0
ETS304,9209,1790665073,90.0,5.625018,100.49413,0.0
ETS306,9323,1790665073,90.0,1.664413,103.59956,0.0
ETS309,9326,1790665073,90.0,3.3850493,101.6251,0.0
ETS301,9425,1790665073,90.0,2.7360837,101.89582,0.0
ETS310,9428,1790665073,90.0,2.904891,101.78838,0.0
ETS307,9528,1790665073,90.0,2.509853,102.485664,0.0
ETS304,9209,1790665194,90.0,5.616296,100.49755,0.0
ETS310,9428,1790665194,90.0,2.9084306,101.79571,0.0
ETS309,9326,1790665194,90.0,3.4171605,101.62615,0.0
ETS306,9323,1790665194,90.0,1.6641574,103.60021,0.0
ETS307,9528,1790665194,90.0,2.493816,102.44765,0.0
ETS301,9425,1790665193,90.0,2.7247498,101.917435,0.0
SCS23,2936,1790665115,0.0,5.4818,100.4979,0.0
EMU24,2828,1790665114,0.0,4.6002,101.0746,0.0
ETS307,9528,1790665194,90.0,2.493816,102.44765,0.0
ETS306,9323,1790665194,90.0,1.6641574,103.60021,0.0
ETS304,9209,1790665194,90.0,5.616296,100.49755,0.0
ETS310,9428,1790665194,90.0,2.9084306,101.79571,0.0
ETS309,9326,1790665194,90.0,3.4171605,101.62615,0.0
ETS301,9425,1790665193,90.0,2.7247498,101.917435,0.0
ETS208,9442,1790665251,0.0,4.597,101.0725,0.0
EMU31,2807,1790665250,0.0,4.5979,101.073,0.0
SCS22,weekday_2147,1790665250,0.0,3.1357,101.6894,0.0
ETS212,9225,1790665251,0.0,3.2063,101.5799,0.0
SCS25,weekday_2027,1790665276,21.0,3.1545,101.6929,0.0
ETS306,9323,1790665315,90.0,1.6463364,103.62047,0.0
ETS309,9326,1790665315,90.0,3.4470909,101.63999,0.0
ETS307,9528,1790665315,90.0,2.4748223,102.419136,0.0
ETS310,9428,1790665315,90.0,2.9238546,101.79642,0.0
ETS303,9530,1790665314,90.0,1.4663801,103.763535,0.0
ETS304,9209,1790665314,90.0,5.6077003,100.49647,0.0
ETS301,9425,1790665314,90.0,2.7209213,101.94587,0.0
ETS306,9323,1790665315,90.0,1.6463364,103.62047,0.0
ETS309,9326,1790665315,90.0,3.4470909,101.63999,0.0
ETS307,9528,1790665315,90.0,2.4748223,102.419136,0.0
ETS310,9428,1790665315,90.0,2.9238546,101.79642,0.0
ETS303,9530,1790665314,90.0,1.4663801,103.763535,0.0
ETS301,9425,1790665314,90.0,2.7209213,101.94587,0.0
ETS304,9209,1790665314,90.0,5.6077003,100.49647,0.0
SCS25,weekday_2027,1790665385,0.0,3.1652,101.6913,0.0
SCS28,2831,1790665383,115.0,5.0106,100.7323,0.0
ETS215,9130,1790665382,118.0,3.7622,101.4359,0.0
ETS207,9049,1790665382,0.0,3.1447,101.6929,0.0
DMU03,57,1790665367,67.0,6.109,102.1895,0.0
ETS304,9209,1790665435,90.0,5.599697,100.49467,0.0
ETS306,9323,1790665435,90.0,1.6165385,103.64883,0.0
ETS309,9326,1790665435,90.0,3.477619,101.64042,0.0
ETS301,9425,1790665435,90.0,2.7186785,101.940834,0.0
ETS310,9428,1790665435,90.0,2.9453554,101.788185,0.0
ETS307,9528,1790665435,90.0,2.4735575,102.41639,0.0
ETS303,9530,1790665435,90.0,1.4871198,103.75758,0.0
ETS213,9108,1790665420,0.0,4.8543,100.733,0.0
ETS206,9449,1790665418,82.0,4.6466,101.1157,0.0
ETS216,9226,1790665463,131.0,6.2485,100.3579,0.0
ETS212,9225,1790665461,60.0,3.201,101.6018,0.0
ETS208,9442,1790665461,90.0,4.6101,101.0796,0.0
EMU31,2807,1790665460,0.0,4.5979,101.073,0.0
SCS21,weekday_2031,1790665458,0.0,3.0986,101.705,0.0
ETS304,9209,1790665435,90.0,5.599697,100.49467,0.0
ETS306,9323,1790665435,90.0,1.6165385,103.64883,0.0
ETS309,9326,1790665435,90.0,3.477619,101.64042,0.0
ETS301,9425,1790665435,90.0,2.7186785,101.940834,0.0
ETS310,9428,1790665435,90.0,2.9453554,101.788185,0.0
ETS307,9528,1790665435,90.0,2.4735575,102.41639,0.0
ETS303,9530,1790665435,90.0,1.4871198,103.75758,0.0
SCS25,weekday_2027,1790665419,0.0,3.1652,101.6913,0.0
ETS215,9130,1790665412,120.0,3.7714,101.436,0.0
DMU09,35,1790665473,0.0,2.6029,102.5936,0.0
ETS213,9108,1790665465,59.0,4.8558,100.7342,0.0
ETS206,9449,1790665463,123.0,4.6365,101.1084,0.0
ETS306,9323,1790665556,90.0,1.5815055,103.66614,0.0
ETS309,9326,1790665556,90.0,3.5100138,101.63348,0.0
ETS303,9530,1790665556,90.0,1.5170606,103.74309,0.0
ETS310,9428,1790665556,90.0,2.9692883,101.79129,0.0
ETS307,9528,1790665556,90.0,2.464987,102.40458,0.0
ETS301,9425,1790665556,90.0,2.7167766,101.94359,0.0
DMU09,35,1790665473,0.0,2.6029,102.5936,0.0
ETS304,9209,1790665556,90.0,5.591633,100.49399,0.0
ETS301,9425,1790665556,90.0,2.7167766,101.94359,0.0
ETS310,9428,1790665556,90.0,2.9692883,101.79129,0.0
ETS307,9528,1790665556,90.0,2.464987,102.40458,0.0
ETS303,9530,1790665556,90.0,1.5170606,103.74309,0.0
ETS309,9326,1790665556,90.0,3.5100138,101.63348,0.0
ETS304,9209,1790665556,90.0,5.591633,100.49399,0.0
ETS306,9323,1790665556,90.0,1.5815055,103.66614,0.0
SCS23,2936,1790665580,114.0,5.6099,100.4959,0.0
ETS208,9442,1790665611,145.0,4.6355,101.1075,0.0
SCS23,2936,1790665610,114.0,5.6186,100.4964,0.0
ETS215,9130,1790665607,119.0,3.8213,101.407,0.0
ETS207,9052,1790665607,0.0,3.1447,101.6929,0.0
ETS304,9209,1790665676,90.0,5.583737,100.49524,0.0
ETS306,9323,1790665676,90.0,1.5629379,103.69254,0.0
ETS309,9326,1790665676,90.0,3.537612,101.63604,0.0
ETS301,9425,1790665676,90.0,2.7000206,101.96136,0.0
ETS310,9428,1790665676,90.0,2.9791837,101.79141,0.0
ETS307,9528,1790665676,90.0,2.4616756,102.36436,0.0
ETS303,9530,1790665676,90.0,1.534813,103.728065,0.0
SCS21,weekday_2031,1790665608,0.0,3.0986,101.705,0.0
SCS28,2831,1790665608,114.0,4.9452,100.7221,0.0
EMU33,2938,1790665608,11.0,5.3912,100.3694,0.0
ETS301,9425,1790665676,90.0,2.7000206,101.96136,0.0
ETS309,9326,1790665676,90.0,3.537612,101.63604,0.0
ETS304,9209,1790665676,90.0,5.583737,100.49524,0.0
ETS306,9323,1790665676,90.0,1.5629379,103.69254,0.0
ETS215,9130,1790665712,108.0,3.8441,101.3914,0.0
ETS207,9052,1790665712,0.0,3.1447,101.6929,0.0
ETS310,9428,1790665676,90.0,2.9791837,101.79141,0.0
ETS307,9528,1790665676,90.0,2.4616756,102.36436,0.0
ETS303,9530,1790665676,90.0,1.534813,103.728065,0.0
ETS207,9052,1790665712,0.0,3.1447,101.6929,0.0
SCS21,weekday_2031,1790665713,0.0,3.0986,101.705,0.0
EMU33,2938,1790665713,37.0,5.3867,100.3748,0.0
SCS23,2936,1790665775,27.0,5.643,100.49,0.0
EMU31,2807,1790665775,0.0,4.5979,101.073,0.0
ETS306,9323,1790665797,90.0,1.540577,103.710945,0.0
ETS307,9528,1790665797,90.0,2.4548311,102.323784,0.0
ETS310,9428,1790665797,90.0,2.9814818,101.791374,0.0
ETS301,9425,1790665797,90.0,2.6786969,101.977554,0.0
ETS304,9209,1790665797,90.0,5.574805,100.49668,0.0
ETS309,9326,1790665797,90.0,3.5612717,101.63048,0.0
ETS303,9530,1790665797,90.0,1.5364964,103.72456,0.0
ETS216,9226,1790665748,136.0,6.3408,100.3252,0.0
ETS212,9225,1790665746,89.0,3.1927,101.6538,0.0
ETS208,9442,1790665746,21.0,4.6575,101.1238,0.0
SCS25,weekday_2036,1790665746,0.0,3.1815,101.6884,0.0
ETS213,9108,1790665735,138.0,4.9366,100.7198,0.0
EMU24,2828,1790665734,25.0,4.6107,101.0817,0.0
ETS206,9449,1790665733,0.0,4.6,101.0744,0.0
ETS306,9323,1790665797,90.0,1.540577,103.710945,0.0
ETS310,9428,1790665797,90.0,2.9814818,101.791374,0.0
ETS301,9425,1790665797,90.0,2.6786969,101.977554,0.0
ETS309,9326,1790665797,90.0,3.5612717,101.63048,0.0
ETS303,9530,1790665797,90.0,1.5364964,103.72456,0.0
EMU31,2807,1790665775,0.0,4.5979,101.073,0.0
ETS307,9528,1790665797,90.0,2.4548311,102.323784,0.0
ETS304,9209,1790665797,90.0,5.574805,100.49668,0.0
ETS213,9108,1790665780,129.0,4.9517,100.7238,0.0
ETS216,9226,1790665778,135.0,6.3494,100.3187,0.0
ETS206,9449,1790665778,0.0,4.6,101.0744,0.0
ETS208,9442,1790665776,51.0,4.6596,101.1254,0.0
ETS212,9225,1790665776,0.0,3.192,101.6552,0.0
ETS309,9326,1790665918,90.0,3.5845613,101.61197,0.0
ETS310,9428,1790665918,90.0,2.9822466,101.79141,0.0
ETS301,9425,1790665917,90.0,2.6607692,101.99662,0.0
ETS303,9530,1790665917,90.0,1.5404327,103.7105,0.0
ETS306,9323,1790665917,90.0,1.5365721,103.72456,0.0
ETS304,9209,1790665917,90.0,5.562291,100.49874,0.0
ETS307,9528,1790665917,90.0,2.45769,102.283134,0.0
ETS309,9326,1790665918,90.0,3.5845613,101.61197,0.0
ETS310,9428,1790665918,90.0,2.9822466,101.79141,0.0
ETS304,9209,1790665917,90.0,5.562291,100.49874,0.0
ETS306,9323,1790665917,90.0,1.5365721,103.72456,0.0
ETS301,9425,1790665917,90.0,2.6607692,101.99662,0.0
ETS307,9528,1790665917,90.0,2.45769,102.283134,0.0
ETS303,9530,1790665917,90.0,1.5404327,103.7105,0.0
ETS215,9130,1790665907,121.0,3.8901,101.3716,0.0
ETS207,9052,1790665997,0.0,3.1447,101.6929,0.0
DMU03,57,1790665997,0.0,6.0428,102.1424,0.0
ETS309,9326,1790666038,90.0,3.6052856,101.589645,0.0
ETS303,9530,1790666038,90.0,1.5630217,103.69238,0.0
ETS304,9209,1790666038,90.0,5.553999,100.50011,0.0
ETS310,9428,1790666038,90.0,2.9904494,101.78696,0.0
ETS301,9425,1790666038,90.0,2.654749,102.0195,0.0
ETS306,9323,1790666038,90.0,1.5364321,103.7248,0.0
ETS307,9528,1790666038,90.0,2.4591675,102.24406,0.0
ETS310,9428,1790666038,90.0,2.9904494,101.78696,0.0
ETS309,9326,1790666038,90.0,3.6052856,101.589645,0.0
ETS306,9323,1790666038,90.0,1.5364321,103.7248,0.0
ETS304,9209,1790666038,90.0,5.553999,100.50011,0.0
ETS213,9108,1790666065,135.0,5.0356,100.7055,0.0
ETS216,9226,1790666063,53.0,6.4306,100.2692,0.0
SCS22,weekday_2150,1790666060,0.0,3.1402,101.6939,0.0
ETS301,9425,1790666038,90.0,2.654749,102.0195,0.0
ETS303,9530,1790666038,90.0,1.5630217,103.69238,0.0
ETS307,9528,1790666038,90.0,2.4591675,102.24406,0.0
ETS213,9108,1790666140,136.0,5.0392,100.6797,0.0
ETS303,9530,1790666159,90.0,1.5783325,103.669525,0.0
ETS307,9528,1790666159,90.0,2.463379,102.22682,0.0
ETS310,9428,1790666159,90.0,2.9901226,101.761955,0.0
ETS301,9425,1790666159,90.0,2.636267,102.04429,0.0
ETS309,9326,1790666159,90.0,3.626931,101.56725,0.0
ETS306,9323,1790666159,90.0,1.5199087,103.741875,0.0
ETS304,9209,1790666159,90.0,5.5458975,100.50152,0.0
ETS308,9531,1790666159,90.0,0.0027284583,0.0154984975,0.0
ETS206,9449,1790666108,48.0,4.5444,101.054,0.0
ETS216,9226,1790666108,0.0,6.4327,100.2684,0.0
ETS212,9225,1790666106,27.0,3.1525,101.6918,0.0
ETS208,9442,1790666106,135.0,4.7464,101.1212,0.0
SCS22,weekday_2150,1790666105,18.0,3.1423,101.694,0.0
EMU31,2807,1790666105,0.0,4.5979,101.073,0.0
ETS207,9052,1790666132,0.0,3.1447,101.6929,0.0
ETS213,9108,1790666140,136.0,5.0392,100.6797,0.0
ETS308,9531,1790666159,90.0,0.0027284583,0.0154984975,0.0
ETS303,9530,1790666159,90.0,1.5783325,103.669525,0.0
ETS307,9528,1790666159,90.0,2.463379,102.22682,0.0
ETS310,9428,1790666159,90.0,2.9901226,101.761955,0.0
ETS304,9209,1790666159,90.0,5.5458975,100.50152,0.0
ETS309,9326,1790666159,90.0,3.626931,101.56725,0.0
ETS301,9425,1790666159,90.0,2.636267,102.04429,0.0
ETS306,9323,1790666159,90.0,1.5199087,103.741875,0.0
SCS07,weekday_2151,1790666142,28.0,3.3222,101.5734,0.0
ETS215,9130,1790666132,117.0,3.9439,101.3349,0.0
ETS301,9425,1790666279,90.0,2.636001,102.04955,0.0
ETS303,9530,1790666279,90.0,1.610474,103.64935,0.0
ETS306,9323,1790666279,90.0,1.4882572,103.75805,0.0
ETS310,9428,1790666279,90.0,2.9999657,101.73748,0.0
ETS309,9326,1790666279,90.0,3.6315231,101.56352,0.0
ETS308,9531,1790666279,90.0,3.1263618,101.68003,0.0
ETS304,9209,1790666279,90.0,5.5374403,100.50388,0.0
ETS307,9528,1790666279,90.0,2.4634244,102.22678,0.0
ETS304,9209,1790666279,90.0,5.5374403,100.50388,0.0
ETS307,9528,1790666279,90.0,2.4634244,102.22678,0.0
ETS303,9530,1790666279,90.0,1.610474,103.64935,0.0
ETS308,9531,1790666279,90.0,3.1263618,101.68003,0.0
ETS306,9323,1790666279,90.0,1.4882572,103.75805,0.0
ETS310,9428,1790666279,90.0,2.9999657,101.73748,0.0
ETS309,9326,1790666279,90.0,3.6315231,101.56352,0.0
ETS301,9425,1790666279,90.0,2.636001,102.04955,0.0
EMU24,2828,1790666331,120.0,4.7143,101.1234,0.0
ETS303,9530,1790666400,90.0,1.6405313,103.627045,0.0
ETS307,9528,1790666400,90.0,2.4649742,102.22399,0.0
ETS310,9428,1790666400,90.0,3.0032845,101.73366,0.0
ETS301,9425,1790666400,90.0,2.634423,102.05836,0.0
ETS309,9326,1790666400,90.0,3.639081,101.5591,0.0
ETS306,9323,1790666400,90.0,1.4685998,103.762085,0.0
ETS304,9209,1790666400,90.0,5.5290556,100.50624,0.0
ETS308,9531,1790666400,90.0,3.1195066,101.67965,0.0
SCS21,weekday_2031,1790666358,0.0,3.0986,101.705,0.0
ETS207,9052,1790666357,0.0,3.1447,101.6929,0.0
ETS215,9130,1790666357,140.0,4.0074,101.3003,0.0
SCS23,2936,1790666345,116.0,5.7973,100.4825,0.0
ETS216,9226,1790666339,134.0,6.4669,100.2565,0.0
EMU33,2938,1790666328,43.0,5.3619,100.46,0.0
SCS25,weekday_2036,1790666434,32.0,3.233,101.6778,0.0
ETS213,9108,1790666425,134.0,5.0423,100.5811,0.0
ETS206,9449,1790666438,122.0,4.4994,101.0453,0.0
ETS212,9225,1790666436,0.0,3.1466,101.6907,0.0
ETS208,9442,1790666436,0.0,4.8183,101.0717,0.0
SCS22,weekday_2150,1790666435,0.0,3.166,101.6903,0.0
EMU31,2807,1790666435,0.0,4.5979,101.073,0.0
EMU33,2938,1790666433,48.0,5.3609,100.467,0.0
DMU03,57,1790666372,58.0,6.0247,102.1401,0.0
ETS308,9531,1790666400,90.0,3.1195066,101.67965,0.0
ETS304,9209,1790666400,90.0,5.5290556,100.50624,0.0
ETS309,9326,1790666400,90.0,3.639081,101.5591,0.0
ETS306,9323,1790666400,90.0,1.4685998,103.762085,0.0
ETS303,9530,1790666400,90.0,1.6405313,103.627045,0.0
ETS307,9528,1790666400,90.0,2.4649742,102.22399,0.0
ETS310,9428,1790666400,90.0,3.0032845,101.73366,0.0
ETS301,9425,1790666400,90.0,2.634423,102.05836,0.0
ETS206,9449,1790666438,122.0,4.4994,101.0453,0.0
ETS212,9225,1790666436,0.0,3.1466,101.6907,0.0
ETS208,9442,1790666436,0.0,4.8183,101.0717,0.0
SCS22,weekday_2150,1790666435,0.0,3.166,101.6903,0.0
EMU31,2807,1790666435,0.0,4.5979,101.073,0.0
ETS213,9108,1790666440,134.0,5.0393,100.5768,0.0
SCS25,weekday_2036,1790666463,0.0,3.2345,101.6798,0.0
SCS07,weekday_2151,1790666442,71.0,3.2841,101.5683,0.0
ETS304,9209,1790666521,90.0,5.5206833,100.50851,0.0
ETS307,9528,1790666521,90.0,2.4563267,102.20158,0.0
ETS303,9530,1790666521,90.0,1.6638311,103.60103,0.0
ETS310,9428,1790666521,90.0,3.0086067,101.72701,0.0
ETS308,9531,1790666521,90.0,3.111811,101.68831,0.0
ETS309,9326,1790666521,90.0,3.6451328,101.554245,0.0
ETS306,9323,1790666521,90.0,1.463639,103.765854,0.0
ETS301,9425,1790666520,90.0,2.6115537,102.08461,0.0
EMU33,2938,1790666463,78.0,5.3661,100.4677,0.0
SCS28,2831,1790666463,114.0,4.7833,100.777,0.0
SCS21,weekday_2031,1790666463,0.0,3.0986,101.705,0.0
ETS216,9226,1790666444,134.0,6.5035,100.2535,0.0
ETS207,9052,1790666432,0.0,3.1447,101.6929,0.0
ETS215,9130,1790666432,134.0,4.0294,101.2868,0.0
ETS308,9531,1790666521,90.0,3.111811,101.68831,0.0
ETS309,9326,1790666521,90.0,3.6451328,101.554245,0.0
ETS307,9528,1790666521,90.0,2.4563267,102.20158,0.0
ETS310,9428,1790666521,90.0,3.0086067,101.72701,0.0
ETS303,9530,1790666521,90.0,1.6638311,103.60103,0.0
ETS306,9323,1790666521,90.0,1.463639,103.765854,0.0
ETS304,9209,1790666521,90.0,5.5206833,100.50851,0.0
ETS301,9425,1790666520,90.0,2.6115537,102.08461,0.0
ETS304,9209,1790666641,90.0,5.4905233,100.50124,0.0
ETS307,9528,1790666641,90.0,2.4713168,102.18236,0.0
ETS308,9531,1790666641,90.0,3.1007018,101.70268,0.0
ETS303,9530,1790666641,90.0,1.6647513,103.59885,0.0
ETS306,9323,1790666641,90.0,1.4619744,103.76614,0.0
ETS310,9428,1790666641,90.0,3.026822,101.71474,0.0
ETS301,9425,1790666641,90.0,2.5758617,102.10597,0.0
ETS309,9326,1790666641,90.0,3.6510339,101.547424,0.0
ETS306,9323,1790666641,90.0,1.4619744,103.76614,0.0
ETS309,9326,1790666641,90.0,3.6510339,101.547424,0.0
ETS301,9425,1790666641,90.0,2.5758617,102.10597,0.0
ETS307,9528,1790666641,90.0,2.4713168,102.18236,0.0
ETS303,9530,1790666641,90.0,1.6647513,103.59885,0.0
ETS308,9531,1790666641,90.0,3.1007018,101.70268,0.0
ETS304,9209,1790666641,90.0,5.4905233,100.50124,0.0
ETS310,9428,1790666641,90.0,3.026822,101.71474,0.0
ETS206,9449,1790666663,0.0,4.4597,101.0493,0.0
ETS212,9225,1790666661,10.0,3.1467,101.6908,0.0
SCS22,weekday_2150,1790666660,39.0,3.1862,101.6645,0.0
DMU03,57,1790666657,17.0,5.9952,102.1419,0.0
SCS21,weekday_2031,1790666688,0.0,3.0986,101.705,0.0
ETS207,9052,1790666792,0.0,3.1447,101.6929,0.0
DMU03,57,1790666792,46.0,5.9827,102.1428,0.0
ETS216,9226,1790666774,133.0,6.6168,100.2649,0.0
ETS306,9323,1790666761,90.0,1.4621655,103.76618,0.0
ETS309,9326,1790666761,90.0,3.671631,101.53082,0.0
ETS301,9425,1790666761,90.0,2.5495749,102.13758,0.0
ETS307,9528,1790666761,90.0,2.509759,102.172455,0.0
ETS303,9530,1790666761,90.0,1.6768229,103.582214,0.0
ETS308,9531,1790666761,90.0,3.0958402,101.70875,0.0
ETS304,9209,1790666761,90.0,5.449996,100.49358,0.0
ETS310,9428,1790666761,90.0,3.0553615,101.707924,0.0
SCS22,weekday_2150,1790666825,0.0,3.1921,101.6546,0.0
ETS207,9052,1790666792,0.0,3.1447,101.6929,0.0
ETS206,9449,1790666843,5.0,4.4576,101.0504,0.0
ETS208,9442,1790666826,137.0,4.8425,100.9785,0.0
EMU31,2807,1790666825,0.0,4.5979,101.073,0.0
SCS25,weekday_2036,1790666825,0.0,3.2371,101.6813,0.0
SCS10,weekday_2155,1790666816,0.0,3.6839,101.5189,0.0
SCS23,2936,1790666825,114.0,5.9013,100.4733,0.0
EMU33,2938,1790666793,116.0,5.4573,100.4945,0.0
SCS21,weekday_2031,1790666793,0.0,3.0986,101.705,0.0
ETS216,9226,1790666819,135.0,6.6304,100.2722,0.0
ETS301,9425,1790666882,90.0,2.5222495,102.167465,0.0
ETS308,9531,1790666882,90.0,3.0955875,101.709076,0.0
ETS303,9530,1790666882,90.0,1.7010936,103.550865,0.0
ETS307,9528,1790666882,90.0,2.5414796,102.14766,0.0
ETS310,9428,1790666882,90.0,3.075448,101.71186,0.0
ETS309,9326,1790666882,90.0,3.683921,101.519394,0.0
ETS304,9209,1790666882,90.0,5.412568,100.47645,0.0
ETS216,9226,1790666954,28.0,6.6506,100.3028,0.0
DMU03,57,1790666957,6.0,5.966,102.144,0.0
EMU31,2807,1790666990,0.0,4.5979,101.073,0.0
ETS304,9209,1790667002,90.0,5.3781834,100.47014,0.0
ETS307,9528,1790667002,90.0,2.5654564,102.1159,0.0
ETS303,9530,1790667002,90.0,1.7257963,103.51834,0.0
ETS308,9531,1790667002,90.0,3.0950594,101.709656,0.0
ETS309,9326,1790667002,90.0,0.0027284583,0.0154984975,0.0
ETS310,9428,1790667002,90.0,3.0760534,101.71258,0.0
ETS301,9425,1790667002,90.0,2.482826,102.18085,0.0
ETS206,9449,1790666993,93.0,4.4379,101.0593,0.0
ETS208,9442,1790666991,134.0,4.8036,100.9439,0.0
ETS212,9225,1790666991,20.0,3.1371,101.6917,0.0
SCS25,weekday_2036,1790666990,0.0,3.2371,101.6813,0.0
ETS304,9209,1790667123,90.0,5.3671517,100.468765,0.0
ETS307,9528,1790667123,90.0,2.5971153,102.09324,0.0
ETS310,9428,1790667123,90.0,3.0862188,101.71236,0.0
ETS303,9530,1790667123,90.0,1.7631979,103.499016,0.0
ETS309,9326,1790667123,90.0,3.7066705,101.49482,0.0
ETS308,9531,1790667123,90.0,3.0955863,101.70908,0.0
ETS301,9425,1790667123,90.0,2.452013,102.19544,0.0
ETS212,9225,1790667096,0.0,3.1369,101.6912,0.0
SCS23,2936,1790667095,27.0,5.9709,100.4412,0.0
SCS22,weekday_2150,1790667095,0.0,3.2032,101.6368,0.0
EMU33,2938,1790667210,117.0,5.5454,100.5011,0.0
SCS10,weekday_2155,1790667206,116.0,3.6462,101.5531,0.0
ETS213,9108,1790667205,131.0,5.2237,100.4906,0.0
ETS216,9226,1790667177,57.0,6.6575,100.3129,0.0
SCS28,2831,1790667213,0.0,4.776,100.9312,0.0
SCS21,weekday_2031,1790667213,0.0,3.0986,101.705,0.0
ETS215,9130,1790667212,131.0,4.2386,101.1764,0.0
DMU03,57,1790667212,50.0,5.9359,102.1512,0.0
ETS207,9052,1790667212,94.0,3.203,101.637,0.0
ETS310,9428,1790667244,90.0,3.1029015,101.69985,0.0
ETS309,9326,1790667244,90.0,3.725235,101.46442,0.0
ETS308,9531,1790667244,90.0,3.0940042,101.710594,0.0
ETS307,9528,1790667244,90.0,2.6258829,102.07319,0.0
ETS303,9530,1790667243,90.0,1.8021017,103.49022,0.0
ETS301,9425,1790667243,90.0,2.466574,102.22121,0.0
ETS304,9209,1790667243,90.0,5.3543057,100.46632,0.0
SCS22,weekday_2150,1790667215,0.0,3.2032,101.6368,0.0
SCS28,2831,1790667213,0.0,4.776,100.9312,0.0
ETS215,9130,1790667287,102.0,4.2605,101.1709,0.0
ETS212,9225,1790667291,0.0,3.1369,101.6912,0.0
SCS28,2831,1790667333,117.0,4.7936,100.9367,0.0
EMU31,2807,1790667320,0.0,4.5978,101.073,0.0
SCS25,weekday_2036,1790667320,0.0,3.2371,101.6813,0.0
SCS22,weekday_2150,1790667320,0.0,3.2032,101.6368,0.0
SCS21,weekday_2031,1790667318,21.0,3.099,101.7044,0.0
DMU03,57,1790667317,52.0,5.9215,102.1551,0.0
ETS204,9352,1790667317,0.0,2.5078,102.8129,0.0
ETS304,9209,1790667364,90.0,5.3386297,100.470856,0.0
ETS309,9326,1790667364,90.0,3.747131,101.44906,0.0
ETS301,9425,1790667364,90.0,2.4630134,102.2275,0.0
ETS308,9531,1790667364,90.0,3.0806847,101.716545,0.0
ETS307,9528,1790667364,90.0,2.6387331,102.03938,0.0
ETS303,9530,1790667364,90.0,1.8118211,103.47945,0.0
ETS310,9428,1790667364,90.0,3.118332,101.6799,0.0
SCS10,weekday_2155,1790667401,115.0,3.6033,101.5904,0.0
ETS213,9108,1790667400,107.0,5.287,100.4812,0.0
DMU09,38,1790667400,0.0,2.5795,102.6135,0.0
ETS206,9449,1790667398,128.0,4.328,101.1305,0.0
SCS23,2936,1790667395,114.0,6.0262,100.41,0.0
ETS307,9528,1790667485,90.0,2.655101,102.01447,0.0
ETS308,9531,1790667485,90.0,3.0760093,101.71252,0.0
ETS310,9428,1790667485,90.0,3.1277394,101.68106,0.0
ETS309,9326,1790667485,90.0,3.7712593,101.43719,0.0
ETS304,9209,1790667485,90.0,5.300668,100.480675,0.0
ETS303,9530,1790667485,90.0,1.8202473,103.46788,0.0
ETS301,9425,1790667484,90.0,2.4590516,102.24156,0.0
SCS21,weekday_2031,1790667498,48.0,3.1126,101.6841,0.0
SCS28,2831,1790667498,115.0,4.8355,100.9584,0.0
DMU03,57,1790667497,31.0,5.9099,102.1584,0.0
ETS215,9130,1790667497,5.0,4.3034,101.153,0.0
ETS207,9052,1790667497,85.0,3.2009,101.5987,0.0
EMU33,2938,1790667495,111.0,5.6261,100.4932,0.0
DMU03,57,1790667542,41.0,5.9048,102.1591,0.0
ETS215,9130,1790667542,0.0,4.3033,101.1531,0.0
ETS304,9209,1790667605,90.0,5.269337,100.481125,0.0
ETS309,9326,1790667605,90.0,3.8023484,101.42358,0.0
ETS301,9425,1790667605,90.0,2.4579165,102.28157,0.0
ETS310,9428,1790667605,90.0,3.133282,101.68547,0.0
ETS307,9528,1790667605,90.0,2.6604095,101.99675,0.0
ETS303,9530,1790667605,90.0,1.8410252,103.434456,0.0
ETS308,9531,1790667605,90.0,3.060042,101.70845,0.0
ETS216,9226,1790667668,0.0,6.6626,100.3207,0.0
ETS212,9225,1790667651,0.0,3.1369,101.6912,0.0
SCS22,weekday_2150,1790667651,75.0,3.2083,101.6201,0.0
ETS213,9108,1790667655,111.0,5.3616,100.4603,0.0
EMU31,2807,1790667650,0.0,4.5978,101.073,0.0
SCS23,2936,1790667650,112.0,6.0928,100.3726,0.0
ETS215,9130,1790667677,136.0,4.3214,101.1358,0.0
ETS207,9052,1790667677,0.0,3.205,101.583,0.0
DMU03,57,1790667677,0.0,5.8915,102.1573,0.0
SCS10,weekday_2155,1790667656,57.0,3.5618,101.6302,0.0
ETS206,9449,1790667653,48.0,4.2996,101.1575,0.0
ETS304,9209,1790667726,90.0,5.2284064,100.49023,0.0
ETS307,9528,1790667726,90.0,2.6773682,101.97943,0.0
ETS308,9531,1790667726,90.0,3.034282,101.709366,0.0
ETS303,9530,1790667726,90.0,1.8727889,103.41113,0.0
ETS309,9326,1790667726,90.0,0.0027284583,0.0154984975,0.0
ETS310,9428,1790667726,90.0,0.0027284583,0.0154984975,0.0
ETS301,9425,1790667726,90.0,2.4545825,102.32201,0.0
ETS216,9226,1790667762,4.0,6.6629,100.3205,0.0
SCS10,weekday_2155,1790667761,4.0,3.5527,101.6396,0.0
EMU35,2940,1790667758,0.0,5.3646,100.4213,0.0
SCS22,weekday_2150,1790667756,83.0,3.2011,101.5993,0.0
EMU31,2807,1790667755,0.0,4.5978,101.073,0.0
DMU10(D6120),60,1790667753,45.0,4.1947,102.0431,0.0
SCS25,weekday_2036,1790667753,0.0,3.2371,101.6813,0.0
SCS23,2936,1790667755,7.0,6.1125,100.3694,0.0
ETS213,9108,1790667850,36.0,5.3667,100.4453,0.0
SCS21,weekday_2031,1790667843,19.0,3.1299,101.6815,0.0
ETS307,9528,1790667846,90.0,2.6977932,101.965065,0.0
ETS308,9531,1790667846,90.0,3.0147126,101.72349,0.0
ETS301,9425,1790667846,90.0,2.4616997,102.364334,0.0
ETS310,9428,1790667846,90.0,0.0027284583,0.0154984975,0.0
ETS304,9209,1790667846,90.0,5.1896453,100.48073,0.0
ETS309,9326,1790667846,90.0,3.8524134,101.38177,0.0
ETS303,9530,1790667846,90.0,1.8847688,103.40539,0.0
SCS13,2943,1790667867,118.0,6.5657,100.2592,0.0
EMU33,2938,1790667867,115.0,5.6967,100.5086,0.0
DMU09,38,1790667865,6.0,2.5793,102.6127,0.0
ETS206,9449,1790667863,113.0,4.2572,101.1722,0.0
EMU35,2940,1790667863,89.0,5.3664,100.4399,0.0
DMU10(D6120),60,1790667858,54.0,4.2018,102.0316,0.0
DMU09,38,1790667970,11.0,2.5784,102.6085,0.0
ETS216,9226,1790667967,0.0,6.6628,100.3206,0.0
EMU35,2940,1790667953,0.0,5.3665,100.4471,0.0
SCS28,2831,1790667948,0.0,4.819,101.0707,0.0
SCS21,weekday_2031,1790667948,0.0,3.1325,101.6835,0.0
SCS07,weekday_2151,1790667948,88.0,3.1821,101.673,0.0
ETS309,9326,1790667967,90.0,3.8862636,101.379364,0.0
ETS301,9425,1790667967,90.0,2.464949,102.40442,0.0
ETS310,9428,1790667967,90.0,3.1359456,101.691444,0.0
ETS303,9530,1790667967,90.0,1.8896699,103.40284,0.0
ETS308,9531,1790667967,90.0,2.9967415,101.74066,0.0
ETS304,9209,1790667967,90.0,5.147884,100.4832,0.0
ETS307,9528,1790667967,90.0,2.7129812,101.949135,0.0
ETS206,9449,1790667953,141.0,4.2305,101.1773,0.0
ETS212,9225,1790667981,0.0,3.1369,101.6912,0.0
SCS22,weekday_2150,1790667981,25.0,3.2069,101.5776,0.0
SCS23,2936,1790667980,114.0,6.1546,100.3798,0.0
EMU31,2807,1790667980,0.0,4.5978,101.073,0.0
DMU10(D6120),60,1790667978,57.0,4.2132,102.0189,0.0
DMU03,57,1790667977,47.0,5.8633,102.1538,0.0
SCS25,weekday_2036,1790667977,0.0,3.2371,101.6813,0.0
ETS215,9130,1790667977,134.0,4.4078,101.0762,0.0
EMU31,2807,1790668055,0.0,4.5978,101.073,0.0
ETS304,9209,1790668088,90.0,5.1070046,100.49166,0.0
ETS307,9528,1790668088,90.0,2.7186048,101.94088,0.0
ETS303,9530,1790668088,90.0,1.9183758,103.380516,0.0
ETS308,9531,1790668088,90.0,2.9909573,101.76571,0.0
ETS309,9326,1790668088,90.0,0.0027284583,0.0154984975,0.0
ETS310,9428,1790668088,90.0,3.1383243,101.694336,0.0
ETS301,9425,1790668088,90.0,2.4735246,102.41631,0.0
ETS213,9108,1790668060,95.0,5.3671,100.4148,0.0
DMU09,38,1790668060,22.0,2.5799,102.6035,0.0
EMU35,2940,1790668058,47.0,5.3637,100.4585,0.0
SCS22,weekday_2150,1790668056,77.0,3.214,101.5707,0.0
ETS215,9130,1790668052,130.0,4.4308,101.0634,0.0
ETS206,9449,1790668148,43.0,4.1764,101.1895,0.0
DMU03,57,1790668142,56.0,5.8406,102.151,0.0
ETS207,9052,1790668142,71.0,3.2761,101.5623,0.0
SCS25,weekday_2036,1790668138,0.0,3.2371,101.6813,0.0
ETS213,9108,1790668165,97.0,5.3786,100.3903,0.0
ETS310,9428,1790668209,90.0,3.1392386,101.694565,0.0
ETS309,9326,1790668209,90.0,3.9415278,101.33762,0.0
ETS308,9531,1790668209,90.0,2.9892788,101.789635,0.0
ETS307,9528,1790668209,90.0,2.7189853,101.94016,0.0
ETS303,9530,1790668208,90.0,1.9475183,103.35036,0.0
ETS301,9425,1790668208,90.0,2.4777024,102.43154,0.0
ETS304,9209,1790668208,90.0,5.0679,100.50672,0.0
ETS215,9130,1790668277,0.0,4.4607,101.0491,0.0
EMU24,2828,1790668262,119.0,4.791,100.7588,0.0
SCS28,2831,1790668248,100.0,4.7701,101.1112,0.0
DMU09,38,1790668286,51.0,2.5958,102.5953,0.0
ETS213,9108,1790668285,8.0,5.3876,100.373,0.0
SCS25,weekday_2036,1790668281,0.0,3.2371,101.6813,0.0
SCS22,weekday_2150,1790668281,0.0,3.251,101.5557,0.0
EMU31,2807,1790668280,0.0,4.5978,101.073,0.0
SCS23,2936,1790668280,114.0,6.2113,100.3655,0.0
SCS10,weekday_2155,1790668278,100.0,3.4755,101.639,0.0
ETS204,9352,1790668277,0.0,2.5795,102.6127,0.0
ETS207,9052,1790668277,64.0,3.2993,101.5751,0.0
DMU03,57,1790668277,51.0,5.8213,102.1487,0.0
DMU10(D6120),60,1790668278,0.0,4.2327,101.9902,0.0
ETS308,9531,1790668329,90.0,2.9819465,101.79153,0.0
ETS310,9428,1790668329,90.0,3.146729,101.69199,0.0
ETS309,9326,1790668329,90.0,3.972205,101.31691,0.0
ETS301,9425,1790668329,90.0,2.4993987,102.46364,0.0
ETS304,9209,1790668329,90.0,5.0310006,100.52618,0.0
ETS307,9528,1790668329,90.0,2.7221227,101.92958,0.0
ETS303,9530,1790668329,90.0,1.9832685,103.332306,0.0
EMU31,2807,1790668355,0.0,4.5978,101.073,0.0
ETS213,9108,1790668360,17.0,5.39,100.3707,0.0
ETS206,9449,1790668358,0.0,4.1757,101.1895,0.0
SCS23,2936,1790668355,114.0,6.2333,100.361,0.0
ETS304,9209,1790668450,90.0,5.026113,100.55951,0.0
ETS309,9326,1790668450,90.0,4.003377,101.30419,0.0
ETS301,9425,1790668450,90.0,2.5253189,102.49484,0.0
ETS310,9428,1790668450,90.0,3.164014,101.69255,0.0
ETS307,9528,1790668450,90.0,2.7248585,101.91383,0.0
ETS303,9530,1790668450,90.0,2.0220284,103.32095,0.0
ETS308,9531,1790668450,90.0,2.9802325,101.791534,0.0
SCS22,weekday_2150,1790668446,14.0,3.2597,101.5553,0.0
SCS07,weekday_2151,1790668443,14.0,3.1399,101.6938,0.0
SCS21,weekday_2031,1790668443,15.0,3.1411,101.694,0.0
SCS28,2831,1790668443,102.0,4.7214,101.1224,0.0
ETS207,9052,1790668442,0.0,3.3191,101.5749,0.0
DMU03,57,1790668442,0.0,5.8064,102.1467,0.0
DMU10(D6120),60,1790668428,61.0,4.2402,101.9744,0.0
ETS215,9130,1790668427,98.0,4.4844,101.0426,0.0
ETS213,9108,1790668465,0.0,5.3933,100.3667,0.0
SCS25,weekday_2036,1790668459,0.0,3.2371,101.6813,0.0
EMU24,2828,1790668583,0.0,4.853,100.7322,0.0
ETS212,9136,1790668581,0.0,3.1369,101.6912,0.0
SCS10,weekday_2155,1790668578,93.0,3.4215,101.6248,0.0
ETS204,9352,1790668577,85.0,2.5826,102.5772,0.0
ETS310,9428,1790668570,90.0,3.1760201,101.68128,0.0
ETS303,9530,1790668570,90.0,2.0358524,103.31793,0.0
ETS308,9531,1790668570,90.0,2.9620385,101.792946,0.0
ETS301,9425,1790668570,90.0,2.557683,102.519356,0.0
ETS309,9326,1790668570,90.0,4.03991,101.28612,0.0
ETS304,9209,1790668570,90.0,5.0436745,100.59636,0.0
ETS307,9528,1790668570,90.0,2.7372978,101.8953,0.0
ETS212,9136,1790668611,0.0,3.1369,101.6912,0.0
ETS215,9130,1790668592,23.0,4.5227,101.05,0.0
SCS25,weekday_2036,1790668614,0.0,3.2371,101.6813,0.0
SCS23,2936,1790668595,114.0,6.3037,100.3466,0.0
EMU33,2938,1790668651,117.0,5.8856,100.4769,0.0
ETS207,9052,1790668652,112.0,3.3441,101.5724,0.0
ETS304,9209,1790668691,90.0,5.040632,100.638,0.0
ETS307,9528,1790668691,90.0,2.7409315,101.8721,0.0
ETS310,9428,1790668691,90.0,3.189017,101.660675,0.0
ETS303,9530,1790668691,90.0,2.0379634,103.31731,0.0
ETS309,9326,1790668691,90.0,0.0027284583,0.0154984975,0.0
ETS308,9531,1790668691,90.0,2.9384334,101.7898,0.0
ETS301,9425,1790668691,90.0,2.5758355,102.55571,0.0
DMU09,38,1790668661,58.0,2.6453,102.5835,0.0
ETS212,9136,1790668656,0.0,3.1369,101.6912,0.0
SCS22,weekday_2150,1790668656,86.0,3.2896,101.5719,0.0
EMU31,2807,1790668655,0.0,4.5978,101.073,0.0
SCS10,weekday_2155,1790668653,116.0,3.4012,101.6279,0.0
SCS28,2831,1790668653,56.0,4.6749,101.1375,0.0
DMU10(D6120),60,1790668653,53.0,4.2485,101.9421,0.0
ETS215,9130,1790668652,91.0,4.5318,101.0517,0.0
ETS207,9052,1790668742,107.0,3.3637,101.5785,0.0
ETS213,9108,1790668735,0.0,5.3933,100.3667,0.0
SCS28,2831,1790668728,33.0,4.6699,101.1336,0.0
SCS22,weekday_2150,1790668746,70.0,3.3089,101.575,0.0
DMU10(D6120),60,1790668743,53.0,4.2521,101.9301,0.0
SCS21,weekday_2031,1790668743,40.0,3.1642,101.6918,0.0
ETS215,9130,1790668742,22.0,4.5428,101.0537,0.0
ETS304,9209,1790668811,90.0,5.038224,100.67934,0.0
ETS309,9326,1790668811,90.0,4.1073923,101.25756,0.0
ETS301,9425,1790668811,90.0,2.5823827,102.58165,0.0
ETS310,9428,1790668811,90.0,3.2016702,101.63853,0.0
ETS307,9528,1790668811,90.0,2.747409,101.84919,0.0
ETS303,9530,1790668811,90.0,2.0676377,103.29994,0.0
ETS308,9531,1790668811,90.0,2.9202127,101.79727,0.0
DMU13,58,1790668916,17.0,4.8825,101.9684,0.0
SCS25,weekday_2036,1790668914,0.0,3.2371,101.6812,0.0
SCS23,2936,1790668910,0.0,6.3704,100.3031,0.0
ETS304,9209,1790668932,90.0,5.0267196,100.718155,0.0
ETS309,9326,1790668932,90.0,4.1270084,101.230736,0.0
ETS301,9425,1790668932,90.0,2.5772405,102.60738,0.0
ETS310,9428,1790668932,90.0,3.2074432,101.61985,0.0
ETS307,9528,1790668932,90.0,2.748572,101.8451,0.0
ETS303,9530,1790668932,90.0,2.0990067,103.27462,0.0
ETS308,9531,1790668932,90.0,2.9070458,101.79463,0.0
DMU03,57,1790668937,62.0,5.7575,102.1558,0.0
ETS207,9052,1790668937,115.0,3.3878,101.6258,0.0
EMU33,2938,1790668936,87.0,5.9658,100.4441,0.0
ETS212,9136,1790668911,0.0,3.1369,101.6912,0.0
EMU24,2828,1790668903,61.0,4.8986,100.7191,0.0
SCS28,2831,1790668936,25.0,4.656,101.1228,0.0
SCS13,2943,1790668917,115.0,6.3595,100.3113,0.0
EMU31,2807,1790668910,0.0,4.5978,101.073,0.0
DMU10(D6120),60,1790668893,27.0,4.2595,101.9257,0.0
SCS10,weekday_2155,1790668893,80.0,3.3671,101.6022,0.0
ETS208,9442,1790669016,134.0,5.0434,100.616,0.0
EMU31,2807,1790669015,0.0,4.5978,101.073,0.0
ETS206,9449,1790668883,118.0,4.051,101.2848,0.0
DMU09,38,1790668829,51.0,2.6607,102.565,0.0
ETS310,9428,1790669053,90.0,3.1999593,101.59839,0.0
ETS308,9531,1790669053,90.0,2.9041095,101.78768,0.0
ETS307,9528,1790669053,90.0,2.750847,101.83707,0.0
ETS309,9326,1790669053,90.0,0.0027284583,0.0154984975,0.0
ETS303,9530,1790669052,90.0,2.135497,103.25806,0.0
ETS301,9425,1790669052,90.0,2.5790882,102.61476,0.0
ETS304,9209,1790669052,90.0,4.9915857,100.73535,0.0
DMU13,58,1790669021,34.0,4.8887,101.9717,0.0
ETS213,9108,1790669020,0.0,5.3938,100.3663,0.0
EMU35,2940,1790669017,118.0,5.569,100.497,0.0
SCS22,weekday_2150,1790669016,76.0,3.3341,101.5714,0.0
ETS212,9136,1790669016,0.0,3.1369,101.6912,0.0
DMU13,58,1790669126,63.0,4.9046,101.9741,0.0
ETS213,9108,1790669125,0.0,5.3938,100.3662,0.0
EMU35,2940,1790669107,117.0,5.5961,100.493,0.0
ETS206,9449,1790669108,128.0,3.9822,101.3126,0.0
ETS212,9136,1790669106,0.0,3.1369,101.6912,0.0
SCS22,weekday_2150,1790669106,96.0,3.3554,101.5715,0.0
ETS307,9528,1790669173,90.0,2.752834,101.83017,0.0
ETS301,9425,1790669173,90.0,2.580074,102.6184,0.0
ETS309,9326,1790669173,90.0,4.1847763,101.18689,0.0
ETS304,9209,1790669173,90.0,4.9517894,100.72494,0.0
ETS303,9530,1790669173,90.0,2.1612296,103.22778,0.0
ETS308,9531,1790669173,90.0,2.893213,101.79336,0.0
ETS310,9428,1790669173,90.0,3.2050972,101.58213,0.0
DMU09,38,1790669238,9.0,2.6805,102.5372,0.0
DMU13,58,1790669216,58.0,4.9178,101.9787,0.0
SCS23,2936,1790669210,25.0,6.4307,100.2687,0.0
ETS215,9130,1790669237,84.0,4.6107,101.0836,0.0
ETS207,9052,1790669237,97.0,3.4685,101.6377,0.0
DMU03,57,1790669237,0.0,5.7088,102.1528,0.0
EMU33,2938,1790669236,115.0,6.0191,100.4139,0.0
SCS28,2831,1790669236,74.0,4.6098,101.0861,0.0
SCS25,weekday_2041,1790669234,81.0,3.2278,101.6729,0.0
EMU24,2828,1790669221,117.0,4.9884,100.7339,0.0
EMU35,2940,1790669212,113.0,5.626,100.4933,0.0
ETS212,9136,1790669211,0.0,3.1369,101.6912,0.0
ETS208,9442,1790669211,138.0,5.0231,100.5528,0.0
SCS22,weekday_2150,1790669211,102.0,3.3641,101.5925,0.0
DMU10(D6120),60,1790669208,4.0,4.2937,101.922,0.0
SCS10,weekday_2155,1790669208,46.0,3.3292,101.569,0.0
ETS310,9428,1790669294,90.0,3.205411,101.58132,0.0
ETS308,9531,1790669294,90.0,2.8799582,101.8145,0.0
ETS307,9528,1790669294,90.0,2.7550032,101.82235,0.0
ETS309,9326,1790669294,90.0,4.2217884,101.17983,0.0
ETS303,9530,1790669293,90.0,2.1843228,103.19891,0.0
ETS301,9425,1790669293,90.0,2.5847902,102.65171,0.0
ETS304,9209,1790669293,90.0,4.9112997,100.71847,0.0
ETS204,9352,1790669312,0.0,2.4737,102.415,0.0
SCS23,2936,1790669315,75.0,6.436,100.2669,0.0
ETS307,9528,1790669414,90.0,2.7738366,101.8039,0.0
ETS308,9531,1790669414,90.0,2.8613505,101.82082,0.0
ETS303,9530,1790669414,90.0,2.1910944,103.19097,0.0
ETS304,9209,1790669414,90.0,4.8710256,100.72577,0.0
ETS310,9428,1790669414,90.0,3.2132432,101.57175,0.0
ETS309,9326,1790669414,90.0,4.2583222,101.1726,0.0
ETS301,9425,1790669414,90.0,2.582835,102.693794,0.0
ETS208,9442,1790669376,0.0,5.0283,100.5276,0.0
ETS212,9136,1790669376,0.0,3.1369,101.6912,0.0
SCS22,weekday_2150,1790669376,51.0,3.3777,101.6161,0.0
EMU31,2807,1790669375,0.0,4.5978,101.073,0.0
ETS206,9449,1790669423,119.0,3.9025,101.3567,0.0
DMU03,57,1790669417,14.0,5.7022,102.1519,0.0
ETS215,9130,1790669417,130.0,4.6433,101.1134,0.0
EMU35,2940,1790669377,58.0,5.6456,100.4905,0.0
SCS07,weekday_2154,1790669463,0.0,3.1357,101.6887,0.0
DMU10(D6120),60,1790669463,51.0,4.3274,101.9192,0.0
SCS10,weekday_2155,1790669463,95.0,3.3047,101.575,0.0
ETS204,9352,1790669462,136.0,2.4628,102.3939,0.0
DMU03,57,1790669462,13.0,5.6997,102.1519,0.0
ETS215,9130,1790669462,61.0,4.6523,101.1199,0.0
DMU06,39,1790669518,63.0,4.1818,102.102,0.0
SCS13,2943,1790669517,115.0,6.1926,100.3694,0.0
ETS309,9326,1790669535,90.0,4.2872844,101.164566,0.0
ETS304,9209,1790669535,90.0,4.8521523,100.73324,0.0
ETS307,9528,1790669535,90.0,2.802741,101.80171,0.0
DMU10(D6120),60,1790669538,54.0,4.3382,101.9172,0.0
SCS07,weekday_2154,1790669538,0.0,3.1357,101.6887,0.0
EMU33,2938,1790669537,111.0,6.0974,100.37,0.0
DMU09,38,1790669524,43.0,2.6943,102.5181,0.0
EMU24,2828,1790669521,117.0,5.0392,100.6726,0.0
SCS25,weekday_2041,1790669518,0.0,3.2044,101.676,0.0
SCS10,weekday_2155,1790669508,82.0,3.2947,101.5746,0.0
DMU03,57,1790669507,41.0,5.6956,102.152,0.0
ETS215,9130,1790669537,23.0,4.6577,101.124,0.0
ETS301,9425,1790669535,90.0,2.5685039,102.731674,0.0
ETS310,9428,1790669535,90.0,3.2360468,101.56086,0.0
ETS303,9530,1790669535,90.0,2.2091305,103.17511,0.0
ETS308,9531,1790669535,90.0,2.8458848,101.825226,0.0
ETS204,9352,1790669537,132.0,2.4627,102.3683,0.0
SCS22,weekday_2150,1790669601,113.0,3.4296,101.6301,0.0
ETS208,9442,1790669601,138.0,5.0772,100.502,0.0
DMU09,38,1790669599,34.0,2.7011,102.5135,0.0
ETS308,9531,1790669656,90.0,2.8361688,101.82897,0.0
ETS303,9530,1790669656,90.0,2.241232,103.152466,0.0
ETS307,9528,1790669656,90.0,2.816664,101.81688,0.0
ETS304,9209,1790669656,90.0,4.8519855,100.733025,0.0
ETS309,9326,1790669656,90.0,0.0027284583,0.0154984975,0.0
ETS301,9425,1790669656,90.0,2.5465255,102.76704,0.0
ETS310,9428,1790669656,90.0,3.2537823,101.55558,0.0
EMU31,2807,1790669735,0.0,4.5978,101.073,0.0
DMU10(D6120),60,1790669778,21.0,4.3597,101.9221,0.0
ETS206,9449,1790669738,0.0,3.8302,101.4003,0.0
SCS23,2936,1790669735,102.0,6.5314,100.2582,0.0
DMU09,38,1790669734,27.0,2.7061,102.5047,0.0
ETS308,9531,1790669777,90.0,2.8303616,101.82792,0.0
ETS307,9528,1790669777,90.0,2.820577,101.82031,0.0
ETS304,9209,1790669777,90.0,4.8323016,100.731514,0.0
ETS309,9326,1790669777,90.0,4.3079004,101.14672,0.0
ETS303,9530,1790669777,90.0,2.279056,103.14127,0.0
ETS310,9428,1790669777,90.0,3.2681315,101.56049,0.0
ETS215,9130,1790669777,18.0,4.6695,101.1331,0.0
ETS301,9425,1790669776,90.0,2.521476,102.79599,0.0
ETS212,9136,1790669736,0.0,3.1369,101.6912,0.0
ETS208,9442,1790669736,118.0,5.122,100.4883,0.0
SCS22,weekday_2150,1790669736,74.0,3.4654,101.6374,0.0
ETS208,9442,1790669826,0.0,5.1305,100.4866,0.0
EMU26,2839,1790669807,96.0,5.374,100.399,0.0
ETS212,9136,1790669826,0.0,3.1369,101.6912,0.0
EMU24,2828,1790669823,118.0,5.0421,100.581,0.0
SCS23,2936,1790669810,114.0,6.5537,100.2597,0.0
EMU31,2807,1790669810,0.0,4.5978,101.073,0.0
DMU10(D6120),60,1790669808,44.0,4.3628,101.9229,0.0
SCS10,weekday_2155,1790669808,21.0,3.2581,101.5549,0.0
SCS07,weekday_2154,1790669808,24.0,3.1425,101.6938,0.0
ETS207,9052,1790669807,100.0,3.5936,101.6056,0.0
EMU33,2938,1790669807,117.0,6.1424,100.3806,0.0
DMU13,58,1790669831,49.0,4.9834,102.015,0.0
ETS213,9133,1790669830,35.0,5.3665,100.4467,0.0
DMU03,57,1790669822,63.0,5.645,102.1591,0.0
ETS215,9130,1790669822,24.0,4.6716,101.1348,0.0
ETS204,9352,1790669822,131.0,2.4576,102.2706,0.0
SCS22,weekday_2150,1790669811,11.0,3.4692,101.6379,0.0
ETS208,9442,1790669901,81.0,5.1363,100.4852,0.0
ETS212,9136,1790669901,0.0,3.1369,101.6912,0.0
ETS304,9209,1790669897,90.0,4.798109,100.74929,0.0
ETS309,9326,1790669897,90.0,4.3380976,101.12365,0.0
ETS301,9425,1790669897,90.0,2.5067368,102.81461,0.0
ETS310,9428,1790669897,90.0,3.285319,101.57036,0.0
ETS307,9528,1790669897,90.0,2.8253503,101.82594,0.0
ETS303,9530,1790669897,90.0,2.2971406,103.13032,0.0
ETS308,9531,1790669897,90.0,2.8303397,101.82782,0.0
EMU26,2839,1790669912,38.0,5.3651,100.42,0.0
ETS304,9209,1790670018,90.0,4.779481,100.78642,0.0
ETS309,9326,1790670018,90.0,4.3679266,101.1018,0.0
ETS301,9425,1790670018,90.0,2.5066488,102.81458,0.0
ETS310,9428,1790670018,90.0,3.3083389,101.57586,0.0
ETS307,9528,1790670018,90.0,2.839698,101.82884,0.0
ETS303,9530,1790670018,90.0,2.3050761,103.125374,0.0
ETS308,9531,1790670018,90.0,2.8300002,101.82782,0.0
ETS306,9532,1790670018,90.0,1.4624045,103.76628,0.0
SCS25,weekday_2041,1790670015,21.0,3.1807,101.6881,0.0
SCS13,2943,1790670012,80.0,6.1091,100.368,0.0
DMU13,58,1790670011,35.0,5.0048,102.0233,0.0
ETS213,9133,1790670010,35.0,5.3657,100.4522,0.0
ETS212,9136,1790670006,64.0,3.2017,101.5901,0.0
SCS22,weekday_2150,1790670006,0.0,3.5009,101.6341,0.0
ETS208,9442,1790670006,79.0,5.1673,100.4797,0.0
EMU31,2807,1790670005,0.0,4.5978,101.0731,0.0
ETS208,9442,1790670081,0.0,5.1694,100.4796,0.0
SCS22,weekday_2150,1790670081,89.0,3.5123,101.6319,0.0
EMU31,2807,1790670080,0.0,4.5978,101.0731,0.0
DMU03,57,1790670077,40.0,5.6032,102.1735,0.0
SCS23,2936,1790670095,114.0,6.634,100.2767,0.0
ETS304,9209,1790670138,90.0,0.0027284583,0.0154984975,0.0
ETS301,9425,1790670138,90.0,2.5017476,102.82199,0.0
ETS306,9532,1790670138,90.0,1.4693253,103.76152,0.0
ETS307,9528,1790670138,90.0,2.8617392,101.82071,0.0
ETS303,9530,1790670138,90.0,2.3265169,103.09423,0.0
ETS308,9531,1790670138,90.0,2.8187623,101.818726,0.0
ETS310,9428,1790670138,90.0,3.3235652,101.57268,0.0
ETS309,9326,1790670138,90.0,4.3991733,101.08144,0.0
ETS208,9442,1790670111,0.0,5.1694,100.4796,0.0
SCS25,weekday_2041,1790670110,21.0,3.1745,101.685,0.0
EMU31,2807,1790670110,0.0,4.5978,101.0731,0.0
SCS07,weekday_2154,1790670108,0.0,3.1651,101.6914,0.0
DMU10(D6120),60,1790670108,54.0,4.4047,101.9246,0.0
SCS10,weekday_2155,1790670108,72.0,3.2137,101.5711,0.0
ETS204,9352,1790670107,0.0,2.464,102.2256,0.0
ETS215,9130,1790670107,133.0,4.7432,101.1215,0.0
ETS206,9449,1790670098,19.0,3.7486,101.4473,0.0
EMU26,2839,1790670092,62.0,5.3668,100.4445,0.0
ETS207,9052,1790670092,2.0,3.6282,101.5658,0.0
EMU33,2938,1790670092,105.0,6.1995,100.3679,0.0
DMU03,57,1790670092,27.0,5.6022,102.1746,0.0
SCS13,2943,1790670207,114.0,6.0582,100.392,0.0
DMU13,58,1790670206,39.0,5.0177,102.0301,0.0
ETS213,9133,1790670205,131.0,5.3216,100.4709,0.0
EMU24,2828,1790670203,116.0,5.0485,100.5167,0.0
ETS212,9136,1790670201,0.0,3.206,101.5808,0.0
ETS215,9130,1790670197,128.0,4.7713,101.1101,0.0
SCS23,2936,1790670200,75.0,6.65,100.3017,0.0
ETS309,9326,1790670259,90.0,0.0027284583,0.0154984975,0.0
ETS306,9532,1790670259,90.0,1.495804,103.75688,0.0
ETS304,9209,1790670259,90.0,4.7749724,100.833115,0.0
ETS308,9531,1790670259,90.0,2.7993305,101.79861,0.0
ETS301,9425,1790670259,90.0,2.4876804,102.857445,0.0
ETS310,9428,1790670259,90.0,3.3435006,101.57332,0.0
ETS307,9528,1790670259,90.0,2.8825054,101.81143,0.0
ETS303,9530,1790670259,90.0,2.351639,103.06094,0.0
SCS22,weekday_2150,1790670306,0.0,3.5539,101.6394,0.0
SCS25,weekday_2041,1790670344,0.0,3.1651,101.6913,0.0
ETS213,9133,1790670310,101.0,5.2934,100.4832,0.0
DMU10(D6120),60,1790670303,0.0,4.4227,101.932,0.0
SCS23,2936,1790670305,17.0,6.6588,100.3151,0.0
SCS25,weekday_2041,1790670344,0.0,3.1651,101.6913,0.0
SCS13,2943,1790670342,114.0,6.0232,100.4118,0.0
DMU13,58,1790670341,37.0,5.0257,102.0405,0.0
ETS310,9428,1790670380,90.0,3.3619087,101.58492,0.0
ETS308,9531,1790670380,90.0,2.7690291,101.80562,0.0
ETS307,9528,1790670380,90.0,2.8964355,101.78742,0.0
ETS309,9326,1790670380,90.0,0.0027284583,0.0154984975,0.0
ETS306,9532,1790670380,90.0,1.5254028,103.73734,0.0
ETS303,9530,1790670379,90.0,2.3753967,103.03175,0.0
ETS301,9425,1790670379,90.0,2.483705,102.89553,0.0
ETS304,9209,1790670379,90.0,4.7749724,100.833115,0.0
SCS07,weekday_2154,1790670378,0.0,3.1861,101.6646,0.0
SCS10,weekday_2155,1790670378,0.0,3.2057,101.5813,0.0
ETS207,9052,1790670377,31.0,3.6453,101.554,0.0
EMU26,2839,1790670377,118.0,5.3447,100.4691,0.0
DMU03,57,1790670362,59.0,5.5816,102.1849,0.0
ETS215,9130,1790670347,129.0,4.8118,101.0787,0.0
ETS206,9449,1790670413,100.0,3.7025,101.4994,0.0
ETS207,9052,1790670452,0.0,3.6491,101.5499,0.0
EMU26,2839,1790670452,116.0,5.3222,100.4706,0.0
EMU31,2807,1790670440,0.0,4.5978,101.0731,0.0
SCS07,weekday_2154,1790670438,82.0,3.1893,101.6603,0.0
SCS10,weekday_2155,1790670408,0.0,3.2057,101.5813,0.0
ETS204,9352,1790670407,120.0,2.4517,102.191,0.0
ETS207,9052,1790670452,0.0,3.6491,101.5499,0.0
EMU26,2839,1790670452,116.0,5.3222,100.4706,0.0
DMU10(D6120),60,1790670453,64.0,4.4386,101.9398,0.0
ETS301,9425,1790670500,90.0,2.4718978,102.93328,0.0
ETS310,9428,1790670500,90.0,3.3743505,101.61437,0.0
ETS303,9530,1790670500,90.0,2.3834038,103.02074,0.0
ETS307,9528,1790670500,90.0,2.904293,101.78781,0.0
ETS308,9531,1790670500,90.0,2.7551968,101.821686,0.0
ETS306,9532,1790670500,90.0,1.5365492,103.72457,0.0
ETS309,9326,1790670500,90.0,4.459997,101.0499,0.0
ETS304,9209,1790670500,90.0,4.7749724,100.833115,0.0
ETS212,9136,1790670486,0.0,3.206,101.5808,0.0
SCS22,weekday_2150,1790670486,102.0,3.5792,101.6134,0.0
ETS307,9528,1790670621,90.0,2.9063537,101.79304,0.0
ETS303,9530,1790670621,90.0,2.392593,103.01349,0.0
ETS308,9531,1790670621,90.0,2.7532995,101.82854,0.0
ETS306,9532,1790670621,90.0,1.53661,103.72447,0.0
EMU26,2839,1790670609,26.0,5.2868,100.4812,0.0
ETS208,9442,1790670606,144.0,5.322,100.4709,0.0
EMU31,2807,1790670605,0.0,4.5978,101.0731,0.0
EMU24,2828,1790670601,95.0,5.1387,100.4845,0.0
ETS304,9209,1790670621,90.0,4.7749724,100.833115,0.0
ETS309,9326,1790670621,90.0,0.0027284583,0.0154984975,0.0
ETS301,9425,1790670621,90.0,2.4567246,102.970276,0.0
ETS310,9428,1790670621,90.0,3.4055436,101.62898,0.0
SCS13,2943,1790670642,70.0,5.969,100.4425,0.0
SCS25,weekday_2041,1790670634,17.0,3.1462,101.6917,0.0
DMU03,57,1790670632,59.0,5.5382,102.1992,0.0
ETS215,9130,1790670632,132.0,4.8453,100.9919,0.0
ETS213,9133,1790670685,131.0,5.1749,100.4796,0.0
ETS303,9530,1790670741,90.0,2.4292278,102.99754,0.0
ETS301,9425,1790670741,90.0,2.4271438,102.99856,0.0
SCS10,weekday_2155,1790670708,33.0,3.2058,101.582,0.0
ETS304,9209,1790670741,90.0,4.7749724,100.833115,0.0
ETS206,9449,1790670713,0.0,3.6687,101.5327,0.0
ETS212,9136,1790670711,0.0,3.206,101.5808,0.0
DMU03,57,1790670707,12.0,5.5316,102.2023,0.0
ETS204,9352,1790670707,134.0,2.5396,102.1492,0.0
ETS207,9052,1790670707,0.0,3.6841,101.519,0.0
ETS306,9532,1790670742,90.0,1.5405462,103.70739,0.0
ETS308,9531,1790670742,90.0,2.751249,101.83565,0.0
ETS307,9528,1790670742,90.0,2.9258068,101.795105,0.0
ETS309,9326,1790670742,90.0,4.5041647,101.04781,0.0
ETS310,9428,1790670742,90.0,3.4333546,101.63464,0.0
EMU31,2807,1790670800,0.0,4.5978,101.0731,0.0
SCS21,weekday_2043,1790670798,38.0,3.2163,101.6723,0.0
DMU03,57,1790670797,0.0,5.53,102.2029,0.0
ETS207,9052,1790670797,97.0,3.6912,101.5115,0.0
ETS215,9130,1790670797,130.0,4.8167,100.9517,0.0
EMU24,2828,1790670781,34.0,5.1706,100.4796,0.0
ETS304,9209,1790670862,90.0,4.7749724,100.833115,0.0
ETS309,9326,1790670862,90.0,0.0027284583,0.0154984975,0.0
ETS301,9425,1790670862,90.0,2.3914194,103.01392,0.0
ETS306,9532,1790670862,90.0,1.5647212,103.689896,0.0
ETS307,9528,1790670862,90.0,2.9466813,101.788864,0.0
ETS303,9530,1790670862,90.0,2.457554,102.96903,0.0
ETS308,9531,1790670862,90.0,2.7443604,101.86001,0.0
ETS310,9428,1790670862,90.0,3.468357,101.6388,0.0
EMU33,2938,1790670906,118.0,6.3977,100.2826,0.0
ETS208,9442,1790670906,54.0,5.3695,100.4682,0.0
SCS19,weekday_2035,1790670910,0.0,3.1889,101.6886,0.0
EMU26,2839,1790670909,114.0,5.2218,100.4911,0.0
ETS206,9449,1790670908,0.0,3.6327,101.5629,0.0
EMU35,2940,1790670908,116.0,6.0106,100.4188,0.0
SCS25,weekday_2041,1790670908,14.0,3.1366,101.6908,0.0
DMU09,38,1790670908,0.0,2.7442,102.4793,0.0
ETS309,9326,1790670982,90.0,0.0027284583,0.0154984975,0.0
ETS301,9425,1790670982,90.0,2.383417,103.02068,0.0
ETS310,9428,1790670982,90.0,3.4962802,101.63558,0.0
ETS303,9530,1790670982,90.0,2.471708,102.93107,0.0
ETS308,9531,1790670982,90.0,2.739127,101.88801,0.0
ETS306,9532,1790670982,90.0,1.5831255,103.66416,0.0
ETS304,9209,1790670982,90.0,4.7749724,100.833115,0.0
ETS307,9528,1790670982,90.0,2.9743865,101.79138,0.0
ETS213,9133,1790670985,125.0,5.1138,100.4897,0.0
SCS21,weekday_2043,1790671053,0.0,3.2054,101.6753,0.0
SCS07,weekday_2154,1790671052,84.0,3.2008,101.5985,0.0
ETS215,9130,1790671052,21.0,4.7759,100.9309,0.0
ETS207,9052,1790671052,98.0,3.7353,101.4556,0.0
ETS204,9352,1790671052,133.0,2.6269,102.0712,0.0
EMU24,2828,1790671041,116.0,5.2418,100.4866,0.0
SCS25,weekday_2041,1790671003,0.0,3.1349,101.688,0.0
ETS213,9133,1790671015,130.0,5.1038,100.4918,0.0
SCS10,weekday_2155,1790671008,1.0,3.2086,101.6289,0.0
DMU10(D6120),60,1790671008,35.0,4.4888,101.944,0.0
DMU06,39,1790671003,67.0,4.0844,102.2312,0.0
SCS13,2943,1790671002,115.0,5.8698,100.477,0.0
ETS212,9136,1790671041,0.0,3.206,101.5808,0.0
EMU31,2807,1790671010,0.0,4.5978,101.0731,0.0
ETS303,9530,1790671103,90.0,2.4848173,102.89374,0.0
ETS301,9425,1790671103,90.0,2.3774297,103.028984,0.0
ETS309,9326,1790671103,90.0,4.5746436,101.066246,0.0
ETS304,9209,1790671103,90.0,4.7749724,100.833115,0.0
ETS306,9532,1790671103,90.0,1.6189774,103.64823,0.0
ETS310,9428,1790671103,90.0,3.5258522,101.63071,0.0
ETS308,9531,1790671103,90.0,2.7248883,101.90575,0.0
ETS307,9528,1790671103,90.0,2.981905,101.79161,0.0
DMU13,58,1790671091,29.0,5.0835,102.0712,0.0
ETS212,9136,1790671086,0.0,3.206,101.5808,0.0
EMU33,2938,1790671086,1.0,6.432,100.2683,0.0
ETS208,9442,1790671086,134.0,5.4203,100.4789,0.0
SCS23,2947,1790671085,53.0,6.6599,100.3167,0.0
EMU31,2807,1790671085,0.0,4.5978,101.0731,0.0
DMU10(D6120),60,1790671053,0.0,4.4902,101.9451,0.0
ETS215,9130,1790671052,21.0,4.7759,100.9309,0.0
ETS207,9052,1790671052,98.0,3.7353,101.4556,0.0
SCS23,2947,1790671160,44.0,6.6548,100.309,0.0
EMU31,2807,1790671160,0.0,4.5978,101.0731,0.0
DMU10(D6120),60,1790671158,0.0,4.4902,101.9451,0.0
ETS308,9531,1790671223,90.0,2.723244,101.92442,0.0
ETS206,9449,1790671208,101.0,3.5718,101.6161,0.0
DMU09,38,1790671208,5.0,2.7497,102.4747,0.0
EMU31,2807,1790671205,0.0,4.5978,101.0731,0.0
DMU10(D6120),60,1790671203,0.0,4.4902,101.9451,0.0
EMU24,2828,1790671201,37.0,5.2851,100.4804,0.0
SCS25,weekday_2041,1790671197,17.0,3.1269,101.679,0.0
ETS213,9133,1790671195,132.0,5.0471,100.5175,0.0
ETS304,9209,1790671223,90.0,4.7749724,100.833115,0.0
ETS309,9326,1790671223,90.0,4.5969195,101.07426,0.0
ETS301,9425,1790671223,90.0,2.3541145,103.05911,0.0
ETS310,9428,1790671223,90.0,3.5542188,101.64015,0.0
ETS307,9528,1790671223,90.0,2.9868236,101.79152,0.0
ETS303,9530,1790671223,90.0,2.4881747,102.853294,0.0
ETS306,9532,1790671223,90.0,1.6484556,103.618004,0.0
SCS23,2947,1790671205,90.0,6.6506,100.3029,0.0
ETS215,9130,1790671172,89.0,4.7771,100.9046,0.0
SCS07,weekday_2154,1790671292,0.0,3.2058,101.5809,0.0
SCS13,2943,1790671257,90.0,5.8192,100.4786,0.0
EMU35,2940,1790671256,98.0,6.1019,100.3674,0.0
ETS212,9136,1790671251,97.0,3.3664,101.6002,0.0
SCS10,weekday_2155,1790671248,65.0,3.1971,101.6436,0.0
ETS207,9052,1790671247,115.0,3.7799,101.4354,0.0
DMU03,57,1790671247,0.0,5.5301,102.203,0.0
DMU13,58,1790671256,34.0,5.0944,102.0729,0.0
ETS213,9133,1790671255,131.0,5.0286,100.5273,0.0
SCS21,weekday_2043,1790671293,32.0,3.1995,101.6803,0.0
ETS306,9532,1790671344,90.0,1.6643841,103.5996,0.0
ETS308,9531,1790671344,90.0,2.7191968,101.93964,0.0
ETS303,9530,1790671344,90.0,2.5015972,102.822205,0.0
ETS307,9528,1790671344,90.0,2.994002,101.769615,0.0
ETS310,9428,1790671344,90.0,3.5716007,101.61599,0.0
ETS301,9425,1790671344,90.0,2.3278186,103.0924,0.0
ETS309,9326,1790671344,90.0,4.5970783,101.07425,0.0
SCS21,weekday_2043,1790671338,0.0,3.1988,101.6809,0.0
ETS204,9352,1790671337,68.0,2.658,102.0015,0.0
SCS07,weekday_2154,1790671337,0.0,3.2058,101.5809,0.0
DMU03,57,1790671337,0.0,5.5301,102.203,0.0
ETS207,9052,1790671337,114.0,3.8026,101.4228,0.0
ETS215,9130,1790671337,130.0,4.7785,100.8561,0.0
SCS25,weekday_2041,1790671300,28.0,3.12,101.6787,0.0
DMU09,38,1790671298,14.0,2.7518,102.4719,0.0
SCS23,2947,1790671295,114.0,6.6367,100.2803,0.0
ETS304,9209,1790671344,90.0,4.7749724,100.833115,0.0
SCS21,weekday_2043,1790671398,43.0,3.1948,101.6843,0.0
SCS10,weekday_2155,1790671398,58.0,3.1906,101.6584,0.0
ETS215,9130,1790671397,128.0,4.7765,100.8361,0.0
ETS204,9352,1790671397,83.0,2.665,101.9925,0.0
DMU03,57,1790671397,0.0,5.5301,102.203,0.0
SCS25,weekday_2041,1790671396,0.0,3.1182,101.679,0.0
ETS207,9052,1790671382,111.0,3.8126,101.4149,0.0
ETS306,9532,1790671464,90.0,1.6701297,103.59075,0.0
ETS308,9531,1790671464,90.0,2.7175758,101.94237,0.0
EMU33,2938,1790671461,9.0,6.5239,100.257,0.0
ETS304,9209,1790671464,90.0,4.7749724,100.833115,0.0
ETS309,9326,1790671464,90.0,0.0027284583,0.0154984975,0.0
ETS301,9425,1790671464,90.0,2.3048441,103.12554,0.0
ETS310,9428,1790671464,90.0,3.5978007,101.60172,0.0
ETS307,9528,1790671464,90.0,2.9978626,101.73955,0.0
ETS303,9530,1790671464,90.0,2.5072236,102.814026,0.0
EMU33,2938,1790671506,11.0,6.5241,100.257,0.0
ETS212,9136,1790671506,61.0,3.4249,101.6262,0.0
SCS23,2947,1790671505,115.0,6.5804,100.262,0.0
EMU31,2807,1790671505,0.0,4.5978,101.0731,0.0
SCS07,weekday_2154,1790671472,108.0,3.2217,101.5645,0.0
ETS208,9442,1790671506,135.0,5.5144,100.5066,0.0
ETS207,9052,1790671472,7.0,3.8263,101.4028,0.0
ETS309,9326,1790671585,90.0,0.0027284583,0.0154984975,0.0
ETS310,9428,1790671585,90.0,3.6177366,101.57641,0.0
ETS304,9209,1790671585,90.0,4.7749724,100.833115,0.0
ETS307,9528,1790671585,90.0,3.0033548,101.73343,0.0
ETS303,9530,1790671585,90.0,2.507563,102.81358,0.0
ETS308,9531,1790671585,90.0,2.7059438,101.95372,0.0
ETS306,9532,1790671585,90.0,1.6926314,103.56039,0.0
ETS301,9425,1790671584,90.0,2.2693126,103.14613,0.0
SCS25,weekday_2041,1790671597,56.0,3.112,101.688,0.0
EMU35,2940,1790671601,116.0,6.1664,100.3789,0.0
EMU31,2807,1790671595,0.0,4.5978,101.0731,0.0
DMU09,38,1790671598,44.0,2.7771,102.46,0.0
SCS21,weekday_2043,1790671608,1.0,3.1827,101.689,0.0
ETS204,9352,1790671607,0.0,2.6963,101.9678,0.0
ETS207,9052,1790671607,91.0,3.8401,101.3939,0.0
DMU03,57,1790671607,0.0,5.5301,102.2031,0.0
DMU10(D6120),60,1790671606,39.0,4.4975,101.9514,0.0
SCS23,2947,1790671595,114.0,6.5531,100.2598,0.0
SCS10,weekday_2155,1790671593,75.0,3.1775,101.6795,0.0
SCS07,weekday_2154,1790671592,54.0,3.2476,101.5581,0.0
ETS307,9528,1790671705,90.0,3.0075448,101.72749,0.0
ETS308,9531,1790671705,90.0,2.6892774,101.97302,0.0
ETS303,9530,1790671705,90.0,2.521715,102.79571,0.0
ETS310,9428,1790671705,90.0,3.6282125,101.566154,0.0
ETS301,9425,1790671705,90.0,2.2322323,103.15838,0.0
ETS304,9209,1790671705,90.0,4.7749724,100.833115,0.0
ETS309,9326,1790671705,90.0,0.0027284583,0.0154984975,0.0
ETS306,9532,1790671705,90.0,1.7168373,103.52569,0.0
SCS21,weekday_2043,1790671698,20.0,3.1764,101.6858,0.0
ETS204,9352,1790671697,44.0,2.7083,101.9523,0.0
ETS207,9052,1790671697,110.0,3.8597,101.3781,0.0
DMU03,57,1790671697,0.0,5.5301,102.2031,0.0
SCS25,weekday_2041,1790671695,30.0,3.1018,101.7008,0.0
DMU10(D6120),60,1790671681,27.0,4.5034,101.9553,0.0
ETS304,9209,1790671826,90.0,4.7749724,100.833115,0.0
ETS309,9326,1790671826,90.0,4.7043242,101.13288,0.0
ETS301,9425,1790671826,90.0,2.1981726,103.18373,0.0
ETS310,9428,1790671826,90.0,3.6353092,101.561195,0.0
ETS307,9528,1790671826,90.0,3.021713,101.71748,0.0
ETS303,9530,1790671826,90.0,2.5467052,102.766846,0.0
ETS306,9532,1790671826,90.0,1.7532111,103.5055,0.0
ETS308,9531,1790671826,90.0,2.6700656,101.990036,0.0
ETS212,9136,1790671806,106.0,3.4997,101.6341,0.0
EMU31,2807,1790671805,0.0,4.5978,101.0731,0.0
SCS23,2947,1790671805,86.0,6.5182,100.256,0.0
EMU33,2938,1790671851,114.0,6.6165,100.2647,0.0
SCS13,2943,1790671857,29.0,5.6579,100.4927,0.0
EMU35,2940,1790671856,107.0,6.2115,100.3654,0.0
DMU13,58,1790671856,10.0,5.1363,102.0514,0.0
ETS213,9133,1790671855,137.0,5.0298,100.7151,0.0
SCS28,2834,1790671951,38.0,4.6051,101.076,0.0
ETS206,9449,1790671958,95.0,3.4273,101.6284,0.0
ETS207,9052,1790671952,113.0,3.9182,101.3451,0.0
ETS215,9130,1790671952,0.0,4.8534,100.7328,0.0
SCS21,weekday_2043,1790671951,1.0,3.1661,101.6904,0.0
ETS304,9209,1790671946,90.0,4.7749724,100.833115,0.0
ETS309,9326,1790671946,90.0,4.733083,101.12301,0.0
ETS301,9425,1790671946,90.0,2.1887906,103.193375,0.0
ETS310,9428,1790671946,90.0,3.6425123,101.55638,0.0
ETS307,9528,1790671946,90.0,3.0442145,101.70872,0.0
ETS303,9530,1790671946,90.0,2.5680299,102.73238,0.0
ETS308,9531,1790671946,90.0,2.6558564,102.00618,0.0
ETS306,9532,1790671946,90.0,1.7937629,103.49418,0.0
DMU03,57,1790671937,9.0,5.5266,102.2046,0.0
ETS204,9352,1790671952,0.0,2.7119,101.9504,0.0
ETS207,9052,1790671997,117.0,3.9312,101.3407,0.0
ETS215,9130,1790671997,42.0,4.8544,100.7334,0.0
SCS21,weekday_2043,1790671996,10.0,3.166,101.6904,0.0
SCS07,weekday_2154,1790671997,60.0,3.2823,101.5667,0.0
ETS204,9352,1790671997,0.0,2.7119,101.9504,0.0
SCS28,2834,1790671996,83.0,4.6104,101.0806,0.0
ETS308,9531,1790672067,90.0,2.6464465,102.031845,0.0
ETS310,9428,1790672067,90.0,3.6487687,101.55019,0.0
ETS309,9326,1790672067,90.0,4.741396,101.12268,0.0
ETS306,9532,1790672067,90.0,1.8118547,103.47944,0.0
ETS307,9528,1790672067,90.0,3.0748787,101.71135,0.0
ETS303,9530,1790672067,90.0,2.5828001,102.6939,0.0
ETS304,9209,1790672067,90.0,4.7749724,100.833115,0.0
ETS301,9425,1790672066,90.0,2.1706557,103.22332,0.0
EMU26,2839,1790672064,117.0,5.035,100.5704,0.0
SCS25,weekday_2041,1790672060,0.0,3.0978,101.706,0.0
EMU26,2839,1790672109,117.0,5.0427,100.582,0.0
SCS25,weekday_2041,1790672106,0.0,3.0978,101.706,0.0
SCS07,weekday_2154,1790672072,72.0,3.2948,101.5746,0.0
SCS23,2947,1790672105,52.0,6.4339,100.2677,0.0
SCS10,weekday_2155,1790672074,18.0,3.1451,101.6924,0.0
DMU03,57,1790672072,53.0,5.5122,102.2096,0.0
ETS207,9052,1790672072,114.0,3.9501,101.3294,0.0
ETS215,9130,1790672072,106.0,4.8689,100.7263,0.0
ETS204,9352,1790672072,0.0,2.7119,101.9504,0.0
ETS301,9425,1790672187,90.0,2.1406405,103.244934,0.0
ETS310,9428,1790672187,90.0,3.664919,101.53544,0.0
ETS307,9528,1790672187,90.0,3.0759368,101.71242,0.0
ETS303,9530,1790672187,90.0,2.5846455,102.654,0.0
ETS306,9532,1790672187,90.0,1.8125328,103.478714,0.0
ETS309,9326,1790672187,90.0,4.7502556,101.120964,0.0
ETS304,9209,1790672187,90.0,4.7749724,100.833115,0.0
ETS308,9531,1790672187,90.0,2.6291518,102.06642,0.0
ETS204,9352,1790672147,18.0,2.7133,101.9488,0.0
DMU03,57,1790672192,62.0,5.4959,102.2154,0.0
ETS215,9130,1790672192,132.0,4.9086,100.718,0.0
SCS28,2834,1790672191,114.0,4.6461,101.1152,0.0
DMU09,38,1790672191,51.0,2.8078,102.4082,0.0
DMU10(D6120),60,1790672176,42.0,4.5288,101.9801,0.0
DMU06,39,1790672158,68.0,3.9805,102.3379,0.0
SCS13,2943,1790672157,15.0,5.6218,100.4951,0.0
ETS213,9133,1790672155,138.0,4.9424,100.7214,0.0
SCS25,weekday_2041,1790672193,0.0,3.0978,101.706,0.0
ETS207,9052,1790672237,119.0,3.9973,101.307,0.0
ETS215,9130,1790672237,134.0,4.9242,100.7167,0.0
DMU03,57,1790672237,66.0,5.488,102.2171,0.0
SCS07,weekday_2154,1790672237,0.0,3.3191,101.5748,0.0
SCS21,weekday_2043,1790672236,2.0,3.1473,101.691,0.0
SCS28,2834,1790672236,114.0,4.6569,101.1234,0.0
DMU09,38,1790672236,26.0,2.811,102.4043,0.0
SCS23,2947,1790672195,18.0,6.431,100.2687,0.0
SCS10,weekday_2155,1790672239,22.0,3.1378,101.6927,0.0
ETS204,9352,1790672192,15.0,2.7144,101.947,0.0
ETS307,9528,1790672308,90.0,3.0851617,101.71456,0.0
ETS304,9209,1790672308,90.0,4.7749724,100.833115,0.0
ETS301,9425,1790672308,90.0,2.110541,103.268,0.0
ETS310,9428,1790672308,90.0,3.6831195,101.52022,0.0
ETS309,9326,1790672308,90.0,4.770337,101.11118,0.0
ETS303,9530,1790672308,90.0,2.5817714,102.62645,0.0
ETS308,9531,1790672308,90.0,2.5990314,102.09215,0.0
ETS306,9532,1790672308,90.0,1.8244452,103.45833,0.0
ETS207,9052,1790672297,4.0,4.0055,101.3018,0.0
ETS215,9130,1790672297,132.0,4.9442,100.7218,0.0
DMU09,38,1790672296,0.0,2.8116,102.4035,0.0
EMU31,2807,1790672360,0.0,4.6004,101.0743,0.0
SCS23,2947,1790672345,114.0,6.3959,100.284,0.0
ETS308,9531,1790672428,90.0,2.5657384,102.11554,0.0
ETS307,9528,1790672428,90.0,3.1000063,101.70348,0.0
ETS310,9428,1790672428,90.0,3.6843667,101.519035,0.0
ETS301,9425,1790672428,90.0,2.0782804,103.292534,0.0
ETS306,9532,1790672428,90.0,1.8476886,103.42431,0.0
ETS303,9530,1790672428,90.0,2.5791326,102.61521,0.0
ETS304,9209,1790672428,90.0,4.7749724,100.833115,0.0
ETS309,9326,1790672428,90.0,4.803538,101.08598,0.0
EMU26,2839,1790672407,114.0,5.0392,100.6712,0.0
EMU31,2807,1790672405,0.0,4.6004,101.0743,0.0
EMU26,2839,1790672497,117.0,5.0378,100.6985,0.0
DMU03,57,1790672492,59.0,5.4656,102.2254,0.0
SCS21,weekday_2043,1790672491,13.0,3.1395,101.6938,0.0
ETS212,9136,1790672451,69.0,3.6195,101.5739,0.0
ETS213,9133,1790672455,45.0,4.8542,100.7334,0.0
EMU24,2828,1790672458,0.0,5.3935,100.3664,0.0
DMU06,39,1790672458,0.0,3.9375,102.3577,0.0
ETS216,9233,1790672457,20.0,6.6619,100.3188,0.0
SCS13,2943,1790672457,26.0,5.6008,100.494,0.0
SCS25,weekday_2041,1790672454,33.0,3.096,101.7083,0.0
EMU31,2807,1790672450,4.0,4.6004,101.0743,0.0
SCS10,weekday_2155,1790672449,0.0,3.136,101.6893,0.0
SCS07,weekday_2154,1790672447,85.0,3.3399,101.5726,0.0
ETS204,9352,1790672447,0.0,2.72,101.9385,0.0
DMU10(D6120),60,1790672446,47.0,4.5622,101.9865,0.0
SCS26,weekday_2045,1790672446,17.0,3.2369,101.6812,0.0
DMU13,58,1790672441,30.0,5.1597,102.039,0.0
SCS26,weekday_2045,1790672536,102.0,3.2229,101.6726,0.0
ETS204,9352,1790672522,61.0,2.7228,101.9286,0.0
EMU26,2839,1790672497,117.0,5.0378,100.6985,0.0
ETS212,9136,1790672496,0.0,3.6251,101.5689,0.0
ETS301,9425,1790672549,90.0,2.044298,103.315475,0.0
EMU35,2940,1790672550,101.0,6.3783,100.2971,0.0
ETS310,9428,1790672549,90.0,3.7037742,101.49834,0.0
DMU13,58,1790672546,27.0,5.1674,102.0373,0.0
DMU03,57,1790672537,52.0,5.4591,102.2276,0.0
ETS307,9528,1790672549,90.0,3.1120052,101.686905,0.0
DMU09,38,1790672536,36.0,2.817,102.3971,0.0
SCS28,2834,1790672536,69.0,4.7278,101.1221,0.0
ETS213,9133,1790672500,0.0,4.8533,100.7325,0.0
ETS303,9530,1790672549,90.0,2.5789104,102.61476,0.0
ETS308,9531,1790672549,90.0,2.5408494,102.14852,0.0
ETS306,9532,1790672549,90.0,1.8821427,103.40671,0.0
ETS304,9209,1790672549,90.0,4.7749724,100.833115,0.0
ETS309,9326,1790672549,90.0,4.825333,101.051315,0.0
EMU31,2807,1790672540,13.0,4.6061,101.0763,0.0
SCS28,2834,1790672596,15.0,4.7344,101.1218,0.0
SCS25,weekday_2041,1790672595,58.0,3.0858,101.713,0.0
ETS301,9425,1790672669,90.0,2.0351388,103.3181,0.0
ETS306,9532,1790672669,90.0,1.8841026,103.40572,0.0
ETS308,9531,1790672669,90.0,2.508874,102.17287,0.0
ETS303,9530,1790672669,90.0,2.5775824,102.60878,0.0
ETS307,9528,1790672669,90.0,3.126874,101.680405,0.0
ETS310,9428,1790672669,90.0,3.7228792,101.46869,0.0
ETS304,9209,1790672669,90.0,4.7749724,100.833115,0.0
ETS309,9326,1790672669,90.0,4.8383913,101.01562,0.0
EMU31,2807,1790672765,0.0,4.6067,101.0765,0.0
SCS20,weekday_2160,1790672756,4.0,3.0007,101.3909,0.0
ETS213,9133,1790672800,127.0,4.8006,100.7467,0.0
SCS19,weekday_2035,1790672800,0.0,3.1888,101.6886,0.0
EMU33,2949,1790672766,5.0,6.6628,100.3203,0.0
ETS212,9136,1790672766,23.0,3.6394,101.5586,0.0
ETS304,9209,1790672790,90.0,4.7749724,100.833115,0.0
ETS309,9326,1790672790,90.0,4.839971,100.97498,0.0
ETS301,9425,1790672790,90.0,2.034996,103.31808,0.0
ETS310,9428,1790672790,90.0,3.7442715,101.45137,0.0
ETS307,9528,1790672790,90.0,3.1319282,101.68392,0.0
ETS303,9530,1790672790,90.0,2.5815582,102.58724,0.0
ETS308,9531,1790672790,90.0,2.4682539,102.18278,0.0
ETS306,9532,1790672790,90.0,1.8954437,103.39985,0.0
SCS25,weekday_2041,1790672767,3.0,3.076,101.7107,0.0
EMU35,2940,1790672820,0.0,6.4315,100.2684,0.0
ETS213,9133,1790672800,127.0,4.8006,100.7467,0.0
SCS26,weekday_2045,1790672836,0.0,3.2043,101.6761,0.0
ETS216,9233,1790672810,140.0,6.6197,100.2651,0.0
SCS10,weekday_2155,1790672809,0.0,3.136,101.6893,0.0
ETS207,9052,1790672807,138.0,4.1234,101.2378,0.0
DMU03,57,1790672807,0.0,5.4286,102.2371,0.0
ETS215,9130,1790672807,130.0,5.0418,100.6378,0.0
SCS28,2834,1790672806,25.0,4.7501,101.1203,0.0
SCS20,weekday_2160,1790672796,11.0,3.0021,101.3911,0.0
SCS07,weekday_2154,1790672792,52.0,3.3767,101.615,0.0
EMU35,2940,1790672895,87.0,6.4397,100.2656,0.0
ETS308,9531,1790672910,90.0,2.4606628,102.20339,0.0
ETS306,9532,1790672910,90.0,1.9251051,103.373505,0.0
ETS309,9326,1790672910,90.0,4.8114243,100.95188,0.0
ETS215,9130,1790672897,130.0,5.044,100.6075,0.0
SCS28,2834,1790672896,86.0,4.7588,101.1168,0.0
SCS26,weekday_2045,1790672896,25.0,3.1981,101.6814,0.0
ETS304,9209,1790672910,90.0,4.7749724,100.833115,0.0
ETS301,9425,1790672910,90.0,2.0091248,103.32402,0.0
ETS310,9428,1790672910,90.0,3.7715979,101.43716,0.0
ETS307,9528,1790672910,90.0,0.0027284583,0.0154984975,0.0
ETS303,9530,1790672910,90.0,2.5792391,102.559586,0.0
ETS303,9530,1790673031,90.0,2.5621133,102.52686,0.0
ETS306,9532,1790673031,90.0,1.9513439,103.34708,0.0
ETS308,9531,1790673031,90.0,2.4640481,102.22573,0.0
ETS309,9326,1790673031,90.0,0.0027284583,0.0154984975,0.0
ETS301,9425,1790673031,90.0,1.971554,103.33769,0.0
ETS310,9428,1790673031,90.0,3.8041766,101.42215,0.0
ETS307,9528,1790673031,90.0,0.0027284583,0.0154984975,0.0
ETS304,9209,1790673031,90.0,4.7749724,100.833115,0.0
SCS19,weekday_2035,1790673115,0.0,3.1888,101.6886,0.0
ETS213,9133,1790673115,134.0,4.7794,100.8472,0.0
ETS304,9209,1790673151,90.0,4.7749724,100.833115,0.0
ETS303,9530,1790673151,90.0,2.5345638,102.50004,0.0
ETS306,9532,1790673151,90.0,1.9837594,103.33208,0.0
SCS21,weekday_2043,1790673151,0.0,3.1194,101.679,0.0
ETS308,9531,1790673151,90.0,2.4627137,102.22809,0.0
SCS26,weekday_2045,1790673151,0.0,3.1816,101.6885,0.0
ETS307,9528,1790673151,90.0,0.0027284583,0.0154984975,0.0
ETS310,9428,1790673151,90.0,3.8326538,101.39943,0.0
ETS301,9425,1790673151,90.0,1.938509,103.35832,0.0
ETS309,9326,1790673151,90.0,4.7745547,100.931755,0.0
SCS25,weekday_2041,1790673150,0.0,3.0227,101.7162,0.0
DMU06,39,1790673118,81.0,3.8954,102.3627,0.0
SCS13,2943,1790673117,23.0,5.5458,100.5011,0.0
DMU13,58,1790673116,32.0,5.1848,102.0111,0.0
DMU09,38,1790673199,36.0,2.8918,102.3825,0.0
ETS213,9133,1790673190,134.0,4.7727,100.8725,0.0
SCS10,weekday_2155,1790673154,0.0,3.136,101.6893,0.0
EMU33,2949,1790673201,90.0,6.6445,100.2908,0.0
ETS208,9442,1790673201,153.0,5.9578,100.4489,0.0
SCS25,weekday_2041,1790673200,24.0,3.0215,101.7168,0.0
EMU31,2807,1790673200,25.0,4.6023,101.0752,0.0
SCS26,weekday_2045,1790673226,38.0,3.1805,101.688,0.0
DMU03,57,1790673212,9.0,5.3952,102.2322,0.0
ETS215,9130,1790673212,132.0,5.0429,100.5197,0.0
SCS28,2834,1790673211,0.0,4.8191,101.0706,0.0
SCS21,weekday_2043,1790673211,0.0,3.1194,101.679,0.0
SCS26,weekday_2045,1790673226,38.0,3.1805,101.688,0.0
DMU09,38,1790673214,29.0,2.8932,102.383,0.0
SCS10,weekday_2155,1790673214,0.0,3.136,101.6893,0.0
ETS215,9130,1790673212,132.0,5.0429,100.5197,0.0
ETS304,9209,1790673272,90.0,4.7749724,100.833115,0.0
ETS307,9528,1790673272,90.0,0.0027284583,0.0154984975,0.0
ETS301,9425,1790673272,90.0,1.9103347,103.3856,0.0
ETS310,9428,1790673272,90.0,3.8617249,101.37888,0.0
ETS309,9326,1790673272,90.0,4.7747407,100.90353,0.0
ETS303,9530,1790673272,90.0,2.5039158,102.47599,0.0
ETS308,9531,1790673272,90.0,2.4590101,102.258446,0.0
ETS306,9532,1790673272,90.0,2.0229142,103.320724,0.0
EMU26,2839,1790673219,94.0,4.8863,100.7205,0.0
SCS20,weekday_2160,1790673216,19.0,3.0208,101.4107,0.0
SCS07,weekday_2154,1790673212,0.0,3.4678,101.6376,0.0
ETS304,9209,1790673272,90.0,4.7749724,100.833115,0.0
ETS303,9530,1790673272,90.0,2.5039158,102.47599,0.0
ETS310,9428,1790673272,90.0,3.8617249,101.37888,0.0
ETS308,9531,1790673272,90.0,2.4590101,102.258446,0.0
ETS309,9326,1790673272,90.0,4.7747407,100.90353,0.0
ETS307,9528,1790673272,90.0,0.0027284583,0.0154984975,0.0
ETS301,9425,1790673272,90.0,1.9103347,103.3856,0.0
ETS306,9532,1790673272,90.0,2.0229142,103.320724,0.0
ETS310,9428,1790673393,90.0,3.891309,101.36929,0.0
ETS309,9326,1790673393,90.0,4.7748036,100.866486,0.0
ETS308,9531,1790673393,90.0,2.4557266,102.2992,0.0
ETS306,9532,1790673393,90.0,2.035125,103.31813,0.0
ETS301,9425,1790673392,90.0,1.8765639,103.409615,0.0
ETS304,9209,1790673392,90.0,4.7749724,100.833115,0.0
ETS303,9530,1790673392,90.0,2.4854505,102.441414,0.0
SCS21,weekday_2043,1790673406,50.0,3.1128,101.6831,0.0
SCS28,2834,1790673406,114.0,4.8296,101.025,0.0
SCS20,weekday_2160,1790673416,35.0,3.0352,101.4262,0.0
EMU26,2839,1790673414,0.0,4.8531,100.7324,0.0
ETS208,9442,1790673411,138.0,6.0219,100.4125,0.0
EMU33,2949,1790673411,112.0,6.5952,100.2633,0.0
ETS216,9233,1790673410,0.0,6.4321,100.2682,0.0
SCS23,2947,1790673410,115.0,6.1593,100.3794,0.0
SCS07,weekday_2154,1790673407,0.0,3.4997,101.6343,0.0
ETS207,9052,1790673407,103.0,4.2585,101.1719,0.0
DMU10(D6120),60,1790673406,49.0,4.6811,102.0018,0.0
ETS309,9326,1790673393,90.0,4.7748036,100.866486,0.0
ETS306,9532,1790673393,90.0,2.035125,103.31813,0.0
ETS308,9531,1790673393,90.0,2.4557266,102.2992,0.0
ETS310,9428,1790673393,90.0,3.891309,101.36929,0.0
ETS303,9530,1790673392,90.0,2.4854505,102.441414,0.0
ETS301,9425,1790673392,90.0,1.8765639,103.409615,0.0
ETS304,9209,1790673392,90.0,4.7749724,100.833115,0.0
SCS28,2834,1790673481,115.0,4.8423,101.0067,0.0
ETS310,9428,1790673513,90.0,3.9181507,101.34605,0.0
ETS306,9532,1790673513,90.0,2.0449076,103.31521,0.0
ETS308,9531,1790673513,90.0,2.4575942,102.339874,0.0
ETS304,9209,1790673513,90.0,4.7749724,100.833115,0.0
ETS309,9326,1790673513,90.0,4.7748556,100.82532,0.0
ETS301,9425,1790673513,90.0,1.8430175,103.43184,0.0
ETS303,9530,1790673513,90.0,2.4738562,102.4171,0.0
ETS207,9052,1790673512,96.0,4.282,101.1641,0.0
DMU10(D6120),60,1790673511,6.0,4.6932,102.0033,0.0
ETS216,9233,1790673504,9.0,6.4319,100.2682,0.0
SCS25,weekday_2041,1790673502,95.0,2.9921,101.7491,0.0
EMU33,2949,1790673501,118.0,6.5683,100.2591,0.0
SCS22,weekday_2165,1790673501,27.0,3.5014,101.634,0.0
EMU31,2807,1790673500,0.0,4.598,101.0731,0.0
SCS13,2943,1790673492,113.0,5.512,100.506,0.0
EMU35,2940,1790673491,116.0,6.5835,100.2623,0.0
DMU13,58,1790673491,48.0,5.231,102.0101,0.0
SCS23,2947,1790673485,114.0,6.1369,100.3803,0.0
ETS215,9130,1790673482,78.0,5.1272,100.487,0.0
SCS07,weekday_2154,1790673482,70.0,3.502,101.6338,0.0
DMU03,57,1790673482,46.0,5.385,102.2326,0.0
SCS21,weekday_2043,1790673481,67.0,3.1073,101.6942,0.0
SCS20,weekday_2160,1790673516,17.0,3.0409,101.4323,0.0
ETS310,9428,1790673513,90.0,3.9181507,101.34605,0.0
ETS306,9532,1790673513,90.0,2.0449076,103.31521,0.0
ETS308,9531,1790673513,90.0,2.4575942,102.339874,0.0
ETS304,9209,1790673513,90.0,4.7749724,100.833115,0.0
ETS309,9326,1790673513,90.0,4.7748556,100.82532,0.0
ETS301,9425,1790673513,90.0,1.8430175,103.43184,0.0
ETS303,9530,1790673513,90.0,2.4738562,102.4171,0.0
ETS208,9442,1790673516,138.0,6.0541,100.3942,0.0
EMU31,2807,1790673515,0.0,4.598,101.0731,0.0
DMU13,58,1790673521,49.0,5.235,102.0096,0.0
ETS213,9133,1790673520,21.0,4.7763,100.932,0.0
EMU26,2839,1790673519,101.0,4.8362,100.7284,0.0
ETS216,9233,1790673519,0.0,6.4319,100.2682,0.0
EMU33,2949,1790673516,116.0,6.5637,100.2593,0.0
ETS303,9530,1790673634,90.0,2.4702888,102.411385,0.0
ETS306,9532,1790673634,90.0,2.0789244,103.29204,0.0
ETS308,9531,1790673634,90.0,2.4616647,102.3799,0.0
ETS304,9209,1790673634,90.0,4.7749724,100.833115,0.0
ETS309,9326,1790673634,90.0,4.780315,100.783264,0.0
ETS310,9428,1790673634,90.0,3.9506624,101.32954,0.0
ETS301,9425,1790673633,90.0,1.8206704,103.46686,0.0
DMU10(D6120),60,1790673676,37.0,4.703,102.0034,0.0
ETS215,9130,1790673677,130.0,5.1559,100.4802,0.0
SCS26,weekday_2045,1790673677,0.0,3.1538,101.6925,0.0
SCS28,2834,1790673661,115.0,4.8333,100.9554,0.0
ETS308,9531,1790673634,90.0,2.4616647,102.3799,0.0
ETS306,9532,1790673634,90.0,2.0789244,103.29204,0.0
ETS303,9530,1790673634,90.0,2.4702888,102.411385,0.0
ETS310,9428,1790673634,90.0,3.9506624,101.32954,0.0
ETS309,9326,1790673634,90.0,4.780315,100.783264,0.0
ETS304,9209,1790673634,90.0,4.7749724,100.833115,0.0
ETS301,9425,1790673633,90.0,1.8206704,103.46686,0.0
ETS304,9209,1790673754,90.0,4.7749724,100.833115,0.0
ETS309,9326,1790673754,90.0,0.0027284583,0.0154984975,0.0
ETS301,9425,1790673754,90.0,1.7936883,103.494225,0.0
ETS310,9428,1790673754,90.0,3.984052,101.31261,0.0
ETS303,9530,1790673754,90.0,2.4626713,102.37342,0.0
ETS308,9531,1790673754,90.0,2.4723864,102.41396,0.0
ETS306,9532,1790673754,90.0,2.1113513,103.267204,0.0
SCS23,2947,1790673815,114.0,6.0782,100.3806,0.0
SCS26,weekday_2045,1790673812,20.0,3.1458,101.6918,0.0
ETS303,9530,1790673754,90.0,2.4626713,102.37342,0.0
ETS306,9532,1790673754,90.0,2.1113513,103.267204,0.0
ETS308,9531,1790673754,90.0,2.4723864,102.41396,0.0
ETS304,9209,1790673754,90.0,4.7749724,100.833115,0.0
ETS310,9428,1790673754,90.0,3.984052,101.31261,0.0
ETS309,9326,1790673754,90.0,0.0027284583,0.0154984975,0.0
ETS301,9425,1790673754,90.0,1.7936883,103.494225,0.0
DMU03,57,1790673812,45.0,5.3446,102.2218,0.0
ETS207,9052,1790673812,126.0,4.3194,101.1371,0.0
SCS07,weekday_2154,1790673812,68.0,3.5549,101.6392,0.0
ETS215,9130,1790673812,131.0,5.2013,100.4854,0.0
SCS28,2834,1790673811,114.0,4.7944,100.937,0.0
SCS25,weekday_2041,1790673806,4.0,2.9815,101.7904,0.0
DMU06,39,1790673778,80.0,3.786,102.3594,0.0
EMU31,2807,1790673770,0.0,4.5979,101.0731,0.0
ETS213,9133,1790673805,139.0,4.8421,100.9775,0.0
SCS21,weekday_2043,1790673796,0.0,3.0986,101.7051,0.0
DMU10(D6120),60,1790673796,39.0,4.7162,102.0024,0.0
ETS212,9136,1790673756,119.0,3.7741,101.4357,0.0
ETS204,9352,1790673782,12.0,2.8637,101.8193,0.0
SCS22,weekday_2165,1790673756,63.0,3.4672,101.6376,0.0
EMU33,2949,1790673756,87.0,6.5154,100.2555,0.0
SCS19,weekday_2035,1790673760,0.0,3.1888,101.6886,0.0
ETS208,9442,1790673756,0.0,6.1121,100.3694,0.0
DMU13,58,1790673866,48.0,5.2786,102.0069,0.0
ETS213,9133,1790673865,129.0,4.8454,100.9976,0.0
SCS23,2947,1790673815,114.0,6.0782,100.3806,0.0
ETS306,9532,1790673875,90.0,2.1416135,103.24228,0.0
ETS215,9130,1790673812,131.0,5.2013,100.4854,0.0
SCS07,weekday_2154,1790673812,68.0,3.5549,101.6392,0.0
ETS309,9326,1790673875,90.0,4.835241,100.72912,0.0
ETS301,9425,1790673875,90.0,1.754727,103.504425,0.0
ETS310,9428,1790673875,90.0,4.0162997,101.29278,0.0
ETS303,9530,1790673875,90.0,2.4564455,102.33321,0.0
ETS304,9209,1790673875,90.0,4.7749724,100.833115,0.0
ETS308,9531,1790673875,90.0,2.4739943,102.417274,0.0
ETS216,9233,1790673866,133.0,6.3384,100.3271,0.0
EMU31,2807,1790673845,0.0,4.5979,101.0731,0.0
SCS20,weekday_2160,1790673836,16.0,3.0396,101.4536,0.0
ETS204,9352,1790673827,0.0,2.8677,101.8192,0.0
ETS310,9428,1790673875,90.0,4.0162997,101.29278,0.0
ETS301,9425,1790673875,90.0,1.754727,103.504425,0.0
DMU03,57,1790673872,44.0,5.3374,102.2193,0.0
SCS26,weekday_2045,1790673872,19.0,3.1427,101.6941,0.0
ETS304,9209,1790673875,90.0,4.7749724,100.833115,0.0
ETS303,9530,1790673875,90.0,2.4564455,102.33321,0.0
ETS308,9531,1790673875,90.0,2.4739943,102.417274,0.0
ETS306,9532,1790673875,90.0,2.1416135,103.24228,0.0
ETS309,9326,1790673875,90.0,4.835241,100.72912,0.0
ETS306,9532,1790673996,90.0,2.1756592,103.219215,0.0
ETS308,9531,1790673996,90.0,2.4853377,102.44131,0.0
ETS303,9530,1790673996,90.0,2.4559686,102.297066,0.0
ETS310,9428,1790673996,90.0,4.053545,101.28403,0.0
ETS309,9326,1790673996,90.0,0.0027284583,0.0154984975,0.0
ETS304,9209,1790673996,90.0,4.7749724,100.833115,0.0
ETS301,9425,1790673995,90.0,1.7186046,103.52339,0.0
ETS308,9531,1790673996,90.0,2.4853377,102.44131,0.0
ETS306,9532,1790673996,90.0,2.1756592,103.219215,0.0
ETS303,9530,1790673996,90.0,2.4559686,102.297066,0.0
ETS310,9428,1790673996,90.0,4.053545,101.28403,0.0
ETS309,9326,1790673996,90.0,0.0027284583,0.0154984975,0.0
ETS304,9209,1790673996,90.0,4.7749724,100.833115,0.0
ETS301,9425,1790673995,90.0,1.7186046,103.52339,0.0
SCS21,weekday_2043,1790674096,0.0,3.0986,101.7051,0.0
ETS215,9130,1790674082,99.0,5.2886,100.4819,0.0
SCS23,2947,1790674070,114.0,6.0118,100.4182,0.0
EMU26,2839,1790674070,10.0,4.7782,100.8571,0.0
ETS309,9326,1790674117,90.0,0.0027284583,0.0154984975,0.0
ETS310,9428,1790674117,90.0,4.0913005,101.27112,0.0
ETS306,9532,1790674117,90.0,2.1907287,103.19131,0.0
ETS308,9531,1790674117,90.0,2.5037944,102.47565,0.0
ETS301,9425,1790674116,90.0,1.6960933,103.55655,0.0
ETS304,9209,1790674116,90.0,4.7749724,100.833115,0.0
ETS303,9530,1790674116,90.0,2.4587598,102.26429,0.0
SCS07,weekday_2154,1790674097,112.0,3.6082,101.5874,0.0
SCS26,weekday_2045,1790674097,26.0,3.1359,101.6888,0.0
DMU03,57,1790674097,0.0,5.33,102.2031,0.0
SCS25,weekday_2041,1790674097,100.0,2.952,101.7903,0.0
DMU10(D6120),60,1790674096,7.0,4.7344,102.0114,0.0
SCS09,weekday_2169,1790674096,79.0,3.6688,101.5323,0.0
SCS28,2834,1790674096,92.0,4.7744,100.9009,0.0
ETS309,9326,1790674117,90.0,0.0027284583,0.0154984975,0.0
ETS306,9532,1790674117,90.0,2.1907287,103.19131,0.0
ETS310,9428,1790674117,90.0,4.0913005,101.27112,0.0
ETS308,9531,1790674117,90.0,2.5037944,102.47565,0.0
ETS304,9209,1790674116,90.0,4.7749724,100.833115,0.0
ETS301,9425,1790674116,90.0,1.6960933,103.55655,0.0
ETS303,9530,1790674116,90.0,2.4587598,102.26429,0.0
ETS304,9209,1790674237,90.0,4.7749724,100.833115,0.0
ETS309,9326,1790674237,90.0,4.8826976,100.72152,0.0
ETS204,9352,1790674202,0.0,2.905,101.7868,0.0
ETS301,9425,1790674237,90.0,1.6713755,103.589226,0.0
SCS28,2834,1790674201,114.0,4.7731,100.8716,0.0
SCS21,weekday_2043,1790674201,0.0,3.0986,101.7051,0.0
ETS310,9428,1790674237,90.0,4.115428,101.2464,0.0
ETS303,9530,1790674237,90.0,2.459369,102.236786,0.0
ETS308,9531,1790674237,90.0,2.53532,102.50067,0.0
ETS306,9532,1790674237,90.0,2.1947408,103.1872,0.0
SCS13,2943,1790674227,49.0,5.3622,100.4598,0.0
ETS213,9133,1790674225,128.0,4.7884,101.0967,0.0
ETS208,9442,1790674206,0.0,6.183,100.3747,0.0
EMU31,2807,1790674205,0.0,4.5979,101.0731,0.0
SCS07,weekday_2154,1790674202,35.0,3.6252,101.5687,0.0
ETS215,9130,1790674202,132.0,5.3225,100.4706,0.0
ETS212,9136,1790674176,123.0,3.882,101.3814,0.0
EMU26,2839,1790674175,0.0,4.7782,100.8572,0.0
SCS24,weekday_2157,1790674172,14.0,3.1305,101.6817,0.0
SCS26,weekday_2045,1790674202,0.0,3.1352,101.6878,0.0
DMU03,57,1790674202,24.0,5.326,102.1982,0.0
DMU10(D6120),60,1790674201,31.0,4.7404,102.0127,0.0
SCS09,weekday_2169,1790674201,101.0,3.6511,101.5474,0.0
SCS10,weekday_2158,1790674174,0.0,3.136,101.6893,0.0
ETS303,9530,1790674237,90.0,2.459369,102.236786,0.0
ETS308,9531,1790674237,90.0,2.53532,102.50067,0.0
ETS306,9532,1790674237,90.0,2.1947408,103.1872,0.0
ETS309,9326,1790674237,90.0,4.8826976,100.72152,0.0
ETS310,9428,1790674237,90.0,4.115428,101.2464,0.0
ETS301,9425,1790674237,90.0,1.6713755,103.589226,0.0
DMU03,57,1790674232,0.0,5.3258,102.1962,0.0
SCS26,weekday_2045,1790674232,0.0,3.1352,101.6878,0.0
ETS304,9209,1790674237,90.0,4.7749724,100.833115,0.0
ETS309,9326,1790674358,90.0,4.8901687,100.7207,0.0
ETS308,9531,1790674358,90.0,2.563171,102.52911,0.0
ETS304,9209,1790674358,90.0,4.7749724,100.833115,0.0
ETS306,9532,1790674358,90.0,2.2257328,103.16304,0.0
ETS303,9530,1790674358,90.0,2.4634528,102.22678,0.0
ETS301,9425,1790674358,90.0,1.6644008,103.59963,0.0
ETS310,9428,1790674358,90.0,4.139024,101.2116,0.0
ETS306,9532,1790674358,90.0,2.2257328,103.16304,0.0
ETS303,9530,1790674358,90.0,2.4634528,102.22678,0.0
ETS301,9425,1790674358,90.0,1.6644008,103.59963,0.0
ETS310,9428,1790674358,90.0,4.139024,101.2116,0.0
ETS309,9326,1790674358,90.0,4.8901687,100.7207,0.0
ETS308,9531,1790674358,90.0,2.563171,102.52911,0.0
ETS304,9209,1790674358,90.0,4.7749724,100.833115,0.0
ETS306,9532,1790674478,90.0,2.262475,103.149124,0.0
ETS303,9530,1790674478,90.0,2.4638708,102.22602,0.0
ETS301,9425,1790674478,90.0,1.6647019,103.59888,0.0
ETS304,9209,1790674478,90.0,4.7749724,100.833115,0.0
EMU31,2807,1790674475,0.0,4.5979,101.0732,0.0
EMU26,2839,1790674475,111.0,4.773,100.8921,0.0
ETS310,9428,1790674479,90.0,4.1690373,101.18982,0.0
ETS308,9531,1790674479,90.0,2.5804074,102.56177,0.0
ETS309,9326,1790674479,90.0,0.0027284583,0.0154984975,0.0
DMU06,39,1790674483,0.0,3.7098,102.3669,0.0
SCS10,weekday_2158,1790674534,35.0,3.1526,101.6916,0.0
ETS216,9233,1790674532,106.0,6.1196,100.3728,0.0
SCS07,weekday_2154,1790674532,11.0,3.64,101.5581,0.0
ETS215,9130,1790674532,0.0,5.3664,100.4474,0.0
SCS09,weekday_2169,1790674531,106.0,3.5843,101.6118,0.0
SCS26,weekday_2045,1790674532,0.0,3.1293,101.6808,0.0
EMU33,2949,1790674497,76.0,6.3663,100.3063,0.0
ETS207,9052,1790674532,63.0,4.4706,101.0431,0.0
DMU13,58,1790674481,0.0,5.3003,102.0202,0.0
SCS24,weekday_2157,1790674531,0.0,3.1129,101.6735,0.0
DMU10(D6120),60,1790674531,57.0,4.7866,102.012,0.0
ETS309,9326,1790674479,90.0,0.0027284583,0.0154984975,0.0
ETS308,9531,1790674479,90.0,2.5804074,102.56177,0.0
ETS310,9428,1790674479,90.0,4.1690373,101.18982,0.0
SCS19,weekday_2035,1790674480,0.0,3.1888,101.6886,0.0
ETS304,9209,1790674478,90.0,4.7749724,100.833115,0.0
ETS306,9532,1790674478,90.0,2.262475,103.149124,0.0
ETS303,9530,1790674478,90.0,2.4638708,102.22602,0.0
ETS301,9425,1790674478,90.0,1.6647019,103.59888,0.0
SCS28,2834,1790674531,0.0,4.7761,100.8236,0.0
SCS21,weekday_2043,1790674531,0.0,3.0986,101.7051,0.0
SCS25,weekday_2041,1790674530,24.0,2.9058,101.7879,0.0
ETS206,9449,1790674508,0.0,3.209,101.6277,0.0
ETS208,9442,1790674506,141.0,6.2767,100.3521,0.0
ETS212,9136,1790674506,124.0,3.96,101.3232,0.0
SCS22,weekday_2165,1790674476,93.0,3.358,101.5716,0.0
ETS216,9233,1790674592,0.0,6.1139,100.37,0.0
EMU33,2949,1790674592,112.0,6.3467,100.3209,0.0
SCS26,weekday_2045,1790674592,0.0,3.1293,101.6808,0.0
ETS207,9052,1790674592,97.0,4.4831,101.0423,0.0
ETS215,9130,1790674592,0.0,5.3665,100.4477,0.0
SCS07,weekday_2154,1790674592,22.0,3.6433,101.5556,0.0
SCS09,weekday_2169,1790674591,101.0,3.5702,101.6172,0.0
SCS28,2834,1790674591,84.0,4.7804,100.786,0.0
SCS24,weekday_2157,1790674591,0.0,3.1129,101.6735,0.0
SCS21,weekday_2043,1790674591,0.0,3.0986,101.7051,0.0
DMU10(D6120),60,1790674591,52.0,4.7953,102.0137,0.0
SCS25,weekday_2041,1790674583,0.0,2.9039,101.7862,0.0
SCS22,weekday_2165,1790674581,57.0,3.3328,101.5704,0.0
EMU31,2807,1790674550,0.0,4.5979,101.0732,0.0
ETS307,9533,1790674599,90.0,3.1310112,101.6836,0.0
ETS308,9531,1790674599,90.0,2.5811515,102.58779,0.0
ETS206,9449,1790674553,0.0,3.209,101.6277,0.0
ETS208,9442,1790674551,135.0,6.2925,100.3487,0.0
ETS301,9425,1790674599,90.0,1.6533024,103.613335,0.0
EMU26,2839,1790674550,95.0,4.7763,100.9107,0.0
ETS212,9136,1790674551,120.0,3.9721,101.3161,0.0
ETS306,9532,1790674599,90.0,2.2930982,103.132774,0.0
ETS309,9326,1790674599,90.0,4.90663,100.71891,0.0
SCS23,2947,1790674550,114.0,5.9092,100.4704,0.0
ETS303,9530,1790674599,90.0,2.4609747,102.20354,0.0
ETS304,9209,1790674599,90.0,4.7749724,100.833115,0.0
ETS310,9428,1790674599,90.0,4.202785,101.183464,0.0
ETS307,9533,1790674599,90.0,3.1310112,101.6836,0.0
ETS301,9425,1790674599,90.0,1.6533024,103.613335,0.0
ETS304,9209,1790674599,90.0,4.7749724,100.833115,0.0
ETS309,9326,1790674599,90.0,4.90663,100.71891,0.0
ETS306,9532,1790674599,90.0,2.2930982,103.132774,0.0
ETS310,9428,1790674599,90.0,4.202785,101.183464,0.0
ETS308,9531,1790674599,90.0,2.5811515,102.58779,0.0
ETS303,9530,1790674599,90.0,2.4609747,102.20354,0.0
SCS10,weekday_2158,1790674594,0.0,3.1538,101.6923,0.0
EMU33,2949,1790674592,112.0,6.3467,100.3209,0.0
SCS07,weekday_2154,1790674592,22.0,3.6433,101.5556,0.0
ETS216,9233,1790674592,0.0,6.1139,100.37,0.0
SCS26,weekday_2045,1790674592,0.0,3.1293,101.6808,0.0
ETS215,9130,1790674592,0.0,5.3665,100.4477,0.0
ETS207,9052,1790674592,97.0,4.4831,101.0423,0.0
ETS306,9532,1790674720,90.0,2.2964942,103.130646,0.0
ETS308,9531,1790674720,90.0,2.5782096,102.61103,0.0
ETS307,9533,1790674720,90.0,3.1269395,101.68044,0.0
ETS309,9326,1790674720,90.0,4.915188,100.71799,0.0
ETS310,9428,1790674720,90.0,4.243972,101.17693,0.0
ETS303,9530,1790674719,90.0,2.4683404,102.18276,0.0
ETS304,9209,1790674719,90.0,4.7749724,100.833115,0.0
ETS301,9425,1790674719,90.0,1.6249076,103.64455,0.0
SCS28,2834,1790674741,104.0,4.7895,100.7608,0.0
SCS21,weekday_2043,1790674741,37.0,3.1024,101.7003,0.0
ETS307,9533,1790674720,90.0,3.1269395,101.68044,0.0
ETS306,9532,1790674720,90.0,2.2964942,103.130646,0.0
ETS310,9428,1790674720,90.0,4.243972,101.17693,0.0
ETS309,9326,1790674720,90.0,4.915188,100.71799,0.0
ETS308,9531,1790674720,90.0,2.5782096,102.61103,0.0
SCS09,weekday_2169,1790674741,0.0,3.5539,101.6394,0.0
ETS206,9449,1790674718,0.0,3.209,101.6277,0.0
ETS304,9209,1790674719,90.0,4.7749724,100.833115,0.0
ETS303,9530,1790674719,90.0,2.4683404,102.18276,0.0
ETS301,9425,1790674719,90.0,1.6249076,103.64455,0.0
EMU26,2839,1790674718,0.0,4.7762,100.9319,0.0
SCS25,weekday_2041,1790674718,88.0,2.8946,101.7908,0.0
ETS208,9442,1790674716,133.0,6.3439,100.3228,0.0
SCS23,2947,1790674715,113.0,5.8608,100.4769,0.0
SCS22,weekday_2165,1790674716,20.0,3.3206,101.5745,0.0
SCS20,weekday_2160,1790674716,74.0,3.0592,101.5336,0.0
SCS10,weekday_2158,1790674744,0.0,3.163,101.692,0.0
ETS207,9052,1790674742,36.0,4.5224,101.0499,0.0
SCS24,weekday_2157,1790674741,69.0,3.0984,101.6707,0.0
DMU13,58,1790674721,0.0,5.3002,102.0203,0.0
EMU35,2951,1790674721,46.0,6.6547,100.3089,0.0
ETS309,9326,1790674840,90.0,4.933768,100.72009,0.0
ETS308,9531,1790674840,90.0,2.578945,102.61392,0.0
ETS304,9209,1790674840,90.0,4.7749724,100.833115,0.0
ETS307,9533,1790674840,90.0,3.1209278,101.67935,0.0
SCS25,weekday_2041,1790674833,92.0,2.8801,101.814,0.0
SCS19,weekday_2035,1790674825,0.0,3.1888,101.6886,0.0
EMU31,2807,1790674820,0.0,4.5979,101.0732,0.0
SCS10,weekday_2158,1790674819,0.0,3.163,101.692,0.0
ETS204,9352,1790674817,2.0,2.9045,101.7867,0.0
ETS207,9052,1790674817,65.0,4.5374,101.0527,0.0
EMU33,2949,1790674817,113.0,6.2862,100.3503,0.0
ETS215,9130,1790674817,43.0,5.3648,100.4207,0.0
SCS07,weekday_2154,1790674817,107.0,3.6673,101.5334,0.0
SCS09,weekday_2169,1790674816,80.0,3.5486,101.6397,0.0
SCS21,weekday_2043,1790674816,73.0,3.1102,101.6905,0.0
SCS11,weekday_2047,1790674797,64.0,3.2123,101.6721,0.0
EMU35,2951,1790674796,109.0,6.6483,100.2963,0.0
ETS306,9532,1790674840,90.0,2.3083174,103.12333,0.0
ETS301,9425,1790674840,90.0,1.5891198,103.65715,0.0
ETS303,9530,1790674840,90.0,2.5074046,102.17341,0.0
ETS310,9428,1790674840,90.0,4.275358,101.168106,0.0
ETS301,9425,1790674840,90.0,1.5891198,103.65715,0.0
ETS308,9531,1790674840,90.0,2.578945,102.61392,0.0
ETS307,9533,1790674840,90.0,3.1209278,101.67935,0.0
ETS306,9532,1790674840,90.0,2.3083174,103.12333,0.0
ETS309,9326,1790674840,90.0,4.933768,100.72009,0.0
ETS303,9530,1790674840,90.0,2.5074046,102.17341,0.0
ETS310,9428,1790674840,90.0,4.275358,101.168106,0.0
ETS304,9209,1790674840,90.0,4.7749724,100.833115,0.0
SCS25,weekday_2041,1790674833,92.0,2.8801,101.814,0.0
ETS310,9428,1790674961,90.0,4.3011646,101.155464,0.0
ETS307,9533,1790674961,90.0,3.1120722,101.686134,0.0
ETS306,9532,1790674961,90.0,2.328383,103.09152,0.0
ETS308,9531,1790674961,90.0,2.5806491,102.62045,0.0
ETS303,9530,1790674961,90.0,2.5401325,102.14935,0.0
ETS304,9209,1790674961,90.0,4.7749724,100.833115,0.0
ETS309,9326,1790674961,90.0,4.9737606,100.73167,0.0
ETS301,9425,1790674960,90.0,1.5664763,103.6855,0.0
SCS23,2947,1790675000,0.0,5.8238,100.478,0.0
ETS304,9209,1790674961,90.0,4.7749724,100.833115,0.0
ETS309,9326,1790674961,90.0,4.9737606,100.73167,0.0
ETS310,9428,1790674961,90.0,4.3011646,101.155464,0.0
ETS303,9530,1790674961,90.0,2.5401325,102.14935,0.0
ETS308,9531,1790674961,90.0,2.5806491,102.62045,0.0
ETS306,9532,1790674961,90.0,2.328383,103.09152,0.0
ETS307,9533,1790674961,90.0,3.1120722,101.686134,0.0
ETS301,9425,1790674960,90.0,1.5664763,103.6855,0.0
ETS304,9209,1790675081,90.0,4.7749724,100.833115,0.0
ETS309,9326,1790675081,90.0,5.0141597,100.730316,0.0
ETS301,9425,1790675081,90.0,1.5420011,103.70474,0.0
ETS310,9428,1790675081,90.0,4.303288,101.15268,0.0
ETS303,9530,1790675081,90.0,2.5646346,102.11727,0.0
ETS308,9531,1790675081,90.0,2.5847416,102.65337,0.0
ETS306,9532,1790675081,90.0,2.3505676,103.06174,0.0
DMU13,58,1790675081,46.0,5.3396,102.0145,0.0
ETS307,9533,1790675081,90.0,3.099666,101.704,0.0
ETS213,9133,1790675080,0.0,4.598,101.0734,0.0
SCS19,weekday_2035,1790675080,0.0,3.1888,101.6886,0.0
EMU26,2839,1790675078,120.0,4.8434,100.9823,0.0
ETS208,9442,1790675076,0.0,6.4309,100.2689,0.0
SCS10,weekday_2158,1790675044,48.0,3.1675,101.6881,0.0
SCS25,weekday_2041,1790675044,81.0,2.8492,101.8235,0.0
SCS21,weekday_2043,1790675041,37.0,3.1169,101.6793,0.0
SCS23,2947,1790675075,56.0,5.8218,100.4782,0.0
SCS22,weekday_2165,1790675061,10.0,3.3193,101.5749,0.0
DMU03,57,1790675042,0.0,5.308,102.1569,0.0
ETS204,9352,1790675057,0.0,2.9022,101.7857,0.0
SCS11,weekday_2047,1790675052,0.0,3.1988,101.6809,0.0
SCS13,2943,1790675052,0.0,5.3924,100.3675,0.0
EMU35,2951,1790675051,115.0,6.5855,100.2625,0.0
EMU31,2807,1790675045,0.0,4.5979,101.0732,0.0
ETS215,9130,1790675042,34.0,5.3864,100.3756,0.0
EMU24,2847,1790675038,91.0,5.383,100.3823,0.0
SCS24,weekday_2157,1790675041,17.0,3.0854,101.6617,0.0
SCS09,weekday_2169,1790675041,80.0,3.5086,101.633,0.0
SCS28,2834,1790675041,0.0,4.8534,100.7327,0.0
SCS28,2834,1790675101,41.0,4.8545,100.7334,0.0
EMU33,2949,1790675100,116.0,6.203,100.3673,0.0
DMU03,57,1790675087,18.0,5.3074,102.1562,0.0
SCS09,weekday_2169,1790675086,33.0,3.5017,101.634,0.0
SCS21,weekday_2043,1790675086,0.0,3.1191,101.6788,0.0
DMU06,39,1790675083,72.0,3.6174,102.3753,0.0
ETS304,9209,1790675081,90.0,4.7749724,100.833115,0.0
ETS301,9425,1790675081,90.0,1.5420011,103.70474,0.0
ETS310,9428,1790675081,90.0,4.303288,101.15268,0.0
ETS303,9530,1790675081,90.0,2.5646346,102.11727,0.0
ETS308,9531,1790675081,90.0,2.5847416,102.65337,0.0
ETS306,9532,1790675081,90.0,2.3505676,103.06174,0.0
ETS307,9533,1790675081,90.0,3.099666,101.704,0.0
ETS309,9326,1790675081,90.0,5.0141597,100.730316,0.0
SCS24,weekday_2157,1790675101,10.0,3.0833,101.656,0.0
DMU10(D6120),60,1790675086,51.0,4.8482,101.982,0.0
SCS20,weekday_2160,1790675076,19.0,3.0764,101.5607,0.0
EMU31,2807,1790675075,0.0,4.5979,101.0732,0.0
SCS23,2947,1790675075,56.0,5.8218,100.4782,0.0
ETS309,9326,1790675202,90.0,5.0376215,100.69648,0.0
ETS310,9428,1790675202,90.0,4.328532,101.130875,0.0
ETS304,9209,1790675202,90.0,4.7749724,100.833115,0.0
ETS301,9425,1790675202,90.0,1.5362499,103.72521,0.0
ETS307,9533,1790675202,90.0,3.0954258,101.709274,0.0
ETS303,9530,1790675202,90.0,2.5968273,102.09342,0.0
ETS306,9532,1790675202,90.0,2.3739865,103.03366,0.0
ETS308,9531,1790675202,90.0,2.582711,102.69457,0.0
ETS309,9326,1790675202,90.0,5.0376215,100.69648,0.0
ETS307,9533,1790675202,90.0,3.0954258,101.709274,0.0
ETS310,9428,1790675202,90.0,4.328532,101.130875,0.0
ETS306,9532,1790675202,90.0,2.3739865,103.03366,0.0
ETS308,9531,1790675202,90.0,2.582711,102.69457,0.0
ETS303,9530,1790675202,90.0,2.5968273,102.09342,0.0
ETS216,9233,1790675239,137.0,5.9793,100.4366,0.0
ETS215,9130,1790675237,13.0,5.3925,100.3679,0.0
DMU03,57,1790675237,24.0,5.3112,102.1432,0.0
SCS21,weekday_2043,1790675236,21.0,3.1276,101.6794,0.0
DMU10(D6120),60,1790675236,53.0,4.8638,101.9671,0.0
SCS10,weekday_2158,1790675239,0.0,3.1861,101.6646,0.0
ETS204,9352,1790675237,12.0,2.9028,101.7858,0.0
SCS09,weekday_2169,1790675236,105.0,3.4803,101.6398,0.0
SCS23,2947,1790675225,114.0,5.7814,100.4898,0.0
ETS301,9425,1790675202,90.0,1.5362499,103.72521,0.0
ETS304,9209,1790675202,90.0,4.7749724,100.833115,0.0
DMU13,58,1790675261,41.0,5.3632,102.0078,0.0
SCS19,weekday_2035,1790675260,0.0,3.1888,101.6886,0.0
EMU26,2839,1790675258,118.0,4.8258,101.0308,0.0
ETS206,9449,1790675258,0.0,3.209,101.6277,0.0
EMU31,2838,1790675255,48.0,4.6048,101.0759,0.0
SCS25,weekday_2041,1790675261,0.0,2.8299,101.8268,0.0
SCS22,weekday_2165,1790675256,80.0,3.2883,101.571,0.0
SCS23,2947,1790675255,117.0,5.7728,100.4931,0.0
ETS306,9532,1790675322,90.0,2.3829746,103.02134,0.0
ETS304,9209,1790675322,90.0,4.7749724,100.833115,0.0
ETS307,9533,1790675322,90.0,3.0836444,101.71665,0.0
ETS308,9531,1790675322,90.0,2.5677636,102.732925,0.0
ETS303,9530,1790675322,90.0,2.627036,102.07117,0.0
ETS309,9326,1790675322,90.0,5.039572,100.65424,0.0
ETS301,9425,1790675322,90.0,1.5360452,103.7255,0.0
ETS310,9428,1790675322,90.0,4.361802,101.10653,0.0
ETS304,9209,1790675322,90.0,4.7749724,100.833115,0.0
ETS309,9326,1790675322,90.0,5.039572,100.65424,0.0
ETS301,9425,1790675322,90.0,1.5360452,103.7255,0.0
ETS310,9428,1790675322,90.0,4.361802,101.10653,0.0
ETS303,9530,1790675322,90.0,2.627036,102.07117,0.0
ETS308,9531,1790675322,90.0,2.5677636,102.732925,0.0
ETS306,9532,1790675322,90.0,2.3829746,103.02134,0.0
ETS307,9533,1790675322,90.0,3.0836444,101.71665,0.0
SCS21,weekday_2043,1790675371,4.0,3.1321,101.6832,0.0
EMU33,2949,1790675370,119.0,6.1528,100.3799,0.0
SCS25,weekday_2041,1790675370,57.0,2.8244,101.8227,0.0
ETS216,9233,1790675342,137.0,5.9475,100.4546,0.0
DMU13,58,1790675366,27.0,5.3743,102.0092,0.0
DMU09,38,1790675360,0.0,2.9677,102.4,0.0
SCS19,weekday_2035,1790675350,0.0,3.1888,101.6886,0.0
DMU10(D6120),60,1790675341,31.0,4.8777,101.9663,0.0
SCS24,weekday_2157,1790675371,0.0,3.0847,101.6314,0.0
SCS09,weekday_2169,1790675371,64.0,3.4657,101.6375,0.0
SCS28,2834,1790675371,0.0,4.8908,100.72,0.0
ETS206,9449,1790675348,0.0,3.209,101.6277,0.0
SCS22,weekday_2165,1790675346,16.0,3.2761,101.5621,0.0
DMU13,58,1790675396,16.0,5.3762,102.0098,0.0
SCS23,2947,1790675390,113.0,5.7345,100.5094,0.0
ETS306,9532,1790675443,90.0,2.39327,103.01328,0.0
ETS304,9209,1790675443,90.0,4.7749724,100.833115,0.0
ETS307,9533,1790675443,90.0,3.0760374,101.71239,0.0
ETS308,9531,1790675443,90.0,2.5463104,102.76721,0.0
ETS303,9530,1790675443,90.0,2.642466,102.03525,0.0
ETS309,9326,1790675443,90.0,5.04251,100.61172,0.0
ETS301,9425,1790675443,90.0,1.5177426,103.7429,0.0
ETS310,9428,1790675443,90.0,4.3962846,101.08305,0.0
EMU24,2847,1790675398,85.0,5.3666,100.4402,0.0
SCS20,weekday_2160,1790675396,20.0,3.0836,101.5843,0.0
ETS208,9442,1790675391,129.0,6.5117,100.2552,0.0
SCS22,weekday_2165,1790675391,0.0,3.2752,101.562,0.0
ETS213,9133,1790675395,119.0,4.5712,101.0633,0.0
SCS19,weekday_2035,1790675395,0.0,3.1888,101.6886,0.0
ETS216,9233,1790675372,135.0,5.938,100.4594,0.0
ETS215,9130,1790675372,0.0,5.3933,100.3668,0.0
ETS304,9209,1790675443,90.0,4.7749724,100.833115,0.0
ETS301,9425,1790675443,90.0,1.5177426,103.7429,0.0
ETS310,9428,1790675443,90.0,4.3962846,101.08305,0.0
ETS303,9530,1790675443,90.0,2.642466,102.03525,0.0
ETS307,9533,1790675443,90.0,3.0760374,101.71239,0.0
ETS308,9531,1790675443,90.0,2.5463104,102.76721,0.0
ETS306,9532,1790675443,90.0,2.39327,103.01328,0.0
ETS309,9326,1790675443,90.0,5.04251,100.61172,0.0
EMU24,2847,1790675538,45.0,5.3661,100.4492,0.0
EMU35,2951,1790675537,119.0,6.4639,100.2573,0.0
ETS310,9428,1790675564,90.0,4.430566,101.06408,0.0
ETS309,9326,1790675564,90.0,5.034597,100.57217,0.0
ETS308,9531,1790675564,90.0,2.520589,102.79705,0.0
ETS306,9532,1790675563,90.0,2.426878,102.99865,0.0
ETS303,9530,1790675563,90.0,2.6546178,102.0079,0.0
ETS301,9425,1790675563,90.0,1.4853125,103.756996,0.0
ETS304,9209,1790675563,90.0,4.7749724,100.833115,0.0
ETS307,9533,1790675563,90.0,3.0694606,101.709656,0.0
SCS23,2947,1790675555,113.0,5.6885,100.5033,0.0
SCS10,weekday_2158,1790675539,31.0,3.2003,101.6396,0.0
SCS09,weekday_2169,1790675536,95.0,3.4263,101.6276,0.0
ETS208,9442,1790675526,152.0,6.5596,100.2593,0.0
ETS216,9233,1790675492,137.0,5.8983,100.4746,0.0
ETS309,9326,1790675564,90.0,5.034597,100.57217,0.0
ETS310,9428,1790675564,90.0,4.430566,101.06408,0.0
ETS308,9531,1790675564,90.0,2.520589,102.79705,0.0
ETS301,9425,1790675563,90.0,1.4853125,103.756996,0.0
ETS307,9533,1790675563,90.0,3.0694606,101.709656,0.0
ETS306,9532,1790675563,90.0,2.426878,102.99865,0.0
ETS304,9209,1790675563,90.0,4.7749724,100.833115,0.0
ETS303,9530,1790675563,90.0,2.6546178,102.0079,0.0
SCS22,weekday_2165,1790675556,24.0,3.2618,101.5564,0.0
ETS212,9136,1790675556,122.0,4.2368,101.1765,0.0
EMU31,2838,1790675555,102.0,4.6527,101.1201,0.0
SCS23,2947,1790675555,113.0,5.6885,100.5033,0.0
SCS21,weekday_2043,1790675641,0.0,3.1321,101.6832,0.0
SCS24,weekday_2157,1790675641,15.0,3.0839,101.6158,0.0
DMU10(D6120),60,1790675641,48.0,4.8941,101.9713,0.0
ETS303,9530,1790675684,90.0,2.6697764,101.99036,0.0
ETS307,9533,1790675684,90.0,3.0410275,101.70921,0.0
ETS306,9532,1790675684,90.0,2.454267,102.973625,0.0
ETS308,9531,1790675684,90.0,2.5072205,102.81392,0.0
ETS310,9428,1790675684,90.0,4.4579268,101.05083,0.0
ETS304,9209,1790675684,90.0,4.7749724,100.833115,0.0
ETS309,9326,1790675684,90.0,5.019093,100.5351,0.0
ETS301,9425,1790675684,90.0,1.4677316,103.76291,0.0
SCS13,2948,1790675667,0.0,5.3643,100.422,0.0
DMU13,58,1790675666,0.0,5.3769,102.0101,0.0
EMU35,2951,1790675642,66.0,6.4356,100.2671,0.0
ETS216,9233,1790675642,132.0,5.8468,100.4771,0.0
SCS28,2834,1790675641,26.0,4.9012,100.7189,0.0
EMU33,2949,1790675640,87.0,6.1043,100.3666,0.0
SCS28,2834,1790675686,26.0,4.9047,100.7185,0.0
ETS310,9428,1790675684,90.0,4.4579268,101.05083,0.0
ETS307,9533,1790675684,90.0,3.0410275,101.70921,0.0
DMU03,57,1790675687,25.0,5.3288,102.1219,0.0
ETS216,9233,1790675687,130.0,5.8311,100.4778,0.0
SCS09,weekday_2169,1790675686,106.0,3.3882,101.6262,0.0
SCS21,weekday_2043,1790675686,0.0,3.1321,101.6832,0.0
DMU10(D6120),60,1790675686,56.0,4.9005,101.9722,0.0
ETS304,9209,1790675684,90.0,4.7749724,100.833115,0.0
ETS309,9326,1790675684,90.0,5.019093,100.5351,0.0
ETS301,9425,1790675684,90.0,1.4677316,103.76291,0.0
ETS303,9530,1790675684,90.0,2.6697764,101.99036,0.0
ETS308,9531,1790675684,90.0,2.5072205,102.81392,0.0
ETS306,9532,1790675684,90.0,2.454267,102.973625,0.0
SCS23,2947,1790675690,79.0,5.6553,100.4922,0.0
SCS24,weekday_2157,1790675686,39.0,3.0832,101.6117,0.0
ETS307,9533,1790675805,90.0,3.0177734,101.71998,0.0
ETS306,9532,1790675805,90.0,2.471694,102.9414,0.0
ETS309,9326,1790675805,90.0,5.0548487,100.51356,0.0
ETS310,9428,1790675805,90.0,4.459389,101.050224,0.0
ETS308,9531,1790675805,90.0,2.5061462,102.81521,0.0
ETS303,9530,1790675804,90.0,2.6892912,101.97297,0.0
ETS304,9209,1790675804,90.0,3.81644,101.41235,0.0
ETS301,9425,1790675804,90.0,1.4631479,103.76616,0.0
DMU03,57,1790675792,30.0,5.3311,102.1208,0.0
SCS24,weekday_2157,1790675791,29.0,3.0829,101.6083,0.0
SCS28,2834,1790675791,27.0,4.9127,100.7176,0.0
SCS21,weekday_2043,1790675791,17.0,3.138,101.693,0.0
EMU33,2949,1790675790,114.0,6.0664,100.3874,0.0
EMU31,2838,1790675857,96.0,4.7212,101.1223,0.0
SCS23,2947,1790675855,60.0,5.6402,100.4896,0.0
ETS308,9531,1790675805,90.0,2.5061462,102.81521,0.0
ETS306,9532,1790675805,90.0,2.471694,102.9414,0.0
ETS309,9326,1790675805,90.0,5.0548487,100.51356,0.0
ETS310,9428,1790675805,90.0,4.459389,101.050224,0.0
ETS307,9533,1790675805,90.0,3.0177734,101.71998,0.0
ETS304,9209,1790675804,90.0,3.81644,101.41235,0.0
ETS301,9425,1790675804,90.0,1.4631479,103.76616,0.0
ETS303,9530,1790675804,90.0,2.6892912,101.97297,0.0
DMU03,57,1790675792,30.0,5.3311,102.1208,0.0
ETS204,9352,1790675792,0.0,2.962,101.7924,0.0
EMU35,2951,1790675792,108.0,6.4198,100.2725,0.0
ETS216,9233,1790675792,134.0,5.795,100.4829,0.0
EMU26,2839,1790675830,118.0,4.7385,101.1217,0.0
ETS306,9532,1790675925,90.0,2.4748135,102.90628,0.0
ETS309,9326,1790675925,90.0,5.092464,100.494606,0.0
ETS303,9530,1790675925,90.0,2.7060916,101.95365,0.0
SCS23,2947,1790675855,60.0,5.6402,100.4896,0.0
ETS301,9425,1790675925,90.0,1.4628991,103.76614,0.0
ETS310,9428,1790675925,90.0,4.472442,101.04361,0.0
EMU33,2949,1790675901,112.0,6.037,100.404,0.0
SCS25,weekday_2041,1790675899,14.0,2.7548,101.824,0.0
EMU26,2839,1790675860,111.0,4.7295,101.122,0.0
ETS206,9449,1790675858,0.0,3.209,101.6277,0.0
EMU31,2838,1790675857,96.0,4.7212,101.1223,0.0
EMU35,2951,1790675852,116.0,6.4026,100.2791,0.0
ETS204,9352,1790675897,8.0,2.976,101.7903,0.0
SCS24,weekday_2157,1790675896,5.0,3.0829,101.5998,0.0
SCS21,weekday_2043,1790675896,2.0,3.1402,101.6939,0.0
SCS28,2834,1790675896,36.0,4.9212,100.7167,0.0
DMU10(D6120),60,1790675896,41.0,4.9282,101.983,0.0
SCS09,weekday_2169,1790675881,104.0,3.3682,101.6053,0.0
ETS216,9233,1790675852,134.0,5.777,100.4916,0.0
DMU03,57,1790675852,43.0,5.3376,102.1186,0.0
ETS304,9209,1790675925,90.0,3.7881172,101.435455,0.0
ETS308,9531,1790675925,90.0,2.4897652,102.8457,0.0
ETS307,9533,1790675925,90.0,3.0005217,101.73695,0.0
SCS25,weekday_2041,1790675935,21.0,2.7542,101.8262,0.0
ETS204,9352,1790675927,0.0,2.9768,101.7904,0.0
EMU35,2951,1790675927,115.0,6.384,100.293,0.0
DMU10(D6120),60,1790675941,13.0,4.9277,101.9868,0.0
SCS21,weekday_2043,1790675941,20.0,3.143,101.6938,0.0
DMU09,38,1790675945,70.0,3.0444,102.3747,0.0
ETS216,9233,1790675927,0.0,5.7706,100.4943,0.0
SCS28,2834,1790675926,93.0,4.9266,100.7172,0.0
SCS10,weekday_2158,1790675925,73.0,3.2065,101.6162,0.0
DMU03,57,1790675927,0.0,5.3475,102.1177,0.0
SCS24,weekday_2157,1790675926,19.0,3.083,101.5989,0.0
ETS304,9209,1790675925,90.0,3.7881172,101.435455,0.0
ETS309,9326,1790675925,90.0,5.092464,100.494606,0.0
ETS301,9425,1790675925,90.0,1.4628991,103.76614,0.0
ETS310,9428,1790675925,90.0,4.472442,101.04361,0.0
ETS303,9530,1790675925,90.0,2.7060916,101.95365,0.0
ETS308,9531,1790675925,90.0,2.4897652,102.8457,0.0
ETS306,9532,1790675925,90.0,2.4748135,102.90628,0.0
ETS307,9533,1790675925,90.0,3.0005217,101.73695,0.0
ETS301,9425,1790676045,90.0,1.462854,103.76677,0.0
ETS306,9532,1790676045,90.0,2.4904902,102.87201,0.0
ETS304,9209,1790676045,90.0,3.753702,101.44216,0.0
ETS309,9326,1790676045,90.0,5.128897,100.48708,0.0
ETS307,9533,1790676045,90.0,2.991096,101.76594,0.0
ETS310,9428,1790676045,90.0,4.5051956,101.04801,0.0
ETS303,9530,1790676045,90.0,2.716735,101.94362,0.0
ETS308,9531,1790676045,90.0,2.4876406,102.88571,0.0
ETS301,9425,1790676045,90.0,1.462854,103.76677,0.0
ETS307,9533,1790676045,90.0,2.991096,101.76594,0.0
ETS304,9209,1790676045,90.0,3.753702,101.44216,0.0
ETS309,9326,1790676045,90.0,5.128897,100.48708,0.0
ETS306,9532,1790676045,90.0,2.4904902,102.87201,0.0
ETS310,9428,1790676045,90.0,4.5051956,101.04801,0.0
ETS303,9530,1790676045,90.0,2.716735,101.94362,0.0
ETS308,9531,1790676045,90.0,2.4876406,102.88571,0.0
ETS304,9209,1790676166,90.0,3.7392266,101.45547,0.0
ETS309,9326,1790676166,90.0,5.1339717,100.486046,0.0
ETS310,9428,1790676166,90.0,4.5218763,101.05113,0.0
ETS307,9533,1790676166,90.0,2.990198,101.78756,0.0
ETS308,9531,1790676166,90.0,2.4713216,102.923256,0.0
ETS306,9532,1790676166,90.0,2.4951289,102.834984,0.0
ETS303,9530,1790676166,90.0,2.7186525,101.9409,0.0
ETS307,9533,1790676166,90.0,2.990198,101.78756,0.0
ETS308,9531,1790676166,90.0,2.4713216,102.923256,0.0
ETS306,9532,1790676166,90.0,2.4951289,102.834984,0.0
ETS303,9530,1790676166,90.0,2.7186525,101.9409,0.0
DMU03,57,1790676152,12.0,5.363,102.0922,0.0
ETS216,9233,1790676152,118.0,5.7383,100.5083,0.0
ETS304,9209,1790676166,90.0,3.7392266,101.45547,0.0
ETS309,9326,1790676166,90.0,5.1339717,100.486046,0.0
ETS310,9428,1790676166,90.0,4.5218763,101.05113,0.0
SCS21,weekday_2043,1790676241,18.0,3.1657,101.6907,0.0
DMU13,58,1790676266,15.0,5.3734,102.031,0.0
SCS22,weekday_2165,1790676216,106.0,3.2001,101.6093,0.0
EMU33,2949,1790676216,28.0,5.9719,100.4408,0.0
DMU06,39,1790676268,0.0,3.4848,102.3433,0.0
ETS306,9532,1790676287,90.0,2.5066943,102.81459,0.0
DMU09,38,1790676230,72.0,3.0974,102.3727,0.0
ETS304,9209,1790676287,90.0,3.7181118,101.473114,0.0
ETS307,9533,1790676287,90.0,2.9840574,101.79156,0.0
ETS308,9531,1790676287,90.0,2.4624946,102.96217,0.0
ETS310,9428,1790676287,90.0,4.540386,101.054535,0.0
ETS303,9530,1790676287,90.0,2.7205172,101.935684,0.0
ETS309,9326,1790676287,90.0,5.171485,100.48037,0.0
SCS19,weekday_2035,1790676235,0.0,3.1888,101.6886,0.0
EMU26,2839,1790676234,115.0,4.6348,101.107,0.0
ETS206,9449,1790676233,0.0,3.0762,101.7107,0.0
SCS23,2947,1790676230,114.0,5.5326,100.5048,0.0
ETS216,9233,1790676230,133.0,5.7124,100.5131,0.0
ETS213,9133,1790676220,22.0,4.4563,101.051,0.0
SCS25,weekday_2041,1790676220,0.0,2.7539,101.8273,0.0
EMU24,2847,1790676217,110.0,5.2203,100.4915,0.0
EMU31,2838,1790676217,24.0,4.7508,101.1201,0.0
ETS212,9136,1790676216,128.0,4.3665,101.1026,0.0
ETS204,9352,1790676242,0.0,2.9829,101.7907,0.0
SCS10,weekday_2158,1790676240,51.0,3.2075,101.5767,0.0
ETS208,9442,1790676231,0.0,6.6614,100.3191,0.0
DMU03,57,1790676242,28.0,5.369,102.0869,0.0
DMU10(D6120),60,1790676241,50.0,4.9519,102.0064,0.0
ETS306,9532,1790676287,90.0,2.5066943,102.81459,0.0
ETS309,9326,1790676287,90.0,5.171485,100.48037,0.0
ETS303,9530,1790676287,90.0,2.7205172,101.935684,0.0
ETS310,9428,1790676287,90.0,4.540386,101.054535,0.0
ETS304,9209,1790676287,90.0,3.7181118,101.473114,0.0
ETS308,9531,1790676287,90.0,2.4624946,102.96217,0.0
ETS307,9533,1790676287,90.0,2.9840574,101.79156,0.0
SCS10,weekday_2158,1790676360,92.0,3.2306,101.5598,0.0
DMU09,38,1790676365,72.0,3.1233,102.3711,0.0
ETS204,9352,1790676362,0.0,2.9829,101.7906,0.0
ETS306,9532,1790676407,90.0,2.5148437,102.80857,0.0
ETS307,9533,1790676407,90.0,2.9811857,101.79146,0.0
ETS308,9531,1790676407,90.0,2.4362154,102.994225,0.0
ETS303,9530,1790676407,90.0,2.7226343,101.921555,0.0
ETS310,9428,1790676407,90.0,4.564332,101.06185,0.0
ETS309,9326,1790676407,90.0,5.211197,100.491684,0.0
ETS304,9209,1790676407,90.0,3.698746,101.50373,0.0
DMU13,58,1790676386,14.0,5.3797,102.0332,0.0
EMU26,2839,1790676384,84.0,4.6103,101.0804,0.0
DMU03,57,1790676362,0.0,5.3719,102.0853,0.0
SCS28,2834,1790676361,114.0,5.037,100.701,0.0
ETS304,9209,1790676407,90.0,3.698746,101.50373,0.0
ETS310,9428,1790676407,90.0,4.564332,101.06185,0.0
ETS303,9530,1790676407,90.0,2.7226343,101.921555,0.0
ETS308,9531,1790676407,90.0,2.4362154,102.994225,0.0
ETS307,9533,1790676407,90.0,2.9811857,101.79146,0.0
ETS306,9532,1790676407,90.0,2.5148437,102.80857,0.0
ETS309,9326,1790676407,90.0,5.211197,100.491684,0.0
ETS304,9209,1790676528,90.0,3.6721613,101.5305,0.0
ETS309,9326,1790676528,90.0,0.0027284583,0.0154984975,0.0
ETS310,9428,1790676528,90.0,4.593922,101.07283,0.0
ETS303,9530,1790676528,90.0,2.7288911,101.900894,0.0
ETS308,9531,1790676528,90.0,2.3995981,103.012344,0.0
ETS307,9533,1790676528,90.0,2.9802442,101.79142,0.0
ETS306,9532,1790676528,90.0,2.5343368,102.77823,0.0
ETS216,9233,1790676534,0.0,5.6438,100.4904,0.0
SCS11,weekday_2047,1790676517,16.0,3.128,101.6799,0.0
ETS304,9209,1790676528,90.0,3.6721613,101.5305,0.0
ETS309,9326,1790676528,90.0,0.0027284583,0.0154984975,0.0
ETS310,9428,1790676528,90.0,4.593922,101.07283,0.0
ETS303,9530,1790676528,90.0,2.7288911,101.900894,0.0
ETS308,9531,1790676528,90.0,2.3995981,103.012344,0.0
ETS306,9532,1790676528,90.0,2.5343368,102.77823,0.0
ETS307,9533,1790676528,90.0,2.9802442,101.79142,0.0
SCS07,weekday_2173,1790676572,95.0,3.5977,101.6024,0.0
DMU10(D6120),60,1790676571,52.0,4.985,102.0154,0.0
SCS28,2834,1790676571,112.0,5.0417,100.6385,0.0
SCS10,weekday_2158,1790676570,45.0,3.2538,101.5547,0.0
EMU33,2949,1790676563,118.0,5.8834,100.477,0.0
SCS23,2947,1790676530,2.0,5.4815,100.4978,0.0
ETS308,9531,1790676648,90.0,2.3834224,103.020706,0.0
ETS306,9532,1790676648,90.0,2.5593624,102.74796,0.0
ETS307,9533,1790676648,90.0,2.9732792,101.791374,0.0
ETS204,9352,1790676617,0.0,2.9921,101.7488,0.0
DMU03,57,1790676617,0.0,5.3719,102.0853,0.0
DMU10(D6120),60,1790676616,46.0,4.991,102.017,0.0
SCS10,weekday_2158,1790676615,4.0,3.2575,101.5546,0.0
SCS11,weekday_2047,1790676607,24.0,3.1219,101.6783,0.0
SCS24,weekday_2157,1790676600,93.0,3.0653,101.5481,0.0
SCS23,2947,1790676575,87.0,5.476,100.4964,0.0
SCS07,weekday_2173,1790676572,95.0,3.5977,101.6024,0.0
ETS304,9209,1790676648,90.0,3.6505635,101.54807,0.0
ETS309,9326,1790676648,90.0,0.0027284583,0.0154984975,0.0
ETS310,9428,1790676648,90.0,4.5970736,101.07426,0.0
ETS303,9530,1790676648,90.0,2.7387588,101.87984,0.0
DMU13,58,1790676686,36.0,5.3895,102.0442,0.0
SCS22,weekday_2165,1790676681,0.0,3.1922,101.6546,0.0
SCS23,2947,1790676680,113.0,5.4458,100.4914,0.0
ETS310,9428,1790676648,90.0,4.5970736,101.07426,0.0
ETS303,9530,1790676648,90.0,2.7387588,101.87984,0.0
ETS306,9532,1790676648,90.0,2.5593624,102.74796,0.0
ETS307,9533,1790676648,90.0,2.9732792,101.791374,0.0
ETS309,9326,1790676648,90.0,0.0027284583,0.0154984975,0.0
ETS308,9531,1790676648,90.0,2.3834224,103.020706,0.0
ETS304,9209,1790676648,90.0,3.6505635,101.54807,0.0
ETS307,9533,1790676769,90.0,2.9490085,101.79004,0.0
ETS304,9209,1790676769,90.0,3.6234128,101.57052,0.0
ETS310,9428,1790676769,90.0,4.607975,101.07943,0.0
ETS303,9530,1790676769,90.0,2.7479098,101.84745,0.0
ETS308,9531,1790676769,90.0,2.376018,103.03092,0.0
ETS306,9532,1790676769,90.0,2.579742,102.710976,0.0
ETS309,9326,1790676769,90.0,0.0027284583,0.0154984975,0.0
DMU06,39,1790676718,0.0,3.4848,102.3433,0.0
SCS23,2947,1790676725,115.0,5.433,100.4873,0.0
DMU09,38,1790676697,0.0,3.1358,102.3705,0.0
SCS22,weekday_2165,1790676726,76.0,3.1906,101.6583,0.0
SCS08,weekday_2162,1790676717,3.0,3.1404,101.6939,0.0
ETS304,9209,1790676769,90.0,3.6234128,101.57052,0.0
ETS309,9326,1790676769,90.0,0.0027284583,0.0154984975,0.0
ETS310,9428,1790676769,90.0,4.607975,101.07943,0.0
ETS303,9530,1790676769,90.0,2.7479098,101.84745,0.0
ETS308,9531,1790676769,90.0,2.376018,103.03092,0.0
ETS306,9532,1790676769,90.0,2.579742,102.710976,0.0
ETS307,9533,1790676769,90.0,2.9490085,101.79004,0.0
ETS304,9209,1790676890,90.0,3.5990217,101.59631,0.0
ETS309,9326,1790676890,90.0,5.3573794,100.46365,0.0
ETS310,9428,1790676890,90.0,4.623749,101.10034,0.0
ETS307,9533,1790676890,90.0,2.9299667,101.795204,0.0
ETS306,9532,1790676890,90.0,2.5834196,102.669586,0.0
ETS303,9530,1790676890,90.0,2.7565796,101.816795,0.0
ETS308,9531,1790676890,90.0,2.3514788,103.0611,0.0
ETS308,9531,1790676890,90.0,2.3514788,103.0611,0.0
ETS306,9532,1790676890,90.0,2.5834196,102.669586,0.0
ETS307,9533,1790676890,90.0,2.9299667,101.795204,0.0
ETS303,9530,1790676890,90.0,2.7565796,101.816795,0.0
ETS310,9428,1790676890,90.0,4.623749,101.10034,0.0
ETS304,9209,1790676890,90.0,3.5990217,101.59631,0.0
ETS309,9326,1790676890,90.0,5.3573794,100.46365,0.0
EMU35,2951,1790676880,112.0,6.1689,100.3788,0.0
ETS216,9233,1790676879,136.0,5.5842,100.4946,0.0
EMU31,2838,1790676928,118.0,4.8436,101.0032,0.0
EMU33,2949,1790676917,92.0,5.808,100.4799,0.0
SCS09,weekday_2169,1790676916,17.0,3.2632,101.5572,0.0
SCS28,2834,1790676916,115.0,5.0185,100.5425,0.0
SCS24,weekday_2157,1790676915,0.0,3.0519,101.51,0.0
SCS25,weekday_2041,1790676880,0.0,2.7539,101.8273,0.0
EMU26,2839,1790676879,0.0,4.5978,101.0732,0.0
ETS304,9209,1790677010,90.0,3.5747402,101.614555,0.0
ETS309,9326,1790677010,90.0,5.3653145,100.45032,0.0
ETS310,9428,1790677010,90.0,4.6574254,101.125694,0.0
ETS303,9530,1790677010,90.0,2.7830985,101.80061,0.0
ETS308,9531,1790677010,90.0,2.3261619,103.09478,0.0
ETS306,9532,1790677010,90.0,2.5822418,102.63057,0.0
DMU03,57,1790676977,0.0,5.3719,102.0853,0.0
SCS24,weekday_2157,1790676945,23.0,3.0517,101.509,0.0
ETS307,9533,1790677010,90.0,2.9073787,101.794975,0.0
DMU10(D6120),60,1790676976,46.0,5.023,102.0359,0.0
SCS22,weekday_2165,1790676966,47.0,3.1674,101.6885,0.0
ETS204,9352,1790676962,0.0,3.0092,101.726,0.0
ETS310,9428,1790677010,90.0,4.6574254,101.125694,0.0
ETS303,9530,1790677010,90.0,2.7830985,101.80061,0.0
ETS308,9531,1790677010,90.0,2.3261619,103.09478,0.0
ETS306,9532,1790677010,90.0,2.5822418,102.63057,0.0
ETS307,9533,1790677010,90.0,2.9073787,101.794975,0.0
SCS07,weekday_2173,1790677052,95.0,3.5292,101.6307,0.0
DMU03,57,1790677052,0.0,5.3719,102.0853,0.0
DMU10(D6120),60,1790677051,0.0,5.0246,102.0389,0.0
SCS28,2834,1790677051,8.0,5.0293,100.527,0.0
SCS09,weekday_2169,1790677051,3.0,3.2589,101.555,0.0
ETS204,9352,1790677037,29.0,3.0156,101.7222,0.0
SCS22,weekday_2165,1790677011,0.0,3.166,101.6903,0.0
EMU35,2951,1790677015,113.0,6.1282,100.3766,0.0
SCS25,weekday_2041,1790677015,0.0,2.7539,101.8273,0.0
ETS304,9209,1790677010,90.0,3.5747402,101.614555,0.0
ETS309,9326,1790677010,90.0,5.3653145,100.45032,0.0
ETS206,9449,1790677013,0.0,3.0209,101.7169,0.0
ETS212,9136,1790677011,53.0,4.517,101.049,0.0
SCS29,weekday_2049,1790677088,21.0,3.1821,101.6887,0.0
SCS08,weekday_2162,1790677077,28.0,3.1654,101.691,0.0
DMU09,38,1790677072,0.0,3.1358,102.3706,0.0
ETS310,9428,1790677131,90.0,4.692677,101.141846,0.0
ETS303,9530,1790677131,90.0,2.8107471,101.8091,0.0
ETS308,9531,1790677131,90.0,2.3032768,103.1265,0.0
ETS307,9533,1790677131,90.0,2.9051254,101.788666,0.0
ETS306,9532,1790677131,90.0,2.579545,102.6168,0.0
ETS206,9449,1790677088,1.0,3.021,101.7171,0.0
SCS22,weekday_2165,1790677086,52.0,3.1625,101.6921,0.0
SCS23,2947,1790677085,44.0,5.3573,100.464,0.0
ETS204,9352,1790677082,22.0,3.0177,101.7197,0.0
ETS304,9209,1790677131,90.0,3.5593731,101.63525,0.0
ETS309,9326,1790677131,90.0,5.365624,100.448296,0.0
ETS304,9209,1790677131,90.0,3.5593731,101.63525,0.0
ETS309,9326,1790677131,90.0,5.365624,100.448296,0.0
ETS310,9428,1790677131,90.0,4.692677,101.141846,0.0
ETS303,9530,1790677131,90.0,2.8107471,101.8091,0.0
ETS308,9531,1790677131,90.0,2.3032768,103.1265,0.0
ETS306,9532,1790677131,90.0,2.579545,102.6168,0.0
ETS307,9533,1790677131,90.0,2.9051254,101.788666,0.0
ETS308,9531,1790677252,90.0,2.2971065,103.130325,0.0
ETS307,9533,1790677252,90.0,2.8992927,101.78578,0.0
ETS306,9532,1790677252,90.0,2.5789459,102.61473,0.0
ETS310,9428,1790677252,90.0,4.724393,101.12334,0.0
ETS309,9326,1790677252,90.0,0.0027284583,0.0154984975,0.0
ETS303,9530,1790677251,90.0,2.8247762,101.82512,0.0
ETS304,9209,1790677251,90.0,3.5404088,101.636826,0.0
ETS309,9326,1790677252,90.0,0.0027284583,0.0154984975,0.0
ETS310,9428,1790677252,90.0,4.724393,101.12334,0.0
ETS308,9531,1790677252,90.0,2.2971065,103.130325,0.0
ETS306,9532,1790677252,90.0,2.5789459,102.61473,0.0
ETS307,9533,1790677252,90.0,2.8992927,101.78578,0.0
ETS304,9209,1790677251,90.0,3.5404088,101.636826,0.0
ETS303,9530,1790677251,90.0,2.8247762,101.82512,0.0
SCS25,weekday_2041,1790677295,106.0,2.7468,101.8525,0.0
ETS204,9352,1790677292,96.0,3.0525,101.7068,0.0
DMU03,57,1790677292,0.0,5.3719,102.0853,0.0
SCS09,weekday_2169,1790677336,84.0,3.2134,101.5714,0.0
SCS28,2834,1790677336,109.0,5.1008,100.4924,0.0
ETS303,9530,1790677372,90.0,2.8302712,101.827896,0.0
ETS307,9533,1790677372,90.0,2.884612,101.806244,0.0
ETS306,9532,1790677372,90.0,2.5785456,102.61317,0.0
ETS308,9531,1790677372,90.0,2.2769098,103.14248,0.0
ETS310,9428,1790677372,90.0,4.7357926,101.12289,0.0
ETS309,9326,1790677372,90.0,0.0027284583,0.0154984975,0.0
ETS304,9209,1790677372,90.0,3.5163157,101.62981,0.0
SCS23,2947,1790677295,0.0,5.3664,100.4474,0.0
EMU33,2949,1790677292,113.0,5.7057,100.5111,0.0
SCS25,weekday_2041,1790677295,106.0,2.7468,101.8525,0.0
DMU03,57,1790677292,0.0,5.3719,102.0853,0.0
ETS204,9352,1790677292,96.0,3.0525,101.7068,0.0
SCS07,weekday_2173,1790677292,110.0,3.4896,101.6364,0.0
EMU33,2949,1790677382,112.0,5.6823,100.499,0.0
SCS28,2834,1790677381,113.0,5.1134,100.4897,0.0
SCS24,weekday_2157,1790677380,53.0,3.0475,101.4736,0.0
ETS308,9531,1790677372,90.0,2.2769098,103.14248,0.0
SCS11,weekday_2047,1790677372,0.0,3.0986,101.7051,0.0
ETS306,9532,1790677372,90.0,2.5785456,102.61317,0.0
ETS307,9533,1790677372,90.0,2.884612,101.806244,0.0
ETS303,9530,1790677372,90.0,2.8302712,101.827896,0.0
ETS310,9428,1790677372,90.0,4.7357926,101.12289,0.0
ETS309,9326,1790677372,90.0,0.0027284583,0.0154984975,0.0
ETS304,9209,1790677372,90.0,3.5163157,101.62981,0.0
ETS212,9136,1790677371,50.0,4.5616,101.0592,0.0
SCS23,2947,1790677370,78.0,5.367,100.4417,0.0
ETS204,9352,1790677367,72.0,3.0716,101.7091,0.0
ETS206,9449,1790677403,0.0,3.0037,101.733,0.0
DMU09,38,1790677394,0.0,3.1451,102.3734,0.0
ETS213,9133,1790677390,131.0,4.2145,101.1804,0.0
SCS13,2948,1790677377,68.0,5.6469,100.4907,0.0
DMU13,58,1790677376,0.0,5.3719,102.0853,0.0
SCS19,weekday_2035,1790677375,17.0,3.1942,101.6846,0.0
EMU35,2951,1790677375,116.0,6.061,100.3904,0.0
ETS216,9233,1790677372,115.0,5.4682,100.4965,0.0
ETS304,9209,1790677493,90.0,3.485297,101.639275,0.0
ETS309,9326,1790677493,90.0,5.3865037,100.374565,0.0
ETS310,9428,1790677493,90.0,4.7441216,101.12256,0.0
ETS303,9530,1790677493,90.0,2.8303196,101.827896,0.0
ETS308,9531,1790677493,90.0,2.2481635,103.152245,0.0
ETS306,9532,1790677493,90.0,2.575624,102.60236,0.0
ETS307,9533,1790677493,90.0,2.8650577,101.82027,0.0
ETS310,9428,1790677493,90.0,4.7441216,101.12256,0.0
ETS303,9530,1790677493,90.0,2.8303196,101.827896,0.0
ETS308,9531,1790677493,90.0,2.2481635,103.152245,0.0
ETS306,9532,1790677493,90.0,2.575624,102.60236,0.0
ETS307,9533,1790677493,90.0,2.8650577,101.82027,0.0
ETS304,9209,1790677493,90.0,3.485297,101.639275,0.0
ETS309,9326,1790677493,90.0,5.3865037,100.374565,0.0
ETS304,9209,1790677613,90.0,3.459221,101.63931,0.0
ETS309,9326,1790677613,90.0,5.3905196,100.37047,0.0
ETS310,9428,1790677613,90.0,4.75248,101.11986,0.0
ETS307,9533,1790677613,90.0,2.8479755,101.82463,0.0
ETS308,9531,1790677613,90.0,2.2054987,103.177765,0.0
ETS306,9532,1790677613,90.0,2.582253,102.58091,0.0
ETS303,9530,1790677613,90.0,2.830317,101.82787,0.0
SCS28,2834,1790677621,111.0,5.1574,100.4799,0.0
SCS29,weekday_2049,1790677621,16.0,3.154,101.6928,0.0
SCS10,weekday_2158,1790677620,2.0,3.3756,101.614,0.0
SCS13,2948,1790677602,114.0,5.708,100.5117,0.0
DMU13,58,1790677601,29.0,5.3625,102.0937,0.0
SCS19,weekday_2035,1790677600,58.0,3.211,101.672,0.0
ETS213,9133,1790677600,123.0,4.1563,101.1954,0.0
EMU33,2949,1790677599,4.0,5.6431,100.49,0.0
SCS25,weekday_2041,1790677599,82.0,2.7388,101.8941,0.0
ETS206,9449,1790677598,0.0,2.9905,101.7873,0.0
EMU29,2851,1790677597,0.0,5.3936,100.3662,0.0
ETS204,9352,1790677622,0.0,3.086,101.7152,0.0
SCS07,weekday_2173,1790677622,87.0,3.4247,101.6264,0.0
DMU03,57,1790677622,0.0,5.3719,102.0853,0.0
SCS24,weekday_2157,1790677605,52.0,3.0354,101.4577,0.0
DMU06,39,1790677603,0.0,3.4848,102.3433,0.0
ETS310,9428,1790677613,90.0,4.75248,101.11986,0.0
ETS303,9530,1790677613,90.0,2.830317,101.82787,0.0
ETS308,9531,1790677613,90.0,2.2054987,103.177765,0.0
ETS307,9533,1790677613,90.0,2.8479755,101.82463,0.0
ETS309,9326,1790677613,90.0,5.3905196,100.37047,0.0
ETS304,9209,1790677613,90.0,3.459221,101.63931,0.0
ETS306,9532,1790677613,90.0,2.582253,102.58091,0.0
SCS28,2834,1790677696,0.0,5.1701,100.4797,0.0
SCS29,weekday_2049,1790677696,38.0,3.1522,101.6914,0.0
ETS304,9209,1790677734,90.0,3.4285595,101.630905,0.0
ETS308,9531,1790677734,90.0,2.1905684,103.19151,0.0
ETS309,9326,1790677734,90.0,5.392655,100.36766,0.0
ETS310,9428,1790677734,90.0,4.7779775,101.10334,0.0
ETS303,9530,1790677734,90.0,2.8308902,101.82799,0.0
ETS306,9532,1790677734,90.0,2.5762036,102.55619,0.0
ETS307,9533,1790677734,90.0,2.8284416,101.82753,0.0
SCS09,weekday_2169,1790677696,83.0,3.2051,101.6149,0.0
SCS19,weekday_2035,1790677690,17.0,3.2205,101.6724,0.0
EMU33,2949,1790677689,93.0,5.6289,100.4922,0.0
SCS25,weekday_2041,1790677688,91.0,2.7253,101.9082,0.0
ETS303,9530,1790677734,90.0,2.8308902,101.82799,0.0
ETS308,9531,1790677734,90.0,2.1905684,103.19151,0.0
ETS306,9532,1790677734,90.0,2.5762036,102.55619,0.0
ETS307,9533,1790677734,90.0,2.8284416,101.82753,0.0
SCS28,2834,1790677771,99.0,5.177,100.4795,0.0
EMU29,2851,1790677732,4.0,5.3924,100.3681,0.0
SCS09,weekday_2169,1790677771,26.0,3.2087,101.627,0.0
SCS29,weekday_2049,1790677771,20.0,3.1449,101.6926,0.0
SCS10,weekday_2158,1790677770,104.0,3.3929,101.6279,0.0
SCS24,weekday_2157,1790677755,0.0,3.0431,101.4503,0.0
SCS19,weekday_2035,1790677735,14.0,3.2226,101.6725,0.0
ETS206,9449,1790677733,0.0,2.9905,101.7873,0.0
SCS25,weekday_2041,1790677732,59.0,2.7254,101.9167,0.0
SCS22,weekday_2165,1790677731,0.0,3.1365,101.6895,0.0
ETS212,9136,1790677731,0.0,4.5982,101.0733,0.0
EMU31,2838,1790677730,0.0,4.7781,100.8574,0.0
EMU33,2949,1790677719,103.0,5.6217,100.4952,0.0
DMU03,57,1790677772,0.0,5.3719,102.0853,0.0
ETS304,9209,1790677734,90.0,3.4285595,101.630905,0.0
ETS309,9326,1790677734,90.0,5.392655,100.36766,0.0
ETS310,9428,1790677734,90.0,4.7779775,101.10334,0.0
ETS212,9136,1790677821,24.0,4.6018,101.0752,0.0
EMU31,2838,1790677820,99.0,4.7791,100.8458,0.0
DMU03,57,1790677772,0.0,5.3719,102.0853,0.0
SCS08,weekday_2162,1790677817,61.0,3.2079,101.6316,0.0
SCS07,weekday_2173,1790677772,114.0,3.3845,101.6229,0.0
ETS310,9428,1790677855,90.0,4.8122907,101.07896,0.0
SCS23,2947,1790677820,21.0,5.3872,100.3738,0.0
ETS303,9530,1790677854,90.0,2.839801,101.82877,0.0
ETS306,9532,1790677854,90.0,2.5615785,102.52568,0.0
ETS307,9533,1790677854,90.0,2.8134718,101.812126,0.0
ETS304,9209,1790677854,90.0,3.406707,101.62894,0.0
ETS308,9531,1790677854,90.0,2.1840296,103.19982,0.0
ETS310,9428,1790677855,90.0,4.8122907,101.07896,0.0
ETS307,9533,1790677854,90.0,2.8134718,101.812126,0.0
ETS304,9209,1790677854,90.0,3.406707,101.62894,0.0
ETS303,9530,1790677854,90.0,2.839801,101.82877,0.0
ETS306,9532,1790677854,90.0,2.5615785,102.52568,0.0
ETS308,9531,1790677854,90.0,2.1840296,103.19982,0.0
SCS10,weekday_2158,1790677920,111.0,3.4308,101.6311,0.0
ETS216,9233,1790677919,25.0,5.3561,100.4657,0.0
SCS24,weekday_2157,1790677905,48.0,3.0457,101.4376,0.0
ETS304,9209,1790677975,90.0,3.3887784,101.62786,0.0
ETS303,9530,1790677975,90.0,2.8601468,101.82115,0.0
ETS308,9531,1790677975,90.0,2.1598606,103.22805,0.0
ETS306,9532,1790677975,90.0,2.533568,102.499176,0.0
ETS307,9533,1790677975,90.0,2.7889357,101.798546,0.0
ETS310,9428,1790677975,90.0,4.822059,101.04148,0.0
SCS26,weekday_2050,1790677922,0.0,3.1325,101.6833,0.0
SCS28,2834,1790677921,114.0,5.2193,100.4917,0.0
SCS09,weekday_2169,1790677921,41.0,3.208,101.6308,0.0
SCS29,weekday_2049,1790677921,0.0,3.1391,101.6936,0.0
ETS304,9209,1790677975,90.0,3.3887784,101.62786,0.0
ETS303,9530,1790677975,90.0,2.8601468,101.82115,0.0
ETS308,9531,1790677975,90.0,2.1598606,103.22805,0.0
ETS306,9532,1790677975,90.0,2.533568,102.499176,0.0
ETS307,9533,1790677975,90.0,2.7889357,101.798546,0.0
ETS310,9428,1790677975,90.0,4.822059,101.04148,0.0
ETS304,9209,1790678096,90.0,3.373509,101.61357,0.0
ETS310,9428,1790678096,90.0,4.84212,101.00531,0.0
ETS303,9530,1790678096,90.0,2.8703349,101.819214,0.0
ETS308,9531,1790678096,90.0,2.1356065,103.25796,0.0
ETS306,9532,1790678096,90.0,2.503991,102.47619,0.0
ETS307,9533,1790678096,90.0,2.7612422,101.8108,0.0
ETS204,9352,1790678072,0.0,3.1136,101.6811,0.0
SCS24,weekday_2157,1790678070,40.0,3.039,101.4302,0.0
ETS310,9428,1790678096,90.0,4.84212,101.00531,0.0
ETS303,9530,1790678096,90.0,2.8703349,101.819214,0.0
ETS308,9531,1790678096,90.0,2.1356065,103.25796,0.0
ETS306,9532,1790678096,90.0,2.503991,102.47619,0.0
ETS304,9209,1790678096,90.0,3.373509,101.61357,0.0
ETS307,9533,1790678096,90.0,2.7612422,101.8108,0.0
SCS28,2834,1790678101,114.0,5.2721,100.4799,0.0
SCS10,weekday_2158,1790678100,0.0,3.4678,101.6376,0.0
SCS08,weekday_2162,1790678091,85.0,3.2009,101.5931,0.0
EMU28,2953,1790678090,121.0,6.3193,100.3413,0.0
EMU24,2847,1790678088,116.0,4.9736,100.7305,0.0
ETS216,9233,1790678088,123.0,5.3322,100.4701,0.0
SCS07,weekday_2173,1790678087,94.0,3.3631,101.5793,0.0
ETS204,9352,1790678087,0.0,3.1136,101.6811,0.0
SCS26,weekday_2050,1790678087,16.0,3.1372,101.6919,0.0
DMU03,57,1790678087,10.0,5.3779,102.0823,0.0
SCS09,weekday_2169,1790678086,42.0,3.2017,101.6384,0.0
SCS29,weekday_2049,1790678086,0.0,3.1391,101.6936,0.0
EMU35,2951,1790678084,119.0,5.8924,100.4766,0.0
SCS19,weekday_2035,1790678080,0.0,3.2308,101.6749,0.0
ETS213,9133,1790678080,131.0,4.0377,101.2851,0.0
ETS206,9449,1790678078,0.0,2.9905,101.7873,0.0
EMU29,2851,1790678077,44.0,5.368,100.4125,0.0
SCS11,weekday_2047,1790678077,16.0,3.077,101.7119,0.0
ETS216,9233,1790678133,116.0,5.3183,100.4725,0.0
ETS308,9531,1790678217,90.0,2.0976334,103.2754,0.0
ETS307,9533,1790678217,90.0,2.7506948,101.837555,0.0
ETS310,9428,1790678217,90.0,4.8365192,100.9647,0.0
ETS304,9209,1790678217,90.0,3.363868,101.59554,0.0
ETS303,9530,1790678217,90.0,2.8897932,101.79755,0.0
ETS306,9532,1790678217,90.0,2.4905126,102.44466,0.0
EMU28,2953,1790678180,118.0,6.2926,100.349,0.0
EMU31,2838,1790678180,116.0,4.8029,100.7448,0.0
ETS307,9533,1790678217,90.0,2.7506948,101.837555,0.0
ETS306,9532,1790678217,90.0,2.4905126,102.44466,0.0
ETS308,9531,1790678217,90.0,2.0976334,103.2754,0.0
ETS303,9530,1790678217,90.0,2.8897932,101.79755,0.0
ETS310,9428,1790678217,90.0,4.8365192,100.9647,0.0
ETS304,9209,1790678217,90.0,3.363868,101.59554,0.0
SCS25,weekday_2041,1790678227,90.0,2.7013,101.9592,0.0
EMU28,2953,1790678225,115.0,6.2789,100.3518,0.0
SCS26,weekday_2050,1790678222,8.0,3.1393,101.6935,0.0
DMU03,57,1790678222,24.0,5.3903,102.0728,0.0
EMU33,2949,1790678221,7.0,5.4825,100.4981,0.0
SCS29,weekday_2049,1790678221,36.0,3.1357,101.6884,0.0
DMU10(D6120),60,1790678221,43.0,5.1243,102.0592,0.0
SCS28,2834,1790678221,0.0,5.2866,100.481,0.0
SCS09,weekday_2169,1790678221,0.0,3.1922,101.6545,0.0
EMU31,2838,1790678220,111.0,4.8139,100.7402,0.0
SCS10,weekday_2158,1790678220,110.0,3.4855,101.6386,0.0
SCS21,weekday_2051,1790678218,64.0,3.2313,101.6754,0.0
SCS08,weekday_2162,1790678211,18.0,3.2061,101.5805,0.0
ETS304,9209,1790678337,90.0,3.3579326,101.57265,0.0
ETS310,9428,1790678337,90.0,4.80354,100.946236,0.0
ETS307,9533,1790678337,90.0,2.7414606,101.8702,0.0
ETS308,9531,1790678337,90.0,2.0651846,103.30166,0.0
ETS306,9532,1790678337,90.0,2.4751863,102.41986,0.0
ETS303,9530,1790678337,90.0,2.9013896,101.78632,0.0
SCS26,weekday_2050,1790678372,61.0,3.1509,101.6907,0.0
DMU03,57,1790678372,0.0,5.3903,102.0648,0.0
DMU10(D6120),60,1790678371,14.0,5.1362,102.0516,0.0
ETS310,9428,1790678337,90.0,4.80354,100.946236,0.0
ETS304,9209,1790678337,90.0,3.3579326,101.57265,0.0
ETS303,9530,1790678337,90.0,2.9013896,101.78632,0.0
ETS308,9531,1790678337,90.0,2.0651846,103.30166,0.0
ETS306,9532,1790678337,90.0,2.4751863,102.41986,0.0
ETS307,9533,1790678337,90.0,2.7414606,101.8702,0.0
SCS28,2834,1790678371,114.0,5.3147,100.474,0.0
SCS09,weekday_2169,1790678371,0.0,3.1869,101.6636,0.0
SCS29,weekday_2049,1790678371,0.0,3.135,101.6879,0.0
EMU33,2949,1790678371,93.0,5.4703,100.4961,0.0
ETS303,9530,1790678458,90.0,2.9041266,101.787796,0.0
DMU03,57,1790678432,45.0,5.3906,102.0617,0.0
ETS204,9352,1790678432,0.0,3.1312,101.6828,0.0
SCS25,weekday_2041,1790678374,0.0,2.6901,101.972,0.0
SCS29,weekday_2049,1790678431,0.0,3.135,101.6879,0.0
SCS28,2834,1790678431,114.0,5.3319,100.47,0.0
DMU10(D6120),60,1790678431,14.0,5.138,102.0482,0.0
SCS09,weekday_2169,1790678431,20.0,3.1866,101.664,0.0
EMU33,2949,1790678431,116.0,5.4537,100.4936,0.0
SCS10,weekday_2158,1790678430,90.0,3.5142,101.6304,0.0
EMU31,2838,1790678430,0.0,4.853,100.7322,0.0
SCS24,weekday_2157,1790678430,14.0,3.0132,101.4025,0.0
ETS212,9136,1790678421,77.0,4.7231,101.1221,0.0
EMU29,2851,1790678377,74.0,5.3639,100.4345,0.0
EMU28,2953,1790678373,115.0,6.2338,100.361,0.0
SCS07,weekday_2173,1790678432,0.0,3.3188,101.5749,0.0
SCS23,2952,1790678420,0.0,5.3931,100.3667,0.0
ETS307,9533,1790678458,90.0,2.7377107,101.89511,0.0
ETS310,9428,1790678458,90.0,4.775606,100.93388,0.0
ETS304,9209,1790678458,90.0,3.331988,101.571304,0.0
ETS306,9532,1790678458,90.0,2.471827,102.41316,0.0
ETS308,9531,1790678458,90.0,2.0368211,103.31763,0.0
ETS206,9449,1790678468,0.0,2.9905,101.7873,0.0
ETS212,9136,1790678466,61.0,4.7301,101.122,0.0
SCS22,weekday_2165,1790678433,0.0,3.0962,101.6701,0.0
EMU24,2847,1790678476,22.0,4.9102,100.7179,0.0
ETS308,9531,1790678458,90.0,2.0368211,103.31763,0.0
ETS306,9532,1790678458,90.0,2.471827,102.41316,0.0
ETS304,9209,1790678458,90.0,3.331988,101.571304,0.0
ETS307,9533,1790678458,90.0,2.7377107,101.89511,0.0
ETS303,9530,1790678458,90.0,2.9041266,101.787796,0.0
ETS310,9428,1790678458,90.0,4.775606,100.93388,0.0
SCS07,weekday_2173,1790678432,0.0,3.3188,101.5749,0.0
SCS25,weekday_2041,1790678434,65.0,2.6863,101.9734,0.0
EMU28,2953,1790678433,115.0,6.2157,100.3647,0.0
DMU03,57,1790678432,45.0,5.3906,102.0617,0.0
SCS26,weekday_2050,1790678432,0.0,3.1538,101.6924,0.0
DMU09,38,1790678486,0.0,3.2572,102.4132,0.0
EMU29,2851,1790678482,0.0,5.3664,100.4472,0.0
SCS23,2952,1790678480,8.0,5.3931,100.3668,0.0
ETS216,9233,1790678480,125.0,5.2139,100.4915,0.0
SCS09,weekday_2169,1790678476,90.0,3.1827,101.6712,0.0
SCS13,2948,1790678472,114.0,5.9216,100.4656,0.0
ETS213,9133,1790678470,114.0,3.9274,101.3424,0.0
ETS306,9532,1790678579,90.0,2.4609425,102.38635,0.0
ETS308,9531,1790678579,90.0,2.035113,103.318016,0.0
ETS303,9530,1790678579,90.0,2.9041271,101.7878,0.0
ETS310,9428,1790678579,90.0,4.7737494,100.930016,0.0
ETS304,9209,1790678579,90.0,3.3166122,101.57582,0.0
ETS307,9533,1790678579,90.0,2.7249463,101.915764,0.0
SCS23,2952,1790678525,16.0,5.3916,100.3687,0.0
ETS216,9233,1790678517,137.0,5.2027,100.4862,0.0
EMU33,2949,1790678521,113.0,5.4286,100.4844,0.0
DMU10(D6120),60,1790678521,0.0,5.1438,102.0456,0.0
ETS204,9352,1790678522,0.0,3.1312,101.6828,0.0
DMU03,57,1790678522,38.0,5.3931,102.0511,0.0
SCS07,weekday_2173,1790678522,0.0,3.3188,101.5749,0.0
SCS26,weekday_2050,1790678522,44.0,3.1636,101.6919,0.0
SCS09,weekday_2169,1790678521,68.0,3.1778,101.6792,0.0
SCS29,weekday_2049,1790678521,16.0,3.1284,101.6802,0.0
SCS28,2834,1790678521,104.0,5.3574,100.4635,0.0
SCS10,weekday_2158,1790678520,92.0,3.5347,101.634,0.0
EMU31,2838,1790678520,100.0,4.8632,100.7314,0.0
ETS310,9428,1790678579,90.0,4.7737494,100.930016,0.0
ETS303,9530,1790678579,90.0,2.9041271,101.7878,0.0
ETS308,9531,1790678579,90.0,2.035113,103.318016,0.0
ETS306,9532,1790678579,90.0,2.4609425,102.38635,0.0
ETS307,9533,1790678579,90.0,2.7249463,101.915764,0.0
ETS304,9209,1790678579,90.0,3.3166122,101.57582,0.0
SCS23,2952,1790678675,97.0,5.3836,100.3812,0.0
SCS26,weekday_2050,1790678672,17.0,3.1673,101.6884,0.0
SCS07,weekday_2173,1790678672,0.0,3.3187,101.5748,0.0
DMU10(D6120),60,1790678671,10.0,5.1477,102.0447,0.0
EMU33,2949,1790678671,100.0,5.3889,100.4705,0.0
SCS28,2834,1790678671,0.0,5.3664,100.4473,0.0
SCS29,weekday_2049,1790678671,8.0,3.1183,101.6791,0.0
SCS09,weekday_2169,1790678671,0.0,3.166,101.6903,0.0
SCS08,weekday_2162,1790678671,27.0,3.2542,101.5547,0.0
ETS216,9233,1790678670,130.0,5.1506,100.4819,0.0
SCS10,weekday_2158,1790678670,0.0,3.5526,101.6395,0.0
SCS24,weekday_2157,1790678670,12.0,3.0007,101.3908,0.0
ETS213,9133,1790678665,110.0,3.8857,101.3795,0.0
ETS307,9533,1790678699,90.0,2.7219267,101.93029,0.0
ETS306,9532,1790678699,90.0,2.459412,102.35091,0.0
ETS310,9428,1790678699,90.0,4.773014,100.901566,0.0
ETS303,9530,1790678699,90.0,2.9041185,101.787796,0.0
ETS308,9531,1790678699,90.0,2.0227592,103.32079,0.0
ETS304,9209,1790678699,90.0,3.2891772,101.57317,0.0
SCS13,2948,1790678682,21.0,5.972,100.4407,0.0
EMU35,2951,1790678682,114.0,5.7455,100.5052,0.0
ETS308,9531,1790678699,90.0,2.0227592,103.32079,0.0
ETS303,9530,1790678699,90.0,2.9041185,101.787796,0.0
ETS304,9209,1790678699,90.0,3.2891772,101.57317,0.0
ETS310,9428,1790678699,90.0,4.773014,100.901566,0.0
SCS23,2952,1790678690,95.0,5.3817,100.3846,0.0
SCS25,weekday_2041,1790678689,31.0,2.6595,101.9973,0.0
SCS07,weekday_2173,1790678687,0.0,3.3187,101.5748,0.0
SCS26,weekday_2050,1790678687,23.0,3.1677,101.6875,0.0
ETS204,9352,1790678687,0.0,3.1382,101.6931,0.0
DMU10(D6120),60,1790678686,12.0,5.1484,102.0445,0.0
DMU03,57,1790678732,12.0,5.3866,102.0414,0.0
EMU33,2949,1790678731,94.0,5.3734,100.4686,0.0
EMU31,2838,1790678730,23.0,4.8878,100.7203,0.0
ETS216,9233,1790678728,65.0,5.1364,100.4852,0.0
SCS11,weekday_2047,1790678692,72.0,3.0127,101.7241,0.0
SCS09,weekday_2169,1790678686,0.0,3.166,101.6903,0.0
SCS29,weekday_2049,1790678686,0.0,3.1182,101.6791,0.0
SCS28,2834,1790678686,0.0,5.3664,100.4473,0.0
SCS10,weekday_2158,1790678685,39.0,3.5533,101.6395,0.0
ETS213,9133,1790678680,107.0,3.8816,101.3816,0.0
EMU26,2842,1790678679,0.0,4.598,101.0732,0.0
ETS212,9136,1790678676,19.0,4.7457,101.1214,0.0
EMU24,2847,1790678676,15.0,4.8965,100.7194,0.0
EMU28,2953,1790678673,85.0,6.1789,100.3775,0.0
SCS22,weekday_2165,1790678673,25.0,3.0863,101.6645,0.0
ETS307,9533,1790678699,90.0,2.7219267,101.93029,0.0
ETS306,9532,1790678699,90.0,2.459412,102.35091,0.0
EMU35,2951,1790678772,114.0,5.7196,100.5145,0.0
SCS19,weekday_2035,1790678770,0.0,3.2371,101.6812,0.0
ETS206,9449,1790678768,0.0,2.8848,101.808,0.0
ETS212,9136,1790678766,22.0,4.7517,101.1195,0.0
SCS11,weekday_2047,1790678752,79.0,3.0041,101.7316,0.0
SCS25,weekday_2041,1790678770,88.0,2.6549,102.011,0.0
SCS23,2952,1790678765,98.0,5.3729,100.4013,0.0
ETS306,9532,1790678820,90.0,2.4536853,102.31625,0.0
ETS308,9531,1790678820,90.0,1.9845816,103.331726,0.0
ETS303,9530,1790678820,90.0,2.9015176,101.7864,0.0
ETS310,9428,1790678820,90.0,4.775444,100.86487,0.0
ETS307,9533,1790678820,90.0,2.7193558,101.93918,0.0
ETS304,9209,1790678820,90.0,3.2692833,101.56079,0.0
EMU28,2953,1790678733,120.0,6.1619,100.3793,0.0
ETS304,9209,1790678820,90.0,3.2692833,101.56079,0.0
ETS303,9530,1790678820,90.0,2.9015176,101.7864,0.0
ETS308,9531,1790678820,90.0,1.9845816,103.331726,0.0
ETS306,9532,1790678820,90.0,2.4536853,102.31625,0.0
ETS307,9533,1790678820,90.0,2.7193558,101.93918,0.0
ETS310,9428,1790678820,90.0,4.775444,100.86487,0.0
SCS23,2952,1790678915,0.0,5.3648,100.4209,0.0
ETS308,9531,1790678941,90.0,1.9487536,103.349266,0.0
ETS306,9532,1790678941,90.0,2.4577553,102.28258,0.0
ETS307,9533,1790678941,90.0,2.7182217,101.941444,0.0
ETS304,9209,1790678941,90.0,3.2535636,101.55565,0.0
ETS212,9136,1790678946,0.0,4.7772,101.1031,0.0
SCS08,weekday_2162,1790678931,58.0,3.2785,101.5637,0.0
DMU09,38,1790678929,0.0,3.2572,102.4132,0.0
ETS204,9352,1790678927,0.0,3.1468,101.6913,0.0
ETS206,9449,1790678918,13.0,2.8614,101.82,0.0
EMU31,2838,1790678925,0.0,4.8961,100.7194,0.0
SCS22,weekday_2165,1790678928,80.0,3.0832,101.6403,0.0
DMU03,57,1790678957,14.0,5.3801,102.0336,0.0
SCS07,weekday_2173,1790678957,78.0,3.2806,101.5656,0.0
EMU29,2851,1790678955,26.0,5.2871,100.4813,0.0
EMU33,2949,1790678953,70.0,5.3652,100.4549,0.0
SCS23,2952,1790678945,41.0,5.3644,100.4221,0.0
SCS29,weekday_2049,1790678971,36.0,3.1016,101.7012,0.0
SCS28,2834,1790678971,100.0,5.3684,100.4114,0.0
SCS09,weekday_2169,1790678971,51.0,3.1482,101.6907,0.0
SCS10,weekday_2158,1790678970,109.0,3.6019,101.5916,0.0
ETS216,9233,1790678968,134.0,5.1077,100.4905,0.0
ETS310,9428,1790678941,90.0,0.0027284583,0.0154984975,0.0
ETS303,9530,1790678941,90.0,2.9008443,101.78603,0.0
ETS212,9136,1790679006,130.0,4.7953,101.0925,0.0
ETS204,9352,1790679002,0.0,3.1534,101.6921,0.0
EMU24,2847,1790678996,0.0,4.8532,100.7324,0.0
SCS07,weekday_2173,1790678972,63.0,3.2784,101.5636,0.0
SCS23,2952,1790679005,43.0,5.3627,100.4317,0.0
EMU26,2842,1790679084,97.0,4.6357,101.1077,0.0
SCS25,weekday_2041,1790679094,113.0,2.6074,102.0861,0.0
DMU06,39,1790679088,0.0,3.4847,102.3432,0.0
EMU33,2949,1790679088,58.0,5.3668,100.4443,0.0
ETS216,9233,1790679088,137.0,5.0683,100.5066,0.0
SCS13,2948,1790679087,111.0,6.0557,100.3934,0.0
ETS310,9428,1790679062,90.0,4.7807736,100.78172,0.0
ETS307,9533,1790679061,90.0,2.7186131,101.94082,0.0
ETS308,9531,1790679061,90.0,1.9198834,103.37943,0.0
ETS303,9530,1790679061,90.0,2.9032269,101.78719,0.0
ETS304,9209,1790679061,90.0,3.2290654,101.56104,0.0
ETS306,9532,1790679061,90.0,2.4592416,102.24588,0.0
SCS23,2952,1790679140,29.0,5.3667,100.4457,0.0
EMU28,2953,1790679138,114.0,6.0772,100.3812,0.0
SCS08,weekday_2162,1790679131,52.0,3.3112,101.575,0.0
SCS25,weekday_2041,1790679094,113.0,2.6074,102.0861,0.0
ETS303,9530,1790679182,90.0,2.9058707,101.79087,0.0
ETS304,9209,1790679182,90.0,3.2081928,101.576355,0.0
ETS310,9428,1790679182,90.0,4.801686,100.745735,0.0
SCS09,weekday_2169,1790679196,21.0,3.1377,101.6927,0.0
SCS13,2948,1790679192,115.0,6.0834,100.378,0.0
DMU03,57,1790679167,5.0,5.373,102.0311,0.0
SCS10,weekday_2158,1790679165,22.0,3.6286,101.5656,0.0
EMU33,2949,1790679223,0.0,5.3643,100.4218,0.0
SCS22,weekday_2165,1790679168,0.0,3.0846,101.6224,0.0
EMU28,2953,1790679168,118.0,6.0693,100.3857,0.0
SCS07,weekday_2173,1790679167,23.0,3.2591,101.5552,0.0
DMU10(D6120),60,1790679166,45.0,5.1728,102.0262,0.0
EMU29,2851,1790679165,116.0,5.2524,100.4843,0.0
ETS306,9532,1790679182,90.0,2.46302,102.22747,0.0
ETS307,9533,1790679182,90.0,2.7186182,101.94084,0.0
ETS308,9531,1790679182,90.0,1.889259,103.403046,0.0
DMU10(D6120),60,1790679241,28.0,5.1711,102.0203,0.0
SCS19,weekday_2035,1790679220,80.0,3.2201,101.6725,0.0
EMU26,2842,1790679219,97.0,4.6628,101.128,0.0
SCS07,weekday_2173,1790679242,28.0,3.2568,101.5547,0.0
EMU31,2838,1790679240,25.0,4.9183,100.717,0.0
ETS206,9449,1790679218,0.0,2.825,101.8241,0.0
DMU13,58,1790679326,24.0,5.326,102.1974,0.0
EMU26,2842,1790679324,91.0,4.6847,101.1415,0.0
ETS303,9530,1790679303,90.0,2.91762,101.79763,0.0
ETS310,9428,1790679303,90.0,4.8363504,100.72874,0.0
ETS304,9209,1790679303,90.0,3.2054493,101.58079,0.0
ETS308,9531,1790679303,90.0,1.8847142,103.405396,0.0
ETS307,9533,1790679303,90.0,2.7145002,101.94692,0.0
ETS306,9532,1790679303,90.0,2.4647386,102.2244,0.0
ETS213,9133,1790679385,0.0,3.853,101.3807,0.0
EMU26,2842,1790679384,102.0,4.6993,101.1379,0.0
SCS29,weekday_2049,1790679381,0.0,3.0759,101.7107,0.0
ETS212,9136,1790679381,133.0,4.8432,100.9817,0.0
SCS23,2952,1790679380,39.0,5.3571,100.4647,0.0
EMU26,2842,1790679459,107.0,4.7147,101.1233,0.0
SCS25,weekday_2041,1790679458,114.0,2.5685,102.1104,0.0
ETS212,9136,1790679456,139.0,4.8348,100.9573,0.0
SCS29,weekday_2049,1790679456,0.0,3.0759,101.7107,0.0
EMU29,2851,1790679435,77.0,5.1759,100.4796,0.0
SCS23,2952,1790679455,110.0,5.3692,100.468,0.0
SCS10,weekday_2158,1790679435,21.0,3.6437,101.5551,0.0
SCS11,weekday_2047,1790679442,0.0,2.9827,101.7904,0.0
SCS07,weekday_2173,1790679437,101.0,3.2261,101.5615,0.0
EMU31,2838,1790679436,113.0,4.9652,100.7276,0.0
SCS28,2834,1790679436,0.0,5.3931,100.3669,0.0
SCS09,weekday_2169,1790679436,0.0,3.136,101.6887,0.0
DMU10(D6120),60,1790679436,0.0,5.1739,102.0099,0.0
SCS08,weekday_2162,1790679411,71.0,3.3314,101.5694,0.0
ETS310,9428,1790679424,90.0,4.8521466,100.73322,0.0
ETS306,9532,1790679423,90.0,2.4591012,102.202835,0.0
ETS307,9533,1790679423,90.0,2.6971238,101.96646,0.0
ETS308,9531,1790679423,90.0,1.8649294,103.41403,0.0
ETS304,9209,1790679423,90.0,3.2016318,101.58908,0.0
ETS303,9530,1790679423,90.0,2.9406044,101.78751,0.0
SCS19,weekday_2035,1790679415,15.0,3.2045,101.676,0.0
ETS213,9133,1790679415,0.0,3.853,101.3806,0.0
EMU28,2953,1790679408,117.0,6.0048,100.4222,0.0
DMU10(D6120),60,1790679481,19.0,5.1755,102.0093,0.0
SCS10,weekday_2158,1790679480,23.0,3.6462,101.5531,0.0
ETS212,9136,1790679486,126.0,4.8262,100.9517,0.0
SCS29,weekday_2049,1790679486,52.0,3.0735,101.7093,0.0
SCS25,weekday_2041,1790679486,118.0,2.564,102.1176,0.0
SCS23,2952,1790679485,116.0,5.3783,100.4692,0.0
EMU28,2953,1790679483,109.0,5.9851,100.4333,0.0
SCS22,weekday_2165,1790679483,21.0,3.083,101.6099,0.0
EMU31,2838,1790679481,117.0,4.9782,100.732,0.0
SCS08,weekday_2162,1790679471,101.0,3.3434,101.5725,0.0
ETS216,9233,1790679462,134.0,5.0444,100.6021,0.0
SCS13,2948,1790679462,117.0,6.1271,100.3761,0.0
DMU13,58,1790679461,37.0,5.3348,102.2089,0.0
SCS19,weekday_2035,1790679460,0.0,3.2043,101.6761,0.0
ETS304,9209,1790679544,90.0,3.1997669,101.61092,0.0
ETS310,9428,1790679544,90.0,4.8600507,100.73373,0.0
ETS303,9530,1790679544,90.0,2.9677105,101.79128,0.0
ETS308,9531,1790679544,90.0,1.8355601,103.441475,0.0
ETS306,9532,1790679544,90.0,2.4692338,102.182625,0.0
ETS307,9533,1790679544,90.0,2.6765337,101.981094,0.0
DMU03,57,1790679632,0.0,5.3769,102.0101,0.0
ETS215,9135,1790679632,102.0,5.3545,100.4657,0.0
ETS207,9055,1790679632,0.0,4.5964,101.0729,0.0
SCS08,weekday_2162,1790679631,83.0,3.3641,101.5929,0.0
SCS09,weekday_2169,1790679631,0.0,3.136,101.6887,0.0
DMU10(D6120),60,1790679631,49.0,5.1901,102.0118,0.0
EMU31,2838,1790679631,118.0,5.0209,100.7242,0.0
SCS32,weekday_2166,1790679626,19.0,3.1871,101.6633,0.0
DMU13,58,1790679626,40.0,5.3449,102.2222,0.0
ETS213,9133,1790679625,0.0,3.853,101.3806,0.0
SCS29,weekday_2049,1790679696,66.0,3.0324,101.7089,0.0
SCS07,weekday_2173,1790679677,32.0,3.2057,101.5819,0.0
SCS09,weekday_2169,1790679676,0.0,3.136,101.6887,0.0
EMU31,2838,1790679676,118.0,5.0305,100.7141,0.0
SCS23,2952,1790679695,113.0,5.437,100.4891,0.0
ETS215,9135,1790679692,126.0,5.3372,100.4701,0.0
ETS213,9133,1790679655,0.0,3.853,101.3807,0.0
SCS19,weekday_2035,1790679655,46.0,3.1917,101.6868,0.0
SCS11,weekday_2047,1790679682,0.0,2.9827,101.7904,0.0
DMU10(D6120),60,1790679676,56.0,5.1963,102.0139,0.0
ETS212,9136,1790679681,0.0,4.7762,100.9324,0.0
ETS207,9055,1790679647,0.0,4.5964,101.0729,0.0
ETS308,9531,1790679665,90.0,1.8153244,103.47565,0.0
ETS307,9533,1790679665,90.0,2.659239,101.99808,0.0
ETS306,9532,1790679665,90.0,2.509919,102.1724,0.0
ETS304,9209,1790679665,90.0,3.2075634,101.63161,0.0
ETS303,9530,1790679665,90.0,2.981926,101.79151,0.0
ETS310,9428,1790679665,90.0,4.881515,100.72169,0.0
SCS10,weekday_2158,1790679660,74.0,3.6696,101.5317,0.0
SCS26,weekday_2050,1790679659,0.0,3.2343,101.6794,0.0
DMU06,39,1790679658,0.0,3.4848,102.3433,0.0
SCS13,2948,1790679657,61.0,6.1807,100.3766,0.0
EMU26,2842,1790679654,37.0,4.7422,101.1215,0.0
ETS204,9352,1790679647,0.0,3.2051,101.5832,0.0
EMU28,2953,1790679678,91.0,5.9658,100.4442,0.0
DMU03,57,1790679677,0.0,5.3769,102.0101,0.0
ETS207,9055,1790679722,0.0,4.5964,101.0729,0.0
ETS215,9135,1790679722,138.0,5.3267,100.47,0.0
EMU31,2838,1790679721,118.0,5.0367,100.7018,0.0
SCS19,weekday_2035,1790679700,39.0,3.1866,101.6901,0.0
EMU28,2953,1790679723,115.0,5.9547,100.4505,0.0
DMU03,57,1790679722,2.0,5.3768,102.0101,0.0
SCS09,weekday_2169,1790679721,0.0,3.136,101.6887,0.0
SCS29,weekday_2049,1790679696,66.0,3.0324,101.7089,0.0
SCS32,weekday_2166,1790679746,2.0,3.1922,101.6545,0.0
ETS213,9133,1790679745,0.0,3.853,101.3807,0.0
ETS310,9428,1790679786,90.0,4.8894496,100.72078,0.0
ETS308,9531,1790679786,90.0,1.811783,103.479546,0.0
ETS306,9532,1790679786,90.0,2.5403848,102.14899,0.0
ETS307,9533,1790679786,90.0,2.6544187,102.02201,0.0
ETS303,9530,1790679785,90.0,2.9869683,101.791435,0.0
ETS304,9209,1790679785,90.0,3.1934564,101.6513,0.0
DMU03,57,1790679752,12.0,5.3756,102.0096,0.0
ETS216,9233,1790679923,136.0,4.9923,100.7347,0.0
SCS29,weekday_2049,1790679921,0.0,3.0227,101.7162,0.0
EMU24,2847,1790679920,98.0,4.7738,100.9001,0.0
EMU28,2953,1790679918,118.0,5.8988,100.4743,0.0
SCS07,weekday_2173,1790679917,66.0,3.2084,101.622,0.0
SCS08,weekday_2162,1790679911,116.0,3.3956,101.6283,0.0
SCS19,weekday_2035,1790679910,5.0,3.1812,101.6884,0.0
ETS206,9449,1790679908,0.0,2.757,101.8156,0.0
SCS22,weekday_2165,1790679907,27.0,3.0836,101.5844,0.0
ETS212,9136,1790679906,86.0,4.776,100.9123,0.0
SCS23,2952,1790679905,0.0,5.4817,100.4978,0.0
ETS204,9352,1790679902,0.0,3.2302,101.5602,0.0
SCS11,weekday_2047,1790679892,4.0,2.9631,101.7918,0.0
SCS26,weekday_2050,1790679899,0.0,3.2371,101.6812,0.0
EMU29,2851,1790679939,0.0,5.0922,100.4942,0.0
EMU31,2838,1790679932,118.0,5.0417,100.6374,0.0
ETS215,9135,1790679932,132.0,5.265,100.4818,0.0
ETS207,9055,1790679932,0.0,4.5964,101.0729,0.0
DMU03,57,1790679932,4.0,5.3753,102.0097,0.0
SCS09,weekday_2169,1790679931,14.0,3.1274,101.6795,0.0
DMU10(D6120),60,1790679931,55.0,5.233,102.01,0.0
SCS10,weekday_2158,1790679930,0.0,3.6838,101.519,0.0
EMU35,2951,1790679926,111.0,5.4535,100.4935,0.0
ETS213,9133,1790679925,25.0,3.8477,101.3878,0.0
EMU26,2842,1790679924,111.0,4.7964,101.0918,0.0
ETS310,9428,1790679907,90.0,4.8937364,100.72031,0.0
ETS306,9532,1790679906,90.0,2.5646489,102.117195,0.0
ETS308,9531,1790679906,90.0,1.7852716,103.495316,0.0
ETS303,9530,1790679906,90.0,2.9913008,101.76629,0.0
ETS304,9209,1790679906,90.0,3.1828914,101.66909,0.0
ETS307,9533,1790679906,90.0,2.6355004,102.053314,0.0
ETS204,9352,1790679992,4.0,3.2494,101.557,0.0
SCS08,weekday_2162,1790679991,92.0,3.4181,101.6251,0.0
SCS32,weekday_2166,1790679986,34.0,3.2048,101.6353,0.0
SCS11,weekday_2047,1790679967,3.0,2.963,101.7918,0.0
ETS212,9136,1790679966,83.0,4.7739,100.9004,0.0
SCS23,2952,1790679965,93.0,5.4878,100.4995,0.0
ETS215,9135,1790679962,134.0,5.2548,100.4841,0.0
EMU35,2951,1790679941,112.0,5.4492,100.4924,0.0
ETS206,9449,1790679938,0.0,2.757,101.8156,0.0
ETS213,9133,1790679985,17.0,3.8449,101.3909,0.0
EMU26,2842,1790679984,106.0,4.8091,101.0804,0.0
DMU03,57,1790679962,8.0,5.3763,102.01,0.0
EMU31,2838,1790679962,117.0,5.0424,100.6281,0.0
DMU10(D6120),60,1790679961,54.0,5.2377,102.0095,0.0
SCS09,weekday_2169,1790679961,21.0,3.1258,101.6785,0.0
SCS10,weekday_2177,1790679960,0.0,3.6838,101.519,0.0
EMU29,2851,1790679960,109.0,5.087,100.4965,0.0
ETS216,9233,1790679938,131.0,4.9875,100.734,0.0
EMU28,2953,1790679963,121.0,5.8852,100.4771,0.0
ETS310,9428,1790680027,90.0,4.8937364,100.72032,0.0
ETS308,9531,1790680027,90.0,1.7474407,103.50927,0.0
ETS307,9533,1790680027,90.0,2.6110153,102.08494,0.0
DMU03,57,1790679992,0.0,5.3768,102.0101,0.0
EMU31,2838,1790679992,118.0,5.0431,100.6188,0.0
ETS304,9209,1790680027,90.0,3.1748638,101.68253,0.0
ETS306,9532,1790680027,90.0,2.5971553,102.09319,0.0
ETS303,9530,1790680027,90.0,3.000589,101.73687,0.0
ETS204,9352,1790679992,4.0,3.2494,101.557,0.0
SCS08,weekday_2162,1790680111,115.0,3.4477,101.639,0.0
SCS22,weekday_2165,1790680102,33.0,3.0766,101.5648,0.0
SCS23,2952,1790680100,114.0,5.5265,100.5065,0.0
EMU24,2847,1790680118,0.0,4.7762,100.9318,0.0
ETS207,9055,1790680112,0.0,4.5964,101.0729,0.0
EMU31,2838,1790680112,118.0,5.0427,100.5821,0.0
EMU29,2851,1790680110,113.0,5.0467,100.5178,0.0
SCS25,weekday_2041,1790680107,49.0,2.4687,102.217,0.0
SCS29,weekday_2049,1790680101,0.0,3.0227,101.7162,0.0
DMU09,38,1790680159,56.0,3.4583,102.3425,0.0
ETS215,9135,1790680157,135.0,5.1898,100.4798,0.0
ETS204,9352,1790680157,40.0,3.2614,101.5565,0.0
ETS207,9055,1790680157,92.0,4.503,101.0464,0.0
ETS310,9428,1790680148,90.0,4.896157,100.72005,0.0
ETS304,9209,1790680148,90.0,3.1735413,101.683876,0.0
ETS308,9531,1790680148,90.0,1.7133552,103.53191,0.0
ETS303,9530,1790680148,90.0,3.003842,101.731544,0.0
EMU31,2838,1790680157,116.0,5.0351,100.5706,0.0
DMU03,57,1790680157,0.0,5.3768,102.0101,0.0
SCS10,weekday_2177,1790680155,68.0,3.6761,101.5272,0.0
EMU29,2851,1790680155,101.0,5.0353,100.5238,0.0
ETS306,9532,1790680148,90.0,2.6275966,102.069885,0.0
ETS307,9533,1790680148,90.0,2.5756104,102.10612,0.0
EMU28,2953,1790680123,110.0,5.8354,100.4771,0.0
SCS22,weekday_2165,1790680117,37.0,3.0768,101.5633,0.0
SCS29,weekday_2049,1790680116,0.0,3.0227,101.7162,0.0
SCS23,2952,1790680115,114.0,5.5308,100.5052,0.0
DMU03,57,1790680187,0.0,5.3768,102.0101,0.0
DMU10(D6120),60,1790680186,54.0,5.2565,102.0103,0.0
EMU31,2838,1790680202,119.0,5.0273,100.5591,0.0
ETS207,9055,1790680202,109.0,4.4894,101.0438,0.0
SCS25,weekday_2041,1790680202,35.0,2.4642,102.2253,0.0
ETS215,9135,1790680202,135.0,5.1744,100.4796,0.0
SCS07,weekday_2173,1790680202,33.0,3.2011,101.6389,0.0
SCS28,2857,1790680201,0.0,5.3931,100.3669,0.0
ETS216,9233,1790680223,117.0,4.8919,100.7199,0.0
SCS22,weekday_2165,1790680207,6.0,3.0761,101.56,0.0
ETS206,9449,1790680208,18.0,2.7191,101.9379,0.0
SCS11,weekday_2047,1790680207,53.0,2.9379,101.7902,0.0
SCS23,2952,1790680205,114.0,5.5571,100.499,0.0
DMU09,38,1790680204,40.0,3.4646,102.3417,0.0
ETS204,9352,1790680202,81.0,3.2699,101.5602,0.0
SCS29,weekday_2049,1790680206,0.0,3.0227,101.7162,0.0
ETS212,9136,1790680206,113.0,4.7777,100.8392,0.0
SCS13,2948,1790680197,114.0,6.308,100.3458,0.0
SCS32,weekday_2166,1790680226,86.0,3.2018,101.6117,0.0
DMU13,58,1790680226,1.0,5.3917,102.232,0.0
SCS08,weekday_2162,1790680191,53.0,3.4668,101.6375,0.0
ETS308,9531,1790680269,90.0,1.6895312,103.56514,0.0
ETS310,9428,1790680269,90.0,4.9086556,100.7187,0.0
ETS307,9533,1790680269,90.0,2.5491395,102.13813,0.0
ETS306,9532,1790680269,90.0,2.641947,102.03582,0.0
ETS303,9530,1790680268,90.0,3.010998,101.72574,0.0
ETS304,9209,1790680268,90.0,3.1729681,101.68444,0.0
SCS09,weekday_2169,1790680339,39.0,3.1093,101.6742,0.0
ETS204,9352,1790680337,80.0,3.2915,101.5736,0.0
ETS206,9449,1790680328,0.0,2.7185,101.9412,0.0
SCS22,weekday_2165,1790680327,94.0,3.0636,101.546,0.0
SCS29,weekday_2049,1790680326,0.0,3.0227,101.7162,0.0
DMU09,38,1790680324,35.0,3.476,102.345,0.0
ETS215,9135,1790680322,65.0,5.1371,100.4849,0.0
SCS07,weekday_2173,1790680322,26.0,3.1919,101.6551,0.0
DMU10(D6120),60,1790680321,55.0,5.2768,102.0074,0.0
DMU06,39,1790680303,0.0,3.4848,102.3433,0.0
EMU26,2842,1790680302,113.0,4.8317,101.0227,0.0
ETS216,9233,1790680298,98.0,4.8714,100.7253,0.0
ETS213,9133,1790680300,20.0,3.8254,101.4036,0.0
SCS19,weekday_2035,1790680295,21.0,3.1636,101.692,0.0
EMU31,2838,1790680322,66.0,5.0248,100.5294,0.0
DMU03,57,1790680322,0.0,5.3768,102.0101,0.0
SCS28,2857,1790680321,17.0,5.3915,100.3692,0.0
EMU29,2851,1790680320,102.0,5.0199,100.5351,0.0
SCS10,weekday_2177,1790680320,116.0,3.6474,101.5519,0.0
ETS303,9530,1790680389,90.0,3.0325449,101.70965,0.0
ETS304,9209,1790680389,90.0,3.1675732,101.687836,0.0
ETS310,9428,1790680389,90.0,4.9492106,100.7242,0.0
ETS307,9533,1790680389,90.0,2.5209417,102.16799,0.0
ETS308,9531,1790680389,90.0,1.6658121,103.59644,0.0
ETS306,9532,1790680389,90.0,2.65422,102.00931,0.0
ETS216,9233,1790680403,13.0,4.8532,100.7325,0.0
ETS206,9449,1790680403,0.0,2.7185,101.9412,0.0
SCS19,weekday_2035,1790680400,0.0,3.1539,101.6926,0.0
SCS22,weekday_2165,1790680402,20.0,3.0589,101.5327,0.0
ETS207,9055,1790680397,0.0,4.4596,101.0496,0.0
SCS29,weekday_2049,1790680401,0.0,3.0227,101.7162,0.0
ETS212,9136,1790680401,127.0,4.7836,100.7753,0.0
ETS215,9135,1790680397,0.0,5.1312,100.4861,0.0
ETS204,9352,1790680397,81.0,3.3041,101.5755,0.0
SCS28,2857,1790680396,42.0,5.387,100.3744,0.0
EMU24,2847,1790680438,119.0,4.8412,100.9743,0.0
SCS21,weekday_2051,1790680437,0.0,3.1194,101.6788,0.0
DMU13,58,1790680436,24.0,5.4076,102.2311,0.0
ETS213,9133,1790680435,25.0,3.8185,101.4097,0.0
ETS216,9233,1790680433,0.0,4.853,100.7326,0.0
SCS11,weekday_2047,1790680432,17.0,2.9069,101.7922,0.0
SCS22,weekday_2165,1790680432,26.0,3.0584,101.531,0.0
SCS32,weekday_2166,1790680436,0.0,3.2063,101.5798,0.0
ETS212,9136,1790680431,130.0,4.7865,100.7658,0.0
DMU09,38,1790680414,11.0,3.4844,102.3432,0.0
SCS26,weekday_2050,1790680439,0.0,3.2371,101.6812,0.0
ETS304,9209,1790680510,90.0,3.1633062,101.69293,0.0
ETS306,9532,1790680510,90.0,2.6655955,101.99292,0.0
ETS307,9533,1790680510,90.0,2.4817178,102.181,0.0
ETS310,9428,1790680510,90.0,4.9895973,100.73504,0.0
ETS308,9531,1790680510,90.0,1.6643816,103.5996,0.0
ETS303,9530,1790680510,90.0,3.062578,101.70877,0.0
DMU03,57,1790680562,0.0,5.3768,102.0101,0.0
EMU35,2951,1790680558,17.0,5.3664,100.4472,0.0
DMU09,38,1790680534,0.0,3.4846,102.3433,0.0
ETS207,9055,1790680592,34.0,4.4525,101.0526,0.0
ETS204,9352,1790680532,55.0,3.3236,101.5728,0.0
DMU10(D6120),60,1790680591,37.0,5.2927,102.0183,0.0
ETS213,9133,1790680585,25.0,3.8103,101.4168,0.0
SCS08,weekday_2162,1790680571,93.0,3.5204,101.6289,0.0
EMU31,2838,1790680562,120.0,5.064,100.5086,0.0
ETS216,9233,1790680538,0.0,4.8535,100.7327,0.0
SCS22,weekday_2165,1790680537,0.0,3.0568,101.5259,0.0
SCS29,weekday_2049,1790680536,48.0,3.017,101.7204,0.0
SCS23,2952,1790680535,0.0,5.6425,100.49,0.0
SCS09,weekday_2169,1790680594,25.0,3.088,101.6689,0.0
SCS07,weekday_2173,1790680592,85.0,3.1755,101.6816,0.0
ETS215,9135,1790680592,120.0,5.1139,100.4898,0.0
ETS206,9449,1790680538,0.0,2.718,101.9405,0.0
SCS28,2857,1790680561,87.0,5.3697,100.4081,0.0
SCS10,weekday_2177,1790680560,93.0,3.5988,101.6007,0.0
EMU29,2851,1790680560,117.0,5.0446,100.5994,0.0
ETS216,9233,1790680643,119.0,4.8313,100.7327,0.0
ETS206,9449,1790680643,0.0,2.718,101.9405,0.0
SCS22,weekday_2165,1790680642,23.0,3.052,101.5105,0.0
SCS11,weekday_2047,1790680642,68.0,2.8993,101.7848,0.0
ETS212,9136,1790680641,97.0,4.8392,100.7275,0.0
EMU31,2838,1790680637,111.0,5.0842,100.4979,0.0
SCS29,weekday_2049,1790680641,85.0,3.0021,101.7348,0.0
DMU03,57,1790680637,0.0,5.3768,102.0102,0.0
SCS23,2952,1790680640,107.0,5.6537,100.4919,0.0
SCS19,weekday_2035,1790680640,5.0,3.1393,101.6938,0.0
ETS215,9135,1790680637,133.0,5.0986,100.493,0.0
SCS07,weekday_2173,1790680637,61.0,3.1684,101.6866,0.0
SCS26,weekday_2050,1790680604,54.0,3.2354,101.6807,0.0
SCS13,2948,1790680617,116.0,6.3868,100.2909,0.0
ETS310,9428,1790680631,90.0,5.0255156,100.71949,0.0
ETS304,9209,1790680631,90.0,3.1530278,101.69337,0.0
ETS303,9530,1790680631,90.0,3.0754113,101.7119,0.0
ETS308,9531,1790680631,90.0,1.64338,103.62382,0.0
ETS306,9532,1790680631,90.0,2.6831362,101.97571,0.0
ETS307,9533,1790680631,90.0,2.4523907,102.19669,0.0
EMU24,2847,1790680618,112.0,4.8307,101.0237,0.0
ETS213,9133,1790680645,19.0,3.807,101.4193,0.0
EMU31,2838,1790680759,110.0,5.1188,100.4886,0.0
ETS204,9352,1790680757,98.0,3.3626,101.5833,0.0
ETS215,9135,1790680772,132.0,5.0567,100.5126,0.0
SCS28,2857,1790680771,43.0,5.3625,100.4308,0.0
SCS19,weekday_2035,1790680760,17.0,3.1368,101.6911,0.0
ETS303,9530,1790680751,90.0,3.0848808,101.715454,0.0
ETS307,9533,1790680751,90.0,2.4670682,102.22033,0.0
ETS306,9532,1790680751,90.0,2.7016363,101.95853,0.0
ETS308,9531,1790680751,90.0,1.6137115,103.64926,0.0
ETS310,9428,1790680751,90.0,5.038182,100.67991,0.0
ETS304,9209,1790680751,90.0,3.1450644,101.692955,0.0
SCS07,weekday_2173,1790680802,56.0,3.1591,101.693,0.0
ETS204,9352,1790680802,116.0,3.3649,101.5958,0.0
SCS28,2857,1790680801,14.0,5.3631,100.4328,0.0
DMU10(D6120),60,1790680801,46.0,5.3048,102.0225,0.0
SCS26,weekday_2050,1790680799,70.0,3.2108,101.6721,0.0
EMU28,2953,1790680783,116.0,5.6772,100.4961,0.0
EMU35,2951,1790680783,0.0,5.3646,100.4212,0.0
SCS13,2948,1790680782,70.0,6.429,100.2694,0.0
EMU26,2842,1790680782,44.0,4.7771,100.9336,0.0
SCS11,weekday_2047,1790680777,81.0,2.883,101.8106,0.0
ETS206,9449,1790680808,0.0,2.7062,101.9572,0.0
DMU03,57,1790680802,0.0,5.3768,102.0102,0.0
ETS215,9135,1790680802,135.0,5.0474,100.5176,0.0
DMU06,39,1790680828,60.0,3.4692,102.3451,0.0
SCS23,2952,1790680775,115.0,5.6912,100.5051,0.0
SCS21,weekday_2051,1790680827,12.0,3.101,101.702,0.0
DMU09,38,1790680774,20.0,3.4968,102.343,0.0
SCS32,weekday_2166,1790680826,0.0,3.2511,101.5557,0.0
ETS213,9133,1790680825,118.0,3.7828,101.4354,0.0
ETS216,9233,1790680808,132.0,4.7872,100.7643,0.0
SCS22,weekday_2165,1790680807,17.0,3.0517,101.502,0.0
ETS212,9136,1790680806,0.0,4.8527,100.7318,0.0
SCS29,weekday_2049,1790680806,85.0,2.9951,101.7695,0.0
SCS19,weekday_2035,1790680805,16.0,3.1351,101.6886,0.0
SCS09,weekday_2169,1790680804,0.0,3.0837,101.6571,0.0
EMU31,2838,1790680804,56.0,5.1285,100.4866,0.0
DMU03,57,1790680877,0.0,5.3768,102.0101,0.0
ETS215,9135,1790680877,136.0,5.0239,100.5303,0.0
SCS28,2857,1790680876,0.0,5.3639,100.4345,0.0
DMU10(D6120),60,1790680876,56.0,5.316,102.0206,0.0
SCS13,2948,1790680857,0.0,6.4325,100.2681,0.0
SCS21,weekday_2051,1790680857,26.0,3.0997,101.7036,0.0
SCS11,weekday_2047,1790680852,63.0,2.8706,101.8183,0.0
SCS29,weekday_2049,1790680851,84.0,2.9939,101.7792,0.0
SCS08,weekday_2162,1790680851,89.0,3.5616,101.6309,0.0
ETS212,9136,1790680851,44.0,4.8555,100.7341,0.0
SCS10,weekday_2177,1790680875,0.0,3.5527,101.6396,0.0
EMU31,2838,1790680864,0.0,5.1308,100.4861,0.0
EMU24,2847,1790680863,0.0,4.8188,101.0709,0.0
EMU26,2842,1790680857,37.0,4.7757,100.9308,0.0
SCS32,weekday_2166,1790680856,18.0,3.2523,101.5551,0.0
ETS216,9233,1790680853,132.0,4.7824,100.7795,0.0
ETS206,9449,1790680853,0.0,2.7062,101.9572,0.0
SCS22,weekday_2165,1790680852,27.0,3.0521,101.4987,0.0
SCS19,weekday_2035,1790680850,0.0,3.1348,101.6881,0.0
ETS304,9209,1790680872,90.0,3.1396015,101.69479,0.0
ETS310,9428,1790680872,90.0,5.040567,100.638214,0.0
ETS303,9530,1790680872,90.0,3.1000896,101.70338,0.0
ETS308,9531,1790680872,90.0,1.5797875,103.66816,0.0
ETS306,9532,1790680872,90.0,2.7133856,101.94853,0.0
ETS307,9533,1790680872,90.0,2.4634342,102.22683,0.0
SCS29,weekday_2049,1790680956,30.0,2.9828,101.7905,0.0
ETS212,9136,1790680956,81.0,4.8758,100.7234,0.0
SCS23,2952,1790680955,114.0,5.742,100.5065,0.0
SCS19,weekday_2035,1790680955,0.0,3.1348,101.6881,0.0
SCS22,weekday_2165,1790680957,0.0,3.0524,101.4936,0.0
EMU31,2838,1790680954,114.0,5.1486,100.4824,0.0
SCS22,weekday_2165,1790680957,0.0,3.0524,101.4936,0.0
SCS29,weekday_2049,1790680956,30.0,2.9828,101.7905,0.0
ETS212,9136,1790680956,81.0,4.8758,100.7234,0.0
ETS304,9209,1790680993,90.0,3.1392837,101.69469,0.0
ETS310,9428,1790680993,90.0,5.0436587,100.59598,0.0
ETS303,9530,1790680993,90.0,3.1119614,101.68738,0.0
SCS23,2952,1790680955,114.0,5.742,100.5065,0.0
SCS19,weekday_2035,1790680955,0.0,3.1348,101.6881,0.0
ETS308,9531,1790680993,90.0,1.5612497,103.69444,0.0
ETS306,9532,1790680993,90.0,2.7181873,101.94146,0.0
ETS307,9533,1790680993,90.0,2.4607737,102.23203,0.0
SCS32,weekday_2166,1790680961,0.0,3.2587,101.555,0.0
ETS213,9133,1790680960,29.0,3.7508,101.4454,0.0
EMU24,2847,1790680963,119.0,4.8048,101.0843,0.0
ETS213,9133,1790681065,91.0,3.738,101.4553,0.0
SCS28,2857,1790681071,0.0,5.3665,100.4473,0.0
DMU10(D6120),60,1790681071,55.0,5.3441,102.013,0.0
SCS22,weekday_2165,1790681047,65.0,3.0526,101.4852,0.0
ETS212,9136,1790681046,43.0,4.8852,100.7205,0.0
SCS19,weekday_2035,1790681045,20.0,3.1287,101.6805,0.0
SCS13,2948,1790681067,114.0,6.4834,100.2536,0.0
SCS32,weekday_2166,1790681066,55.0,3.2649,101.5584,0.0
SCS23,2952,1790681045,114.0,5.7666,100.4955,0.0
DMU09,38,1790681044,27.0,3.5172,102.346,0.0
ETS204,9352,1790681042,91.0,3.4205,101.6251,0.0
ETS215,9135,1790681042,135.0,5.0415,100.5801,0.0
SCS07,weekday_2173,1790681042,18.0,3.1413,101.6942,0.0
SCS08,weekday_2162,1790681031,89.0,3.5965,101.6033,0.0
EMU35,2951,1790681023,66.0,5.3823,100.3835,0.0
SCS26,weekday_2050,1790681099,55.0,3.1949,101.6842,0.0
ETS206,9449,1790681093,75.0,2.6555,102.0135,0.0
SCS22,weekday_2165,1790681092,66.0,3.0516,101.4772,0.0
SCS11,weekday_2047,1790681092,51.0,2.8426,101.8259,0.0
SCS29,weekday_2049,1790681091,0.0,2.9815,101.7905,0.0
ETS212,9136,1790681091,108.0,4.8953,100.7195,0.0
DMU06,39,1790681083,72.0,3.425,102.34,0.0
ETS204,9352,1790681117,123.0,3.4388,101.6374,0.0
EMU24,2847,1790681103,114.0,4.7716,101.1096,0.0
ETS213,9133,1790681095,77.0,3.7314,101.4563,0.0
ETS306,9532,1790681114,90.0,2.7195117,101.93879,0.0
ETS308,9531,1790681114,90.0,1.5407693,103.715805,0.0
ETS310,9428,1790681114,90.0,5.0258102,100.559135,0.0
ETS307,9533,1790681114,90.0,2.4575958,102.26885,0.0
ETS304,9209,1790681113,90.0,3.1357841,101.69053,0.0
ETS303,9530,1790681113,90.0,3.1229427,101.67905,0.0
ETS216,9233,1790681093,126.0,4.7776,100.8601,0.0
SCS21,weekday_2051,1790681092,58.0,3.0865,101.7115,0.0
ETS215,9135,1790681117,137.0,5.0442,100.6062,0.0
DMU03,57,1790681117,0.0,5.3768,102.0101,0.0
SCS09,weekday_2169,1790681089,18.0,3.0844,101.6324,0.0
DMU10(D6120),60,1790681116,49.0,5.3501,102.0107,0.0
SCS32,weekday_2166,1790681096,69.0,3.27,101.5599,0.0
SCS23,2952,1790681075,114.0,5.775,100.4923,0.0
DMU09,38,1790681074,23.0,3.5196,102.3456,0.0
EMU31,2838,1790681074,0.0,5.1696,100.4796,0.0
SCS09,weekday_2169,1790681194,0.0,3.0846,101.6225,0.0
SCS08,weekday_2162,1790681191,103.0,3.6226,101.5709,0.0
DMU09,38,1790681194,8.0,3.5271,102.3474,0.0
ETS206,9449,1790681198,135.0,2.6422,102.0348,0.0
SCS21,weekday_2051,1790681197,0.0,3.0767,101.7115,0.0
SCS22,weekday_2165,1790681197,25.0,3.0372,101.4709,0.0
SCS29,weekday_2049,1790681196,51.0,2.9742,101.7904,0.0
ETS212,9136,1790681196,137.0,4.9296,100.7178,0.0
SCS23,2952,1790681195,118.0,5.8087,100.4798,0.0
EMU26,2842,1790681195,0.0,4.7781,100.8574,0.0
SCS19,weekday_2055,1790681195,0.0,3.118,101.6792,0.0
ETS306,9532,1790681234,90.0,2.723566,101.92644,0.0
ETS307,9533,1790681234,90.0,2.454444,102.3094,0.0
EMU24,2847,1790681203,115.0,4.7444,101.1215,0.0
SCS13,2948,1790681202,60.0,6.5203,100.2563,0.0
EMU28,2953,1790681202,107.0,5.6272,100.4929,0.0
SCS32,weekday_2166,1790681201,68.0,3.2856,101.5692,0.0
DMU13,58,1790681201,51.0,5.4909,102.2168,0.0
ETS213,9133,1790681200,113.0,3.7149,101.4787,0.0
ETS215,9135,1790681192,138.0,5.0422,100.6322,0.0
ETS206,9449,1790681198,135.0,2.6422,102.0348,0.0
SCS22,weekday_2165,1790681197,25.0,3.0372,101.4709,0.0
SCS09,weekday_2169,1790681194,0.0,3.0846,101.6225,0.0
EMU26,2842,1790681195,0.0,4.7781,100.8574,0.0
ETS304,9209,1790681234,90.0,3.1345708,101.68834,0.0
ETS310,9428,1790681234,90.0,5.031397,100.525925,0.0
ETS303,9530,1790681234,90.0,3.1286097,101.68179,0.0
ETS308,9531,1790681234,90.0,1.5365361,103.72458,0.0
ETS213,9133,1790681305,124.0,3.6966,101.5057,0.0
SCS07,weekday_2173,1790681282,11.0,3.1363,101.6901,0.0
SCS32,weekday_2166,1790681306,80.0,3.3063,101.575,0.0
EMU29,2851,1790681305,118.0,4.9328,100.7188,0.0
SCS21,weekday_2057,1790681287,56.0,3.0741,101.7096,0.0
ETS215,9135,1790681282,135.0,5.0392,100.6634,0.0
SCS29,weekday_2049,1790681286,14.0,2.9622,101.792,0.0
SCS23,2952,1790681285,0.0,5.8238,100.4781,0.0
DMU13,58,1790681336,60.0,5.5091,102.2101,0.0
EMU26,2842,1790681345,106.0,4.7787,100.8435,0.0
SCS09,weekday_2169,1790681344,8.0,3.0833,101.6123,0.0
EMU24,2847,1790681343,112.0,4.7055,101.1314,0.0
SCS10,weekday_2177,1790681340,0.0,3.4678,101.6377,0.0
SCS08,weekday_2162,1790681331,11.0,3.629,101.5653,0.0
SCS19,weekday_2055,1790681330,0.0,3.118,101.6792,0.0
SCS21,weekday_2057,1790681332,90.0,3.0655,101.708,0.0
EMU31,2838,1790681359,117.0,5.2413,100.4868,0.0
ETS204,9352,1790681357,96.0,3.4783,101.6398,0.0
ETS215,9135,1790681357,135.0,5.0394,100.6899,0.0
SCS07,weekday_2173,1790681357,0.0,3.1358,101.6892,0.0
DMU03,57,1790681357,0.0,5.3768,102.0102,0.0
ETS212,9136,1790681346,139.0,4.9783,100.7321,0.0
SCS29,weekday_2049,1790681376,65.0,2.9576,101.7928,0.0
SCS23,2952,1790681375,104.0,5.8323,100.4773,0.0
SCS28,2857,1790681356,114.0,5.3141,100.4743,0.0
DMU10(D6120),60,1790681356,11.0,5.3765,102.01,0.0
ETS310,9428,1790681355,90.0,5.068956,100.50613,0.0
ETS307,9533,1790681355,90.0,2.459201,102.34944,0.0
ETS303,9530,1790681355,90.0,0.0027284583,0.0154984975,0.0
ETS308,9531,1790681355,90.0,1.5329425,103.732,0.0
ETS306,9532,1790681355,90.0,2.7248626,101.9058,0.0
EMU26,2842,1790681375,117.0,4.7761,100.835,0.0
SCS28,2857,1790681431,92.0,5.2968,100.482,0.0
SCS08,weekday_2162,1790681431,26.0,3.6347,101.561,0.0
SCS10,weekday_2177,1790681430,111.0,3.4561,101.6396,0.0
EMU24,2847,1790681383,117.0,4.6967,101.1395,0.0
EMU28,2953,1790681382,116.0,5.5735,100.4963,0.0
SCS13,2948,1790681382,116.0,6.5458,100.26,0.0
SCS32,weekday_2166,1790681381,38.0,3.3158,101.5749,0.0
DMU13,58,1790681381,57.0,5.5161,102.2088,0.0
EMU29,2851,1790681380,100.0,4.9115,100.7178,0.0
ETS213,9133,1790681380,25.0,3.6857,101.5175,0.0
ETS206,9449,1790681378,136.0,2.6092,102.0848,0.0
SCS21,weekday_2057,1790681377,89.0,3.0547,101.7069,0.0
SCS11,weekday_2047,1790681377,23.0,2.8293,101.8267,0.0
ETS307,9533,1790681476,90.0,2.4613984,102.38874,0.0
ETS306,9532,1790681476,90.0,2.7400632,101.8896,0.0
ETS308,9531,1790681476,90.0,1.5021169,103.7527,0.0
ETS310,9428,1790681476,90.0,5.108061,100.49141,0.0
ETS303,9530,1790681475,90.0,0.0027284583,0.0154984975,0.0
ETS207,9055,1790681522,92.0,4.2772,101.1663,0.0
ETS212,9136,1790681541,133.0,5.035,100.7073,0.0
SCS04,weekday_2054,1790681540,0.0,3.1352,101.6875,0.0
SCS13,2948,1790681532,115.0,6.5905,100.263,0.0
EMU28,2953,1790681532,118.0,5.5276,100.5062,0.0
SCS08,weekday_2162,1790681531,5.0,3.6404,101.5578,0.0
EMU29,2851,1790681530,0.0,4.8962,100.7195,0.0
EMU31,2838,1790681524,39.0,5.285,100.4805,0.0
ETS204,9352,1790681507,95.0,3.5182,101.6288,0.0
SCS23,2952,1790681540,114.0,5.8816,100.477,0.0
SCS32,weekday_2166,1790681531,26.0,3.3218,101.5735,0.0
DMU13,58,1790681531,13.0,5.5294,102.2034,0.0
SCS09,weekday_2169,1790681554,29.0,3.0836,101.5959,0.0
DMU03,57,1790681552,0.0,5.3768,102.0102,0.0
DMU10(D6120),60,1790681551,0.0,5.377,102.0101,0.0
SCS28,2857,1790681551,0.0,5.2865,100.4811,0.0
SCS10,weekday_2177,1790681550,89.0,3.4247,101.6264,0.0
SCS21,weekday_2057,1790681542,16.0,3.0284,101.7131,0.0
SCS29,weekday_2049,1790681541,5.0,2.9391,101.7887,0.0
SCS19,weekday_2055,1790681540,0.0,3.118,101.6791,0.0
ETS213,9133,1790681530,56.0,3.6826,101.5208,0.0
SCS07,weekday_2173,1790681522,0.0,3.1358,101.6892,0.0
ETS215,9135,1790681507,125.0,5.0131,100.7311,0.0
ETS207,9055,1790681612,115.0,4.2558,101.1733,0.0
ETS204,9352,1790681612,95.0,3.5438,101.6368,0.0
ETS215,9135,1790681612,130.0,4.9782,100.7321,0.0
DMU03,57,1790681612,0.0,5.3768,102.0102,0.0
SCS07,weekday_2173,1790681612,0.0,3.1358,101.6892,0.0
DMU10(D6120),60,1790681611,0.0,5.377,102.0101,0.0
SCS10,weekday_2177,1790681610,115.0,3.4105,101.6276,0.0
EMU31,2838,1790681607,0.0,5.2886,100.4818,0.0
SCS21,weekday_2057,1790681557,26.0,3.0275,101.7136,0.0
SCS09,weekday_2169,1790681554,29.0,3.0836,101.5959,0.0
ETS310,9428,1790681597,90.0,5.1299124,100.48689,0.0
ETS307,9533,1790681596,90.0,2.47263,102.41442,0.0
ETS306,9532,1790681596,90.0,2.7437353,101.862206,0.0
ETS303,9530,1790681596,90.0,0.0027284583,0.0154984975,0.0
SCS29,weekday_2049,1790681556,27.0,2.9386,101.7893,0.0
ETS308,9531,1790681596,90.0,1.4738111,103.758194,0.0
DMU06,39,1790681563,72.0,3.3558,102.3901,0.0
ETS212,9136,1790681556,137.0,5.0366,100.7023,0.0
SCS04,weekday_2054,1790681555,0.0,3.1352,101.6875,0.0
ETS204,9352,1790681657,0.0,3.5533,101.6396,0.0
ETS215,9135,1790681657,131.0,4.9636,100.7271,0.0
DMU10(D6120),60,1790681656,8.0,5.3783,102.0109,0.0
SCS28,2857,1790681656,115.0,5.2644,100.4817,0.0
SCS11,weekday_2047,1790681662,10.0,2.8026,101.8,0.0
SCS21,weekday_2057,1790681662,0.0,3.0239,101.7156,0.0
SCS29,weekday_2049,1790681661,61.0,2.9239,101.7957,0.0
EMU31,2838,1790681660,98.0,5.2975,100.4816,0.0
ETS212,9136,1790681661,135.0,5.0392,100.6662,0.0
EMU28,2953,1790681653,100.0,5.493,100.501,0.0
SCS23,2952,1790681645,115.0,5.9117,100.4693,0.0
SCS04,weekday_2054,1790681645,0.0,3.1352,101.6875,0.0
ETS206,9449,1790681633,129.0,2.5454,102.1418,0.0
ETS213,9133,1790681650,83.0,3.661,101.5378,0.0
SCS19,weekday_2055,1790681630,0.0,3.1132,101.6821,0.0
ETS207,9055,1790681612,115.0,4.2558,101.1733,0.0
SCS07,weekday_2173,1790681657,0.0,3.1358,101.6892,0.0
SCS29,weekday_2049,1790681691,61.0,2.9191,101.7966,0.0
SCS04,weekday_2054,1790681690,0.0,3.1352,101.6875,0.0
SCS07,weekday_2173,1790681687,0.0,3.1358,101.6892,0.0
SCS23,2952,1790681690,114.0,5.9244,100.4645,0.0
ETS204,9352,1790681687,84.0,3.5598,101.6353,0.0
EMU31,2838,1790681690,117.0,5.3053,100.4782,0.0
SCS19,weekday_2055,1790681690,20.0,3.1128,101.683,0.0
ETS206,9449,1790681678,124.0,2.5363,102.1532,0.0
ETS215,9135,1790681732,132.0,4.9391,100.7205,0.0
DMU03,57,1790681732,0.0,5.3768,102.0102,0.0
SCS28,2857,1790681731,114.0,5.2423,100.4866,0.0
DMU10(D6120),60,1790681731,7.0,5.379,102.012,0.0
SCS10,weekday_2177,1790681730,81.0,3.3787,101.6171,0.0
DMU06,39,1790681698,61.0,3.3473,102.4123,0.0
SCS11,weekday_2047,1790681677,40.0,2.8017,101.7993,0.0
ETS303,9530,1790681717,90.0,0.0027284583,0.0154984975,0.0
ETS307,9533,1790681717,90.0,2.473511,102.416336,0.0
ETS310,9428,1790681717,90.0,5.14623,100.483536,0.0
ETS308,9531,1790681717,90.0,0.0027284583,0.0154984975,0.0
ETS306,9532,1790681717,90.0,2.7502522,101.83916,0.0
SCS21,weekday_2057,1790681782,13.0,3.0212,101.717,0.0
SCS29,weekday_2049,1790681781,18.0,2.907,101.7923,0.0
ETS212,9136,1790681781,142.0,5.0427,100.6244,0.0
EMU31,2838,1790681780,118.0,5.3315,100.47,0.0
ETS204,9352,1790681777,103.0,3.5737,101.6144,0.0
SCS23,2952,1790681765,114.0,5.9451,100.4558,0.0
ETS206,9449,1790681738,135.0,2.5209,102.1671,0.0
SCS19,weekday_2055,1790681780,91.0,3.1058,101.6958,0.0
SCS04,weekday_2054,1790681780,0.0,3.1389,101.6935,0.0
ETS215,9135,1790681777,123.0,4.9244,100.7167,0.0
DMU03,57,1790681777,0.0,5.3768,102.0102,0.0
SCS10,weekday_2177,1790681775,0.0,3.3756,101.614,0.0
SCS07,weekday_2173,1790681777,0.0,3.1358,101.6892,0.0
SCS28,2857,1790681776,115.0,5.2291,100.4895,0.0
DMU10(D6120),60,1790681776,11.0,5.3795,102.0137,0.0
EMU35,2956,1790681743,9.0,5.3926,100.3673,0.0
ETS207,9055,1790681732,123.0,4.2184,101.1796,0.0
EMU26,2842,1790681840,90.0,4.8391,100.7278,0.0
ETS306,9532,1790681838,90.0,2.7531416,101.82895,0.0
ETS308,9531,1790681838,90.0,0.0027284583,0.0154984975,0.0
ETS303,9530,1790681838,90.0,0.0027284583,0.0154984975,0.0
ETS310,9428,1790681838,90.0,5.1876845,100.480286,0.0
ETS307,9533,1790681838,90.0,2.473598,102.41658,0.0
ETS212,9136,1790681826,136.0,5.0438,100.6082,0.0
EMU31,2838,1790681825,113.0,5.3452,100.469,0.0
DMU03,57,1790681822,0.0,5.3768,102.0102,0.0
ETS215,9135,1790681822,129.0,4.9098,100.718,0.0
SCS10,weekday_2177,1790681820,59.0,3.3742,101.6126,0.0
ETS204,9352,1790681807,105.0,3.5811,101.6131,0.0
SCS08,weekday_2162,1790681851,69.0,3.6707,101.531,0.0
DMU13,58,1790681846,31.0,5.5339,102.2013,0.0
ETS216,9233,1790681849,134.0,4.8418,101.0081,0.0
DMU03,57,1790681897,14.0,5.3754,102.0096,0.0
ETS215,9135,1790681897,115.0,4.885,100.7206,0.0
SCS21,weekday_2057,1790681872,22.0,3.0179,101.7194,0.0
SCS28,2857,1790681896,99.0,5.1981,100.4837,0.0
DMU10(D6120),60,1790681896,53.0,5.3709,102.023,0.0
SCS10,weekday_2177,1790681895,38.0,3.3665,101.6003,0.0
SCS11,weekday_2047,1790681887,65.0,2.7603,101.811,0.0
EMU29,2851,1790681875,75.0,4.8502,100.7299,0.0
SCS19,weekday_2055,1790681855,30.0,3.0997,101.7036,0.0
ETS212,9136,1790681871,135.0,5.0449,100.5927,0.0
ETS204,9352,1790681852,113.0,3.593,101.606,0.0
ETS216,9233,1790681909,129.0,4.83,101.0244,0.0
SCS29,weekday_2049,1790681901,11.0,2.9042,101.7864,0.0
EMU31,2838,1790681900,103.0,5.3641,100.4579,0.0
EMU26,2842,1790681900,53.0,4.8515,100.7308,0.0
SCS04,weekday_2054,1790681900,26.0,3.1453,101.6922,0.0
SCS07,weekday_2173,1790681897,0.0,3.1358,101.6892,0.0
ETS306,9532,1790681959,90.0,2.7535896,101.82725,0.0
ETS307,9533,1790681959,90.0,2.4852853,102.44125,0.0
ETS308,9531,1790681959,90.0,0.0027284583,0.0154984975,0.0
ETS310,9428,1790681959,90.0,5.22744,100.49042,0.0
ETS303,9530,1790681959,90.0,0.0027284583,0.0154984975,0.0
DMU09,38,1790681959,49.0,3.598,102.3723,0.0
DMU10(D6120),60,1790681956,8.0,5.3688,102.0285,0.0
SCS28,2857,1790681956,91.0,5.1823,100.4795,0.0
EMU31,2838,1790681975,0.0,5.3663,100.4478,0.0
EMU26,2842,1790681975,19.0,4.8533,100.7326,0.0
ETS204,9352,1790681957,106.0,3.6093,101.5863,0.0
DMU06,39,1790681953,64.0,3.3261,102.421,0.0
SCS08,weekday_2162,1790681951,38.0,3.6823,101.5209,0.0
ETS206,9449,1790681948,113.0,2.4542,102.1862,0.0
SCS10,weekday_2177,1790681955,40.0,3.3651,101.596,0.0
SCS19,weekday_2055,1790681930,0.0,3.0978,101.706,0.0
SCS21,weekday_2057,1790681947,68.0,3.0072,101.7268,0.0
SCS32,weekday_2166,1790682026,8.0,3.3766,101.615,0.0
DMU13,58,1790682026,65.0,5.5593,102.1921,0.0
ETS213,9133,1790682025,116.0,3.5866,101.6103,0.0
ETS216,9233,1790682008,129.0,4.8259,101.056,0.0
ETS215,9135,1790682002,31.0,4.8641,100.7305,0.0
SCS07,weekday_2173,1790682002,0.0,3.1358,101.6892,0.0
ETS207,9055,1790682002,0.0,4.1735,101.1892,0.0
DMU03,57,1790682002,49.0,5.3666,102.0082,0.0
SCS10,weekday_2177,1790682000,51.0,3.364,101.5921,0.0
EMU26,2842,1790681975,19.0,4.8533,100.7326,0.0
ETS206,9449,1790682008,103.0,2.4571,102.2008,0.0
ETS212,9136,1790682006,0.0,5.0242,100.5547,0.0
SCS21,weekday_2057,1790681977,66.0,3.0043,101.731,0.0
EMU31,2838,1790682005,0.0,5.3663,100.4478,0.0
SCS04,weekday_2054,1790682005,0.0,3.1538,101.6923,0.0
SCS23,2952,1790682005,113.0,5.9818,100.4351,0.0
DMU09,38,1790682004,41.0,3.6036,102.3731,0.0
ETS204,9352,1790682002,114.0,3.6183,101.5763,0.0
SCS28,2857,1790682001,51.0,5.1742,100.4796,0.0
SCS08,weekday_2162,1790681991,8.0,3.6847,101.5181,0.0
SCS19,weekday_2055,1790681990,24.0,3.0948,101.7095,0.0
ETS307,9533,1790682080,90.0,2.503816,102.4757,0.0
ETS310,9428,1790682080,90.0,5.268935,100.48118,0.0
ETS308,9531,1790682080,90.0,0.0027284583,0.0154984975,0.0
ETS306,9532,1790682080,90.0,2.753456,101.82782,0.0
ETS303,9530,1790682079,90.0,0.0027284583,0.0154984975,0.0
SCS19,weekday_2055,1790682080,47.0,3.0863,101.7119,0.0
DMU09,38,1790682079,44.0,3.6126,102.3746,0.0
SCS07,weekday_2173,1790682077,0.0,3.1358,101.6892,0.0
ETS207,9055,1790682077,79.0,4.1597,101.1926,0.0
ETS204,9352,1790682077,18.0,3.6273,101.5669,0.0
DMU03,57,1790682077,45.0,5.3577,102.0087,0.0
SCS28,2857,1790682076,0.0,5.17,100.4798,0.0
DMU10(D6120),60,1790682076,12.0,5.3728,102.0311,0.0
SCS10,weekday_2177,1790682075,26.0,3.3627,101.5816,0.0
ETS213,9133,1790682055,97.0,3.5788,101.6135,0.0
ETS206,9449,1790682053,105.0,2.4686,102.207,0.0
SCS21,weekday_2057,1790682052,105.0,2.9932,101.7452,0.0
EMU29,2851,1790682056,115.0,4.8034,100.7446,0.0
ETS216,9233,1790682083,129.0,4.8136,101.0777,0.0
SCS29,weekday_2049,1790682081,82.0,2.8951,101.7899,0.0
ETS212,9136,1790682081,138.0,5.0244,100.5298,0.0
SCS04,weekday_2054,1790682080,59.0,3.161,101.6923,0.0
ETS215,9135,1790682077,57.0,4.8561,100.7343,0.0
SCS32,weekday_2166,1790682056,58.0,3.3788,101.6172,0.0
SCS23,2952,1790682050,115.0,5.9937,100.4283,0.0
DMU13,58,1790682041,66.0,5.5617,102.1908,0.0
EMU29,2851,1790682161,121.0,4.7848,100.7715,0.0
SCS32,weekday_2166,1790682161,111.0,3.4015,101.6279,0.0
EMU35,2956,1790682193,0.0,5.3646,100.4213,0.0
EMU28,2953,1790682193,88.0,5.3763,100.469,0.0
ETS213,9133,1790682160,43.0,3.5616,101.6309,0.0
DMU09,38,1790682184,46.0,3.6256,102.3782,0.0
ETS216,9233,1790682183,125.0,4.7864,101.0978,0.0
DMU03,57,1790682182,47.0,5.3455,102.0124,0.0
SCS07,weekday_2173,1790682182,0.0,3.1358,101.6892,0.0
ETS204,9352,1790682182,20.0,3.6315,101.5634,0.0
SCS28,2857,1790682181,109.0,5.1489,100.4824,0.0
SCS10,weekday_2177,1790682180,1.0,3.3562,101.5715,0.0
SCS11,weekday_2047,1790682157,19.0,2.7533,101.8297,0.0
SCS04,weekday_2054,1790682155,0.0,3.1652,101.6914,0.0
ETS207,9055,1790682152,122.0,4.1444,101.2055,0.0
ETS215,9135,1790682212,0.0,4.853,100.7322,0.0
SCS21,weekday_2057,1790682202,91.0,2.9932,101.7808,0.0
SCS29,weekday_2049,1790682201,88.0,2.8809,101.813,0.0
ETS212,9136,1790682201,134.0,5.0628,100.5093,0.0
SCS19,weekday_2055,1790682200,0.0,3.076,101.7107,0.0
ETS307,9533,1790682200,90.0,2.5354106,102.50075,0.0
ETS303,9530,1790682200,90.0,0.0027284583,0.0154984975,0.0
SCS23,2952,1790682200,114.0,6.033,100.4062,0.0
EMU26,2842,1790682200,11.0,4.896,100.7194,0.0
ETS308,9531,1790682200,90.0,1.4746907,103.75769,0.0
EMU31,2838,1790682200,0.0,5.3645,100.4214,0.0
ETS310,9428,1790682200,90.0,5.3028717,100.47966,0.0
ETS306,9532,1790682200,90.0,2.7651029,101.807655,0.0
SCS11,weekday_2047,1790682232,72.0,2.7515,101.836,0.0
SCS29,weekday_2049,1790682231,88.0,2.8752,101.8169,0.0
ETS212,9136,1790682231,128.0,5.0716,100.5047,0.0
SCS23,2952,1790682230,114.0,6.0408,100.4018,0.0
EMU26,2842,1790682230,0.0,4.8961,100.7194,0.0
SCS19,weekday_2055,1790682260,0.0,3.076,101.7107,0.0
SCS07,weekday_2173,1790682257,0.0,3.1358,101.6892,0.0
SCS10,weekday_2177,1790682255,72.0,3.3456,101.5724,0.0
EMU29,2851,1790682236,117.0,4.778,100.7939,0.0
EMU31,2838,1790682230,26.0,5.3648,100.4208,0.0
ETS310,9428,1790682321,90.0,5.339986,100.47077,0.0
ETS306,9532,1790682321,90.0,2.795896,101.79713,0.0
ETS307,9533,1790682321,90.0,2.5634346,102.529724,0.0
ETS303,9530,1790682321,90.0,0.0027284583,0.0154984975,0.0
ETS308,9531,1790682321,90.0,1.5059589,103.74991,0.0
ETS204,9352,1790682317,21.0,3.6402,101.5582,0.0
DMU03,57,1790682317,51.0,5.3273,102.0192,0.0
SCS10,weekday_2177,1790682315,22.0,3.3359,101.5724,0.0
EMU28,2953,1790682313,41.0,5.3597,100.4669,0.0
SCS04,weekday_2054,1790682305,19.0,3.1697,101.6856,0.0
EMU31,2838,1790682305,99.0,5.3704,100.4062,0.0
ETS216,9233,1790682303,129.0,4.7522,101.1193,0.0
ETS215,9135,1790682302,99.0,4.8341,100.73,0.0
ETS215,9135,1790682362,126.0,4.819,100.739,0.0
SCS23,2952,1790682335,114.0,6.068,100.3864,0.0
SCS21,weekday_2057,1790682367,0.0,2.9828,101.7905,0.0
ETS216,9233,1790682363,125.0,4.7326,101.1222,0.0
SCS38,weekday_2059,1790682399,74.0,3.2309,101.675,0.0
EMU28,2953,1790682399,56.0,5.3623,100.4598,0.0
SCS11,weekday_2047,1790682397,31.0,2.7417,101.8706,0.0
ETS212,9136,1790682396,91.0,5.1201,100.4883,0.0
SCS19,weekday_2055,1790682395,105.0,3.0591,101.7072,0.0
EMU31,2838,1790682395,96.0,5.3812,100.3855,0.0
EMU26,2842,1790682395,116.0,4.9345,100.7193,0.0
DMU13,58,1790682386,38.0,5.6044,102.1716,0.0
EMU29,2851,1790682386,74.0,4.7766,100.8367,0.0
SCS29,weekday_2049,1790682366,82.0,2.856,101.8216,0.0
ETS207,9055,1790682362,104.0,4.1067,101.2599,0.0
SCS09,weekday_2169,1790682360,102.0,3.0601,101.5366,0.0
SCS32,weekday_2166,1790682386,100.0,3.4592,101.6386,0.0
ETS213,9133,1790682385,96.0,3.5292,101.6307,0.0
EMU35,2956,1790682358,46.0,5.363,100.4326,0.0
SCS29,weekday_2049,1790682411,79.0,2.8464,101.8243,0.0
EMU31,2838,1790682410,93.0,5.383,100.3821,0.0
SCS23,2952,1790682410,113.0,6.0877,100.3755,0.0
EMU26,2842,1790682410,116.0,4.939,100.7204,0.0
ETS215,9135,1790682407,124.0,4.8049,100.7437,0.0
EMU35,2956,1790682403,45.0,5.3655,100.4379,0.0
DMU13,58,1790682401,48.0,5.6056,102.1701,0.0
EMU29,2851,1790682401,57.0,4.7776,100.8392,0.0
ETS212,9136,1790682396,91.0,5.1201,100.4883,0.0
ETS213,9133,1790682400,93.0,3.5256,101.6297,0.0
EMU24,2846,1790682399,20.0,4.5987,101.0737,0.0
ETS207,9055,1790682392,122.0,4.1018,101.2672,0.0
SCS19,weekday_2055,1790682395,105.0,3.0591,101.7072,0.0
ETS216,9233,1790682408,117.0,4.7181,101.1227,0.0
ETS310,9428,1790682442,90.0,5.355127,100.4662,0.0
ETS307,9533,1790682442,90.0,2.5804422,102.56193,0.0
ETS306,9532,1790682442,90.0,2.8135457,101.81231,0.0
ETS308,9531,1790682442,90.0,1.5317962,103.73397,0.0
DMU03,57,1790682437,52.0,5.3102,102.0213,0.0
SCS28,2857,1790682436,114.0,5.1029,100.492,0.0
SCS09,weekday_2169,1790682435,4.0,3.0568,101.526,0.0
SCS10,weekday_2177,1790682435,30.0,3.3289,101.5691,0.0
SCS32,weekday_2166,1790682416,69.0,3.4658,101.6374,0.0
SCS38,weekday_2059,1790682414,89.0,3.2283,101.673,0.0
ETS206,9449,1790682413,0.0,2.4596,102.2361,0.0
SCS21,weekday_2057,1790682412,0.0,2.9828,101.7905,0.0
SCS21,weekday_2057,1790682517,46.0,2.9738,101.7903,0.0
SCS29,weekday_2049,1790682516,19.0,2.8355,101.8278,0.0
SCS23,2952,1790682515,33.0,6.1114,100.3689,0.0
EMU31,2807,1790682515,0.0,5.3878,100.3727,0.0
EMU26,2842,1790682514,117.0,4.9693,100.7291,0.0
SCS19,weekday_2055,1790682500,80.0,3.0329,101.7087,0.0
ETS216,9233,1790682498,116.0,4.6969,101.1393,0.0
ETS207,9055,1790682497,122.0,4.0719,101.2761,0.0
ETS215,9135,1790682497,131.0,4.786,100.7681,0.0
EMU24,2846,1790682479,43.0,4.6047,101.0758,0.0
DMU09,38,1790682499,44.0,3.6616,102.3768,0.0
ETS204,9352,1790682497,24.0,3.6495,101.5493,0.0
SCS28,2857,1790682496,109.0,5.086,100.497,0.0
SCS10,weekday_2177,1790682495,37.0,3.3239,101.5722,0.0
DMU03,57,1790682497,35.0,5.303,102.0222,0.0
SCS32,weekday_2166,1790682566,95.0,3.4779,101.6394,0.0
ETS213,9133,1790682565,113.0,3.4816,101.6398,0.0
EMU28,2953,1790682549,30.0,5.3664,100.4471,0.0
DMU03,57,1790682542,2.0,5.3003,102.0202,0.0
EMU24,2846,1790682539,80.0,4.6104,101.0839,0.0
EMU35,2956,1790682523,24.0,5.3669,100.4449,0.0
ETS308,9531,1790682563,90.0,1.5369686,103.72391,0.0
ETS306,9532,1790682563,90.0,2.8168035,101.81697,0.0
ETS307,9533,1790682563,90.0,2.5801117,102.58865,0.0
ETS310,9428,1790682563,90.0,5.3706837,100.46916,0.0
SCS09,weekday_2169,1790682540,81.0,3.0543,101.5182,0.0
EMU29,2851,1790682521,25.0,4.7789,100.8541,0.0
SCS28,2857,1790682541,115.0,5.0741,100.5033,0.0
SCS21,weekday_2057,1790682622,0.0,2.9631,101.7918,0.0
ETS212,9136,1790682621,80.0,5.1423,100.4837,0.0
SCS29,weekday_2049,1790682621,0.0,2.8299,101.8268,0.0
ETS216,9233,1790682621,99.0,4.668,101.1324,0.0
SCS28,2857,1790682616,114.0,5.0541,100.5138,0.0
SCS11,weekday_2047,1790682577,6.0,2.7415,101.8716,0.0
DMU10(D6120),60,1790682616,16.0,5.3915,102.0479,0.0
SCS10,weekday_2177,1790682615,22.0,3.318,101.5749,0.0
EMU35,2956,1790682598,0.0,5.3666,100.4476,0.0
DMU06,39,1790682598,82.0,3.2345,102.4117,0.0
DMU03,57,1790682617,0.0,5.3002,102.0202,0.0
SCS09,weekday_2169,1790682615,0.0,3.0524,101.5121,0.0
EMU29,2851,1790682596,0.0,4.7783,100.8572,0.0
EMU28,2953,1790682594,92.0,5.3663,100.4398,0.0
EMU31,2807,1790682590,23.0,5.3906,100.3701,0.0
SCS04,weekday_2054,1790682573,22.0,3.1824,101.6887,0.0
ETS306,9532,1790682684,90.0,2.8185332,101.81849,0.0
ETS307,9533,1790682684,90.0,2.57846,102.61205,0.0
ETS310,9428,1790682684,90.0,5.4062,100.474106,0.0
ETS308,9531,1790682684,90.0,1.5379703,103.72185,0.0
DMU09,38,1790682679,35.0,3.6822,102.3754,0.0
DMU03,57,1790682677,25.0,5.2987,102.0196,0.0
SCS10,weekday_2177,1790682675,93.0,3.309,101.575,0.0
EMU24,2846,1790682699,105.0,4.6393,101.1104,0.0
SCS23,2952,1790682695,114.0,6.1385,100.3806,0.0
EMU31,2807,1790682695,0.0,5.3934,100.3663,0.0
SCS19,weekday_2055,1790682695,0.0,3.0227,101.7162,0.0
ETS207,9055,1790682677,118.0,4.0177,101.2914,0.0
DMU03,57,1790682722,33.0,5.2943,102.0189,0.0
SCS28,2857,1790682721,41.0,5.0303,100.5265,0.0
SCS10,weekday_2177,1790682720,82.0,3.2978,101.5751,0.0
EMU28,2953,1790682699,8.0,5.3641,100.4225,0.0
SCS29,weekday_2049,1790682696,0.0,2.8299,101.8268,0.0
ETS216,9233,1790682696,95.0,4.6523,101.1202,0.0
EMU24,2846,1790682699,105.0,4.6393,101.1104,0.0
SCS11,weekday_2047,1790682742,71.0,2.7392,101.8939,0.0
SCS23,2952,1790682725,113.0,6.1475,100.3803,0.0
EMU31,2807,1790682725,0.0,5.3934,100.3663,0.0
ETS215,9135,1790682722,133.0,4.7788,100.8434,0.0
SCS19,weekday_2055,1790682725,4.0,3.0227,101.7162,0.0
EMU26,2842,1790682724,116.0,5.0268,100.7185,0.0
DMU09,38,1790682724,44.0,3.6873,102.3747,0.0
SCS04,weekday_2054,1790682723,25.0,3.1972,101.6821,0.0
ETS207,9055,1790682722,81.0,4.0077,101.2997,0.0
ETS204,9352,1790682722,0.0,3.6846,101.518,0.0
DMU10(D6120),60,1790682721,55.0,5.3907,102.0606,0.0
SCS32,weekday_2166,1790682746,19.0,3.5014,101.6341,0.0
DMU13,58,1790682746,70.0,5.6639,102.1569,0.0
EMU29,2851,1790682746,6.0,4.778,100.8588,0.0
ETS213,9133,1790682745,115.0,3.4303,101.6308,0.0
EMU35,2956,1790682703,24.0,5.3654,100.4545,0.0
ETS206,9449,1790682698,118.0,2.454,102.3168,0.0
ETS307,9533,1790682805,90.0,2.5789616,102.61402,0.0
ETS308,9531,1790682805,90.0,1.5395182,103.71855,0.0
ETS310,9428,1790682805,90.0,5.444221,100.49203,0.0
ETS306,9532,1790682805,90.0,2.8367617,101.82908,0.0
ETS207,9055,1790682797,4.0,4.0056,101.302,0.0
SCS28,2857,1790682796,39.0,5.0281,100.5276,0.0
DMU10(D6120),60,1790682796,0.0,5.3903,102.0651,0.0
SCS10,weekday_2177,1790682795,72.0,3.2835,101.5676,0.0
EMU29,2851,1790682776,7.0,4.7778,100.8597,0.0
SCS38,weekday_2059,1790682774,53.0,3.2006,101.6793,0.0
EMU28,2953,1790682774,0.0,5.3643,100.4219,0.0
DMU09,38,1790682754,41.0,3.6911,102.3744,0.0
ETS206,9449,1790682773,124.0,2.4582,102.3413,0.0
ETS216,9233,1790682771,88.0,4.6372,101.1091,0.0
SCS29,weekday_2049,1790682771,0.0,2.8299,101.8268,0.0
SCS19,weekday_2055,1790682770,16.0,3.0201,101.7175,0.0
EMU26,2842,1790682769,116.0,5.0349,100.7075,0.0
SCS09,weekday_2169,1790682765,14.0,3.0515,101.5034,0.0
SCS21,weekday_2057,1790682772,62.0,2.945,101.7867,0.0
ETS212,9136,1790682771,0.0,5.1773,100.4792,0.0
EMU31,2807,1790682770,0.0,5.3934,100.3663,0.0
SCS23,2952,1790682770,114.0,6.161,100.3793,0.0
SCS10,weekday_2177,1790682855,69.0,3.2734,101.5617,0.0
SCS19,weekday_2055,1790682875,90.0,3.011,101.725,0.0
SCS23,2952,1790682860,28.0,6.1821,100.3756,0.0
SCS04,weekday_2054,1790682858,27.0,3.2035,101.6768,0.0
SCS09,weekday_2169,1790682855,24.0,3.0522,101.4974,0.0
EMU28,2953,1790682849,95.0,5.3685,100.4112,0.0
ETS216,9233,1790682846,87.0,4.6232,101.0982,0.0
DMU09,38,1790682859,27.0,3.7012,102.3731,0.0
EMU26,2842,1790682859,117.0,5.0393,100.6804,0.0
ETS207,9055,1790682857,47.0,4.0028,101.3044,0.0
ETS204,9352,1790682857,31.0,3.6881,101.5156,0.0
ETS215,9135,1790682857,131.0,4.7724,100.8896,0.0
DMU10(D6120),60,1790682856,22.0,5.3902,102.066,0.0
ETS204,9352,1790682902,127.0,3.6978,101.5044,0.0
EMU28,2953,1790682879,95.0,5.3713,100.4043,0.0
ETS207,9055,1790682932,104.0,3.9878,101.3104,0.0
ETS307,9533,1790682926,90.0,2.5789862,102.61402,0.0
ETS310,9428,1790682926,90.0,5.480255,100.49845,0.0
ETS308,9531,1790682926,90.0,1.540945,103.71585,0.0
ETS215,9135,1790682902,95.0,4.7744,100.901,0.0
SCS28,2857,1790682901,115.0,5.0216,100.5505,0.0
DMU13,58,1790682926,45.0,5.6958,102.152,0.0
EMU29,2851,1790682926,19.0,4.7772,100.8628,0.0
SCS32,weekday_2166,1790682926,87.0,3.5345,101.634,0.0
ETS306,9532,1790682926,90.0,2.8615239,101.82077,0.0
DMU10(D6120),60,1790682901,25.0,5.3901,102.071,0.0
SCS38,weekday_2059,1790682909,43.0,3.1949,101.6842,0.0
ETS206,9449,1790682908,113.0,2.461,102.3837,0.0
SCS21,weekday_2057,1790682907,22.0,2.9396,101.788,0.0
SCS11,weekday_2047,1790682907,41.0,2.7248,101.9178,0.0
ETS212,9136,1790682906,138.0,5.2298,100.4892,0.0
SCS29,weekday_2049,1790682906,60.0,2.8231,101.8211,0.0
DMU03,57,1790682902,25.0,5.2905,102.0059,0.0
ETS213,9133,1790682895,120.0,3.3911,101.6276,0.0
SCS19,weekday_2055,1790682890,71.0,3.0082,101.7264,0.0
DMU06,39,1790682883,67.0,3.1866,102.396,0.0
ETS216,9233,1790682906,86.0,4.6115,101.0908,0.0
EMU26,2842,1790682904,117.0,5.0391,100.6666,0.0
DMU09,38,1790682904,27.0,3.7043,102.3714,0.0
SCS04,weekday_2054,1790682903,0.0,3.2043,101.676,0.0
SCS19,weekday_2055,1790682935,73.0,3.0036,101.733,0.0
SCS09,weekday_2169,1790682960,10.0,3.0523,101.4934,0.0
ETS213,9133,1790682955,113.0,3.3774,101.6161,0.0
EMU28,2953,1790682984,66.0,5.3825,100.3831,0.0
EMU26,2842,1790682984,115.0,5.0414,100.6421,0.0
SCS38,weekday_2059,1790682984,44.0,3.1875,101.6896,0.0
ETS206,9449,1790682983,0.0,2.4618,102.3893,0.0
SCS21,weekday_2057,1790682982,58.0,2.9298,101.7941,0.0
SCS11,weekday_2047,1790682982,41.0,2.724,101.9239,0.0
ETS216,9233,1790682981,14.0,4.6081,101.0779,0.0
ETS212,9136,1790682981,133.0,5.2546,100.4837,0.0
SCS29,weekday_2049,1790682981,77.0,2.8139,101.8109,0.0
SCS23,2952,1790682980,116.0,6.1945,100.3689,0.0
DMU09,38,1790682979,18.0,3.7087,102.3679,0.0
SCS04,weekday_2054,1790682978,55.0,3.2118,101.6721,0.0
DMU03,57,1790682977,33.0,5.2836,102.0064,0.0
ETS207,9055,1790682977,117.0,3.9752,101.315,0.0
ETS204,9352,1790682977,119.0,3.7121,101.4854,0.0
ETS215,9135,1790682977,100.0,4.7752,100.9194,0.0
DMU10(D6120),60,1790682976,36.0,5.3885,102.0771,0.0
DMU06,39,1790682958,61.0,3.1736,102.3937,0.0
EMU29,2851,1790682956,26.0,4.7766,100.8649,0.0
SCS32,weekday_2166,1790682956,87.0,3.5412,101.6358,0.0
ETS215,9135,1790683037,23.0,4.7757,100.9307,0.0
DMU10(D6120),60,1790683036,49.0,5.3803,102.0812,0.0
ETS212,9136,1790683056,119.0,5.2787,100.4786,0.0
SCS29,weekday_2049,1790683056,44.0,2.8028,101.8003,0.0
ETS216,9233,1790683056,33.0,4.6013,101.075,0.0
SCS19,weekday_2055,1790683055,93.0,2.991,101.7577,0.0
SCS23,2952,1790683055,114.0,6.2167,100.3644,0.0
DMU09,38,1790683039,0.0,3.7099,102.3669,0.0
EMU28,2953,1790683029,40.0,5.3858,100.3768,0.0
SCS38,weekday_2059,1790683029,30.0,3.1826,101.6889,0.0
ETS206,9449,1790683058,60.0,2.4718,102.4118,0.0
SCS21,weekday_2057,1790683057,71.0,2.9172,101.7968,0.0
ETS308,9531,1790683047,90.0,1.5412372,103.715034,0.0
ETS310,9428,1790683047,90.0,5.4818087,100.49886,0.0
ETS307,9533,1790683047,90.0,2.582246,102.63023,0.0
ETS306,9532,1790683047,90.0,2.8829224,101.81094,0.0
SCS04,weekday_2054,1790683038,0.0,3.2138,101.6721,0.0
ETS204,9352,1790683037,111.0,3.7213,101.4698,0.0
SCS11,weekday_2047,1790683057,36.0,2.7215,101.9334,0.0
ETS212,9136,1790683086,119.0,5.2882,100.4821,0.0
SCS29,weekday_2049,1790683086,0.0,2.8018,101.7993,0.0
SCS19,weekday_2055,1790683085,89.0,2.9915,101.7647,0.0
DMU06,39,1790683108,68.0,3.1509,102.3768,0.0
SCS32,weekday_2166,1790683106,48.0,3.5554,101.6392,0.0
ETS213,9133,1790683105,26.0,3.3642,101.5932,0.0
DMU13,58,1790683106,28.0,5.7061,102.1519,0.0
SCS38,weekday_2059,1790683089,0.0,3.1816,101.6885,0.0
EMU29,2851,1790683106,91.0,4.7723,100.8889,0.0
EMU26,2842,1790683059,113.0,5.043,100.6196,0.0
SCS04,weekday_2054,1790683053,25.0,3.2143,101.6722,0.0
EMU28,2953,1790683089,7.0,5.3874,100.3735,0.0
ETS206,9449,1790683088,27.0,2.4735,102.4149,0.0
ETS216,9233,1790683086,0.0,4.6,101.0745,0.0
SCS23,2952,1790683085,114.0,6.2255,100.3626,0.0
DMU09,38,1790683084,0.0,3.7099,102.3669,0.0
EMU24,2846,1790683076,120.0,4.7341,101.1218,0.0
ETS215,9135,1790683052,6.0,4.776,100.9313,0.0
ETS204,9352,1790683052,108.0,3.7239,101.4671,0.0
SCS21,weekday_2057,1790683087,67.0,2.9117,101.7956,0.0
SCS11,weekday_2047,1790683087,27.0,2.7209,101.9359,0.0
DMU03,57,1790683082,37.0,5.2706,102.0094,0.0
ETS207,9055,1790683082,112.0,3.9473,101.3311,0.0
SCS28,2857,1790683081,115.0,5.0447,100.5978,0.0
SCS10,weekday_2177,1790683080,10.0,3.2575,101.5548,0.0
EMU28,2953,1790683134,17.0,5.3884,100.3721,0.0
SCS21,weekday_2057,1790683132,16.0,2.9074,101.7934,0.0
EMU29,2851,1790683136,97.0,4.7733,100.8964,0.0
EMU26,2842,1790683134,112.0,5.0447,100.5969,0.0
SCS38,weekday_2059,1790683134,0.0,3.1816,101.6885,0.0
ETS206,9449,1790683133,0.0,2.4741,102.4157,0.0
ETS216,9233,1790683131,0.0,4.6,101.0745,0.0
SCS23,2952,1790683130,103.0,6.2388,100.3599,0.0
EMU35,2956,1790683122,114.0,5.429,100.4846,0.0
DMU09,38,1790683114,10.0,3.7106,102.3663,0.0
DMU06,39,1790683138,40.0,3.1474,102.3742,0.0
ETS310,9428,1790683168,90.0,5.5031734,100.50459,0.0
ETS307,9533,1790683168,90.0,2.5834918,102.67043,0.0
ETS308,9531,1790683168,90.0,1.5412692,103.71501,0.0
ETS306,9532,1790683168,90.0,2.8881416,101.79942,0.0
ETS212,9136,1790683161,136.0,5.3095,100.4761,0.0
SCS29,weekday_2049,1790683161,71.0,2.7972,101.7963,0.0
SCS19,weekday_2055,1790683160,88.0,2.9933,101.7805,0.0
SCS04,weekday_2054,1790683158,41.0,3.2314,101.6755,0.0
DMU03,57,1790683157,0.0,5.2684,102.0096,0.0
ETS204,9352,1790683157,88.0,3.7441,101.4508,0.0
ETS215,9135,1790683157,68.0,4.78,100.9351,0.0
ETS207,9055,1790683157,111.0,3.9289,101.3418,0.0
DMU10(D6120),60,1790683156,9.0,5.3743,102.084,0.0
SCS10,weekday_2177,1790683155,57.0,3.2495,101.5567,0.0
SCS09,weekday_2169,1790683155,65.0,3.0453,101.4742,0.0
DMU13,58,1790683136,55.0,5.7093,102.1531,0.0
SCS32,weekday_2166,1790683136,81.0,3.5595,101.6359,0.0
SCS28,2857,1790683216,114.0,5.0417,100.6382,0.0
DMU10(D6120),60,1790683216,11.0,5.3725,102.085,0.0
SCS09,weekday_2169,1790683215,21.0,3.0372,101.4709,0.0
SCS10,weekday_2177,1790683215,87.0,3.2388,101.5603,0.0
SCS19,weekday_2055,1790683205,66.0,2.9895,101.7892,0.0
EMU29,2851,1790683242,99.0,4.7748,100.9228,0.0
SCS32,weekday_2166,1790683241,95.0,3.574,101.6141,0.0
DMU13,58,1790683241,76.0,5.7261,102.1595,0.0
ETS213,9133,1790683240,97.0,3.3576,101.5715,0.0
EMU28,2953,1790683239,14.0,5.3923,100.3682,0.0
SCS38,weekday_2059,1790683239,45.0,3.1771,101.6862,0.0
ETS206,9449,1790683238,4.0,2.4741,102.416,0.0
SCS21,weekday_2057,1790683237,16.0,2.9054,101.7874,0.0
SCS11,weekday_2047,1790683237,0.0,2.7194,101.9398,0.0
ETS216,9233,1790683236,0.0,4.5989,101.0731,0.0
SCS29,weekday_2049,1790683236,102.0,2.7786,101.8014,0.0
ETS212,9136,1790683236,129.0,5.3338,100.47,0.0
EMU24,2846,1790683236,118.0,4.7772,101.1032,0.0
SCS23,2952,1790683235,114.0,6.2694,100.3536,0.0
DMU09,38,1790683219,30.0,3.7175,102.3656,0.0
SCS04,weekday_2054,1790683218,28.0,3.2357,101.681,0.0
EMU35,2956,1790683197,111.0,5.4496,100.4925,0.0
DMU03,57,1790683217,39.0,5.2649,102.0098,0.0
ETS207,9055,1790683217,118.0,3.9127,101.3463,0.0
ETS206,9449,1790683238,4.0,2.4741,102.416,0.0
SCS04,weekday_2054,1790683263,0.0,3.2371,101.6812,0.0
SCS29,weekday_2049,1790683236,102.0,2.7786,101.8014,0.0
ETS204,9352,1790683262,115.0,3.7666,101.4358,0.0
SCS28,2857,1790683261,104.0,5.0413,100.6514,0.0
EMU35,2956,1790683257,108.0,5.4668,100.4966,0.0
EMU26,2842,1790683239,117.0,5.0335,100.5683,0.0
ETS207,9055,1790683232,111.0,3.9085,101.3487,0.0
ETS215,9135,1790683232,136.0,4.8008,100.9407,0.0
DMU03,57,1790683232,44.0,5.2631,102.0099,0.0
SCS21,weekday_2057,1790683237,16.0,2.9054,101.7874,0.0
SCS11,weekday_2047,1790683237,0.0,2.7194,101.9398,0.0
ETS307,9533,1790683289,90.0,2.5797267,102.711266,0.0
ETS308,9531,1790683289,90.0,1.5412991,103.71502,0.0
ETS310,9428,1790683289,90.0,5.542811,100.50235,0.0
ETS306,9532,1790683289,90.0,2.8924432,101.79455,0.0
DMU06,39,1790683288,0.0,3.1359,102.3705,0.0
ETS303,9535,1790683288,90.0,0.0027284583,0.0154984975,0.0
DMU13,58,1790683286,77.0,5.7349,102.1616,0.0
ETS213,9133,1790683285,111.0,3.3449,101.5726,0.0
EMU24,2846,1790683276,116.0,4.7876,101.097,0.0
ETS216,9233,1790683266,0.0,4.5989,101.0731,0.0
ETS212,9136,1790683266,102.0,5.3436,100.4696,0.0
SCS23,2952,1790683265,114.0,6.2785,100.3518,0.0
SCS19,weekday_2055,1790683265,7.0,2.9872,101.7905,0.0
DMU03,57,1790683337,37.0,5.2501,102.01,0.0
ETS216,9233,1790683311,0.0,4.5989,101.0731,0.0
ETS207,9055,1790683337,112.0,3.8894,101.374,0.0
DMU13,58,1790683316,72.0,5.7407,102.1599,0.0
SCS29,weekday_2049,1790683311,83.0,2.7623,101.8094,0.0
SCS23,2952,1790683310,115.0,6.2915,100.3491,0.0
SCS19,weekday_2055,1790683310,14.0,2.9854,101.7906,0.0
ETS213,9133,1790683315,89.0,3.3372,101.5727,0.0
EMU28,2953,1790683314,0.0,5.3932,100.3671,0.0
SCS38,weekday_2059,1790683314,19.0,3.1725,101.6848,0.0
ETS206,9449,1790683313,65.0,2.4767,102.4217,0.0
ETS212,9136,1790683311,0.0,5.3541,100.4657,0.0
SCS11,weekday_2047,1790683297,15.0,2.7185,101.9411,0.0
DMU09,38,1790683339,38.0,3.7297,102.3643,0.0
EMU24,2846,1790683296,119.0,4.793,101.0938,0.0
SCS04,weekday_2054,1790683338,0.0,3.2371,101.6812,0.0
ETS204,9352,1790683337,112.0,3.7895,101.434,0.0
ETS215,9135,1790683337,131.0,4.8325,100.9546,0.0
DMU10(D6120),60,1790683336,8.0,5.3704,102.0862,0.0
SCS32,weekday_2166,1790683316,106.0,3.5918,101.6066,0.0
EMU26,2842,1790683314,115.0,5.0208,100.5493,0.0
SCS09,weekday_2169,1790683380,25.0,3.0335,101.4664,0.0
SCS29,weekday_2049,1790683416,17.0,2.7548,101.824,0.0
DMU09,38,1790683399,41.0,3.7362,102.3632,0.0
SCS04,weekday_2054,1790683398,0.0,3.2371,101.6812,0.0
DMU03,57,1790683397,0.0,5.2487,102.0098,0.0
SCS23,2952,1790683385,114.0,6.3136,100.3445,0.0
EMU24,2846,1790683376,115.0,4.8117,101.0788,0.0
ETS204,9352,1790683352,114.0,3.793,101.4321,0.0
ETS308,9531,1790683410,90.0,1.5410123,103.71585,0.0
ETS306,9532,1790683410,90.0,2.8924463,101.79455,0.0
ETS307,9533,1790683410,90.0,2.5597968,102.74727,0.0
ETS310,9428,1790683410,90.0,5.5842524,100.49514,0.0
ETS303,9535,1790683410,90.0,3.1275656,101.680954,0.0
ETS215,9135,1790683397,134.0,4.841,100.9733,0.0
SCS28,2857,1790683396,114.0,5.0394,100.6915,0.0
DMU10(D6120),60,1790683396,49.0,5.3666,102.0882,0.0
SCS10,weekday_2177,1790683395,28.0,3.207,101.5776,0.0
DMU03,57,1790683442,39.0,5.2461,102.0094,0.0
SCS38,weekday_2059,1790683468,22.0,3.1655,101.6909,0.0
SCS28,2857,1790683441,114.0,5.036,100.7045,0.0
SCS32,weekday_2166,1790683466,104.0,3.6169,101.5781,0.0
SCS09,weekday_2169,1790683440,24.0,3.0342,101.4621,0.0
SCS10,weekday_2177,1790683440,3.0,3.2061,101.5809,0.0
ETS213,9133,1790683435,70.0,3.3197,101.5749,0.0
SCS21,weekday_2057,1790683447,7.0,2.904,101.7864,0.0
ETS216,9233,1790683446,67.0,4.5802,101.0671,0.0
SCS04,weekday_2054,1790683443,0.0,3.2371,101.6812,0.0
ETS215,9135,1790683442,132.0,4.8445,100.9883,0.0
ETS207,9055,1790683412,117.0,3.8709,101.3793,0.0
DMU13,58,1790683466,64.0,5.7617,102.15,0.0
ETS212,9136,1790683416,0.0,5.3665,100.4477,0.0
EMU26,2842,1790683464,0.0,5.0287,100.5272,0.0
SCS23,2952,1790683445,114.0,6.3284,100.3344,0.0
SCS11,weekday_2047,1790683447,84.0,2.7047,101.9541,0.0
ETS204,9352,1790683442,120.0,3.8145,101.4134,0.0
DMU09,38,1790683414,39.0,3.7379,102.3628,0.0
DMU13,58,1790683496,66.0,5.7635,102.1452,0.0
SCS32,weekday_2166,1790683496,103.0,3.6217,101.5716,0.0
ETS213,9133,1790683495,96.0,3.3059,101.5751,0.0
EMU26,2842,1790683494,1.0,5.0287,100.5272,0.0
ETS216,9233,1790683491,97.0,4.5709,101.0632,0.0
DMU03,57,1790683487,45.0,5.2401,102.0093,0.0
SCS21,weekday_2057,1790683492,0.0,2.9021,101.7854,0.0
ETS310,9428,1790683531,90.0,5.6248894,100.49415,0.0
ETS308,9531,1790683531,90.0,1.5410274,103.71578,0.0
ETS306,9532,1790683531,90.0,2.8928864,101.79391,0.0
ETS307,9533,1790683531,90.0,2.534679,102.77736,0.0
ETS303,9535,1790683531,90.0,3.1215427,101.67923,0.0
ETS215,9135,1790683517,136.0,4.84,101.0134,0.0
ETS207,9055,1790683517,114.0,3.8455,101.3904,0.0
SCS28,2857,1790683516,114.0,5.0228,100.7225,0.0
SCS10,weekday_2177,1790683515,43.0,3.2056,101.5822,0.0
SCS09,weekday_2169,1790683515,24.0,3.0358,101.4569,0.0
SCS19,weekday_2055,1790683505,0.0,2.9816,101.7904,0.0
EMU24,2846,1790683496,0.0,4.8188,101.071,0.0
SCS23,2952,1790683490,114.0,6.3393,100.3264,0.0
ETS212,9136,1790683491,0.0,5.3663,100.447,0.0
SCS29,weekday_2049,1790683491,0.0,2.754,101.8273,0.0
SCS11,weekday_2047,1790683597,0.0,2.6913,101.9716,0.0
ETS212,9136,1790683596,67.0,5.3663,100.4398,0.0
ETS207,9055,1790683577,77.0,3.8312,101.3997,0.0
SCS28,2857,1790683576,115.0,5.0086,100.7334,0.0
DMU10(D6120),60,1790683576,64.0,5.3585,102.1067,0.0
SCS09,weekday_2169,1790683575,39.0,3.0393,101.4538,0.0
SCS23,2952,1790683565,114.0,6.3573,100.3129,0.0
ETS215,9135,1790683547,137.0,4.8333,101.0214,0.0
DMU03,57,1790683532,41.0,5.2343,102.0098,0.0
SCS11,weekday_2047,1790683597,0.0,2.6913,101.9716,0.0
ETS212,9136,1790683596,67.0,5.3663,100.4398,0.0
ETS207,9055,1790683622,0.0,3.827,101.4024,0.0
ETS216,9233,1790683622,21.0,4.5436,101.0541,0.0
ETS213,9133,1790683600,71.0,3.2846,101.5687,0.0
EMU26,2842,1790683599,115.0,5.0483,100.5169,0.0
ETS310,9428,1790683652,90.0,5.642526,100.49093,0.0
ETS308,9531,1790683652,90.0,1.541318,103.71505,0.0
ETS306,9532,1790683652,90.0,2.8928823,101.79392,0.0
ETS307,9533,1790683652,90.0,2.5161715,102.806786,0.0
ETS303,9535,1790683652,90.0,3.112793,101.6828,0.0
SCS38,weekday_2059,1790683648,6.0,3.1541,101.6928,0.0
EMU29,2851,1790683647,118.0,4.8401,100.9704,0.0
DMU09,38,1790683624,42.0,3.7604,102.3585,0.0
SCS04,weekday_2054,1790683623,0.0,3.2371,101.6812,0.0
ETS204,9352,1790683622,124.0,3.8569,101.3788,0.0
SCS23,2952,1790683610,67.0,6.3667,100.3058,0.0
SCS19,weekday_2055,1790683610,0.0,2.9816,101.7904,0.0
SCS32,weekday_2166,1790683601,26.0,3.6306,101.564,0.0
DMU13,58,1790683601,73.0,5.7802,102.1434,0.0
EMU35,2956,1790683599,111.0,5.5368,100.5036,0.0
SCS21,weekday_2057,1790683597,11.0,2.9035,101.7861,0.0
SCS29,weekday_2049,1790683596,24.0,2.7525,101.8323,0.0
SCS32,weekday_2166,1790683676,25.0,3.6353,101.5607,0.0
DMU13,58,1790683676,70.0,5.7943,102.1452,0.0
SCS10,weekday_2177,1790683695,87.0,3.2049,101.6147,0.0
SCS38,weekday_2059,1790683678,0.0,3.1539,101.6926,0.0
SCS04,weekday_2054,1790683653,0.0,3.2371,101.6812,0.0
DMU06,39,1790683663,78.0,3.0749,102.3712,0.0
SCS21,weekday_2057,1790683777,0.0,2.9049,101.7869,0.0
ETS212,9136,1790683776,88.0,5.3729,100.4012,0.0
SCS29,weekday_2049,1790683776,64.0,2.7423,101.8686,0.0
SCS23,2952,1790683775,116.0,6.3851,100.2921,0.0
SCS19,weekday_2055,1790683775,0.0,2.9816,101.7904,0.0
ETS204,9352,1790683772,118.0,3.8934,101.3656,0.0
DMU09,38,1790683759,41.0,3.7774,102.3591,0.0
ETS215,9135,1790683742,132.0,4.8106,101.0795,0.0
ETS308,9531,1790683773,90.0,1.5413427,103.71494,0.0
ETS306,9532,1790683773,90.0,2.8936253,101.792595,0.0
ETS310,9428,1790683773,90.0,5.646183,100.49154,0.0
ETS303,9535,1790683773,90.0,3.1031096,101.699684,0.0
ETS307,9533,1790683773,90.0,2.5071783,102.81402,0.0
DMU03,57,1790683757,35.0,5.2161,102.0124,0.0
ETS204,9352,1790683802,110.0,3.9002,101.3597,0.0
ETS207,9055,1790683802,120.0,3.8084,101.4183,0.0
DMU13,58,1790683826,0.0,5.8064,102.1468,0.0
EMU35,2956,1790683824,110.0,5.6015,100.4941,0.0
EMU31,2861,1790683805,0.0,5.3936,100.3662,0.0
ETS215,9135,1790683802,136.0,4.7946,101.0928,0.0
EMU29,2851,1790683782,113.0,4.8413,101.0098,0.0
DMU10(D6120),60,1790683801,47.0,5.3334,102.1199,0.0
SCS28,2857,1790683801,114.0,4.9431,100.7216,0.0
SCS38,weekday_2059,1790683828,14.0,3.1444,101.693,0.0
ETS212,9136,1790683806,85.0,5.3758,100.3955,0.0
SCS29,weekday_2049,1790683806,17.0,2.7412,101.8724,0.0
DMU09,38,1790683804,42.0,3.7829,102.3593,0.0
SCS04,weekday_2054,1790683803,0.0,3.2371,101.6812,0.0
DMU03,57,1790683802,0.0,5.2139,102.0125,0.0
ETS308,9531,1790683773,90.0,1.5413427,103.71494,0.0
ETS306,9532,1790683773,90.0,2.8936253,101.792595,0.0
ETS310,9428,1790683773,90.0,5.646183,100.49154,0.0
ETS303,9535,1790683773,90.0,3.1031096,101.699684,0.0
SCS10,weekday_2177,1790683800,0.0,3.2086,101.629,0.0
SCS32,weekday_2166,1790683781,25.0,3.6414,101.557,0.0
ETS213,9133,1790683780,25.0,3.2615,101.5563,0.0
ETS307,9533,1790683773,90.0,2.5071783,102.81402,0.0
SCS21,weekday_2057,1790683777,0.0,2.9049,101.7869,0.0
SCS19,weekday_2055,1790683775,0.0,2.9816,101.7904,0.0
SCS23,2952,1790683775,116.0,6.3851,100.2921,0.0
ETS303,9535,1790683894,90.0,3.0985928,101.70533,0.0
ETS307,9533,1790683894,90.0,2.5066504,102.814545,0.0
ETS310,9428,1790683894,90.0,5.6812816,100.499695,0.0
EMU31,2861,1790683850,8.0,5.3934,100.3666,0.0
ETS308,9531,1790683894,90.0,1.5412492,103.71502,0.0
ETS306,9532,1790683894,90.0,2.9001658,101.78585,0.0
SCS38,weekday_2059,1790683888,18.0,3.1406,101.6941,0.0
EMU29,2851,1790683887,114.0,4.8234,101.0352,0.0
DMU13,58,1790683886,1.0,5.8062,102.1468,0.0
SCS32,weekday_2166,1790683886,25.0,3.6474,101.5519,0.0
ETS213,9133,1790683885,66.0,3.2505,101.5561,0.0
EMU24,2846,1790683884,118.0,4.8441,101.0017,0.0
EMU26,2842,1790683882,82.0,5.1259,100.4872,0.0
SCS21,weekday_2057,1790683882,0.0,2.9049,101.7869,0.0
ETS212,9136,1790683881,70.0,5.3835,100.3811,0.0
SCS23,2952,1790683880,114.0,6.4116,100.2753,0.0
DMU09,38,1790683879,47.0,3.7923,102.3597,0.0
DMU10(D6120),60,1790683876,0.0,5.3295,102.1216,0.0
SCS28,2857,1790683876,114.0,4.9211,100.7167,0.0
EMU35,2956,1790683854,111.0,5.6101,100.496,0.0
SCS29,weekday_2049,1790683851,4.0,2.7412,101.8726,0.0
ETS207,9055,1790683832,107.0,3.8017,101.4235,0.0
ETS308,9531,1790683894,90.0,1.5412492,103.71502,0.0
ETS303,9535,1790683894,90.0,3.0985928,101.70533,0.0
ETS306,9532,1790683894,90.0,2.9001658,101.78585,0.0
ETS310,9428,1790683894,90.0,5.6812816,100.499695,0.0
ETS307,9533,1790683894,90.0,2.5066504,102.814545,0.0
EMU24,2846,1790683964,117.0,4.8422,100.9781,0.0
EMU35,2956,1790683959,72.0,5.6378,100.4892,0.0
SCS21,weekday_2057,1790683957,0.0,2.9049,101.7869,0.0
EMU26,2842,1790683957,0.0,5.1308,100.4861,0.0
SCS11,weekday_2047,1790683957,66.0,2.6578,102.0028,0.0
ETS204,9352,1790683952,118.0,3.9383,101.3386,0.0
ETS215,9135,1790683952,134.0,4.7504,101.1201,0.0
DMU06,39,1790683948,67.0,3.0235,102.3795,0.0
SCS19,weekday_2055,1790683940,0.0,2.9816,101.7904,0.0
DMU10(D6120),60,1790683936,45.0,5.3267,102.1232,0.0
SCS28,2857,1790683981,37.0,4.8975,100.7193,0.0
DMU10(D6120),60,1790683981,38.0,5.3223,102.1268,0.0
SCS09,weekday_2169,1790683975,32.0,3.0351,101.4262,0.0
ETS213,9133,1790683975,101.0,3.2309,101.5597,0.0
EMU24,2846,1790683964,117.0,4.8422,100.9781,0.0
SCS38,weekday_2059,1790683963,0.0,3.1392,101.6937,0.0
EMU35,2956,1790683959,72.0,5.6378,100.4892,0.0
ETS308,9531,1790684015,90.0,1.5409181,103.715805,0.0
ETS303,9535,1790684015,90.0,3.096164,101.70837,0.0
ETS307,9533,1790684015,90.0,2.497889,102.829636,0.0
ETS306,9532,1790684015,90.0,2.9057093,101.7899,0.0
SCS21,weekday_2057,1790683957,0.0,2.9049,101.7869,0.0
ETS310,9428,1790684015,90.0,5.7200274,100.51502,0.0
EMU26,2842,1790683987,63.0,5.1332,100.4857,0.0
SCS29,weekday_2049,1790683986,70.0,2.7397,101.8936,0.0
SCS11,weekday_2047,1790683957,66.0,2.6578,102.0028,0.0
ETS212,9136,1790683986,4.0,5.3879,100.3725,0.0
EMU31,2861,1790683985,47.0,5.3866,100.3752,0.0
SCS04,weekday_2054,1790683983,0.0,3.2371,101.6812,0.0
DMU03,57,1790683982,47.0,5.1985,102.0144,0.0
DMU09,38,1790683984,27.0,3.805,102.3592,0.0
ETS204,9352,1790683982,113.0,3.9451,101.3334,0.0
ETS215,9135,1790683982,135.0,4.7398,101.1217,0.0
EMU29,2851,1790683980,103.0,4.8241,101.0614,0.0
SCS09,weekday_2169,1790684035,23.0,3.0342,101.4252,0.0
SCS11,weekday_2047,1790684062,83.0,2.6539,102.0236,0.0
DMU03,57,1790684057,40.0,5.189,102.0113,0.0
EMU29,2851,1790684055,19.0,4.8191,101.0705,0.0
SCS38,weekday_2059,1790684038,9.0,3.1369,101.6913,0.0
ETS213,9133,1790684035,101.0,3.217,101.5682,0.0
SCS29,weekday_2049,1790684031,96.0,2.7309,101.899,0.0
SCS04,weekday_2054,1790684013,0.0,3.2371,101.6812,0.0
ETS308,9531,1790684015,90.0,1.5409181,103.715805,0.0
ETS303,9535,1790684015,90.0,3.096164,101.70837,0.0
ETS310,9428,1790684015,90.0,5.7200274,100.51502,0.0
ETS306,9532,1790684015,90.0,2.9057093,101.7899,0.0
ETS307,9533,1790684015,90.0,2.497889,102.829636,0.0
EMU24,2846,1790684064,117.0,4.8279,100.9522,0.0
EMU33,2954,1790684038,105.0,6.0973,100.3701,0.0
ETS207,9055,1790684027,78.0,3.7525,101.4436,0.0
EMU24,2846,1790684144,111.0,4.8057,100.9467,0.0
SCS10,weekday_2177,1790684141,67.0,3.193,101.6529,0.0
SCS21,weekday_2057,1790684137,78.0,2.8914,101.7954,0.0
EMU26,2842,1790684137,30.0,5.1689,100.4797,0.0
SCS11,weekday_2047,1790684137,97.0,2.6407,102.0366,0.0
ETS212,9136,1790684136,0.0,5.3915,100.3696,0.0
SCS29,weekday_2049,1790684136,61.0,2.7241,101.9188,0.0
EMU31,2861,1790684135,97.0,5.3705,100.4061,0.0
DMU03,57,1790684117,41.0,5.1823,102.0113,0.0
ETS215,9135,1790684117,137.0,4.6994,101.1378,0.0
ETS213,9133,1790684110,26.0,3.208,101.5761,0.0
ETS307,9533,1790684136,90.0,2.4905345,102.86834,0.0
ETS308,9531,1790684136,90.0,1.5409921,103.71575,0.0
ETS310,9428,1790684136,90.0,5.758833,100.49962,0.0
ETS304,9138,1790684136,90.0,0.0027284583,0.0154984975,0.0
ETS303,9535,1790684136,90.0,3.0878446,101.71176,0.0
ETS306,9532,1790684136,90.0,2.9165757,101.79777,0.0
SCS04,weekday_2054,1790684118,0.0,3.2371,101.6812,0.0
ETS204,9352,1790684117,126.0,3.9823,101.3124,0.0
ETS207,9055,1790684117,82.0,3.7431,101.4518,0.0
DMU10(D6120),60,1790684116,13.0,5.3178,102.1335,0.0
SCS28,2857,1790684116,116.0,4.8807,100.7214,0.0
EMU29,2851,1790684115,34.0,4.8184,101.0717,0.0
ETS206,9449,1790684108,73.0,2.5783,102.6077,0.0
SCS21,weekday_2057,1790684167,75.0,2.8874,101.7999,0.0
ETS212,9136,1790684166,0.0,5.3915,100.3696,0.0
SCS29,weekday_2049,1790684166,69.0,2.724,101.9239,0.0
ETS213,9133,1790684155,20.0,3.2067,101.579,0.0
ETS215,9135,1790684132,135.0,4.6949,101.1403,0.0
ETS207,9055,1790684192,77.0,3.7282,101.4589,0.0
EMU35,2956,1790684139,111.0,5.6591,100.4928,0.0
DMU03,57,1790684192,18.0,5.1751,102.0093,0.0
ETS307,9533,1790684136,90.0,2.4905345,102.86834,0.0
EMU29,2851,1790684190,113.0,4.8057,101.0833,0.0
SCS32,weekday_2166,1790684186,35.0,3.678,101.5255,0.0
ETS308,9531,1790684136,90.0,1.5409921,103.71575,0.0
ETS310,9428,1790684136,90.0,5.758833,100.49962,0.0
ETS304,9138,1790684136,90.0,0.0027284583,0.0154984975,0.0
ETS303,9535,1790684136,90.0,3.0878446,101.71176,0.0
ETS306,9532,1790684136,90.0,2.9165757,101.79777,0.0
SCS19,weekday_2055,1790684165,0.0,2.9815,101.7904,0.0
DMU09,38,1790684194,18.0,3.8134,102.3599,0.0
EMU26,2842,1790684152,1.0,5.1696,100.4797,0.0
SCS04,weekday_2054,1790684193,0.0,3.2371,101.6812,0.0
ETS216,9233,1790684192,0.0,4.4605,101.0492,0.0
SCS38,weekday_2059,1790684143,0.0,3.135,101.6882,0.0
ETS204,9352,1790684192,131.0,4.006,101.3014,0.0
EMU31,2861,1790684165,89.0,5.3678,100.413,0.0
SCS23,2952,1790684165,114.0,6.4642,100.2572,0.0
SCS28,2857,1790684191,96.0,4.8629,100.7316,0.0
ETS206,9449,1790684168,1.0,2.5799,102.6144,0.0
SCS11,weekday_2047,1790684167,100.0,2.6366,102.0431,0.0
ETS310,9428,1790684257,90.0,5.79818,100.482925,0.0
ETS306,9532,1790684257,90.0,2.9396703,101.78821,0.0
ETS308,9531,1790684257,90.0,1.5412052,103.71514,0.0
ETS215,9135,1790684252,134.0,4.6584,101.1246,0.0
SCS09,weekday_2169,1790684245,29.0,3.0196,101.4094,0.0
EMU26,2842,1790684242,92.0,5.1778,100.4795,0.0
SCS21,weekday_2057,1790684242,68.0,2.8815,101.8124,0.0
ETS212,9136,1790684241,0.0,5.3915,100.3696,0.0
SCS29,weekday_2049,1790684241,32.0,2.7211,101.9351,0.0
SCS23,2952,1790684240,114.0,6.4862,100.2536,0.0
EMU31,2861,1790684240,0.0,5.3646,100.4213,0.0
DMU09,38,1790684194,18.0,3.8134,102.3599,0.0
ETS216,9233,1790684192,0.0,4.4605,101.0492,0.0
ETS204,9352,1790684192,131.0,4.006,101.3014,0.0
ETS304,9138,1790684257,90.0,3.1369123,101.693306,0.0
ETS307,9533,1790684257,90.0,2.4755065,102.905205,0.0
ETS303,9535,1790684257,90.0,3.0755987,101.712006,0.0
SCS29,weekday_2049,1790684301,20.0,2.7189,101.9405,0.0
SCS19,weekday_2055,1790684300,0.0,2.9815,101.7905,0.0
ETS308,9531,1790684257,90.0,1.5412052,103.71514,0.0
ETS306,9532,1790684257,90.0,2.9396703,101.78821,0.0
SCS23,2952,1790684285,114.0,6.4997,100.2534,0.0
ETS307,9533,1790684257,90.0,2.4755065,102.905205,0.0
ETS310,9428,1790684257,90.0,5.79818,100.482925,0.0
ETS304,9138,1790684257,90.0,3.1369123,101.693306,0.0
ETS303,9535,1790684257,90.0,3.0755987,101.712006,0.0
EMU31,2861,1790684300,0.0,5.3646,100.4213,0.0
SCS10,weekday_2177,1790684291,5.0,3.1861,101.6647,0.0
ETS213,9133,1790684275,25.0,3.2062,101.5804,0.0
DMU09,38,1790684314,6.0,3.8194,102.3607,0.0
SCS04,weekday_2054,1790684313,0.0,3.2371,101.6812,0.0
ETS216,9233,1790684312,0.0,4.4607,101.0487,0.0
ETS215,9135,1790684312,130.0,4.6414,101.112,0.0
DMU10(D6120),60,1790684311,16.0,5.313,102.1424,0.0
EMU35,2956,1790684311,114.0,5.7066,100.5113,0.0
EMU29,2851,1790684310,111.0,4.7765,101.1038,0.0
SCS38,weekday_2059,1790684308,5.0,3.1315,101.6826,0.0
SCS32,weekday_2166,1790684306,0.0,3.6848,101.5181,0.0
DMU13,58,1790684306,0.0,5.8063,102.1467,0.0
EMU24,2846,1790684304,0.0,4.7762,100.9319,0.0
SCS09,weekday_2169,1790684305,36.0,3.0148,101.4043,0.0
ETS206,9449,1790684288,0.0,2.5797,102.6143,0.0
SCS11,weekday_2047,1790684302,100.0,2.6233,102.0749,0.0
SCS21,weekday_2057,1790684287,68.0,2.8739,101.8173,0.0
EMU26,2842,1790684287,113.0,5.1905,100.4799,0.0
SCS28,2857,1790684266,0.0,4.8534,100.7326,0.0
DMU06,39,1790684263,72.0,2.9647,102.4008,0.0
ETS204,9352,1790684252,139.0,4.0234,101.289,0.0
ETS207,9055,1790684252,107.0,3.7193,101.4716,0.0
ETS212,9136,1790684271,0.0,5.3915,100.3696,0.0
ETS310,9428,1790684378,90.0,5.840287,100.47769,0.0
ETS303,9535,1790684378,90.0,3.073835,101.71073,0.0
ETS307,9533,1790684378,90.0,2.4714966,102.94496,0.0
ETS306,9532,1790684378,90.0,2.9679525,101.79128,0.0
ETS308,9531,1790684378,90.0,1.5412126,103.715096,0.0
ETS304,9138,1790684378,90.0,3.1391017,101.694664,0.0
EMU33,2954,1790684323,118.0,6.1424,100.3806,0.0
SCS32,weekday_2166,1790684321,0.0,3.6848,101.5181,0.0
ETS213,9133,1790684320,23.0,3.2047,101.584,0.0
SCS10,weekday_2177,1790684321,0.0,3.1861,101.6647,0.0
DMU13,58,1790684321,0.0,5.8063,102.1467,0.0
SCS09,weekday_2169,1790684320,9.0,3.0141,101.4035,0.0
ETS206,9449,1790684318,0.0,2.5798,102.6144,0.0
SCS11,weekday_2047,1790684317,103.0,2.6201,102.0773,0.0
SCS21,weekday_2057,1790684317,66.0,2.8689,101.8189,0.0
EMU26,2842,1790684317,116.0,5.1987,100.484,0.0
SCS29,weekday_2049,1790684316,0.0,2.7187,101.9407,0.0
EMU31,2861,1790684315,17.0,5.3645,100.4216,0.0
SCS23,2952,1790684315,110.0,6.5086,100.2543,0.0
ETS207,9055,1790684312,110.0,3.7111,101.4872,0.0
SCS23,2952,1790684405,0.0,6.5232,100.2568,0.0
SCS19,weekday_2055,1790684375,0.0,2.9815,101.7905,0.0
ETS204,9352,1790684432,111.0,4.0808,101.2727,0.0
ETS207,9055,1790684432,86.0,3.6878,101.5151,0.0
EMU29,2851,1790684430,121.0,4.7461,101.1213,0.0
EMU33,2954,1790684413,113.0,6.1702,100.3787,0.0
ETS307,9533,1790684378,90.0,2.4714966,102.94496,0.0
ETS303,9535,1790684378,90.0,3.073835,101.71073,0.0
ETS306,9532,1790684378,90.0,2.9679525,101.79128,0.0
ETS308,9531,1790684378,90.0,1.5412126,103.715096,0.0
ETS310,9428,1790684378,90.0,5.840287,100.47769,0.0
ETS304,9138,1790684378,90.0,3.1391017,101.694664,0.0
ETS213,9133,1790684410,91.0,3.201,101.5997,0.0
DMU06,39,1790684398,74.0,2.9388,102.3962,0.0
SCS10,weekday_2177,1790684411,99.0,3.1765,101.6805,0.0
SCS09,weekday_2169,1790684410,79.0,3.0101,101.3992,0.0
ETS216,9233,1790684432,41.0,4.4541,101.0521,0.0
DMU03,57,1790684432,31.0,5.1727,102.0228,0.0
SCS28,2857,1790684431,116.0,4.8258,100.7373,0.0
EMU35,2956,1790684431,111.0,5.7414,100.5067,0.0
DMU10(D6120),60,1790684431,44.0,5.3063,102.1501,0.0
SCS38,weekday_2059,1790684413,18.0,3.125,101.6782,0.0
SCS21,weekday_2057,1790684437,70.0,2.8552,101.8218,0.0
EMU26,2842,1790684437,116.0,5.2334,100.4886,0.0
SCS29,weekday_2049,1790684436,9.0,2.7185,101.941,0.0
EMU31,2861,1790684435,52.0,5.3668,100.4447,0.0
DMU09,38,1790684434,7.0,3.8222,102.361,0.0
SCS04,weekday_2054,1790684433,0.0,3.2371,101.6812,0.0
ETS215,9135,1790684432,74.0,4.6137,101.0919,0.0
EMU31,2861,1790684480,0.0,5.3664,100.4472,0.0
ETS215,9135,1790684477,66.0,4.6101,101.0849,0.0
ETS213,9133,1790684455,99.0,3.2008,101.6104,0.0
SCS09,weekday_2169,1790684455,19.0,3.0048,101.3936,0.0
EMU24,2846,1790684444,98.0,4.7748,100.9224,0.0
SCS11,weekday_2047,1790684452,35.0,2.5949,102.0936,0.0
SCS29,weekday_2049,1790684451,12.0,2.7182,101.9415,0.0
ETS310,9428,1790684499,90.0,5.8827634,100.47778,0.0
ETS308,9531,1790684499,90.0,1.5412021,103.71507,0.0
ETS304,9138,1790684499,90.0,3.1400003,101.69487,0.0
ETS204,9352,1790684447,113.0,4.0851,101.2716,0.0
ETS216,9233,1790684447,48.0,4.4523,101.0529,0.0
ETS303,9535,1790684499,90.0,3.0458457,101.708,0.0
ETS306,9532,1790684499,90.0,2.9811776,101.79153,0.0
ETS307,9533,1790684499,90.0,2.4486325,102.98131,0.0
DMU09,38,1790684494,19.0,3.825,102.3622,0.0
SCS04,weekday_2054,1790684493,0.0,3.2372,101.6813,0.0
SCS38,weekday_2059,1790684443,19.0,3.1231,101.6781,0.0
DMU06,39,1790684443,76.0,2.9298,102.3953,0.0
EMU33,2954,1790684443,90.0,6.1785,100.3775,0.0
ETS207,9055,1790684492,0.0,3.6862,101.5168,0.0
EMU26,2842,1790684437,116.0,5.2334,100.4886,0.0
DMU03,57,1790684492,48.0,5.1728,102.0297,0.0
DMU10(D6120),60,1790684491,24.0,5.3076,102.1565,0.0
SCS28,2857,1790684491,111.0,4.8086,100.742,0.0
EMU35,2956,1790684491,115.0,5.7579,100.4998,0.0
EMU29,2851,1790684490,114.0,4.7278,101.1221,0.0
SCS23,2952,1790684480,93.0,6.5293,100.2578,0.0
ETS206,9449,1790684438,0.0,2.5798,102.6143,0.0
ETS306,9532,1790684499,90.0,2.9811776,101.79153,0.0
ETS307,9533,1790684499,90.0,2.4486325,102.98131,0.0
ETS303,9535,1790684499,90.0,3.0458457,101.708,0.0
DMU09,38,1790684494,19.0,3.825,102.3622,0.0
SCS04,weekday_2054,1790684553,0.0,3.2372,101.6813,0.0
ETS213,9133,1790684545,93.0,3.2088,101.6288,0.0
ETS204,9352,1790684492,115.0,4.0985,101.2688,0.0
ETS216,9233,1790684492,43.0,4.4464,101.0556,0.0
ETS207,9055,1790684492,0.0,3.6862,101.5168,0.0
DMU03,57,1790684492,48.0,5.1728,102.0297,0.0
ETS206,9449,1790684543,77.0,2.5825,102.6284,0.0
SCS29,weekday_2049,1790684541,86.0,2.7129,101.9494,0.0
EMU33,2954,1790684533,17.0,6.1839,100.3744,0.0
SCS11,weekday_2047,1790684512,0.0,2.5937,102.0943,0.0
SCS21,weekday_2057,1790684527,45.0,2.8414,101.827,0.0
SCS09,weekday_2169,1790684545,8.0,3.0013,101.3908,0.0
SCS23,2952,1790684540,115.0,6.5469,100.2599,0.0
EMU31,2861,1790684540,9.0,5.3664,100.4474,0.0
SCS19,weekday_2055,1790684525,22.0,2.979,101.7904,0.0
ETS310,9428,1790684499,90.0,5.8827634,100.47778,0.0
ETS308,9531,1790684499,90.0,1.5412021,103.71507,0.0
ETS304,9138,1790684499,90.0,3.1400003,101.69487,0.0
ETS206,9449,1790684558,89.0,2.5831,102.6316,0.0
SCS28,2857,1790684581,115.0,4.7897,100.7605,0.0
ETS307,9533,1790684620,90.0,2.4150524,103.00436,0.0
ETS310,9428,1790684620,90.0,5.9227715,100.46558,0.0
ETS306,9532,1790684620,90.0,2.990874,101.78599,0.0
ETS308,9531,1790684620,90.0,1.5410415,103.715805,0.0
ETS303,9535,1790684619,90.0,3.029398,101.71245,0.0
ETS304,9138,1790684619,90.0,3.1459572,101.69228,0.0
ETS207,9055,1790684582,57.0,3.6818,101.5214,0.0
SCS23,2952,1790684585,114.0,6.5604,100.2594,0.0
ETS204,9352,1790684582,123.0,4.115,101.2467,0.0
EMU24,2846,1790684586,117.0,4.7715,100.8855,0.0
DMU13,58,1790684576,0.0,5.8063,102.1467,0.0
EMU26,2842,1790684572,112.0,5.2734,100.4796,0.0
DMU03,57,1790684582,28.0,5.169,102.0369,0.0
SCS29,weekday_2049,1790684571,84.0,2.7072,101.9526,0.0
EMU31,2861,1790684570,62.0,5.3659,100.4508,0.0
ETS213,9133,1790684575,102.0,3.2048,101.6353,0.0
SCS11,weekday_2047,1790684572,72.0,2.5884,102.0975,0.0
ETS216,9233,1790684567,63.0,4.4375,101.0598,0.0
SCS19,weekday_2055,1790684555,24.0,2.9768,101.7904,0.0
DMU09,38,1790684674,28.0,3.8424,102.3615,0.0
SCS04,weekday_2054,1790684673,0.0,3.2372,101.6813,0.0
ETS215,9135,1790684672,0.0,4.5982,101.0733,0.0
ETS207,9055,1790684672,79.0,3.6669,101.5338,0.0
DMU03,57,1790684672,41.0,5.1602,102.0387,0.0
EMU35,2956,1790684671,111.0,5.8063,100.4803,0.0
DMU10(D6120),60,1790684671,28.0,5.3126,102.1658,0.0
EMU29,2851,1790684670,116.0,4.6806,101.1405,0.0
EMU33,2954,1790684668,119.0,6.214,100.3649,0.0
SCS10,weekday_2177,1790684666,0.0,3.1539,101.6925,0.0
ETS310,9428,1790684620,90.0,5.9227715,100.46558,0.0
ETS308,9531,1790684620,90.0,1.5410415,103.715805,0.0
ETS306,9532,1790684620,90.0,2.990874,101.78599,0.0
ETS307,9533,1790684620,90.0,2.4150524,103.00436,0.0
ETS304,9138,1790684619,90.0,3.1459572,101.69228,0.0
ETS303,9535,1790684619,90.0,3.029398,101.71245,0.0
ETS204,9352,1790684672,134.0,4.1331,101.2209,0.0
ETS213,9133,1790684665,110.0,3.1923,101.6544,0.0
ETS216,9233,1790684672,136.0,4.4099,101.0749,0.0
ETS310,9428,1790684741,90.0,5.961014,100.44723,0.0
ETS304,9138,1790684740,90.0,3.1636157,101.69279,0.0
ETS308,9531,1790684740,90.0,1.5410572,103.71584,0.0
ETS306,9532,1790684740,90.0,2.990775,101.75665,0.0
ETS307,9533,1790684740,90.0,2.3845277,103.01926,0.0
ETS303,9535,1790684740,90.0,3.024024,101.71621,0.0
EMU26,2842,1790684737,61.0,5.2918,100.483,0.0
SCS11,weekday_2047,1790684737,103.0,2.5592,102.1254,0.0
SCS29,weekday_2049,1790684736,0.0,2.6901,101.972,0.0
SCS21,weekday_2057,1790684735,0.0,2.8311,101.827,0.0
EMU31,2861,1790684735,114.0,5.3284,100.47,0.0
SCS23,2952,1790684735,114.0,6.6051,100.2632,0.0
SCS19,weekday_2055,1790684735,88.0,2.9563,101.7924,0.0
SCS10,weekday_2177,1790684711,65.0,3.1499,101.6906,0.0
DMU13,58,1790684711,0.0,5.8063,102.1467,0.0
ETS213,9133,1790684710,105.0,3.1858,101.6652,0.0
ETS207,9055,1790684732,72.0,3.6569,101.5411,0.0
DMU03,57,1790684717,37.0,5.1561,102.0417,0.0
DMU06,39,1790684713,74.0,2.8786,102.3808,0.0
EMU24,2846,1790684706,0.0,4.7781,100.8573,0.0
ETS216,9233,1790684702,132.0,4.4008,101.0801,0.0
ETS204,9352,1790684702,132.0,4.1386,101.2126,0.0
SCS28,2857,1790684701,114.0,4.778,100.7944,0.0
EMU35,2956,1790684701,89.0,5.8144,100.4788,0.0
EMU33,2954,1790684698,111.0,6.2228,100.3632,0.0
ETS308,9531,1790684740,90.0,1.5410572,103.71584,0.0
ETS306,9532,1790684740,90.0,2.990775,101.75665,0.0
ETS304,9138,1790684740,90.0,3.1636157,101.69279,0.0
ETS216,9233,1790684747,117.0,4.3882,101.0871,0.0
EMU35,2956,1790684746,44.0,5.8232,100.4781,0.0
SCS29,weekday_2049,1790684736,0.0,2.6901,101.972,0.0
EMU24,2846,1790684746,4.0,4.7781,100.8573,0.0
DMU06,39,1790684743,72.0,2.8727,102.3812,0.0
SCS38,weekday_2059,1790684743,0.0,3.1182,101.6791,0.0
DMU13,58,1790684741,0.0,5.8063,102.1467,0.0
EMU33,2954,1790684758,116.0,6.2406,100.3595,0.0
ETS213,9133,1790684755,0.0,3.1814,101.6743,0.0
SCS11,weekday_2047,1790684752,106.0,2.557,102.1286,0.0
EMU26,2842,1790684752,83.0,5.2947,100.4829,0.0
EMU29,2851,1790684751,112.0,4.6605,101.1263,0.0
SCS23,2952,1790684750,113.0,6.6095,100.2636,0.0
EMU31,2861,1790684750,112.0,5.3239,100.4702,0.0
SCS21,weekday_2057,1790684750,0.0,2.8311,101.827,0.0
DMU09,38,1790684749,48.0,3.8507,102.3623,0.0
SCS04,weekday_2054,1790684748,0.0,3.2372,101.6813,0.0
ETS310,9428,1790684741,90.0,5.961014,100.44723,0.0
ETS307,9533,1790684740,90.0,2.3845277,103.01926,0.0
ETS303,9535,1790684740,90.0,3.024024,101.71621,0.0
ETS215,9135,1790684747,0.0,4.5981,101.0733,0.0
DMU03,57,1790684747,22.0,5.1538,102.0432,0.0
ETS204,9352,1790684747,134.0,4.1494,101.2011,0.0
ETS207,9055,1790684747,73.0,3.6548,101.5432,0.0
ETS304,9138,1790684861,90.0,3.173077,101.6843,0.0
ETS308,9531,1790684861,90.0,1.541109,103.715195,0.0
ETS306,9532,1790684861,90.0,3.000536,101.736946,0.0
ETS307,9533,1790684861,90.0,2.383441,103.02065,0.0
ETS303,9535,1790684861,90.0,3.023047,101.71674,0.0
ETS310,9428,1790684861,90.0,5.998047,100.42634,0.0
ETS206,9449,1790684858,136.0,2.5719,102.7272,0.0
SCS23,2952,1790684855,114.0,6.6353,100.2783,0.0
EMU31,2861,1790684855,95.0,5.2956,100.4825,0.0
SCS21,weekday_2057,1790684855,62.0,2.8259,101.825,0.0
DMU09,38,1790684854,44.0,3.8652,102.3636,0.0
SCS28,2857,1790684851,114.0,4.7776,100.839,0.0
EMU24,2846,1790684846,103.0,4.778,100.8403,0.0
DMU13,58,1790684846,0.0,5.8063,102.1467,0.0
SCS10,weekday_2177,1790684846,9.0,3.1395,101.6937,0.0
ETS213,9133,1790684845,52.0,3.1681,101.687,0.0
SCS04,weekday_2054,1790684838,0.0,3.2372,101.6813,0.0
ETS207,9055,1790684837,110.0,3.6371,101.56,0.0
EMU33,2954,1790684834,116.0,6.2632,100.3549,0.0
EMU26,2842,1790684827,116.0,5.3145,100.4741,0.0
EMU29,2851,1790684826,114.0,4.6427,101.1129,0.0
SCS29,weekday_2049,1790684826,85.0,2.6797,101.9762,0.0
ETS215,9135,1790684837,20.0,4.5959,101.0722,0.0
ETS216,9233,1790684822,93.0,4.371,101.0991,0.0
SCS11,weekday_2047,1790684842,104.0,2.5411,102.1475,0.0
DMU03,57,1790684852,16.0,5.1514,102.044,0.0
ETS204,9352,1790684852,4.0,4.173,101.189,0.0
EMU35,2956,1790684851,97.0,5.8333,100.4772,0.0
SCS38,weekday_2059,1790684848,66.0,3.1126,101.6862,0.0
ETS206,9449,1790684888,136.0,2.5659,102.7358,0.0
SCS11,weekday_2047,1790684887,93.0,2.5338,102.1566,0.0
SCS19,weekday_2055,1790684885,16.0,2.9389,101.7889,0.0
SCS21,weekday_2057,1790684885,73.0,2.8225,101.8205,0.0
SCS38,weekday_2059,1790684863,70.0,3.1116,101.6888,0.0
ETS215,9135,1790684882,38.0,4.5921,101.0712,0.0
DMU03,57,1790684882,13.0,5.1498,102.0444,0.0
EMU26,2842,1790684887,115.0,5.332,100.47,0.0
EMU29,2851,1790684886,114.0,4.6281,101.1019,0.0
SCS29,weekday_2049,1790684886,87.0,2.6717,101.9866,0.0
SCS23,2952,1790684885,110.0,6.6405,100.2854,0.0
EMU31,2861,1790684885,53.0,5.2898,100.4823,0.0
SCS04,weekday_2054,1790684883,0.0,3.2372,101.6813,0.0
ETS207,9055,1790684882,106.0,3.6264,101.5676,0.0
DMU13,58,1790684906,0.0,5.8062,102.1466,0.0
DMU09,38,1790684884,39.0,3.8687,102.3641,0.0
ETS304,9138,1790684861,90.0,3.173077,101.6843,0.0
ETS310,9428,1790684861,90.0,5.998047,100.42634,0.0
ETS308,9531,1790684861,90.0,1.541109,103.715195,0.0
ETS306,9532,1790684861,90.0,3.000536,101.736946,0.0
EMU35,2956,1790684866,105.0,5.8373,100.4769,0.0
ETS307,9533,1790684861,90.0,2.383441,103.02065,0.0
ETS303,9535,1790684861,90.0,3.023047,101.71674,0.0
SCS28,2857,1790684881,109.0,4.7795,100.8478,0.0
EMU33,2954,1790684879,117.0,6.2768,100.3522,0.0
EMU24,2846,1790684886,119.0,4.776,100.8287,0.0
ETS213,9133,1790684905,45.0,3.1632,101.6922,0.0
ETS204,9352,1790684852,4.0,4.173,101.189,0.0
ETS215,9135,1790684972,86.0,4.5793,101.0667,0.0
ETS207,9055,1790684972,113.0,3.6092,101.5864,0.0
SCS28,2857,1790684971,0.0,4.7783,100.857,0.0
EMU31,2861,1790684970,0.0,5.2863,100.481,0.0
EMU33,2954,1790684969,119.0,6.3043,100.3465,0.0
SCS10,weekday_2177,1790684966,17.0,3.1365,101.6898,0.0
SCS19,weekday_2055,1790684960,77.0,2.9283,101.7937,0.0
ETS206,9449,1790684948,137.0,2.5562,102.7537,0.0
EMU26,2842,1790684947,111.0,5.3496,100.4676,0.0
EMU29,2851,1790684946,83.0,4.6158,101.093,0.0
DMU09,38,1790684944,39.0,3.8748,102.3648,0.0
ETS304,9138,1790684982,90.0,3.182337,101.67093,0.0
ETS310,9428,1790684982,90.0,6.035064,100.40542,0.0
ETS308,9531,1790684982,90.0,1.5411624,103.715195,0.0
ETS306,9532,1790684982,90.0,3.004487,101.729645,0.0
ETS307,9533,1790684982,90.0,2.3706164,103.03836,0.0
ETS303,9535,1790684982,90.0,3.0224235,101.71721,0.0
SCS23,2952,1790684975,72.0,6.6524,100.3054,0.0
SCS04,weekday_2054,1790684973,0.0,3.2372,101.6813,0.0
ETS213,9133,1790684965,0.0,3.1546,101.6931,0.0
DMU03,57,1790684972,20.0,5.1456,102.045,0.0
ETS303,9535,1790684982,90.0,3.0224235,101.71721,0.0
ETS307,9533,1790684982,90.0,2.3706164,103.03836,0.0
ETS306,9532,1790684982,90.0,3.004487,101.729645,0.0
ETS308,9531,1790684982,90.0,1.5411624,103.715195,0.0
ETS310,9428,1790684982,90.0,6.035064,100.40542,0.0
ETS304,9138,1790684982,90.0,3.182337,101.67093,0.0
DMU09,38,1790685019,49.0,3.8848,102.3642,0.0
SCS04,weekday_2054,1790685018,0.0,3.2372,101.6813,0.0
DMU03,57,1790685017,0.0,5.1437,102.0456,0.0
ETS207,9055,1790685017,105.0,3.5995,101.5955,0.0
ETS204,9352,1790685017,0.0,4.1912,101.1852,0.0
ETS215,9135,1790685017,111.0,4.568,101.062,0.0
EMU33,2954,1790685014,121.0,6.3176,100.3425,0.0
EMU26,2842,1790685007,96.0,5.3639,100.4581,0.0
SCS11,weekday_2047,1790685007,97.0,2.5079,102.1724,0.0
SCS29,weekday_2049,1790685006,0.0,2.6602,101.9966,0.0
EMU24,2846,1790685006,118.0,4.7785,100.7921,0.0
EMU29,2851,1790685006,59.0,4.6105,101.0835,0.0
SCS23,2952,1790685005,66.0,6.6554,100.3099,0.0
SCS10,weekday_2177,1790684996,0.0,3.1362,101.6892,0.0
SCS32,weekday_2185,1790684996,0.0,3.6848,101.5181,0.0
DMU13,58,1790684996,0.0,5.8062,102.1466,0.0
ETS206,9449,1790684993,119.0,2.5471,102.7664,0.0
SCS21,weekday_2057,1790684990,93.0,2.8075,101.8046,0.0
SCS11,weekday_2047,1790685082,89.0,2.4903,102.1789,0.0
EMU26,2842,1790685082,0.0,5.3664,100.4477,0.0
EMU29,2851,1790685081,15.0,4.6079,101.0772,0.0
ETS310,9428,1790685103,90.0,6.071383,100.384865,0.0
ETS308,9531,1790685102,90.0,1.5411983,103.71517,0.0
ETS303,9535,1790685102,90.0,3.0224073,101.71719,0.0
ETS307,9533,1790685102,90.0,2.3439548,103.06932,0.0
ETS306,9532,1790685102,90.0,3.0175066,101.72027,0.0
ETS304,9138,1790685102,90.0,3.1905246,101.65794,0.0
SCS19,weekday_2055,1790685050,69.0,2.9097,101.7949,0.0
SCS21,weekday_2057,1790685155,86.0,2.7961,101.7961,0.0
SCS28,2857,1790685151,98.0,4.7741,100.9005,0.0
ETS207,9055,1790685152,92.0,3.5731,101.6147,0.0
DMU10(D6120),60,1790685151,7.0,5.3265,102.1942,0.0
EMU33,2954,1790685149,118.0,6.3513,100.3173,0.0
SCS38,weekday_2059,1790685148,0.0,3.0978,101.7061,0.0
DMU06,39,1790685148,49.0,2.8135,102.4012,0.0
EMU29,2851,1790685126,25.0,4.6052,101.0761,0.0
ETS213,9133,1790685145,0.0,3.1422,101.6941,0.0
SCS04,weekday_2054,1790685093,0.0,3.2372,101.6813,0.0
EMU26,2842,1790685127,10.0,5.3664,100.4476,0.0
SCS11,weekday_2047,1790685127,93.0,2.4794,102.1804,0.0
ETS310,9428,1790685103,90.0,6.071383,100.384865,0.0
ETS303,9535,1790685102,90.0,3.0224073,101.71719,0.0
ETS307,9533,1790685102,90.0,2.3439548,103.06932,0.0
ETS308,9531,1790685102,90.0,1.5411983,103.71517,0.0
ETS304,9138,1790685102,90.0,3.1905246,101.65794,0.0
ETS306,9532,1790685102,90.0,3.0175066,101.72027,0.0
SCS19,weekday_2055,1790685125,20.0,2.9066,101.7902,0.0
SCS04,weekday_2054,1790685198,0.0,3.2372,101.6813,0.0
ETS310,9428,1790685224,90.0,6.1057158,100.3677,0.0
ETS306,9532,1790685224,90.0,3.0423014,101.70909,0.0
ETS307,9533,1790685224,90.0,2.3206959,103.1026,0.0
ETS207,9055,1790685197,100.0,3.566,101.6224,0.0
DMU03,57,1790685197,10.0,5.1389,102.0477,0.0
DMU10(D6120),60,1790685196,28.0,5.326,102.1969,0.0
EMU33,2954,1790685191,112.0,6.3617,100.3096,0.0
EMU24,2846,1790685186,119.0,4.8041,100.7441,0.0
SCS19,weekday_2055,1790685185,21.0,2.9045,101.7865,0.0
ETS308,9531,1790685224,90.0,1.5411216,103.715294,0.0
ETS304,9138,1790685223,90.0,3.196769,101.64364,0.0
ETS303,9535,1790685223,90.0,3.0214756,101.71758,0.0
EMU26,2842,1790685187,85.0,5.3657,100.4385,0.0
SCS11,weekday_2047,1790685187,92.0,2.4644,102.1824,0.0
EMU29,2851,1790685186,27.0,4.6006,101.0747,0.0
SCS32,weekday_2185,1790685161,17.0,3.6834,101.5196,0.0
SCS21,weekday_2057,1790685185,105.0,2.7884,101.7979,0.0
SCS10,weekday_2177,1790685161,13.0,3.1313,101.6825,0.0
ETS213,9133,1790685160,8.0,3.141,101.6942,0.0
DMU06,39,1790685163,38.0,2.8123,102.4027,0.0
SCS28,2857,1790685196,98.0,4.7763,100.9111,0.0
DMU13,58,1790685266,0.0,5.8062,102.1466,0.0
SCS32,weekday_2185,1790685266,61.0,3.6758,101.5275,0.0
SCS29,weekday_2049,1790685261,102.0,2.6489,102.0291,0.0
SCS21,weekday_2057,1790685260,91.0,2.7697,101.8046,0.0
DMU06,39,1790685268,0.0,2.8116,102.4037,0.0
SCS11,weekday_2047,1790685262,93.0,2.4522,102.1934,0.0
EMU26,2842,1790685262,15.0,5.3623,100.4283,0.0
ETS307,9533,1790685224,90.0,2.3206959,103.1026,0.0
ETS308,9531,1790685224,90.0,1.5411216,103.715294,0.0
ETS310,9428,1790685224,90.0,6.1057158,100.3677,0.0
ETS306,9532,1790685224,90.0,3.0423014,101.70909,0.0
ETS304,9138,1790685223,90.0,3.196769,101.64364,0.0
ETS303,9535,1790685223,90.0,3.0214756,101.71758,0.0
ETS303,9535,1790685344,90.0,3.0135841,101.72435,0.0
ETS308,9531,1790685344,90.0,1.5411351,103.71526,0.0
ETS310,9428,1790685344,90.0,6.1125126,100.3707,0.0
ETS307,9533,1790685344,90.0,2.2991297,103.12909,0.0
ETS304,9138,1790685344,90.0,3.2075982,101.62156,0.0
ETS306,9532,1790685344,90.0,3.0732036,101.710396,0.0
SCS11,weekday_2047,1790685337,76.0,2.4656,102.2042,0.0
SCS29,weekday_2049,1790685336,95.0,2.6366,102.0429,0.0
SCS21,weekday_2057,1790685335,86.0,2.7572,101.8158,0.0
ETS207,9055,1790685332,72.0,3.5445,101.6376,0.0
DMU10(D6120),60,1790685331,0.0,5.3301,102.2033,0.0
EMU31,2861,1790685330,115.0,5.1933,100.4811,0.0
EMU33,2954,1790685326,50.0,6.3736,100.3007,0.0
DMU13,58,1790685326,0.0,5.8062,102.1466,0.0
SCS32,weekday_2185,1790685326,81.0,3.6663,101.5341,0.0
EMU26,2842,1790685322,7.0,5.3627,100.4262,0.0
EMU24,2846,1790685322,101.0,4.8386,100.7277,0.0
SCS28,2857,1790685316,0.0,4.776,100.9313,0.0
DMU06,39,1790685298,2.0,2.8115,102.4037,0.0
SCS19,weekday_2055,1790685290,25.0,2.9013,101.7849,0.0
SCS04,weekday_2054,1790685303,0.0,3.2372,101.6813,0.0
DMU03,57,1790685302,13.0,5.1361,102.0518,0.0
ETS215,9135,1790685302,42.0,4.5292,101.0512,0.0
ETS204,9352,1790685302,100.0,4.2798,101.1646,0.0
SCS38,weekday_2059,1790685298,0.0,3.0978,101.7061,0.0
ETS303,9535,1790685344,90.0,3.0135841,101.72435,0.0
ETS304,9138,1790685344,90.0,3.2075982,101.62156,0.0
ETS310,9428,1790685344,90.0,6.1125126,100.3707,0.0
ETS308,9531,1790685344,90.0,1.5411351,103.71526,0.0
ETS306,9532,1790685344,90.0,3.0732036,101.710396,0.0
ETS307,9533,1790685344,90.0,2.2991297,103.12909,0.0
SCS38,weekday_2059,1790685343,0.0,3.0978,101.7061,0.0
DMU06,39,1790685343,41.0,2.8095,102.4061,0.0
EMU33,2954,1790685341,70.0,6.3757,100.2992,0.0
SCS32,weekday_2185,1790685341,77.0,3.6637,101.5359,0.0
ETS213,9133,1790685340,16.0,3.1378,101.6926,0.0
EMU26,2842,1790685337,36.0,5.3631,100.4252,0.0
SCS11,weekday_2047,1790685337,76.0,2.4656,102.2042,0.0
SCS29,weekday_2049,1790685336,95.0,2.6366,102.0429,0.0
SCS21,weekday_2057,1790685335,86.0,2.7572,101.8158,0.0
SCS19,weekday_2055,1790685335,86.0,2.8957,101.7887,0.0
SCS04,weekday_2054,1790685333,0.0,3.2372,101.6813,0.0
ETS304,9138,1790685465,90.0,3.2000422,101.598755,0.0
ETS310,9428,1790685465,90.0,6.121954,100.375015,0.0
ETS308,9531,1790685465,90.0,1.5411273,103.71524,0.0
ETS306,9532,1790685465,90.0,3.0762033,101.71269,0.0
ETS307,9533,1790685465,90.0,2.2970178,103.13037,0.0
ETS303,9535,1790685465,90.0,2.99514,101.74228,0.0
DMU13,58,1790685461,0.0,5.8062,102.1466,0.0
SCS32,weekday_2185,1790685461,115.0,3.6435,101.5554,0.0
EMU26,2842,1790685457,58.0,5.3655,100.4188,0.0
SCS11,weekday_2047,1790685457,23.0,2.4682,102.2181,0.0
SCS29,weekday_2049,1790685456,91.0,2.627,102.0707,0.0
SCS19,weekday_2055,1790685455,105.0,2.8798,101.8144,0.0
SCS21,weekday_2057,1790685455,6.0,2.7543,101.826,0.0
DMU09,38,1790685454,8.0,3.916,102.3596,0.0
SCS04,weekday_2054,1790685453,0.0,3.2372,101.6813,0.0
DMU03,57,1790685452,10.0,5.1288,102.0575,0.0
ETS204,9352,1790685452,0.0,4.3021,101.1541,0.0
ETS207,9055,1790685452,101.0,3.5239,101.6296,0.0
ETS215,9135,1790685452,74.0,4.5132,101.0484,0.0
SCS28,2857,1790685451,115.0,4.7957,100.9374,0.0
EMU31,2861,1790685450,0.0,5.1697,100.4797,0.0
ETS213,9133,1790685445,0.0,3.137,101.691,0.0
EMU33,2954,1790685416,113.0,6.391,100.2877,0.0
ETS206,9449,1790685428,0.0,2.5078,102.8125,0.0
DMU10(D6120),60,1790685451,24.0,5.3353,102.2129,0.0
DMU06,39,1790685433,55.0,2.8014,102.4164,0.0
EMU26,2842,1790685472,79.0,5.3666,100.4161,0.0
SCS29,weekday_2049,1790685471,92.0,2.6249,102.0735,0.0
ETS216,9233,1790685464,26.0,4.3036,101.1524,0.0
SCS38,weekday_2059,1790685463,0.0,3.0978,101.7061,0.0
EMU33,2954,1790685461,118.0,6.4022,100.2794,0.0
ETS215,9135,1790685512,112.0,4.4977,101.0453,0.0
ETS204,9352,1790685512,27.0,4.3032,101.1526,0.0
DMU06,39,1790685478,57.0,2.7972,102.4223,0.0
SCS28,2857,1790685511,114.0,4.809,100.9494,0.0
EMU31,2861,1790685510,64.0,5.1665,100.4798,0.0
EMU24,2846,1790685502,73.0,4.8567,100.7343,0.0
ETS306,9532,1790685465,90.0,3.0762033,101.71269,0.0
ETS303,9535,1790685465,90.0,2.99514,101.74228,0.0
ETS307,9533,1790685465,90.0,2.2970178,103.13037,0.0
ETS304,9138,1790685465,90.0,3.2000422,101.598755,0.0
ETS308,9531,1790685465,90.0,1.5411273,103.71524,0.0
ETS310,9428,1790685465,90.0,6.121954,100.375015,0.0
SCS32,weekday_2185,1790685461,115.0,3.6435,101.5554,0.0
ETS213,9133,1790685460,0.0,3.137,101.691,0.0
EMU35,2956,1790685482,103.0,5.9816,100.4353,0.0
ETS206,9449,1790685473,0.0,2.5078,102.8125,0.0
SCS11,weekday_2047,1790685472,27.0,2.4676,102.2191,0.0
ETS215,9135,1790685512,112.0,4.4977,101.0453,0.0
ETS204,9352,1790685512,27.0,4.3032,101.1526,0.0
ETS304,9138,1790685586,90.0,3.2047164,101.58316,0.0
ETS310,9428,1790685586,90.0,6.160904,100.38017,0.0
ETS308,9531,1790685586,90.0,1.5411758,103.71524,0.0
ETS306,9532,1790685586,90.0,3.0891714,101.7116,0.0
ETS307,9533,1790685586,90.0,2.2747931,103.14364,0.0
ETS303,9535,1790685586,90.0,2.9950466,101.77155,0.0
EMU35,2956,1790685572,116.0,6.0052,100.4219,0.0
DMU10(D6120),60,1790685571,48.0,5.3417,102.2207,0.0
ETS216,9233,1790685569,0.0,4.3022,101.153,0.0
EMU26,2842,1790685562,97.0,5.3759,100.3953,0.0
DMU06,39,1790685553,76.0,2.7885,102.4349,0.0
DMU13,58,1790685551,7.0,5.8066,102.1467,0.0
SCS21,weekday_2057,1790685560,14.0,2.7537,101.8282,0.0
SCS29,weekday_2049,1790685546,95.0,2.6094,102.0849,0.0
SCS11,weekday_2047,1790685607,0.0,2.4638,102.2256,0.0
ETS216,9233,1790685599,59.0,4.3004,101.1565,0.0
ETS307,9533,1790685586,90.0,2.2747931,103.14364,0.0
ETS303,9535,1790685586,90.0,2.9950466,101.77155,0.0
ETS306,9532,1790685586,90.0,3.0891714,101.7116,0.0
ETS310,9428,1790685586,90.0,6.160904,100.38017,0.0
ETS304,9138,1790685586,90.0,3.2047164,101.58316,0.0
ETS308,9531,1790685586,90.0,1.5411758,103.71524,0.0
DMU09,38,1790685574,19.0,3.9211,102.3589,0.0
SCS04,weekday_2054,1790685573,0.0,3.2372,101.6813,0.0
ETS215,9135,1790685602,95.0,4.4735,101.0426,0.0
DMU03,57,1790685602,37.0,5.12,102.0623,0.0
ETS204,9352,1790685602,131.0,4.3177,101.1386,0.0
SCS28,2857,1790685601,115.0,4.8342,100.9565,0.0
EMU31,2861,1790685600,112.0,5.1427,100.4837,0.0
EMU35,2956,1790685587,116.0,6.0092,100.4196,0.0
ETS207,9055,1790685602,106.0,3.4852,101.639,0.0
SCS29,weekday_2049,1790685576,88.0,2.6033,102.0886,0.0
DMU13,58,1790685581,16.0,5.8079,102.1469,0.0
ETS213,9133,1790685580,0.0,3.137,101.691,0.0
ETS206,9449,1790685578,0.0,2.5078,102.8125,0.0
EMU26,2842,1790685577,93.0,5.3777,100.392,0.0
SCS21,weekday_2057,1790685575,15.0,2.7535,101.829,0.0
EMU33,2954,1790685686,62.0,6.437,100.2666,0.0
DMU13,58,1790685686,84.0,5.8227,102.1488,0.0
SCS32,weekday_2185,1790685686,96.0,3.5995,101.5979,0.0
ETS213,9133,1790685685,0.0,3.137,101.691,0.0
SCS11,weekday_2047,1790685682,0.0,2.4638,102.2256,0.0
SCS29,weekday_2049,1790685681,0.0,2.5927,102.0949,0.0
SCS10,weekday_2177,1790685671,0.0,3.0947,101.6698,0.0
SCS19,weekday_2055,1790685650,39.0,2.8388,101.8283,0.0
SCS04,weekday_2054,1790685693,0.0,3.2372,101.6813,0.0
ETS207,9055,1790685692,111.0,3.4586,101.6388,0.0
SCS28,2857,1790685691,114.0,4.8433,100.9818,0.0
EMU31,2861,1790685690,0.0,5.1308,100.4862,0.0
ETS206,9449,1790685683,0.0,2.5078,102.8125,0.0
ETS216,9233,1790685659,100.0,4.2882,101.1635,0.0
ETS310,9428,1790685707,90.0,6.201219,100.36825,0.0
ETS304,9138,1790685706,90.0,3.2055652,101.580894,0.0
ETS308,9531,1790685706,90.0,1.5411924,103.71523,0.0
ETS306,9532,1790685706,90.0,3.1049962,101.697266,0.0
ETS307,9533,1790685706,90.0,2.2480667,103.15224,0.0
ETS303,9535,1790685706,90.0,2.986067,101.7916,0.0
EMU26,2842,1790685697,19.0,5.3868,100.3745,0.0
SCS21,weekday_2057,1790685695,81.0,2.7505,101.8396,0.0
SCS38,weekday_2059,1790685688,0.0,3.0978,101.7061,0.0
SCS21,weekday_2057,1790685740,82.0,2.7477,101.8497,0.0
SCS19,weekday_2055,1790685740,26.0,2.8318,101.8271,0.0
SCS04,weekday_2054,1790685738,0.0,3.2372,101.6813,0.0
ETS204,9352,1790685737,130.0,4.356,101.1104,0.0
ETS310,9428,1790685707,90.0,6.201219,100.36825,0.0
ETS304,9138,1790685706,90.0,3.2055652,101.580894,0.0
ETS308,9531,1790685706,90.0,1.5411924,103.71523,0.0
ETS306,9532,1790685706,90.0,3.1049962,101.697266,0.0
ETS307,9533,1790685706,90.0,2.2480667,103.15224,0.0
ETS303,9535,1790685706,90.0,2.986067,101.7916,0.0
DMU13,58,1790685701,83.0,5.826,102.1492,0.0
EMU31,2861,1790685735,44.0,5.1286,100.4866,0.0
EMU35,2956,1790685707,110.0,6.0402,100.4021,0.0
SCS28,2857,1790685706,114.0,4.8442,100.9862,0.0
ETS216,9233,1790685704,98.0,4.2774,101.166,0.0
EMU33,2954,1790685701,79.0,6.4397,100.2656,0.0
SCS32,weekday_2185,1790685701,94.0,3.5983,101.6015,0.0
ETS213,9133,1790685700,0.0,3.137,101.691,0.0
ETS206,9449,1790685698,0.0,2.5078,102.8125,0.0
SCS10,weekday_2177,1790685746,45.0,3.0929,101.6694,0.0
EMU26,2842,1790685742,4.0,5.3877,100.3728,0.0
EMU24,2846,1790685742,33.0,4.897,100.7193,0.0
SCS29,weekday_2049,1790685741,62.0,2.5889,102.0972,0.0
SCS28,2857,1790685781,115.0,4.8419,101.0081,0.0
EMU31,2861,1790685780,101.0,5.1195,100.4886,0.0
ETS303,9535,1790685827,90.0,2.9819362,101.79159,0.0
ETS310,9428,1790685827,90.0,6.242147,100.35987,0.0
ETS308,9531,1790685827,90.0,1.5411799,103.71518,0.0
SCS04,weekday_2054,1790685783,0.0,3.2372,101.6813,0.0
DMU03,57,1790685782,37.0,5.1055,102.0726,0.0
ETS204,9352,1790685782,130.0,4.3684,101.1012,0.0
ETS215,9135,1790685782,0.0,4.4606,101.0487,0.0
ETS207,9055,1790685782,117.0,3.4334,101.6333,0.0
ETS307,9533,1790685827,90.0,2.2087502,103.175415,0.0
ETS304,9138,1790685827,90.0,3.209326,101.57537,0.0
ETS306,9532,1790685827,90.0,3.1206877,101.67938,0.0
DMU06,39,1790685823,79.0,2.7533,102.471,0.0
SCS38,weekday_2059,1790685823,0.0,3.0978,101.7061,0.0
SCS32,weekday_2185,1790685821,99.0,3.5705,101.6169,0.0
EMU33,2954,1790685821,118.0,6.4716,100.2547,0.0
DMU13,58,1790685821,84.0,5.8514,102.1523,0.0
ETS213,9133,1790685820,0.0,3.137,101.691,0.0
EMU26,2842,1790685787,18.0,5.3892,100.3714,0.0
DMU09,38,1790685784,6.0,3.9372,102.3577,0.0
SCS29,weekday_2049,1790685786,105.0,2.5801,102.1024,0.0
DMU10(D6120),60,1790685781,42.0,5.3684,102.2266,0.0
SCS28,2857,1790685841,115.0,4.8319,101.0225,0.0
EMU31,2861,1790685840,114.0,5.1021,100.4921,0.0
DMU13,58,1790685836,86.0,5.8548,102.1528,0.0
ETS206,9449,1790685833,0.0,2.4737,102.9416,0.0
SCS29,weekday_2049,1790685831,113.0,2.5691,102.1096,0.0
SCS19,weekday_2055,1790685830,24.0,2.8289,101.8265,0.0
SCS21,weekday_2057,1790685830,61.0,2.7429,101.8664,0.0
DMU09,38,1790685829,0.0,3.9374,102.3577,0.0
SCS04,weekday_2054,1790685828,0.0,3.2372,101.6813,0.0
ETS216,9233,1790685824,121.0,4.2459,101.1759,0.0
ETS215,9135,1790685872,16.0,4.4594,101.0491,0.0
DMU03,57,1790685872,29.0,5.0971,102.0735,0.0
ETS207,9055,1790685872,98.0,3.414,101.6269,0.0
ETS204,9352,1790685872,136.0,4.395,101.083,0.0
DMU10(D6120),60,1790685871,16.0,5.3721,102.2297,0.0
EMU24,2846,1790685862,115.0,4.9286,100.7177,0.0
EMU35,2956,1790685837,115.0,6.0742,100.3829,0.0
SCS32,weekday_2185,1790685836,106.0,3.5677,101.62,0.0
ETS308,9531,1790685827,90.0,1.5411799,103.71518,0.0
ETS303,9535,1790685827,90.0,2.9819362,101.79159,0.0
ETS307,9533,1790685827,90.0,2.2087502,103.175415,0.0
ETS306,9532,1790685827,90.0,3.1206877,101.67938,0.0
ETS304,9138,1790685827,90.0,3.209326,101.57537,0.0
ETS310,9428,1790685827,90.0,6.242147,100.35987,0.0
EMU33,2954,1790685821,118.0,6.4716,100.2547,0.0
ETS303,9535,1790685948,90.0,2.9757462,101.791435,0.0
ETS304,9138,1790685948,90.0,3.2339907,101.56056,0.0
ETS310,9428,1790685948,90.0,6.2837667,100.35136,0.0
ETS308,9531,1790685948,90.0,1.5412004,103.71517,0.0
ETS306,9532,1790685948,90.0,3.1295283,101.68247,0.0
ETS307,9533,1790685948,90.0,2.1934288,103.18863,0.0
SCS04,weekday_2054,1790685873,0.0,3.2372,101.6813,0.0
DMU06,39,1790685928,92.0,2.7329,102.4846,0.0
SCS10,weekday_2177,1790685926,0.0,3.0862,101.6639,0.0
ETS206,9449,1790685923,136.0,2.4562,102.9705,0.0
EMU35,2956,1790685912,101.0,6.0933,100.3724,0.0
DMU13,58,1790685911,77.0,5.871,102.1548,0.0
SCS32,weekday_2185,1790685911,88.0,3.5587,101.6371,0.0
ETS215,9135,1790685872,16.0,4.4594,101.0491,0.0
DMU03,57,1790685872,29.0,5.0971,102.0735,0.0
ETS207,9055,1790685872,98.0,3.414,101.6269,0.0
ETS204,9352,1790685872,136.0,4.395,101.083,0.0
SCS29,weekday_2049,1790685921,115.0,2.5539,102.132,0.0
SCS21,weekday_2057,1790685920,0.0,2.7416,101.8713,0.0
SCS19,weekday_2055,1790685920,99.0,2.819,101.8175,0.0
EMU26,2842,1790685907,4.0,5.3934,100.3664,0.0
EMU33,2954,1790685911,118.0,6.499,100.2534,0.0
EMU31,2861,1790685910,116.0,5.0822,100.499,0.0
EMU28,2960,1790685909,0.0,5.3932,100.3671,0.0
EMU24,2846,1790685902,121.0,4.9404,100.7208,0.0
DMU09,38,1790685874,0.0,3.9374,102.3577,0.0
ETS303,9535,1790685948,90.0,2.9757462,101.791435,0.0
SCS21,weekday_2057,1790685965,24.0,2.7414,101.8719,0.0
ETS207,9055,1790685962,121.0,3.3877,101.6259,0.0
DMU10(D6120),60,1790685961,39.0,5.3797,102.2341,0.0
SCS29,weekday_2049,1790685966,113.0,2.5452,102.1423,0.0
ETS215,9135,1790685962,24.0,4.4534,101.0523,0.0
SCS19,weekday_2055,1790685965,78.0,2.8142,101.8115,0.0
ETS213,9133,1790686000,0.0,3.137,101.691,0.0
ETS307,9533,1790685948,90.0,2.1934288,103.18863,0.0
ETS306,9532,1790685948,90.0,3.1295283,101.68247,0.0
ETS308,9531,1790685948,90.0,1.5412004,103.71517,0.0
ETS310,9428,1790685948,90.0,6.2837667,100.35136,0.0
ETS304,9138,1790685948,90.0,3.2339907,101.56056,0.0
ETS204,9352,1790685962,130.0,4.4221,101.0681,0.0
ETS308,9531,1790686069,90.0,1.5412704,103.71514,0.0
ETS307,9533,1790686069,90.0,2.19083,103.19123,0.0
ETS306,9532,1790686069,90.0,0.0027284583,0.0154984975,0.0
EMU35,2956,1790686002,45.0,6.1116,100.369,0.0
ETS310,9428,1790686069,90.0,6.323327,100.33829,0.0
SCS32,weekday_2185,1790686001,1.0,3.5538,101.6395,0.0
DMU13,58,1790686001,72.0,5.8892,102.1571,0.0
EMU33,2954,1790686000,46.0,6.5222,100.2566,0.0
ETS303,9535,1790686068,90.0,2.9503403,101.790695,0.0
ETS304,9138,1790686068,90.0,3.25687,101.55565,0.0
DMU09,38,1790686054,28.0,3.9502,102.3526,0.0
SCS04,weekday_2054,1790686053,80.0,3.2184,101.6724,0.0
ETS204,9352,1790686052,115.0,4.449,101.0544,0.0
ETS215,9135,1790686052,24.0,4.4468,101.0553,0.0
ETS207,9055,1790686052,115.0,3.3685,101.6066,0.0
DMU10(D6120),60,1790686051,22.0,5.3881,102.232,0.0
SCS29,weekday_2049,1790686041,113.0,2.5312,102.1598,0.0
SCS21,weekday_2057,1790686040,54.0,2.7387,101.8816,0.0
DMU03,57,1790686037,36.0,5.0828,102.0709,0.0
DMU06,39,1790686033,51.0,2.7187,102.4956,0.0
SCS19,weekday_2055,1790686025,78.0,2.8038,101.8011,0.0
SCS38,weekday_2059,1790686018,0.0,3.0978,101.7061,0.0
SCS10,weekday_2177,1790686016,0.0,3.0862,101.6639,0.0
SCS28,2857,1790686051,5.0,4.8191,101.0706,0.0
ETS216,9233,1790686049,94.0,4.1777,101.1898,0.0
DMU10(D6120),60,1790686111,0.0,5.3913,102.232,0.0
ETS206,9449,1790686103,127.0,2.4098,103.0063,0.0
SCS29,weekday_2049,1790686101,113.0,2.5162,102.169,0.0
SCS32,weekday_2185,1790686091,23.0,3.542,101.6361,0.0
SCS19,weekday_2055,1790686100,0.0,2.8018,101.7993,0.0
SCS21,weekday_2057,1790686100,55.0,2.7413,101.8906,0.0
DMU06,39,1790686093,52.0,2.7126,102.5006,0.0
DMU13,58,1790686091,82.0,5.9076,102.159,0.0
ETS213,9133,1790686090,0.0,3.137,101.691,0.0
EMU33,2954,1790686090,45.0,6.5265,100.2574,0.0
EMU28,2960,1790686089,41.0,5.3867,100.3749,0.0
ETS306,9532,1790686069,90.0,0.0027284583,0.0154984975,0.0
ETS307,9533,1790686069,90.0,2.19083,103.19123,0.0
ETS308,9531,1790686069,90.0,1.5412704,103.71514,0.0
ETS310,9428,1790686069,90.0,6.323327,100.33829,0.0
ETS304,9138,1790686068,90.0,3.25687,101.55565,0.0
ETS303,9535,1790686068,90.0,2.9503403,101.790695,0.0
SCS04,weekday_2054,1790686053,80.0,3.2184,101.6724,0.0
ETS207,9055,1790686052,115.0,3.3685,101.6066,0.0
ETS215,9135,1790686052,24.0,4.4468,101.0553,0.0
DMU13,58,1790686181,86.0,5.927,102.1537,0.0
EMU31,2861,1790686180,5.0,5.0287,100.5273,0.0
EMU33,2954,1790686180,103.0,6.5462,100.26,0.0
ETS207,9055,1790686142,34.0,3.3642,101.5933,0.0
EMU28,2960,1790686149,98.0,5.3815,100.385,0.0
ETS206,9449,1790686148,124.0,2.3958,103.0117,0.0
ETS215,9135,1790686112,33.0,4.4414,101.0578,0.0
SCS29,weekday_2049,1790686146,114.0,2.5037,102.174,0.0
SCS21,weekday_2057,1790686145,64.0,2.7365,101.8951,0.0
SCS19,weekday_2055,1790686145,43.0,2.7976,101.7964,0.0
ETS216,9233,1790686139,108.0,4.1552,101.1963,0.0
DMU06,39,1790686138,62.0,2.7059,102.5047,0.0
SCS38,weekday_2059,1790686138,0.0,3.0978,101.7061,0.0
SCS32,weekday_2185,1790686136,36.0,3.5386,101.6352,0.0
ETS213,9133,1790686135,0.0,3.137,101.691,0.0
ETS307,9533,1790686189,90.0,2.1780658,103.217125,0.0
ETS304,9138,1790686189,90.0,3.2781696,101.565216,0.0
ETS306,9532,1790686189,90.0,0.0027284583,0.0154984975,0.0
ETS303,9535,1790686189,90.0,2.9299922,101.7952,0.0
ETS308,9531,1790686189,90.0,1.5412195,103.71515,0.0
ETS310,9428,1790686189,90.0,6.3564343,100.31346,0.0
EMU35,2956,1790686182,117.0,6.1415,100.3806,0.0
ETS216,9233,1790686184,131.0,4.1442,101.2055,0.0
DMU06,39,1790686198,11.0,2.703,102.5098,0.0
ETS207,9055,1790686172,90.0,3.3631,101.588,0.0
DMU03,57,1790686172,18.0,5.0786,102.0692,0.0
ETS204,9352,1790686217,16.0,4.4609,101.0488,0.0
DMU13,58,1790686196,83.0,5.9303,102.1528,0.0
SCS32,weekday_2185,1790686196,96.0,3.5263,101.6298,0.0
SCS10,weekday_2177,1790686196,0.0,3.0862,101.6639,0.0
EMU31,2861,1790686195,28.0,5.0281,100.5276,0.0
ETS213,9133,1790686195,0.0,3.137,101.691,0.0
EMU28,2960,1790686194,98.0,5.3761,100.395,0.0
ETS303,9535,1790686189,90.0,2.9299922,101.7952,0.0
ETS304,9138,1790686189,90.0,3.2781696,101.565216,0.0
ETS307,9533,1790686189,90.0,2.1780658,103.217125,0.0
ETS306,9532,1790686189,90.0,0.0027284583,0.0154984975,0.0
ETS308,9531,1790686189,90.0,1.5412195,103.71515,0.0
ETS310,9428,1790686189,90.0,6.3564343,100.31346,0.0
SCS38,weekday_2059,1790686183,0.0,3.0978,101.7061,0.0
ETS206,9449,1790686193,84.0,2.3845,103.0181,0.0
SCS29,weekday_2049,1790686191,114.0,2.4912,102.1787,0.0
SCS21,weekday_2057,1790686190,73.0,2.7297,101.9,0.0
SCS04,weekday_2063,1790686188,64.0,3.2097,101.6723,0.0
EMU35,2956,1790686182,117.0,6.1415,100.3806,0.0
EMU33,2954,1790686180,103.0,6.5462,100.26,0.0
ETS307,9533,1790686310,90.0,2.1439724,103.2391,0.0
ETS306,9532,1790686310,90.0,0.0027284583,0.0154984975,0.0
ETS308,9531,1790686310,90.0,1.5412506,103.71512,0.0
ETS310,9428,1790686310,90.0,6.390482,100.28794,0.0
ETS304,9138,1790686310,90.0,3.29887,101.57568,0.0
ETS303,9535,1790686310,90.0,2.9095385,101.796104,0.0
EMU28,2960,1790686299,50.0,5.366,100.4177,0.0
ETS206,9449,1790686298,0.0,2.3836,103.0195,0.0
SCS21,weekday_2057,1790686295,46.0,2.7252,101.9171,0.0
SCS19,weekday_2055,1790686295,102.0,2.7624,101.8093,0.0
SCS32,weekday_2185,1790686286,86.0,3.505,101.6335,0.0
DMU13,58,1790686286,87.0,5.9503,102.1473,0.0
EMU33,2954,1790686285,116.0,6.5776,100.2613,0.0
DMU03,57,1790686277,50.0,5.0669,102.0692,0.0
SCS10,weekday_2177,1790686271,0.0,3.0862,101.6638,0.0
EMU24,2846,1790686293,114.0,5.0384,100.6964,0.0
ETS216,9233,1790686289,131.0,4.1245,101.2357,0.0
ETS213,9133,1790686285,0.0,3.137,101.691,0.0
EMU31,2861,1790686285,114.0,5.0187,100.5441,0.0
ETS204,9352,1790686277,18.0,4.4653,101.0467,0.0
DMU09,38,1790686279,45.0,3.9787,102.3386,0.0
SCS28,2857,1790686276,115.0,4.7839,101.0993,0.0
SCS29,weekday_2049,1790686296,113.0,2.4599,102.1829,0.0
SCS10,weekday_2177,1790686301,0.0,3.0862,101.6638,0.0
DMU13,58,1790686301,84.0,5.9536,102.1464,0.0
ETS206,9449,1790686328,0.0,2.3836,103.0195,0.0
SCS29,weekday_2049,1790686326,114.0,2.453,102.1882,0.0
ETS308,9531,1790686310,90.0,1.5412506,103.71512,0.0
ETS307,9533,1790686310,90.0,2.1439724,103.2391,0.0
ETS306,9532,1790686310,90.0,0.0027284583,0.0154984975,0.0
ETS303,9535,1790686310,90.0,2.9095385,101.796104,0.0
ETS310,9428,1790686310,90.0,6.390482,100.28794,0.0
ETS304,9138,1790686310,90.0,3.29887,101.57568,0.0
DMU09,38,1790686324,30.0,3.9832,102.3367,0.0
SCS04,weekday_2063,1790686323,0.0,3.2044,101.676,0.0
DMU03,57,1790686322,53.0,5.0601,102.0692,0.0
EMU33,2954,1790686300,117.0,6.582,100.2622,0.0
ETS213,9133,1790686300,0.0,3.137,101.691,0.0
EMU24,2846,1790686313,116.0,5.0394,100.6905,0.0
ETS216,9233,1790686304,125.0,4.1218,101.2399,0.0
SCS38,weekday_2059,1790686303,0.0,3.0978,101.7061,0.0
EMU28,2960,1790686329,29.0,5.3647,100.4211,0.0
SCS19,weekday_2055,1790686325,96.0,2.7573,101.8153,0.0
SCS21,weekday_2057,1790686325,37.0,2.7234,101.9201,0.0
ETS204,9352,1790686322,81.0,4.4732,101.0427,0.0
ETS207,9055,1790686322,70.0,3.3393,101.5727,0.0
SCS28,2857,1790686321,115.0,4.7732,101.1074,0.0
ETS304,9138,1790686431,90.0,3.3192117,101.57561,0.0
ETS310,9428,1790686431,90.0,6.426382,100.27054,0.0
ETS308,9531,1790686431,90.0,1.5412666,103.71518,0.0
ETS306,9532,1790686431,90.0,0.0027284583,0.0154984975,0.0
ETS307,9533,1790686431,90.0,2.1163116,103.26472,0.0
ETS303,9535,1790686431,90.0,2.9059834,101.791306,0.0
SCS21,weekday_2057,1790686415,49.0,2.722,101.9315,0.0
DMU09,38,1790686414,13.0,3.9888,102.3336,0.0
ETS207,9055,1790686412,24.0,3.3277,101.5694,0.0
SCS28,2857,1790686411,115.0,4.75,101.1204,0.0
ETS216,9233,1790686409,71.0,4.1063,101.2614,0.0
SCS38,weekday_2059,1790686408,0.0,3.0978,101.7061,0.0
EMU35,2956,1790686407,52.0,6.1848,100.3739,0.0
EMU31,2861,1790686405,117.0,5.038,100.5749,0.0
ETS213,9133,1790686405,0.0,3.137,101.691,0.0
EMU33,2954,1790686360,118.0,6.6005,100.2632,0.0
SCS10,weekday_2177,1790686406,0.0,3.0862,101.6638,0.0
SCS32,weekday_2185,1790686406,60.0,3.4977,101.6346,0.0
DMU13,58,1790686406,80.0,5.9758,102.1433,0.0
ETS204,9352,1790686472,106.0,4.514,101.0488,0.0
SCS28,2857,1790686471,114.0,4.732,101.122,0.0
ETS216,9233,1790686469,122.0,4.0931,101.2699,0.0
SCS38,weekday_2059,1790686468,0.0,3.0978,101.7061,0.0
EMU35,2956,1790686467,115.0,6.1981,100.3682,0.0
EMU33,2954,1790686465,117.0,6.6306,100.272,0.0
EMU31,2861,1790686465,116.0,5.0451,100.5914,0.0
EMU28,2960,1790686464,91.0,5.3645,100.4358,0.0
SCS29,weekday_2049,1790686461,46.0,2.4702,102.2127,0.0
SCS32,weekday_2185,1790686451,114.0,3.4873,101.6377,0.0
EMU24,2846,1790686433,118.0,5.0406,100.654,0.0
SCS04,weekday_2063,1790686443,0.0,3.1979,101.6815,0.0
ETS206,9449,1790686433,5.0,2.3831,103.0196,0.0
DMU13,58,1790686421,87.0,5.9791,102.1431,0.0
SCS10,weekday_2177,1790686421,0.0,3.0862,101.6638,0.0
SCS19,weekday_2055,1790686415,22.0,2.7544,101.8254,0.0
ETS310,9428,1790686431,90.0,6.426382,100.27054,0.0
ETS308,9531,1790686431,90.0,1.5412666,103.71518,0.0
ETS306,9532,1790686431,90.0,0.0027284583,0.0154984975,0.0
ETS307,9533,1790686431,90.0,2.1163116,103.26472,0.0
ETS304,9138,1790686431,90.0,3.3192117,101.57561,0.0
ETS303,9535,1790686431,90.0,2.9059834,101.791306,0.0
ETS215,9135,1790686472,132.0,4.3519,101.1137,0.0
ETS207,9055,1790686427,39.0,3.3266,101.5701,0.0
ETS213,9133,1790686465,7.0,3.1311,101.6821,0.0
SCS21,weekday_2057,1790686460,26.0,2.721,101.9355,0.0
DMU09,38,1790686474,8.0,3.991,102.3325,0.0
ETS310,9428,1790686552,90.0,6.430334,100.26921,0.0
ETS308,9531,1790686551,90.0,1.5412577,103.71517,0.0
ETS306,9532,1790686551,90.0,3.139205,101.69463,0.0
ETS304,9138,1790686551,90.0,3.3347456,101.5731,0.0
SCS32,weekday_2185,1790686496,72.0,3.475,101.6389,0.0
ETS213,9133,1790686495,41.0,3.1287,101.6806,0.0
EMU31,2861,1790686495,117.0,5.0445,100.6006,0.0
ETS307,9533,1790686551,90.0,2.0826356,103.289505,0.0
ETS303,9535,1790686551,90.0,2.9016066,101.78642,0.0
ETS204,9352,1790686502,28.0,4.5192,101.0497,0.0
ETS206,9449,1790686508,4.0,2.383,103.0205,0.0
SCS29,weekday_2049,1790686506,5.0,2.4695,102.2154,0.0
DMU13,58,1790686496,84.0,5.9967,102.1419,0.0
EMU28,2960,1790686509,55.0,5.3668,100.4451,0.0
ETS207,9055,1790686502,29.0,3.3202,101.5748,0.0
ETS216,9233,1790686499,118.0,4.084,101.2718,0.0
SCS38,weekday_2059,1790686498,0.0,3.0978,101.7061,0.0
SCS21,weekday_2057,1790686505,19.0,2.7197,101.9392,0.0
EMU35,2956,1790686497,116.0,6.2072,100.3663,0.0
DMU06,39,1790686543,81.0,2.6761,102.5416,0.0
SCS28,2857,1790686576,113.0,4.7044,101.1328,0.0
DMU13,58,1790686586,75.0,6.016,102.14,0.0
ETS310,9428,1790686552,90.0,6.430334,100.26921,0.0
EMU35,2956,1790686602,113.0,6.2387,100.3599,0.0
SCS32,weekday_2185,1790686601,11.0,3.4688,101.6379,0.0
ETS216,9233,1790686559,133.0,4.0654,101.2788,0.0
EMU31,2861,1790686600,116.0,5.0421,100.6324,0.0
ETS213,9133,1790686600,0.0,3.1288,101.6804,0.0
ETS307,9533,1790686551,90.0,2.0826356,103.289505,0.0
ETS306,9532,1790686551,90.0,3.139205,101.69463,0.0
ETS308,9531,1790686551,90.0,1.5412577,103.71517,0.0
ETS304,9138,1790686551,90.0,3.3347456,101.5731,0.0
ETS303,9535,1790686551,90.0,2.9016066,101.78642,0.0
EMU28,2960,1790686599,0.0,5.3664,100.4478,0.0
ETS206,9449,1790686598,0.0,2.383,103.0204,0.0
SCS29,weekday_2049,1790686596,24.0,2.4669,102.2202,0.0
SCS19,weekday_2055,1790686595,51.0,2.7517,101.835,0.0
SCS38,weekday_2059,1790686558,0.0,3.0978,101.7061,0.0
SCS21,weekday_2057,1790686595,1.0,2.7193,101.9399,0.0
ETS207,9055,1790686592,0.0,3.3188,101.5751,0.0
DMU10(D6120),60,1790686591,58.0,5.4266,102.2374,0.0
ETS215,9135,1790686577,126.0,4.3228,101.1348,0.0
SCS10,weekday_2177,1790686556,0.0,3.0862,101.6638,0.0
SCS38,weekday_2059,1790686603,0.0,3.0978,101.7061,0.0
ETS207,9055,1790686652,19.0,3.3173,101.5749,0.0
DMU10(D6120),60,1790686651,51.0,5.4354,102.2362,0.0
DMU13,58,1790686601,72.0,6.019,102.1404,0.0
EMU31,2861,1790686600,116.0,5.0421,100.6324,0.0
SCS28,2857,1790686651,114.0,4.6848,101.1415,0.0
SCS10,weekday_2177,1790686646,0.0,3.0862,101.6638,0.0
ETS215,9135,1790686592,125.0,4.3189,101.1378,0.0
ETS204,9352,1790686592,17.0,4.5266,101.0512,0.0
ETS304,9138,1790686672,90.0,3.3618228,101.57582,0.0
ETS310,9428,1790686672,90.0,6.4365196,100.26703,0.0
ETS308,9531,1790686672,90.0,1.5412405,103.715195,0.0
ETS306,9532,1790686672,90.0,3.1410117,101.69494,0.0
ETS307,9533,1790686672,90.0,2.0493119,103.31277,0.0
ETS303,9535,1790686672,90.0,2.8851154,101.803246,0.0
SCS04,weekday_2063,1790686653,0.0,3.1816,101.6885,0.0
ETS308,9531,1790686672,90.0,1.5412405,103.715195,0.0
ETS304,9138,1790686672,90.0,3.3618228,101.57582,0.0
ETS310,9428,1790686672,90.0,6.4365196,100.26703,0.0
SCS04,weekday_2063,1790686653,0.0,3.1816,101.6885,0.0
ETS213,9133,1790686705,0.0,3.1287,101.6803,0.0
ETS216,9233,1790686724,135.0,4.0121,101.2956,0.0
SCS38,weekday_2059,1790686708,0.0,3.0978,101.7061,0.0
ETS206,9449,1790686688,18.0,2.3826,103.0207,0.0
ETS207,9055,1790686682,38.0,3.3148,101.5749,0.0
SCS29,weekday_2049,1790686686,14.0,2.4639,102.2253,0.0
EMU31,2861,1790686686,111.0,5.0396,100.6578,0.0
DMU09,38,1790686684,59.0,4.0116,102.3215,0.0
SCS28,2857,1790686681,117.0,4.6762,101.1384,0.0
EMU24,2846,1790686653,120.0,5.0446,100.5874,0.0
SCS21,weekday_2057,1790686685,65.0,2.7149,101.9464,0.0
SCS10,weekday_2177,1790686661,0.0,3.0862,101.6638,0.0
ETS303,9535,1790686672,90.0,2.8851154,101.803246,0.0
ETS307,9533,1790686672,90.0,2.0493119,103.31277,0.0
ETS306,9532,1790686672,90.0,3.1410117,101.69494,0.0
ETS304,9138,1790686793,90.0,3.3685727,101.608284,0.0
SCS19,weekday_2055,1790686745,50.0,2.7417,101.8709,0.0
DMU06,39,1790686738,70.0,2.6515,102.5716,0.0
DMU13,58,1790686736,22.0,6.0397,102.1408,0.0
SCS32,weekday_2185,1790686736,115.0,3.4382,101.6368,0.0
ETS310,9428,1790686793,90.0,6.472818,100.2547,0.0
ETS308,9531,1790686793,90.0,1.5412912,103.7151,0.0
ETS306,9532,1790686793,90.0,3.1499686,101.69167,0.0
ETS307,9533,1790686793,90.0,2.0358863,103.317924,0.0
ETS206,9449,1790686733,83.0,2.3789,103.026,0.0
SCS38,weekday_2059,1790686723,0.0,3.0978,101.7061,0.0
ETS303,9535,1790686793,90.0,2.8674638,101.82014,0.0
EMU35,2956,1790686714,112.0,6.2707,100.3534,0.0
SCS28,2857,1790686756,114.0,4.6581,101.1244,0.0
SCS10,weekday_2177,1790686721,17.0,3.0852,101.6611,0.0
ETS213,9133,1790686720,0.0,3.1286,101.6802,0.0
DMU09,38,1790686759,56.0,4.0235,102.3192,0.0
SCS04,weekday_2063,1790686758,31.0,3.1777,101.6866,0.0
ETS207,9055,1790686757,58.0,3.304,101.5751,0.0
ETS215,9135,1790686757,0.0,4.3032,101.153,0.0
ETS204,9352,1790686757,84.0,4.5508,101.0557,0.0
SCS29,weekday_2049,1790686746,0.0,2.4636,102.2259,0.0
SCS21,weekday_2057,1790686745,85.0,2.7047,101.9542,0.0
ETS307,9533,1790686793,90.0,2.0358863,103.317924,0.0
ETS303,9535,1790686793,90.0,2.8674638,101.82014,0.0
ETS306,9532,1790686793,90.0,3.1499686,101.69167,0.0
ETS308,9531,1790686793,90.0,1.5412912,103.7151,0.0
ETS310,9428,1790686793,90.0,6.472818,100.2547,0.0
EMU24,2846,1790686833,119.0,5.0186,100.5392,0.0
ETS216,9233,1790686829,127.0,3.9808,101.3131,0.0
SCS38,weekday_2059,1790686828,0.0,3.0978,101.7061,0.0
DMU06,39,1790686828,57.0,2.6442,102.5849,0.0
SCS32,weekday_2185,1790686826,91.0,3.4185,101.6251,0.0
DMU13,58,1790686826,0.0,6.0427,102.1424,0.0
SCS10,weekday_2177,1790686811,5.0,3.0833,101.6558,0.0
ETS213,9138,1790686825,0.0,3.1288,101.6803,0.0
DMU03,57,1790686877,36.0,5.0295,102.0442,0.0
EMU28,2960,1790686876,110.0,5.3725,100.4685,0.0
ETS307,9533,1790686914,90.0,2.035342,103.31808,0.0
ETS308,9531,1790686914,90.0,1.5412682,103.715225,0.0
ETS310,9428,1790686914,90.0,6.512326,100.25585,0.0
ETS303,9535,1790686913,90.0,2.861805,101.8207,0.0
ETS216,9233,1790686859,115.0,3.972,101.3163,0.0
DMU13,58,1790686856,0.0,6.0427,102.1424,0.0
SCS10,weekday_2177,1790686856,62.0,3.0821,101.6518,0.0
ETS213,9138,1790686855,0.0,3.1287,101.6803,0.0
DMU06,39,1790686888,59.0,2.6354,102.5896,0.0
SCS32,weekday_2185,1790686886,119.0,3.4013,101.6279,0.0
ETS215,9135,1790686847,64.0,4.2983,101.159,0.0
EMU35,2956,1790686864,109.0,6.3131,100.3446,0.0
EMU24,2846,1790686833,119.0,5.0186,100.5392,0.0
DMU09,38,1790686864,48.0,4.0383,102.318,0.0
SCS38,weekday_2059,1790686873,0.0,3.0978,101.7061,0.0
SCS04,weekday_2063,1790686833,21.0,3.1722,101.6848,0.0
ETS207,9055,1790686832,73.0,3.2912,101.5731,0.0
ETS204,9352,1790686832,27.0,4.5674,101.0634,0.0
EMU31,2861,1790686896,115.0,5.0276,100.7175,0.0
SCS19,weekday_2055,1790686895,70.0,2.7387,101.8843,0.0
SCS21,weekday_2057,1790686895,0.0,2.6913,101.9715,0.0
SCS10,weekday_2177,1790686946,45.0,3.0844,101.6329,0.0
ETS215,9135,1790686937,81.0,4.2802,101.1645,0.0
DMU06,39,1790686903,57.0,2.6332,102.5907,0.0
SCS38,weekday_2059,1790686903,0.0,3.0978,101.7061,0.0
ETS310,9428,1790686914,90.0,6.512326,100.25585,0.0
ETS308,9531,1790686914,90.0,1.5412682,103.715225,0.0
ETS307,9533,1790686914,90.0,2.035342,103.31808,0.0
ETS303,9535,1790686913,90.0,2.861805,101.8207,0.0
ETS206,9449,1790686898,129.0,2.3466,103.0644,0.0
DMU09,38,1790686894,42.0,4.0415,102.3158,0.0
DMU03,57,1790686892,35.0,5.0282,102.0432,0.0
SCS28,2857,1790686936,84.0,4.616,101.0931,0.0
DMU13,58,1790686901,0.0,6.0427,102.1425,0.0
EMU31,2861,1790687016,116.0,4.9971,100.7352,0.0
EMU35,2956,1790686984,109.0,6.3406,100.3254,0.0
DMU06,39,1790686978,57.0,2.6236,102.5944,0.0
SCS19,weekday_2055,1790686985,98.0,2.7316,101.8984,0.0
ETS310,9428,1790687035,90.0,6.5530376,100.26035,0.0
SCS04,weekday_2063,1790686982,11.0,3.1653,101.6912,0.0
DMU03,57,1790686982,0.0,5.0246,102.0388,0.0
DMU10(D6120),60,1790686981,34.0,5.4751,102.2209,0.0
ETS307,9533,1790687035,90.0,2.00483,103.32505,0.0
ETS308,9531,1790687035,90.0,1.5412383,103.715256,0.0
ETS303,9535,1790687034,90.0,2.8491743,101.8243,0.0
SCS28,2857,1790686981,80.0,4.6098,101.0863,0.0
ETS213,9138,1790687020,0.0,3.1288,101.6805,0.0
ETS206,9449,1790687018,142.0,2.3228,103.098,0.0
SCS21,weekday_2057,1790687015,89.0,2.6739,101.9832,0.0
DMU09,38,1790687014,34.0,4.0543,102.3103,0.0
EMU24,2846,1790686973,0.0,5.0287,100.5272,0.0
ETS215,9135,1790687012,92.0,4.2635,101.1694,0.0
DMU13,58,1790687006,48.0,6.0479,102.1451,0.0
SCS32,weekday_2185,1790687006,19.0,3.3768,101.6152,0.0
SCS38,weekday_2059,1790686978,0.0,3.0978,101.7061,0.0
SCS10,weekday_2177,1790686976,0.0,3.0846,101.6314,0.0
SCS04,weekday_2063,1790687057,8.0,3.1651,101.6912,0.0
DMU06,39,1790687038,68.0,2.6132,102.5908,0.0
ETS310,9428,1790687035,90.0,6.5530376,100.26035,0.0
ETS303,9535,1790687034,90.0,2.8491743,101.8243,0.0
SCS38,weekday_2059,1790687023,0.0,3.0978,101.7061,0.0
SCS32,weekday_2185,1790687021,0.0,3.3765,101.6149,0.0
DMU13,58,1790687021,60.0,6.0499,102.1461,0.0
SCS10,weekday_2177,1790687021,31.0,3.0848,101.6306,0.0
DMU03,57,1790687057,29.0,5.023,102.036,0.0
SCS28,2857,1790687056,8.0,4.6081,101.0775,0.0
EMU28,2960,1790687056,112.0,5.4241,100.4814,0.0
SCS19,weekday_2055,1790687045,72.0,2.7254,101.9108,0.0
ETS213,9138,1790687035,0.0,3.1288,101.6808,0.0
ETS206,9449,1790687033,134.0,2.3199,103.1023,0.0
EMU31,2861,1790687031,116.0,4.9925,100.7346,0.0
SCS21,weekday_2057,1790687030,92.0,2.6719,101.9861,0.0
EMU35,2956,1790687029,99.0,6.3504,100.318,0.0
DMU09,38,1790687029,38.0,4.0559,102.3098,0.0
ETS215,9135,1790687027,95.0,4.2602,101.1711,0.0
DMU10(D6120),60,1790687026,42.0,5.479,102.2191,0.0
EMU24,2846,1790687013,63.0,5.0313,100.5259,0.0
ETS307,9533,1790687035,90.0,2.00483,103.32505,0.0
ETS308,9531,1790687035,90.0,1.5412383,103.715256,0.0
SCS09,weekday_2184,1790687125,0.0,3.0005,101.3909,0.0
EMU31,2861,1790687121,117.0,4.9659,100.7279,0.0
SCS32,weekday_2185,1790687126,105.0,3.3697,101.608,0.0
ETS310,9428,1790687156,90.0,6.5949135,100.26392,0.0
SCS21,weekday_2057,1790687120,0.0,2.6611,101.9957,0.0
ETS308,9531,1790687156,90.0,1.5412719,103.715225,0.0
ETS307,9533,1790687156,90.0,1.9665414,103.340004,0.0
ETS303,9535,1790687155,90.0,2.828421,101.827545,0.0
SCS19,weekday_2055,1790687135,64.0,2.7238,101.9266,0.0
DMU09,38,1790687134,50.0,4.0634,102.2976,0.0
EMU24,2846,1790687133,113.0,5.0613,100.51,0.0
SCS04,weekday_2063,1790687132,53.0,3.1572,101.6937,0.0
DMU03,57,1790687132,17.0,5.0207,102.0315,0.0
EMU28,2960,1790687131,111.0,5.4443,100.4911,0.0
DMU10(D6120),60,1790687131,47.0,5.4954,102.2157,0.0
ETS216,9233,1790687159,110.0,3.8996,101.3605,0.0
ETS307,9533,1790687156,90.0,1.9665414,103.340004,0.0
ETS308,9531,1790687156,90.0,1.5412719,103.715225,0.0
ETS310,9428,1790687156,90.0,6.5949135,100.26392,0.0
ETS303,9535,1790687155,90.0,2.828421,101.827545,0.0
EMU31,2861,1790687161,116.0,4.9542,100.7245,0.0
ETS213,9138,1790687185,21.0,3.1305,101.6819,0.0
SCS09,weekday_2184,1790687185,0.0,3.0005,101.3909,0.0
DMU10(D6120),60,1790687161,52.0,5.4992,102.214,0.0
EMU24,2846,1790687153,112.0,5.0665,100.5072,0.0
DMU13,58,1790687186,91.0,6.0796,102.1634,0.0
SCS32,weekday_2185,1790687186,25.0,3.3658,101.5983,0.0
SCS21,weekday_2057,1790687165,18.0,2.6609,101.996,0.0
SCS19,weekday_2055,1790687165,67.0,2.7219,101.9318,0.0
DMU09,38,1790687164,41.0,4.0656,102.2943,0.0
ETS215,9135,1790687162,132.0,4.2207,101.1792,0.0
ETS204,9352,1790687162,0.0,4.5924,101.0716,0.0
SCS38,weekday_2059,1790687143,0.0,3.0978,101.7061,0.0
ETS307,9533,1790687277,90.0,1.9328717,103.363144,0.0
ETS308,9531,1790687277,90.0,1.5409098,103.71581,0.0
ETS310,9428,1790687277,90.0,6.632125,100.276535,0.0
ETS303,9535,1790687276,90.0,2.8128896,101.811134,0.0
SCS38,weekday_2059,1790687263,0.0,3.0978,101.7061,0.0
DMU06,39,1790687263,34.0,2.5846,102.5987,0.0
SCS32,weekday_2185,1790687231,23.0,3.3648,101.5954,0.0
DMU13,58,1790687231,83.0,6.0882,102.1693,0.0
SCS09,weekday_2184,1790687230,0.0,3.0005,101.3909,0.0
ETS213,9138,1790687230,0.0,3.1316,101.6829,0.0
DMU09,38,1790687194,30.0,4.0667,102.2916,0.0
SCS04,weekday_2063,1790687192,0.0,3.1539,101.6926,0.0
EMU24,2846,1790687193,116.0,5.0773,100.5015,0.0
SCS21,weekday_2057,1790687225,87.0,2.6568,102.0046,0.0
SCS19,weekday_2055,1790687225,29.0,2.7191,101.9402,0.0
ETS204,9352,1790687192,9.0,4.6012,101.0753,0.0
SCS38,weekday_2059,1790687308,0.0,3.0978,101.7061,0.0
ETS213,9138,1790687305,0.0,3.1316,101.6829,0.0
SCS09,weekday_2184,1790687305,4.0,3.0014,101.3908,0.0
ETS216,9233,1790687294,113.0,3.8706,101.3792,0.0
SCS21,weekday_2057,1790687285,87.0,2.6552,102.0176,0.0
SCS19,weekday_2055,1790687285,0.0,2.7187,101.9408,0.0
DMU03,57,1790687282,16.0,5.0105,102.0251,0.0
SCS32,weekday_2185,1790687261,28.0,3.3642,101.5932,0.0
DMU13,58,1790687261,50.0,6.0924,102.1724,0.0
DMU09,38,1790687254,43.0,4.0694,102.2858,0.0
ETS204,9352,1790687282,32.0,4.6072,101.0773,0.0
EMU28,2960,1790687281,24.0,5.4821,100.498,0.0
ETS308,9531,1790687277,90.0,1.5409098,103.71581,0.0
ETS307,9533,1790687277,90.0,1.9328717,103.363144,0.0
ETS310,9428,1790687277,90.0,6.632125,100.276535,0.0
ETS303,9535,1790687276,90.0,2.8128896,101.811134,0.0
SCS10,weekday_2177,1790687276,0.0,3.0831,101.6108,0.0
ETS310,9428,1790687398,90.0,6.6493187,100.303444,0.0
ETS308,9531,1790687398,90.0,1.5409399,103.71585,0.0
ETS307,9533,1790687398,90.0,1.9045459,103.3918,0.0
ETS303,9535,1790687397,90.0,2.7875896,101.79904,0.0
ETS216,9233,1790687369,111.0,3.8499,101.3837,0.0
ETS307,9533,1790687398,90.0,1.9045459,103.3918,0.0
ETS308,9531,1790687398,90.0,1.5409399,103.71585,0.0
ETS310,9428,1790687398,90.0,6.6493187,100.303444,0.0
ETS303,9535,1790687397,90.0,2.7875896,101.79904,0.0
ETS207,9055,1790687417,28.0,3.2064,101.5799,0.0
ETS204,9352,1790687417,81.0,4.6164,101.0938,0.0
EMU31,2861,1790687416,0.0,4.8962,100.7194,0.0
EMU28,2960,1790687412,104.0,5.4993,100.5026,0.0
DMU13,58,1790687411,57.0,6.1138,102.1955,0.0
SCS32,weekday_2185,1790687411,83.0,3.3491,101.5722,0.0
ETS213,9138,1790687410,0.0,3.1316,101.6829,0.0
SCS19,weekday_2055,1790687405,49.0,2.7156,101.9452,0.0
SCS21,weekday_2057,1790687405,119.0,2.6363,102.045,0.0
DMU09,38,1790687404,9.0,4.0753,102.2718,0.0
DMU03,57,1790687402,46.0,4.9979,102.0206,0.0
SCS04,weekday_2063,1790687402,21.0,3.1422,101.6942,0.0
DMU10(D6120),60,1790687401,13.0,5.5274,102.2042,0.0
SCS28,2857,1790687401,17.0,4.5988,101.074,0.0
DMU06,39,1790687398,20.0,2.5788,102.6107,0.0
SCS10,weekday_2177,1790687396,33.0,3.0829,101.606,0.0
ETS308,9531,1790687519,90.0,1.5412238,103.71521,0.0
ETS310,9428,1790687519,90.0,6.6566024,100.31415,0.0
SCS32,weekday_2185,1790687441,77.0,3.3426,101.5726,0.0
SCS09,weekday_2184,1790687440,15.0,3.0055,101.3942,0.0
ETS307,9533,1790687519,90.0,1.884825,103.40536,0.0
ETS303,9535,1790687518,90.0,2.7596622,101.812096,0.0
ETS216,9233,1790687489,112.0,3.8224,101.4058,0.0
SCS19,weekday_2055,1790687480,85.0,2.7041,101.9547,0.0
SCS21,weekday_2057,1790687480,116.0,2.6291,102.0661,0.0
DMU09,38,1790687479,2.0,4.0754,102.2713,0.0
ETS207,9055,1790687477,0.0,3.2062,101.5806,0.0
EMU24,2846,1790687486,0.0,5.1308,100.4861,0.0
SCS04,weekday_2063,1790687477,0.0,3.1394,101.6935,0.0
DMU03,57,1790687477,44.0,4.9893,102.0161,0.0
SCS28,2857,1790687476,0.0,4.5982,101.0736,0.0
EMU31,2861,1790687476,86.0,4.8895,100.7202,0.0
EMU35,2956,1790687475,105.0,6.4078,100.2766,0.0
EMU28,2960,1790687442,113.0,5.5075,100.5048,0.0
ETS213,9138,1790687440,0.0,3.1316,101.6829,0.0
DMU10(D6120),60,1790687476,0.0,5.5301,102.2032,0.0
SCS38,weekday_2059,1790687443,0.0,3.0978,101.7061,0.0
ETS310,9428,1790687519,90.0,6.6566024,100.31415,0.0
ETS308,9531,1790687519,90.0,1.5412238,103.71521,0.0
ETS307,9533,1790687519,90.0,1.884825,103.40536,0.0
ETS303,9535,1790687518,90.0,2.7596622,101.812096,0.0
SCS09,weekday_2184,1790687530,24.0,3.0096,101.3987,0.0
SCS21,weekday_2057,1790687525,116.0,2.621,102.0766,0.0
SCS19,weekday_2055,1790687525,85.0,2.6987,101.9637,0.0
DMU09,38,1790687524,31.0,4.0757,102.2685,0.0
EMU31,2861,1790687521,111.0,4.8776,100.7226,0.0
DMU10(D6120),60,1790687521,0.0,5.5301,102.2031,0.0
ETS206,9449,1790687498,128.0,2.2547,103.1512,0.0
SCS38,weekday_2059,1790687533,0.0,3.0978,101.7061,0.0
DMU06,39,1790687533,0.0,2.5796,102.6136,0.0
EMU28,2960,1790687532,115.0,5.5344,100.5042,0.0
SCS32,weekday_2185,1790687531,31.0,3.3283,101.5692,0.0
ETS213,9138,1790687530,0.0,3.1316,101.6829,0.0
DMU06,39,1790687578,0.0,2.5795,102.6135,0.0
SCS38,weekday_2059,1790687578,0.0,3.0978,101.7061,0.0
SCS32,weekday_2185,1790687576,39.0,3.3239,101.5721,0.0
DMU13,58,1790687576,0.0,6.1184,102.2007,0.0
SCS09,weekday_2184,1790687575,25.0,3.0117,101.4009,0.0
SCS19,weekday_2055,1790687570,68.0,2.6926,101.971,0.0
EMU24,2846,1790687566,0.0,5.1308,100.4861,0.0
ETS308,9531,1790687640,90.0,1.5412343,103.71523,0.0
ETS307,9533,1790687640,90.0,1.8763006,103.40974,0.0
ETS303,9535,1790687639,90.0,2.7497823,101.84087,0.0
SCS10,weekday_2177,1790687616,0.0,3.0848,101.588,0.0
EMU35,2956,1790687565,47.0,6.4286,100.2695,0.0
SCS21,weekday_2057,1790687615,103.0,2.5984,102.0915,0.0
EMU28,2960,1790687577,118.0,5.5479,100.5005,0.0
SCS04,weekday_2063,1790687612,0.0,3.1362,101.6898,0.0
DMU10(D6120),60,1790687611,13.0,5.5318,102.2022,0.0
EMU31,2861,1790687611,69.0,4.8575,100.7344,0.0
DMU03,57,1790687597,51.0,4.9727,102.0135,0.0
ETS308,9531,1790687640,90.0,1.5412343,103.71523,0.0
ETS303,9535,1790687639,90.0,2.7497823,101.84087,0.0
SCS09,weekday_2184,1790687665,28.0,3.0143,101.4037,0.0
ETS216,9233,1790687654,119.0,3.7837,101.4353,0.0
SCS21,weekday_2057,1790687645,28.0,2.5943,102.094,0.0
ETS207,9055,1790687642,55.0,3.2019,101.5905,0.0
EMU28,2960,1790687667,116.0,5.5753,100.496,0.0
SCS32,weekday_2185,1790687666,0.0,3.3201,101.5748,0.0
SCS10,weekday_2177,1790687661,0.0,3.0849,101.5878,0.0
SCS19,weekday_2055,1790687660,19.0,2.6897,101.9721,0.0
EMU24,2846,1790687666,0.0,5.1308,100.4861,0.0
DMU09,38,1790687659,57.0,4.0773,102.249,0.0
DMU13,58,1790687666,15.0,6.1189,102.2011,0.0
EMU31,2861,1790687656,0.0,4.8532,100.7324,0.0
DMU10(D6120),60,1790687656,0.0,5.5324,102.2019,0.0
EMU35,2956,1790687640,0.0,6.4315,100.2684,0.0
ETS307,9533,1790687640,90.0,1.8763006,103.40974,0.0
DMU09,38,1790687794,42.0,4.0841,102.2316,0.0
SCS04,weekday_2063,1790687792,0.0,3.1362,101.6898,0.0
DMU03,57,1790687792,45.0,4.9589,102.009,0.0
EMU31,2861,1790687791,107.0,4.8343,100.7298,0.0
DMU10(D6120),60,1790687791,0.0,5.5302,102.203,0.0
SCS28,2857,1790687791,37.0,4.5902,101.071,0.0
ETS216,9233,1790687789,64.0,3.751,101.4452,0.0
EMU28,2960,1790687772,116.0,5.6068,100.4953,0.0
SCS19,weekday_2055,1790687735,88.0,2.6778,101.9787,0.0
ETS308,9531,1790687761,90.0,1.541283,103.71518,0.0
ETS307,9533,1790687761,90.0,1.8436482,103.43084,0.0
EMU35,2956,1790687760,107.0,6.4511,100.2617,0.0
ETS303,9535,1790687760,90.0,2.740761,101.872765,0.0
EMU24,2846,1790687786,0.0,5.1308,100.4861,0.0
ETS213,9138,1790687785,0.0,3.1316,101.6829,0.0
SCS09,weekday_2184,1790687785,3.0,3.0211,101.411,0.0
SCS10,weekday_2177,1790687781,30.0,3.0826,101.5826,0.0
SCS21,weekday_2057,1790687780,116.0,2.5825,102.101,0.0
DMU13,58,1790687771,50.0,6.1257,102.2087,0.0
SCS32,weekday_2185,1790687771,68.0,3.3129,101.575,0.0
ETS207,9055,1790687747,64.0,3.2002,101.609,0.0
DMU09,38,1790687794,42.0,4.0841,102.2316,0.0
SCS04,weekday_2063,1790687852,0.0,3.1362,101.6898,0.0
EMU35,2956,1790687850,112.0,6.4755,100.2538,0.0
EMU28,2960,1790687847,115.0,5.6287,100.4921,0.0
DMU13,58,1790687846,69.0,6.1338,102.2186,0.0
SCS32,weekday_2185,1790687846,78.0,3.2955,101.5748,0.0
SCS09,weekday_2184,1790687845,0.0,3.0211,101.411,0.0
SCS10,weekday_2177,1790687826,48.0,3.0817,101.5783,0.0
SCS21,weekday_2057,1790687825,112.0,2.5708,102.108,0.0
ETS206,9449,1790687828,0.0,2.1912,103.1896,0.0
SCS19,weekday_2055,1790687825,40.0,2.6667,101.9916,0.0
ETS207,9055,1790687852,0.0,3.2081,101.6192,0.0
SCS10,weekday_2177,1790687901,40.0,3.0762,101.5691,0.0
SCS21,weekday_2057,1790687900,115.0,2.5584,102.1267,0.0
SCS32,weekday_2185,1790687891,73.0,3.2869,101.57,0.0
ETS213,9138,1790687890,0.0,3.1316,101.6829,0.0
SCS19,weekday_2055,1790687885,31.0,2.661,101.9956,0.0
ETS308,9531,1790687882,90.0,1.5409802,103.71587,0.0
SCS09,weekday_2184,1790687905,40.0,3.0241,101.4142,0.0
ETS307,9533,1790687882,90.0,1.8224895,103.462166,0.0
ETS303,9535,1790687881,90.0,2.7374039,101.895256,0.0
ETS207,9055,1790687912,0.0,3.2083,101.6282,0.0
DMU06,39,1790687908,0.0,2.5794,102.6136,0.0
ETS206,9449,1790687903,0.0,2.1912,103.1896,0.0
SCS38,weekday_2059,1790687893,4.0,3.0978,101.7061,0.0
EMU28,2960,1790687892,63.0,5.6397,100.4895,0.0
DMU13,58,1790687891,64.0,6.1389,102.2248,0.0
SCS10,weekday_2177,1790687931,16.0,3.0763,101.5667,0.0
SCS21,weekday_2057,1790687930,114.0,2.5524,102.1335,0.0
ETS207,9055,1790687927,0.0,3.2083,101.6282,0.0
ETS204,9352,1790687927,126.0,4.7646,101.1142,0.0
ETS215,9135,1790687927,121.0,4.0294,101.2869,0.0
SCS32,weekday_2185,1790687921,75.0,3.2821,101.5666,0.0
DMU13,58,1790687921,61.0,6.1433,102.2272,0.0
SCS09,weekday_2184,1790687935,40.0,3.0264,101.4167,0.0
ETS213,9138,1790687935,0.0,3.1316,101.6829,0.0
ETS206,9449,1790687933,0.0,2.1912,103.1896,0.0
DMU09,38,1790687929,16.0,4.0877,102.2214,0.0
SCS04,weekday_2063,1790687927,27.0,3.1287,101.6805,0.0
SCS04,weekday_2063,1790688032,29.0,3.1211,101.6784,0.0
ETS207,9055,1790688032,37.0,3.2067,101.6336,0.0
ETS215,9135,1790688032,117.0,4.0039,101.3034,0.0
ETS204,9352,1790688032,130.0,4.7935,101.0934,0.0
SCS19,weekday_2055,1790688020,0.0,2.6602,101.9965,0.0
DMU09,38,1790688004,26.0,4.0865,102.2176,0.0
DMU10(D6120),60,1790688031,0.0,5.5302,102.203,0.0
ETS216,9233,1790688029,93.0,3.7216,101.4697,0.0
ETS308,9531,1790688003,90.0,1.5409651,103.71587,0.0
EMU24,2846,1790687986,116.0,5.1595,100.4798,0.0
DMU03,57,1790687987,53.0,4.9317,102.0022,0.0
ETS307,9533,1790688003,90.0,1.812394,103.47884,0.0
ETS303,9535,1790688003,90.0,2.7249494,101.91524,0.0
EMU28,2960,1790688027,80.0,5.6495,100.4911,0.0
SCS32,weekday_2185,1790688026,58.0,3.2649,101.5583,0.0
SCS10,weekday_2177,1790688006,29.0,3.0767,101.5614,0.0
SCS21,weekday_2057,1790688005,114.0,2.5383,102.151,0.0
EMU31,2861,1790688029,114.0,4.784,100.7745,0.0
SCS38,weekday_2059,1790688028,19.0,3.1024,101.7001,0.0
ETS207,9055,1790688032,37.0,3.2067,101.6336,0.0
ETS215,9135,1790688032,117.0,4.0039,101.3034,0.0
ETS204,9352,1790688032,130.0,4.7935,101.0934,0.0
DMU13,58,1790688086,57.0,6.1597,102.2158,0.0
SCS09,weekday_2184,1790688085,32.0,3.0352,101.4262,0.0
DMU09,38,1790688079,45.0,4.0894,102.2095,0.0
SCS10,weekday_2177,1790688096,31.0,3.0751,101.5581,0.0
SCS19,weekday_2055,1790688095,0.0,2.6602,101.9965,0.0
SCS21,weekday_2057,1790688095,113.0,2.5183,102.1681,0.0
SCS32,weekday_2185,1790688071,8.0,3.2629,101.5571,0.0
ETS213,9138,1790688070,0.0,3.1316,101.6829,0.0
DMU03,57,1790688047,53.0,4.9261,101.9965,0.0
ETS206,9449,1790688038,124.0,2.1818,103.2065,0.0
ETS308,9531,1790688124,90.0,1.5399495,103.717766,0.0
ETS303,9535,1790688124,90.0,2.7236693,101.92581,0.0
ETS307,9533,1790688124,90.0,1.8078376,103.483925,0.0
SCS32,weekday_2185,1790688116,34.0,3.2601,101.5556,0.0
DMU13,58,1790688116,60.0,6.1617,102.2114,0.0
SCS09,weekday_2184,1790688115,60.0,3.0383,101.4294,0.0
SCS10,weekday_2177,1790688111,31.0,3.0746,101.5569,0.0
SCS21,weekday_2057,1790688110,114.0,2.5141,102.1698,0.0
SCS19,weekday_2055,1790688110,0.0,2.6602,101.9965,0.0
DMU09,38,1790688109,36.0,4.0923,102.2075,0.0
ETS204,9352,1790688107,102.0,4.8132,101.0776,0.0
ETS207,9055,1790688107,37.0,3.2006,101.6385,0.0
SCS04,weekday_2063,1790688107,18.0,3.1179,101.679,0.0
ETS215,9135,1790688107,122.0,3.9811,101.313,0.0
DMU10(D6120),60,1790688106,0.0,5.5302,102.203,0.0
ETS216,9233,1790688104,105.0,3.7117,101.4862,0.0
EMU31,2861,1790688104,114.0,4.7774,100.796,0.0
SCS38,weekday_2059,1790688103,52.0,3.107,101.6944,0.0
DMU06,39,1790688103,0.0,2.5794,102.6135,0.0
EMU28,2960,1790688102,117.0,5.6702,100.4947,0.0
ETS213,9138,1790688100,0.0,3.1316,101.6829,0.0
DMU06,39,1790688208,0.0,2.5795,102.6135,0.0
EMU28,2960,1790688207,118.0,5.6989,100.5094,0.0
DMU03,57,1790688197,48.0,4.9279,101.9822,0.0
ETS216,9233,1790688194,98.0,3.6961,101.5063,0.0
ETS303,9535,1790688245,90.0,2.7198298,101.93798,0.0
ETS308,9531,1790688245,90.0,1.5384904,103.7208,0.0
ETS307,9533,1790688245,90.0,1.7736627,103.49683,0.0
SCS21,weekday_2057,1790688260,114.0,2.4709,102.1815,0.0
SCS04,weekday_2063,1790688242,27.0,3.1013,101.7016,0.0
ETS215,9135,1790688242,114.0,3.9465,101.332,0.0
DMU03,57,1790688242,46.0,4.9227,101.9793,0.0
DMU10(D6120),60,1790688241,0.0,5.5301,102.203,0.0
ETS216,9233,1790688254,51.0,3.6871,101.5158,0.0
EMU24,2846,1790688246,111.0,5.2099,100.4899,0.0
ETS204,9352,1790688242,0.0,4.8187,101.0709,0.0
ETS213,9138,1790688265,0.0,3.1316,101.6829,0.0
ETS206,9449,1790688263,127.0,2.1341,103.2584,0.0
SCS10,weekday_2177,1790688261,74.0,3.0582,101.5304,0.0
SCS19,weekday_2055,1790688260,0.0,2.6602,101.9965,0.0
ETS207,9055,1790688257,0.0,3.1875,101.6629,0.0
DMU09,38,1790688214,54.0,4.1027,102.2005,0.0
DMU13,58,1790688251,57.0,6.1726,102.1933,0.0
SCS32,weekday_2185,1790688251,27.0,3.2534,101.5549,0.0
SCS09,weekday_2184,1790688250,22.0,3.0448,101.4364,0.0
EMU31,2861,1790688239,114.0,4.7766,100.8364,0.0
SCS38,weekday_2059,1790688238,0.0,3.1132,101.6821,0.0
DMU06,39,1790688238,0.0,2.5795,102.6135,0.0
EMU28,2960,1790688237,121.0,5.7079,100.5117,0.0
DMU09,38,1790688274,40.0,4.1104,102.199,0.0
DMU03,57,1790688272,40.0,4.9192,101.979,0.0
SCS10,weekday_2177,1790688396,54.0,3.0554,101.5214,0.0
ETS216,9233,1790688394,0.0,3.6862,101.517,0.0
SCS04,weekday_2063,1790688392,0.0,3.0978,101.706,0.0
ETS204,9352,1790688392,0.0,4.8231,101.0415,0.0
ETS206,9449,1790688383,127.0,2.0973,103.2743,0.0
SCS19,weekday_2055,1790688380,0.0,2.6602,101.9965,0.0
SCS38,weekday_2059,1790688358,5.0,3.1178,101.6792,0.0
DMU06,39,1790688358,0.0,2.5795,102.6135,0.0
SCS32,weekday_2185,1790688356,106.0,3.2373,101.5601,0.0
ETS308,9531,1790688366,90.0,1.537431,103.72338,0.0
ETS307,9533,1790688366,90.0,1.7355386,103.51218,0.0
ETS303,9535,1790688366,90.0,2.7186997,101.94084,0.0
DMU09,38,1790688379,0.0,4.1174,102.1994,0.0
EMU28,2960,1790688372,117.0,5.7477,100.5043,0.0
SCS21,weekday_2057,1790688365,115.0,2.4545,102.1988,0.0
ETS213,9138,1790688355,0.0,3.1316,101.6829,0.0
EMU24,2846,1790688366,120.0,5.2455,100.4858,0.0
SCS09,weekday_2184,1790688370,35.0,3.0452,101.4461,0.0
ETS207,9055,1790688362,67.0,3.1722,101.6845,0.0
SCS04,weekday_2063,1790688452,0.0,3.0978,101.706,0.0
DMU10(D6120),60,1790688451,0.0,5.5302,102.203,0.0
EMU24,2846,1790688446,115.0,5.2696,100.4804,0.0
ETS206,9449,1790688443,122.0,2.0823,103.2884,0.0
SCS19,weekday_2055,1790688440,0.0,2.6602,101.9965,0.0
ETS216,9233,1790688439,44.0,3.6827,101.5206,0.0
SCS09,weekday_2184,1790688415,32.0,3.0435,101.4493,0.0
ETS213,9138,1790688415,0.0,3.1316,101.6829,0.0
EMU31,2861,1790688404,0.0,4.7782,100.8572,0.0
DMU06,39,1790688403,0.0,2.5796,102.6135,0.0
SCS38,weekday_2059,1790688403,4.0,3.1179,101.6791,0.0
DMU09,38,1790688409,0.0,4.1174,102.1994,0.0
EMU28,2960,1790688402,118.0,5.7562,100.5006,0.0
DMU13,58,1790688401,89.0,6.1887,102.174,0.0
ETS215,9135,1790688407,122.0,3.9054,101.352,0.0
SCS32,weekday_2185,1790688401,107.0,3.2253,101.5619,0.0
ETS204,9352,1790688392,0.0,4.8231,101.0415,0.0
SCS10,weekday_2177,1790688411,80.0,3.0546,101.5188,0.0
SCS21,weekday_2057,1790688410,101.0,2.4661,102.2045,0.0
ETS303,9535,1790688487,90.0,2.7168057,101.94356,0.0
ETS308,9531,1790688487,90.0,1.5366668,103.72506,0.0
ETS307,9533,1790688487,90.0,1.7074298,103.54252,0.0
SCS10,weekday_2177,1790688516,15.0,3.0519,101.5012,0.0
SCS21,weekday_2057,1790688515,12.0,2.4698,102.2147,0.0
SCS19,weekday_2055,1790688515,0.0,2.6602,101.9965,0.0
ETS216,9233,1790688514,86.0,3.673,101.5295,0.0
DMU09,38,1790688514,52.0,4.1256,102.1992,0.0
ETS204,9352,1790688512,134.0,4.8422,101.0069,0.0
SCS04,weekday_2063,1790688512,0.0,3.0978,101.706,0.0
DMU03,57,1790688512,36.0,4.8883,101.9717,0.0
ETS215,9135,1790688512,110.0,3.8889,101.3754,0.0
ETS207,9055,1790688512,0.0,3.1566,101.6938,0.0
DMU10(D6120),60,1790688511,0.0,5.5301,102.203,0.0
EMU28,2960,1790688507,116.0,5.7856,100.4876,0.0
SCS09,weekday_2184,1790688490,0.0,3.0425,101.4514,0.0
ETS206,9449,1790688503,139.0,2.0658,103.2998,0.0
SCS38,weekday_2059,1790688523,18.0,3.1252,101.6783,0.0
SCS10,weekday_2177,1790688546,34.0,3.0522,101.499,0.0
EMU24,2846,1790688546,0.0,5.2864,100.4809,0.0
SCS21,weekday_2057,1790688545,21.0,2.4691,102.2163,0.0
ETS216,9233,1790688544,76.0,3.6682,101.5328,0.0
ETS204,9352,1790688542,135.0,4.8453,100.9968,0.0
DMU13,58,1790688521,0.0,6.1991,102.1675,0.0
ETS206,9449,1790688548,127.0,2.0533,103.3086,0.0
SCS09,weekday_2184,1790688535,0.0,3.0425,101.4514,0.0
SCS19,weekday_2055,1790688530,0.0,2.6602,101.9965,0.0
SCS04,weekday_2063,1790688542,0.0,3.0978,101.706,0.0
DMU03,57,1790688542,28.0,4.8858,101.9708,0.0
DMU10(D6120),60,1790688541,0.0,5.5301,102.203,0.0
DMU06,39,1790688523,0.0,2.5795,102.6135,0.0
SCS10,weekday_2177,1790688636,0.0,3.0524,101.4924,0.0
SCS19,weekday_2055,1790688635,0.0,2.6602,101.9965,0.0
SCS21,weekday_2057,1790688635,18.0,2.4665,102.2212,0.0
ETS216,9233,1790688634,91.0,3.6535,101.5446,0.0
ETS204,9352,1790688632,125.0,4.8391,100.9668,0.0
ETS207,9055,1790688632,0.0,3.1491,101.6906,0.0
ETS215,9135,1790688632,115.0,3.8568,101.3789,0.0
SCS04,weekday_2063,1790688632,0.0,3.0978,101.706,0.0
DMU10(D6120),60,1790688631,2.0,5.5303,102.2029,0.0
EMU28,2960,1790688627,81.0,5.8191,100.4784,0.0
DMU03,57,1790688617,21.0,4.8795,101.967,0.0
ETS303,9535,1790688608,90.0,2.703573,101.955574,0.0
ETS308,9531,1790688608,90.0,1.5365367,103.725266,0.0
ETS307,9533,1790688608,90.0,1.6832912,103.57445,0.0
SCS09,weekday_2184,1790688625,0.0,3.0425,101.4514,0.0
DMU13,58,1790688626,0.0,6.1993,102.1673,0.0
SCS32,weekday_2185,1790688626,24.0,3.2058,101.5819,0.0
ETS213,9138,1790688625,0.0,3.1316,101.6829,0.0
SCS09,weekday_2184,1790688685,0.0,3.0425,101.4514,0.0
ETS213,9138,1790688685,0.0,3.1316,101.6829,0.0
SCS10,weekday_2177,1790688681,22.0,3.0524,101.4912,0.0
SCS21,weekday_2057,1790688680,20.0,2.4651,102.2236,0.0
SCS04,weekday_2063,1790688677,0.0,3.0978,101.706,0.0
DMU03,57,1790688677,0.0,4.8791,101.9668,0.0
ETS204,9352,1790688677,132.0,4.8315,100.9537,0.0
ETS207,9055,1790688677,0.0,3.144,101.6934,0.0
ETS215,9135,1790688677,101.0,3.8475,101.3881,0.0
DMU10(D6120),60,1790688676,10.0,5.5318,102.2022,0.0
EMU31,2861,1790688674,102.0,4.7761,100.9122,0.0
SCS38,weekday_2059,1790688673,0.0,3.1326,101.6839,0.0
DMU06,39,1790688673,0.0,2.5795,102.6135,0.0
EMU28,2960,1790688672,4.0,5.8248,100.4779,0.0
SCS32,weekday_2185,1790688671,25.0,3.2039,101.5851,0.0
DMU13,58,1790688671,13.0,6.1986,102.1674,0.0
SCS19,weekday_2055,1790688665,0.0,2.6602,101.9965,0.0
DMU09,38,1790688664,41.0,4.1434,102.1895,0.0
ETS307,9533,1790688730,90.0,1.6651278,103.59787,0.0
ETS308,9531,1790688730,90.0,1.538297,103.72185,0.0
ETS303,9535,1790688729,90.0,2.6865578,101.974075,0.0
DMU03,57,1790688692,0.0,4.8791,101.9669,0.0
SCS04,weekday_2063,1790688692,0.0,3.0978,101.706,0.0
ETS204,9352,1790688692,125.0,4.8268,100.9516,0.0
ETS215,9135,1790688692,99.0,3.8448,101.3909,0.0
SCS10,weekday_2177,1790688756,66.0,3.0527,101.4827,0.0
SCS19,weekday_2055,1790688755,0.0,2.6602,101.9965,0.0
SCS21,weekday_2057,1790688755,0.0,2.4645,102.2248,0.0
ETS216,9233,1790688754,87.0,3.6333,101.562,0.0
ETS207,9055,1790688752,0.0,3.144,101.6934,0.0
ETS213,9138,1790688760,0.0,3.1316,101.6829,0.0
SCS09,weekday_2184,1790688760,0.0,3.0425,101.4514,0.0
DMU10(D6120),60,1790688811,74.0,5.5476,102.1953,0.0
EMU31,2861,1790688804,0.0,4.7762,100.9318,0.0
DMU06,39,1790688793,0.0,2.5795,102.6135,0.0
ETS206,9449,1790688788,0.0,2.0365,103.3164,0.0
EMU24,2846,1790688787,112.0,5.3306,100.4699,0.0
SCS19,weekday_2055,1790688785,0.0,2.6602,101.9965,0.0
SCS38,weekday_2059,1790688778,0.0,3.1326,101.6839,0.0
EMU28,2960,1790688777,85.0,5.8308,100.4774,0.0
SCS09,weekday_2184,1790688775,0.0,3.0425,101.4514,0.0
SCS21,weekday_2057,1790688770,0.0,2.4645,102.2248,0.0
ETS213,9138,1790688775,0.0,3.1316,101.6829,0.0
DMU13,58,1790688776,0.0,6.1954,102.1674,0.0
ETS216,9233,1790688769,93.0,3.6304,101.5641,0.0
SCS10,weekday_2177,1790688786,63.0,3.0519,101.4776,0.0
SCS32,weekday_2185,1790688776,96.0,3.1996,101.6058,0.0
DMU03,57,1790688812,0.0,4.8791,101.9668,0.0
SCS04,weekday_2063,1790688812,0.0,3.0978,101.706,0.0
ETS207,9055,1790688812,0.0,3.144,101.6934,0.0
ETS215,9135,1790688812,117.0,3.8184,101.4097,0.0
ETS204,9352,1790688812,131.0,4.7901,100.936,0.0
EMU28,2960,1790688864,117.0,5.8552,100.4769,0.0
EMU31,2861,1790688864,89.0,4.7821,100.9352,0.0
ETS206,9449,1790688863,0.0,2.0365,103.3164,0.0
DMU06,39,1790688838,0.0,2.5795,102.6136,0.0
SCS38,weekday_2059,1790688838,0.0,3.1326,101.6839,0.0
ETS308,9531,1790688851,90.0,1.5388205,103.72079,0.0
ETS307,9533,1790688851,90.0,1.6644669,103.59952,0.0
ETS303,9535,1790688850,90.0,2.6679366,101.991714,0.0
SCS10,weekday_2177,1790688846,63.0,3.0439,101.4742,0.0
SCS19,weekday_2055,1790688845,0.0,2.6602,101.9965,0.0
ETS213,9138,1790688835,0.0,3.1316,101.6829,0.0
SCS09,weekday_2184,1790688835,0.0,3.0425,101.4514,0.0
SCS19,weekday_2055,1790688935,0.0,2.6602,101.9965,0.0
ETS215,9135,1790688932,100.0,3.7936,101.432,0.0
SCS04,weekday_2063,1790688932,0.0,3.0978,101.706,0.0
DMU03,57,1790688932,0.0,4.879,101.9669,0.0
ETS204,9352,1790688932,0.0,4.7758,100.9311,0.0
SCS13,2967,1790688927,0.0,6.6631,100.3201,0.0
SCS09,weekday_2184,1790688925,0.0,3.0425,101.4514,0.0
ETS213,9138,1790688925,0.0,3.1316,101.6829,0.0
EMU31,2861,1790688924,114.0,4.7986,100.939,0.0
SCS10,weekday_2177,1790688921,0.0,3.0356,101.47,0.0
ETS216,9233,1790688919,112.0,3.6019,101.5914,0.0
ETS207,9055,1790688917,0.0,3.1372,101.6913,0.0
DMU06,39,1790688913,0.0,2.5794,102.6136,0.0
EMU24,2846,1790688927,99.0,5.3651,100.4558,0.0
DMU13,58,1790688926,2.0,6.1956,102.1673,0.0
SCS32,weekday_2185,1790688926,0.0,3.2088,101.6278,0.0
ETS206,9449,1790688923,0.0,2.0278,103.318,0.0
SCS38,weekday_2059,1790688898,0.0,3.1326,101.6839,0.0
ETS308,9531,1790688972,90.0,1.5399463,103.718376,0.0
ETS307,9533,1790688972,90.0,1.6560963,103.61129,0.0
ETS303,9535,1790688972,90.0,2.655072,102.00718,0.0
SCS38,weekday_2059,1790688943,6.0,3.1371,101.6904,0.0
DMU06,39,1790688943,0.0,2.5794,102.6136,0.0
SCS13,2967,1790688942,9.0,6.6629,100.3199,0.0
SCS32,weekday_2185,1790688941,0.0,3.2088,101.6278,0.0
DMU13,58,1790688941,7.0,6.1959,102.1673,0.0
SCS09,weekday_2184,1790688940,0.0,3.0425,101.4514,0.0
ETS213,9138,1790688940,0.0,3.1316,101.6829,0.0
EMU31,2861,1790688939,114.0,4.802,100.9419,0.0
ETS206,9449,1790688938,117.0,2.0178,103.3205,0.0
SCS10,weekday_2177,1790688936,0.0,3.0356,101.47,0.0
ETS216,9233,1790688934,94.0,3.5999,101.595,0.0
SCS19,weekday_2055,1790688935,0.0,2.6602,101.9965,0.0
ETS215,9135,1790688932,100.0,3.7936,101.432,0.0
SCS04,weekday_2063,1790688932,0.0,3.0978,101.706,0.0
ETS207,9055,1790688932,0.0,3.1372,101.6913,0.0
DMU03,57,1790688932,0.0,4.879,101.9669,0.0
ETS204,9352,1790688932,0.0,4.7758,100.9311,0.0
SCS32,weekday_2185,1790689031,28.0,3.2069,101.6333,0.0
SCS04,weekday_2063,1790689052,0.0,3.0978,101.706,0.0
ETS215,9135,1790689052,107.0,3.7597,101.4367,0.0
ETS204,9352,1790689052,99.0,4.7753,100.9172,0.0
DMU03,57,1790689052,0.0,4.8793,101.9667,0.0
ETS207,9055,1790689052,0.0,3.1372,101.6913,0.0
EMU24,2846,1790689047,0.0,5.3663,100.4476,0.0
DMU13,58,1790689046,5.0,6.1995,102.1668,0.0
ETS213,9138,1790689045,0.0,3.1316,101.6829,0.0
SCS09,weekday_2184,1790689045,12.0,3.0433,101.4498,0.0
EMU31,2861,1790689044,116.0,4.8297,100.9528,0.0
SCS13,2967,1790689017,43.0,6.6588,100.3152,0.0
ETS206,9449,1790689013,131.0,1.9923,103.3266,0.0
SCS10,weekday_2177,1790689056,0.0,3.0337,101.4673,0.0
ETS216,9233,1790689054,91.0,3.5779,101.6136,0.0
SCS19,weekday_2055,1790689040,0.0,2.6602,101.9965,0.0
SCS38,weekday_2059,1790689108,16.0,3.1403,101.6937,0.0
SCS13,2967,1790689107,80.0,6.6521,100.3052,0.0
SCS32,weekday_2185,1790689106,0.0,3.2032,101.6369,0.0
DMU13,58,1790689061,5.0,6.2,102.1667,0.0
ETS213,9138,1790689060,0.0,3.1316,101.6829,0.0
ETS206,9449,1790689088,126.0,1.9691,103.3371,0.0
ETS215,9135,1790689052,107.0,3.7597,101.4367,0.0
SCS10,weekday_2177,1790689086,5.0,3.0337,101.4673,0.0
SCS09,weekday_2184,1790689105,0.0,3.0441,101.4477,0.0
EMU31,2861,1790689089,117.0,4.8376,100.9635,0.0
EMU24,2846,1790689087,40.0,5.3665,100.4462,0.0
ETS216,9233,1790689084,66.0,3.5725,101.6152,0.0
SCS04,weekday_2063,1790689082,0.0,3.0978,101.706,0.0
ETS308,9531,1790689093,90.0,1.540251,103.71777,0.0
ETS307,9533,1790689093,90.0,1.6282848,103.6408,0.0
ETS303,9535,1790689093,90.0,2.6458564,102.03229,0.0
DMU03,57,1790689082,0.0,4.8792,101.9668,0.0
ETS204,9352,1790689082,91.0,4.7763,100.9093,0.0
SCS32,weekday_2185,1790689181,34.0,3.2002,101.6398,0.0
EMU28,2960,1790689179,119.0,5.9483,100.454,0.0
ETS206,9449,1790689178,57.0,1.9479,103.3483,0.0
ETS204,9352,1790689172,93.0,4.772,100.8883,0.0
ETS215,9135,1790689172,80.0,3.74,101.4542,0.0
ETS207,9055,1790689172,0.0,3.1372,101.6913,0.0
DMU10(D6120),60,1790689171,18.0,5.6021,102.1747,0.0
SCS10,weekday_2177,1790689161,28.0,3.0342,101.4619,0.0
DMU13,58,1790689157,0.0,6.2002,102.1668,0.0
SCS38,weekday_2059,1790689153,17.0,3.1432,101.6937,0.0
SCS13,2967,1790689152,117.0,6.6467,100.2938,0.0
SCS09,weekday_2184,1790689150,0.0,3.0441,101.4477,0.0
ETS213,9138,1790689150,0.0,3.1316,101.6829,0.0
EMU31,2861,1790689149,115.0,4.843,100.981,0.0
ETS216,9233,1790689159,72.0,3.5624,101.6281,0.0
ETS307,9533,1790689214,90.0,1.5913898,103.65459,0.0
ETS303,9535,1790689214,90.0,2.6283786,102.06827,0.0
ETS308,9531,1790689214,90.0,1.5392962,103.71948,0.0
SCS10,weekday_2177,1790689206,15.0,3.0347,101.4594,0.0
ETS204,9352,1790689202,0.0,4.7709,100.8821,0.0
ETS207,9055,1790689202,0.0,3.1372,101.6913,0.0
SCS32,weekday_2185,1790689196,35.0,3.1991,101.6408,0.0
SCS09,weekday_2184,1790689225,0.0,3.0441,101.4477,0.0
ETS213,9138,1790689225,0.0,3.1316,101.6829,0.0
ETS215,9135,1790689187,88.0,3.737,101.4556,0.0
EMU31,2861,1790689224,116.0,4.8436,101.0032,0.0
EMU28,2960,1790689209,111.0,5.9562,100.4496,0.0
ETS206,9449,1790689208,80.0,1.9438,103.3518,0.0
EMU24,2846,1790689207,10.0,5.3624,100.4272,0.0
DMU10(D6120),60,1790689201,50.0,5.6039,102.1725,0.0
SCS38,weekday_2059,1790689198,19.0,3.1451,101.6923,0.0
SCS13,2967,1790689197,114.0,6.6385,100.2828,0.0
SCS19,weekday_2055,1790689190,51.0,2.6548,102.0105,0.0
ETS216,9233,1790689189,41.0,3.5607,101.6325,0.0
DMU03,57,1790689187,0.0,4.8794,101.9668,0.0
SCS04,weekday_2063,1790689187,0.0,3.0978,101.706,0.0
ETS204,9352,1790689232,119.0,4.7725,100.8726,0.0
DMU03,57,1790689232,15.0,4.8785,101.9667,0.0
ETS207,9055,1790689232,0.0,3.1372,101.6913,0.0
SCS10,weekday_2177,1790689281,18.0,3.0367,101.4557,0.0
ETS216,9233,1790689279,72.0,3.5482,101.6397,0.0
EMU31,2861,1790689269,114.0,4.8387,101.016,0.0
ETS206,9449,1790689268,129.0,1.9304,103.3633,0.0
SCS04,weekday_2063,1790689232,0.0,3.0978,101.706,0.0
SCS09,weekday_2184,1790689285,0.0,3.0441,101.4477,0.0
ETS213,9138,1790689285,0.0,3.1316,101.6829,0.0
SCS19,weekday_2055,1790689280,115.0,2.6495,102.0286,0.0
EMU24,2846,1790689287,38.0,5.3641,100.4226,0.0
DMU03,59,1790689292,64.0,4.8717,101.9648,0.0
DMU10(D6120),60,1790689291,77.0,5.6205,102.1657,0.0
ETS215,9135,1790689232,80.0,3.7287,101.4582,0.0
ETS204,9352,1790689352,0.0,4.7758,100.8339,0.0
DMU03,59,1790689352,61.0,4.862,101.9678,0.0
SCS04,weekday_2063,1790689352,0.0,3.0978,101.706,0.0
DMU10(D6120),60,1790689351,82.0,5.6317,102.1624,0.0
SCS38,weekday_2059,1790689348,18.0,3.1542,101.6927,0.0
SCS13,2967,1790689347,113.0,6.6013,100.2633,0.0
SCS32,weekday_2185,1790689346,2.0,3.1922,101.6547,0.0
ETS213,9138,1790689345,0.0,3.1316,101.6829,0.0
SCS09,weekday_2184,1790689345,0.0,3.0441,101.4477,0.0
EMU31,2861,1790689329,113.0,4.8268,101.0292,0.0
EMU24,2846,1790689327,0.0,5.3646,100.4212,0.0
EMU28,2960,1790689314,0.0,5.9723,100.4404,0.0
ETS206,9449,1790689313,128.0,1.922,103.376,0.0
SCS10,weekday_2177,1790689311,17.0,3.0381,101.4547,0.0
SCS19,weekday_2055,1790689310,115.0,2.6425,102.0345,0.0
ETS216,9233,1790689309,65.0,3.5436,101.6368,0.0
ETS303,9535,1790689335,90.0,2.5970464,102.09332,0.0
ETS308,9531,1790689335,90.0,1.5384779,103.72084,0.0
ETS307,9533,1790689335,90.0,1.5681434,103.67828,0.0
ETS215,9135,1790689352,101.0,3.7115,101.4868,0.0
ETS207,9055,1790689352,0.0,3.1372,101.6913,0.0
SCS10,weekday_2177,1790689416,0.0,3.0431,101.4503,0.0
ETS216,9233,1790689414,89.0,3.5263,101.6298,0.0
SCS38,weekday_2059,1790689408,46.0,3.163,101.692,0.0
SCS13,2967,1790689407,116.0,6.5833,100.2624,0.0
EMU24,2846,1790689407,83.0,5.3666,100.416,0.0
SCS32,weekday_2185,1790689406,49.0,3.188,101.6621,0.0
ETS213,9138,1790689405,0.0,3.1316,101.6829,0.0
SCS09,weekday_2184,1790689405,0.0,3.0441,101.4477,0.0
ETS215,9135,1790689382,105.0,3.7074,101.494,0.0
EMU31,2861,1790689404,113.0,4.8262,101.0498,0.0
EMU28,2960,1790689404,99.0,5.9812,100.4354,0.0
ETS206,9449,1790689403,133.0,1.8983,103.3966,0.0
SCS04,weekday_2063,1790689382,0.0,3.0978,101.706,0.0
SCS19,weekday_2055,1790689400,115.0,2.6335,102.0597,0.0
ETS204,9352,1790689382,0.0,4.7758,100.8241,0.0
SCS32,weekday_2185,1790689421,18.0,3.1871,101.6634,0.0
SCS19,weekday_2055,1790689415,114.0,2.6308,102.0632,0.0
SCS10,weekday_2177,1790689461,0.0,3.0431,101.4503,0.0
EMU31,2861,1790689460,90.0,4.8225,101.0651,0.0
DMU03,59,1790689457,42.0,4.8522,101.9765,0.0
SCS04,weekday_2063,1790689457,0.0,3.0978,101.706,0.0
ETS215,9135,1790689457,95.0,3.6935,101.5089,0.0
EMU28,2960,1790689434,117.0,5.9887,100.4312,0.0
SCS13,2967,1790689422,115.0,6.5788,100.2617,0.0
EMU24,2846,1790689467,98.0,5.3725,100.402,0.0
ETS213,9138,1790689465,0.0,3.1316,101.6829,0.0
ETS307,9533,1790689456,90.0,1.54878,103.70016,0.0
SCS09,weekday_2184,1790689465,0.0,3.0441,101.4477,0.0
ETS303,9535,1790689456,90.0,2.5646863,102.11728,0.0
ETS308,9531,1790689456,90.0,1.5384858,103.72083,0.0
ETS206,9449,1790689463,52.0,1.8846,103.4037,0.0
ETS216,9233,1790689444,75.0,3.52,101.6289,0.0
ETS216,9233,1790689534,88.0,3.5007,101.6341,0.0
ETS213,9138,1790689525,0.0,3.1316,101.6829,0.0
EMU28,2960,1790689509,117.0,6.0089,100.4198,0.0
ETS206,9449,1790689508,0.0,1.8841,103.4039,0.0
SCS19,weekday_2055,1790689520,114.0,2.609,102.0852,0.0
SCS13,2967,1790689512,114.0,6.5516,100.2598,0.0
SCS04,weekday_2063,1790689502,0.0,3.0978,101.706,0.0
ETS215,9135,1790689502,55.0,3.6878,101.5151,0.0
ETS207,9055,1790689502,0.0,3.1372,101.6913,0.0
DMU03,59,1790689502,49.0,4.8491,101.9809,0.0
DMU10(D6120),60,1790689501,60.0,5.6629,102.1569,0.0
SCS32,weekday_2185,1790689511,94.0,3.1833,101.6688,0.0
SCS09,weekday_2184,1790689510,17.0,3.0438,101.4485,0.0
SCS10,weekday_2177,1790689536,0.0,3.0431,101.4503,0.0
EMU31,2861,1790689535,0.0,4.8188,101.071,0.0
SCS13,2967,1790689587,69.0,6.5308,100.2582,0.0
DMU03,59,1790689577,43.0,4.841,101.9874,0.0
SCS04,weekday_2063,1790689577,0.0,3.0978,101.706,0.0
ETS207,9055,1790689577,0.0,3.1372,101.6913,0.0
DMU10(D6120),60,1790689576,88.0,5.6787,102.1551,0.0
SCS10,weekday_2177,1790689581,0.0,3.0431,101.4503,0.0
EMU31,2861,1790689580,56.0,4.8174,101.0732,0.0
ETS216,9233,1790689579,78.0,3.4909,101.6358,0.0
ETS303,9535,1790689577,90.0,2.5391262,102.15066,0.0
ETS215,9135,1790689577,0.0,3.6852,101.5178,0.0
ETS308,9531,1790689577,90.0,1.5392308,103.71958,0.0
ETS307,9533,1790689577,90.0,1.5379884,103.72162,0.0
SCS32,weekday_2185,1790689556,51.0,3.1784,101.6785,0.0
SCS09,weekday_2184,1790689555,13.0,3.0429,101.4507,0.0
ETS213,9138,1790689555,0.0,3.1316,101.6829,0.0
EMU24,2846,1790689547,92.0,5.3819,100.3842,0.0
EMU28,2960,1790689554,117.0,6.0211,100.4129,0.0
ETS206,9449,1790689553,0.0,1.8841,103.4039,0.0
SCS19,weekday_2055,1790689550,112.0,2.6013,102.0898,0.0
ETS206,9449,1790689658,0.0,1.8841,103.4039,0.0
SCS32,weekday_2185,1790689657,0.0,3.1743,101.6827,0.0
SCS10,weekday_2177,1790689656,19.0,3.0439,101.4482,0.0
SCS19,weekday_2055,1790689655,27.0,2.5922,102.0951,0.0
EMU31,2861,1790689655,116.0,4.8034,101.0863,0.0
ETS216,9233,1790689654,102.0,3.4744,101.6389,0.0
EMU28,2960,1790689651,112.0,6.047,100.3982,0.0
EMU24,2846,1790689647,11.0,5.3872,100.3737,0.0
ETS213,9138,1790689645,0.0,3.1316,101.6829,0.0
SCS13,2967,1790689632,26.0,6.5253,100.2572,0.0
SCS09,weekday_2184,1790689630,21.0,3.0411,101.4525,0.0
DMU03,59,1790689622,59.0,4.8384,101.9927,0.0
SCS04,weekday_2063,1790689622,0.0,3.0978,101.706,0.0
ETS207,9055,1790689622,0.0,3.1372,101.6913,0.0
DMU10(D6120),60,1790689621,78.0,5.6885,102.1519,0.0
ETS204,9352,1790689697,131.0,4.8245,100.738,0.0
DMU03,59,1790689697,62.0,4.8356,102.0032,0.0
DMU10(D6120),60,1790689696,8.0,5.6994,102.1519,0.0
ETS307,9533,1790689699,90.0,1.5361934,103.725174,0.0
ETS308,9531,1790689699,90.0,1.5396128,103.71883,0.0
ETS303,9535,1790689698,90.0,2.5069401,102.17364,0.0
EMU24,2846,1790689707,25.0,5.389,100.3716,0.0
SCS04,weekday_2063,1790689697,0.0,3.0978,101.706,0.0
ETS207,9055,1790689697,0.0,3.1372,101.6913,0.0
ETS206,9449,1790689703,0.0,1.8841,103.4039,0.0
ETS215,9135,1790689697,89.0,3.6778,101.5257,0.0
EMU28,2960,1790689696,118.0,6.0588,100.3916,0.0
SCS32,weekday_2185,1790689702,45.0,3.1718,101.6847,0.0
SCS13,2967,1790689677,0.0,6.5243,100.257,0.0
SCS09,weekday_2184,1790689675,32.0,3.0378,101.4549,0.0
ETS213,9138,1790689660,0.0,3.1316,101.6829,0.0
SCS10,weekday_2177,1790689701,51.0,3.0464,101.444,0.0
EMU31,2861,1790689700,116.0,4.7923,101.0942,0.0
SCS19,weekday_2055,1790689685,91.0,2.5877,102.0979,0.0
ETS216,9233,1790689699,124.0,3.4613,101.6379,0.0
ETS216,9233,1790689774,110.0,3.4404,101.6381,0.0
SCS19,weekday_2055,1790689760,113.0,2.5689,102.1098,0.0
ETS215,9135,1790689772,53.0,3.6649,101.5351,0.0
SCS13,2967,1790689767,112.0,6.511,100.2548,0.0
ETS213,9138,1790689765,0.0,3.1316,101.6829,0.0
SCS10,weekday_2177,1790689761,24.0,3.0445,101.4361,0.0
DMU03,59,1790689757,55.0,4.8286,102.0084,0.0
SCS04,weekday_2063,1790689757,0.0,3.0978,101.706,0.0
ETS207,9055,1790689757,0.0,3.1372,101.6913,0.0
ETS204,9352,1790689757,102.0,4.8396,100.7278,0.0
EMU28,2960,1790689756,120.0,6.0752,100.3823,0.0
DMU10(D6120),60,1790689756,12.0,5.7019,102.1519,0.0
SCS09,weekday_2184,1790689780,24.0,3.036,101.4703,0.0
SCS32,weekday_2185,1790689777,3.0,3.1661,101.6903,0.0
EMU31,2861,1790689775,115.0,4.7736,101.1068,0.0
ETS308,9531,1790689820,90.0,1.539606,103.71882,0.0
ETS307,9533,1790689820,90.0,1.5283768,103.73617,0.0
ETS303,9535,1790689819,90.0,2.46807,102.182816,0.0
SCS13,2967,1790689827,115.0,6.4933,100.2535,0.0
ETS204,9352,1790689817,39.0,4.8526,100.7318,0.0
ETS207,9055,1790689817,0.0,3.1372,101.6913,0.0
ETS215,9135,1790689817,81.0,3.6577,101.5402,0.0
EMU28,2960,1790689816,110.0,6.0914,100.3734,0.0
DMU10(D6120),60,1790689816,0.0,5.7029,102.1519,0.0
EMU24,2846,1790689807,4.0,5.3935,100.3663,0.0
SCS32,weekday_2185,1790689807,0.0,3.1661,101.6904,0.0
DMU13,58,1790689807,0.0,6.2004,102.1668,0.0
ETS216,9233,1790689804,112.0,3.433,101.6331,0.0
SCS04,weekday_2063,1790689802,0.0,3.0978,101.706,0.0
SCS09,weekday_2184,1790689795,0.0,3.0366,101.4706,0.0
ETS213,9138,1790689825,0.0,3.1316,101.6829,0.0
SCS19,weekday_2055,1790689820,113.0,2.5594,102.1251,0.0
SCS10,weekday_2177,1790689806,46.0,3.0412,101.4326,0.0
EMU31,2861,1790689805,115.0,4.7672,101.113,0.0
DMU10(D6120),60,1790689876,8.0,5.7044,102.1519,0.0
ETS213,9138,1790689885,0.0,3.1316,101.6829,0.0
DMU13,58,1790689882,7.0,6.1989,102.167,0.0
ETS207,9055,1790689877,0.0,3.1372,101.6913,0.0
SCS10,weekday_2177,1790689896,66.0,3.0377,101.4288,0.0
EMU31,2861,1790689895,118.0,4.7414,101.1216,0.0
ETS215,9135,1790689892,87.0,3.6469,101.5526,0.0
SCS04,weekday_2063,1790689892,0.0,3.0978,101.706,0.0
ETS204,9352,1790689892,0.0,4.8529,100.732,0.0
EMU28,2960,1790689891,75.0,6.1087,100.3677,0.0
SCS32,weekday_2185,1790689882,48.0,3.1619,101.6921,0.0
SCS19,weekday_2055,1790689880,116.0,2.5478,102.139,0.0
ETS216,9233,1790689879,95.0,3.4166,101.6258,0.0
ETS215,9135,1790689922,95.0,3.6412,101.5574,0.0
DMU10(D6120),60,1790689921,25.0,5.7067,102.1521,0.0
ETS308,9531,1790689941,90.0,1.5399725,103.71814,0.0
ETS307,9533,1790689941,90.0,1.4975587,103.755844,0.0
ETS303,9535,1790689940,90.0,2.4600644,102.20313,0.0
ETS204,9352,1790689922,0.0,4.8529,100.732,0.0
ETS213,9138,1790689945,0.0,3.1316,101.6829,0.0
SCS09,weekday_2184,1790689945,21.0,3.0505,101.4755,0.0
DMU13,58,1790689927,2.0,6.1974,102.1672,0.0
SCS32,weekday_2185,1790689927,36.0,3.156,101.6938,0.0
ETS216,9233,1790689924,119.0,3.4039,101.6281,0.0
ETS207,9055,1790689922,0.0,3.1372,101.6913,0.0
SCS19,weekday_2055,1790689910,114.0,2.5422,102.146,0.0
EMU28,2960,1790689906,48.0,6.111,100.3687,0.0
SCS13,2967,1790689947,113.0,6.4581,100.2594,0.0
SCS10,weekday_2177,1790689911,57.0,3.036,101.427,0.0
EMU31,2861,1790689910,116.0,4.7368,101.1218,0.0
SCS04,weekday_2063,1790689907,0.0,3.0978,101.706,0.0
SCS32,weekday_2185,1790690017,42.0,3.1521,101.6913,0.0
DMU13,58,1790690017,0.0,6.1973,102.1672,0.0
SCS10,weekday_2177,1790690016,68.0,3.0314,101.422,0.0
EMU31,2861,1790690015,115.0,4.7076,101.129,0.0
SCS19,weekday_2055,1790690015,114.0,2.52,102.1674,0.0
ETS216,9233,1790690014,113.0,3.3804,101.6188,0.0
SCS04,weekday_2063,1790689997,0.0,3.0978,101.706,0.0
ETS204,9352,1790689997,92.0,4.8638,100.7307,0.0
ETS215,9135,1790689997,112.0,3.6239,101.57,0.0
DMU10(D6120),60,1790689996,82.0,5.719,102.1568,0.0
ETS207,9055,1790689982,0.0,3.1372,101.6913,0.0
EMU28,2960,1790689981,0.0,6.1132,100.3697,0.0
SCS13,2967,1790689992,114.0,6.4453,100.2638,0.0
ETS213,9138,1790689990,0.0,3.1316,101.6829,0.0
ETS216,9233,1790690074,111.0,3.3679,101.6053,0.0
SCS04,weekday_2063,1790690072,0.0,3.0978,101.706,0.0
DMU03,59,1790690072,54.0,4.7855,102.0117,0.0
ETS215,9135,1790690072,108.0,3.6103,101.5854,0.0
EMU28,2960,1790690071,110.0,6.126,100.3756,0.0
SCS09,weekday_2184,1790690069,36.0,3.0525,101.4893,0.0
SCS13,2967,1790690037,63.0,6.4357,100.2671,0.0
ETS204,9352,1790690027,97.0,4.8699,100.7259,0.0
ETS207,9055,1790690027,0.0,3.1372,101.6913,0.0
ETS308,9531,1790690062,90.0,1.5399567,103.71811,0.0
ETS307,9533,1790690062,90.0,1.4768782,103.75672,0.0
ETS303,9535,1790690062,90.0,2.4641335,102.22559,0.0
DMU10(D6120),60,1790690056,83.0,5.7314,102.1615,0.0
SCS10,weekday_2177,1790690031,75.0,3.0294,101.4199,0.0
SCS19,weekday_2055,1790690030,114.0,2.5158,102.1691,0.0
EMU31,2861,1790690030,113.0,4.7047,101.1324,0.0
ETS213,9138,1790690035,0.0,3.1316,101.6829,0.0
DMU13,58,1790690032,0.0,6.1973,102.1672,0.0
SCS32,weekday_2185,1790690032,44.0,3.1504,101.6906,0.0
ETS215,9135,1790690117,109.0,3.6007,101.5934,0.0
SCS04,weekday_2063,1790690117,0.0,3.0978,101.706,0.0
DMU03,59,1790690117,59.0,4.7784,102.0118,0.0
ETS207,9055,1790690117,0.0,3.1372,101.6913,0.0
EMU28,2960,1790690116,119.0,6.1388,100.3806,0.0
DMU10(D6120),60,1790690116,88.0,5.7451,102.1585,0.0
SCS09,weekday_2184,1790690114,15.0,3.0524,101.4932,0.0
ETS213,9138,1790690095,0.0,3.1316,101.6829,0.0
SCS32,weekday_2185,1790690077,25.0,3.1461,101.6916,0.0
EMU31,2861,1790690075,116.0,4.6941,101.1406,0.0
SCS13,2967,1790690127,49.0,6.431,100.2688,0.0
ETS216,9233,1790690119,51.0,3.365,101.5962,0.0
ETS204,9352,1790690102,128.0,4.8921,100.72,0.0
DMU13,58,1790690107,0.0,6.1973,102.1672,0.0
ETS308,9531,1790690183,90.0,1.5396135,103.71883,0.0
ETS303,9535,1790690183,90.0,2.4630191,102.22746,0.0
ETS307,9533,1790690183,90.0,1.4672064,103.76334,0.0
SCS19,weekday_2055,1790690180,114.0,2.4727,102.1812,0.0
ETS216,9233,1790690179,66.0,3.3631,101.5869,0.0
DMU03,59,1790690177,67.0,4.7683,102.0133,0.0
ETS207,9055,1790690177,0.0,3.1372,101.6913,0.0
ETS215,9135,1790690177,97.0,3.5938,101.6054,0.0
EMU28,2960,1790690176,104.0,6.1566,100.3797,0.0
SCS09,weekday_2184,1790690159,24.0,3.0524,101.4942,0.0
SCS13,2967,1790690157,102.0,6.425,100.2708,0.0
SCS04,weekday_2063,1790690192,0.0,3.0978,101.706,0.0
ETS204,9352,1790690192,136.0,4.9225,100.7168,0.0
ETS213,9138,1790690185,0.0,3.1316,101.6829,0.0
EMU31,2861,1790690180,113.0,4.6659,101.1304,0.0
DMU10(D6120),60,1790690176,59.0,5.7571,102.1559,0.0
SCS32,weekday_2185,1790690167,17.0,3.1409,101.6941,0.0
SCS10,weekday_2177,1790690166,18.0,3.0198,101.4095,0.0
ETS215,9135,1790690252,85.0,3.5768,101.6136,0.0
ETS207,9055,1790690252,0.0,3.1372,101.6913,0.0
EMU28,2960,1790690251,92.0,6.1762,100.3782,0.0
DMU10(D6120),60,1790690251,21.0,5.7615,102.1505,0.0
EMU31,2861,1790690247,112.0,4.65,101.1181,0.0
ETS213,9138,1790690245,0.0,3.1316,101.6829,0.0
DMU09,38,1790690224,0.0,4.1873,102.053,0.0
SCS09,weekday_2184,1790690219,34.0,3.0521,101.4992,0.0
SCS13,2967,1790690217,113.0,6.4079,100.2767,0.0
SCS19,weekday_2055,1790690210,113.0,2.4638,102.1824,0.0
SCS32,weekday_2185,1790690227,0.0,3.1403,101.694,0.0
SCS10,weekday_2177,1790690226,54.0,3.0165,101.406,0.0
SCS04,weekday_2063,1790690222,0.0,3.0978,101.706,0.0
ETS216,9233,1790690224,77.0,3.3632,101.5785,0.0
ETS204,9352,1790690222,128.0,4.9331,100.719,0.0
DMU03,59,1790690222,53.0,4.7608,102.0146,0.0
ETS303,9535,1790690304,90.0,2.459058,102.239006,0.0
ETS307,9533,1790690304,90.0,1.4629011,103.76629,0.0
ETS308,9531,1790690304,90.0,1.5396018,103.718834,0.0
SCS32,weekday_2185,1790690302,19.0,3.1377,101.6926,0.0
DMU09,38,1790690299,0.0,4.1873,102.0529,0.0
SCS10,weekday_2177,1790690316,9.0,3.013,101.4022,0.0
SCS04,weekday_2063,1790690312,0.0,3.0978,101.706,0.0
ETS207,9055,1790690312,0.0,3.1372,101.6913,0.0
ETS215,9135,1790690312,89.0,3.5669,101.6212,0.0
EMU28,2960,1790690311,0.0,6.1833,100.3747,0.0
ETS213,9138,1790690305,0.0,3.1316,101.6829,0.0
SCS19,weekday_2055,1790690285,114.0,2.4534,102.1973,0.0
ETS216,9233,1790690284,95.0,3.3527,101.5721,0.0
ETS204,9352,1790690267,132.0,4.9489,100.723,0.0
DMU03,59,1790690297,58.0,4.7486,102.0137,0.0
SCS09,weekday_2184,1790690279,58.0,3.0515,101.5066,0.0
SCS13,2967,1790690277,114.0,6.3928,100.2864,0.0
DMU10(D6120),60,1790690266,22.0,5.7618,102.1495,0.0
EMU31,2861,1790690307,115.0,4.6355,101.1075,0.0
ETS213,9138,1790690365,0.0,3.1316,101.6829,0.0
DMU09,38,1790690374,17.0,4.1859,102.0545,0.0
ETS215,9135,1790690372,38.0,3.5617,101.6308,0.0
ETS204,9352,1790690372,132.0,4.9828,100.7332,0.0
SCS04,weekday_2063,1790690372,0.0,3.0978,101.706,0.0
ETS207,9055,1790690372,0.0,3.1372,101.6913,0.0
EMU28,2960,1790690371,35.0,6.1842,100.3742,0.0
DMU10(D6120),60,1790690371,86.0,5.7721,102.1403,0.0
SCS13,2967,1790690367,55.0,6.3739,100.3006,0.0
SCS10,weekday_2177,1790690361,72.0,3.0092,101.3983,0.0
ETS216,9233,1790690359,64.0,3.3373,101.5728,0.0
SCS32,weekday_2185,1790690347,15.0,3.1364,101.6902,0.0
SCS09,weekday_2184,1790690324,68.0,3.0533,101.5147,0.0
EMU31,2861,1790690322,114.0,4.6319,101.1047,0.0
EMU31,2861,1790690442,81.0,4.6101,101.0849,0.0
ETS216,9233,1790690434,17.0,3.3289,101.5691,0.0
SCS13,2967,1790690427,0.0,6.3713,100.3025,0.0
SCS32,weekday_2185,1790690422,0.0,3.1355,101.6889,0.0
SCS10,weekday_2177,1790690421,16.0,3.0041,101.3928,0.0
SCS19,weekday_2055,1790690420,49.0,2.4692,102.2162,0.0
DMU09,38,1790690419,0.0,4.1846,102.0559,0.0
ETS207,9055,1790690387,0.0,3.1372,101.6913,0.0
SCS04,weekday_2063,1790690387,0.0,3.0978,101.706,0.0
ETS215,9135,1790690387,39.0,3.561,101.6323,0.0
DMU10(D6120),60,1790690386,83.0,5.7749,102.1421,0.0
EMU28,2960,1790690386,69.0,6.1861,100.3729,0.0
ETS213,9138,1790690410,0.0,3.1316,101.6829,0.0
ETS308,9531,1790690426,90.0,1.5399574,103.71811,0.0
ETS307,9533,1790690426,90.0,1.4632161,103.76557,0.0
ETS303,9535,1790690425,90.0,2.4583416,102.27728,0.0
ETS204,9352,1790690417,132.0,4.9975,100.7354,0.0
DMU03,59,1790690417,31.0,4.7321,102.011,0.0
SCS09,weekday_2184,1790690444,30.0,3.057,101.5264,0.0
SCS13,2967,1790690487,108.0,6.3641,100.3079,0.0
ETS204,9352,1790690462,132.0,5.0126,100.7312,0.0
SCS04,weekday_2063,1790690462,0.0,3.0978,101.706,0.0
ETS215,9135,1790690462,69.0,3.5542,101.6394,0.0
DMU10(D6120),60,1790690461,75.0,5.7915,102.1449,0.0
DMU09,38,1790690464,0.0,4.1845,102.0558,0.0
SCS32,weekday_2185,1790690437,0.0,3.1355,101.6889,0.0
SCS10,weekday_2177,1790690436,14.0,3.0036,101.3922,0.0
ETS207,9055,1790690432,0.0,3.1372,101.6913,0.0
DMU03,59,1790690432,14.0,4.7311,102.0107,0.0
EMU31,2861,1790690547,37.0,4.6034,101.0755,0.0
SCS13,2967,1790690517,114.0,6.3568,100.3133,0.0
ETS213,9138,1790690515,0.0,3.1316,101.6829,0.0
ETS206,9449,1790690558,132.0,1.7055,103.5441,0.0
SCS32,weekday_2185,1790690557,0.0,3.1355,101.6889,0.0
SCS19,weekday_2055,1790690555,0.0,2.4632,102.2267,0.0
ETS215,9135,1790690552,54.0,3.5423,101.6362,0.0
EMU28,2960,1790690551,81.0,6.2088,100.366,0.0
ETS303,9535,1790690547,90.0,2.4539707,102.31822,0.0
ETS308,9531,1790690547,90.0,1.5399611,103.718124,0.0
ETS307,9533,1790690547,90.0,1.4631919,103.765594,0.0
SCS10,weekday_2177,1790690511,9.0,3.001,101.3908,0.0
DMU09,38,1790690509,2.0,4.1848,102.0555,0.0
SCS04,weekday_2063,1790690507,0.0,3.0978,101.706,0.0
ETS204,9352,1790690507,124.0,5.024,100.7207,0.0
ETS216,9233,1790690554,20.0,3.3212,101.5741,0.0
SCS13,2967,1790690607,114.0,6.3353,100.3294,0.0
ETS213,9138,1790690605,0.0,3.1316,101.6829,0.0
ETS216,9233,1790690584,2.0,3.3201,101.5748,0.0
ETS207,9055,1790690582,0.0,3.1372,101.6913,0.0
SCS19,weekday_2055,1790690570,0.0,2.4632,102.2267,0.0
SCS09,weekday_2184,1790690609,75.0,3.0689,101.5502,0.0
EMU31,2861,1790690607,5.0,4.5981,101.0734,0.0
ETS206,9449,1790690603,141.0,1.6954,103.5558,0.0
SCS04,weekday_2063,1790690597,0.0,3.0978,101.706,0.0
EMU28,2960,1790690596,24.0,6.2151,100.3647,0.0
SCS32,weekday_2185,1790690587,0.0,3.1355,101.6889,0.0
DMU03,59,1790690582,64.0,4.7203,102.0035,0.0
ETS215,9135,1790690582,52.0,3.5384,101.6352,0.0
SCS04,weekday_2063,1790690657,0.0,3.0978,101.706,0.0
EMU28,2960,1790690656,5.0,6.2167,100.3644,0.0
ETS308,9531,1790690668,90.0,1.5399648,103.71813,0.0
ETS307,9533,1790690668,90.0,1.4626069,103.76602,0.0
ETS303,9535,1790690668,90.0,2.4607754,102.35857,0.0
ETS206,9449,1790690633,135.0,1.6891,103.5643,0.0
ETS216,9233,1790690674,0.0,3.3199,101.5743,0.0
DMU10(D6120),60,1790690671,0.0,5.8067,102.1466,0.0
ETS204,9352,1790690612,134.0,5.0393,100.6876,0.0
SCS19,weekday_2035,1790690660,17.0,2.4639,102.2254,0.0
SCS09,weekday_2184,1790690729,1.0,3.0762,101.5601,0.0
EMU31,2861,1790690727,0.0,4.5981,101.0734,0.0
ETS207,9055,1790690717,0.0,3.1372,101.6913,0.0
SCS04,weekday_2063,1790690717,0.0,3.0978,101.706,0.0
EMU28,2960,1790690716,0.0,6.2168,100.3644,0.0
ETS216,9233,1790690704,0.0,3.32,101.5741,0.0
ETS213,9138,1790690725,0.0,3.1316,101.6829,0.0
SCS19,weekday_2035,1790690705,17.0,2.4653,102.2231,0.0
ETS204,9352,1790690702,136.0,5.0399,100.6559,0.0
DMU10(D6120),60,1790690686,2.0,5.8068,102.1466,0.0
ETS215,9135,1790690702,82.0,3.514,101.6307,0.0
SCS32,weekday_2185,1790690797,15.0,3.1294,101.681,0.0
DMU03,59,1790690792,0.0,4.6933,102.0032,0.0
SCS04,weekday_2063,1790690792,0.0,3.0978,101.706,0.0
DMU10(D6120),60,1790690791,85.0,5.8226,102.1487,0.0
SCS09,weekday_2184,1790690789,26.0,3.0769,101.5622,0.0
ETS213,9138,1790690785,0.0,3.1316,101.6829,0.0
ETS206,9449,1790690783,40.0,1.6644,103.5978,0.0
ETS216,9233,1790690749,0.0,3.32,101.575,0.0
ETS207,9055,1790690747,0.0,3.1372,101.6913,0.0
ETS308,9531,1790690790,90.0,1.5399759,103.71814,0.0
ETS307,9533,1790690790,90.0,1.4764818,103.75681,0.0
ETS303,9535,1790690789,90.0,2.4634335,102.398056,0.0
EMU31,2861,1790690787,0.0,4.5981,101.0734,0.0
ETS215,9135,1790690777,51.0,3.5017,101.634,0.0
EMU28,2960,1790690776,44.0,6.2194,100.3639,0.0
ETS216,9233,1790690794,4.0,3.3197,101.5748,0.0
ETS213,9138,1790690845,0.0,3.1316,101.6829,0.0
SCS09,weekday_2184,1790690849,0.0,3.0769,101.5626,0.0
EMU31,2861,1790690847,0.0,4.5981,101.0734,0.0
SCS13,2967,1790690847,114.0,6.2688,100.3538,0.0
ETS207,9055,1790690837,0.0,3.1372,101.6913,0.0
SCS04,weekday_2063,1790690837,0.0,3.0978,101.706,0.0
EMU28,2960,1790690836,39.0,6.2262,100.3624,0.0
SCS32,weekday_2185,1790690827,17.0,3.1281,101.6801,0.0
ETS215,9135,1790690822,88.0,3.4934,101.6353,0.0
ETS204,9352,1790690792,133.0,5.0425,100.6242,0.0
SCS19,weekday_2035,1790690825,0.0,2.4678,102.2185,0.0
DMU03,59,1790690822,14.0,4.6929,102.0032,0.0
DMU10(D6120),60,1790690821,84.0,5.8293,102.1495,0.0
ETS215,9135,1790690897,105.0,3.4728,101.6386,0.0
ETS216,9233,1790690914,70.0,3.3066,101.575,0.0
ETS204,9352,1790690912,137.0,5.0424,100.5816,0.0
DMU03,59,1790690897,71.0,4.6822,102.0021,0.0
EMU28,2960,1790690896,26.0,6.2323,100.3612,0.0
ETS308,9531,1790690911,90.0,1.5399517,103.718124,0.0
ETS307,9533,1790690911,90.0,1.507013,103.749146,0.0
ETS303,9535,1790690910,90.0,2.4735572,102.41629,0.0
ETS206,9449,1790690888,0.0,1.6644,103.5978,0.0
ETS215,9135,1790690957,107.0,3.4569,101.6394,0.0
SCS04,weekday_2063,1790690957,0.0,3.0978,101.706,0.0
DMU03,59,1790690957,63.0,4.6715,101.9998,0.0
DMU10(D6120),60,1790690956,79.0,5.8596,102.1533,0.0
ETS207,9055,1790690942,0.0,3.1372,101.6913,0.0
SCS19,weekday_2035,1790690945,4.0,2.4643,102.2245,0.0
ETS213,9138,1790690965,0.0,3.1316,101.6829,0.0
ETS204,9352,1790690942,135.0,5.0365,100.5727,0.0
ETS216,9233,1790690944,71.0,3.3009,101.5748,0.0
ETS206,9449,1790690933,0.0,1.6644,103.5978,0.0
SCS09,weekday_2184,1790690969,0.0,3.0769,101.5626,0.0
ETS206,9449,1790691038,35.0,1.6632,103.6011,0.0
ETS204,9352,1790691032,141.0,5.0191,100.5463,0.0
ETS303,9535,1790691032,90.0,2.4746528,102.418655,0.0
ETS308,9531,1790691032,90.0,1.539961,103.71811,0.0
ETS307,9533,1790691032,90.0,1.5281845,103.73618,0.0
SCS04,weekday_2063,1790691032,0.0,3.0978,101.706,0.0
DMU03,59,1790691032,67.0,4.658,101.9974,0.0
ETS215,9135,1790691032,102.0,3.4362,101.6355,0.0
ETS207,9055,1790691032,0.0,3.1466,101.6912,0.0
ETS207,9055,1790691077,0.0,3.1466,101.6912,0.0
ETS303,9535,1790691032,90.0,2.4746528,102.418655,0.0
ETS308,9531,1790691032,90.0,1.539961,103.71811,0.0
ETS307,9533,1790691032,90.0,1.5281845,103.73618,0.0
ETS213,9138,1790691085,0.0,3.1316,101.6829,0.0
SCS32,weekday_2185,1790691085,23.0,3.1189,101.6734,0.0
ETS206,9449,1790691083,111.0,1.6563,103.6098,0.0
ETS204,9352,1790691077,125.0,5.022,100.5315,0.0
SCS04,weekday_2063,1790691077,0.0,3.0978,101.706,0.0
SCS09,weekday_2184,1790691074,0.0,3.0769,101.5626,0.0
SCS13,2967,1790691072,114.0,6.2026,100.3674,0.0
ETS216,9233,1790691064,78.0,3.2797,101.5651,0.0
SCS07,weekday_2182,1790691062,0.0,3.136,101.6896,0.0
ETS215,9135,1790691062,109.0,3.4297,101.6304,0.0
DMU10(D6120),60,1790691061,81.0,5.8825,102.1562,0.0
DMU03,59,1790691032,67.0,4.658,101.9974,0.0
ETS308,9531,1790691154,90.0,1.5399593,103.718124,0.0
ETS307,9533,1790691154,90.0,1.5352255,103.72747,0.0
EMU28,2960,1790691154,116.0,6.2929,100.3489,0.0
ETS303,9535,1790691153,90.0,2.4870994,102.442535,0.0
EMU28,2960,1790691214,119.0,6.3112,100.3451,0.0
DMU03,59,1790691212,38.0,4.6432,101.9934,0.0
SCS07,weekday_2182,1790691212,12.0,3.1386,101.6932,0.0
ETS204,9352,1790691212,13.0,5.0296,100.5269,0.0
ETS213,9138,1790691205,0.0,3.1316,101.6829,0.0
ETS206,9449,1790691203,140.0,1.628,103.6394,0.0
SCS04,weekday_2063,1790691197,0.0,3.0978,101.706,0.0
ETS215,9135,1790691197,113.0,3.3978,101.6283,0.0
SCS13,2967,1790691177,0.0,6.1838,100.3746,0.0
SCS32,weekday_2185,1790691175,12.0,3.1138,101.6731,0.0
DMU10(D6120),60,1790691211,87.0,5.9146,102.1571,0.0
SCS09,weekday_2184,1790691194,0.0,3.0769,101.5626,0.0
ETS216,9233,1790691169,40.0,3.2632,101.5574,0.0
ETS307,9533,1790691154,90.0,1.5352255,103.72747,0.0
ETS308,9531,1790691154,90.0,1.5399593,103.718124,0.0
ETS303,9535,1790691153,90.0,2.4870994,102.442535,0.0
EMU28,2960,1790691214,119.0,6.3112,100.3451,0.0
ETS303,9535,1790691275,90.0,2.5040498,102.4762,0.0
ETS307,9533,1790691275,90.0,1.5374125,103.72302,0.0
ETS308,9531,1790691275,90.0,1.5399884,103.71815,0.0
ETS206,9449,1790691323,130.0,1.591,103.6531,0.0
ETS215,9135,1790691317,115.0,3.3697,101.608,0.0
SCS13,2967,1790691312,114.0,6.1605,100.3794,0.0
ETS308,9531,1790691275,90.0,1.5399884,103.71815,0.0
ETS303,9535,1790691275,90.0,2.5040498,102.4762,0.0
SCS04,weekday_2063,1790691272,0.0,3.0978,101.706,0.0
ETS307,9533,1790691275,90.0,1.5374125,103.72302,0.0
ETS213,9138,1790691325,0.0,3.1316,101.6829,0.0
SCS07,weekday_2182,1790691317,6.0,3.1391,101.6935,0.0
SCS09,weekday_2184,1790691314,17.0,3.0769,101.5636,0.0
EMU28,2960,1790691319,112.0,6.3378,100.3275,0.0
ETS216,9233,1790691319,24.0,3.2515,101.5556,0.0
SCS32,weekday_2185,1790691310,22.0,3.0966,101.6703,0.0
ETS204,9352,1790691302,135.0,5.0499,100.5162,0.0
SCS09,weekday_2184,1790691404,25.0,3.0762,101.5691,0.0
SCS07,weekday_2182,1790691392,16.0,3.1433,101.6933,0.0
SCS04,weekday_2063,1790691392,0.0,3.0978,101.706,0.0
DMU10(D6120),60,1790691391,70.0,5.9517,102.1469,0.0
ETS308,9531,1790691397,90.0,1.5399714,103.71814,0.0
ETS307,9533,1790691397,90.0,1.538838,103.72009,0.0
ETS303,9535,1790691396,90.0,2.5349672,102.50033,0.0
SCS07,weekday_2182,1790691452,34.0,3.1477,101.6909,0.0
SCS04,weekday_2063,1790691452,11.0,3.0979,101.7058,0.0
SCS32,weekday_2185,1790691445,17.0,3.0881,101.669,0.0
ETS216,9233,1790691439,88.0,3.2294,101.5603,0.0
SCS13,2967,1790691432,114.0,6.1255,100.3754,0.0
EMU28,2960,1790691432,71.0,6.3645,100.3075,0.0
ETS215,9135,1790691452,89.0,3.3631,101.5792,0.0
DMU10(D6120),60,1790691451,48.0,5.9614,102.1443,0.0
SCS09,weekday_2184,1790691449,63.0,3.0798,101.5723,0.0
ETS206,9449,1790691443,100.0,1.5671,103.6785,0.0
ETS308,9531,1790691397,90.0,1.5399714,103.71814,0.0
ETS307,9533,1790691397,90.0,1.538838,103.72009,0.0
ETS303,9535,1790691396,90.0,2.5349672,102.50033,0.0
ETS307,9533,1790691518,90.0,1.5404513,103.71697,0.0
ETS308,9531,1790691518,90.0,1.5399791,103.71812,0.0
ETS303,9535,1790691517,90.0,2.563118,102.52895,0.0
ETS304,9138,1790691517,90.0,4.30162,101.15486,0.0
SCS07,weekday_2182,1790691512,20.0,3.1534,101.6921,0.0
SCS04,weekday_2063,1790691512,43.0,3.1008,101.7022,0.0
ETS207,9058,1790691512,0.0,3.1466,101.6912,0.0
ETS215,9135,1790691512,78.0,3.3542,101.5718,0.0
DMU10(D6120),60,1790691511,0.0,5.9662,102.1439,0.0
SCS13,2967,1790691477,57.0,6.1156,100.3709,0.0
ETS206,9449,1790691473,95.0,1.5654,103.6862,0.0
SCS09,weekday_2184,1790691479,55.0,3.0815,101.5765,0.0
EMU28,2960,1790691477,41.0,6.3701,100.3033,0.0
SCS32,weekday_2185,1790691475,23.0,3.0874,101.6675,0.0
SCS04,weekday_2063,1790691572,65.0,3.1072,101.6942,0.0
SCS07,weekday_2182,1790691572,11.0,3.1539,101.6925,0.0
ETS207,9058,1790691572,0.0,3.1466,101.6912,0.0
SCS09,weekday_2184,1790691569,32.0,3.0842,101.585,0.0
EMU28,2960,1790691567,49.0,6.3727,100.3013,0.0
SCS32,weekday_2185,1790691565,0.0,3.0865,101.665,0.0
ETS206,9449,1790691563,91.0,1.5482,103.6988,0.0
SCS13,2967,1790691537,2.0,6.1135,100.37,0.0
ETS308,9531,1790691518,90.0,1.5399791,103.71812,0.0
ETS307,9533,1790691518,90.0,1.5404513,103.71697,0.0
ETS303,9535,1790691517,90.0,2.563118,102.52895,0.0
ETS304,9138,1790691517,90.0,4.30162,101.15486,0.0
ETS215,9135,1790691512,78.0,3.3542,101.5718,0.0
ETS216,9233,1790691559,34.0,3.2099,101.5748,0.0
DMU10(D6120),60,1790691556,10.0,5.9664,102.1439,0.0
ETS307,9533,1790691639,90.0,1.5410545,103.715675,0.0
ETS304,9138,1790691639,90.0,4.302596,101.15355,0.0
ETS308,9531,1790691639,90.0,1.5399933,103.71813,0.0
ETS303,9535,1790691639,90.0,2.579879,102.56045,0.0
SCS04,weekday_2063,1790691632,46.0,3.1126,101.6859,0.0
SCS07,weekday_2182,1790691632,53.0,3.1608,101.6922,0.0
DMU10(D6120),60,1790691631,87.0,5.9782,102.1432,0.0
SCS32,weekday_2185,1790691580,0.0,3.0865,101.665,0.0
ETS206,9449,1790691578,100.0,1.5447,103.7005,0.0
ETS215,9135,1790691572,73.0,3.3419,101.5726,0.0
ETS216,9233,1790691589,19.0,3.2082,101.5762,0.0
ETS303,9535,1790691639,90.0,2.579879,102.56045,0.0
ETS307,9533,1790691639,90.0,1.5410545,103.715675,0.0
ETS308,9531,1790691639,90.0,1.5399933,103.71813,0.0
DMU10(D6120),60,1790691691,87.0,5.9918,102.1422,0.0
ETS304,9138,1790691639,90.0,4.302596,101.15355,0.0
SCS09,weekday_2184,1790691659,31.0,3.0846,101.5904,0.0
SCS07,weekday_2182,1790691632,53.0,3.1608,101.6922,0.0
SCS04,weekday_2063,1790691632,46.0,3.1126,101.6859,0.0
ETS207,9058,1790691662,0.0,3.1466,101.6912,0.0
SCS13,2967,1790691687,114.0,6.0794,100.3801,0.0
SCS32,weekday_2185,1790691685,0.0,3.0865,101.665,0.0
ETS206,9449,1790691668,82.0,1.5378,103.7196,0.0
ETS216,9233,1790691664,0.0,3.2064,101.5797,0.0
EMU28,2960,1790691657,118.0,6.3916,100.2872,0.0
SCS07,weekday_2182,1790691752,47.0,3.1665,101.6898,0.0
ETS216,9233,1790691739,5.0,3.2058,101.5796,0.0
SCS32,weekday_2185,1790691715,0.0,3.0865,101.665,0.0
ETS206,9449,1790691713,0.0,1.5365,103.7225,0.0
SCS04,weekday_2063,1790691707,0.0,3.1132,101.682,0.0
SCS13,2967,1790691717,115.0,6.0715,100.3845,0.0
ETS207,9058,1790691752,0.0,3.1466,101.6912,0.0
ETS308,9531,1790691760,90.0,1.5399851,103.71814,0.0
ETS303,9535,1790691760,90.0,2.5823655,102.585686,0.0
ETS307,9533,1790691760,90.0,1.5411568,103.71523,0.0
ETS304,9138,1790691760,90.0,4.324659,101.13379,0.0
ETS303,9535,1790691760,90.0,2.5823655,102.585686,0.0
ETS304,9138,1790691760,90.0,4.324659,101.13379,0.0
ETS308,9531,1790691760,90.0,1.5399851,103.71814,0.0
ETS307,9533,1790691760,90.0,1.5411568,103.71523,0.0
SCS07,weekday_2182,1790691752,47.0,3.1665,101.6898,0.0
EMU28,2960,1790691792,69.0,6.4264,100.2702,0.0
SCS32,weekday_2185,1790691790,0.0,3.0865,101.665,0.0
ETS216,9233,1790691784,0.0,3.2062,101.5799,0.0
SCS13,2967,1790691777,115.0,6.0558,100.3934,0.0
ETS215,9135,1790691812,74.0,3.3086,101.5749,0.0
SCS04,weekday_2063,1790691812,26.0,3.1152,101.68,0.0
ETS207,9058,1790691797,0.0,3.1466,101.6912,0.0
ETS206,9449,1790691788,0.0,1.5365,103.7225,0.0
SCS09,weekday_2184,1790691839,0.0,3.0833,101.6119,0.0
EMU28,2960,1790691837,6.0,6.4319,100.2683,0.0
SCS32,weekday_2185,1790691820,0.0,3.0865,101.665,0.0
ETS215,9135,1790691857,53.0,3.3003,101.5748,0.0
SCS04,weekday_2063,1790691857,0.0,3.118,101.6791,0.0
SCS13,2967,1790691822,114.0,6.044,100.4001,0.0
ETS206,9449,1790691818,0.0,1.5365,103.7225,0.0
ETS304,9138,1790691881,90.0,4.358682,101.10894,0.0
ETS308,9531,1790691881,90.0,1.5399722,103.718155,0.0
ETS307,9533,1790691881,90.0,1.5412344,103.715164,0.0
ETS303,9535,1790691881,90.0,2.577203,102.607155,0.0
ETS207,9058,1790691857,0.0,3.1466,101.6912,0.0
ETS216,9233,1790691844,17.0,3.2047,101.5837,0.0
SCS07,weekday_2182,1790691842,63.0,3.1773,101.6797,0.0
SCS04,weekday_2063,1790691932,0.0,3.118,101.6791,0.0
ETS207,9058,1790691932,0.0,3.1466,101.6912,0.0
ETS215,9135,1790691932,54.0,3.2901,101.5724,0.0
SCS32,weekday_2185,1790691925,0.0,3.0865,101.665,0.0
ETS206,9449,1790691923,101.0,1.5254,103.7355,0.0
SCS07,weekday_2182,1790691932,19.0,3.1858,101.665,0.0
ETS216,9233,1790691919,57.0,3.2016,101.5903,0.0
ETS303,9535,1790691881,90.0,2.577203,102.607155,0.0
ETS307,9533,1790691881,90.0,1.5412344,103.715164,0.0
ETS304,9138,1790691881,90.0,4.358682,101.10894,0.0
ETS308,9531,1790691881,90.0,1.5399722,103.718155,0.0
SCS13,2967,1790691942,114.0,6.0127,100.4177,0.0
SCS32,weekday_2185,1790691970,0.0,3.0865,101.665,0.0
ETS206,9449,1790691968,114.0,1.5148,103.7423,0.0
EMU28,2960,1790691972,112.0,6.4475,100.2629,0.0
SCS07,weekday_2182,1790691962,0.0,3.1862,101.6646,0.0
ETS207,9058,1790691962,0.0,3.1466,101.6912,0.0
ETS303,9535,1790692002,90.0,2.5789762,102.614,0.0
ETS304,9138,1790692002,90.0,4.380326,101.092964,0.0
ETS308,9531,1790692002,90.0,1.5399902,103.71813,0.0
ETS307,9533,1790692002,90.0,1.5412395,103.715164,0.0
SCS04,weekday_2063,1790691977,6.0,3.1184,101.6791,0.0
SCS09,weekday_2184,1790691974,62.0,3.0849,101.6247,0.0
ETS216,9233,1790691964,56.0,3.2007,101.5974,0.0
ETS216,9233,1790692054,67.0,3.202,101.6119,0.0
SCS04,weekday_2063,1790692052,26.0,3.125,101.6781,0.0
ETS303,9535,1790692002,90.0,2.5789762,102.614,0.0
ETS307,9533,1790692002,90.0,1.5412395,103.715164,0.0
ETS308,9531,1790692002,90.0,1.5399902,103.71813,0.0
ETS304,9138,1790692002,90.0,4.380326,101.092964,0.0
ETS215,9135,1790691992,48.0,3.2823,101.5666,0.0
SCS07,weekday_2182,1790691992,20.0,3.1864,101.6643,0.0
SCS13,2967,1790692062,94.0,5.9816,100.4353,0.0
SCS04,weekday_2063,1790692112,14.0,3.1285,101.6801,0.0
ETS207,9058,1790692112,25.0,3.204,101.5849,0.0
ETS304,9138,1790692123,90.0,4.4300184,101.064384,0.0
ETS308,9531,1790692123,90.0,1.5399692,103.71815,0.0
ETS307,9533,1790692123,90.0,1.5412077,103.715195,0.0
ETS303,9535,1790692123,90.0,2.5789626,102.614044,0.0
ETS215,9135,1790692112,38.0,3.2665,101.5591,0.0
SCS09,weekday_2184,1790692109,105.0,3.0831,101.6415,0.0
SCS32,weekday_2185,1790692105,0.0,3.0865,101.665,0.0
ETS206,9449,1790692103,98.0,1.4806,103.7549,0.0
ETS216,9233,1790692099,59.0,3.2076,101.6175,0.0
SCS07,weekday_2182,1790692097,0.0,3.1917,101.6558,0.0
EMU28,2960,1790692062,118.0,6.4735,100.2541,0.0
ETS304,9138,1790692123,90.0,4.4300184,101.064384,0.0
ETS308,9531,1790692123,90.0,1.5399692,103.71815,0.0
ETS307,9533,1790692123,90.0,1.5412077,103.715195,0.0
ETS303,9535,1790692123,90.0,2.5789626,102.614044,0.0
ETS215,9135,1790692112,38.0,3.2665,101.5591,0.0
SCS04,weekday_2063,1790692112,14.0,3.1285,101.6801,0.0
ETS304,9138,1790692244,90.0,4.45873,101.050476,0.0
ETS308,9531,1790692244,90.0,1.5399592,103.71813,0.0
ETS307,9533,1790692244,90.0,1.540931,103.715935,0.0
ETS303,9535,1790692244,90.0,2.5824049,102.63149,0.0
SCS07,weekday_2182,1790692232,39.0,3.1981,101.6417,0.0
DMU10(D6120),60,1790692231,0.0,6.0429,102.1423,0.0
SCS32,weekday_2185,1790692225,0.0,3.0865,101.665,0.0
SCS09,weekday_2184,1790692214,0.0,3.0837,101.6571,0.0
ETS207,9058,1790692202,0.0,3.2059,101.5808,0.0
SCS04,weekday_2063,1790692202,0.0,3.1323,101.6835,0.0
SCS13,2967,1790692197,64.0,5.9707,100.4415,0.0
ETS216,9233,1790692219,62.0,3.2055,101.6348,0.0
ETS206,9449,1790692208,0.0,1.4679,103.7608,0.0
EMU28,2960,1790692205,81.0,6.5162,100.2556,0.0
ETS303,9535,1790692244,90.0,2.5824049,102.63149,0.0
ETS304,9138,1790692244,90.0,4.45873,101.050476,0.0
ETS308,9531,1790692244,90.0,1.5399592,103.71813,0.0
ETS307,9533,1790692244,90.0,1.540931,103.715935,0.0
SCS32,weekday_2185,1790692240,0.0,3.0865,101.665,0.0
ETS206,9449,1790692238,0.0,1.4672,103.7617,0.0
EMU28,2960,1790692235,46.0,6.5208,100.2564,0.0
ETS216,9233,1790692234,63.0,3.2035,101.6366,0.0
SCS32,weekday_2185,1790692330,0.0,3.0865,101.665,0.0
ETS303,9535,1790692365,90.0,2.583732,102.65849,0.0
ETS307,9533,1790692365,90.0,1.540953,103.715965,0.0
ETS308,9531,1790692365,90.0,1.5399778,103.71813,0.0
ETS304,9138,1790692365,90.0,4.460117,101.04981,0.0
EMU28,2960,1790692355,89.0,6.5313,100.2582,0.0
DMU03,59,1790692352,26.0,4.4909,101.9455,0.0
ETS215,9135,1790692337,66.0,3.2451,101.56,0.0
SCS07,weekday_2182,1790692352,4.0,3.2023,101.6377,0.0
ETS216,9233,1790692324,85.0,3.1935,101.6518,0.0
ETS207,9058,1790692337,0.0,3.2059,101.5808,0.0
SCS04,weekday_2063,1790692352,0.0,3.1323,101.6835,0.0
DMU10(D6120),60,1790692336,10.0,6.0451,102.1435,0.0
ETS204,9352,1790692350,102.0,5.2992,100.4814,0.0
SCS09,weekday_2184,1790692334,14.0,3.0866,101.6647,0.0
SCS13,2967,1790692332,115.0,5.9365,100.4599,0.0
ETS308,9531,1790692365,90.0,1.5399778,103.71813,0.0
ETS307,9533,1790692365,90.0,1.540953,103.715965,0.0
ETS303,9535,1790692365,90.0,2.583732,102.65849,0.0
ETS304,9138,1790692365,90.0,4.460117,101.04981,0.0
ETS215,9135,1790692412,51.0,3.2338,101.5595,0.0
SCS04,weekday_2063,1790692412,0.0,3.1323,101.6835,0.0
ETS207,9058,1790692412,0.0,3.2071,101.5771,0.0
DMU10(D6120),60,1790692411,72.0,6.0524,102.1474,0.0
EMU28,2960,1790692400,114.0,6.5434,100.2601,0.0
ETS204,9352,1790692380,127.0,5.3076,100.4776,0.0
SCS32,weekday_2185,1790692375,0.0,3.0865,101.665,0.0
SCS13,2967,1790692362,115.0,5.9281,100.4631,0.0
SCS04,weekday_2063,1790692412,0.0,3.1323,101.6835,0.0
ETS215,9135,1790692457,83.0,3.2257,101.5617,0.0
ETS304,9138,1790692487,90.0,4.470835,101.04386,0.0
ETS308,9531,1790692487,90.0,1.5399802,103.71812,0.0
ETS303,9535,1790692487,90.0,2.5817897,102.6998,0.0
SCS07,weekday_2182,1790692412,42.0,3.2059,101.6342,0.0
ETS207,9058,1790692472,79.0,3.2178,101.5674,0.0
DMU03,59,1790692472,57.0,4.486,101.9418,0.0
DMU10(D6120),60,1790692471,73.0,6.0635,102.1532,0.0
SCS32,weekday_2185,1790692465,10.0,3.0856,101.6627,0.0
EMU28,2960,1790692460,112.0,6.5617,100.2593,0.0
ETS204,9352,1790692440,129.0,5.3271,100.47,0.0
ETS216,9233,1790692459,69.0,3.1795,101.6771,0.0
DMU03,59,1790692532,66.0,4.4771,101.936,0.0
DMU10(D6120),60,1790692531,69.0,6.0735,102.1591,0.0
ETS204,9352,1790692530,108.0,5.3526,100.4668,0.0
SCS32,weekday_2185,1790692480,11.0,3.0854,101.6621,0.0
SCS09,weekday_2184,1790692529,15.0,3.0965,101.6702,0.0
ETS216,9233,1790692474,70.0,3.1775,101.6792,0.0
EMU28,2960,1790692475,116.0,6.5662,100.2592,0.0
ETS304,9138,1790692487,90.0,4.470835,101.04386,0.0
ETS308,9531,1790692487,90.0,1.5399802,103.71812,0.0
ETS303,9535,1790692487,90.0,2.5817897,102.6998,0.0
SCS13,2967,1790692527,115.0,5.8809,100.477,0.0
SCS04,weekday_2063,1790692502,17.0,3.1379,101.6924,0.0
ETS215,9135,1790692487,70.0,3.2209,101.5651,0.0
ETS308,9531,1790692609,90.0,1.5399488,103.718124,0.0
ETS304,9138,1790692608,90.0,4.5015006,101.04729,0.0
ETS303,9535,1790692608,90.0,2.5652616,102.737465,0.0
ETS207,9058,1790692592,77.0,3.2422,101.5605,0.0
DMU03,59,1790692592,56.0,4.468,101.9314,0.0
SCS04,weekday_2063,1790692592,2.0,3.139,101.6934,0.0
ETS215,9135,1790692592,30.0,3.2082,101.576,0.0
DMU10(D6120),60,1790692591,72.0,6.0831,102.1659,0.0
EMU28,2960,1790692625,113.0,6.611,100.2638,0.0
ETS215,9135,1790692622,28.0,3.2067,101.5789,0.0
SCS04,weekday_2063,1790692622,13.0,3.1413,101.694,0.0
SCS13,2967,1790692632,115.0,5.8493,100.477,0.0
ETS308,9531,1790692609,90.0,1.5399488,103.718124,0.0
ETS304,9138,1790692608,90.0,4.5015006,101.04729,0.0
ETS303,9535,1790692608,90.0,2.5652616,102.737465,0.0
DMU03,59,1790692592,56.0,4.468,101.9314,0.0
ETS216,9233,1790692594,39.0,3.1677,101.6884,0.0
ETS207,9058,1790692637,83.0,3.2502,101.5561,0.0
SCS32,weekday_2185,1790692630,40.0,3.083,101.6551,0.0
ETS304,9138,1790692730,90.0,4.5218325,101.05113,0.0
ETS308,9531,1790692730,90.0,1.5399507,103.71814,0.0
ETS303,9535,1790692730,90.0,2.541202,102.769554,0.0
SCS32,weekday_2185,1790692705,94.0,3.0834,101.6394,0.0
ETS308,9531,1790692730,90.0,1.5399507,103.71814,0.0
ETS303,9535,1790692730,90.0,2.541202,102.769554,0.0
ETS304,9138,1790692730,90.0,4.5218325,101.05113,0.0
SCS09,weekday_2184,1790692769,0.0,3.1196,101.6737,0.0
ETS216,9233,1790692759,6.0,3.1524,101.6915,0.0
SCS32,weekday_2185,1790692750,4.0,3.0844,101.6326,0.0
SCS13,2967,1790692737,17.0,5.8253,100.478,0.0
DMU03,59,1790692742,72.0,4.4445,101.94,0.0
EMU28,2960,1790692775,110.0,6.6442,100.2904,0.0
SCS04,weekday_2063,1790692772,4.0,3.1538,101.6923,0.0
ETS215,9135,1790692772,0.0,3.2053,101.5829,0.0
SCS07,weekday_2182,1790692744,52.0,3.2015,101.5905,0.0
ETS207,9058,1790692742,72.0,3.2698,101.56,0.0
DMU10(D6120),60,1790692741,69.0,6.1053,102.1853,0.0
ETS204,9352,1790692740,0.0,5.3665,100.4473,0.0
SCS13,2967,1790692782,4.0,5.8249,100.478,0.0
SCS09,weekday_2184,1790692784,2.0,3.1197,101.6737,0.0
DMU03,59,1790692772,77.0,4.4383,101.9397,0.0
ETS207,9058,1790692772,64.0,3.2754,101.562,0.0
SCS04,weekday_2063,1790692772,4.0,3.1538,101.6923,0.0
ETS304,9138,1790692851,90.0,4.5396905,101.05442,0.0
ETS308,9531,1790692851,90.0,1.5399663,103.718155,0.0
ETS303,9535,1790692851,90.0,2.51744,102.800964,0.0
SCS07,weekday_2182,1790692774,40.0,3.2025,101.5872,0.0
SCS32,weekday_2185,1790692780,0.0,3.0844,101.6326,0.0
ETS216,9233,1790692879,0.0,3.149,101.6907,0.0
ETS204,9352,1790692875,94.0,5.3624,100.4266,0.0
SCS13,2967,1790692872,116.0,5.805,100.4807,0.0
ETS304,9138,1790692851,90.0,4.5396905,101.05442,0.0
ETS308,9531,1790692851,90.0,1.5399663,103.718155,0.0
ETS303,9535,1790692851,90.0,2.51744,102.800964,0.0
SCS07,weekday_2182,1790692894,0.0,3.2059,101.5813,0.0
ETS215,9135,1790692892,76.0,3.2012,101.6,0.0
DMU03,59,1790692892,5.0,4.4228,101.932,0.0
SCS32,weekday_2185,1790692885,0.0,3.0846,101.6225,0.0
DMU10(D6120),60,1790692876,19.0,6.1167,102.1991,0.0
SCS09,weekday_2184,1790692874,23.0,3.1256,101.6784,0.0
EMU28,2960,1790692895,43.0,6.6572,100.3126,0.0
ETS207,9058,1790692877,79.0,3.2901,101.5723,0.0
SCS13,2967,1790692902,115.0,5.7962,100.4829,0.0
EMU28,2960,1790692895,43.0,6.6572,100.3126,0.0
DMU03,59,1790692952,6.0,4.4226,101.9319,0.0
DMU10(D6120),60,1790692951,0.0,6.1185,102.2008,0.0
ETS216,9233,1790692909,0.0,3.149,101.6907,0.0
ETS304,9138,1790692972,90.0,4.5583954,101.05935,0.0
ETS308,9531,1790692972,90.0,1.5399448,103.71814,0.0
ETS303,9535,1790692972,90.0,2.5067117,102.81458,0.0
SCS32,weekday_2185,1790692915,0.0,3.0846,101.6225,0.0
DMU03,59,1790693012,53.0,4.4176,101.9297,0.0
ETS303,9535,1790692972,90.0,2.5067117,102.81458,0.0
ETS308,9531,1790692972,90.0,1.5399448,103.71814,0.0
ETS304,9138,1790692972,90.0,4.5583954,101.05935,0.0
SCS07,weekday_2182,1790692954,30.0,3.2071,101.5772,0.0
ETS215,9135,1790693012,63.0,3.2085,101.6211,0.0
ETS207,9058,1790693012,37.0,3.312,101.5749,0.0
DMU10(D6120),60,1790693011,0.0,6.1187,102.2007,0.0
ETS216,9233,1790692984,11.0,3.1439,101.6935,0.0
SCS32,weekday_2185,1790693005,21.0,3.0838,101.6154,0.0
SCS32,weekday_2185,1790693035,26.0,3.0834,101.6131,0.0
ETS308,9531,1790693094,90.0,1.5399745,103.718155,0.0
DMU03,59,1790693042,67.0,4.4129,101.9276,0.0
DMU10(D6120),60,1790693041,0.0,6.1186,102.2008,0.0
ETS204,9352,1790693040,86.0,5.3785,100.3906,0.0
ETS304,9138,1790693093,90.0,4.5859017,101.071655,0.0
ETS303,9535,1790693093,90.0,2.502506,102.8205,0.0
SCS13,2967,1790693037,119.0,5.7585,100.4995,0.0
SCS07,weekday_2182,1790693044,80.0,3.2195,101.5662,0.0
ETS216,9233,1790693044,0.0,3.1426,101.6938,0.0
ETS215,9135,1790693042,79.0,3.2088,101.627,0.0
ETS308,9531,1790693094,90.0,1.5399745,103.718155,0.0
ETS304,9138,1790693093,90.0,4.5859017,101.071655,0.0
ETS303,9535,1790693093,90.0,2.502506,102.8205,0.0
ETS207,9058,1790693072,20.0,3.3169,101.5749,0.0
DMU03,59,1790693072,70.0,4.4076,101.926,0.0
ETS215,9135,1790693072,79.0,3.2071,101.633,0.0
ETS216,9233,1790693119,0.0,3.1426,101.6938,0.0
DMU10(D6120),60,1790693131,19.0,6.1204,102.2024,0.0
SCS32,weekday_2185,1790693170,58.0,3.0828,101.6062,0.0
ETS216,9233,1790693164,0.0,3.1426,101.6938,0.0
ETS207,9058,1790693162,0.0,3.3191,101.5748,0.0
DMU10(D6120),60,1790693176,24.0,6.1224,102.2047,0.0
ETS303,9535,1790693215,90.0,2.487997,102.854904,0.0
ETS308,9531,1790693215,90.0,1.5399295,103.71813,0.0
ETS304,9138,1790693215,90.0,4.5965977,101.07435,0.0
ETS204,9352,1790693175,3.0,5.3878,100.3729,0.0
DMU03,59,1790693162,67.0,4.3922,101.9221,0.0
ETS215,9135,1790693147,66.0,3.1972,101.6434,0.0
ETS304,9138,1790693215,90.0,4.5965977,101.07435,0.0
ETS308,9531,1790693215,90.0,1.5399295,103.71813,0.0
ETS303,9535,1790693215,90.0,2.487997,102.854904,0.0
ETS215,9135,1790693252,88.0,3.1883,101.6617,0.0
ETS216,9233,1790693239,20.0,3.1371,101.6916,0.0
SCS09,weekday_2184,1790693279,0.0,3.1324,101.6833,0.0
ETS304,9138,1790693336,90.0,4.5968485,101.0746,0.0
ETS308,9531,1790693336,90.0,1.5399325,103.71815,0.0
ETS303,9535,1790693336,90.0,2.4840806,102.895004,0.0
SCS32,weekday_2185,1790693319,24.0,3.0844,101.5917,0.0
ETS216,9233,1790693314,0.0,3.1366,101.6916,0.0
SCS07,weekday_2182,1790693314,37.0,3.255,101.5545,0.0
DMU03,59,1790693312,58.0,4.3707,101.9249,0.0
ETS215,9135,1790693312,75.0,3.1823,101.6725,0.0
ETS207,9058,1790693312,62.0,3.3284,101.569,0.0
DMU10(D6120),60,1790693311,74.0,6.1379,102.2236,0.0
ETS204,9352,1790693310,0.0,5.3913,100.3703,0.0
SCS13,2967,1790693277,114.0,5.6908,100.5049,0.0
SCS32,weekday_2185,1790693349,17.0,3.0846,101.5896,0.0
ETS216,9233,1790693344,0.0,3.1366,101.6916,0.0
SCS09,weekday_2184,1790693324,0.0,3.1324,101.6833,0.0
SCS07,weekday_2182,1790693344,8.0,3.2574,101.5546,0.0
ETS304,9138,1790693336,90.0,4.5968485,101.0746,0.0
ETS308,9531,1790693336,90.0,1.5399325,103.71815,0.0
ETS303,9535,1790693336,90.0,2.4840806,102.895004,0.0
DMU03,59,1790693342,59.0,4.3657,101.9237,0.0
ETS215,9135,1790693342,24.0,3.18,101.6762,0.0
DMU10(D6120),60,1790693341,55.0,6.142,102.2267,0.0
ETS204,9352,1790693340,0.0,5.3913,100.3703,0.0
DMU03,59,1790693432,0.0,4.3585,101.9216,0.0
DMU10(D6120),60,1790693431,53.0,6.1528,102.2292,0.0
ETS304,9138,1790693457,90.0,4.6045666,101.07722,0.0
ETS308,9531,1790693457,90.0,1.5399494,103.71815,0.0
ETS303,9535,1790693457,90.0,2.471921,102.933044,0.0
SCS32,weekday_2185,1790693439,19.0,3.0846,101.5869,0.0
SCS07,weekday_2182,1790693434,32.0,3.2603,101.5555,0.0
ETS216,9233,1790693434,0.0,3.1366,101.6916,0.0
ETS207,9058,1790693432,99.0,3.3545,101.5717,0.0
ETS215,9135,1790693432,42.0,3.1754,101.6817,0.0
ETS204,9352,1790693430,0.0,5.3913,100.3703,0.0
SCS13,2967,1790693412,107.0,5.6536,100.4919,0.0
ETS213,9238,1790693410,0.0,3.1316,101.6829,0.0
ETS207,9058,1790693462,88.0,3.3615,101.5731,0.0
DMU03,59,1790693462,4.0,4.3585,101.9217,0.0
DMU10(D6120),60,1790693461,53.0,6.156,102.2261,0.0
ETS303,9535,1790693457,90.0,2.471921,102.933044,0.0
ETS304,9138,1790693457,90.0,4.6045666,101.07722,0.0
ETS308,9531,1790693457,90.0,1.5399494,103.71815,0.0
ETS213,9238,1790693485,0.0,3.1316,101.6829,0.0
SCS32,weekday_2185,1790693469,17.0,3.0842,101.5852,0.0
ETS216,9233,1790693464,0.0,3.1366,101.6916,0.0
SCS07,weekday_2182,1790693464,60.0,3.2636,101.5575,0.0
ETS215,9135,1790693462,38.0,3.1731,101.684,0.0
ETS204,9352,1790693460,0.0,5.3913,100.3703,0.0
SCS13,2967,1790693457,46.0,5.6449,100.4905,0.0
SCS09,weekday_2184,1790693444,0.0,3.1324,101.6833,0.0
ETS213,9238,1790693545,14.0,3.1374,101.6921,0.0
SCS07,weekday_2182,1790693494,72.0,3.2686,101.5595,0.0
ETS308,9531,1790693579,90.0,1.5399559,103.71814,0.0
ETS304,9138,1790693578,90.0,4.612993,101.09315,0.0
ETS303,9535,1790693578,90.0,2.4569106,102.97001,0.0
ETS216,9233,1790693554,0.0,3.1366,101.6916,0.0
ETS215,9135,1790693552,41.0,3.1666,101.6898,0.0
SCS13,2967,1790693517,0.0,5.6437,100.4903,0.0
ETS207,9058,1790693492,92.0,3.3629,101.5798,0.0
ETS216,9233,1790693599,0.0,3.1366,101.6916,0.0
ETS207,9058,1790693597,110.0,3.3701,101.6084,0.0
ETS213,9238,1790693590,0.0,3.1389,101.6935,0.0
SCS09,weekday_2184,1790693579,0.0,3.1324,101.6833,0.0
SCS13,2967,1790693577,61.0,5.6411,100.4898,0.0
ETS308,9531,1790693579,90.0,1.5399559,103.71814,0.0
ETS304,9138,1790693578,90.0,4.612993,101.09315,0.0
ETS303,9535,1790693578,90.0,2.4569106,102.97001,0.0
SCS07,weekday_2182,1790693599,65.0,3.2842,101.5684,0.0
ETS204,9352,1790693595,0.0,5.3913,100.3703,0.0
SCS09,weekday_2184,1790693684,0.0,3.1324,101.6833,0.0
SCS32,weekday_2185,1790693679,17.0,3.0763,101.5664,0.0
SCS07,weekday_2182,1790693674,67.0,3.2973,101.575,0.0
ETS216,9233,1790693674,0.0,3.1366,101.6916,0.0
DMU03,59,1790693672,67.0,4.3258,101.9194,0.0
ETS215,9135,1790693672,0.0,3.1606,101.6925,0.0
SCS13,2967,1790693667,115.0,5.6174,100.4968,0.0
ETS308,9531,1790693700,90.0,1.539945,103.71812,0.0
ETS303,9535,1790693700,90.0,2.4270585,102.99862,0.0
ETS304,9138,1790693700,90.0,4.640073,101.11288,0.0
SCS09,weekday_2184,1790693684,0.0,3.1324,101.6833,0.0
ETS216,9233,1790693719,0.0,3.1366,101.6916,0.0
ETS215,9135,1790693717,33.0,3.1582,101.6934,0.0
DMU03,59,1790693717,69.0,4.3173,101.9191,0.0
ETS213,9238,1790693710,0.0,3.14,101.6938,0.0
SCS32,weekday_2185,1790693694,20.0,3.0765,101.5655,0.0
ETS213,9238,1790693785,0.0,3.14,101.6938,0.0
SCS32,weekday_2185,1790693769,0.0,3.0762,101.5601,0.0
SCS09,weekday_2184,1790693759,0.0,3.1324,101.6833,0.0
SCS07,weekday_2182,1790693794,34.0,3.316,101.5749,0.0
ETS207,9058,1790693792,99.0,3.4188,101.6249,0.0
ETS215,9135,1790693792,4.0,3.1527,101.6918,0.0
DMU03,59,1790693792,63.0,4.3038,101.9213,0.0
DMU10(D6120),60,1790693791,62.0,6.1922,102.1699,0.0
SCS13,2967,1790693787,116.0,5.5818,100.4949,0.0
SCS32,weekday_2185,1790693844,32.0,3.0751,101.5581,0.0
DMU03,59,1790693837,54.0,4.2966,101.9212,0.0
ETS216,9233,1790693809,0.0,3.1366,101.6916,0.0
ETS215,9135,1790693807,1.0,3.1526,101.6917,0.0
ETS308,9531,1790693821,90.0,1.5399592,103.71815,0.0
ETS304,9138,1790693821,90.0,4.6725225,101.1374,0.0
ETS303,9535,1790693821,90.0,2.3891094,103.01521,0.0
SCS07,weekday_2182,1790693839,0.0,3.3191,101.5748,0.0
SCS13,2967,1790693817,116.0,5.5727,100.4964,0.0
ETS207,9058,1790693807,95.0,3.4224,101.6247,0.0
ETS213,9238,1790693800,0.0,3.1407,101.6942,0.0
SCS09,weekday_2184,1790693849,0.0,3.1324,101.6833,0.0
DMU10(D6120),60,1790693911,0.0,6.1993,102.1674,0.0
SCS07,weekday_2182,1790693854,0.0,3.3191,101.5748,0.0
ETS207,9058,1790693852,117.0,3.4327,101.6324,0.0
ETS215,9135,1790693852,0.0,3.1522,101.6915,0.0
ETS216,9233,1790693914,0.0,3.1366,101.6916,0.0
ETS215,9135,1790693957,4.0,3.1522,101.6914,0.0
SCS09,weekday_2184,1790693954,0.0,3.1324,101.6833,0.0
SCS13,2967,1790693952,114.0,5.5331,100.5047,0.0
ETS216,9233,1790693944,0.0,3.1366,101.6916,0.0
ETS213,9238,1790693965,23.0,3.1509,101.6908,0.0
SCS32,weekday_2185,1790693964,86.0,3.0613,101.542,0.0
ETS303,9535,1790693942,90.0,2.3828955,103.02131,0.0
ETS304,9138,1790693942,90.0,4.704586,101.13257,0.0
ETS308,9531,1790693942,90.0,1.5399342,103.71814,0.0
ETS213,9238,1790694025,53.0,3.1567,101.6936,0.0
ETS207,9058,1790694032,99.0,3.4807,101.64,0.0
DMU03,59,1790694017,72.0,4.2808,101.9198,0.0
ETS215,9135,1790693972,0.0,3.1521,101.6913,0.0
ETS304,9138,1790694063,90.0,4.7430463,101.12262,0.0
ETS308,9531,1790694063,90.0,1.5395993,103.71882,0.0
ETS303,9535,1790694063,90.0,2.372439,103.03584,0.0
DMU03,59,1790694092,57.0,4.2681,101.9243,0.0
SCS09,weekday_2184,1790694089,0.0,3.1324,101.6833,0.0
ETS213,9238,1790694085,51.0,3.1649,101.691,0.0
SCS32,weekday_2185,1790694084,0.0,3.0567,101.5259,0.0
ETS216,9233,1790694079,10.0,3.1378,101.6926,0.0
SCS07,weekday_2182,1790694079,84.0,3.3422,101.5725,0.0
ETS207,9058,1790694062,89.0,3.4876,101.6375,0.0
DMU03,59,1790694092,57.0,4.2681,101.9243,0.0
SCS07,weekday_2182,1790694214,92.0,3.3629,101.5853,0.0
ETS216,9233,1790694214,0.0,3.1386,101.6932,0.0
DMU03,59,1790694212,0.0,4.2579,101.9253,0.0
ETS215,9135,1790694212,0.0,3.1443,101.6931,0.0
DMU10(D6120),60,1790694211,10.0,6.1956,102.1674,0.0
SCS09,weekday_2184,1790694194,0.0,3.1324,101.6833,0.0
SCS32,weekday_2185,1790694189,97.0,3.0538,101.5166,0.0
SCS13,2967,1790694177,0.0,5.4828,100.4982,0.0
ETS303,9535,1790694184,90.0,2.3469174,103.065125,0.0
ETS304,9138,1790694184,90.0,4.7769012,101.10399,0.0
ETS308,9531,1790694184,90.0,1.5396129,103.71884,0.0
SCS07,weekday_2182,1790694274,107.0,3.3667,101.6008,0.0
ETS215,9135,1790694272,14.0,3.1407,101.6939,0.0
DMU03,59,1790694272,44.0,4.2551,101.9264,0.0
DMU10(D6120),60,1790694271,0.0,6.1954,102.1673,0.0
ETS216,9233,1790694259,0.0,3.1386,101.6932,0.0
SCS09,weekday_2184,1790694224,0.0,3.1324,101.6833,0.0
SCS13,2967,1790694222,31.0,5.4821,100.498,0.0
DMU03,59,1790694332,57.0,4.2506,101.9342,0.0
SCS09,weekday_2184,1790694284,0.0,3.1324,101.6833,0.0
SCS32,weekday_2185,1790694279,20.0,3.0517,101.5016,0.0
ETS308,9531,1790694306,90.0,1.5399514,103.71815,0.0
ETS304,9138,1790694305,90.0,4.808381,101.081474,0.0
ETS303,9535,1790694305,90.0,2.3222082,103.10042,0.0
ETS216,9233,1790694304,0.0,3.1386,101.6932,0.0
SCS07,weekday_2182,1790694304,103.0,3.3701,101.6084,0.0
ETS215,9135,1790694302,0.0,3.1404,101.6938,0.0
DMU10(D6120),60,1790694301,0.0,6.1954,102.1673,0.0
SCS13,2967,1790694282,117.0,5.4681,100.4965,0.0
ETS215,9135,1790694377,0.0,3.1403,101.6937,0.0
ETS216,9233,1790694394,18.0,3.1454,101.692,0.0
SCS07,weekday_2182,1790694394,0.0,3.3757,101.614,0.0
DMU03,59,1790694392,57.0,4.2485,101.9433,0.0
DMU10(D6120),60,1790694391,0.0,6.1954,102.1674,0.0
SCS09,weekday_2184,1790694389,0.0,3.1324,101.6833,0.0
SCS13,2967,1790694387,115.0,5.4373,100.4893,0.0
ETS213,9238,1790694385,73.0,3.1927,101.6533,0.0
SCS32,weekday_2185,1790694384,4.0,3.0523,101.4937,0.0
ETS303,9535,1790694427,90.0,2.3002896,103.12837,0.0
ETS308,9531,1790694427,90.0,1.5399214,103.718155,0.0
ETS304,9138,1790694427,90.0,4.824127,101.047035,0.0
SCS07,weekday_2182,1790694424,76.0,3.3782,101.6165,0.0
ETS215,9135,1790694422,5.0,3.1395,101.6936,0.0
DMU03,59,1790694422,62.0,4.2485,101.9483,0.0
ETS216,9233,1790694409,19.0,3.1461,101.6914,0.0
DMU10(D6120),60,1790694451,6.0,6.1967,102.1672,0.0
SCS13,2967,1790694447,114.0,5.4219,100.48,0.0
ETS213,9238,1790694445,64.0,3.1971,101.6433,0.0
SCS32,weekday_2185,1790694429,0.0,3.0523,101.4936,0.0
DMU03,59,1790694497,68.0,4.2478,101.9615,0.0
DMU10(D6120),60,1790694496,8.0,6.1982,102.1671,0.0
ETS213,9238,1790694475,60.0,3.2005,101.6393,0.0
SCS32,weekday_2185,1790694474,14.0,3.0523,101.4928,0.0
SCS07,weekday_2182,1790694514,114.0,3.3997,101.628,0.0
ETS215,9135,1790694512,0.0,3.1367,101.691,0.0
SCS13,2967,1790694477,116.0,5.4139,100.4758,0.0
DMU10(D6120),60,1790694571,4.0,6.2002,102.1668,0.0
ETS213,9238,1790694520,57.0,3.2059,101.6343,0.0
SCS32,weekday_2185,1790694519,18.0,3.0524,101.4905,0.0
SCS07,weekday_2182,1790694574,95.0,3.4159,101.6262,0.0
ETS303,9535,1790694548,90.0,2.2953234,103.13145,0.0
ETS308,9531,1790694548,90.0,1.5399303,103.71816,0.0
ETS304,9138,1790694548,90.0,4.8395376,101.01267,0.0
DMU03,59,1790694542,60.0,4.246,101.9691,0.0
SCS13,2967,1790694567,114.0,5.3871,100.4703,0.0
ETS216,9233,1790694559,42.0,3.1613,101.6922,0.0
SCS09,weekday_2184,1790694524,0.0,3.1324,101.6833,0.0
DMU10(D6120),60,1790694620,0.0,6.2003,102.1668,0.0
SCS07,weekday_2182,1790694619,104.0,3.4262,101.6274,0.0
DMU03,59,1790694632,67.0,4.2363,101.9818,0.0
ETS215,9135,1790694632,0.0,3.1367,101.691,0.0
ETS216,9233,1790694619,28.0,3.1657,101.6907,0.0
ETS213,9238,1790694595,61.0,3.2085,101.6235,0.0
SCS32,weekday_2185,1790694594,58.0,3.0515,101.4771,0.0
ETS308,9531,1790694669,90.0,1.5399467,103.718155,0.0
ETS303,9535,1790694669,90.0,2.2663357,103.14746,0.0
ETS304,9138,1790694669,90.0,4.839247,100.97239,0.0
SCS07,weekday_2182,1790694664,116.0,3.4367,101.6357,0.0
ETS215,9135,1790694662,0.0,3.1367,101.691,0.0
DMU03,59,1790694662,52.0,4.2343,101.9865,0.0
ETS216,9233,1790694634,31.0,3.1667,101.6896,0.0
SCS13,2967,1790694687,42.0,5.3606,100.467,0.0
SCS32,weekday_2185,1790694669,58.0,3.0417,101.4732,0.0
SCS09,weekday_2184,1790694644,0.0,3.1324,101.6833,0.0
ETS213,9238,1790694640,67.0,3.207,101.6165,0.0
SCS32,weekday_2185,1790694744,0.0,3.0367,101.4706,0.0
DMU03,59,1790694752,1.0,4.2327,101.9902,0.0
ETS215,9135,1790694752,0.0,3.1367,101.691,0.0
ETS213,9238,1790694745,71.0,3.2011,101.5987,0.0
SCS07,weekday_2182,1790694694,114.0,3.4453,101.6386,0.0
ETS215,9135,1790694812,0.0,3.1367,101.691,0.0
ETS207,9058,1790694812,6.0,3.6273,101.5664,0.0
SCS13,2967,1790694762,40.0,5.3594,100.462,0.0
SCS07,weekday_2182,1790694814,0.0,3.4678,101.6376,0.0
DMU03,59,1790694812,40.0,4.2317,101.9929,0.0
ETS216,9233,1790694784,13.0,3.1737,101.6849,0.0
ETS308,9531,1790694791,90.0,1.5396258,103.71885,0.0
ETS304,9138,1790694790,90.0,4.8115735,100.95193,0.0
ETS303,9535,1790694790,90.0,2.227052,103.162125,0.0
ETS215,9135,1790694812,0.0,3.1367,101.691,0.0
ETS216,9233,1790694859,0.0,3.1777,101.6864,0.0
ETS207,9058,1790694857,24.0,3.6293,101.5649,0.0
ETS213,9238,1790694850,39.0,3.2045,101.5837,0.0
SCS07,weekday_2182,1790694874,77.0,3.4727,101.6385,0.0
DMU03,59,1790694872,69.0,4.2278,102.0023,0.0
SCS13,2967,1790694852,34.0,5.366,100.4495,0.0
ETS308,9531,1790694912,90.0,1.5396153,103.71885,0.0
ETS303,9535,1790694911,90.0,2.1953738,103.18661,0.0
ETS304,9138,1790694911,90.0,4.7789483,100.93599,0.0
ETS207,9058,1790694917,25.0,3.6329,101.5622,0.0
SCS32,weekday_2185,1790694879,17.0,3.0357,101.457,0.0
SCS07,weekday_2182,1790694919,117.0,3.4847,101.6389,0.0
ETS216,9233,1790694919,18.0,3.1808,101.6881,0.0
SCS32,weekday_2185,1790694954,19.0,3.0384,101.4544,0.0
ETS216,9233,1790694994,0.0,3.1827,101.6888,0.0
ETS207,9058,1790694992,25.0,3.6376,101.5593,0.0
SCS07,weekday_2182,1790694934,114.0,3.4888,101.6368,0.0
ETS207,9058,1790695037,22.0,3.6399,101.558,0.0
SCS07,weekday_2182,1790695039,0.0,3.4996,101.6343,0.0
ETS216,9233,1790695024,0.0,3.1826,101.6889,0.0
ETS213,9238,1790695000,0.0,3.2063,101.5797,0.0
ETS304,9138,1790695033,90.0,4.7747855,100.93225,0.0
ETS308,9531,1790695033,90.0,1.5396125,103.71882,0.0
ETS303,9535,1790695033,90.0,2.191109,103.19094,0.0
SCS32,weekday_2185,1790694999,17.0,3.0407,101.4529,0.0
SCS09,weekday_2184,1790695064,14.0,3.1448,101.6927,0.0
SCS07,weekday_2182,1790695114,89.0,3.5109,101.6325,0.0
ETS213,9238,1790695105,38.0,3.2089,101.5754,0.0
ETS216,9233,1790695084,0.0,3.1828,101.6887,0.0
SCS13,2967,1790695077,26.0,5.3622,100.4289,0.0
ETS207,9058,1790695067,30.0,3.6417,101.5567,0.0
ETS304,9138,1790695154,90.0,4.774699,100.913895,0.0
ETS308,9531,1790695154,90.0,1.5399444,103.71815,0.0
ETS303,9535,1790695154,90.0,2.1804674,103.213,0.0
SCS09,weekday_2184,1790695139,53.0,3.1503,101.6906,0.0
SCS32,weekday_2185,1790695119,6.0,3.0429,101.4508,0.0
ETS213,9238,1790695120,44.0,3.2102,101.5743,0.0
SCS09,weekday_2184,1790695214,0.0,3.1545,101.6933,0.0
SCS07,weekday_2182,1790695234,93.0,3.5387,101.6352,0.0
ETS207,9058,1790695232,44.0,3.6505,101.5482,0.0
SCS13,2967,1790695227,7.0,5.3642,100.4221,0.0
ETS213,9238,1790695225,89.0,3.226,101.5614,0.0
SCS32,weekday_2185,1790695209,59.0,3.0462,101.4445,0.0
ETS304,9138,1790695275,90.0,4.769889,100.88346,0.0
ETS308,9531,1790695275,90.0,1.5399289,103.71817,0.0
ETS303,9535,1790695275,90.0,2.147615,103.23583,0.0
SCS32,weekday_2185,1790695284,11.0,3.0453,101.4371,0.0
SCS07,weekday_2182,1790695279,61.0,3.5479,101.6394,0.0
ETS207,9058,1790695277,109.0,3.6567,101.5411,0.0
SCS13,2967,1790695242,0.0,5.3643,100.4219,0.0
ETS213,9238,1790695240,84.0,3.2292,101.5602,0.0
ETS213,9238,1790695345,74.0,3.2496,101.5565,0.0
SCS32,weekday_2185,1790695329,34.0,3.0421,101.4335,0.0
SCS13,2967,1790695347,44.0,5.3658,100.418,0.0
SCS07,weekday_2182,1790695339,0.0,3.5526,101.6396,0.0
ETS207,9058,1790695337,72.0,3.6705,101.531,0.0
DMU03,59,1790695397,0.0,4.1873,102.0529,0.0
SCS07,weekday_2182,1790695399,83.0,3.5567,101.6386,0.0
ETS207,9058,1790695352,81.0,3.6729,101.5294,0.0
SCS09,weekday_2184,1790695409,0.0,3.1661,101.6903,0.0
ETS213,9238,1790695405,68.0,3.2597,101.5554,0.0
SCS32,weekday_2185,1790695404,5.0,3.0405,101.4319,0.0
ETS304,9138,1790695396,90.0,4.7775517,100.84433,0.0
ETS308,9531,1790695396,90.0,1.5396153,103.71883,0.0
ETS303,9535,1790695396,90.0,2.1205735,103.26383,0.0
DMU03,59,1790695472,0.0,4.1873,102.053,0.0
ETS207,9058,1790695472,0.0,3.6841,101.519,0.0
SCS13,2967,1790695467,84.0,5.3774,100.3927,0.0
SCS32,weekday_2185,1790695449,53.0,3.0367,101.4278,0.0
ETS213,9238,1790695435,60.0,3.2644,101.558,0.0
SCS07,weekday_2182,1790695414,93.0,3.5593,101.6361,0.0
DMU03,59,1790695532,0.0,4.1873,102.053,0.0
SCS07,weekday_2182,1790695519,96.0,3.574,101.6141,0.0
ETS207,9058,1790695517,3.0,3.6841,101.5189,0.0
SCS09,weekday_2184,1790695514,38.0,3.1689,101.686,0.0
SCS13,2967,1790695482,81.0,5.3789,100.3897,0.0
ETS213,9238,1790695480,58.0,3.2718,101.5605,0.0
ETS308,9531,1790695518,90.0,1.5396129,103.718834,0.0
ETS304,9138,1790695517,90.0,0.0027284583,0.0154984975,0.0
ETS303,9535,1790695517,90.0,2.0859616,103.28716,0.0
SCS09,weekday_2184,1790695574,76.0,3.1755,101.6815,0.0
SCS13,2967,1790695602,13.0,5.3862,100.3758,0.0
ETS207,9058,1790695577,75.0,3.6888,101.5143,0.0
ETS213,9238,1790695555,57.0,3.2824,101.5668,0.0
SCS07,weekday_2182,1790695564,115.0,3.5857,101.6109,0.0
DMU03,59,1790695562,0.0,4.1873,102.053,0.0
SCS09,weekday_2184,1790695649,64.0,3.1831,101.6696,0.0
SCS13,2967,1790695632,10.0,5.3867,100.3747,0.0
DMU03,59,1790695617,0.0,4.1873,102.053,0.0
ETS213,9238,1790695600,57.0,3.2883,101.5709,0.0
SCS32,weekday_2185,1790695599,60.0,3.0301,101.4207,0.0
SCS07,weekday_2182,1790695594,80.0,3.5924,101.6062,0.0
ETS207,9058,1790695592,96.0,3.6912,101.5115,0.0
ETS304,9138,1790695639,90.0,4.7870927,100.7633,0.0
ETS303,9535,1790695639,90.0,2.0518,103.311035,0.0
ETS308,9531,1790695639,90.0,1.5396136,103.71885,0.0
SCS09,weekday_2184,1790695664,60.0,3.1839,101.6673,0.0
ETS213,9238,1790695720,71.0,3.3102,101.5749,0.0
ETS207,9058,1790695712,116.0,3.7141,101.4821,0.0
SCS32,weekday_2185,1790695689,0.0,3.021,101.4109,0.0
SCS07,weekday_2182,1790695654,93.0,3.5997,101.5961,0.0
ETS308,9531,1790695761,90.0,1.5399519,103.71815,0.0
ETS304,9138,1790695760,90.0,4.8193173,100.73953,0.0
ETS303,9535,1790695760,90.0,2.0351346,103.31818,0.0
SCS13,2967,1790695767,14.0,5.3911,100.3695,0.0
ETS213,9238,1790695765,62.0,3.3177,101.5748,0.0
ETS207,9058,1790695757,119.0,3.7203,101.4703,0.0
SCS09,weekday_2184,1790695724,0.0,3.1868,101.6637,0.0
SCS32,weekday_2185,1790695719,0.0,3.021,101.4109,0.0
SCS07,weekday_2182,1790695714,104.0,3.6102,101.5853,0.0
ETS207,9058,1790695817,94.0,3.7293,101.4572,0.0
SCS07,weekday_2182,1790695834,27.0,3.6267,101.5672,0.0
ETS213,9238,1790695825,60.0,3.3263,101.5704,0.0
SCS13,2967,1790695797,13.0,5.3918,100.3683,0.0
SCS32,weekday_2185,1790695794,19.0,3.0185,101.4083,0.0
ETS308,9531,1790695882,90.0,1.5399355,103.73033,0.0
ETS304,9138,1790695881,90.0,4.848206,100.730156,0.0
ETS303,9535,1790695881,90.0,2.0334108,103.31863,0.0
ETS207,9058,1790695862,102.0,3.7403,101.4539,0.0
SCS32,weekday_2185,1790695839,40.0,3.0153,101.4047,0.0
ETS213,9238,1790695885,51.0,3.3343,101.5716,0.0
SCS07,weekday_2182,1790695879,21.0,3.6287,101.5655,0.0
SCS09,weekday_2186,1790695874,0.0,3.192,101.6546,0.0
SCS32,weekday_2185,1790695929,21.0,3.0135,101.4028,0.0
ETS207,9058,1790695922,0.0,3.7448,101.4501,0.0
SCS07,weekday_2182,1790695954,24.0,3.633,101.5621,0.0
ETS213,9238,1790695945,84.0,3.3442,101.5724,0.0
SCS09,weekday_2186,1790696009,37.0,3.1993,101.6405,0.0
ETS213,9238,1790696005,97.0,3.3598,101.572,0.0
ETS308,9531,1790696003,90.0,1.5396198,103.71885,0.0
ETS304,9138,1790696003,90.0,4.852128,100.73327,0.0
ETS303,9535,1790696003,90.0,1.9983491,103.32657,0.0
ETS207,9058,1790695997,5.0,3.7446,101.4502,0.0
ETS213,9238,1790696065,88.0,3.3628,101.585,0.0
SCS07,weekday_2182,1790696044,20.0,3.6387,101.5589,0.0
ETS207,9058,1790696042,4.0,3.7446,101.4502,0.0
SCS32,weekday_2185,1790696079,2.0,3.0044,101.3931,0.0
ETS308,9531,1790696125,90.0,1.5399411,103.71837,0.0
ETS304,9138,1790696124,90.0,4.8650684,100.728546,0.0
ETS303,9535,1790696124,90.0,1.9595532,103.3432,0.0
ETS207,9058,1790696117,1.0,3.7448,101.45,0.0
SCS09,weekday_2186,1790696114,0.0,3.2032,101.6367,0.0
ETS213,9238,1790696080,91.0,3.3634,101.5885,0.0
SCS07,weekday_2182,1790696074,21.0,3.6403,101.5579,0.0
SCS32,weekday_2185,1790696079,2.0,3.0044,101.3931,0.0
SCS32,weekday_2185,1790696169,10.0,3.0023,101.3912,0.0
SCS07,weekday_2182,1790696164,20.0,3.6451,101.554,0.0
ETS213,9238,1790696155,115.0,3.3694,101.6075,0.0
ETS207,9058,1790696132,0.0,3.7449,101.45,0.0
SCS07,weekday_2182,1790696194,22.0,3.6466,101.5528,0.0
ETS207,9058,1790696192,60.0,3.7496,101.4464,0.0
ETS304,9138,1790696246,90.0,4.896857,100.719986,0.0
ETS308,9531,1790696246,90.0,1.539935,103.71812,0.0
ETS303,9535,1790696246,90.0,1.9274154,103.36926,0.0
ETS213,9238,1790696245,116.0,3.3886,101.6263,0.0
ETS213,9238,1790696275,112.0,3.3971,101.6283,0.0
ETS207,9058,1790696282,115.0,3.7705,101.4363,0.0
SCS07,weekday_2182,1790696284,22.0,3.6505,101.5481,0.0
ETS213,9238,1790696320,103.0,3.4095,101.6277,0.0
ETS308,9531,1790696368,90.0,1.5399348,103.71812,0.0
ETS304,9138,1790696367,90.0,4.9369407,100.72094,0.0
ETS303,9535,1790696367,90.0,1.896777,103.3992,0.0
SCS07,weekday_2182,1790696359,68.0,3.6577,101.5402,0.0
ETS207,9058,1790696357,106.0,3.7919,101.4328,0.0
SCS09,weekday_2186,1790696406,77.0,3.2069,101.6167,0.0
SCS07,weekday_2182,1790696404,64.0,3.6642,101.5355,0.0
ETS207,9058,1790696417,118.0,3.8052,101.4207,0.0
ETS213,9238,1790696410,99.0,3.4304,101.6308,0.0
ETS304,9138,1790696491,90.0,4.9764977,100.732605,0.0
ETS308,9531,1790696491,90.0,1.5399475,103.718124,0.0
ETS303,9535,1790696491,90.0,1.884079,103.4057,0.0
ETS213,9238,1790696530,108.0,3.4619,101.6378,0.0
SCS09,weekday_2186,1790696541,73.0,3.2017,101.5902,0.0
SCS07,weekday_2182,1790696554,18.0,3.678,101.5255,0.0
ETS207,9058,1790696552,0.0,3.8263,101.4026,0.0
ETS304,9138,1790696613,90.0,5.0159636,100.72871,0.0
ETS308,9531,1790696613,90.0,1.5396224,103.71883,0.0
ETS303,9535,1790696613,90.0,1.8687273,103.41264,0.0
ETS213,9238,1790696575,78.0,3.4731,101.6386,0.0
SCS07,weekday_2182,1790696569,21.0,3.6786,101.5248,0.0
SCS09,weekday_2186,1790696661,0.0,3.2063,101.5798,0.0
ETS213,9238,1790696665,94.0,3.4949,101.635,0.0
ETS308,9531,1790696613,90.0,1.5396224,103.71883,0.0
ETS304,9138,1790696613,90.0,5.0159636,100.72871,0.0
ETS303,9535,1790696613,90.0,1.8687273,103.41264,0.0
SCS07,weekday_2182,1790696614,35.0,3.6814,101.5219,0.0
ETS304,9138,1790696734,90.0,5.0382104,100.69362,0.0
ETS308,9531,1790696734,90.0,1.5399345,103.718124,0.0
ETS303,9535,1790696734,90.0,1.8374759,103.43903,0.0
SCS09,weekday_2186,1790696706,0.0,3.2063,101.5798,0.0
SCS07,weekday_2182,1790696704,0.0,3.6839,101.5192,0.0
ETS213,9238,1790696680,93.0,3.4986,101.6345,0.0
ETS303,9535,1790696734,90.0,1.8374759,103.43903,0.0
ETS304,9138,1790696734,90.0,5.0382104,100.69362,0.0
ETS308,9531,1790696734,90.0,1.5399345,103.718124,0.0
ETS213,9238,1790696755,93.0,3.5154,101.6296,0.0
ETS308,9531,1790696856,90.0,1.5399779,103.73338,0.0
ETS303,9535,1790696855,90.0,1.8163385,103.47451,0.0
ETS304,9138,1790696855,90.0,5.040273,100.65154,0.0
SCS09,weekday_2186,1790696856,66.0,3.2121,101.5726,0.0
SCS09,weekday_2186,1790696856,66.0,3.2121,101.5726,0.0
ETS308,9531,1790696856,90.0,1.5399779,103.73338,0.0
ETS303,9535,1790696855,90.0,1.8163385,103.47451,0.0
ETS304,9138,1790696855,90.0,5.040273,100.65154,0.0
ETS213,9238,1790696905,91.0,3.5481,101.6395,0.0
ETS207,9058,1790696897,107.0,3.8898,101.3726,0.0
ETS213,9238,1790696965,84.0,3.5601,101.6345,0.0
ETS207,9058,1790696927,113.0,3.8942,101.3646,0.0
ETS303,9535,1790696977,90.0,1.8120537,103.47923,0.0
ETS308,9531,1790696977,90.0,1.5399498,103.71814,0.0
ETS304,9138,1790696977,90.0,5.042619,100.61018,0.0
SCS09,weekday_2186,1790696976,89.0,3.2392,101.5603,0.0
SCS09,weekday_2186,1790697006,80.0,3.2457,101.5595,0.0
ETS213,9238,1790696995,82.0,3.5626,101.6282,0.0
ETS303,9535,1790696977,90.0,1.8120537,103.47923,0.0
ETS308,9531,1790696977,90.0,1.5399498,103.71814,0.0
ETS304,9138,1790696977,90.0,5.042619,100.61018,0.0
ETS207,9058,1790697002,116.0,3.9089,101.3481,0.0
ETS304,9138,1790697098,90.0,5.033466,100.570496,0.0
ETS308,9531,1790697098,90.0,1.5399717,103.71813,0.0
ETS303,9535,1790697098,90.0,1.7874742,103.495026,0.0
ETS213,9238,1790697085,92.0,3.5773,101.6134,0.0
SCS09,weekday_2186,1790697081,9.0,3.2509,101.5558,0.0
ETS207,9058,1790697077,115.0,3.9301,101.3412,0.0
ETS213,9238,1790697145,100.0,3.5913,101.6071,0.0
ETS207,9058,1790697137,120.0,3.9459,101.3326,0.0
SCS09,weekday_2186,1790697126,31.0,3.2544,101.5546,0.0
ETS304,9138,1790697098,90.0,5.033466,100.570496,0.0
ETS308,9531,1790697098,90.0,1.5399717,103.71813,0.0
ETS303,9535,1790697098,90.0,1.7874742,103.495026,0.0
ETS213,9238,1790697190,92.0,3.5993,101.5995,0.0
ETS304,9138,1790697219,90.0,5.0198054,100.53394,0.0
ETS308,9531,1790697219,90.0,1.5399463,103.718124,0.0
ETS303,9535,1790697219,90.0,1.7483364,103.50889,0.0
SCS09,weekday_2186,1790697216,0.0,3.2588,101.5549,0.0
ETS207,9058,1790697212,117.0,3.9651,101.3205,0.0
ETS213,9238,1790697265,99.0,3.6099,101.5859,0.0
SCS09,weekday_2186,1790697261,7.0,3.2601,101.5554,0.0
ETS304,9138,1790697219,90.0,5.0198054,100.53394,0.0
ETS303,9535,1790697219,90.0,1.7483364,103.50889,0.0
ETS308,9531,1790697219,90.0,1.5399463,103.718124,0.0
ETS207,9058,1790697212,117.0,3.9651,101.3205,0.0
ETS308,9531,1790697341,90.0,1.5399776,103.71812,0.0
ETS304,9138,1790697340,90.0,5.0562677,100.51281,0.0
ETS303,9535,1790697340,90.0,1.7136874,103.53136,0.0
SCS09,weekday_2186,1790697336,67.0,3.2692,101.5596,0.0
ETS207,9058,1790697332,98.0,4.0012,101.3055,0.0
ETS213,9238,1790697325,93.0,3.6195,101.5742,0.0
ETS207,9058,1790697362,23.0,4.0053,101.3024,0.0
SCS09,weekday_2186,1790697366,53.0,3.2734,101.5616,0.0
ETS308,9531,1790697341,90.0,1.5399776,103.71812,0.0
ETS304,9138,1790697340,90.0,5.0562677,100.51281,0.0
ETS303,9535,1790697340,90.0,1.7136874,103.53136,0.0
ETS213,9238,1790697355,72.0,3.6247,101.5692,0.0
ETS308,9531,1790697462,90.0,1.5399508,103.71815,0.0
ETS304,9138,1790697461,90.0,5.0944557,100.49421,0.0
ETS303,9535,1790697461,90.0,1.6889795,103.56607,0.0
SCS09,weekday_2186,1790697456,66.0,3.2865,101.5697,0.0
ETS207,9058,1790697452,52.0,4.0085,101.2994,0.0
ETS213,9238,1790697430,26.0,3.6302,101.5644,0.0
ETS207,9058,1790697482,92.0,4.0128,101.2955,0.0
ETS308,9531,1790697462,90.0,1.5399508,103.71815,0.0
ETS303,9535,1790697461,90.0,1.6889795,103.56607,0.0
ETS304,9138,1790697461,90.0,5.0944557,100.49421,0.0
ETS213,9238,1790697460,27.0,3.6321,101.5629,0.0
SCS09,weekday_2186,1790697516,73.0,3.2963,101.575,0.0
