vehicle_id,trip_id,timestamp,speed,lat,lon,bearing
ETS309,9535,1789747256,90.0,0.0027284583,0.0154984975,0.0
ETS207,9058,1789747301,0.0,4.1705,101.1886,0.0
SCS05,weekend_2186,1789747266,109.0,3.3493,101.5722,0.0
ETS309,9535,1789747256,90.0,0.0027284583,0.0154984975,0.0
SCS05,weekend_2186,1789747341,92.0,3.3632,101.5794,0.0
ETS213,9138,1789747323,141.0,5.3089,100.4765,0.0
ETS207,9058,1789747301,0.0,4.1705,101.1886,0.0
ETS309,9535,1789747391,90.0,0.0027284583,0.0154984975,0.0
SCS05,weekend_2186,1789747401,97.0,3.3645,101.5942,0.0
SCS05,weekend_2186,1789747536,0.0,3.3765,101.6149,0.0
ETS309,9535,1789747512,90.0,1.8826796,103.40648,0.0
ETS213,9138,1789747503,99.0,5.3609,100.4609,0.0
SCS05,weekend_2186,1789747551,0.0,3.3765,101.6149,0.0
ETS213,9138,1789747578,32.0,5.3662,100.448,0.0
SCS05,weekend_2186,1789747641,115.0,3.3877,101.6258,0.0
ETS309,9535,1789747633,90.0,1.8586174,103.416374,0.0
ETS309,9535,1789747754,90.0,1.8340092,103.443474,0.0
SCS05,weekend_2186,1789747746,89.0,3.416,101.6262,0.0
ETS207,9058,1789747781,94.0,4.295,101.1608,0.0
ETS207,9058,1789747781,94.0,4.295,101.1608,0.0
ETS215,9238,1789747829,119.0,3.7783,101.4354,0.0
ETS213,9138,1789747788,89.0,5.3664,100.4399,0.0
ETS309,9535,1789747875,90.0,0.0027284583,0.0154984975,0.0
SCS05,weekend_2186,1789747881,104.0,3.4472,101.6389,0.0
ETS213,9138,1789747833,81.0,5.3624,100.4307,0.0
ETS213,9138,1789747938,67.0,5.3653,100.4196,0.0
ETS309,9535,1789747996,90.0,0.0027284583,0.0154984975,0.0
ETS213,9138,1789747983,101.0,5.3692,100.4092,0.0
ETS309,9535,1789748117,90.0,0.0027284583,0.0154984975,0.0
ETS215,9238,1789748129,105.0,3.8498,101.3842,0.0
ETS215,9238,1789748174,113.0,3.8609,101.378,0.0
ETS309,9535,1789748239,90.0,0.0027284583,0.0154984975,0.0
SCS05,weekend_2186,1789748211,0.0,3.5009,101.6341,0.0
ETS213,9138,1789748313,20.0,5.3912,100.3695,0.0
ETS207,9058,1789748291,134.0,4.3836,101.0901,0.0
SCS05,weekend_2186,1789748256,57.0,3.5025,101.6339,0.0
ETS207,9058,1789748366,133.0,4.4058,101.0771,0.0
ETS309,9535,1789748360,90.0,1.7241325,103.51945,0.0
ETS213,9138,1789748313,20.0,5.3912,100.3695,0.0
SCS05,weekend_2186,1789748451,85.0,3.5449,101.6374,0.0
ETS215,9238,1789748654,112.0,3.9769,101.3145,0.0
SCS05,weekend_2186,1789748691,96.0,3.5693,101.6181,0.0
SCS05,weekend_2186,1789748736,91.0,3.5789,101.6134,0.0
SCS05,weekend_2186,1789748826,89.0,3.5983,101.6015,0.0
ETS207,9058,1789748816,92.0,4.4818,101.0421,0.0
ETS215,9238,1789748894,136.0,4.0505,101.2845,0.0
SCS05,weekend_2186,1789748931,114.0,3.616,101.5791,0.0
ETS207,9058,1789748981,20.0,4.5202,101.0498,0.0
SCS05,weekend_2186,1789748976,113.0,3.6247,101.5691,0.0
ETS207,9058,1789749086,57.0,4.537,101.0527,0.0
ETS207,9058,1789749176,76.0,4.5465,101.0545,0.0
SCS05,weekend_2186,1789749216,90.0,3.6758,101.5274,0.0
ETS215,9238,1789749269,133.0,4.1381,101.2134,0.0
ETS215,9238,1789749479,105.0,4.1886,101.1852,0.0
ETS215,9238,1789749824,104.0,4.2883,101.1635,0.0
ETS215,9238,1789749824,104.0,4.2883,101.1635,0.0
ETS215,9238,1789750019,0.0,4.3032,101.153,0.0
ETS215,9238,1789750139,119.0,4.314,101.1414,0.0
ETS215,9238,1789750244,131.0,4.3429,101.12,0.0
ETS215,9238,1789750469,128.0,4.4067,101.0767,0.0
ETS215,9238,1789750544,134.0,4.4292,101.0643,0.0
ETS215,9238,1789750544,134.0,4.4292,101.0643,0.0
ETS215,9238,1789750664,28.0,4.4598,101.0493,0.0
ETS215,9238,1789750664,28.0,4.4598,101.0493,0.0
ETS215,9238,1789750769,0.0,4.4607,101.049,0.0
ETS215,9238,1789750859,83.0,4.4701,101.0435,0.0
ETS215,9238,1789750934,106.0,4.4883,101.0435,0.0
ETS215,9238,1789751129,14.0,4.523,101.0502,0.0
ETS215,9238,1789751384,104.0,4.5543,101.0562,0.0
ETS215,9238,1789751489,91.0,4.5817,101.0677,0.0
ETS215,9238,1789751714,0.0,4.5983,101.0732,0.0
ETS215,9238,1789751924,21.0,4.605,101.076,0.0
ETS215,9238,1789752029,61.0,4.6102,101.0853,0.0
ETS215,9238,1789752119,85.0,4.6192,101.095,0.0
ETS215,9238,1789752179,128.0,4.6333,101.1058,0.0
ETS215,9238,1789752254,124.0,4.6533,101.1208,0.0
ETS215,9238,1789752509,125.0,4.725,101.1222,0.0
ETS215,9238,1789752539,127.0,4.7347,101.1219,0.0
ETS215,9238,1789752749,129.0,4.7956,101.0923,0.0
ETS215,9238,1789752839,131.0,4.8181,101.0721,0.0
ETS215,9238,1789752929,129.0,4.8245,101.0441,0.0
ETS215,9238,1789753289,122.0,4.8098,100.9498,0.0
ETS215,9238,1789753454,4.0,4.7759,100.9313,0.0
ETS215,9238,1789753514,2.0,4.7757,100.9311,0.0
ETS215,9238,1789753634,108.0,4.7762,100.9114,0.0
ETS215,9238,1789753694,97.0,4.7732,100.897,0.0
ETS215,9238,1789753814,130.0,4.7775,100.861,0.0
ETS215,9238,1789753874,125.0,4.7783,100.8407,0.0
ETS215,9238,1789754189,134.0,4.8063,100.743,0.0
ETS215,9238,1789754309,104.0,4.8394,100.7277,0.0
ETS215,9238,1789754369,36.0,4.852,100.7314,0.0
ETS215,9238,1789754534,69.0,4.8593,100.7341,0.0
ETS215,9238,1789754729,130.0,4.9103,100.7178,0.0
ETS215,9238,1789754909,113.0,4.9692,100.729,0.0
ETS215,9238,1789754999,124.0,4.9985,100.7353,0.0
ETS215,9238,1789755209,124.0,5.0393,100.6858,0.0
ETS215,9238,1789755269,116.0,5.0391,100.6667,0.0
ETS215,9238,1789755374,131.0,5.0421,100.6319,0.0
ETS215,9238,1789755569,127.0,5.0364,100.5725,0.0
ETS215,9238,1789755629,133.0,5.025,100.5556,0.0
ETS215,9238,1789755779,120.0,5.043,100.5198,0.0
ETS215,9238,1789755869,132.0,5.0699,100.5054,0.0
ETS215,9238,1789756139,0.0,5.1311,100.4861,0.0
ETS215,9238,1789756304,113.0,5.144,100.4835,0.0
ETS215,9238,1789756349,135.0,5.1587,100.4798,0.0
ETS215,9238,1789756439,133.0,5.1897,100.4797,0.0
ETS215,9238,1789756499,129.0,5.2084,100.4892,0.0
ETS215,9238,1789756544,134.0,5.2236,100.4908,0.0
ETS215,9238,1789756784,98.0,5.2979,100.4815,0.0
ETS215,9238,1789756784,98.0,5.2979,100.4815,0.0
ETS215,9238,1789756934,58.0,5.3404,100.4701,0.0
ETS215,9238,1789756994,42.0,5.3474,100.4683,0.0
ETS215,9238,1789757054,41.0,5.3536,100.4662,0.0
ETS215,9238,1789757174,30.0,5.3638,100.4675,0.0
ETS215,9238,1789757234,30.0,5.3694,100.4681,0.0
ETS215,9238,1789757309,118.0,5.3844,100.4701,0.0
ETS215,9238,1789757414,128.0,5.4179,100.4773,0.0
ETS215,9238,1789757549,117.0,5.4587,100.4949,0.0
ETS215,9238,1789757564,105.0,5.463,100.496,0.0
ETS215,9238,1789757714,0.0,5.4829,100.4982,0.0
ETS215,9238,1789757849,124.0,5.5076,100.5048,0.0
ETS215,9238,1789757969,113.0,5.5458,100.501,0.0
ETS215,9238,1789758074,136.0,5.5786,100.4954,0.0
ETS215,9238,1789758134,118.0,5.5985,100.4934,0.0
ETS215,9238,1789758179,116.0,5.6113,100.4964,0.0
ETS215,9238,1789758494,72.0,5.6492,100.4911,0.0
ETS215,9238,1789758539,117.0,5.6604,100.493,0.0
ETS215,9238,1789758644,134.0,5.6925,100.5059,0.0
ETS215,9238,1789758794,136.0,5.7401,100.5072,0.0
ETS215,9238,1789758899,128.0,5.7715,100.4936,0.0
ETS215,9238,1789759034,133.0,5.8146,100.4789,0.0
ETS215,9238,1789759079,129.0,5.8301,100.4776,0.0
ETS215,9238,1789759154,130.0,5.8543,100.4769,0.0
ETS215,9238,1789759274,137.0,5.8956,100.4756,0.0
ETS215,9238,1789759394,131.0,5.9323,100.4616,0.0
ETS215,9238,1789759484,128.0,5.9594,100.4477,0.0
ETS215,9238,1789759514,129.0,5.9684,100.4426,0.0
ETS215,9238,1789759559,135.0,5.9819,100.435,0.0
ETS215,9238,1789759634,131.0,6.0047,100.4222,0.0
ETS215,9238,1789759679,134.0,6.0182,100.4145,0.0
ETS215,9238,1789759769,136.0,6.0444,100.3997,0.0
ETS215,9238,1789759859,124.0,6.0705,100.3849,0.0
ETS215,9238,1789759994,74.0,6.1073,100.367,0.0
ETS215,9238,1789760039,27.0,6.1131,100.3695,0.0
ETS215,9238,1789760129,0.0,6.1135,100.3699,0.0
ETS215,9238,1789760249,59.0,6.1176,100.3717,0.0
ETS215,9238,1789760279,97.0,6.1237,100.3744,0.0
ETS215,9238,1789760324,136.0,6.1366,100.3802,0.0
ETS215,9238,1789760489,127.0,6.1899,100.3706,0.0
ETS215,9238,1789760534,127.0,6.2044,100.3668,0.0
ETS215,9238,1789760609,112.0,6.2278,100.362,0.0
ETS215,9238,1789760744,124.0,6.2726,100.3529,0.0
ETS215,9238,1789760849,121.0,6.3068,100.346,0.0
ETS215,9238,1789760939,127.0,6.3327,100.3312,0.0
ETS215,9238,1789761104,74.0,6.371,100.3027,0.0
ETS215,9238,1789761104,74.0,6.371,100.3027,0.0
ETS215,9238,1789761224,135.0,6.3989,100.2818,0.0
ETS215,9238,1789761254,128.0,6.4078,100.2766,0.0
ETS215,9238,1789761329,67.0,6.4265,100.2703,0.0
ETS215,9238,1789761389,0.0,6.4324,100.2682,0.0
ETS215,9238,1789761509,0.0,6.4326,100.2681,0.0
ETS215,9238,1789761569,73.0,6.4369,100.2666,0.0
ETS215,9238,1789761629,134.0,6.4531,100.261,0.0
ETS215,9238,1789761644,135.0,6.4581,100.2593,0.0
ETS215,9238,1789761734,134.0,6.4879,100.2536,0.0
ETS215,9238,1789761764,130.0,6.4983,100.2534,0.0
DMU10(D6120),51,1789761873,22.0,6.12,102.202,0.0
ETS215,9238,1789761869,132.0,6.5332,100.2585,0.0
ETS215,9238,1789761914,127.0,6.5476,100.2599,0.0
DMU10(D6120),51,1789761918,0.0,6.1186,102.2008,0.0
DMU10(D6120),51,1789761963,0.0,6.1186,102.2007,0.0
DMU10(D6120),51,1789762038,19.0,6.1175,102.2,0.0
ETS215,9238,1789762034,113.0,6.5838,100.2623,0.0
DMU10(D6120),51,1789762083,22.0,6.1155,102.1976,0.0
ETS215,9238,1789762154,127.0,6.6229,100.2659,0.0
DMU10(D6120),51,1789762158,52.0,6.1104,102.1914,0.0
ETS215,9238,1789762229,119.0,6.6391,100.2836,0.0
DMU10(D6120),51,1789762218,62.0,6.1041,102.184,0.0
DMU10(D6120),51,1789762278,50.0,6.0972,102.1771,0.0
DMU10(D6120),51,1789762338,0.0,6.0946,102.1746,0.0
DMU10(D6120),51,1789762398,18.0,6.0939,102.1739,0.0
DMU10(D6120),51,1789762443,43.0,6.0906,102.1712,0.0
DMU10(D6120),51,1789762518,63.0,6.0806,102.1641,0.0
DMU10(D6120),51,1789762563,67.0,6.0739,102.1595,0.0
DMU10(D6120),51,1789762593,69.0,6.0692,102.1563,0.0
DMU10(D6120),51,1789762683,54.0,6.0546,102.1486,0.0
DMU10(D6120),51,1789762758,28.0,6.0465,102.1443,0.0
DMU10(D6120),51,1789762803,17.0,6.0436,102.1429,0.0
DMU10(D6120),51,1789762893,0.0,6.0428,102.1423,0.0
DMU10(D6120),51,1789762953,14.0,6.0422,102.142,0.0
DMU10(D6120),51,1789762998,18.0,6.0399,102.1409,0.0
DMU10(D6120),51,1789763013,23.0,6.039,102.1404,0.0
DMU10(D6120),51,1789763133,65.0,6.025,102.14,0.0
DMU10(D6120),51,1789763163,70.0,6.0195,102.1403,0.0
DMU10(D6120),51,1789763223,65.0,6.0087,102.1411,0.0
DMU10(D6120),51,1789763298,57.0,5.9963,102.142,0.0
DMU10(D6120),51,1789763343,61.0,5.9889,102.1424,0.0
DMU10(D6120),51,1789763433,55.0,5.9742,102.1434,0.0
DMU10(D6120),51,1789763463,40.0,5.9701,102.1436,0.0
DMU10(D6120),51,1789763553,0.0,5.9661,102.1439,0.0
DMU10(D6120),51,1789763583,16.0,5.9654,102.144,0.0
DMU10(D6120),51,1789763658,56.0,5.9567,102.1456,0.0
DMU10(D6120),51,1789763733,65.0,5.9444,102.149,0.0
DMU10(D6120),51,1789763778,70.0,5.9363,102.1512,0.0
DMU10(D6120),51,1789763853,64.0,5.9228,102.1549,0.0
DMU10(D6120),51,1789763898,68.0,5.9148,102.1571,0.0
DMU10(D6120),51,1789763913,66.0,5.9122,102.1578,0.0
DMU10(D6120),51,1789763988,50.0,5.901,102.1584,0.0
DMU10(D6120),51,1789764033,39.0,5.8952,102.1578,0.0
DMU10(D6120),51,1789764138,5.0,5.8913,102.1572,0.0
DMU10(D6120),51,1789764213,62.0,5.8837,102.1564,0.0
DMU10(D6120),51,1789764258,69.0,5.8757,102.1554,0.0
DMU10(D6120),51,1789764273,67.0,5.8728,102.1549,0.0
DMU10(D6120),51,1789764378,80.0,5.8526,102.1524,0.0
DMU10(D6120),51,1789764438,80.0,5.8397,102.1508,0.0
DMU10(D6120),51,1789764468,77.0,5.8333,102.15,0.0
DMU10(D6120),51,1789764543,64.0,5.8196,102.1483,0.0
DMU10(D6120),51,1789764618,29.0,5.8087,102.147,0.0
DMU10(D6120),51,1789764663,5.0,5.8066,102.1467,0.0
DMU10(D6120),51,1789764738,0.0,5.8066,102.1467,0.0
DMU10(D6120),51,1789764813,13.0,5.8059,102.1466,0.0
DMU10(D6120),51,1789764858,39.0,5.8022,102.1462,0.0
DMU10(D6120),51,1789764903,52.0,5.7964,102.1454,0.0
DMU10(D6120),51,1789764978,74.0,5.783,102.1437,0.0
DMU10(D6120),51,1789764993,75.0,5.78,102.1434,0.0
DMU10(D6120),51,1789765083,74.0,5.7643,102.1431,0.0
DMU10(D6120),51,1789765158,72.0,5.7577,102.1558,0.0
DMU10(D6120),51,1789765218,79.0,5.7458,102.1585,0.0
DMU10(D6120),51,1789765278,76.0,5.7339,102.1619,0.0
DMU10(D6120),51,1789765338,66.0,5.7231,102.1584,0.0
DMU10(D6120),51,1789765353,63.0,5.7205,102.1574,0.0
DMU10(D6120),51,1789765458,24.0,5.7074,102.1523,0.0
DMU10(D6120),51,1789765503,22.0,5.7043,102.1519,0.0
DMU10(D6120),51,1789765593,5.0,5.7027,102.1519,0.0
DMU10(D6120),51,1789765593,5.0,5.7027,102.1519,0.0
DMU10(D6120),51,1789765713,61.0,5.6902,102.1519,0.0
DMU10(D6120),51,1789765758,71.0,5.6822,102.1539,0.0
DMU10(D6120),51,1789765878,67.0,5.6596,102.1568,0.0
DMU10(D6120),51,1789766013,81.0,5.632,102.1623,0.0
DMU10(D6120),51,1789766073,81.0,5.6195,102.1659,0.0
ETS213,9121,1789766118,4.0,5.3933,100.3666,0.0
DMU10(D6120),51,1789766118,75.0,5.6102,102.1683,0.0
DMU10(D6120),51,1789766178,31.0,5.6035,102.1732,0.0
ETS213,9121,1789766253,18.0,5.3911,100.3697,0.0
DMU10(D6120),51,1789766253,25.0,5.5993,102.1757,0.0
DMU10(D6120),51,1789766253,25.0,5.5993,102.1757,0.0
ETS213,9121,1789766358,50.0,5.3858,100.3771,0.0
DMU10(D6120),51,1789766343,64.0,5.5882,102.1806,0.0
ETS213,9121,1789766418,89.0,5.3798,100.3882,0.0
DMU10(D6120),51,1789766418,67.0,5.5766,102.1858,0.0
SCS24,2901,1789766494,25.0,6.6616,100.3189,0.0
DMU10(D6120),51,1789766493,77.0,5.5627,102.1902,0.0
ETS213,9121,1789766493,100.0,5.3711,100.4044,0.0
ETS213,9121,1789766538,85.0,5.3675,100.414,0.0
DMU10(D6120),51,1789766538,74.0,5.5545,102.1946,0.0
SCS24,2901,1789766504,23.0,6.6612,100.3182,0.0
DMU10(D6120),51,1789766583,65.0,5.5461,102.1955,0.0
ETS213,9121,1789766583,86.0,5.3638,100.4234,0.0
SCS24,2901,1789766621,51.0,6.6534,100.307,0.0
DMU10(D6120),51,1789766673,35.0,5.5342,102.201,0.0
ETS213,9121,1789766673,64.0,5.3671,100.4415,0.0
ETS213,9121,1789766673,64.0,5.3671,100.4415,0.0
SCS24,2901,1789766733,115.0,6.6387,100.283,0.0
ETS213,9121,1789766808,0.0,5.3665,100.4473,0.0
SCS24,2901,1789766842,115.0,6.614,100.2643,0.0
DMU10(D6120),51,1789766808,0.0,5.5301,102.2029,0.0
SCS24,2901,1789766887,113.0,6.6008,100.2632,0.0
DMU10(D6120),51,1789766883,0.0,5.5302,102.2029,0.0
DMU10(D6120),51,1789766913,0.0,5.5302,102.203,0.0
ETS213,9121,1789766913,94.0,5.3602,100.4614,0.0
EMU35,2801,1789766992,0.0,5.3937,100.3662,0.0
ETS213,9121,1789767018,121.0,5.3326,100.47,0.0
DMU10(D6120),51,1789767018,0.0,5.5302,102.2031,0.0
SCS24,2901,1789766984,119.0,6.5719,100.2594,0.0
SCS24,2901,1789767084,114.0,6.5415,100.26,0.0
ETS213,9121,1789767093,114.0,5.3103,100.476,0.0
DMU10(D6120),51,1789767093,12.0,5.5281,102.2039,0.0
SCS24,2901,1789767151,46.0,6.526,100.2573,0.0
ETS213,9121,1789767198,100.0,5.2835,100.4798,0.0
DMU10(D6120),51,1789767198,47.0,5.5212,102.2072,0.0
SCS24,2901,1789767166,19.0,6.5246,100.2571,0.0
DMU10(D6120),51,1789767273,66.0,5.5093,102.2099,0.0
ETS213,9121,1789767273,134.0,5.2621,100.4822,0.0
SCS24,2901,1789767340,109.0,6.4924,100.2535,0.0
DMU10(D6120),51,1789767378,62.0,5.4918,102.2165,0.0
ETS213,9121,1789767378,138.0,5.2257,100.4904,0.0
EMU35,2801,1789767337,90.0,5.3701,100.407,0.0
SCS24,2901,1789767452,117.0,6.4613,100.2582,0.0
DMU06,50,1789767448,41.0,4.1917,102.048,0.0
EMU35,2801,1789767427,18.0,5.3648,100.4208,0.0
DMU10(D6120),51,1789767453,51.0,5.48,102.2189,0.0
EMU35,2801,1789767502,58.0,5.3636,100.4239,0.0
SCS24,2901,1789767508,117.0,6.4453,100.2637,0.0
EMU35,2801,1789767517,77.0,5.3626,100.4265,0.0
SCS24,2901,1789767559,40.0,6.4346,100.2674,0.0
ETS213,9121,1789767558,141.0,5.1648,100.4799,0.0
DMU10(D6120),51,1789767558,0.0,5.4724,102.2221,0.0
EMU31,2903,1789767609,0.0,6.6626,100.3195,0.0
EMU35,2801,1789767607,37.0,5.3667,100.4454,0.0
DMU06,50,1789767613,70.0,4.2044,102.0277,0.0
EMU31,2903,1789767684,12.0,6.6611,100.318,0.0
ETS213,9121,1789767693,9.0,5.1313,100.4861,0.0
DMU10(D6120),51,1789767693,53.0,5.4633,102.2265,0.0
SCS24,2901,1789767737,115.0,6.4074,100.2768,0.0
ETS213,9121,1789767738,0.0,5.1312,100.486,0.0
DMU10(D6120),51,1789767723,58.0,5.4588,102.2276,0.0
EMU31,2903,1789767699,18.0,6.6606,100.3174,0.0
EMU35,2801,1789767697,0.0,5.3664,100.4472,0.0
EMU35,2801,1789767787,51.0,5.3661,100.4496,0.0
ETS213,9121,1789767813,0.0,5.1311,100.486,0.0
SCS24,2901,1789767813,114.0,6.3884,100.2897,0.0
ETS213,9121,1789767918,138.0,5.1102,100.4906,0.0
SCS24,2901,1789767873,73.0,6.375,100.2997,0.0
DMU06,50,1789767988,37.0,4.2342,101.9869,0.0
SCS24,2901,1789767968,47.0,6.3702,100.3033,0.0
EMU35,2801,1789767967,113.0,5.3282,100.47,0.0
DMU10(D6120),51,1789767993,35.0,5.4201,102.2393,0.0
DMU10(D6120),51,1789768098,32.0,5.4121,102.2346,0.0
SCS24,2901,1789768090,115.0,6.3435,100.3232,0.0
DMU06,50,1789768078,71.0,4.2417,101.9732,0.0
EMU31,2903,1789768074,114.0,6.6107,100.2638,0.0
ETS213,9121,1789768068,115.0,5.0638,100.5088,0.0
SCS24,2901,1789768174,114.0,6.3235,100.3381,0.0
DMU06,50,1789768168,58.0,4.248,101.9598,0.0
EMU31,2903,1789768164,108.0,6.5847,100.2625,0.0
DMU10(D6120),51,1789768143,23.0,5.4093,102.2318,0.0
ETS213,9121,1789768143,114.0,5.0446,100.519,0.0
SCS24,2901,1789768174,114.0,6.3235,100.3381,0.0
ETS213,9121,1789768173,135.0,5.0356,100.5237,0.0
SCS24,2901,1789768275,114.0,6.2955,100.3483,0.0
ETS213,9121,1789768278,143.0,5.0221,100.5514,0.0
EMU31,2903,1789768254,109.0,6.5592,100.2595,0.0
SCS24,2901,1789768354,114.0,6.2723,100.3531,0.0
DMU06,50,1789768348,53.0,4.2541,101.9283,0.0
EMU35,2801,1789768348,116.0,5.2478,100.4854,0.0
DMU06,50,1789768423,0.0,4.2578,101.9253,0.0
EMU31,2903,1789768419,9.0,6.5235,100.2569,0.0
SCS24,2901,1789768354,114.0,6.2723,100.3531,0.0
DMU10(D6120),51,1789768428,2.0,5.3913,102.2321,0.0
DMU06,50,1789768423,0.0,4.2578,101.9253,0.0
EMU31,2903,1789768419,9.0,6.5235,100.2569,0.0
ETS205,9041,1789768459,112.0,4.0125,101.2952,0.0
ETS213,9121,1789768458,132.0,5.0439,100.6086,0.0
SCS24,2901,1789768453,114.0,6.2429,100.3591,0.0
DMU06,50,1789768528,72.0,4.2686,101.9242,0.0
EMU31,2903,1789768509,105.0,6.5133,100.2551,0.0
ETS205,9041,1789768504,46.0,4.0059,101.3016,0.0
EMU35,2801,1789768498,117.0,5.2039,100.4867,0.0
SCS24,2901,1789768507,114.0,6.2271,100.3623,0.0
ETS213,9121,1789768503,135.0,5.0427,100.6245,0.0
DMU10(D6120),51,1789768503,26.0,5.3865,102.2322,0.0
DMU10(D6120),51,1789768533,34.0,5.384,102.2329,0.0
ETS205,9041,1789768534,0.0,4.0056,101.3017,0.0
ETS213,9121,1789768533,135.0,5.0419,100.6351,0.0
ETS205,9041,1789768639,110.0,3.9936,101.3083,0.0
DMU10(D6120),51,1789768638,31.0,5.3753,102.2324,0.0
ETS213,9121,1789768638,138.0,5.0391,100.6714,0.0
SCS24,2901,1789768653,64.0,6.1863,100.3729,0.0
EMU31,2903,1789768612,119.0,6.4825,100.2537,0.0
DMU06,50,1789768708,0.0,4.2936,101.9221,0.0
SCS24,2901,1789768705,0.0,6.1838,100.3745,0.0
EMU35,2801,1789768678,4.0,5.1698,100.4797,0.0
ETS213,9121,1789768683,140.0,5.0392,100.6874,0.0
ETS205,9041,1789768684,120.0,3.9801,101.3132,0.0
EMU31,2903,1789768657,114.0,6.4688,100.2556,0.0
ETS205,9041,1789768714,119.0,3.9713,101.3166,0.0
ETS213,9121,1789768713,136.0,5.0381,100.6978,0.0
DMU10(D6120),51,1789768713,53.0,5.3682,102.2265,0.0
EMU26,2803,1789768837,0.0,5.3935,100.3662,0.0
EMU31,2903,1789768837,0.0,6.4316,100.2684,0.0
ETS205,9041,1789768834,115.0,3.941,101.3376,0.0
ETS213,9121,1789768833,118.0,5.0149,100.7298,0.0
DMU10(D6120),51,1789768833,54.0,5.3496,102.2232,0.0
EMU35,2801,1789768813,101.0,5.1379,100.4847,0.0
SCS24,2901,1789768794,115.0,6.1716,100.3786,0.0
DMU06,50,1789768888,68.0,4.3192,101.9192,0.0
ETS205,9041,1789768864,117.0,3.9319,101.3404,0.0
ETS213,9121,1789768863,136.0,5.006,100.7347,0.0
DMU10(D6120),51,1789768863,58.0,5.3452,102.2222,0.0
SCS24,2901,1789768859,114.0,6.152,100.38,0.0
ETS213,9121,1789768893,136.0,4.9956,100.735,0.0
ETS205,9041,1789769044,116.0,3.8898,101.3723,0.0
ETS213,9121,1789769043,128.0,4.9472,100.7228,0.0
EMU26,2803,1789769047,82.0,5.3843,100.3796,0.0
EMU35,2801,1789769053,109.0,5.0947,100.4936,0.0
SCS24,2901,1789769051,0.0,6.1136,100.3699,0.0
DMU10(D6120),51,1789769028,34.0,5.3339,102.2075,0.0
EMU31,2903,1789769062,108.0,6.387,100.2906,0.0
ETS205,9041,1789769074,113.0,3.8852,101.3799,0.0
DMU10(D6120),51,1789769073,17.0,5.3317,102.205,0.0
DMU06,50,1789769173,9.0,4.3589,101.9218,0.0
ETS213,9121,1789769193,135.0,4.8965,100.7194,0.0
ETS205,9041,1789769179,119.0,3.8541,101.3798,0.0
EMU31,2903,1789769167,11.0,6.3707,100.3028,0.0
ETS205,9041,1789769254,107.0,3.8378,101.3952,0.0
ETS213,9121,1789769253,128.0,4.8761,100.7233,0.0
DMU10(D6120),51,1789769253,27.0,5.3275,102.2003,0.0
EMU35,2801,1789769250,107.0,5.0431,100.5197,0.0
SCS24,2901,1789769212,0.0,6.1136,100.3699,0.0
EMU31,2903,1789769197,0.0,6.3705,100.303,0.0
EMU26,2803,1789769212,72.0,5.3665,100.4164,0.0
EMU26,2803,1789769302,25.0,5.3644,100.4217,0.0
SCS24,2901,1789769301,89.0,6.1089,100.3678,0.0
SCS24,2901,1789769405,115.0,6.0833,100.3781,0.0
EMU31,2903,1789769378,113.0,6.338,100.3273,0.0
EMU26,2803,1789769407,73.0,5.3669,100.444,0.0
ETS205,9041,1789769494,119.0,3.8082,101.4182,0.0
ETS213,9121,1789769478,0.0,4.8535,100.7326,0.0
SCS24,2901,1789769477,114.0,6.0643,100.3885,0.0
EMU35,2801,1789769475,112.0,5.0191,100.5459,0.0
ETS205,9041,1789769524,120.0,3.801,101.4239,0.0
ETS213,9121,1789769523,0.0,4.8534,100.7325,0.0
ETS213,9121,1789769568,0.0,4.8534,100.7326,0.0
DMU06,50,1789769578,27.0,4.4219,101.9317,0.0
SCS24,2901,1789769622,114.0,6.0263,100.41,0.0
ETS205,9041,1789769614,120.0,3.7772,101.4354,0.0
EMU35,2801,1789769610,111.0,5.0406,100.5787,0.0
SCS24,2901,1789769659,114.0,6.0168,100.4154,0.0
EMU35,2801,1789769655,112.0,5.045,100.5911,0.0
ETS205,9041,1789769659,120.0,3.7633,101.4358,0.0
ETS213,9121,1789769658,103.0,4.8397,100.7279,0.0
EMU31,2903,1789769708,116.0,6.2448,100.3587,0.0
EMU26,2803,1789769707,116.0,5.3215,100.4709,0.0
DMU10(D6120),51,1789769793,33.0,5.3122,102.1641,0.0
EMU31,2903,1789769791,115.0,6.22,100.3637,0.0
EMU35,2801,1789769790,113.0,5.0423,100.6304,0.0
ETS205,9041,1789769779,92.0,3.7432,101.4515,0.0
EMU31,2903,1789769836,113.0,6.2066,100.3665,0.0
EMU35,2801,1789769835,111.0,5.0415,100.644,0.0
DMU06,50,1789769833,83.0,4.4531,101.9385,0.0
SCS24,2901,1789769847,17.0,5.973,100.4401,0.0
EMU26,2803,1789769842,34.0,5.2895,100.4822,0.0
ETS205,9041,1789769839,96.0,3.7293,101.4574,0.0
ETS213,9121,1789769838,132.0,4.7929,100.7564,0.0
DMU10(D6120),51,1789769838,34.0,5.3096,102.1597,0.0
EMU26,2803,1789769885,0.0,5.2864,100.4809,0.0
EMU31,2903,1789769971,0.0,6.1829,100.3751,0.0
EMU35,2801,1789769960,109.0,5.0393,100.6797,0.0
SCS24,2901,1789769938,69.0,5.9689,100.4424,0.0
EMU26,2803,1789769960,0.0,5.2864,100.4809,0.0
SCS22,2907,1789770020,9.0,6.6619,100.3192,0.0
EMU26,2803,1789770020,100.0,5.2774,100.4787,0.0
DMU10(D6120),51,1789770018,40.0,5.3061,102.1515,0.0
EMU31,2903,1789770016,55.0,6.1814,100.3761,0.0
EMU35,2801,1789770020,118.0,5.0381,100.6975,0.0
SCS22,2907,1789770065,40.0,6.6598,100.3165,0.0
EMU26,2803,1789770065,113.0,5.2644,100.4816,0.0
ETS205,9041,1789770064,103.0,3.6906,101.512,0.0
SCS24,2901,1789770119,114.0,5.9215,100.4657,0.0
ETS213,9121,1789770108,120.0,4.7793,100.8464,0.0
EMU31,2903,1789770136,117.0,6.1483,100.3802,0.0
SCS32,weekend_2312,1789770136,13.0,3.0038,101.3925,0.0
DMU10(D6120),51,1789770123,27.0,5.313,102.1424,0.0
SCS24,2901,1789770197,114.0,5.8996,100.474,0.0
EMU31,2903,1789770196,111.0,6.1309,100.3778,0.0
EMU35,2801,1789770200,115.0,5.0038,100.7352,0.0
EMU26,2803,1789770200,116.0,5.2242,100.4906,0.0
SCS22,2907,1789770200,109.0,6.6487,100.2972,0.0
ETS205,9041,1789770199,4.0,3.6844,101.5188,0.0
SCS32,weekend_2312,1789770196,38.0,3.0062,101.395,0.0
SCS22,2907,1789770245,115.0,6.6409,100.286,0.0
SCS24,2901,1789770330,114.0,5.8602,100.477,0.0
EMU31,2903,1789770316,0.0,6.1128,100.3695,0.0
SCS32,weekend_2312,1789770316,0.0,3.014,101.4033,0.0
SCS22,2907,1789770380,115.0,6.6099,100.2637,0.0
EMU26,2803,1789770380,71.0,5.1729,100.4797,0.0
ETS205,9041,1789770379,117.0,3.6517,101.5466,0.0
DMU10(D6120),51,1789770378,19.0,5.319,102.1316,0.0
ETS213,9121,1789770378,76.0,4.7745,100.9252,0.0
SCS23,2904,1789770353,11.0,5.3929,100.3669,0.0
SCS32,weekend_2312,1789770376,46.0,3.0156,101.4051,0.0
EMU31,2903,1789770376,87.0,6.1067,100.3668,0.0
SCS20,weekend_2212,1789770346,0.0,2.4638,102.2255,0.0
SCS23,2904,1789770428,10.0,5.3909,100.3698,0.0
EMU26,2803,1789770515,105.0,5.1586,100.4799,0.0
SCS22,2907,1789770515,119.0,6.5696,100.2591,0.0
ETS213,9121,1789770513,2.0,4.7759,100.932,0.0
EMU31,2903,1789770511,117.0,6.0719,100.3842,0.0
SCS20,weekend_2212,1789770526,118.0,2.4644,102.2038,0.0
EMU26,2803,1789770560,112.0,5.1455,100.4831,0.0
SCS32,weekend_2312,1789770556,83.0,3.0252,101.4154,0.0
EMU31,2903,1789770556,117.0,6.0598,100.3911,0.0
SCS22,2907,1789770575,114.0,6.5512,100.2598,0.0
DMU10(D6120),51,1789770573,0.0,5.3295,102.1216,0.0
ETS213,9121,1789770573,79.0,4.7806,100.9354,0.0
SCS24,2901,1789770519,0.0,5.825,100.478,0.0
ETS205,9041,1789770514,116.0,3.6204,101.5727,0.0
SCS22,2907,1789770575,114.0,6.5512,100.2598,0.0
ETS213,9121,1789770573,79.0,4.7806,100.9354,0.0
SCS23,2904,1789770608,5.0,5.3843,100.3798,0.0
SCS24,2901,1789770607,116.0,5.8077,100.4801,0.0
EMU35,2801,1789770700,111.0,4.8817,100.7212,0.0
EMU35,2801,1789770700,111.0,4.8817,100.7212,0.0
SCS32,weekend_2312,1789770751,28.0,3.04,101.4313,0.0
SCS22,2907,1789770710,0.0,6.5231,100.2568,0.0
ETS213,9121,1789770753,135.0,4.8347,100.957,0.0
SCS20,weekend_2212,1789770706,114.0,2.482,102.1799,0.0
SCS24,2901,1789770705,116.0,5.7803,100.4902,0.0
DMU06,50,1789770748,57.0,4.5292,101.9804,0.0
ETS205,9041,1789770739,85.0,3.5782,101.6132,0.0
DMU10(D6120),51,1789770738,63.0,5.3474,102.1177,0.0
ETS213,9121,1789770753,135.0,4.8347,100.957,0.0
ETS205,9041,1789770754,92.0,3.5743,101.6141,0.0
DMU10(D6120),51,1789770753,63.0,5.35,102.1171,0.0
EMU26,2803,1789770785,120.0,5.1106,100.4904,0.0
SCS23,2904,1789770803,57.0,5.3658,100.4183,0.0
EMU31,2903,1789770809,112.0,5.9924,100.4292,0.0
EMU35,2801,1789770805,80.0,4.8575,100.7344,0.0
SCS24,2901,1789770870,114.0,5.734,100.5096,0.0
EMU26,2803,1789770867,114.0,5.0865,100.4967,0.0
SCS22,2907,1789770860,113.0,6.4954,100.2534,0.0
SCS22,2907,1789770920,114.0,6.4773,100.2537,0.0
ETS205,9041,1789770919,0.0,3.5536,101.6395,0.0
ETS213,9121,1789770918,134.0,4.8402,101.0128,0.0
DMU10(D6120),51,1789770918,27.0,5.3621,102.0948,0.0
SCS32,weekend_2312,1789770916,53.0,3.0468,101.4413,0.0
SCS24,2901,1789770909,116.0,5.7227,100.514,0.0
EMU31,2903,1789770989,70.0,5.9688,100.4425,0.0
EMU26,2803,1789770987,116.0,5.054,100.5139,0.0
ETS213,9121,1789770963,129.0,4.8298,101.0247,0.0
SCS24,2901,1789770939,113.0,5.7142,100.5133,0.0
SCS23,2904,1789770938,94.0,5.3625,100.4311,0.0
SCS20,weekend_2212,1789770966,114.0,2.5465,102.1406,0.0
SCS32,weekend_2312,1789770961,21.0,3.0447,101.4465,0.0
EMU31,2903,1789771109,119.0,5.9385,100.4591,0.0
DMU06,50,1789771108,84.0,4.598,101.9844,0.0
SCS22,2907,1789771100,16.0,6.4317,100.2684,0.0
ETS205,9041,1789771099,102.0,3.5137,101.6304,0.0
SCS32,weekend_2312,1789771096,12.0,3.0423,101.4515,0.0
EMU35,2801,1789771060,108.0,4.8113,100.7411,0.0
SCS24,2901,1789771167,92.0,5.6518,100.4916,0.0
ETS213,9121,1789771143,138.0,4.8096,101.0803,0.0
EMU26,2803,1789771182,0.0,5.0287,100.5273,0.0
SCS22,2907,1789771220,90.0,6.4213,100.272,0.0
ETS213,9121,1789771218,137.0,4.7886,101.0964,0.0
SCS32,weekend_2312,1789771276,52.0,3.0347,101.4692,0.0
EMU26,2803,1789771317,0.0,5.0287,100.5273,0.0
DMU10(D6120),51,1789771308,5.0,5.3716,102.0854,0.0
DMU06,50,1789771318,57.0,4.6416,101.993,0.0
SCS22,2907,1789771310,114.0,6.3977,100.2827,0.0
ETS205,9041,1789771309,116.0,3.4549,101.6399,0.0
ETS213,9121,1789771308,134.0,4.7634,101.1146,0.0
SCS20,weekend_2212,1789771386,99.0,2.5992,102.0909,0.0
SCS22,2907,1789771385,109.0,6.3799,100.296,0.0
DMU10(D6120),51,1789771383,3.0,5.3718,102.0853,0.0
SCS24,2901,1789771383,115.0,5.6254,100.4936,0.0
ETS213,9121,1789771383,135.0,4.7383,101.1218,0.0
SCS32,weekend_2312,1789771381,64.0,3.0409,101.4728,0.0
ETS205,9041,1789771354,118.0,3.4412,101.6379,0.0
SCS24,2901,1789771520,116.0,5.5855,100.4944,0.0
EMU35,2801,1789771512,41.0,4.7785,100.8555,0.0
SCS32,weekend_2312,1789771591,18.0,3.0523,101.4931,0.0
ETS213,9121,1789771548,133.0,4.6871,101.1418,0.0
SCS23,2904,1789771553,75.0,5.4038,100.4724,0.0
ETS205,9041,1789771654,0.0,3.3763,101.6149,0.0
ETS213,9121,1789771653,132.0,4.6556,101.1224,0.0
DMU10(D6120),51,1789771653,22.0,5.389,102.0765,0.0
EMU26,2803,1789771647,116.0,5.0293,100.5619,0.0
SCS20,weekend_2212,1789771626,114.0,2.6388,102.0385,0.0
ETS205,9041,1789771654,0.0,3.3763,101.6149,0.0
ETS213,9121,1789771653,132.0,4.6556,101.1224,0.0
DMU10(D6120),51,1789771653,22.0,5.389,102.0765,0.0
ETS213,9121,1789771758,136.0,4.6262,101.1004,0.0
SCS24,2901,1789771757,114.0,5.5156,100.507,0.0
SCS32,weekend_2312,1789771756,49.0,3.0516,101.5024,0.0
SCS23,2904,1789771748,113.0,5.4557,100.494,0.0
EMU31,2903,1789771746,116.0,5.779,100.4907,0.0
EMU31,2903,1789771791,117.0,5.7662,100.4958,0.0
SCS23,2904,1789771793,113.0,5.4689,100.4963,0.0
SCS19,weekend_2302,1789771790,0.0,3.1359,101.6895,0.0
ETS213,9121,1789771893,47.0,4.6086,101.0778,0.0
ETS205,9041,1789771864,80.0,3.3464,101.5723,0.0
DMU10(D6120),51,1789771863,4.0,5.3902,102.0649,0.0
SCS23,2904,1789771838,52.0,5.4801,100.4974,0.0
EMU31,2903,1789771836,116.0,5.7538,100.5018,0.0
SCS24,2901,1789771890,16.0,5.4832,100.4983,0.0
SCS32,weekend_2312,1789771861,57.0,3.0555,101.522,0.0
SCS22,2907,1789771835,114.0,6.2978,100.3478,0.0
SCS19,weekend_2302,1789771835,0.0,3.1359,101.6895,0.0
SCS22,2907,1789771895,114.0,6.2801,100.3515,0.0
ETS205,9041,1789771894,76.0,3.3402,101.5726,0.0
DMU10(D6120),51,1789771893,21.0,5.3904,102.0636,0.0
SCS19,weekend_2302,1789771940,0.0,3.1359,101.6895,0.0
SCS22,2907,1789772000,114.0,6.2492,100.3578,0.0
SCS24,2901,1789771990,79.0,5.4769,100.4966,0.0
SCS23,2904,1789771988,110.0,5.4975,100.5021,0.0
SCS19,weekend_2302,1789771985,15.0,3.1371,101.6913,0.0
EMU31,2903,1789772031,115.0,5.6968,100.5086,0.0
SCS24,2901,1789772035,117.0,5.4645,100.4964,0.0
ETS205,9041,1789772104,0.0,3.3189,101.5748,0.0
SCS24,2901,1789772107,114.0,5.4435,100.4909,0.0
DMU03,53,1789772188,54.0,6.1028,102.1828,0.0
SCS22,2907,1789772240,46.0,6.184,100.3744,0.0
SCS32,weekend_2312,1789772236,23.0,3.0747,101.5574,0.0
SCS19,weekend_2302,1789772225,60.0,3.1477,101.6908,0.0
EMU35,2801,1789772311,117.0,4.8227,100.9516,0.0
SCS24,2901,1789772274,116.0,5.3971,100.4716,0.0
SCS23,2904,1789772273,112.0,5.5805,100.4951,0.0
SCS19,weekend_2302,1789772270,18.0,3.1536,101.6921,0.0
ETS213,9121,1789772343,87.0,4.5842,101.0694,0.0
EMU35,2801,1789772341,112.0,4.8312,100.9537,0.0
EMU39,2906,1789772367,96.0,5.3808,100.3863,0.0
EMU31,2903,1789772366,95.0,5.6332,100.4903,0.0
EMU26,2803,1789772365,119.0,4.9774,100.7317,0.0
SCS24,2901,1789772364,92.0,5.3726,100.4685,0.0
ETS205,9041,1789772344,72.0,3.2926,101.5739,0.0
ETS205,9041,1789772419,72.0,3.2808,101.5657,0.0
SCS23,2904,1789772423,115.0,5.6243,100.4939,0.0
SCS19,weekend_2302,1789772420,0.0,3.1651,101.6913,0.0
SCS22,2907,1789772420,114.0,6.1567,100.3796,0.0
ETS305,9323,1789772499,90.0,5.3921366,100.36809,0.0
ETS302,9572,1789772499,90.0,1.4663378,103.764015,0.0
ETS305,9323,1789772499,90.0,5.3921366,100.36809,0.0
ETS302,9572,1789772499,90.0,1.4663378,103.764015,0.0
EMU35,2801,1789772551,113.0,4.84,101.0133,0.0
SCS32,weekend_2312,1789772551,59.0,3.0813,101.5754,0.0
SCS23,2904,1789772513,0.0,5.6424,100.4899,0.0
SCS10,weekend_2203,1789772510,0.0,3.2346,101.6799,0.0
SCS19,weekend_2302,1789772510,0.0,3.1651,101.6913,0.0
SCS22,2907,1789772510,114.0,6.1303,100.3775,0.0
ETS305,9323,1789772620,90.0,5.3874707,100.37327,0.0
ETS302,9572,1789772620,90.0,1.4849677,103.756905,0.0
SCS22,2907,1789772585,37.0,6.1132,100.3697,0.0
ETS205,9041,1789772584,77.0,3.2536,101.5549,0.0
ETS213,9121,1789772613,35.0,4.5338,101.0521,0.0
SCS32,weekend_2312,1789772581,40.0,3.0818,101.58,0.0
EMU35,2801,1789772581,112.0,4.8347,101.0203,0.0
SCS10,weekend_2203,1789772615,58.0,3.2175,101.6723,0.0
SCS24,2901,1789772615,15.0,5.3661,100.4489,0.0
ETS213,9121,1789772613,35.0,4.5338,101.0521,0.0
SCS22,2907,1789772660,31.0,6.1116,100.369,0.0
SCS19,weekend_2302,1789772660,95.0,3.1807,101.675,0.0
ETS305,9323,1789772620,90.0,5.3874707,100.37327,0.0
ETS302,9572,1789772620,90.0,1.4849677,103.756905,0.0
SCS22,2907,1789772705,86.0,6.1044,100.3666,0.0
ETS305,9323,1789772741,90.0,5.3766036,100.393715,0.0
ETS302,9572,1789772740,90.0,1.5124862,103.745224,0.0
SCS32,weekend_2312,1789772716,0.0,3.0846,101.5891,0.0
EMU35,2801,1789772701,113.0,4.8264,101.0519,0.0
SCS32,weekend_2312,1789772791,30.0,3.0844,101.5915,0.0
SCS19,weekend_2302,1789772750,0.0,3.1861,101.6646,0.0
SCS22,2907,1789772750,114.0,6.0936,100.3722,0.0
ETS305,9323,1789772741,90.0,5.3766036,100.393715,0.0
ETS302,9572,1789772740,90.0,1.5124862,103.745224,0.0
ETS305,9323,1789772862,90.0,5.363803,100.422325,0.0
ETS302,9572,1789772862,90.0,1.5325793,103.7326,0.0
SCS20,weekend_2212,1789772826,0.0,2.7193,101.9397,0.0
SCS19,weekend_2302,1789772825,26.0,3.1914,101.6564,0.0
SCS32,weekend_2312,1789772821,53.0,3.0839,101.5946,0.0
SCS10,weekend_2203,1789772825,0.0,3.2044,101.676,0.0
SCS22,2907,1789772825,114.0,6.0738,100.3831,0.0
ETS205,9041,1789772824,42.0,3.2095,101.575,0.0
DMU10(D6120),51,1789772823,0.0,5.377,102.0101,0.0
ETS213,9121,1789772823,75.0,4.5102,101.0478,0.0
DMU06,50,1789772818,60.0,4.8363,101.9991,0.0
SCS23,2904,1789772798,114.0,5.6998,100.5096,0.0
EMU28,2807,1789772904,0.0,5.3916,100.3689,0.0
EMU39,2906,1789772907,55.0,5.3656,100.453,0.0
ETS305,9323,1789772862,90.0,5.363803,100.422325,0.0
ETS302,9572,1789772862,90.0,1.5325793,103.7326,0.0
SCS22,2907,1789772855,114.0,6.066,100.3875,0.0
SCS10,weekend_2203,1789772855,31.0,3.2039,101.6765,0.0
ETS205,9041,1789772854,43.0,3.207,101.5774,0.0
DMU10(D6120),51,1789772853,0.0,5.377,102.0101,0.0
ETS213,9121,1789772853,106.0,4.5031,101.0464,0.0
ETS302,9572,1789772983,90.0,1.5361836,103.72521,0.0
ETS305,9323,1789772983,90.0,5.3662577,100.44395,0.0
ETS205,9041,1789772959,0.0,3.2066,101.5799,0.0
ETS213,9121,1789772958,97.0,4.4738,101.0424,0.0
SCS08,weekend_2311,1789772950,38.0,3.3154,101.5749,0.0
DMU10(D6120),51,1789772958,0.0,5.377,102.0102,0.0
SCS19,weekend_2302,1789772990,40.0,3.1968,101.6442,0.0
SCS07,weekend_2305,1789772992,0.0,3.1363,101.6893,0.0
SCS22,2907,1789772990,113.0,6.0311,100.4073,0.0
SCS24,2901,1789772994,94.0,5.371,100.4047,0.0
ETS305,9323,1789772983,90.0,5.3662577,100.44395,0.0
ETS302,9572,1789772983,90.0,1.5361836,103.72521,0.0
EMU28,2807,1789772994,26.0,5.3896,100.371,0.0
EMU31,2903,1789772990,82.0,5.4765,100.4965,0.0
SCS20,weekend_2212,1789773066,54.0,2.7243,101.9247,0.0
EMU31,2903,1789773065,117.0,5.4556,100.494,0.0
SCS19,weekend_2302,1789773065,14.0,3.202,101.6378,0.0
SCS22,2907,1789773065,114.0,6.0114,100.4184,0.0
SCS10,weekend_2203,1789773065,40.0,3.1884,101.689,0.0
ETS205,9041,1789773064,72.0,3.202,101.5899,0.0
ETS213,9121,1789773063,3.0,4.4606,101.0491,0.0
DMU10(D6120),51,1789773033,0.0,5.377,102.0101,0.0
SCS08,weekend_2311,1789773090,86.0,3.2873,101.5702,0.0
ETS302,9572,1789773104,90.0,1.5370601,103.72342,0.0
ETS305,9323,1789773104,90.0,5.365637,100.448395,0.0
DMU03,53,1789773088,69.0,6.0047,102.1414,0.0
SCS23,2904,1789773068,113.0,5.7755,100.492,0.0
SCS07,weekend_2305,1789773067,0.0,3.1363,101.6893,0.0
SCS13,weekend_2315,1789773062,97.0,3.5197,101.6287,0.0
EMU28,2807,1789773039,36.0,5.3874,100.3734,0.0
EMU39,2906,1789773034,34.0,5.3573,100.4657,0.0
SCS07,weekend_2305,1789773142,11.0,3.1309,101.6822,0.0
SCS13,weekend_2315,1789773092,96.0,3.5128,101.6316,0.0
ETS305,9323,1789773104,90.0,5.365637,100.448395,0.0
ETS302,9572,1789773104,90.0,1.5370601,103.72342,0.0
EMU31,2903,1789773140,119.0,5.4336,100.4876,0.0
SCS19,weekend_2302,1789773140,31.0,3.204,101.6359,0.0
SCS22,2907,1789773200,87.0,5.9767,100.438,0.0
ETS205,9041,1789773199,79.0,3.2065,101.6163,0.0
DMU10(D6120),51,1789773198,0.0,5.377,102.01,0.0
SCS32,weekend_2312,1789773196,50.0,3.0848,101.6248,0.0
EMU31,2903,1789773185,113.0,5.422,100.4801,0.0
ETS305,9323,1789773226,90.0,5.364063,100.45723,0.0
ETS302,9572,1789773225,90.0,1.5464857,103.70123,0.0
SCS32,weekend_2312,1789773271,0.0,3.0844,101.6327,0.0
SCS26,weekend_2316,1789773236,43.0,3.0112,101.4004,0.0
ETS305,9323,1789773226,90.0,5.364063,100.45723,0.0
ETS302,9572,1789773225,90.0,1.5464857,103.70123,0.0
EMU31,2903,1789773230,119.0,5.4096,100.4742,0.0
ETS305,9323,1789773347,90.0,5.3315907,100.4708,0.0
ETS302,9572,1789773347,90.0,1.5670992,103.681915,0.0
SCS08,weekend_2311,1789773330,25.0,3.26,101.5555,0.0
DMU03,53,1789773328,70.0,5.9583,102.1451,0.0
SCS20,weekend_2212,1789773306,81.0,2.7395,101.8866,0.0
ETS213,9121,1789773303,23.0,4.4547,101.0517,0.0
DMU10(D6120),51,1789773303,22.0,5.3731,102.0088,0.0
SCS13,weekend_2315,1789773302,84.0,3.4833,101.6393,0.0
EMU26,2803,1789773302,119.0,4.7851,100.7708,0.0
SCS32,weekend_2312,1789773301,0.0,3.0844,101.6327,0.0
SCS23,2904,1789773278,0.0,5.8238,100.478,0.0
SCS22,2907,1789773275,0.0,5.9715,100.4409,0.0
SCS10,weekend_2203,1789773275,37.0,3.1769,101.6859,0.0
EMU31,2903,1789773275,116.0,5.3959,100.4714,0.0
ETS302,9572,1789773347,90.0,1.5670992,103.681915,0.0
ETS305,9323,1789773347,90.0,5.3315907,100.4708,0.0
SCS22,2907,1789773380,117.0,5.9567,100.4493,0.0
DMU10(D6120),51,1789773378,37.0,5.3648,102.0079,0.0
ETS213,9121,1789773333,37.0,4.4524,101.0528,0.0
EMU31,2903,1789773380,77.0,5.3663,100.4677,0.0
SCS10,weekend_2203,1789773365,17.0,3.171,101.6851,0.0
ETS305,9323,1789773468,90.0,5.2932067,100.48382,0.0
ETS302,9572,1789773468,90.0,1.5901996,103.65577,0.0
SCS13,weekend_2315,1789773437,0.0,3.4678,101.6376,0.0
EMU39,2906,1789773439,117.0,5.4108,100.4746,0.0
ETS213,9121,1789773438,80.0,4.4425,101.0573,0.0
SCS08,weekend_2311,1789773430,32.0,3.255,101.5547,0.0
SCS22,2907,1789773425,114.0,5.9448,100.456,0.0
DMU10(D6120),51,1789773423,41.0,5.3601,102.0079,0.0
SCS32,weekend_2312,1789773436,80.0,3.0825,101.6445,0.0
EMU26,2803,1789773407,0.0,4.7765,100.7995,0.0
SCS07,weekend_2305,1789773512,9.0,3.1178,101.6735,0.0
ETS305,9323,1789773468,90.0,5.2932067,100.48382,0.0
ETS302,9572,1789773468,90.0,1.5901996,103.65577,0.0
SCS23,2904,1789773473,114.0,5.8655,100.4769,0.0
SCS22,2907,1789773515,114.0,5.9199,100.4662,0.0
EMU39,2906,1789773514,117.0,5.4313,100.4861,0.0
ETS205,9041,1789773514,96.0,3.1932,101.6524,0.0
ETS213,9121,1789773513,136.0,4.4236,101.0674,0.0
DMU10(D6120),51,1789773513,63.0,5.3466,102.0119,0.0
SCS32,weekend_2312,1789773511,34.0,3.083,101.6553,0.0
SCS22,2907,1789773545,114.0,5.9115,100.4695,0.0
EMU39,2906,1789773544,117.0,5.4396,100.4898,0.0
DMU10(D6120),51,1789773543,67.0,5.3416,102.0138,0.0
EMU31,2903,1789773518,41.0,5.3621,100.4599,0.0
ETS205,9041,1789773514,96.0,3.1932,101.6524,0.0
SCS23,2904,1789773518,114.0,5.879,100.4769,0.0
ETS302,9572,1789773589,90.0,1.6267191,103.642456,0.0
ETS305,9323,1789773589,90.0,5.259239,100.48336,0.0
SCS26,weekend_2316,1789773521,85.0,3.0239,101.4139,0.0
ETS305,9323,1789773589,90.0,5.259239,100.48336,0.0
ETS302,9572,1789773589,90.0,1.6267191,103.642456,0.0
SCS19,weekend_2302,1789773628,0.0,3.2058,101.581,0.0
SCS10,weekend_2203,1789773627,43.0,3.1595,101.6928,0.0
SCS08,weekend_2311,1789773610,96.0,3.2263,101.5613,0.0
SCS26,weekend_2316,1789773626,0.0,3.0338,101.4246,0.0
EMU28,2807,1789773624,92.0,5.3632,100.4589,0.0
ETS213,9121,1789773678,136.0,4.3743,101.0967,0.0
EMU26,2803,1789773677,0.0,4.7782,100.8571,0.0
SCS20,weekend_2212,1789773666,26.0,2.7532,101.8298,0.0
SCS08,weekend_2311,1789773650,93.0,3.2182,101.5671,0.0
ETS205,9041,1789773649,0.0,3.1856,101.6655,0.0
EMU39,2906,1789773679,66.0,5.4782,100.4969,0.0
DMU10(D6120),51,1789773678,64.0,5.3181,102.0203,0.0
ETS305,9323,1789773710,90.0,5.2174006,100.49253,0.0
ETS302,9572,1789773710,90.0,1.6539043,103.612816,0.0
SCS22,2907,1789773665,114.0,5.8768,100.477,0.0
SCS23,2904,1789773653,114.0,5.9178,100.467,0.0
SCS07,weekend_2305,1789773677,37.0,3.1112,101.6742,0.0
SCS13,weekend_2315,1789773677,88.0,3.4165,101.6259,0.0
SCS32,weekend_2312,1789773676,19.0,3.0849,101.6604,0.0
ETS205,9041,1789773724,0.0,3.1707,101.6851,0.0
EMU39,2906,1789773724,0.0,5.482,100.4979,0.0
ETS213,9121,1789773723,131.0,4.3617,101.1062,0.0
DMU10(D6120),51,1789773723,55.0,5.3109,102.0211,0.0
SCS13,weekend_2315,1789773722,113.0,3.4041,101.6279,0.0
SCS07,weekend_2305,1789773722,49.0,3.1067,101.6735,0.0
EMU26,2803,1789773722,0.0,4.7782,100.8571,0.0
SCS32,weekend_2312,1789773721,21.0,3.0858,101.663,0.0
EMU35,2801,1789773720,76.0,4.6105,101.0893,0.0
SCS08,weekend_2311,1789773710,41.0,3.2093,101.5752,0.0
SCS19,weekend_2302,1789773703,0.0,3.2059,101.5811,0.0
SCS10,weekend_2203,1789773702,0.0,3.1538,101.6927,0.0
ETS305,9323,1789773710,90.0,5.2174006,100.49253,0.0
ETS302,9572,1789773710,90.0,1.6539043,103.612816,0.0
SCS20,weekend_2212,1789773726,0.0,2.7543,101.8261,0.0
SCS22,2907,1789773725,114.0,5.8588,100.4769,0.0
ETS305,9323,1789773831,90.0,5.1782284,100.48029,0.0
ETS302,9572,1789773831,90.0,1.6779548,103.5807,0.0
DMU03,53,1789773838,72.0,5.8614,102.1536,0.0
DMU06,52,1789773838,59.0,4.9015,101.9726,0.0
EMU35,2801,1789773855,42.0,4.6017,101.0751,0.0
ETS305,9323,1789773831,90.0,5.1782284,100.48029,0.0
ETS302,9572,1789773831,90.0,1.6779548,103.5807,0.0
SCS26,weekend_2316,1789773836,22.0,3.0438,101.4353,0.0
SCS22,2907,1789773875,0.0,5.8237,100.4781,0.0
ETS205,9041,1789773874,28.0,3.1584,101.6931,0.0
DMU10(D6120),51,1789773873,0.0,5.3002,102.0203,0.0
EMU39,2906,1789773873,96.0,5.5017,100.5032,0.0
EMU26,2803,1789773872,114.0,4.7718,100.8868,0.0
SCS07,weekend_2305,1789773872,0.0,3.095,101.6699,0.0
SCS13,weekend_2315,1789773872,0.0,3.3757,101.614,0.0
SCS32,weekend_2312,1789773871,0.0,3.0866,101.6649,0.0
SCS08,weekend_2311,1789773870,32.0,3.2047,101.5838,0.0
SCS20,weekend_2212,1789773846,73.0,2.7567,101.8171,0.0
ETS213,9121,1789773873,134.0,4.3202,101.1367,0.0
ETS212,9224,1789773868,0.0,3.1425,101.6938,0.0
SCS08,weekend_2311,1789773930,96.0,3.2011,101.5926,0.0
SCS19,weekend_2302,1789773928,82.0,3.2404,101.5604,0.0
SCS10,weekend_2203,1789773927,18.0,3.141,101.6942,0.0
SCS26,weekend_2316,1789773926,67.0,3.0468,101.4403,0.0
EMU28,2807,1789773922,20.0,5.2862,100.4809,0.0
ETS211,9223,1789773880,93.0,6.6496,100.3005,0.0
SCS04,weekend_2319,1789773876,0.0,3.6839,101.5189,0.0
SCS22,2907,1789773905,0.0,5.8237,100.4781,0.0
ETS205,9041,1789773904,2.0,3.1554,101.6936,0.0
EMU39,2906,1789773903,110.0,5.5096,100.5053,0.0
SCS07,weekend_2305,1789773902,14.0,3.0946,101.6697,0.0
EMU26,2803,1789773902,90.0,4.7733,100.8949,0.0
SCS13,weekend_2315,1789773902,0.0,3.3757,101.614,0.0
SCS32,weekend_2312,1789773901,0.0,3.0866,101.6649,0.0
EMU35,2801,1789773900,4.0,4.5978,101.0732,0.0
ETS302,9572,1789773952,90.0,1.7039593,103.54757,0.0
ETS305,9323,1789773952,90.0,5.1383557,100.485176,0.0
DMU03,53,1789773928,62.0,5.8453,102.1515,0.0
ETS305,9323,1789773952,90.0,5.1383557,100.485176,0.0
ETS302,9572,1789773952,90.0,1.7039593,103.54757,0.0
SCS22,2907,1789773935,16.0,5.8233,100.4781,0.0
ETS205,9041,1789773934,0.0,3.1551,101.6934,0.0
ETS213,9121,1789773933,79.0,4.3063,101.1486,0.0
DMU10(D6120),51,1789773933,16.0,5.2983,102.0195,0.0
EMU39,2906,1789773933,116.0,5.5184,100.5077,0.0
SCS22,2907,1789774040,110.0,5.8007,100.4818,0.0
DMU06,52,1789774033,43.0,4.928,101.9826,0.0
DMU03,53,1789774033,67.0,5.8252,102.1491,0.0
ETS302,9572,1789774073,90.0,1.7288399,103.51636,0.0
ETS305,9323,1789774073,90.0,5.129961,100.486916,0.0
ETS205,9041,1789774054,0.0,3.149,101.6908,0.0
DMU10(D6120),51,1789774053,26.0,5.2909,102.0168,0.0
ETS213,9121,1789774053,0.0,4.3032,101.1531,0.0
SCS07,weekend_2305,1789774052,0.0,3.0861,101.6638,0.0
SCS13,weekend_2315,1789774052,11.0,3.3659,101.5982,0.0
SCS32,weekend_2312,1789774051,0.0,3.0866,101.6649,0.0
SCS08,weekend_2311,1789774050,76.0,3.2081,101.6183,0.0
EMU39,2906,1789774038,120.0,5.5499,100.5001,0.0
ETS212,9224,1789774033,0.0,3.1425,101.6938,0.0
SCS22,2907,1789774085,116.0,5.7881,100.4865,0.0
ETS205,9041,1789774084,0.0,3.149,101.6908,0.0
ETS213,9121,1789774083,12.0,4.3017,101.1549,0.0
SCS08,weekend_2311,1789774110,22.0,3.2087,101.6272,0.0
SCS26,weekend_2316,1789774106,31.0,3.0422,101.4518,0.0
EMU31,2903,1789774088,34.0,5.3864,100.3755,0.0
SCS23,2904,1789774088,114.0,6.0057,100.4215,0.0
EMU28,2807,1789774087,117.0,5.2589,100.4828,0.0
SCS20,weekend_2212,1789774086,7.0,2.8026,101.8001,0.0
SCS04,weekend_2319,1789774086,45.0,3.678,101.5254,0.0
EMU39,2906,1789774083,119.0,5.5638,100.4979,0.0
DMU10(D6120),51,1789774068,27.0,5.2903,102.0159,0.0
SCS13,weekend_2315,1789774082,7.0,3.3656,101.5974,0.0
SCS07,weekend_2305,1789774082,2.0,3.0861,101.6638,0.0
SCS32,weekend_2312,1789774081,0.0,3.0866,101.6649,0.0
ETS212,9224,1789774078,0.0,3.1425,101.6938,0.0
ETS305,9323,1789774073,90.0,5.129961,100.486916,0.0
ETS302,9572,1789774073,90.0,1.7288399,103.51636,0.0
ETS205,9041,1789774114,0.0,3.149,101.6908,0.0
EMU39,2906,1789774113,119.0,5.5729,100.4963,0.0
ETS213,9121,1789774113,63.0,4.2989,101.1584,0.0
SCS13,weekend_2315,1789774112,18.0,3.3651,101.5958,0.0
ETS305,9323,1789774194,90.0,5.11907,100.48916,0.0
ETS302,9572,1789774194,90.0,1.76601,103.497894,0.0
SCS13,weekend_2315,1789774232,23.0,3.3634,101.5886,0.0
DMU10(D6120),51,1789774233,30.0,5.2882,102.0056,0.0
EMU39,2906,1789774233,118.0,5.6096,100.4959,0.0
SCS07,weekend_2305,1789774232,0.0,3.0833,101.6559,0.0
SCS08,weekend_2311,1789774230,32.0,3.2064,101.6337,0.0
EMU31,2903,1789774223,17.0,5.3902,100.3705,0.0
SCS23,2904,1789774223,114.0,6.041,100.4016,0.0
SCS04,weekend_2319,1789774221,111.0,3.652,101.5463,0.0
SCS22,2907,1789774220,117.0,5.7504,100.5033,0.0
ETS305,9323,1789774194,90.0,5.11907,100.48916,0.0
ETS302,9572,1789774194,90.0,1.76601,103.497894,0.0
EMU26,2803,1789774270,115.0,4.8086,100.9491,0.0
SCS07,weekend_2305,1789774277,55.0,3.0826,101.6541,0.0
SCS19,weekend_2302,1789774273,27.0,3.2644,101.5579,0.0
ETS212,9224,1789774273,0.0,3.1425,101.6938,0.0
DMU03,53,1789774273,0.0,5.8065,102.1467,0.0
SCS10,weekend_2203,1789774272,0.0,3.1354,101.6873,0.0
SCS08,weekend_2311,1789774270,25.0,3.2037,101.6365,0.0
SCS04,weekend_2319,1789774266,113.0,3.6427,101.556,0.0
ETS205,9041,1789774264,0.0,3.144,101.6932,0.0
EMU28,2807,1789774237,118.0,5.2141,100.4915,0.0
ETS302,9572,1789774315,90.0,1.8049036,103.487076,0.0
ETS305,9323,1789774315,90.0,5.080163,100.500244,0.0
ETS213,9121,1789774278,93.0,4.265,101.1688,0.0
SCS32,weekend_2312,1789774276,0.0,3.0963,101.6702,0.0
DMU06,52,1789774273,60.0,4.9352,102.0039,0.0
SCS20,weekend_2212,1789774266,48.0,2.804,101.8013,0.0
SCS22,2907,1789774265,114.0,5.7377,100.5082,0.0
SCS26,weekend_2316,1789774271,0.0,3.0355,101.4699,0.0
EMU39,2906,1789774263,110.0,5.6183,100.4965,0.0
DMU10(D6120),51,1789774263,29.0,5.2857,102.0062,0.0
SCS13,weekend_2315,1789774247,23.0,3.3632,101.5876,0.0
ETS305,9323,1789774315,90.0,5.080163,100.500244,0.0
ETS302,9572,1789774315,90.0,1.8049036,103.487076,0.0
SCS22,2907,1789774415,114.0,5.6948,100.5076,0.0
DMU10(D6120),51,1789774413,20.0,5.2692,102.0095,0.0
ETS305,9323,1789774436,90.0,5.043812,100.5194,0.0
ETS302,9572,1789774436,90.0,1.8268639,103.45442,0.0
SCS04,weekend_2319,1789774416,115.0,3.6097,101.586,0.0
ETS212,9224,1789774438,0.0,3.1425,101.6938,0.0
EMU28,2807,1789774417,0.0,5.1692,100.4797,0.0
ETS305,9323,1789774436,90.0,5.043812,100.5194,0.0
ETS302,9572,1789774436,90.0,1.8268639,103.45442,0.0
SCS04,weekend_2319,1789774416,115.0,3.6097,101.586,0.0
SCS19,weekend_2302,1789774468,104.0,3.2889,101.5714,0.0
DMU06,52,1789774468,42.0,4.9591,102.009,0.0
SCS26,weekend_2316,1789774466,47.0,3.0526,101.4843,0.0
SCS13,weekend_2315,1789774442,88.0,3.3503,101.5721,0.0
EMU26,2803,1789774465,118.0,4.8443,100.9873,0.0
SCS07,weekend_2305,1789774442,41.0,3.0848,101.6305,0.0
SCS32,weekend_2312,1789774441,0.0,3.1139,101.673,0.0
ETS211,9223,1789774450,129.0,6.4724,100.2544,0.0
SCS08,weekend_2311,1789774450,35.0,3.1927,101.6537,0.0
SCS22,2907,1789774445,113.0,5.6874,100.5025,0.0
ETS205,9041,1789774444,0.0,3.144,101.6932,0.0
ETS213,9121,1789774443,0.0,4.2436,101.1759,0.0
DMU10(D6120),51,1789774443,0.0,5.2685,102.0095,0.0
EMU39,2906,1789774443,5.0,5.6427,100.49,0.0
ETS305,9323,1789774558,90.0,5.018309,100.54732,0.0
ETS302,9572,1789774558,90.0,1.8495433,103.42146,0.0
SCS13,weekend_2315,1789774532,72.0,3.3321,101.5699,0.0
SCS23,2904,1789774523,3.0,6.1124,100.3694,0.0
EMU28,2807,1789774522,115.0,5.1547,100.4805,0.0
SCS22,2907,1789774520,113.0,5.6669,100.4941,0.0
ETS205,9041,1789774519,0.0,3.144,101.6932,0.0
ETS302,9572,1789774558,90.0,1.8495433,103.42146,0.0
ETS305,9323,1789774558,90.0,5.018309,100.54732,0.0
EMU24,2908,1789774622,0.0,5.3643,100.4202,0.0
SCS07,weekend_2305,1789774622,28.0,3.0836,101.6144,0.0
SCS23,2904,1789774643,106.0,6.1221,100.3737,0.0
SCS22,2907,1789774640,0.0,5.6424,100.49,0.0
ETS305,9323,1789774679,90.0,5.0415425,100.58266,0.0
ETS302,9572,1789774679,90.0,1.8852501,103.40507,0.0
EMU39,2906,1789774662,117.0,5.6936,100.5066,0.0
SCS13,weekend_2315,1789774652,22.0,3.3199,101.5747,0.0
SCS32,weekend_2312,1789774651,13.0,3.1235,101.6771,0.0
SCS08,weekend_2311,1789774650,79.0,3.1841,101.6671,0.0
ETS208,9442,1789774615,0.0,1.5402,103.7151,0.0
SCS04,weekend_2319,1789774641,116.0,3.564,101.6252,0.0
ETS205,9041,1789774639,0.0,3.144,101.6932,0.0
EMU28,2807,1789774627,12.0,5.1303,100.4862,0.0
ETS302,9572,1789774679,90.0,1.8852501,103.40507,0.0
ETS305,9323,1789774679,90.0,5.0415425,100.58266,0.0
SCS23,2904,1789774658,116.0,6.1262,100.3756,0.0
EMU28,2807,1789774657,0.0,5.1302,100.4863,0.0
SCS04,weekend_2319,1789774656,113.0,3.5622,101.6294,0.0
SCS22,2907,1789774655,0.0,5.6424,100.49,0.0
ETS205,9041,1789774654,0.0,3.144,101.6932,0.0
ETS213,9121,1789774653,22.0,4.2309,101.1773,0.0
DMU10(D6120),51,1789774653,39.0,5.2515,102.0102,0.0
SCS13,weekend_2315,1789774652,22.0,3.3199,101.5747,0.0
SCS07,weekend_2305,1789774652,16.0,3.0831,101.6111,0.0
EMU39,2906,1789774752,113.0,5.7203,100.5144,0.0
SCS10,weekend_2203,1789774752,0.0,3.1181,101.6791,0.0
SCS08,weekend_2311,1789774750,73.0,3.1698,101.6856,0.0
ETS302,9572,1789774800,90.0,1.9169114,103.3814,0.0
SCS22,2907,1789774775,116.0,5.6246,100.4939,0.0
SCS20,weekend_2212,1789774746,60.0,2.8441,101.825,0.0
SCS23,2904,1789774763,115.0,6.1564,100.3796,0.0
EMU24,2908,1789774762,0.0,5.3643,100.4202,0.0
SCS32,weekend_2312,1789774741,19.0,3.1278,101.6796,0.0
SCS04,weekend_2319,1789774761,0.0,3.5527,101.6396,0.0
SCS13,weekend_2315,1789774757,48.0,3.3145,101.5748,0.0
SCS07,weekend_2305,1789774757,16.0,3.0829,101.6073,0.0
SCS19,weekend_2302,1789774753,41.0,3.3242,101.5718,0.0
DMU06,52,1789774753,44.0,4.9891,102.016,0.0
EMU26,2803,1789774752,97.0,4.8224,101.0653,0.0
SCS26,weekend_2316,1789774751,16.0,3.0515,101.5069,0.0
ETS213,9121,1789774743,90.0,4.2214,101.1791,0.0
ETS212,9224,1789774753,0.0,3.1425,101.6938,0.0
ETS305,9323,1789774800,90.0,5.0415945,100.62453,0.0
ETS305,9323,1789774800,90.0,5.0415945,100.62453,0.0
ETS302,9572,1789774800,90.0,1.9169114,103.3814,0.0
EMU28,2807,1789774847,118.0,5.086,100.4969,0.0
ETS205,9041,1789774879,0.0,3.144,101.6932,0.0
DMU10(D6120),51,1789774878,40.0,5.2339,102.0098,0.0
ETS213,9121,1789774878,95.0,4.1822,101.1875,0.0
SCS13,weekend_2315,1789774877,82.0,3.2911,101.5729,0.0
SCS32,weekend_2312,1789774876,13.0,3.1319,101.6831,0.0
SCS20,weekend_2212,1789774866,10.0,2.8626,101.8197,0.0
SCS04,weekend_2319,1789774866,95.0,3.5357,101.6343,0.0
EMU24,2908,1789774862,0.0,5.3643,100.4202,0.0
SCS08,weekend_2311,1789774850,29.0,3.1654,101.6911,0.0
SCS22,2907,1789774850,112.0,5.6028,100.4944,0.0
SCS23,2904,1789774838,86.0,6.1782,100.3776,0.0
SCS22,2907,1789774940,117.0,5.576,100.4959,0.0
ETS305,9323,1789774921,90.0,5.0380583,100.664215,0.0
ETS302,9572,1789774921,90.0,1.9415551,103.35556,0.0
SCS21,weekend_2320,1789775024,57.0,3.0079,101.3969,0.0
SCS19,weekend_2302,1789775023,116.0,3.3657,101.5978,0.0
DMU03,53,1789775023,68.0,5.7514,102.1569,0.0
EMU39,2906,1789775022,117.0,5.7974,100.4825,0.0
SCS10,weekend_2203,1789775022,52.0,3.1027,101.6997,0.0
EMU26,2803,1789775022,117.0,4.7833,101.0995,0.0
SCS26,weekend_2316,1789775021,14.0,3.0563,101.5242,0.0
ETS208,9442,1789775020,0.0,1.5402,103.7151,0.0
SCS08,weekend_2311,1789775010,3.0,3.1547,101.6933,0.0
SCS23,2904,1789774988,104.0,6.1919,100.3696,0.0
ETS205,9041,1789774984,0.0,3.144,101.6932,0.0
SCS32,weekend_2312,1789775056,0.0,3.1322,101.6835,0.0
EMU39,2906,1789775022,117.0,5.7974,100.4825,0.0
ETS305,9323,1789775042,90.0,5.0350633,100.70466,0.0
ETS205,9041,1789775059,0.0,3.144,101.6932,0.0
ETS302,9572,1789775042,90.0,1.970669,103.33805,0.0
ETS212,9224,1789775038,0.0,3.2059,101.5816,0.0
EMU28,2807,1789775057,74.0,5.0314,100.5258,0.0
EMU24,2908,1789775042,0.0,5.3643,100.4202,0.0
SCS22,2907,1789775015,114.0,5.5537,100.4995,0.0
ETS213,9121,1789775013,108.0,4.1502,101.2006,0.0
DMU10(D6120),51,1789775013,10.0,5.2303,102.0103,0.0
DMU10(D6120),51,1789775193,0.0,5.214,102.0123,0.0
ETS213,9121,1789775193,112.0,4.114,101.2479,0.0
EMU28,2807,1789775192,101.0,5.0201,100.5347,0.0
SCS13,weekend_2315,1789775192,44.0,3.2561,101.5546,0.0
SCS32,weekend_2312,1789775191,0.0,3.1322,101.6835,0.0
SCS19,weekend_2302,1789775188,84.0,3.3792,101.6175,0.0
ETS212,9224,1789775188,0.0,3.2059,101.5816,0.0
DMU06,52,1789775188,44.0,5.0228,102.0358,0.0
SCS08,weekend_2311,1789775170,16.0,3.1437,101.6936,0.0
SCS22,2907,1789775165,114.0,5.51,100.5055,0.0
ETS205,9041,1789775164,0.0,3.144,101.6932,0.0
ETS305,9323,1789775163,90.0,5.006831,100.7345,0.0
ETS302,9572,1789775163,90.0,1.9964393,103.32697,0.0
SCS21,weekend_2320,1789775189,51.0,3.0161,101.4056,0.0
SCS10,weekend_2203,1789775187,0.0,3.0977,101.706,0.0
SCS26,weekend_2316,1789775186,95.0,3.0622,101.5441,0.0
SCS13,weekend_2315,1789775237,38.0,3.2508,101.5557,0.0
SCS32,weekend_2312,1789775236,32.0,3.137,101.6895,0.0
SCS04,weekend_2319,1789775211,79.0,3.471,101.6382,0.0
DMU10(D6120),51,1789775238,0.0,5.214,102.0124,0.0
ETS213,9121,1789775238,119.0,4.107,101.2596,0.0
EMU28,2807,1789775237,118.0,5.0197,100.5474,0.0
SCS22,2907,1789775240,102.0,5.4883,100.4996,0.0
ETS305,9323,1789775284,90.0,4.96558,100.72895,0.0
ETS302,9572,1789775284,90.0,2.0216634,103.321014,0.0
SCS04,weekend_2319,1789775256,0.0,3.4678,101.6377,0.0
SCS22,2907,1789775255,78.0,5.4847,100.4987,0.0
ETS213,9121,1789775358,121.0,4.0756,101.2748,0.0
DMU10(D6120),51,1789775358,50.0,5.2068,102.0129,0.0
EMU28,2807,1789775357,117.0,5.0403,100.5783,0.0
SCS13,weekend_2315,1789775357,94.0,3.2266,101.5611,0.0
SCS08,weekend_2311,1789775370,0.0,3.1403,101.6939,0.0
SCS08,weekend_2311,1789775430,17.0,3.1379,101.6928,0.0
SCS19,weekend_2302,1789775428,115.0,3.4394,101.6373,0.0
EMU26,2803,1789775427,119.0,4.6738,101.1365,0.0
ETS204,9343,1789775404,0.0,5.3933,100.3666,0.0
DMU10(D6120),51,1789775403,59.0,5.2,102.0141,0.0
ETS213,9121,1789775403,125.0,4.0622,101.28,0.0
EMU28,2807,1789775402,115.0,5.0451,100.5911,0.0
SCS13,weekend_2315,1789775402,91.0,3.2176,101.5676,0.0
SCS32,weekend_2312,1789775401,0.0,3.1401,101.6938,0.0
EMU35,2810,1789775400,0.0,4.5978,101.0731,0.0
ETS305,9323,1789775406,90.0,4.9250917,100.71784,0.0
ETS302,9572,1789775406,90.0,2.03511,103.318146,0.0
DMU10(D6120),51,1789775478,54.0,5.1887,102.0113,0.0
ETS213,9121,1789775478,126.0,4.0406,101.2851,0.0
SCS13,weekend_2315,1789775477,50.0,3.2074,101.5766,0.0
EMU28,2807,1789775477,114.0,5.0435,100.6136,0.0
EMU24,2908,1789775462,0.0,5.3643,100.4202,0.0
SCS20,weekend_2212,1789775446,10.0,2.9063,101.7897,0.0
SCS08,weekend_2311,1789775450,18.0,3.1371,101.6919,0.0
SCS32,weekend_2312,1789775476,0.0,3.1401,101.6938,0.0
EMU35,2810,1789775475,22.0,4.5998,101.0743,0.0
ETS212,9224,1789775473,64.0,3.2368,101.5603,0.0
ETS204,9343,1789775464,0.0,5.3933,100.3666,0.0
SCS04,weekend_2319,1789775451,108.0,3.4304,101.6308,0.0
SCS22,2907,1789775450,114.0,5.4538,100.4936,0.0
SCS23,2904,1789775438,114.0,6.3225,100.3388,0.0
ETS302,9572,1789775527,90.0,2.035858,103.31792,0.0
ETS305,9323,1789775527,90.0,4.8836355,100.72144,0.0
SCS13,weekend_2315,1789775612,45.0,3.2032,101.586,0.0
SCS21,weekend_2320,1789775609,37.0,3.0415,101.4329,0.0
SCS19,weekend_2302,1789775608,0.0,3.4678,101.6376,0.0
DMU03,53,1789775608,61.0,5.6817,102.1541,0.0
EMU28,2807,1789775595,115.0,5.0415,100.6502,0.0
ETS213,9121,1789775613,136.0,4.0004,101.3059,0.0
DMU10(D6120),51,1789775613,4.0,5.1741,102.0098,0.0
SCS23,2904,1789775588,113.0,6.3586,100.3119,0.0
ETS204,9343,1789775584,0.0,5.3933,100.3666,0.0
SCS32,weekend_2312,1789775611,28.0,3.1478,101.6909,0.0
EMU35,2810,1789775610,81.0,4.6099,101.0857,0.0
ETS212,9224,1789775608,74.0,3.2611,101.5567,0.0
DMU06,52,1789775608,15.0,5.0391,102.0558,0.0
ETS211,9223,1789775605,136.0,6.1837,100.3747,0.0
SCS04,weekend_2319,1789775586,113.0,3.3959,101.6284,0.0
SCS22,2907,1789775585,113.0,5.4174,100.4772,0.0
EMU39,2906,1789775585,123.0,5.9301,100.4622,0.0
EMU39,2906,1789775660,116.0,5.9509,100.4526,0.0
SCS23,2904,1789775633,65.0,6.3679,100.3049,0.0
SCS21,weekend_2320,1789775624,45.0,3.0427,101.4342,0.0
SCS19,weekend_2302,1789775623,19.0,3.4682,101.6377,0.0
ETS204,9343,1789775614,0.0,5.3933,100.3666,0.0
EMU26,2803,1789775662,90.0,4.6177,101.094,0.0
SCS04,weekend_2319,1789775661,87.0,3.378,101.6164,0.0
SCS22,2907,1789775660,115.0,5.3953,100.4713,0.0
ETS305,9323,1789775648,90.0,4.8543916,100.734764,0.0
ETS302,9572,1789775648,90.0,2.0492833,103.31272,0.0
SCS13,weekend_2315,1789775657,85.0,3.2004,101.5947,0.0
SCS32,weekend_2312,1789775656,41.0,3.1537,101.6924,0.0
EMU28,2807,1789775655,113.0,5.0392,100.6682,0.0
EMU35,2810,1789775655,89.0,4.6154,101.0927,0.0
SCS08,weekend_2311,1789775630,0.0,3.136,101.6892,0.0
DMU10(D6120),51,1789775628,0.0,5.174,102.0099,0.0
SCS20,weekend_2212,1789775626,72.0,2.925,101.795,0.0
ETS212,9224,1789775638,0.0,3.2611,101.5567,0.0
ETS213,9121,1789775658,139.0,3.9852,101.3114,0.0
DMU06,52,1789775653,15.0,5.0413,102.0564,0.0
ETS305,9323,1789775769,90.0,4.8521028,100.73312,0.0
ETS302,9572,1789775769,90.0,2.0826948,103.28938,0.0
ETS301,9523,1789775769,90.0,0.0027284583,0.0154984975,0.0
ETS204,9343,1789775854,0.0,5.3933,100.3666,0.0
DMU10(D6120),51,1789775853,44.0,5.1728,102.0281,0.0
ETS213,9121,1789775853,119.0,3.9354,101.3392,0.0
SCS13,weekend_2315,1789775852,0.0,3.2086,101.6289,0.0
SCS32,weekend_2312,1789775851,0.0,3.1661,101.6903,0.0
EMU28,2807,1789775850,109.0,5.0235,100.7218,0.0
EMU35,2810,1789775850,114.0,4.6604,101.1261,0.0
ETS208,9442,1789775830,0.0,1.5402,103.7151,0.0
SCS21,weekend_2320,1789775834,0.0,3.0424,101.4513,0.0
SCS19,weekend_2302,1789775833,0.0,3.4997,101.6342,0.0
EMU26,2803,1789775827,34.0,4.6037,101.0756,0.0
SCS08,weekend_2311,1789775850,0.0,3.136,101.6892,0.0
SCS10,weekend_2206,1789775832,0.0,3.0977,101.706,0.0
SCS22,2907,1789775810,45.0,5.3577,100.4662,0.0
DMU03,53,1789775833,59.0,5.6426,102.1595,0.0
SCS26,weekend_2316,1789775831,74.0,3.083,101.5991,0.0
ETS212,9224,1789775833,0.0,3.2808,101.5655,0.0
ETS211,9223,1789775800,99.0,6.1206,100.3732,0.0
EMU24,2908,1789775822,0.0,5.3643,100.4202,0.0
SCS04,weekend_2319,1789775826,94.0,3.3678,101.6043,0.0
EMU39,2906,1789775825,27.0,5.9725,100.4404,0.0
SCS23,2904,1789775798,117.0,6.3846,100.2924,0.0
SCS20,weekend_2212,1789775806,71.0,2.9436,101.7861,0.0
ETS204,9343,1789775854,0.0,5.3933,100.3666,0.0
ETS213,9121,1789775853,119.0,3.9354,101.3392,0.0
DMU10(D6120),51,1789775853,44.0,5.1728,102.0281,0.0
SCS13,weekend_2315,1789775852,0.0,3.2086,101.6289,0.0
ETS302,9572,1789775890,90.0,2.1139877,103.26546,0.0
ETS301,9523,1789775890,90.0,3.1240118,101.679184,0.0
ETS305,9323,1789775890,90.0,4.8379703,100.72863,0.0
SCS19,weekend_2302,1789775908,76.0,3.5046,101.6335,0.0
SCS10,weekend_2206,1789775907,20.0,3.0994,101.704,0.0
SCS22,2907,1789775945,64.0,5.3659,100.4508,0.0
SCS23,2904,1789775948,112.0,6.4238,100.271,0.0
SCS32,weekend_2312,1789776031,61.0,3.1776,101.6794,0.0
ETS204,9343,1789776019,0.0,5.3933,100.3666,0.0
DMU10(D6120),51,1789776018,43.0,5.1617,102.0381,0.0
ETS213,9121,1789776018,118.0,3.8943,101.3649,0.0
SCS04,weekend_2319,1789776006,23.0,3.364,101.592,0.0
SCS20,weekend_2212,1789776006,26.0,2.964,101.7915,0.0
ETS302,9572,1789776011,90.0,2.1421034,103.24134,0.0
ETS305,9323,1789776011,90.0,4.803452,100.74472,0.0
ETS301,9523,1789776011,90.0,3.1120598,101.68657,0.0
SCS22,2907,1789775990,0.0,5.3664,100.4473,0.0
DMU06,52,1789776028,49.0,5.0742,102.0683,0.0
SCS21,weekend_2320,1789776029,77.0,3.0336,101.4672,0.0
ETS212,9224,1789776028,3.0,3.3248,101.571,0.0
DMU03,53,1789776028,65.0,5.6103,102.1683,0.0
SCS19,weekend_2302,1789776028,100.0,3.5326,101.633,0.0
SCS10,weekend_2206,1789776027,59.0,3.1095,101.6913,0.0
EMU35,2810,1789776027,114.0,4.7052,101.1318,0.0
SCS26,weekend_2316,1789776026,26.0,3.0833,101.6116,0.0
SCS13,weekend_2315,1789776017,0.0,3.2022,101.6377,0.0
EMU28,2807,1789776015,119.0,4.9776,100.7318,0.0
SCS23,2904,1789775993,10.0,6.4313,100.2685,0.0
EMU24,2908,1789775982,0.0,5.3643,100.4202,0.0
EMU39,2906,1789776035,119.0,6.0207,100.4131,0.0
SCS22,2907,1789776035,25.0,5.3665,100.4464,0.0
SCS23,2904,1789776038,0.0,6.4314,100.2684,0.0
DMU10(D6120),51,1789776033,47.0,5.1598,102.0389,0.0
SCS13,weekend_2315,1789776032,5.0,3.2021,101.6378,0.0
ETS305,9323,1789776132,90.0,4.781725,100.779045,0.0
ETS301,9523,1789776132,90.0,3.09947,101.70419,0.0
ETS302,9572,1789776132,90.0,2.174877,103.21982,0.0
ETS204,9343,1789776139,0.0,5.3933,100.3666,0.0
DMU10(D6120),51,1789776138,12.0,5.1526,102.0436,0.0
SCS08,weekend_2311,1789776130,21.0,3.146,101.6916,0.0
EMU39,2906,1789776130,115.0,6.0464,100.3986,0.0
SCS04,weekend_2319,1789776126,25.0,3.3626,101.583,0.0
SCS20,weekend_2212,1789776106,12.0,2.9766,101.7904,0.0
SCS21,weekend_2320,1789776224,53.0,3.0504,101.4754,0.0
ETS212,9224,1789776223,79.0,3.3632,101.5794,0.0
SCS10,weekend_2206,1789776222,23.0,3.1164,101.6794,0.0
EMU35,2810,1789776222,116.0,4.7586,101.1167,0.0
SCS26,weekend_2316,1789776221,5.0,3.0846,101.6315,0.0
SCS23,2904,1789776188,114.0,6.4624,100.2578,0.0
SCS22,2907,1789776185,21.0,5.3646,100.421,0.0
EMU28,2807,1789776185,119.0,4.9262,100.717,0.0
SCS20,weekend_2212,1789776258,0.0,2.9832,101.7905,0.0
SCS04,weekend_2319,1789776231,93.0,3.3553,101.5716,0.0
EMU28,2807,1789776230,115.0,4.9124,100.7176,0.0
SCS08,weekend_2311,1789776230,36.0,3.1549,101.6932,0.0
ETS204,9343,1789776229,0.0,5.3933,100.3666,0.0
SCS22,2907,1789776215,0.0,5.3648,100.4207,0.0
EMU24,2908,1789776262,0.0,5.3643,100.4202,0.0
SCS13,weekend_2315,1789776257,37.0,3.1909,101.6576,0.0
SCS32,weekend_2312,1789776256,41.0,3.1915,101.6563,0.0
ETS302,9572,1789776253,90.0,2.1954494,103.186455,0.0
ETS301,9523,1789776253,90.0,3.0852776,101.71421,0.0
ETS305,9323,1789776253,90.0,0.0027284583,0.0154984975,0.0
EMU39,2906,1789776220,88.0,6.0696,100.3854,0.0
ETS204,9343,1789776334,0.0,5.3933,100.3666,0.0
DMU10(D6120),51,1789776333,19.0,5.1452,102.045,0.0
SCS32,weekend_2312,1789776331,14.0,3.1924,101.6543,0.0
SCS08,weekend_2311,1789776330,40.0,3.1663,101.69,0.0
ETS301,9523,1789776374,90.0,3.0760558,101.71241,0.0
SCS21,weekend_2320,1789776374,24.0,3.0523,101.4929,0.0
ETS305,9323,1789776374,90.0,4.7764907,100.86032,0.0
ETS302,9572,1789776374,90.0,2.2264292,103.16253,0.0
ETS212,9224,1789776373,105.0,3.3761,101.6145,0.0
DMU03,53,1789776373,71.0,5.5667,102.188,0.0
DMU06,52,1789776373,37.0,5.0963,102.0733,0.0
SCS23,2904,1789776368,101.0,6.5153,100.2554,0.0
DMU10(D6120),51,1789776378,0.0,5.1438,102.0455,0.0
ETS213,9121,1789776378,109.0,3.8095,101.4173,0.0
ETS208,9442,1789776370,0.0,1.75,103.5066,0.0
SCS20,weekend_2212,1789776378,18.0,2.9879,101.7904,0.0
SCS13,weekend_2315,1789776377,48.0,3.1854,101.6655,0.0
SCS32,weekend_2312,1789776376,74.0,3.1947,101.6492,0.0
EMU35,2810,1789776372,110.0,4.7948,101.0928,0.0
SCS19,weekend_2302,1789776358,118.0,3.5863,101.6104,0.0
SCS10,weekend_2206,1789776357,16.0,3.1192,101.6789,0.0
SCS26,weekend_2316,1789776356,98.0,3.0829,101.6428,0.0
EMU39,2906,1789776355,94.0,6.0982,100.3695,0.0
ETS204,9343,1789776334,0.0,5.3933,100.3666,0.0
SCS04,weekend_2319,1789776366,36.0,3.3282,101.5692,0.0
ETS216,9124,1789776366,0.0,3.137,101.6912,0.0
DMU10(D6120),51,1789776438,0.0,5.1438,102.0455,0.0
SCS13,weekend_2315,1789776437,53.0,3.1799,101.6762,0.0
ETS216,9124,1789776411,0.0,3.137,101.6912,0.0
EMU24,2908,1789776442,0.0,5.3643,100.4202,0.0
ETS204,9343,1789776439,0.0,5.3933,100.3666,0.0
ETS213,9121,1789776438,116.0,3.7968,101.4294,0.0
SCS32,weekend_2312,1789776436,42.0,3.1986,101.6413,0.0
SCS04,weekend_2319,1789776411,36.0,3.3245,101.5717,0.0
SCS11,weekend_2207,1789776410,35.0,3.2349,101.6801,0.0
EMU28,2807,1789776410,110.0,4.8819,100.7211,0.0
SCS22,2907,1789776410,85.0,5.3791,100.3894,0.0
DMU10(D6120),51,1789776498,15.0,5.1418,102.0464,0.0
SCS13,weekend_2315,1789776497,18.0,3.1772,101.6798,0.0
SCS32,weekend_2312,1789776496,22.0,3.2027,101.6372,0.0
SCS11,weekend_2207,1789776485,89.0,3.2233,101.6727,0.0
ETS204,9343,1789776484,0.0,5.3933,100.3666,0.0
ETS305,9323,1789776495,90.0,4.7719812,100.894325,0.0
ETS301,9523,1789776495,90.0,3.0760293,101.71226,0.0
ETS302,9572,1789776495,90.0,2.2552378,103.15221,0.0
SCS10,weekend_2206,1789776567,5.0,3.1303,101.6817,0.0
DMU06,52,1789776598,38.0,5.1142,102.069,0.0
SCS21,weekend_2320,1789776629,14.0,3.0515,101.5077,0.0
ETS208,9442,1789776625,0.0,1.8114,103.4782,0.0
ETS305,9323,1789776616,90.0,4.7733736,100.9248,0.0
ETS302,9572,1789776616,90.0,2.2929263,103.132866,0.0
ETS301,9523,1789776616,90.0,3.0712962,101.709915,0.0
ETS213,9121,1789776603,80.0,3.7521,101.4441,0.0
DMU10(D6120),51,1789776603,3.0,5.1407,102.0469,0.0
SCS19,weekend_2302,1789776628,114.0,3.6419,101.5566,0.0
EMU35,2810,1789776627,0.0,4.8188,101.071,0.0
SCS23,2904,1789776593,115.0,6.5523,100.2597,0.0
SCS10,weekend_2206,1789776627,8.0,3.1308,101.6821,0.0
SCS04,weekend_2319,1789776606,74.0,3.311,101.575,0.0
SCS11,weekend_2207,1789776593,0.0,3.2151,101.6723,0.0
EMU28,2807,1789776590,8.0,4.8526,100.7318,0.0
SCS22,2907,1789776605,25.0,5.3897,100.3709,0.0
ETS204,9343,1789776604,0.0,5.3933,100.3666,0.0
SCS26,weekend_2316,1789776626,18.0,3.085,101.6606,0.0
EMU39,2906,1789776625,120.0,6.1406,100.3807,0.0
ETS212,9224,1789776643,122.0,3.4433,101.6385,0.0
SCS04,weekend_2319,1789776636,84.0,3.3042,101.575,0.0
ETS216,9124,1789776636,0.0,3.137,101.6912,0.0
EMU28,2807,1789776635,93.0,4.8459,100.7288,0.0
ETS204,9343,1789776634,0.0,5.3933,100.3666,0.0
DMU10(D6120),51,1789776633,4.0,5.1413,102.0466,0.0
ETS213,9121,1789776633,22.0,3.7497,101.4463,0.0
ETS213,9121,1789776738,94.0,3.7342,101.4558,0.0
SCS32,weekend_2312,1789776730,6.0,3.2087,101.6275,0.0
ETS305,9323,1789776737,90.0,4.7748027,100.93223,0.0
ETS301,9523,1789776737,90.0,3.0454862,101.70819,0.0
ETS302,9572,1789776737,90.0,2.3181062,103.106224,0.0
SCS26,weekend_2316,1789776806,48.0,3.0879,101.6687,0.0
SCS32,weekend_2312,1789776805,74.0,3.2081,101.6183,0.0
ETS208,9442,1789776775,0.0,1.8116,103.478,0.0
SCS13,weekend_2315,1789776816,43.0,3.1551,101.6934,0.0
SCS19,weekend_2302,1789776808,60.0,3.6768,101.5266,0.0
EMU24,2908,1789776782,0.0,5.3643,100.4202,0.0
SCS10,weekend_2206,1789776807,0.0,3.1324,101.6837,0.0
EMU39,2906,1789776805,0.0,6.1829,100.3751,0.0
ETS213,9121,1789776783,95.0,3.7261,101.4629,0.0
ETS216,9124,1789776771,0.0,3.137,101.6912,0.0
SCS04,weekend_2319,1789776771,74.0,3.2784,101.5637,0.0
SCS23,2904,1789776788,113.0,6.6105,100.2638,0.0
SCS04,weekend_2319,1789776861,36.0,3.2631,101.5572,0.0
DMU10(D6120),51,1789776858,0.0,5.1437,102.0455,0.0
ETS305,9323,1789776858,90.0,4.7910566,100.937195,0.0
ETS301,9523,1789776858,90.0,3.0402892,101.70938,0.0
ETS302,9572,1789776858,90.0,2.3420742,103.07191,0.0
ETS208,9442,1789776820,0.0,1.8114,103.4781,0.0
SCS32,weekend_2312,1789776820,77.0,3.2062,101.616,0.0
SCS13,weekend_2315,1789776816,43.0,3.1551,101.6934,0.0
SCS20,weekend_2212,1789776818,76.0,3.0115,101.7248,0.0
SCS11,weekend_2207,1789776818,38.0,3.2033,101.677,0.0
SCS23,2904,1789776818,113.0,6.6193,100.265,0.0
ETS216,9124,1789776816,0.0,3.137,101.6912,0.0
ETS204,9343,1789776814,5.0,5.17,100.4799,0.0
ETS213,9121,1789776813,120.0,3.7214,101.47,0.0
SCS04,weekend_2319,1789776906,1.0,3.2614,101.5562,0.0
SCS11,weekend_2207,1789776998,38.0,3.1926,101.6861,0.0
SCS04,weekend_2319,1789776996,0.0,3.2576,101.5548,0.0
SCS23,2904,1789776968,101.0,6.6484,100.2964,0.0
ETS213,9121,1789776963,120.0,3.695,101.5075,0.0
EMU24,2908,1789776962,0.0,5.3643,100.4202,0.0
ETS305,9323,1789776980,90.0,4.827087,100.95307,0.0
ETS308,9425,1789776980,90.0,6.6607,100.31952,0.0
ETS301,9523,1789776979,90.0,3.0319648,101.70992,0.0
ETS302,9572,1789776979,90.0,2.3688025,103.04073,0.0
EMU35,2810,1789776974,112.0,4.8454,100.9971,0.0
SCS19,weekend_2302,1789776973,0.0,3.6839,101.5189,0.0
SCS10,weekend_2206,1789776972,0.0,3.1388,101.6934,0.0
EMU39,2906,1789777000,120.0,6.217,100.3643,0.0
SCS20,weekend_2212,1789776998,0.0,3.0238,101.7156,0.0
ETS204,9343,1789777054,69.0,5.1337,100.4857,0.0
DMU10(D6120),51,1789777053,0.0,5.1437,102.0455,0.0
ETS213,9121,1789777053,0.0,3.686,101.517,0.0
SCS26,weekend_2316,1789777001,41.0,3.1115,101.674,0.0
EMU28,2807,1789777051,0.0,4.7766,100.7992,0.0
EMU35,2810,1789777049,115.0,4.8415,100.9755,0.0
DMU06,52,1789777048,13.0,5.1399,102.0473,0.0
SCS04,weekend_2319,1789777011,0.0,3.2576,101.5548,0.0
EMU24,2908,1789777042,0.0,5.3643,100.4202,0.0
SCS32,weekend_2312,1789777000,44.0,3.2044,101.5841,0.0
DMU10(D6120),51,1789777053,0.0,5.1437,102.0455,0.0
ETS305,9323,1789777101,90.0,4.843644,100.990654,0.0
ETS308,9425,1789777101,90.0,6.653688,100.309975,0.0
ETS301,9523,1789777100,90.0,3.0259433,101.715256,0.0
ETS302,9572,1789777100,90.0,2.394118,103.0131,0.0
ETS216,9124,1789777146,0.0,3.137,101.6912,0.0
SCS13,weekend_2315,1789777146,3.0,3.1393,101.6936,0.0
SCS04,weekend_2319,1789777146,82.0,3.2421,101.5605,0.0
ETS308,9425,1789777222,90.0,6.635717,100.28141,0.0
ETS302,9572,1789777221,90.0,2.4328258,102.9958,0.0
ETS305,9323,1789777221,90.0,4.8277726,101.02724,0.0
ETS301,9523,1789777221,90.0,3.005167,101.728806,0.0
SCS20,weekend_2212,1789777218,15.0,3.0266,101.7142,0.0
SCS21,weekend_2320,1789777214,31.0,3.0737,101.5551,0.0
SCS10,weekend_2206,1789777212,0.0,3.1538,101.6924,0.0
SCS26,weekend_2316,1789777211,0.0,3.1184,101.6731,0.0
SCS32,weekend_2312,1789777210,103.0,3.2189,101.5666,0.0
ETS216,9124,1789777206,0.0,3.137,101.6912,0.0
SCS04,weekend_2319,1789777206,105.0,3.2264,101.5612,0.0
ETS216,9124,1789777236,0.0,3.137,101.6912,0.0
SCS13,weekend_2315,1789777236,12.0,3.1366,101.69,0.0
EMU24,2908,1789777282,0.0,5.3643,100.4202,0.0
ETS213,9121,1789777278,111.0,3.6515,101.547,0.0
EMU28,2807,1789777276,0.0,4.7781,100.8578,0.0
SCS04,weekend_2319,1789777251,106.0,3.2167,101.5684,0.0
DMU10(D6120),51,1789777248,0.0,5.1437,102.0455,0.0
ETS208,9442,1789777240,36.0,1.8828,103.4046,0.0
SCS11,weekend_2207,1789777238,27.0,3.1774,101.6866,0.0
EMU35,2810,1789777349,50.0,4.7772,100.9336,0.0
ETS216,9124,1789777341,0.0,3.1897,101.66,0.0
ETS308,9425,1789777343,90.0,6.6008544,100.263985,0.0
ETS305,9323,1789777342,90.0,4.8216715,101.06606,0.0
ETS301,9523,1789777342,90.0,2.9925919,101.746376,0.0
ETS302,9572,1789777342,90.0,2.4603848,102.965065,0.0
ETS204,9343,1789777384,139.0,5.0684,100.5063,0.0
ETS213,9121,1789777353,114.0,3.634,101.5615,0.0
ETS305,9323,1789777464,90.0,4.79297,101.09451,0.0
ETS308,9425,1789777464,90.0,6.560228,100.26012,0.0
ETS301,9523,1789777463,90.0,2.9928267,101.7681,0.0
ETS302,9572,1789777463,90.0,2.4715059,102.9303,0.0
EMU35,2810,1789777454,14.0,4.7761,100.9317,0.0
SCS21,weekend_2320,1789777454,26.0,3.0761,101.5689,0.0
ETS212,9224,1789777453,0.0,3.6179,101.5769,0.0
DMU06,52,1789777453,8.0,5.1475,102.0447,0.0
DMU03,53,1789777453,0.0,5.5303,102.203,0.0
SCS10,weekend_2206,1789777452,16.0,3.1663,101.6902,0.0
ETS208,9442,1789777450,0.0,1.8835,103.4043,0.0
SCS32,weekend_2312,1789777450,42.0,3.2537,101.5548,0.0
EMU24,2908,1789777482,0.0,5.3643,100.4202,0.0
ETS204,9343,1789777519,57.0,5.0306,100.5265,0.0
ETS213,9121,1789777518,100.0,3.5998,101.5956,0.0
EMU39,2906,1789777517,89.0,6.3644,100.3075,0.0
SCS13,weekend_2315,1789777491,0.0,3.1367,101.6893,0.0
ETS216,9124,1789777491,52.0,3.2058,101.6342,0.0
EMU35,2810,1789777484,77.0,4.7745,100.9277,0.0
SCS20,weekend_2212,1789777518,21.0,3.0764,101.7112,0.0
SCS04,weekend_2319,1789777476,35.0,3.2037,101.5854,0.0
ETS305,9323,1789777585,90.0,4.7584767,101.11767,0.0
ETS308,9425,1789777585,90.0,6.5178223,100.25685,0.0
DMU10(D6120),51,1789777593,0.0,5.1437,102.0456,0.0
ETS302,9572,1789777585,90.0,2.4804657,102.8992,0.0
ETS301,9523,1789777584,90.0,2.9900117,101.78821,0.0
EMU39,2906,1789777592,0.0,6.3705,100.303,0.0
ETS213,9121,1789777623,98.0,3.5789,101.6135,0.0
SCS13,weekend_2315,1789777626,9.0,3.1368,101.6899,0.0
SCS26,weekend_2316,1789777626,0.0,3.1323,101.6833,0.0
EMU39,2906,1789777592,0.0,6.3705,100.303,0.0
EMU35,2810,1789777713,101.0,4.7747,100.8683,0.0
DMU06,52,1789777678,30.0,5.1567,102.0414,0.0
DMU03,53,1789777678,0.0,5.5302,102.2031,0.0
EMU28,2807,1789777670,90.0,4.7744,100.927,0.0
EMU39,2906,1789777667,81.0,6.376,100.2989,0.0
ETS213,9121,1789777713,84.0,3.5622,101.6292,0.0
SCS20,weekend_2212,1789777678,54.0,3.0819,101.7156,0.0
DMU10(D6120),51,1789777668,0.0,5.1437,102.0456,0.0
ETS302,9572,1789777706,90.0,2.4906175,102.86991,0.0
ETS301,9523,1789777706,90.0,2.9829953,101.791626,0.0
ETS308,9425,1789777706,90.0,6.4756203,100.254486,0.0
ETS305,9323,1789777706,90.0,4.717722,101.123665,0.0
ETS213,9121,1789777758,47.0,3.56,101.6349,0.0
DMU10(D6120),51,1789777758,0.0,5.1437,102.0456,0.0
EMU39,2906,1789777757,123.0,6.3964,100.2836,0.0
EMU24,2908,1789777722,0.0,5.3643,100.4202,0.0
SCS04,weekend_2319,1789777716,0.0,3.2086,101.6288,0.0
SCS26,weekend_2316,1789777716,0.0,3.1323,101.6833,0.0
SCS10,weekend_2206,1789777716,25.0,3.1807,101.6881,0.0
ETS301,9523,1789777827,90.0,2.9826412,101.7919,0.0
ETS302,9572,1789777830,90.0,2.4899197,102.845245,0.0
ETS305,9323,1789777830,90.0,4.6824193,101.14244,0.0
ETS308,9425,1789777830,90.0,6.4372773,100.26682,0.0
SCS10,weekend_2206,1789777866,42.0,3.1877,101.6894,0.0
SCS13,weekend_2315,1789777866,69.0,3.1554,101.6933,0.0
SCS04,weekend_2319,1789777866,0.0,3.2022,101.6378,0.0
ETS204,9343,1789777834,138.0,5.0423,100.5813,0.0
DMU10(D6120),51,1789777833,0.0,5.1437,102.0456,0.0
ETS213,9121,1789777833,78.0,3.5487,101.6397,0.0
EMU39,2906,1789777832,112.0,6.417,100.2734,0.0
ETS212,9224,1789777918,0.0,3.6841,101.5191,0.0
SCS13,weekend_2315,1789777956,15.0,3.1667,101.6895,0.0
ETS308,9425,1789777951,90.0,6.4311304,100.26897,0.0
ETS301,9523,1789777951,90.0,2.9747405,101.791435,0.0
ETS302,9572,1789777951,90.0,2.5000446,102.82524,0.0
ETS305,9323,1789777951,90.0,4.647283,101.11789,0.0
ETS213,9121,1789777938,38.0,3.5384,101.6351,0.0
EMU39,2906,1789777937,0.0,6.4314,100.2685,0.0
SCS04,weekend_2319,1789777926,35.0,3.2,101.6399,0.0
EMU24,2908,1789777922,0.0,5.3643,100.4202,0.0
SCS21,weekend_2320,1789777919,0.0,3.0846,101.5892,0.0
SCS19,weekend_2327,1789777918,114.0,3.6494,101.5495,0.0
DMU06,52,1789777918,35.0,5.1728,102.0318,0.0
DMU03,53,1789777918,18.0,5.5258,102.205,0.0
ETS208,9442,1789777915,117.0,2.0174,103.3208,0.0
SCS13,weekend_2315,1789777956,15.0,3.1667,101.6895,0.0
DMU06,52,1789778008,23.0,5.1726,102.0222,0.0
SCS11,weekend_2207,1789778007,16.0,3.1372,101.692,0.0
SCS04,weekend_2319,1789778001,92.0,3.1937,101.6514,0.0
EMU28,2807,1789778000,114.0,4.8313,100.9537,0.0
ETS204,9343,1789777999,138.0,5.0416,100.6388,0.0
DMU10(D6120),51,1789777998,8.0,5.141,102.0468,0.0
EMU35,2810,1789777983,0.0,4.7761,100.8235,0.0
SCS26,weekend_2316,1789777956,0.0,3.1323,101.6833,0.0
SCS10,weekend_2206,1789777956,32.0,3.1969,101.6824,0.0
ETS204,9343,1789778074,142.0,5.0391,100.665,0.0
ETS212,9224,1789778068,0.0,3.6841,101.5191,0.0
EMU28,2807,1789778060,114.0,4.8398,100.9694,0.0
ETS305,9323,1789778072,90.0,4.6160145,101.09477,0.0
ETS308,9425,1789778072,90.0,6.4270024,100.27037,0.0
ETS301,9523,1789778072,90.0,2.9553869,101.793335,0.0
ETS302,9572,1789778072,90.0,2.5065663,102.81455,0.0
SCS10,weekend_2206,1789778106,20.0,3.2039,101.6763,0.0
SCS04,weekend_2319,1789778106,70.0,3.1898,101.6596,0.0
SCS26,weekend_2316,1789778106,8.0,3.1381,101.693,0.0
EMU28,2807,1789778105,118.0,4.8435,100.9826,0.0
SCS22,2912,1789778105,0.0,5.3932,100.3664,0.0
ETS204,9343,1789778074,142.0,5.0391,100.665,0.0
EMU39,2906,1789778072,110.0,6.4515,100.2616,0.0
ETS305,9323,1789778072,90.0,4.6160145,101.09477,0.0
ETS308,9425,1789778072,90.0,6.4270024,100.27037,0.0
ETS301,9523,1789778072,90.0,2.9553869,101.793335,0.0
ETS302,9572,1789778072,90.0,2.5065663,102.81455,0.0
ETS216,9124,1789778156,0.0,3.2087,101.6297,0.0
SCS07,weekend_2317,1789778156,0.0,3.0848,101.5877,0.0
SCS32,weekend_2312,1789778155,43.0,3.3262,101.5704,0.0
ETS305,9323,1789778193,90.0,4.6022496,101.07665,0.0
ETS308,9425,1789778193,90.0,6.393579,100.28565,0.0
ETS301,9523,1789778193,90.0,2.933931,101.79518,0.0
ETS302,9572,1789778193,90.0,2.5066707,102.814545,0.0
EMU39,2906,1789778177,122.0,6.4831,100.2536,0.0
EMU24,2908,1789778162,0.0,5.3643,100.4202,0.0
SCS21,weekend_2320,1789778159,0.0,3.0846,101.5892,0.0
DMU03,53,1789778158,51.0,5.4961,102.2154,0.0
SCS19,weekend_2327,1789778158,94.0,3.5994,101.5983,0.0
ETS212,9224,1789778158,116.0,3.7178,101.4728,0.0
DMU06,52,1789778158,16.0,5.1736,102.0103,0.0
SCS11,weekend_2207,1789778157,0.0,3.1345,101.6877,0.0
ETS305,9323,1789778193,90.0,4.6022496,101.07665,0.0
ETS308,9425,1789778193,90.0,6.393579,100.28565,0.0
EMU39,2906,1789778237,116.0,6.5019,100.2533,0.0
ETS302,9572,1789778193,90.0,2.5066707,102.814545,0.0
SCS19,weekend_2327,1789778203,104.0,3.592,101.6065,0.0
ETS301,9523,1789778193,90.0,2.933931,101.79518,0.0
ETS216,9124,1789778201,0.0,3.2087,101.6297,0.0
SCS32,weekend_2312,1789778200,73.0,3.3326,101.5703,0.0
EMU24,2908,1789778202,0.0,5.3643,100.4202,0.0
ETS211,9223,1789778200,125.0,5.5105,100.5056,0.0
SCS04,weekend_2319,1789778196,25.0,3.1858,101.6651,0.0
SCS22,2912,1789778195,2.0,5.3916,100.3687,0.0
EMU28,2807,1789778195,123.0,4.8413,101.0096,0.0
ETS308,9425,1789778315,90.0,6.3597302,100.311035,0.0
ETS302,9572,1789778314,90.0,2.5143936,102.808914,0.0
ETS305,9323,1789778314,90.0,4.596923,101.074486,0.0
ETS301,9523,1789778314,90.0,2.9184859,101.79754,0.0
ETS308,9425,1789778315,90.0,6.3597302,100.311035,0.0
ETS305,9323,1789778314,90.0,4.596923,101.074486,0.0
ETS301,9523,1789778314,90.0,2.9184859,101.79754,0.0
ETS302,9572,1789778314,90.0,2.5143936,102.808914,0.0
SCS10,weekend_2206,1789778346,70.0,3.2192,101.6724,0.0
SCS04,weekend_2319,1789778346,56.0,3.1673,101.6886,0.0
ETS204,9343,1789778314,139.0,5.0046,100.7351,0.0
DMU10(D6120),51,1789778313,21.0,5.1293,102.0572,0.0
ETS305,9323,1789778435,90.0,4.5968637,101.074486,0.0
ETS307,9524,1789778435,90.0,1.4628878,103.76667,0.0
ETS302,9572,1789778435,90.0,2.5337465,102.77992,0.0
ETS308,9425,1789778435,90.0,6.326158,100.336205,0.0
ETS301,9523,1789778435,90.0,2.9173172,101.7977,0.0
ETS213,9121,1789778418,96.0,3.4173,101.6255,0.0
SCS19,weekend_2327,1789778398,41.0,3.5595,101.6358,0.0
ETS208,9442,1789778395,121.0,2.0541,103.3081,0.0
SCS23,2915,1789778393,114.0,6.6389,100.2834,0.0
SCS20,weekend_2212,1789778443,8.0,3.1194,101.6787,0.0
SCS07,weekend_2317,1789778441,0.0,3.0822,101.5815,0.0
ETS208,9442,1789778440,133.0,2.0663,103.2996,0.0
SCS32,weekend_2312,1789778440,108.0,3.3669,101.6015,0.0
ETS308,9425,1789778435,90.0,6.326158,100.336205,0.0
ETS301,9523,1789778435,90.0,2.9173172,101.7977,0.0
ETS307,9524,1789778435,90.0,1.4628878,103.76667,0.0
ETS302,9572,1789778435,90.0,2.5337465,102.77992,0.0
SCS26,weekend_2316,1789778481,5.0,3.1538,101.6922,0.0
SCS04,weekend_2319,1789778481,5.0,3.1651,101.6913,0.0
SCS22,2912,1789778480,90.0,5.3685,100.4112,0.0
SCS23,2915,1789778438,113.0,6.6309,100.2727,0.0
ETS305,9323,1789778435,90.0,4.5968637,101.074486,0.0
ETS307,9524,1789778557,90.0,1.4759991,103.757034,0.0
ETS308,9425,1789778557,90.0,6.286724,100.35078,0.0
ETS302,9572,1789778556,90.0,2.5592284,102.74818,0.0
ETS305,9323,1789778556,90.0,4.59493,101.07341,0.0
ETS301,9523,1789778556,90.0,2.906053,101.791916,0.0
SCS23,2915,1789778588,114.0,6.589,100.2629,0.0
SCS10,weekend_2206,1789778586,0.0,3.2371,101.6812,0.0
SCS26,weekend_2316,1789778586,58.0,3.1585,101.6931,0.0
SCS04,weekend_2319,1789778586,0.0,3.1538,101.6926,0.0
EMU39,2906,1789778585,113.0,6.5733,100.2597,0.0
EMU28,2807,1789778576,112.0,4.8051,101.084,0.0
SCS32,weekend_2312,1789778575,3.0,3.3765,101.6149,0.0
ETS204,9343,1789778554,135.0,4.9224,100.7166,0.0
ETS307,9524,1789778557,90.0,1.4759991,103.757034,0.0
ETS308,9425,1789778557,90.0,6.286724,100.35078,0.0
ETS302,9572,1789778556,90.0,2.5592284,102.74818,0.0
ETS305,9323,1789778556,90.0,4.59493,101.07341,0.0
ETS301,9523,1789778556,90.0,2.906053,101.791916,0.0
ETS305,9323,1789778678,90.0,4.5816474,101.06941,0.0
ETS308,9425,1789778678,90.0,6.24507,100.35931,0.0
ETS301,9523,1789778678,90.0,2.8969371,101.78679,0.0
ETS307,9524,1789778678,90.0,1.50492,103.75063,0.0
ETS302,9572,1789778678,90.0,2.579383,102.71285,0.0
SCS10,weekend_2206,1789778676,0.0,3.2371,101.6812,0.0
SCS26,weekend_2316,1789778676,0.0,3.165,101.6912,0.0
EMU39,2906,1789778675,114.0,6.5998,100.2632,0.0
ETS204,9343,1789778674,122.0,4.8816,100.7211,0.0
ETS213,9121,1789778658,20.0,3.3662,101.5998,0.0
SCS20,weekend_2212,1789778643,15.0,3.1303,101.6818,0.0
EMU24,2908,1789778642,0.0,5.3643,100.4202,0.0
DMU06,52,1789778638,38.0,5.2121,102.0125,0.0
ETS212,9224,1789778638,111.0,3.8226,101.4059,0.0
DMU03,53,1789778638,49.0,5.4385,102.235,0.0
SCS19,weekend_2327,1789778638,31.0,3.5386,101.6352,0.0
ETS208,9442,1789778635,133.0,2.1203,103.2626,0.0
SCS10,weekend_2206,1789778721,0.0,3.2371,101.6812,0.0
SCS26,weekend_2316,1789778721,6.0,3.1652,101.691,0.0
SCS04,weekend_2319,1789778676,59.0,3.1496,101.6906,0.0
SCS21,weekend_2320,1789778729,77.0,3.085,101.6261,0.0
SCS23,2915,1789778723,110.0,6.5483,100.2599,0.0
EMU35,2810,1789778674,114.0,4.8812,100.7212,0.0
SCS22,2912,1789778675,98.0,5.364,100.4348,0.0
ETS301,9523,1789778678,90.0,2.8969371,101.78679,0.0
ETS307,9524,1789778678,90.0,1.50492,103.75063,0.0
ETS302,9572,1789778678,90.0,2.579383,102.71285,0.0
ETS305,9323,1789778678,90.0,4.5816474,101.06941,0.0
ETS308,9425,1789778678,90.0,6.24507,100.35931,0.0
ETS204,9343,1789778674,122.0,4.8816,100.7211,0.0
ETS216,9124,1789778719,0.0,3.2087,101.6297,0.0
EMU28,2807,1789778681,114.0,4.7792,101.102,0.0
SCS32,weekend_2312,1789778680,115.0,3.3968,101.6283,0.0
ETS305,9323,1789778799,90.0,4.546811,101.05577,0.0
ETS307,9524,1789778799,90.0,1.5317717,103.73399,0.0
ETS302,9572,1789778799,90.0,2.5834417,102.67043,0.0
ETS308,9425,1789778799,90.0,6.2035584,100.3678,0.0
ETS301,9523,1789778799,90.0,2.8828986,101.81094,0.0
DMU03,53,1789778788,31.0,5.4203,102.2392,0.0
SCS23,2915,1789778828,37.0,6.5243,100.257,0.0
SCS26,weekend_2316,1789778826,83.0,3.1757,101.6813,0.0
SCS04,weekend_2319,1789778826,10.0,3.1399,101.6938,0.0
ETS204,9343,1789778824,15.0,4.8532,100.7324,0.0
ETS305,9323,1789778799,90.0,4.546811,101.05577,0.0
ETS308,9425,1789778799,90.0,6.2035584,100.3678,0.0
ETS301,9523,1789778799,90.0,2.8828986,101.81094,0.0
ETS307,9524,1789778799,90.0,1.5317717,103.73399,0.0
ETS302,9572,1789778799,90.0,2.5834417,102.67043,0.0
EMU35,2810,1789778794,0.0,4.8962,100.7194,0.0
ETS302,9572,1789778920,90.0,2.5828867,102.63571,0.0
ETS301,9523,1789778920,90.0,2.868522,101.819786,0.0
ETS308,9425,1789778920,90.0,6.162884,100.38004,0.0
ETS305,9323,1789778920,90.0,4.5309153,101.05284,0.0
ETS307,9524,1789778920,90.0,1.5361776,103.72522,0.0
ETS211,9223,1789778875,130.0,5.422,100.4801,0.0
ETS213,9121,1789778898,22.0,3.3625,101.5836,0.0
SCS20,weekend_2212,1789778883,0.0,3.1322,101.6834,0.0
ETS212,9224,1789778878,112.0,3.8839,101.3805,0.0
SCS19,weekend_2327,1789778878,0.0,3.4997,101.6343,0.0
SCS07,weekend_2317,1789778876,42.0,3.0817,101.5779,0.0
DMU10(D6120),51,1789778868,29.0,5.0808,102.0697,0.0
SCS11,weekend_2207,1789778877,0.0,3.1193,101.6788,0.0
SCS22,2912,1789778870,47.0,5.3649,100.4563,0.0
EMU24,2908,1789778882,0.0,5.3643,100.4202,0.0
SCS20,weekend_2212,1789778923,0.0,3.1322,101.6834,0.0
EMU24,2908,1789778922,0.0,5.3643,100.4202,0.0
SCS23,2915,1789778918,73.0,6.5203,100.2563,0.0
SCS26,weekend_2316,1789778916,49.0,3.1845,101.6665,0.0
SCS22,2912,1789778915,45.0,5.3611,100.4607,0.0
ETS302,9572,1789778920,90.0,2.5828867,102.63571,0.0
ETS307,9524,1789778920,90.0,1.5361776,103.72522,0.0
ETS308,9425,1789778920,90.0,6.162884,100.38004,0.0
ETS305,9323,1789778920,90.0,4.5309153,101.05284,0.0
ETS301,9523,1789778920,90.0,2.868522,101.819786,0.0
SCS04,weekend_2319,1789778916,0.0,3.1395,101.6937,0.0
ETS305,9323,1789779041,90.0,4.5147867,101.04987,0.0
ETS308,9425,1789779041,90.0,6.123466,100.37575,0.0
ETS307,9524,1789779041,90.0,1.5367858,103.72391,0.0
ETS301,9523,1789779040,90.0,2.8521733,101.82343,0.0
ETS302,9572,1789779040,90.0,2.5789738,102.61423,0.0
DMU06,52,1789779028,53.0,5.2367,102.0094,0.0
DMU03,53,1789779028,41.0,5.4037,102.2313,0.0
SCS22,2912,1789779065,118.0,5.3766,100.469,0.0
SCS23,2915,1789779053,114.0,6.4813,100.2537,0.0
SCS04,weekend_2319,1789779066,0.0,3.1395,101.6937,0.0
SCS26,weekend_2316,1789779066,28.0,3.1914,101.6563,0.0
EMU39,2906,1789779065,0.0,6.6624,100.3198,0.0
SCS07,weekend_2317,1789779056,28.0,3.0767,101.5615,0.0
EMU28,2807,1789779056,112.0,4.6798,101.1402,0.0
SCS32,weekend_2312,1789779055,52.0,3.4708,101.6382,0.0
ETS204,9343,1789779034,0.0,4.8534,100.7327,0.0
ETS307,9524,1789779041,90.0,1.5367858,103.72391,0.0
ETS305,9323,1789779041,90.0,4.5147867,101.04987,0.0
ETS308,9425,1789779041,90.0,6.123466,100.37575,0.0
ETS302,9572,1789779040,90.0,2.5789738,102.61423,0.0
ETS301,9523,1789779040,90.0,2.8521733,101.82343,0.0
EMU35,2810,1789779034,116.0,4.9564,100.7251,0.0
ETS216,9124,1789779034,80.0,3.3633,101.5789,0.0
ETS213,9121,1789779033,105.0,3.3509,101.5721,0.0
EMU28,2807,1789779138,114.0,4.6598,101.1256,0.0
DMU03,53,1789779133,27.0,5.3931,102.232,0.0
SCS07,weekend_2317,1789779131,4.0,3.0756,101.559,0.0
SCS32,weekend_2312,1789779130,111.0,3.4894,101.6365,0.0
SCS23,2915,1789779128,114.0,6.4595,100.2588,0.0
ETS308,9425,1789779162,90.0,6.1124983,100.370705,0.0
ETS307,9524,1789779162,90.0,1.5407041,103.70695,0.0
ETS301,9523,1789779161,90.0,2.8302543,101.82787,0.0
ETS302,9572,1789779161,90.0,2.578901,102.613945,0.0
ETS305,9323,1789779161,90.0,4.480913,101.043236,0.0
SCS19,weekend_2327,1789779133,32.0,3.467,101.6376,0.0
ETS208,9442,1789779130,0.0,2.1901,103.1908,0.0
ETS211,9223,1789779160,32.0,5.3615,100.4672,0.0
SCS04,weekend_2319,1789779156,16.0,3.1368,101.691,0.0
ETS308,9425,1789779162,90.0,6.1124983,100.370705,0.0
ETS307,9524,1789779162,90.0,1.5407041,103.70695,0.0
ETS302,9572,1789779161,90.0,2.578901,102.613945,0.0
ETS305,9323,1789779161,90.0,4.480913,101.043236,0.0
ETS301,9523,1789779161,90.0,2.8302543,101.82787,0.0
SCS20,weekend_2212,1789779203,8.0,3.1417,101.6941,0.0
EMU39,2809,1789779200,0.0,6.6624,100.3198,0.0
EMU28,2807,1789779198,116.0,4.6458,101.115,0.0
ETS213,9121,1789779198,58.0,3.3227,101.5729,0.0
EMU24,2908,1789779162,0.0,5.3643,100.4202,0.0
SCS23,2915,1789779158,110.0,6.4512,100.2617,0.0
SCS26,weekend_2316,1789779156,72.0,3.1929,101.6527,0.0
ETS305,9323,1789779282,90.0,4.45957,101.0501,0.0
ETS308,9425,1789779282,90.0,6.1122227,100.370605,0.0
ETS301,9523,1789779282,90.0,2.8138094,101.813255,0.0
ETS307,9524,1789779282,90.0,1.5650187,103.68937,0.0
ETS302,9572,1789779282,90.0,2.578886,102.61386,0.0
ETS216,9124,1789779274,115.0,3.3978,101.6284,0.0
SCS04,weekend_2319,1789779306,0.0,3.1358,101.6892,0.0
EMU26,2812,1789779307,0.0,4.5979,101.073,0.0
ETS307,9524,1789779282,90.0,1.5650187,103.68937,0.0
ETS302,9572,1789779282,90.0,2.578886,102.61386,0.0
ETS301,9523,1789779282,90.0,2.8138094,101.813255,0.0
SCS26,weekend_2316,1789779306,0.0,3.2022,101.6376,0.0
ETS305,9323,1789779282,90.0,4.45957,101.0501,0.0
ETS308,9425,1789779282,90.0,6.1122227,100.370605,0.0
SCS22,2912,1789779305,115.0,5.4442,100.491,0.0
SCS07,weekend_2317,1789779371,17.0,3.0584,101.5309,0.0
ETS216,9124,1789779379,87.0,3.4248,101.6265,0.0
EMU24,2908,1789779362,0.0,5.3643,100.4202,0.0
ETS205,9044,1789779379,0.0,3.144,101.6932,0.0
EMU28,2807,1789779363,81.0,4.6099,101.0872,0.0
ETS305,9323,1789779403,90.0,4.4592996,101.05019,0.0
ETS307,9524,1789779403,90.0,1.5846401,103.66235,0.0
ETS302,9572,1789779403,90.0,2.575246,102.6012,0.0
ETS308,9425,1789779403,90.0,6.083948,100.378075,0.0
ETS301,9523,1789779403,90.0,2.7888732,101.79857,0.0
EMU39,2809,1789779395,0.0,6.6624,100.3198,0.0
ETS213,9121,1789779378,68.0,3.2898,101.5722,0.0
ETS302,9572,1789779403,90.0,2.575246,102.6012,0.0
ETS307,9524,1789779403,90.0,1.5846401,103.66235,0.0
ETS301,9523,1789779403,90.0,2.7888732,101.79857,0.0
ETS305,9323,1789779403,90.0,4.4592996,101.05019,0.0
ETS308,9425,1789779403,90.0,6.083948,100.378075,0.0
ETS212,9224,1789779418,136.0,4.0226,101.2892,0.0
SCS20,weekend_2212,1789779403,0.0,3.1547,101.693,0.0
EMU35,2810,1789779399,102.0,5.0373,100.7,0.0
ETS204,9343,1789779409,0.0,4.7768,100.799,0.0
ETS213,9121,1789779408,69.0,3.2852,101.569,0.0
EMU26,2812,1789779397,17.0,4.5996,101.0739,0.0
SCS26,weekend_2316,1789779396,13.0,3.2046,101.6353,0.0
EMU24,2908,1789779442,0.0,5.3643,100.4202,0.0
SCS22,2912,1789779395,114.0,5.4704,100.496,0.0
EMU28,2807,1789779408,59.0,4.6099,101.0797,0.0
SCS04,weekend_2319,1789779396,0.0,3.1358,101.6892,0.0
ETS305,9323,1789779524,90.0,4.4557276,101.05188,0.0
ETS308,9425,1789779524,90.0,6.0470695,100.39867,0.0
ETS301,9523,1789779524,90.0,2.7600863,101.81174,0.0
ETS307,9524,1789779524,90.0,1.6209357,103.647514,0.0
ETS302,9572,1789779524,90.0,2.5818136,102.57638,0.0
ETS305,9323,1789779524,90.0,4.4557276,101.05188,0.0
ETS308,9425,1789779524,90.0,6.0470695,100.39867,0.0
ETS301,9523,1789779524,90.0,2.7600863,101.81174,0.0
ETS307,9524,1789779524,90.0,1.6209357,103.647514,0.0
ETS302,9572,1789779524,90.0,2.5818136,102.57638,0.0
ETS205,9044,1789779514,0.0,3.144,101.6932,0.0
ETS216,9124,1789779514,109.0,3.459,101.6385,0.0
ETS213,9121,1789779513,75.0,3.2684,101.5595,0.0
EMU28,2807,1789779513,18.0,4.5978,101.0732,0.0
EMU35,2810,1789779549,111.0,5.0394,100.6582,0.0
SCS04,weekend_2319,1789779546,0.0,3.1358,101.6892,0.0
EMU39,2809,1789779545,16.0,6.6604,100.3173,0.0
SCS22,2912,1789779545,76.0,5.4858,100.4989,0.0
SCS07,weekend_2317,1789779536,23.0,3.0561,101.523,0.0
ETS208,9442,1789779535,124.0,2.2737,103.1431,0.0
ETS211,9223,1789779535,104.0,5.2796,100.4785,0.0
SCS32,weekend_2312,1789779535,0.0,3.5538,101.6394,0.0
ETS204,9343,1789779514,42.0,4.7778,100.8595,0.0
ETS308,9425,1789779645,90.0,6.010071,100.41957,0.0
ETS307,9524,1789779645,90.0,1.6481528,103.618324,0.0
ETS302,9572,1789779645,90.0,2.5722458,102.54938,0.0
ETS305,9323,1789779645,90.0,4.4434695,101.05753,0.0
ETS301,9523,1789779645,90.0,2.7495248,101.84164,0.0
DMU13,34,1789779635,0.0,2.5798,102.6133,0.0
SCS19,weekend_2327,1789779613,57.0,3.3738,101.6121,0.0
SCS11,weekend_2207,1789779612,3.0,3.1402,101.6938,0.0
ETS207,9045,1789779611,0.0,4.5972,101.0726,0.0
ETS211,9223,1789779610,133.0,5.256,100.4836,0.0
EMU39,2809,1789779635,17.0,6.6575,100.3128,0.0
SCS07,weekend_2317,1789779611,24.0,3.0543,101.5179,0.0
ETS208,9442,1789779610,73.0,2.2928,103.1317,0.0
SCS32,weekend_2312,1789779610,89.0,3.5594,101.6359,0.0
EMU39,2809,1789779650,17.0,6.657,100.3121,0.0
ETS204,9343,1789779649,23.0,4.7751,100.8678,0.0
SCS26,weekend_2316,1789779649,84.0,3.2,101.6093,0.0
ETS216,9124,1789779649,0.0,3.4918,101.6356,0.0
ETS205,9044,1789779649,0.0,3.144,101.6932,0.0
ETS213,9121,1789779648,43.0,3.2535,101.5548,0.0
EMU28,2807,1789779648,0.0,4.5971,101.0729,0.0
SCS20,weekend_2212,1789779643,21.0,3.1681,101.6869,0.0
ETS308,9425,1789779645,90.0,6.010071,100.41957,0.0
ETS301,9523,1789779645,90.0,2.7495248,101.84164,0.0
ETS307,9524,1789779645,90.0,1.6481528,103.618324,0.0
EMU24,2908,1789779642,0.0,5.3643,100.4202,0.0
EMU26,2812,1789779637,114.0,4.6287,101.1022,0.0
SCS04,weekend_2319,1789779636,0.0,3.1358,101.6892,0.0
ETS305,9323,1789779645,90.0,4.4434695,101.05753,0.0
ETS302,9572,1789779645,90.0,2.5722458,102.54938,0.0
ETS305,9323,1789779766,90.0,4.4156632,101.07237,0.0
ETS307,9524,1789779766,90.0,1.6643881,103.599556,0.0
ETS301,9523,1789779766,90.0,2.7401547,101.87479,0.0
ETS308,9425,1789779766,90.0,5.973042,100.44047,0.0
ETS302,9572,1789779766,90.0,2.5517342,102.51464,0.0
ETS213,9121,1789779753,85.0,3.2359,101.5598,0.0
EMU26,2812,1789779786,0.0,4.6644,101.1292,0.0
EMU35,2810,1789779786,118.0,5.0448,100.5884,0.0
SCS04,weekend_2319,1789779786,0.0,3.1358,101.6892,0.0
ETS204,9343,1789779754,27.0,4.7724,100.8745,0.0
SCS26,weekend_2316,1789779754,39.0,3.2023,101.5881,0.0
ETS216,9124,1789779754,0.0,3.52,101.6286,0.0
EMU28,2807,1789779753,0.0,4.5951,101.0719,0.0
DMU10(D6120),51,1789779753,26.0,5.0317,102.0463,0.0
ETS307,9524,1789779766,90.0,1.6643881,103.599556,0.0
ETS301,9523,1789779766,90.0,2.7401547,101.87479,0.0
ETS308,9425,1789779766,90.0,5.973042,100.44047,0.0
ETS305,9323,1789779766,90.0,4.4156632,101.07237,0.0
ETS302,9572,1789779766,90.0,2.5517342,102.51464,0.0
ETS308,9425,1789779887,90.0,5.9359927,100.46055,0.0
ETS307,9524,1789779887,90.0,1.670499,103.59024,0.0
ETS305,9323,1789779886,90.0,4.3813925,101.09224,0.0
ETS301,9523,1789779886,90.0,2.7350214,101.89629,0.0
ETS302,9572,1789779886,90.0,2.5178604,102.491516,0.0
EMU26,2812,1789779854,116.0,4.6805,101.1404,0.0
SCS32,weekend_2312,1789779850,107.0,3.6014,101.5922,0.0
ETS216,9124,1789779889,0.0,3.5486,101.6395,0.0
DMU10(D6120),51,1789779888,0.0,5.0246,102.0388,0.0
ETS213,9121,1789779888,42.0,3.2104,101.5741,0.0
ETS212,9224,1789779883,0.0,4.1407,101.2096,0.0
SCS19,weekend_2327,1789779883,25.0,3.3634,101.5886,0.0
SCS07,weekend_2317,1789779881,18.0,3.052,101.4999,0.0
SCS23,2915,1789779878,114.0,6.3207,100.3403,0.0
SCS04,weekend_2319,1789779876,0.0,3.1358,101.6892,0.0
SCS10,weekend_2211,1789779876,0.0,3.2371,101.6812,0.0
EMU39,2809,1789779875,0.0,6.656,100.3107,0.0
SCS22,2912,1789779875,112.0,5.5806,100.4951,0.0
EMU24,2908,1789779922,0.0,5.3643,100.4202,0.0
SCS26,weekend_2316,1789779919,5.0,3.206,101.5806,0.0
EMU35,2810,1789779891,118.0,5.029,100.5616,0.0
ETS308,9425,1789779887,90.0,5.9359927,100.46055,0.0
ETS307,9524,1789779887,90.0,1.670499,103.59024,0.0
ETS302,9572,1789779886,90.0,2.5178604,102.491516,0.0
ETS305,9323,1789779886,90.0,4.3813925,101.09224,0.0
ETS301,9523,1789779886,90.0,2.7350214,101.89629,0.0
SCS32,weekend_2312,1789779880,117.0,3.6089,101.5869,0.0
ETS305,9323,1789780008,90.0,4.346192,101.11813,0.0
ETS307,9524,1789780008,90.0,1.6881589,103.567406,0.0
ETS308,9425,1789780008,90.0,5.89659,100.475655,0.0
ETS303,9573,1789780007,90.0,0.0027284583,0.0154984975,0.0
ETS302,9572,1789780007,90.0,2.4983666,102.4586,0.0
ETS301,9523,1789780007,90.0,2.7239616,101.91885,0.0
ETS305,9323,1789780008,90.0,4.346192,101.11813,0.0
ETS308,9425,1789780008,90.0,5.89659,100.475655,0.0
ETS307,9524,1789780008,90.0,1.6881589,103.567406,0.0
ETS303,9573,1789780007,90.0,0.0027284583,0.0154984975,0.0
ETS301,9523,1789780007,90.0,2.7239616,101.91885,0.0
ETS302,9572,1789780007,90.0,2.4983666,102.4586,0.0
EMU35,2810,1789780026,52.0,5.0251,100.5292,0.0
EMU39,2809,1789780025,0.0,6.6565,100.3114,0.0
EMU24,2908,1789780022,0.0,5.3643,100.4202,0.0
SCS26,weekend_2316,1789779994,20.0,3.2069,101.5777,0.0
ETS216,9124,1789779994,89.0,3.5701,101.6171,0.0
ETS212,9224,1789780093,122.0,4.1961,101.1837,0.0
DMU03,53,1789780093,19.0,5.3271,102.1932,0.0
ETS308,9425,1789780128,90.0,5.854096,100.47775,0.0
ETS301,9523,1789780128,90.0,2.7214859,101.93195,0.0
ETS305,9323,1789780128,90.0,4.313634,101.142136,0.0
ETS207,9045,1789780091,66.0,4.5302,101.0515,0.0
ETS303,9573,1789780128,90.0,3.1310349,101.683685,0.0
ETS307,9524,1789780128,90.0,1.7123363,103.533646,0.0
ETS302,9572,1789780128,90.0,2.47741,102.427605,0.0
EMU39,2809,1789780115,4.0,6.6567,100.3116,0.0
SCS22,2912,1789780115,0.0,5.6425,100.49,0.0
SCS26,weekend_2316,1789780129,98.0,3.2289,101.5603,0.0
ETS303,9573,1789780128,90.0,3.1310349,101.683685,0.0
ETS301,9523,1789780128,90.0,2.7214859,101.93195,0.0
ETS302,9572,1789780128,90.0,2.47741,102.427605,0.0
ETS307,9524,1789780128,90.0,1.7123363,103.533646,0.0
ETS305,9323,1789780128,90.0,4.313634,101.142136,0.0
ETS308,9425,1789780128,90.0,5.854096,100.47775,0.0
ETS213,9121,1789780128,13.0,3.2055,101.5823,0.0
DMU10(D6120),51,1789780128,33.0,5.0157,102.03,0.0
SCS07,weekend_2317,1789780121,1.0,3.0525,101.4872,0.0
SCS32,weekend_2312,1789780120,112.0,3.659,101.5391,0.0
ETS208,9442,1789780120,127.0,2.359,103.0534,0.0
DMU13,34,1789780118,0.0,2.5797,102.6136,0.0
EMU24,2908,1789780162,0.0,5.3643,100.4202,0.0
ETS216,9124,1789780129,85.0,3.5992,101.6006,0.0
EMU26,2812,1789780139,116.0,4.7588,101.1167,0.0
SCS23,2915,1789780118,111.0,6.2515,100.3573,0.0
SCS10,weekend_2211,1789780116,54.0,3.2176,101.6723,0.0
ETS305,9323,1789780249,90.0,4.3021283,101.15434,0.0
ETS303,9573,1789780249,90.0,3.1283607,101.681625,0.0
ETS307,9524,1789780249,90.0,1.7459438,103.509674,0.0
ETS301,9523,1789780249,90.0,2.7189064,101.94035,0.0
ETS308,9425,1789780249,90.0,5.812199,100.47977,0.0
ETS302,9572,1789780249,90.0,2.462352,102.3934,0.0
ETS216,9124,1789780264,119.0,3.6238,101.5701,0.0
EMU35,2810,1789780266,113.0,5.0607,100.5103,0.0
ETS301,9523,1789780249,90.0,2.7189064,101.94035,0.0
ETS305,9323,1789780249,90.0,4.3021283,101.15434,0.0
ETS308,9425,1789780249,90.0,5.812199,100.47977,0.0
ETS307,9524,1789780249,90.0,1.7459438,103.509674,0.0
ETS302,9572,1789780249,90.0,2.462352,102.3934,0.0
ETS303,9573,1789780249,90.0,3.1283607,101.681625,0.0
EMU29,2815,1789780232,0.0,5.3936,100.3662,0.0
ETS204,9343,1789780264,133.0,4.8103,100.9504,0.0
ETS205,9044,1789780234,0.0,3.144,101.6932,0.0
SCS26,weekend_2316,1789780234,16.0,3.249,101.557,0.0
ETS213,9121,1789780233,68.0,3.2004,101.5954,0.0
ETS207,9045,1789780331,121.0,4.4976,101.0453,0.0
SCS22,2912,1789780325,114.0,5.6798,100.4973,0.0
EMU35,2810,1789780356,112.0,5.0849,100.4975,0.0
SCS10,weekend_2211,1789780356,21.0,3.2041,101.6763,0.0
ETS213,9121,1789780353,74.0,3.2081,101.6181,0.0
ETS303,9573,1789780370,90.0,3.1210861,101.679344,0.0
ETS302,9572,1789780370,90.0,2.4602253,102.35583,0.0
ETS307,9524,1789780370,90.0,1.7842396,103.49541,0.0
ETS301,9523,1789780370,90.0,2.718617,101.94082,0.0
SCS32,weekend_2312,1789780330,0.0,3.6848,101.5181,0.0
ETS308,9425,1789780370,90.0,5.772434,100.49365,0.0
ETS305,9323,1789780370,90.0,4.298091,101.15936,0.0
EMU24,2908,1789780362,0.0,5.3643,100.4202,0.0
SCS07,weekend_2317,1789780331,21.0,3.0363,101.4704,0.0
ETS208,9442,1789780330,0.0,2.3833,103.0181,0.0
DMU13,34,1789780358,0.0,2.5797,102.6135,0.0
EMU39,2809,1789780355,0.0,6.6615,100.3175,0.0
EMU26,2812,1789780334,110.0,4.8058,101.0831,0.0
SCS19,weekend_2327,1789780333,35.0,3.3218,101.5736,0.0
DMU06,52,1789780333,0.0,5.3003,102.0203,0.0
SCS11,weekend_2207,1789780332,20.0,3.1702,101.6854,0.0
EMU24,2908,1789780362,0.0,5.3643,100.4202,0.0
DMU13,34,1789780358,0.0,2.5797,102.6135,0.0
ETS212,9224,1789780408,112.0,4.288,101.1635,0.0
EMU39,2809,1789780400,0.0,6.6615,100.3175,0.0
ETS204,9343,1789780399,138.0,4.8422,100.9779,0.0
ETS205,9044,1789780369,0.0,3.144,101.6932,0.0
ETS216,9124,1789780369,0.0,3.6479,101.552,0.0
SCS10,weekend_2211,1789780356,21.0,3.2041,101.6763,0.0
SCS23,2915,1789780358,62.0,6.1865,100.3727,0.0
SCS22,2912,1789780355,115.0,5.6872,100.5024,0.0
ETS308,9425,1789780370,90.0,5.772434,100.49365,0.0
ETS305,9323,1789780370,90.0,4.298091,101.15936,0.0
ETS302,9572,1789780370,90.0,2.4602253,102.35583,0.0
ETS301,9523,1789780370,90.0,2.718617,101.94082,0.0
ETS307,9524,1789780370,90.0,1.7842396,103.49541,0.0
ETS303,9573,1789780370,90.0,3.1210861,101.679344,0.0
SCS26,weekend_2316,1789780369,20.0,3.256,101.5545,0.0
DMU10(D6120),51,1789780368,63.0,4.9897,102.0162,0.0
EMU29,2815,1789780367,42.0,5.3886,100.3721,0.0
ETS305,9323,1789780491,90.0,4.272058,101.169556,0.0
ETS308,9425,1789780491,90.0,5.733491,100.51014,0.0
ETS301,9523,1789780491,90.0,2.7165112,101.94391,0.0
ETS307,9524,1789780491,90.0,1.8116578,103.479614,0.0
ETS302,9572,1789780491,90.0,2.4537,102.315216,0.0
ETS303,9573,1789780491,90.0,3.1120527,101.68641,0.0
EMU29,2815,1789780502,93.0,5.3754,100.3964,0.0
DMU06,52,1789780528,50.0,5.3226,102.02,0.0
SCS19,weekend_2327,1789780528,81.0,3.3059,101.575,0.0
SCS07,weekend_2317,1789780526,25.0,3.0387,101.4542,0.0
ETS208,9442,1789780525,127.0,2.4079,103.0077,0.0
ETS305,9323,1789780491,90.0,4.272058,101.169556,0.0
ETS308,9425,1789780491,90.0,5.733491,100.51014,0.0
SCS23,2915,1789780523,117.0,6.1686,100.3788,0.0
ETS301,9523,1789780491,90.0,2.7165112,101.94391,0.0
ETS307,9524,1789780491,90.0,1.8116578,103.479614,0.0
ETS302,9572,1789780491,90.0,2.4537,102.315216,0.0
ETS303,9573,1789780491,90.0,3.1120527,101.68641,0.0
SCS26,weekend_2316,1789780504,13.0,3.2599,101.5553,0.0
DMU10(D6120),51,1789780503,57.0,4.9671,102.0117,0.0
SCS04,weekend_2319,1789780533,43.0,3.0892,101.6696,0.0
EMU29,2815,1789780532,96.0,5.3719,100.4031,0.0
ETS305,9323,1789780612,90.0,4.244847,101.176895,0.0
ETS302,9572,1789780612,90.0,2.4580212,102.275345,0.0
ETS307,9524,1789780612,90.0,1.8144928,103.47649,0.0
ETS301,9523,1789780612,90.0,2.7009268,101.95979,0.0
ETS308,9425,1789780612,90.0,5.693127,100.507805,0.0
ETS303,9573,1789780612,90.0,3.1010268,101.702255,0.0
ETS216,9124,1789780594,0.0,3.6824,101.5209,0.0
ETS204,9343,1789780534,138.0,4.833,101.0217,0.0
SCS26,weekend_2316,1789780534,75.0,3.2629,101.557,0.0
SCS21,weekend_2320,1789780618,55.0,3.1497,101.6907,0.0
ETS303,9573,1789780612,90.0,3.1010268,101.702255,0.0
ETS302,9572,1789780612,90.0,2.4580212,102.275345,0.0
ETS307,9524,1789780612,90.0,1.8144928,103.47649,0.0
ETS301,9523,1789780612,90.0,2.7009268,101.95979,0.0
ETS308,9425,1789780612,90.0,5.693127,100.507805,0.0
ETS305,9323,1789780612,90.0,4.244847,101.176895,0.0
EMU24,2908,1789780642,0.0,5.3643,100.4202,0.0
SCS10,weekend_2211,1789780641,0.0,3.1815,101.6885,0.0
EMU35,2810,1789780598,0.0,5.1307,100.4861,0.0
EMU39,2809,1789780640,0.0,6.6615,100.3175,0.0
SCS22,2912,1789780640,114.0,5.7663,100.4956,0.0
EMU29,2815,1789780637,10.0,5.3647,100.4211,0.0
SCS26,weekend_2316,1789780609,56.0,3.2757,101.562,0.0
ETS204,9343,1789780609,135.0,4.8246,101.0445,0.0
ETS216,9124,1789780609,0.0,3.6824,101.5209,0.0
ETS213,9121,1789780608,82.0,3.1835,101.6683,0.0
DMU10(D6120),51,1789780608,2.0,4.9625,102.0104,0.0
SCS04,weekend_2319,1789780608,20.0,3.0862,101.6641,0.0
ETS307,9524,1789780734,90.0,1.8275223,103.45339,0.0
ETS308,9425,1789780734,90.0,5.6543083,100.49293,0.0
ETS302,9572,1789780733,90.0,2.4594398,102.23647,0.0
ETS303,9573,1789780733,90.0,3.096478,101.70795,0.0
ETS301,9523,1789780733,90.0,2.6818626,101.97618,0.0
ETS305,9323,1789780733,90.0,4.242215,101.177124,0.0
EMU24,2908,1789780762,0.0,5.3643,100.4202,0.0
ETS307,9524,1789780734,90.0,1.8275223,103.45339,0.0
ETS308,9425,1789780734,90.0,5.6543083,100.49293,0.0
ETS303,9573,1789780733,90.0,3.096478,101.70795,0.0
ETS302,9572,1789780733,90.0,2.4594398,102.23647,0.0
ETS305,9323,1789780733,90.0,4.242215,101.177124,0.0
ETS212,9224,1789780768,0.0,4.3028,101.1536,0.0
ETS301,9523,1789780733,90.0,2.6818626,101.97618,0.0
EMU39,2809,1789780805,0.0,6.6615,100.3175,0.0
ETS212,9224,1789780843,0.0,4.3028,101.1536,0.0
ETS308,9425,1789780854,90.0,5.642612,100.49092,0.0
ETS303,9573,1789780854,90.0,3.0954695,101.70922,0.0
ETS302,9572,1789780854,90.0,2.466864,102.20638,0.0
ETS307,9524,1789780854,90.0,1.8483922,103.42315,0.0
ETS301,9523,1789780854,90.0,2.6634955,101.99412,0.0
ETS305,9323,1789780854,90.0,4.233262,101.17789,0.0
ETS213,9121,1789780833,63.0,3.1552,101.6935,0.0
SCS07,weekend_2317,1789780826,32.0,3.0437,101.4353,0.0
ETS208,9442,1789780825,120.0,2.4723,102.9347,0.0
ETS211,9223,1789780825,134.0,5.043,100.621,0.0
SCS10,weekend_2211,1789780806,24.0,3.1785,101.6871,0.0
EMU26,2812,1789780806,112.0,4.8314,101.0229,0.0
SCS22,2912,1789780805,105.0,5.8132,100.4789,0.0
EMU29,2815,1789780772,89.0,5.3654,100.4379,0.0
SCS26,weekend_2316,1789780774,0.0,3.2806,101.5656,0.0
ETS204,9343,1789780774,0.0,4.8191,101.0706,0.0
DMU10(D6120),51,1789780773,67.0,4.9449,102.0054,0.0
ETS204,9343,1789780879,130.0,4.8023,101.0877,0.0
SCS26,weekend_2316,1789780879,13.0,3.283,101.5671,0.0
ETS216,9124,1789780879,112.0,3.703,101.4989,0.0
EMU29,2815,1789780877,0.0,5.3664,100.4472,0.0
EMU39,2809,1789780865,0.0,6.6615,100.3175,0.0
SCS22,2912,1789780865,9.0,5.8237,100.478,0.0
EMU24,2908,1789780862,0.0,5.3643,100.4202,0.0
DMU03,53,1789780858,0.0,5.3154,102.14,0.0
ETS213,9121,1789780848,60.0,3.153,101.692,0.0
EMU26,2812,1789780836,113.0,4.838,101.0169,0.0
ETS308,9425,1789780854,90.0,5.642612,100.49092,0.0
ETS303,9573,1789780854,90.0,3.0954695,101.70922,0.0
ETS302,9572,1789780854,90.0,2.466864,102.20638,0.0
ETS307,9524,1789780854,90.0,1.8483922,103.42315,0.0
ETS305,9323,1789780854,90.0,4.233262,101.17789,0.0
ETS301,9523,1789780854,90.0,2.6634955,101.99412,0.0
ETS205,9044,1789780834,0.0,3.2008,101.5972,0.0
SCS04,weekend_2319,1789780833,79.0,3.082,101.6511,0.0
DMU10(D6120),51,1789780833,74.0,4.9338,102.0032,0.0
ETS301,9523,1789780975,90.0,2.655133,102.015495,0.0
ETS303,9573,1789780975,90.0,3.0954428,101.70921,0.0
ETS305,9323,1789780975,90.0,4.222958,101.179665,0.0
ETS308,9425,1789780975,90.0,5.642567,100.490875,0.0
ETS307,9524,1789780975,90.0,1.878879,103.408356,0.0
ETS302,9572,1789780975,90.0,2.4609952,102.183716,0.0
ETS305,9323,1789780975,90.0,4.222958,101.179665,0.0
ETS302,9572,1789780975,90.0,2.4609952,102.183716,0.0
ETS303,9573,1789780975,90.0,3.0954428,101.70921,0.0
ETS308,9425,1789780975,90.0,5.642567,100.490875,0.0
ETS307,9524,1789780975,90.0,1.878879,103.408356,0.0
ETS301,9523,1789780975,90.0,2.655133,102.015495,0.0
EMU29,2815,1789781072,115.0,5.3472,100.4684,0.0
ETS208,9442,1789781065,118.0,2.4891,102.8615,0.0
ETS211,9223,1789781065,133.0,5.0365,100.7027,0.0
ETS305,9323,1789781096,90.0,4.1919284,101.18557,0.0
ETS308,9425,1789781096,90.0,5.641255,100.49069,0.0
ETS301,9523,1789781096,90.0,2.6364384,102.04358,0.0
ETS307,9524,1789781096,90.0,1.8848133,103.40536,0.0
ETS302,9572,1789781096,90.0,2.500312,102.176254,0.0
ETS303,9573,1789781096,90.0,3.0954645,101.70923,0.0
ETS205,9044,1789781074,0.0,3.2062,101.5809,0.0
SCS10,weekend_2211,1789781074,0.0,3.1652,101.6912,0.0
ETS213,9121,1789781073,0.0,3.1401,101.6937,0.0
EMU39,2809,1789781045,0.0,6.6615,100.3175,0.0
EMU26,2812,1789781046,117.0,4.8346,100.9571,0.0
SCS22,2912,1789781045,114.0,5.8494,100.4769,0.0
DMU03,53,1789781038,42.0,5.3227,102.1264,0.0
ETS305,9323,1789781096,90.0,4.1919284,101.18557,0.0
ETS302,9572,1789781096,90.0,2.500312,102.176254,0.0
SCS32,weekend_2331,1789781080,0.0,3.6848,101.5181,0.0
EMU35,2810,1789781078,106.0,5.227,100.49,0.0
SCS22,2912,1789781120,113.0,5.872,100.477,0.0
ETS216,9124,1789781119,77.0,3.7457,101.4496,0.0
SCS10,weekend_2211,1789781119,7.0,3.1651,101.6913,0.0
SCS26,weekend_2316,1789781119,10.0,3.2927,101.5738,0.0
ETS205,9044,1789781119,0.0,3.2062,101.5809,0.0
ETS204,9343,1789781119,73.0,4.7276,101.1222,0.0
SCS04,weekend_2319,1789781118,40.0,3.0841,101.6173,0.0
ETS213,9121,1789781118,15.0,3.1396,101.6936,0.0
EMU29,2815,1789781117,115.0,5.3337,100.47,0.0
ETS212,9224,1789781113,107.0,4.4417,101.0576,0.0
ETS308,9425,1789781096,90.0,5.641255,100.49069,0.0
ETS301,9523,1789781096,90.0,2.6364384,102.04358,0.0
ETS307,9524,1789781096,90.0,1.8848133,103.40536,0.0
ETS303,9573,1789781096,90.0,3.0954645,101.70923,0.0
ETS308,9425,1789781217,90.0,5.6097584,100.496925,0.0
ETS302,9572,1789781217,90.0,2.5346982,102.156105,0.0
ETS305,9323,1789781217,90.0,4.166275,101.18987,0.0
ETS303,9573,1789781217,90.0,3.0954447,101.709206,0.0
ETS301,9523,1789781217,90.0,2.6181917,102.0797,0.0
ETS307,9524,1789781217,90.0,1.8972299,103.3989,0.0
ETS302,9572,1789781217,90.0,2.5346982,102.156105,0.0
ETS307,9524,1789781217,90.0,1.8972299,103.3989,0.0
ETS308,9425,1789781217,90.0,5.6097584,100.496925,0.0
ETS305,9323,1789781217,90.0,4.166275,101.18987,0.0
ETS301,9523,1789781217,90.0,2.6181917,102.0797,0.0
ETS303,9573,1789781217,90.0,3.0954447,101.709206,0.0
ETS308,9425,1789781338,90.0,5.5679584,100.4978,0.0
ETS307,9524,1789781338,90.0,1.9258034,103.37224,0.0
ETS305,9323,1789781338,90.0,4.140725,101.209206,0.0
ETS302,9572,1789781337,90.0,2.560033,102.124725,0.0
ETS303,9573,1789781337,90.0,3.0883644,101.71171,0.0
ETS301,9523,1789781337,90.0,2.5826523,102.10189,0.0
SCS23,2915,1789781258,114.0,5.9998,100.4249,0.0
DMU13,34,1789781258,0.0,2.58,102.6134,0.0
EMU35,2810,1789781258,103.0,5.2759,100.4791,0.0
EMU26,2812,1789781256,78.0,4.7805,100.9353,0.0
EMU39,2809,1789781255,0.0,6.6615,100.3175,0.0
SCS22,2912,1789781255,115.0,5.9112,100.4695,0.0
ETS204,9343,1789781254,129.0,4.6863,101.1417,0.0
EMU29,2815,1789781356,0.0,5.2864,100.481,0.0
SCS22,2912,1789781360,114.0,5.9406,100.4582,0.0
ETS213,9121,1789781358,0.0,3.1368,101.6906,0.0
DMU13,34,1789781333,0.0,2.5799,102.6134,0.0
SCS23,2915,1789781333,99.0,5.9809,100.4357,0.0
EMU26,2812,1789781361,7.0,4.7761,100.9318,0.0
SCS26,weekend_2316,1789781359,28.0,3.313,101.5749,0.0
SCS04,weekend_2319,1789781358,55.0,3.0833,101.5977,0.0
DMU10(D6120),51,1789781358,36.0,4.8816,101.9677,0.0
ETS308,9425,1789781338,90.0,5.5679584,100.4978,0.0
ETS305,9323,1789781338,90.0,4.140725,101.209206,0.0
ETS307,9524,1789781338,90.0,1.9258034,103.37224,0.0
ETS301,9523,1789781337,90.0,2.5826523,102.10189,0.0
ETS302,9572,1789781337,90.0,2.560033,102.124725,0.0
ETS303,9573,1789781337,90.0,3.0883644,101.71171,0.0
EMU39,2809,1789781330,0.0,6.6615,100.3175,0.0
ETS308,9425,1789781459,90.0,5.5265126,100.50695,0.0
ETS302,9572,1789781459,90.0,2.5895789,102.09773,0.0
ETS305,9323,1789781459,90.0,4.1217422,101.239746,0.0
ETS303,9573,1789781459,90.0,3.076459,101.71296,0.0
ETS301,9523,1789781459,90.0,2.5553007,102.131325,0.0
ETS307,9524,1789781459,90.0,1.9573267,103.34416,0.0
DMU09,35,1789781408,0.0,4.1872,102.0529,0.0
EMU39,2809,1789781405,0.0,6.6615,100.3175,0.0
EMU35,2810,1789781378,35.0,5.2872,100.4812,0.0
ETS305,9323,1789781459,90.0,4.1217422,101.239746,0.0
ETS302,9572,1789781459,90.0,2.5895789,102.09773,0.0
ETS303,9573,1789781459,90.0,3.076459,101.71296,0.0
ETS308,9425,1789781459,90.0,5.5265126,100.50695,0.0
ETS307,9524,1789781459,90.0,1.9573267,103.34416,0.0
ETS301,9523,1789781459,90.0,2.5553007,102.131325,0.0
ETS305,9323,1789781580,90.0,4.0942035,101.27057,0.0
ETS303,9573,1789781580,90.0,3.0734541,101.71054,0.0
ETS307,9524,1789781580,90.0,1.9941684,103.32752,0.0
ETS302,9572,1789781580,90.0,2.6223621,102.076515,0.0
ETS301,9523,1789781580,90.0,2.5286689,102.163635,0.0
ETS308,9425,1789781580,90.0,5.4873037,100.500374,0.0
ETS305,9323,1789781580,90.0,4.0942035,101.27057,0.0
ETS302,9572,1789781580,90.0,2.6223621,102.076515,0.0
ETS303,9573,1789781580,90.0,3.0734541,101.71054,0.0
ETS308,9425,1789781580,90.0,5.4873037,100.500374,0.0
ETS307,9524,1789781580,90.0,1.9941684,103.32752,0.0
ETS301,9523,1789781580,90.0,2.5286689,102.163635,0.0
DMU03,53,1789781563,42.0,5.3661,102.0885,0.0
SCS19,weekend_2327,1789781563,83.0,3.2012,101.6001,0.0
SCS21,weekend_2320,1789781563,29.0,3.2052,101.6348,0.0
ETS207,9045,1789781561,95.0,4.2726,101.1686,0.0
ETS208,9442,1789781560,104.0,2.5209,102.7962,0.0
SCS32,weekend_2331,1789781560,110.0,3.6185,101.5759,0.0
ETS211,9223,1789781560,129.0,4.8829,100.7208,0.0
ETS205,9044,1789781599,0.0,3.28,101.5647,0.0
ETS212,9224,1789781563,103.0,4.4888,101.0434,0.0
EMU29,2815,1789781656,115.0,5.2119,100.4909,0.0
DMU03,53,1789781653,10.0,5.3712,102.0857,0.0
ETS204,9343,1789781644,32.0,4.6069,101.0766,0.0
ETS216,9124,1789781644,120.0,3.8738,101.3806,0.0
ETS211,9223,1789781635,100.0,4.863,100.7316,0.0
ETS205,9044,1789781614,56.0,3.2856,101.5688,0.0
EMU35,2810,1789781654,111.0,5.3548,100.4653,0.0
EMU26,2812,1789781654,74.0,4.7767,100.8641,0.0
SCS19,weekend_2327,1789781653,77.0,3.2072,101.617,0.0
ETS212,9224,1789781653,70.0,4.5161,101.0488,0.0
SCS04,weekend_2319,1789781633,36.0,3.0819,101.5804,0.0
ETS207,9045,1789781651,92.0,4.2503,101.1754,0.0
DMU13,34,1789781633,0.0,2.5799,102.6135,0.0
ETS208,9442,1789781650,129.0,2.5369,102.7724,0.0
SCS26,weekend_2316,1789781614,27.0,3.3264,101.5702,0.0
SCS10,weekend_2211,1789781614,0.0,3.1346,101.6877,0.0
ETS213,9121,1789781613,0.0,3.1368,101.6906,0.0
DMU10(D6120),51,1789781613,0.0,4.8792,101.9669,0.0
SCS22,2912,1789781720,114.0,6.0013,100.4241,0.0
DMU10(D6120),51,1789781718,0.0,4.8791,101.967,0.0
ETS303,9573,1789781701,90.0,3.048823,101.7077,0.0
ETS302,9572,1789781701,90.0,2.6378272,102.04054,0.0
ETS307,9524,1789781701,90.0,2.0323923,103.3189,0.0
ETS301,9523,1789781701,90.0,2.4906993,102.17978,0.0
ETS305,9323,1789781701,90.0,4.0585485,101.28213,0.0
ETS308,9425,1789781701,90.0,5.4817076,100.49888,0.0
DMU06,52,1789781728,10.0,5.381,102.0349,0.0
DMU10(D6120),51,1789781778,13.0,4.8789,101.9671,0.0
DMU09,35,1789781828,7.0,4.1872,102.0531,0.0
SCS04,weekend_2319,1789781828,17.0,3.0759,101.5596,0.0
DMU13,34,1789781828,0.0,2.5798,102.6134,0.0
EMU39,2809,1789781825,0.0,6.6615,100.3175,0.0
ETS308,9425,1789781822,90.0,5.479527,100.49829,0.0
ETS303,9573,1789781822,90.0,3.0267549,101.7148,0.0
ETS305,9323,1789781822,90.0,4.0208254,101.29079,0.0
ETS301,9523,1789781822,90.0,2.4532385,102.188354,0.0
ETS307,9524,1789781822,90.0,2.035892,103.3179,0.0
ETS302,9572,1789781822,90.0,2.6550393,102.014114,0.0
SCS26,weekend_2316,1789781824,85.0,3.3633,101.5778,0.0
ETS208,9442,1789781875,134.0,2.5797,102.713,0.0
DMU06,52,1789781923,0.0,5.382,102.0359,0.0
EMU29,2815,1789781911,69.0,5.1661,100.4799,0.0
ETS212,9224,1789781878,33.0,4.5447,101.0542,0.0
DMU03,53,1789781878,12.0,5.3704,102.0862,0.0
ETS211,9223,1789781875,93.0,4.8441,100.7286,0.0
EMU39,2809,1789781870,0.0,6.6615,100.3175,0.0
SCS10,weekend_2211,1789781869,11.0,3.1281,101.68,0.0
ETS213,9121,1789781868,0.0,3.1368,101.6906,0.0
EMU26,2812,1789781879,117.0,4.776,100.824,0.0
SCS19,weekend_2327,1789781878,22.0,3.203,101.6371,0.0
DMU10(D6120),51,1789781868,4.0,4.8789,101.9669,0.0
EMU35,2810,1789781864,64.0,5.367,100.4429,0.0
ETS305,9323,1789781943,90.0,3.9871795,101.311516,0.0
ETS308,9425,1789781943,90.0,5.443744,100.49193,0.0
DMU11(D6122),55,1789781916,73.0,6.1842,102.1795,0.0
ETS216,9124,1789781914,124.0,3.9377,101.3388,0.0
ETS205,9044,1789781914,28.0,3.3048,101.5749,0.0
ETS213,9121,1789781913,0.0,3.1368,101.6906,0.0
DMU10(D6120),51,1789781913,4.0,4.879,101.9669,0.0
ETS301,9523,1789781943,90.0,2.4698648,102.21382,0.0
ETS303,9573,1789781943,90.0,3.0053678,101.728615,0.0
ETS302,9572,1789781943,90.0,2.6626594,101.994606,0.0
ETS307,9524,1789781943,90.0,2.037984,103.317276,0.0
SCS26,weekend_2316,1789781974,30.0,3.3748,101.6131,0.0
ETS205,9044,1789781974,42.0,3.3122,101.5749,0.0
ETS213,9121,1789781973,0.0,3.1368,101.6906,0.0
SCS10,weekend_2211,1789781974,22.0,3.1263,101.6787,0.0
DMU03,53,1789782073,0.0,5.3719,102.0854,0.0
EMU29,2815,1789782061,19.0,5.1311,100.4861,0.0
ETS208,9442,1789782070,127.0,2.5853,102.6514,0.0
SCS32,weekend_2331,1789782070,29.0,3.541,101.6359,0.0
EMU35,2810,1789782074,89.0,5.3669,100.4153,0.0
ETS212,9224,1789782073,71.0,4.5908,101.0712,0.0
DMU06,52,1789782073,39.0,5.3931,102.0509,0.0
SCS19,weekend_2327,1789782073,52.0,3.1925,101.6539,0.0
ETS207,9045,1789782071,93.0,4.1863,101.1857,0.0
ETS307,9524,1789782064,90.0,2.0635633,103.30276,0.0
ETS308,9425,1789782064,90.0,5.405782,100.47398,0.0
ETS303,9573,1789782063,90.0,2.9968228,101.740616,0.0
ETS305,9323,1789782063,90.0,3.9528005,101.328316,0.0
ETS302,9572,1789782063,90.0,2.6813297,101.97626,0.0
ETS301,9523,1789782063,90.0,2.463349,102.22686,0.0
EMU26,2812,1789782074,111.0,4.786,100.7674,0.0
EMU29,2815,1789782136,27.0,5.1302,100.4863,0.0
SCS21,weekend_2320,1789782111,26.0,3.2067,101.5787,0.0
ETS305,9323,1789782184,90.0,3.921222,101.34547,0.0
ETS308,9425,1789782184,90.0,5.376162,100.469864,0.0
ETS301,9523,1789782184,90.0,2.4608033,102.23185,0.0
ETS307,9524,1789782184,90.0,2.0961015,103.27654,0.0
ETS302,9572,1789782184,90.0,2.6967502,101.96722,0.0
ETS303,9573,1789782184,90.0,2.9906118,101.76487,0.0
SCS23,2915,1789782203,115.0,5.7886,100.4862,0.0
SCS22,2912,1789782155,52.0,6.1115,100.3689,0.0
ETS216,9124,1789782154,145.0,4.0056,101.3019,0.0
SCS10,weekend_2211,1789782154,78.0,3.1144,101.6805,0.0
EMU29,2815,1789782196,104.0,5.1185,100.4887,0.0
ETS205,9044,1789782154,35.0,3.3217,101.5737,0.0
ETS204,9343,1789782154,41.0,4.5438,101.0541,0.0
SCS26,weekend_2316,1789782154,114.0,3.4003,101.6279,0.0
ETS213,9121,1789782153,0.0,3.1368,101.6906,0.0
DMU10(D6120),51,1789782153,58.0,4.8584,101.9702,0.0
ETS305,9323,1789782305,90.0,3.8937485,101.36592,0.0
ETS301,9523,1789782305,90.0,2.4585507,102.265366,0.0
ETS307,9524,1789782305,90.0,2.1332743,103.26015,0.0
ETS302,9572,1789782305,90.0,2.7080672,101.95287,0.0
ETS303,9573,1789782305,90.0,2.9919636,101.78353,0.0
ETS308,9425,1789782305,90.0,5.3586874,100.46779,0.0
SCS21,weekend_2320,1789782366,63.0,3.2448,101.5601,0.0
SCS22,2912,1789782365,113.0,6.1443,100.3805,0.0
EMU39,2809,1789782365,0.0,6.6615,100.3175,0.0
ETS204,9343,1789782364,30.0,4.5231,101.0501,0.0
DMU10(D6120),51,1789782363,36.0,4.8426,101.9853,0.0
ETS212,9224,1789782448,0.0,4.6106,101.0823,0.0
DMU10(D6120),51,1789782453,57.0,4.8368,101.9968,0.0
SCS10,weekend_2211,1789782409,0.0,3.0978,101.706,0.0
ETS307,9524,1789782426,90.0,2.1576831,103.22847,0.0
ETS303,9573,1789782426,90.0,2.9763675,101.79145,0.0
ETS302,9572,1789782426,90.0,2.714275,101.94726,0.0
ETS305,9323,1789782426,90.0,3.866603,101.379005,0.0
ETS301,9523,1789782426,90.0,2.4548857,102.30581,0.0
ETS308,9425,1789782426,90.0,5.3425817,100.47033,0.0
ETS214,9225,1789782419,16.0,6.6616,100.3185,0.0
EMU35,2810,1789782419,24.0,5.3927,100.3674,0.0
SCS19,weekend_2327,1789782418,45.0,3.1676,101.6879,0.0
DMU03,53,1789782418,0.0,5.3719,102.0855,0.0
EMU26,2812,1789782418,0.0,4.853,100.7322,0.0
DMU06,52,1789782418,45.0,5.3873,102.0779,0.0
ETS211,9223,1789782415,25.0,4.7775,100.8606,0.0
SCS32,weekend_2331,1789782415,85.0,3.4725,101.6385,0.0
EMU29,2815,1789782414,115.0,5.0578,100.5119,0.0
SCS23,2915,1789782413,114.0,5.7295,100.5113,0.0
ETS207,9045,1789782401,110.0,4.1421,101.2074,0.0
ETS211,9223,1789782460,23.0,4.7768,100.8636,0.0
SCS04,weekend_2319,1789782458,17.0,3.0524,101.4928,0.0
SCS23,2915,1789782458,114.0,5.7165,100.5138,0.0
ETS205,9044,1789782499,114.0,3.3686,101.6062,0.0
SCS10,weekend_2211,1789782499,0.0,3.0978,101.706,0.0
SCS21,weekend_2320,1789782486,28.0,3.2531,101.5549,0.0
ETS216,9124,1789782484,111.0,4.1047,101.2641,0.0
DMU03,53,1789782463,0.0,5.3719,102.0854,0.0
EMU26,2812,1789782463,47.0,4.8542,100.7332,0.0
SCS22,2912,1789782455,113.0,6.1713,100.3786,0.0
ETS213,9121,1789782453,0.0,3.1368,101.6906,0.0
SCS32,weekend_2331,1789782460,0.0,3.469,101.6379,0.0
ETS208,9442,1789782460,0.0,2.5798,102.6143,0.0
EMU29,2815,1789782459,114.0,5.0458,100.5183,0.0
DMU10(D6120),51,1789782453,57.0,4.8368,101.9968,0.0
ETS308,9425,1789782547,90.0,5.305146,100.478676,0.0
ETS204,9343,1789782574,93.0,4.4727,101.0427,0.0
SCS21,weekend_2320,1789782561,0.0,3.2588,101.555,0.0
SCS22,2912,1789782560,0.0,6.1827,100.3752,0.0
EMU39,2809,1789782560,0.0,6.6615,100.3175,0.0
ETS216,9124,1789782529,0.0,4.1069,101.2597,0.0
ETS305,9323,1789782547,90.0,3.8372777,101.39652,0.0
ETS307,9524,1789782547,90.0,2.184031,103.19967,0.0
ETS301,9523,1789782546,90.0,2.458775,102.34693,0.0
ETS302,9572,1789782546,90.0,2.7178016,101.942024,0.0
ETS303,9573,1789782546,90.0,2.9538343,101.79255,0.0
ETS204,9343,1789782574,93.0,4.4727,101.0427,0.0
SCS21,weekend_2320,1789782636,40.0,3.2616,101.5563,0.0
SCS22,2912,1789782635,109.0,6.1918,100.3696,0.0
ETS305,9323,1789782667,90.0,3.808162,101.41912,0.0
ETS302,9572,1789782667,90.0,2.7186167,101.94081,0.0
ETS303,9573,1789782667,90.0,2.9324188,101.79562,0.0
ETS308,9425,1789782667,90.0,5.271596,100.48062,0.0
ETS307,9524,1789782667,90.0,2.1905484,103.19152,0.0
ETS301,9523,1789782667,90.0,2.4612296,102.38797,0.0
DMU13,34,1789782638,85.0,2.6418,102.5863,0.0
SCS23,2915,1789782638,110.0,5.6675,100.4942,0.0
SCS04,weekend_2319,1789782638,21.0,3.0525,101.4889,0.0
DMU11(D6122),55,1789782636,0.0,6.1186,102.2007,0.0
EMU39,2809,1789782635,0.0,6.6615,100.3175,0.0
DMU03,53,1789782748,0.0,5.3719,102.0853,0.0
SCS19,weekend_2327,1789782748,20.0,3.1444,101.693,0.0
ETS207,9045,1789782746,116.0,4.07,101.2769,0.0
SCS07,weekend_2330,1789782746,12.0,3.0026,101.3913,0.0
ETS208,9442,1789782745,84.0,2.5775,102.5572,0.0
SCS23,2915,1789782743,25.0,5.6433,100.4901,0.0
ETS214,9225,1789782734,132.0,6.6274,100.2686,0.0
DMU13,34,1789782728,81.0,2.6526,102.5706,0.0
DMU10(D6120),51,1789782723,60.0,4.8024,102.0155,0.0
ETS211,9223,1789782745,95.0,4.7735,100.8993,0.0
EMU29,2815,1789782744,117.0,5.0253,100.556,0.0
SCS21,weekend_2320,1789782726,70.0,3.2764,101.5621,0.0
SCS22,2912,1789782725,113.0,6.2184,100.364,0.0
ETS212,9224,1789782718,121.0,4.6695,101.1335,0.0
ETS212,9224,1789782793,0.0,4.6879,101.1418,0.0
ETS308,9425,1789782788,90.0,5.230108,100.489845,0.0
ETS301,9523,1789782788,90.0,2.472969,102.415115,0.0
ETS307,9524,1789782788,90.0,2.2012296,103.18079,0.0
ETS303,9573,1789782788,90.0,2.9095695,101.79614,0.0
ETS305,9323,1789782788,90.0,3.7774837,101.43672,0.0
ETS302,9572,1789782788,90.0,2.7186167,101.94079,0.0
SCS23,2915,1789782863,105.0,5.6334,100.4903,0.0
DMU13,34,1789782863,92.0,2.6718,102.5461,0.0
DMU11(D6122),55,1789782861,0.0,6.1202,102.2022,0.0
SCS21,weekend_2320,1789782861,75.0,3.2958,101.5749,0.0
SCS22,2912,1789782860,114.0,6.2579,100.356,0.0
EMU39,2809,1789782860,0.0,6.6615,100.3175,0.0
ETS307,9524,1789782909,90.0,2.2344003,103.15674,0.0
ETS301,9523,1789782909,90.0,2.4735641,102.416405,0.0
ETS304,9326,1789782909,90.0,0.0027284583,0.0154984975,0.0
ETS305,9323,1789782909,90.0,3.7495408,101.44717,0.0
ETS308,9425,1789782909,90.0,5.1912594,100.48131,0.0
ETS208,9442,1789782940,133.0,2.5424,102.506,0.0
EMU39,2809,1789782935,0.0,6.6615,100.3175,0.0
ETS303,9573,1789782909,90.0,2.9057572,101.79043,0.0
ETS302,9572,1789782909,90.0,2.7186902,101.94069,0.0
SCS23,2915,1789782938,116.0,5.6121,100.4965,0.0
DMU13,34,1789782938,95.0,2.683,102.5327,0.0
DMU11(D6122),55,1789782936,8.0,6.1188,102.2011,0.0
EMU39,2809,1789782935,0.0,6.6615,100.3175,0.0
ETS211,9223,1789782940,0.0,4.7766,100.9324,0.0
EMU29,2815,1789782939,117.0,5.0438,100.6101,0.0
DMU03,53,1789782988,0.0,5.3718,102.0853,0.0
ETS207,9045,1789782986,29.0,4.0058,101.3015,0.0
ETS208,9442,1789782985,131.0,2.5305,102.4963,0.0
DMU10(D6120),51,1789782963,65.0,4.7603,102.0147,0.0
ETS213,9226,1789782963,0.0,3.1368,101.6906,0.0
SCS07,weekend_2330,1789782941,18.0,3.0134,101.4026,0.0
EMU26,2812,1789782939,112.0,4.9566,100.7251,0.0
ETS303,9573,1789783030,90.0,2.8937097,101.792404,0.0
ETS302,9572,1789783030,90.0,2.7213707,101.93238,0.0
ETS305,9323,1789783030,90.0,3.7326055,101.45701,0.0
ETS304,9326,1789783030,90.0,0.0027284583,0.0154984975,0.0
ETS308,9425,1789783030,90.0,5.1491427,100.48281,0.0
ETS301,9523,1789783030,90.0,2.4736092,102.41649,0.0
ETS307,9524,1789783030,90.0,2.2723782,103.14471,0.0
ETS212,9224,1789783003,130.0,4.755,101.1182,0.0
SCS19,weekend_2327,1789783093,0.0,3.1359,101.6892,0.0
ETS213,9226,1789783173,0.0,3.1392,101.6935,0.0
SCS21,weekend_2320,1789783161,41.0,3.3253,101.5711,0.0
SCS22,2912,1789783160,114.0,6.3406,100.3253,0.0
SCS26,weekend_2316,1789783160,64.0,3.5491,101.6397,0.0
ETS303,9573,1789783150,90.0,2.8805225,101.813805,0.0
ETS302,9572,1789783150,90.0,2.7233953,101.919754,0.0
ETS307,9524,1789783150,90.0,2.2964816,103.13066,0.0
ETS301,9523,1789783150,90.0,2.482112,102.43857,0.0
ETS308,9425,1789783150,90.0,5.1299734,100.486916,0.0
ETS305,9323,1789783150,90.0,3.7133465,101.48319,0.0
ETS304,9326,1789783150,90.0,1.495524,103.757034,0.0
ETS213,9226,1789783173,0.0,3.1392,101.6935,0.0
DMU06,52,1789783303,0.0,5.3294,102.1216,0.0
ETS211,9223,1789783285,141.0,4.8443,100.9869,0.0
DMU09,35,1789783283,67.0,4.0873,102.2193,0.0
ETS305,9323,1789783271,90.0,3.692566,101.51026,0.0
ETS304,9326,1789783271,90.0,1.526323,103.73687,0.0
ETS308,9425,1789783271,90.0,5.1299653,100.48689,0.0
ETS301,9523,1789783271,90.0,2.5015743,102.470795,0.0
ETS307,9524,1789783271,90.0,2.30154,103.12752,0.0
ETS302,9572,1789783271,90.0,2.7309577,101.899284,0.0
ETS303,9573,1789783271,90.0,2.8704393,101.81918,0.0
SCS32,weekend_2331,1789783268,0.0,3.3765,101.6149,0.0
SCS04,weekend_2319,1789783268,9.0,3.043,101.4507,0.0
ETS204,9343,1789783264,112.0,4.3946,101.0835,0.0
ETS205,9044,1789783264,118.0,3.4347,101.6341,0.0
SCS22,2912,1789783310,18.0,6.37,100.3033,0.0
ETS214,9225,1789783304,64.0,6.4356,100.2673,0.0
ETS212,9224,1789783303,0.0,4.8264,101.0528,0.0
SCS10,weekend_2218,1789783294,0.0,3.0978,101.706,0.0
ETS216,9124,1789783294,0.0,4.3017,101.1549,0.0
ETS204,9343,1789783294,118.0,4.3868,101.088,0.0
ETS205,9044,1789783294,121.0,3.4429,101.6382,0.0
ETS213,9226,1789783293,0.0,3.1392,101.6935,0.0
EMU29,2815,1789783293,117.0,5.0295,100.7153,0.0
DMU10(D6120),51,1789783293,58.0,4.7242,102.0088,0.0
ETS214,9225,1789783394,0.0,6.4327,100.2684,0.0
ETS308,9425,1789783391,90.0,5.129966,100.48691,0.0
ETS304,9326,1789783391,90.0,1.5364789,103.72457,0.0
ETS305,9323,1789783391,90.0,3.6841824,101.51891,0.0
ETS307,9524,1789783391,90.0,2.3198404,103.10368,0.0
ETS301,9523,1789783391,90.0,2.5314221,102.497635,0.0
ETS302,9572,1789783391,90.0,2.737913,101.884514,0.0
ETS303,9573,1789783391,90.0,2.860418,101.82108,0.0
SCS21,weekend_2320,1789783461,77.0,3.3629,101.5757,0.0
SCS26,weekend_2316,1789783460,102.0,3.5926,101.606,0.0
SCS22,2912,1789783460,116.0,6.3864,100.2911,0.0
ETS304,9326,1789783512,90.0,1.5405582,103.71613,0.0
ETS303,9573,1789783512,90.0,2.8505626,101.8239,0.0
ETS302,9572,1789783512,90.0,2.74428,101.86022,0.0
ETS307,9524,1789783512,90.0,2.3433847,103.070015,0.0
ETS301,9523,1789783512,90.0,2.5615,102.525444,0.0
ETS308,9425,1789783512,90.0,5.107478,100.49154,0.0
ETS305,9323,1789783512,90.0,3.6841998,101.518936,0.0
EMU26,2812,1789783474,113.0,5.0417,100.638,0.0
ETS305,9323,1789783632,90.0,3.6831086,101.520004,0.0
ETS307,9524,1789783632,90.0,2.3701794,103.03883,0.0
ETS303,9573,1789783632,90.0,2.8334157,101.82845,0.0
ETS302,9572,1789783632,90.0,2.75129,101.83542,0.0
ETS304,9326,1789783632,90.0,1.5576442,103.69566,0.0
ETS301,9523,1789783632,90.0,2.5785232,102.55872,0.0
ETS308,9425,1789783632,90.0,5.0678444,100.50674,0.0
ETS214,9225,1789783619,135.0,6.3955,100.2845,0.0
DMU11(D6122),55,1789783611,0.0,6.1186,102.2008,0.0
ETS211,9223,1789783600,128.0,4.8083,101.0809,0.0
SCS20,weekend_2215,1789783595,30.0,3.2063,101.6744,0.0
SCS10,weekend_2218,1789783594,0.0,3.1132,101.682,0.0
DMU10(D6120),51,1789783593,0.0,4.6932,102.0032,0.0
ETS303,9573,1789783753,90.0,2.8160756,101.81635,0.0
ETS302,9572,1789783753,90.0,2.7534509,101.82794,0.0
ETS305,9323,1789783753,90.0,3.6642783,101.535934,0.0
ETS304,9326,1789783753,90.0,1.5748192,103.67142,0.0
ETS307,9524,1789783753,90.0,2.382929,103.02136,0.0
ETS308,9425,1789783753,90.0,5.0304065,100.526474,0.0
ETS301,9523,1789783753,90.0,2.5817904,102.58689,0.0
ETS208,9442,1789783750,133.0,2.4587,102.3448,0.0
ETS211,9223,1789783750,128.0,4.7675,101.1131,0.0
SCS20,weekend_2215,1789783755,0.0,3.1988,101.6809,0.0
SCS19,weekend_2327,1789783753,0.0,3.1359,101.6892,0.0
SCS20,weekend_2215,1789783855,41.0,3.1923,101.6864,0.0
DMU09,35,1789783853,68.0,4.061,102.3029,0.0
ETS211,9223,1789783900,142.0,4.7166,101.1228,0.0
ETS301,9523,1789783874,90.0,2.5780263,102.61044,0.0
ETS308,9425,1789783874,90.0,5.0265846,100.56021,0.0
ETS304,9326,1789783874,90.0,1.6078589,103.64945,0.0
ETS305,9323,1789783874,90.0,3.6375947,101.56008,0.0
ETS307,9524,1789783874,90.0,2.3937767,103.01316,0.0
ETS303,9573,1789783874,90.0,2.8121355,101.81039,0.0
ETS302,9572,1789783874,90.0,2.7536213,101.827286,0.0
SCS32,weekend_2331,1789783868,0.0,3.3625,101.5838,0.0
DMU13,34,1789783868,33.0,2.8093,102.4062,0.0
SCS21,weekend_2320,1789783866,98.0,3.4086,101.6279,0.0
EMU29,2815,1789783866,70.0,4.8925,100.7199,0.0
SCS26,weekend_2316,1789783865,53.0,3.6737,101.5289,0.0
ETS214,9225,1789783859,129.0,6.3287,100.3343,0.0
DMU11(D6122),55,1789783911,0.0,6.1186,102.2008,0.0
DMU10(D6120),51,1789783908,26.0,4.6466,101.9943,0.0
ETS214,9225,1789783904,134.0,6.316,100.3436,0.0
ETS207,9045,1789783901,55.0,3.8231,101.4051,0.0
SCS07,weekend_2330,1789783901,0.0,3.0431,101.4503,0.0
SCS20,weekend_2215,1789783895,43.0,3.1884,101.6891,0.0
DMU09,35,1789784003,56.0,4.0404,102.3166,0.0
SCS10,weekend_2218,1789783999,35.0,3.1287,101.6804,0.0
ETS204,9343,1789783999,98.0,4.2559,101.1732,0.0
EMU26,2812,1789783999,93.0,5.0363,100.5232,0.0
DMU10(D6120),51,1789783998,7.0,4.6455,101.9939,0.0
ETS302,9572,1789783994,90.0,2.7536092,101.827286,0.0
ETS307,9524,1789783994,90.0,2.4304342,102.99692,0.0
ETS301,9523,1789783994,90.0,2.5791185,102.61477,0.0
ETS308,9425,1789783994,90.0,5.0435977,100.5973,0.0
ETS304,9326,1789783994,90.0,1.6402878,103.627304,0.0
ETS305,9323,1789783994,90.0,3.6114354,101.5841,0.0
ETS303,9573,1789783994,90.0,2.7867854,101.7993,0.0
ETS305,9323,1789784115,90.0,3.590908,101.60761,0.0
ETS304,9326,1789784115,90.0,1.6641672,103.6001,0.0
ETS308,9425,1789784115,90.0,5.0404396,100.64009,0.0
ETS301,9523,1789784115,90.0,2.5791378,102.614746,0.0
ETS307,9524,1789784115,90.0,2.4581876,102.96811,0.0
ETS303,9573,1789784115,90.0,2.7594612,101.81225,0.0
ETS302,9572,1789784115,90.0,2.7536204,101.82729,0.0
ETS303,9573,1789784236,90.0,2.7504234,101.83852,0.0
ETS208,9442,1789784245,0.0,2.4632,102.2266,0.0
SCS20,weekend_2215,1789784235,19.0,3.1726,101.6848,0.0
ETS302,9572,1789784236,90.0,2.7537808,101.826706,0.0
ETS305,9323,1789784236,90.0,3.564945,101.62355,0.0
ETS301,9523,1789784236,90.0,2.5821648,102.629814,0.0
ETS308,9425,1789784236,90.0,5.03821,100.68163,0.0
ETS304,9326,1789784236,90.0,1.6647909,103.59856,0.0
ETS307,9524,1789784236,90.0,2.4716234,102.930824,0.0
EMU29,2815,1789784271,116.0,4.8206,100.7388,0.0
ETS213,9226,1789784268,27.0,3.2059,101.5811,0.0
ETS212,9224,1789784323,120.0,4.7794,100.848,0.0
SCS32,weekend_2331,1789784273,41.0,3.3241,101.5719,0.0
ETS301,9523,1789784356,90.0,2.5833542,102.66791,0.0
ETS302,9572,1789784356,90.0,2.758261,101.81357,0.0
ETS211,9223,1789784365,10.0,4.6067,101.0764,0.0
ETS307,9524,1789784356,90.0,2.4836278,102.89549,0.0
ETS303,9573,1789784356,90.0,2.7422419,101.86745,0.0
ETS308,9425,1789784356,90.0,5.025748,100.71928,0.0
ETS304,9326,1789784356,90.0,1.6810731,103.57678,0.0
ETS305,9323,1789784356,90.0,3.5513277,101.640594,0.0
DMU13,34,1789784363,94.0,2.8718,102.3813,0.0
DMU10(D6120),51,1789784313,75.0,4.5935,101.9842,0.0
ETS204,9343,1789784359,96.0,4.2192,101.1794,0.0
ETS205,9044,1789784314,108.0,3.6767,101.5266,0.0
SCS10,weekend_2218,1789784314,0.0,3.1325,101.6836,0.0
ETS305,9323,1789784477,90.0,3.5332868,101.63477,0.0
ETS304,9326,1789784477,90.0,1.7066977,103.54371,0.0
ETS308,9425,1789784477,90.0,4.989553,100.73506,0.0
ETS301,9523,1789784477,90.0,2.5803218,102.707794,0.0
ETS307,9524,1789784477,90.0,2.4876614,102.85694,0.0
ETS303,9573,1789784477,90.0,2.7399485,101.89353,0.0
ETS302,9572,1789784477,90.0,2.781749,101.80108,0.0
ETS308,9425,1789784598,90.0,4.948536,100.724045,0.0
ETS307,9524,1789784598,90.0,2.5015566,102.822235,0.0
ETS301,9523,1789784597,90.0,2.5616887,102.74379,0.0
ETS304,9326,1789784597,90.0,1.7337556,103.513214,0.0
ETS305,9323,1789784597,90.0,3.5045137,101.63439,0.0
ETS302,9572,1789784597,90.0,2.8072283,101.805855,0.0
ETS303,9573,1789784597,90.0,2.724833,101.91312,0.0
SCS07,weekend_2330,1789784681,0.0,3.0567,101.5245,0.0
ETS208,9442,1789784680,121.0,2.4869,102.1795,0.0
SCS04,weekend_2319,1789784633,67.0,3.0078,101.3968,0.0
DMU09,35,1789784633,73.0,3.9584,102.3489,0.0
DMU11(D6122),55,1789784631,66.0,6.0603,102.1516,0.0
SCS21,weekend_2320,1789784631,78.0,3.5444,101.637,0.0
SCS22,2912,1789784630,94.0,6.6491,100.2985,0.0
ETS216,9124,1789784625,0.0,4.5197,101.0495,0.0
SCS07,weekend_2330,1789784726,30.0,3.0574,101.5263,0.0
ETS211,9223,1789784725,74.0,4.5835,101.069,0.0
ETS208,9442,1789784710,127.0,2.4964,102.1772,0.0
SCS22,2912,1789784675,70.0,6.6531,100.3067,0.0
SCS26,weekend_2335,1789784675,0.0,3.6839,101.5189,0.0
DMU03,53,1789784683,0.0,5.3768,102.01,0.0
ETS301,9523,1789784718,90.0,2.537587,102.772415,0.0
ETS302,9572,1789784718,90.0,2.8234103,101.823135,0.0
ETS303,9573,1789784718,90.0,2.7236373,101.92595,0.0
ETS308,9425,1789784718,90.0,4.907718,100.718834,0.0
ETS305,9323,1789784718,90.0,3.4708798,101.6393,0.0
ETS304,9326,1789784718,90.0,1.7720541,103.497,0.0
ETS307,9524,1789784718,90.0,2.506585,102.81457,0.0
SCS19,weekend_2326,1789784683,45.0,3.1853,101.6657,0.0
ETS205,9044,1789784674,103.0,3.7173,101.4735,0.0
SCS10,weekend_2218,1789784674,5.0,3.1538,101.6924,0.0
ETS204,9343,1789784674,98.0,4.1647,101.1893,0.0
ETS213,9226,1789784673,85.0,3.2149,101.5699,0.0
ETS305,9323,1789784839,90.0,3.4358103,101.63664,0.0
ETS308,9425,1789784839,90.0,4.866661,100.72758,0.0
ETS301,9523,1789784839,90.0,2.5190465,102.79882,0.0
ETS307,9524,1789784839,90.0,2.511756,102.81029,0.0
ETS302,9572,1789784839,90.0,2.840567,101.82819,0.0
ETS303,9573,1789784839,90.0,2.720208,101.93673,0.0
ETS304,9326,1789784839,90.0,1.808102,103.48356,0.0
ETS305,9323,1789784959,90.0,3.4081624,101.62874,0.0
ETS304,9326,1789784959,90.0,1.8304565,103.448715,0.0
ETS308,9425,1789784959,90.0,4.8521442,100.73324,0.0
ETS301,9523,1789784959,90.0,2.5067637,102.81457,0.0
ETS307,9524,1789784959,90.0,2.532155,102.78335,0.0
ETS302,9572,1789784959,90.0,2.860987,101.82092,0.0
ETS303,9573,1789784959,90.0,2.7186315,101.94077,0.0
ETS305,9323,1789785080,90.0,3.3768067,101.616905,0.0
ETS304,9326,1789785080,90.0,1.8566612,103.41702,0.0
ETS308,9425,1789785080,90.0,4.8521543,100.733185,0.0
ETS303,9573,1789785080,90.0,2.7168956,101.94337,0.0
ETS307,9524,1789785080,90.0,2.555998,102.75391,0.0
ETS302,9572,1789785080,90.0,2.8775506,101.81668,0.0
ETS301,9523,1789785080,90.0,2.506541,102.81465,0.0
ETS211,9223,1789785145,121.0,4.4986,101.0454,0.0
DMU10(D6120),51,1789785138,72.0,4.4797,101.9375,0.0
SCS26,weekend_2335,1789785125,114.0,3.6458,101.5535,0.0
ETS204,9343,1789785124,120.0,4.069,101.2773,0.0
ETS213,9226,1789785093,54.0,3.2851,101.5691,0.0
ETS307,9524,1789785200,90.0,2.5775833,102.72095,0.0
ETS308,9425,1789785200,90.0,4.8368025,100.728676,0.0
ETS304,9326,1789785200,90.0,1.8948195,103.40016,0.0
ETS301,9523,1789785200,90.0,2.4952643,102.83478,0.0
ETS302,9572,1789785200,90.0,2.8882463,101.79928,0.0
ETS303,9573,1789785200,90.0,2.7030568,101.9562,0.0
SCS21,weekend_2320,1789785171,108.0,3.6254,101.5686,0.0
SCS26,weekend_2335,1789785170,114.0,3.6347,101.561,0.0
ETS204,9343,1789785169,119.0,4.0562,101.2823,0.0
ETS205,9044,1789785169,50.0,3.8253,101.4032,0.0
DMU10(D6120),51,1789785168,67.0,4.4747,101.9346,0.0
ETS216,9124,1789785165,74.0,4.6059,101.0762,0.0
ETS305,9323,1789785200,90.0,3.3619168,101.585365,0.0
ETS205,9044,1789785259,4.0,3.8262,101.4028,0.0
ETS213,9226,1789785258,44.0,3.3085,101.575,0.0
ETS216,9124,1789785255,64.0,4.6122,101.0912,0.0
SCS20,weekend_2215,1789785223,19.0,3.1307,101.682,0.0
SCS21,weekend_2320,1789785216,104.0,3.6353,101.5607,0.0
SCS26,weekend_2335,1789785215,110.0,3.6244,101.5694,0.0
ETS204,9343,1789785214,122.0,4.0429,101.285,0.0
DMU10(D6120),51,1789785213,62.0,4.4671,101.9314,0.0
ETS214,9225,1789785224,134.0,5.9651,100.4447,0.0
ETS305,9323,1789785321,90.0,3.3408978,101.5735,0.0
ETS304,9326,1789785321,90.0,1.925548,103.37273,0.0
ETS308,9425,1789785321,90.0,4.801871,100.74566,0.0
ETS301,9523,1789785321,90.0,2.4903715,102.87313,0.0
ETS307,9524,1789785321,90.0,2.5827672,102.68275,0.0
ETS302,9572,1789785321,90.0,2.9041245,101.7878,0.0
ETS303,9573,1789785321,90.0,2.6879294,101.97352,0.0
ETS305,9323,1789785442,90.0,3.321551,101.5742,0.0
ETS304,9326,1789785442,90.0,1.9555281,103.344986,0.0
ETS308,9425,1789785442,90.0,4.780874,100.78178,0.0
ETS301,9523,1789785442,90.0,2.4735465,102.91096,0.0
ETS307,9524,1789785442,90.0,2.5839915,102.6445,0.0
ETS302,9572,1789785442,90.0,2.9075615,101.79525,0.0
ETS303,9573,1789785442,90.0,2.6693316,101.99083,0.0
ETS305,9323,1789785562,90.0,3.2967496,101.57599,0.0
ETS304,9326,1789785562,90.0,1.9901004,103.3287,0.0
ETS308,9425,1789785562,90.0,0.0027284583,0.0154984975,0.0
ETS303,9573,1789785562,90.0,2.6549501,102.00734,0.0
ETS307,9524,1789785562,90.0,2.5800116,102.618225,0.0
ETS302,9572,1789785562,90.0,2.9303293,101.795334,0.0
ETS301,9523,1789785562,90.0,2.4691317,102.95003,0.0
ETS205,9044,1789785589,119.0,3.8904,101.3706,0.0
ETS204,9343,1789785589,119.0,3.9423,101.3365,0.0
DMU10(D6120),51,1789785588,0.0,4.4227,101.932,0.0
DMU11(D6122),55,1789785696,76.0,5.952,102.147,0.0
SCS21,weekend_2320,1789785696,0.0,3.6848,101.5181,0.0
SCS22,2923,1789785695,116.0,6.6433,100.2892,0.0
EMU26,2812,1789785695,77.0,5.3656,100.4383,0.0
EMU29,2815,1789785695,119.0,4.8369,100.9618,0.0
ETS205,9044,1789785694,115.0,3.9111,101.3469,0.0
ETS216,9124,1789785690,136.0,4.7325,101.1219,0.0
DMU03,53,1789785688,14.0,5.298,102.0195,0.0
ETS204,9343,1789785694,118.0,3.9136,101.346,0.0
SCS07,weekend_2330,1789785686,0.0,3.0831,101.6107,0.0
ETS208,9442,1789785685,86.0,2.6782,101.9785,0.0
SCS20,weekend_2215,1789785663,0.0,3.1193,101.6789,0.0
DMU10(D6120),51,1789785663,46.0,4.4185,101.9302,0.0
ETS213,9226,1789785663,91.0,3.3628,101.5853,0.0
ETS305,9323,1789785683,90.0,3.2755249,101.56305,0.0
ETS304,9326,1789785683,90.0,2.024221,103.32042,0.0
ETS308,9425,1789785683,90.0,4.7770677,100.85729,0.0
ETS301,9523,1789785683,90.0,2.445947,102.9883,0.0
ETS307,9524,1789785683,90.0,2.579102,102.61469,0.0
ETS302,9572,1789785683,90.0,2.951503,101.791374,0.0
ETS303,9573,1789785683,90.0,2.6454144,102.032616,0.0
DMU06,52,1789785658,15.0,5.3936,102.2321,0.0
ETS212,9224,1789785658,132.0,5.0392,100.684,0.0
EMU26,2812,1789785695,77.0,5.3656,100.4383,0.0
SCS22,2923,1789785695,116.0,6.6433,100.2892,0.0
ETS204,9343,1789785694,118.0,3.9136,101.346,0.0
DMU13,34,1789785698,0.0,3.1359,102.3706,0.0
SCS26,weekend_2335,1789785695,0.0,3.5526,101.6395,0.0
ETS205,9044,1789785739,118.0,3.9247,101.3435,0.0
ETS213,9226,1789785738,119.0,3.369,101.6068,0.0
SCS10,weekend_2218,1789785734,0.0,3.2138,101.6721,0.0
ETS208,9442,1789785700,79.0,2.6803,101.9757,0.0
DMU11(D6122),55,1789785696,76.0,5.952,102.147,0.0
SCS21,weekend_2320,1789785696,0.0,3.6848,101.5181,0.0
ETS305,9323,1789785804,90.0,3.259388,101.55645,0.0
ETS307,9524,1789785804,90.0,2.5788639,102.61384,0.0
ETS303,9573,1789785804,90.0,2.6286206,102.06762,0.0
ETS302,9572,1789785804,90.0,2.9741893,101.79143,0.0
ETS304,9326,1789785804,90.0,2.0358858,103.31792,0.0
ETS301,9523,1789785804,90.0,2.4113996,103.00636,0.0
ETS308,9425,1789785804,90.0,4.7750015,100.86611,0.0
ETS301,9523,1789785924,90.0,2.3839228,103.02005,0.0
ETS303,9573,1789785924,90.0,2.5977201,102.0929,0.0
ETS302,9572,1789785924,90.0,2.9924452,101.782394,0.0
ETS305,9323,1789785924,90.0,3.2430174,101.56145,0.0
ETS304,9326,1789785924,90.0,2.0368714,103.31758,0.0
ETS308,9425,1789785924,90.0,4.771312,100.87371,0.0
ETS307,9524,1789785924,90.0,2.5752811,102.59422,0.0
ETS305,9323,1789786045,90.0,3.2139874,101.5711,0.0
ETS304,9326,1789786045,90.0,2.0632534,103.30298,0.0
ETS308,9425,1789786045,90.0,4.7719345,100.89411,0.0
ETS303,9573,1789786045,90.0,2.5661864,102.11478,0.0
ETS307,9524,1789786045,90.0,2.5813065,102.57108,0.0
ETS302,9572,1789786045,90.0,2.9908533,101.75617,0.0
ETS301,9523,1789786045,90.0,2.3831027,103.02105,0.0
ETS305,9323,1789786166,90.0,3.20552,101.58081,0.0
ETS304,9326,1789786166,90.0,2.095507,103.27713,0.0
ETS308,9425,1789786166,90.0,4.7735295,100.92358,0.0
ETS301,9523,1789786166,90.0,2.3677387,103.04227,0.0
ETS307,9524,1789786166,90.0,2.570494,102.5455,0.0
ETS302,9572,1789786166,90.0,3.0036974,101.73231,0.0
ETS303,9573,1789786166,90.0,2.5416038,102.14754,0.0
SCS26,weekend_2335,1789786205,7.0,3.4679,101.6377,0.0
SCS22,2923,1789786205,18.0,6.5227,100.2567,0.0
ETS214,9225,1789786214,56.0,5.647,100.4909,0.0
DMU13,34,1789786208,70.0,3.1596,102.3892,0.0
DMU11(D6122),55,1789786206,77.0,5.881,102.1562,0.0
EMU26,2812,1789786265,22.0,5.3898,100.3709,0.0
ETS305,9323,1789786286,90.0,3.2040992,101.58438,0.0
ETS307,9524,1789786286,90.0,2.547995,102.51166,0.0
ETS302,9572,1789786286,90.0,3.0229971,101.71683,0.0
ETS303,9573,1789786286,90.0,2.5099764,102.1724,0.0
ETS304,9326,1789786286,90.0,2.1327748,103.2605,0.0
ETS301,9523,1789786286,90.0,2.341513,103.07278,0.0
ETS308,9425,1789786286,90.0,4.774887,100.93228,0.0
ETS211,9223,1789786270,138.0,4.3454,101.1182,0.0
DMU09,35,1789786268,70.0,3.7703,102.3589,0.0
SCS32,weekend_2331,1789786268,51.0,3.1628,101.6921,0.0
ETS216,9124,1789786260,137.0,4.8434,100.982,0.0
ETS305,9323,1789786407,90.0,3.1991444,101.60516,0.0
ETS304,9326,1789786407,90.0,2.156405,103.22892,0.0
ETS308,9425,1789786407,90.0,4.8011866,100.943146,0.0
ETS301,9523,1789786407,90.0,2.3190916,103.10485,0.0
ETS307,9524,1789786407,90.0,2.5129895,102.48903,0.0
ETS302,9572,1789786407,90.0,3.048676,101.7077,0.0
ETS303,9573,1789786407,90.0,2.4714773,102.18236,0.0
ETS305,9323,1789786528,90.0,3.2079008,101.62647,0.0
ETS304,9326,1789786528,90.0,2.1835413,103.20146,0.0
ETS308,9425,1789786528,90.0,4.835721,100.96267,0.0
ETS303,9573,1789786528,90.0,2.4521294,102.19585,0.0
ETS307,9524,1789786528,90.0,2.4972527,102.45311,0.0
ETS302,9572,1789786528,90.0,3.0753858,101.71183,0.0
ETS301,9523,1789786528,90.0,2.30074,103.12808,0.0
ETS305,9323,1789786648,90.0,3.194811,101.6482,0.0
ETS304,9326,1789786648,90.0,2.2125325,103.172615,0.0
ETS308,9425,1789786648,90.0,4.8426876,101.00374,0.0
ETS303,9573,1789786648,90.0,2.4675922,102.21941,0.0
ETS307,9524,1789786648,90.0,2.476648,102.42312,0.0
ETS302,9572,1789786648,90.0,3.0773973,101.71425,0.0
ETS301,9523,1789786648,90.0,2.296077,103.13087,0.0
ETS305,9323,1789786769,90.0,3.1810513,101.674675,0.0
ETS304,9326,1789786769,90.0,2.2459028,103.15186,0.0
ETS308,9425,1789786769,90.0,4.821945,101.03875,0.0
ETS303,9573,1789786769,90.0,2.4590385,102.2569,0.0
ETS307,9524,1789786769,90.0,2.4737906,102.41703,0.0
ETS302,9572,1789786769,90.0,3.092649,101.71119,0.0
ETS301,9523,1789786769,90.0,2.2703495,103.14565,0.0
ETS211,9223,1789786810,137.0,4.2328,101.1769,0.0
SCS07,weekend_2330,1789786811,0.0,3.1181,101.6732,0.0
DMU06,52,1789786842,0.0,5.5188,102.2083,0.0
DMU13,34,1789786823,15.0,3.2458,102.4112,0.0
ETS216,9124,1789786815,96.0,4.7771,100.9046,0.0
ETS212,9224,1789786813,0.0,5.167,100.4797,0.0
SCS38,2818,1789786813,110.0,4.6253,101.0997,0.0
ETS207,9045,1789786796,82.0,3.2987,101.5747,0.0
ETS307,9524,1789786890,90.0,2.4642882,102.40239,0.0
ETS305,9323,1789786890,90.0,3.167692,101.687706,0.0
ETS308,9425,1789786890,90.0,4.8136687,101.07786,0.0
ETS304,9326,1789786890,90.0,2.2857592,103.13732,0.0
ETS303,9573,1789786890,90.0,2.455972,102.29712,0.0
ETS301,9523,1789786890,90.0,2.2366946,103.15511,0.0
ETS302,9572,1789786890,90.0,3.0996048,101.70398,0.0
SCS27,weekend_2219,1789786882,51.0,3.2336,101.6784,0.0
DMU11(D6122),55,1789786881,13.0,5.8059,102.1467,0.0
SCS22,2923,1789786880,22.0,6.3707,100.3029,0.0
SCS26,weekend_2335,1789786880,98.0,3.3579,101.5715,0.0
DMU06,52,1789786842,0.0,5.5188,102.2083,0.0
DMU06,52,1789786902,37.0,5.5206,102.2075,0.0
ETS305,9323,1789787010,90.0,3.1529663,101.693344,0.0
ETS304,9326,1789787010,90.0,2.3161619,103.11149,0.0
ETS308,9425,1789787010,90.0,4.780141,101.1021,0.0
ETS301,9523,1789787010,90.0,2.207573,103.17624,0.0
ETS307,9524,1789787010,90.0,2.4613385,102.36241,0.0
ETS303,9573,1789787010,90.0,2.4573948,102.33871,0.0
ETS302,9572,1789787010,90.0,3.1120114,101.685234,0.0
EMU29,2815,1789786995,86.0,4.6144,101.0923,0.0
ETS305,9323,1789787131,90.0,3.1428423,101.69469,0.0
ETS304,9326,1789787131,90.0,2.3388937,103.07646,0.0
ETS308,9425,1789787131,90.0,4.7443814,101.1226,0.0
ETS301,9523,1789787131,90.0,2.1910102,103.19106,0.0
ETS307,9524,1789787131,90.0,2.4545848,102.322426,0.0
ETS302,9572,1789787131,90.0,3.12159,101.6792,0.0
ETS303,9573,1789787131,90.0,2.4617171,102.379456,0.0
ETS305,9323,1789787252,90.0,3.1393454,101.69479,0.0
ETS304,9326,1789787252,90.0,2.366233,103.04426,0.0
ETS308,9425,1789787252,90.0,4.704966,101.13215,0.0
ETS303,9573,1789787252,90.0,2.4736447,102.41651,0.0
ETS307,9524,1789787252,90.0,2.4574876,102.28462,0.0
ETS302,9572,1789787252,90.0,3.1216328,101.679184,0.0
ETS301,9523,1789787252,90.0,2.1894908,103.19261,0.0
ETS305,9323,1789787373,90.0,3.138992,101.694695,0.0
ETS304,9326,1789787373,90.0,2.3833337,103.02075,0.0
ETS308,9425,1789787373,90.0,4.668561,101.134384,0.0
ETS301,9523,1789787373,90.0,2.1732464,103.22118,0.0
ETS307,9524,1789787373,90.0,2.4591243,102.25088,0.0
ETS302,9572,1789787373,90.0,3.126914,101.680435,0.0
ETS303,9573,1789787373,90.0,2.4951112,102.449,0.0
ETS205,9044,1789787314,99.0,4.2783,101.1656,0.0
DMU10(D6120),51,1789787313,73.0,4.2405,101.9742,0.0
ETS213,9226,1789787313,68.0,3.6909,101.5117,0.0
ETS204,9343,1789787314,118.0,3.6048,101.5897,0.0
SCS07,weekend_2330,1789787313,0.0,3.1328,101.6839,0.0
ETS303,9573,1789787373,90.0,2.4951112,102.449,0.0
ETS302,9572,1789787373,90.0,3.126914,101.680435,0.0
ETS307,9524,1789787373,90.0,2.4591243,102.25088,0.0
ETS301,9523,1789787373,90.0,2.1732464,103.22118,0.0
ETS308,9425,1789787373,90.0,4.668561,101.134384,0.0
ETS305,9323,1789787373,90.0,3.138992,101.694695,0.0
ETS304,9326,1789787373,90.0,2.3833337,103.02075,0.0
ETS208,9442,1789787395,53.0,2.8309,101.8269,0.0
DMU09,35,1789787393,74.0,3.6142,102.3748,0.0
SCS23,2920,1789787393,114.0,5.6054,100.4949,0.0
SCS07,weekend_2330,1789787388,0.0,3.1328,101.6839,0.0
DMU10(D6120),51,1789787388,55.0,4.2344,101.9861,0.0
ETS216,9124,1789787394,0.0,4.8286,100.7352,0.0
SCS26,weekend_2335,1789787390,85.0,3.2891,101.5716,0.0
ETS205,9044,1789787389,99.0,4.2974,101.1596,0.0
SCS19,weekend_2326,1789787386,97.0,3.4185,101.625,0.0
ETS301,9523,1789787494,90.0,2.1411567,103.24338,0.0
ETS305,9323,1789787494,90.0,3.134744,101.68874,0.0
ETS308,9425,1789787494,90.0,4.6348553,101.108925,0.0
ETS304,9326,1789787494,90.0,2.3833976,103.02078,0.0
ETS303,9573,1789787494,90.0,2.5107584,102.486786,0.0
ETS307,9524,1789787494,90.0,2.462464,102.22844,0.0
ETS302,9572,1789787494,90.0,3.1281204,101.68137,0.0
SCS22,2923,1789787525,115.0,6.2161,100.3646,0.0
SCS26,weekend_2335,1789787525,71.0,3.2662,101.559,0.0
ETS302,9572,1789787494,90.0,3.1281204,101.68137,0.0
ETS303,9573,1789787494,90.0,2.5107584,102.486786,0.0
ETS307,9524,1789787494,90.0,2.462464,102.22844,0.0
ETS301,9523,1789787494,90.0,2.1411567,103.24338,0.0
ETS308,9425,1789787494,90.0,4.6348553,101.108925,0.0
ETS305,9323,1789787494,90.0,3.134744,101.68874,0.0
ETS304,9326,1789787494,90.0,2.3833976,103.02078,0.0
ETS305,9323,1789787614,90.0,3.134571,101.688644,0.0
ETS307,9524,1789787614,90.0,2.463436,102.226845,0.0
ETS302,9572,1789787614,90.0,3.1281147,101.68138,0.0
ETS303,9573,1789787614,90.0,2.5453916,102.50954,0.0
ETS304,9326,1789787614,90.0,2.383414,103.02077,0.0
ETS301,9523,1789787614,90.0,2.1129634,103.266045,0.0
ETS308,9425,1789787614,90.0,4.6089087,101.08784,0.0
ETS305,9323,1789787614,90.0,3.134571,101.688644,0.0
ETS307,9524,1789787614,90.0,2.463436,102.226845,0.0
ETS302,9572,1789787614,90.0,3.1281147,101.68138,0.0
ETS303,9573,1789787614,90.0,2.5453916,102.50954,0.0
ETS304,9326,1789787614,90.0,2.383414,103.02077,0.0
ETS301,9523,1789787614,90.0,2.1129634,103.266045,0.0
ETS308,9425,1789787614,90.0,4.6089087,101.08784,0.0
ETS305,9323,1789787735,90.0,0.0027284583,0.0154984975,0.0
ETS304,9326,1789787735,90.0,2.4015868,103.01189,0.0
ETS308,9425,1789787735,90.0,4.6012864,101.07645,0.0
ETS301,9523,1789787735,90.0,2.081198,103.290474,0.0
ETS307,9524,1789787735,90.0,2.4656022,102.222855,0.0
ETS303,9573,1789787735,90.0,2.5690854,102.5423,0.0
ETS302,9572,1789787735,90.0,3.1281157,101.68138,0.0
ETS305,9323,1789787735,90.0,0.0027284583,0.0154984975,0.0
ETS304,9326,1789787735,90.0,2.4015868,103.01189,0.0
ETS308,9425,1789787735,90.0,4.6012864,101.07645,0.0
ETS301,9523,1789787735,90.0,2.081198,103.290474,0.0
ETS307,9524,1789787735,90.0,2.4656022,102.222855,0.0
ETS303,9573,1789787735,90.0,2.5690854,102.5423,0.0
ETS302,9572,1789787735,90.0,3.1281157,101.68138,0.0
ETS305,9323,1789787855,90.0,0.0027284583,0.0154984975,0.0
ETS304,9326,1789787855,90.0,2.4389062,102.992355,0.0
ETS308,9425,1789787855,90.0,4.5969734,101.0744,0.0
ETS303,9573,1789787855,90.0,2.5812988,102.570496,0.0
ETS307,9524,1789787855,90.0,2.457717,102.20229,0.0
ETS302,9572,1789787855,90.0,3.12813,101.68138,0.0
ETS301,9523,1789787855,90.0,2.0508404,103.311676,0.0
ETS303,9573,1789787855,90.0,2.5812988,102.570496,0.0
ETS302,9572,1789787855,90.0,3.12813,101.68138,0.0
ETS307,9524,1789787855,90.0,2.457717,102.20229,0.0
ETS301,9523,1789787855,90.0,2.0508404,103.311676,0.0
ETS308,9425,1789787855,90.0,4.5969734,101.0744,0.0
ETS305,9323,1789787855,90.0,0.0027284583,0.0154984975,0.0
ETS304,9326,1789787855,90.0,2.4389062,102.992355,0.0
DMU06,52,1789787873,23.0,5.6026,102.1743,0.0
DMU13,34,1789787873,86.0,3.3449,102.4145,0.0
SCS23,2920,1789787873,114.0,5.7107,100.5124,0.0
SCS32,weekend_2331,1789787911,31.0,3.1766,101.6861,0.0
SCS19,weekend_2326,1789787911,67.0,3.5067,101.6332,0.0
ETS215,9273,1789787909,136.0,6.497,100.2536,0.0
ETS212,9224,1789787908,110.0,5.4609,100.4952,0.0
ETS207,9045,1789787906,56.0,3.2018,101.6381,0.0
SCS20,weekend_2222,1789787903,0.0,3.1322,101.6834,0.0
ETS213,9226,1789787898,118.0,3.8037,101.4217,0.0
SCS07,weekend_2330,1789787898,32.0,3.1507,101.6907,0.0
ETS214,9225,1789787894,124.0,5.3318,100.4701,0.0
ETS211,9223,1789787875,118.0,3.9406,101.3377,0.0
SCS27,weekend_2219,1789787873,2.0,3.1652,101.6912,0.0
SCS26,weekend_2335,1789787870,109.0,3.2278,101.5607,0.0
ETS213,9226,1789787913,120.0,3.8074,101.4188,0.0
ETS307,9524,1789787976,90.0,2.4724612,102.1822,0.0
ETS301,9523,1789787976,90.0,2.0358849,103.31791,0.0
ETS308,9425,1789787976,90.0,4.595347,101.07364,0.0
ETS302,9572,1789787976,90.0,3.1283782,101.68157,0.0
ETS303,9573,1789787976,90.0,2.5756652,102.59269,0.0
ETS304,9326,1789787976,90.0,2.4633253,102.96065,0.0
ETS305,9323,1789787976,90.0,3.1271884,101.6807,0.0
SCS21,weekend_2339,1789787916,0.0,3.6849,101.5179,0.0
SCS22,2923,1789787915,114.0,6.1307,100.3777,0.0
ETS301,9523,1789787976,90.0,2.0358849,103.31791,0.0
ETS304,9326,1789787976,90.0,2.4633253,102.96065,0.0
ETS305,9323,1789787976,90.0,3.1271884,101.6807,0.0
ETS308,9425,1789787976,90.0,4.595347,101.07364,0.0
ETS307,9524,1789787976,90.0,2.4724612,102.1822,0.0
ETS303,9573,1789787976,90.0,2.5756652,102.59269,0.0
ETS302,9572,1789787976,90.0,3.1283782,101.68157,0.0
ETS214,9225,1789788014,107.0,5.297,100.4819,0.0
ETS212,9224,1789788013,42.0,5.4801,100.4974,0.0
ETS305,9323,1789788097,90.0,3.115017,101.68079,0.0
ETS308,9425,1789788097,90.0,4.5834208,101.070625,0.0
ETS301,9523,1789788097,90.0,2.03329,103.31864,0.0
ETS307,9524,1789788097,90.0,2.5122032,102.17146,0.0
ETS302,9572,1789788097,90.0,0.0027284583,0.0154984975,0.0
ETS303,9573,1789788097,90.0,2.5789554,102.61394,0.0
ETS304,9326,1789788097,90.0,2.4713511,102.92271,0.0
ETS305,9323,1789788097,90.0,3.115017,101.68079,0.0
ETS307,9524,1789788097,90.0,2.5122032,102.17146,0.0
ETS303,9573,1789788097,90.0,2.5789554,102.61394,0.0
ETS302,9572,1789788097,90.0,0.0027284583,0.0154984975,0.0
ETS304,9326,1789788097,90.0,2.4713511,102.92271,0.0
ETS301,9523,1789788097,90.0,2.03329,103.31864,0.0
ETS308,9425,1789788097,90.0,4.5834208,101.070625,0.0
ETS305,9323,1789788217,90.0,3.10036,101.7031,0.0
ETS308,9425,1789788217,90.0,4.550699,101.056465,0.0
ETS301,9523,1789788217,90.0,2.0006135,103.32603,0.0
ETS307,9524,1789788217,90.0,2.543626,102.14494,0.0
ETS302,9572,1789788217,90.0,0.0027284583,0.0154984975,0.0
ETS303,9573,1789788217,90.0,2.5789256,102.613976,0.0
ETS304,9326,1789788217,90.0,2.487591,102.88568,0.0
ETS304,9326,1789788217,90.0,2.487591,102.88568,0.0
ETS308,9425,1789788217,90.0,4.550699,101.056465,0.0
ETS301,9523,1789788217,90.0,2.0006135,103.32603,0.0
ETS307,9524,1789788217,90.0,2.543626,102.14494,0.0
ETS302,9572,1789788217,90.0,0.0027284583,0.0154984975,0.0
ETS303,9573,1789788217,90.0,2.5789256,102.613976,0.0
ETS305,9323,1789788217,90.0,3.10036,101.7031,0.0
ETS305,9323,1789788338,90.0,3.0852337,101.714516,0.0
ETS304,9326,1789788338,90.0,2.489726,102.84565,0.0
ETS303,9573,1789788338,90.0,2.5789645,102.61397,0.0
ETS302,9572,1789788338,90.0,0.0027284583,0.0154984975,0.0
ETS307,9524,1789788338,90.0,2.568045,102.111725,0.0
ETS301,9523,1789788338,90.0,1.9644735,103.34094,0.0
ETS306,9428,1789788338,90.0,1.462532,103.7664,0.0
ETS308,9425,1789788338,90.0,4.5388412,101.054306,0.0
ETS305,9323,1789788338,90.0,3.0852337,101.714516,0.0
ETS307,9524,1789788338,90.0,2.568045,102.111725,0.0
ETS306,9428,1789788338,90.0,1.462532,103.7664,0.0
ETS302,9572,1789788338,90.0,0.0027284583,0.0154984975,0.0
ETS304,9326,1789788338,90.0,2.489726,102.84565,0.0
ETS301,9523,1789788338,90.0,1.9644735,103.34094,0.0
ETS303,9573,1789788338,90.0,2.5789645,102.61397,0.0
ETS308,9425,1789788338,90.0,4.5388412,101.054306,0.0
ETS305,9323,1789788459,90.0,3.0760832,101.71244,0.0
ETS304,9326,1789788459,90.0,2.5066411,102.81459,0.0
ETS308,9425,1789788459,90.0,4.5247293,101.05171,0.0
ETS303,9573,1789788459,90.0,2.5791996,102.61506,0.0
ETS301,9523,1789788459,90.0,1.9310641,103.36465,0.0
ETS307,9524,1789788459,90.0,2.6031294,102.08964,0.0
ETS302,9572,1789788459,90.0,0.0027284583,0.0154984975,0.0
ETS306,9428,1789788459,90.0,1.4682969,103.7621,0.0
ETS301,9523,1789788459,90.0,1.9310641,103.36465,0.0
ETS307,9524,1789788459,90.0,2.6031294,102.08964,0.0
ETS303,9573,1789788459,90.0,2.5791996,102.61506,0.0
ETS306,9428,1789788459,90.0,1.4682969,103.7621,0.0
ETS308,9425,1789788459,90.0,4.5247293,101.05171,0.0
ETS304,9326,1789788459,90.0,2.5066411,102.81459,0.0
ETS305,9323,1789788459,90.0,3.0760832,101.71244,0.0
ETS302,9572,1789788459,90.0,0.0027284583,0.0154984975,0.0
ETS215,9273,1789788479,134.0,6.3682,100.3048,0.0
SCS23,2920,1789788473,115.0,5.8553,100.4769,0.0
ETS205,9044,1789788469,73.0,4.5152,101.0486,0.0
DMU10(D6120),51,1789788468,0.0,4.1861,102.0542,0.0
SCS19,weekend_2326,1789788466,101.0,3.5994,101.5974,0.0
SCS26,weekend_2335,1789788455,44.0,3.2082,101.6309,0.0
ETS204,9343,1789788454,107.0,3.3833,101.622,0.0
ETS213,9226,1789788453,120.0,3.9305,101.341,0.0
SCS07,weekend_2330,1789788453,75.0,3.1901,101.6591,0.0
ETS301,9523,1789788580,90.0,1.9025502,103.394035,0.0
ETS304,9326,1789788580,90.0,2.5071967,102.814026,0.0
ETS303,9573,1789788580,90.0,2.5831053,102.63718,0.0
ETS302,9572,1789788580,90.0,0.0027284583,0.0154984975,0.0
ETS307,9524,1789788580,90.0,2.6317222,102.0627,0.0
ETS308,9425,1789788580,90.0,4.5044527,101.04791,0.0
ETS306,9428,1789788580,90.0,1.4927697,103.758514,0.0
ETS305,9323,1789788580,90.0,3.0713987,101.70994,0.0
DMU10(D6120),51,1789788558,0.0,4.1861,102.0542,0.0
ETS214,9225,1789788554,48.0,5.1316,100.4861,0.0
DMU09,35,1789788608,8.0,3.4851,102.3433,0.0
SCS21,weekend_2339,1789788606,91.0,3.5993,101.5991,0.0
SCS22,2923,1789788605,114.0,5.9839,100.4339,0.0
ETS216,9124,1789788609,139.0,5.0445,100.6004,0.0
SCS19,weekend_2326,1789788601,114.0,3.6249,101.5689,0.0
SCS38,2818,1789788598,30.0,4.7758,100.9312,0.0
ETS207,9045,1789788596,0.0,3.1456,101.6917,0.0
ETS304,9326,1789788580,90.0,2.5071967,102.814026,0.0
ETS305,9323,1789788580,90.0,3.0713987,101.70994,0.0
ETS308,9425,1789788580,90.0,4.5044527,101.04791,0.0
ETS303,9573,1789788580,90.0,2.5831053,102.63718,0.0
ETS306,9428,1789788580,90.0,1.4927697,103.758514,0.0
ETS301,9523,1789788580,90.0,1.9025502,103.394035,0.0
ETS307,9524,1789788580,90.0,2.6317222,102.0627,0.0
ETS302,9572,1789788580,90.0,0.0027284583,0.0154984975,0.0
ETS308,9425,1789788700,90.0,4.4699445,101.04415,0.0
ETS303,9573,1789788700,90.0,2.583598,102.67786,0.0
ETS306,9428,1789788700,90.0,1.5231415,103.7391,0.0
ETS305,9323,1789788700,90.0,3.0434062,101.70901,0.0
ETS307,9524,1789788700,90.0,2.6457913,102.03227,0.0
ETS302,9572,1789788700,90.0,0.0027284583,0.0154984975,0.0
ETS301,9523,1789788700,90.0,1.8847994,103.40534,0.0
ETS304,9326,1789788700,90.0,2.5167198,102.80358,0.0
ETS305,9323,1789788700,90.0,3.0434062,101.70901,0.0
ETS307,9524,1789788700,90.0,2.6457913,102.03227,0.0
ETS306,9428,1789788700,90.0,1.5231415,103.7391,0.0
ETS302,9572,1789788700,90.0,0.0027284583,0.0154984975,0.0
ETS304,9326,1789788700,90.0,2.5167198,102.80358,0.0
ETS301,9523,1789788700,90.0,1.8847994,103.40534,0.0
ETS308,9425,1789788700,90.0,4.4699445,101.04415,0.0
ETS303,9573,1789788700,90.0,2.583598,102.67786,0.0
ETS305,9323,1789788821,90.0,3.0209727,101.71794,0.0
ETS304,9326,1789788821,90.0,2.5369952,102.77304,0.0
ETS308,9425,1789788821,90.0,4.4592986,101.05018,0.0
ETS303,9573,1789788821,90.0,2.5783584,102.71876,0.0
ETS301,9523,1789788821,90.0,1.8785598,103.40856,0.0
ETS307,9524,1789788821,90.0,2.6555722,102.00642,0.0
ETS302,9572,1789788821,90.0,0.0027284583,0.0154984975,0.0
ETS306,9428,1789788821,90.0,1.5362136,103.725204,0.0
ETS215,9273,1789788839,135.0,6.2553,100.3566,0.0
DMU11(D6122),55,1789788831,10.0,5.7,102.152,0.0
ETS205,9044,1789788829,92.0,4.5799,101.0669,0.0
ETS308,9425,1789788821,90.0,4.4592986,101.05018,0.0
ETS306,9428,1789788821,90.0,1.5362136,103.725204,0.0
ETS307,9524,1789788821,90.0,2.6555722,102.00642,0.0
ETS302,9572,1789788821,90.0,0.0027284583,0.0154984975,0.0
ETS303,9573,1789788821,90.0,2.5783584,102.71876,0.0
ETS304,9326,1789788821,90.0,2.5369952,102.77304,0.0
ETS305,9323,1789788821,90.0,3.0209727,101.71794,0.0
ETS301,9523,1789788821,90.0,1.8785598,103.40856,0.0
ETS305,9323,1789788941,90.0,3.0050921,101.7289,0.0
ETS307,9524,1789788941,90.0,2.6704397,101.989426,0.0
ETS303,9573,1789788941,90.0,2.55614,102.75378,0.0
ETS302,9572,1789788941,90.0,0.0027284583,0.0154984975,0.0
ETS304,9326,1789788941,90.0,2.5584605,102.74956,0.0
ETS301,9523,1789788941,90.0,1.8451865,103.42834,0.0
ETS308,9425,1789788941,90.0,4.4562883,101.05162,0.0
ETS306,9428,1789788941,90.0,1.5408945,103.71513,0.0
ETS305,9323,1789788941,90.0,3.0050921,101.7289,0.0
ETS301,9523,1789788941,90.0,1.8451865,103.42834,0.0
ETS308,9425,1789788941,90.0,4.4562883,101.05162,0.0
ETS306,9428,1789788941,90.0,1.5408945,103.71513,0.0
ETS304,9326,1789788941,90.0,2.5584605,102.74956,0.0
ETS307,9524,1789788941,90.0,2.6704397,101.989426,0.0
ETS303,9573,1789788941,90.0,2.55614,102.75378,0.0
ETS302,9572,1789788941,90.0,0.0027284583,0.0154984975,0.0
ETS305,9323,1789789062,90.0,3.0000432,101.73749,0.0
ETS304,9326,1789789062,90.0,2.5808058,102.70499,0.0
ETS308,9425,1789789062,90.0,4.445733,101.05649,0.0
ETS306,9428,1789789062,90.0,1.5583166,103.695526,0.0
ETS301,9523,1789789062,90.0,1.8231535,103.460655,0.0
ETS307,9524,1789789062,90.0,2.6873374,101.973724,0.0
ETS302,9572,1789789062,90.0,0.0027284583,0.0154984975,0.0
ETS303,9573,1789789062,90.0,2.5327835,102.78241,0.0
ETS204,9343,1789789099,65.0,3.2762,101.5618,0.0
DMU06,52,1789789088,74.0,5.7786,102.1433,0.0
SCS21,weekend_2339,1789789101,98.0,3.5258,101.6297,0.0
SCS26,weekend_2335,1789789100,17.0,3.1657,101.6907,0.0
SCS22,2923,1789789100,114.0,5.8747,100.477,0.0
ETS216,9124,1789789089,132.0,5.1028,100.4919,0.0
ETS304,9326,1789789062,90.0,2.5808058,102.70499,0.0
ETS308,9425,1789789062,90.0,4.445733,101.05649,0.0
ETS306,9428,1789789062,90.0,1.5583166,103.695526,0.0
ETS307,9524,1789789062,90.0,2.6873374,101.973724,0.0
ETS302,9572,1789789062,90.0,0.0027284583,0.0154984975,0.0
ETS303,9573,1789789062,90.0,2.5327835,102.78241,0.0
ETS305,9323,1789789062,90.0,3.0000432,101.73749,0.0
ETS301,9523,1789789062,90.0,1.8231535,103.460655,0.0
ETS302,9572,1789789182,90.0,0.0027284583,0.0154984975,0.0
ETS303,9573,1789789182,90.0,2.5124238,102.81004,0.0
DMU06,52,1789789133,78.0,5.7879,102.1445,0.0
DMU09,35,1789789133,0.0,3.4848,102.3433,0.0
DMU13,34,1789789133,4.0,3.4775,102.3445,0.0
ETS204,9343,1789789114,62.0,3.2733,101.5616,0.0
ETS213,9226,1789789113,119.0,4.1154,101.2463,0.0
SCS21,weekend_2339,1789789131,96.0,3.5181,101.6288,0.0
DMU11(D6122),55,1789789131,72.0,5.6525,102.1577,0.0
SCS22,2923,1789789130,114.0,5.8657,100.4769,0.0
ETS305,9323,1789789182,90.0,2.9903567,101.763985,0.0
ETS301,9523,1789789182,90.0,1.8123709,103.47886,0.0
ETS308,9425,1789789182,90.0,4.4252887,101.067055,0.0
ETS306,9428,1789789182,90.0,1.5767559,103.670494,0.0
ETS304,9326,1789789182,90.0,2.5831654,102.66426,0.0
ETS307,9524,1789789182,90.0,2.7047362,101.954414,0.0
ETS207,9045,1789789226,0.0,3.137,101.6914,0.0
ETS301,9523,1789789182,90.0,1.8123709,103.47886,0.0
ETS307,9524,1789789182,90.0,2.7047362,101.954414,0.0
ETS302,9572,1789789182,90.0,0.0027284583,0.0154984975,0.0
ETS303,9573,1789789182,90.0,2.5124238,102.81004,0.0
ETS306,9428,1789789182,90.0,1.5767559,103.670494,0.0
ETS308,9425,1789789182,90.0,4.4252887,101.067055,0.0
ETS305,9323,1789789182,90.0,2.9903567,101.763985,0.0
ETS304,9326,1789789182,90.0,2.5831654,102.66426,0.0
ETS305,9323,1789789303,90.0,2.9900162,101.78822,0.0
ETS304,9326,1789789303,90.0,2.5816965,102.62556,0.0
ETS308,9425,1789789303,90.0,4.388755,101.08728,0.0
ETS306,9428,1789789303,90.0,1.6076075,103.649475,0.0
ETS301,9523,1789789303,90.0,1.8040926,103.48804,0.0
ETS307,9524,1789789303,90.0,2.7163906,101.944115,0.0
ETS302,9572,1789789303,90.0,0.0027284583,0.0154984975,0.0
ETS303,9573,1789789303,90.0,2.506682,102.81459,0.0
ETS213,9226,1789789233,126.0,4.1385,101.2128,0.0
ETS305,9323,1789789303,90.0,2.9900162,101.78822,0.0
ETS307,9524,1789789303,90.0,2.7163906,101.944115,0.0
ETS303,9573,1789789303,90.0,2.506682,102.81459,0.0
ETS302,9572,1789789303,90.0,0.0027284583,0.0154984975,0.0
ETS304,9326,1789789303,90.0,2.5816965,102.62556,0.0
ETS301,9523,1789789303,90.0,1.8040926,103.48804,0.0
ETS306,9428,1789789303,90.0,1.6076075,103.649475,0.0
ETS308,9425,1789789303,90.0,4.388755,101.08728,0.0
ETS305,9323,1789789423,90.0,2.9749665,101.791435,0.0
ETS308,9425,1789789423,90.0,4.355342,101.11155,0.0
ETS306,9428,1789789423,90.0,1.6394978,103.628204,0.0
ETS301,9523,1789789423,90.0,1.7659054,103.49797,0.0
ETS307,9524,1789789423,90.0,2.7182083,101.941444,0.0
ETS302,9572,1789789423,90.0,0.0027284583,0.0154984975,0.0
ETS303,9573,1789789423,90.0,2.5060642,102.81534,0.0
ETS304,9326,1789789423,90.0,2.578953,102.614,0.0
ETS306,9428,1789789423,90.0,1.6394978,103.628204,0.0
ETS305,9323,1789789423,90.0,2.9749665,101.791435,0.0
ETS308,9425,1789789423,90.0,4.355342,101.11155,0.0
ETS304,9326,1789789423,90.0,2.578953,102.614,0.0
ETS303,9573,1789789423,90.0,2.5060642,102.81534,0.0
ETS302,9572,1789789423,90.0,0.0027284583,0.0154984975,0.0
ETS307,9524,1789789423,90.0,2.7182083,101.941444,0.0
ETS301,9523,1789789423,90.0,1.7659054,103.49797,0.0
ETS212,9224,1789789468,146.0,5.8182,100.4786,0.0
ETS305,9323,1789789544,90.0,2.9588563,101.793915,0.0
ETS307,9524,1789789544,90.0,2.7192001,101.93959,0.0
ETS303,9573,1789789544,90.0,2.4909232,102.843376,0.0
ETS302,9572,1789789544,90.0,0.0027284583,0.0154984975,0.0
ETS304,9326,1789789544,90.0,2.578931,102.61395,0.0
ETS301,9523,1789789544,90.0,1.7288884,103.516365,0.0
ETS306,9428,1789789544,90.0,1.6641524,103.60016,0.0
ETS308,9425,1789789544,90.0,4.321775,101.135994,0.0
ETS302,9572,1789789544,90.0,0.0027284583,0.0154984975,0.0
ETS304,9326,1789789544,90.0,2.578931,102.61395,0.0
ETS306,9428,1789789544,90.0,1.6641524,103.60016,0.0
ETS308,9425,1789789544,90.0,4.321775,101.135994,0.0
ETS305,9323,1789789544,90.0,2.9588563,101.793915,0.0
ETS301,9523,1789789544,90.0,1.7288884,103.516365,0.0
ETS307,9524,1789789544,90.0,2.7192001,101.93959,0.0
ETS303,9573,1789789544,90.0,2.4909232,102.843376,0.0
ETS305,9323,1789789664,90.0,2.9366167,101.79224,0.0
ETS304,9326,1789789664,90.0,2.5788033,102.61344,0.0
ETS308,9425,1789789664,90.0,4.302065,101.15428,0.0
ETS306,9428,1789789664,90.0,1.6655377,103.59685,0.0
ETS301,9523,1789789664,90.0,1.7038412,103.54777,0.0
ETS307,9524,1789789664,90.0,2.721072,101.9335,0.0
ETS303,9573,1789789664,90.0,2.4888034,102.88209,0.0
ETS302,9572,1789789664,90.0,0.0027284583,0.0154984975,0.0
ETS207,9045,1789789706,0.0,3.137,101.6914,0.0
DMU06,52,1789789703,72.0,5.8678,102.1546,0.0
DMU13,34,1789789688,17.0,3.487,102.3432,0.0
ETS208,9442,1789789705,85.0,2.9918,101.7498,0.0
ETS216,9124,1789789704,134.0,5.2544,100.4838,0.0
ETS304,9326,1789789664,90.0,2.5788033,102.61344,0.0
ETS305,9323,1789789664,90.0,2.9366167,101.79224,0.0
ETS308,9425,1789789664,90.0,4.302065,101.15428,0.0
ETS306,9428,1789789664,90.0,1.6655377,103.59685,0.0
ETS301,9523,1789789664,90.0,1.7038412,103.54777,0.0
ETS307,9524,1789789664,90.0,2.721072,101.9335,0.0
ETS302,9572,1789789664,90.0,0.0027284583,0.0154984975,0.0
ETS303,9573,1789789664,90.0,2.4888034,102.88209,0.0
DMU09,35,1789789688,0.0,3.4848,102.3432,0.0
SCS21,weekend_2339,1789789686,96.0,3.4154,101.6265,0.0
SCS22,2923,1789789685,112.0,5.7337,100.5097,0.0
ETS307,9524,1789789785,90.0,2.7248518,101.91376,0.0
ETS302,9572,1789789785,90.0,0.0027284583,0.0154984975,0.0
ETS303,9573,1789789785,90.0,2.4723823,102.91835,0.0
ETS305,9323,1789789785,90.0,2.9143403,101.79766,0.0
ETS304,9326,1789789785,90.0,2.5756664,102.59258,0.0
ETS308,9425,1789789785,90.0,4.2957926,101.1611,0.0
ETS306,9428,1789789785,90.0,1.6848047,103.572754,0.0
ETS301,9523,1789789785,90.0,1.6785469,103.580025,0.0
ETS305,9323,1789789785,90.0,2.9143403,101.79766,0.0
ETS303,9573,1789789785,90.0,2.4723823,102.91835,0.0
ETS302,9572,1789789785,90.0,0.0027284583,0.0154984975,0.0
ETS307,9524,1789789785,90.0,2.7248518,101.91376,0.0
ETS304,9326,1789789785,90.0,2.5756664,102.59258,0.0
ETS301,9523,1789789785,90.0,1.6785469,103.580025,0.0
ETS308,9425,1789789785,90.0,4.2957926,101.1611,0.0
ETS306,9428,1789789785,90.0,1.6848047,103.572754,0.0
ETS305,9323,1789789905,90.0,2.906036,101.79187,0.0
ETS304,9326,1789789905,90.0,2.580951,102.567215,0.0
ETS308,9425,1789789905,90.0,4.266943,101.16958,0.0
ETS306,9428,1789789905,90.0,1.7066537,103.54378,0.0
ETS301,9523,1789789905,90.0,1.6646959,103.59892,0.0
ETS303,9573,1789789905,90.0,2.46495,102.95774,0.0
ETS307,9524,1789789905,90.0,2.740189,101.89314,0.0
DMU13,34,1789789883,38.0,3.5066,102.3468,0.0
DMU11(D6122),55,1789789881,53.0,5.5396,102.1986,0.0
ETS305,9323,1789789905,90.0,2.906036,101.79187,0.0
ETS304,9326,1789789905,90.0,2.580951,102.567215,0.0
ETS308,9425,1789789905,90.0,4.266943,101.16958,0.0
ETS306,9428,1789789905,90.0,1.7066537,103.54378,0.0
ETS301,9523,1789789905,90.0,1.6646959,103.59892,0.0
ETS303,9573,1789789905,90.0,2.46495,102.95774,0.0
ETS307,9524,1789789905,90.0,2.740189,101.89314,0.0
ETS305,9323,1789790026,90.0,2.9003282,101.78589,0.0
ETS304,9326,1789790026,90.0,2.5682666,102.54051,0.0
ETS308,9425,1789790026,90.0,4.2333417,101.17787,0.0
ETS303,9573,1789790026,90.0,2.4403384,102.99089,0.0
ETS301,9523,1789790026,90.0,1.6641152,103.600365,0.0
ETS307,9524,1789790026,90.0,2.7405167,101.873566,0.0
ETS306,9428,1789790026,90.0,1.7303716,103.51537,0.0
ETS305,9323,1789790026,90.0,2.9003282,101.78589,0.0
ETS304,9326,1789790026,90.0,2.5682666,102.54051,0.0
ETS308,9425,1789790026,90.0,4.2333417,101.17787,0.0
ETS306,9428,1789790026,90.0,1.7303716,103.51537,0.0
ETS301,9523,1789790026,90.0,1.6641152,103.600365,0.0
ETS307,9524,1789790026,90.0,2.7405167,101.873566,0.0
ETS303,9573,1789790026,90.0,2.4403384,102.99089,0.0
ETS301,9523,1789790146,90.0,1.6449524,103.622025,0.0
ETS302,9575,1789790146,90.0,0.0027284583,0.0154984975,0.0
ETS303,9573,1789790146,90.0,2.4045117,103.01063,0.0
ETS307,9524,1789790146,90.0,2.749646,101.84124,0.0
ETS306,9428,1789790146,90.0,1.7657762,103.497986,0.0
ETS305,9323,1789790146,90.0,2.88469,101.80548,0.0
ETS304,9326,1789790146,90.0,2.5409067,102.50567,0.0
ETS308,9425,1789790146,90.0,4.1939745,101.185196,0.0
ETS211,9223,1789790110,121.0,3.4728,101.6387,0.0
SCS07,weekend_2330,1789790109,52.0,3.2834,101.5675,0.0
SCS21,weekend_2339,1789790076,97.0,3.3632,101.5775,0.0
SCS22,2923,1789790075,0.0,5.6426,100.49,0.0
ETS215,9273,1789790099,137.0,5.9202,100.4663,0.0
DMU13,34,1789790078,44.0,3.5304,102.3499,0.0
ETS214,9225,1789790099,133.0,4.9187,100.7169,0.0
SCS38,2818,1789790098,114.0,4.9481,100.7228,0.0
ETS303,9573,1789790146,90.0,2.4045117,103.01063,0.0
ETS302,9575,1789790146,90.0,0.0027284583,0.0154984975,0.0
ETS304,9326,1789790146,90.0,2.5409067,102.50567,0.0
DMU13,34,1789790138,69.0,3.538,102.3565,0.0
ETS214,9225,1789790189,130.0,4.8873,100.7204,0.0
DMU11(D6122),55,1789790151,0.0,5.5301,102.203,0.0
SCS21,weekend_2339,1789790151,105.0,3.3468,101.5723,0.0
SCS22,2923,1789790150,99.0,5.6338,100.49,0.0
ETS204,9343,1789790149,100.0,3.1941,101.6502,0.0
ETS308,9425,1789790146,90.0,4.1939745,101.185196,0.0
ETS305,9323,1789790146,90.0,2.88469,101.80548,0.0
ETS306,9428,1789790146,90.0,1.7657762,103.497986,0.0
ETS301,9523,1789790146,90.0,1.6449524,103.622025,0.0
ETS307,9524,1789790146,90.0,2.749646,101.84124,0.0
ETS305,9323,1789790267,90.0,2.8750799,101.81772,0.0
ETS304,9326,1789790267,90.0,2.507311,102.48235,0.0
ETS302,9575,1789790267,90.0,3.1314297,101.68392,0.0
ETS303,9573,1789790267,90.0,2.3730576,103.034966,0.0
ETS307,9524,1789790267,90.0,2.7598264,101.811935,0.0
ETS301,9523,1789790267,90.0,1.6157631,103.64897,0.0
ETS306,9428,1789790267,90.0,1.8011216,103.4912,0.0
ETS308,9425,1789790267,90.0,4.1650186,101.190094,0.0
ETS213,9226,1789790193,140.0,4.3214,101.1358,0.0
ETS204,9343,1789790299,61.0,3.1741,101.6829,0.0
SCS21,weekend_2339,1789790301,46.0,3.3259,101.5707,0.0
SCS22,2923,1789790300,114.0,5.5908,100.4935,0.0
ETS306,9428,1789790267,90.0,1.8011216,103.4912,0.0
ETS304,9326,1789790267,90.0,2.507311,102.48235,0.0
ETS308,9425,1789790267,90.0,4.1650186,101.190094,0.0
ETS305,9323,1789790267,90.0,2.8750799,101.81772,0.0
ETS302,9575,1789790267,90.0,3.1314297,101.68392,0.0
ETS303,9573,1789790267,90.0,2.3730576,103.034966,0.0
ETS307,9524,1789790267,90.0,2.7598264,101.811935,0.0
ETS301,9523,1789790267,90.0,1.6157631,103.64897,0.0
ETS212,9224,1789790353,113.0,6.0955,100.371,0.0
ETS301,9523,1789790387,90.0,1.5854161,103.66151,0.0
ETS305,9323,1789790387,90.0,2.8622453,101.820564,0.0
ETS304,9326,1789790387,90.0,2.491621,102.44545,0.0
ETS308,9425,1789790387,90.0,4.1391582,101.211464,0.0
ETS306,9428,1789790387,90.0,1.8225439,103.461876,0.0
ETS302,9575,1789790387,90.0,3.1230853,101.67908,0.0
ETS303,9573,1789790387,90.0,2.3479457,103.0639,0.0
ETS307,9524,1789790387,90.0,2.789504,101.79834,0.0
ETS305,9323,1789790387,90.0,2.8622453,101.820564,0.0
ETS304,9326,1789790387,90.0,2.491621,102.44545,0.0
ETS302,9575,1789790387,90.0,3.1230853,101.67908,0.0
ETS303,9573,1789790387,90.0,2.3479457,103.0639,0.0
ETS307,9524,1789790387,90.0,2.789504,101.79834,0.0
ETS301,9523,1789790387,90.0,1.5854161,103.66151,0.0
ETS306,9428,1789790387,90.0,1.8225439,103.461876,0.0
ETS308,9425,1789790387,90.0,4.1391582,101.211464,0.0
ETS302,9575,1789790507,90.0,3.1091106,101.69217,0.0
ETS303,9573,1789790507,90.0,2.323901,103.09797,0.0
ETS307,9524,1789790507,90.0,2.8132308,101.81163,0.0
ETS301,9523,1789790507,90.0,1.5639074,103.69115,0.0
ETS308,9425,1789790507,90.0,4.116855,101.24508,0.0
ETS306,9428,1789790507,90.0,1.8436497,103.43074,0.0
ETS304,9326,1789790507,90.0,2.4709647,102.412094,0.0
ETS305,9323,1789790507,90.0,2.8519297,101.82352,0.0
ETS305,9323,1789790507,90.0,2.8519297,101.82352,0.0
ETS307,9524,1789790507,90.0,2.8132308,101.81163,0.0
ETS302,9575,1789790507,90.0,3.1091106,101.69217,0.0
ETS303,9573,1789790507,90.0,2.323901,103.09797,0.0
ETS304,9326,1789790507,90.0,2.4709647,102.412094,0.0
ETS301,9523,1789790507,90.0,1.5639074,103.69115,0.0
ETS308,9425,1789790507,90.0,4.116855,101.24508,0.0
ETS306,9428,1789790507,90.0,1.8436497,103.43074,0.0
ETS305,9323,1789790628,90.0,2.8365772,101.82905,0.0
ETS304,9326,1789790628,90.0,2.4627218,102.37271,0.0
ETS308,9425,1789790628,90.0,4.0938168,101.27065,0.0
ETS306,9428,1789790628,90.0,1.8726187,103.41118,0.0
ETS301,9523,1789790628,90.0,1.5403184,103.70969,0.0
ETS302,9575,1789790628,90.0,3.107982,101.693596,0.0
ETS307,9524,1789790628,90.0,2.8172023,101.81734,0.0
ETS303,9573,1789790628,90.0,2.2997692,103.12867,0.0
DMU03,53,1789790683,62.0,4.9649,102.0112,0.0
SCS21,weekend_2339,1789790676,60.0,3.2805,101.5656,0.0
DMU11(D6122),55,1789790676,28.0,5.4734,102.2218,0.0
ETS305,9323,1789790628,90.0,2.8365772,101.82905,0.0
ETS304,9326,1789790628,90.0,2.4627218,102.37271,0.0
ETS308,9425,1789790628,90.0,4.0938168,101.27065,0.0
ETS306,9428,1789790628,90.0,1.8726187,103.41118,0.0
ETS301,9523,1789790628,90.0,1.5403184,103.70969,0.0
SCS09,weekend_2223,1789790676,63.0,3.2212,101.6725,0.0
ETS307,9524,1789790628,90.0,2.8172023,101.81734,0.0
ETS303,9573,1789790628,90.0,2.2997692,103.12867,0.0
ETS302,9575,1789790628,90.0,3.107982,101.693596,0.0
SCS22,2923,1789790675,48.0,5.4833,100.4983,0.0
ETS205,9049,1789790674,0.0,4.597,101.0726,0.0
ETS204,9343,1789790674,0.0,3.1468,101.6912,0.0
ETS214,9225,1789790669,136.0,4.8108,100.7413,0.0
ETS305,9323,1789790748,90.0,2.8307989,101.82802,0.0
ETS304,9326,1789790748,90.0,2.4561257,102.331436,0.0
ETS308,9425,1789790748,90.0,4.058864,101.282,0.0
ETS306,9428,1789790748,90.0,1.9038051,103.39254,0.0
ETS301,9523,1789790748,90.0,1.5365466,103.7245,0.0
ETS307,9524,1789790748,90.0,2.8167858,101.81695,0.0
ETS303,9573,1789790748,90.0,2.2629778,103.148926,0.0
ETS302,9575,1789790748,90.0,3.1079671,101.693596,0.0
ETS207,9008,1789790681,0.0,3.137,101.6914,0.0
DMU03,53,1789790683,62.0,4.9649,102.0112,0.0
ETS208,9442,1789790680,21.0,3.0964,101.7073,0.0
DMU13,34,1789790678,76.0,3.6314,102.3804,0.0
SCS23,2920,1789790678,52.0,6.3691,100.304,0.0
DMU06,52,1789790678,68.0,5.9852,102.1426,0.0
ETS216,9124,1789790677,98.0,5.3804,100.387,0.0
SCS21,weekend_2339,1789790676,60.0,3.2805,101.5656,0.0
SCS09,weekend_2223,1789790676,63.0,3.2212,101.6725,0.0
DMU11(D6122),55,1789790676,28.0,5.4734,102.2218,0.0
SCS22,2923,1789790675,48.0,5.4833,100.4983,0.0
ETS204,9343,1789790674,0.0,3.1468,101.6912,0.0
ETS205,9049,1789790674,0.0,4.597,101.0726,0.0
ETS305,9323,1789790748,90.0,2.8307989,101.82802,0.0
ETS304,9326,1789790748,90.0,2.4561257,102.331436,0.0
ETS308,9425,1789790748,90.0,4.058864,101.282,0.0
ETS306,9428,1789790748,90.0,1.9038051,103.39254,0.0
ETS301,9523,1789790748,90.0,1.5365466,103.7245,0.0
ETS307,9524,1789790748,90.0,2.8167858,101.81695,0.0
ETS303,9573,1789790748,90.0,2.2629778,103.148926,0.0
ETS302,9575,1789790748,90.0,3.1079671,101.693596,0.0
ETS302,9575,1789790869,90.0,3.104626,101.69777,0.0
ETS307,9524,1789790869,90.0,2.826867,101.827126,0.0
ETS303,9573,1789790869,90.0,2.226167,103.16275,0.0
ETS301,9523,1789790869,90.0,1.5362376,103.72507,0.0
ETS306,9428,1789790869,90.0,1.9303697,103.365166,0.0
ETS308,9425,1789790869,90.0,4.0426517,101.28618,0.0
ETS304,9326,1789790869,90.0,2.4566538,102.29133,0.0
ETS305,9323,1789790869,90.0,2.830802,101.82802,0.0
ETS214,9225,1789790834,137.0,4.7801,100.787,0.0
ETS204,9343,1789790839,3.0,3.1467,101.6912,0.0
ETS211,9223,1789790845,64.0,3.3174,101.575,0.0
SCS07,weekend_2330,1789790844,109.0,3.3673,101.6026,0.0
DMU06,52,1789790843,37.0,5.9987,102.1418,0.0
ETS308,9425,1789790869,90.0,4.0426517,101.28618,0.0
ETS307,9524,1789790869,90.0,2.826867,101.827126,0.0
ETS306,9428,1789790869,90.0,1.9303697,103.365166,0.0
ETS302,9575,1789790869,90.0,3.104626,101.69777,0.0
ETS304,9326,1789790869,90.0,2.4566538,102.29133,0.0
ETS305,9323,1789790869,90.0,2.830802,101.82802,0.0
ETS303,9573,1789790869,90.0,2.226167,103.16275,0.0
ETS212,9224,1789790863,135.0,6.171,100.3787,0.0
SCS09,weekend_2223,1789790856,31.0,3.2061,101.6745,0.0
DMU11(D6122),55,1789790856,68.0,5.4627,102.2268,0.0
ETS204,9343,1789790854,0.0,3.1466,101.6913,0.0
ETS205,9049,1789790854,20.0,4.5895,101.071,0.0
ETS213,9226,1789790853,28.0,4.462,101.0483,0.0
ETS301,9523,1789790869,90.0,1.5362376,103.72507,0.0
ETS302,9575,1789790989,90.0,3.0899806,101.71155,0.0
ETS303,9573,1789790989,90.0,2.1935227,103.188484,0.0
ETS304,9326,1789790989,90.0,2.4591727,102.24918,0.0
ETS305,9323,1789790989,90.0,2.826809,101.82711,0.0
ETS306,9428,1789790989,90.0,1.9608644,103.34254,0.0
ETS308,9425,1789790989,90.0,3.984164,101.31261,0.0
ETS307,9524,1789790989,90.0,2.8514917,101.82362,0.0
ETS301,9523,1789790989,90.0,1.514452,103.74404,0.0
SCS38,2818,1789790938,114.0,5.0287,100.5611,0.0
ETS308,9425,1789790989,90.0,3.984164,101.31261,0.0
ETS305,9323,1789790989,90.0,2.826809,101.82711,0.0
ETS304,9326,1789790989,90.0,2.4591727,102.24918,0.0
ETS216,9124,1789791022,0.0,5.3919,100.3687,0.0
ETS301,9523,1789790989,90.0,1.514452,103.74404,0.0
ETS307,9524,1789790989,90.0,2.8514917,101.82362,0.0
ETS303,9573,1789790989,90.0,2.1935227,103.188484,0.0
ETS302,9575,1789790989,90.0,3.0899806,101.71155,0.0
ETS306,9428,1789790989,90.0,1.9608644,103.34254,0.0
ETS305,9323,1789791110,90.0,2.8132455,101.81167,0.0
ETS304,9326,1789791110,90.0,2.4633694,102.226814,0.0
ETS302,9575,1789791110,90.0,3.0758047,101.712166,0.0
ETS303,9573,1789791110,90.0,2.1716475,103.222496,0.0
ETS307,9524,1789791110,90.0,2.8633618,101.82025,0.0
ETS301,9523,1789791110,90.0,1.4835366,103.75678,0.0
ETS306,9428,1789791110,90.0,1.9942658,103.32749,0.0
ETS308,9425,1789791110,90.0,3.9502144,101.32987,0.0
ETS214,9225,1789791149,100.0,4.7733,100.894,0.0
SCS07,weekend_2330,1789791114,114.0,3.4116,101.6273,0.0
DMU13,34,1789791113,24.0,3.7091,102.3674,0.0
ETS304,9326,1789791110,90.0,2.4633694,102.226814,0.0
ETS308,9425,1789791110,90.0,3.9502144,101.32987,0.0
ETS306,9428,1789791110,90.0,1.9942658,103.32749,0.0
ETS307,9524,1789791110,90.0,2.8633618,101.82025,0.0
ETS303,9573,1789791110,90.0,2.1716475,103.222496,0.0
ETS302,9575,1789791110,90.0,3.0758047,101.712166,0.0
ETS305,9323,1789791110,90.0,2.8132455,101.81167,0.0
ETS301,9523,1789791110,90.0,1.4835366,103.75678,0.0
DMU06,52,1789791113,19.0,6.0381,102.1399,0.0
ETS307,9524,1789791230,90.0,2.8776786,101.81659,0.0
ETS304,9326,1789791230,90.0,2.4633977,102.226814,0.0
ETS308,9425,1789791230,90.0,3.9180164,101.34612,0.0
ETS302,9575,1789791230,90.0,3.0752854,101.71168,0.0
ETS303,9573,1789791230,90.0,2.1404011,103.24563,0.0
ETS305,9323,1789791230,90.0,2.7872314,101.799164,0.0
ETS301,9523,1789791230,90.0,1.4672462,103.76314,0.0
ETS306,9428,1789791230,90.0,2.0289745,103.31947,0.0
ETS305,9323,1789791230,90.0,2.7872314,101.799164,0.0
ETS308,9425,1789791230,90.0,3.9180164,101.34612,0.0
ETS306,9428,1789791230,90.0,2.0289745,103.31947,0.0
ETS301,9523,1789791230,90.0,1.4672462,103.76314,0.0
ETS307,9524,1789791230,90.0,2.8776786,101.81659,0.0
ETS303,9573,1789791230,90.0,2.1404011,103.24563,0.0
ETS302,9575,1789791230,90.0,3.0752854,101.71168,0.0
ETS304,9326,1789791230,90.0,2.4633977,102.226814,0.0
DMU13,34,1789791218,0.0,3.7097,102.3669,0.0
DMU06,52,1789791218,13.0,6.0425,102.1423,0.0
SCS27,weekend_2219,1789791218,17.0,3.1131,101.6822,0.0
SCS23,2920,1789791218,114.0,6.461,100.2583,0.0
SCS21,weekend_2339,1789791216,0.0,3.2588,101.5551,0.0
SCS09,weekend_2223,1789791216,39.0,3.1856,101.69,0.0
EMU26,2823,1789791215,20.0,5.3887,100.372,0.0
SCS22,2923,1789791215,42.0,5.3581,100.4666,0.0
SCS26,weekend_2338,1789791215,17.0,3.1376,101.6924,0.0
ETS204,9343,1789791214,20.0,3.1374,101.6922,0.0
ETS304,9326,1789791350,90.0,2.463394,102.226814,0.0
ETS303,9573,1789791350,90.0,2.1104107,103.26809,0.0
ETS307,9524,1789791350,90.0,2.8913214,101.79583,0.0
ETS301,9523,1789791350,90.0,0.0027284583,0.0154984975,0.0
ETS306,9428,1789791350,90.0,2.0352113,103.31813,0.0
ETS305,9323,1789791350,90.0,2.760558,101.81135,0.0
ETS302,9575,1789791350,90.0,3.0519998,101.70783,0.0
ETS308,9425,1789791350,90.0,3.8911467,101.36962,0.0
DMU03,53,1789791283,57.0,4.9027,101.9732,0.0
ETS207,9008,1789791311,0.0,3.137,101.6914,0.0
ETS214,9225,1789791299,41.0,4.7752,100.9298,0.0
SCS38,2818,1789791298,114.0,5.0609,100.5102,0.0
ETS305,9323,1789791350,90.0,2.760558,101.81135,0.0
ETS304,9326,1789791350,90.0,2.463394,102.226814,0.0
ETS308,9425,1789791350,90.0,3.8911467,101.36962,0.0
ETS306,9428,1789791350,90.0,2.0352113,103.31813,0.0
ETS301,9523,1789791350,90.0,0.0027284583,0.0154984975,0.0
ETS307,9524,1789791350,90.0,2.8913214,101.79583,0.0
ETS303,9573,1789791350,90.0,2.1104107,103.26809,0.0
ETS302,9575,1789791350,90.0,3.0519998,101.70783,0.0
ETS305,9323,1789791471,90.0,2.7502296,101.8392,0.0
ETS304,9326,1789791471,90.0,2.4634287,102.22685,0.0
ETS308,9425,1789791471,90.0,3.8615994,101.37897,0.0
ETS302,9575,1789791471,90.0,3.0272558,101.714554,0.0
ETS301,9523,1789791471,90.0,0.0027284583,0.0154984975,0.0
ETS307,9524,1789791471,90.0,2.9049382,101.78857,0.0
ETS303,9573,1789791471,90.0,2.078344,103.292465,0.0
ETS306,9428,1789791471,90.0,2.0484648,103.31329,0.0
ETS305,9323,1789791471,90.0,2.7502296,101.8392,0.0
ETS304,9326,1789791471,90.0,2.4634287,102.22685,0.0
ETS308,9425,1789791471,90.0,3.8615994,101.37897,0.0
ETS302,9575,1789791471,90.0,3.0272558,101.714554,0.0
ETS301,9523,1789791471,90.0,0.0027284583,0.0154984975,0.0
ETS307,9524,1789791471,90.0,2.9049382,101.78857,0.0
ETS303,9573,1789791471,90.0,2.078344,103.292465,0.0
ETS306,9428,1789791471,90.0,2.0484648,103.31329,0.0
ETS305,9323,1789791591,90.0,2.7408862,101.872246,0.0
ETS308,9425,1789791591,90.0,3.832139,101.39981,0.0
ETS306,9428,1789791591,90.0,2.080669,103.290794,0.0
ETS301,9523,1789791591,90.0,0.0027284583,0.0154984975,0.0
ETS307,9524,1789791591,90.0,2.9064121,101.793594,0.0
ETS303,9573,1789791591,90.0,2.0444567,103.31539,0.0
ETS302,9575,1789791591,90.0,3.0050557,101.72892,0.0
ETS304,9326,1789791591,90.0,2.465016,102.22391,0.0
DMU13,34,1789791563,80.0,3.7594,102.3586,0.0
DMU11(D6122),55,1789791561,0.0,5.3915,102.232,0.0
SCS22,2923,1789791560,30.0,5.3642,100.4223,0.0
DMU06,52,1789791563,61.0,6.0722,102.1583,0.0
EMU26,2823,1789791560,3.0,5.3646,100.4212,0.0
ETS204,9343,1789791559,0.0,3.1368,101.6911,0.0
ETS205,9049,1789791559,76.0,4.4639,101.0473,0.0
SCS26,weekend_2338,1789791560,0.0,3.1539,101.6924,0.0
ETS303,9573,1789791591,90.0,2.0444567,103.31539,0.0
ETS304,9326,1789791591,90.0,2.465016,102.22391,0.0
ETS306,9428,1789791591,90.0,2.080669,103.290794,0.0
ETS308,9425,1789791591,90.0,3.832139,101.39981,0.0
ETS305,9323,1789791591,90.0,2.7408862,101.872246,0.0
ETS301,9523,1789791591,90.0,0.0027284583,0.0154984975,0.0
ETS307,9524,1789791591,90.0,2.9064121,101.793594,0.0
ETS302,9575,1789791591,90.0,3.0050557,101.72892,0.0
ETS207,9008,1789791656,78.0,3.2149,101.57,0.0
DMU03,53,1789791658,0.0,4.8792,101.9669,0.0
ETS305,9323,1789791712,90.0,2.7405908,101.8913,0.0
ETS304,9326,1789791712,90.0,2.4574807,102.20218,0.0
ETS308,9425,1789791712,90.0,3.802523,101.42349,0.0
ETS306,9428,1789791712,90.0,2.1111016,103.267395,0.0
ETS307,9524,1789791712,90.0,2.9242194,101.79623,0.0
ETS302,9575,1789791712,90.0,2.9913456,101.75223,0.0
ETS303,9573,1789791712,90.0,2.035138,103.31814,0.0
ETS212,9224,1789791658,124.0,6.4177,100.2733,0.0
ETS208,9442,1789791655,0.0,3.1288,101.6804,0.0
ETS214,9225,1789791644,133.0,4.8294,100.9526,0.0
ETS204,9343,1789791724,0.0,3.1368,101.6911,0.0
ETS205,9049,1789791724,19.0,4.4573,101.0504,0.0
SCS09,weekend_2223,1789791723,38.0,3.1647,101.6915,0.0
ETS305,9323,1789791712,90.0,2.7405908,101.8913,0.0
ETS307,9524,1789791712,90.0,2.9242194,101.79623,0.0
ETS302,9575,1789791712,90.0,2.9913456,101.75223,0.0
ETS303,9573,1789791712,90.0,2.035138,103.31814,0.0
ETS304,9326,1789791712,90.0,2.4574807,102.20218,0.0
ETS306,9428,1789791712,90.0,2.1111016,103.267395,0.0
ETS308,9425,1789791712,90.0,3.802523,101.42349,0.0
SCS07,weekend_2330,1789791744,97.0,3.5296,101.6308,0.0
SCS27,weekend_2219,1789791728,27.0,3.1316,101.6827,0.0
ETS213,9226,1789791723,26.0,4.5965,101.074,0.0
ETS214,9225,1789791719,0.0,4.8411,100.9747,0.0
SCS23,2920,1789791698,114.0,6.5785,100.2616,0.0
DMU13,34,1789791698,75.0,3.7891,102.3596,0.0
DMU09,35,1789791698,59.0,3.2769,102.4161,0.0
ETS305,9323,1789791832,90.0,2.72476,101.91177,0.0
ETS304,9326,1789791832,90.0,2.4743743,102.18194,0.0
ETS308,9425,1789791832,90.0,3.7695765,101.43741,0.0
ETS306,9428,1789791832,90.0,2.1406257,103.24485,0.0
ETS307,9524,1789791832,90.0,2.9459908,101.78857,0.0
ETS302,9575,1789791832,90.0,2.9953203,101.77524,0.0
ETS303,9573,1789791832,90.0,2.0351331,103.31813,0.0
ETS305,9323,1789791832,90.0,2.72476,101.91177,0.0
ETS307,9524,1789791832,90.0,2.9459908,101.78857,0.0
ETS302,9575,1789791832,90.0,2.9953203,101.77524,0.0
ETS303,9573,1789791832,90.0,2.0351331,103.31813,0.0
ETS304,9326,1789791832,90.0,2.4743743,102.18194,0.0
ETS306,9428,1789791832,90.0,2.1406257,103.24485,0.0
ETS308,9425,1789791832,90.0,3.7695765,101.43741,0.0
ETS305,9323,1789791953,90.0,2.7222497,101.9291,0.0
ETS304,9326,1789791953,90.0,2.5150762,102.17031,0.0
ETS308,9425,1789791953,90.0,3.746289,101.44977,0.0
ETS302,9575,1789791953,90.0,2.9857736,101.79165,0.0
ETS307,9524,1789791953,90.0,2.962338,101.79284,0.0
ETS303,9573,1789791953,90.0,2.035127,103.31812,0.0
ETS306,9428,1789791953,90.0,2.171751,103.22237,0.0
ETS305,9323,1789791953,90.0,2.7222497,101.9291,0.0
ETS304,9326,1789791953,90.0,2.5150762,102.17031,0.0
ETS308,9425,1789791953,90.0,3.746289,101.44977,0.0
ETS302,9575,1789791953,90.0,2.9857736,101.79165,0.0
ETS307,9524,1789791953,90.0,2.962338,101.79284,0.0
ETS303,9573,1789791953,90.0,2.035127,103.31812,0.0
ETS306,9428,1789791953,90.0,2.171751,103.22237,0.0
ETS305,9323,1789792074,90.0,2.719919,101.93769,0.0
ETS304,9326,1789792074,90.0,2.5448718,102.14339,0.0
ETS308,9425,1789792074,90.0,3.724125,101.466644,0.0
ETS302,9575,1789792074,90.0,2.9796622,101.791504,0.0
ETS307,9524,1789792074,90.0,2.9692926,101.79132,0.0
ETS303,9573,1789792074,90.0,2.0350964,103.31813,0.0
ETS306,9428,1789792074,90.0,2.189659,103.192406,0.0
ETS305,9323,1789792074,90.0,2.719919,101.93769,0.0
DMU06,52,1789792088,20.0,6.1176,102.1999,0.0
SCS22,2923,1789792085,22.0,5.3907,100.37,0.0
SCS23,2920,1789792088,41.0,6.658,100.3136,0.0
ETS304,9326,1789792074,90.0,2.5448718,102.14339,0.0
ETS308,9425,1789792074,90.0,3.724125,101.466644,0.0
ETS306,9428,1789792074,90.0,2.189659,103.192406,0.0
ETS307,9524,1789792074,90.0,2.9692926,101.79132,0.0
ETS303,9573,1789792074,90.0,2.0350964,103.31813,0.0
ETS302,9575,1789792074,90.0,2.9796622,101.791504,0.0
ETS214,9225,1789792139,134.0,4.787,101.0973,0.0
SCS07,weekend_2330,1789792134,92.0,3.5963,101.6035,0.0
SCS23,2920,1789792133,23.0,6.6595,100.3161,0.0
ETS215,9273,1789792124,130.0,5.4323,100.4869,0.0
ETS305,9323,1789792194,90.0,2.7186658,101.94079,0.0
ETS308,9425,1789792194,90.0,3.7046795,101.49743,0.0
ETS306,9428,1789792194,90.0,2.196995,103.18487,0.0
ETS307,9524,1789792194,90.0,2.9793527,101.79156,0.0
ETS303,9573,1789792194,90.0,2.0324793,103.31892,0.0
ETS302,9575,1789792194,90.0,2.980433,101.79156,0.0
ETS304,9326,1789792194,90.0,2.56906,102.11049,0.0
ETS305,9323,1789792194,90.0,2.7186658,101.94079,0.0
ETS307,9524,1789792194,90.0,2.9793527,101.79156,0.0
ETS302,9575,1789792194,90.0,2.980433,101.79156,0.0
ETS303,9573,1789792194,90.0,2.0324793,103.31892,0.0
ETS304,9326,1789792194,90.0,2.56906,102.11049,0.0
ETS306,9428,1789792194,90.0,2.196995,103.18487,0.0
ETS308,9425,1789792194,90.0,3.7046795,101.49743,0.0
EMU26,2823,1789792175,118.0,5.3101,100.4761,0.0
ETS204,9343,1789792174,75.0,3.0999,101.7037,0.0
SCS09,weekend_2223,1789792173,20.0,3.1364,101.6905,0.0
ETS307,9524,1789792315,90.0,2.9817293,101.791466,0.0
ETS302,9575,1789792315,90.0,2.9757795,101.79146,0.0
ETS308,9425,1789792315,90.0,3.684335,101.51892,0.0
ETS304,9326,1789792315,90.0,2.6041553,102.08901,0.0
ETS305,9323,1789792315,90.0,2.7161288,101.944496,0.0
ETS306,9428,1789792315,90.0,2.2249174,103.16361,0.0
ETS303,9573,1789792315,90.0,1.9980251,103.32663,0.0
ETS304,9326,1789792315,90.0,2.6041553,102.08901,0.0
ETS305,9323,1789792315,90.0,2.7161288,101.944496,0.0
ETS306,9428,1789792315,90.0,2.2249174,103.16361,0.0
ETS303,9573,1789792315,90.0,1.9980251,103.32663,0.0
ETS307,9524,1789792315,90.0,2.9817293,101.791466,0.0
ETS302,9575,1789792315,90.0,2.9757795,101.79146,0.0
ETS308,9425,1789792315,90.0,3.684335,101.51892,0.0
ETS305,9323,1789792435,90.0,2.7031336,101.95609,0.0
ETS304,9326,1789792435,90.0,2.6321836,102.062126,0.0
ETS308,9425,1789792435,90.0,3.6832256,101.52005,0.0
ETS302,9575,1789792435,90.0,2.9577613,101.79392,0.0
ETS307,9524,1789792435,90.0,2.987502,101.79129,0.0
ETS303,9573,1789792435,90.0,1.9620503,103.34205,0.0
ETS306,9428,1789792435,90.0,2.2583733,103.15094,0.0
ETS305,9323,1789792435,90.0,2.7031336,101.95609,0.0
ETS304,9326,1789792435,90.0,2.6321836,102.062126,0.0
ETS308,9425,1789792435,90.0,3.6832256,101.52005,0.0
ETS302,9575,1789792435,90.0,2.9577613,101.79392,0.0
ETS307,9524,1789792435,90.0,2.987502,101.79129,0.0
ETS303,9573,1789792435,90.0,1.9620503,103.34205,0.0
ETS306,9428,1789792435,90.0,2.2583733,103.15094,0.0
ETS305,9323,1789792556,90.0,2.686578,101.97407,0.0
ETS304,9326,1789792556,90.0,2.6502266,102.02876,0.0
ETS308,9425,1789792556,90.0,3.658727,101.53978,0.0
ETS302,9575,1789792556,90.0,2.9365842,101.792274,0.0
ETS307,9524,1789792556,90.0,2.993874,101.769325,0.0
ETS303,9573,1789792556,90.0,1.9302573,103.36533,0.0
ETS306,9428,1789792556,90.0,2.2900596,103.13464,0.0
ETS305,9323,1789792556,90.0,2.686578,101.97407,0.0
ETS304,9326,1789792556,90.0,2.6502266,102.02876,0.0
ETS308,9425,1789792556,90.0,3.658727,101.53978,0.0
ETS302,9575,1789792556,90.0,2.9365842,101.792274,0.0
ETS307,9524,1789792556,90.0,2.993874,101.769325,0.0
ETS303,9573,1789792556,90.0,1.9302573,103.36533,0.0
ETS306,9428,1789792556,90.0,2.2900596,103.13464,0.0
ETS213,9226,1789792653,130.0,4.8088,101.0806,0.0
ETS215,9273,1789792634,122.0,5.3334,100.47,0.0
ETS207,9008,1789792631,112.0,3.3663,101.5995,0.0
DMU06,52,1789792613,58.0,6.158,102.2211,0.0
SCS26,weekend_2338,1789792610,0.0,3.2022,101.6377,0.0
SCS21,weekend_2339,1789792610,80.0,3.1961,101.646,0.0
ETS205,9049,1789792609,92.0,4.2954,101.1607,0.0
SCS09,weekend_2223,1789792608,0.0,3.1194,101.6787,0.0
SCS22,2928,1789792625,22.0,5.3897,100.3709,0.0
ETS204,9343,1789792624,81.0,3.0436,101.7079,0.0
EMU26,2823,1789792607,111.0,5.2254,100.4903,0.0
SCS19,weekend_2343,1789792606,20.0,3.6829,101.5201,0.0
ETS305,9323,1789792676,90.0,2.667501,101.99195,0.0
ETS208,9442,1789792630,63.0,3.1963,101.6446,0.0
ETS304,9326,1789792676,90.0,2.6574407,102.0031,0.0
ETS308,9425,1789792676,90.0,3.6312382,101.563805,0.0
ETS302,9575,1789792676,90.0,2.9160666,101.79787,0.0
ETS307,9524,1789792676,90.0,2.9947972,101.74269,0.0
ETS303,9573,1789792676,90.0,1.9018419,103.39483,0.0
ETS306,9428,1789792676,90.0,2.3164065,103.110664,0.0
ETS305,9323,1789792676,90.0,2.667501,101.99195,0.0
ETS308,9425,1789792676,90.0,3.6312382,101.563805,0.0
ETS306,9428,1789792676,90.0,2.3164065,103.110664,0.0
ETS307,9524,1789792676,90.0,2.9947972,101.74269,0.0
ETS302,9575,1789792676,90.0,2.9160666,101.79787,0.0
ETS303,9573,1789792676,90.0,1.9018419,103.39483,0.0
ETS304,9326,1789792676,90.0,2.6574407,102.0031,0.0
ETS214,9225,1789792664,135.0,4.6288,101.1025,0.0
ETS207,9008,1789792661,120.0,3.3697,101.6079,0.0
ETS211,9223,1789792660,8.0,3.1454,101.6921,0.0
DMU06,52,1789792658,65.0,6.1606,102.2136,0.0
DMU13,34,1789792658,0.0,3.9374,102.3576,0.0
DMU09,35,1789792658,68.0,3.1818,102.3951,0.0
SCS26,weekend_2338,1789792655,0.0,3.2022,101.6377,0.0
SCS22,2928,1789792655,18.0,5.3884,100.3722,0.0
SCS21,weekend_2339,1789792655,30.0,3.1928,101.6533,0.0
ETS303,9573,1789792797,90.0,1.8654264,103.41386,0.0
ETS307,9524,1789792797,90.0,3.003805,101.731804,0.0
ETS306,9428,1789792797,90.0,2.335801,103.080894,0.0
ETS308,9425,1789792797,90.0,3.60546,101.589584,0.0
ETS302,9575,1789792797,90.0,2.905363,101.789215,0.0
ETS305,9323,1789792797,90.0,2.654202,102.00988,0.0
ETS304,9326,1789792797,90.0,2.672159,101.98539,0.0
ETS308,9425,1789792797,90.0,3.60546,101.589584,0.0
ETS305,9323,1789792797,90.0,2.654202,102.00988,0.0
ETS307,9524,1789792797,90.0,3.003805,101.731804,0.0
ETS306,9428,1789792797,90.0,2.335801,103.080894,0.0
ETS303,9573,1789792797,90.0,1.8654264,103.41386,0.0
ETS304,9326,1789792797,90.0,2.672159,101.98539,0.0
ETS302,9575,1789792797,90.0,2.905363,101.789215,0.0
ETS305,9323,1789792917,90.0,2.646119,102.03207,0.0
ETS304,9326,1789792917,90.0,2.6938798,101.97104,0.0
ETS308,9425,1789792917,90.0,3.5842803,101.61221,0.0
ETS302,9575,1789792917,90.0,2.8918285,101.79527,0.0
ETS307,9524,1789792917,90.0,3.0103893,101.72611,0.0
ETS303,9573,1789792917,90.0,1.8359753,103.44095,0.0
ETS306,9428,1789792917,90.0,2.3592935,103.05378,0.0
ETS304,9326,1789792917,90.0,2.6938798,101.97104,0.0
ETS308,9425,1789792917,90.0,3.5842803,101.61221,0.0
ETS306,9428,1789792917,90.0,2.3592935,103.05378,0.0
ETS307,9524,1789792917,90.0,3.0103893,101.72611,0.0
ETS302,9575,1789792917,90.0,2.8918285,101.79527,0.0
ETS305,9323,1789792917,90.0,2.646119,102.03207,0.0
ETS303,9573,1789792917,90.0,1.8359753,103.44095,0.0
SCS22,2928,1789792925,3.0,5.3647,100.4208,0.0
ETS211,9223,1789792975,8.0,3.1368,101.6915,0.0
ETS304,9326,1789793038,90.0,2.7095733,101.95232,0.0
ETS303,9573,1789793038,90.0,1.8145515,103.476494,0.0
ETS307,9524,1789793038,90.0,3.0303085,101.711174,0.0
ETS306,9428,1789793038,90.0,2.380078,103.02525,0.0
ETS305,9323,1789793038,90.0,2.6306055,102.06417,0.0
ETS302,9575,1789793038,90.0,2.877922,101.81645,0.0
ETS308,9425,1789793038,90.0,3.5614588,101.63015,0.0
ETS208,9442,1789792975,61.0,3.2017,101.5898,0.0
ETS305,9323,1789793038,90.0,2.6306055,102.06417,0.0
ETS307,9524,1789793038,90.0,3.0303085,101.711174,0.0
ETS306,9428,1789793038,90.0,2.380078,103.02525,0.0
ETS303,9573,1789793038,90.0,1.8145515,103.476494,0.0
ETS304,9326,1789793038,90.0,2.7095733,101.95232,0.0
ETS302,9575,1789793038,90.0,2.877922,101.81645,0.0
ETS308,9425,1789793038,90.0,3.5614588,101.63015,0.0
ETS305,9323,1789793158,90.0,2.60037,102.09134,0.0
ETS301,9528,1789793158,90.0,1.4625214,103.76644,0.0
ETS306,9428,1789793158,90.0,2.3832579,103.02096,0.0
ETS303,9573,1789793158,90.0,1.7836261,103.49552,0.0
ETS304,9326,1789793158,90.0,2.7170305,101.94321,0.0
ETS307,9524,1789793158,90.0,3.0565362,101.70806,0.0
ETS302,9575,1789793158,90.0,2.8597753,101.82127,0.0
ETS308,9425,1789793158,90.0,3.5456076,101.63952,0.0
ETS215,9273,1789793084,135.0,5.1903,100.4799,0.0
ETS207,9008,1789793081,114.0,3.4786,101.6394,0.0
ETS208,9442,1789793080,10.0,3.2057,101.5813,0.0
SCS22,2928,1789793075,94.0,5.3666,100.4406,0.0
DMU06,52,1789793078,18.0,6.1946,102.1678,0.0
ETS305,9323,1789793158,90.0,2.60037,102.09134,0.0
ETS304,9326,1789793158,90.0,2.7170305,101.94321,0.0
ETS308,9425,1789793158,90.0,3.5456076,101.63952,0.0
ETS306,9428,1789793158,90.0,2.3832579,103.02096,0.0
ETS307,9524,1789793158,90.0,3.0565362,101.70806,0.0
ETS301,9528,1789793158,90.0,1.4625214,103.76644,0.0
ETS303,9573,1789793158,90.0,1.7836261,103.49552,0.0
ETS302,9575,1789793158,90.0,2.8597753,101.82127,0.0
ETS303,9573,1789793279,90.0,1.7539572,103.50499,0.0
ETS307,9524,1789793279,90.0,3.0759609,101.71236,0.0
ETS306,9428,1789793279,90.0,2.4107475,103.00673,0.0
ETS308,9425,1789793279,90.0,3.526569,101.63089,0.0
ETS304,9326,1789793279,90.0,2.7186325,101.94081,0.0
ETS305,9323,1789793279,90.0,2.5663567,102.1145,0.0
ETS302,9575,1789793279,90.0,2.838145,101.829216,0.0
ETS301,9528,1789793278,90.0,1.4626635,103.7666,0.0
SCS22,2928,1789793240,53.0,5.3656,100.4528,0.0
SCS38,2818,1789793233,100.0,5.3791,100.3893,0.0
ETS303,9573,1789793279,90.0,1.7539572,103.50499,0.0
ETS308,9425,1789793279,90.0,3.526569,101.63089,0.0
ETS305,9323,1789793279,90.0,2.5663567,102.1145,0.0
ETS304,9326,1789793279,90.0,2.7186325,101.94081,0.0
ETS302,9575,1789793279,90.0,2.838145,101.829216,0.0
ETS306,9428,1789793279,90.0,2.4107475,103.00673,0.0
ETS307,9524,1789793279,90.0,3.0759609,101.71236,0.0
ETS301,9528,1789793278,90.0,1.4626635,103.7666,0.0
ETS305,9323,1789793399,90.0,2.54131,102.14791,0.0
ETS301,9528,1789793399,90.0,1.4664221,103.76396,0.0
ETS306,9428,1789793399,90.0,2.4424691,102.98836,0.0
ETS303,9573,1789793399,90.0,1.7190965,103.5229,0.0
ETS304,9326,1789793399,90.0,2.719836,101.93789,0.0
ETS307,9524,1789793399,90.0,3.0767744,101.71335,0.0
ETS302,9575,1789793399,90.0,2.821348,101.82096,0.0
ETS308,9425,1789793399,90.0,3.4957218,101.63572,0.0
SCS21,weekend_2339,1789793405,32.0,3.1484,101.6908,0.0
ETS307,9524,1789793399,90.0,3.0767744,101.71335,0.0
ETS302,9575,1789793399,90.0,2.821348,101.82096,0.0
ETS303,9573,1789793399,90.0,1.7190965,103.5229,0.0
ETS301,9528,1789793399,90.0,1.4664221,103.76396,0.0
ETS305,9323,1789793399,90.0,2.54131,102.14791,0.0
ETS306,9428,1789793399,90.0,2.4424691,102.98836,0.0
ETS304,9326,1789793399,90.0,2.719836,101.93789,0.0
ETS308,9425,1789793399,90.0,3.4957218,101.63572,0.0
DMU06,52,1789793408,12.0,6.1959,102.1673,0.0
DMU13,34,1789793408,31.0,3.9899,102.333,0.0
SCS38,2818,1789793398,27.0,5.3888,100.3717,0.0
DMU09,35,1789793393,57.0,3.1076,102.3743,0.0
ETS207,9008,1789793456,101.0,3.5633,101.6265,0.0
ETS208,9442,1789793455,64.0,3.2367,101.5602,0.0
DMU13,34,1789793453,29.0,3.9927,102.3306,0.0
DMU06,52,1789793453,0.0,6.1953,102.1674,0.0
ETS214,9225,1789793459,136.0,4.5659,101.061,0.0
DMU09,35,1789793453,52.0,3.0988,102.3731,0.0
SCS22,2928,1789793450,117.0,5.3748,100.4688,0.0
ETS303,9573,1789793519,90.0,1.6959627,103.55666,0.0
ETS301,9528,1789793519,90.0,1.4958264,103.75684,0.0
ETS307,9524,1789793519,90.0,3.09133,101.71144,0.0
ETS306,9428,1789793519,90.0,2.464444,102.95858,0.0
ETS308,9425,1789793519,90.0,3.458901,101.63942,0.0
ETS304,9326,1789793519,90.0,2.7235172,101.926476,0.0
ETS305,9323,1789793519,90.0,2.5099568,102.17241,0.0
ETS302,9575,1789793519,90.0,2.804219,101.80306,0.0
ETS215,9273,1789793459,4.0,5.1315,100.4863,0.0
ETS205,9049,1789793449,118.0,4.1151,101.2467,0.0
ETS204,9343,1789793449,80.0,2.9946,101.7772,0.0
SCS09,weekend_2223,1789793448,0.0,3.0986,101.705,0.0
ETS305,9323,1789793519,90.0,2.5099568,102.17241,0.0
ETS304,9326,1789793519,90.0,2.7235172,101.926476,0.0
ETS308,9425,1789793519,90.0,3.458901,101.63942,0.0
ETS306,9428,1789793519,90.0,2.464444,102.95858,0.0
ETS307,9524,1789793519,90.0,3.09133,101.71144,0.0
ETS301,9528,1789793519,90.0,1.4958264,103.75684,0.0
ETS302,9575,1789793519,90.0,2.804219,101.80306,0.0
ETS303,9573,1789793519,90.0,1.6959627,103.55666,0.0
ETS211,9223,1789793560,0.0,3.1368,101.6915,0.0
EMU26,2823,1789793556,81.0,5.0419,100.5203,0.0
SCS23,2931,1789793558,110.0,6.4994,100.2534,0.0
ETS302,9575,1789793640,90.0,2.7742732,101.803734,0.0
ETS301,9528,1789793640,90.0,1.5282445,103.73617,0.0
ETS307,9524,1789793640,90.0,3.0987415,101.705124,0.0
ETS306,9428,1789793640,90.0,2.4713416,102.922745,0.0
ETS303,9573,1789793640,90.0,1.6713922,103.589195,0.0
ETS304,9326,1789793640,90.0,2.724604,101.90834,0.0
ETS305,9323,1789793640,90.0,2.4703612,102.18252,0.0
ETS308,9425,1789793640,90.0,3.4264002,101.6292,0.0
ETS207,9008,1789793561,107.0,3.5855,101.6109,0.0
DMU09,35,1789793558,65.0,3.0818,102.3718,0.0
DMU06,52,1789793558,0.0,6.1953,102.1674,0.0
DMU13,34,1789793558,68.0,4.0027,102.3203,0.0
ETS205,9049,1789793554,117.0,4.0944,101.2697,0.0
ETS305,9323,1789793640,90.0,2.4703612,102.18252,0.0
ETS304,9326,1789793640,90.0,2.724604,101.90834,0.0
ETS302,9575,1789793640,90.0,2.7742732,101.803734,0.0
ETS303,9573,1789793640,90.0,1.6713922,103.589195,0.0
ETS301,9528,1789793640,90.0,1.5282445,103.73617,0.0
ETS307,9524,1789793640,90.0,3.0987415,101.705124,0.0
ETS306,9428,1789793640,90.0,2.4713416,102.922745,0.0
ETS308,9425,1789793640,90.0,3.4264002,101.6292,0.0
ETS305,9323,1789793760,90.0,2.4585278,102.20256,0.0
ETS304,9326,1789793760,90.0,2.7394462,101.88851,0.0
ETS302,9575,1789793760,90.0,2.7552745,101.82134,0.0
ETS303,9573,1789793760,90.0,1.6459464,103.620895,0.0
ETS301,9528,1789793760,90.0,1.5365236,103.72452,0.0
ETS307,9524,1789793760,90.0,3.1090221,101.692184,0.0
ETS306,9428,1789793760,90.0,2.4864016,102.88934,0.0
ETS308,9425,1789793760,90.0,3.3929985,101.62907,0.0
ETS205,9049,1789793734,134.0,4.0363,101.2848,0.0
ETS204,9343,1789793734,0.0,2.9837,101.7907,0.0
ETS213,9226,1789793733,134.0,4.7778,100.8392,0.0
SCS09,weekend_2223,1789793733,0.0,3.0986,101.705,0.0
ETS305,9323,1789793881,90.0,2.464101,102.225624,0.0
ETS304,9326,1789793881,90.0,2.7450912,101.857346,0.0
ETS308,9425,1789793881,90.0,3.3663151,101.60309,0.0
ETS302,9575,1789793881,90.0,2.7531328,101.82898,0.0
ETS307,9524,1789793881,90.0,3.1216345,101.67919,0.0
ETS301,9528,1789793881,90.0,1.5382355,103.72101,0.0
ETS303,9573,1789793881,90.0,1.6181272,103.648476,0.0
ETS306,9428,1789793881,90.0,2.4883022,102.85208,0.0
ETS213,9226,1789793943,135.0,4.7858,100.7688,0.0
SCS23,2931,1789793933,99.0,6.4235,100.2713,0.0
SCS21,weekend_2339,1789793930,0.0,3.1359,101.6889,0.0
SCS22,2928,1789793930,50.0,5.4833,100.4983,0.0
SCS26,weekend_2338,1789793976,20.0,3.2502,101.5561,0.0
EMU26,2823,1789793976,113.0,5.0443,100.586,0.0
DMU11(D6122),55,1789793976,37.0,5.3335,102.1199,0.0
ETS204,9343,1789793944,38.0,2.9721,101.7904,0.0
SCS09,weekend_2223,1789793943,0.0,3.0986,101.705,0.0
EMU29,2822,1789793940,74.0,4.6099,101.0862,0.0
SCS19,weekend_2343,1789793941,79.0,3.4713,101.6383,0.0
ETS211,9223,1789793935,0.0,3.1368,101.6915,0.0
ETS305,9323,1789794001,90.0,2.4633813,102.22682,0.0
ETS308,9425,1789794001,90.0,3.3581822,101.57274,0.0
ETS302,9575,1789794001,90.0,2.7526872,101.83065,0.0
ETS307,9524,1789794001,90.0,3.1281595,101.68141,0.0
ETS301,9528,1789794001,90.0,1.5533205,103.69738,0.0
ETS303,9573,1789794001,90.0,1.5826051,103.66485,0.0
ETS306,9428,1789794001,90.0,2.5043237,102.81738,0.0
ETS304,9326,1789794001,90.0,2.7504604,101.83837,0.0
SCS27,weekend_2227,1789793981,0.0,3.2371,101.6812,0.0
ETS207,9008,1789793981,112.0,3.677,101.5265,0.0
ETS306,9428,1789794122,90.0,2.5067663,102.81448,0.0
ETS303,9573,1789794122,90.0,1.5637202,103.69143,0.0
ETS301,9528,1789794122,90.0,1.5728467,103.672325,0.0
ETS307,9524,1789794122,90.0,3.1316931,101.68377,0.0
ETS305,9323,1789794122,90.0,2.4591658,102.25098,0.0
ETS304,9326,1789794122,90.0,2.7628334,101.8095,0.0
ETS308,9425,1789794122,90.0,3.3312476,101.57072,0.0
ETS302,9575,1789794122,90.0,2.7517045,101.83397,0.0
ETS211,9223,1789794205,0.0,3.1368,101.6915,0.0
ETS306,9428,1789794242,90.0,2.5225837,102.79464,0.0
ETS305,9323,1789794242,90.0,2.4571762,102.287476,0.0
ETS301,9528,1789794242,90.0,1.6032339,103.64971,0.0
ETS302,9575,1789794242,90.0,2.7449446,101.85786,0.0
ETS303,9573,1789794242,90.0,1.5404637,103.710434,0.0
ETS304,9326,1789794242,90.0,2.794154,101.797035,0.0
ETS307,9524,1789794242,90.0,0.0027284583,0.0154984975,0.0
ETS308,9425,1789794242,90.0,3.3129327,101.57586,0.0
SCS26,weekend_2338,1789794336,59.0,3.2793,101.5647,0.0
EMU26,2823,1789794335,114.0,5.0392,100.6935,0.0
ETS205,9049,1789794334,120.0,3.9043,101.3532,0.0
ETS216,9109,1789794333,0.0,5.3941,100.3657,0.0
SCS27,weekend_2227,1789794326,75.0,3.2072,101.6736,0.0
ETS211,9223,1789794325,0.0,3.1368,101.6915,0.0
DMU09,35,1789794323,61.0,2.9737,102.3979,0.0
SCS22,2928,1789794320,115.0,5.5941,100.493,0.0
SCS21,weekend_2339,1789794320,0.0,3.1359,101.6889,0.0
ETS205,9049,1789794349,125.0,3.9017,101.3571,0.0
ETS213,9226,1789794348,0.0,4.8537,100.7329,0.0
SCS19,weekend_2343,1789794346,115.0,3.3931,101.628,0.0
ETS207,9008,1789794341,91.0,3.7386,101.455,0.0
ETS208,9442,1789794340,6.0,3.3198,101.5747,0.0
ETS211,9223,1789794340,0.0,3.1368,101.6915,0.0
EMU29,2822,1789794340,111.0,4.6963,101.1396,0.0
DMU13,34,1789794338,62.0,4.0777,102.2565,0.0
DMU09,35,1789794338,55.0,2.9716,102.3992,0.0
SCS23,2931,1789794338,114.0,6.3444,100.3225,0.0
DMU11(D6122),55,1789794336,34.0,5.3646,102.0894,0.0
SCS09,weekend_2223,1789794333,57.0,3.1113,101.6891,0.0
ETS305,9323,1789794363,90.0,2.4546847,102.322655,0.0
ETS308,9425,1789794363,90.0,3.2895682,101.57343,0.0
ETS302,9575,1789794363,90.0,2.7385786,101.88697,0.0
ETS307,9524,1789794363,90.0,0.0027284583,0.0154984975,0.0
ETS301,9528,1789794363,90.0,1.6364794,103.63159,0.0
ETS303,9573,1789794363,90.0,1.5362172,103.72522,0.0
ETS306,9428,1789794363,90.0,2.5457766,102.767525,0.0
ETS304,9326,1789794363,90.0,2.8153212,101.81569,0.0
ETS214,9225,1789794359,134.0,4.4306,101.0634,0.0
SCS26,weekend_2338,1789794351,57.0,3.2813,101.566,0.0
SCS22,2928,1789794350,114.0,5.603,100.4944,0.0
SCS21,weekend_2339,1789794350,0.0,3.1359,101.6889,0.0
ETS216,9109,1789794350,0.0,5.3941,100.3657,0.0
EMU26,2823,1789794350,115.0,5.0379,100.6981,0.0
ETS204,9343,1789794349,32.0,2.9059,101.7884,0.0
ETS302,9575,1789794483,90.0,2.725717,101.903885,0.0
ETS307,9524,1789794483,90.0,0.0027284583,0.0154984975,0.0
ETS301,9528,1789794483,90.0,1.6629658,103.60314,0.0
ETS303,9573,1789794483,90.0,1.5365065,103.724525,0.0
ETS308,9425,1789794483,90.0,3.2714305,101.56175,0.0
ETS305,9323,1789794483,90.0,2.460924,102.35965,0.0
ETS306,9428,1789794483,90.0,2.5656707,102.73658,0.0
ETS304,9326,1789794483,90.0,2.8265264,101.826965,0.0
ETS214,9225,1789794524,133.0,4.3806,101.0922,0.0
ETS302,9575,1789794604,90.0,2.7235644,101.92526,0.0
ETS308,9425,1789794604,90.0,3.2531152,101.55574,0.0
ETS307,9524,1789794604,90.0,0.0027284583,0.0154984975,0.0
ETS306,9428,1789794604,90.0,2.5808613,102.704575,0.0
ETS304,9326,1789794604,90.0,2.8336887,101.82857,0.0
ETS301,9528,1789794604,90.0,1.6648928,103.59835,0.0
ETS303,9573,1789794604,90.0,1.5365169,103.72452,0.0
ETS305,9323,1789794604,90.0,2.463012,102.39622,0.0
ETS213,9226,1789794633,136.0,4.9287,100.7177,0.0
ETS215,9273,1789794674,134.0,5.0175,100.7276,0.0
ETS214,9225,1789794674,133.0,4.3389,101.1225,0.0
ETS211,9223,1789794670,0.0,3.1368,101.6915,0.0
SCS23,2931,1789794668,114.0,6.2538,100.3569,0.0
ETS205,9049,1789794649,92.0,3.8317,101.3991,0.0
ETS204,9343,1789794634,61.0,2.8669,101.8195,0.0
SCS09,weekend_2223,1789794678,18.0,3.1218,101.6783,0.0
DMU09,35,1789794668,55.0,2.9191,102.3941,0.0
ETS301,9528,1789794724,90.0,1.6805307,103.57743,0.0
ETS308,9425,1789794724,90.0,3.2284875,101.56121,0.0
ETS306,9428,1789794724,90.0,2.5833254,102.66808,0.0
DMU11(D6122),55,1789794756,40.0,5.3882,102.0773,0.0
EMU26,2823,1789794753,115.0,4.9368,100.7199,0.0
ETS302,9575,1789794724,90.0,2.7198699,101.937805,0.0
ETS304,9326,1789794724,90.0,2.8338325,101.82858,0.0
ETS305,9323,1789794724,90.0,2.4774692,102.42751,0.0
ETS307,9524,1789794724,90.0,0.0027284583,0.0154984975,0.0
ETS303,9573,1789794724,90.0,1.533335,103.731186,0.0
DMU11(D6122),55,1789794756,40.0,5.3882,102.0773,0.0
EMU26,2823,1789794753,115.0,4.9368,100.7199,0.0
ETS211,9223,1789794760,0.0,3.1368,101.6915,0.0
ETS208,9442,1789794760,101.0,3.3673,101.6022,0.0
SCS23,2931,1789794758,113.0,6.2275,100.3622,0.0
DMU09,35,1789794758,57.0,2.9092,102.3852,0.0
SCS26,weekend_2338,1789794756,26.0,3.3208,101.5742,0.0
ETS304,9326,1789794845,90.0,2.8338404,101.8286,0.0
ETS308,9425,1789794845,90.0,3.2076147,101.57675,0.0
ETS306,9428,1789794845,90.0,2.5825481,102.63311,0.0
ETS307,9524,1789794845,90.0,0.0027284583,0.0154984975,0.0
ETS301,9528,1789794845,90.0,1.7064382,103.5442,0.0
ETS302,9575,1789794845,90.0,2.7186723,101.94076,0.0
ETS303,9573,1789794845,90.0,1.5062728,103.74973,0.0
ETS305,9323,1789794845,90.0,2.4975955,102.45434,0.0
ETS305,9323,1789794965,90.0,2.5134175,102.48927,0.0
ETS301,9528,1789794965,90.0,1.7314515,103.51469,0.0
ETS303,9573,1789794965,90.0,1.4772669,103.75662,0.0
ETS302,9575,1789794965,90.0,2.7155595,101.945335,0.0
ETS304,9326,1789794965,90.0,2.8456564,101.8253,0.0
ETS307,9524,1789794965,90.0,0.0027284583,0.0154984975,0.0
ETS306,9428,1789794965,90.0,2.5790992,102.6147,0.0
ETS308,9425,1789794965,90.0,3.2054114,101.580795,0.0
ETS204,9343,1789795039,88.0,2.8016,101.7991,0.0
ETS213,9226,1789795023,134.0,5.0391,100.6939,0.0
EMU26,2823,1789795023,20.0,4.8993,100.7192,0.0
SCS19,weekend_2343,1789795021,12.0,3.3183,101.5748,0.0
SCS19,weekend_2343,1789795066,66.0,3.3136,101.5749,0.0
ETS214,9225,1789795109,83.0,4.278,101.1656,0.0
ETS306,9428,1789795086,90.0,2.579078,102.61466,0.0
ETS307,9524,1789795086,90.0,0.0027284583,0.0154984975,0.0
ETS301,9528,1789795086,90.0,1.7685894,103.49744,0.0
ETS303,9573,1789795086,90.0,1.4649738,103.76501,0.0
ETS302,9575,1789795086,90.0,2.6999664,101.96142,0.0
ETS308,9425,1789795086,90.0,3.2021863,101.5876,0.0
ETS305,9323,1789795086,90.0,2.5435648,102.50798,0.0
ETS304,9326,1789795086,90.0,2.8626852,101.82044,0.0
ETS211,9223,1789795075,0.0,3.1368,101.6915,0.0
DMU13,34,1789795073,53.0,4.1314,102.1978,0.0
ETS204,9343,1789795069,95.0,2.7949,101.7959,0.0
SCS26,weekend_2338,1789795071,95.0,3.3636,101.5897,0.0
DMU11(D6122),55,1789795071,41.0,5.393,102.0556,0.0
SCS21,weekend_2339,1789795070,0.0,3.1547,101.6931,0.0
SCS22,2928,1789795070,114.0,5.7749,100.4922,0.0
ETS205,9049,1789795069,112.0,3.7544,101.4407,0.0
SCS22,2928,1789795115,115.0,5.7873,100.4867,0.0
ETS205,9049,1789795114,21.0,3.7488,101.447,0.0
ETS204,9343,1789795114,103.0,2.783,101.7999,0.0
ETS205,9049,1789795219,100.0,3.7345,101.4557,0.0
SCS09,weekend_2223,1789795218,17.0,3.1391,101.6934,0.0
SCS27,weekend_2227,1789795218,56.0,3.1589,101.693,0.0
EMU26,2823,1789795218,0.0,4.8962,100.7195,0.0
ETS215,9273,1789795214,45.0,4.8953,100.7195,0.0
ETS214,9225,1789795214,113.0,4.2531,101.1745,0.0
ETS308,9425,1789795206,90.0,3.2000878,101.61144,0.0
ETS306,9428,1789795206,90.0,2.575646,102.60244,0.0
ETS301,9528,1789795206,90.0,1.806202,103.48563,0.0
ETS303,9573,1789795206,90.0,1.463288,103.765785,0.0
ETS302,9575,1789795206,90.0,2.6799018,101.97673,0.0
ETS304,9326,1789795206,90.0,2.878399,101.81609,0.0
ETS305,9323,1789795206,90.0,2.5643942,102.53185,0.0
ETS307,9524,1789795206,90.0,0.0027284583,0.0154984975,0.0
ETS305,9323,1789795327,90.0,2.5798748,102.56045,0.0
ETS304,9326,1789795327,90.0,2.89275,101.7941,0.0
ETS308,9425,1789795327,90.0,3.2062492,101.63407,0.0
ETS306,9428,1789795327,90.0,2.5819833,102.57824,0.0
ETS301,9528,1789795327,90.0,1.811997,103.479225,0.0
ETS303,9573,1789795327,90.0,1.4632506,103.766075,0.0
ETS302,9575,1789795327,90.0,2.6624827,101.99495,0.0
ETS301,9528,1789795447,90.0,1.8261479,103.45556,0.0
EMU26,2823,1789795413,5.0,4.8939,100.7197,0.0
ETS204,9343,1789795414,106.0,2.745,101.8593,0.0
ETS205,9049,1789795414,124.0,3.7022,101.4998,0.0
SCS23,2931,1789795448,114.0,6.0866,100.3762,0.0
SCS09,weekend_2223,1789795443,57.0,3.1513,101.6908,0.0
ETS304,9326,1789795447,90.0,2.9056015,101.7898,0.0
ETS308,9425,1789795447,90.0,3.190697,101.65752,0.0
ETS216,9109,1789795467,135.0,5.2305,100.4892,0.0
ETS207,9008,1789795466,128.0,4.0084,101.2989,0.0
ETS214,9225,1789795454,89.0,4.1831,101.1867,0.0
DMU09,35,1789795448,18.0,2.8117,102.4034,0.0
ETS306,9428,1789795447,90.0,2.573236,102.55161,0.0
ETS303,9573,1789795447,90.0,1.4633842,103.76569,0.0
ETS302,9575,1789795447,90.0,2.6551425,102.01442,0.0
ETS305,9323,1789795447,90.0,2.5821013,102.5863,0.0
SCS26,weekend_2338,1789795446,92.0,3.4222,101.6249,0.0
EMU29,2822,1789795445,112.0,4.834,100.9563,0.0
SCS22,2928,1789795445,108.0,5.8443,100.4769,0.0
SCS27,weekend_2227,1789795413,43.0,3.1473,101.691,0.0
ETS213,9226,1789795413,134.0,5.0309,100.5639,0.0
ETS213,9226,1789795473,121.0,5.0199,100.5475,0.0
ETS205,9049,1789795474,94.0,3.6891,101.5136,0.0
ETS204,9343,1789795474,97.0,2.7406,101.8748,0.0
EMU29,2822,1789795475,116.0,4.8264,100.9518,0.0
SCS09,weekend_2223,1789795473,18.0,3.1544,101.6929,0.0
SCS27,weekend_2227,1789795473,25.0,3.1436,101.6935,0.0
ETS308,9425,1789795568,90.0,3.1760285,101.68133,0.0
ETS306,9428,1789795568,90.0,2.5563998,102.51836,0.0
ETS302,9575,1789795568,90.0,2.6413887,102.03649,0.0
ETS304,9326,1789795568,90.0,2.9091268,101.79602,0.0
ETS305,9323,1789795568,90.0,2.5771897,102.60717,0.0
ETS301,9528,1789795568,90.0,1.8493395,103.42174,0.0
SCS19,weekend_2343,1789795576,31.0,3.2523,101.5552,0.0
ETS214,9225,1789795574,116.0,4.1539,101.1973,0.0
ETS305,9323,1789795688,90.0,2.5789309,102.614,0.0
ETS301,9528,1789795688,90.0,1.882511,103.406494,0.0
ETS302,9575,1789795688,90.0,2.6261113,102.07292,0.0
ETS304,9326,1789795688,90.0,2.9340396,101.79514,0.0
ETS306,9428,1789795688,90.0,2.528744,102.496445,0.0
ETS308,9425,1789795688,90.0,3.1626036,101.69303,0.0
ETS304,9326,1789795809,90.0,2.9560049,101.793594,0.0
ETS308,9425,1789795809,90.0,3.14655,101.69207,0.0
ETS306,9428,1789795809,90.0,2.503013,102.47404,0.0
ETS302,9575,1789795809,90.0,2.5922635,102.096176,0.0
ETS305,9323,1789795809,90.0,2.5788918,102.614,0.0
ETS301,9528,1789795809,90.0,1.8860037,103.4047,0.0
ETS205,9049,1789795819,47.0,3.635,101.5607,0.0
ETS205,9049,1789795834,122.0,3.6303,101.5643,0.0
SCS09,weekend_2223,1789795833,17.0,3.1689,101.686,0.0
ETS213,9226,1789795833,119.0,5.1164,100.489,0.0
SCS27,weekend_2227,1789795833,0.0,3.1345,101.6882,0.0
EMU26,2823,1789795833,0.0,4.8532,100.7323,0.0
ETS305,9323,1789795930,90.0,2.582515,102.63244,0.0
ETS308,9425,1789795930,90.0,3.1395743,101.694786,0.0
ETS306,9428,1789795930,90.0,2.4876928,102.44294,0.0
ETS304,9326,1789795930,90.0,2.9785695,101.7915,0.0
ETS302,9575,1789795929,90.0,2.561633,102.12221,0.0
ETS301,9528,1789795929,90.0,1.9138597,103.38326,0.0
DMU13,34,1789795928,65.0,4.1756,102.0909,0.0
DMU09,35,1789795928,0.0,2.8116,102.4037,0.0
SCS26,weekend_2338,1789795926,45.0,3.501,101.6341,0.0
SCS22,2928,1789795925,3.0,5.9716,100.4409,0.0
SCS21,weekend_2342,1789795925,0.0,3.2032,101.6368,0.0
ETS204,9343,1789795924,0.0,2.7193,101.9397,0.0
DMU11(D6122),55,1789795896,25.0,5.3795,102.0173,0.0
SCS27,weekend_2227,1789795998,23.0,3.129,101.6806,0.0
ETS213,9226,1789795998,0.0,5.1312,100.4861,0.0
SCS19,weekend_2343,1789795996,38.0,3.2036,101.5856,0.0
ETS207,9008,1789795976,139.0,4.1388,101.2124,0.0
ETS208,9442,1789795975,0.0,3.6338,101.5615,0.0
SCS07,weekend_2347,1789795974,0.0,3.6832,101.5198,0.0
DMU09,35,1789795973,0.0,2.8116,102.4037,0.0
SCS22,2928,1789795970,0.0,5.9716,100.4409,0.0
ETS305,9323,1789796050,90.0,2.583563,102.672005,0.0
ETS304,9326,1789796050,90.0,2.9942749,101.77812,0.0
ETS308,9425,1789796050,90.0,3.1385732,101.69446,0.0
ETS306,9428,1789796050,90.0,2.473553,102.41634,0.0
ETS301,9528,1789796050,90.0,1.9429175,103.354355,0.0
ETS302,9575,1789796050,90.0,2.5358353,102.15476,0.0
ETS305,9323,1789796171,90.0,2.5793455,102.71335,0.0
ETS304,9326,1789796171,90.0,2.9915533,101.75057,0.0
ETS302,9575,1789796171,90.0,2.5022926,102.1755,0.0
ETS306,9428,1789796171,90.0,2.4731345,102.415535,0.0
ETS301,9528,1789796171,90.0,1.9798925,103.33384,0.0
ETS308,9425,1789796171,90.0,3.1391125,101.69459,0.0
ETS302,9575,1789796291,90.0,2.4622724,102.1836,0.0
ETS306,9428,1789796291,90.0,2.460977,102.386826,0.0
ETS301,9528,1789796291,90.0,2.0179288,103.32189,0.0
ETS308,9425,1789796291,90.0,0.0027284583,0.0154984975,0.0
ETS305,9323,1789796291,90.0,2.5590446,102.7486,0.0
ETS304,9326,1789796291,90.0,3.0037668,101.73203,0.0
ETS207,9008,1789796381,101.0,4.2567,101.1728,0.0
ETS208,9442,1789796380,0.0,3.6842,101.5192,0.0
SCS07,weekend_2347,1789796379,107.0,3.6119,101.5837,0.0
DMU11(D6122),55,1789796331,0.0,5.377,102.0101,0.0
SCS21,weekend_2342,1789796330,37.0,3.2039,101.5849,0.0
SCS09,weekend_2230,1789796330,0.0,3.1988,101.6808,0.0
SCS27,weekend_2227,1789796313,0.0,3.118,101.679,0.0
DMU13,34,1789796333,0.0,4.1873,102.053,0.0
SCS26,weekend_2338,1789796331,81.0,3.5623,101.6289,0.0
SCS22,2928,1789796330,114.0,6.0575,100.3923,0.0
ETS204,9343,1789796329,5.0,2.7194,101.94,0.0
DMU09,35,1789796333,40.0,2.8084,102.4074,0.0
SCS19,weekend_2343,1789796341,42.0,3.2072,101.6328,0.0
ETS213,9226,1789796343,131.0,5.2253,100.4903,0.0
SCS19,weekend_2343,1789796416,0.0,3.2022,101.6378,0.0
ETS207,9008,1789796381,101.0,4.2567,101.1728,0.0
SCS09,weekend_2230,1789796405,63.0,3.2023,101.6777,0.0
SCS21,weekend_2342,1789796405,0.0,3.2063,101.5797,0.0
ETS215,9273,1789796414,0.0,4.776,100.9312,0.0
ETS306,9428,1789796412,90.0,2.4592373,102.34998,0.0
ETS302,9575,1789796412,90.0,2.456415,102.20157,0.0
ETS301,9528,1789796412,90.0,2.0351346,103.3181,0.0
ETS305,9323,1789796412,90.0,2.5350242,102.77632,0.0
ETS308,9425,1789796412,90.0,3.1345134,101.68825,0.0
ETS304,9326,1789796412,90.0,3.0193117,101.71883,0.0
ETS213,9226,1789796418,117.0,5.2491,100.4851,0.0
SCS27,weekend_2227,1789796418,0.0,3.118,101.679,0.0
ETS305,9323,1789796532,90.0,2.5163715,102.80623,0.0
ETS301,9528,1789796532,90.0,2.0358694,103.31795,0.0
ETS302,9575,1789796532,90.0,2.4645488,102.22485,0.0
ETS304,9326,1789796532,90.0,3.0428448,101.7091,0.0
ETS306,9428,1789796532,90.0,2.454145,102.3114,0.0
ETS308,9425,1789796532,90.0,0.0027284583,0.0154984975,0.0
DMU13,34,1789796528,0.0,4.1866,102.0537,0.0
DMU09,35,1789796528,62.0,2.792,102.4296,0.0
EMU26,2823,1789796528,0.0,4.7782,100.8572,0.0
ETS216,9109,1789796528,119.0,5.0393,100.6709,0.0
SCS26,weekend_2338,1789796526,76.0,3.5945,101.6048,0.0
DMU11(D6122),55,1789796526,0.0,5.377,102.0101,0.0
SCS22,2928,1789796525,93.0,6.1078,100.3672,0.0
ETS208,9442,1789796515,0.0,3.6842,101.5192,0.0
ETS302,9575,1789796653,90.0,2.4589174,102.26288,0.0
ETS308,9425,1789796653,90.0,0.0027284583,0.0154984975,0.0
ETS304,9326,1789796653,90.0,3.0673501,101.709404,0.0
ETS305,9323,1789796653,90.0,2.5071335,102.814026,0.0
ETS306,9428,1789796653,90.0,2.4573855,102.27168,0.0
ETS301,9528,1789796653,90.0,2.0572364,103.307175,0.0
ETS305,9323,1789796774,90.0,2.5071144,102.813995,0.0
ETS308,9425,1789796774,90.0,0.0027284583,0.0154984975,0.0
ETS306,9428,1789796774,90.0,2.459739,102.23541,0.0
ETS304,9326,1789796774,90.0,3.0760014,101.71232,0.0
ETS302,9575,1789796773,90.0,2.4551065,102.30417,0.0
ETS301,9528,1789796773,90.0,2.089862,103.28355,0.0
ETS204,9343,1789796854,71.0,2.6546,102.008,0.0
ETS305,9323,1789796894,90.0,2.4962142,102.83292,0.0
ETS304,9326,1789796894,90.0,3.0760388,101.71235,0.0
ETS308,9425,1789796894,90.0,3.128393,101.681595,0.0
ETS306,9428,1789796894,90.0,2.4630551,102.2274,0.0
ETS301,9528,1789796894,90.0,2.1239858,103.2631,0.0
ETS302,9575,1789796894,90.0,2.4583714,102.34448,0.0
ETS207,9008,1789796861,130.0,4.373,101.0976,0.0
ETS208,9442,1789796860,108.0,3.7885,101.4345,0.0
ETS216,9109,1789796860,135.0,4.9676,100.7284,0.0
ETS211,9130,1789796860,0.0,3.1368,101.6915,0.0
SCS07,weekend_2347,1789796859,74.0,3.5466,101.6387,0.0
DMU09,35,1789796858,70.0,2.7587,102.4697,0.0
SCS23,2931,1789796858,119.0,5.7588,100.4994,0.0
SCS21,weekend_2342,1789796855,29.0,3.2534,101.5548,0.0
EMU26,2823,1789796911,0.0,4.7762,100.9318,0.0
SCS19,weekend_2343,1789796911,71.0,3.1746,101.6824,0.0
ETS204,9343,1789796854,71.0,2.6546,102.008,0.0
ETS214,9225,1789796909,116.0,3.8205,101.4078,0.0
SCS27,weekend_2227,1789796913,0.0,3.0978,101.7059,0.0
ETS213,9226,1789796913,39.0,5.3593,100.4668,0.0
ETS305,9323,1789797015,90.0,2.4906604,102.870544,0.0
ETS301,9528,1789797015,90.0,2.1486058,103.2349,0.0
ETS302,9575,1789797015,90.0,2.4609766,102.38444,0.0
ETS304,9326,1789797015,90.0,3.0760517,101.71232,0.0
ETS306,9428,1789797015,90.0,2.4658234,102.222466,0.0
ETS308,9425,1789797015,90.0,3.121561,101.67921,0.0
DMU09,35,1789797008,68.0,2.7374,102.4824,0.0
SCS26,weekend_2338,1789797006,82.0,3.669,101.5321,0.0
SCS21,weekend_2342,1789797005,42.0,3.2603,101.5556,0.0
SCS09,weekend_2223,1789797005,0.0,3.2383,101.6812,0.0
ETS205,9049,1789797004,111.0,3.3722,101.6107,0.0
ETS204,9343,1789797004,85.0,2.6433,102.0337,0.0
SCS07,weekend_2347,1789796994,92.0,3.5294,101.6308,0.0
ETS301,9528,1789797135,90.0,2.1808455,103.21153,0.0
ETS302,9575,1789797135,90.0,2.476239,102.42202,0.0
ETS304,9326,1789797135,90.0,3.0796318,101.71626,0.0
ETS308,9425,1789797135,90.0,3.1125097,101.68331,0.0
ETS306,9428,1789797135,90.0,2.453145,102.19838,0.0
ETS305,9323,1789797135,90.0,2.4742246,102.90776,0.0
SCS27,weekend_2227,1789797258,0.0,3.0978,101.7059,0.0
ETS304,9326,1789797256,90.0,3.094983,101.709755,0.0
ETS308,9425,1789797256,90.0,3.1066952,101.69519,0.0
ETS306,9428,1789797256,90.0,2.4775605,102.18151,0.0
ETS302,9575,1789797256,90.0,2.497671,102.45462,0.0
ETS305,9323,1789797256,90.0,2.4701815,102.94816,0.0
ETS301,9528,1789797256,90.0,2.1910696,103.19094,0.0
EMU26,2823,1789797226,117.0,4.8376,100.9637,0.0
SCS27,weekend_2227,1789797333,0.0,3.0978,101.7059,0.0
SCS19,weekend_2343,1789797332,20.0,3.1422,101.6942,0.0
EMU26,2823,1789797331,114.0,4.8455,100.9948,0.0
ETS308,9425,1789797376,90.0,3.1012678,101.701904,0.0
SCS19,weekend_2343,1789797332,20.0,3.1422,101.6942,0.0
SCS27,weekend_2227,1789797333,0.0,3.0978,101.7059,0.0
EMU29,2822,1789797333,114.0,4.9468,100.7225,0.0
ETS213,9226,1789797333,119.0,5.4651,100.4963,0.0
ETS305,9323,1789797376,90.0,2.447704,102.98237,0.0
ETS301,9528,1789797376,90.0,2.2008247,103.18113,0.0
ETS302,9575,1789797376,90.0,2.5158513,102.490555,0.0
ETS304,9326,1789797376,90.0,3.100761,101.70254,0.0
ETS306,9428,1789797376,90.0,2.5172167,102.16944,0.0
ETS305,9323,1789797497,90.0,2.4140549,103.00483,0.0
ETS308,9425,1789797497,90.0,3.0953414,101.70939,0.0
ETS306,9428,1789797497,90.0,2.544875,102.143394,0.0
ETS301,9528,1789797497,90.0,2.2339616,103.157074,0.0
ETS302,9575,1789797497,90.0,2.5499701,102.51319,0.0
ETS304,9326,1789797497,90.0,3.1145103,101.68099,0.0
SCS26,weekend_2338,1789797486,0.0,3.684,101.5189,0.0
SCS22,2928,1789797485,114.0,6.3234,100.3382,0.0
SCS21,weekend_2342,1789797485,23.0,3.3208,101.5743,0.0
SCS09,weekend_2223,1789797485,0.0,3.2384,101.6812,0.0
ETS216,9109,1789797484,105.0,4.8357,100.7285,0.0
ETS213,9226,1789797513,3.0,5.4829,100.4982,0.0
ETS308,9425,1789797618,90.0,3.0782936,101.71541,0.0
ETS302,9575,1789797617,90.0,2.5711765,102.54689,0.0
ETS305,9323,1789797617,90.0,2.3840086,103.01995,0.0
ETS304,9326,1789797617,90.0,3.1281252,101.6814,0.0
ETS306,9428,1789797617,90.0,2.5678172,102.11207,0.0
ETS301,9528,1789797617,90.0,2.2716815,103.14505,0.0
ETS302,9575,1789797738,90.0,2.581639,102.57391,0.0
ETS301,9528,1789797738,90.0,2.2970734,103.13032,0.0
ETS306,9428,1789797738,90.0,2.6006978,102.09109,0.0
ETS308,9425,1789797738,90.0,3.076093,101.71237,0.0
ETS304,9326,1789797738,90.0,0.0027284583,0.0154984975,0.0
ETS305,9323,1789797738,90.0,2.3832893,103.02084,0.0
ETS308,9425,1789797859,90.0,3.0667546,101.709335,0.0
ETS305,9323,1789797858,90.0,2.3661065,103.04451,0.0
ETS304,9326,1789797858,90.0,0.0027284583,0.0154984975,0.0
ETS306,9428,1789797858,90.0,2.629518,102.06571,0.0
ETS301,9528,1789797858,90.0,2.2965505,103.13064,0.0
ETS302,9575,1789797858,90.0,2.57509,102.59689,0.0
ETS214,9225,1789797869,121.0,3.6514,101.5471,0.0
ETS215,9273,1789797869,80.0,4.6049,101.0759,0.0
ETS207,9008,1789797881,77.0,4.577,101.0657,0.0
ETS211,9130,1789797880,0.0,3.2061,101.5807,0.0
SCS19,weekend_2343,1789797872,0.0,3.1359,101.6891,0.0
EMU26,2823,1789797877,117.0,4.7825,101.1001,0.0
ETS216,9109,1789797875,131.0,4.7763,100.8349,0.0
SCS21,weekend_2342,1789797875,55.0,3.375,101.6134,0.0
ETS204,9343,1789797874,119.0,2.4524,102.19,0.0
SCS27,weekend_2227,1789797873,0.0,3.0978,101.7059,0.0
ETS212,9209,1789797883,56.0,6.4554,100.2596,0.0
SCS07,weekend_2347,1789797879,107.0,3.3685,101.6061,0.0
SCS23,2931,1789797878,113.0,5.4951,100.5015,0.0
DMU09,35,1789797878,66.0,2.6461,102.5806,0.0
SCS09,weekend_2231,1789797875,32.0,3.2159,101.6723,0.0
EMU29,2822,1789797882,113.0,5.0414,100.6422,0.0
ETS305,9323,1789797979,90.0,2.3394659,103.075745,0.0
ETS304,9326,1789797979,90.0,0.0027284583,0.0154984975,0.0
ETS308,9425,1789797979,90.0,3.0427835,101.709076,0.0
ETS306,9428,1789797979,90.0,2.642377,102.03534,0.0
ETS301,9528,1789797979,90.0,2.314368,103.11739,0.0
ETS302,9575,1789797979,90.0,2.5789585,102.61398,0.0
SCS23,2931,1789797968,0.0,5.4816,100.4979,0.0
SCS26,weekend_2338,1789797966,0.0,3.6839,101.5189,0.0
ETS216,9109,1789797965,139.0,4.7761,100.8658,0.0
SCS21,weekend_2342,1789797965,36.0,3.3771,101.6155,0.0
ETS204,9343,1789797964,73.0,2.4689,102.2072,0.0
ETS213,9226,1789797963,135.0,5.6114,100.4962,0.0
SCS19,weekend_2343,1789797962,0.0,3.1359,101.6891,0.0
DMU09,35,1789797968,54.0,2.6357,102.5893,0.0
SCS09,weekend_2231,1789797950,34.0,3.2142,101.6722,0.0
ETS205,9049,1789797949,72.0,3.2519,101.5554,0.0
SCS27,weekend_2227,1789797948,0.0,3.0978,101.7059,0.0
ETS302,9575,1789798100,90.0,2.5789802,102.614044,0.0
ETS305,9323,1789798100,90.0,2.3166177,103.110146,0.0
ETS301,9528,1789798100,90.0,2.3338666,103.083664,0.0
ETS306,9428,1789798100,90.0,2.6543293,102.011475,0.0
ETS308,9425,1789798100,90.0,3.0265946,101.71491,0.0
ETS304,9326,1789798100,90.0,0.0027284583,0.0154984975,0.0
SCS38,2831,1789798212,0.0,5.3922,100.368,0.0
ETS208,9442,1789798210,136.0,4.1251,101.235,0.0
ETS211,9130,1789798210,108.0,3.2279,101.5604,0.0
SCS07,weekend_2347,1789798209,47.0,3.3238,101.5722,0.0
SCS23,2931,1789798208,114.0,5.4288,100.4846,0.0
DMU09,35,1789798208,62.0,2.5994,102.5945,0.0
EMU26,2823,1789798207,119.0,4.6947,101.1404,0.0
ETS216,9109,1789798205,81.0,4.7764,100.9321,0.0
ETS305,9323,1789798220,90.0,2.2878168,103.136086,0.0
ETS304,9326,1789798220,90.0,0.0027284583,0.0154984975,0.0
ETS308,9425,1789798220,90.0,3.01205,101.725235,0.0
ETS306,9428,1789798220,90.0,2.66807,101.99162,0.0
ETS301,9528,1789798220,90.0,2.3591743,103.05396,0.0
ETS302,9575,1789798220,90.0,2.5789719,102.61403,0.0
ETS215,9273,1789798214,24.0,4.594,101.0714,0.0
ETS212,9209,1789798213,0.0,6.455,100.2596,0.0
EMU29,2822,1789798212,120.0,5.0206,100.5491,0.0
ETS305,9323,1789798341,90.0,2.2507412,103.15269,0.0
ETS304,9326,1789798341,90.0,3.1362567,101.69093,0.0
ETS308,9425,1789798341,90.0,3.0034323,101.73343,0.0
ETS306,9428,1789798341,90.0,2.68697,101.97387,0.0
ETS301,9528,1789798341,90.0,2.380994,103.02401,0.0
ETS302,9575,1789798341,90.0,2.5789535,102.61405,0.0
ETS308,9425,1789798462,90.0,2.9922442,101.74736,0.0
ETS302,9575,1789798461,90.0,2.5828846,102.63529,0.0
ETS305,9323,1789798461,90.0,2.214049,103.17156,0.0
ETS304,9326,1789798461,90.0,3.1387544,101.69449,0.0
ETS301,9528,1789798461,90.0,2.3829741,103.021385,0.0
ETS306,9428,1789798461,90.0,2.7051156,101.95417,0.0
ETS215,9273,1789798454,24.0,4.5445,101.054,0.0
ETS214,9225,1789798454,48.0,3.5412,101.6358,0.0
SCS26,weekend_2338,1789798491,0.0,3.6839,101.5189,0.0
SCS22,2928,1789798490,0.0,6.5231,100.2568,0.0
ETS204,9343,1789798489,113.0,2.4549,102.3076,0.0
ETS205,9049,1789798489,90.0,3.2011,101.6001,0.0
ETS211,9130,1789798495,66.0,3.2822,101.5666,0.0
ETS208,9442,1789798495,0.0,4.1716,101.1892,0.0
SCS07,weekend_2347,1789798494,85.0,3.289,101.5715,0.0
SCS19,weekend_2343,1789798532,0.0,3.139,101.6934,0.0
ETS302,9575,1789798582,90.0,2.5836856,102.67441,0.0
ETS304,9326,1789798582,90.0,3.139114,101.69471,0.0
ETS306,9428,1789798582,90.0,2.7156215,101.94526,0.0
ETS308,9425,1789798582,90.0,2.9926462,101.767876,0.0
ETS205,9049,1789798534,97.0,3.201,101.6107,0.0
SCS27,weekend_2227,1789798533,0.0,3.0978,101.7059,0.0
ETS305,9323,1789798582,90.0,2.1912372,103.19086,0.0
ETS301,9528,1789798582,90.0,2.4018772,103.0118,0.0
ETS305,9323,1789798703,90.0,2.1823082,103.206245,0.0
ETS304,9326,1789798703,90.0,3.143026,101.69436,0.0
ETS302,9575,1789798703,90.0,2.5791113,102.71475,0.0
ETS306,9428,1789798703,90.0,2.71822,101.94145,0.0
ETS301,9528,1789798703,90.0,2.438633,102.99259,0.0
ETS308,9425,1789798703,90.0,2.9907737,101.78641,0.0
ETS308,9425,1789798824,90.0,2.9756985,101.79145,0.0
ETS304,9326,1789798823,90.0,3.150422,101.69178,0.0
ETS306,9428,1789798823,90.0,2.7201376,101.937035,0.0
ETS301,9528,1789798823,90.0,2.4638913,102.95962,0.0
ETS305,9323,1789798823,90.0,2.152878,103.23117,0.0
ETS302,9575,1789798823,90.0,2.5586684,102.74929,0.0
SCS19,weekend_2343,1789798772,0.0,3.139,101.6934,0.0
ETS302,9575,1789798944,90.0,2.535184,102.775925,0.0
ETS305,9323,1789798944,90.0,2.1273348,103.26247,0.0
ETS301,9528,1789798944,90.0,2.4717612,102.920334,0.0
ETS306,9428,1789798944,90.0,0.0027284583,0.0154984975,0.0
ETS308,9425,1789798944,90.0,2.951654,101.79144,0.0
ETS304,9326,1789798944,90.0,3.166635,101.68969,0.0
ETS208,9442,1789798975,93.0,4.2867,101.1639,0.0
EMU29,2822,1789798972,108.0,5.1572,100.48,0.0
SCS26,weekend_2338,1789798971,0.0,3.6839,101.5189,0.0
ETS215,9273,1789799009,1.0,4.4605,101.0491,0.0
SCS09,weekend_2231,1789799009,52.0,3.1516,101.691,0.0
ETS214,9225,1789799009,117.0,3.3938,101.6281,0.0
SCS22,2928,1789799000,114.0,6.6442,100.2904,0.0
SCS21,weekend_2342,1789799000,63.0,3.556,101.6389,0.0
ETS216,9109,1789799000,132.0,4.7552,101.1178,0.0
SCS27,weekend_2227,1789799013,0.0,3.0978,101.7059,0.0
ETS213,9226,1789799013,136.0,5.89,100.477,0.0
SCS19,weekend_2343,1789799012,24.0,3.1405,101.6938,0.0
SCS38,2831,1789799007,102.0,5.3637,100.4584,0.0
ETS211,9130,1789798975,101.0,3.36,101.5719,0.0
SCS07,weekend_2347,1789798974,102.0,3.2369,101.56,0.0
SCS23,2931,1789798973,96.0,5.368,100.4126,0.0
ETS306,9428,1789799065,90.0,2.7236335,101.91942,0.0
ETS302,9575,1789799065,90.0,2.5164387,102.806015,0.0
ETS301,9528,1789799065,90.0,2.48827,102.88362,0.0
ETS308,9425,1789799065,90.0,2.931912,101.79561,0.0
ETS304,9326,1789799065,90.0,3.1784382,101.6784,0.0
ETS305,9323,1789799065,90.0,2.0917668,103.28146,0.0
SCS27,weekend_2227,1789799013,0.0,3.0978,101.7059,0.0
SCS22,2928,1789799135,66.0,6.6586,100.3148,0.0
SCS21,weekend_2342,1789799135,102.0,3.5786,101.6134,0.0
SCS26,weekend_2338,1789799121,0.0,3.6839,101.5189,0.0
ETS216,9109,1789799120,134.0,4.7136,101.1237,0.0
ETS205,9049,1789799134,34.0,3.1644,101.6915,0.0
SCS19,weekend_2343,1789799132,47.0,3.15,101.6906,0.0
ETS214,9225,1789799129,112.0,3.3673,101.6031,0.0
ETS305,9323,1789799185,90.0,2.0580933,103.30663,0.0
ETS304,9326,1789799185,90.0,3.191799,101.65501,0.0
ETS308,9425,1789799185,90.0,2.9090834,101.796,0.0
ETS306,9428,1789799185,90.0,2.7247298,101.91119,0.0
SCS21,weekend_2342,1789799135,102.0,3.5786,101.6134,0.0
ETS301,9528,1789799185,90.0,2.4906127,102.8439,0.0
ETS302,9575,1789799185,90.0,2.5071788,102.81402,0.0
SCS38,2831,1789799142,114.0,5.3266,100.4699,0.0
ETS208,9442,1789799140,5.0,4.3023,101.154,0.0
SCS23,2931,1789799138,40.0,5.3856,100.3772,0.0
SCS22,2928,1789799135,66.0,6.6586,100.3148,0.0
SCS26,weekend_2338,1789799136,0.0,3.6839,101.5189,0.0
ETS216,9109,1789799135,141.0,4.7092,101.1267,0.0
ETS204,9343,1789799134,136.0,2.494,102.4465,0.0
ETS205,9049,1789799134,34.0,3.1644,101.6915,0.0
SCS19,weekend_2343,1789799132,47.0,3.15,101.6906,0.0
ETS305,9323,1789799306,90.0,2.0359015,103.31794,0.0
ETS304,9326,1789799306,90.0,3.206627,101.63353,0.0
ETS308,9425,1789799306,90.0,2.9057503,101.790344,0.0
ETS306,9428,1789799306,90.0,2.7269406,101.90242,0.0
ETS302,9575,1789799306,90.0,2.5070746,102.81413,0.0
ETS301,9528,1789799306,90.0,2.5060325,102.81532,0.0
ETS302,9575,1789799427,90.0,2.4950776,102.8352,0.0
ETS306,9428,1789799427,90.0,2.7340353,101.89691,0.0
ETS301,9528,1789799427,90.0,2.506666,102.81461,0.0
ETS308,9425,1789799427,90.0,2.8942053,101.79153,0.0
ETS305,9323,1789799427,90.0,2.035848,103.317924,0.0
ETS304,9326,1789799427,90.0,3.2000365,101.61141,0.0
SCS27,weekend_2227,1789799478,0.0,3.0978,101.706,0.0
SCS09,weekend_2231,1789799474,0.0,3.1345,101.6883,0.0
ETS304,9326,1789799549,90.0,3.2020884,101.58775,0.0
ETS302,9575,1789799549,90.0,2.4906447,102.87104,0.0
ETS301,9528,1789799549,90.0,2.520071,102.79756,0.0
ETS306,9428,1789799549,90.0,2.7405877,101.891716,0.0
ETS305,9323,1789799549,90.0,2.0244412,103.3204,0.0
ETS308,9425,1789799549,90.0,2.881212,101.81298,0.0
SCS27,weekend_2227,1789799538,0.0,3.0978,101.706,0.0
SCS19,weekend_2343,1789799537,59.0,3.1776,101.6792,0.0
ETS204,9343,1789799509,135.0,2.5698,102.5418,0.0
SCS09,weekend_2231,1789799504,0.0,3.1345,101.6883,0.0
ETS214,9225,1789799504,97.0,3.3036,101.575,0.0
SCS21,weekend_2342,1789799600,79.0,3.6713,101.5306,0.0
SCS23,2931,1789799603,0.0,5.3932,100.3666,0.0
SCS26,weekend_2338,1789799601,115.0,3.6673,101.5334,0.0
ETS216,9109,1789799600,63.0,4.6035,101.0755,0.0
ETS305,9323,1789799669,90.0,1.9859214,103.33101,0.0
ETS304,9326,1789799669,90.0,3.2055252,101.580956,0.0
ETS302,9575,1789799669,90.0,2.473853,102.90905,0.0
ETS306,9428,1789799669,90.0,2.7379444,101.88295,0.0
ETS301,9528,1789799669,90.0,2.5446742,102.76816,0.0
ETS308,9425,1789799669,90.0,2.8676257,101.82008,0.0
ETS305,9323,1789799790,90.0,1.949235,103.34885,0.0
ETS304,9326,1789799790,90.0,3.2056284,101.58096,0.0
ETS302,9575,1789799790,90.0,2.469634,102.949165,0.0
ETS306,9428,1789799790,90.0,2.7403374,101.87417,0.0
ETS301,9528,1789799790,90.0,2.5667293,102.73473,0.0
ETS308,9425,1789799790,90.0,2.85285,101.82325,0.0
ETS305,9323,1789799911,90.0,1.9205139,103.37893,0.0
ETS304,9326,1789799911,90.0,3.206213,101.57864,0.0
ETS302,9575,1789799911,90.0,2.4475706,102.98254,0.0
ETS306,9428,1789799911,90.0,2.7431636,101.864204,0.0
ETS301,9528,1789799911,90.0,2.5814831,102.70125,0.0
ETS308,9425,1789799911,90.0,2.8377657,101.829216,0.0
ETS302,9575,1789800032,90.0,2.4118094,103.00612,0.0
ETS306,9428,1789800032,90.0,2.745551,101.855705,0.0
ETS301,9528,1789800032,90.0,2.583237,102.661095,0.0
ETS308,9425,1789800032,90.0,2.8321357,101.82826,0.0
ETS305,9323,1789800032,90.0,1.8875777,103.40393,0.0
ETS304,9326,1789800032,90.0,3.2190251,101.56689,0.0
ETS214,9225,1789800059,33.0,3.2078,101.5763,0.0
SCS09,weekend_2231,1789800059,0.0,3.1089,101.6923,0.0
SCS27,weekend_2227,1789800063,37.0,3.1126,101.6835,0.0
ETS301,9528,1789800032,90.0,2.583237,102.661095,0.0
ETS306,9428,1789800032,90.0,2.745551,101.855705,0.0
ETS308,9425,1789800032,90.0,2.8321357,101.82826,0.0
ETS304,9326,1789800032,90.0,3.2190251,101.56689,0.0
ETS305,9323,1789800032,90.0,1.8875777,103.40393,0.0
ETS302,9575,1789800032,90.0,2.4118094,103.00612,0.0
ETS302,9575,1789800152,90.0,2.379265,103.02647,0.0
ETS305,9323,1789800152,90.0,1.8493952,103.42176,0.0
ETS308,9425,1789800152,90.0,2.8302047,101.827896,0.0
ETS306,9428,1789800152,90.0,2.7481947,101.84638,0.0
ETS304,9326,1789800152,90.0,3.2461913,101.55944,0.0
ETS301,9528,1789800152,90.0,2.5816295,102.62473,0.0
SCS38,2831,1789800117,17.0,5.1296,100.4864,0.0
ETS208,9442,1789800115,77.0,4.4647,101.0469,0.0
SCS07,weekend_2347,1789800114,80.0,3.1822,101.6726,0.0
EMU29,2822,1789800114,44.0,5.3667,100.4453,0.0
ETS214,9225,1789800104,19.0,3.2066,101.5795,0.0
ETS215,9273,1789800119,69.0,4.3001,101.157,0.0
SCS09,weekend_2231,1789800104,47.0,3.1077,101.6937,0.0
ETS214,9225,1789800209,0.0,3.2065,101.5795,0.0
ETS308,9425,1789800152,90.0,2.8302047,101.827896,0.0
ETS306,9428,1789800152,90.0,2.7481947,101.84638,0.0
ETS302,9575,1789800152,90.0,2.379265,103.02647,0.0
ETS304,9326,1789800152,90.0,3.2461913,101.55944,0.0
ETS305,9323,1789800152,90.0,1.8493952,103.42176,0.0
ETS301,9528,1789800152,90.0,2.5816295,102.62473,0.0
ETS305,9323,1789800273,90.0,1.8256074,103.45653,0.0
ETS301,9528,1789800273,90.0,2.5791495,102.61474,0.0
ETS302,9575,1789800273,90.0,2.353986,103.0592,0.0
ETS304,9326,1789800273,90.0,3.2673914,101.56035,0.0
ETS306,9428,1789800273,90.0,2.755596,101.82023,0.0
ETS308,9425,1789800273,90.0,2.8301673,101.827896,0.0
ETS302,9575,1789800273,90.0,2.353986,103.0592,0.0
ETS305,9323,1789800273,90.0,1.8256074,103.45653,0.0
ETS304,9326,1789800273,90.0,3.2673914,101.56035,0.0
ETS308,9425,1789800273,90.0,2.8301673,101.827896,0.0
ETS306,9428,1789800273,90.0,2.755596,101.82023,0.0
ETS301,9528,1789800273,90.0,2.5791495,102.61474,0.0
ETS305,9323,1789800394,90.0,1.8024606,103.48985,0.0
ETS304,9326,1789800394,90.0,3.285716,101.57058,0.0
ETS302,9575,1789800394,90.0,2.328916,103.09084,0.0
ETS306,9428,1789800394,90.0,2.7797184,101.80181,0.0
ETS301,9528,1789800394,90.0,2.5791447,102.61471,0.0
ETS308,9425,1789800394,90.0,2.8301868,101.827896,0.0
ETS302,9575,1789800394,90.0,2.328916,103.09084,0.0
ETS306,9428,1789800394,90.0,2.7797184,101.80181,0.0
ETS301,9528,1789800394,90.0,2.5791447,102.61471,0.0
ETS308,9425,1789800394,90.0,2.8301868,101.827896,0.0
ETS305,9323,1789800394,90.0,1.8024606,103.48985,0.0
ETS304,9326,1789800394,90.0,3.285716,101.57058,0.0
ETS305,9323,1789800515,90.0,1.7626939,103.49925,0.0
ETS304,9326,1789800515,90.0,3.3054283,101.57589,0.0
ETS302,9575,1789800515,90.0,2.3060954,103.12476,0.0
ETS306,9428,1789800515,90.0,2.8086853,101.80719,0.0
ETS301,9528,1789800515,90.0,2.5788052,102.61344,0.0
ETS308,9425,1789800515,90.0,2.8301966,101.8279,0.0
ETS305,9323,1789800515,90.0,1.7626939,103.49925,0.0
ETS304,9326,1789800515,90.0,3.3054283,101.57589,0.0
ETS302,9575,1789800515,90.0,2.3060954,103.12476,0.0
ETS306,9428,1789800515,90.0,2.8086853,101.80719,0.0
ETS301,9528,1789800515,90.0,2.5788052,102.61344,0.0
ETS308,9425,1789800515,90.0,2.8301966,101.8279,0.0
ETS304,9326,1789800635,90.0,3.3247755,101.57181,0.0
ETS302,9575,1789800635,90.0,2.269315,103.146126,0.0
ETS306,9428,1789800635,90.0,2.8250523,101.825516,0.0
ETS301,9528,1789800635,90.0,2.5751233,102.59596,0.0
ETS308,9425,1789800635,90.0,2.8301976,101.827896,0.0
ETS305,9323,1789800635,90.0,1.7260096,103.51823,0.0
ETS301,9528,1789800635,90.0,2.5751233,102.59596,0.0
ETS306,9428,1789800635,90.0,2.8250523,101.825516,0.0
ETS308,9425,1789800635,90.0,2.8301976,101.827896,0.0
ETS304,9326,1789800635,90.0,3.3247755,101.57181,0.0
ETS302,9575,1789800635,90.0,2.269315,103.146126,0.0
ETS305,9323,1789800635,90.0,1.7260096,103.51823,0.0
ETS208,9442,1789800655,86.0,4.5873,101.0705,0.0
ETS211,9130,1789800655,0.0,3.6842,101.5189,0.0
ETS212,9209,1789800658,23.0,5.8119,100.479,0.0
SCS38,2831,1789800657,116.0,5.0185,100.5404,0.0
SCS09,weekend_2231,1789800644,0.0,3.0986,101.705,0.0
ETS305,9323,1789800756,90.0,1.7009352,103.55107,0.0
ETS304,9326,1789800756,90.0,3.3458107,101.5732,0.0
ETS308,9425,1789800756,90.0,2.828987,101.82761,0.0
ETS306,9428,1789800756,90.0,2.8471441,101.82485,0.0
ETS301,9528,1789800756,90.0,2.5814655,102.57246,0.0
ETS302,9575,1789800756,90.0,2.2313032,103.15904,0.0
ETS305,9323,1789800756,90.0,1.7009352,103.55107,0.0
ETS301,9528,1789800756,90.0,2.5814655,102.57246,0.0
ETS302,9575,1789800756,90.0,2.2313032,103.15904,0.0
ETS304,9326,1789800756,90.0,3.3458107,101.5732,0.0
ETS306,9428,1789800756,90.0,2.8471441,101.82485,0.0
ETS308,9425,1789800756,90.0,2.828987,101.82761,0.0
ETS204,9343,1789800754,121.0,2.5459,102.7674,0.0
ETS305,9323,1789800877,90.0,1.6762518,103.58297,0.0
ETS301,9528,1789800877,90.0,2.57198,102.54877,0.0
ETS308,9425,1789800877,90.0,2.8202062,101.819954,0.0
ETS304,9326,1789800877,90.0,3.3621395,101.58162,0.0
ETS306,9428,1789800877,90.0,2.868825,101.81969,0.0
ETS302,9575,1789800877,90.0,2.1965117,103.18544,0.0
ETS305,9323,1789800877,90.0,1.6762518,103.58297,0.0
ETS301,9528,1789800877,90.0,2.57198,102.54877,0.0
ETS308,9425,1789800877,90.0,2.8202062,101.819954,0.0
ETS304,9326,1789800877,90.0,3.3621395,101.58162,0.0
ETS306,9428,1789800877,90.0,2.868825,101.81969,0.0
ETS302,9575,1789800877,90.0,2.1965117,103.18544,0.0
ETS305,9323,1789800998,90.0,1.6646909,103.59885,0.0
ETS304,9326,1789800998,90.0,3.3799126,101.61995,0.0
ETS308,9425,1789800998,90.0,2.8013172,101.80032,0.0
ETS306,9428,1789800998,90.0,2.8849323,101.80373,0.0
ETS301,9528,1789800997,90.0,2.5563266,102.518295,0.0
ETS302,9575,1789800997,90.0,2.1745148,103.22018,0.0
ETS308,9425,1789800998,90.0,2.8013172,101.80032,0.0
ETS306,9428,1789800998,90.0,2.8849323,101.80373,0.0
ETS304,9326,1789800998,90.0,3.3799126,101.61995,0.0
ETS305,9323,1789800998,90.0,1.6646909,103.59885,0.0
ETS302,9575,1789800997,90.0,2.1745148,103.22018,0.0
ETS301,9528,1789800997,90.0,2.5563266,102.518295,0.0
ETS308,9425,1789801118,90.0,2.7741141,101.8038,0.0
ETS305,9323,1789801118,90.0,1.6646844,103.59886,0.0
ETS304,9326,1789801118,90.0,3.4128985,101.62789,0.0
ETS302,9575,1789801118,90.0,2.141063,103.2437,0.0
ETS306,9428,1789801118,90.0,2.9036455,101.78748,0.0
ETS301,9528,1789801118,90.0,2.5195086,102.492256,0.0
ETS305,9323,1789801118,90.0,1.6646844,103.59886,0.0
ETS304,9326,1789801118,90.0,3.4128985,101.62789,0.0
ETS302,9575,1789801118,90.0,2.141063,103.2437,0.0
ETS306,9428,1789801118,90.0,2.9036455,101.78748,0.0
ETS301,9528,1789801118,90.0,2.5195086,102.492256,0.0
ETS308,9425,1789801118,90.0,2.7741141,101.8038,0.0
ETS305,9323,1789801239,90.0,1.6534516,103.613205,0.0
ETS304,9326,1789801239,90.0,3.442374,101.63911,0.0
ETS308,9425,1789801239,90.0,2.7551374,101.821785,0.0
ETS302,9575,1789801239,90.0,2.111176,103.267395,0.0
ETS301,9528,1789801239,90.0,2.4983933,102.458664,0.0
ETS303,9530,1789801239,90.0,1.4620938,103.76606,0.0
ETS306,9428,1789801239,90.0,2.910385,101.7964,0.0
ETS305,9323,1789801239,90.0,1.6534516,103.613205,0.0
ETS304,9326,1789801239,90.0,3.442374,101.63911,0.0
ETS308,9425,1789801239,90.0,2.7551374,101.821785,0.0
ETS302,9575,1789801239,90.0,2.111176,103.267395,0.0
ETS301,9528,1789801239,90.0,2.4983933,102.458664,0.0
ETS303,9530,1789801239,90.0,1.4620938,103.76606,0.0
ETS306,9428,1789801239,90.0,2.910385,101.7964,0.0
ETS305,9323,1789801360,90.0,1.6253622,103.644035,0.0
ETS304,9326,1789801360,90.0,3.4783447,101.6405,0.0
ETS308,9425,1789801360,90.0,2.7524374,101.83143,0.0
ETS302,9575,1789801360,90.0,2.0784914,103.29237,0.0
ETS301,9528,1789801360,90.0,2.477404,102.42673,0.0
ETS303,9530,1789801360,90.0,1.4738414,103.75814,0.0
ETS306,9428,1789801360,90.0,2.9341164,101.79507,0.0
ETS306,9428,1789801360,90.0,2.9341164,101.79507,0.0
ETS301,9528,1789801360,90.0,2.477404,102.42673,0.0
ETS303,9530,1789801360,90.0,1.4738414,103.75814,0.0
ETS302,9575,1789801360,90.0,2.0784914,103.29237,0.0
ETS308,9425,1789801360,90.0,2.7524374,101.83143,0.0
ETS305,9323,1789801360,90.0,1.6253622,103.644035,0.0
ETS304,9326,1789801360,90.0,3.4783447,101.6405,0.0
SCS19,weekend_2346,1789801423,60.0,3.2773,101.5624,0.0
SCS11,weekend_2235,1789801414,0.0,3.2151,101.6722,0.0
ETS305,9323,1789801480,90.0,1.5883585,103.65804,0.0
ETS308,9425,1789801480,90.0,2.7501936,101.839355,0.0
ETS306,9428,1789801480,90.0,2.9561315,101.793625,0.0
ETS301,9528,1789801480,90.0,2.4738646,102.41706,0.0
ETS303,9530,1789801480,90.0,1.5028251,103.75216,0.0
ETS302,9575,1789801480,90.0,2.0445757,103.31537,0.0
ETS304,9326,1789801480,90.0,3.5118246,101.6326,0.0
ETS205,9052,1789801414,0.0,3.137,101.6912,0.0
ETS305,9323,1789801480,90.0,1.5883585,103.65804,0.0
ETS308,9425,1789801480,90.0,2.7501936,101.839355,0.0
ETS306,9428,1789801480,90.0,2.9561315,101.793625,0.0
ETS301,9528,1789801480,90.0,2.4738646,102.41706,0.0
ETS303,9530,1789801480,90.0,1.5028251,103.75216,0.0
ETS302,9575,1789801480,90.0,2.0445757,103.31537,0.0
ETS304,9326,1789801480,90.0,3.5118246,101.6326,0.0
SCS27,weekend_2227,1789801473,17.0,3.1657,101.6906,0.0
ETS308,9425,1789801601,90.0,2.7478302,101.84771,0.0
ETS306,9428,1789801601,90.0,2.9780457,101.79148,0.0
ETS301,9528,1789801601,90.0,2.4738092,102.416855,0.0
ETS303,9530,1789801601,90.0,1.5316255,103.734146,0.0
ETS302,9575,1789801601,90.0,2.0358815,103.31791,0.0
ETS305,9323,1789801601,90.0,1.566534,103.68528,0.0
ETS304,9326,1789801601,90.0,3.539471,101.63651,0.0
ETS301,9528,1789801601,90.0,2.4738092,102.416855,0.0
ETS304,9326,1789801601,90.0,3.539471,101.63651,0.0
ETS308,9425,1789801601,90.0,2.7478302,101.84771,0.0
ETS306,9428,1789801601,90.0,2.9780457,101.79148,0.0
ETS303,9530,1789801601,90.0,1.5316255,103.734146,0.0
ETS302,9575,1789801601,90.0,2.0358815,103.31791,0.0
ETS305,9323,1789801601,90.0,1.566534,103.68528,0.0
ETS305,9323,1789801721,90.0,1.5420007,103.70473,0.0
ETS304,9326,1789801721,90.0,3.5622036,101.62818,0.0
ETS308,9425,1789801721,90.0,2.7457182,101.85517,0.0
ETS302,9575,1789801721,90.0,2.0358891,103.3179,0.0
ETS301,9528,1789801721,90.0,2.4658213,102.406166,0.0
ETS303,9530,1789801721,90.0,1.5365372,103.72457,0.0
ETS306,9428,1789801721,90.0,2.9936483,101.77959,0.0
ETS305,9323,1789801721,90.0,1.5420007,103.70473,0.0
ETS304,9326,1789801721,90.0,3.5622036,101.62818,0.0
ETS308,9425,1789801721,90.0,2.7457182,101.85517,0.0
ETS302,9575,1789801721,90.0,2.0358891,103.3179,0.0
ETS301,9528,1789801721,90.0,2.4658213,102.406166,0.0
ETS303,9530,1789801721,90.0,1.5365372,103.72457,0.0
ETS306,9428,1789801721,90.0,2.9936483,101.77959,0.0
ETS305,9323,1789801842,90.0,1.5365556,103.72451,0.0
ETS304,9326,1789801842,90.0,3.587917,101.60961,0.0
ETS308,9425,1789801842,90.0,2.7430968,101.8644,0.0
ETS302,9575,1789801842,90.0,2.0358822,103.31792,0.0
ETS301,9528,1789801842,90.0,2.4627688,102.37169,0.0
ETS303,9530,1789801842,90.0,1.5365258,103.72457,0.0
ETS306,9428,1789801842,90.0,2.991204,101.75344,0.0
ETS305,9323,1789801842,90.0,1.5365556,103.72451,0.0
ETS304,9326,1789801842,90.0,3.587917,101.60961,0.0
ETS308,9425,1789801842,90.0,2.7430968,101.8644,0.0
ETS302,9575,1789801842,90.0,2.0358822,103.31792,0.0
ETS301,9528,1789801842,90.0,2.4627688,102.37169,0.0
ETS303,9530,1789801842,90.0,1.5365258,103.72457,0.0
ETS306,9428,1789801842,90.0,2.991204,101.75344,0.0
EMU39,2941,1789801931,120.0,6.6189,100.265,0.0
ETS214,9225,1789801919,0.0,3.1443,101.6933,0.0
ETS303,9530,1789801962,90.0,1.5410182,103.70634,0.0
ETS305,9323,1789801962,90.0,1.5365226,103.72452,0.0
ETS302,9575,1789801962,90.0,2.0358765,103.3179,0.0
ETS301,9528,1789801962,90.0,2.4568434,102.33564,0.0
ETS304,9326,1789801962,90.0,3.609267,101.58638,0.0
ETS308,9425,1789801962,90.0,2.7408276,101.872444,0.0
ETS306,9428,1789801962,90.0,3.0038083,101.73193,0.0
ETS215,9273,1789801934,115.0,3.8224,101.4058,0.0
SCS09,weekend_2231,1789801934,0.0,3.0986,101.705,0.0
ETS212,9209,1789801933,0.0,5.6443,100.4903,0.0
SCS38,2831,1789801932,108.0,4.8733,100.7244,0.0
ETS211,9130,1789801930,121.0,3.9435,101.3355,0.0
ETS208,9442,1789801930,56.0,4.8195,101.0697,0.0
SCS11,weekend_2235,1789801924,22.0,3.1835,101.6891,0.0
ETS213,9226,1789801923,88.0,6.6498,100.3011,0.0
ETS306,9428,1789801962,90.0,3.0038083,101.73193,0.0
ETS308,9425,1789801962,90.0,2.7408276,101.872444,0.0
ETS305,9323,1789801962,90.0,1.5365226,103.72452,0.0
ETS304,9326,1789801962,90.0,3.609267,101.58638,0.0
ETS215,9273,1789801994,113.0,3.8088,101.4178,0.0
ETS301,9528,1789801962,90.0,2.4568434,102.33564,0.0
ETS303,9530,1789801962,90.0,1.5410182,103.70634,0.0
ETS302,9575,1789801962,90.0,2.0358765,103.3179,0.0
ETS305,9323,1789802083,90.0,1.5261742,103.736946,0.0
ETS304,9326,1789802083,90.0,3.6350734,101.5613,0.0
ETS308,9425,1789802083,90.0,2.7387323,101.8799,0.0
ETS302,9575,1789802083,90.0,2.0358763,103.317924,0.0
ETS301,9528,1789802083,90.0,2.456295,102.29435,0.0
ETS303,9530,1789802083,90.0,1.5654472,103.68861,0.0
ETS306,9428,1789802083,90.0,3.017146,101.72075,0.0
ETS305,9323,1789802083,90.0,1.5261742,103.736946,0.0
ETS304,9326,1789802083,90.0,3.6350734,101.5613,0.0
ETS308,9425,1789802083,90.0,2.7387323,101.8799,0.0
ETS306,9428,1789802083,90.0,3.017146,101.72075,0.0
ETS301,9528,1789802083,90.0,2.456295,102.29435,0.0
ETS303,9530,1789802083,90.0,1.5654472,103.68861,0.0
ETS302,9575,1789802083,90.0,2.0358763,103.317924,0.0
ETS305,9323,1789802203,90.0,1.4941872,103.75787,0.0
ETS304,9326,1789802203,90.0,3.6627436,101.53693,0.0
ETS308,9425,1789802203,90.0,2.738982,101.88772,0.0
ETS306,9428,1789802203,90.0,3.0258415,101.7153,0.0
ETS301,9528,1789802203,90.0,2.4591055,102.252625,0.0
ETS303,9530,1789802203,90.0,1.5845143,103.662544,0.0
ETS302,9575,1789802203,90.0,2.012788,103.32315,0.0
ETS307,9531,1789802203,90.0,0.0027284583,0.0154984975,0.0
ETS305,9323,1789802203,90.0,1.4941872,103.75787,0.0
ETS303,9530,1789802203,90.0,1.5845143,103.662544,0.0
ETS306,9428,1789802203,90.0,3.0258415,101.7153,0.0
ETS307,9531,1789802203,90.0,0.0027284583,0.0154984975,0.0
ETS304,9326,1789802203,90.0,3.6627436,101.53693,0.0
ETS301,9528,1789802203,90.0,2.4591055,102.252625,0.0
ETS302,9575,1789802203,90.0,2.012788,103.32315,0.0
ETS308,9425,1789802203,90.0,2.738982,101.88772,0.0
ETS304,9326,1789802324,90.0,3.6821775,101.5212,0.0
ETS308,9425,1789802324,90.0,2.7381966,101.8949,0.0
ETS302,9575,1789802324,90.0,1.9726589,103.33718,0.0
ETS301,9528,1789802324,90.0,2.463082,102.2274,0.0
ETS303,9530,1789802324,90.0,1.6185119,103.64829,0.0
ETS307,9531,1789802324,90.0,3.1276484,101.680954,0.0
ETS306,9428,1789802324,90.0,3.044597,101.708565,0.0
ETS305,9323,1789802324,90.0,1.4704192,103.760605,0.0
ETS304,9326,1789802324,90.0,3.6821775,101.5212,0.0
ETS308,9425,1789802324,90.0,2.7381966,101.8949,0.0
ETS306,9428,1789802324,90.0,3.044597,101.708565,0.0
ETS301,9528,1789802324,90.0,2.463082,102.2274,0.0
ETS303,9530,1789802324,90.0,1.6185119,103.64829,0.0
ETS307,9531,1789802324,90.0,3.1276484,101.680954,0.0
ETS302,9575,1789802324,90.0,1.9726589,103.33718,0.0
ETS305,9323,1789802324,90.0,1.4704192,103.760605,0.0
ETS306,9428,1789802444,90.0,3.0740485,101.71086,0.0
ETS305,9323,1789802444,90.0,1.4628881,103.765656,0.0
ETS304,9326,1789802444,90.0,3.6839616,101.51933,0.0
ETS308,9425,1789802444,90.0,2.7297764,101.90016,0.0
ETS302,9575,1789802444,90.0,1.9377353,103.359,0.0
ETS301,9528,1789802444,90.0,2.466043,102.2221,0.0
ETS303,9530,1789802444,90.0,1.6470541,103.619606,0.0
ETS307,9531,1789802444,90.0,3.121602,101.679184,0.0
ETS305,9323,1789802444,90.0,1.4628881,103.765656,0.0
ETS304,9326,1789802444,90.0,3.6839616,101.51933,0.0
ETS308,9425,1789802444,90.0,2.7297764,101.90016,0.0
ETS302,9575,1789802444,90.0,1.9377353,103.359,0.0
ETS301,9528,1789802444,90.0,2.466043,102.2221,0.0
ETS303,9530,1789802444,90.0,1.6470541,103.619606,0.0
ETS307,9531,1789802444,90.0,3.121602,101.679184,0.0
ETS306,9428,1789802444,90.0,3.0740485,101.71086,0.0
ETS305,9323,1789802565,90.0,1.4627881,103.7657,0.0
ETS304,9326,1789802565,90.0,3.684457,101.51887,0.0
ETS308,9425,1789802565,90.0,2.7246623,101.90673,0.0
ETS302,9575,1789802565,90.0,1.9088631,103.38693,0.0
ETS301,9528,1789802565,90.0,2.4592218,102.20286,0.0
ETS303,9530,1789802565,90.0,1.6646817,103.598946,0.0
ETS307,9531,1789802565,90.0,3.1167448,101.67997,0.0
ETS306,9428,1789802565,90.0,3.0757203,101.71202,0.0
ETS302,9575,1789802565,90.0,1.9088631,103.38693,0.0
ETS305,9323,1789802565,90.0,1.4627881,103.7657,0.0
ETS304,9326,1789802565,90.0,3.684457,101.51887,0.0
ETS308,9425,1789802565,90.0,2.7246623,101.90673,0.0
ETS306,9428,1789802565,90.0,3.0757203,101.71202,0.0
ETS301,9528,1789802565,90.0,2.4592218,102.20286,0.0
ETS303,9530,1789802565,90.0,1.6646817,103.598946,0.0
ETS307,9531,1789802565,90.0,3.1167448,101.67997,0.0
ETS305,9323,1789802685,90.0,1.4631704,103.76551,0.0
ETS304,9326,1789802685,90.0,3.7045054,101.49755,0.0
ETS308,9425,1789802685,90.0,2.724863,101.91374,0.0
ETS306,9428,1789802685,90.0,3.088873,101.71163,0.0
ETS301,9528,1789802685,90.0,2.466445,102.183,0.0
ETS303,9530,1789802685,90.0,1.6670698,103.594666,0.0
ETS307,9531,1789802685,90.0,3.112015,101.687325,0.0
ETS302,9575,1789802685,90.0,1.8749297,103.41033,0.0
ETS305,9323,1789802685,90.0,1.4631704,103.76551,0.0
ETS303,9530,1789802685,90.0,1.6670698,103.594666,0.0
ETS302,9575,1789802685,90.0,1.8749297,103.41033,0.0
ETS307,9531,1789802685,90.0,3.112015,101.687325,0.0
ETS304,9326,1789802685,90.0,3.7045054,101.49755,0.0
ETS301,9528,1789802685,90.0,2.466445,102.183,0.0
ETS306,9428,1789802685,90.0,3.088873,101.71163,0.0
ETS308,9425,1789802685,90.0,2.724863,101.91374,0.0
ETS305,9323,1789802806,90.0,1.4630121,103.76569,0.0
ETS304,9326,1789802806,90.0,3.7237678,101.46724,0.0
ETS308,9425,1789802806,90.0,2.722637,101.92149,0.0
ETS302,9575,1789802806,90.0,1.8416508,103.43367,0.0
ETS301,9528,1789802806,90.0,2.5037482,102.174866,0.0
ETS303,9530,1789802806,90.0,1.6872191,103.56907,0.0
ETS307,9531,1789802806,90.0,3.1093254,101.69183,0.0
ETS306,9428,1789802806,90.0,3.0973659,101.7068,0.0
DMU11(D6122),56,1789802826,42.0,5.34,102.118,0.0
ETS216,9109,1789802825,119.0,3.9696,101.3176,0.0
SCS21,weekend_2355,1789802825,0.0,3.6849,101.518,0.0
ETS305,9323,1789802806,90.0,1.4630121,103.76569,0.0
ETS308,9425,1789802806,90.0,2.722637,101.92149,0.0
ETS306,9428,1789802806,90.0,3.0973659,101.7068,0.0
ETS301,9528,1789802806,90.0,2.5037482,102.174866,0.0
ETS303,9530,1789802806,90.0,1.6872191,103.56907,0.0
ETS307,9531,1789802806,90.0,3.1093254,101.69183,0.0
ETS302,9575,1789802806,90.0,1.8416508,103.43367,0.0
ETS304,9326,1789802806,90.0,3.7237678,101.46724,0.0
ETS305,9323,1789802926,90.0,1.4630145,103.765755,0.0
ETS304,9326,1789802926,90.0,3.7446785,101.45103,0.0
ETS308,9425,1789802926,90.0,2.7209992,101.9338,0.0
ETS306,9428,1789802926,90.0,3.0975444,101.70657,0.0
ETS301,9528,1789802926,90.0,2.5369463,102.15329,0.0
ETS303,9530,1789802926,90.0,1.7112356,103.535675,0.0
ETS307,9531,1789802926,90.0,3.108697,101.692635,0.0
ETS302,9575,1789802926,90.0,1.8196024,103.4696,0.0
ETS305,9323,1789802926,90.0,1.4630145,103.765755,0.0
ETS304,9326,1789802926,90.0,3.7446785,101.45103,0.0
ETS308,9425,1789802926,90.0,2.7209992,101.9338,0.0
ETS302,9575,1789802926,90.0,1.8196024,103.4696,0.0
ETS301,9528,1789802926,90.0,2.5369463,102.15329,0.0
ETS303,9530,1789802926,90.0,1.7112356,103.535675,0.0
ETS307,9531,1789802926,90.0,3.108697,101.692635,0.0
ETS306,9428,1789802926,90.0,3.0975444,101.70657,0.0
ETS305,9323,1789803047,90.0,1.4633965,103.765755,0.0
ETS304,9326,1789803047,90.0,3.7648537,101.437126,0.0
ETS308,9425,1789803047,90.0,2.7182708,101.941345,0.0
ETS306,9428,1789803047,90.0,3.107106,101.694565,0.0
ETS301,9528,1789803047,90.0,2.5632505,102.119514,0.0
ETS303,9530,1789803047,90.0,1.7404759,103.51047,0.0
ETS302,9575,1789803047,90.0,1.7883687,103.49489,0.0
ETS307,9531,1789803047,90.0,3.1071136,101.694595,0.0
ETS305,9323,1789803047,90.0,1.4633965,103.765755,0.0
ETS304,9326,1789803047,90.0,3.7648537,101.437126,0.0
ETS308,9425,1789803047,90.0,2.7182708,101.941345,0.0
ETS302,9575,1789803047,90.0,1.7883687,103.49489,0.0
ETS301,9528,1789803047,90.0,2.5632505,102.119514,0.0
ETS303,9530,1789803047,90.0,1.7404759,103.51047,0.0
ETS307,9531,1789803047,90.0,3.1071136,101.694595,0.0
ETS306,9428,1789803047,90.0,3.107106,101.694565,0.0
ETS305,9323,1789803167,90.0,1.4632441,103.765785,0.0
ETS304,9326,1789803167,90.0,3.8024173,101.42351,0.0
ETS308,9425,1789803167,90.0,2.717954,101.94184,0.0
ETS302,9575,1789803167,90.0,1.7499136,103.50799,0.0
ETS301,9528,1789803167,90.0,2.5937455,102.09522,0.0
ETS303,9530,1789803167,90.0,1.779182,103.49608,0.0
ETS307,9531,1789803167,90.0,3.098945,101.70484,0.0
ETS306,9428,1789803167,90.0,3.1199527,101.67944,0.0
ETS305,9323,1789803167,90.0,1.4632441,103.765785,0.0
ETS304,9326,1789803167,90.0,3.8024173,101.42351,0.0
ETS308,9425,1789803167,90.0,2.717954,101.94184,0.0
ETS302,9575,1789803167,90.0,1.7499136,103.50799,0.0
ETS301,9528,1789803167,90.0,2.5937455,102.09522,0.0
ETS303,9530,1789803167,90.0,1.779182,103.49608,0.0
ETS307,9531,1789803167,90.0,3.098945,101.70484,0.0
ETS306,9428,1789803167,90.0,3.1199527,101.67944,0.0
ETS216,9109,1789803215,127.0,3.8739,101.381,0.0
EMU26,2828,1789803215,110.0,4.7721,100.8748,0.0
ETS305,9323,1789803287,90.0,1.4632087,103.76592,0.0
ETS304,9326,1789803287,90.0,3.8314111,101.40022,0.0
ETS302,9575,1789803287,90.0,1.7150278,103.52898,0.0
ETS307,9531,1789803287,90.0,3.089494,101.711586,0.0
ETS303,9530,1789803287,90.0,1.8118002,103.479485,0.0
ETS301,9528,1789803287,90.0,2.6262555,102.07261,0.0
ETS306,9428,1789803287,90.0,3.127557,101.680885,0.0
ETS308,9425,1789803287,90.0,2.7094443,101.95236,0.0
SCS09,weekend_2231,1789803218,0.0,3.1324,101.6834,0.0
DMU11(D6122),56,1789803216,24.0,5.3209,102.1281,0.0
SCS26,weekend_2351,1789803216,10.0,3.2086,101.6291,0.0
SCS21,weekend_2355,1789803215,114.0,3.6428,101.5559,0.0
SCS22,2939,1789803215,114.0,5.915,100.4681,0.0
SCS11,weekend_2235,1789803215,0.0,3.1348,101.6881,0.0
ETS305,9323,1789803287,90.0,1.4632087,103.76592,0.0
ETS304,9326,1789803287,90.0,3.8314111,101.40022,0.0
ETS308,9425,1789803287,90.0,2.7094443,101.95236,0.0
ETS306,9428,1789803287,90.0,3.127557,101.680885,0.0
ETS301,9528,1789803287,90.0,2.6262555,102.07261,0.0
ETS303,9530,1789803287,90.0,1.8118002,103.479485,0.0
ETS307,9531,1789803287,90.0,3.089494,101.711586,0.0
ETS302,9575,1789803287,90.0,1.7150278,103.52898,0.0
ETS304,9326,1789803408,90.0,3.8595285,101.37933,0.0
ETS308,9425,1789803408,90.0,2.6936417,101.97122,0.0
ETS306,9428,1789803408,90.0,3.131788,101.68407,0.0
ETS301,9528,1789803408,90.0,2.6422102,102.03553,0.0
ETS303,9530,1789803408,90.0,1.814932,103.47604,0.0
ETS307,9531,1789803408,90.0,3.0765393,101.71301,0.0
ETS302,9575,1789803408,90.0,1.6906121,103.56324,0.0
ETS304,9326,1789803408,90.0,3.8595285,101.37933,0.0
ETS308,9425,1789803408,90.0,2.6936417,101.97122,0.0
ETS306,9428,1789803408,90.0,3.131788,101.68407,0.0
ETS301,9528,1789803408,90.0,2.6422102,102.03553,0.0
ETS303,9530,1789803408,90.0,1.814932,103.47604,0.0
ETS302,9575,1789803408,90.0,1.6906121,103.56324,0.0
ETS307,9531,1789803408,90.0,3.0765393,101.71301,0.0
ETS304,9326,1789803528,90.0,3.8898976,101.37166,0.0
ETS308,9425,1789803528,90.0,2.6725497,101.98494,0.0
ETS306,9428,1789803528,90.0,0.0027284583,0.0154984975,0.0
ETS301,9528,1789803528,90.0,2.6541712,102.009766,0.0
ETS303,9530,1789803528,90.0,1.8322014,103.44597,0.0
ETS307,9531,1789803528,90.0,3.075363,101.71162,0.0
ETS302,9575,1789803528,90.0,1.6654211,103.597176,0.0
ETS304,9326,1789803528,90.0,3.8898976,101.37166,0.0
ETS303,9530,1789803528,90.0,1.8322014,103.44597,0.0
ETS302,9575,1789803528,90.0,1.6654211,103.597176,0.0
ETS307,9531,1789803528,90.0,3.075363,101.71162,0.0
ETS308,9425,1789803528,90.0,2.6725497,101.98494,0.0
ETS301,9528,1789803528,90.0,2.6541712,102.009766,0.0
ETS306,9428,1789803528,90.0,0.0027284583,0.0154984975,0.0
ETS304,9326,1789803649,90.0,3.914131,101.34684,0.0
ETS308,9425,1789803649,90.0,2.6575089,102.00297,0.0
ETS306,9428,1789803649,90.0,0.0027284583,0.0154984975,0.0
ETS302,9575,1789803649,90.0,1.6394005,103.62839,0.0
ETS303,9530,1789803649,90.0,1.859483,103.41601,0.0
ETS307,9531,1789803649,90.0,3.060089,101.70847,0.0
ETS301,9528,1789803649,90.0,2.6652691,101.99308,0.0
ETS304,9326,1789803649,90.0,3.914131,101.34684,0.0
ETS308,9425,1789803649,90.0,2.6575089,102.00297,0.0
ETS306,9428,1789803649,90.0,0.0027284583,0.0154984975,0.0
ETS302,9575,1789803649,90.0,1.6394005,103.62839,0.0
ETS303,9530,1789803649,90.0,1.859483,103.41601,0.0
ETS307,9531,1789803649,90.0,3.060089,101.70847,0.0
ETS301,9528,1789803649,90.0,2.6652691,101.99308,0.0
ETS304,9326,1789803769,90.0,3.947078,101.33178,0.0
ETS308,9425,1789803769,90.0,2.6538644,102.02392,0.0
ETS306,9428,1789803769,90.0,3.1362243,101.692116,0.0
ETS302,9575,1789803769,90.0,1.6062169,103.64957,0.0
ETS303,9530,1789803769,90.0,1.8840542,103.4057,0.0
ETS307,9531,1789803769,90.0,3.0380971,101.70984,0.0
ETS301,9528,1789803769,90.0,2.681185,101.97626,0.0
ETS304,9326,1789803769,90.0,3.947078,101.33178,0.0
ETS308,9425,1789803769,90.0,2.6538644,102.02392,0.0
ETS306,9428,1789803769,90.0,3.1362243,101.692116,0.0
ETS302,9575,1789803769,90.0,1.6062169,103.64957,0.0
ETS303,9530,1789803769,90.0,1.8840542,103.4057,0.0
ETS307,9531,1789803769,90.0,3.0380971,101.70984,0.0
ETS301,9528,1789803769,90.0,2.681185,101.97626,0.0
ETS304,9326,1789803890,90.0,3.9788284,101.31448,0.0
ETS303,9530,1789803890,90.0,1.884096,103.40564,0.0
ETS307,9531,1789803890,90.0,3.0225074,101.71707,0.0
ETS302,9575,1789803890,90.0,1.5736861,103.67198,0.0
ETS308,9425,1789803890,90.0,2.6375945,102.040985,0.0
ETS301,9528,1789803890,90.0,2.7011435,101.95936,0.0
ETS306,9428,1789803890,90.0,3.138445,101.6944,0.0
EMU26,2828,1789803856,109.0,4.8266,100.7366,0.0
SCS26,weekend_2351,1789803856,51.0,3.1675,101.6883,0.0
ETS304,9326,1789803890,90.0,3.9788284,101.31448,0.0
ETS303,9530,1789803890,90.0,1.884096,103.40564,0.0
ETS302,9575,1789803890,90.0,1.5736861,103.67198,0.0
ETS307,9531,1789803890,90.0,3.0225074,101.71707,0.0
ETS308,9425,1789803890,90.0,2.6375945,102.040985,0.0
ETS301,9528,1789803890,90.0,2.7011435,101.95936,0.0
ETS306,9428,1789803890,90.0,3.138445,101.6944,0.0
ETS308,9425,1789804010,90.0,2.6363049,102.04411,0.0
ETS301,9528,1789804010,90.0,2.7131672,101.94883,0.0
ETS306,9428,1789804010,90.0,3.1385138,101.69442,0.0
ETS304,9326,1789804010,90.0,4.014472,101.29392,0.0
ETS302,9575,1789804010,90.0,1.5579723,103.69563,0.0
ETS303,9530,1789804010,90.0,1.896493,103.39932,0.0
ETS307,9531,1789804010,90.0,3.0077746,101.727425,0.0
ETS304,9326,1789804010,90.0,4.014472,101.29392,0.0
ETS303,9530,1789804010,90.0,1.896493,103.39932,0.0
ETS301,9528,1789804010,90.0,2.7131672,101.94883,0.0
ETS307,9531,1789804010,90.0,3.0077746,101.727425,0.0
ETS308,9425,1789804010,90.0,2.6363049,102.04411,0.0
ETS302,9575,1789804010,90.0,1.5579723,103.69563,0.0
ETS306,9428,1789804010,90.0,3.1385138,101.69442,0.0
ETS304,9326,1789804131,90.0,4.0394926,101.28608,0.0
ETS308,9425,1789804131,90.0,2.6355855,102.052895,0.0
ETS306,9428,1789804131,90.0,3.1432555,101.69431,0.0
ETS302,9575,1789804131,90.0,1.5403575,103.716705,0.0
ETS303,9530,1789804131,90.0,1.925167,103.37342,0.0
ETS307,9531,1789804131,90.0,2.9935431,101.744484,0.0
ETS301,9528,1789804131,90.0,2.7182033,101.94148,0.0
SCS11,weekend_2235,1789804145,0.0,3.1324,101.6833,0.0
SCS22,2939,1789804145,114.0,5.6744,100.4954,0.0
ETS216,9109,1789804145,105.0,3.6821,101.5216,0.0
EMU39,2941,1789804144,0.0,6.1128,100.3695,0.0
ETS308,9425,1789804131,90.0,2.6355855,102.052895,0.0
ETS306,9428,1789804131,90.0,3.1432555,101.69431,0.0
ETS301,9528,1789804131,90.0,2.7182033,101.94148,0.0
ETS303,9530,1789804131,90.0,1.925167,103.37342,0.0
ETS307,9531,1789804131,90.0,2.9935431,101.744484,0.0
ETS304,9326,1789804131,90.0,4.0394926,101.28608,0.0
ETS302,9575,1789804131,90.0,1.5403575,103.716705,0.0
ETS304,9326,1789804251,90.0,4.0913773,101.27109,0.0
ETS308,9425,1789804251,90.0,2.6306643,102.064095,0.0
ETS306,9428,1789804251,90.0,3.1547258,101.69453,0.0
ETS302,9575,1789804251,90.0,1.5365518,103.72458,0.0
ETS303,9530,1789804251,90.0,1.9549978,103.34524,0.0
ETS307,9531,1789804251,90.0,2.9924934,101.76767,0.0
ETS301,9528,1789804251,90.0,2.7182236,101.94147,0.0
ETS304,9326,1789804251,90.0,4.0913773,101.27109,0.0
ETS303,9530,1789804251,90.0,1.9549978,103.34524,0.0
ETS302,9575,1789804251,90.0,1.5365518,103.72458,0.0
ETS307,9531,1789804251,90.0,2.9924934,101.76767,0.0
ETS308,9425,1789804251,90.0,2.6306643,102.064095,0.0
ETS301,9528,1789804251,90.0,2.7182236,101.94147,0.0
ETS306,9428,1789804251,90.0,3.1547258,101.69453,0.0
ETS304,9326,1789804372,90.0,4.1134744,101.24827,0.0
ETS308,9425,1789804372,90.0,2.600157,102.09144,0.0
ETS306,9428,1789804372,90.0,3.1696749,101.686195,0.0
ETS302,9575,1789804372,90.0,1.5365808,103.72458,0.0
ETS303,9530,1789804372,90.0,1.9918263,103.32807,0.0
ETS307,9531,1789804372,90.0,2.9909537,101.78589,0.0
ETS301,9528,1789804372,90.0,2.7201858,101.936905,0.0
ETS302,9575,1789804372,90.0,1.5365808,103.72458,0.0
ETS301,9528,1789804372,90.0,2.7201858,101.936905,0.0
ETS308,9425,1789804372,90.0,2.600157,102.09144,0.0
ETS306,9428,1789804372,90.0,3.1696749,101.686195,0.0
ETS304,9326,1789804372,90.0,4.1134744,101.24827,0.0
ETS303,9530,1789804372,90.0,1.9918263,103.32807,0.0
ETS307,9531,1789804372,90.0,2.9909537,101.78589,0.0
ETS301,9528,1789804493,90.0,2.7224355,101.92859,0.0
ETS303,9530,1789804493,90.0,2.0307066,103.31924,0.0
ETS302,9575,1789804493,90.0,1.536594,103.72454,0.0
ETS307,9531,1789804493,90.0,2.9845698,101.79162,0.0
ETS304,9326,1789804493,90.0,4.135181,101.21741,0.0
ETS308,9425,1789804493,90.0,2.5682857,102.11147,0.0
ETS306,9428,1789804493,90.0,3.1821017,101.67174,0.0
ETS304,9326,1789804493,90.0,4.135181,101.21741,0.0
ETS308,9425,1789804493,90.0,2.5682857,102.11147,0.0
ETS306,9428,1789804493,90.0,3.1821017,101.67174,0.0
ETS301,9528,1789804493,90.0,2.7224355,101.92859,0.0
ETS303,9530,1789804493,90.0,2.0307066,103.31924,0.0
ETS307,9531,1789804493,90.0,2.9845698,101.79162,0.0
ETS302,9575,1789804493,90.0,1.536594,103.72454,0.0
ETS304,9326,1789804613,90.0,4.169579,101.18986,0.0
ETS308,9425,1789804613,90.0,2.5444129,102.14403,0.0
ETS306,9428,1789804613,90.0,3.1941462,101.649574,0.0
ETS302,9575,1789804613,90.0,1.535009,103.727715,0.0
ETS303,9530,1789804613,90.0,2.0359182,103.31793,0.0
ETS307,9531,1789804613,90.0,2.982594,101.79188,0.0
ETS301,9528,1789804613,90.0,2.7226794,101.9213,0.0
ETS304,9326,1789804613,90.0,4.169579,101.18986,0.0
ETS308,9425,1789804613,90.0,2.5444129,102.14403,0.0
ETS306,9428,1789804613,90.0,3.1941462,101.649574,0.0
ETS301,9528,1789804613,90.0,2.7226794,101.9213,0.0
ETS303,9530,1789804613,90.0,2.0359182,103.31793,0.0
ETS302,9575,1789804613,90.0,1.535009,103.727715,0.0
ETS307,9531,1789804613,90.0,2.982594,101.79188,0.0
ETS304,9326,1789804734,90.0,4.2015996,101.183655,0.0
ETS308,9425,1789804734,90.0,2.5152452,102.17025,0.0
ETS306,9428,1789804734,90.0,3.2076054,101.63135,0.0
ETS302,9575,1789804734,90.0,1.5140789,103.74424,0.0
ETS303,9530,1789804734,90.0,2.0521164,103.310776,0.0
ETS307,9531,1789804734,90.0,2.9762733,101.79149,0.0
ETS301,9528,1789804734,90.0,2.7248712,101.913864,0.0
ETS308,9425,1789804734,90.0,2.5152452,102.17025,0.0
ETS306,9428,1789804734,90.0,3.2076054,101.63135,0.0
ETS301,9528,1789804734,90.0,2.7248712,101.913864,0.0
ETS303,9530,1789804734,90.0,2.0521164,103.310776,0.0
ETS302,9575,1789804734,90.0,1.5140789,103.74424,0.0
ETS304,9326,1789804734,90.0,4.2015996,101.183655,0.0
ETS307,9531,1789804734,90.0,2.9762733,101.79149,0.0
ETS205,9052,1789804744,118.0,3.3992,101.6281,0.0
ETS204,9352,1789804729,87.0,2.5768,102.5551,0.0
ETS303,9530,1789804854,90.0,2.0859609,103.287125,0.0
ETS307,9531,1789804854,90.0,2.9636211,101.792435,0.0
ETS301,9528,1789804854,90.0,2.724862,101.90584,0.0
ETS304,9326,1789804854,90.0,4.243084,101.17698,0.0
ETS308,9425,1789804854,90.0,2.4781556,102.18146,0.0
ETS306,9428,1789804854,90.0,3.2034373,101.6149,0.0
ETS302,9575,1789804854,90.0,1.4871535,103.75759,0.0
ETS306,9428,1789804854,90.0,3.2034373,101.6149,0.0
ETS301,9528,1789804854,90.0,2.724862,101.90584,0.0
ETS303,9530,1789804854,90.0,2.0859609,103.287125,0.0
ETS307,9531,1789804854,90.0,2.9636211,101.792435,0.0
ETS302,9575,1789804854,90.0,1.4871535,103.75759,0.0
ETS304,9326,1789804854,90.0,4.243084,101.17698,0.0
ETS308,9425,1789804854,90.0,2.4781556,102.18146,0.0
ETS308,9425,1789804975,90.0,2.4526854,102.19737,0.0
ETS307,9531,1789804975,90.0,2.9471567,101.789116,0.0
ETS303,9530,1789804975,90.0,2.1192749,103.26405,0.0
ETS304,9326,1789804975,90.0,4.2743206,101.16872,0.0
ETS302,9575,1789804975,90.0,1.468885,103.761955,0.0
ETS306,9428,1789804975,90.0,3.1997833,101.59535,0.0
ETS301,9528,1789804975,90.0,2.7300663,101.89998,0.0
ETS301,9528,1789804975,90.0,2.7300663,101.89998,0.0
ETS306,9428,1789804975,90.0,3.1997833,101.59535,0.0
ETS308,9425,1789804975,90.0,2.4526854,102.19737,0.0
ETS304,9326,1789804975,90.0,4.2743206,101.16872,0.0
ETS307,9531,1789804975,90.0,2.9471567,101.789116,0.0
ETS204,9352,1789804999,107.0,2.5285,102.4952,0.0
DMU03,58,1789804999,29.0,4.8899,101.9715,0.0
ETS303,9530,1789804975,90.0,2.1192749,103.26405,0.0
ETS302,9575,1789804975,90.0,1.468885,103.761955,0.0
SCS09,weekend_2223,1789805069,0.0,3.1828,101.6888,0.0
ETS306,9428,1789805095,90.0,3.204754,101.583,0.0
ETS308,9425,1789805095,90.0,2.4657533,102.22267,0.0
ETS307,9531,1789805095,90.0,2.9293792,101.79509,0.0
ETS304,9326,1789805095,90.0,4.3008757,101.15581,0.0
ETS301,9528,1789805095,90.0,2.7362852,101.89572,0.0
ETS302,9575,1789805095,90.0,0.0027284583,0.0154984975,0.0
ETS303,9530,1789805095,90.0,2.1448019,103.238266,0.0
ETS214,9136,1789805069,0.0,3.137,101.6912,0.0
ETS216,9109,1789805060,101.0,3.5063,101.6333,0.0
ETS215,9273,1789805054,77.0,3.3009,101.5749,0.0
ETS214,9136,1789805099,0.0,3.137,101.6912,0.0
ETS215,9273,1789805099,89.0,3.291,101.5729,0.0
SCS21,weekend_2355,1789805090,52.0,3.3337,101.5712,0.0
EMU26,2828,1789805090,23.0,5.0013,100.7354,0.0
ETS205,9052,1789805089,115.0,3.4928,101.6353,0.0
EMU39,2941,1789805087,121.0,5.8973,100.4749,0.0
SCS09,weekend_2223,1789805084,5.0,3.1829,101.6888,0.0
ETS204,9352,1789805074,116.0,2.5095,102.4838,0.0
DMU03,58,1789805074,24.0,4.8963,101.971,0.0
ETS308,9425,1789805095,90.0,2.4657533,102.22267,0.0
ETS302,9575,1789805095,90.0,0.0027284583,0.0154984975,0.0
ETS306,9428,1789805095,90.0,3.204754,101.583,0.0
ETS301,9528,1789805095,90.0,2.7362852,101.89572,0.0
ETS303,9530,1789805095,90.0,2.1448019,103.238266,0.0
ETS307,9531,1789805095,90.0,2.9293792,101.79509,0.0
ETS304,9326,1789805095,90.0,4.3008757,101.15581,0.0
ETS304,9326,1789805216,90.0,4.302095,101.15443,0.0
ETS308,9425,1789805216,90.0,2.463289,102.22702,0.0
ETS306,9428,1789805216,90.0,3.2056968,101.58094,0.0
ETS301,9528,1789805216,90.0,2.7405596,101.890884,0.0
ETS303,9530,1789805216,90.0,2.1783442,103.216736,0.0
ETS307,9531,1789805216,90.0,2.9080982,101.795555,0.0
ETS302,9575,1789805216,90.0,0.0027284583,0.0154984975,0.0
ETS304,9326,1789805216,90.0,4.302095,101.15443,0.0
ETS308,9425,1789805216,90.0,2.463289,102.22702,0.0
ETS306,9428,1789805216,90.0,3.2056968,101.58094,0.0
ETS301,9528,1789805216,90.0,2.7405596,101.890884,0.0
ETS303,9530,1789805216,90.0,2.1783442,103.216736,0.0
ETS307,9531,1789805216,90.0,2.9080982,101.795555,0.0
ETS302,9575,1789805216,90.0,0.0027284583,0.0154984975,0.0
ETS302,9575,1789805337,90.0,0.0027284583,0.0154984975,0.0
ETS303,9530,1789805337,90.0,2.1910567,103.19097,0.0
ETS307,9531,1789805337,90.0,2.904167,101.787796,0.0
ETS301,9528,1789805337,90.0,2.7379346,101.88337,0.0
ETS304,9326,1789805337,90.0,4.3085885,101.14602,0.0
ETS308,9425,1789805337,90.0,2.4591687,102.25126,0.0
ETS306,9428,1789805337,90.0,3.21311,101.57185,0.0
ETS304,9326,1789805337,90.0,4.3085885,101.14602,0.0
ETS306,9428,1789805337,90.0,3.21311,101.57185,0.0
ETS302,9575,1789805337,90.0,0.0027284583,0.0154984975,0.0
ETS303,9530,1789805337,90.0,2.1910567,103.19097,0.0
ETS307,9531,1789805337,90.0,2.904167,101.787796,0.0
ETS301,9528,1789805337,90.0,2.7379346,101.88337,0.0
ETS308,9425,1789805337,90.0,2.4591687,102.25126,0.0
ETS307,9531,1789805457,90.0,2.8946767,101.79064,0.0
ETS303,9530,1789805457,90.0,2.1994674,103.18234,0.0
ETS301,9528,1789805457,90.0,2.7397907,101.8762,0.0
ETS306,9428,1789805457,90.0,3.2398207,101.5613,0.0
ETS308,9425,1789805457,90.0,2.4566116,102.2921,0.0
ETS304,9326,1789805457,90.0,4.3399396,101.12232,0.0
ETS302,9575,1789805457,90.0,0.0027284583,0.0154984975,0.0
ETS215,9273,1789805474,101.0,3.2349,101.5598,0.0
ETS303,9530,1789805457,90.0,2.1994674,103.18234,0.0
ETS306,9428,1789805457,90.0,3.2398207,101.5613,0.0
ETS301,9528,1789805457,90.0,2.7397907,101.8762,0.0
ETS308,9425,1789805457,90.0,2.4566116,102.2921,0.0
ETS307,9531,1789805457,90.0,2.8946767,101.79064,0.0
ETS302,9575,1789805457,90.0,0.0027284583,0.0154984975,0.0
ETS304,9326,1789805457,90.0,4.3399396,101.12232,0.0
ETS304,9326,1789805577,90.0,4.3739653,101.09747,0.0
ETS308,9425,1789805577,90.0,2.455315,102.32632,0.0
ETS306,9428,1789805577,90.0,3.2605665,101.556915,0.0
ETS302,9575,1789805577,90.0,0.0027284583,0.0154984975,0.0
ETS303,9530,1789805577,90.0,2.2329342,103.15782,0.0
ETS307,9531,1789805577,90.0,2.883659,101.81,0.0
ETS301,9528,1789805577,90.0,2.741965,101.86849,0.0
ETS215,9273,1789805504,101.0,3.227,101.5612,0.0
ETS212,9209,1789805503,128.0,4.7822,100.7802,0.0
ETS307,9531,1789805577,90.0,2.883659,101.81,0.0
ETS304,9326,1789805577,90.0,4.3739653,101.09747,0.0
ETS301,9528,1789805577,90.0,2.741965,101.86849,0.0
ETS306,9428,1789805577,90.0,3.2605665,101.556915,0.0
ETS308,9425,1789805577,90.0,2.455315,102.32632,0.0
ETS303,9530,1789805577,90.0,2.2329342,103.15782,0.0
ETS302,9575,1789805577,90.0,0.0027284583,0.0154984975,0.0
EMU39,2941,1789805590,117.0,5.7847,100.4881,0.0
ETS304,9326,1789805698,90.0,4.4097667,101.07557,0.0
ETS308,9425,1789805698,90.0,2.462668,102.37374,0.0
ETS307,9531,1789805698,90.0,2.8661857,101.82034,0.0
ETS301,9528,1789805698,90.0,2.7443066,101.8602,0.0
ETS303,9530,1789805698,90.0,2.2697172,103.14589,0.0
ETS306,9428,1789805698,90.0,3.2797723,101.5664,0.0
ETS304,9326,1789805698,90.0,4.4097667,101.07557,0.0
ETS303,9530,1789805698,90.0,2.2697172,103.14589,0.0
ETS307,9531,1789805698,90.0,2.8661857,101.82034,0.0
ETS308,9425,1789805698,90.0,2.462668,102.37374,0.0
ETS301,9528,1789805698,90.0,2.7443066,101.8602,0.0
ETS306,9428,1789805698,90.0,3.2797723,101.5664,0.0
ETS308,9425,1789805819,90.0,2.468866,102.409706,0.0
ETS306,9428,1789805819,90.0,3.2978282,101.57574,0.0
ETS303,9530,1789805819,90.0,2.2969136,103.13044,0.0
ETS304,9326,1789805819,90.0,4.446795,101.05593,0.0
ETS307,9531,1789805819,90.0,2.8532422,101.823105,0.0
ETS301,9528,1789805818,90.0,2.7469099,101.85098,0.0
ETS308,9425,1789805819,90.0,2.468866,102.409706,0.0
ETS304,9326,1789805819,90.0,4.446795,101.05593,0.0
ETS307,9531,1789805819,90.0,2.8532422,101.823105,0.0
ETS306,9428,1789805819,90.0,3.2978282,101.57574,0.0
ETS303,9530,1789805819,90.0,2.2969136,103.13044,0.0
ETS301,9528,1789805818,90.0,2.7469099,101.85098,0.0
ETS301,9528,1789805939,90.0,2.750833,101.83711,0.0
ETS306,9428,1789805939,90.0,3.311965,101.57578,0.0
ETS308,9425,1789805939,90.0,2.4740415,102.41736,0.0
ETS304,9326,1789805939,90.0,4.4592905,101.05018,0.0
ETS303,9530,1789805939,90.0,2.2971122,103.13025,0.0
ETS307,9531,1789805939,90.0,2.841462,101.82728,0.0
ETS307,9531,1789805939,90.0,2.841462,101.82728,0.0
ETS303,9530,1789805939,90.0,2.2971122,103.13025,0.0
ETS301,9528,1789805939,90.0,2.750833,101.83711,0.0
ETS306,9428,1789805939,90.0,3.311965,101.57578,0.0
ETS304,9326,1789805939,90.0,4.4592905,101.05018,0.0
ETS308,9425,1789805939,90.0,2.4740415,102.41736,0.0
ETS216,9109,1789805975,96.0,3.3048,101.5751,0.0
DMU03,58,1789805974,53.0,4.9758,102.0134,0.0
ETS205,9052,1789805974,96.0,3.6762,101.5273,0.0
ETS204,9352,1789805974,122.0,2.4578,102.2715,0.0
ETS215,9273,1789805969,94.0,3.1999,101.6087,0.0
ETS207,9011,1789805966,136.0,4.3339,101.1264,0.0
SCS27,weekend_2239,1789805966,0.0,3.1182,101.6787,0.0
DMU11(D6122),56,1789805961,45.0,5.4274,102.2372,0.0
DMU10(D6120),60,1789805979,5.0,4.4228,101.932,0.0
EMU29,2839,1789805979,41.0,5.3626,100.4315,0.0
DMU11(D6122),56,1789805976,31.0,5.4288,102.2366,0.0
EMU26,2828,1789805973,116.0,5.0434,100.6154,0.0
ETS204,9352,1789805974,122.0,2.4578,102.2715,0.0
DMU03,58,1789805974,53.0,4.9758,102.0134,0.0
ETS307,9531,1789806060,90.0,2.8336403,101.82851,0.0
ETS303,9530,1789806060,90.0,2.313238,103.1195,0.0
ETS306,9428,1789806060,90.0,3.3200521,101.5752,0.0
ETS308,9425,1789806060,90.0,2.484759,102.44076,0.0
SCS22,2939,1789805975,0.0,5.3648,100.4207,0.0
ETS304,9326,1789806060,90.0,4.4665427,101.0461,0.0
ETS305,9532,1789806060,90.0,1.4624975,103.76657,0.0
ETS301,9528,1789806059,90.0,2.763364,101.809074,0.0
ETS212,9209,1789805983,89.0,4.7746,100.9242,0.0
SCS07,weekend_2350,1789805982,95.0,3.5263,101.6297,0.0
SCS27,weekend_2239,1789805981,0.0,3.1182,101.6787,0.0
ETS208,9442,1789805980,126.0,5.1079,100.4908,0.0
ETS211,9130,1789805980,127.0,4.8142,101.077,0.0
EMU39,2941,1789805980,121.0,5.6717,100.4949,0.0
DMU09,38,1789805978,0.0,2.8116,102.4037,0.0
ETS304,9326,1789806060,90.0,4.4665427,101.0461,0.0
ETS308,9425,1789806060,90.0,2.484759,102.44076,0.0
ETS306,9428,1789806060,90.0,3.3200521,101.5752,0.0
ETS303,9530,1789806060,90.0,2.313238,103.1195,0.0
ETS307,9531,1789806060,90.0,2.8336403,101.82851,0.0
ETS305,9532,1789806060,90.0,1.4624975,103.76657,0.0
ETS301,9528,1789806059,90.0,2.763364,101.809074,0.0
SCS26,weekend_2354,1789806106,0.0,3.165,101.6912,0.0
ETS305,9532,1789806180,90.0,1.4699073,103.76106,0.0
ETS304,9326,1789806180,90.0,4.4939404,101.04574,0.0
ETS308,9425,1789806180,90.0,2.503015,102.47388,0.0
ETS307,9531,1789806180,90.0,2.83031,101.82784,0.0
ETS303,9530,1789806180,90.0,2.3336382,103.08402,0.0
ETS301,9528,1789806180,90.0,2.7946355,101.79702,0.0
ETS306,9428,1789806180,90.0,3.3398952,101.573494,0.0
SCS19,weekend_2361,1789806148,111.0,3.6197,101.5738,0.0
EMU39,2941,1789806144,0.0,5.6427,100.49,0.0
DMU09,38,1789806143,0.0,2.8117,102.4037,0.0
ETS216,9109,1789806140,67.0,3.2743,101.562,0.0
SCS21,weekend_2355,1789806140,0.0,3.2065,101.5795,0.0
SCS22,2939,1789806140,99.0,5.3766,100.3942,0.0
DMU03,58,1789806139,52.0,4.9991,102.0211,0.0
ETS205,9052,1789806139,0.0,3.6844,101.519,0.0
ETS204,9352,1789806139,41.0,2.4633,102.2268,0.0
ETS212,9209,1789806133,135.0,4.8051,100.9458,0.0
SCS07,weekend_2350,1789806132,0.0,3.5526,101.6395,0.0
ETS208,9442,1789806130,0.0,5.13,100.4863,0.0
EMU26,2828,1789806108,110.0,5.0391,100.5766,0.0
DMU13,39,1789806130,74.0,4.1534,102.1786,0.0
ETS301,9528,1789806180,90.0,2.7946355,101.79702,0.0
ETS304,9326,1789806180,90.0,4.4939404,101.04574,0.0
ETS306,9428,1789806180,90.0,3.3398952,101.573494,0.0
ETS308,9425,1789806180,90.0,2.503015,102.47388,0.0
ETS303,9530,1789806180,90.0,2.3336382,103.08402,0.0
ETS307,9531,1789806180,90.0,2.83031,101.82784,0.0
ETS305,9532,1789806180,90.0,1.4699073,103.76106,0.0
SCS22,2939,1789806215,69.0,5.3853,100.3777,0.0
ETS216,9109,1789806215,35.0,3.2617,101.5563,0.0
ETS204,9352,1789806214,0.0,2.4638,102.2256,0.0
ETS205,9052,1789806214,72.0,3.6879,101.5149,0.0
DMU03,58,1789806214,39.0,5.0079,102.0246,0.0
SCS07,weekend_2350,1789806222,99.0,3.5598,101.635,0.0
ETS216,9109,1789806215,35.0,3.2617,101.5563,0.0
ETS205,9052,1789806214,72.0,3.6879,101.5149,0.0
DMU03,58,1789806214,39.0,5.0079,102.0246,0.0
ETS204,9352,1789806214,0.0,2.4638,102.2256,0.0
ETS214,9136,1789806224,47.0,3.2094,101.5749,0.0
SCS27,weekend_2239,1789806221,57.0,3.1127,101.6832,0.0
ETS304,9326,1789806301,90.0,4.5231414,101.05133,0.0
ETS303,9530,1789806301,90.0,2.359881,103.053,0.0
ETS307,9531,1789806301,90.0,2.8303125,101.82782,0.0
ETS305,9532,1789806301,90.0,1.489793,103.758545,0.0
ETS308,9425,1789806301,90.0,2.533654,102.49916,0.0
ETS301,9528,1789806301,90.0,2.8160374,101.816284,0.0
ETS306,9428,1789806301,90.0,3.3624523,101.57986,0.0
ETS306,9428,1789806422,90.0,3.3689117,101.6087,0.0
ETS305,9532,1789806422,90.0,1.5159943,103.74342,0.0
ETS303,9530,1789806422,90.0,2.382113,103.02249,0.0
ETS307,9531,1789806422,90.0,2.8303096,101.827835,0.0
ETS301,9528,1789806422,90.0,2.8345535,101.82864,0.0
ETS304,9326,1789806422,90.0,4.5417814,101.05477,0.0
ETS308,9425,1789806422,90.0,2.5423958,102.506905,0.0
ETS304,9326,1789806542,90.0,4.571444,101.06486,0.0
ETS308,9425,1789806542,90.0,2.5706267,102.54562,0.0
ETS306,9428,1789806542,90.0,3.3960943,101.62916,0.0
ETS301,9528,1789806542,90.0,2.8593788,101.82136,0.0
ETS303,9530,1789806542,90.0,2.3834176,103.02071,0.0
ETS307,9531,1789806542,90.0,2.824848,101.825165,0.0
ETS305,9532,1789806542,90.0,1.5350242,103.727646,0.0
ETS304,9326,1789806663,90.0,4.596486,101.07406,0.0
ETS303,9530,1789806663,90.0,2.4050004,103.01031,0.0
ETS305,9532,1789806663,90.0,1.5365326,103.724525,0.0
ETS307,9531,1789806663,90.0,2.8102028,101.808556,0.0
ETS308,9425,1789806663,90.0,2.5821612,102.58622,0.0
ETS301,9528,1789806663,90.0,2.8761663,101.81735,0.0
ETS306,9428,1789806663,90.0,3.4275005,101.62997,0.0
SCS09,weekend_2243,1789806710,62.0,3.2335,101.6783,0.0
DMU11(D6122),56,1789806711,43.0,5.513,102.2093,0.0
ETS216,9109,1789806710,91.0,3.2027,101.6125,0.0
SCS21,weekend_2355,1789806710,9.0,3.2064,101.58,0.0
DMU03,58,1789806709,13.0,5.0353,102.053,0.0
EMU29,2839,1789806761,113.0,5.2643,100.4816,0.0
ETS304,9326,1789806783,90.0,4.5969515,101.074135,0.0
ETS307,9531,1789806783,90.0,2.7928689,101.79721,0.0
ETS303,9530,1789806783,90.0,2.441004,102.99009,0.0
ETS301,9528,1789806783,90.0,2.8889008,101.79857,0.0
ETS305,9532,1789806783,90.0,1.5371542,103.72316,0.0
ETS306,9428,1789806783,90.0,3.4592435,101.639244,0.0
ETS308,9425,1789806783,90.0,2.5779228,102.6099,0.0
SCS21,weekend_2355,1789806755,59.0,3.2033,101.5861,0.0
SCS09,weekend_2243,1789806755,95.0,3.2258,101.6727,0.0
ETS205,9052,1789806754,115.0,3.7994,101.4262,0.0
ETS204,9352,1789806754,97.0,2.5323,102.1584,0.0
ETS304,9326,1789806904,90.0,4.598078,101.07474,0.0
ETS308,9425,1789806904,90.0,2.5791228,102.61474,0.0
ETS306,9428,1789806904,90.0,3.4924245,101.636154,0.0
ETS305,9532,1789806904,90.0,1.5404084,103.7102,0.0
ETS303,9530,1789806904,90.0,2.465437,102.956795,0.0
ETS307,9531,1789806904,90.0,2.7735436,101.803986,0.0
ETS301,9528,1789806904,90.0,2.9013488,101.78626,0.0
ETS305,9532,1789807025,90.0,1.5637944,103.691284,0.0
ETS303,9530,1789807025,90.0,2.472244,102.91868,0.0
ETS307,9531,1789807025,90.0,2.7562647,101.81795,0.0
ETS301,9528,1789807024,90.0,2.9060936,101.79174,0.0
ETS306,9428,1789807025,90.0,3.5222735,101.63015,0.0
ETS304,9326,1789807025,90.0,4.6090007,101.08826,0.0
ETS308,9425,1789807025,90.0,2.5811715,102.62244,0.0
ETS304,9326,1789807145,90.0,4.6357913,101.10956,0.0
ETS308,9425,1789807145,90.0,2.5845308,102.65507,0.0
ETS306,9428,1789807145,90.0,3.5491607,101.64067,0.0
ETS305,9532,1789807145,90.0,1.5835986,103.66362,0.0
ETS303,9530,1789807145,90.0,2.4886446,102.8825,0.0
ETS307,9531,1789807145,90.0,2.7522511,101.83214,0.0
ETS301,9528,1789807145,90.0,2.9204972,101.79724,0.0
SCS19,weekend_2361,1789807198,92.0,3.4593,101.6386,0.0
ETS207,9011,1789807196,134.0,4.0519,101.284,0.0
EMU29,2839,1789807196,72.0,5.1654,100.4797,0.0
SCS27,weekend_2239,1789807196,39.0,3.103,101.6994,0.0
DMU13,39,1789807195,27.0,4.0752,102.2724,0.0
ETS208,9442,1789807195,47.0,5.361,100.4672,0.0
ETS212,9209,1789807183,135.0,4.6472,101.1159,0.0
ETS215,9273,1789807199,0.0,3.1368,101.6912,0.0
EMU26,2828,1789807230,114.0,5.2046,100.487,0.0
EMU39,2941,1789807229,81.0,5.382,100.4696,0.0
ETS301,9528,1789807265,90.0,2.941387,101.78724,0.0
ETS306,9428,1789807265,90.0,3.568769,101.6186,0.0
ETS304,9326,1789807265,90.0,4.668504,101.13425,0.0
ETS308,9425,1789807265,90.0,2.5824866,102.695885,0.0
ETS305,9532,1789807265,90.0,1.6182941,103.64836,0.0
ETS303,9530,1789807265,90.0,2.49062,102.84392,0.0
ETS307,9531,1789807265,90.0,2.7499986,101.840096,0.0
ETS212,9209,1789807243,138.0,4.6301,101.1034,0.0
DMU11(D6122),56,1789807236,0.0,5.5187,102.2084,0.0
SCS23,2947,1789807235,113.0,6.6335,100.2759,0.0
ETS216,9109,1789807235,52.0,3.1549,101.6934,0.0
SCS09,weekend_2243,1789807235,41.0,3.1943,101.6846,0.0
ETS204,9352,1789807234,114.0,2.631,102.0627,0.0
ETS304,9326,1789807386,90.0,4.7043233,101.13288,0.0
ETS303,9530,1789807386,90.0,2.5060132,102.81538,0.0
ETS301,9528,1789807386,90.0,2.9655802,101.791794,0.0
ETS307,9531,1789807386,90.0,2.7479458,101.847374,0.0
ETS308,9425,1789807386,90.0,2.5673182,102.73375,0.0
ETS305,9532,1789807386,90.0,1.6467139,103.62001,0.0
ETS306,9428,1789807386,90.0,3.5967855,101.60324,0.0
ETS304,9326,1789807507,90.0,4.743137,101.12259,0.0
ETS308,9425,1789807507,90.0,2.5460851,102.767365,0.0
ETS306,9428,1789807507,90.0,3.6160982,101.57894,0.0
ETS305,9532,1789807507,90.0,1.6646767,103.59886,0.0
ETS303,9530,1789807507,90.0,2.5071568,102.81402,0.0
ETS307,9531,1789807507,90.0,2.7463644,101.85299,0.0
ETS301,9528,1789807507,90.0,2.9762926,101.791435,0.0
ETS304,9326,1789807628,90.0,4.7791924,101.1026,0.0
ETS308,9425,1789807628,90.0,2.5211375,102.79641,0.0
ETS306,9428,1789807628,90.0,3.6426833,101.55624,0.0
ETS305,9532,1789807628,90.0,1.6658745,103.59629,0.0
ETS303,9530,1789807628,90.0,2.5193682,102.7984,0.0
ETS307,9531,1789807628,90.0,2.7439544,101.86148,0.0
ETS301,9528,1789807628,90.0,2.981819,101.79157,0.0
ETS304,9326,1789807748,90.0,4.8131914,101.07824,0.0
ETS308,9425,1789807748,90.0,2.50723,102.81393,0.0
ETS306,9428,1789807748,90.0,3.6710417,101.531204,0.0
ETS305,9532,1789807748,90.0,1.6806641,103.577286,0.0
ETS303,9530,1789807748,90.0,2.5418887,102.769226,0.0
ETS307,9531,1789807748,90.0,2.7419689,101.86849,0.0
ETS301,9528,1789807748,90.0,2.9838302,101.79149,0.0
DMU11(D6122),56,1789807836,12.0,5.5314,102.2024,0.0
SCS21,weekend_2355,1789807835,55.0,3.1493,101.6906,0.0
ETS216,9109,1789807835,0.0,3.1369,101.6911,0.0
SCS23,2947,1789807835,114.0,6.4839,100.2536,0.0
SCS22,2944,1789807835,115.0,5.3803,100.4694,0.0
ETS215,9273,1789807814,0.0,3.1368,101.6912,0.0
SCS09,weekend_2243,1789807808,17.0,3.1678,101.6874,0.0
ETS205,9052,1789807804,14.0,4.0058,101.302,0.0
EMU29,2839,1789807800,39.0,5.0295,100.5268,0.0
ETS214,9136,1789807799,108.0,3.4902,101.6363,0.0
EMU39,2941,1789807801,45.0,5.3642,100.4223,0.0
SCS38,2834,1789807812,0.0,4.5967,101.0727,0.0
SCS27,weekend_2239,1789807811,0.0,3.1305,101.6818,0.0
ETS208,9442,1789807810,62.0,5.4853,100.4988,0.0
DMU13,39,1789807810,22.0,3.9944,102.3281,0.0
ETS211,9130,1789807810,92.0,4.8648,100.7297,0.0
ETS204,9352,1789807789,55.0,2.6975,101.9643,0.0
ETS304,9326,1789807869,90.0,4.821909,101.03996,0.0
ETS306,9428,1789807869,90.0,3.6834712,101.51988,0.0
SCS23,2947,1789807835,114.0,6.4839,100.2536,0.0
ETS301,9528,1789807869,90.0,2.9927921,101.78165,0.0
ETS303,9530,1789807869,90.0,2.5649643,102.7379,0.0
ETS307,9531,1789807869,90.0,2.7397175,101.876465,0.0
ETS305,9532,1789807869,90.0,1.7053516,103.545944,0.0
ETS308,9425,1789807869,90.0,2.503277,102.819,0.0
ETS212,9209,1789807843,114.0,4.5732,101.0643,0.0
ETS208,9442,1789807840,95.0,5.492,100.5008,0.0
ETS211,9130,1789807840,110.0,4.8711,100.7254,0.0
ETS304,9326,1789807990,90.0,4.8424397,101.00441,0.0
ETS308,9425,1789807990,90.0,2.4880629,102.85447,0.0
ETS306,9428,1789807990,90.0,3.683992,101.51934,0.0
ETS303,9530,1789807990,90.0,2.5813928,102.70176,0.0
ETS307,9531,1789807990,90.0,2.737919,101.88376,0.0
ETS305,9532,1789807990,90.0,1.7303143,103.51542,0.0
ETS301,9528,1789807989,90.0,2.9907935,101.756905,0.0
ETS304,9326,1789808110,90.0,4.835877,100.96306,0.0
ETS308,9425,1789808110,90.0,2.484505,102.89433,0.0
ETS306,9428,1789808110,90.0,3.697848,101.504616,0.0
ETS305,9532,1789808110,90.0,1.7674767,103.49758,0.0
ETS303,9530,1789808110,90.0,2.583278,102.66075,0.0
ETS307,9531,1789808110,90.0,2.740524,101.89064,0.0
ETS301,9528,1789808110,90.0,3.002248,101.73531,0.0
ETS304,9326,1789808230,90.0,4.801905,100.94404,0.0
ETS308,9425,1789808230,90.0,2.4716554,102.93058,0.0
ETS306,9428,1789808230,90.0,3.716346,101.47501,0.0
ETS301,9528,1789808230,90.0,3.0169013,101.72104,0.0
ETS303,9530,1789808230,90.0,2.5815911,102.624466,0.0
ETS307,9531,1789808230,90.0,2.735486,101.89607,0.0
ETS305,9532,1789808230,90.0,1.8053876,103.48658,0.0
ETS307,9531,1789808351,90.0,2.7286832,101.901054,0.0
ETS308,9425,1789808351,90.0,2.458616,102.96764,0.0
ETS305,9532,1789808351,90.0,1.8124208,103.47889,0.0
ETS306,9428,1789808351,90.0,3.7391553,101.455475,0.0
EMU29,2839,1789808333,116.0,5.0407,100.6537,0.0
SCS21,weekend_2355,1789808330,0.0,3.1361,101.6895,0.0
SCS23,2947,1789808330,98.0,6.3772,100.2981,0.0
SCS22,2944,1789808330,81.0,5.4857,100.4989,0.0
DMU03,58,1789808329,16.0,5.1453,102.045,0.0
ETS204,9352,1789808329,0.0,2.7117,101.9506,0.0
ETS205,9052,1789808329,134.0,4.1176,101.2444,0.0
ETS304,9326,1789808351,90.0,4.7749405,100.93258,0.0
ETS303,9530,1789808351,90.0,2.5791538,102.61471,0.0
ETS301,9528,1789808351,90.0,3.0383282,101.70984,0.0
SCS19,weekend_2361,1789808383,57.0,3.2646,101.5581,0.0
SCS23,2947,1789808420,0.0,6.3703,100.3032,0.0
SCS22,2944,1789808420,114.0,5.5103,100.5055,0.0
ETS214,9136,1789808414,111.0,3.6187,101.5756,0.0
SCS38,2834,1789808412,110.0,4.7002,101.1372,0.0
ETS204,9352,1789808404,0.0,2.7117,101.9505,0.0
DMU03,58,1789808419,19.0,5.1499,102.0444,0.0
ETS213,9233,1789808418,0.0,6.663,100.3203,0.0
ETS215,9273,1789808414,0.0,3.1368,101.6912,0.0
ETS307,9531,1789808471,90.0,2.724659,101.908875,0.0
ETS304,9326,1789808471,90.0,4.774829,100.93232,0.0
ETS305,9532,1789808471,90.0,1.8209244,103.46615,0.0
ETS303,9530,1789808471,90.0,2.5791512,102.61468,0.0
ETS301,9528,1789808471,90.0,3.0654294,101.70915,0.0
ETS308,9425,1789808471,90.0,2.4318736,102.9963,0.0
ETS306,9428,1789808471,90.0,3.7587216,101.43794,0.0
ETS304,9326,1789808592,90.0,4.773805,100.92115,0.0
ETS308,9425,1789808592,90.0,2.3957927,103.0129,0.0
ETS306,9428,1789808592,90.0,3.791059,101.43404,0.0
ETS301,9528,1789808592,90.0,3.076022,101.71237,0.0
ETS303,9530,1789808592,90.0,2.578858,102.61345,0.0
ETS305,9532,1789808592,90.0,1.8385665,103.43759,0.0
ETS307,9531,1789808592,90.0,2.7249196,101.91681,0.0
ETS304,9326,1789808712,90.0,4.7712016,100.89051,0.0
ETS308,9425,1789808712,90.0,2.382962,103.02131,0.0
ETS306,9428,1789808712,90.0,3.81748,101.41126,0.0
ETS305,9532,1789808712,90.0,1.8684076,103.41273,0.0
ETS303,9530,1789808712,90.0,2.5752175,102.595146,0.0
ETS307,9531,1789808712,90.0,2.723195,101.92429,0.0
ETS301,9528,1789808712,90.0,3.075845,101.71213,0.0
ETS304,9326,1789808833,90.0,4.7781873,100.85079,0.0
ETS308,9425,1789808833,90.0,2.3751204,103.03218,0.0
ETS306,9428,1789808833,90.0,3.8459253,101.39051,0.0
ETS301,9528,1789808833,90.0,3.0861902,101.71246,0.0
ETS303,9530,1789808833,90.0,2.581288,102.57073,0.0
ETS307,9531,1789808833,90.0,2.7203743,101.93628,0.0
ETS305,9532,1789808833,90.0,1.884815,103.405334,0.0
EMU29,2839,1789808817,117.0,4.9539,100.7244,0.0
SCS23,2947,1789808810,114.0,6.2812,100.3512,0.0
ETS204,9352,1789808809,0.0,2.7118,101.9505,0.0
ETS213,9233,1789808808,134.0,6.6164,100.2647,0.0
SCS04,weekend_2160,1789808854,0.0,2.9993,101.3915,0.0
ETS216,9109,1789808853,0.0,3.1369,101.6911,0.0
ETS213,9233,1789808853,132.0,6.6005,100.2633,0.0
DMU03,58,1789808959,35.0,5.1704,102.0193,0.0
ETS306,9428,1789808954,90.0,3.8764598,101.383,0.0
ETS305,9532,1789808954,90.0,1.9008148,103.39595,0.0
ETS307,9531,1789808954,90.0,2.718637,101.94078,0.0
ETS304,9326,1789808954,90.0,0.0027284583,0.0154984975,0.0
ETS216,9109,1789808958,0.0,3.1369,101.6911,0.0
SCS38,2834,1789808952,0.0,4.8183,101.0716,0.0
SCS26,weekend_2354,1789808951,0.0,3.3757,101.614,0.0
SCS27,weekend_2239,1789808951,28.0,3.1705,101.6853,0.0
ETS207,9011,1789808951,115.0,3.6356,101.5606,0.0
DMU13,39,1789808950,69.0,3.9081,102.363,0.0
ETS308,9425,1789808954,90.0,2.353349,103.05968,0.0
ETS301,9528,1789808954,90.0,3.0977237,101.70642,0.0
ETS303,9530,1789808954,90.0,2.5705936,102.54566,0.0
DMU11(D6122),56,1789808946,65.0,5.6926,102.152,0.0
DMU09,38,1789808963,0.0,3.1359,102.3705,0.0
SCS22,2944,1789808960,4.0,5.6425,100.49,0.0
SCS23,2947,1789808960,112.0,6.2371,100.3602,0.0
ETS305,9532,1789809075,90.0,1.9281085,103.36792,0.0
ETS304,9326,1789809075,90.0,4.785045,100.76774,0.0
ETS308,9425,1789809075,90.0,2.3297606,103.08963,0.0
ETS306,9428,1789809075,90.0,3.900397,101.35976,0.0
ETS303,9530,1789809075,90.0,2.5574493,102.519196,0.0
ETS307,9531,1789809075,90.0,2.7149212,101.946335,0.0
ETS301,9528,1789809074,90.0,3.1081238,101.693344,0.0
ETS304,9326,1789809195,90.0,4.8087263,100.74233,0.0
ETS308,9425,1789809195,90.0,2.3106363,103.121956,0.0
ETS306,9428,1789809195,90.0,3.9297903,101.34214,0.0
ETS305,9532,1789809195,90.0,1.9601184,103.34289,0.0
ETS303,9530,1789809195,90.0,2.5178905,102.491516,0.0
ETS307,9531,1789809195,90.0,2.7014365,101.95896,0.0
ETS301,9528,1789809195,90.0,3.1218548,101.6791,0.0
ETS304,9326,1789809316,90.0,4.8384285,100.72862,0.0
ETS308,9425,1789809316,90.0,2.2770226,103.14243,0.0
ETS306,9428,1789809316,90.0,3.9610643,101.323326,0.0
ETS305,9532,1789809316,90.0,1.9973582,103.32676,0.0
ETS303,9530,1789809316,90.0,2.498153,102.45735,0.0
ETS307,9531,1789809316,90.0,2.6845257,101.97501,0.0
ETS301,9528,1789809316,90.0,3.1279078,101.68118,0.0
SCS23,2947,1789809350,114.0,6.1566,100.3797,0.0
DMU13,39,1789809355,70.0,3.8367,102.3619,0.0
SCS11,weekend_2245,1789809339,22.0,3.1731,101.6848,0.0
ETS305,9532,1789809437,90.0,2.0338805,103.318474,0.0
ETS308,9425,1789809437,90.0,2.2550678,103.15232,0.0
ETS304,9326,1789809437,90.0,4.8521113,100.73325,0.0
ETS307,9531,1789809437,90.0,2.665088,101.99323,0.0
ETS306,9428,1789809437,90.0,3.9970574,101.307846,0.0
ETS303,9530,1789809437,90.0,2.4774306,102.4271,0.0
ETS301,9528,1789809436,90.0,0.0027284583,0.0154984975,0.0
ETS205,9052,1789809424,141.0,4.322,101.1353,0.0
ETS204,9352,1789809424,0.0,2.7196,101.9395,0.0
ETS215,9276,1789809464,84.0,3.2052,101.6149,0.0
SCS38,2834,1789809462,114.0,4.8431,100.9812,0.0
ETS207,9011,1789809461,57.0,3.5425,101.6362,0.0
SCS26,weekend_2354,1789809461,96.0,3.4514,101.6397,0.0
ETS208,9442,1789809460,133.0,5.9325,100.4614,0.0
DMU13,39,1789809460,65.0,3.819,102.3605,0.0
ETS304,9326,1789809557,90.0,4.8586755,100.734604,0.0
ETS303,9530,1789809557,90.0,2.4738402,102.417015,0.0
ETS301,9528,1789809557,90.0,0.0027284583,0.0154984975,0.0
ETS307,9531,1789809557,90.0,2.65497,102.013466,0.0
ETS308,9425,1789809557,90.0,2.2061694,103.177284,0.0
ETS305,9532,1789809557,90.0,2.0358956,103.317856,0.0
ETS306,9428,1789809557,90.0,4.032166,101.286674,0.0
SCS19,weekend_2361,1789809613,0.0,3.2023,101.6378,0.0
SCS07,weekend_2365,1789809612,33.0,3.5533,101.6395,0.0
ETS211,9130,1789809610,134.0,5.194,100.4814,0.0
ETS301,9528,1789809677,90.0,0.0027284583,0.0154984975,0.0
ETS305,9532,1789809678,90.0,2.0573723,103.3071,0.0
ETS304,9326,1789809678,90.0,4.892552,100.72042,0.0
ETS308,9425,1789809678,90.0,2.192665,103.189415,0.0
ETS306,9428,1789809678,90.0,4.0700192,101.27758,0.0
ETS303,9530,1789809678,90.0,2.4686732,102.40957,0.0
ETS307,9531,1789809678,90.0,2.6412504,102.03666,0.0
ETS304,9326,1789809798,90.0,4.9341707,100.72019,0.0
ETS308,9425,1789809798,90.0,2.1794431,103.21528,0.0
ETS306,9428,1789809798,90.0,4.103287,101.265625,0.0
ETS301,9528,1789809798,90.0,0.0027284583,0.0154984975,0.0
ETS303,9530,1789809798,90.0,2.462073,102.37719,0.0
ETS307,9531,1789809798,90.0,2.6279602,102.06922,0.0
ETS305,9532,1789809798,90.0,2.0897536,103.28374,0.0
ETS304,9326,1789809919,90.0,4.9743876,100.73187,0.0
ETS306,9428,1789809919,90.0,4.1161427,101.24571,0.0
ETS305,9532,1789809919,90.0,2.1242886,103.26305,0.0
ETS303,9530,1789809919,90.0,2.457128,102.33727,0.0
ETS307,9531,1789809919,90.0,2.5985115,102.09244,0.0
ETS301,9528,1789809919,90.0,0.0027284583,0.0154984975,0.0
ETS308,9425,1789809919,90.0,2.1509433,103.23289,0.0
ETS304,9326,1789810039,90.0,5.0145626,100.73,0.0
ETS308,9425,1789810039,90.0,2.1216605,103.26361,0.0
ETS306,9428,1789810039,90.0,4.146109,101.20418,0.0
ETS301,9528,1789810039,90.0,0.0027284583,0.0154984975,0.0
ETS303,9530,1789810039,90.0,2.4559152,102.297455,0.0
ETS305,9532,1789810039,90.0,2.1480696,103.23538,0.0
ETS307,9531,1789810039,90.0,2.5672972,102.11301,0.0
EMU39,2946,1789810052,107.0,5.4441,100.491,0.0
ETS303,9530,1789810160,90.0,2.4590256,102.25677,0.0
ETS305,9532,1789810160,90.0,2.1801407,103.213806,0.0
ETS307,9531,1789810160,90.0,2.5435748,102.1451,0.0
ETS306,9428,1789810160,90.0,4.1772003,101.19063,0.0
ETS308,9425,1789810160,90.0,2.0885322,103.28505,0.0
ETS304,9326,1789810160,90.0,5.037853,100.69568,0.0
ETS215,9276,1789810214,104.0,3.2283,101.5606,0.0
EMU39,2946,1789810217,0.0,5.482,100.498,0.0
SCS11,weekend_2245,1789810215,0.0,3.1348,101.6879,0.0
ETS302,9578,1789810281,90.0,0.0027284583,0.0154984975,0.0
ETS308,9425,1789810281,90.0,2.0552673,103.30862,0.0
ETS305,9532,1789810281,90.0,2.191108,103.19097,0.0
ETS304,9326,1789810281,90.0,5.0397534,100.65364,0.0
ETS307,9531,1789810281,90.0,2.5136034,102.17095,0.0
ETS306,9428,1789810281,90.0,4.212323,101.18162,0.0
ETS303,9530,1789810281,90.0,2.4633555,102.22695,0.0
ETS304,9326,1789810401,90.0,5.0425334,100.61149,0.0
ETS306,9428,1789810401,90.0,4.2526364,101.17533,0.0
ETS302,9578,1789810401,90.0,1.4795415,103.7565,0.0
ETS307,9531,1789810401,90.0,2.4772274,102.18159,0.0
ETS305,9532,1789810401,90.0,2.1949327,103.18703,0.0
ETS303,9530,1789810401,90.0,2.463436,102.226814,0.0
ETS308,9425,1789810401,90.0,2.0359182,103.31794,0.0
ETS214,9136,1789810439,126.0,4.0511,101.2844,0.0
ETS215,9276,1789810439,69.0,3.2724,101.5609,0.0
ETS204,9352,1789810444,21.0,2.7395,101.8785,0.0
ETS211,9130,1789810480,0.0,5.3663,100.4481,0.0
SCS19,weekend_2361,1789810483,0.0,3.1862,101.6646,0.0
ETS212,9209,1789810483,0.0,3.9464,101.3319,0.0
SCS07,weekend_2365,1789810482,62.0,3.3779,101.6163,0.0
ETS207,9011,1789810481,60.0,3.3341,101.5716,0.0
ETS208,9442,1789810480,0.0,6.1825,100.3751,0.0
ETS213,9233,1789810473,137.0,6.1458,100.3807,0.0
ETS304,9326,1789810522,90.0,5.0345383,100.57207,0.0
ETS305,9532,1789810522,90.0,2.2242763,103.16411,0.0
ETS301,9533,1789810522,90.0,0.0027284583,0.0154984975,0.0
ETS302,9578,1789810522,90.0,1.5119073,103.745674,0.0
ETS308,9425,1789810522,90.0,2.035639,103.31799,0.0
ETS307,9531,1789810522,90.0,2.4518697,102.19267,0.0
ETS303,9530,1789810522,90.0,2.4652078,102.22364,0.0
ETS306,9428,1789810522,90.0,4.2822194,101.16518,0.0
ETS304,9326,1789810642,90.0,5.0189734,100.53535,0.0
ETS308,9425,1789810642,90.0,2.008296,103.32423,0.0
ETS306,9428,1789810642,90.0,4.3015594,101.15492,0.0
ETS303,9530,1789810642,90.0,2.462756,102.20422,0.0
ETS307,9531,1789810642,90.0,2.4694934,102.210144,0.0
ETS305,9532,1789810642,90.0,2.2561727,103.15191,0.0
ETS302,9578,1789810642,90.0,1.5357581,103.72614,0.0
ETS301,9533,1789810642,90.0,3.1306143,101.68331,0.0
SCS23,2947,1789810670,115.0,5.8528,100.4769,0.0
SCS09,weekend_2243,1789810688,0.0,3.0986,101.705,0.0
DMU11(D6122),56,1789810686,78.0,5.907,102.1591,0.0
SCS24,2948,1789810655,31.0,5.3874,100.3734,0.0
DMU03,58,1789810654,0.0,5.3003,102.0202,0.0
SCS04,weekend_2360,1789810654,14.0,3.0034,101.392,0.0
SCS21,weekend_2356,1789810653,82.0,3.201,101.599,0.0
DMU09,38,1789810688,0.0,3.2462,102.4115,0.0
ETS304,9326,1789810762,90.0,5.0545735,100.5137,0.0
ETS302,9578,1789810762,90.0,1.5365242,103.72452,0.0
ETS301,9533,1789810762,90.0,3.1235607,101.67912,0.0
ETS305,9532,1789810762,90.0,2.2955053,103.1313,0.0
ETS307,9531,1789810762,90.0,2.4634502,102.226814,0.0
ETS303,9530,1789810762,90.0,2.463511,102.183395,0.0
ETS306,9428,1789810762,90.0,4.303813,101.15194,0.0
ETS308,9425,1789810762,90.0,1.9710546,103.33795,0.0
SCS04,weekend_2360,1789810819,0.0,3.0132,101.4023,0.0
ETS213,9233,1789810818,0.0,6.1135,100.3703,0.0
DMU13,39,1789810810,71.0,3.6541,102.3786,0.0
DMU09,38,1789810808,0.0,3.2461,102.4116,0.0
EMU26,2847,1789810808,0.0,5.3935,100.3662,0.0
EMU39,2946,1789810805,102.0,5.6204,100.4956,0.0
ETS204,9352,1789810819,21.0,2.7469,101.8523,0.0
DMU03,58,1789810819,18.0,5.3034,102.0223,0.0
SCS24,2948,1789810805,96.0,5.372,100.4029,0.0
EMU29,2839,1789810805,110.0,4.7906,100.9361,0.0
ETS307,9531,1789810883,90.0,2.4627595,102.22801,0.0
ETS302,9578,1789810883,90.0,1.5371746,103.72321,0.0
ETS301,9533,1789810883,90.0,3.1113515,101.6893,0.0
ETS305,9532,1789810883,90.0,2.298816,103.12922,0.0
ETS303,9530,1789810883,90.0,2.502515,102.175385,0.0
ETS304,9326,1789810883,90.0,5.092484,100.49462,0.0
ETS308,9425,1789810883,90.0,1.937102,103.3596,0.0
ETS306,9428,1789810883,90.0,4.3309693,101.12903,0.0
ETS304,9326,1789811003,90.0,5.127857,100.48731,0.0
ETS308,9425,1789811003,90.0,1.9092386,103.38658,0.0
ETS306,9428,1789811003,90.0,4.3646245,101.10434,0.0
ETS303,9530,1789811003,90.0,2.5367396,102.15361,0.0
ETS307,9531,1789811003,90.0,2.4593115,102.245674,0.0
ETS305,9532,1789811003,90.0,2.3191302,103.10476,0.0
ETS301,9533,1789811003,90.0,3.097607,101.70655,0.0
ETS302,9578,1789811003,90.0,1.5452139,103.70186,0.0
ETS308,9425,1789811124,90.0,1.8762691,103.40977,0.0
ETS306,9428,1789811124,90.0,4.3996243,101.08121,0.0
ETS302,9578,1789811124,90.0,1.5674138,103.68061,0.0
ETS307,9531,1789811124,90.0,2.4579487,102.28163,0.0
ETS305,9532,1789811124,90.0,2.3427022,103.071075,0.0
ETS301,9533,1789811124,90.0,3.0848756,101.71564,0.0
ETS303,9530,1789811124,90.0,2.5620446,102.12152,0.0
ETS304,9326,1789811124,90.0,5.1299014,100.48689,0.0
ETS305,9532,1789811244,90.0,2.3695593,103.03976,0.0
DMU10(D6120),60,1789811244,35.0,5.0035,102.0225,0.0
ETS302,9578,1789811244,90.0,1.5925539,103.65351,0.0
ETS301,9533,1789811244,90.0,3.0761042,101.71237,0.0
DMU09,38,1789811243,78.0,3.3149,102.4229,0.0
EMU26,2847,1789811243,43.0,5.3642,100.4224,0.0
EMU28,2838,1789811238,23.0,4.5995,101.0739,0.0
ETS304,9326,1789811244,90.0,5.1398234,100.48484,0.0
ETS308,9425,1789811244,90.0,1.8432444,103.43152,0.0
ETS306,9428,1789811244,90.0,4.4356966,101.06122,0.0
ETS303,9530,1789811244,90.0,2.5927231,102.09585,0.0
ETS307,9531,1789811244,90.0,2.453884,102.31765,0.0
EMU28,2838,1789811283,56.0,4.6038,101.0756,0.0
SCS09,weekend_2243,1789811288,19.0,3.126,101.6786,0.0
DMU09,38,1789811288,61.0,3.3226,102.4214,0.0
DMU11(D6122),56,1789811286,83.0,5.9825,102.1429,0.0
SCS24,2948,1789811285,42.0,5.3654,100.4545,0.0
SCS21,weekend_2356,1789811253,35.0,3.2541,101.5546,0.0
ETS213,9233,1789811253,139.0,5.9969,100.4267,0.0
EMU26,2847,1789811288,88.0,5.3625,100.431,0.0
SCS22,2944,1789811285,0.0,6.1828,100.3752,0.0
ETS204,9352,1789811284,29.0,2.7547,101.8245,0.0
DMU03,58,1789811284,37.0,5.3611,102.0077,0.0
ETS302,9578,1789811365,90.0,1.6294526,103.63946,0.0
ETS306,9428,1789811365,90.0,4.4585724,101.05054,0.0
ETS307,9531,1789811365,90.0,2.460143,102.35481,0.0
ETS303,9530,1789811365,90.0,2.6253734,102.073875,0.0
ETS301,9533,1789811365,90.0,3.0697148,101.70969,0.0
ETS308,9425,1789811365,90.0,1.8211752,103.46551,0.0
ETS304,9326,1789811365,90.0,5.1801233,100.48021,0.0
ETS305,9532,1789811365,90.0,2.3834095,103.020775,0.0
ETS212,9209,1789811353,0.0,3.7451,101.4499,0.0
SCS19,weekend_2361,1789811353,22.0,3.1362,101.6894,0.0
SCS38,2834,1789811352,101.0,4.9045,100.7185,0.0
SCS07,weekend_2365,1789811352,0.0,3.2613,101.556,0.0
ETS207,9011,1789811351,94.0,3.2033,101.6131,0.0
ETS308,9425,1789811485,90.0,1.7975564,103.49349,0.0
ETS303,9530,1789811485,90.0,2.6414437,102.03641,0.0
ETS302,9578,1789811485,90.0,1.658188,103.60959,0.0
ETS305,9532,1789811485,90.0,2.3912919,103.01394,0.0
ETS307,9531,1789811485,90.0,2.462502,102.39369,0.0
ETS304,9326,1789811485,90.0,5.2190447,100.49226,0.0
ETS306,9428,1789811485,90.0,4.4621034,101.04886,0.0
ETS301,9533,1789811485,90.0,3.0432675,101.70903,0.0
ETS308,9425,1789811606,90.0,1.7589864,103.50126,0.0
ETS306,9428,1789811606,90.0,4.4868608,101.04437,0.0
ETS302,9578,1789811606,90.0,1.6824248,103.57532,0.0
ETS307,9531,1789811606,90.0,2.4735656,102.41628,0.0
ETS305,9532,1789811606,90.0,2.4227314,103.00063,0.0
ETS301,9533,1789811606,90.0,3.0227077,101.71702,0.0
ETS303,9530,1789811606,90.0,2.6543026,102.00897,0.0
ETS304,9326,1789811606,90.0,5.25986,100.4832,0.0
ETS308,9425,1789811726,90.0,1.7232183,103.52004,0.0
ETS306,9428,1789811726,90.0,4.5178227,101.05038,0.0
ETS302,9578,1789811726,90.0,1.707853,103.54172,0.0
ETS307,9531,1789811726,90.0,2.4760368,102.42155,0.0
ETS305,9532,1789811726,90.0,2.4558954,102.97138,0.0
ETS301,9533,1789811726,90.0,3.0041358,101.730644,0.0
ETS303,9530,1789811726,90.0,2.6659937,101.99273,0.0
ETS304,9326,1789811726,90.0,5.2969594,100.48229,0.0
ETS308,9425,1789811847,90.0,1.6994197,103.55282,0.0
ETS306,9428,1789811847,90.0,4.5275087,101.052185,0.0
ETS303,9530,1789811847,90.0,2.6758854,101.98209,0.0
ETS307,9531,1789811847,90.0,2.4905293,102.44461,0.0
ETS305,9532,1789811847,90.0,2.4718647,102.93492,0.0
ETS301,9533,1789811847,90.0,2.9916966,101.74962,0.0
ETS302,9578,1789811847,90.0,1.7358313,103.51197,0.0
ETS304,9326,1789811847,90.0,5.3360066,100.4708,0.0
EMU28,2838,1789811891,108.0,4.728,101.1221,0.0
ETS208,9442,1789811890,122.0,6.5205,100.2563,0.0
SCS09,weekend_2243,1789811888,0.0,3.1403,101.6938,0.0
DMU11(D6122),56,1789811886,0.0,6.0427,102.1423,0.0
SCS23,2947,1789811885,63.0,5.6386,100.4893,0.0
ETS204,9352,1789811884,0.0,2.8241,101.8232,0.0
EMU39,2946,1789811884,93.0,5.8479,100.4769,0.0
DMU03,58,1789811884,12.0,5.3794,102.0132,0.0
SCS24,2948,1789811870,79.0,5.4798,100.4973,0.0
SCS07,weekend_2365,1789811892,89.0,3.2017,101.5906,0.0
SCS38,2834,1789811892,114.0,5.0393,100.6907,0.0
ETS207,9011,1789811891,49.0,3.15,101.6904,0.0
DMU10(D6120),60,1789811889,0.0,5.0339,102.0504,0.0
SCS26,weekend_2369,1789811876,40.0,3.6796,101.5238,0.0
DMU13,39,1789811875,20.0,3.5034,102.3456,0.0
SCS04,weekend_2360,1789811854,57.0,3.0457,101.4741,0.0
SCS21,weekend_2356,1789811853,0.0,3.3203,101.5746,0.0
ETS304,9326,1789811967,90.0,5.3647575,100.454025,0.0
ETS305,9532,1789811967,90.0,2.481256,102.89833,0.0
ETS303,9530,1789811967,90.0,2.6873107,101.97375,0.0
ETS301,9533,1789811967,90.0,2.9948986,101.77103,0.0
ETS308,9425,1789811967,90.0,1.6752497,103.5843,0.0
ETS307,9531,1789811967,90.0,2.505402,102.47913,0.0
ETS302,9578,1789811967,90.0,1.7758596,103.49651,0.0
ETS306,9428,1789811967,90.0,4.5379634,101.05408,0.0
ETS304,9326,1789812088,90.0,5.3655963,100.44842,0.0
ETS308,9425,1789812088,90.0,1.6644472,103.5996,0.0
ETS306,9428,1789812088,90.0,4.5538,101.05737,0.0
ETS303,9530,1789812088,90.0,2.7019062,101.95811,0.0
ETS307,9531,1789812088,90.0,2.5358307,102.5011,0.0
ETS305,9532,1789812088,90.0,2.4878979,102.85992,0.0
ETS302,9578,1789812088,90.0,1.8118626,103.47944,0.0
ETS301,9533,1789812088,90.0,2.987968,101.791115,0.0
ETS304,9326,1789812208,90.0,5.3661513,100.44479,0.0
ETS308,9425,1789812208,90.0,1.6609777,103.60673,0.0
ETS306,9428,1789812208,90.0,4.5861716,101.07169,0.0
ETS303,9530,1789812208,90.0,2.7102275,101.95204,0.0
ETS307,9531,1789812208,90.0,2.562418,102.527435,0.0
ETS302,9578,1789812208,90.0,1.8335077,103.444084,0.0
ETS305,9532,1789812208,90.0,2.5017707,102.821915,0.0
ETS301,9533,1789812208,90.0,2.9818916,101.791504,0.0
ETS304,9326,1789812329,90.0,5.366178,100.41621,0.0
ETS302,9578,1789812329,90.0,1.8618468,103.41514,0.0
ETS301,9533,1789812329,90.0,2.9818575,101.7915,0.0
ETS305,9532,1789812329,90.0,2.5071573,102.81402,0.0
ETS308,9425,1789812329,90.0,1.6346427,103.6337,0.0
ETS307,9531,1789812329,90.0,2.5784523,102.55861,0.0
ETS306,9428,1789812329,90.0,4.596347,101.073814,0.0
ETS303,9530,1789812329,90.0,2.7110262,101.95151,0.0
ETS216,9214,1789812361,0.0,3.1369,101.6911,0.0
ETS304,9326,1789812449,90.0,5.3790216,100.389114,0.0
ETS308,9425,1789812449,90.0,1.6004683,103.65004,0.0
ETS306,9428,1789812449,90.0,4.59953,101.07549,0.0
ETS303,9530,1789812449,90.0,2.7103932,101.95194,0.0
ETS307,9531,1789812449,90.0,2.5825896,102.58371,0.0
ETS305,9532,1789812449,90.0,2.5168028,102.80649,0.0
ETS302,9578,1789812449,90.0,1.8990166,103.39773,0.0
ETS301,9533,1789812449,90.0,2.9818594,101.79155,0.0
ETS304,9326,1789812570,90.0,5.385598,100.37655,0.0
ETS308,9425,1789812570,90.0,1.570193,103.674065,0.0
ETS306,9428,1789812570,90.0,4.6137176,101.09351,0.0
ETS302,9578,1789812570,90.0,1.9273697,103.36928,0.0
ETS307,9531,1789812570,90.0,2.5756576,102.60227,0.0
ETS305,9532,1789812570,90.0,2.5343516,102.77824,0.0
ETS301,9533,1789812570,90.0,2.9785397,101.791504,0.0
ETS303,9530,1789812570,90.0,2.7103922,101.951935,0.0
ETS304,9326,1789812691,90.0,5.389235,100.37165,0.0
ETS308,9425,1789812691,90.0,1.5511073,103.69895,0.0
ETS306,9428,1789812691,90.0,4.643903,101.115425,0.0
ETS303,9530,1789812691,90.0,2.7110164,101.951515,0.0
ETS307,9531,1789812691,90.0,2.578973,102.61397,0.0
ETS305,9532,1789812691,90.0,2.5602403,102.74641,0.0
ETS302,9578,1789812691,90.0,1.9577718,103.343956,0.0
ETS301,9533,1789812691,90.0,2.966874,101.79143,0.0
ETS304,9326,1789812811,90.0,5.392665,100.36763,0.0
ETS308,9425,1789812811,90.0,1.5380967,103.72141,0.0
ETS306,9428,1789812811,90.0,4.675706,101.139694,0.0
ETS302,9578,1789812811,90.0,1.9952915,103.32726,0.0
ETS307,9531,1789812811,90.0,2.5791507,102.61475,0.0
ETS305,9532,1789812811,90.0,2.5798042,102.7107,0.0
ETS301,9533,1789812811,90.0,2.9466913,101.78889,0.0
ETS303,9530,1789812811,90.0,2.711023,101.951515,0.0
ETS304,9326,1789812932,90.0,5.3927393,100.36772,0.0
ETS305,9532,1789812932,90.0,2.5832043,102.68661,0.0
ETS303,9530,1789812932,90.0,2.7136645,101.948204,0.0
ETS301,9533,1789812932,90.0,2.9251597,101.79555,0.0
ETS308,9425,1789812932,90.0,1.5365857,103.72449,0.0
ETS307,9531,1789812932,90.0,2.5821617,102.629585,0.0
ETS302,9578,1789812932,90.0,2.030434,103.3193,0.0
ETS306,9428,1789812932,90.0,4.7102413,101.12642,0.0
ETS305,9532,1789812932,90.0,2.5832043,102.68661,0.0
ETS303,9530,1789812932,90.0,2.7136645,101.948204,0.0
ETS301,9533,1789812932,90.0,2.9251597,101.79555,0.0
ETS308,9425,1789812932,90.0,1.5365857,103.72449,0.0
ETS307,9531,1789812932,90.0,2.5821617,102.629585,0.0
ETS302,9578,1789812932,90.0,2.030434,103.3193,0.0
ETS306,9428,1789812932,90.0,4.7102413,101.12642,0.0
ETS304,9326,1789812932,90.0,5.3927393,100.36772,0.0
ETS304,9326,1789813052,90.0,5.3927383,100.3677,0.0
ETS308,9425,1789813052,90.0,1.534436,103.72895,0.0
ETS306,9428,1789813052,90.0,4.7514906,101.12034,0.0
ETS303,9530,1789813052,90.0,2.7186773,101.940865,0.0
ETS307,9531,1789813052,90.0,2.5832598,102.661415,0.0
ETS305,9532,1789813052,90.0,2.5824265,102.63183,0.0
ETS301,9533,1789813052,90.0,2.9062974,101.79307,0.0
ETS302,9578,1789813052,90.0,2.0358799,103.31791,0.0
SCS07,weekend_2365,1789813013,62.0,3.1599,101.6927,0.0
ETS304,9326,1789813052,90.0,5.3927383,100.3677,0.0
ETS308,9425,1789813052,90.0,1.534436,103.72895,0.0
ETS306,9428,1789813052,90.0,4.7514906,101.12034,0.0
ETS303,9530,1789813052,90.0,2.7186773,101.940865,0.0
ETS307,9531,1789813052,90.0,2.5832598,102.661415,0.0
ETS305,9532,1789813052,90.0,2.5824265,102.63183,0.0
ETS301,9533,1789813052,90.0,2.9062974,101.79307,0.0
ETS302,9578,1789813052,90.0,2.0358799,103.31791,0.0
ETS304,9326,1789813173,90.0,5.392769,100.36774,0.0
ETS308,9425,1789813173,90.0,1.5100548,103.74703,0.0
ETS306,9428,1789813173,90.0,4.7868414,101.0981,0.0
ETS303,9530,1789813173,90.0,2.7198327,101.93801,0.0
ETS307,9531,1789813173,90.0,2.581468,102.7016,0.0
ETS305,9532,1789813173,90.0,2.5789852,102.61403,0.0
ETS301,9533,1789813173,90.0,2.9030623,101.78718,0.0
ETS302,9578,1789813173,90.0,2.0358865,103.31795,0.0
ETS304,9326,1789813173,90.0,5.392769,100.36774,0.0
ETS305,9532,1789813173,90.0,2.5789852,102.61403,0.0
ETS303,9530,1789813173,90.0,2.7198327,101.93801,0.0
ETS301,9533,1789813173,90.0,2.9030623,101.78718,0.0
ETS308,9425,1789813173,90.0,1.5100548,103.74703,0.0
ETS307,9531,1789813173,90.0,2.581468,102.7016,0.0
ETS306,9428,1789813173,90.0,4.7868414,101.0981,0.0
ETS302,9578,1789813173,90.0,2.0358865,103.31795,0.0
ETS304,9326,1789813293,90.0,5.392785,100.36772,0.0
ETS306,9428,1789813293,90.0,4.8176937,101.07238,0.0
ETS303,9530,1789813293,90.0,2.7233348,101.92709,0.0
ETS307,9531,1789813293,90.0,2.564688,102.73848,0.0
ETS305,9532,1789813293,90.0,2.5789728,102.613976,0.0
ETS301,9533,1789813293,90.0,2.886689,101.81405,0.0
ETS302,9578,1789813293,90.0,2.0359058,103.31795,0.0
ETS308,9425,1789813293,90.0,1.4817994,103.75666,0.0
ETS304,9326,1789813293,90.0,5.392785,100.36772,0.0
ETS305,9532,1789813293,90.0,2.5789728,102.613976,0.0
ETS302,9578,1789813293,90.0,2.0359058,103.31795,0.0
ETS301,9533,1789813293,90.0,2.886689,101.81405,0.0
ETS308,9425,1789813293,90.0,1.4817994,103.75666,0.0
ETS307,9531,1789813293,90.0,2.564688,102.73848,0.0
ETS306,9428,1789813293,90.0,4.8176937,101.07238,0.0
ETS303,9530,1789813293,90.0,2.7233348,101.92709,0.0
ETS302,9578,1789813414,90.0,2.038008,103.317276,0.0
ETS301,9533,1789813414,90.0,2.874895,101.81777,0.0
SCS38,2834,1789813377,114.0,5.1986,100.4838,0.0
ETS207,9011,1789813376,0.0,3.1373,101.6913,0.0
SCS32,weekend_2362,1789813376,70.0,3.1712,101.685,0.0
SCS26,weekend_2369,1789813376,103.0,3.4154,101.6264,0.0
DMU13,39,1789813375,13.0,3.4818,102.3435,0.0
EMU39,2946,1789813375,87.0,6.1771,100.378,0.0
ETS308,9425,1789813414,90.0,1.4673657,103.763145,0.0
ETS307,9531,1789813414,90.0,2.5406456,102.76984,0.0
ETS306,9428,1789813414,90.0,4.823089,101.0346,0.0
ETS303,9530,1789813414,90.0,2.725664,101.903984,0.0
ETS304,9326,1789813414,90.0,5.392802,100.367775,0.0
ETS305,9532,1789813414,90.0,2.577905,102.60994,0.0
ETS304,9326,1789813414,90.0,5.392802,100.367775,0.0
ETS305,9532,1789813414,90.0,2.577905,102.60994,0.0
ETS303,9530,1789813414,90.0,2.725664,101.903984,0.0
ETS301,9533,1789813414,90.0,2.874895,101.81777,0.0
ETS308,9425,1789813414,90.0,1.4673657,103.763145,0.0
ETS307,9531,1789813414,90.0,2.5406456,102.76984,0.0
ETS302,9578,1789813414,90.0,2.038008,103.317276,0.0
ETS306,9428,1789813414,90.0,4.823089,101.0346,0.0
ETS308,9425,1789813534,90.0,1.4633646,103.76598,0.0
ETS306,9428,1789813534,90.0,4.8441615,100.99891,0.0
ETS303,9530,1789813534,90.0,2.7380617,101.88538,0.0
ETS307,9531,1789813534,90.0,2.5181203,102.79991,0.0
ETS305,9532,1789813534,90.0,2.5817533,102.58693,0.0
ETS302,9578,1789813534,90.0,2.0637763,103.30262,0.0
ETS301,9533,1789813534,90.0,2.8574352,101.82193,0.0
ETS302,9578,1789813534,90.0,2.0637763,103.30262,0.0
ETS308,9425,1789813534,90.0,1.4633646,103.76598,0.0
ETS306,9428,1789813534,90.0,4.8441615,100.99891,0.0
ETS303,9530,1789813534,90.0,2.7380617,101.88538,0.0
ETS307,9531,1789813534,90.0,2.5181203,102.79991,0.0
ETS305,9532,1789813534,90.0,2.5817533,102.58693,0.0
ETS301,9533,1789813534,90.0,2.8574352,101.82193,0.0
ETS308,9425,1789813655,90.0,1.4627705,103.7659,0.0
ETS306,9428,1789813655,90.0,4.8347473,100.96031,0.0
ETS303,9530,1789813655,90.0,2.7457626,101.85501,0.0
ETS307,9531,1789813655,90.0,2.5072155,102.81399,0.0
ETS305,9532,1789813655,90.0,2.5790877,102.55939,0.0
ETS301,9533,1789813655,90.0,2.8371196,101.82914,0.0
ETS302,9578,1789813655,90.0,2.094866,103.277855,0.0
ETS214,9136,1789813709,123.0,4.6837,101.1412,0.0
EMU28,2838,1789813693,98.0,4.7735,100.8994,0.0
ETS303,9530,1789813655,90.0,2.7457626,101.85501,0.0
ETS302,9578,1789813655,90.0,2.094866,103.277855,0.0
ETS306,9428,1789813655,90.0,4.8347473,100.96031,0.0
ETS308,9425,1789813655,90.0,1.4627705,103.7659,0.0
ETS307,9531,1789813655,90.0,2.5072155,102.81399,0.0
ETS305,9532,1789813655,90.0,2.5790877,102.55939,0.0
ETS301,9533,1789813655,90.0,2.8371196,101.82914,0.0
ETS308,9425,1789813776,90.0,1.4623353,103.76615,0.0
ETS306,9428,1789813776,90.0,4.8005986,100.94258,0.0
ETS303,9530,1789813776,90.0,2.7515569,101.83452,0.0
ETS307,9531,1789813776,90.0,2.503266,102.819016,0.0
ETS305,9532,1789813776,90.0,2.566217,102.53595,0.0
ETS301,9533,1789813776,90.0,2.818616,101.818565,0.0
ETS302,9578,1789813776,90.0,2.1322327,103.26083,0.0
ETS308,9425,1789813776,90.0,1.4623353,103.76615,0.0
ETS305,9532,1789813776,90.0,2.566217,102.53595,0.0
ETS307,9531,1789813776,90.0,2.503266,102.819016,0.0
ETS301,9533,1789813776,90.0,2.818616,101.818565,0.0
ETS306,9428,1789813776,90.0,4.8005986,100.94258,0.0
ETS302,9578,1789813776,90.0,2.1322327,103.26083,0.0
ETS303,9530,1789813776,90.0,2.7515569,101.83452,0.0
ETS305,9532,1789813896,90.0,2.5403101,102.50513,0.0
ETS301,9533,1789813896,90.0,2.7990272,101.79838,0.0
ETS302,9578,1789813896,90.0,2.1549892,103.2296,0.0
ETS204,9352,1789813864,0.0,2.9564,101.7925,0.0
ETS306,9428,1789813896,90.0,4.77519,100.93306,0.0
ETS303,9530,1789813896,90.0,2.7536194,101.827446,0.0
ETS307,9531,1789813896,90.0,2.4887185,102.849396,0.0
ETS306,9428,1789813896,90.0,4.77519,100.93306,0.0
ETS301,9533,1789813896,90.0,2.7990272,101.79838,0.0
ETS302,9578,1789813896,90.0,2.1549892,103.2296,0.0
ETS303,9530,1789813896,90.0,2.7536194,101.827446,0.0
ETS305,9532,1789813896,90.0,2.5403101,102.50513,0.0
ETS307,9531,1789813896,90.0,2.4887185,102.849396,0.0
ETS305,9532,1789814017,90.0,2.5067031,102.48155,0.0
ETS302,9578,1789814017,90.0,2.1831534,103.20293,0.0
ETS301,9533,1789814017,90.0,2.7703989,101.80512,0.0
ETS307,9531,1789814017,90.0,2.4869626,102.88777,0.0
ETS303,9530,1789814017,90.0,2.7536356,101.827324,0.0
ETS306,9428,1789814017,90.0,4.7736573,100.92985,0.0
DMU03,58,1789813999,24.0,5.3306,102.1211,0.0
EMU26,2847,1789813997,119.0,4.9963,100.7351,0.0
SCS19,weekend_2361,1789813984,19.0,3.0818,101.5792,0.0
ETS214,9136,1789813979,120.0,4.7662,101.1134,0.0
ETS207,9011,1789813976,0.0,3.1373,101.6913,0.0
EMU28,2838,1789813993,103.0,4.7789,100.8448,0.0
SCS26,weekend_2369,1789813976,33.0,3.326,101.5706,0.0
ETS215,9276,1789813964,119.0,3.9491,101.3299,0.0
ETS306,9428,1789814017,90.0,4.7736573,100.92985,0.0
ETS303,9530,1789814017,90.0,2.7536356,101.827324,0.0
ETS307,9531,1789814017,90.0,2.4869626,102.88777,0.0
ETS305,9532,1789814017,90.0,2.5067031,102.48155,0.0
ETS301,9533,1789814017,90.0,2.7703989,101.80512,0.0
ETS302,9578,1789814017,90.0,2.1831534,103.20293,0.0
ETS306,9428,1789814137,90.0,4.7733893,100.902054,0.0
ETS303,9530,1789814137,90.0,2.7534182,101.828026,0.0
ETS307,9531,1789814137,90.0,2.4712484,102.923615,0.0
ETS305,9532,1789814137,90.0,2.491042,102.445015,0.0
ETS301,9533,1789814137,90.0,2.759144,101.81258,0.0
ETS302,9578,1789814137,90.0,2.2101955,103.17431,0.0
ETS306,9428,1789814137,90.0,4.7733893,100.902054,0.0
ETS303,9530,1789814137,90.0,2.7534182,101.828026,0.0
ETS302,9578,1789814137,90.0,2.2101955,103.17431,0.0
ETS305,9532,1789814137,90.0,2.491042,102.445015,0.0
ETS301,9533,1789814137,90.0,2.759144,101.81258,0.0
ETS307,9531,1789814137,90.0,2.4712484,102.923615,0.0
ETS306,9428,1789814258,90.0,4.775296,100.865265,0.0
ETS303,9530,1789814258,90.0,2.7536356,101.82732,0.0
ETS307,9531,1789814258,90.0,2.4629896,102.96134,0.0
ETS305,9532,1789814258,90.0,2.4748888,102.419235,0.0
ETS301,9533,1789814258,90.0,2.7556272,101.82013,0.0
ETS302,9578,1789814258,90.0,2.2448053,103.15183,0.0
ETS306,9428,1789814258,90.0,4.775296,100.865265,0.0
ETS303,9530,1789814258,90.0,2.7536356,101.82732,0.0
ETS307,9531,1789814258,90.0,2.4629896,102.96134,0.0
ETS305,9532,1789814258,90.0,2.4748888,102.419235,0.0
ETS301,9533,1789814258,90.0,2.7556272,101.82013,0.0
ETS302,9578,1789814258,90.0,2.2448053,103.15183,0.0
SCS27,weekend_2249,1789814315,0.0,3.1355,101.6887,0.0
ETS307,9531,1789814378,90.0,2.438315,102.992905,0.0
DMU10(D6120),60,1789814319,29.0,5.1731,102.0106,0.0
DMU09,38,1789814318,66.0,3.6252,102.3782,0.0
ETS305,9532,1789814378,90.0,2.4733741,102.41606,0.0
SCS22,2955,1789814315,117.0,6.6469,100.2939,0.0
SCS19,weekend_2361,1789814314,75.0,3.0712,101.5517,0.0
ETS301,9533,1789814378,90.0,2.7536993,101.82696,0.0
DMU03,58,1789814314,10.0,5.3172,102.135,0.0
ETS213,9233,1789814313,133.0,5.225,100.4904,0.0
EMU31,2950,1789814312,78.0,5.6388,100.4894,0.0
ETS302,9578,1789814378,90.0,2.2852309,103.13765,0.0
ETS303,9530,1789814378,90.0,2.7536452,101.82728,0.0
SCS27,weekend_2249,1789814315,0.0,3.1355,101.6887,0.0
ETS204,9352,1789814359,0.0,3.0043,101.7318,0.0
SCS11,weekend_2250,1789814355,35.0,3.1537,101.6923,0.0
SCS24,2948,1789814354,114.0,6.0245,100.411,0.0
ETS214,9136,1789814354,134.0,4.8341,101.0208,0.0
ETS212,9209,1789814353,103.0,3.2016,101.6117,0.0
ETS215,9276,1789814324,131.0,4.0559,101.2825,0.0
EMU39,2946,1789814322,76.0,6.3758,100.2991,0.0
ETS216,9214,1789814322,65.0,3.3243,101.5718,0.0
SCS38,2834,1789814322,97.0,5.3622,100.4291,0.0
ETS207,9011,1789814321,0.0,3.1373,101.6913,0.0
SCS26,weekend_2369,1789814321,80.0,3.2896,101.572,0.0
ETS306,9428,1789814378,90.0,4.7748966,100.82442,0.0
ETS306,9428,1789814378,90.0,4.7748966,100.82442,0.0
ETS303,9530,1789814378,90.0,2.7536452,101.82728,0.0
ETS307,9531,1789814378,90.0,2.438315,102.992905,0.0
ETS305,9532,1789814378,90.0,2.4733741,102.41606,0.0
ETS301,9533,1789814378,90.0,2.7536993,101.82696,0.0
ETS302,9578,1789814378,90.0,2.2852309,103.13765,0.0
ETS306,9428,1789814499,90.0,4.7799153,100.784546,0.0
ETS303,9530,1789814499,90.0,2.755043,101.82223,0.0
ETS307,9531,1789814499,90.0,2.4033198,103.011284,0.0
ETS305,9532,1789814499,90.0,2.4620447,102.39191,0.0
ETS301,9533,1789814499,90.0,2.7531917,101.82864,0.0
ETS302,9578,1789814499,90.0,2.3158932,103.11241,0.0
SCS23,2952,1789814465,16.0,5.3919,100.3682,0.0
SCS19,weekend_2361,1789814464,22.0,3.0568,101.5252,0.0
SCS07,weekend_2365,1789814462,0.0,3.1129,101.6734,0.0
SCS11,weekend_2250,1789814460,61.0,3.1583,101.6932,0.0
EMU39,2946,1789814457,109.0,6.4068,100.2769,0.0
ETS204,9352,1789814449,68.0,3.0164,101.7213,0.0
EMU23,2953,1789814460,118.0,6.21,100.3658,0.0
ETS306,9428,1789814499,90.0,4.7799153,100.784546,0.0
ETS301,9533,1789814499,90.0,2.7531917,101.82864,0.0
ETS302,9578,1789814499,90.0,2.3158932,103.11241,0.0
ETS303,9530,1789814499,90.0,2.755043,101.82223,0.0
ETS305,9532,1789814499,90.0,2.4620447,102.39191,0.0
ETS307,9531,1789814499,90.0,2.4033198,103.011284,0.0
EMU39,2946,1789814562,44.0,6.4305,100.2688,0.0
SCS26,weekend_2369,1789814561,13.0,3.2606,101.5557,0.0
ETS302,9578,1789814619,90.0,2.3384032,103.07719,0.0
ETS301,9533,1789814619,90.0,2.7500277,101.839966,0.0
ETS305,9532,1789814619,90.0,2.4597127,102.35265,0.0
ETS307,9531,1789814619,90.0,2.3829446,103.02126,0.0
ETS303,9530,1789814619,90.0,2.7733622,101.804085,0.0
ETS306,9428,1789814619,90.0,0.0027284583,0.0154984975,0.0
EMU23,2953,1789814595,4.0,6.183,100.3751,0.0
SCS11,weekend_2250,1789814595,4.0,3.1661,101.6903,0.0
EMU35,2851,1789814563,109.0,5.297,100.4819,0.0
SCS38,2834,1789814562,94.0,5.3776,100.3922,0.0
ETS302,9578,1789814619,90.0,2.3384032,103.07719,0.0
ETS307,9531,1789814619,90.0,2.3829446,103.02126,0.0
ETS303,9530,1789814619,90.0,2.7733622,101.804085,0.0
ETS306,9428,1789814619,90.0,0.0027284583,0.0154984975,0.0
ETS305,9532,1789814619,90.0,2.4597127,102.35265,0.0
ETS301,9533,1789814619,90.0,2.7500277,101.839966,0.0
ETS306,9428,1789814740,90.0,4.8153257,100.74021,0.0
ETS307,9531,1789814740,90.0,2.3768501,103.02976,0.0
ETS305,9532,1789814740,90.0,2.4536984,102.31603,0.0
ETS303,9530,1789814740,90.0,2.802991,101.8019,0.0
ETS302,9578,1789814740,90.0,2.3652647,103.04561,0.0
ETS301,9533,1789814740,90.0,2.742814,101.86541,0.0
SCS11,weekend_2250,1789814700,15.0,3.17,101.6854,0.0
EMU23,2953,1789814700,110.0,6.1701,100.3787,0.0
ETS212,9209,1789814773,5.0,3.1746,101.6828,0.0
SCS38,2834,1789814772,26.0,5.3906,100.3701,0.0
SCS26,weekend_2369,1789814771,73.0,3.2469,101.5586,0.0
ETS211,9135,1789814770,0.0,5.3926,100.3679,0.0
ETS305,9532,1789814740,90.0,2.4536984,102.31603,0.0
ETS303,9530,1789814740,90.0,2.802991,101.8019,0.0
ETS306,9428,1789814740,90.0,4.8153257,100.74021,0.0
ETS301,9533,1789814740,90.0,2.742814,101.86541,0.0
ETS302,9578,1789814740,90.0,2.3652647,103.04561,0.0
ETS307,9531,1789814740,90.0,2.3768501,103.02976,0.0
ETS302,9578,1789814861,90.0,2.39132,103.01392,0.0
ETS303,9530,1789814861,90.0,2.8209276,101.82061,0.0
ETS306,9428,1789814861,90.0,4.839955,100.72886,0.0
ETS305,9532,1789814861,90.0,2.4582775,102.27747,0.0
ETS307,9531,1789814861,90.0,2.3578281,103.05584,0.0
ETS301,9533,1789814861,90.0,2.739001,101.88779,0.0
DMU13,39,1789814845,0.0,3.3316,102.4201,0.0
SCS22,2955,1789814840,0.0,6.5231,100.2568,0.0
SCS19,weekend_2361,1789814839,33.0,3.0523,101.4964,0.0
ETS306,9428,1789814861,90.0,4.839955,100.72886,0.0
ETS303,9530,1789814861,90.0,2.8209276,101.82061,0.0
ETS307,9531,1789814861,90.0,2.3578281,103.05584,0.0
ETS305,9532,1789814861,90.0,2.4582775,102.27747,0.0
ETS301,9533,1789814861,90.0,2.739001,101.88779,0.0
ETS302,9578,1789814861,90.0,2.39132,103.01392,0.0
SCS26,weekend_2369,1789814876,86.0,3.2251,101.562,0.0
EMU26,2847,1789814874,111.0,4.8122,100.7408,0.0
SCS11,weekend_2250,1789814873,19.0,3.1822,101.6887,0.0
SCS23,2952,1789814870,37.0,5.3645,100.4218,0.0
DMU10(D6120),60,1789814859,43.0,5.2281,102.0106,0.0
EMU35,2851,1789814877,116.0,5.2372,100.4877,0.0
ETS216,9214,1789814877,112.0,3.4322,101.6319,0.0
ETS211,9135,1789814875,64.0,5.3851,100.3784,0.0
ETS306,9428,1789814982,90.0,4.8516116,100.73271,0.0
ETS301,9533,1789814982,90.0,2.7279587,101.9016,0.0
ETS302,9578,1789814982,90.0,2.4293115,102.99749,0.0
ETS303,9530,1789814982,90.0,2.8403351,101.828415,0.0
ETS305,9532,1789814982,90.0,2.45924,102.24604,0.0
ETS307,9531,1789814982,90.0,2.3324242,103.085815,0.0
ETS306,9428,1789814982,90.0,4.8516116,100.73271,0.0
ETS303,9530,1789814982,90.0,2.8403351,101.828415,0.0
ETS307,9531,1789814982,90.0,2.3324242,103.085815,0.0
ETS305,9532,1789814982,90.0,2.45924,102.24604,0.0
ETS301,9533,1789814982,90.0,2.7279587,101.9016,0.0
EMU26,2847,1789814982,64.0,4.7928,100.7565,0.0
ETS302,9578,1789814982,90.0,2.4293115,102.99749,0.0
DMU10(D6120),60,1789814979,52.0,5.2439,102.0091,0.0
SCS09,weekend_2255,1789814976,0.0,3.2385,101.6811,0.0
SCS23,2952,1789814975,73.0,5.365,100.437,0.0
SCS19,weekend_2361,1789814974,15.0,3.0524,101.4916,0.0
ETS204,9352,1789814974,0.0,3.0787,101.7146,0.0
EMU29,2842,1789814974,79.0,4.6145,101.0923,0.0
ETS213,9233,1789814973,125.0,5.1137,100.4899,0.0
SCS07,weekend_2365,1789814972,51.0,3.0845,101.6595,0.0
ETS306,9428,1789815102,90.0,4.8632765,100.73088,0.0
ETS303,9530,1789815102,90.0,2.8636968,101.82021,0.0
ETS302,9578,1789815102,90.0,2.4582229,102.9681,0.0
ETS305,9532,1789815102,90.0,2.463392,102.22679,0.0
ETS301,9533,1789815102,90.0,2.7249146,101.915344,0.0
ETS307,9531,1789815102,90.0,2.312791,103.12012,0.0
SCS32,weekend_2362,1789815120,64.0,3.2801,101.5653,0.0
ETS214,9136,1789815119,0.0,4.7713,100.8854,0.0
ETS306,9428,1789815102,90.0,4.8632765,100.73088,0.0
ETS303,9530,1789815102,90.0,2.8636968,101.82021,0.0
ETS307,9531,1789815102,90.0,2.312791,103.12012,0.0
ETS305,9532,1789815102,90.0,2.463392,102.22679,0.0
ETS301,9533,1789815102,90.0,2.7249146,101.915344,0.0
ETS302,9578,1789815102,90.0,2.4582229,102.9681,0.0
EMU39,2946,1789815121,95.0,6.537,100.2592,0.0
EMU23,2953,1789815120,119.0,6.0803,100.3796,0.0
ETS212,9209,1789815133,0.0,3.1452,101.6934,0.0
EMU26,2847,1789815132,113.0,4.7796,100.7887,0.0
DMU13,39,1789815100,71.0,3.3004,102.4278,0.0
SCS26,weekend_2369,1789815176,44.0,3.2029,101.5867,0.0
ETS211,9135,1789815175,59.0,5.3664,100.4404,0.0
DMU13,39,1789815175,73.0,3.2872,102.4221,0.0
DMU10(D6120),60,1789815174,0.0,5.2487,102.0098,0.0
ETS212,9209,1789815178,0.0,3.1452,101.6934,0.0
EMU26,2847,1789815177,0.0,4.7764,100.7998,0.0
ETS307,9531,1789815223,90.0,2.2964735,103.1307,0.0
ETS302,9578,1789815223,90.0,2.4715326,102.93039,0.0
ETS301,9533,1789815223,90.0,2.7240808,101.91865,0.0
ETS306,9428,1789815223,90.0,4.897876,100.71987,0.0
ETS303,9530,1789815223,90.0,2.8839078,101.80961,0.0
ETS305,9532,1789815223,90.0,2.4634168,102.226814,0.0
ETS216,9214,1789815177,96.0,3.5176,101.629,0.0
ETS306,9428,1789815223,90.0,4.897876,100.71987,0.0
ETS301,9533,1789815223,90.0,2.7240808,101.91865,0.0
ETS302,9578,1789815223,90.0,2.4715326,102.93039,0.0
ETS303,9530,1789815223,90.0,2.8839078,101.80961,0.0
ETS305,9532,1789815223,90.0,2.4634168,102.226814,0.0
ETS307,9531,1789815223,90.0,2.2964735,103.1307,0.0
ETS306,9428,1789815343,90.0,4.9326015,100.71981,0.0
ETS301,9533,1789815343,90.0,2.7235177,101.92652,0.0
ETS305,9532,1789815343,90.0,2.4688253,102.21711,0.0
ETS307,9531,1789815343,90.0,2.278962,103.14134,0.0
ETS302,9578,1789815343,90.0,2.4852839,102.89267,0.0
ETS303,9530,1789815343,90.0,2.8955045,101.789055,0.0
ETS301,9533,1789815343,90.0,2.7235177,101.92652,0.0
ETS305,9532,1789815343,90.0,2.4688253,102.21711,0.0
ETS307,9531,1789815343,90.0,2.278962,103.14134,0.0
ETS306,9428,1789815343,90.0,4.9326015,100.71981,0.0
ETS303,9530,1789815343,90.0,2.8955045,101.789055,0.0
ETS302,9578,1789815343,90.0,2.4852839,102.89267,0.0
EMU26,2847,1789815387,14.0,4.7782,100.8571,0.0
EMU28,2838,1789815381,117.0,4.9958,100.7349,0.0
EMU29,2842,1789815381,108.0,4.7101,101.1261,0.0
SCS27,weekend_2249,1789815380,22.0,3.1002,101.703,0.0
SCS09,weekend_2255,1789815381,0.0,3.2054,101.6751,0.0
SCS19,weekend_2361,1789815379,17.0,3.0372,101.4554,0.0
DMU09,38,1789815368,66.0,3.759,102.3586,0.0
EMU31,2950,1789815380,115.0,5.8867,100.477,0.0
SCS22,2955,1789815365,115.0,6.4061,100.2772,0.0
SCS23,2952,1789815365,39.0,5.3605,100.4612,0.0
DMU03,58,1789815379,52.0,5.3321,102.2054,0.0
ETS204,9352,1789815379,82.0,3.1147,101.6806,0.0
EMU23,2953,1789815391,120.0,6.0059,100.4215,0.0
ETS212,9209,1789815388,0.0,3.1452,101.6934,0.0
ETS216,9214,1789815387,109.0,3.5628,101.628,0.0
DMU13,39,1789815385,56.0,3.2535,102.4124,0.0
DMU10(D6120),60,1789815384,0.0,5.2488,102.0098,0.0
SCS26,weekend_2369,1789815371,73.0,3.2084,101.6224,0.0
ETS303,9530,1789815464,90.0,2.904807,101.788315,0.0
ETS307,9531,1789815464,90.0,2.240379,103.15283,0.0
ETS305,9532,1789815464,90.0,2.4523315,102.19019,0.0
ETS301,9533,1789815464,90.0,2.7197442,101.93811,0.0
ETS302,9578,1789815464,90.0,2.488326,102.85191,0.0
DMU03,58,1789815394,46.0,5.3335,102.207,0.0
ETS213,9233,1789815393,135.0,5.0349,100.5699,0.0
SCS07,weekend_2365,1789815392,36.0,3.0846,101.6225,0.0
ETS306,9428,1789815464,90.0,4.962398,100.72783,0.0
ETS306,9428,1789815464,90.0,4.962398,100.72783,0.0
ETS303,9530,1789815464,90.0,2.904807,101.788315,0.0
ETS307,9531,1789815464,90.0,2.240379,103.15283,0.0
ETS305,9532,1789815464,90.0,2.4523315,102.19019,0.0
ETS301,9533,1789815464,90.0,2.7197442,101.93811,0.0
ETS302,9578,1789815464,90.0,2.488326,102.85191,0.0
ETS212,9209,1789815508,0.0,3.1452,101.6934,0.0
EMU23,2953,1789815466,106.0,5.9858,100.4329,0.0
SCS32,weekend_2362,1789815480,28.0,3.3222,101.5733,0.0
SCS07,weekend_2365,1789815467,0.0,3.0845,101.6213,0.0
SCS24,2948,1789815509,115.0,6.2952,100.3484,0.0
EMU26,2847,1789815507,96.0,4.7753,100.8673,0.0
ETS216,9214,1789815507,122.0,3.589,101.6088,0.0
DMU13,39,1789815505,0.0,3.2465,102.4112,0.0
ETS211,9135,1789815490,2.0,5.3662,100.4489,0.0
DMU03,58,1789815469,26.0,5.3354,102.2143,0.0
SCS19,weekend_2361,1789815469,27.0,3.0424,101.4515,0.0
ETS204,9352,1789815469,0.0,3.1154,101.6797,0.0
ETS213,9233,1789815468,131.0,5.0452,100.5936,0.0
ETS305,9532,1789815585,90.0,2.4889126,102.18,0.0
ETS306,9428,1789815585,90.0,4.991971,100.735344,0.0
ETS307,9531,1789815585,90.0,2.2071302,103.17659,0.0
ETS303,9530,1789815585,90.0,2.905924,101.79109,0.0
ETS301,9533,1789815585,90.0,2.7182243,101.94144,0.0
ETS302,9578,1789815585,90.0,2.5043144,102.81741,0.0
ETS215,9276,1789815569,129.0,4.3373,101.1238,0.0
ETS211,9135,1789815565,96.0,5.3634,100.4594,0.0
EMU28,2838,1789815636,118.0,5.0393,100.6802,0.0
EMU31,2950,1789815635,11.0,5.9375,100.4594,0.0
SCS27,weekend_2249,1789815635,53.0,3.0858,101.713,0.0
SCS22,2955,1789815620,31.0,6.3698,100.3036,0.0
ETS204,9352,1789815574,0.0,3.1154,101.6797,0.0
SCS07,weekend_2365,1789815572,19.0,3.0838,101.6153,0.0
ETS307,9531,1789815585,90.0,2.2071302,103.17659,0.0
ETS302,9578,1789815585,90.0,2.5043144,102.81741,0.0
ETS301,9533,1789815585,90.0,2.7182243,101.94144,0.0
ETS305,9532,1789815585,90.0,2.4889126,102.18,0.0
ETS306,9428,1789815585,90.0,4.991971,100.735344,0.0
ETS303,9530,1789815585,90.0,2.905924,101.79109,0.0
SCS19,weekend_2361,1789815574,14.0,3.0433,101.4498,0.0
ETS205,9055,1789815574,0.0,4.5967,101.0729,0.0
DMU03,58,1789815574,29.0,5.3426,102.2209,0.0
ETS213,9233,1789815633,132.0,5.0414,100.6518,0.0
DMU13,39,1789815670,0.0,3.2465,102.4112,0.0
ETS211,9135,1789815670,136.0,5.3327,100.4703,0.0
SCS07,weekend_2365,1789815662,0.0,3.0831,101.6109,0.0
EMU23,2953,1789815661,110.0,5.9591,100.448,0.0
EMU31,2950,1789815635,11.0,5.9375,100.4594,0.0
ETS215,9276,1789815659,133.0,4.3623,101.1057,0.0
ETS216,9214,1789815672,119.0,3.6193,101.5746,0.0
ETS301,9533,1789815705,90.0,2.7182376,101.941444,0.0
ETS302,9578,1789815705,90.0,2.5071678,102.81397,0.0
ETS305,9532,1789815705,90.0,2.527361,102.164825,0.0
ETS307,9531,1789815705,90.0,2.1910646,103.19098,0.0
ETS303,9530,1789815705,90.0,2.905923,101.791084,0.0
ETS306,9428,1789815705,90.0,5.0135784,100.73074,0.0
ETS212,9209,1789815673,0.0,3.1452,101.6934,0.0
EMU26,2847,1789815672,95.0,4.7766,100.909,0.0
EMU35,2851,1789815661,116.0,5.0655,100.5078,0.0
EMU28,2838,1789815748,0.0,5.0416,100.6453,0.0
DMU10(D6120),60,1789815744,53.0,5.2762,102.0076,0.0
EMU29,2842,1789815741,107.0,4.8038,101.0857,0.0
SCS09,weekend_2255,1789815741,3.0,3.1828,101.6889,0.0
ETS307,9531,1789815705,90.0,2.1910646,103.19098,0.0
ETS305,9532,1789815705,90.0,2.527361,102.164825,0.0
ETS302,9578,1789815705,90.0,2.5071678,102.81397,0.0
ETS303,9530,1789815705,90.0,2.905923,101.791084,0.0
ETS301,9533,1789815705,90.0,2.7182376,101.941444,0.0
ETS306,9428,1789815705,90.0,5.0135784,100.73074,0.0
SCS27,weekend_2249,1789815740,0.0,3.0759,101.7107,0.0
SCS26,weekend_2369,1789815740,73.0,3.1956,101.6468,0.0
EMU31,2950,1789815740,21.0,5.9437,100.4566,0.0
SCS22,2955,1789815740,114.0,6.3438,100.323,0.0
SCS23,2952,1789815740,117.0,5.4258,100.4826,0.0
SCS19,weekend_2361,1789815739,60.0,3.0418,101.4332,0.0
ETS205,9055,1789815739,54.0,4.588,101.0707,0.0
ETS204,9352,1789815739,0.0,3.1282,101.681,0.0
DMU03,58,1789815739,45.0,5.3556,102.2253,0.0
ETS213,9233,1789815723,125.0,5.0395,100.6805,0.0
ETS214,9136,1789815779,89.0,4.8408,100.728,0.0
ETS306,9428,1789815826,90.0,5.0237155,100.7214,0.0
ETS303,9530,1789815826,90.0,2.9059265,101.79109,0.0
ETS307,9531,1789815826,90.0,2.1843603,103.198845,0.0
ETS305,9532,1789815826,90.0,2.553195,102.133514,0.0
ETS302,9578,1789815826,90.0,2.5071795,102.814,0.0
ETS301,9533,1789815826,90.0,2.713762,101.94802,0.0
SCS07,weekend_2365,1789815767,57.0,3.0827,101.6024,0.0
ETS305,9532,1789815826,90.0,2.553195,102.133514,0.0
ETS301,9533,1789815826,90.0,2.713762,101.94802,0.0
ETS302,9578,1789815826,90.0,2.5071795,102.814,0.0
ETS213,9233,1789815873,134.0,5.019,100.7261,0.0
ETS214,9136,1789815869,0.0,4.8527,100.7319,0.0
ETS215,9276,1789815869,133.0,4.4239,101.0672,0.0
ETS211,9135,1789815865,133.0,5.2722,100.48,0.0
DMU13,39,1789815865,0.0,3.2465,102.4112,0.0
DMU10(D6120),60,1789815864,15.0,5.2891,102.0055,0.0
EMU28,2838,1789815862,114.0,5.0437,100.6111,0.0
EMU29,2842,1789815861,0.0,4.8187,101.071,0.0
SCS09,weekend_2255,1789815861,41.0,3.1798,101.6877,0.0
SCS23,2952,1789815860,114.0,5.4593,100.495,0.0
EMU31,2950,1789815860,24.0,5.9512,100.4524,0.0
EMU26,2847,1789815860,49.0,4.7771,100.9336,0.0
SCS26,weekend_2369,1789815860,21.0,3.1915,101.6562,0.0
SCS27,weekend_2249,1789815860,88.0,3.0665,101.7082,0.0
SCS22,2955,1789815860,115.0,6.3147,100.3442,0.0
SCS19,weekend_2361,1789815859,31.0,3.0382,101.4294,0.0
ETS306,9428,1789815826,90.0,5.0237155,100.7214,0.0
ETS303,9530,1789815826,90.0,2.9059265,101.79109,0.0
ETS307,9531,1789815826,90.0,2.1843603,103.198845,0.0
ETS302,9578,1789815947,90.0,2.5071568,102.81399,0.0
ETS305,9532,1789815947,90.0,2.5796497,102.10367,0.0
ETS301,9533,1789815947,90.0,2.6970448,101.966606,0.0
ETS213,9233,1789815873,134.0,5.019,100.7261,0.0
ETS306,9428,1789815947,90.0,5.038215,100.684555,0.0
ETS307,9531,1789815947,90.0,2.1625757,103.227554,0.0
ETS303,9530,1789815947,90.0,2.906512,101.79389,0.0
DMU10(D6120),60,1789815939,9.0,5.2915,102.0076,0.0
DMU09,38,1789815938,84.0,3.8412,102.3616,0.0
EMU26,2847,1789815935,114.0,4.7943,100.937,0.0
EMU31,2950,1789815935,26.0,5.9563,100.4495,0.0
SCS26,weekend_2369,1789815935,26.0,3.1863,101.6644,0.0
SCS19,weekend_2361,1789815934,0.0,3.0336,101.4245,0.0
ETS204,9352,1789815934,0.0,3.1282,101.681,0.0
ETS205,9055,1789815934,0.0,4.5798,101.0671,0.0
DMU03,58,1789815934,33.0,5.3747,102.232,0.0
SCS26,weekend_2369,1789815935,26.0,3.1863,101.6644,0.0
EMU26,2847,1789815935,114.0,4.7943,100.937,0.0
ETS205,9055,1789815934,0.0,4.5798,101.0671,0.0
DMU03,58,1789815934,33.0,5.3747,102.232,0.0
EMU28,2838,1789815937,118.0,5.0448,100.5886,0.0
EMU29,2842,1789815936,0.0,4.8187,101.071,0.0
SCS27,weekend_2249,1789815935,81.0,3.0488,101.7066,0.0
SCS22,2955,1789815935,114.0,6.2927,100.349,0.0
SCS21,weekend_2377,1789815963,113.0,3.6674,101.5334,0.0
SCS32,weekend_2362,1789815945,36.0,3.3773,101.6156,0.0
ETS212,9209,1789815943,0.0,3.1452,101.6934,0.0
ETS216,9214,1789815942,79.0,3.6691,101.5321,0.0
ETS211,9135,1789815940,139.0,5.2462,100.4857,0.0
ETS306,9428,1789815947,90.0,5.038215,100.684555,0.0
DMU13,39,1789815940,0.0,3.2465,102.4112,0.0
SCS19,weekend_2361,1789815934,0.0,3.0336,101.4245,0.0
ETS204,9352,1789815934,0.0,3.1282,101.681,0.0
ETS307,9531,1789815947,90.0,2.1625757,103.227554,0.0
ETS305,9532,1789815947,90.0,2.5796497,102.10367,0.0
ETS301,9533,1789815947,90.0,2.6970448,101.966606,0.0
ETS302,9578,1789815947,90.0,2.5071568,102.81399,0.0
ETS303,9530,1789815947,90.0,2.906512,101.79389,0.0
ETS207,9056,1789815941,0.0,3.1373,101.6913,0.0
DMU10(D6120),60,1789815939,9.0,5.2915,102.0076,0.0
DMU09,38,1789815938,84.0,3.8412,102.3616,0.0
SCS09,weekend_2255,1789815936,18.0,3.1746,101.685,0.0
EMU31,2950,1789815935,26.0,5.9563,100.4495,0.0
EMU35,2851,1789815961,111.0,5.0185,100.5402,0.0
EMU23,2953,1789815961,121.0,5.8712,100.477,0.0
ETS215,9276,1789815944,130.0,4.4468,101.0553,0.0
ETS214,9136,1789815944,0.0,4.8527,100.7319,0.0
DMU13,39,1789816045,64.0,3.2403,102.4103,0.0
ETS211,9135,1789816045,138.0,5.2097,100.4903,0.0
ETS306,9428,1789816067,90.0,5.0404515,100.646675,0.0
ETS303,9530,1789816067,90.0,2.9246647,101.79592,0.0
ETS307,9531,1789816067,90.0,2.1368897,103.25589,0.0
ETS305,9532,1789816067,90.0,2.614472,102.08249,0.0
ETS301,9533,1789816067,90.0,2.67753,101.979164,0.0
ETS302,9578,1789816067,90.0,2.5083761,102.81251,0.0
ETS305,9532,1789816067,90.0,2.614472,102.08249,0.0
ETS302,9578,1789816067,90.0,2.5083761,102.81251,0.0
ETS301,9533,1789816067,90.0,2.67753,101.979164,0.0
SCS21,weekend_2377,1789816068,115.0,3.6448,101.5544,0.0
ETS306,9428,1789816067,90.0,5.0404515,100.646675,0.0
ETS307,9531,1789816067,90.0,2.1368897,103.25589,0.0
ETS303,9530,1789816067,90.0,2.9246647,101.79592,0.0
EMU29,2842,1789816078,0.0,4.8263,101.0526,0.0
EMU28,2838,1789816072,116.0,5.0239,100.554,0.0
SCS07,weekend_2365,1789816071,0.0,3.0842,101.5856,0.0
SCS27,weekend_2249,1789816070,16.0,3.0282,101.7132,0.0
EMU31,2950,1789816070,26.0,5.9656,100.4443,0.0
SCS09,weekend_2255,1789816113,0.0,3.166,101.6903,0.0
ETS213,9233,1789816113,130.0,4.9408,100.721,0.0
ETS215,9276,1789816109,2.0,4.4603,101.0491,0.0
ETS207,9056,1789816106,0.0,3.1373,101.6913,0.0
ETS211,9135,1789816105,0.0,5.1925,100.4811,0.0
DMU13,39,1789816105,72.0,3.2295,102.4133,0.0
DMU10(D6120),60,1789816104,26.0,5.2913,102.0172,0.0
DMU09,38,1789816103,61.0,3.8746,102.3649,0.0
SCS23,2952,1789816100,107.0,5.5006,100.5029,0.0
SCS22,2955,1789816100,114.0,6.2441,100.3589,0.0
ETS205,9055,1789816099,78.0,4.5182,101.0496,0.0
SCS26,weekend_2369,1789816070,55.0,3.1818,101.6733,0.0
EMU31,2950,1789816175,0.0,5.9718,100.4408,0.0
DMU10(D6120),60,1789816149,20.0,5.2942,102.0189,0.0
EMU29,2842,1789816175,112.0,4.8287,101.0263,0.0
SCS19,weekend_2361,1789816174,15.0,3.0194,101.4091,0.0
DMU03,58,1789816159,0.0,5.3915,102.2321,0.0
ETS205,9055,1789816159,107.0,4.5039,101.0466,0.0
ETS207,9056,1789816151,4.0,3.1367,101.6931,0.0
DMU13,39,1789816150,71.0,3.2212,102.4108,0.0
DMU09,38,1789816148,63.0,3.8824,102.3653,0.0
SCS21,weekend_2377,1789816113,114.0,3.6337,101.5617,0.0
ETS306,9428,1789816188,90.0,5.0428905,100.60637,0.0
SCS09,weekend_2255,1789816113,0.0,3.166,101.6903,0.0
ETS301,9533,1789816188,90.0,2.6595829,101.99775,0.0
ETS302,9578,1789816188,90.0,2.5271006,102.7894,0.0
ETS303,9530,1789816188,90.0,2.946721,101.788956,0.0
ETS305,9532,1789816188,90.0,2.6359746,102.04927,0.0
ETS307,9531,1789816188,90.0,2.1031158,103.27302,0.0
EMU28,2838,1789816177,57.0,5.0253,100.529,0.0
SCS07,weekend_2365,1789816176,28.0,3.0821,101.5809,0.0
SCS26,weekend_2369,1789816175,35.0,3.1737,101.6833,0.0
SCS23,2952,1789816175,114.0,5.522,100.5077,0.0
SCS27,weekend_2249,1789816175,16.0,3.023,101.716,0.0
SCS09,weekend_2255,1789816203,45.0,3.1636,101.6918,0.0
ETS306,9428,1789816188,90.0,5.0428905,100.60637,0.0
ETS303,9530,1789816188,90.0,2.946721,101.788956,0.0
ETS307,9531,1789816188,90.0,2.1031158,103.27302,0.0
ETS305,9532,1789816188,90.0,2.6359746,102.04927,0.0
ETS301,9533,1789816188,90.0,2.6595829,101.99775,0.0
ETS302,9578,1789816188,90.0,2.5271006,102.7894,0.0
ETS216,9214,1789816182,0.0,3.7154,101.4785,0.0
DMU13,39,1789816180,70.0,3.216,102.4093,0.0
DMU10(D6120),60,1789816179,16.0,5.2959,102.0192,0.0
DMU09,38,1789816178,63.0,3.8871,102.3633,0.0
EMU28,2838,1789816177,57.0,5.0253,100.529,0.0
SCS07,weekend_2365,1789816176,28.0,3.0821,101.5809,0.0
SCS26,weekend_2369,1789816175,35.0,3.1737,101.6833,0.0
SCS27,weekend_2249,1789816175,16.0,3.023,101.716,0.0
EMU31,2950,1789816175,0.0,5.9718,100.4408,0.0
EMU39,2957,1789816201,98.0,6.6489,100.2979,0.0
EMU29,2842,1789816175,112.0,4.8287,101.0263,0.0
SCS23,2952,1789816175,114.0,5.522,100.5077,0.0
SCS19,weekend_2361,1789816174,15.0,3.0194,101.4091,0.0
ETS215,9276,1789816184,36.0,4.4634,101.0477,0.0
ETS213,9233,1789816203,129.0,4.9106,100.7179,0.0
ETS306,9428,1789816309,90.0,5.031832,100.56808,0.0
ETS302,9578,1789816308,90.0,2.5522408,102.759384,0.0
ETS301,9533,1789816308,90.0,2.6544237,102.02192,0.0
ETS303,9530,1789816308,90.0,2.971339,101.791374,0.0
ETS305,9532,1789816309,90.0,2.6546376,102.02014,0.0
ETS307,9531,1789816309,90.0,2.0716066,103.29719,0.0
ETS306,9428,1789816309,90.0,5.031832,100.56808,0.0
ETS307,9531,1789816309,90.0,2.0716066,103.29719,0.0
ETS305,9532,1789816309,90.0,2.6546376,102.02014,0.0
ETS302,9578,1789816308,90.0,2.5522408,102.759384,0.0
ETS303,9530,1789816308,90.0,2.971339,101.791374,0.0
ETS301,9533,1789816308,90.0,2.6544237,102.02192,0.0
SCS23,2952,1789816340,114.0,5.5705,100.4968,0.0
SCS26,weekend_2369,1789816370,35.0,3.1635,101.692,0.0
SCS19,weekend_2361,1789816369,36.0,3.0107,101.3999,0.0
ETS204,9352,1789816369,0.0,3.1282,101.681,0.0
ETS205,9055,1789816369,0.0,4.4627,101.0481,0.0
ETS213,9233,1789816368,91.0,4.8633,100.7314,0.0
SCS32,weekend_2362,1789816380,0.0,3.469,101.6379,0.0
ETS214,9136,1789816379,113.0,4.9683,100.7287,0.0
DMU13,39,1789816375,71.0,3.1856,102.3959,0.0
SCS09,weekend_2255,1789816368,33.0,3.154,101.6924,0.0
SCS21,weekend_2377,1789816368,104.0,3.585,101.6114,0.0
EMU23,2953,1789816366,121.0,5.7839,100.4885,0.0
EMU39,2957,1789816366,113.0,6.615,100.2645,0.0
ETS302,9578,1789816429,90.0,2.5721385,102.727585,0.0
ETS306,9428,1789816429,90.0,5.021416,100.531975,0.0
ETS303,9530,1789816429,90.0,2.9823384,101.7915,0.0
ETS307,9531,1789816429,90.0,2.0406458,103.31656,0.0
ETS305,9532,1789816429,90.0,2.6593783,101.99776,0.0
ETS301,9533,1789816429,90.0,2.6359622,102.05042,0.0
EMU26,2847,1789816400,113.0,4.8229,101.0394,0.0
EMU28,2838,1789816372,113.0,5.0421,100.5202,0.0
SCS22,2955,1789816370,0.0,6.1827,100.3753,0.0
SCS23,2952,1789816370,113.0,5.5791,100.4954,0.0
SCS27,weekend_2249,1789816370,0.0,3.0227,101.7162,0.0
EMU29,2842,1789816370,113.0,4.8412,100.9745,0.0
ETS301,9533,1789816429,90.0,2.6359622,102.05042,0.0
ETS307,9531,1789816429,90.0,2.0406458,103.31656,0.0
ETS305,9532,1789816429,90.0,2.6593783,101.99776,0.0
ETS302,9578,1789816429,90.0,2.5721385,102.727585,0.0
ETS303,9530,1789816429,90.0,2.9823384,101.7915,0.0
DMU10(D6120),60,1789816479,47.0,5.3116,102.021,0.0
SCS07,weekend_2365,1789816476,0.0,3.0757,101.5591,0.0
EMU29,2842,1789816475,117.0,4.8235,100.9516,0.0
EMU31,2950,1789816475,117.0,6.028,100.409,0.0
SCS23,2952,1789816475,114.0,5.6102,100.496,0.0
SCS19,weekend_2361,1789816474,13.0,3.0037,101.3924,0.0
DMU03,58,1789816474,26.0,5.4065,102.231,0.0
ETS213,9233,1789816473,0.0,4.8535,100.7325,0.0
EMU28,2838,1789816447,118.0,5.0626,100.5093,0.0
SCS27,weekend_2249,1789816445,0.0,3.0227,101.7162,0.0
ETS205,9055,1789816414,0.0,4.4627,101.0481,0.0
SCS09,weekend_2255,1789816413,37.0,3.1496,101.6906,0.0
SCS21,weekend_2377,1789816413,91.0,3.574,101.6142,0.0
ETS306,9428,1789816429,90.0,5.021416,100.531975,0.0
ETS207,9056,1789816481,0.0,3.1386,101.6913,0.0
DMU13,39,1789816480,73.0,3.1667,102.3908,0.0
ETS211,9135,1789816480,99.0,5.1202,100.4883,0.0
EMU35,2851,1789816479,114.0,5.0394,100.6898,0.0
ETS213,9233,1789816503,0.0,4.8537,100.7325,0.0
ETS216,9214,1789816482,79.0,3.7747,101.4356,0.0
SCS09,weekend_2255,1789816503,19.0,3.1436,101.6934,0.0
DMU10(D6120),60,1789816509,47.0,5.3157,102.0206,0.0
SCS13,weekend_2368,1789816509,0.0,3.139,101.6935,0.0
SCS19,weekend_2361,1789816474,13.0,3.0037,101.3924,0.0
EMU26,2847,1789816508,65.0,4.8207,101.068,0.0
EMU28,2838,1789816507,117.0,5.0792,100.5005,0.0
ETS306,9428,1789816550,90.0,5.050162,100.51602,0.0
ETS302,9578,1789816550,90.0,2.5831568,102.68648,0.0
ETS301,9533,1789816550,90.0,2.6133027,102.0834,0.0
ETS305,9532,1789816550,90.0,2.6758583,101.9821,0.0
ETS307,9531,1789816550,90.0,2.035822,103.31794,0.0
SCS07,weekend_2365,1789816506,18.0,3.0754,101.5586,0.0
SCS27,weekend_2249,1789816505,0.0,3.0227,101.7162,0.0
SCS23,2952,1789816505,115.0,5.6192,100.4961,0.0
SCS22,2955,1789816505,114.0,6.1547,100.3798,0.0
EMU29,2842,1789816505,112.0,4.8145,100.9516,0.0
EMU31,2950,1789816505,119.0,6.0361,100.4044,0.0
SCS26,weekend_2369,1789816505,0.0,3.1538,101.6926,0.0
ETS204,9352,1789816504,0.0,3.1282,101.681,0.0
ETS205,9055,1789816504,0.0,4.4627,101.0481,0.0
DMU03,58,1789816504,15.0,5.408,102.2313,0.0
SCS32,weekend_2362,1789816485,116.0,3.4855,101.6386,0.0
ETS215,9276,1789816484,14.0,4.5235,101.0501,0.0
ETS212,9209,1789816483,0.0,3.1452,101.6934,0.0
SCS21,weekend_2377,1789816473,94.0,3.5639,101.6254,0.0
ETS303,9530,1789816550,90.0,2.9834464,101.791374,0.0
EMU35,2851,1789816509,114.0,5.0378,100.6987,0.0
ETS306,9428,1789816550,90.0,5.050162,100.51602,0.0
ETS303,9530,1789816550,90.0,2.9834464,101.791374,0.0
ETS305,9532,1789816550,90.0,2.6758583,101.9821,0.0
ETS302,9578,1789816550,90.0,2.5831568,102.68648,0.0
ETS307,9531,1789816550,90.0,2.035822,103.31794,0.0
ETS301,9533,1789816550,90.0,2.6133027,102.0834,0.0
ETS306,9428,1789816671,90.0,5.0818753,100.499306,0.0
ETS303,9530,1789816671,90.0,2.9920585,101.783356,0.0
ETS302,9578,1789816671,90.0,2.5843294,102.64703,0.0
ETS305,9532,1789816671,90.0,2.6967428,101.96726,0.0
ETS301,9533,1789816671,90.0,2.5790617,102.10405,0.0
ETS307,9531,1789816671,90.0,2.0295222,103.31946,0.0
ETS306,9428,1789816671,90.0,5.0818753,100.499306,0.0
ETS303,9530,1789816671,90.0,2.9920585,101.783356,0.0
ETS307,9531,1789816671,90.0,2.0295222,103.31946,0.0
ETS305,9532,1789816671,90.0,2.6967428,101.96726,0.0
ETS301,9533,1789816671,90.0,2.5790617,102.10405,0.0
ETS302,9578,1789816671,90.0,2.5843294,102.64703,0.0
SCS38,2857,1789816677,0.0,5.3643,100.422,0.0
EMU31,2950,1789816674,28.0,6.0502,100.3964,0.0
SCS27,weekend_2249,1789816670,0.0,3.0227,101.7162,0.0
DMU13,39,1789816720,17.0,3.1368,102.371,0.0
DMU10(D6120),60,1789816719,59.0,5.3456,102.0123,0.0
SCS23,2952,1789816715,95.0,5.6509,100.4914,0.0
EMU23,2953,1789816711,113.0,5.6846,100.5007,0.0
EMU39,2957,1789816711,0.0,6.5234,100.2569,0.0
SCS32,weekend_2362,1789816680,72.0,3.5054,101.6335,0.0
ETS214,9136,1789816679,125.0,5.0393,100.6893,0.0
ETS204,9352,1789816669,0.0,3.1282,101.681,0.0
SCS09,weekend_2255,1789816668,14.0,3.1384,101.6931,0.0
SCS21,weekend_2377,1789816668,79.0,3.5481,101.6396,0.0
ETS215,9276,1789816664,59.0,4.546,101.0543,0.0
ETS212,9209,1789816753,0.0,3.1452,101.6934,0.0
ETS216,9214,1789816752,117.0,3.8394,101.3943,0.0
ETS211,9135,1789816750,134.0,5.0338,100.5247,0.0
EMU23,2953,1789816741,119.0,5.6771,100.4961,0.0
SCS32,weekend_2362,1789816725,96.0,3.5144,101.6302,0.0
SCS21,weekend_2377,1789816743,20.0,3.5404,101.6358,0.0
SCS09,weekend_2255,1789816713,20.0,3.1366,101.6908,0.0
ETS207,9056,1789816721,0.0,3.1386,101.6913,0.0
EMU39,2957,1789816741,24.0,6.5228,100.2568,0.0
DMU09,38,1789816748,0.0,3.9374,102.3576,0.0
ETS214,9136,1789816739,134.0,5.0393,100.6691,0.0
SCS07,weekend_2365,1789816716,84.0,3.0588,101.5322,0.0
SCS26,weekend_2369,1789816715,15.0,3.1453,101.6923,0.0
ETS204,9352,1789816714,0.0,3.1282,101.681,0.0
ETS205,9055,1789816714,0.0,4.4627,101.0481,0.0
EMU29,2842,1789816715,0.0,4.7762,100.9319,0.0
SCS27,weekend_2249,1789816715,0.0,3.0227,101.7162,0.0
ETS306,9428,1789816791,90.0,5.110199,100.49097,0.0
ETS303,9530,1789816791,90.0,2.9905674,101.75866,0.0
ETS307,9531,1789816791,90.0,1.9946839,103.327446,0.0
ETS305,9532,1789816791,90.0,2.7118154,101.950775,0.0
ETS301,9533,1789816791,90.0,2.552357,102.134445,0.0
ETS302,9578,1789816791,90.0,2.579621,102.61668,0.0
SCS38,2857,1789816752,94.0,5.3625,100.4312,0.0
SCS23,2952,1789816745,117.0,5.6595,100.4929,0.0
ETS302,9578,1789816791,90.0,2.579621,102.61668,0.0
ETS301,9533,1789816791,90.0,2.552357,102.134445,0.0
ETS305,9532,1789816791,90.0,2.7118154,101.950775,0.0
ETS307,9531,1789816791,90.0,1.9946839,103.327446,0.0
ETS306,9428,1789816791,90.0,5.110199,100.49097,0.0
ETS303,9530,1789816791,90.0,2.9905674,101.75866,0.0
SCS13,weekend_2368,1789816824,13.0,3.1413,101.694,0.0
EMU31,2950,1789816824,114.0,6.0752,100.3823,0.0
EMU35,2851,1789816824,119.0,4.9618,100.7266,0.0
DMU10(D6120),60,1789816824,38.0,5.3607,102.0079,0.0
DMU09,38,1789816823,26.0,3.9406,102.3566,0.0
SCS07,weekend_2365,1789816821,0.0,3.0569,101.5245,0.0
SCS23,2952,1789816820,114.0,5.6809,100.4981,0.0
SCS22,2955,1789816820,116.0,6.0915,100.3734,0.0
SCS27,weekend_2249,1789816820,0.0,3.0227,101.7162,0.0
EMU29,2842,1789816820,96.0,4.7748,100.9225,0.0
DMU03,58,1789816819,47.0,5.438,102.2354,0.0
ETS306,9428,1789816912,90.0,5.1141443,100.490135,0.0
ETS303,9530,1789816912,90.0,3.0032415,101.733955,0.0
ETS307,9531,1789816912,90.0,1.9572355,103.34425,0.0
ETS305,9532,1789816912,90.0,2.7186015,101.94092,0.0
ETS301,9533,1789816912,90.0,2.5264256,102.165565,0.0
ETS302,9578,1789816912,90.0,2.578952,102.61395,0.0
DMU03,58,1789816894,50.0,5.4467,102.2308,0.0
EMU23,2953,1789816938,0.0,5.6427,100.4901,0.0
ETS216,9214,1789816902,118.0,3.8764,101.3817,0.0
ETS207,9056,1789816901,0.0,3.1386,101.6913,0.0
EMU28,2838,1789816900,114.0,5.1512,100.4816,0.0
ETS211,9135,1789816900,135.0,5.0323,100.5667,0.0
SCS32,weekend_2362,1789816935,0.0,3.5538,101.6394,0.0
SCS24,2948,1789816934,115.0,6.6041,100.2633,0.0
ETS214,9136,1789816934,121.0,5.0441,100.6051,0.0
ETS215,9276,1789816904,37.0,4.5936,101.0714,0.0
SCS38,2857,1789816902,0.0,5.3663,100.4485,0.0
ETS302,9578,1789816912,90.0,2.578952,102.61395,0.0
ETS301,9533,1789816912,90.0,2.5264256,102.165565,0.0
ETS305,9532,1789816912,90.0,2.7186015,101.94092,0.0
ETS307,9531,1789816912,90.0,1.9572355,103.34425,0.0
ETS306,9428,1789816912,90.0,5.1141443,100.490135,0.0
ETS303,9530,1789816912,90.0,3.0032415,101.733955,0.0
EMU29,2842,1789816902,102.0,4.7754,100.9022,0.0
EMU39,2957,1789816944,118.0,6.4697,100.2553,0.0
EMU31,2950,1789816944,91.0,6.1051,100.3666,0.0
DMU10(D6120),60,1789816944,32.0,5.3717,102.0085,0.0
SCS13,weekend_2368,1789816944,53.0,3.1513,101.6908,0.0
EMU26,2847,1789816943,115.0,4.7373,101.1218,0.0
DMU09,38,1789816943,81.0,3.9577,102.3491,0.0
SCS07,weekend_2365,1789816941,75.0,3.0524,101.5119,0.0
EMU35,2851,1789816940,116.0,4.9272,100.7173,0.0
SCS26,weekend_2369,1789816940,19.0,3.137,101.6916,0.0
SCS22,2955,1789816940,114.0,6.06,100.391,0.0
SCS27,weekend_2249,1789816940,0.0,3.0227,101.7162,0.0
SCS23,2952,1789816940,114.0,5.7132,100.513,0.0
DMU03,58,1789816939,42.0,5.4523,102.2305,0.0
ETS204,9352,1789816939,0.0,3.1282,101.681,0.0
ETS204,9352,1789816984,0.0,3.1836,101.6679,0.0
ETS214,9136,1789816979,122.0,5.045,100.5905,0.0
SCS21,weekend_2377,1789816983,0.0,3.5009,101.6341,0.0
EMU23,2953,1789816983,53.0,5.6402,100.4897,0.0
SCS09,weekend_2255,1789816983,0.0,3.1348,101.6878,0.0
ETS307,9531,1789817033,90.0,1.9270307,103.36999,0.0
ETS303,9530,1789817033,90.0,3.0207376,101.718056,0.0
ETS306,9428,1789817033,90.0,5.1291647,100.487045,0.0
ETS302,9578,1789817033,90.0,2.578957,102.61394,0.0
ETS301,9533,1789817033,90.0,2.4879181,102.18018,0.0
ETS305,9532,1789817033,90.0,2.718623,101.94089,0.0
SCS26,weekend_2369,1789816985,16.0,3.1364,101.6891,0.0
ETS216,9214,1789817037,117.0,3.9038,101.3542,0.0
EMU29,2842,1789817037,96.0,4.7761,100.8656,0.0
ETS207,9056,1789817036,0.0,3.1386,101.6913,0.0
EMU28,2838,1789817035,0.0,5.1691,100.4797,0.0
ETS303,9530,1789817033,90.0,3.0207376,101.718056,0.0
ETS306,9428,1789817033,90.0,5.1291647,100.487045,0.0
ETS305,9532,1789817033,90.0,2.718623,101.94089,0.0
ETS301,9533,1789817033,90.0,2.4879181,102.18018,0.0
ETS302,9578,1789817033,90.0,2.578957,102.61394,0.0
ETS307,9531,1789817033,90.0,1.9270307,103.36999,0.0
SCS21,weekend_2377,1789817073,109.0,3.4879,101.6374,0.0
ETS214,9136,1789817039,120.0,5.0366,100.5728,0.0
ETS215,9276,1789817039,1.0,4.5978,101.0733,0.0
SCS38,2857,1789817037,109.0,5.3591,100.4622,0.0
SCS26,weekend_2369,1789817075,0.0,3.1362,101.6892,0.0
ETS204,9352,1789817074,43.0,3.1953,101.6467,0.0
SCS09,weekend_2255,1789817073,22.0,3.1284,101.6802,0.0
SCS24,2948,1789817075,114.0,6.638,100.2821,0.0
ETS215,9276,1789817144,0.0,4.5983,101.0736,0.0
ETS302,9578,1789817153,90.0,2.5788586,102.61358,0.0
ETS305,9532,1789817153,90.0,2.720384,101.93615,0.0
ETS301,9533,1789817153,90.0,2.452759,102.18926,0.0
ETS306,9428,1789817153,90.0,5.1292443,100.48704,0.0
ETS307,9531,1789817153,90.0,1.9003117,103.39654,0.0
ETS303,9530,1789817153,90.0,3.0443842,101.70872,0.0
ETS205,9055,1789817134,0.0,4.4627,101.0481,0.0
DMU03,58,1789817134,42.0,5.4767,102.2202,0.0
SCS32,weekend_2362,1789817130,105.0,3.5814,101.613,0.0
ETS214,9136,1789817129,116.0,5.0202,100.5484,0.0
SCS13,weekend_2368,1789817124,12.0,3.165,101.6913,0.0
EMU31,2950,1789817124,108.0,6.1255,100.3754,0.0
EMU39,2957,1789817124,0.0,6.4314,100.2686,0.0
DMU10(D6120),60,1789817124,0.0,5.377,102.0102,0.0
DMU09,38,1789817123,45.0,3.9863,102.3349,0.0
EMU26,2847,1789817123,114.0,4.69,101.1416,0.0
EMU29,2842,1789817172,87.0,4.7793,100.8507,0.0
ETS303,9530,1789817153,90.0,3.0443842,101.70872,0.0
ETS306,9428,1789817153,90.0,5.1292443,100.48704,0.0
ETS302,9578,1789817153,90.0,2.5788586,102.61358,0.0
ETS301,9533,1789817153,90.0,2.452759,102.18926,0.0
ETS307,9531,1789817153,90.0,1.9003117,103.39654,0.0
ETS305,9532,1789817153,90.0,2.720384,101.93615,0.0
SCS38,2857,1789817172,114.0,5.3208,100.4712,0.0
ETS216,9214,1789817172,119.0,3.9412,101.3373,0.0
ETS207,9056,1789817171,0.0,3.1386,101.6913,0.0
ETS211,9135,1789817170,137.0,5.0393,100.6586,0.0
EMU39,2957,1789817169,34.0,6.4302,100.2689,0.0
DMU10(D6120),60,1789817169,0.0,5.377,102.0102,0.0
DMU09,38,1789817168,37.0,3.9907,102.3325,0.0
EMU26,2847,1789817168,116.0,4.6769,101.1388,0.0
SCS07,weekend_2365,1789817166,0.0,3.0524,101.4925,0.0
EMU35,2851,1789817165,78.0,4.8911,100.72,0.0
SCS27,weekend_2249,1789817165,45.0,3.0187,101.7186,0.0
SCS22,2955,1789817165,114.0,6.0012,100.4242,0.0
SCS26,weekend_2369,1789817165,0.0,3.1362,101.6892,0.0
SCS23,2952,1789817165,114.0,5.7764,100.4917,0.0
EMU23,2953,1789817163,117.0,5.5912,100.4935,0.0
EMU28,2838,1789817140,106.0,5.1811,100.4795,0.0
SCS24,2948,1789817180,66.0,6.6525,100.3057,0.0
DMU03,58,1789817179,46.0,5.4822,102.2185,0.0
ETS205,9055,1789817179,0.0,4.4627,101.0481,0.0
ETS204,9352,1789817179,6.0,3.2046,101.636,0.0
SCS13,weekend_2368,1789817139,0.0,3.1651,101.6911,0.0
SCS21,weekend_2377,1789817178,0.0,3.469,101.638,0.0
EMU31,2950,1789817139,115.0,6.1296,100.3772,0.0
SCS09,weekend_2255,1789817178,27.0,3.1201,101.6787,0.0
ETS213,9233,1789817178,133.0,4.7783,100.8566,0.0
SCS32,weekend_2362,1789817175,103.0,3.5921,101.6065,0.0
ETS215,9276,1789817174,16.0,4.6002,101.0746,0.0
ETS214,9136,1789817174,139.0,5.0198,100.5347,0.0
EMU35,2851,1789817225,114.0,4.8751,100.7237,0.0
SCS23,2952,1789817225,110.0,5.7924,100.4842,0.0
EMU29,2842,1789817217,116.0,4.7774,100.8387,0.0
ETS207,9056,1789817216,0.0,3.1386,101.6913,0.0
EMU26,2847,1789817252,112.0,4.657,101.1235,0.0
EMU28,2838,1789817245,111.0,5.21,100.49,0.0
SCS24,2948,1789817240,50.0,6.6582,100.3142,0.0
SCS32,weekend_2362,1789817220,95.0,3.5994,101.5981,0.0
ETS214,9136,1789817219,122.0,5.031,100.5261,0.0
ETS306,9428,1789817274,90.0,5.143623,100.48407,0.0
ETS303,9530,1789817274,90.0,3.071955,101.71006,0.0
ETS215,9276,1789817219,18.0,4.604,101.0757,0.0
SCS38,2857,1789817217,114.0,5.3085,100.4768,0.0
ETS216,9214,1789817217,114.0,3.9517,101.3282,0.0
ETS211,9135,1789817215,136.0,5.0393,100.6748,0.0
ETS302,9578,1789817274,90.0,2.5766423,102.60553,0.0
ETS305,9532,1789817274,90.0,2.723429,101.92718,0.0
ETS301,9533,1789817274,90.0,2.4694033,102.2159,0.0
ETS307,9531,1789817274,90.0,1.8847833,103.40539,0.0
EMU39,2957,1789817229,98.0,6.4191,100.2728,0.0
DMU10(D6120),60,1789817229,10.0,5.3783,102.011,0.0
EMU31,2950,1789817229,113.0,6.1565,100.3797,0.0
DMU09,38,1789817228,38.0,3.9941,102.3286,0.0
SCS07,weekend_2365,1789817226,20.0,3.0524,101.4911,0.0
SCS22,2955,1789817225,114.0,5.9856,100.4331,0.0
SCS27,weekend_2249,1789817225,79.0,3.0106,101.7252,0.0
ETS306,9428,1789817274,90.0,5.143623,100.48407,0.0
ETS301,9533,1789817274,90.0,2.4694033,102.2159,0.0
ETS305,9532,1789817274,90.0,2.723429,101.92718,0.0
ETS307,9531,1789817274,90.0,1.8847833,103.40539,0.0
DMU09,38,1789817273,56.0,3.9978,102.3238,0.0
SCS23,2952,1789817270,95.0,5.804,100.4809,0.0
SCS27,weekend_2249,1789817270,28.0,3.0046,101.7294,0.0
SCS38,2857,1789817277,81.0,5.2932,100.4832,0.0
EMU31,2950,1789817319,70.0,6.1794,100.3772,0.0
SCS13,weekend_2368,1789817319,85.0,3.1808,101.6749,0.0
SCS07,weekend_2365,1789817316,53.0,3.0527,101.4828,0.0
SCS26,weekend_2369,1789817315,14.0,3.1295,101.681,0.0
EMU35,2851,1789817315,61.0,4.8566,100.7343,0.0
ETS204,9352,1789817314,43.0,3.2055,101.6344,0.0
EMU28,2838,1789817275,117.0,5.2188,100.4917,0.0
DMU10(D6120),60,1789817274,11.0,5.3792,102.0125,0.0
DMU03,58,1789817314,47.0,5.5007,102.2135,0.0
EMU29,2842,1789817277,0.0,4.776,100.8235,0.0
ETS216,9214,1789817277,120.0,3.968,101.3186,0.0
ETS207,9056,1789817276,0.0,3.1386,101.6913,0.0
ETS211,9135,1789817275,138.0,5.0387,100.6962,0.0
ETS302,9578,1789817274,90.0,2.5766423,102.60553,0.0
ETS303,9530,1789817274,90.0,3.071955,101.71006,0.0
EMU39,2957,1789817274,115.0,6.4069,100.277,0.0
ETS216,9214,1789817364,132.0,3.9942,101.308,0.0
EMU31,2950,1789817364,0.0,6.1829,100.3752,0.0
SCS13,weekend_2368,1789817364,57.0,3.1845,101.6664,0.0
EMU39,2957,1789817364,117.0,6.3842,100.2928,0.0
DMU09,38,1789817363,62.0,4.0113,102.3212,0.0
SCS07,weekend_2365,1789817361,52.0,3.0511,101.4765,0.0
SCS22,2955,1789817360,31.0,5.971,100.4413,0.0
SCS27,weekend_2249,1789817360,71.0,3.001,101.736,0.0
SCS23,2952,1789817360,26.0,5.8234,100.4781,0.0
ETS307,9531,1789817394,90.0,1.8730605,103.41107,0.0
ETS213,9233,1789817358,87.0,4.7771,100.9079,0.0
ETS306,9428,1789817394,90.0,5.168177,100.48046,0.0
ETS303,9530,1789817394,90.0,3.0759666,101.71244,0.0
EMU23,2953,1789817358,120.0,5.5308,100.5053,0.0
ETS302,9578,1789817394,90.0,2.5764613,102.59121,0.0
ETS305,9532,1789817394,90.0,2.7241404,101.918594,0.0
ETS215,9276,1789817324,82.0,4.6099,101.0882,0.0
ETS301,9533,1789817394,90.0,2.4630442,102.22751,0.0
EMU29,2842,1789817367,118.0,4.7781,100.7934,0.0
ETS214,9136,1789817354,129.0,5.0724,100.5042,0.0
SCS38,2857,1789817367,0.0,5.2853,100.4806,0.0
ETS207,9056,1789817366,74.0,3.2005,101.6103,0.0
ETS211,9135,1789817365,135.0,5.0223,100.7232,0.0
DMU03,58,1789817359,51.0,5.5066,102.2108,0.0
SCS26,weekend_2369,1789817345,16.0,3.1281,101.6799,0.0
SCS24,2948,1789817345,0.0,6.6629,100.3201,0.0
EMU35,2851,1789817345,17.0,4.8533,100.7326,0.0
ETS204,9352,1789817344,40.0,3.2081,101.6312,0.0
SCS32,weekend_2362,1789817325,115.0,3.6188,101.5752,0.0
DMU10(D6120),60,1789817319,23.0,5.3798,102.0147,0.0
EMU28,2838,1789817365,118.0,5.2455,100.4858,0.0
EMU29,2842,1789817427,114.0,4.7833,100.7759,0.0
ETS207,9056,1789817426,77.0,3.201,101.5989,0.0
EMU28,2838,1789817425,115.0,5.2633,100.4818,0.0
ETS211,9135,1789817425,139.0,5.0049,100.7351,0.0
DMU13,39,1789817425,74.0,3.0312,102.3802,0.0
DMU10(D6120),60,1789817424,44.0,5.371,102.0229,0.0
EMU31,2950,1789817424,42.0,6.1841,100.3743,0.0
SCS19,weekend_2378,1789817403,0.0,2.9992,101.3916,0.0
SCS09,weekend_2255,1789817403,0.0,3.1193,101.6788,0.0
SCS21,weekend_2377,1789817403,90.0,3.4267,101.6279,0.0
EMU23,2953,1789817403,117.0,5.5172,100.5074,0.0
ETS214,9136,1789817399,125.0,5.0856,100.4973,0.0
ETS215,9276,1789817399,105.0,4.6243,101.099,0.0
ETS307,9531,1789817394,90.0,1.8730605,103.41107,0.0
ETS306,9428,1789817394,90.0,5.168177,100.48046,0.0
ETS303,9530,1789817394,90.0,3.0759666,101.71244,0.0
ETS305,9532,1789817394,90.0,2.7241404,101.918594,0.0
EMU26,2847,1789817432,80.0,4.616,101.0932,0.0
SCS38,2857,1789817427,71.0,5.2819,100.4792,0.0
ETS301,9533,1789817394,90.0,2.4630442,102.22751,0.0
ETS302,9578,1789817394,90.0,2.5764613,102.59121,0.0
EMU35,2851,1789817480,101.0,4.84,100.728,0.0
SCS27,weekend_2249,1789817480,72.0,2.9907,101.7612,0.0
ETS214,9136,1789817459,116.0,5.1039,100.4918,0.0
EMU29,2842,1789817457,114.0,4.786,100.7673,0.0
DMU13,39,1789817455,72.0,3.0254,102.3797,0.0
EMU28,2838,1789817455,112.0,5.272,100.4799,0.0
SCS24,2948,1789817435,4.0,6.6631,100.3203,0.0
SCS09,weekend_2255,1789817433,10.0,3.1191,101.6787,0.0
EMU23,2953,1789817433,118.0,5.5082,100.505,0.0
EMU26,2847,1789817432,80.0,4.616,101.0932,0.0
ETS306,9428,1789817515,90.0,5.204799,100.488464,0.0
ETS303,9530,1789817515,90.0,3.0852556,101.714485,0.0
ETS302,9578,1789817515,90.0,2.5812776,102.570786,0.0
ETS305,9532,1789817515,90.0,2.7247236,101.91077,0.0
ETS301,9533,1789817515,90.0,2.4590373,102.24123,0.0
ETS213,9233,1789817478,12.0,4.7758,100.9307,0.0
SCS32,weekend_2362,1789817460,114.0,3.6496,101.5493,0.0
ETS215,9276,1789817459,132.0,4.6396,101.1108,0.0
ETS207,9056,1789817456,74.0,3.2009,101.5931,0.0
SCS13,weekend_2368,1789817454,55.0,3.1874,101.6627,0.0
DMU09,38,1789817453,62.0,4.0259,102.319,0.0
ETS307,9531,1789817515,90.0,1.843204,103.431526,0.0
SCS19,weekend_2378,1789817448,4.0,2.9994,101.3916,0.0
SCS21,weekend_2377,1789817433,90.0,3.4206,101.6248,0.0
ETS205,9055,1789817449,0.0,4.4627,101.0481,0.0
SCS22,2955,1789817525,114.0,5.9305,100.4622,0.0
SCS07,weekend_2365,1789817526,0.0,3.0356,101.47,0.0
SCS27,weekend_2249,1789817525,48.0,2.9931,101.7669,0.0
ETS305,9532,1789817515,90.0,2.7247236,101.91077,0.0
ETS302,9578,1789817515,90.0,2.5812776,102.570786,0.0
ETS307,9531,1789817515,90.0,1.843204,103.431526,0.0
ETS303,9530,1789817515,90.0,3.0852556,101.714485,0.0
ETS306,9428,1789817515,90.0,5.204799,100.488464,0.0
ETS301,9533,1789817515,90.0,2.4590373,102.24123,0.0
EMU35,2851,1789817555,118.0,4.8216,100.7387,0.0
SCS23,2952,1789817555,115.0,5.8608,100.4769,0.0
SCS21,weekend_2377,1789817538,111.0,3.3913,101.6277,0.0
ETS205,9055,1789817539,16.0,4.2835,101.1655,0.0
EMU28,2838,1789817560,0.0,5.2858,100.4807,0.0
ETS211,9135,1789817560,136.0,4.9582,100.7258,0.0
DMU09,38,1789817558,63.0,4.0428,102.3149,0.0
SCS22,2955,1789817555,114.0,5.9221,100.4654,0.0
SCS27,weekend_2249,1789817555,70.0,2.9957,101.7711,0.0
ETS305,9532,1789817635,90.0,2.7271109,101.9023,0.0
ETS302,9578,1789817635,90.0,2.5711348,102.546936,0.0
SCS09,weekend_2255,1789817583,37.0,3.1126,101.6845,0.0
SCS21,weekend_2377,1789817583,93.0,3.3814,101.6198,0.0
EMU35,2851,1789817555,118.0,4.8216,100.7387,0.0
ETS213,9233,1789817583,10.0,4.7758,100.9319,0.0
ETS301,9533,1789817635,90.0,2.458148,102.279724,0.0
ETS307,9531,1789817635,90.0,1.8213269,103.465096,0.0
ETS303,9530,1789817635,90.0,3.0976715,101.70649,0.0
ETS306,9428,1789817635,90.0,5.2443204,100.486664,0.0
SCS19,weekend_2378,1789817583,47.0,3.0056,101.3944,0.0
EMU26,2847,1789817582,14.0,4.6072,101.0768,0.0
DMU10(D6120),60,1789817589,11.0,5.3721,102.031,0.0
SCS23,2952,1789817555,115.0,5.8608,100.4769,0.0
SCS07,weekend_2365,1789817586,24.0,3.034,101.4681,0.0
ETS205,9055,1789817584,34.0,4.2699,101.1681,0.0
SCS26,weekend_2369,1789817560,0.0,3.1185,101.6724,0.0
EMU23,2953,1789817609,24.0,5.4814,100.4978,0.0
EMU29,2842,1789817607,64.0,4.8072,100.7425,0.0
SCS38,2857,1789817607,115.0,5.2303,100.4892,0.0
SCS08,weekend_2254,1789817603,0.0,3.1349,101.6884,0.0
SCS32,weekend_2362,1789817565,86.0,3.6727,101.5297,0.0
ETS214,9136,1789817564,44.0,5.1299,100.4864,0.0
SCS23,2952,1789817630,114.0,5.8832,100.477,0.0
ETS213,9233,1789817613,90.0,4.7812,100.9352,0.0
SCS09,weekend_2255,1789817613,39.0,3.1122,101.6877,0.0
EMU28,2838,1789817635,44.0,5.2873,100.4812,0.0
DMU13,39,1789817635,73.0,2.9939,102.3896,0.0
SCS07,weekend_2365,1789817631,44.0,3.0338,101.464,0.0
SCS22,2955,1789817630,114.0,5.9011,100.4735,0.0
ETS214,9136,1789817639,0.0,5.1311,100.4862,0.0
EMU31,2950,1789817638,0.0,6.2427,100.3591,0.0
EMU29,2842,1789817636,79.0,4.8129,100.7406,0.0
ETS207,9056,1789817636,0.0,3.2059,101.5814,0.0
DMU10(D6120),60,1789817634,21.0,5.3745,102.0312,0.0
ETS204,9352,1789817629,73.0,3.2015,101.5909,0.0
ETS303,9530,1789817635,90.0,3.0976715,101.70649,0.0
ETS301,9533,1789817635,90.0,2.458148,102.279724,0.0
ETS305,9532,1789817635,90.0,2.7271109,101.9023,0.0
ETS307,9531,1789817635,90.0,1.8213269,103.465096,0.0
ETS306,9428,1789817635,90.0,5.2443204,100.486664,0.0
ETS302,9578,1789817635,90.0,2.5711348,102.546936,0.0
SCS19,weekend_2378,1789817628,55.0,3.0104,101.3995,0.0
SCS21,weekend_2377,1789817628,17.0,3.3766,101.6151,0.0
SCS08,weekend_2254,1789817623,0.0,3.1349,101.6884,0.0
SCS26,weekend_2369,1789817725,10.0,3.1125,101.6736,0.0
SCS13,weekend_2368,1789817724,0.0,3.2022,101.6377,0.0
DMU10(D6120),60,1789817724,0.0,5.3766,102.0313,0.0
SCS08,weekend_2254,1789817723,16.0,3.1385,101.6933,0.0
DMU09,38,1789817723,65.0,4.0624,102.3,0.0
SCS07,weekend_2365,1789817721,18.0,3.0375,101.4551,0.0
SCS22,2955,1789817720,114.0,5.8746,100.477,0.0
SCS23,2952,1789817720,115.0,5.9091,100.4704,0.0
EMU31,2950,1789817720,117.0,6.267,100.3542,0.0
SCS27,weekend_2249,1789817720,17.0,2.9855,101.7906,0.0
EMU29,2842,1789817726,103.0,4.8333,100.7307,0.0
EMU28,2838,1789817726,115.0,5.3045,100.4786,0.0
ETS211,9135,1789817725,139.0,4.9011,100.719,0.0
ETS306,9428,1789817756,90.0,5.273418,100.480194,0.0
ETS303,9530,1789817756,90.0,3.108232,101.69324,0.0
ETS307,9531,1789817756,90.0,1.8123296,103.478905,0.0
ETS305,9532,1789817756,90.0,2.7344077,101.89666,0.0
ETS301,9533,1789817756,90.0,2.4543884,102.321045,0.0
ETS302,9578,1789817756,90.0,2.5592828,102.521225,0.0
ETS215,9276,1789817789,131.0,4.7355,101.1218,0.0
DMU13,39,1789817785,72.0,2.9668,102.4003,0.0
ETS307,9531,1789817756,90.0,1.8123296,103.478905,0.0
ETS211,9135,1789817785,131.0,4.88,100.7216,0.0
SCS22,2955,1789817780,114.0,5.8566,100.477,0.0
ETS303,9530,1789817756,90.0,3.108232,101.69324,0.0
ETS302,9578,1789817756,90.0,2.5592828,102.521225,0.0
ETS305,9532,1789817756,90.0,2.7344077,101.89666,0.0
ETS301,9533,1789817756,90.0,2.4543884,102.321045,0.0
ETS306,9428,1789817756,90.0,5.273418,100.480194,0.0
ETS216,9214,1789817769,119.0,4.1107,101.2515,0.0
SCS21,weekend_2377,1789817763,100.0,3.3666,101.6006,0.0
SCS19,weekend_2378,1789817763,41.0,3.0151,101.4046,0.0
ETS213,9233,1789817763,129.0,4.8252,100.9516,0.0
EMU31,2950,1789817735,118.0,6.2716,100.3532,0.0
SCS27,weekend_2249,1789817735,17.0,2.9846,101.7906,0.0
SCS23,2952,1789817735,114.0,5.9136,100.4686,0.0
DMU03,58,1789817734,0.0,5.5301,102.203,0.0
ETS204,9352,1789817734,0.0,3.2032,101.5859,0.0
SCS09,weekend_2255,1789817733,29.0,3.1088,101.6923,0.0
SCS23,2952,1789817840,21.0,5.9346,100.4605,0.0
SCS07,weekend_2365,1789817811,19.0,3.0413,101.4525,0.0
SCS27,weekend_2249,1789817810,0.0,2.9821,101.7905,0.0
EMU31,2950,1789817810,117.0,6.2943,100.3486,0.0
SCS19,weekend_2378,1789817808,39.0,3.0186,101.4084,0.0
SCS22,2955,1789817840,113.0,5.8385,100.4769,0.0
ETS215,9276,1789817834,131.0,4.7509,101.12,0.0
SCS32,weekend_2362,1789817820,0.0,3.6848,101.5181,0.0
EMU23,2953,1789817819,118.0,5.4254,100.4823,0.0
EMU39,2957,1789817819,115.0,6.2937,100.3487,0.0
EMU35,2851,1789817817,109.0,4.7819,100.7813,0.0
SCS38,2857,1789817817,59.0,5.1725,100.4796,0.0
EMU28,2838,1789817816,119.0,5.3307,100.47,0.0
ETS214,9136,1789817804,110.0,5.1569,100.48,0.0
SCS08,weekend_2254,1789817803,0.0,3.1401,101.6938,0.0
ETS211,9135,1789817815,108.0,4.8707,100.7256,0.0
SCS26,weekend_2369,1789817815,31.0,3.1067,101.6734,0.0
DMU13,39,1789817815,73.0,2.9612,102.4007,0.0
SCS13,weekend_2368,1789817814,53.0,3.2066,101.6335,0.0
DMU10(D6120),60,1789817799,19.0,5.3818,102.0355,0.0
ETS205,9055,1789817794,123.0,4.2054,101.1821,0.0
ETS302,9578,1789817876,90.0,2.5322888,102.49823,0.0
DMU03,58,1789817809,5.0,5.5306,102.2028,0.0
ETS301,9533,1789817876,90.0,2.4584274,102.34497,0.0
ETS305,9532,1789817876,90.0,2.7405748,101.89196,0.0
ETS307,9531,1789817876,90.0,1.8025706,103.48972,0.0
ETS306,9428,1789817876,90.0,5.288445,100.48287,0.0
ETS303,9530,1789817876,90.0,3.1240704,101.67916,0.0
ETS215,9276,1789817924,134.0,4.7762,101.1038,0.0
SCS21,weekend_2377,1789817913,100.0,3.3525,101.5721,0.0
ETS214,9136,1789817909,126.0,5.1904,100.4799,0.0
ETS303,9530,1789817876,90.0,3.1240704,101.67916,0.0
ETS305,9532,1789817876,90.0,2.7405748,101.89196,0.0
ETS306,9428,1789817876,90.0,5.288445,100.48287,0.0
ETS302,9578,1789817876,90.0,2.5322888,102.49823,0.0
ETS301,9533,1789817876,90.0,2.4584274,102.34497,0.0
ETS307,9531,1789817876,90.0,1.8025706,103.48972,0.0
EMU28,2838,1789817951,95.0,5.3646,100.4569,0.0
EMU29,2842,1789817951,97.0,4.8653,100.7287,0.0
ETS214,9136,1789817939,124.0,5.1994,100.4843,0.0
ETS207,9056,1789817951,82.0,3.2451,101.5603,0.0
DMU09,38,1789817918,24.0,4.0752,102.2724,0.0
DMU03,58,1789817914,57.0,5.5381,102.1992,0.0
SCS23,2952,1789817960,25.0,5.9418,100.4577,0.0
ETS215,9276,1789817954,133.0,4.7854,101.0984,0.0
SCS38,2857,1789817952,0.0,5.1688,100.4797,0.0
EMU35,2851,1789817952,0.0,4.7766,100.7991,0.0
ETS216,9214,1789817949,128.0,4.1467,101.2033,0.0
SCS27,weekend_2249,1789817948,0.0,2.9752,101.7904,0.0
SCS26,weekend_2369,1789817950,0.0,3.0949,101.6699,0.0
DMU13,39,1789817950,70.0,2.9351,102.3958,0.0
ETS211,9135,1789817950,0.0,4.8523,100.7318,0.0
DMU10(D6120),60,1789817949,33.0,5.3891,102.0435,0.0
EMU31,2950,1789817945,118.0,6.3318,100.332,0.0
ETS204,9352,1789817944,0.0,3.2063,101.5799,0.0
SCS09,weekend_2255,1789817943,0.0,3.0986,101.705,0.0
SCS19,weekend_2378,1789817943,58.0,3.0224,101.4124,0.0
ETS306,9428,1789817997,90.0,5.3212423,100.47152,0.0
ETS303,9530,1789817997,90.0,3.1288624,101.68197,0.0
ETS307,9531,1789817997,90.0,1.76485,103.49835,0.0
ETS305,9532,1789817997,90.0,2.7379153,101.88339,0.0
ETS301,9533,1789817997,90.0,2.4597538,102.35287,0.0
ETS302,9578,1789817997,90.0,2.5048888,102.47818,0.0
EMU39,2957,1789817969,117.0,6.2484,100.358,0.0
SCS21,weekend_2377,1789817913,100.0,3.3525,101.5721,0.0
SCS26,weekend_2369,1789817995,53.0,3.0901,101.6697,0.0
SCS08,weekend_2254,1789818023,0.0,3.1546,101.6932,0.0
EMU35,2851,1789817997,112.0,4.7762,100.8343,0.0
SCS07,weekend_2365,1789817991,0.0,3.0431,101.4503,0.0
ETS213,9233,1789817988,132.0,4.8352,101.0201,0.0
ETS307,9531,1789817997,90.0,1.76485,103.49835,0.0
ETS305,9532,1789817997,90.0,2.7379153,101.88339,0.0
ETS301,9533,1789817997,90.0,2.4597538,102.35287,0.0
ETS214,9136,1789817984,133.0,5.2131,100.4914,0.0
EMU39,2957,1789817984,117.0,6.2439,100.3589,0.0
DMU10(D6120),60,1789817979,10.0,5.3902,102.0453,0.0
SCS23,2952,1789817990,23.0,5.9437,100.4566,0.0
ETS302,9578,1789817997,90.0,2.5048888,102.47818,0.0
ETS306,9428,1789817997,90.0,5.3212423,100.47152,0.0
EMU31,2950,1789817990,107.0,6.3429,100.3236,0.0
SCS22,2955,1789817990,64.0,5.8213,100.4783,0.0
ETS303,9530,1789817997,90.0,3.1288624,101.68197,0.0
ETS216,9214,1789817994,117.0,4.1585,101.1935,0.0
SCS38,2857,1789817997,48.0,5.1675,100.4797,0.0
SCS13,weekend_2368,1789817996,82.0,3.2081,101.6184,0.0
ETS303,9530,1789818117,90.0,3.1311843,101.6835,0.0
ETS301,9533,1789818117,90.0,2.4610987,102.36084,0.0
ETS306,9428,1789818117,90.0,5.3464365,100.46916,0.0
ETS302,9578,1789818117,90.0,2.4948883,102.44884,0.0
ETS307,9531,1789818117,90.0,1.732911,103.5138,0.0
ETS305,9532,1789818117,90.0,2.740132,101.87496,0.0
DMU13,39,1789818130,47.0,2.9069,102.3856,0.0
SCS08,weekend_2254,1789818143,33.0,3.1654,101.691,0.0
SCS21,weekend_2377,1789818138,31.0,3.3215,101.5739,0.0
ETS214,9136,1789818134,123.0,5.2616,100.4821,0.0
ETS215,9276,1789818134,134.0,4.8266,101.0541,0.0
EMU28,2838,1789818131,1.0,5.3663,100.4482,0.0
ETS302,9578,1789818117,90.0,2.4948883,102.44884,0.0
ETS301,9533,1789818117,90.0,2.4610987,102.36084,0.0
ETS307,9531,1789818117,90.0,1.732911,103.5138,0.0
ETS306,9428,1789818117,90.0,5.3464365,100.46916,0.0
ETS303,9530,1789818117,90.0,3.1311843,101.6835,0.0
ETS305,9532,1789818117,90.0,2.740132,101.87496,0.0
SCS26,weekend_2369,1789818160,18.0,3.0854,101.6618,0.0
ETS216,9214,1789818159,136.0,4.2036,101.1824,0.0
DMU10(D6120),60,1789818159,37.0,5.3905,102.0621,0.0
SCS07,weekend_2365,1789818156,15.0,3.0396,101.4537,0.0
EMU31,2950,1789818156,0.0,6.3705,100.3029,0.0
SCS23,2952,1789818155,24.0,5.9537,100.451,0.0
SCS22,2955,1789818155,118.0,5.776,100.4919,0.0
SCS19,weekend_2378,1789818153,35.0,3.0392,101.4304,0.0
EMU29,2842,1789818146,42.0,4.8974,100.7193,0.0
ETS207,9056,1789818146,65.0,3.2801,101.5653,0.0
ETS211,9135,1789818145,103.0,4.844,100.7287,0.0
EMU39,2957,1789818139,118.0,6.1969,100.3685,0.0
SCS27,weekend_2249,1789818121,40.0,2.9606,101.7926,0.0
SCS13,weekend_2368,1789818131,36.0,3.2022,101.5885,0.0
SCS09,weekend_2255,1789818138,59.0,3.0789,101.7145,0.0
SCS38,2857,1789818132,61.0,5.1329,100.4857,0.0
ETS301,9533,1789818238,90.0,2.462553,102.36946,0.0
ETS305,9532,1789818238,90.0,2.7427094,101.86582,0.0
ETS302,9578,1789818238,90.0,2.4768085,102.423546,0.0
ETS307,9531,1789818238,90.0,1.7078749,103.54172,0.0
ETS303,9530,1789818238,90.0,0.0027284583,0.0154984975,0.0
SCS22,2955,1789818200,116.0,5.7632,100.4972,0.0
SCS23,2952,1789818200,22.0,5.9565,100.4495,0.0
ETS215,9276,1789818164,128.0,4.8243,101.0439,0.0
ETS214,9136,1789818179,121.0,5.2759,100.4789,0.0
EMU39,2957,1789818169,93.0,6.1888,100.3713,0.0
EMU35,2851,1789818162,34.0,4.778,100.8584,0.0
SCS38,2857,1789818162,4.0,5.13,100.4864,0.0
EMU28,2838,1789818161,44.0,5.3667,100.4454,0.0
DMU09,38,1789818173,79.0,4.0792,102.2446,0.0
SCS13,weekend_2368,1789818161,39.0,3.2036,101.5853,0.0
ETS211,9135,1789818160,106.0,4.8399,100.7281,0.0
SCS09,weekend_2255,1789818153,39.0,3.0777,101.7129,0.0
DMU03,58,1789818169,67.0,5.5814,102.1849,0.0
ETS204,9352,1789818154,77.0,3.231,101.5592,0.0
ETS213,9233,1789818153,133.0,4.819,101.0712,0.0
SCS21,weekend_2377,1789818153,14.0,3.3205,101.5746,0.0
ETS306,9428,1789818238,90.0,5.3611984,100.46809,0.0
ETS306,9428,1789818238,90.0,5.3611984,100.46809,0.0
ETS303,9530,1789818238,90.0,0.0027284583,0.0154984975,0.0
ETS307,9531,1789818238,90.0,1.7078749,103.54172,0.0
ETS305,9532,1789818238,90.0,2.7427094,101.86582,0.0
ETS301,9533,1789818238,90.0,2.462553,102.36946,0.0
ETS302,9578,1789818238,90.0,2.4768085,102.423546,0.0
ETS205,9055,1789818334,113.0,4.111,101.2508,0.0
EMU29,2842,1789818326,111.0,4.9462,100.7224,0.0
ETS207,9056,1789818326,67.0,3.3077,101.575,0.0
EMU28,2838,1789818326,0.0,5.3643,100.4219,0.0
SCS26,weekend_2369,1789818325,76.0,3.0819,101.6496,0.0
DMU13,39,1789818325,49.0,2.8823,102.3806,0.0
DMU10(D6120),60,1789818324,29.0,5.39,102.0698,0.0
ETS216,9214,1789818324,117.0,4.2579,101.1721,0.0
DMU09,38,1789818323,56.0,4.0875,102.2198,0.0
SCS08,weekend_2254,1789818323,15.0,3.17,101.6855,0.0
SCS11,weekend_2259,1789818323,0.0,3.2384,101.6812,0.0
EMU31,2950,1789818321,114.0,6.3967,100.2834,0.0
SCS07,weekend_2365,1789818321,0.0,3.0378,101.455,0.0
SCS23,2952,1789818320,24.0,5.9644,100.445,0.0
SCS22,2955,1789818320,114.0,5.7296,100.5113,0.0
DMU03,58,1789818319,19.0,5.6005,102.1755,0.0
ETS213,9233,1789818318,135.0,4.7738,101.1064,0.0
SCS21,weekend_2377,1789818273,65.0,3.3139,101.575,0.0
SCS19,weekend_2378,1789818273,27.0,3.0438,101.4355,0.0
ETS207,9056,1789818386,29.0,3.3142,101.5749,0.0
ETS211,9135,1789818385,80.0,4.7894,100.7607,0.0
ETS216,9214,1789818384,99.0,4.2732,101.1684,0.0
EMU29,2842,1789818378,108.0,4.9609,100.7263,0.0
ETS303,9530,1789818359,90.0,0.0027284583,0.0154984975,0.0
EMU39,2957,1789818364,114.0,6.1609,100.3794,0.0
DMU10(D6120),60,1789818384,27.0,5.3902,102.074,0.0
DMU03,58,1789818364,34.0,5.6027,102.1743,0.0
ETS205,9055,1789818364,110.0,4.1074,101.2588,0.0
ETS204,9352,1789818364,32.0,3.2716,101.5609,0.0
SCS07,weekend_2365,1789818351,0.0,3.0378,101.455,0.0
EMU31,2950,1789818351,119.0,6.4042,100.2781,0.0
SCS22,2955,1789818350,116.0,5.7211,100.5144,0.0
SCS23,2952,1789818350,23.0,5.9664,100.4439,0.0
ETS213,9233,1789818363,135.0,4.7614,101.1156,0.0
SCS09,weekend_2255,1789818363,89.0,3.0631,101.7078,0.0
ETS302,9578,1789818359,90.0,2.4613264,102.38865,0.0
ETS301,9533,1789818359,90.0,2.4620106,102.37763,0.0
ETS305,9532,1789818359,90.0,2.7452698,101.85676,0.0
EMU28,2838,1789818356,0.0,5.3643,100.4219,0.0
ETS307,9531,1789818359,90.0,1.6838349,103.57388,0.0
ETS306,9428,1789818359,90.0,5.3775287,100.47001,0.0
SCS26,weekend_2369,1789818355,85.0,3.0828,101.643,0.0
ETS301,9533,1789818479,90.0,2.4632716,102.39752,0.0
ETS306,9428,1789818479,90.0,5.4184556,100.479095,0.0
ETS303,9530,1789818479,90.0,0.0027284583,0.0154984975,0.0
ETS302,9578,1789818479,90.0,2.459128,102.349266,0.0
ETS307,9531,1789818479,90.0,1.665042,103.598076,0.0
ETS305,9532,1789818479,90.0,2.7473989,101.84924,0.0
DMU10(D6120),60,1789818519,21.0,5.3778,102.0823,0.0
ETS216,9214,1789818519,123.0,4.3047,101.1509,0.0
SCS11,weekend_2259,1789818518,50.0,3.2173,101.6724,0.0
SCS07,weekend_2365,1789818516,0.0,3.0378,101.455,0.0
EMU31,2950,1789818516,0.0,6.4314,100.2685,0.0
SCS23,2952,1789818515,23.0,5.9736,100.4397,0.0
SCS22,2955,1789818515,115.0,5.6761,100.4958,0.0
DMU03,58,1789818514,66.0,5.6242,102.1648,0.0
ETS205,9055,1789818514,123.0,4.0672,101.2783,0.0
ETS204,9352,1789818514,0.0,3.2928,101.5735,0.0
ETS215,9276,1789818509,128.0,4.812,100.9509,0.0
ETS306,9428,1789818479,90.0,5.4184556,100.479095,0.0
ETS302,9578,1789818479,90.0,2.459128,102.349266,0.0
ETS305,9532,1789818479,90.0,2.7473989,101.84924,0.0
ETS307,9531,1789818479,90.0,1.665042,103.598076,0.0
ETS303,9530,1789818479,90.0,0.0027284583,0.0154984975,0.0
ETS301,9533,1789818479,90.0,2.4632716,102.39752,0.0
EMU23,2953,1789818541,22.0,5.3643,100.4219,0.0
ETS207,9056,1789818521,4.0,3.3192,101.5749,0.0
EMU28,2838,1789818521,95.0,5.3785,100.3905,0.0
SCS08,weekend_2254,1789818520,22.0,3.1802,101.6879,0.0
DMU09,38,1789818518,58.0,4.1076,102.1988,0.0
EMU31,2950,1789818516,0.0,6.4314,100.2685,0.0
ETS214,9136,1789818524,14.0,5.3559,100.4644,0.0
ETS303,9530,1789818600,90.0,0.0027284583,0.0154984975,0.0
ETS302,9578,1789818600,90.0,2.4544525,102.30902,0.0
ETS307,9531,1789818600,90.0,1.6637951,103.60116,0.0
ETS301,9533,1789818600,90.0,2.4738162,102.41699,0.0
ETS211,9135,1789818520,138.0,4.7776,100.7957,0.0
ETS306,9428,1789818600,90.0,5.4584594,100.495766,0.0
ETS305,9532,1789818600,90.0,2.7539048,101.82627,0.0
ETS216,9214,1789818549,129.0,4.3113,101.1429,0.0
SCS26,weekend_2369,1789818565,25.0,3.0846,101.6218,0.0
DMU13,39,1789818565,48.0,2.8528,102.3844,0.0
SCS11,weekend_2259,1789818563,0.0,3.2151,101.6723,0.0
SCS23,2952,1789818560,20.0,5.9762,100.4382,0.0
SCS22,2955,1789818560,108.0,5.6629,100.4935,0.0
DMU03,58,1789818559,70.0,5.6323,102.1622,0.0
ETS205,9055,1789818559,124.0,4.0532,101.2836,0.0
ETS204,9352,1789818559,60.0,3.3016,101.5739,0.0
ETS213,9233,1789818558,136.0,4.7001,101.1372,0.0
EMU35,2851,1789818555,69.0,4.7784,100.9346,0.0
SCS38,2857,1789818552,114.0,5.0449,100.5187,0.0
SCS07,weekend_2365,1789818531,0.0,3.0378,101.455,0.0
EMU39,2957,1789818529,63.0,6.1154,100.3708,0.0
DMU10(D6120),60,1789818549,18.0,5.3762,102.083,0.0
SCS19,weekend_2378,1789818528,12.0,3.0432,101.4501,0.0
EMU29,2842,1789818528,111.0,5.0042,100.7351,0.0
SCS21,weekend_2377,1789818528,65.0,3.2664,101.5591,0.0
ETS215,9276,1789818524,132.0,4.8075,100.9486,0.0
SCS13,weekend_2368,1789818521,33.0,3.2484,101.5573,0.0
ETS214,9136,1789818629,49.0,5.366,100.4492,0.0
ETS302,9578,1789818600,90.0,2.4544525,102.30902,0.0
ETS301,9533,1789818600,90.0,2.4738162,102.41699,0.0
ETS306,9428,1789818600,90.0,5.4584594,100.495766,0.0
ETS303,9530,1789818600,90.0,0.0027284583,0.0154984975,0.0
ETS307,9531,1789818600,90.0,1.6637951,103.60116,0.0
ETS305,9532,1789818600,90.0,2.7539048,101.82627,0.0
ETS214,9136,1789818659,0.0,5.3663,100.4473,0.0
ETS307,9531,1789818721,90.0,1.6442873,103.622826,0.0
ETS303,9530,1789818721,90.0,0.0027284583,0.0154984975,0.0
ETS306,9428,1789818721,90.0,5.4810214,100.498665,0.0
ETS305,9532,1789818721,90.0,2.7690427,101.80561,0.0
ETS302,9578,1789818720,90.0,2.4573777,102.271706,0.0
ETS301,9533,1789818720,90.0,2.4771028,102.424515,0.0
SCS38,2857,1789818687,0.0,5.0282,100.5276,0.0
EMU35,2851,1789818660,118.0,4.8047,100.9454,0.0
SCS13,weekend_2368,1789818686,0.0,3.2575,101.5546,0.0
DMU13,39,1789818685,33.0,2.8397,102.3888,0.0
ETS216,9214,1789818684,130.0,4.3491,101.1155,0.0
ETS205,9055,1789818664,111.0,4.02,101.2903,0.0
ETS204,9352,1789818664,0.0,3.3183,101.5739,0.0
SCS09,weekend_2255,1789818663,0.0,3.0239,101.7157,0.0
SCS21,weekend_2377,1789818663,4.0,3.2588,101.5551,0.0
SCS19,weekend_2378,1789818663,0.0,3.0431,101.4503,0.0
EMU31,2950,1789818636,118.0,6.4507,100.2619,0.0
SCS22,2955,1789818635,46.0,5.6443,100.4903,0.0
DMU03,58,1789818634,74.0,5.6459,102.1589,0.0
EMU39,2957,1789818634,50.0,6.1106,100.3686,0.0
EMU29,2842,1789818633,114.0,5.0286,100.7163,0.0
ETS213,9233,1789818633,131.0,4.6755,101.1378,0.0
ETS214,9136,1789818749,0.0,5.3663,100.4474,0.0
DMU10(D6120),60,1789818744,0.0,5.3719,102.0853,0.0
ETS216,9214,1789818744,0.0,4.3536,101.1126,0.0
DMU09,38,1789818743,72.0,4.1272,102.1989,0.0
EMU31,2950,1789818741,113.0,6.4814,100.2537,0.0
SCS27,weekend_2249,1789818736,65.0,2.899,101.7849,0.0
EMU23,2953,1789818736,94.0,5.3781,100.3912,0.0
ETS306,9428,1789818721,90.0,5.4810214,100.498665,0.0
ETS303,9530,1789818721,90.0,0.0027284583,0.0154984975,0.0
ETS307,9531,1789818721,90.0,1.6442873,103.622826,0.0
ETS305,9532,1789818721,90.0,2.7690427,101.80561,0.0
DMU03,58,1789818754,75.0,5.6693,102.157,0.0
SCS26,weekend_2369,1789818745,0.0,3.0831,101.6107,0.0
ETS301,9533,1789818720,90.0,2.4771028,102.424515,0.0
ETS302,9578,1789818720,90.0,2.4573777,102.271706,0.0
EMU35,2851,1789818735,116.0,4.8256,100.9517,0.0
SCS08,weekend_2254,1789818740,7.0,3.1986,101.6808,0.0
ETS204,9352,1789818739,70.0,3.3323,101.5699,0.0
SCS08,weekend_2254,1789818780,0.0,3.1987,101.6808,0.0
SCS26,weekend_2369,1789818775,2.0,3.0831,101.6107,0.0
DMU13,39,1789818775,44.0,2.8295,102.3924,0.0
ETS216,9214,1789818774,0.0,4.3536,101.1126,0.0
DMU10(D6120),60,1789818774,5.0,5.3718,102.0853,0.0
SCS11,weekend_2259,1789818773,53.0,3.2023,101.6779,0.0
EMU31,2950,1789818771,116.0,6.4902,100.2535,0.0
SCS07,weekend_2365,1789818771,23.0,3.0406,101.4529,0.0
SCS23,2952,1789818770,42.0,5.995,100.4276,0.0
EMU35,2851,1789818870,119.0,4.8441,100.9863,0.0
ETS216,9214,1789818864,130.0,4.4002,101.0804,0.0
DMU10(D6120),60,1789818864,15.0,5.3693,102.0868,0.0
ETS302,9578,1789818841,90.0,2.4605427,102.23261,0.0
ETS301,9533,1789818841,90.0,2.4964638,102.45108,0.0
ETS305,9532,1789818841,90.0,2.8040519,101.802925,0.0
ETS307,9531,1789818841,90.0,1.6159273,103.64897,0.0
ETS306,9428,1789818841,90.0,5.481317,100.498764,0.0
ETS303,9530,1789818841,90.0,0.0027284583,0.0154984975,0.0
ETS216,9214,1789818879,131.0,4.4047,101.0779,0.0
DMU03,58,1789818904,41.0,5.6981,102.1519,0.0
SCS21,weekend_2377,1789818873,105.0,3.2379,101.5602,0.0
EMU31,2950,1789818933,0.0,6.5233,100.2568,0.0
SCS09,weekend_2255,1789818933,36.0,3.0047,101.7292,0.0
SCS19,weekend_2378,1789818933,0.0,3.0431,101.4503,0.0
EMU23,2953,1789818931,16.0,5.3885,100.3721,0.0
SCS27,weekend_2249,1789818931,62.0,2.8751,101.8169,0.0
EMU35,2851,1789818930,115.0,4.8432,101.0043,0.0
SCS13,weekend_2368,1789818881,71.0,3.2844,101.5685,0.0
DMU09,38,1789818878,67.0,4.1489,102.1862,0.0
SCS11,weekend_2259,1789818878,35.0,3.1977,101.6818,0.0
SCS07,weekend_2365,1789818876,7.0,3.0432,101.4498,0.0
EMU39,2957,1789818874,119.0,6.05,100.3966,0.0
EMU29,2842,1789818873,114.0,5.0417,100.6483,0.0
ETS213,9233,1789818873,88.0,4.6119,101.0909,0.0
ETS204,9352,1789818904,92.0,3.361,101.5819,0.0
ETS205,9055,1789818904,87.0,4.0003,101.3058,0.0
SCS23,2952,1789818875,83.0,6.0129,100.4175,0.0
ETS211,9135,1789818895,91.0,4.7755,100.9167,0.0
ETS215,9276,1789818884,87.0,4.7762,100.9109,0.0
DMU10(D6120),60,1789818924,19.0,5.3657,102.0887,0.0
SCS23,2952,1789818965,69.0,6.0286,100.4087,0.0
ETS207,9056,1789818971,79.0,3.3463,101.5724,0.0
DMU13,39,1789818970,0.0,2.8168,102.3974,0.0
DMU10(D6120),60,1789818969,9.0,5.364,102.09,0.0
SCS07,weekend_2365,1789818966,22.0,3.0455,101.4457,0.0
SCS22,2955,1789818965,116.0,5.5813,100.4951,0.0
SCS08,weekend_2254,1789818960,71.0,3.2083,101.6728,0.0
SCS26,weekend_2369,1789818955,16.0,3.0841,101.5939,0.0
ETS303,9530,1789818962,90.0,0.0027284583,0.0154984975,0.0
ETS307,9531,1789818962,90.0,1.5823159,103.665184,0.0
ETS305,9532,1789818962,90.0,2.8143275,101.81461,0.0
DMU09,38,1789818953,64.0,4.1554,102.1745,0.0
ETS301,9533,1789818962,90.0,2.5127769,102.48884,0.0
ETS302,9578,1789818962,90.0,2.4607182,102.20346,0.0
ETS306,9428,1789818962,90.0,5.5108967,100.506645,0.0
ETS205,9055,1789818934,123.0,3.9922,101.3089,0.0
EMU31,2950,1789818933,0.0,6.5233,100.2568,0.0
SCS19,weekend_2378,1789818933,0.0,3.0431,101.4503,0.0
SCS09,weekend_2255,1789818933,36.0,3.0047,101.7292,0.0
ETS204,9352,1789818934,108.0,3.3623,101.5888,0.0
DMU03,58,1789818964,15.0,5.7023,102.1519,0.0
ETS213,9233,1789818933,65.0,4.6097,101.0793,0.0
EMU29,2842,1789818968,115.0,5.043,100.6202,0.0
SCS11,weekend_2259,1789818968,48.0,3.1882,101.6892,0.0
DMU03,58,1789819009,0.0,5.7029,102.1519,0.0
ETS216,9214,1789819014,112.0,4.4438,101.0565,0.0
SCS11,weekend_2259,1789819013,23.0,3.1833,101.6891,0.0
EMU29,2842,1789819013,117.0,5.044,100.6066,0.0
SCS23,2952,1789819010,30.0,6.0335,100.4059,0.0
SCS13,weekend_2368,1789819016,52.0,3.3017,101.5749,0.0
ETS207,9056,1789819016,96.0,3.3571,101.5714,0.0
ETS204,9352,1789819009,120.0,3.3718,101.6097,0.0
ETS211,9135,1789819015,0.0,4.7762,100.9322,0.0
SCS27,weekend_2249,1789819051,46.0,2.8585,101.8208,0.0
ETS303,9530,1789819082,90.0,0.0027284583,0.0154984975,0.0
ETS307,9531,1789819082,90.0,1.5651293,103.689285,0.0
ETS305,9532,1789819082,90.0,2.8259492,101.82658,0.0
ETS301,9533,1789819082,90.0,2.5479248,102.511566,0.0
ETS302,9578,1789819082,90.0,2.468,102.182816,0.0
ETS216,9214,1789819059,79.0,4.4549,101.0514,0.0
SCS07,weekend_2365,1789819056,24.0,3.0453,101.437,0.0
DMU03,58,1789819054,16.0,5.7043,102.1519,0.0
EMU23,2953,1789819111,0.0,5.3935,100.3666,0.0
ETS205,9055,1789819114,116.0,3.9438,101.3348,0.0
EMU35,2851,1789819110,117.0,4.8263,101.0521,0.0
ETS215,9276,1789819109,104.0,4.7715,100.8852,0.0
SCS26,weekend_2369,1789819108,19.0,3.0846,101.5874,0.0
SCS38,2857,1789819107,114.0,5.0426,100.6259,0.0
ETS211,9135,1789819105,97.0,4.7846,100.9355,0.0
EMU29,2842,1789819058,115.0,5.045,100.593,0.0
SCS11,weekend_2259,1789819058,0.0,3.1827,101.6889,0.0
SCS23,2952,1789819055,16.0,6.0354,100.4048,0.0
SCS19,weekend_2378,1789819113,0.0,3.0431,101.4503,0.0
ETS213,9233,1789819113,0.0,4.5982,101.0735,0.0
SCS21,weekend_2377,1789819113,0.0,3.2064,101.5796,0.0
ETS306,9428,1789819082,90.0,5.5527153,100.50028,0.0
DMU03,58,1789819144,65.0,5.7143,102.155,0.0
SCS27,weekend_2249,1789819141,24.0,2.8497,101.8233,0.0
SCS07,weekend_2365,1789819146,29.0,3.0405,101.4319,0.0
SCS08,weekend_2254,1789819140,34.0,3.2313,101.6754,0.0
SCS13,weekend_2368,1789819136,35.0,3.3168,101.5748,0.0
DMU09,38,1789819133,62.0,4.1738,102.1568,0.0
EMU39,2957,1789819150,81.0,5.9763,100.4383,0.0
SCS23,2952,1789819145,22.0,6.0409,100.4017,0.0
ETS204,9352,1789819144,23.0,3.4033,101.6283,0.0
DMU13,39,1789819135,11.0,2.8124,102.4025,0.0
ETS205,9055,1789819114,116.0,3.9438,101.3348,0.0
ETS207,9056,1789819166,97.0,3.368,101.6043,0.0
SCS19,weekend_2378,1789819113,0.0,3.0431,101.4503,0.0
EMU29,2842,1789819163,112.0,5.0315,100.5653,0.0
SCS26,weekend_2369,1789819168,30.0,3.0831,101.5835,0.0
SCS38,2857,1789819167,114.0,5.0415,100.6439,0.0
EMU39,2957,1789819210,0.0,5.9718,100.4408,0.0
SCS09,weekend_2255,1789819173,79.0,2.9948,101.7688,0.0
SCS21,weekend_2377,1789819173,32.0,3.2048,101.5835,0.0
SCS19,weekend_2378,1789819173,0.0,3.0431,101.4503,0.0
ETS213,9233,1789819173,0.0,4.598,101.0736,0.0
ETS216,9214,1789819209,46.0,4.4637,101.0473,0.0
SCS11,weekend_2259,1789819208,17.0,3.1759,101.6858,0.0
EMU29,2842,1789819208,114.0,5.0239,100.5541,0.0
SCS07,weekend_2365,1789819206,2.0,3.0398,101.4312,0.0
SCS22,2955,1789819205,114.0,5.5107,100.5057,0.0
SCS23,2952,1789819204,23.0,6.0447,100.3996,0.0
ETS302,9578,1789819203,90.0,2.5008626,102.176056,0.0
ETS306,9428,1789819203,90.0,5.5942197,100.49375,0.0
ETS303,9530,1789819203,90.0,0.0027284583,0.0154984975,0.0
ETS305,9532,1789819203,90.0,2.8326602,101.82834,0.0
ETS307,9531,1789819203,90.0,1.5416954,103.70525,0.0
ETS301,9533,1789819203,90.0,2.570529,102.5455,0.0
SCS23,2952,1789819249,23.0,6.0475,100.398,0.0
SCS08,weekend_2254,1789819300,0.0,3.2383,101.6812,0.0
SCS27,weekend_2249,1789819294,0.0,2.8407,101.8276,0.0
ETS213,9233,1789819293,16.0,4.5982,101.0735,0.0
SCS19,weekend_2378,1789819293,0.0,3.0431,101.4503,0.0
SCS21,weekend_2377,1789819293,96.0,3.1997,101.6049,0.0
EMU35,2851,1789819251,4.0,4.8187,101.0712,0.0
SCS07,weekend_2365,1789819251,32.0,3.0377,101.4289,0.0
ETS307,9531,1789819324,90.0,1.5362468,103.72518,0.0
ETS306,9428,1789819324,90.0,5.6345215,100.49022,0.0
ETS305,9532,1789819324,90.0,2.8336525,101.82853,0.0
ETS303,9530,1789819323,90.0,0.0027284583,0.0154984975,0.0
ETS301,9533,1789819323,90.0,2.5816226,102.573975,0.0
ETS302,9578,1789819323,90.0,2.5328543,102.15843,0.0
SCS23,2952,1789819294,24.0,6.0502,100.3964,0.0
SCS09,weekend_2255,1789819293,17.0,2.9887,101.7899,0.0
EMU31,2950,1789819293,115.0,6.6131,100.2642,0.0
SCS38,2857,1789819347,114.0,5.0383,100.6971,0.0
ETS211,9135,1789819345,134.0,4.8434,100.982,0.0
DMU10(D6120),60,1789819344,40.0,5.3426,102.1182,0.0
ETS216,9214,1789819344,121.0,4.4923,101.0441,0.0
SCS27,weekend_2249,1789819342,14.0,2.8365,101.828,0.0
ETS207,9056,1789819346,106.0,3.4057,101.6281,0.0
SCS22,2955,1789819295,73.0,5.4858,100.499,0.0
SCS08,weekend_2254,1789819300,0.0,3.2383,101.6812,0.0
DMU03,58,1789819294,69.0,5.7411,102.1599,0.0
ETS205,9055,1789819294,115.0,3.8989,101.3612,0.0
ETS204,9352,1789819294,112.0,3.4463,101.6385,0.0
ETS211,9135,1789819405,15.0,4.8439,101.0025,0.0
DMU10(D6120),60,1789819404,28.0,5.3369,102.1188,0.0
SCS27,weekend_2249,1789819387,22.0,2.834,101.8276,0.0
SCS07,weekend_2365,1789819386,52.0,3.0317,101.4224,0.0
SCS22,2955,1789819385,0.0,5.4816,100.4979,0.0
SCS19,weekend_2378,1789819383,35.0,3.0386,101.4544,0.0
SCS23,2952,1789819384,102.0,6.06,100.3909,0.0
SCS09,weekend_2255,1789819383,4.0,2.9836,101.7906,0.0
DMU03,58,1789819444,51.0,5.7628,102.1472,0.0
SCS08,weekend_2254,1789819440,0.0,3.2384,101.6813,0.0
ETS302,9578,1789819444,90.0,2.5574992,102.12882,0.0
ETS307,9531,1789819444,90.0,1.5365233,103.724556,0.0
ETS301,9533,1789819444,90.0,2.5750272,102.59734,0.0
ETS305,9532,1789819444,90.0,2.8342717,101.82862,0.0
ETS205,9055,1789819459,115.0,3.8595,101.3782,0.0
ETS204,9352,1789819459,0.0,3.4672,101.6368,0.0
SCS09,weekend_2255,1789819458,1.0,2.9839,101.7905,0.0
EMU31,2950,1789819458,105.0,6.6482,100.296,0.0
SCS19,weekend_2378,1789819458,79.0,3.0335,101.4656,0.0
SCS21,weekend_2377,1789819458,0.0,3.2087,101.6278,0.0
ETS214,9136,1789819454,0.0,5.393,100.367,0.0
SCS26,weekend_2369,1789819453,0.0,3.0756,101.559,0.0
DMU13,39,1789819450,0.0,2.8117,102.4037,0.0
ETS216,9214,1789819449,56.0,4.5183,101.0491,0.0
EMU29,2842,1789819448,91.0,5.0358,100.5235,0.0
ETS303,9530,1789819444,90.0,0.0027284583,0.0154984975,0.0
ETS306,9428,1789819444,90.0,5.641739,100.49086,0.0
SCS22,2955,1789819445,110.0,5.4717,100.496,0.0
SCS11,weekend_2259,1789819445,0.0,3.166,101.6904,0.0
ETS215,9276,1789819499,133.0,4.7761,100.8279,0.0
ETS211,9135,1789819495,138.0,4.8267,101.0295,0.0
SCS27,weekend_2249,1789819492,0.0,2.8299,101.8267,0.0
SCS22,2955,1789819490,115.0,5.4583,100.4948,0.0
SCS08,weekend_2254,1789819540,0.0,3.2384,101.6813,0.0
SCS26,weekend_2369,1789819498,20.0,3.0751,101.558,0.0
SCS38,2857,1789819497,115.0,5.0116,100.7317,0.0
DMU13,39,1789819495,0.0,2.8116,102.4037,0.0
ETS306,9428,1789819565,90.0,5.642397,100.49099,0.0
ETS307,9531,1789819565,90.0,1.5292392,103.73588,0.0
ETS305,9532,1789819565,90.0,2.8560216,101.82236,0.0
ETS302,9578,1789819564,90.0,2.5822506,102.102135,0.0
ETS303,9530,1789819564,90.0,3.127369,101.68084,0.0
ETS301,9533,1789819564,90.0,2.578952,102.614006,0.0
SCS11,weekend_2259,1789819535,48.0,3.1587,101.6932,0.0
ETS213,9233,1789819533,101.0,4.5487,101.0548,0.0
SCS21,weekend_2377,1789819533,38.0,3.2064,101.6338,0.0
SCS09,weekend_2255,1789819533,13.0,2.9867,101.7906,0.0
SCS08,weekend_2254,1789819540,0.0,3.2384,101.6813,0.0
ETS211,9135,1789819585,134.0,4.8248,101.0595,0.0
ETS216,9214,1789819584,49.0,4.5363,101.0524,0.0
SCS27,weekend_2249,1789819582,67.0,2.8247,101.8232,0.0
ETS207,9056,1789819541,42.0,3.4523,101.6399,0.0
EMU39,2957,1789819540,121.0,5.8965,100.4752,0.0
DMU10(D6120),60,1789819539,4.0,5.3295,102.1217,0.0
EMU29,2842,1789819538,113.0,5.059,100.5112,0.0
DMU03,58,1789819534,71.0,5.773,102.141,0.0
ETS204,9352,1789819534,0.0,3.4672,101.6368,0.0
ETS205,9055,1789819534,104.0,3.843,101.3921,0.0
ETS214,9136,1789819619,0.0,5.393,100.367,0.0
SCS38,2857,1789819647,117.0,4.968,100.7286,0.0
SCS13,weekend_2368,1789819646,29.0,3.3752,101.6135,0.0
ETS207,9056,1789819646,30.0,3.4649,101.6373,0.0
ETS211,9135,1789819645,131.0,4.8141,101.0775,0.0
DMU13,39,1789819645,0.0,2.8116,102.4034,0.0
ETS215,9276,1789819649,132.0,4.7831,100.7767,0.0
SCS23,2952,1789819624,0.0,6.1125,100.3694,0.0
DMU03,58,1789819624,69.0,5.7893,102.1446,0.0
EMU35,2851,1789819686,120.0,4.7141,101.1236,0.0
DMU03,58,1789819684,51.0,5.7997,102.1459,0.0
SCS19,weekend_2378,1789819653,56.0,3.0508,101.476,0.0
EMU29,2842,1789819695,109.0,5.1015,100.4922,0.0
EMU39,2957,1789819690,119.0,5.8498,100.4769,0.0
DMU10(D6120),60,1789819689,40.0,5.3198,102.1301,0.0
ETS306,9428,1789819685,90.0,5.6712174,100.49579,0.0
ETS303,9530,1789819685,90.0,3.115394,101.68071,0.0
ETS307,9531,1789819685,90.0,1.5012398,103.753334,0.0
ETS305,9532,1789819685,90.0,2.870805,101.81909,0.0
ETS301,9533,1789819685,90.0,2.5791907,102.61491,0.0
ETS302,9578,1789819685,90.0,2.6115947,102.08456,0.0
SCS27,weekend_2249,1789819687,84.0,2.8096,101.8065,0.0
SCS23,2952,1789819684,14.0,6.1128,100.3695,0.0
SCS22,2955,1789819685,116.0,5.4045,100.4727,0.0
SCS08,weekend_2254,1789819680,0.0,3.2384,101.6813,0.0
DMU09,38,1789819688,75.0,4.1786,102.0744,0.0
SCS26,weekend_2369,1789819738,58.0,3.058,101.5297,0.0
DMU09,38,1789819733,64.0,4.1781,102.0658,0.0
SCS19,weekend_2378,1789819728,30.0,3.0525,101.4875,0.0
ETS215,9276,1789819784,69.0,4.8015,100.7459,0.0
SCS08,weekend_2254,1789819780,0.0,3.2384,101.6812,0.0
EMU39,2957,1789819771,60.0,5.8285,100.4776,0.0
EMU29,2842,1789819770,95.0,5.1227,100.4878,0.0
ETS204,9352,1789819729,9.0,3.5167,101.6295,0.0
SCS21,weekend_2377,1789819728,75.0,3.1945,101.6496,0.0
SCS09,weekend_2255,1789819728,13.0,2.9844,101.7907,0.0
EMU39,2957,1789819816,0.0,5.8243,100.478,0.0
ETS306,9428,1789819806,90.0,5.7102923,100.51325,0.0
ETS303,9530,1789819806,90.0,3.102919,101.699936,0.0
ETS307,9531,1789819806,90.0,1.4744767,103.75785,0.0
ETS305,9532,1789819806,90.0,2.8853805,101.80271,0.0
ETS301,9533,1789819806,90.0,2.583109,102.63704,0.0
ETS302,9578,1789819806,90.0,2.633713,102.0599,0.0
SCS11,weekend_2259,1789819775,21.0,3.1446,101.693,0.0
DMU03,58,1789819774,0.0,5.8063,102.1468,0.0
EMU31,2959,1789819773,1.0,6.6622,100.3194,0.0
SCS08,weekend_2254,1789819780,0.0,3.2384,101.6812,0.0
SCS09,weekend_2255,1789819833,0.0,2.9837,101.7905,0.0
SCS19,weekend_2378,1789819833,0.0,3.0524,101.4924,0.0
EMU29,2842,1789819830,0.0,5.1307,100.4862,0.0
ETS204,9352,1789819774,22.0,3.5239,101.6297,0.0
ETS214,9136,1789819874,0.0,5.3935,100.3664,0.0
SCS23,2952,1789819864,114.0,6.1605,100.3793,0.0
ETS207,9056,1789819871,0.0,3.5005,101.6339,0.0
SCS13,weekend_2368,1789819871,99.0,3.4144,101.6267,0.0
ETS211,9135,1789819870,137.0,4.748,101.1209,0.0
DMU13,39,1789819870,0.0,2.8115,102.4035,0.0
SCS22,2955,1789819865,39.0,5.3582,100.4666,0.0
EMU31,2959,1789819833,0.0,6.6622,100.3194,0.0
SCS13,weekend_2368,1789819916,102.0,3.4252,101.6267,0.0
ETS216,9214,1789819914,50.0,4.5955,101.0721,0.0
DMU09,38,1789819913,0.0,4.1872,102.053,0.0
SCS27,weekend_2249,1789819912,99.0,2.7814,101.8004,0.0
SCS11,weekend_2259,1789819910,0.0,3.1402,101.6942,0.0
SCS23,2952,1789819909,111.0,6.174,100.3784,0.0
SCS22,2955,1789819955,42.0,5.3629,100.4592,0.0
EMU39,2957,1789819951,94.0,5.8072,100.4802,0.0
EMU29,2842,1789819950,116.0,5.1483,100.4825,0.0
SCS08,weekend_2254,1789819940,0.0,3.2384,101.6812,0.0
ETS215,9276,1789819919,116.0,4.8286,100.7349,0.0
SCS26,weekend_2369,1789819918,71.0,3.0531,101.5142,0.0
EMU28,2861,1789819916,8.0,5.3929,100.3672,0.0
ETS305,9532,1789819927,90.0,2.9037118,101.78757,0.0
ETS301,9533,1789819927,90.0,2.5836663,102.67405,0.0
ETS307,9531,1789819927,90.0,1.465047,103.765076,0.0
ETS302,9578,1789819927,90.0,2.6448703,102.03301,0.0
ETS306,9428,1789819927,90.0,5.750322,100.503654,0.0
ETS303,9530,1789819927,90.0,3.0937304,101.710754,0.0
EMU28,2861,1789819961,10.0,5.3917,100.3689,0.0
ETS207,9056,1789819961,92.0,3.5268,101.6298,0.0
SCS08,weekend_2254,1789819960,0.0,3.2384,101.6812,0.0
ETS211,9135,1789819960,126.0,4.7166,101.1229,0.0
ETS216,9214,1789819959,0.0,4.5986,101.0737,0.0
DMU09,38,1789819958,0.0,4.1871,102.053,0.0
SCS11,weekend_2259,1789819955,12.0,3.1388,101.6936,0.0
ETS204,9352,1789819954,107.0,3.5629,101.6282,0.0
DMU03,58,1789819954,13.0,5.8034,102.1464,0.0
SCS09,weekend_2255,1789819998,0.0,2.9838,101.7905,0.0
EMU31,2959,1789819998,0.0,6.6622,100.3194,0.0
ETS215,9276,1789819964,88.0,4.8381,100.7278,0.0
SCS13,weekend_2368,1789819961,116.0,3.4357,101.635,0.0
DMU13,39,1789819960,71.0,2.804,102.4127,0.0
ETS301,9533,1789820047,90.0,2.5788608,102.7161,0.0
ETS306,9428,1789820047,90.0,5.7890363,100.486275,0.0
ETS303,9530,1789820047,90.0,3.0778944,101.71495,0.0
ETS305,9532,1789820047,90.0,2.9069865,101.79467,0.0
ETS307,9531,1789820047,90.0,1.46385,103.76588,0.0
SCS09,weekend_2255,1789820043,0.0,2.9838,101.7905,0.0
SCS19,weekend_2378,1789820043,8.0,3.0525,101.489,0.0
EMU39,2957,1789820026,114.0,5.7878,100.4866,0.0
SCS21,weekend_2377,1789820073,67.0,3.174,101.6831,0.0
EMU29,2842,1789820055,4.0,5.1697,100.4797,0.0
ETS215,9276,1789820054,28.0,4.8531,100.732,0.0
SCS13,weekend_2368,1789820051,88.0,3.4604,101.6382,0.0
ETS302,9578,1789820047,90.0,2.6542916,102.0089,0.0
SCS38,2857,1789820052,115.0,4.8816,100.7211,0.0
SCS11,weekend_2259,1789820045,30.0,3.1356,101.6892,0.0
ETS204,9352,1789820044,0.0,3.5751,101.6139,0.0
EMU31,2959,1789820043,0.0,6.6622,100.3194,0.0
ETS216,9214,1789820079,0.0,4.5986,101.0737,0.0
EMU35,2851,1789820079,88.0,4.6176,101.094,0.0
DMU10(D6120),60,1789820079,39.0,5.3068,102.148,0.0
DMU09,38,1789820078,0.0,4.1872,102.053,0.0
SCS22,2955,1789820075,0.0,5.3664,100.4472,0.0
SCS11,weekend_2259,1789820090,0.0,3.1349,101.6877,0.0
SCS23,2952,1789820089,116.0,6.1983,100.3681,0.0
DMU03,58,1789820089,12.0,5.8053,102.1466,0.0
ETS204,9352,1789820089,2.0,3.5757,101.6137,0.0
ETS213,9233,1789820088,4.0,4.4701,101.0435,0.0
ETS215,9276,1789820084,0.0,4.8531,100.732,0.0
SCS26,weekend_2369,1789820083,0.0,3.0519,101.5007,0.0
ETS212,9138,1789820083,0.0,3.1452,101.6934,0.0
SCS38,2857,1789820082,114.0,4.8732,100.7245,0.0
ETS207,9056,1789820081,80.0,3.5544,101.6395,0.0
EMU28,2861,1789820081,22.0,5.3875,100.3732,0.0
SCS13,weekend_2368,1789820081,51.0,3.4659,101.6374,0.0
DMU13,39,1789820080,71.0,2.7904,102.4317,0.0
SCS08,weekend_2254,1789820080,0.0,3.2384,101.6812,0.0
EMU29,2842,1789820085,0.0,5.1698,100.4797,0.0
SCS21,weekend_2377,1789820088,66.0,3.1718,101.6847,0.0
SCS27,weekend_2249,1789820077,33.0,2.7553,101.822,0.0
ETS211,9135,1789820080,142.0,4.6805,101.1407,0.0
DMU03,58,1789820134,0.0,5.8061,102.1467,0.0
ETS204,9352,1789820134,56.0,3.5814,101.6132,0.0
EMU31,2959,1789820133,33.0,6.6583,100.3143,0.0
SCS09,weekend_2255,1789820133,0.0,2.9838,101.7905,0.0
ETS213,9233,1789820133,3.0,4.4693,101.044,0.0
SCS19,weekend_2378,1789820133,0.0,3.0525,101.4885,0.0
SCS21,weekend_2377,1789820133,40.0,3.1674,101.6885,0.0
ETS301,9533,1789820168,90.0,2.5577219,102.750984,0.0
ETS307,9531,1789820168,90.0,1.463221,103.76568,0.0
ETS305,9532,1789820168,90.0,2.9304261,101.79537,0.0
ETS303,9530,1789820168,90.0,3.0760555,101.71235,0.0
ETS302,9578,1789820168,90.0,2.6639683,101.993805,0.0
ETS306,9428,1789820168,90.0,5.8307633,100.478195,0.0
EMU35,2851,1789820169,79.0,4.609,101.0785,0.0
DMU09,38,1789820168,10.0,4.1855,102.0548,0.0
SCS27,weekend_2249,1789820167,11.0,2.7539,101.827,0.0
SCS22,2955,1789820165,97.0,5.366,100.4392,0.0
SCS11,weekend_2259,1789820135,0.0,3.1349,101.6877,0.0
SCS19,weekend_2378,1789820253,20.0,3.0524,101.4906,0.0
EMU39,2957,1789820251,120.0,5.7231,100.5138,0.0
DMU13,39,1789820245,73.0,2.7767,102.4602,0.0
DMU10(D6120),60,1789820229,0.0,5.308,102.1571,0.0
EMU29,2842,1789820250,110.0,5.2059,100.4878,0.0
ETS215,9276,1789820249,76.0,4.8619,100.7323,0.0
ETS212,9138,1789820248,0.0,3.1452,101.6934,0.0
SCS26,weekend_2369,1789820248,0.0,3.0519,101.5007,0.0
SCS38,2857,1789820247,2.0,4.8524,100.7316,0.0
EMU28,2861,1789820246,95.0,5.3718,100.4032,0.0
ETS207,9056,1789820246,41.0,3.5661,101.6219,0.0
SCS11,weekend_2259,1789820240,0.0,3.1349,101.6877,0.0
ETS204,9352,1789820239,85.0,3.5983,101.6018,0.0
SCS22,2955,1789820225,74.0,5.3631,100.425,0.0
SCS23,2952,1789820224,114.0,6.2381,100.36,0.0
DMU03,58,1789820239,0.0,5.8063,102.1467,0.0
ETS212,9138,1789820263,0.0,3.1452,101.6934,0.0
SCS26,weekend_2369,1789820263,0.0,3.0519,101.5007,0.0
SCS38,2857,1789820262,32.0,4.8517,100.7311,0.0
ETS207,9056,1789820261,37.0,3.567,101.6201,0.0
ETS303,9530,1789820288,90.0,3.0571253,101.70814,0.0
ETS306,9428,1789820288,90.0,5.873365,100.47777,0.0
ETS301,9533,1789820288,90.0,2.533548,102.78068,0.0
EMU28,2861,1789820261,95.0,5.3702,100.4067,0.0
ETS305,9532,1789820288,90.0,2.9518538,101.79156,0.0
ETS302,9578,1789820288,90.0,2.6761096,101.98175,0.0
SCS08,weekend_2254,1789820260,0.0,3.2384,101.6812,0.0
ETS216,9214,1789820259,84.0,4.6151,101.0926,0.0
SCS22,2955,1789820255,26.0,5.3645,100.4213,0.0
SCS23,2952,1789820254,111.0,6.2468,100.3582,0.0
SCS21,weekend_2377,1789820253,59.0,3.1611,101.6923,0.0
EMU35,2851,1789820259,0.0,4.5978,101.0734,0.0
DMU10(D6120),60,1789820259,12.0,5.3082,102.1574,0.0
DMU09,38,1789820258,0.0,4.1848,102.0558,0.0
SCS27,weekend_2249,1789820257,0.0,2.7539,101.8272,0.0
ETS204,9352,1789820314,103.0,3.6096,101.5863,0.0
DMU03,58,1789820314,0.0,5.8063,102.1467,0.0
ETS205,9055,1789820314,114.0,3.7179,101.4725,0.0
ETS213,9233,1789820313,0.0,4.4606,101.049,0.0
SCS11,weekend_2259,1789820300,21.0,3.1298,101.6814,0.0
EMU31,2959,1789820268,83.0,6.6484,100.2966,0.0
SCS19,weekend_2378,1789820268,19.0,3.0524,101.4915,0.0
SCS09,weekend_2255,1789820268,0.0,2.9838,101.7905,0.0
DMU03,58,1789820314,0.0,5.8063,102.1467,0.0
ETS205,9055,1789820314,114.0,3.7179,101.4725,0.0
ETS204,9352,1789820314,103.0,3.6096,101.5863,0.0
SCS19,weekend_2378,1789820313,0.0,3.0524,101.4923,0.0
ETS213,9233,1789820313,0.0,4.4606,101.049,0.0
SCS21,weekend_2377,1789820313,0.0,3.1548,101.6933,0.0
ETS302,9578,1789820409,90.0,2.6894543,101.972916,0.0
ETS305,9532,1789820409,90.0,2.9738953,101.791435,0.0
ETS306,9428,1789820409,90.0,5.9143925,100.4688,0.0
ETS303,9530,1789820409,90.0,3.0328403,101.7096,0.0
ETS215,9276,1789820429,138.0,4.9147,100.7175,0.0
SCS08,weekend_2254,1789820420,0.0,3.2385,101.6813,0.0
SCS13,weekend_2368,1789820411,92.0,3.5106,101.6326,0.0
EMU35,2851,1789820409,0.0,4.5953,101.0721,0.0
SCS22,2955,1789820405,80.0,5.3685,100.4111,0.0
DMU13,39,1789820395,74.0,2.7511,102.4727,0.0
SCS27,weekend_2249,1789820422,0.0,2.7539,101.8272,0.0
SCS11,weekend_2259,1789820420,27.0,3.123,101.6781,0.0
DMU03,58,1789820419,0.0,5.8062,102.1467,0.0
ETS211,9135,1789820425,48.0,4.6096,101.0794,0.0
ETS301,9533,1789820409,90.0,2.5141895,102.809166,0.0
SCS19,weekend_2378,1789820433,0.0,3.0524,101.4923,0.0
EMU39,2957,1789820431,118.0,5.6715,100.495,0.0
EMU29,2842,1789820430,109.0,5.2577,100.4831,0.0
SCS11,weekend_2259,1789820450,22.0,3.1208,101.6786,0.0
SCS23,2952,1789820449,114.0,6.3041,100.3465,0.0
SCS21,weekend_2377,1789820448,22.0,3.1455,101.6921,0.0
ETS213,9233,1789820448,0.0,4.4604,101.0495,0.0
EMU31,2959,1789820448,83.0,6.6306,100.2722,0.0
SCS09,weekend_2255,1789820448,0.0,2.9838,101.7905,0.0
EMU28,2861,1789820441,75.0,5.3623,100.4289,0.0
SCS08,weekend_2254,1789820440,0.0,3.2385,101.6813,0.0
SCS26,weekend_2369,1789820488,34.0,3.0522,101.4983,0.0
SCS38,2857,1789820487,70.0,4.7995,100.748,0.0
SCS19,weekend_2378,1789820463,0.0,3.0524,101.4923,0.0
ETS207,9056,1789820486,89.0,3.6056,101.5891,0.0
SCS13,weekend_2368,1789820486,96.0,3.5284,101.6302,0.0
ETS211,9135,1789820485,32.0,4.6052,101.0759,0.0
DMU13,39,1789820485,75.0,2.7367,102.4828,0.0
ETS216,9214,1789820484,124.0,4.6734,101.1357,0.0
EMU39,2957,1789820475,111.0,5.6584,100.4927,0.0
ETS204,9352,1789820464,115.0,3.6432,101.5559,0.0
DMU03,58,1789820464,0.0,5.8062,102.1467,0.0
ETS205,9055,1789820464,0.0,3.6974,101.5051,0.0
DMU09,38,1789820453,0.0,4.1862,102.0542,0.0
SCS27,weekend_2249,1789820452,0.0,2.7539,101.8272,0.0
SCS22,2955,1789820450,99.0,5.3731,100.4008,0.0
DMU09,38,1789820543,0.0,4.1862,102.0543,0.0
SCS27,weekend_2249,1789820542,0.0,2.7539,101.8272,0.0
SCS11,weekend_2259,1789820540,0.0,3.1193,101.6788,0.0
ETS215,9276,1789820534,126.0,4.95,100.7232,0.0
ETS303,9530,1789820530,90.0,3.0248623,101.7159,0.0
ETS305,9532,1789820530,90.0,2.9800189,101.79158,0.0
ETS306,9428,1789820530,90.0,5.9533677,100.45154,0.0
ETS301,9533,1789820530,90.0,2.50716,102.81402,0.0
ETS302,9578,1789820530,90.0,2.704676,101.95446,0.0
ETS213,9233,1789820493,43.0,4.4547,101.0517,0.0
SCS19,weekend_2378,1789820493,0.0,3.0524,101.4923,0.0
SCS21,weekend_2377,1789820493,20.0,3.1432,101.694,0.0
SCS09,weekend_2255,1789820493,0.0,2.9838,101.7905,0.0
DMU03,58,1789820539,0.0,5.8062,102.1467,0.0
ETS205,9055,1789820539,0.0,3.6886,101.5145,0.0
ETS215,9276,1789820624,133.0,4.9782,100.7321,0.0
SCS26,weekend_2369,1789820623,20.0,3.0524,101.4911,0.0
ETS212,9138,1789820623,0.0,3.1452,101.6934,0.0
SCS38,2857,1789820622,84.0,4.7852,100.7704,0.0
SCS13,weekend_2368,1789820621,0.0,3.5527,101.6395,0.0
EMU28,2861,1789820621,0.0,5.3663,100.4479,0.0
DMU13,39,1789820620,69.0,2.7156,102.4977,0.0
DMU03,58,1789820584,0.0,5.8062,102.1467,0.0
ETS204,9352,1789820584,106.0,3.6699,101.5318,0.0
ETS213,9233,1789820583,36.0,4.4446,101.0562,0.0
ETS216,9214,1789820619,129.0,4.7123,101.1246,0.0
EMU29,2842,1789820580,0.0,5.2864,100.4809,0.0
SCS11,weekend_2259,1789820585,0.0,3.1192,101.6789,0.0
SCS23,2952,1789820584,114.0,6.3387,100.3267,0.0
ETS216,9214,1789820619,129.0,4.7123,101.1246,0.0
SCS11,weekend_2259,1789820675,0.0,3.1192,101.6789,0.0
SCS23,2952,1789820659,114.0,6.3568,100.3132,0.0
ETS302,9578,1789820651,90.0,2.711119,101.95144,0.0
ETS301,9533,1789820651,90.0,2.502603,102.82033,0.0
ETS305,9532,1789820651,90.0,2.9827702,101.791565,0.0
ETS303,9530,1789820651,90.0,3.0222917,101.71719,0.0
ETS306,9428,1789820651,90.0,5.990709,100.43048,0.0
DMU03,58,1789820659,0.0,5.8062,102.1467,0.0
SCS21,weekend_2377,1789820658,17.0,3.1371,101.6919,0.0
SCS19,weekend_2378,1789820658,5.0,3.0523,101.4952,0.0
ETS213,9233,1789820658,105.0,4.4315,101.063,0.0
SCS22,2955,1789820630,2.0,5.3877,100.3729,0.0
ETS207,9056,1789820621,115.0,3.632,101.5628,0.0
SCS09,weekend_2255,1789820628,62.0,2.9761,101.7904,0.0
ETS205,9055,1789820614,0.0,3.6886,101.5145,0.0
EMU31,2959,1789820658,111.0,6.5738,100.2599,0.0
ETS204,9352,1789820629,87.0,3.6791,101.5245,0.0
SCS26,weekend_2369,1789820623,20.0,3.0524,101.4911,0.0
ETS212,9138,1789820623,0.0,3.1452,101.6934,0.0
SCS38,2857,1789820622,84.0,4.7852,100.7704,0.0
EMU28,2861,1789820621,0.0,5.3663,100.4479,0.0
SCS22,2955,1789820720,18.0,5.3915,100.3688,0.0
SCS19,weekend_2378,1789820673,0.0,3.0523,101.4955,0.0
ETS213,9233,1789820673,120.0,4.4276,101.0651,0.0
SCS11,weekend_2259,1789820675,0.0,3.1192,101.6789,0.0
EMU39,2957,1789820760,120.0,5.6105,100.4962,0.0
SCS38,2857,1789820757,0.0,4.7766,100.799,0.0
DMU03,58,1789820764,0.0,5.8062,102.1467,0.0
SCS13,weekend_2368,1789820801,99.0,3.5713,101.6161,0.0
EMU28,2861,1789820801,114.0,5.3463,100.4687,0.0
ETS303,9530,1789820771,90.0,3.0222383,101.717094,0.0
EMU29,2842,1789820801,106.0,5.3289,100.47,0.0
ETS306,9428,1789820771,90.0,6.0267706,100.410126,0.0
ETS305,9532,1789820771,90.0,2.990286,101.78763,0.0
ETS301,9533,1789820771,90.0,2.4884048,102.85177,0.0
ETS302,9578,1789820771,90.0,2.711113,101.95145,0.0
ETS207,9056,1789820801,46.0,3.6653,101.5346,0.0
ETS211,9135,1789820800,4.0,4.597,101.0729,0.0
SCS27,weekend_2249,1789820767,0.0,2.7539,101.8272,0.0
SCS11,weekend_2259,1789820765,54.0,3.1145,101.6806,0.0
ETS204,9352,1789820764,0.0,3.6834,101.5198,0.0
SCS19,weekend_2378,1789820763,0.0,3.0523,101.4955,0.0
EMU31,2959,1789820763,101.0,6.5436,100.2601,0.0
ETS215,9276,1789820804,131.0,5.0322,100.7122,0.0
SCS38,2857,1789820802,0.0,4.7766,100.799,0.0
SCS11,weekend_2259,1789820840,52.0,3.1115,101.689,0.0
ETS205,9055,1789820839,112.0,3.6481,101.5512,0.0
DMU03,58,1789820839,0.0,5.8062,102.1468,0.0
SCS19,weekend_2378,1789820838,51.0,3.0519,101.5006,0.0
SCS21,weekend_2377,1789820838,0.0,3.1357,101.6886,0.0
ETS207,9056,1789820801,46.0,3.6653,101.5346,0.0
SCS09,weekend_2255,1789820838,85.0,2.9485,101.7885,0.0
ETS213,9233,1789820838,133.0,4.3793,101.0932,0.0
EMU39,2957,1789820835,118.0,5.5874,100.4941,0.0
SCS08,weekend_2254,1789820820,0.0,3.2385,101.6812,0.0
SCS32,weekend_2385,1789820820,33.0,3.6829,101.5203,0.0
ETS212,9138,1789820818,11.0,3.1727,101.6839,0.0
ETS204,9352,1789820809,0.0,3.6834,101.5198,0.0
EMU31,2959,1789820793,96.0,6.5359,100.259,0.0
SCS27,weekend_2249,1789820902,0.0,2.7539,101.8272,0.0
SCS23,2952,1789820899,114.0,6.39,100.2884,0.0
EMU31,2959,1789820853,41.0,6.5249,100.2571,0.0
ETS305,9532,1789820892,90.0,2.9901931,101.7619,0.0
ETS301,9533,1789820892,90.0,2.485869,102.8912,0.0
ETS303,9530,1789820892,90.0,3.0216813,101.71761,0.0
ETS306,9428,1789820892,90.0,6.0374203,100.40409,0.0
ETS302,9578,1789820892,90.0,2.714643,101.946754,0.0
SCS32,weekend_2385,1789820910,25.0,3.6756,101.5277,0.0
ETS215,9276,1789820909,123.0,5.0393,100.6782,0.0
ETS212,9138,1789820908,0.0,3.1781,101.6787,0.0
SCS26,weekend_2369,1789820908,3.0,3.0355,101.4699,0.0
SCS38,2857,1789820907,93.0,4.7791,100.8525,0.0
ETS207,9056,1789820906,17.0,3.6761,101.5272,0.0
SCS13,weekend_2368,1789820906,90.0,3.5964,101.6034,0.0
DMU13,39,1789820905,74.0,2.6905,102.5204,0.0
SCS19,weekend_2378,1789820853,59.0,3.0515,101.5029,0.0
SCS32,weekend_2385,1789820985,56.0,3.6721,101.5302,0.0
ETS215,9276,1789820984,134.0,5.0409,100.6527,0.0
SCS26,weekend_2369,1789820983,70.0,3.0346,101.46,0.0
SCS38,2857,1789820982,0.0,4.778,100.8582,0.0
SCS13,weekend_2368,1789820981,109.0,3.6075,101.5878,0.0
ETS207,9056,1789820981,4.0,3.6766,101.5267,0.0
ETS211,9135,1789820980,80.0,4.5814,101.0678,0.0
DMU13,39,1789820980,16.0,2.6846,102.5276,0.0
EMU39,2957,1789820970,119.0,5.5457,100.5011,0.0
SCS09,weekend_2255,1789820943,13.0,2.9398,101.7878,0.0
SCS21,weekend_2377,1789820943,0.0,3.1357,101.6886,0.0
ETS302,9578,1789821012,90.0,2.7182112,101.94147,0.0
ETS213,9233,1789821018,129.0,4.3303,101.129,0.0
ETS205,9055,1789820989,107.0,3.6153,101.58,0.0
EMU39,2957,1789821015,118.0,5.5321,100.5049,0.0
EMU31,2959,1789820997,90.0,6.5056,100.2538,0.0
SCS19,weekend_2378,1789821018,35.0,3.0571,101.5255,0.0
SCS21,weekend_2377,1789820988,25.0,3.1311,101.6824,0.0
SCS11,weekend_2259,1789820975,32.0,3.1006,101.7025,0.0
DMU03,58,1789820974,0.0,5.8062,102.1468,0.0
ETS305,9532,1789821012,90.0,3.0017743,101.735794,0.0
ETS303,9530,1789821012,90.0,3.0216823,101.717606,0.0
ETS306,9428,1789821012,90.0,6.045682,100.399414,0.0
ETS301,9533,1789821012,90.0,2.471173,102.92855,0.0
SCS13,weekend_2368,1789821026,114.0,3.6167,101.5782,0.0
DMU13,39,1789821025,37.0,2.6836,102.5303,0.0
SCS27,weekend_2249,1789821022,0.0,2.7539,101.8272,0.0
SCS08,weekend_2254,1789821020,0.0,3.2385,101.6812,0.0
SCS23,2952,1789821019,111.0,6.4218,100.2718,0.0
ETS204,9352,1789821019,108.0,3.6923,101.5101,0.0
SCS09,weekend_2255,1789821018,81.0,2.9291,101.794,0.0
DMU10(D6120),60,1789821084,24.0,5.3353,102.2129,0.0
ETS204,9352,1789821079,113.0,3.7048,101.4969,0.0
SCS27,weekend_2249,1789821052,0.0,2.7539,101.8272,0.0
SCS19,weekend_2378,1789821033,59.0,3.0575,101.5276,0.0
DMU03,58,1789821079,0.0,5.8062,102.1468,0.0
EMU28,2861,1789821032,0.0,5.2876,100.4814,0.0
SCS23,2952,1789821079,17.0,6.4312,100.2685,0.0
SCS23,2952,1789821124,0.0,6.4314,100.2684,0.0
ETS205,9055,1789821124,101.0,3.5922,101.6065,0.0
SCS19,weekend_2378,1789821123,79.0,3.0632,101.5454,0.0
EMU28,2861,1789821122,43.0,5.2843,100.4801,0.0
EMU39,2957,1789821120,112.0,5.5005,100.503,0.0
ETS215,9276,1789821164,131.0,5.045,100.5928,0.0
SCS26,weekend_2369,1789821163,0.0,3.0432,101.4503,0.0
ETS212,9138,1789821163,0.0,3.1781,101.6787,0.0
SCS38,2857,1789821162,100.0,4.7733,100.8983,0.0
EMU31,2959,1789821162,100.0,6.4603,100.2585,0.0
SCS13,weekend_2368,1789821161,114.0,3.6471,101.5522,0.0
ETS207,9056,1789821161,0.0,3.6841,101.5192,0.0
DMU13,39,1789821160,74.0,2.6713,102.5511,0.0
SCS27,weekend_2249,1789821157,0.0,2.7539,101.8272,0.0
ETS211,9135,1789821145,30.0,4.5408,101.0534,0.0
ETS301,9533,1789821133,90.0,2.459518,102.96637,0.0
ETS305,9532,1789821133,90.0,3.0098984,101.7264,0.0
ETS303,9530,1789821133,90.0,3.0222628,101.71712,0.0
ETS306,9428,1789821133,90.0,6.054761,100.39429,0.0
ETS302,9578,1789821133,90.0,2.7182171,101.94147,0.0
ETS204,9352,1789821124,116.0,3.7121,101.4854,0.0
DMU03,58,1789821124,0.0,5.8062,102.1468,0.0
SCS27,weekend_2249,1789821157,0.0,2.7539,101.8272,0.0
ETS205,9055,1789821199,0.0,3.5752,101.6139,0.0
ETS213,9233,1789821198,5.0,4.3031,101.1531,0.0
EMU28,2861,1789821197,121.0,5.266,100.4813,0.0
ETS204,9352,1789821214,107.0,3.726,101.4625,0.0
SCS19,weekend_2378,1789821198,33.0,3.0735,101.5548,0.0
ETS215,9276,1789821209,133.0,5.0405,100.5785,0.0
EMU39,2957,1789821164,88.0,5.4886,100.4998,0.0
DMU10(D6120),60,1789821204,65.0,5.3469,102.2229,0.0
SCS21,weekend_2377,1789821201,0.0,3.1198,101.6739,0.0
SCS08,weekend_2254,1789821200,0.0,3.2385,101.6812,0.0
DMU03,58,1789821199,0.0,5.8062,102.1467,0.0
SCS23,2952,1789821199,110.0,6.4419,100.2649,0.0
SCS11,weekend_2259,1789821155,0.0,3.0986,101.7051,0.0
SCS09,weekend_2255,1789821153,22.0,2.9069,101.7922,0.0
DMU03,58,1789821259,0.0,5.8062,102.1467,0.0
ETS213,9233,1789821213,0.0,4.303,101.153,0.0
SCS09,weekend_2255,1789821213,33.0,2.9056,101.7877,0.0
SCS19,weekend_2378,1789821213,33.0,3.0742,101.5561,0.0
ETS302,9578,1789821254,90.0,2.720382,101.93621,0.0
ETS301,9533,1789821254,90.0,2.432288,102.99611,0.0
ETS305,9532,1789821254,90.0,3.0272183,101.71459,0.0
ETS303,9530,1789821254,90.0,3.0222225,101.71716,0.0
ETS306,9428,1789821254,90.0,6.0869374,100.37635,0.0
SCS26,weekend_2369,1789821343,0.0,3.0432,101.4503,0.0
EMU31,2959,1789821342,0.0,6.4314,100.2685,0.0
SCS38,2857,1789821342,0.0,4.7766,100.9325,0.0
EMU29,2842,1789821341,94.0,5.3691,100.4096,0.0
SCS13,weekend_2368,1789821341,50.0,3.6775,101.5259,0.0
ETS207,9056,1789821341,64.0,3.7103,101.4887,0.0
ETS211,9135,1789821340,85.0,4.5178,101.0491,0.0
DMU13,39,1789821340,73.0,2.6476,102.5758,0.0
EMU39,2957,1789821329,93.0,5.4706,100.4961,0.0
DMU10(D6120),60,1789821309,54.0,5.3642,102.2258,0.0
SCS27,weekend_2249,1789821307,0.0,2.7539,101.8272,0.0
SCS19,weekend_2378,1789821303,30.0,3.0761,101.5599,0.0
EMU28,2861,1789821302,117.0,5.2346,100.4883,0.0
ETS216,9214,1789821384,133.0,4.824,100.9517,0.0
SCS21,weekend_2377,1789821381,0.0,3.1141,101.6731,0.0
SCS23,2952,1789821379,114.0,6.4945,100.2534,0.0
SCS08,weekend_2254,1789821380,0.0,3.2385,101.6812,0.0
ETS205,9055,1789821379,81.0,3.5476,101.6396,0.0
ETS211,9135,1789821355,86.0,4.5141,101.0485,0.0
ETS204,9352,1789821334,76.0,3.749,101.447,0.0
SCS09,weekend_2255,1789821378,111.0,2.8919,101.7948,0.0
EMU28,2861,1789821377,116.0,5.2116,100.4908,0.0
SCS32,weekend_2385,1789821375,109.0,3.5936,101.6054,0.0
SCS11,weekend_2259,1789821395,0.0,3.0986,101.7051,0.0
DMU03,58,1789821394,0.0,5.8062,102.1467,0.0
ETS301,9533,1789821375,90.0,2.395845,103.0129,0.0
ETS302,9578,1789821375,90.0,2.7235713,101.92531,0.0
ETS305,9532,1789821375,90.0,3.0509336,101.707794,0.0
ETS306,9428,1789821375,90.0,6.111633,100.37032,0.0
ETS213,9233,1789821393,89.0,4.279,101.165,0.0
EMU31,2959,1789821387,77.0,6.4265,100.2703,0.0
ETS303,9530,1789821375,90.0,3.0161943,101.7219,0.0
DMU13,39,1789821385,73.0,2.6449,102.584,0.0
DMU10(D6120),60,1789821384,14.0,5.371,102.2287,0.0
SCS23,2952,1789821439,108.0,6.5121,100.2549,0.0
SCS11,weekend_2259,1789821395,0.0,3.0986,101.7051,0.0
DMU03,58,1789821394,0.0,5.8062,102.1467,0.0
ETS204,9352,1789821394,121.0,3.7611,101.4359,0.0
ETS205,9055,1789821394,79.0,3.5451,101.6377,0.0
SCS09,weekend_2255,1789821393,94.0,2.8892,101.7979,0.0
ETS213,9233,1789821393,89.0,4.279,101.165,0.0
SCS19,weekend_2378,1789821393,46.0,3.0762,101.5693,0.0
EMU28,2861,1789821392,116.0,5.2075,100.4887,0.0
ETS306,9428,1789821496,90.0,6.11173,100.37046,0.0
ETS303,9530,1789821496,90.0,3.0046425,101.72946,0.0
ETS305,9532,1789821496,90.0,3.0755932,101.71218,0.0
ETS301,9533,1789821496,90.0,2.382964,103.02139,0.0
EMU29,2842,1789821521,32.0,5.3869,100.3744,0.0
ETS211,9135,1789821520,93.0,4.4674,101.0447,0.0
ETS302,9578,1789821496,90.0,2.724783,101.90618,0.0
SCS11,weekend_2259,1789821485,0.0,3.0986,101.7051,0.0
DMU03,58,1789821484,0.0,5.8062,102.1467,0.0
ETS205,9055,1789821484,97.0,3.5269,101.6299,0.0
ETS213,9233,1789821483,114.0,4.2572,101.1725,0.0
SCS19,weekend_2378,1789821483,36.0,3.0819,101.5803,0.0
SCS09,weekend_2255,1789821483,48.0,2.8793,101.8149,0.0
SCS11,weekend_2259,1789821575,0.0,3.0986,101.7051,0.0
DMU03,58,1789821574,12.0,5.8082,102.147,0.0
SCS21,weekend_2377,1789821561,25.0,3.097,101.6704,0.0
SCS08,weekend_2254,1789821560,0.0,3.2385,101.6812,0.0
ETS205,9055,1789821559,84.0,3.5091,101.6332,0.0
SCS19,weekend_2378,1789821558,37.0,3.0847,101.5861,0.0
EMU28,2861,1789821557,9.0,5.1692,100.4797,0.0
SCS32,weekend_2385,1789821555,91.0,3.5589,101.6369,0.0
SCS23,2952,1789821559,18.0,6.5234,100.2568,0.0
SCS09,weekend_2255,1789821558,73.0,2.869,101.8189,0.0
EMU31,2959,1789821537,107.0,6.3883,100.2897,0.0
ETS301,9533,1789821616,90.0,2.3778212,103.028465,0.0
ETS305,9532,1789821616,90.0,3.0765731,101.71306,0.0
ETS302,9578,1789821616,90.0,2.7406092,101.89151,0.0
SCS21,weekend_2377,1789821621,33.0,3.0955,101.6701,0.0
SCS27,weekend_2249,1789821622,0.0,2.7539,101.8272,0.0
SCS23,2952,1789821619,115.0,6.5368,100.2591,0.0
SCS09,weekend_2255,1789821618,42.0,2.8613,101.82,0.0
ETS303,9530,1789821616,90.0,2.9987073,101.73879,0.0
ETS306,9428,1789821616,90.0,6.1170936,100.37282,0.0
DMU03,58,1789821574,12.0,5.8082,102.147,0.0
SCS21,weekend_2377,1789821666,27.0,3.0895,101.6698,0.0
ETS205,9055,1789821664,115.0,3.482,101.6399,0.0
SCS32,weekend_2385,1789821660,84.0,3.549,101.6398,0.0
SCS09,weekend_2255,1789821663,106.0,2.8515,101.8228,0.0
ETS215,9276,1789821704,101.0,5.1214,100.4881,0.0
SCS26,weekend_2369,1789821703,44.0,3.0448,101.4465,0.0
ETS212,9138,1789821703,0.0,3.1781,101.6787,0.0
SCS11,weekend_2259,1789821665,0.0,3.0986,101.7051,0.0
SCS23,2952,1789821664,114.0,6.5505,100.2598,0.0
ETS204,9352,1789821664,122.0,3.8263,101.4026,0.0
SCS38,2857,1789821702,113.0,4.8425,100.9791,0.0
EMU29,2842,1789821701,15.0,5.393,100.3669,0.0
ETS211,9135,1789821700,28.0,4.4583,101.0499,0.0
DMU13,39,1789821700,35.0,2.5907,102.5964,0.0
ETS216,9214,1789821699,91.0,4.7765,100.9034,0.0
EMU28,2861,1789821692,121.0,5.1506,100.4819,0.0
SCS27,weekend_2249,1789821667,0.0,2.7539,101.8272,0.0
ETS303,9530,1789821737,90.0,2.9904435,101.75968,0.0
ETS305,9532,1789821737,90.0,3.091518,101.711426,0.0
ETS301,9533,1789821737,90.0,2.358364,103.05515,0.0
ETS306,9428,1789821737,90.0,6.154064,100.38065,0.0
ETS302,9578,1789821737,90.0,2.7429333,101.86504,0.0
SCS27,weekend_2249,1789821712,0.0,2.7539,101.8272,0.0
SCS32,weekend_2385,1789821705,25.0,3.5422,101.6362,0.0
ETS212,9138,1789821703,0.0,3.1781,101.6787,0.0
SCS26,weekend_2369,1789821703,44.0,3.0448,101.4465,0.0
SCS38,2857,1789821702,113.0,4.8425,100.9791,0.0
ETS205,9055,1789821739,109.0,3.4608,101.6383,0.0
ETS211,9135,1789821700,28.0,4.4583,101.0499,0.0
SCS19,weekend_2378,1789821708,57.0,3.0837,101.5957,0.0
EMU28,2861,1789821707,118.0,5.146,100.483,0.0
ETS207,9056,1789821701,119.0,3.7822,101.4353,0.0
SCS23,2952,1789821739,114.0,6.5726,100.2595,0.0
DMU03,58,1789821739,69.0,5.8301,102.1497,0.0
SCS09,weekend_2255,1789821738,31.0,2.8399,101.8281,0.0
SCS21,weekend_2377,1789821741,16.0,3.0871,101.6667,0.0
SCS08,weekend_2254,1789821740,0.0,3.2385,101.6812,0.0
SCS11,weekend_2259,1789821740,0.0,3.0986,101.7051,0.0
ETS216,9214,1789821699,91.0,4.7765,100.9034,0.0
SCS21,weekend_2377,1789821801,0.0,3.0865,101.6651,0.0
SCS11,weekend_2259,1789821800,0.0,3.0986,101.7051,0.0
SCS23,2952,1789821799,115.0,6.5905,100.263,0.0
DMU03,58,1789821799,75.0,5.8414,102.1512,0.0
ETS207,9056,1789821881,64.0,3.8239,101.4044,0.0
DMU13,39,1789821880,28.0,2.5787,102.6048,0.0
ETS211,9135,1789821880,83.0,4.4344,101.0613,0.0
ETS216,9214,1789821879,36.0,4.7757,100.8663,0.0
DMU10(D6120),60,1789821879,25.0,5.4065,102.2311,0.0
ETS306,9428,1789821858,90.0,6.195039,100.369514,0.0
ETS305,9532,1789821858,90.0,3.098901,101.70495,0.0
ETS303,9530,1789821857,90.0,2.993453,101.780075,0.0
ETS301,9533,1789821857,90.0,2.3322005,103.08615,0.0
ETS302,9578,1789821857,90.0,2.7519145,101.833305,0.0
SCS11,weekend_2259,1789821845,0.0,3.0986,101.7051,0.0
ETS205,9055,1789821844,104.0,3.4321,101.6324,0.0
DMU03,58,1789821844,72.0,5.8504,102.1523,0.0
SCS09,weekend_2255,1789821843,23.0,2.8325,101.8273,0.0
SCS09,weekend_2255,1789821918,0.0,2.8312,101.827,0.0
EMU39,2957,1789821891,44.0,5.366,100.45,0.0
ETS213,9233,1789821888,138.0,4.1426,101.207,0.0
SCS26,weekend_2369,1789821883,3.0,3.0399,101.4311,0.0
ETS212,9138,1789821883,48.0,3.2165,101.5685,0.0
ETS207,9056,1789821881,64.0,3.8239,101.4044,0.0
EMU23,2960,1789821886,0.0,5.3938,100.3664,0.0
SCS21,weekend_2377,1789821921,0.0,3.0865,101.6651,0.0
ETS215,9276,1789821899,64.0,5.1348,100.4853,0.0
SCS08,weekend_2263,1789821920,0.0,3.2385,101.6812,0.0
SCS11,weekend_2259,1789821920,0.0,3.0986,101.7051,0.0
ETS204,9352,1789821919,0.0,3.8893,101.3749,0.0
SCS32,weekend_2385,1789821900,54.0,3.5031,101.6339,0.0
DMU03,58,1789821919,77.0,5.8653,102.1542,0.0
SCS23,2952,1789821919,115.0,6.6261,100.2675,0.0
ETS205,9055,1789821919,96.0,3.4159,101.6263,0.0
ETS302,9578,1789821978,90.0,2.7647998,101.807915,0.0
SCS27,weekend_2249,1789821982,16.0,2.753,101.8303,0.0
EMU39,2957,1789821981,34.0,5.3665,100.4466,0.0
SCS11,weekend_2259,1789821980,0.0,3.0986,101.7051,0.0
SCS08,weekend_2263,1789821980,1.0,3.2384,101.6812,0.0
DMU03,58,1789821979,77.0,5.8775,102.1557,0.0
ETS204,9352,1789821979,113.0,3.901,101.3588,0.0
ETS306,9428,1789821978,90.0,6.2364016,100.36105,0.0
ETS303,9530,1789821978,90.0,2.986164,101.79165,0.0
ETS305,9532,1789821978,90.0,3.110196,101.69081,0.0
ETS301,9533,1789821978,90.0,2.3118808,103.12103,0.0
EMU39,2957,1789822026,89.0,5.3658,100.4387,0.0
ETS205,9055,1789822024,123.0,3.386,101.6249,0.0
SCS23,2952,1789822024,111.0,6.6453,100.2919,0.0
DMU03,58,1789822024,73.0,5.8865,102.1568,0.0
SCS09,weekend_2255,1789822023,0.0,2.8312,101.827,0.0
SCS19,weekend_2378,1789822023,0.0,3.0846,101.6316,0.0
EMU28,2861,1789822021,112.0,5.0861,100.4969,0.0
SCS38,2857,1789822017,95.0,4.8227,101.0647,0.0
ETS211,9135,1789822060,125.0,4.3884,101.0867,0.0
SCS11,weekend_2259,1789822055,0.0,3.0986,101.7051,0.0
ETS204,9352,1789822054,0.0,3.9099,101.3475,0.0
ETS204,9352,1789822054,0.0,3.9099,101.3475,0.0
ETS213,9233,1789822098,103.0,4.1069,101.2603,0.0
EMU23,2960,1789822096,17.0,5.3886,100.372,0.0
EMU28,2861,1789822096,117.0,5.0658,100.5076,0.0
ETS207,9056,1789822061,123.0,3.8452,101.3906,0.0
SCS08,weekend_2263,1789822060,69.0,3.2322,101.6767,0.0
EMU39,2957,1789822056,99.0,5.3626,100.4318,0.0
ETS212,9138,1789822093,0.0,3.2435,101.5606,0.0
SCS26,weekend_2369,1789822063,0.0,3.0336,101.4245,0.0
SCS38,2857,1789822062,24.0,4.8186,101.0712,0.0
EMU31,2959,1789822061,115.0,6.2852,100.3505,0.0
DMU13,39,1789822060,0.0,2.5794,102.6133,0.0
ETS216,9214,1789822059,61.0,4.7792,100.8488,0.0
DMU10(D6120),60,1789822059,26.0,5.4216,102.2388,0.0
SCS11,weekend_2259,1789822115,0.0,3.0986,101.7051,0.0
DMU03,58,1789822114,74.0,5.9043,102.159,0.0
SCS23,2952,1789822099,62.0,6.6532,100.3066,0.0
SCS21,weekend_2377,1789822086,0.0,3.0865,101.6651,0.0
ETS205,9055,1789822084,106.0,3.3734,101.6119,0.0
SCS09,weekend_2255,1789822068,0.0,2.8312,101.827,0.0
SCS27,weekend_2249,1789822057,62.0,2.7516,101.8353,0.0
ETS305,9532,1789822099,90.0,3.1211832,101.67928,0.0
ETS301,9533,1789822099,90.0,2.2966383,103.13063,0.0
ETS302,9578,1789822099,90.0,2.7934473,101.797104,0.0
ETS306,9428,1789822099,90.0,6.2639494,100.355415,0.0
ETS303,9530,1789822099,90.0,2.9817922,101.7915,0.0
SCS19,weekend_2378,1789822098,88.0,3.0835,101.6384,0.0
SCS23,2952,1789822159,55.0,6.6586,100.315,0.0
SCS11,weekend_2259,1789822115,0.0,3.0986,101.7051,0.0
DMU03,58,1789822114,74.0,5.9043,102.159,0.0
EMU39,2957,1789822161,0.0,5.3645,100.4214,0.0
DMU13,39,1789822240,0.0,2.5794,102.6133,0.0
SCS19,weekend_2378,1789822203,0.0,3.0833,101.6559,0.0
ETS301,9533,1789822220,90.0,2.2919438,103.133545,0.0
ETS302,9578,1789822220,90.0,2.8151433,101.815544,0.0
EMU31,2959,1789822196,106.0,6.2476,100.3581,0.0
ETS305,9532,1789822220,90.0,3.1281703,101.68141,0.0
ETS306,9428,1789822220,90.0,6.319778,100.340965,0.0
ETS303,9530,1789822220,90.0,2.9774702,101.79149,0.0
ETS204,9352,1789822204,118.0,3.9579,101.3244,0.0
SCS23,2952,1789822204,17.0,6.6617,100.319,0.0
ETS205,9055,1789822204,91.0,3.3628,101.5813,0.0
DMU03,58,1789822204,69.0,5.9216,102.1552,0.0
SCS09,weekend_2255,1789822203,0.0,2.8312,101.827,0.0
ETS213,9233,1789822203,113.0,4.0804,101.273,0.0
ETS213,9233,1789822278,131.0,4.0568,101.2822,0.0
EMU28,2861,1789822276,0.0,5.0282,100.5276,0.0
EMU23,2960,1789822276,95.0,5.3716,100.4036,0.0
EMU31,2959,1789822275,102.0,6.2262,100.3625,0.0
SCS21,weekend_2377,1789822266,0.0,3.0865,101.6651,0.0
SCS11,weekend_2259,1789822265,0.0,3.0986,101.7051,0.0
DMU03,58,1789822279,58.0,5.934,102.1519,0.0
ETS205,9055,1789822279,98.0,3.3517,101.572,0.0
ETS216,9214,1789822269,128.0,4.7809,100.7838,0.0
SCS23,2952,1789822234,0.0,6.662,100.3192,0.0
SCS19,weekend_2378,1789822248,26.0,3.0839,101.6576,0.0
SCS09,weekend_2255,1789822233,0.0,2.8312,101.827,0.0
ETS212,9138,1789822243,0.0,3.2754,101.5621,0.0
SCS27,weekend_2249,1789822282,0.0,2.7412,101.8725,0.0
EMU39,2957,1789822281,92.0,5.3727,100.4014,0.0
SCS08,weekend_2263,1789822280,55.0,3.2085,101.6728,0.0
ETS303,9530,1789822340,90.0,2.966481,101.79155,0.0
ETS305,9532,1789822340,90.0,0.0027284583,0.0154984975,0.0
ETS301,9533,1789822340,90.0,2.262169,103.149315,0.0
ETS306,9428,1789822340,90.0,6.354532,100.3149,0.0
ETS302,9578,1789822340,90.0,2.8324254,101.82829,0.0
SCS27,weekend_2249,1789822342,62.0,2.7398,101.8776,0.0
ETS205,9055,1789822339,59.0,3.3396,101.5728,0.0
EMU39,2957,1789822341,99.0,5.3795,100.3887,0.0
DMU03,58,1789822339,62.0,5.9434,102.1492,0.0
ETS213,9233,1789822338,123.0,4.037,101.2851,0.0
SCS21,weekend_2377,1789822386,54.0,3.0846,101.6597,0.0
DMU03,58,1789822384,65.0,5.9511,102.1472,0.0
ETS204,9352,1789822384,0.0,4.0045,101.303,0.0
EMU28,2861,1789822381,106.0,5.0195,100.536,0.0
EMU23,2960,1789822381,10.0,5.3646,100.4212,0.0
ETS216,9214,1789822374,0.0,4.7945,100.7541,0.0
ETS205,9055,1789822384,54.0,3.3327,101.5707,0.0
SCS19,weekend_2378,1789822383,18.0,3.0865,101.6643,0.0
SCS09,weekend_2255,1789822383,23.0,2.8306,101.8269,0.0
ETS204,9352,1789822429,118.0,4.0178,101.2914,0.0
SCS32,weekend_2385,1789822425,119.0,3.3989,101.6282,0.0
ETS215,9276,1789822424,95.0,5.2971,100.4819,0.0
ETS212,9138,1789822423,0.0,3.2754,101.5621,0.0
SCS38,2857,1789822422,115.0,4.7531,101.1189,0.0
ETS207,9056,1789822421,117.0,3.9311,101.3406,0.0
ETS211,9135,1789822420,38.0,4.3022,101.1538,0.0
DMU03,58,1789822414,67.0,5.9563,102.1458,0.0
EMU39,2957,1789822461,7.0,5.3873,100.3736,0.0
ETS216,9214,1789822419,80.0,4.801,100.7462,0.0
ETS302,9578,1789822461,90.0,2.8537276,101.82301,0.0
ETS306,9428,1789822461,90.0,6.3882747,100.28962,0.0
ETS303,9530,1789822461,90.0,2.9440856,101.7876,0.0
ETS305,9532,1789822461,90.0,0.0027284583,0.0154984975,0.0
ETS301,9533,1789822461,90.0,2.2272897,103.16198,0.0
SCS21,weekend_2377,1789822461,26.0,3.0835,101.6566,0.0
SCS11,weekend_2259,1789822460,0.0,3.0986,101.7051,0.0
SCS08,weekend_2263,1789822460,0.0,3.1988,101.6809,0.0
ETS205,9055,1789822459,34.0,3.3259,101.5703,0.0
ETS213,9233,1789822458,131.0,4.0026,101.3045,0.0
SCS09,weekend_2255,1789822458,70.0,2.8239,101.8221,0.0
SCS19,weekend_2378,1789822458,60.0,3.0899,101.6698,0.0
EMU23,2960,1789822456,50.0,5.3639,100.4232,0.0
EMU31,2959,1789822455,9.0,6.1833,100.3749,0.0
DMU13,39,1789822435,0.0,2.5795,102.6134,0.0
SCS27,weekend_2249,1789822432,73.0,2.7395,101.8937,0.0
EMU39,2957,1789822521,24.0,5.3888,100.3718,0.0
SCS11,weekend_2259,1789822520,0.0,3.0986,101.7051,0.0
SCS09,weekend_2255,1789822473,74.0,2.8218,101.8199,0.0
DMU03,58,1789822474,68.0,5.9675,102.1439,0.0
SCS26,weekend_2369,1789822603,9.0,3.0025,101.3912,0.0
ETS306,9428,1789822582,90.0,6.4249983,100.27103,0.0
ETS303,9530,1789822582,90.0,2.924653,101.79594,0.0
ETS305,9532,1789822582,90.0,0.0027284583,0.0154984975,0.0
ETS301,9533,1789822582,90.0,2.1947129,103.187294,0.0
ETS302,9578,1789822582,90.0,2.868593,101.81979,0.0
EMU39,2846,1789822566,22.0,5.3912,100.3694,0.0
SCS21,weekend_2377,1789822566,58.0,3.0841,101.6349,0.0
SCS11,weekend_2259,1789822565,0.0,3.0986,101.7051,0.0
ETS205,9055,1789822564,2.0,3.3197,101.5748,0.0
DMU03,58,1789822564,74.0,5.9855,102.1427,0.0
SCS19,weekend_2378,1789822563,62.0,3.0982,101.6708,0.0
ETS213,9233,1789822563,122.0,3.9696,101.3177,0.0
SCS09,weekend_2255,1789822563,93.0,2.8089,101.806,0.0
EMU23,2960,1789822561,54.0,5.3668,100.4448,0.0
EMU28,2861,1789822561,117.0,5.0435,100.5837,0.0
EMU31,2959,1789822560,96.0,6.1744,100.3784,0.0
EMU28,2861,1789822636,118.0,5.0441,100.6064,0.0
EMU23,2960,1789822636,0.0,5.3664,100.4473,0.0
EMU31,2959,1789822635,111.0,6.1523,100.3799,0.0
ETS204,9352,1789822654,119.0,4.0835,101.2719,0.0
ETS213,9233,1789822623,109.0,3.9542,101.3268,0.0
SCS38,2857,1789822617,114.0,4.7007,101.1368,0.0
SCS26,weekend_2369,1789822648,7.0,3.0011,101.3908,0.0
DMU13,39,1789822645,0.0,2.5795,102.6134,0.0
SCS08,weekend_2263,1789822600,45.0,3.185,101.6898,0.0
ETS211,9135,1789822645,94.0,4.2786,101.1651,0.0
EMU39,2846,1789822596,21.0,5.3926,100.3676,0.0
SCS21,weekend_2377,1789822596,0.0,3.0844,101.6326,0.0
ETS215,9276,1789822604,34.0,5.3426,100.4697,0.0
ETS212,9138,1789822603,75.0,3.3343,101.5716,0.0
SCS11,weekend_2259,1789822595,0.0,3.0986,101.7051,0.0
DMU03,58,1789822594,72.0,5.9914,102.1423,0.0
ETS205,9055,1789822639,8.0,3.3182,101.575,0.0
SCS09,weekend_2255,1789822638,0.0,2.8027,101.8002,0.0
SCS19,weekend_2378,1789822638,36.0,3.1115,101.674,0.0
SCS27,weekend_2249,1789822612,33.0,2.7234,101.9228,0.0
ETS204,9352,1789822654,119.0,4.0835,101.2719,0.0
ETS306,9428,1789822702,90.0,6.4304323,100.26926,0.0
ETS303,9530,1789822702,90.0,2.9070113,101.79468,0.0
ETS305,9532,1789822702,90.0,0.0027284583,0.0154984975,0.0
ETS301,9533,1789822702,90.0,2.190608,103.19146,0.0
ETS302,9578,1789822702,90.0,2.8846323,101.806046,0.0
DMU13,39,1789822705,5.0,2.5795,102.6134,0.0
DMU10(D6120),60,1789822704,44.0,5.5243,102.2058,0.0
ETS216,9214,1789822704,0.0,4.8523,100.7321,0.0
EMU39,2846,1789822701,0.0,5.3934,100.3664,0.0
SCS21,weekend_2377,1789822701,12.0,3.0846,101.6227,0.0
SCS08,weekend_2263,1789822700,0.0,3.1827,101.689,0.0
SCS11,weekend_2259,1789822700,0.0,3.0986,101.7051,0.0
SCS09,weekend_2255,1789822743,111.0,2.7875,101.7983,0.0
ETS213,9233,1789822743,109.0,3.9241,101.3439,0.0
SCS19,weekend_2378,1789822743,23.0,3.1182,101.673,0.0
EMU28,2861,1789822741,117.0,5.0417,100.6383,0.0
ETS215,9276,1789822769,28.0,5.3573,100.4659,0.0
EMU23,2960,1789822741,44.0,5.3647,100.4568,0.0
ETS204,9352,1789822744,112.0,4.1066,101.2608,0.0
ETS205,9055,1789822744,82.0,3.3018,101.5751,0.0
SCS32,weekend_2385,1789822785,98.0,3.3553,101.5716,0.0
SCS38,2857,1789822782,114.0,4.6574,101.1239,0.0
ETS207,9056,1789822781,0.0,4.0059,101.3018,0.0
ETS211,9135,1789822780,131.0,4.2423,101.176,0.0
DMU13,39,1789822780,0.0,2.5795,102.6136,0.0
SCS32,weekend_2385,1789822785,98.0,3.3553,101.5716,0.0
ETS306,9428,1789822823,90.0,6.4330215,100.268265,0.0
ETS303,9530,1789822823,90.0,2.9058225,101.79048,0.0
ETS305,9532,1789822823,90.0,0.0027284583,0.0154984975,0.0
ETS301,9533,1789822823,90.0,2.1817174,103.20843,0.0
ETS302,9578,1789822823,90.0,2.8923373,101.794685,0.0
SCS27,weekend_2249,1789822822,0.0,2.7186,101.9407,0.0
SCS11,weekend_2259,1789822820,0.0,3.0986,101.7051,0.0
SCS08,weekend_2263,1789822820,25.0,3.1758,101.6857,0.0
ETS204,9352,1789822819,120.0,4.1197,101.2421,0.0
DMU03,58,1789822819,50.0,6.0286,102.1399,0.0
ETS213,9233,1789822818,120.0,3.9046,101.3534,0.0
SCS09,weekend_2255,1789822818,94.0,2.7679,101.8052,0.0
SCS19,weekend_2378,1789822818,35.0,3.1194,101.6742,0.0
EMU31,2959,1789822815,4.0,6.1128,100.3696,0.0
EMU39,2846,1789822806,11.0,5.3927,100.3674,0.0
SCS21,weekend_2377,1789822806,24.0,3.0838,101.6161,0.0
EMU23,2960,1789822801,43.0,5.3596,100.462,0.0
EMU28,2861,1789822779,111.0,5.0416,100.6499,0.0
ETS205,9055,1789822789,81.0,3.2924,101.5738,0.0
SCS21,weekend_2377,1789822881,0.0,3.0832,101.6121,0.0
ETS216,9214,1789822884,98.0,4.8684,100.7264,0.0
ETS207,9056,1789822871,134.0,4.0214,101.2898,0.0
SCS11,weekend_2259,1789822880,0.0,3.0986,101.7051,0.0
ETS213,9233,1789822833,117.0,3.9021,101.3574,0.0
SCS38,2857,1789822962,86.0,4.6162,101.0932,0.0
ETS211,9135,1789822960,89.0,4.1846,101.1861,0.0
DMU13,39,1789822960,0.0,2.5796,102.6135,0.0
ETS216,9214,1789822959,87.0,4.8887,100.7203,0.0
SCS11,weekend_2259,1789822925,0.0,3.0986,101.7051,0.0
DMU03,58,1789822924,16.0,6.0384,102.1401,0.0
SCS09,weekend_2255,1789822923,22.0,2.7554,101.822,0.0
ETS213,9233,1789822923,111.0,3.8858,101.3794,0.0
EMU23,2960,1789822921,8.0,5.3617,100.4671,0.0
ETS303,9530,1789822944,90.0,2.9042792,101.78778,0.0
ETS306,9428,1789822944,90.0,6.462364,100.25814,0.0
ETS305,9532,1789822944,90.0,3.138404,101.694405,0.0
ETS302,9578,1789822944,90.0,2.8957593,101.78865,0.0
EMU28,2861,1789822914,118.0,5.0394,100.6905,0.0
ETS301,9533,1789822944,90.0,2.153405,103.23073,0.0
EMU39,2846,1789822926,33.0,5.3901,100.3706,0.0
ETS204,9352,1789822924,113.0,4.137,101.215,0.0
SCS27,weekend_2249,1789822912,13.0,2.718,101.9417,0.0
SCS11,weekend_2259,1789823015,0.0,3.0986,101.7051,0.0
EMU28,2861,1789823004,116.0,5.0293,100.7155,0.0
SCS21,weekend_2377,1789823001,63.0,3.083,101.5985,0.0
ETS204,9352,1789822999,113.0,4.1526,101.1984,0.0
DMU03,58,1789822999,15.0,6.0417,102.1418,0.0
ETS212,9138,1789822963,0.0,3.388,101.6264,0.0
SCS38,2857,1789822962,86.0,4.6162,101.0932,0.0
DMU13,39,1789822960,0.0,2.5796,102.6135,0.0
ETS207,9056,1789822961,139.0,4.052,101.2839,0.0
ETS205,9055,1789822999,62.0,3.2563,101.5546,0.0
SCS09,weekend_2255,1789822998,0.0,2.7543,101.8261,0.0
ETS215,9276,1789822964,110.0,5.3825,100.4698,0.0
ETS213,9233,1789822953,110.0,3.8774,101.3821,0.0
ETS216,9214,1789822959,87.0,4.8887,100.7203,0.0
ETS216,9214,1789823049,97.0,4.9043,100.7187,0.0
ETS204,9352,1789823044,110.0,4.163,101.1899,0.0
SCS09,weekend_2255,1789823043,25.0,2.7541,101.8267,0.0
EMU31,2959,1789823025,106.0,6.0776,100.381,0.0
SCS11,weekend_2259,1789823015,0.0,3.0986,101.7051,0.0
ETS305,9532,1789823065,90.0,3.139879,101.69488,0.0
ETS306,9428,1789823065,90.0,6.5048037,100.254585,0.0
DMU13,39,1789823065,18.0,2.5793,102.6127,0.0
ETS302,9578,1789823064,90.0,2.906343,101.79336,0.0
ETS303,9530,1789823064,90.0,2.9033945,101.78726,0.0
ETS301,9533,1789823064,90.0,2.1302645,103.26178,0.0
EMU28,2861,1789823064,114.0,5.0164,100.7286,0.0
SCS08,weekend_2263,1789823054,0.0,3.166,101.6904,0.0
ETS207,9056,1789823096,111.0,4.094,101.2696,0.0
SCS08,weekend_2263,1789823094,37.0,3.1643,101.6917,0.0
SCS09,weekend_2255,1789823088,25.0,2.7533,101.8296,0.0
ETS213,9233,1789823088,107.0,3.8437,101.3917,0.0
SCS19,weekend_2378,1789823088,0.0,3.1313,101.6812,0.0
EMU23,2960,1789823131,59.0,5.3806,100.4695,0.0
SCS32,weekend_2385,1789823130,92.0,3.3109,101.575,0.0
EMU31,2959,1789823130,98.0,6.052,100.3955,0.0
SCS27,weekend_2249,1789823092,87.0,2.6977,101.9655,0.0
SCS11,weekend_2259,1789823090,0.0,3.0986,101.7051,0.0
ETS302,9578,1789823185,90.0,2.9224224,101.797,0.0
ETS305,9532,1789823185,90.0,3.1406133,101.69503,0.0
ETS306,9428,1789823185,90.0,6.542987,100.26078,0.0
ETS303,9530,1789823185,90.0,2.8918636,101.79525,0.0
ETS301,9533,1789823185,90.0,2.0942435,103.27863,0.0
ETS216,9214,1789823184,132.0,4.9489,100.7233,0.0
SCS27,weekend_2249,1789823182,0.0,2.69,101.972,0.0
EMU39,2846,1789823181,10.0,5.373,100.4009,0.0
SCS11,weekend_2259,1789823180,0.0,3.0986,101.7051,0.0
EMU31,2959,1789823179,97.0,6.0406,100.4019,0.0
ETS205,9055,1789823179,94.0,3.2201,101.5656,0.0
DMU03,58,1789823179,15.0,6.0453,102.1437,0.0
SCS09,weekend_2255,1789823178,104.0,2.7499,101.8417,0.0
SCS19,weekend_2378,1789823178,0.0,3.1313,101.6812,0.0
ETS213,9233,1789823178,114.0,3.8216,101.4067,0.0
SCS32,weekend_2385,1789823175,80.0,3.3003,101.5748,0.0
ETS215,9276,1789823174,135.0,5.4505,100.4925,0.0
SCS21,weekend_2377,1789823167,0.0,3.0846,101.5891,0.0
EMU28,2861,1789823139,116.0,4.9951,100.7349,0.0
DMU03,58,1789823224,55.0,6.0493,102.1458,0.0
ETS205,9055,1789823224,68.0,3.2128,101.572,0.0
EMU31,2959,1789823224,106.0,6.0307,100.4075,0.0
ETS213,9233,1789823193,116.0,3.8185,101.4098,0.0
ETS216,9214,1789823229,122.0,4.9636,100.727,0.0
SCS21,weekend_2377,1789823227,18.0,3.0843,101.5857,0.0
SCS27,weekend_2249,1789823227,66.0,2.6871,101.9731,0.0
EMU39,2846,1789823226,0.0,5.3725,100.4019,0.0
ETS211,9135,1789823215,133.0,4.1264,101.2324,0.0
SCS38,2857,1789823247,0.0,4.5971,101.073,0.0
DMU13,39,1789823245,6.0,2.5781,102.6073,0.0
DMU10(D6120),60,1789823214,0.0,5.53,102.2031,0.0
EMU28,2861,1789823214,119.0,4.9722,100.73,0.0
ETS205,9055,1789823269,25.0,3.2083,101.5758,0.0
SCS09,weekend_2255,1789823268,95.0,2.7429,101.8664,0.0
SCS19,weekend_2378,1789823268,0.0,3.1313,101.6812,0.0
EMU23,2960,1789823266,61.0,5.3993,100.4718,0.0
ETS303,9530,1789823306,90.0,2.878456,101.816055,0.0
ETS305,9532,1789823306,90.0,3.1508167,101.69195,0.0
ETS302,9578,1789823306,90.0,2.942287,101.787155,0.0
ETS301,9533,1789823306,90.0,2.0618699,103.304,0.0
SCS08,weekend_2263,1789823274,21.0,3.1532,101.6923,0.0
ETS216,9214,1789823274,134.0,4.9785,100.7315,0.0
EMU39,2846,1789823271,0.0,5.3725,100.4019,0.0
SCS11,weekend_2259,1789823270,0.0,3.0986,101.7051,0.0
DMU03,58,1789823269,67.0,6.0563,102.1494,0.0
EMU31,2959,1789823269,106.0,6.0201,100.4135,0.0
ETS212,9138,1789823353,0.0,3.4372,101.6364,0.0
ETS204,9352,1789823329,109.0,4.1909,101.1848,0.0
ETS207,9056,1789823351,128.0,4.1446,101.2052,0.0
SCS27,weekend_2249,1789823377,76.0,2.6632,101.9937,0.0
SCS11,weekend_2259,1789823375,0.0,3.0986,101.7051,0.0
DMU03,58,1789823374,68.0,6.0733,102.159,0.0
SCS26,weekend_2384,1789823368,43.0,3.0085,101.3975,0.0
DMU13,39,1789823365,4.0,2.5789,102.6102,0.0
DMU10(D6120),60,1789823364,0.0,5.53,102.2031,0.0
SCS21,weekend_2377,1789823362,57.0,3.0783,101.5717,0.0
EMU39,2846,1789823361,45.0,5.3713,100.4042,0.0
SCS32,weekend_2385,1789823355,68.0,3.2679,101.5595,0.0
ETS215,9276,1789823354,0.0,5.4827,100.4981,0.0
ETS212,9138,1789823428,0.0,3.4372,101.6364,0.0
SCS26,weekend_2384,1789823428,25.0,3.012,101.4012,0.0
EMU28,2861,1789823426,113.0,4.9086,100.7181,0.0
ETS207,9056,1789823426,110.0,4.1637,101.1897,0.0
ETS302,9578,1789823427,90.0,2.962938,101.792725,0.0
ETS303,9530,1789823427,90.0,2.8630636,101.820335,0.0
ETS301,9533,1789823427,90.0,2.036258,103.31783,0.0
ETS305,9532,1789823427,90.0,3.166246,101.6904,0.0
SCS11,weekend_2259,1789823405,0.0,3.0986,101.7051,0.0
EMU31,2959,1789823404,105.0,5.9864,100.4325,0.0
ETS205,9055,1789823404,0.0,3.2061,101.5805,0.0
DMU03,58,1789823404,70.0,6.0781,102.1624,0.0
SCS19,weekend_2378,1789823403,0.0,3.1313,101.6812,0.0
ETS216,9214,1789823379,134.0,5.0126,100.7311,0.0
ETS211,9135,1789823380,125.0,4.0934,101.2699,0.0
SCS32,weekend_2385,1789823430,3.0,3.2624,101.5568,0.0
ETS215,9276,1789823429,43.0,5.4846,100.4987,0.0
ETS213,9233,1789823418,117.0,3.7594,101.4368,0.0
EMU23,2960,1789823416,116.0,5.4326,100.487,0.0
SCS08,weekend_2263,1789823414,0.0,3.1467,101.6912,0.0
EMU39,2846,1789823406,26.0,5.3695,100.4088,0.0
ETS204,9352,1789823404,120.0,4.2136,101.1803,0.0
SCS09,weekend_2255,1789823403,74.0,2.7396,101.8784,0.0
SCS08,weekend_2263,1789823454,9.0,3.1464,101.6914,0.0
SCS11,weekend_2259,1789823450,0.0,3.0986,101.7051,0.0
DMU03,58,1789823449,63.0,6.0847,102.1671,0.0
SCS19,weekend_2378,1789823448,0.0,3.1313,101.6812,0.0
SCS09,weekend_2255,1789823448,84.0,2.7401,101.8877,0.0
SCS26,weekend_2384,1789823503,15.0,3.0132,101.4025,0.0
EMU31,2959,1789823494,19.0,5.9722,100.4405,0.0
ETS213,9233,1789823493,17.0,3.7498,101.4463,0.0
EMU23,2960,1789823491,119.0,5.4544,100.4937,0.0
ETS303,9530,1789823548,90.0,2.8463633,101.82512,0.0
ETS305,9532,1789823548,90.0,3.1722834,101.68576,0.0
ETS301,9533,1789823548,90.0,2.03511,103.318115,0.0
ETS302,9578,1789823548,90.0,2.9795856,101.79154,0.0
ETS216,9214,1789823544,130.0,5.0393,100.6839,0.0
SCS21,weekend_2377,1789823542,1.0,3.0762,101.5603,0.0
DMU03,58,1789823539,68.0,6.098,102.1779,0.0
SCS09,weekend_2255,1789823538,104.0,2.7271,101.902,0.0
EMU23,2960,1789823536,114.0,5.468,100.4964,0.0
ETS207,9056,1789823531,0.0,4.1719,101.1891,0.0
EMU39,2846,1789823526,0.0,5.3687,100.4107,0.0
ETS212,9138,1789823503,78.0,3.536,101.6345,0.0
ETS211,9135,1789823500,127.0,4.0577,101.2818,0.0
DMU10(D6120),60,1789823499,0.0,5.5301,102.2031,0.0
ETS205,9055,1789823494,47.0,3.2033,101.5859,0.0
SCS19,weekend_2378,1789823493,0.0,3.1313,101.6812,0.0
SCS11,weekend_2259,1789823495,0.0,3.0986,101.7051,0.0
EMU31,2959,1789823494,19.0,5.9722,100.4405,0.0
ETS212,9138,1789823608,96.0,3.5599,101.6347,0.0
DMU10(D6120),60,1789823589,0.0,5.53,102.2032,0.0
SCS21,weekend_2377,1789823587,0.0,3.0761,101.5602,0.0
EMU39,2846,1789823586,0.0,5.3687,100.4107,0.0
SCS27,weekend_2249,1789823587,80.0,2.6554,102.0154,0.0
SCS32,weekend_2385,1789823580,32.0,3.2538,101.5549,0.0
ETS215,9276,1789823579,130.0,5.5241,100.5072,0.0
EMU28,2861,1789823576,67.0,4.8925,100.7198,0.0
ETS207,9056,1789823576,0.0,4.1719,101.1891,0.0
ETS216,9214,1789823574,138.0,5.0393,100.6734,0.0
SCS19,weekend_2378,1789823553,0.0,3.1313,101.6812,0.0
SCS11,weekend_2259,1789823555,0.0,3.0987,101.7052,0.0
ETS212,9138,1789823683,97.0,3.5694,101.6177,0.0
SCS38,2857,1789823682,20.0,4.5934,101.0714,0.0
SCS11,weekend_2259,1789823675,0.0,3.0987,101.7052,0.0
ETS205,9055,1789823674,73.0,3.2077,101.6175,0.0
ETS301,9533,1789823668,90.0,2.0298378,103.31943,0.0
ETS305,9532,1789823668,90.0,3.179688,101.688965,0.0
SCS08,weekend_2263,1789823674,15.0,3.1377,101.6927,0.0
ETS303,9530,1789823668,90.0,2.8285773,101.82757,0.0
DMU03,58,1789823674,48.0,6.1132,102.1947,0.0
ETS302,9578,1789823668,90.0,2.9908793,101.786156,0.0
ETS211,9135,1789823635,121.0,4.0152,101.2931,0.0
SCS32,weekend_2385,1789823670,97.0,3.2393,101.5604,0.0
ETS204,9352,1789823629,96.0,4.2764,101.1669,0.0
EMU39,2846,1789823631,0.0,5.3687,100.4107,0.0
SCS19,weekend_2378,1789823628,0.0,3.1313,101.6812,0.0
EMU28,2861,1789823681,98.0,4.8658,100.728,0.0
SCS11,weekend_2259,1789823675,0.0,3.0987,101.7052,0.0
DMU03,58,1789823674,48.0,6.1132,102.1947,0.0
SCS08,weekend_2263,1789823674,15.0,3.1377,101.6927,0.0
DMU10(D6120),60,1789823724,0.0,5.5301,102.203,0.0
ETS216,9214,1789823724,135.0,5.0429,100.6213,0.0
SCS27,weekend_2249,1789823722,118.0,2.6362,102.0458,0.0
SCS21,weekend_2377,1789823722,86.0,3.0625,101.5447,0.0
EMU39,2846,1789823721,0.0,5.3687,100.4107,0.0
EMU23,2960,1789823716,78.0,5.4871,100.4992,0.0
ETS205,9055,1789823704,59.0,3.2086,101.6219,0.0
SCS11,weekend_2259,1789823765,0.0,3.0987,101.7052,0.0
ETS205,9055,1789823734,42.0,3.2087,101.6262,0.0
ETS305,9532,1789823790,90.0,3.1819181,101.68969,0.0
ETS303,9530,1789823789,90.0,2.8203917,101.820145,0.0
ETS301,9533,1789823789,90.0,1.9972982,103.32683,0.0
ETS302,9578,1789823789,90.0,2.9938583,101.769295,0.0
ETS212,9138,1789823788,100.0,3.5937,101.6052,0.0
SCS08,weekend_2263,1789823774,0.0,3.1355,101.6892,0.0
SCS21,weekend_2377,1789823767,88.0,3.0592,101.5336,0.0
SCS27,weekend_2249,1789823767,116.0,2.6336,102.0594,0.0
EMU39,2846,1789823766,0.0,5.3687,100.4107,0.0
DMU03,58,1789823764,17.0,6.1173,102.1997,0.0
ETS204,9352,1789823809,0.0,4.3027,101.1533,0.0
EMU31,2959,1789823809,105.0,5.9128,100.469,0.0
SCS19,weekend_2378,1789823808,0.0,3.1392,101.6935,0.0
SCS09,weekend_2255,1789823808,35.0,2.7202,101.9378,0.0
ETS213,9233,1789823853,95.0,3.6922,101.5104,0.0
SCS32,weekend_2385,1789823820,46.0,3.209,101.5755,0.0
SCS08,weekend_2263,1789823814,0.0,3.1355,101.6892,0.0
SCS11,weekend_2259,1789823810,0.0,3.0987,101.7052,0.0
ETS205,9055,1789823809,0.0,3.2088,101.6283,0.0
ETS303,9530,1789823911,90.0,2.8170972,101.81723,0.0
ETS302,9578,1789823911,90.0,2.9920998,101.747826,0.0
ETS305,9532,1789823911,90.0,3.18211,101.68971,0.0
ETS301,9533,1789823911,90.0,1.9590026,103.34345,0.0
EMU39,2846,1789823901,14.0,5.3658,100.4175,0.0
SCS11,weekend_2259,1789823900,30.0,3.1006,101.7025,0.0
DMU03,58,1789823899,0.0,6.1185,102.2006,0.0
ETS204,9352,1789823899,34.0,4.305,101.1507,0.0
ETS205,9055,1789823899,19.0,3.2075,101.6325,0.0
EMU31,2959,1789823899,111.0,5.8886,100.477,0.0
ETS213,9233,1789823898,41.0,3.6865,101.5165,0.0
SCS09,weekend_2255,1789823898,4.0,2.7194,101.9398,0.0
SCS19,weekend_2378,1789823898,12.0,3.1441,101.6934,0.0
ETS215,9276,1789823894,115.0,5.6283,100.4924,0.0
EMU31,2959,1789823944,113.0,5.8757,100.477,0.0
ETS212,9138,1789823938,120.0,3.6197,101.5738,0.0
SCS21,weekend_2377,1789823947,99.0,3.054,101.517,0.0
SCS26,weekend_2384,1789823938,0.0,3.0399,101.4312,0.0
SCS38,2857,1789823937,0.0,4.5867,101.0705,0.0
SCS11,weekend_2259,1789823915,34.0,3.1015,101.7014,0.0
ETS205,9055,1789823914,39.0,3.2065,101.6338,0.0
ETS204,9352,1789823914,36.0,4.3059,101.1494,0.0
SCS09,weekend_2255,1789823913,4.0,2.7192,101.9399,0.0
DMU03,58,1789823944,12.0,6.1195,102.2016,0.0
EMU23,2960,1789823940,121.0,5.5505,100.5,0.0
ETS213,9233,1789823913,26.0,3.6856,101.5176,0.0
ETS301,9533,1789824032,90.0,1.9277785,103.36856,0.0
ETS305,9532,1789824032,90.0,3.1852112,101.69088,0.0
ETS303,9530,1789824032,90.0,2.8131146,101.81146,0.0
ETS302,9578,1789824032,90.0,3.0065494,101.72792,0.0
EMU23,2960,1789824030,118.0,5.5782,100.4955,0.0
SCS11,weekend_2259,1789824035,53.0,3.1126,101.685,0.0
ETS205,9055,1789824034,105.0,3.1921,101.6549,0.0
EMU31,2959,1789824034,112.0,5.849,100.4769,0.0
ETS301,9533,1789824032,90.0,1.9277785,103.36856,0.0
ETS305,9532,1789824032,90.0,3.1852112,101.69088,0.0
ETS303,9530,1789824032,90.0,2.8131146,101.81146,0.0
ETS302,9578,1789824032,90.0,3.0065494,101.72792,0.0
SCS21,weekend_2377,1789824082,33.0,3.0521,101.4982,0.0
EMU23,2960,1789824075,112.0,5.5915,100.4934,0.0
SCS27,weekend_2249,1789824067,101.0,2.585,102.0995,0.0
ETS211,9135,1789824040,115.0,3.9067,101.3502,0.0
SCS08,weekend_2263,1789824034,19.0,3.1277,101.6797,0.0
SCS09,weekend_2255,1789824078,84.0,2.7059,101.9532,0.0
ETS204,9352,1789824034,117.0,4.3317,101.128,0.0
ETS213,9233,1789824033,5.0,3.6851,101.5177,0.0
SCS19,weekend_2378,1789824033,0.0,3.1538,101.6925,0.0
EMU39,2846,1789824081,4.0,5.3648,100.42,0.0
EMU28,2861,1789824081,63.0,4.7965,100.7518,0.0
SCS11,weekend_2259,1789824080,4.0,3.1139,101.6811,0.0
DMU03,58,1789824079,71.0,6.1271,102.2104,0.0
EMU39,2846,1789824126,0.0,5.3647,100.4202,0.0
SCS11,weekend_2259,1789824125,0.0,3.1139,101.6811,0.0
DMU03,58,1789824124,70.0,6.1324,102.2169,0.0
ETS303,9530,1789824153,90.0,2.792985,101.79721,0.0
ETS305,9532,1789824153,90.0,3.186601,101.69073,0.0
ETS301,9533,1789824153,90.0,1.8993071,103.39752,0.0
ETS302,9578,1789824153,90.0,3.0264668,101.71499,0.0
ETS207,9056,1789824146,9.0,4.3027,101.1538,0.0
ETS211,9135,1789824145,111.0,3.8881,101.3768,0.0
DMU10(D6120),60,1789824144,0.0,5.5301,102.203,0.0
SCS38,2857,1789824132,2.0,4.5867,101.0705,0.0
SCS21,weekend_2377,1789824127,17.0,3.0523,101.4942,0.0
EMU28,2861,1789824126,64.0,4.7912,100.7586,0.0
ETS204,9352,1789824124,116.0,4.3541,101.1119,0.0
SCS11,weekend_2259,1789824170,11.0,3.1144,101.6805,0.0
ETS205,9055,1789824169,10.0,3.179,101.6779,0.0
ETS213,9233,1789824168,135.0,3.6636,101.536,0.0
SCS19,weekend_2378,1789824168,0.0,3.1651,101.6913,0.0
EMU23,2960,1789824165,91.0,5.6179,100.4966,0.0
ETS302,9578,1789824153,90.0,3.0264668,101.71499,0.0
ETS301,9533,1789824153,90.0,1.8993071,103.39752,0.0
ETS303,9530,1789824153,90.0,2.792985,101.79721,0.0
ETS305,9532,1789824153,90.0,3.186601,101.69073,0.0
SCS09,weekend_2255,1789824213,1.0,2.6912,101.9715,0.0
SCS32,weekend_2385,1789824180,79.0,3.206,101.6157,0.0
SCS38,2857,1789824177,12.0,4.5889,101.0709,0.0
SCS08,weekend_2263,1789824174,15.0,3.1205,101.6786,0.0
ETS216,9214,1789824174,130.0,5.0731,100.5037,0.0
EMU28,2861,1789824171,82.0,4.7864,100.7664,0.0
ETS216,9214,1789824219,132.0,5.0872,100.4963,0.0
DMU10(D6120),60,1789824219,0.0,5.5301,102.203,0.0
ETS305,9532,1789824274,90.0,3.186892,101.6905,0.0
ETS302,9578,1789824274,90.0,3.045857,101.708046,0.0
ETS301,9533,1789824274,90.0,1.8840708,103.40573,0.0
ETS303,9535,1789824274,90.0,2.7634425,101.80904,0.0
SCS21,weekend_2377,1789824262,17.0,3.0523,101.4926,0.0
SCS27,weekend_2249,1789824262,113.0,2.5457,102.1416,0.0
EMU28,2861,1789824261,112.0,4.779,100.7909,0.0
EMU39,2846,1789824261,0.0,5.3638,100.4233,0.0
SCS11,weekend_2259,1789824260,0.0,3.1193,101.6788,0.0
DMU03,58,1789824259,68.0,6.1523,102.2294,0.0
ETS205,9055,1789824259,48.0,3.1664,101.6901,0.0
SCS19,weekend_2378,1789824258,69.0,3.1733,101.6837,0.0
SCS09,weekend_2255,1789824258,6.0,2.6911,101.9716,0.0
ETS213,9233,1789824258,106.0,3.6434,101.5555,0.0
EMU23,2960,1789824255,64.0,5.6344,100.4898,0.0
ETS204,9352,1789824214,117.0,4.3764,101.0952,0.0
ETS215,9276,1789824329,132.0,5.7044,100.5109,0.0
ETS212,9138,1789824328,0.0,3.6837,101.5193,0.0
SCS26,weekend_2384,1789824328,0.0,3.0432,101.4503,0.0
ETS216,9214,1789824324,135.0,5.1218,100.488,0.0
EMU28,2861,1789824306,0.0,4.7766,100.7993,0.0
ETS305,9532,1789824274,90.0,3.186892,101.6905,0.0
ETS301,9533,1789824274,90.0,1.8840708,103.40573,0.0
ETS303,9535,1789824274,90.0,2.7634425,101.80904,0.0
ETS302,9578,1789824274,90.0,3.045857,101.708046,0.0
SCS32,weekend_2385,1789824330,0.0,3.2087,101.6278,0.0
ETS211,9135,1789824325,102.0,3.8439,101.3914,0.0
EMU23,2960,1789824315,12.0,5.6424,100.4899,0.0
SCS08,weekend_2263,1789824274,0.0,3.1193,101.6789,0.0
SCS09,weekend_2255,1789824273,24.0,2.6904,101.9718,0.0
SCS19,weekend_2378,1789824273,72.0,3.1754,101.6816,0.0
SCS27,weekend_2249,1789824397,113.0,2.517,102.1686,0.0
DMU03,58,1789824349,74.0,6.1597,102.2158,0.0
ETS301,9533,1789824395,90.0,1.8750681,103.41029,0.0
ETS302,9578,1789824395,90.0,3.0706315,101.70982,0.0
ETS305,9532,1789824395,90.0,3.186895,101.69051,0.0
ETS303,9535,1789824395,90.0,2.7519927,101.833015,0.0
EMU23,2960,1789824390,29.0,5.6439,100.4903,0.0
SCS08,weekend_2263,1789824354,0.0,3.1193,101.6788,0.0
SCS11,weekend_2259,1789824350,16.0,3.1204,101.6786,0.0
ETS205,9055,1789824349,15.0,3.1563,101.6938,0.0
ETS204,9352,1789824349,103.0,4.411,101.0742,0.0
SCS19,weekend_2378,1789824348,79.0,3.1837,101.6678,0.0
SCS09,weekend_2255,1789824348,80.0,2.6786,101.9773,0.0
ETS213,9233,1789824348,109.0,3.622,101.5715,0.0
SCS27,weekend_2249,1789824397,113.0,2.517,102.1686,0.0
ETS204,9352,1789824394,111.0,4.4223,101.0679,0.0
ETS301,9533,1789824395,90.0,1.8750681,103.41029,0.0
ETS302,9578,1789824395,90.0,3.0706315,101.70982,0.0
ETS305,9532,1789824395,90.0,3.186895,101.69051,0.0
ETS303,9535,1789824395,90.0,2.7519927,101.833015,0.0
EMU23,2960,1789824450,94.0,5.6539,100.4919,0.0
DMU03,58,1789824439,73.0,6.1658,102.199,0.0
EMU39,2846,1789824426,0.0,5.3638,100.4233,0.0
SCS11,weekend_2259,1789824425,21.0,3.1246,101.6782,0.0
ETS212,9138,1789824403,0.0,3.6837,101.5193,0.0
SCS26,weekend_2384,1789824403,0.0,3.0432,101.4503,0.0
ETS211,9135,1789824400,101.0,3.8275,101.402,0.0
ETS213,9233,1789824393,107.0,3.6138,101.5817,0.0
SCS09,weekend_2255,1789824393,75.0,2.6728,101.9843,0.0
ETS216,9214,1789824444,133.0,5.1624,100.4798,0.0
EMU28,2861,1789824441,111.0,4.7789,100.8443,0.0
ETS205,9055,1789824439,0.0,3.1489,101.6907,0.0
SCS13,weekend_2389,1789824401,29.0,3.681,101.5223,0.0
DMU10(D6120),60,1789824399,4.0,5.5302,102.203,0.0
EMU31,2959,1789824399,115.0,5.7725,100.4932,0.0
SCS21,weekend_2377,1789824397,57.0,3.0485,101.4736,0.0
SCS19,weekend_2378,1789824393,0.0,3.1861,101.6646,0.0
ETS216,9214,1789824489,134.0,5.178,100.4794,0.0
SCS21,weekend_2377,1789824487,26.0,3.0376,101.4711,0.0
ETS207,9056,1789824476,137.0,4.3827,101.0906,0.0
SCS09,weekend_2255,1789824453,42.0,2.6668,101.9916,0.0
ETS213,9233,1789824453,102.0,3.601,101.5929,0.0
EMU39,2846,1789824486,0.0,5.3638,100.4233,0.0
EMU28,2861,1789824486,64.0,4.7786,100.8549,0.0
DMU10(D6120),60,1789824489,0.0,5.5302,102.2029,0.0
SCS11,weekend_2259,1789824485,13.0,3.1276,101.6796,0.0
DMU03,58,1789824484,74.0,6.1722,102.1936,0.0
ETS301,9533,1789824516,90.0,1.8462324,103.42672,0.0
ETS302,9578,1789824516,90.0,3.0760922,101.71226,0.0
ETS303,9535,1789824516,90.0,2.7432709,101.86386,0.0
SCS26,weekend_2384,1789824508,0.0,3.0432,101.4503,0.0
ETS212,9138,1789824508,0.0,3.6837,101.5193,0.0
SCS13,weekend_2389,1789824506,108.0,3.6664,101.534,0.0
ETS211,9135,1789824505,95.0,3.807,101.4194,0.0
SCS19,weekend_2378,1789824498,4.0,3.1917,101.6557,0.0
SCS08,weekend_2263,1789824494,0.0,3.1193,101.6788,0.0
ETS215,9276,1789824494,132.0,5.7584,100.4996,0.0
EMU31,2959,1789824534,111.0,5.7339,100.5096,0.0
SCS08,weekend_2263,1789824534,0.0,3.1193,101.6788,0.0
EMU28,2861,1789824531,0.0,4.7781,100.8578,0.0
EMU39,2846,1789824531,0.0,5.3638,100.4233,0.0
SCS11,weekend_2259,1789824530,19.0,3.1297,101.6814,0.0
ETS204,9352,1789824529,82.0,4.4556,101.0514,0.0
DMU03,58,1789824529,71.0,6.178,102.1869,0.0
ETS215,9276,1789824524,130.0,5.7678,100.495,0.0
ETS301,9533,1789824516,90.0,1.8462324,103.42672,0.0
ETS303,9535,1789824516,90.0,2.7432709,101.86386,0.0
ETS302,9578,1789824516,90.0,3.0760922,101.71226,0.0
SCS32,weekend_2385,1789824585,0.0,3.2032,101.637,0.0
EMU39,2846,1789824576,9.0,5.3638,100.4231,0.0
ETS205,9055,1789824574,0.0,3.1422,101.694,0.0
SCS11,weekend_2259,1789824620,0.0,3.1322,101.6836,0.0
SCS08,weekend_2263,1789824614,0.0,3.1193,101.6788,0.0
EMU31,2959,1789824609,115.0,5.7116,100.5126,0.0
ETS301,9533,1789824637,90.0,1.823696,103.45966,0.0
ETS302,9578,1789824637,90.0,3.0791647,101.71609,0.0
ETS303,9535,1789824637,90.0,2.7404604,101.892525,0.0
SCS13,weekend_2389,1789824626,114.0,3.6401,101.558,0.0
ETS216,9214,1789824624,133.0,5.2208,100.4914,0.0
DMU10(D6120),60,1789824624,10.0,5.5311,102.2026,0.0
SCS21,weekend_2377,1789824622,74.0,3.0344,101.461,0.0
EMU28,2861,1789824621,106.0,4.7746,100.8686,0.0
DMU03,58,1789824619,66.0,6.1887,102.1739,0.0
SCS19,weekend_2378,1789824618,39.0,3.1969,101.644,0.0
SCS09,weekend_2255,1789824618,0.0,2.661,101.9957,0.0
ETS213,9233,1789824618,108.0,3.5685,101.6189,0.0
EMU23,2960,1789824611,121.0,5.6987,100.5093,0.0
ETS207,9056,1789824611,131.0,4.4238,101.0672,0.0
ETS211,9135,1789824610,108.0,3.7862,101.4351,0.0
ETS204,9352,1789824574,0.0,4.4592,101.0497,0.0
SCS32,weekend_2385,1789824690,0.0,3.2032,101.637,0.0
ETS207,9056,1789824686,90.0,4.4444,101.0564,0.0
SCS13,weekend_2389,1789824686,114.0,3.6255,101.5684,0.0
SCS21,weekend_2377,1789824667,4.0,3.0361,101.4564,0.0
SCS27,weekend_2249,1789824652,114.0,2.4528,102.1961,0.0
EMU23,2960,1789824686,118.0,5.7216,100.5142,0.0
SCS08,weekend_2263,1789824674,0.0,3.1193,101.6788,0.0
ETS303,9535,1789824637,90.0,2.7404604,101.892525,0.0
ETS302,9578,1789824637,90.0,3.0791647,101.71609,0.0
ETS301,9533,1789824637,90.0,1.823696,103.45966,0.0
DMU03,58,1789824664,31.0,6.1931,102.1687,0.0
SCS26,weekend_2384,1789824658,8.0,3.0438,101.4483,0.0
ETS213,9233,1789824633,114.0,3.5659,101.6224,0.0
EMU39,2846,1789824666,13.0,5.365,100.419,0.0
SCS19,weekend_2378,1789824633,37.0,3.1975,101.6425,0.0
SCS09,weekend_2255,1789824633,0.0,2.661,101.9957,0.0
EMU28,2861,1789824666,112.0,4.7712,100.8814,0.0
ETS204,9352,1789824754,81.0,4.4665,101.0456,0.0
SCS09,weekend_2255,1789824753,0.0,2.661,101.9957,0.0
SCS26,weekend_2384,1789824718,7.0,3.0446,101.4469,0.0
SCS13,weekend_2389,1789824716,114.0,3.6191,101.5747,0.0
ETS207,9056,1789824716,34.0,4.4484,101.0546,0.0
EMU23,2960,1789824716,114.0,5.7302,100.5111,0.0
ETS211,9135,1789824715,75.0,3.7576,101.4375,0.0
ETS216,9214,1789824714,131.0,5.2516,100.4845,0.0
EMU31,2959,1789824714,117.0,5.6831,100.4996,0.0
SCS27,weekend_2249,1789824712,100.0,2.4671,102.2054,0.0
SCS21,weekend_2377,1789824712,6.0,3.0369,101.4556,0.0
EMU28,2861,1789824711,105.0,4.7733,100.8941,0.0
EMU39,2846,1789824711,0.0,5.3655,100.4182,0.0
SCS08,weekend_2263,1789824714,0.0,3.1193,101.6788,0.0
ETS205,9055,1789824709,0.0,3.1422,101.694,0.0
ETS301,9533,1789824758,90.0,1.8120592,103.479225,0.0
ETS302,9578,1789824758,90.0,3.0927827,101.71117,0.0
ETS303,9535,1789824758,90.0,2.7248032,101.91213,0.0
SCS11,weekend_2259,1789824755,0.0,3.1322,101.6836,0.0
SCS09,weekend_2255,1789824798,0.0,2.661,101.9957,0.0
ETS215,9276,1789824794,129.0,5.857,100.477,0.0
ETS211,9135,1789824790,70.0,3.7484,101.4475,0.0
ETS301,9533,1789824758,90.0,1.8120592,103.479225,0.0
ETS303,9535,1789824758,90.0,2.7248032,101.91213,0.0
ETS302,9578,1789824758,90.0,3.0927827,101.71117,0.0
SCS21,weekend_2377,1789824757,21.0,3.039,101.4541,0.0
DMU03,58,1789824814,0.0,6.1992,102.1675,0.0
DMU10(D6120),60,1789824804,97.0,5.5558,102.1939,0.0
EMU28,2861,1789824801,102.0,4.7756,100.9166,0.0
EMU39,2846,1789824801,0.0,5.3655,100.4182,0.0
EMU31,2959,1789824800,94.0,5.6595,100.4929,0.0
SCS11,weekend_2259,1789824800,9.0,3.1354,101.6892,0.0
ETS205,9055,1789824799,0.0,3.137,101.6914,0.0
ETS204,9352,1789824799,101.0,4.4765,101.0421,0.0
SCS27,weekend_2249,1789824772,41.0,2.4699,102.2142,0.0
SCS19,weekend_2378,1789824753,23.0,3.2028,101.6372,0.0
ETS213,9233,1789824753,93.0,3.5503,101.64,0.0
SCS27,weekend_2249,1789824862,33.0,2.4657,102.2221,0.0
ETS216,9214,1789824849,21.0,5.2845,100.4802,0.0
EMU39,2846,1789824846,13.0,5.3652,100.4188,0.0
SCS11,weekend_2259,1789824845,12.0,3.1366,101.6912,0.0
EMU28,2861,1789824841,82.0,4.7744,100.927,0.0
SCS32,weekend_2385,1789824840,0.0,3.2032,101.637,0.0
ETS204,9352,1789824844,90.0,4.488,101.0434,0.0
EMU23,2960,1789824836,112.0,5.7638,100.4969,0.0
ETS207,9056,1789824836,16.0,4.4593,101.0494,0.0
DMU10(D6120),60,1789824834,96.0,5.5626,102.1903,0.0
ETS205,9055,1789824814,0.0,3.137,101.6914,0.0
SCS09,weekend_2255,1789824813,0.0,2.661,101.9957,0.0
SCS19,weekend_2378,1789824813,43.0,3.2066,101.6335,0.0
DMU03,58,1789824814,0.0,6.1992,102.1675,0.0
ETS301,9533,1789824879,90.0,1.8086461,103.48304,0.0
ETS303,9535,1789824879,90.0,2.7235138,101.92664,0.0
ETS302,9578,1789824879,90.0,3.0992348,101.70448,0.0
SCS26,weekend_2384,1789824868,0.0,3.0447,101.4467,0.0
SCS13,weekend_2389,1789824866,112.0,3.5923,101.6063,0.0
ETS211,9135,1789824865,65.0,3.737,101.4555,0.0
ETS303,9535,1789824879,90.0,2.7235138,101.92664,0.0
ETS301,9533,1789824879,90.0,1.8086461,103.48304,0.0
SCS32,weekend_2385,1789824945,91.0,3.1966,101.6449,0.0
ETS215,9276,1789824944,131.0,5.9083,100.4707,0.0
ETS211,9135,1789824940,97.0,3.7251,101.4647,0.0
DMU10(D6120),60,1789824939,79.0,5.5856,102.1832,0.0
EMU28,2861,1789824886,1.0,4.7765,100.9323,0.0
EMU39,2846,1789824936,0.0,5.3641,100.4209,0.0
SCS24,2967,1789824935,0.0,6.6632,100.3202,0.0
ETS302,9578,1789824879,90.0,3.0992348,101.70448,0.0
DMU03,58,1789824979,13.0,6.1969,102.1673,0.0
ETS215,9276,1789824944,131.0,5.9083,100.4707,0.0
SCS09,weekend_2255,1789824978,0.0,2.661,101.9957,0.0
ETS213,9233,1789824978,106.0,3.5071,101.6333,0.0
EMU28,2861,1789824976,87.0,4.7813,100.9352,0.0
DMU10(D6120),60,1789824939,79.0,5.5856,102.1832,0.0
SCS11,weekend_2259,1789824935,0.0,3.1402,101.6939,0.0
ETS301,9533,1789825000,90.0,1.78313,103.49559,0.0
ETS303,9535,1789825000,90.0,2.720128,101.937126,0.0
ETS302,9578,1789825000,90.0,3.1071792,101.694534,0.0
ETS205,9055,1789824994,0.0,3.137,101.6914,0.0
EMU39,2846,1789824981,0.0,5.3641,100.4209,0.0
SCS24,2967,1789824980,3.0,6.6624,100.3192,0.0
EMU31,2959,1789824965,17.0,5.6418,100.4899,0.0
SCS19,weekend_2378,1789824979,70.0,3.208,101.6182,0.0
ETS204,9352,1789824964,70.0,4.5177,101.0493,0.0
EMU39,2846,1789825026,0.0,5.3641,100.4209,0.0
EMU31,2959,1789825025,92.0,5.6325,100.4906,0.0
EMU23,2960,1789825046,61.0,5.8213,100.4782,0.0
SCS13,weekend_2389,1789825046,47.0,3.5601,101.6344,0.0
ETS211,9135,1789825045,95.0,3.7112,101.4868,0.0
DMU10(D6120),60,1789825044,17.0,5.6007,102.1755,0.0
SCS21,weekend_2377,1789825027,0.0,3.0425,101.4514,0.0
SCS27,weekend_2249,1789825027,0.0,2.4631,102.2266,0.0
SCS24,2967,1789825025,0.0,6.6624,100.3192,0.0
ETS213,9233,1789825038,118.0,3.4901,101.6361,0.0
ETS216,9214,1789824999,132.0,5.3183,100.4724,0.0
ETS302,9578,1789825000,90.0,3.1071792,101.694534,0.0
ETS303,9535,1789825000,90.0,2.720128,101.937126,0.0
ETS301,9533,1789825000,90.0,1.78313,103.49559,0.0
ETS205,9055,1789824994,0.0,3.137,101.6914,0.0
SCS09,weekend_2255,1789824993,0.0,2.661,101.9957,0.0
SCS11,weekend_2259,1789825070,17.0,3.1448,101.6927,0.0
ETS205,9055,1789825069,0.0,3.137,101.6914,0.0
SCS19,weekend_2378,1789825069,89.0,3.2007,101.6023,0.0
SCS32,weekend_2385,1789825080,73.0,3.1905,101.6587,0.0
SCS21,weekend_2377,1789825072,10.0,3.0427,101.451,0.0
ETS204,9352,1789825069,64.0,4.5294,101.0514,0.0
DMU03,58,1789825069,0.0,6.1953,102.1674,0.0
SCS09,weekend_2255,1789825068,0.0,2.661,101.9957,0.0
ETS301,9533,1789825121,90.0,1.7484385,103.50885,0.0
ETS302,9578,1789825121,90.0,3.118145,101.679955,0.0
ETS303,9535,1789825121,90.0,2.7182243,101.94149,0.0
EMU28,2861,1789825111,121.0,4.816,100.9517,0.0
ETS215,9276,1789825109,127.0,5.9595,100.4478,0.0
SCS27,weekend_2249,1789825072,0.0,2.4631,102.2266,0.0
SCS24,2967,1789825070,5.0,6.6618,100.3185,0.0
SCS09,weekend_2255,1789825173,76.0,2.6722,101.9854,0.0
ETS213,9233,1789825173,112.0,3.4507,101.6396,0.0
DMU03,58,1789825159,0.0,6.1953,102.1674,0.0
SCS19,weekend_2378,1789825159,41.0,3.2029,101.5867,0.0
EMU28,2861,1789825171,119.0,4.8335,100.9557,0.0
EMU39,2846,1789825116,0.0,5.3641,100.4209,0.0
ETS215,9276,1789825169,132.0,5.9777,100.4375,0.0
SCS08,weekend_2263,1789825165,22.0,3.1133,101.682,0.0
ETS216,9214,1789825164,27.0,5.349,100.4679,0.0
SCS21,weekend_2377,1789825162,27.0,3.0441,101.4476,0.0
EMU31,2959,1789825160,112.0,5.5952,100.493,0.0
SCS24,2967,1789825160,27.0,6.659,100.3155,0.0
SCS11,weekend_2259,1789825160,34.0,3.1539,101.6926,0.0
ETS205,9055,1789825159,0.0,3.137,101.6914,0.0
SCS27,weekend_2249,1789825117,0.0,2.4631,102.2266,0.0
ETS303,9535,1789825121,90.0,2.7182243,101.94149,0.0
ETS301,9533,1789825121,90.0,1.7484385,103.50885,0.0
ETS302,9578,1789825121,90.0,3.118145,101.679955,0.0
ETS204,9352,1789825114,49.0,4.5368,101.0529,0.0
SCS09,weekend_2255,1789825173,76.0,2.6722,101.9854,0.0
DMU03,58,1789825204,4.0,6.1957,102.1674,0.0
SCS26,weekend_2384,1789825198,15.0,3.0391,101.454,0.0
EMU23,2960,1789825196,104.0,5.8361,100.477,0.0
ETS213,9233,1789825173,112.0,3.4507,101.6396,0.0
ETS301,9533,1789825242,90.0,1.715097,103.52887,0.0
ETS302,9578,1789825242,90.0,3.1278362,101.68115,0.0
ETS303,9535,1789825242,90.0,2.716357,101.94421,0.0
EMU31,2959,1789825205,116.0,5.582,100.4949,0.0
SCS32,weekend_2385,1789825200,0.0,3.1869,101.6637,0.0
SCS13,weekend_2389,1789825196,78.0,3.5474,101.6391,0.0
SCS11,weekend_2259,1789825175,8.0,3.1547,101.6931,0.0
SCS24,2967,1789825175,27.0,6.6584,100.3144,0.0
SCS19,weekend_2378,1789825174,41.0,3.2037,101.5852,0.0
ETS205,9055,1789825174,0.0,3.137,101.6914,0.0
SCS21,weekend_2377,1789825207,62.0,3.0468,101.4417,0.0
EMU39,2846,1789825206,0.0,5.3641,100.4209,0.0
ETS212,9138,1789825292,115.0,3.8577,101.3787,0.0
SCS11,weekend_2259,1789825280,68.0,3.1633,101.692,0.0
ETS205,9055,1789825279,0.0,3.137,101.6914,0.0
SCS19,weekend_2378,1789825279,20.0,3.2062,101.5802,0.0
ETS302,9578,1789825242,90.0,3.1278362,101.68115,0.0
ETS301,9533,1789825242,90.0,1.715097,103.52887,0.0
ETS303,9535,1789825242,90.0,2.716357,101.94421,0.0
SCS26,weekend_2384,1789825258,69.0,3.0345,101.4605,0.0
ETS216,9214,1789825254,38.0,5.3581,100.4664,0.0
EMU31,2959,1789825250,113.0,5.5684,100.4971,0.0
EMU39,2846,1789825296,0.0,5.3641,100.4209,0.0
ETS213,9233,1789825293,86.0,3.4231,101.6254,0.0
SCS09,weekend_2255,1789825293,84.0,2.6928,101.9709,0.0
EMU23,2960,1789825292,120.0,5.8647,100.4769,0.0
EMU28,2861,1789825291,117.0,4.8449,100.9909,0.0
SCS13,weekend_2389,1789825256,28.0,3.5399,101.6355,0.0
ETS207,9056,1789825256,29.0,4.5223,101.0496,0.0
SCS32,weekend_2385,1789825245,73.0,3.1849,101.6663,0.0
ETS211,9135,1789825255,0.0,3.6862,101.5169,0.0
DMU10(D6120),60,1789825254,90.0,5.6305,102.1629,0.0
DMU03,58,1789825294,7.0,6.1984,102.167,0.0
ETS212,9138,1789825292,115.0,3.8577,101.3787,0.0
EMU23,2960,1789825337,118.0,5.8787,100.477,0.0
EMU28,2861,1789825336,119.0,4.8432,101.0045,0.0
SCS21,weekend_2377,1789825327,0.0,3.0407,101.4321,0.0
SCS08,weekend_2263,1789825305,35.0,3.1115,101.6889,0.0
SCS32,weekend_2385,1789825305,93.0,3.1779,101.6792,0.0
ETS215,9276,1789825304,128.0,6.0186,100.4143,0.0
SCS26,weekend_2384,1789825303,52.0,3.034,101.468,0.0
ETS205,9055,1789825294,0.0,3.137,101.6914,0.0
ETS213,9233,1789825293,86.0,3.4231,101.6254,0.0
ETS211,9135,1789825300,0.0,3.6862,101.5169,0.0
SCS24,2967,1789825340,115.0,6.6423,100.2879,0.0
DMU03,58,1789825339,1.0,6.1995,102.1668,0.0
ETS207,9056,1789825301,60.0,4.5281,101.0507,0.0
SCS09,weekend_2255,1789825338,89.0,2.6989,101.9632,0.0
EMU31,2959,1789825295,107.0,5.5556,100.4992,0.0
ETS301,9533,1789825363,90.0,1.6910325,103.56255,0.0
ETS303,9535,1789825363,90.0,2.701749,101.95843,0.0
ETS302,9578,1789825363,90.0,3.130066,101.68289,0.0
EMU39,2846,1789825341,0.0,5.3641,100.4209,0.0
SCS22,2964,1789825340,19.0,5.3884,100.3723,0.0
ETS204,9352,1789825339,95.0,4.579,101.0666,0.0
ETS302,9578,1789825363,90.0,3.130066,101.68289,0.0
ETS301,9533,1789825363,90.0,1.6910325,103.56255,0.0
ETS303,9535,1789825363,90.0,2.701749,101.95843,0.0
EMU39,2846,1789825386,0.0,5.3641,100.4209,0.0
EMU31,2959,1789825385,120.0,5.53,100.5055,0.0
DMU03,58,1789825384,0.0,6.2001,102.1668,0.0
SCS11,weekend_2259,1789825385,0.0,3.1661,101.6903,0.0
SCS26,weekend_2384,1789825423,51.0,3.04,101.4723,0.0
ETS207,9056,1789825421,36.0,4.5428,101.0535,0.0
SCS13,weekend_2389,1789825421,55.0,3.5049,101.6335,0.0
ETS211,9135,1789825420,92.0,3.6723,101.53,0.0
ETS216,9214,1789825419,88.0,5.3769,100.4692,0.0
ETS215,9276,1789825409,19.0,6.0347,100.4052,0.0
SCS21,weekend_2377,1789825387,30.0,3.035,101.4259,0.0
SCS22,2964,1789825385,50.0,5.3859,100.3765,0.0
SCS32,weekend_2385,1789825425,0.0,3.1661,101.6904,0.0
ETS216,9214,1789825419,88.0,5.3769,100.4692,0.0
SCS21,weekend_2377,1789825462,54.0,3.033,101.4238,0.0
EMU31,2959,1789825430,110.0,5.5168,100.5073,0.0
ETS301,9533,1789825484,90.0,1.6678294,103.593765,0.0
ETS303,9535,1789825484,90.0,2.6850615,101.97472,0.0
ETS302,9578,1789825484,90.0,0.0027284583,0.0154984975,0.0
SCS24,2967,1789825460,114.0,6.6168,100.2648,0.0
ETS204,9352,1789825459,34.0,4.5939,101.0714,0.0
SCS09,weekend_2255,1789825458,25.0,2.7112,101.951,0.0
ETS212,9138,1789825457,119.0,3.8976,101.362,0.0
DMU03,58,1789825429,0.0,6.2003,102.1668,0.0
ETS301,9533,1789825484,90.0,1.6678294,103.593765,0.0
ETS303,9535,1789825484,90.0,2.6850615,101.97472,0.0
ETS302,9578,1789825484,90.0,0.0027284583,0.0154984975,0.0
ETS213,9233,1789825518,110.0,3.368,101.6048,0.0
EMU23,2960,1789825517,118.0,5.9317,100.4617,0.0
SCS10,weekend_2267,1789825518,0.0,3.2371,101.6813,0.0
SCS24,2967,1789825520,113.0,6.5988,100.2632,0.0
ETS204,9352,1789825519,0.0,4.5964,101.0727,0.0
ETS205,9055,1789825519,0.0,3.137,101.6914,0.0
SCS09,weekend_2255,1789825518,22.0,2.7139,101.9479,0.0
ETS212,9138,1789825517,109.0,3.9088,101.3481,0.0
EMU28,2861,1789825516,115.0,4.8264,101.0521,0.0
EMU31,2959,1789825516,0.0,5.4945,100.5013,0.0
EMU39,2846,1789825521,0.0,5.3641,100.4209,0.0
DMU10(D6120),60,1789825569,35.0,5.6997,102.1519,0.0
EMU39,2846,1789825566,0.0,5.3641,100.4209,0.0
SCS24,2967,1789825565,115.0,6.5853,100.2626,0.0
SCS22,2964,1789825565,75.0,5.3664,100.4165,0.0
ETS215,9276,1789825559,26.0,6.0436,100.4002,0.0
ETS207,9056,1789825556,94.0,4.5771,101.0656,0.0
EMU31,2959,1789825538,75.0,5.4896,100.5,0.0
SCS19,weekend_2378,1789825534,61.0,3.2466,101.5587,0.0
ETS204,9352,1789825534,0.0,4.5964,101.0727,0.0
ETS205,9055,1789825534,0.0,3.137,101.6914,0.0
SCS09,weekend_2255,1789825533,24.0,2.7145,101.947,0.0
ETS301,9533,1789825605,90.0,1.664705,103.59883,0.0
ETS303,9535,1789825605,90.0,2.6666968,101.9924,0.0
ETS302,9578,1789825605,90.0,0.0027284583,0.0154984975,0.0
SCS26,weekend_2384,1789825603,31.0,3.0525,101.4878,0.0
SCS13,weekend_2389,1789825601,111.0,3.4807,101.6397,0.0
ETS211,9135,1789825600,99.0,3.6392,101.5588,0.0
EMU28,2861,1789825566,91.0,4.822,101.0659,0.0
ETS212,9138,1789825532,107.0,3.9126,101.3463,0.0
EMU23,2960,1789825532,120.0,5.936,100.46,0.0
ETS215,9276,1789825649,25.0,6.0497,100.3968,0.0
ETS213,9233,1789825638,90.0,3.362,101.5738,0.0
SCS24,2967,1789825610,118.0,6.572,100.2594,0.0
EMU23,2960,1789825607,104.0,5.9556,100.4499,0.0
ETS207,9056,1789825601,43.0,4.585,101.0699,0.0
SCS08,weekend_2263,1789825605,46.0,3.101,101.702,0.0
ETS216,9214,1789825599,134.0,5.4336,100.4879,0.0
SCS21,weekend_2377,1789825597,0.0,3.021,101.4109,0.0
EMU28,2861,1789825596,39.0,4.8192,101.0704,0.0
EMU39,2846,1789825596,0.0,5.3641,100.4209,0.0
SCS19,weekend_2378,1789825594,4.0,3.25,101.5562,0.0
ETS205,9055,1789825594,0.0,3.137,101.6914,0.0
ETS204,9352,1789825594,0.0,4.5977,101.0734,0.0
SCS09,weekend_2255,1789825593,38.0,2.718,101.9418,0.0
SCS10,weekend_2267,1789825593,38.0,3.2354,101.6806,0.0
ETS302,9578,1789825605,90.0,0.0027284583,0.0154984975,0.0
ETS301,9533,1789825605,90.0,1.664705,103.59883,0.0
ETS303,9535,1789825605,90.0,2.6666968,101.9924,0.0
SCS26,weekend_2384,1789825603,31.0,3.0525,101.4878,0.0
SCS13,weekend_2389,1789825601,111.0,3.4807,101.6397,0.0
ETS211,9135,1789825600,99.0,3.6392,101.5588,0.0
SCS32,weekend_2385,1789825620,26.0,3.1553,101.6935,0.0
ETS302,9578,1789825725,90.0,0.0027284583,0.0154984975,0.0
ETS303,9535,1789825725,90.0,2.6542711,102.01079,0.0
ETS301,9533,1789825725,90.0,1.65619,103.61123,0.0
ETS211,9135,1789825705,86.0,3.6192,101.5745,0.0
SCS21,weekend_2377,1789825702,36.0,3.0156,101.4051,0.0
EMU39,2846,1789825701,0.0,5.3641,100.4209,0.0
EMU28,2861,1789825701,76.0,4.8155,101.0758,0.0
SCS22,2964,1789825700,97.0,5.3624,100.4274,0.0
SCS19,weekend_2378,1789825699,0.0,3.2576,101.5547,0.0
ETS205,9055,1789825699,0.0,3.137,101.6914,0.0
SCS09,weekend_2255,1789825698,10.0,2.7194,101.9396,0.0
EMU23,2960,1789825697,19.0,5.9715,100.441,0.0
ETS204,9352,1789825684,18.0,4.6015,101.0753,0.0
ETS213,9233,1789825698,104.0,3.3476,101.5722,0.0
SCS19,weekend_2378,1789825714,0.0,3.2576,101.5547,0.0
SCS10,weekend_2267,1789825713,25.0,3.2145,101.6722,0.0
EMU23,2960,1789825712,0.0,5.9719,100.4407,0.0
ETS302,9578,1789825725,90.0,0.0027284583,0.0154984975,0.0
ETS303,9535,1789825725,90.0,2.6542711,102.01079,0.0
ETS301,9533,1789825725,90.0,1.65619,103.61123,0.0
ETS212,9138,1789825712,118.0,3.9615,101.3223,0.0
SCS24,2967,1789825745,88.0,6.5319,100.2583,0.0
SCS22,2964,1789825745,99.0,5.3657,100.4384,0.0
ETS213,9233,1789825743,66.0,3.3371,101.5728,0.0
ETS204,9352,1789825714,30.0,4.6039,101.0759,0.0
SCS21,weekend_2377,1789825777,20.0,3.0136,101.403,0.0
SCS09,weekend_2255,1789825773,12.0,2.7204,101.9373,0.0
DMU10(D6120),60,1789825749,28.0,5.7072,102.1522,0.0
EMU28,2861,1789825746,114.0,4.8061,101.0829,0.0
SCS26,weekend_2384,1789825738,0.0,3.0524,101.4923,0.0
ETS216,9214,1789825734,125.0,5.4771,100.4969,0.0
DMU10(D6120),60,1789825779,49.0,5.7102,102.1535,0.0
EMU31,2959,1789825778,110.0,5.4566,100.4943,0.0
SCS21,weekend_2377,1789825777,20.0,3.0136,101.403,0.0
EMU23,2960,1789825787,76.0,5.9764,100.4382,0.0
ETS211,9135,1789825825,93.0,3.5995,101.5966,0.0
SCS08,weekend_2263,1789825785,0.0,3.0986,101.7051,0.0
SCS32,weekend_2385,1789825815,19.0,3.1448,101.6927,0.0
SCS13,weekend_2389,1789825781,114.0,3.4548,101.6398,0.0
ETS301,9533,1789825847,90.0,1.6295003,103.639435,0.0
ETS303,9535,1789825847,90.0,2.640831,102.03715,0.0
ETS302,9578,1789825847,90.0,0.0027284583,0.0154984975,0.0
ETS216,9214,1789825824,134.0,5.5076,100.5045,0.0
SCS19,weekend_2378,1789825819,73.0,3.2674,101.5592,0.0
EMU28,2861,1789825791,116.0,4.7958,101.0922,0.0
ETS212,9138,1789825772,0.0,3.9763,101.3146,0.0
ETS204,9352,1789825894,93.0,4.626,101.1002,0.0
EMU28,2861,1789825881,114.0,4.7733,101.1072,0.0
SCS22,2964,1789825880,0.0,5.3664,100.4473,0.0
SCS21,weekend_2377,1789825867,20.0,3.005,101.3938,0.0
SCS19,weekend_2378,1789825879,66.0,3.2775,101.5626,0.0
SCS10,weekend_2267,1789825878,0.0,3.2044,101.6761,0.0
ETS301,9533,1789825847,90.0,1.6295003,103.639435,0.0
ETS303,9535,1789825847,90.0,2.640831,102.03715,0.0
ETS302,9578,1789825847,90.0,0.0027284583,0.0154984975,0.0
EMU28,2861,1789825926,113.0,4.763,101.1149,0.0
SCS13,weekend_2389,1789825916,98.0,3.4226,101.6251,0.0
SCS19,weekend_2378,1789825894,62.0,3.2792,101.5646,0.0
ETS205,9055,1789825894,0.0,3.137,101.6914,0.0
ETS204,9352,1789825894,93.0,4.626,101.1002,0.0
ETS301,9533,1789825968,90.0,1.5927117,103.65342,0.0
ETS303,9535,1789825968,90.0,2.6255326,102.07376,0.0
ETS302,9578,1789825968,90.0,0.0027284583,0.0154984975,0.0
ETS211,9135,1789825960,88.0,3.5734,101.6144,0.0
DMU10(D6120),60,1789825959,79.0,5.746,102.1584,0.0
ETS216,9214,1789825959,133.0,5.5532,100.4995,0.0
ETS212,9138,1789825952,140.0,4.0338,101.2856,0.0
EMU23,2960,1789825922,114.0,6.0108,100.4187,0.0
SCS21,weekend_2377,1789825927,12.0,3.003,101.3917,0.0
SCS32,weekend_2385,1789825920,0.0,3.1403,101.6941,0.0
ETS302,9578,1789825968,90.0,0.0027284583,0.0154984975,0.0
ETS301,9533,1789825968,90.0,1.5927117,103.65342,0.0
ETS303,9535,1789825968,90.0,2.6255326,102.07376,0.0
ETS215,9276,1789825964,45.0,6.1124,100.3693,0.0
SCS26,weekend_2384,1789825963,77.0,3.0541,101.5173,0.0
ETS211,9135,1789825960,88.0,3.5734,101.6144,0.0
ETS216,9214,1789825959,133.0,5.5532,100.4995,0.0
DMU10(D6120),60,1789825959,79.0,5.746,102.1584,0.0
ETS204,9352,1789825954,117.0,4.6395,101.1107,0.0
EMU23,2960,1789825997,69.0,6.0283,100.4088,0.0
SCS32,weekend_2385,1789825995,19.0,3.1377,101.6926,0.0
SCS24,2967,1789825970,114.0,6.4981,100.2534,0.0
ETS205,9055,1789825969,0.0,3.137,101.6914,0.0
SCS19,weekend_2378,1789825969,75.0,3.2901,101.5723,0.0
ETS213,9233,1789825968,11.0,3.32,101.5748,0.0
SCS09,weekend_2255,1789825968,0.0,2.7216,101.9334,0.0
SCS10,weekend_2267,1789825968,62.0,3.2028,101.6774,0.0
EMU28,2861,1789825956,116.0,4.7546,101.1182,0.0
SCS22,2964,1789825955,49.0,5.3654,100.4544,0.0
ETS212,9138,1789825952,140.0,4.0338,101.2856,0.0
SCS08,weekend_2263,1789826065,0.0,3.0986,101.7051,0.0
ETS213,9233,1789826058,90.0,3.3039,101.5751,0.0
SCS32,weekend_2385,1789826055,0.0,3.1358,101.6889,0.0
ETS302,9578,1789826089,90.0,3.1382232,101.69443,0.0
ETS301,9533,1789826089,90.0,1.5678242,103.67915,0.0
ETS303,9535,1789826089,90.0,2.5914474,102.09668,0.0
ETS212,9138,1789826068,124.0,4.072,101.2761,0.0
SCS26,weekend_2384,1789826068,5.0,3.0565,101.5247,0.0
SCS24,2967,1789826060,114.0,6.4712,100.2548,0.0
ETS204,9352,1789826059,105.0,4.6643,101.1293,0.0
SCS19,weekend_2378,1789826059,58.0,3.3084,101.5749,0.0
ETS205,9055,1789826059,0.0,3.137,101.6914,0.0
SCS10,weekend_2267,1789826058,0.0,3.1978,101.6816,0.0
EMU28,2861,1789826091,117.0,4.7143,101.1235,0.0
SCS08,weekend_2263,1789826105,0.0,3.0986,101.7051,0.0
SCS24,2967,1789826105,115.0,6.4584,100.2592,0.0
SCS22,2964,1789826105,69.0,5.3612,100.467,0.0
ETS205,9055,1789826104,0.0,3.137,101.6914,0.0
SCS19,weekend_2378,1789826104,38.0,3.3138,101.5749,0.0
EMU23,2960,1789826102,18.0,6.0362,100.4043,0.0
DMU10(D6120),60,1789826094,43.0,5.763,102.1465,0.0
ETS216,9214,1789826094,132.0,5.599,100.4935,0.0
EMU31,2959,1789826093,85.0,5.3705,100.4682,0.0
SCS09,weekend_2255,1789826103,0.0,2.7216,101.9334,0.0
SCS10,weekend_2267,1789826103,62.0,3.1949,101.6842,0.0
ETS213,9233,1789826103,84.0,3.2941,101.5744,0.0
ETS303,9535,1789826089,90.0,2.5914474,102.09668,0.0
ETS302,9578,1789826089,90.0,3.1382232,101.69443,0.0
ETS301,9533,1789826089,90.0,1.5678242,103.67915,0.0
ETS212,9138,1789826188,112.0,4.1055,101.2627,0.0
SCS26,weekend_2384,1789826188,76.0,3.0637,101.5461,0.0
SCS13,weekend_2389,1789826141,0.0,3.3757,101.614,0.0
ETS216,9214,1789826139,128.0,5.6142,100.4969,0.0
EMU31,2959,1789826138,40.0,5.3618,100.4672,0.0
EMU28,2861,1789826136,113.0,4.7046,101.1326,0.0
ETS303,9535,1789826209,90.0,2.5608482,102.12353,0.0
ETS301,9533,1789826209,90.0,1.5461657,103.70144,0.0
ETS302,9578,1789826209,90.0,3.1393466,101.694725,0.0
ETS215,9276,1789826144,66.0,6.1169,100.3715,0.0
SCS24,2967,1789826135,114.0,6.4499,100.2622,0.0
SCS10,weekend_2267,1789826133,46.0,3.1918,101.6868,0.0
EMU23,2960,1789826132,25.0,6.0381,100.4033,0.0
ETS211,9135,1789826185,0.0,3.5535,101.6395,0.0
DMU10(D6120),60,1789826184,83.0,5.775,102.1422,0.0
SCS22,2964,1789826180,114.0,5.382,100.4696,0.0
ETS301,9533,1789826209,90.0,1.5461657,103.70144,0.0
EMU28,2861,1789826241,121.0,4.6765,101.1385,0.0
SCS13,weekend_2389,1789826231,106.0,3.3683,101.6056,0.0
ETS303,9535,1789826209,90.0,2.5608482,102.12353,0.0
ETS302,9578,1789826209,90.0,3.1393466,101.694725,0.0
EMU28,2861,1789826271,117.0,4.6691,101.1329,0.0
ETS301,9533,1789826330,90.0,1.5369145,103.72383,0.0
ETS303,9535,1789826330,90.0,2.535421,102.1553,0.0
ETS302,9578,1789826330,90.0,3.1425705,101.694626,0.0
SCS32,weekend_2385,1789826370,0.0,3.1358,101.6889,0.0
ETS301,9533,1789826330,90.0,1.5369145,103.72383,0.0
ETS303,9535,1789826330,90.0,2.535421,102.1553,0.0
ETS302,9578,1789826330,90.0,3.1425705,101.694626,0.0
ETS213,9233,1789826373,30.0,3.2596,101.5554,0.0
SCS24,2967,1789826420,114.0,6.3989,100.2818,0.0
ETS216,9214,1789826379,7.0,5.6441,100.4901,0.0
ETS301,9533,1789826451,90.0,1.5361854,103.72529,0.0
ETS303,9535,1789826451,90.0,2.501587,102.175804,0.0
ETS302,9578,1789826451,90.0,3.1500714,101.6917,0.0
DMU10(D6120),60,1789826424,0.0,5.8063,102.1467,0.0
SCS22,2964,1789826405,115.0,5.445,100.4912,0.0
SCS26,weekend_2384,1789826383,1.0,3.0757,101.559,0.0
SCS08,weekend_2263,1789826385,0.0,3.0986,101.7051,0.0
ETS215,9276,1789826384,142.0,6.1916,100.3697,0.0
ETS211,9135,1789826380,100.0,3.5133,101.6312,0.0
EMU28,2861,1789826383,118.0,4.6421,101.1125,0.0
ETS205,9055,1789826374,0.0,3.137,101.6914,0.0
ETS204,9352,1789826374,105.0,4.7467,101.1213,0.0
SCS10,weekend_2267,1789826373,20.0,3.1755,101.6856,0.0
ETS301,9533,1789826451,90.0,1.5361854,103.72529,0.0
ETS303,9535,1789826451,90.0,2.501587,102.175804,0.0
ETS302,9578,1789826451,90.0,3.1500714,101.6917,0.0
SCS24,2967,1789826465,114.0,6.3881,100.2899,0.0
DMU10(D6120),60,1789826469,0.0,5.8063,102.1466,0.0
SCS22,2964,1789826465,113.0,5.4624,100.4958,0.0
SCS32,weekend_2385,1789826490,0.0,3.1358,101.6889,0.0
ETS212,9138,1789826488,93.0,4.1619,101.1907,0.0
EMU28,2861,1789826488,87.0,4.6176,101.0939,0.0
EMU23,2960,1789826487,120.0,6.0775,100.381,0.0
SCS13,weekend_2389,1789826486,50.0,3.3342,101.5715,0.0
ETS211,9135,1789826485,108.0,3.4855,101.6385,0.0
ETS301,9533,1789826572,90.0,1.5310576,103.73482,0.0
ETS303,9535,1789826572,90.0,2.4628577,102.18354,0.0
SCS24,2967,1789826495,111.0,6.3809,100.2953,0.0
ETS205,9055,1789826494,0.0,3.137,101.6914,0.0
ETS204,9352,1789826494,117.0,4.7773,101.103,0.0
ETS213,9233,1789826493,82.0,3.2431,101.5606,0.0
DMU10(D6120),60,1789826589,70.0,5.8136,102.1476,0.0
ETS213,9233,1789826583,103.0,3.2205,101.5653,0.0
EMU31,2959,1789826575,76.0,5.3661,100.4392,0.0
ETS301,9533,1789826572,90.0,1.5310576,103.73482,0.0
ETS303,9535,1789826572,90.0,2.4628577,102.18354,0.0
SCS10,weekend_2267,1789826575,0.0,3.1652,101.6912,0.0
ETS205,9055,1789826584,0.0,3.137,101.6914,0.0
SCS19,weekend_2378,1789826584,107.0,3.3668,101.6009,0.0
ETS204,9352,1789826584,111.0,4.8009,101.0889,0.0
SCS22,2964,1789826585,0.0,5.4817,100.4978,0.0
SCS24,2967,1789826615,3.0,6.3712,100.3026,0.0
SCS32,weekend_2385,1789826595,0.0,3.1358,101.6889,0.0
EMU28,2861,1789826593,77.0,4.6069,101.0765,0.0
SCS26,weekend_2384,1789826593,40.0,3.0813,101.5749,0.0
EMU23,2960,1789826592,93.0,6.1042,100.3666,0.0
SCS13,weekend_2389,1789826591,33.0,3.3238,101.5722,0.0
ETS211,9135,1789826590,122.0,3.4544,101.6398,0.0
ETS216,9214,1789826589,121.0,5.6987,100.5094,0.0
ETS205,9058,1789826674,0.0,3.137,101.6914,0.0
SCS32,weekend_2385,1789826670,0.0,3.1358,101.6889,0.0
SCS08,weekend_2263,1789826665,0.0,3.0986,101.7051,0.0
SCS10,weekend_2267,1789826635,0.0,3.1652,101.6913,0.0
DMU10(D6120),60,1789826634,95.0,5.8237,102.1489,0.0
ETS204,9352,1789826629,106.0,4.8103,101.0797,0.0
ETS212,9138,1789826623,120.0,4.1949,101.1841,0.0
EMU28,2861,1789826623,59.0,4.6013,101.0749,0.0
ETS211,9135,1789826620,113.0,3.4454,101.6386,0.0
ETS303,9535,1789826693,90.0,2.4651363,102.205154,0.0
ETS301,9533,1789826693,90.0,1.50269,103.752304,0.0
ETS213,9233,1789826673,38.0,3.2081,101.5761,0.0
SCS19,weekend_2378,1789826659,22.0,3.3755,101.6138,0.0
SCS13,weekend_2389,1789826636,19.0,3.3199,101.5748,0.0
ETS216,9214,1789826619,123.0,5.7079,100.5117,0.0
EMU31,2959,1789826635,76.0,5.3625,100.427,0.0
SCS26,weekend_2384,1789826623,43.0,3.0817,101.5781,0.0
DMU10(D6120),60,1789826724,99.0,5.8471,102.1518,0.0
SCS20,weekend_2382,1789826722,0.0,3.1352,101.6895,0.0
SCS26,weekend_2384,1789826728,32.0,3.0847,101.5862,0.0
ETS212,9138,1789826728,119.0,4.2305,101.1773,0.0
EMU31,2959,1789826725,2.0,5.3646,100.4211,0.0
SCS19,weekend_2378,1789826719,52.0,3.3768,101.6151,0.0
ETS216,9214,1789826709,134.0,5.7369,100.5085,0.0
ETS301,9533,1789826693,90.0,1.50269,103.752304,0.0
ETS303,9535,1789826693,90.0,2.4651363,102.205154,0.0
ETS213,9233,1789826673,38.0,3.2081,101.5761,0.0
ETS216,9214,1789826739,132.0,5.7466,100.5047,0.0
SCS24,2967,1789826765,114.0,6.343,100.3236,0.0
SCS22,2964,1789826765,114.0,5.5222,100.5076,0.0
SCS19,weekend_2378,1789826764,110.0,3.3842,101.6225,0.0
ETS205,9058,1789826764,0.0,3.1389,101.6935,0.0
ETS213,9233,1789826763,11.0,3.2061,101.5798,0.0
SCS10,weekend_2267,1789826800,0.0,3.1539,101.6925,0.0
SCS32,weekend_2385,1789826760,22.0,3.1296,101.6815,0.0
ETS301,9533,1789826814,90.0,1.4745299,103.75781,0.0
ETS303,9535,1789826814,90.0,2.4635327,102.22662,0.0
DMU10(D6120),60,1789826769,99.0,5.859,102.1532,0.0
ETS215,9276,1789826804,130.0,6.3288,100.3342,0.0
EMU23,2960,1789826802,121.0,6.1332,100.3788,0.0
SCS13,weekend_2389,1789826801,90.0,3.303,101.5749,0.0
EMU31,2959,1789826815,96.0,5.3713,100.4042,0.0
SCS19,weekend_2378,1789826854,105.0,3.4093,101.6277,0.0
ETS213,9233,1789826853,4.0,3.2063,101.5798,0.0
SCS22,2964,1789826795,114.0,5.5309,100.5052,0.0
ETS205,9058,1789826794,0.0,3.1389,101.6935,0.0
SCS24,2967,1789826840,114.0,6.3251,100.337,0.0
ETS301,9533,1789826814,90.0,1.4745299,103.75781,0.0
ETS303,9535,1789826814,90.0,2.4635327,102.22662,0.0
ETS301,9533,1789826935,90.0,1.4646677,103.76518,0.0
ETS303,9535,1789826935,90.0,2.4623783,102.22868,0.0
SCS13,weekend_2389,1789826906,53.0,3.2851,101.5689,0.0
EMU31,2959,1789826905,80.0,5.381,100.3858,0.0
SCS19,weekend_2378,1789826854,105.0,3.4093,101.6277,0.0
ETS213,9233,1789826853,4.0,3.2063,101.5798,0.0
SCS22,2964,1789826885,114.0,5.5571,100.4989,0.0
SCS24,2967,1789826945,114.0,6.2962,100.3482,0.0
ETS301,9533,1789826935,90.0,1.4646677,103.76518,0.0
ETS303,9535,1789826935,90.0,2.4623783,102.22868,0.0
DMU10(D6120),60,1789826949,80.0,5.9038,102.1588,0.0
ETS212,9138,1789826938,99.0,4.2842,101.164,0.0
SCS26,weekend_2384,1789826938,55.0,3.0829,101.6053,0.0
SCS32,weekend_2385,1789826936,0.0,3.1196,101.6739,0.0
ETS211,9135,1789826935,106.0,3.3683,101.6062,0.0
EMU31,2959,1789826935,76.0,5.384,100.3803,0.0
ETS216,9214,1789826934,142.0,5.8087,100.4798,0.0
SCS19,weekend_2378,1789826989,116.0,3.4425,101.638,0.0
ETS212,9138,1789826983,113.0,4.2968,101.1599,0.0
SCS26,weekend_2384,1789826983,10.0,3.0831,101.6106,0.0
SCS32,weekend_2385,1789826981,30.0,3.1186,101.6733,0.0
EMU31,2959,1789826980,32.0,5.387,100.3742,0.0
SCS10,weekend_2267,1789826980,12.0,3.1423,101.6942,0.0
ETS211,9135,1789826980,112.0,3.3641,101.5934,0.0
ETS216,9214,1789826979,134.0,5.8246,100.4779,0.0
SCS24,2967,1789826975,115.0,6.2874,100.35,0.0
ETS213,9233,1789826973,92.0,3.2007,101.5973,0.0
ETS301,9533,1789827056,90.0,1.4624951,103.7661,0.0
ETS303,9535,1789827056,90.0,2.4589996,102.259674,0.0
ETS205,9058,1789826989,0.0,3.1472,101.6907,0.0
SCS26,weekend_2384,1789827073,39.0,3.0835,101.6134,0.0
EMU28,2861,1789827073,0.0,4.5971,101.0729,0.0
ETS216,9214,1789827069,131.0,5.856,100.4769,0.0
SCS13,weekend_2389,1789827086,23.0,3.2622,101.5566,0.0
SCS10,weekend_2267,1789827085,0.0,3.1393,101.6936,0.0
SCS20,weekend_2382,1789827082,17.0,3.1445,101.6929,0.0
SCS22,2964,1789827080,112.0,5.6148,100.4969,0.0
ETS212,9138,1789827073,0.0,4.3026,101.1527,0.0
EMU23,2960,1789827072,68.0,6.1858,100.3732,0.0
ETS204,9352,1789827079,115.0,4.843,101.0044,0.0
ETS213,9233,1789827078,77.0,3.2082,101.6187,0.0
ETS301,9533,1789827056,90.0,1.4624951,103.7661,0.0
ETS303,9535,1789827056,90.0,2.4589996,102.259674,0.0
DMU10(D6120),60,1789827159,78.0,5.9525,102.1467,0.0
SCS20,weekend_2382,1789827122,29.0,3.1466,101.6912,0.0
ETS204,9352,1789827124,117.0,4.8448,100.9908,0.0
ETS205,9058,1789827124,0.0,3.1696,101.6857,0.0
ETS212,9138,1789827118,16.0,4.3032,101.1525,0.0
SCS26,weekend_2384,1789827118,41.0,3.0844,101.62,0.0
EMU23,2960,1789827117,111.0,6.1959,100.3686,0.0
ETS211,9135,1789827115,95.0,3.3481,101.5723,0.0
ETS301,9533,1789827177,90.0,1.4634151,103.76625,0.0
ETS303,9535,1789827177,90.0,2.4556975,102.299545,0.0
SCS13,weekend_2389,1789827161,28.0,3.2588,101.555,0.0
SCS10,weekend_2267,1789827160,19.0,3.1361,101.6904,0.0
SCS22,2964,1789827125,115.0,5.6275,100.4926,0.0
SCS19,weekend_2378,1789827124,0.0,3.4678,101.6376,0.0
SCS32,weekend_2385,1789827116,0.0,3.1141,101.673,0.0
ETS215,9276,1789827179,48.0,6.4309,100.2687,0.0
EMU28,2861,1789827163,0.0,4.5971,101.0729,0.0
ETS211,9135,1789827160,68.0,3.3385,101.5727,0.0
ETS301,9533,1789827177,90.0,1.4634151,103.76625,0.0
ETS303,9535,1789827177,90.0,2.4556975,102.299545,0.0
ETS212,9138,1789827163,63.0,4.306,101.1489,0.0
SCS10,weekend_2267,1789827160,19.0,3.1361,101.6904,0.0
EMU23,2960,1789827162,120.0,6.2097,100.3658,0.0
SCS32,weekend_2385,1789827161,40.0,3.1123,101.6737,0.0
SCS20,weekend_2382,1789827202,3.0,3.1547,101.6931,0.0
SCS22,2964,1789827200,5.0,5.6423,100.4899,0.0
SCS24,2967,1789827200,114.0,6.2214,100.3635,0.0
ETS204,9352,1789827199,109.0,4.8397,100.9694,0.0
SCS19,weekend_2378,1789827199,95.0,3.4761,101.6391,0.0
ETS205,9058,1789827199,70.0,3.1797,101.6766,0.0
ETS213,9233,1789827198,87.0,3.1967,101.6443,0.0
ETS215,9276,1789827254,0.0,6.4327,100.2681,0.0
ETS303,9535,1789827298,90.0,2.4549,102.3238,0.0
ETS212,9138,1789827268,136.0,4.3326,101.1275,0.0
SCS24,2967,1789827260,114.0,6.2038,100.3671,0.0
ETS216,9214,1789827249,137.0,5.9173,100.4672,0.0
SCS22,2964,1789827245,0.0,5.6424,100.4899,0.0
SCS19,weekend_2378,1789827259,85.0,3.4923,101.6354,0.0
ETS204,9352,1789827259,115.0,4.8311,100.9535,0.0
ETS303,9535,1789827298,90.0,2.4549,102.3238,0.0
SCS24,2967,1789827305,71.0,6.192,100.3696,0.0
SCS22,2964,1789827305,90.0,5.6492,100.4911,0.0
SCS19,weekend_2378,1789827304,22.0,3.4994,101.6343,0.0
ETS204,9352,1789827304,119.0,4.8183,100.9515,0.0
SCS13,weekend_2389,1789827341,81.0,3.2455,101.5596,0.0
SCS10,weekend_2267,1789827340,0.0,3.1357,101.6892,0.0
ETS216,9214,1789827339,130.0,5.9465,100.4551,0.0
SCS13,weekend_2389,1789827341,81.0,3.2455,101.5596,0.0
SCS10,weekend_2267,1789827340,0.0,3.1357,101.6892,0.0
ETS216,9214,1789827339,130.0,5.9465,100.4551,0.0
ETS303,9535,1789827419,90.0,2.4560297,102.33049,0.0
SCS08,weekend_2263,1789827385,0.0,3.0986,101.7051,0.0
SCS24,2967,1789827380,0.0,6.1838,100.3746,0.0
SCS19,weekend_2378,1789827379,73.0,3.5029,101.6337,0.0
ETS204,9352,1789827349,0.0,4.8069,100.9476,0.0
ETS205,9058,1789827349,70.0,3.1945,101.6496,0.0
ETS213,9233,1789827348,94.0,3.1773,101.6797,0.0
EMU28,2861,1789827343,0.0,4.5971,101.0729,0.0
ETS211,9135,1789827340,69.0,3.31,101.5748,0.0
SCS20,weekend_2382,1789827382,0.0,3.1661,101.6903,0.0
SCS32,weekend_2385,1789827341,40.0,3.0949,101.6699,0.0
ETS215,9276,1789827434,120.0,6.4505,100.262,0.0
ETS211,9135,1789827445,66.0,3.2904,101.5724,0.0
SCS20,weekend_2382,1789827442,23.0,3.1669,101.6893,0.0
SCS22,2964,1789827440,115.0,5.6869,100.5021,0.0
ETS303,9535,1789827419,90.0,2.4560297,102.33049,0.0
SCS24,2967,1789827440,31.0,6.183,100.3751,0.0
SCS10,weekend_2267,1789827490,19.0,3.1282,101.6801,0.0
DMU10(D6120),60,1789827489,85.0,6.0009,102.1416,0.0
SCS22,2964,1789827485,114.0,5.6983,100.5092,0.0
SCS24,2967,1789827485,107.0,6.1746,100.3784,0.0
SCS20,weekend_2382,1789827482,4.0,3.1676,101.6879,0.0
ETS212,9138,1789827478,140.0,4.3934,101.0839,0.0
EMU28,2861,1789827478,0.0,4.5971,101.0729,0.0
ETS204,9352,1789827454,87.0,4.7816,100.9351,0.0
ETS216,9214,1789827519,132.0,6.0021,100.4236,0.0
EMU23,2960,1789827488,120.0,6.3095,100.3454,0.0
ETS205,9058,1789827454,64.0,3.2052,101.6349,0.0
ETS303,9535,1789827540,90.0,2.4572842,102.337906,0.0
SCS22,2964,1789827530,114.0,5.7114,100.5125,0.0
ETS212,9138,1789827523,158.0,4.4083,101.0763,0.0
SCS13,weekend_2389,1789827521,36.0,3.2082,101.5759,0.0
SCS08,weekend_2263,1789827565,47.0,3.103,101.6994,0.0
SCS24,2967,1789827560,114.0,6.1519,100.38,0.0
ETS205,9058,1789827559,0.0,3.2086,101.6294,0.0
SCS19,weekend_2378,1789827559,87.0,3.5428,101.6363,0.0
ETS213,9233,1789827558,0.0,3.1486,101.6908,0.0
ETS215,9276,1789827524,133.0,6.4788,100.2537,0.0
EMU28,2861,1789827523,0.0,4.5971,101.0729,0.0
SCS26,weekend_2384,1789827523,0.0,3.0833,101.6559,0.0
SCS20,weekend_2382,1789827522,69.0,3.1711,101.685,0.0
SCS32,weekend_2385,1789827521,25.0,3.087,101.6662,0.0
ETS211,9135,1789827520,48.0,3.2812,101.5657,0.0
ETS204,9352,1789827634,76.0,4.7743,100.9257,0.0
ETS205,9058,1789827619,0.0,3.2086,101.6292,0.0
SCS19,weekend_2378,1789827619,26.0,3.5523,101.6396,0.0
ETS213,9233,1789827618,31.0,3.1445,101.6928,0.0
ETS216,9214,1789827609,137.0,6.0295,100.4081,0.0
SCS24,2967,1789827605,114.0,6.1385,100.3806,0.0
ETS213,9233,1789827663,6.0,3.1419,101.6942,0.0
ETS216,9214,1789827654,135.0,6.0433,100.4004,0.0
SCS10,weekend_2267,1789827685,0.0,3.118,101.6791,0.0
ETS215,9276,1789827704,125.0,6.5403,100.2598,0.0
SCS24,2967,1789827695,52.0,6.1164,100.3712,0.0
ETS205,9058,1789827694,0.0,3.2083,101.6289,0.0
ETS204,9352,1789827694,74.0,4.7759,100.9124,0.0
EMU28,2861,1789827688,0.0,4.5971,101.0729,0.0
SCS26,weekend_2384,1789827688,0.0,3.0862,101.6638,0.0
ETS212,9138,1789827688,87.0,4.4574,101.0504,0.0
SCS32,weekend_2385,1789827686,0.0,3.0866,101.665,0.0
SCS13,weekend_2389,1789827686,36.0,3.2034,101.5858,0.0
ETS211,9135,1789827685,46.0,3.2597,101.5553,0.0
SCS22,2964,1789827650,114.0,5.7455,100.5051,0.0
SCS19,weekend_2378,1789827634,0.0,3.5527,101.6396,0.0
ETS303,9535,1789827661,90.0,2.4584653,102.34495,0.0
ETS215,9276,1789827704,125.0,6.5403,100.2598,0.0
SCS13,weekend_2389,1789827701,47.0,3.2026,101.5873,0.0
SCS10,weekend_2267,1789827700,0.0,3.118,101.6791,0.0
ETS216,9214,1789827699,134.0,6.0566,100.3928,0.0
DMU10(D6120),60,1789827699,38.0,6.0349,102.1394,0.0
SCS24,2967,1789827695,52.0,6.1164,100.3712,0.0
ETS204,9352,1789827694,74.0,4.7759,100.9124,0.0
SCS19,weekend_2378,1789827694,63.0,3.5555,101.6391,0.0
ETS205,9058,1789827694,0.0,3.2083,101.6289,0.0
ETS213,9233,1789827693,4.0,3.1405,101.6938,0.0
ETS303,9535,1789827782,90.0,2.4596565,102.352,0.0
SCS26,weekend_2384,1789827793,52.0,3.0879,101.6686,0.0
EMU28,2861,1789827793,0.0,4.5972,101.0728,0.0
SCS32,weekend_2385,1789827791,0.0,3.0866,101.665,0.0
SCS13,weekend_2389,1789827791,84.0,3.1997,101.6051,0.0
ETS211,9135,1789827790,66.0,3.2449,101.5602,0.0
EMU23,2960,1789827786,0.0,6.3706,100.303,0.0
SCS10,weekend_2267,1789827790,0.0,3.1179,101.6791,0.0
SCS08,weekend_2263,1789827785,7.0,3.1146,101.6804,0.0
ETS213,9233,1789827783,5.0,3.14,101.6939,0.0
SCS20,weekend_2382,1789827782,0.0,3.1923,101.6546,0.0
SCS24,2967,1789827815,89.0,6.1084,100.3676,0.0
SCS22,2964,1789827815,115.0,5.7908,100.485,0.0
ETS205,9058,1789827799,79.0,3.2083,101.6217,0.0
ETS215,9276,1789827794,132.0,6.5715,100.2593,0.0
ETS212,9138,1789827793,0.0,4.46,101.0492,0.0
SCS19,weekend_2378,1789827769,102.0,3.565,101.6236,0.0
ETS204,9352,1789827769,76.0,4.7731,100.8979,0.0
ETS216,9214,1789827819,122.0,6.0925,100.3727,0.0
ETS212,9138,1789827868,0.0,4.46,101.0492,0.0
SCS24,2967,1789827860,115.0,6.097,100.3703,0.0
SCS22,2964,1789827860,119.0,5.8039,100.4809,0.0
SCS19,weekend_2378,1789827859,103.0,3.5843,101.6118,0.0
ETS205,9058,1789827859,84.0,3.2013,101.6114,0.0
ETS213,9233,1789827858,9.0,3.1395,101.6934,0.0
DMU10(D6120),60,1789827819,22.0,6.0414,102.1417,0.0
EMU23,2960,1789827816,23.0,6.3709,100.3027,0.0
SCS22,2964,1789827905,91.0,5.8169,100.4786,0.0
DMU10(D6120),60,1789827909,0.0,6.0428,102.1423,0.0
ETS303,9535,1789827903,90.0,2.4607382,102.358406,0.0
ETS213,9233,1789827918,0.0,3.1366,101.691,0.0
ETS212,9138,1789827913,44.0,4.4627,101.0479,0.0
ETS211,9135,1789827910,92.0,3.2203,101.5656,0.0
ETS216,9214,1789827909,44.0,6.1119,100.3691,0.0
SCS24,2967,1789827905,114.0,6.0852,100.377,0.0
ETS204,9352,1789827934,99.0,4.7785,100.8541,0.0
ETS205,9058,1789827919,81.0,3.2008,101.5986,0.0
SCS19,weekend_2378,1789827919,86.0,3.5971,101.6028,0.0
ETS213,9233,1789827933,0.0,3.1366,101.691,0.0
ETS212,9138,1789827973,93.0,4.4754,101.0421,0.0
SCS20,weekend_2382,1789827962,34.0,3.2013,101.6386,0.0
SCS26,weekend_2384,1789827943,64.0,3.0987,101.6708,0.0
EMU28,2861,1789827943,0.0,4.5972,101.0728,0.0
ETS204,9352,1789827979,113.0,4.7779,100.8403,0.0
ETS205,9058,1789827979,37.0,3.2023,101.5884,0.0
SCS19,weekend_2378,1789827979,114.0,3.6045,101.5897,0.0
SCS08,weekend_2263,1789827965,6.0,3.1204,101.6786,0.0
DMU10(D6120),60,1789827954,11.0,6.0434,102.1427,0.0
SCS10,weekend_2267,1789828045,23.0,3.0993,101.7041,0.0
ETS216,9214,1789828044,0.0,6.1128,100.3695,0.0
DMU10(D6120),60,1789828044,62.0,6.0512,102.1468,0.0
EMU23,2960,1789828041,94.0,6.4235,100.2712,0.0
ETS303,9535,1789828024,90.0,2.4620016,102.36594,0.0
ETS212,9138,1789828048,133.0,4.4961,101.0452,0.0
SCS26,weekend_2384,1789828048,9.0,3.1125,101.6736,0.0
SCS32,weekend_2385,1789828046,102.0,3.0824,101.6454,0.0
SCS08,weekend_2263,1789828045,14.0,3.1236,101.6781,0.0
SCS20,weekend_2382,1789828042,15.0,3.2034,101.6366,0.0
SCS22,2964,1789828040,24.0,5.8243,100.478,0.0
EMU23,2960,1789828086,27.0,6.4308,100.2687,0.0
SCS24,2967,1789828115,113.0,6.0306,100.4076,0.0
SCS13,weekend_2389,1789828106,6.0,3.2023,101.6376,0.0
SCS08,weekend_2263,1789828105,15.0,3.1266,101.6789,0.0
SCS10,weekend_2267,1789828105,0.0,3.0979,101.706,0.0
DMU10(D6120),60,1789828104,92.0,6.0626,102.1528,0.0
SCS22,2964,1789828100,115.0,5.8378,100.4769,0.0
SCS19,weekend_2378,1789828099,113.0,3.6289,101.5654,0.0
ETS205,9058,1789828099,0.0,3.2061,101.581,0.0
ETS213,9233,1789828098,0.0,3.1366,101.691,0.0
ETS215,9276,1789828094,58.0,6.6508,100.3031,0.0
ETS212,9138,1789828093,86.0,4.5101,101.0478,0.0
SCS26,weekend_2384,1789828093,0.0,3.1128,101.6735,0.0
ETS211,9135,1789828090,0.0,3.2064,101.5807,0.0
ETS216,9214,1789828089,0.0,6.1128,100.3695,0.0
SCS20,weekend_2382,1789828082,32.0,3.2058,101.6344,0.0
SCS32,weekend_2385,1789828061,100.0,3.083,101.6415,0.0
ETS216,9214,1789828149,131.0,6.1374,100.3804,0.0
ETS303,9535,1789828145,90.0,2.462663,102.37377,0.0
ETS213,9233,1789828113,0.0,3.1366,101.691,0.0
SCS22,2964,1789828175,115.0,5.8602,100.4769,0.0
ETS215,9276,1789828154,60.0,6.6565,100.3113,0.0
ETS212,9138,1789828153,28.0,4.5183,101.0494,0.0
SCS32,weekend_2385,1789828151,0.0,3.0844,101.6326,0.0
SCS10,weekend_2267,1789828150,0.0,3.0979,101.706,0.0
SCS08,weekend_2263,1789828145,10.0,3.128,101.6799,0.0
SCS20,weekend_2382,1789828122,44.0,3.2084,101.6303,0.0
SCS24,2967,1789828115,113.0,6.0306,100.4076,0.0
EMU23,2960,1789828146,21.0,6.4318,100.2683,0.0
ETS205,9058,1789828234,0.0,3.2061,101.581,0.0
ETS213,9233,1789828233,0.0,3.1366,101.691,0.0
SCS20,weekend_2382,1789828230,79.0,3.2085,101.6235,0.0
ETS215,9276,1789828229,35.0,6.6614,100.3183,0.0
SCS26,weekend_2384,1789828228,0.0,3.1184,101.6733,0.0
ETS212,9138,1789828228,22.0,4.5247,101.0506,0.0
SCS32,weekend_2385,1789828226,11.0,3.0844,101.6324,0.0
SCS13,weekend_2389,1789828226,0.0,3.2022,101.6377,0.0
ETS211,9135,1789828225,10.0,3.2039,101.5849,0.0
SCS22,2964,1789828205,114.0,5.8693,100.4769,0.0
EMU23,2960,1789828176,66.0,6.4353,100.2671,0.0
SCS24,2967,1789828205,114.0,6.007,100.4209,0.0
SCS19,weekend_2378,1789828204,114.0,3.6525,101.5456,0.0
ETS204,9352,1789828204,123.0,4.7844,100.7722,0.0
SCS10,weekend_2267,1789828180,0.0,3.0979,101.706,0.0
ETS216,9214,1789828179,133.0,6.1479,100.3802,0.0
SCS08,weekend_2263,1789828205,20.0,3.1305,101.6819,0.0
SCS19,weekend_2378,1789828294,103.0,3.6727,101.5296,0.0
SCS24,2967,1789828280,114.0,5.9874,100.432,0.0
ETS204,9352,1789828279,0.0,4.7944,100.7544,0.0
EMU23,2960,1789828296,116.0,6.4677,100.256,0.0
ETS303,9535,1789828266,90.0,2.4609804,102.38618,0.0
ETS213,9233,1789828233,0.0,3.1366,101.691,0.0
SCS32,weekend_2385,1789828346,0.0,3.0846,101.6224,0.0
SCS13,weekend_2389,1789828346,0.0,3.2022,101.6377,0.0
SCS10,weekend_2267,1789828345,0.0,3.0979,101.706,0.0
ETS216,9214,1789828344,122.0,6.2,100.3679,0.0
EMU23,2960,1789828341,116.0,6.4813,100.2537,0.0
SCS24,2967,1789828340,49.0,5.9759,100.4385,0.0
ETS205,9058,1789828339,0.0,3.2061,101.581,0.0
SCS19,weekend_2378,1789828339,59.0,3.6794,101.5239,0.0
ETS213,9233,1789828338,0.0,3.1366,101.691,0.0
ETS215,9276,1789828334,0.0,6.663,100.3201,0.0
ETS212,9138,1789828333,26.0,4.5391,101.0532,0.0
SCS26,weekend_2384,1789828318,21.0,3.1221,101.6757,0.0
ETS211,9135,1789828315,88.0,3.2012,101.6015,0.0
SCS20,weekend_2382,1789828310,84.0,3.2003,101.6097,0.0
SCS22,2964,1789828340,115.0,5.9086,100.4705,0.0
SCS08,weekend_2263,1789828325,0.0,3.1324,101.6834,0.0
ETS215,9276,1789828424,1.0,6.663,100.3201,0.0
SCS19,weekend_2378,1789828414,0.0,3.684,101.5189,0.0
ETS205,9058,1789828414,87.0,3.2325,101.5595,0.0
ETS204,9352,1789828414,88.0,4.818,100.7391,0.0
ETS213,9233,1789828413,0.0,3.1366,101.691,0.0
SCS20,weekend_2382,1789828410,57.0,3.2023,101.5883,0.0
ETS303,9535,1789828387,90.0,2.4716308,102.41284,0.0
SCS19,weekend_2378,1789828414,0.0,3.684,101.5189,0.0
ETS205,9058,1789828474,70.0,3.245,101.5602,0.0
ETS215,9276,1789828454,0.0,6.663,100.3201,0.0
ETS212,9138,1789828453,95.0,4.5531,101.0559,0.0
SCS32,weekend_2385,1789828451,17.0,3.084,101.6173,0.0
SCS13,weekend_2389,1789828451,0.0,3.2022,101.6377,0.0
SCS22,2964,1789828430,114.0,5.9338,100.4608,0.0
SCS10,weekend_2267,1789828450,0.0,3.0979,101.706,0.0
ETS211,9135,1789828450,81.0,3.2088,101.6274,0.0
SCS24,2967,1789828460,76.0,5.969,100.4424,0.0
EMU23,2960,1789828416,111.0,6.5041,100.2535,0.0
SCS20,weekend_2382,1789828470,42.0,3.2057,101.5817,0.0
ETS213,9233,1789828473,0.0,3.1366,101.691,0.0
SCS08,weekend_2263,1789828465,7.0,3.1365,101.69,0.0
DMU10(D6120),60,1789828464,17.0,6.1161,102.1983,0.0
ETS204,9352,1789828474,110.0,4.8323,100.7317,0.0
SCS24,2967,1789828505,117.0,5.9582,100.4485,0.0
SCS32,weekend_2385,1789828526,0.0,3.0832,101.612,0.0
SCS13,weekend_2389,1789828526,0.0,3.2022,101.6377,0.0
DMU10(D6120),60,1789828524,0.0,6.1183,102.2007,0.0
EMU23,2960,1789828534,0.0,6.5234,100.2568,0.0
ETS205,9058,1789828474,70.0,3.245,101.5602,0.0
SCS22,2964,1789828520,114.0,5.9579,100.4486,0.0
ETS204,9352,1789828519,99.0,4.843,100.7283,0.0
ETS303,9535,1789828508,90.0,2.47373,102.416794,0.0
ETS213,9233,1789828473,0.0,3.1366,101.691,0.0
ETS213,9233,1789828593,30.0,3.1429,101.6935,0.0
SCS20,weekend_2382,1789828590,0.0,3.2063,101.5798,0.0
ETS216,9214,1789828584,129.0,6.2762,100.3523,0.0
SCS24,2967,1789828580,114.0,5.9383,100.4592,0.0
ETS204,9352,1789828579,0.0,4.853,100.7319,0.0
EMU23,2960,1789828579,16.0,6.5238,100.2569,0.0
SCS32,weekend_2385,1789828586,25.0,3.0829,101.6096,0.0
SCS13,weekend_2389,1789828586,6.0,3.2018,101.6381,0.0
SCS10,weekend_2267,1789828585,0.0,3.0979,101.706,0.0
ETS211,9135,1789828585,0.0,3.1928,101.654,0.0
DMU10(D6120),60,1789828584,0.0,6.1183,102.2007,0.0
SCS22,2964,1789828565,74.0,5.9688,100.4424,0.0
SCS24,2967,1789828640,114.0,5.9215,100.4657,0.0
SCS22,2964,1789828640,0.0,5.9716,100.4409,0.0
ETS204,9352,1789828639,0.0,4.8535,100.7326,0.0
ETS213,9233,1789828638,18.0,3.1451,101.6924,0.0
SCS26,weekend_2384,1789828627,0.0,3.1326,101.684,0.0
SCS08,weekend_2263,1789828625,0.0,3.14,101.6939,0.0
SCS13,weekend_2389,1789828616,26.0,3.2007,101.6392,0.0
ETS211,9135,1789828615,100.0,3.1885,101.6616,0.0
DMU10(D6120),60,1789828614,9.0,6.119,102.2012,0.0
SCS20,weekend_2382,1789828610,0.0,3.2063,101.5798,0.0
SCS32,weekend_2385,1789828601,17.0,3.0829,101.6086,0.0
ETS215,9276,1789828604,2.0,6.663,100.3202,0.0
ETS212,9138,1789828603,0.0,4.587,101.0706,0.0
SCS10,weekend_2267,1789828600,0.0,3.0979,101.706,0.0
ETS303,9535,1789828629,90.0,2.4833734,102.43961,0.0
ETS205,9058,1789828654,0.0,3.2766,101.5621,0.0
ETS204,9352,1789828654,0.0,4.8535,100.7326,0.0
EMU23,2960,1789828654,104.0,6.5372,100.2592,0.0
ETS303,9535,1789828750,90.0,2.5032487,102.47446,0.0
SCS20,weekend_2382,1789828770,109.0,3.2232,101.5633,0.0
SCS24,2967,1789828760,114.0,5.8875,100.477,0.0
ETS204,9352,1789828759,87.0,4.8646,100.7298,0.0
ETS205,9058,1789828774,0.0,3.2961,101.575,0.0
EMU23,2960,1789828774,114.0,6.5734,100.2597,0.0
SCS32,weekend_2385,1789828747,0.0,3.0842,101.5934,0.0
SCS08,weekend_2263,1789828725,0.0,3.14,101.6939,0.0
ETS215,9276,1789828724,0.0,6.663,100.3202,0.0
ETS212,9138,1789828723,0.0,4.5963,101.0726,0.0
SCS13,weekend_2389,1789828721,62.0,3.1931,101.6527,0.0
SCS10,weekend_2267,1789828720,0.0,3.0979,101.706,0.0
ETS211,9135,1789828720,55.0,3.1799,101.6766,0.0
DMU10(D6120),60,1789828719,58.0,6.1244,102.2073,0.0
SCS26,weekend_2384,1789828717,0.0,3.1326,101.684,0.0
SCS22,2964,1789828715,116.0,5.9847,100.4335,0.0
ETS204,9352,1789828834,113.0,4.8827,100.7208,0.0
SCS24,2967,1789828820,114.0,5.8695,100.477,0.0
SCS22,2964,1789828820,114.0,6.0123,100.4179,0.0
ETS215,9276,1789828814,4.0,6.6632,100.3202,0.0
ETS212,9138,1789828813,0.0,4.5963,101.0726,0.0
ETS211,9135,1789828810,0.0,3.1707,101.6853,0.0
DMU10(D6120),60,1789828809,80.0,6.1365,102.2219,0.0
SCS08,weekend_2263,1789828805,16.0,3.1408,101.694,0.0
SCS13,weekend_2389,1789828811,55.0,3.1908,101.658,0.0
ETS215,9276,1789828889,4.0,6.663,100.3202,0.0
ETS212,9138,1789828888,0.0,4.5963,101.0726,0.0
SCS13,weekend_2389,1789828886,0.0,3.1861,101.6646,0.0
ETS211,9135,1789828885,0.0,3.1662,101.6903,0.0
EMU23,2960,1789828879,120.0,6.6054,100.2632,0.0
SCS32,weekend_2385,1789828867,0.0,3.0847,101.5891,0.0
ETS204,9352,1789828894,121.0,4.9013,100.7188,0.0
SCS20,weekend_2382,1789828890,45.0,3.2489,101.557,0.0
ETS303,9535,1789828871,90.0,2.5346494,102.5001,0.0
SCS24,2967,1789828865,114.0,5.856,100.4769,0.0
SCS22,2964,1789828865,114.0,6.024,100.4112,0.0
SCS10,weekend_2267,1789828885,0.0,3.0979,101.706,0.0
ETS205,9058,1789828954,0.0,3.3189,101.575,0.0
ETS204,9352,1789828954,111.0,4.9198,100.7168,0.0
SCS08,weekend_2263,1789828945,4.0,3.1525,101.6909,0.0
EMU23,2960,1789828909,115.0,6.6145,100.2643,0.0
ETS215,9276,1789828904,0.0,6.6631,100.3202,0.0
ETS211,9135,1789828915,45.0,3.1599,101.6925,0.0
SCS22,2964,1789828910,114.0,6.0358,100.4046,0.0
SCS24,2967,1789828910,111.0,5.8425,100.4769,0.0
SCS26,weekend_2384,1789828897,0.0,3.1326,101.684,0.0
SCS32,weekend_2385,1789828897,0.0,3.0847,101.5891,0.0
ETS204,9352,1789828954,111.0,4.9198,100.7168,0.0
ETS303,9535,1789828992,90.0,2.562806,102.52832,0.0
SCS32,weekend_2385,1789828987,0.0,3.0847,101.5891,0.0
SCS26,weekend_2384,1789828987,0.0,3.1326,101.684,0.0
SCS24,2967,1789828985,28.0,5.8267,100.4778,0.0
SCS22,2964,1789828985,114.0,6.0552,100.3936,0.0
ETS205,9058,1789828954,0.0,3.3189,101.575,0.0
ETS215,9276,1789829069,0.0,6.663,100.3201,0.0
SCS13,weekend_2389,1789829066,61.0,3.1727,101.6841,0.0
ETS211,9135,1789829065,0.0,3.1495,101.6906,0.0
ETS216,9214,1789829064,113.0,6.4198,100.2726,0.0
ETS212,9138,1789829053,41.0,4.6072,101.0766,0.0
SCS32,weekend_2385,1789829047,0.0,3.0847,101.5891,0.0
SCS08,weekend_2263,1789829045,34.0,3.1557,101.6936,0.0
ETS204,9352,1789829044,117.0,4.9467,100.7225,0.0
SCS22,2964,1789829030,114.0,6.067,100.3869,0.0
EMU23,2960,1789829074,96.0,6.6485,100.2965,0.0
ETS205,9058,1789829074,0.0,3.3189,101.5749,0.0
SCS20,weekend_2382,1789829070,0.0,3.2588,101.555,0.0
SCS24,2967,1789829060,2.0,5.8249,100.478,0.0
SCS26,weekend_2384,1789829032,0.0,3.1326,101.684,0.0
SCS10,weekend_2267,1789829065,0.0,3.0979,101.706,0.0
ETS303,9535,1789829113,90.0,2.579234,102.55952,0.0
ETS204,9352,1789829074,118.0,4.9559,100.7249,0.0
EMU23,2960,1789829134,62.0,6.6536,100.3073,0.0
SCS24,2967,1789829120,105.0,5.8151,100.4788,0.0
SCS26,weekend_2384,1789829077,0.0,3.1326,101.684,0.0
SCS32,weekend_2385,1789829077,0.0,3.0847,101.5891,0.0
SCS24,2967,1789829165,115.0,5.8019,100.4815,0.0
EMU23,2960,1789829179,42.0,6.6576,100.313,0.0
ETS204,9352,1789829179,120.0,4.9856,100.7335,0.0
ETS205,9058,1789829179,39.0,3.3228,101.5728,0.0
SCS20,weekend_2382,1789829190,69.0,3.2738,101.5618,0.0
ETS212,9138,1789829188,112.0,4.6229,101.0977,0.0
SCS22,2964,1789829180,101.0,6.1057,100.3666,0.0
SCS32,weekend_2385,1789829167,0.0,3.0847,101.5891,0.0
ETS303,9535,1789829234,90.0,2.5821848,102.58615,0.0
EMU23,2960,1789829239,2.0,6.6592,100.3158,0.0
ETS205,9058,1789829239,60.0,3.329,101.569,0.0
ETS204,9352,1789829239,110.0,5.0038,100.7352,0.0
SCS22,2964,1789829225,12.0,6.1123,100.3693,0.0
ETS215,9276,1789829309,0.0,6.6629,100.3201,0.0
ETS211,9135,1789829290,0.0,3.1495,101.6906,0.0
SCS24,2967,1789829315,118.0,5.7599,100.4989,0.0
EMU23,2960,1789829314,17.0,6.6616,100.3187,0.0
SCS20,weekend_2382,1789829310,88.0,3.2935,101.5742,0.0
SCS32,weekend_2385,1789829302,13.0,3.0846,101.5887,0.0
SCS26,weekend_2384,1789829302,0.0,3.1326,101.684,0.0
ETS204,9352,1789829299,124.0,5.0196,100.7256,0.0
SCS22,2964,1789829300,17.0,6.1127,100.3695,0.0
ETS204,9352,1789829374,116.0,5.0345,100.7086,0.0
SCS22,2964,1789829360,116.0,6.1251,100.3751,0.0
SCS24,2967,1789829360,116.0,5.7472,100.5045,0.0
ETS205,9058,1789829359,99.0,3.3536,101.5719,0.0
EMU23,2960,1789829359,0.0,6.6624,100.3196,0.0
ETS215,9276,1789829324,4.0,6.663,100.3202,0.0
SCS13,weekend_2389,1789829321,0.0,3.1539,101.6925,0.0
SCS10,weekend_2267,1789829320,0.0,3.0978,101.7061,0.0
ETS211,9135,1789829320,0.0,3.1495,101.6906,0.0
ETS216,9214,1789829319,93.0,6.4402,100.2653,0.0
SCS26,weekend_2384,1789829317,0.0,3.1326,101.684,0.0
SCS32,weekend_2385,1789829317,21.0,3.0847,101.5878,0.0
ETS303,9535,1789829355,90.0,2.5777366,102.60923,0.0
ETS212,9138,1789829353,131.0,4.6681,101.132,0.0
SCS20,weekend_2382,1789829350,92.0,3.3021,101.5749,0.0
ETS204,9352,1789829374,116.0,5.0345,100.7086,0.0
SCS22,2964,1789829435,113.0,6.1466,100.3803,0.0
SCS13,weekend_2389,1789829411,27.0,3.1457,101.6918,0.0
SCS10,weekend_2267,1789829410,0.0,3.0978,101.7061,0.0
SCS32,weekend_2385,1789829407,33.0,3.0818,101.5811,0.0
ETS205,9058,1789829374,96.0,3.3575,101.5714,0.0
SCS24,2967,1789829405,114.0,5.7346,100.5094,0.0
SCS24,2967,1789829495,114.0,5.7086,100.5119,0.0
ETS204,9352,1789829494,112.0,5.0393,100.6724,0.0
ETS205,9058,1789829494,115.0,3.366,101.5989,0.0
SCS32,weekend_2385,1789829482,60.0,3.0777,101.5713,0.0
SCS13,weekend_2389,1789829441,18.0,3.144,101.6932,0.0
ETS216,9214,1789829439,132.0,6.4785,100.2537,0.0
SCS22,2964,1789829450,114.0,6.1511,100.38,0.0
SCS10,weekend_2267,1789829440,0.0,3.0978,101.7061,0.0
ETS303,9535,1789829476,90.0,2.578971,102.614,0.0
DMU10(D6120),60,1789829439,0.0,6.1992,102.1674,0.0
SCS13,weekend_2389,1789829561,5.0,3.139,101.6936,0.0
ETS216,9214,1789829559,126.0,6.5195,100.2562,0.0
SCS22,2964,1789829555,66.0,6.181,100.3763,0.0
SCS24,2967,1789829555,113.0,5.692,100.5057,0.0
ETS204,9352,1789829554,120.0,5.0406,100.654,0.0
ETS211,9135,1789829545,0.0,3.1495,101.6906,0.0
ETS205,9058,1789829494,115.0,3.366,101.5989,0.0
SCS24,2967,1789829600,115.0,5.6809,100.4981,0.0
SCS22,2964,1789829600,0.0,6.1827,100.3752,0.0
ETS215,9276,1789829594,15.0,6.6587,100.315,0.0
SCS13,weekend_2389,1789829591,20.0,3.1377,101.6925,0.0
ETS211,9135,1789829590,0.0,3.1495,101.6906,0.0
ETS303,9535,1789829597,90.0,2.5802877,102.61914,0.0
SCS20,weekend_2382,1789829590,33.0,3.322,101.5734,0.0
ETS205,9058,1789829584,113.0,3.3817,101.6201,0.0
ETS204,9352,1789829584,119.0,5.0416,100.6447,0.0
ETS212,9138,1789829563,138.0,4.731,101.122,0.0
SCS10,weekend_2267,1789829560,0.0,3.0978,101.7061,0.0
DMU10(D6120),60,1789829559,12.0,6.197,102.1673,0.0
SCS26,weekend_2384,1789829557,0.0,3.1326,101.684,0.0
ETS204,9352,1789829659,111.0,5.0427,100.6228,0.0
ETS205,9058,1789829659,109.0,3.4008,101.6279,0.0
ETS212,9138,1789829653,0.0,4.7484,101.1207,0.0
SCS20,weekend_2382,1789829650,46.0,3.327,101.5698,0.0
SCS32,weekend_2385,1789829647,0.0,3.0761,101.5601,0.0
SCS24,2967,1789829645,112.0,5.668,100.4944,0.0
ETS215,9276,1789829729,0.0,6.6564,100.3115,0.0
SCS13,weekend_2389,1789829726,0.0,3.1366,101.6896,0.0
SCS10,weekend_2267,1789829725,0.0,3.0978,101.7061,0.0
ETS212,9138,1789829713,0.0,4.7484,101.1207,0.0
DMU10(D6120),60,1789829679,0.0,6.1954,102.1674,0.0
ETS211,9135,1789829725,0.0,3.1495,101.6906,0.0
SCS20,weekend_2382,1789829710,69.0,3.3363,101.5725,0.0
ETS216,9214,1789829709,127.0,6.5716,100.2592,0.0
ETS204,9352,1789829704,113.0,5.0436,100.6092,0.0
SCS22,2964,1789829690,117.0,6.1961,100.3686,0.0
SCS24,2967,1789829675,111.0,5.6596,100.4929,0.0
ETS303,9535,1789829718,90.0,2.5845706,102.64868,0.0
SCS32,weekend_2385,1789829677,28.0,3.0755,101.5589,0.0
SCS26,weekend_2384,1789829677,0.0,3.1326,101.684,0.0
ETS204,9352,1789829779,113.0,5.0443,100.5867,0.0
SCS13,weekend_2389,1789829771,0.0,3.1366,101.6896,0.0
ETS211,9135,1789829770,0.0,3.1495,101.6906,0.0
ETS216,9214,1789829769,133.0,6.5916,100.2631,0.0
ETS205,9058,1789829794,111.0,3.4331,101.633,0.0
SCS24,2967,1789829780,0.0,5.6436,100.4902,0.0
DMU10(D6120),60,1789829769,0.0,6.1954,102.1674,0.0
ETS212,9138,1789829773,0.0,4.7484,101.1207,0.0
SCS10,weekend_2267,1789829845,0.0,3.0978,101.7061,0.0
SCS13,weekend_2389,1789829861,0.0,3.1366,101.6896,0.0
ETS211,9135,1789829860,0.0,3.1495,101.6906,0.0
SCS26,weekend_2384,1789829857,0.0,3.1326,101.684,0.0
SCS32,weekend_2385,1789829857,79.0,3.0581,101.5301,0.0
SCS22,2964,1789829855,110.0,6.2446,100.3587,0.0
SCS24,2967,1789829855,78.0,5.6384,100.4893,0.0
ETS204,9352,1789829854,115.0,5.0329,100.5671,0.0
ETS205,9058,1789829854,116.0,3.4497,101.6395,0.0
ETS215,9276,1789829849,6.0,6.6584,100.3143,0.0
ETS212,9138,1789829848,0.0,4.7484,101.1207,0.0
ETS303,9535,1789829839,90.0,2.5834394,102.68823,0.0
SCS13,weekend_2389,1789829861,0.0,3.1366,101.6896,0.0
ETS211,9135,1789829860,0.0,3.1495,101.6906,0.0
DMU10(D6120),60,1789829859,4.0,6.1975,102.1672,0.0
SCS32,weekend_2385,1789829857,79.0,3.0581,101.5301,0.0
SCS26,weekend_2384,1789829857,0.0,3.1326,101.684,0.0
SCS22,2964,1789829855,110.0,6.2446,100.3587,0.0
SCS24,2967,1789829855,78.0,5.6384,100.4893,0.0
ETS205,9058,1789829854,116.0,3.4497,101.6395,0.0
ETS204,9352,1789829854,115.0,5.0329,100.5671,0.0
SCS20,weekend_2382,1789829910,115.0,3.3658,101.5981,0.0
ETS215,9276,1789829864,4.0,6.6586,100.3146,0.0
ETS212,9138,1789829863,0.0,4.7484,101.1207,0.0
SCS10,weekend_2267,1789829860,0.0,3.0978,101.7061,0.0
ETS303,9535,1789829960,90.0,2.5763972,102.723114,0.0
SCS24,2967,1789829960,114.0,5.6097,100.496,0.0
ETS204,9352,1789829959,108.0,5.0184,100.5397,0.0
ETS205,9058,1789829959,109.0,3.4804,101.6397,0.0
ETS215,9276,1789829954,8.0,6.6604,100.3166,0.0
ETS212,9138,1789829953,0.0,4.7484,101.1207,0.0
SCS13,weekend_2389,1789829951,0.0,3.1366,101.6896,0.0
SCS10,weekend_2267,1789829950,0.0,3.0978,101.7061,0.0
ETS211,9135,1789829950,0.0,3.1495,101.6906,0.0
SCS22,2964,1789829930,114.0,6.2666,100.3542,0.0
SCS20,weekend_2382,1789829970,74.0,3.3741,101.6124,0.0
DMU10(D6120),60,1789829949,4.0,6.1998,102.1668,0.0
ETS216,9214,1789829949,131.0,6.643,100.2888,0.0
SCS22,2964,1789830005,114.0,6.2887,100.3497,0.0
ETS216,9214,1789829994,78.0,6.6495,100.2996,0.0
SCS32,weekend_2385,1789829992,74.0,3.0547,101.5195,0.0
SCS26,weekend_2384,1789829992,0.0,3.1326,101.684,0.0
SCS20,weekend_2382,1789829990,28.0,3.3761,101.6144,0.0
ETS204,9352,1789829989,91.0,5.0214,100.5323,0.0
SCS20,weekend_2382,1789830090,104.0,3.3824,101.6208,0.0
SCS13,weekend_2389,1789830086,0.0,3.1366,101.6896,0.0
SCS26,weekend_2384,1789830082,0.0,3.1326,101.684,0.0
SCS32,weekend_2385,1789830082,18.0,3.0516,101.5029,0.0
SCS22,2964,1789830080,114.0,6.3108,100.3452,0.0
ETS204,9352,1789830079,0.0,5.0291,100.527,0.0
DMU10(D6120),60,1789830048,0.0,6.2003,102.1668,0.0
ETS303,9535,1789830081,90.0,2.5517235,102.76019,0.0
SCS24,2967,1789830080,117.0,5.574,100.4962,0.0
SCS24,2967,1789830155,114.0,5.5518,100.4999,0.0
ETS205,9058,1789830139,85.0,3.5258,101.6296,0.0
SCS32,weekend_2385,1789830127,35.0,3.052,101.4992,0.0
SCS22,2964,1789830125,114.0,6.3225,100.3389,0.0
SCS10,weekend_2267,1789830115,0.0,3.0978,101.7061,0.0
SCS13,weekend_2389,1789830131,0.0,3.1366,101.6896,0.0
ETS204,9352,1789830154,36.0,5.0304,100.5263,0.0
ETS215,9276,1789830134,0.0,6.6619,100.3194,0.0
SCS20,weekend_2382,1789830130,115.0,3.392,101.6278,0.0
SCS26,weekend_2384,1789830127,0.0,3.1326,101.684,0.0
ETS303,9535,1789830202,90.0,2.526746,102.78985,0.0
ETS215,9276,1789830194,0.0,6.6623,100.3189,0.0
SCS26,weekend_2384,1789830187,0.0,3.1326,101.684,0.0
ETS204,9352,1789830184,82.0,5.0352,100.5238,0.0
SCS24,2967,1789830170,114.0,5.5474,100.5007,0.0
ETS205,9058,1789830169,83.0,3.532,101.6325,0.0
SCS10,weekend_2267,1789830160,8.0,3.0979,101.7059,0.0
ETS216,9214,1789830159,34.0,6.6619,100.3188,0.0
SCS32,weekend_2385,1789830157,35.0,3.0522,101.4962,0.0
SCS22,2964,1789830155,114.0,6.3297,100.3335,0.0
ETS215,9276,1789830284,0.0,6.6622,100.3184,0.0
ETS204,9352,1789830274,115.0,5.0586,100.5114,0.0
ETS303,9535,1789830323,90.0,2.5081208,102.81289,0.0
ETS204,9352,1789830304,120.0,5.0669,100.507,0.0
ETS215,9276,1789830329,0.0,6.6622,100.3184,0.0
ETS212,9138,1789830328,0.0,4.8346,100.957,0.0
SCS13,weekend_2389,1789830281,0.0,3.1366,101.6896,0.0
ETS211,9135,1789830280,0.0,3.1511,101.6905,0.0
SCS10,weekend_2267,1789830280,82.0,3.1064,101.695,0.0
ETS216,9214,1789830279,0.0,6.663,100.3202,0.0
ETS205,9058,1789830274,0.0,3.5535,101.6397,0.0
SCS24,2967,1789830350,107.0,5.4952,100.5015,0.0
ETS204,9352,1789830334,119.0,5.0751,100.5027,0.0
ETS215,9276,1789830374,5.0,6.6628,100.3193,0.0
ETS212,9138,1789830373,0.0,4.8346,100.957,0.0
SCS26,weekend_2384,1789830367,0.0,3.1326,101.684,0.0
SCS22,2964,1789830365,0.0,6.3704,100.3031,0.0
SCS13,weekend_2389,1789830356,0.0,3.1366,101.6896,0.0
ETS216,9214,1789830354,0.0,6.6627,100.3203,0.0
SCS32,weekend_2385,1789830352,57.0,3.0514,101.4769,0.0
ETS205,9058,1789830334,97.0,3.5624,101.6284,0.0
ETS303,9535,1789830444,90.0,2.5063457,102.81501,0.0
ETS204,9352,1789830439,102.0,5.1042,100.4917,0.0
ETS215,9276,1789830464,0.0,6.663,100.3192,0.0
SCS20,weekend_2382,1789830450,0.0,3.4691,101.6379,0.0
ETS212,9138,1789830508,0.0,4.8346,100.957,0.0
SCS13,weekend_2389,1789830506,0.0,3.1366,101.6896,0.0
SCS10,weekend_2267,1789830505,52.0,3.115,101.6801,0.0
ETS211,9135,1789830505,0.0,3.16,101.6925,0.0
SCS24,2967,1789830500,19.0,5.482,100.498,0.0
SCS32,weekend_2385,1789830457,20.0,3.037,101.4708,0.0
SCS26,weekend_2384,1789830457,7.0,3.1369,101.691,0.0
ETS205,9058,1789830454,103.0,3.5855,101.6111,0.0
ETS204,9352,1789830484,98.0,5.116,100.4892,0.0
SCS22,2964,1789830455,117.0,6.3821,100.2944,0.0
SCS20,weekend_2382,1789830510,10.0,3.4692,101.6379,0.0
ETS215,9276,1789830509,5.0,6.6626,100.3191,0.0
SCS32,weekend_2385,1789830577,76.0,3.0345,101.4599,0.0
SCS26,weekend_2384,1789830577,11.0,3.1394,101.6934,0.0
SCS24,2967,1789830575,117.0,5.4656,100.4966,0.0
SCS22,2964,1789830545,115.0,6.4039,100.2782,0.0
ETS216,9214,1789830534,3.0,6.6635,100.3199,0.0
ETS212,9138,1789830583,0.0,4.8346,100.957,0.0
SCS10,weekend_2267,1789830475,8.0,3.1134,101.6816,0.0
ETS303,9535,1789830565,90.0,2.4906728,102.843864,0.0
ETS205,9058,1789830514,96.0,3.598,101.6017,0.0
ETS211,9135,1789830580,0.0,3.16,101.6925,0.0
ETS216,9214,1789830624,0.0,6.6634,100.32,0.0
SCS26,weekend_2384,1789830622,10.0,3.1418,101.6938,0.0
SCS22,2964,1789830620,106.0,6.425,100.2707,0.0
SCS20,weekend_2382,1789830610,87.0,3.489,101.6368,0.0
ETS212,9138,1789830583,0.0,4.8346,100.957,0.0
SCS24,2967,1789830620,114.0,5.4525,100.4932,0.0
ETS204,9352,1789830619,0.0,5.1311,100.486,0.0
SCS20,weekend_2382,1789830690,0.0,3.5009,101.6341,0.0
ETS212,9138,1789830688,0.0,4.8346,100.957,0.0
SCS10,weekend_2267,1789830685,14.0,3.1192,101.6788,0.0
ETS211,9135,1789830685,0.0,3.16,101.6925,0.0
SCS32,weekend_2385,1789830667,40.0,3.0399,101.4534,0.0
SCS13,weekend_2389,1789830686,0.0,3.1366,101.6896,0.0
ETS303,9535,1789830686,90.0,2.4884117,102.88328,0.0
ETS216,9214,1789830684,6.0,6.6628,100.3194,0.0
SCS24,2967,1789830665,114.0,5.4394,100.4898,0.0
ETS204,9352,1789830664,34.0,5.1319,100.4859,0.0
ETS205,9058,1789830664,112.0,3.6243,101.5694,0.0
ETS215,9276,1789830659,5.0,6.6631,100.3191,0.0
SCS22,2964,1789830755,55.0,6.4337,100.2677,0.0
ETS205,9058,1789830739,118.0,3.6427,101.556,0.0
SCS24,2967,1789830725,113.0,5.4237,100.4812,0.0
ETS204,9352,1789830694,85.0,5.1372,100.4849,0.0
SCS32,weekend_2385,1789830712,0.0,3.0425,101.4513,0.0
SCS22,2964,1789830755,55.0,6.4337,100.2677,0.0
ETS303,9535,1789830808,90.0,2.4723983,102.918304,0.0
SCS24,2967,1789830800,117.0,5.403,100.4723,0.0
ETS205,9058,1789830799,127.0,3.6554,101.5425,0.0
ETS215,9276,1789830764,5.0,6.6632,100.3188,0.0
ETS212,9138,1789830763,0.0,4.8346,100.957,0.0
SCS13,weekend_2389,1789830762,11.0,3.1381,101.6929,0.0
ETS211,9135,1789830760,0.0,3.16,101.6925,0.0
ETS216,9214,1789830759,0.0,6.6623,100.319,0.0
SCS32,weekend_2385,1789830757,17.0,3.0427,101.451,0.0
SCS26,weekend_2384,1789830757,0.0,3.1538,101.6924,0.0
SCS20,weekend_2382,1789830870,98.0,3.5282,101.6302,0.0
ETS215,9276,1789830869,2.0,6.663,100.3193,0.0
ETS212,9138,1789830868,0.0,4.7718,100.8767,0.0
ETS211,9135,1789830865,0.0,3.16,101.6925,0.0
SCS24,2967,1789830875,114.0,5.3806,100.4695,0.0
SCS22,2964,1789830875,114.0,6.4658,100.2566,0.0
ETS205,9058,1789830844,121.0,3.6669,101.5336,0.0
ETS204,9352,1789830844,0.0,5.1689,100.4797,0.0
ETS303,9535,1789830929,90.0,2.465257,102.95719,0.0
SCS20,weekend_2382,1789830910,98.0,3.5374,101.6348,0.0
SCS22,2964,1789830905,114.0,6.4744,100.2539,0.0
ETS212,9138,1789830883,0.0,4.7718,100.8767,0.0
SCS13,weekend_2389,1789830882,9.0,3.144,101.6932,0.0
ETS205,9058,1789830874,117.0,3.6745,101.5284,0.0
SCS10,weekend_2267,1789830880,31.0,3.1306,101.6819,0.0
ETS216,9214,1789830879,0.0,6.6623,100.3191,0.0
SCS26,weekend_2384,1789830877,49.0,3.1632,101.692,0.0
SCS32,weekend_2385,1789830877,30.0,3.0452,101.437,0.0
ETS204,9352,1789830919,0.0,5.1689,100.4797,0.0
SCS24,2967,1789830980,37.0,5.3604,100.467,0.0
SCS26,weekend_2384,1789830997,25.0,3.1656,101.6907,0.0
ETS216,9214,1789830999,0.0,6.6623,100.3191,0.0
SCS20,weekend_2382,1789830990,21.0,3.5534,101.6395,0.0
SCS13,weekend_2389,1789831047,33.0,3.1578,101.6934,0.0
SCS10,weekend_2267,1789831045,0.0,3.1325,101.6837,0.0
SCS32,weekend_2385,1789831012,58.0,3.0364,101.4275,0.0
SCS22,2964,1789830995,115.0,6.5014,100.2533,0.0
ETS204,9352,1789831054,114.0,5.2001,100.4846,0.0
DMU10(D6120),60,1789831048,0.0,6.2002,102.1669,0.0
ETS216,9214,1789831014,0.0,6.6623,100.3191,0.0
SCS24,2967,1789831025,42.0,5.3572,100.4639,0.0
ETS205,9058,1789831024,0.0,3.684,101.5193,0.0
ETS303,9535,1789831050,90.0,2.4409642,102.99017,0.0
SCS20,weekend_2382,1789831050,16.0,3.554,101.6394,0.0
ETS215,9276,1789831049,0.0,6.6629,100.3191,0.0
SCS24,2967,1789831100,36.0,5.3639,100.458,0.0
ETS204,9352,1789831099,115.0,5.2122,100.491,0.0
ETS205,9058,1789831099,0.0,3.684,101.5192,0.0
ETS215,9276,1789831094,3.0,6.663,100.3193,0.0
SCS22,2964,1789831085,23.0,6.5228,100.2567,0.0
SCS22,2964,1789831160,23.0,6.5238,100.2569,0.0
ETS204,9352,1789831174,110.0,5.2346,100.4883,0.0
ETS303,9535,1789831171,90.0,2.4052584,103.010185,0.0
SCS20,weekend_2382,1789831170,98.0,3.5712,101.6162,0.0
ETS215,9276,1789831169,2.0,6.6628,100.3192,0.0
ETS205,9058,1789831204,87.0,3.6884,101.5144,0.0
ETS204,9352,1789831204,115.0,5.243,100.4864,0.0
ETS216,9214,1789831224,0.0,6.6626,100.3191,0.0
SCS32,weekend_2385,1789831207,0.0,3.0209,101.4109,0.0
SCS24,2967,1789831190,3.0,5.3662,100.4486,0.0
SCS22,2964,1789831190,91.0,6.5292,100.2578,0.0
SCS10,weekend_2267,1789831180,13.0,3.1371,101.6916,0.0
SCS26,weekend_2386,1789831177,0.0,3.186,101.6647,0.0
SCS24,2967,1789831269,11.0,5.3662,100.4481,0.0
ETS205,9058,1789831234,120.0,3.6942,101.5083,0.0
ETS303,9535,1789831292,90.0,2.3834445,103.02074,0.0
SCS10,weekend_2267,1789831270,0.0,3.1388,101.6933,0.0
ETS216,9214,1789831269,0.0,6.6625,100.3191,0.0
SCS32,weekend_2385,1789831267,27.0,3.0193,101.4091,0.0
SCS10,weekend_2267,1789831345,16.0,3.1404,101.6938,0.0
ETS216,9214,1789831344,0.0,6.6623,100.3191,0.0
SCS20,weekend_2382,1789831330,115.0,3.6034,101.5903,0.0
ETS303,9535,1789831292,90.0,2.3834445,103.02074,0.0
ETS215,9276,1789831349,0.0,6.6629,100.3191,0.0
ETS212,9138,1789831333,0.0,4.8052,100.7439,0.0
ETS204,9352,1789831324,117.0,5.2786,100.4786,0.0
SCS22,2964,1789831325,114.0,6.5692,100.2591,0.0
ETS303,9535,1789831413,90.0,2.3791773,103.026566,0.0
SCS20,weekend_2382,1789831370,115.0,3.6127,101.5827,0.0
ETS204,9352,1789831414,119.0,5.3019,100.4797,0.0
SCS32,weekend_2385,1789831372,12.0,3.0138,101.4032,0.0
ETS205,9058,1789831369,112.0,3.7165,101.4745,0.0
ETS205,9058,1789831414,109.0,3.7249,101.4652,0.0
ETS204,9352,1789831414,119.0,5.3019,100.4797,0.0
ETS303,9535,1789831413,90.0,2.3791773,103.026566,0.0
SCS22,2964,1789831445,113.0,6.6048,100.2632,0.0
SCS32,weekend_2385,1789831447,47.0,3.0058,101.3947,0.0
SCS26,weekend_2386,1789831447,66.0,3.1952,101.6478,0.0
ETS204,9352,1789831504,102.0,5.3266,100.4698,0.0
ETS205,9058,1789831474,92.0,3.7352,101.4555,0.0
ETS215,9276,1789831544,2.0,6.6611,100.3173,0.0
SCS20,weekend_2382,1789831530,114.0,3.6482,101.551,0.0
SCS10,weekend_2267,1789831525,0.0,3.1538,101.6924,0.0
ETS303,9535,1789831534,90.0,2.3591492,103.05407,0.0
SCS26,weekend_2386,1789831507,40.0,3.1983,101.6414,0.0
SCS22,2964,1789831505,116.0,6.6227,100.2657,0.0
SCS20,weekend_2382,1789831550,114.0,3.6519,101.5464,0.0
SCS24,2967,1789831539,0.0,5.3643,100.4219,0.0
SCS32,weekend_2385,1789831537,16.0,3.002,101.391,0.0
ETS204,9352,1789831549,114.0,5.3401,100.47,0.0
ETS303,9535,1789831534,90.0,2.3591492,103.05407,0.0
ETS204,9352,1789831624,94.0,5.3584,100.4627,0.0
ETS303,9535,1789831655,90.0,2.3347344,103.082504,0.0
SCS24,2967,1789831629,63.0,5.3666,100.4161,0.0
SCS26,weekend_2386,1789831627,30.0,3.2033,101.6366,0.0
ETS212,9138,1789831708,0.0,4.8052,100.7439,0.0
SCS32,weekend_2385,1789831702,0.0,3.0004,101.3909,0.0
SCS26,weekend_2386,1789831687,42.0,3.207,101.633,0.0
SCS22,2964,1789831685,70.0,6.6525,100.3056,0.0
ETS204,9352,1789831714,32.0,5.3663,100.4484,0.0
SCS20,weekend_2382,1789831710,33.0,3.6797,101.5237,0.0
ETS303,9535,1789831655,90.0,2.3347344,103.082504,0.0
ETS303,9535,1789831776,90.0,2.3142843,103.11767,0.0
SCS22,2964,1789831760,10.0,6.6585,100.3146,0.0
SCS26,weekend_2386,1789831717,31.0,3.2084,101.6297,0.0
SCS32,weekend_2385,1789831717,0.0,3.0004,101.3909,0.0
ETS204,9352,1789831714,32.0,5.3663,100.4484,0.0
SCS32,weekend_2385,1789831807,0.0,3.0004,101.3909,0.0
SCS22,2964,1789831805,25.0,6.6597,100.3164,0.0
ETS303,9535,1789831776,90.0,2.3142843,103.11767,0.0
ETS205,9058,1789831819,114.0,3.8163,101.4118,0.0
ETS204,9352,1789831819,5.0,5.3664,100.4473,0.0
ETS216,9214,1789831809,0.0,6.6621,100.319,0.0
SCS22,2964,1789831865,0.0,6.6619,100.319,0.0
ETS216,9214,1789831869,0.0,6.6619,100.319,0.0
ETS303,9535,1789831898,90.0,2.296505,103.13075,0.0
SCS20,weekend_2382,1789831890,0.0,3.6847,101.5182,0.0
SCS24,2967,1789831884,37.0,5.3852,100.3779,0.0
ETS204,9352,1789831954,93.0,5.3623,100.4273,0.0
SCS32,weekend_2385,1789831942,0.0,3.0004,101.3909,0.0
ETS212,9138,1789831903,0.0,4.8052,100.7439,0.0
ETS303,9535,1789831898,90.0,2.296505,103.13075,0.0
SCS24,2967,1789831914,23.0,5.3864,100.3753,0.0
SCS32,weekend_2385,1789831987,0.0,3.0004,101.3909,0.0
ETS204,9352,1789831954,93.0,5.3623,100.4273,0.0
ETS303,9535,1789832019,90.0,2.285909,103.137276,0.0
SCS24,2967,1789831989,13.0,5.3874,100.3734,0.0
ETS216,9214,1789831989,11.0,6.6588,100.315,0.0
ETS215,9276,1789832084,13.0,6.658,100.3136,0.0
ETS204,9352,1789832074,102.0,5.3683,100.4115,0.0
ETS205,9058,1789832074,0.0,3.8264,101.4025,0.0
ETS303,9535,1789832019,90.0,2.285909,103.137276,0.0
ETS303,9535,1789832140,90.0,2.2491992,103.152466,0.0
SCS32,weekend_2385,1789832122,12.0,3.0022,101.3912,0.0
SCS26,weekend_2386,1789832120,1.0,3.2056,101.581,0.0
SCS24,2967,1789832094,17.0,5.3917,100.3685,0.0
ETS205,9058,1789832089,0.0,3.8264,101.4025,0.0
ETS204,9352,1789832089,100.0,5.3698,100.4077,0.0
ETS303,9535,1789832140,90.0,2.2491992,103.152466,0.0
ETS205,9058,1789832134,109.0,3.848,101.3875,0.0
SCS26,weekend_2386,1789832195,18.0,3.206,101.5807,0.0
ETS215,9276,1789832219,10.0,6.6608,100.3174,0.0
SCS26,weekend_2386,1789832240,64.0,3.2082,101.5758,0.0
ETS303,9535,1789832261,90.0,2.213577,103.171875,0.0
ETS204,9352,1789832224,80.0,5.3844,100.3794,0.0
ETS212,9138,1789832203,0.0,4.8052,100.7439,0.0
SCS26,weekend_2386,1789832270,99.0,3.2131,101.5716,0.0
ETS303,9535,1789832261,90.0,2.213577,103.171875,0.0
ETS205,9058,1789832314,118.0,3.8908,101.3701,0.0
ETS205,9058,1789832314,118.0,3.8908,101.3701,0.0
ETS303,9535,1789832382,90.0,2.191163,103.19093,0.0
SCS26,weekend_2386,1789832375,90.0,3.2374,101.56,0.0
ETS205,9058,1789832404,119.0,3.9077,101.3491,0.0
ETS303,9535,1789832382,90.0,2.191163,103.19093,0.0
ETS205,9058,1789832494,117.0,3.9332,101.3398,0.0
ETS303,9535,1789832503,90.0,2.1879065,103.19427,0.0
SCS26,weekend_2386,1789832480,5.0,3.2499,101.5563,0.0
ETS303,9535,1789832503,90.0,2.1879065,103.19427,0.0
SCS26,weekend_2386,1789832525,29.0,3.2526,101.555,0.0
SCS26,weekend_2386,1789832555,29.0,3.2552,101.5545,0.0
ETS303,9535,1789832624,90.0,2.1702921,103.22361,0.0
ETS205,9058,1789832599,124.0,3.9599,101.3233,0.0
ETS205,9058,1789832629,115.0,3.9678,101.3187,0.0
SCS10,weekend_2270,1789832660,33.0,3.2295,101.6735,0.0
ETS303,9535,1789832624,90.0,2.1702921,103.22361,0.0
SCS26,weekend_2386,1789832660,5.0,3.2576,101.5546,0.0
ETS205,9058,1789832674,128.0,3.9806,101.313,0.0
ETS303,9535,1789832745,90.0,2.139739,103.24762,0.0
SCS26,weekend_2386,1789832735,72.0,3.2657,101.5587,0.0
SCS10,weekend_2270,1789832735,31.0,3.2337,101.6787,0.0
ETS205,9058,1789832764,46.0,4.0048,101.3026,0.0
ETS212,9138,1789832788,132.0,5.0189,100.5355,0.0
SCS26,weekend_2386,1789832780,63.0,3.2731,101.5615,0.0
ETS303,9535,1789832745,90.0,2.139739,103.24762,0.0
SCS10,weekend_2270,1789832735,31.0,3.2337,101.6787,0.0
ETS205,9058,1789832854,0.0,4.0055,101.3019,0.0
ETS303,9535,1789832866,90.0,2.1086082,103.26978,0.0
ETS212,9138,1789832818,138.0,5.0257,100.5286,0.0
SCS26,weekend_2386,1789832810,63.0,3.278,101.563,0.0
ETS303,9535,1789832866,90.0,2.1086082,103.26978,0.0
SCS26,weekend_2386,1789832885,81.0,3.2888,101.5712,0.0
ETS205,9058,1789832854,0.0,4.0055,101.3019,0.0
ETS303,9535,1789832987,90.0,2.0746377,103.29505,0.0
ETS212,9138,1789832923,138.0,5.0576,100.5119,0.0
SCS26,weekend_2386,1789832915,80.0,3.2943,101.5745,0.0
SCS26,weekend_2386,1789832990,45.0,3.3096,101.5749,0.0
ETS205,9058,1789832989,136.0,4.0403,101.2848,0.0
ETS303,9535,1789832987,90.0,2.0746377,103.29505,0.0
ETS205,9058,1789833079,117.0,4.0693,101.2772,0.0
ETS303,9535,1789833108,90.0,2.0417662,103.316216,0.0
SCS26,weekend_2386,1789833095,0.0,3.3191,101.5748,0.0
ETS212,9138,1789833073,125.0,5.1042,100.4915,0.0
ETS303,9535,1789833108,90.0,2.0417662,103.316216,0.0
SCS26,weekend_2386,1789833125,0.0,3.3191,101.5748,0.0
ETS212,9138,1789833148,102.0,5.1262,100.4871,0.0
SCS26,weekend_2386,1789833200,28.0,3.3232,101.5725,0.0
ETS303,9535,1789833229,90.0,2.0358124,103.317955,0.0
ETS205,9058,1789833169,114.0,4.0953,101.2695,0.0
ETS303,9535,1789833229,90.0,2.0358124,103.317955,0.0
SCS26,weekend_2386,1789833275,78.0,3.3316,101.5694,0.0
ETS205,9058,1789833289,128.0,4.1188,101.2431,0.0
ETS303,9535,1789833350,90.0,2.0284734,103.31959,0.0
SCS26,weekend_2386,1789833275,78.0,3.3316,101.5694,0.0
ETS303,9535,1789833350,90.0,2.0284734,103.31959,0.0
SCS26,weekend_2386,1789833350,100.0,3.3491,101.5721,0.0
SCS26,weekend_2386,1789833455,106.0,3.3631,101.5864,0.0
ETS303,9535,1789833471,90.0,1.9926379,103.32791,0.0
ETS212,9138,1789833463,0.0,5.158,100.4793,0.0
SCS26,weekend_2386,1789833485,117.0,3.3649,101.5952,0.0
ETS212,9138,1789833508,0.0,5.158,100.4793,0.0
ETS303,9535,1789833471,90.0,1.9926379,103.32791,0.0
