vehicle_id,trip_id,timestamp,speed,lat,lon,bearing
DMU03,59,1783526423,66.0,4.250635,101.93441,0.0
DMU03,59,1783526438,72.0,4.249895,101.936966,0.0
DMU03,59,1783526528,75.0,4.248773,101.9553,0.0
DMU03,59,1783526618,64.0,4.244288,101.97093,0.0
DMU03,59,1783526693,68.0,4.236095,101.98224,0.0
DMU03,59,1783526723,53.0,4.234092,101.98703,0.0
DMU03,59,1783526783,0.0,4.2325,101.990944,0.0
DMU03,59,1783526858,38.0,4.231283,101.99386,0.0
DMU03,59,1783526918,63.0,4.227807,102.00202,0.0
DMU03,59,1783526978,77.0,4.223175,102.012245,0.0
DMU03,59,1783526978,77.0,4.223175,102.012245,0.0
DMU03,59,1783527218,52.0,4.195455,102.04173,0.0
DMU03,59,1783527278,49.0,4.191128,102.04874,0.0
DMU03,59,1783527338,0.0,4.187235,102.053024,0.0
DMU03,59,1783527338,0.0,4.187235,102.053024,0.0
DMU03,50,1783533036,14.0,4.188118,102.05217,0.0
DMU03,50,1783533111,24.0,4.19132,102.04842,0.0
DMU03,50,1783533156,39.0,4.193567,102.044975,0.0
DMU03,50,1783533231,51.0,4.200632,102.0378,0.0
DMU03,50,1783533246,50.0,4.200852,102.03565,0.0
DMU03,50,1783533471,70.0,4.224988,102.008575,0.0
DMU03,50,1783533531,62.0,4.229177,101.99861,0.0
DMU03,50,1783533576,35.0,4.231765,101.9925,0.0
DMU03,50,1783533606,0.0,4.232393,101.991005,0.0
DMU03,50,1783533711,41.0,4.23439,101.98621,0.0
DMU03,50,1783533771,73.0,4.23837,101.97664,0.0
DMU03,50,1783533816,68.0,4.244713,101.970505,0.0
DMU03,50,1783533876,74.0,4.248015,101.959915,0.0
DMU03,50,1783533951,74.0,4.248555,101.94571,0.0
DMU03,50,1783534011,63.0,4.250517,101.93518,0.0
DMU03,50,1783534071,42.0,4.25415,101.92817,0.0
DMU03,50,1783534131,0.0,4.257852,101.925316,0.0
DMU03,50,1783534191,33.0,4.259702,101.925735,0.0
DMU03,50,1783534236,59.0,4.265725,101.92491,0.0
DMU03,50,1783534296,68.0,4.275553,101.92117,0.0
DMU03,50,1783534371,59.0,4.288333,101.92048,0.0
DMU03,50,1783534431,0.0,4.293582,101.922,0.0
DMU03,50,1783534476,45.0,4.295415,101.921585,0.0
DMU03,50,1783534551,75.0,4.308612,101.92018,0.0
DMU03,50,1783534611,69.0,4.32035,101.919235,0.0
DMU03,50,1783534671,67.0,4.331895,101.91804,0.0
DMU03,50,1783534731,64.0,4.342767,101.916725,0.0
DMU03,50,1783534761,68.0,4.348253,101.91673,0.0
DMU03,50,1783535196,62.0,4.408065,101.92621,0.0
DMU03,50,1783535271,44.0,4.418525,101.93007,0.0
DMU03,50,1783535316,9.0,4.422262,101.93187,0.0
DMU03,50,1783535391,0.0,4.422737,101.93174,0.0
DMU03,50,1783535451,0.0,4.422747,101.93189,0.0
DMU03,50,1783535496,0.0,4.422747,101.93189,0.0
DMU03,50,1783535571,38.0,4.425572,101.93326,0.0
DMU03,50,1783535631,66.0,4.433852,101.93632,0.0
DMU03,50,1783535691,61.0,4.443377,101.94018,0.0
DMU03,50,1783535751,70.0,4.45327,101.93841,0.0
DMU03,50,1783535766,66.0,4.455868,101.93738,0.0
DMU03,50,1783535871,69.0,4.470922,101.932365,0.0
DMU03,50,1783535931,72.0,4.480897,101.93824,0.0
DMU03,50,1783535991,38.0,4.489092,101.9442,0.0
DMU03,50,1783536051,5.0,4.490227,101.94517,0.0
DMU03,50,1783536111,59.0,4.494845,101.94895,0.0
DMU03,50,1783536171,46.0,4.500985,101.954544,0.0
DMU03,50,1783536231,30.0,4.50719,101.95599,0.0
DMU03,50,1783536231,30.0,4.50719,101.95599,0.0
DMU03,50,1783536411,40.0,4.520322,101.969574,0.0
DMU03,50,1783536471,45.0,4.522945,101.97696,0.0
DMU03,50,1783536516,52.0,4.528397,101.979836,0.0
DMU03,50,1783536516,52.0,4.528397,101.979836,0.0
DMU03,50,1783536711,79.0,4.552667,101.98363,0.0
DMU03,50,1783536771,74.0,4.563787,101.98687,0.0
DMU03,50,1783536831,77.0,4.575098,101.98786,0.0
DMU03,50,1783536891,66.0,4.586373,101.984535,0.0
DMU03,50,1783536936,66.0,4.594283,101.98419,0.0
DMU03,50,1783536996,64.0,4.605168,101.98494,0.0
DMU03,50,1783537056,69.0,4.615768,101.98708,0.0
DMU03,50,1783537101,73.0,4.624402,101.98908,0.0
DMU03,50,1783537176,55.0,4.636795,101.992004,0.0
DMU03,50,1783537251,19.0,4.6449,101.993835,0.0
DMU03,50,1783537296,0.0,4.645628,101.99402,0.0
DMU03,50,1783537371,58.0,4.651725,101.995445,0.0
DMU03,50,1783537401,66.0,4.656738,101.99713,0.0
DMU03,50,1783537491,61.0,4.671722,101.99992,0.0
DMU03,50,1783537596,45.0,4.687597,102.003174,0.0
DMU03,50,1783537671,0.0,4.693293,102.0032,0.0
DMU03,50,1783537716,0.0,4.693292,102.0032,0.0
DMU03,50,1783537776,0.0,4.693292,102.0032,0.0
DMU03,50,1783537836,0.0,4.693292,102.0032,0.0
DMU03,50,1783537896,0.0,4.693292,102.0032,0.0
DMU03,50,1783537941,0.0,4.693292,102.0032,0.0
DMU03,50,1783538016,0.0,4.693292,102.0032,0.0
DMU03,50,1783538076,0.0,4.693292,102.0032,0.0
DMU03,50,1783538136,0.0,4.693292,102.0032,0.0
DMU03,50,1783538196,0.0,4.693292,102.0032,0.0
DMU03,50,1783538241,0.0,4.693292,102.0032,0.0
DMU03,50,1783538331,0.0,4.693292,102.0032,0.0
DMU03,50,1783538376,0.0,4.693292,102.0032,0.0
DMU03,50,1783538436,0.0,4.693292,102.0032,0.0
DMU03,50,1783538496,0.0,4.693292,102.0032,0.0
DMU03,50,1783538556,0.0,4.693292,102.0032,0.0
DMU03,50,1783538616,0.0,4.693292,102.0032,0.0
DMU03,50,1783538676,0.0,4.693292,102.0032,0.0
DMU03,50,1783538736,21.0,4.694473,102.00311,0.0
DMU03,50,1783538796,51.0,4.700553,102.00302,0.0
DMU03,50,1783538871,69.0,4.713437,102.00259,0.0
DMU03,50,1783538916,72.0,4.721057,102.00451,0.0
DMU03,50,1783538976,47.0,4.728667,102.010284,0.0
DMU03,50,1783539051,8.0,4.731037,102.01084,0.0
DMU03,50,1783539096,52.0,4.735367,102.01168,0.0
DMU03,50,1783539156,62.0,4.744812,102.01333,0.0
DMU03,50,1783539216,70.0,4.755598,102.014404,0.0
DMU03,50,1783539276,76.0,4.767802,102.01349,0.0
DMU03,50,1783539336,78.0,4.779982,102.01151,0.0
DMU03,50,1783539396,73.0,4.791733,102.01349,0.0
DMU03,50,1783539456,67.0,4.802817,102.015755,0.0
DMU03,50,1783539471,70.0,4.805478,102.016754,0.0
DMU03,50,1783539696,49.0,4.831793,102.00813,0.0
DMU03,50,1783539756,54.0,4.835787,102.00236,0.0
DMU03,50,1783539816,70.0,4.838435,101.99245,0.0
DMU03,50,1783539876,67.0,4.845103,101.98358,0.0
DMU03,50,1783539936,62.0,4.8521,101.97666,0.0
DMU03,50,1783540011,55.0,4.861313,101.96792,0.0
DMU03,50,1783540056,49.0,4.866983,101.96577,0.0
DMU03,50,1783540131,37.0,4.875903,101.96566,0.0
DMU03,50,1783540191,0.0,4.87918,101.966805,0.0
DMU03,50,1783540236,0.0,4.87918,101.966805,0.0
DMU03,50,1783540296,0.0,4.87918,101.966805,0.0
DMU03,50,1783540296,0.0,4.87918,101.966805,0.0
DMU10(D6120),51,1783540416,72.0,6.18783,102.17525,0.0
DMU10(D6120),51,1783540491,74.0,6.178582,102.18623,0.0
DMU10(D6120),51,1783540536,69.0,6.172988,102.19291,0.0
DMU10(D6120),51,1783540596,63.0,6.16568,102.19948,0.0
DMU10(D6120),51,1783540671,70.0,6.161148,102.21243,0.0
DMU10(D6120),51,1783540686,66.0,6.160035,102.21494,0.0
DMU10(D6120),51,1783540776,47.0,6.154362,102.22837,0.0
DMU10(D6120),51,1783540836,44.0,6.147713,102.22876,0.0
DMU03,52,1783540836,20.0,4.880855,101.96747,0.0
DMU10(D6120),51,1783540896,68.0,6.138962,102.22485,0.0
DMU03,52,1783540896,25.0,4.884618,101.96998,0.0
DMU10(D6120),51,1783540971,67.0,6.129893,102.21393,0.0
DMU03,52,1783540971,33.0,4.890363,101.97155,0.0
DMU10(D6120),51,1783541016,59.0,6.12502,102.208046,0.0
DMU03,52,1783541031,47.0,4.897175,101.97111,0.0
DMU03,52,1783541076,58.0,4.903255,101.97358,0.0
DMU10(D6120),51,1783541076,22.0,6.121262,102.20341,0.0
DMU03,52,1783541136,55.0,4.911663,101.97679,0.0
DMU10(D6120),51,1783541136,5.0,6.118667,102.200905,0.0
DMU10(D6120),51,1783541196,0.0,6.11859,102.200836,0.0
DMU03,52,1783541196,50.0,4.919805,101.97895,0.0
DMU10(D6120),51,1783541241,13.0,6.118167,102.20057,0.0
DMU03,52,1783541241,46.0,4.925848,101.97998,0.0
DMU03,52,1783541316,16.0,4.928112,101.985275,0.0
DMU10(D6120),51,1783541316,52.0,6.113273,102.19479,0.0
DMU10(D6120),51,1783541376,72.0,6.105943,102.18591,0.0
DMU03,52,1783541376,36.0,4.926647,101.98845,0.0
DMU10(D6120),51,1783541436,61.0,6.098878,102.17886,0.0
DMU03,52,1783541436,51.0,4.925663,101.99582,0.0
DMU10(D6120),51,1783541511,0.0,6.09461,102.174545,0.0
DMU03,52,1783541511,62.0,4.934345,102.003456,0.0
DMU10(D6120),51,1783541571,43.0,6.092715,102.17269,0.0
DMU03,52,1783541571,56.0,4.94369,102.00542,0.0
DMU03,52,1783541616,42.0,4.949797,102.00554,0.0
DMU10(D6120),51,1783541616,75.0,6.086353,102.16816,0.0
DMU03,52,1783541676,24.0,4.954842,102.00749,0.0
DMU10(D6120),51,1783541676,71.0,6.076685,102.161446,0.0
DMU10(D6120),51,1783541751,66.0,6.064263,102.153625,0.0
DMU03,52,1783541736,31.0,4.96024,102.0095,0.0
DMU10(D6120),51,1783541796,72.0,6.056412,102.149506,0.0
DMU03,52,1783541796,0.0,4.962762,102.01041,0.0
DMU10(D6120),51,1783541856,42.0,6.047383,102.14481,0.0
DMU03,52,1783541856,14.0,4.963495,102.010765,0.0
DMU10(D6120),51,1783541931,6.0,6.042923,102.14247,0.0
DMU03,52,1783541931,50.0,4.971045,102.01286,0.0
DMU03,52,1783541976,54.0,4.97743,102.01355,0.0
DMU10(D6120),51,1783541976,0.0,6.04282,102.142395,0.0
DMU03,52,1783542036,48.0,4.985682,102.015495,0.0
DMU10(D6120),51,1783542036,0.0,6.042818,102.14243,0.0
DMU03,52,1783542096,47.0,4.992948,102.018105,0.0
DMU10(D6120),51,1783542096,22.0,6.040538,102.14127,0.0
DMU03,52,1783542156,51.0,5.000213,102.021675,0.0
DMU10(D6120),51,1783542141,16.0,6.038202,102.13999,0.0
DMU03,52,1783542201,42.0,5.005682,102.02398,0.0
DMU10(D6120),51,1783542201,41.0,6.034023,102.13951,0.0
DMU10(D6120),51,1783542261,59.0,6.024617,102.140045,0.0
DMU03,52,1783542276,6.0,5.010833,102.02529,0.0
DMU03,52,1783542336,23.0,5.012325,102.027534,0.0
DMU10(D6120),51,1783542336,50.0,6.0145,102.13987,0.0
DMU03,52,1783542396,23.0,5.015268,102.030106,0.0
DMU10(D6120),51,1783542396,54.0,6.006803,102.14133,0.0
DMU03,52,1783542456,17.0,5.01993,102.03088,0.0
DMU10(D6120),51,1783542456,52.0,5.998278,102.14187,0.0
DMU10(D6120),51,1783542501,70.0,5.991122,102.14229,0.0
DMU03,52,1783542501,17.0,5.021312,102.03265,0.0
DMU03,52,1783542561,26.0,5.02412,102.038086,0.0
DMU10(D6120),51,1783542561,68.0,5.979988,102.14307,0.0
DMU03,52,1783542636,6.0,5.02481,102.039116,0.0
DMU10(D6120),51,1783542636,37.0,5.967742,102.14389,0.0
DMU03,52,1783542681,31.0,5.026295,102.0415,0.0
DMU10(D6120),51,1783542681,0.0,5.966032,102.14397,0.0
DMU03,52,1783542756,35.0,5.0319,102.04666,0.0
DMU10(D6120),51,1783542756,24.0,5.964635,102.14405,0.0
DMU03,52,1783542816,0.0,5.033835,102.0504,0.0
DMU10(D6120),51,1783542816,45.0,5.957975,102.14523,0.0
DMU10(D6120),51,1783542876,52.0,5.950117,102.14737,0.0
DMU03,52,1783542876,7.0,5.034045,102.05072,0.0
DMU03,52,1783542936,20.0,5.036023,102.0541,0.0
DMU10(D6120),51,1783542936,58.0,5.941485,102.149704,0.0
DMU03,52,1783542951,14.0,5.036493,102.05474,0.0
DMU10(D6120),51,1783542996,56.0,5.932553,102.152115,0.0
DMU03,52,1783543041,17.0,5.040657,102.0561,0.0
DMU10(D6120),51,1783543056,71.0,5.922168,102.15499,0.0
DMU10(D6120),51,1783543101,68.0,5.913948,102.157295,0.0
DMU03,52,1783543131,26.0,5.044427,102.06057,0.0
DMU03,52,1783543161,27.0,5.046163,102.06221,0.0
DMU10(D6120),51,1783543191,63.0,5.898862,102.15825,0.0
DMU03,52,1783543206,24.0,5.049128,102.06374,0.0
EMU29,2900,1783543241,0.0,4.598017,101.073006,0.0
DMU10(D6120),51,1783543236,31.0,5.892973,102.15753,0.0
DMU10(D6120),51,1783543311,9.0,5.891283,102.15735,0.0
EMU29,2900,1783543301,27.0,4.599652,101.07401,0.0
DMU10(D6120),51,1783543371,66.0,5.884727,102.15656,0.0
DMU03,52,1783543371,56.0,5.063788,102.06916,0.0
EMU29,2900,1783543361,38.0,4.605367,101.076035,0.0
EMU29,2900,1783543421,33.0,4.609883,101.0797,0.0
DMU03,52,1783543416,51.0,5.070343,102.06868,0.0
DMU10(D6120),51,1783543416,77.0,5.87553,102.15543,0.0
EMU29,2900,1783543481,14.0,4.610608,101.08348,0.0
DMU03,52,1783543476,25.0,5.077658,102.069115,0.0
DMU10(D6120),51,1783543476,71.0,5.863755,102.15387,0.0
EMU29,2900,1783543541,18.0,4.609905,101.08696,0.0
DMU03,52,1783543536,0.0,5.079355,102.06942,0.0
DMU10(D6120),51,1783543536,68.0,5.85246,102.1525,0.0
EMU29,2900,1783543601,81.0,4.613562,101.0918,0.0
DMU10(D6120),51,1783543581,69.0,5.843885,102.1514,0.0
DMU03,52,1783543581,13.0,5.079863,102.06951,0.0
EMU29,2900,1783543661,106.0,4.626912,101.1009,0.0
DMU10(D6120),51,1783543641,64.0,5.833177,102.15012,0.0
DMU03,52,1783543641,37.0,5.084793,102.07193,0.0
DMU03,52,1783543701,17.0,5.088987,102.072685,0.0
EMU29,2900,1783543721,102.0,4.640547,101.11135,0.0
DMU10(D6120),51,1783543686,76.0,5.824375,102.14901,0.0
DMU03,52,1783543776,31.0,5.093878,102.07279,0.0
DMU10(D6120),51,1783543776,31.0,5.809367,102.14714,0.0
EMU29,2900,1783543781,110.0,4.653822,101.120995,0.0
EMU29,2900,1783543833,108.0,4.666192,101.1306,0.0
DMU10(D6120),51,1783543821,3.0,5.806517,102.14671,0.0
DMU03,52,1783543851,33.0,5.101722,102.07309,0.0
EMU29,2900,1783543893,114.0,4.680557,101.14045,0.0
DMU10(D6120),51,1783543881,0.0,5.806468,102.14658,0.0
DMU03,52,1783543866,27.0,5.103067,102.07294,0.0
EMU29,2900,1783543968,114.0,4.701355,101.13619,0.0
DMU10(D6120),51,1783543956,0.0,5.80649,102.14673,0.0
DMU10(D6120),51,1783544001,25.0,5.805022,102.1466,0.0
EMU29,2900,1783544028,111.0,4.713232,101.123985,0.0
EMU29,2900,1783544088,113.0,4.731303,101.12193,0.0
DMU10(D6120),51,1783544061,53.0,5.797287,102.14562,0.0
EMU29,2900,1783544133,111.0,4.744142,101.121414,0.0
DMU10(D6120),51,1783544121,60.0,5.78968,102.14453,0.0
DMU10(D6120),51,1783544181,61.0,5.779482,102.143295,0.0
DMU03,52,1783544211,24.0,5.127022,102.05825,0.0
EMU29,2900,1783544208,102.0,4.762968,101.11485,0.0
EMU29,2900,1783544253,97.0,4.772845,101.10779,0.0
DMU10(D6120),51,1783544241,62.0,5.770112,102.13961,0.0
DMU03,52,1783544241,34.0,5.129177,102.057175,0.0
DMU03,52,1783544301,24.0,5.13495,102.05349,0.0
EMU29,2900,1783544328,119.0,4.78867,101.09639,0.0
DMU10(D6120),51,1783544301,51.0,5.763743,102.1446,0.0
DMU10(D6120),51,1783544346,47.0,5.761605,102.15029,0.0
EMU29,2900,1783544373,118.0,4.800888,101.08893,0.0
DMU03,52,1783544376,9.0,5.136733,102.050255,0.0
DMU03,52,1783544421,10.0,5.137937,102.04845,0.0
DMU10(D6120),51,1783544421,65.0,5.752358,102.156654,0.0
EMU29,2900,1783544448,67.0,4.815257,101.076004,0.0
DMU10(D6120),51,1783544466,49.0,5.745638,102.158554,0.0
DMU03,52,1783544481,30.0,5.14201,102.04641,0.0
EMU29,2900,1783544508,0.0,4.818727,101.071045,0.0
EMU29,2900,1783544553,0.0,4.818727,101.071045,0.0
DMU10(D6120),51,1783544571,46.0,5.732397,102.16191,0.0
DMU03,52,1783544541,0.0,5.143775,102.04548,0.0
EMU29,2900,1783544583,0.0,4.818727,101.071045,0.0
DMU03,52,1783544571,4.0,5.143872,102.045494,0.0
DMU10(D6120),51,1783544556,51.0,5.734393,102.16173,0.0
DMU10(D6120),51,1783544661,68.0,5.717647,102.1563,0.0
EMU29,2900,1783544688,111.0,4.825532,101.05736,0.0
DMU03,52,1783544676,14.0,5.148657,102.04459,0.0
DMU03,52,1783544691,17.0,5.149505,102.04441,0.0
EMU29,2900,1783544740,121.0,4.823335,101.04177,0.0
DMU10(D6120),51,1783544721,43.0,5.708212,102.15279,0.0
EMU29,2900,1783544800,118.0,4.829748,101.02476,0.0
DMU10(D6120),51,1783544796,6.0,5.702945,102.151955,0.0
DMU03,52,1783544796,18.0,5.153052,102.043434,0.0
DMU03,52,1783544841,25.0,5.155718,102.04198,0.0
DMU10(D6120),51,1783544841,0.0,5.70285,102.15196,0.0
EMU29,2900,1783544860,118.0,4.841028,101.010376,0.0
EMU29,2900,1783544920,112.0,4.845292,100.99313,0.0
DMU10(D6120),51,1783544901,24.0,5.699663,102.151955,0.0
DMU03,52,1783544886,32.0,5.159012,102.03952,0.0
EMU29,2900,1783544980,102.0,4.841785,100.97661,0.0
DMU10(D6120),51,1783544961,74.0,5.690925,102.15195,0.0
DMU03,52,1783544961,25.0,5.165112,102.037346,0.0
DMU03,52,1783545021,31.0,5.170293,102.036415,0.0
SCS11,weekday_2004,1783545043,5.0,2.463923,102.225464,0.0
EMU29,2900,1783545040,105.0,4.836932,100.962006,0.0
DMU10(D6120),51,1783545021,78.0,5.679342,102.154945,0.0
EMU29,2900,1783545100,120.0,4.82323,100.95166,0.0
SCS11,weekday_2004,1783545088,25.0,2.465135,102.22335,0.0
DMU03,52,1783545081,22.0,5.172835,102.03191,0.0
DMU10(D6120),51,1783545081,73.0,5.667868,102.157,0.0
SCS11,weekday_2004,1783545163,60.0,2.469182,102.21612,0.0
EMU29,2900,1783545160,107.0,4.806485,100.9475,0.0
DMU10(D6120),51,1783545141,77.0,5.656485,102.15697,0.0
DMU03,52,1783545141,32.0,5.172933,102.026505,0.0
SCS11,weekday_2004,1783545208,96.0,2.468737,102.207146,0.0
EMU29,2900,1783545220,114.0,4.793385,100.93676,0.0
DMU10(D6120),51,1783545201,70.0,5.644547,102.15908,0.0
DMU03,52,1783545186,24.0,5.172663,102.02276,0.0
DMU10(D6120),51,1783545276,71.0,5.630487,102.162895,0.0
SCS11,weekday_2004,1783545283,105.0,2.452407,102.195045,0.0
EMU29,2900,1783545280,64.0,4.77815,100.9346,0.0
DMU03,52,1783545276,44.0,5.171112,102.01449,0.0
DMU03,52,1783545321,21.0,5.173455,102.0102,0.0
SCS11,weekday_2004,1783545343,115.0,2.460923,102.18279,0.0
EMU29,2900,1783545340,0.0,4.776277,100.931984,0.0
DMU10(D6120),51,1783545306,68.0,5.625067,102.16457,0.0
DMU10(D6120),51,1783545366,64.0,5.61467,102.1673,0.0
DMU03,52,1783545366,0.0,5.173917,102.00991,0.0
SCS11,weekday_2004,1783545403,112.0,2.478537,102.18042,0.0
EMU29,2900,1783545400,87.0,4.774387,100.92561,0.0
EMU29,2900,1783545465,103.0,4.776857,100.90817,0.0
DMU03,52,1783545456,13.0,5.17747,102.00946,0.0
SCS11,weekday_2004,1783545448,116.0,2.491953,102.178566,0.0
DMU10(D6120),51,1783545441,43.0,5.604228,102.17192,0.0
DMU03,52,1783545501,45.0,5.181223,102.010895,0.0
EMU29,2900,1783545525,110.0,4.773125,100.89306,0.0
DMU10(D6120),51,1783545531,31.0,5.598963,102.1758,0.0
SCS11,weekday_2004,1783545523,77.0,2.508047,102.172226,0.0
DMU03,52,1783545546,46.0,5.187633,102.010864,0.0
EMU29,2900,1783545585,114.0,4.772048,100.874985,0.0
SCS11,weekday_2004,1783545583,110.0,2.52125,102.166916,0.0
DMU10(D6120),51,1783545561,32.0,5.596182,102.1763,0.0
DMU03,52,1783545636,45.0,5.20011,102.0141,0.0
SCS29,2941,1783545640,14.0,6.66196,100.319176,0.0
EMU29,2900,1783545645,60.0,4.777405,100.8612,0.0
SCS11,weekday_2004,1783545643,111.0,2.534185,102.15605,0.0
EMU33,2940,1783545641,11.0,5.392195,100.36774,0.0
DMU10(D6120),51,1783545636,16.0,5.591795,102.177284,0.0
EMU29,2900,1783545705,0.0,4.77807,100.85737,0.0
SCS11,weekday_2004,1783545703,114.0,2.545143,102.14229,0.0
EMU33,2940,1783545701,24.0,5.390227,100.37043,0.0
SCS29,2941,1783545700,49.0,6.659008,100.31543,0.0
DMU03,52,1783545696,55.0,5.20835,102.01248,0.0
DMU10(D6120),51,1783545696,10.0,5.589533,102.179276,0.0
EMU29,2900,1783545765,87.0,4.779308,100.85075,0.0
DMU10(D6120),51,1783545741,0.0,5.589045,102.179756,0.0
DMU03,52,1783545741,16.0,5.213635,102.01247,0.0
SCS11,weekday_2004,1783545763,110.0,2.55642,102.129265,0.0
EMU33,2940,1783545761,33.0,5.387347,100.37351,0.0
SCS29,2941,1783545760,48.0,6.654685,100.30882,0.0
DMU03,52,1783545801,20.0,5.214635,102.01247,0.0
DMU10(D6120),51,1783545801,0.0,5.589045,102.179756,0.0
SCS29,2941,1783545820,113.0,6.649037,100.29824,0.0
EMU29,2900,1783545825,122.0,4.776042,100.83417,0.0
SCS11,weekday_2004,1783545823,105.0,2.565733,102.1147,0.0
EMU33,2940,1783545821,86.0,5.38364,100.3809,0.0
SCS29,2941,1783545880,114.0,6.638843,100.28322,0.0
DMU10(D6120),51,1783545861,0.0,5.589052,102.17966,0.0
DMU03,52,1783545861,45.0,5.22129,102.01169,0.0
EMU29,2900,1783545885,0.0,4.776005,100.823555,0.0
SCS11,weekday_2004,1783545883,105.0,2.57756,102.10393,0.0
EMU33,2940,1783545881,89.0,5.376618,100.394226,0.0
EMU29,2900,1783545945,117.0,4.776913,100.7973,0.0
SCS11,weekday_2004,1783545943,56.0,2.589255,102.09693,0.0
EMU33,2940,1783545941,89.0,5.370028,100.407326,0.0
SCS29,2941,1783545940,115.0,6.627948,100.26893,0.0
DMU03,52,1783545921,32.0,5.228973,102.01054,0.0
DMU10(D6120),51,1783545921,0.0,5.588348,102.1805,0.0
DMU10(D6120),51,1783545966,15.0,5.587962,102.1809,0.0
SCS11,weekday_2004,1783546003,0.0,2.593542,102.09438,0.0
EMU33,2940,1783546001,54.0,5.365695,100.418434,0.0
SCS29,2941,1783546000,115.0,6.611292,100.26393,0.0
EMU29,2900,1783546005,124.0,4.782147,100.77993,0.0
DMU03,52,1783545996,4.0,5.231155,102.01025,0.0
SCS11,weekday_2004,1783546063,4.0,2.593648,102.09433,0.0
EMU33,2940,1783546061,0.0,5.364408,100.42176,0.0
SCS29,2941,1783546060,113.0,6.59306,100.26323,0.0
DMU10(D6120),51,1783546041,65.0,5.57914,102.18556,0.0
EMU29,2900,1783546065,118.0,4.78788,100.76291,0.0
DMU03,52,1783546041,50.0,5.235987,102.00955,0.0
DMU10(D6120),51,1783546101,61.0,5.568378,102.18702,0.0
DMU03,52,1783546101,55.0,5.244958,102.00909,0.0
SCS11,weekday_2004,1783546123,69.0,2.599425,102.09085,0.0
EMU29,2900,1783546125,110.0,4.79882,100.74884,0.0
EMU33,2940,1783546121,81.0,5.362477,100.42711,0.0
SCS29,2941,1783546120,116.0,6.575263,100.26036,0.0
DMU10(D6120),51,1783546176,65.0,5.556958,102.19333,0.0
EMU33,2940,1783546181,79.0,5.366762,100.440895,0.0
SCS29,2941,1783546180,114.0,6.556928,100.25958,0.0
DMU03,52,1783546161,0.0,5.248788,102.00974,0.0
SCS11,weekday_2004,1783546183,85.0,2.610953,102.08398,0.0
EMU29,2900,1783546186,100.0,4.813582,100.74032,0.0
EMU23,2901,1783546240,16.0,5.393168,100.36679,0.0
EMU29,2900,1783546246,101.0,4.828033,100.73535,0.0
SCS11,weekday_2004,1783546243,106.0,2.623527,102.07475,0.0
EMU33,2940,1783546241,4.0,5.366322,100.44771,0.0
SCS29,2941,1783546240,114.0,6.539007,100.25953,0.0
DMU10(D6120),51,1783546221,71.0,5.548973,102.19539,0.0
DMU03,52,1783546221,0.0,5.248788,102.00974,0.0
EMU29,2900,1783546291,97.0,4.838112,100.72781,0.0
EMU23,2901,1783546300,23.0,5.390923,100.3698,0.0
SCS29,2941,1783546300,40.0,6.524768,100.257065,0.0
SCS11,weekday_2004,1783546303,95.0,2.632193,102.0614,0.0
EMU33,2940,1783546301,0.0,5.366258,100.44785,0.0
DMU10(D6120),51,1783546281,68.0,5.538613,102.19898,0.0
DMU03,52,1783546281,0.0,5.248788,102.00974,0.0
EMU23,2901,1783546360,47.0,5.386755,100.374756,0.0
SCS29,2941,1783546360,11.0,6.522957,100.256775,0.0
SCS11,weekday_2004,1783546363,102.0,2.636238,102.04664,0.0
EMU33,2940,1783546361,52.0,5.36554,100.453285,0.0
DMU03,52,1783546341,0.0,5.248788,102.00974,0.0
EMU29,2900,1783546366,31.0,4.852585,100.73183,0.0
DMU10(D6120),51,1783546341,16.0,5.531658,102.202324,0.0
SCS11,weekday_2004,1783546423,110.0,2.64426,102.03276,0.0
EMU33,2940,1783546421,47.0,5.361818,100.46015,0.0
SCS29,2941,1783546420,116.0,6.5108,100.25469,0.0
EMU23,2901,1783546420,100.0,5.380807,100.38623,0.0
EMU29,2900,1783546411,4.0,4.853015,100.73223,0.0
DMU03,52,1783546401,0.0,5.248788,102.00974,0.0
DMU10(D6120),51,1783546401,0.0,5.530118,102.20304,0.0
DMU10(D6120),51,1783546461,0.0,5.530195,102.20312,0.0
DMU03,52,1783546461,0.0,5.248788,102.00974,0.0
EMU33,2940,1783546461,0.0,5.357675,100.46335,0.0
EMU29,2900,1783546486,108.0,4.86462,100.7297,0.0
SCS11,weekday_2004,1783546483,78.0,2.654708,102.02128,0.0
SCS29,2941,1783546480,114.0,6.493247,100.25349,0.0
EMU23,2901,1783546480,102.0,5.373272,100.40044,0.0
EMU29,2900,1783546546,120.0,4.880302,100.72152,0.0
DMU10(D6120),51,1783546536,14.0,5.528055,102.203964,0.0
EMU33,2940,1783546534,87.0,5.3656,100.4676,0.0
SCS29,2941,1783546525,114.0,6.47971,100.25372,0.0
DMU03,52,1783546506,30.0,5.250157,102.00995,0.0
SCS11,weekday_2004,1783546543,68.0,2.654585,102.00964,0.0
EMU23,2901,1783546540,96.0,5.367002,100.415146,0.0
SCS11,weekday_2004,1783546603,27.0,2.657865,102.002235,0.0
EMU23,2901,1783546600,0.0,5.364598,100.42129,0.0
SCS29,2941,1783546600,114.0,6.457818,100.25941,0.0
DMU10(D6120),51,1783546581,29.0,5.525827,102.20501,0.0
DMU03,52,1783546581,45.0,5.259877,102.00997,0.0
EMU33,2940,1783546609,113.0,5.387222,100.4703,0.0
EMU29,2900,1783546606,44.0,4.895077,100.71951,0.0
EMU23,2901,1783546660,48.0,5.364023,100.42285,0.0
SCS29,2941,1783546660,112.0,6.440768,100.265274,0.0
SCS11,weekday_2004,1783546663,26.0,2.659067,101.99771,0.0
EMU29,2900,1783546666,12.0,4.89636,100.71937,0.0
DMU10(D6120),51,1783546656,55.0,5.515885,102.20893,0.0
DMU03,52,1783546656,31.0,5.267657,102.00951,0.0
EMU33,2940,1783546669,111.0,5.405213,100.472755,0.0
DMU03,52,1783546701,0.0,5.2684,102.00953,0.0
EMU33,2940,1783546699,113.0,5.413755,100.47575,0.0
SCS29,2941,1783546720,4.0,6.43143,100.26851,0.0
EMU23,2901,1783546720,102.0,5.364652,100.436104,0.0
EMU29,2900,1783546726,105.0,4.907927,100.71812,0.0
SCS11,weekday_2004,1783546723,8.0,2.660915,101.99576,0.0
DMU10(D6120),51,1783546671,54.0,5.513635,102.20933,0.0
EMU29,2900,1783546771,120.0,4.921643,100.716644,0.0
SCS29,2941,1783546780,29.0,6.43044,100.26884,0.0
EMU33,2940,1783546789,115.0,5.437473,100.48926,0.0
SCS11,weekday_2004,1783546783,0.0,2.66104,101.99564,0.0
DMU03,52,1783546761,0.0,5.2684,102.00953,0.0
EMU23,2901,1783546765,47.0,5.366692,100.445656,0.0
EMU23,2901,1783546840,0.0,5.36642,100.44718,0.0
SCS29,2941,1783546840,117.0,6.417808,100.273186,0.0
EMU29,2900,1783546846,120.0,4.944745,100.72194,0.0
EMU28,2943,1783546853,11.0,6.66265,100.31964,0.0
DMU10(D6120),51,1783546851,49.0,5.489397,102.21696,0.0
DMU03,52,1783546851,35.0,5.273435,102.008575,0.0
EMU33,2940,1783546849,106.0,5.454422,100.493706,0.0
SCS11,weekday_2004,1783546843,0.0,2.66104,101.99564,0.0
SCS29,2941,1783546900,114.0,6.401135,100.28012,0.0
DMU10(D6120),51,1783546881,44.0,5.485502,102.21779,0.0
SCS11,weekday_2004,1783546903,23.0,2.662247,101.994484,0.0
EMU23,2901,1783546900,26.0,5.366328,100.4478,0.0
EMU29,2900,1783546899,116.0,4.96114,100.72631,0.0
EMU28,2943,1783546883,17.0,6.66149,100.31843,0.0
DMU03,52,1783546881,36.0,5.27632,102.007576,0.0
EMU33,2940,1783546909,112.0,5.470733,100.49602,0.0
EMU23,2901,1783546960,107.0,5.362942,100.45923,0.0
EMU29,2900,1783546944,113.0,4.974028,100.73061,0.0
DMU03,52,1783546941,31.0,5.282538,102.00654,0.0
DMU10(D6120),51,1783546941,39.0,5.478625,102.21927,0.0
EMU28,2943,1783546928,36.0,6.659145,100.31564,0.0
SCS11,weekday_2004,1783546963,76.0,2.669348,101.99018,0.0
SCS29,2941,1783546960,113.0,6.386722,100.29091,0.0
EMU33,2940,1783546969,26.0,5.480928,100.497665,0.0
DMU03,52,1783547031,12.0,5.287917,102.00547,0.0
DMU10(D6120),51,1783547031,0.0,5.472492,102.222206,0.0
EMU23,2901,1783547005,120.0,5.35162,100.46701,0.0
EMU29,2900,1783547004,117.0,4.992143,100.73443,0.0
EMU28,2943,1783547003,50.0,6.654268,100.30828,0.0
SCS29,2941,1783547020,64.0,6.374343,100.30015,0.0
SCS11,weekday_2004,1783547023,79.0,2.676545,101.98096,0.0
EMU33,2940,1783547014,0.0,5.48252,100.4981,0.0
EMU33,2940,1783547074,92.0,5.490257,100.500145,0.0
EMU29,2900,1783547064,117.0,5.010075,100.73249,0.0
EMU28,2943,1783547063,118.0,6.647937,100.2956,0.0
DMU10(D6120),51,1783547061,2.0,5.47239,102.22222,0.0
DMU03,52,1783547091,16.0,5.29067,102.006165,0.0
SCS29,2941,1783547080,0.0,6.370282,100.30319,0.0
EMU23,2901,1783547080,122.0,5.328028,100.46998,0.0
SCS11,weekday_2004,1783547068,73.0,2.683162,101.97506,0.0
EMU23,2901,1783547125,122.0,5.314527,100.4741,0.0
EMU33,2940,1783547123,104.0,5.503022,100.5036,0.0
SCS11,weekday_2004,1783547143,0.0,2.691227,101.97159,0.0
SCS29,2941,1783547140,21.0,6.370018,100.30339,0.0
EMU40,2902,1783547130,0.0,4.597873,101.07317,0.0
EMU29,2900,1783547124,120.0,5.024593,100.72074,0.0
EMU28,2943,1783547123,115.0,6.636928,100.28064,0.0
DMU10(D6120),51,1783547121,45.0,5.467992,102.22432,0.0
DMU03,52,1783547121,9.0,5.291397,102.00743,0.0
EMU40,2902,1783547190,18.0,4.598623,101.07343,0.0
EMU29,2900,1783547169,120.0,5.033877,100.70975,0.0
EMU33,2940,1783547168,116.0,5.515923,100.507034,0.0
SCS11,weekday_2004,1783547203,37.0,2.692253,101.97112,0.0
EMU23,2901,1783547200,87.0,5.29441,100.482994,0.0
EMU28,2943,1783547183,115.0,6.625277,100.266975,0.0
DMU10(D6120),51,1783547181,45.0,5.461082,102.22738,0.0
DMU03,52,1783547181,12.0,5.290628,102.010155,0.0
SCS29,2941,1783547185,110.0,6.362612,100.30892,0.0
EMU23,2901,1783547230,46.0,5.289513,100.482216,0.0
EMU33,2940,1783547243,114.0,5.538193,100.50316,0.0
DMU03,52,1783547241,13.0,5.289562,102.01269,0.0
EMU29,2900,1783547244,122.0,5.039318,100.68713,0.0
EMU40,2902,1783547265,32.0,4.604053,101.07568,0.0
SCS11,weekday_2004,1783547263,75.0,2.69896,101.963165,0.0
SCS29,2941,1783547260,114.0,6.344595,100.32238,0.0
EMU28,2943,1783547243,118.0,6.607255,100.26341,0.0
DMU10(D6120),51,1783547211,45.0,5.457132,102.22773,0.0
SCS11,weekday_2004,1783547323,72.0,2.705983,101.9531,0.0
SCS29,2941,1783547320,114.0,6.330167,100.333176,0.0
EMU28,2943,1783547303,114.0,6.589267,100.26294,0.0
EMU33,2940,1783547303,116.0,5.556063,100.49914,0.0
DMU03,52,1783547301,13.0,5.29011,102.015465,0.0
EMU40,2902,1783547325,62.0,4.61057,101.08096,0.0
EMU29,2900,1783547289,121.0,5.0392,100.67277,0.0
EMU29,2900,1783547386,113.0,5.041428,100.64223,0.0
EMU40,2902,1783547385,77.0,4.612797,101.0914,0.0
EMU28,2943,1783547378,117.0,6.56648,100.259186,0.0
DMU10(D6120),51,1783547376,49.0,5.43886,102.23462,0.0
DMU03,52,1783547376,12.0,5.292387,102.018074,0.0
EMU23,2901,1783547375,9.0,5.286168,100.480804,0.0
EMU33,2940,1783547363,118.0,5.574328,100.49614,0.0
SCS11,weekday_2004,1783547383,21.0,2.71191,101.950424,0.0
SCS29,2941,1783547380,114.0,6.31556,100.34375,0.0
EMU23,2901,1783547420,93.0,5.279408,100.47855,0.0
EMU29,2900,1783547446,122.0,5.042755,100.62376,0.0
EMU40,2902,1783547445,102.0,4.624937,101.0994,0.0
EMU28,2943,1783547423,118.0,6.552705,100.25979,0.0
SCS20,weekday_2008,1783547423,0.0,2.464018,102.22581,0.0
EMU33,2940,1783547408,113.0,5.587607,100.493996,0.0
DMU10(D6120),51,1783547406,46.0,5.43544,102.23632,0.0
DMU03,52,1783547406,12.0,5.293677,102.018715,0.0
SCS11,weekday_2004,1783547443,26.0,2.714647,101.94682,0.0
SCS29,2941,1783547440,114.0,6.298078,100.34779,0.0
EMU29,2900,1783547506,123.0,5.044138,100.604836,0.0
EMU40,2902,1783547505,108.0,4.638212,101.1096,0.0
EMU23,2901,1783547510,121.0,5.252475,100.48431,0.0
SCS20,weekday_2008,1783547503,21.0,2.465563,102.222824,0.0
EMU33,2940,1783547483,115.0,5.60997,100.495995,0.0
EMU28,2943,1783547483,104.0,6.534442,100.258766,0.0
DMU03,52,1783547481,12.0,5.29734,102.01931,0.0
DMU10(D6120),51,1783547481,45.0,5.425708,102.23769,0.0
SCS11,weekday_2004,1783547503,21.0,2.717135,101.9431,0.0
SCS29,2941,1783547500,114.0,6.280382,100.351425,0.0
SCS20,weekday_2008,1783547563,27.0,2.467667,102.218796,0.0
SCS11,weekday_2004,1783547563,0.0,2.719303,101.93986,0.0
DMU10(D6120),51,1783547541,39.0,5.419027,102.23943,0.0
DMU03,52,1783547541,5.0,5.300055,102.02008,0.0
EMU29,2900,1783547566,122.0,5.044233,100.58597,0.0
EMU40,2902,1783547565,108.0,4.651712,101.119415,0.0
SCS29,2941,1783547560,114.0,6.262745,100.35501,0.0
EMU28,2943,1783547558,0.0,6.523957,100.256966,0.0
EMU23,2901,1783547540,121.0,5.243453,100.48633,0.0
EMU33,2940,1783547528,115.0,5.623158,100.494484,0.0
EMU29,2900,1783547626,121.0,5.034508,100.5697,0.0
SCS11,weekday_2004,1783547623,0.0,2.719305,101.93985,0.0
SCS29,2941,1783547620,113.0,6.245102,100.35862,0.0
SCS20,weekday_2008,1783547603,74.0,2.469913,102.214134,0.0
EMU28,2943,1783547603,66.0,6.52145,100.25655,0.0
EMU33,2940,1783547603,53.0,5.640167,100.48958,0.0
DMU03,52,1783547601,0.0,5.300183,102.02024,0.0
EMU40,2902,1783547610,108.0,4.661922,101.127304,0.0
DMU10(D6120),51,1783547601,47.0,5.413507,102.23625,0.0
EMU23,2901,1783547600,122.0,5.224718,100.49051,0.0
EMU33,2940,1783547648,0.0,5.643237,100.49015,0.0
EMU29,2900,1783547686,120.0,5.023852,100.55389,0.0
DMU03,52,1783547676,14.0,5.302865,102.02215,0.0
EMU23,2901,1783547690,123.0,5.197843,100.483505,0.0
SCS11,weekday_2004,1783547683,12.0,2.719662,101.939125,0.0
SCS20,weekday_2008,1783547683,113.0,2.456137,102.20031,0.0
SCS29,2941,1783547680,113.0,6.227812,100.36213,0.0
DMU10(D6120),51,1783547676,15.0,5.40835,102.23147,0.0
EMU28,2943,1783547663,114.0,6.505402,100.25378,0.0
EMU28,2943,1783547723,118.0,6.4875,100.25356,0.0
DMU10(D6120),51,1783547721,30.0,5.405642,102.230995,0.0
DMU03,52,1783547721,14.0,5.30512,102.02244,0.0
EMU33,2940,1783547708,34.0,5.644842,100.490364,0.0
EMU29,2900,1783547746,123.0,5.019288,100.53643,0.0
SCS11,weekday_2004,1783547743,26.0,2.721157,101.93479,0.0
EMU23,2901,1783547750,109.0,5.179672,100.479485,0.0
EMU40,2902,1783547750,109.0,4.696573,101.13953,0.0
SCS20,weekday_2008,1783547743,115.0,2.455527,102.18498,0.0
SCS29,2941,1783547740,114.0,6.210103,100.36575,0.0
SCS20,weekday_2008,1783547803,114.0,2.472868,102.18116,0.0
SCS29,2941,1783547800,113.0,6.192537,100.36944,0.0
EMU40,2902,1783547810,110.0,4.7088,101.127464,0.0
EMU23,2901,1783547810,0.0,5.16974,100.479645,0.0
EMU29,2900,1783547806,13.0,5.028438,100.52735,0.0
EMU33,2940,1783547804,0.0,5.66724,100.494194,0.0
EMU28,2943,1783547798,117.0,6.46482,100.25702,0.0
DMU10(D6120),51,1783547796,39.0,5.397042,102.23225,0.0
DMU03,52,1783547796,37.0,5.311237,102.020836,0.0
SCS11,weekday_2004,1783547788,56.0,2.722478,101.92974,0.0
DMU03,52,1783547871,43.0,5.320265,102.02024,0.0
EMU40,2902,1783547870,109.0,4.724445,101.12219,0.0
EMU33,2940,1783547844,116.0,5.678975,100.4968,0.0
SCS20,weekday_2008,1783547843,114.0,2.484757,102.179565,0.0
EMU28,2943,1783547843,118.0,6.451645,100.26155,0.0
DMU10(D6120),51,1783547841,28.0,5.39258,102.23206,0.0
EMU29,2900,1783547851,2.0,5.028727,100.527214,0.0
EMU23,2901,1783547855,19.0,5.169348,100.47954,0.0
SCS11,weekday_2004,1783547848,17.0,2.723243,101.92184,0.0
SCS29,2941,1783547860,5.0,6.182758,100.37523,0.0
EMU29,2900,1783547926,110.0,5.041727,100.52034,0.0
EMU28,2943,1783547918,52.0,6.434133,100.26756,0.0
DMU03,52,1783547916,43.0,5.325452,102.01982,0.0
SCS11,weekday_2004,1783547908,51.0,2.725048,101.91736,0.0
SCS29,2941,1783547905,8.0,6.182672,100.375336,0.0
EMU40,2902,1783547915,104.0,4.737003,101.1217,0.0
EMU23,2901,1783547915,111.0,5.157047,100.47997,0.0
EMU33,2940,1783547904,115.0,5.694242,100.507164,0.0
SCS20,weekday_2008,1783547903,119.0,2.502222,102.17456,0.0
DMU10(D6120),51,1783547901,0.0,5.391443,102.232056,0.0
EMU29,2900,1783547986,118.0,5.058145,100.51165,0.0
SCS20,weekday_2008,1783547983,108.0,2.524633,102.165504,0.0
SCS11,weekday_2004,1783547983,97.0,2.72728,101.9019,0.0
EMU33,2940,1783547979,114.0,5.715578,100.51359,0.0
EMU23,2901,1783547990,81.0,5.135177,100.48527,0.0
DMU10(D6120),51,1783547961,28.0,5.389802,102.23201,0.0
DMU03,52,1783547961,39.0,5.330542,102.017975,0.0
EMU40,2902,1783547960,104.0,4.749357,101.12056,0.0
EMU28,2943,1783547948,4.0,6.432053,100.268326,0.0
SCS29,2941,1783547980,117.0,6.166125,100.37899,0.0
EMU39,2945,1783548029,0.0,6.662442,100.31987,0.0
SCS11,weekday_2004,1783548028,85.0,2.736245,101.89518,0.0
EMU29,2900,1783548031,121.0,5.07057,100.50507,0.0
SCS29,2941,1783548040,114.0,6.148085,100.38023,0.0
EMU33,2940,1783548039,116.0,5.733008,100.509964,0.0
EMU28,2943,1783548023,86.0,6.426037,100.27036,0.0
SCS20,weekday_2008,1783548023,114.0,2.53268,102.1579,0.0
DMU03,52,1783548021,37.0,5.33638,102.01573,0.0
DMU10(D6120),51,1783548021,40.0,5.384317,102.23279,0.0
EMU40,2902,1783548020,106.0,4.764698,101.11401,0.0
EMU23,2901,1783548035,0.0,5.130778,100.48615,0.0
SCS29,2941,1783548115,115.0,6.126538,100.375824,0.0
EMU28,2943,1783548113,116.0,6.40142,100.2799,0.0
EMU29,2900,1783548091,123.0,5.087297,100.496216,0.0
DMU10(D6120),51,1783548111,52.0,5.374348,102.23173,0.0
EMU39,2945,1783548104,22.0,6.661132,100.3182,0.0
EMU23,2901,1783548080,0.0,5.130778,100.48615,0.0
EMU40,2902,1783548080,97.0,4.776345,101.10384,0.0
DMU03,52,1783548081,34.0,5.342353,102.01344,0.0
SCS11,weekday_2004,1783548103,93.0,2.738563,101.88236,0.0
SCS20,weekday_2008,1783548103,115.0,2.547707,102.13908,0.0
EMU33,2940,1783548099,116.0,5.750285,100.5033,0.0
EMU29,2900,1783548154,123.0,5.106487,100.49118,0.0
EMU28,2943,1783548143,113.0,6.394137,100.28537,0.0
DMU10(D6120),51,1783548141,55.0,5.37106,102.22887,0.0
DMU03,52,1783548141,22.0,5.34662,102.011925,0.0
SCS29,2941,1783548160,76.0,6.115188,100.37067,0.0
EMU33,2940,1783548159,116.0,5.766562,100.495544,0.0
EMU39,2945,1783548164,44.0,6.657855,100.31342,0.0
SCS11,weekday_2004,1783548163,28.0,2.741352,101.87208,0.0
SCS20,weekday_2008,1783548163,113.0,2.559142,102.1254,0.0
EMU40,2902,1783548155,100.0,4.79334,101.09362,0.0
EMU23,2901,1783548155,104.0,5.119693,100.48846,0.0
EMU28,2943,1783548188,112.0,6.383452,100.293335,0.0
SCS20,weekday_2008,1783548183,116.0,2.562278,102.12028,0.0
EMU33,2940,1783548174,119.0,5.770928,100.49379,0.0
SCS11,weekday_2004,1783548223,23.0,2.7417,101.87086,0.0
SCS29,2941,1783548205,0.0,6.112518,100.369385,0.0
EMU40,2902,1783548230,92.0,4.807853,101.08125,0.0
EMU29,2900,1783548229,73.0,5.12696,100.48692,0.0
EMU39,2945,1783548224,58.0,6.653558,100.30724,0.0
DMU03,52,1783548171,35.0,5.348873,102.01102,0.0
EMU23,2901,1783548215,122.0,5.101428,100.49223,0.0
DMU10(D6120),51,1783548186,51.0,5.365525,102.22602,0.0
EMU28,2943,1783548248,42.0,6.372925,100.30122,0.0
SCS29,2941,1783548220,0.0,6.112518,100.369385,0.0
EMU29,2900,1783548289,0.0,5.130785,100.48616,0.0
EMU40,2902,1783548275,70.0,4.816198,101.07489,0.0
EMU39,2945,1783548254,101.0,6.650022,100.30175,0.0
DMU03,52,1783548246,48.0,5.358807,102.008385,0.0
DMU10(D6120),51,1783548231,55.0,5.358652,102.225426,0.0
EMU23,2901,1783548230,123.0,5.096717,100.49321,0.0
EMU33,2940,1783548219,114.0,5.783842,100.488525,0.0
SCS11,weekday_2004,1783548253,74.0,2.742847,101.86676,0.0
EMU33,2940,1783548294,112.0,5.80449,100.48079,0.0
EMU23,2901,1783548326,123.0,5.068497,100.506226,0.0
SCS20,weekday_2008,1783548323,51.0,2.591572,102.09553,0.0
DMU10(D6120),51,1783548306,40.0,5.349292,102.223236,0.0
EMU28,2943,1783548338,52.0,6.36967,100.30363,0.0
DMU03,52,1783548336,32.0,5.368575,102.00841,0.0
EMU29,2900,1783548334,18.0,5.131072,100.48611,0.0
EMU39,2945,1783548329,115.0,6.638247,100.28244,0.0
SCS29,2941,1783548280,99.0,6.103628,100.366776,0.0
EMU40,2902,1783548335,0.0,4.81873,101.07099,0.0
SCS11,weekday_2004,1783548328,110.0,2.748393,101.847,0.0
EMU29,2900,1783548394,105.0,5.142605,100.48366,0.0
EMU39,2945,1783548404,122.0,6.622305,100.26569,0.0
SCS20,weekday_2008,1783548403,0.0,2.59358,102.094315,0.0
SCS11,weekday_2004,1783548403,21.0,2.752062,101.83389,0.0
EMU23,2901,1783548401,119.0,5.047618,100.51726,0.0
SCS29,2941,1783548400,114.0,6.07249,100.383865,0.0
EMU33,2940,1783548384,36.0,5.823788,100.47802,0.0
EMU28,2943,1783548383,108.0,6.361348,100.30983,0.0
DMU10(D6120),51,1783548381,49.0,5.340597,102.2204,0.0
DMU03,52,1783548381,19.0,5.372628,102.00861,0.0
EMU40,2902,1783548350,0.0,4.81873,101.07099,0.0
DMU03,52,1783548441,14.0,5.375807,102.00968,0.0
DMU10(D6120),51,1783548426,52.0,5.335657,102.21676,0.0
EMU29,2900,1783548469,78.0,5.163828,100.47978,0.0
EMU40,2902,1783548440,77.0,4.82198,101.065834,0.0
EMU39,2945,1783548464,112.0,6.60355,100.26325,0.0
EMU33,2940,1783548459,30.0,5.825588,100.47788,0.0
EMU28,2943,1783548464,115.0,6.342037,100.324265,0.0
SCS11,weekday_2004,1783548463,24.0,2.753198,101.82993,0.0
SCS20,weekday_2008,1783548463,26.0,2.594298,102.093895,0.0
EMU23,2901,1783548461,74.0,5.032613,100.52521,0.0
SCS29,2941,1783548460,114.0,6.056788,100.39274,0.0
DMU10(D6120),51,1783548486,49.0,5.334853,102.20885,0.0
SCS11,weekday_2004,1783548523,8.0,2.754252,101.826164,0.0
EMU33,2940,1783548523,0.0,5.839195,100.47686,0.0
SCS20,weekday_2008,1783548523,102.0,2.603613,102.08833,0.0
EMU23,2901,1783548521,0.0,5.028717,100.527275,0.0
EMU29,2900,1783548529,0.0,5.169802,100.47963,0.0
EMU28,2943,1783548524,118.0,6.327243,100.33532,0.0
DMU03,52,1783548486,0.0,5.376973,102.01005,0.0
EMU40,2902,1783548485,110.0,4.82599,101.0552,0.0
SCS29,2941,1783548520,111.0,6.041128,100.401566,0.0
EMU39,2945,1783548509,115.0,6.59001,100.26296,0.0
EMU28,2943,1783548569,118.0,6.315987,100.34351,0.0
EMU39,2945,1783548569,116.0,6.572188,100.259384,0.0
EMU29,2900,1783548574,50.0,5.171362,100.47963,0.0
SCS11,weekday_2004,1783548583,25.0,2.754643,101.82464,0.0
SCS20,weekday_2008,1783548583,96.0,2.617158,102.07948,0.0
SCS29,2941,1783548580,114.0,6.025592,100.41037,0.0
EMU33,2940,1783548533,102.0,5.841945,100.476875,0.0
DMU03,52,1783548561,6.0,5.37735,102.010254,0.0
DMU10(D6120),51,1783548531,31.0,5.331523,102.20485,0.0
EMU23,2901,1783548566,0.0,5.028717,100.527275,0.0
EMU28,2943,1783548614,114.0,6.302645,100.34688,0.0
EMU29,2900,1783548649,120.0,5.19012,100.479805,0.0
EMU33,2940,1783548623,117.0,5.867105,100.47693,0.0
EMU40,2902,1783548591,115.0,4.829152,101.02561,0.0
DMU10(D6120),51,1783548606,0.0,5.329998,102.203026,0.0
DMU03,52,1783548606,10.0,5.378635,102.01125,0.0
EMU39,2945,1783548644,122.0,6.549137,100.25986,0.0
SCS11,weekday_2004,1783548643,70.0,2.756593,101.81764,0.0
SCS20,weekday_2008,1783548643,93.0,2.627373,102.0698,0.0
EMU23,2901,1783548641,109.0,5.019267,100.53663,0.0
SCS29,2941,1783548640,114.0,6.009885,100.41925,0.0
DMU03,52,1783548651,5.0,5.379262,102.012695,0.0
DMU10(D6120),51,1783548651,27.0,5.32877,102.201454,0.0
SCS29,2941,1783548700,114.0,5.994212,100.42811,0.0
EMU33,2940,1783548683,117.0,5.885268,100.47697,0.0
EMU28,2943,1783548704,118.0,6.27553,100.35244,0.0
EMU39,2945,1783548704,75.0,6.531853,100.25827,0.0
SCS11,weekday_2004,1783548703,74.0,2.7631,101.80876,0.0
EMU23,2901,1783548701,121.0,5.023887,100.55392,0.0
SCS20,weekday_2008,1783548683,85.0,2.632053,102.061485,0.0
EMU40,2902,1783548696,114.0,4.845138,100.99846,0.0
EMU29,2900,1783548694,122.0,5.202783,100.48611,0.0
EMU29,2900,1783548769,124.0,5.224997,100.490395,0.0
SCS20,weekday_2008,1783548763,71.0,2.636255,102.04475,0.0
SCS11,weekday_2004,1783548763,99.0,2.775445,101.802536,0.0
EMU33,2940,1783548758,117.0,5.907337,100.47099,0.0
EMU39,2945,1783548719,72.0,6.52893,100.25777,0.0
SCS29,2941,1783548745,112.0,5.982477,100.43474,0.0
EMU28,2943,1783548749,115.0,6.261982,100.35522,0.0
DMU10(D6120),51,1783548696,30.0,5.326248,102.198586,0.0
EMU40,2902,1783548756,118.0,4.842912,100.98055,0.0
DMU03,52,1783548756,24.0,5.378965,102.01799,0.0
EMU23,2901,1783548746,122.0,5.031878,100.565765,0.0
EMU28,2943,1783548809,116.0,6.243818,100.3589,0.0
DMU03,52,1783548786,31.0,5.377035,102.01966,0.0
EMU29,2900,1783548814,120.0,5.238835,100.48732,0.0
EMU33,2940,1783548788,117.0,5.916007,100.467674,0.0
EMU23,2901,1783548761,123.0,5.034573,100.56978,0.0
SCS11,weekday_2004,1783548823,98.0,2.790672,101.79711,0.0
SCS29,2941,1783548820,0.0,5.971518,100.44091,0.0
EMU40,2902,1783548816,115.0,4.837458,100.96331,0.0
SCS20,weekday_2008,1783548783,75.0,2.637273,102.041,0.0
EMU39,2945,1783548809,40.0,6.52234,100.25662,0.0
SCS11,weekday_2004,1783548868,69.0,2.800413,101.798096,0.0
EMU39,2945,1783548854,107.0,6.512637,100.255005,0.0
EMU29,2900,1783548889,119.0,5.261855,100.48215,0.0
EMU28,2943,1783548887,112.0,6.22076,100.36358,0.0
EMU33,2940,1783548878,115.0,5.941652,100.457726,0.0
EMU40,2902,1783548876,115.0,4.825118,100.95166,0.0
SCS20,weekday_2008,1783548883,75.0,2.652082,102.02623,0.0
EMU23,2901,1783548881,122.0,5.044158,100.605095,0.0
DMU03,52,1783548876,26.0,5.369752,102.02351,0.0
SCS29,2941,1783548835,0.0,5.971518,100.44091,0.0
EMU23,2901,1783548911,122.0,5.043447,100.61467,0.0
EMU29,2900,1783548934,119.0,5.275713,100.47906,0.0
EMU33,2940,1783548923,110.0,5.953442,100.45114,0.0
SCS11,weekday_2004,1783548913,0.0,2.802663,101.80016,0.0
DMU03,52,1783548906,21.0,5.368362,102.02526,0.0
EMU28,2943,1783548947,113.0,6.202657,100.367294,0.0
SCS20,weekday_2008,1783548943,80.0,2.655453,102.01486,0.0
SCS29,2941,1783548940,117.0,5.956617,100.44934,0.0
EMU40,2902,1783548936,115.0,4.80775,100.948616,0.0
SCS29,2941,1783548985,114.0,5.94478,100.45605,0.0
EMU33,2940,1783548983,75.0,5.967443,100.44322,0.0
SCS11,weekday_2004,1783548943,0.0,2.802663,101.80016,0.0
EMU23,2901,1783548941,122.0,5.042752,100.624245,0.0
EMU40,2902,1783548981,114.0,4.798227,100.93886,0.0
SCS20,weekday_2008,1783548963,75.0,2.654787,102.01071,0.0
EMU39,2945,1783548985,121.0,6.472828,100.25429,0.0
EMU28,2943,1783548992,96.0,6.190067,100.37046,0.0
EMU29,2900,1783548994,12.0,5.286227,100.48086,0.0
SCS20,weekday_2008,1783549023,45.0,2.657918,102.00172,0.0
SCS11,weekday_2004,1783549048,0.0,2.802663,101.80016,0.0
EMU33,2940,1783548998,56.0,5.969733,100.4419,0.0
EMU40,2902,1783548996,112.0,4.794165,100.936966,0.0
SCS29,2941,1783549045,114.0,5.928237,100.46302,0.0
EMU39,2945,1783549045,120.0,6.45528,100.26031,0.0
EMU28,2943,1783549067,0.0,6.18347,100.37475,0.0
EMU29,2900,1783549009,0.0,5.286455,100.48094,0.0
EMU23,2901,1783549001,119.0,5.041475,100.643326,0.0
EMU28,2943,1783549112,7.0,6.183372,100.37485,0.0
EMU23,2901,1783549112,123.0,5.039268,100.677895,0.0
SCS11,weekday_2004,1783549108,35.0,2.803467,101.80089,0.0
EMU40,2902,1783549101,0.0,4.776215,100.931946,0.0
EMU29,2900,1783549064,0.0,5.288717,100.481865,0.0
SCS20,weekday_2008,1783549063,34.0,2.658977,101.99781,0.0
EMU39,2945,1783549120,65.0,6.43529,100.267204,0.0
SCS29,2941,1783549120,114.0,5.907228,100.4711,0.0
EMU33,2940,1783549073,22.0,5.972695,100.440254,0.0
EMU23,2901,1783549172,121.0,5.038418,100.696655,0.0
EMU33,2940,1783549163,119.0,5.990638,100.4301,0.0
EMU40,2902,1783549161,0.0,4.776215,100.931946,0.0
EMU29,2900,1783549161,124.0,5.309457,100.47629,0.0
EMU28,2943,1783549157,97.0,6.175748,100.37826,0.0
DMU03,52,1783549146,9.0,5.375673,102.03107,0.0
SCS11,weekday_2004,1783549183,74.0,2.813875,101.81087,0.0
SCS20,weekday_2008,1783549183,0.0,2.661027,101.99566,0.0
EMU39,2945,1783549180,0.0,6.431332,100.26858,0.0
SCS29,2941,1783549180,114.0,5.890207,100.47695,0.0
EMU28,2943,1783549247,115.0,6.148682,100.38016,0.0
EMU22,2904,1783549247,0.0,4.597823,101.07303,0.0
EMU23,2901,1783549247,122.0,5.027568,100.71749,0.0
SCS11,weekday_2004,1783549228,68.0,2.818725,101.817215,0.0
EMU29,2900,1783549251,112.0,5.336043,100.47,0.0
EMU39,2945,1783549225,69.0,6.428203,100.26963,0.0
DMU10(D6120),51,1783549221,24.0,5.312513,102.16541,0.0
EMU40,2902,1783549221,80.0,4.7744,100.92569,0.0
DMU03,52,1783549191,0.0,5.37661,102.03116,0.0
SCS29,2941,1783549240,114.0,5.872215,100.47694,0.0
EMU33,2940,1783549223,119.0,6.006815,100.42096,0.0
SCS20,weekday_2008,1783549223,0.0,2.661027,101.99566,0.0
SCS37,2947,1783549223,0.0,6.662925,100.32057,0.0
SCS20,weekday_2008,1783549303,66.0,2.667762,101.991035,0.0
EMU23,2901,1783549292,121.0,5.017167,100.727745,0.0
SCS29,2941,1783549300,114.0,5.85424,100.47692,0.0
EMU28,2943,1783549292,116.0,6.135177,100.37972,0.0
EMU33,2940,1783549283,117.0,6.022973,100.41182,0.0
DMU10(D6120),51,1783549281,30.0,5.310432,102.161095,0.0
SCS37,2947,1783549283,46.0,6.659457,100.31619,0.0
DMU03,52,1783549281,8.0,5.379905,102.03346,0.0
EMU29,2900,1783549311,119.0,5.35371,100.466034,0.0
EMU39,2945,1783549240,87.0,6.425177,100.27066,0.0
SCS11,weekday_2004,1783549303,16.0,2.826045,101.825134,0.0
EMU22,2904,1783549277,16.0,4.598457,101.073364,0.0
EMU40,2902,1783549236,96.0,4.774817,100.922165,0.0
EMU39,2945,1783549300,120.0,6.408808,100.2763,0.0
EMU40,2902,1783549348,107.0,4.773267,100.894295,0.0
SCS20,weekday_2008,1783549343,79.0,2.6723,101.985,0.0
EMU33,2940,1783549343,118.0,6.038923,100.402824,0.0
EMU22,2904,1783549352,68.0,4.606407,101.07631,0.0
EMU23,2901,1783549352,122.0,5.000435,100.735504,0.0
EMU28,2943,1783549367,65.0,6.11669,100.37133,0.0
SCS11,weekday_2004,1783549363,20.0,2.829318,101.826675,0.0
SCS29,2941,1783549360,110.0,5.836288,100.47701,0.0
SCS37,2947,1783549358,49.0,6.654275,100.308304,0.0
DMU10(D6120),51,1783549356,0.0,5.307922,102.156944,0.0
DMU03,52,1783549341,12.0,5.38156,102.0352,0.0
EMU29,2900,1783549341,117.0,5.361327,100.46044,0.0
EMU33,2940,1783549388,116.0,6.05084,100.39605,0.0
EMU23,2901,1783549427,123.0,4.976885,100.731636,0.0
EMU28,2943,1783549427,0.0,6.113227,100.36975,0.0
EMU22,2904,1783549427,77.0,4.610072,101.088196,0.0
EMU29,2900,1783549416,16.0,5.366225,100.44822,0.0
DMU10(D6120),51,1783549401,0.0,5.307922,102.156944,0.0
SCS20,weekday_2008,1783549423,72.0,2.684002,101.9746,0.0
SCS11,weekday_2004,1783549423,0.0,2.831067,101.82696,0.0
EMU40,2902,1783549423,111.0,4.772725,100.87237,0.0
SCS29,2941,1783549405,49.0,5.826062,100.47786,0.0
SCS37,2947,1783549403,111.0,6.649508,100.300255,0.0
EMU23,2901,1783549487,121.0,4.958558,100.72562,0.0
EMU22,2904,1783549487,97.0,4.62096,101.09635,0.0
EMU28,2943,1783549487,87.0,6.107563,100.367226,0.0
EMU40,2902,1783549468,80.0,4.777382,100.86126,0.0
EMU29,2900,1783549476,0.0,5.366302,100.44783,0.0
DMU10(D6120),51,1783549491,47.0,5.306142,102.150536,0.0
SCS11,weekday_2004,1783549483,16.0,2.834008,101.82755,0.0
SCS20,weekday_2008,1783549483,7.0,2.691132,101.971634,0.0
EMU33,2940,1783549448,117.0,6.066925,100.386986,0.0
SCS29,2941,1783549480,0.0,5.823702,100.478065,0.0
SCS37,2947,1783549463,114.0,6.64002,100.284874,0.0
EMU33,2940,1783549523,116.0,6.086918,100.375984,0.0
EMU23,2901,1783549487,121.0,4.958558,100.72562,0.0
DMU03,52,1783549506,0.0,5.382095,102.035774,0.0
SCS20,weekday_2008,1783549523,0.0,2.691233,101.97163,0.0
SCS11,weekday_2004,1783549513,22.0,2.83588,101.82788,0.0
SCS29,2941,1783549510,49.0,5.822057,100.4782,0.0
SCS32,2944,1783549514,0.0,5.392377,100.367546,0.0
EMU22,2904,1783549547,96.0,4.633382,101.10586,0.0
EMU28,2943,1783549547,117.0,6.092008,100.373085,0.0
EMU40,2902,1783549543,0.0,4.778053,100.85734,0.0
SCS26,weekday_2012,1783549541,0.0,2.463892,102.22565,0.0
SCS37,2947,1783549538,113.0,6.625995,100.267456,0.0
DMU10(D6120),51,1783549536,45.0,5.30848,102.145546,0.0
EMU29,2900,1783549536,44.0,5.36654,100.44625,0.0
SCS11,weekday_2004,1783549573,62.0,2.841768,101.82662,0.0
EMU29,2900,1783549596,96.0,5.363677,100.43411,0.0
DMU03,52,1783549566,26.0,5.389743,102.04452,0.0
EMU28,2943,1783549592,114.0,6.07989,100.3798,0.0
SCS20,weekday_2008,1783549603,81.0,2.698682,101.96359,0.0
EMU23,2901,1783549603,120.0,4.92264,100.716576,0.0
SCS26,weekday_2012,1783549601,21.0,2.465025,102.22353,0.0
SCS29,2941,1783549600,115.0,5.798445,100.4823,0.0
EMU39,2945,1783549600,109.0,6.360407,100.31055,0.0
EMU33,2940,1783549598,74.0,6.105588,100.36658,0.0
SCS37,2947,1783549598,115.0,6.608482,100.26352,0.0
EMU22,2904,1783549592,95.0,4.642532,101.11276,0.0
DMU10(D6120),51,1783549551,43.0,5.30968,102.14395,0.0
SCS32,2944,1783549589,12.0,5.391222,100.3693,0.0
EMU40,2902,1783549588,63.0,4.778818,100.85347,0.0
SCS26,weekday_2012,1783549661,67.0,2.469048,102.21634,0.0
SCS37,2947,1783549643,114.0,6.59501,100.26323,0.0
SCS20,weekday_2008,1783549643,78.0,2.703113,101.95608,0.0
EMU33,2940,1783549643,40.0,6.111997,100.36918,0.0
EMU22,2904,1783549667,98.0,4.657835,101.12415,0.0
EMU29,2900,1783549656,35.0,5.364223,100.42205,0.0
SCS32,2944,1783549649,15.0,5.388858,100.37164,0.0
SCS11,weekday_2004,1783549648,77.0,2.854738,101.821884,0.0
EMU40,2902,1783549648,116.0,4.777418,100.838745,0.0
SCS29,2941,1783549645,115.0,5.78594,100.487526,0.0
EMU28,2943,1783549652,114.0,6.063607,100.38887,0.0
EMU39,2945,1783549650,114.0,6.348725,100.319275,0.0
EMU23,2901,1783549648,113.0,4.908737,100.71799,0.0
EMU23,2901,1783549708,29.0,4.896043,100.71938,0.0
SCS11,weekday_2004,1783549708,19.0,2.862663,101.81965,0.0
SCS20,weekday_2008,1783549703,35.0,2.710842,101.95112,0.0
SCS29,2941,1783549720,116.0,5.764935,100.496414,0.0
SCS37,2947,1783549703,117.0,6.577028,100.26111,0.0
EMU33,2940,1783549703,0.0,6.113223,100.369774,0.0
EMU22,2904,1783549682,94.0,4.660865,101.126495,0.0
EMU29,2900,1783549731,0.0,5.364577,100.4212,0.0
DMU03,52,1783549731,43.0,5.391365,102.05925,0.0
EMU28,2943,1783549728,0.0,6.043292,100.40031,0.0
EMU39,2945,1783549725,118.0,6.330053,100.33324,0.0
SCS26,weekday_2012,1783549721,99.0,2.466762,102.20507,0.0
SCS32,2944,1783549709,32.0,5.38695,100.37425,0.0
EMU40,2902,1783549693,116.0,4.776023,100.825096,0.0
EMU39,2945,1783549770,121.0,6.318698,100.34172,0.0
EMU40,2902,1783549768,0.0,4.776027,100.82357,0.0
EMU28,2943,1783549767,110.0,6.033355,100.40594,0.0
SCS20,weekday_2008,1783549783,38.0,2.716222,101.944405,0.0
EMU23,2901,1783549783,0.0,4.896047,100.71941,0.0
SCS11,weekday_2004,1783549783,63.0,2.870423,101.81841,0.0
SCS26,weekday_2012,1783549781,114.0,2.452507,102.19538,0.0
SCS29,2941,1783549780,116.0,5.748157,100.50416,0.0
SCS37,2947,1783549778,114.0,6.55426,100.259674,0.0
EMU29,2900,1783549776,52.0,5.365225,100.41954,0.0
DMU10(D6120),51,1783549776,0.0,5.317492,102.13404,0.0
DMU03,52,1783549776,28.0,5.390292,102.06381,0.0
SCS32,2944,1783549754,81.0,5.384175,100.37979,0.0
EMU33,2940,1783549763,95.0,6.12147,100.37348,0.0
EMU40,2902,1783549843,113.0,4.781843,100.78098,0.0
EMU33,2940,1783549808,119.0,6.13329,100.37887,0.0
EMU28,2943,1783549827,116.0,6.017712,100.414795,0.0
SCS32,2944,1783549814,93.0,5.377187,100.393,0.0
EMU39,2945,1783549830,121.0,6.300773,100.347244,0.0
SCS26,weekday_2012,1783549841,114.0,2.461517,102.1827,0.0
SCS29,2941,1783549840,114.0,5.731357,100.510635,0.0
SCS11,weekday_2004,1783549828,25.0,2.875918,101.81667,0.0
SCS13,weekday_2003,1783549826,0.0,3.237033,101.68112,0.0
EMU22,2904,1783549825,99.0,4.692227,101.14109,0.0
SCS37,2947,1783549823,115.0,6.54073,100.25981,0.0
SCS20,weekday_2008,1783549823,30.0,2.71872,101.940704,0.0
DMU03,52,1783549821,0.0,5.39024,102.06496,0.0
DMU10(D6120),51,1783549821,22.0,5.31911,102.13137,0.0
EMU29,2900,1783549851,99.0,5.371853,100.40299,0.0
EMU23,2901,1783549843,24.0,4.895602,100.71946,0.0
EMU39,2945,1783549905,119.0,6.277527,100.35198,0.0
EMU23,2901,1783549903,109.0,4.88315,100.72082,0.0
SCS20,weekday_2008,1783549903,0.0,2.719272,101.939735,0.0
EMU40,2902,1783549903,112.0,4.787362,100.76381,0.0
SCS13,weekday_2003,1783549901,35.0,3.235118,101.68032,0.0
SCS29,2941,1783549900,113.0,5.714078,100.51321,0.0
EMU22,2904,1783549900,99.0,4.70705,101.129524,0.0
SCS37,2947,1783549883,47.0,6.52547,100.25721,0.0
EMU33,2940,1783549883,113.0,6.155818,100.37965,0.0
DMU03,52,1783549881,38.0,5.390047,102.06747,0.0
SCS11,weekday_2004,1783549873,10.0,2.877988,101.8158,0.0
EMU28,2943,1783549887,114.0,6.00153,100.423935,0.0
SCS26,weekday_2012,1783549886,114.0,2.474875,102.18093,0.0
DMU10(D6120),51,1783549881,56.0,5.323532,102.12543,0.0
EMU29,2900,1783549881,92.0,5.37541,100.3963,0.0
SCS32,2944,1783549874,90.0,5.370493,100.406,0.0
DMU10(D6120),51,1783549926,22.0,5.327798,102.12249,0.0
EMU39,2945,1783549950,121.0,6.263533,100.35484,0.0
EMU29,2900,1783549941,83.0,5.38197,100.38391,0.0
SCS11,weekday_2004,1783549948,43.0,2.881197,101.81266,0.0
EMU33,2940,1783549928,113.0,6.169268,100.37873,0.0
SCS32,2944,1783549964,48.0,5.365007,100.42018,0.0
EMU40,2902,1783549963,117.0,4.798172,100.74958,0.0
EMU22,2904,1783549945,96.0,4.716178,101.12282,0.0
SCS20,weekday_2008,1783549963,20.0,2.720177,101.93779,0.0
EMU23,2901,1783549963,109.0,4.86649,100.72744,0.0
EMU28,2943,1783549962,95.0,5.982035,100.434975,0.0
SCS13,weekday_2003,1783549961,54.0,3.2296,101.67358,0.0
SCS26,weekday_2012,1783549961,117.0,2.497023,102.17667,0.0
SCS29,2941,1783549960,114.0,5.696722,100.508606,0.0
SCS37,2947,1783549943,0.0,6.524288,100.257,0.0
DMU03,52,1783549941,26.0,5.39026,102.07322,0.0
EMU39,2945,1783550010,122.0,6.244927,100.358665,0.0
SCS32,2944,1783550009,0.0,5.3643,100.42197,0.0
SCS37,2947,1783550003,107.0,6.515678,100.25552,0.0
SCS20,weekday_2008,1783550003,46.0,2.721315,101.934074,0.0
SCS13,weekday_2003,1783550021,65.0,3.220403,101.67242,0.0
SCS26,weekday_2012,1783550021,117.0,2.514317,102.169685,0.0
EMU29,2900,1783550016,19.0,5.38697,100.3742,0.0
EMU40,2902,1783550008,115.0,4.808885,100.74184,0.0
EMU23,2901,1783550008,71.0,4.857658,100.73432,0.0
DMU10(D6120),51,1783549986,0.0,5.329457,102.12162,0.0
DMU03,52,1783550001,36.0,5.387955,102.07752,0.0
SCS11,weekday_2004,1783550008,10.0,2.885087,101.805954,0.0
EMU28,2943,1783550007,48.0,5.974265,100.43935,0.0
EMU22,2904,1783550005,96.0,4.73115,101.12193,0.0
EMU33,2940,1783550003,23.0,6.182778,100.37519,0.0
SCS29,2941,1783549975,113.0,5.692925,100.50629,0.0
EMU33,2940,1783550078,58.0,6.18553,100.373344,0.0
SCS11,weekday_2004,1783550068,8.0,2.885287,101.80392,0.0
EMU23,2901,1783550068,0.0,4.853162,100.73234,0.0
EMU28,2943,1783550067,14.0,5.972173,100.44054,0.0
SCS37,2947,1783550078,114.0,6.493285,100.253494,0.0
DMU10(D6120),51,1783550076,61.0,5.336153,102.11906,0.0
SCS26,weekday_2012,1783550066,113.0,2.526772,102.16439,0.0
EMU29,2900,1783550076,13.0,5.38795,100.37254,0.0
SCS32,2944,1783550069,76.0,5.36268,100.42619,0.0
SCS29,2941,1783550065,113.0,5.669137,100.494514,0.0
SCS20,weekday_2008,1783550063,24.0,2.72312,101.927605,0.0
SCS13,weekday_2003,1783550081,3.0,3.213842,101.67218,0.0
EMU22,2904,1783550080,95.0,4.750253,101.12019,0.0
DMU03,52,1783550061,51.0,5.380398,102.08109,0.0
EMU39,2945,1783550048,119.0,6.233288,100.361015,0.0
EMU39,2945,1783550138,121.0,6.205705,100.36667,0.0
SCS37,2947,1783550138,114.0,6.475207,100.25382,0.0
DMU03,52,1783550136,16.0,5.374748,102.08374,0.0
EMU22,2904,1783550125,97.0,4.760998,101.11573,0.0
SCS29,2941,1783550125,111.0,5.65188,100.49158,0.0
SCS32,2944,1783550129,89.0,5.366387,100.43995,0.0
EMU40,2902,1783550131,101.0,4.840692,100.72798,0.0
SCS11,weekday_2004,1783550128,51.0,2.886877,101.80047,0.0
EMU33,2940,1783550123,105.0,6.194823,100.36879,0.0
SCS13,weekday_2003,1783550111,0.0,3.213808,101.67218,0.0
EMU29,2900,1783550151,21.0,5.391585,100.36882,0.0
DMU10(D6120),51,1783550151,42.0,5.346278,102.11773,0.0
EMU23,2901,1783550143,103.0,4.8436,100.72846,0.0
SCS20,weekday_2008,1783550123,4.0,2.7241,101.92577,0.0
EMU28,2943,1783550142,114.0,5.958285,100.4484,0.0
SCS26,weekday_2012,1783550141,114.0,2.541227,102.14716,0.0
EMU40,2902,1783550191,33.0,4.852367,100.73157,0.0
SCS32,2944,1783550174,25.0,5.366317,100.44766,0.0
DMU10(D6120),51,1783550211,48.0,5.352763,102.11461,0.0
SCS11,weekday_2004,1783550203,85.0,2.896112,101.787964,0.0
EMU23,2901,1783550203,123.0,4.82846,100.73501,0.0
EMU28,2943,1783550202,120.0,5.942017,100.457565,0.0
SCS29,2941,1783550185,0.0,5.642463,100.48995,0.0
SCS20,weekday_2008,1783550183,12.0,2.723993,101.92382,0.0
EMU39,2945,1783550183,107.0,6.19234,100.36951,0.0
EMU33,2940,1783550183,116.0,6.212677,100.36517,0.0
SCS37,2947,1783550183,114.0,6.462315,100.25786,0.0
DMU03,52,1783550181,4.0,5.373212,102.08454,0.0
SCS13,weekday_2003,1783550186,41.0,3.206072,101.674515,0.0
SCS26,weekday_2012,1783550201,113.0,2.552557,102.13329,0.0
EMU22,2904,1783550200,98.0,4.775848,101.10425,0.0
EMU29,2900,1783550196,10.0,5.393233,100.36654,0.0
EMU23,2901,1783550248,123.0,4.814965,100.73986,0.0
EMU40,2902,1783550236,0.0,4.853013,100.73222,0.0
EMU33,2940,1783550213,114.0,6.221662,100.36332,0.0
SCS26,weekday_2012,1783550261,117.0,2.5632,102.11881,0.0
DMU03,52,1783550241,5.0,5.371905,102.085266,0.0
SCS13,weekday_2003,1783550261,0.0,3.204402,101.67593,0.0
EMU22,2904,1783550260,98.0,4.788933,101.096214,0.0
SCS29,2941,1783550260,40.0,5.64101,100.48972,0.0
SCS37,2947,1783550258,110.0,6.44112,100.26516,0.0
EMU39,2945,1783550243,19.0,6.18317,100.37492,0.0
SCS20,weekday_2008,1783550263,65.0,2.725073,101.91726,0.0
SCS11,weekday_2004,1783550263,28.0,2.9043,101.78657,0.0
EMU28,2943,1783550262,120.0,5.92469,100.464355,0.0
SCS32,2944,1783550249,17.0,5.366122,100.44881,0.0
EMU29,2900,1783550256,0.0,5.39346,100.366325,0.0
DMU10(D6120),51,1783550256,53.0,5.356485,102.10943,0.0
DMU10(D6120),51,1783550316,42.0,5.359887,102.10212,0.0
DMU03,52,1783550316,9.0,5.370867,102.08584,0.0
EMU39,2945,1783550288,0.0,6.182927,100.3751,0.0
SCS20,weekday_2008,1783550283,71.0,2.725528,101.913574,0.0
SCS13,weekday_2003,1783550321,40.0,3.201397,101.6785,0.0
SCS29,2941,1783550320,115.0,5.627195,100.49282,0.0
SCS37,2947,1783550318,0.0,6.43245,100.26813,0.0
EMU40,2902,1783550311,87.0,4.86065,100.73328,0.0
EMU33,2940,1783550310,104.0,6.249168,100.357735,0.0
SCS32,2944,1783550294,50.0,5.365338,100.454445,0.0
SCS11,weekday_2004,1783550323,12.0,2.905032,101.7871,0.0
EMU28,2943,1783550322,118.0,5.907252,100.47105,0.0
SCS26,weekday_2012,1783550321,105.0,2.57399,102.106,0.0
EMU22,2904,1783550320,96.0,4.801743,101.088135,0.0
EMU29,2900,1783550256,0.0,5.39346,100.366325,0.0
SCS29,2941,1783550380,116.0,5.609793,100.49595,0.0
EMU39,2945,1783550363,107.0,6.171307,100.37862,0.0
DMU03,52,1783550361,4.0,5.37002,102.08632,0.0
DMU10(D6120),51,1783550391,32.0,5.36238,102.09403,0.0
SCS37,2947,1783550348,0.0,6.43245,100.26813,0.0
SCS32,2944,1783550384,38.0,5.3583,100.462814,0.0
SCS11,weekday_2004,1783550383,18.0,2.906385,101.79,0.0
SCS20,weekday_2008,1783550383,89.0,2.73512,101.89577,0.0
EMU23,2901,1783550382,123.0,4.785777,100.76844,0.0
EMU28,2943,1783550382,118.0,5.889553,100.47698,0.0
SCS26,weekday_2012,1783550381,66.0,2.5869,102.0983,0.0
SCS13,weekday_2003,1783550381,0.0,3.197897,101.68157,0.0
EMU22,2904,1783550380,65.0,4.811927,101.07863,0.0
EMU40,2902,1783550371,120.0,4.873952,100.72412,0.0
EMU33,2940,1783550370,117.0,6.266298,100.35423,0.0
DMU10(D6120),51,1783550436,0.0,5.362797,102.092735,0.0
SCS17,weekday_2112,1783550435,0.0,3.000435,101.3909,0.0
EMU40,2902,1783550431,84.0,4.890428,100.71997,0.0
SCS20,weekday_2008,1783550423,82.0,2.741227,101.890396,0.0
SCS37,2947,1783550423,105.0,6.42397,100.271065,0.0
EMU33,2940,1783550415,117.0,6.279787,100.351456,0.0
EMU23,2901,1783550442,123.0,4.780213,100.78684,0.0
EMU28,2943,1783550442,118.0,5.871075,100.47697,0.0
SCS13,weekday_2003,1783550441,44.0,3.196142,101.68297,0.0
SCS29,2941,1783550440,114.0,5.592152,100.49325,0.0
SCS11,weekday_2004,1783550413,17.0,2.90671,101.791725,0.0
SCS32,2944,1783550444,44.0,5.359427,100.466835,0.0
SCS28,weekday_2014,1783550444,20.0,2.463363,102.22605,0.0
SCS26,weekday_2012,1783550441,17.0,2.593105,102.094574,0.0
DMU03,52,1783550436,3.0,5.370665,102.08599,0.0
EMU39,2945,1783550423,120.0,6.152798,100.3799,0.0
EMU22,2904,1783550410,58.0,4.815685,101.075516,0.0
SCS11,weekday_2004,1783550473,51.0,2.909825,101.795074,0.0
SCS17,weekday_2112,1783550510,15.0,3.002758,101.39146,0.0
EMU40,2902,1783550506,0.0,4.896148,100.71934,0.0
EMU33,2940,1783550505,117.0,6.307012,100.345924,0.0
SCS32,2944,1783550504,114.0,5.371685,100.468315,0.0
SCS20,weekday_2008,1783550503,55.0,2.74063,101.874504,0.0
EMU28,2943,1783550502,116.0,5.852777,100.47691,0.0
SCS13,weekday_2003,1783550501,44.0,3.190167,101.687996,0.0
SCS26,weekday_2012,1783550501,0.0,2.593592,102.09433,0.0
EMU23,2901,1783550502,0.0,4.776657,100.79915,0.0
SCS29,2941,1783550500,117.0,5.574212,100.49615,0.0
EMU22,2904,1783550500,6.0,4.818805,101.07091,0.0
SCS28,weekday_2014,1783550489,33.0,2.465255,102.2228,0.0
EMU39,2945,1783550468,111.0,6.139185,100.38069,0.0
SCS37,2947,1783550468,114.0,6.4111,100.27549,0.0
DMU10(D6120),51,1783550481,0.0,5.362797,102.092735,0.0
DMU03,52,1783550481,4.0,5.3714,102.085625,0.0
SCS32,2944,1783550549,114.0,5.385258,100.470024,0.0
SCS37,2947,1783550543,114.0,6.391928,100.28701,0.0
EMU33,2940,1783550565,107.0,6.322573,100.33877,0.0
SCS13,weekday_2003,1783550561,35.0,3.184898,101.68963,0.0
SCS26,weekday_2012,1783550561,23.0,2.594527,102.09376,0.0
SCS28,weekday_2014,1783550549,57.0,2.469023,102.21627,0.0
SCS29,2941,1783550545,114.0,5.560845,100.49833,0.0
DMU10(D6120),51,1783550556,14.0,5.36294,102.09218,0.0
SCS20,weekday_2008,1783550543,0.0,2.741507,101.87132,0.0
EMU39,2945,1783550543,82.0,6.120177,100.372894,0.0
DMU03,52,1783550556,0.0,5.371813,102.08543,0.0
SCS17,weekday_2112,1783550555,15.0,3.004283,101.393005,0.0
EMU40,2902,1783550551,58.0,4.899267,100.71902,0.0
SCS11,weekday_2004,1783550548,80.0,2.924502,101.7954,0.0
EMU23,2901,1783550547,0.0,4.776657,100.79915,0.0
EMU28,2943,1783550547,113.0,5.839032,100.47689,0.0
EMU22,2904,1783550560,97.0,4.82388,101.06177,0.0
EMU28,2943,1783550589,67.0,5.828853,100.477646,0.0
EMU33,2940,1783550625,119.0,6.336278,100.32852,0.0
SCS32,2944,1783550624,114.0,5.407488,100.47342,0.0
EMU39,2945,1783550618,0.0,6.112762,100.36957,0.0
SCS37,2947,1783550618,78.0,6.374773,100.29983,0.0
DMU10(D6120),51,1783550616,35.0,5.366387,102.08832,0.0
EMU23,2901,1783550622,119.0,4.778787,100.84353,0.0
SCS29,2941,1783550620,114.0,5.538845,100.50298,0.0
SCS28,weekday_2014,1783550609,109.0,2.465787,102.20445,0.0
SCS11,weekday_2004,1783550608,68.0,2.93585,101.79293,0.0
DMU03,52,1783550601,0.0,5.371813,102.08543,0.0
SCS17,weekday_2112,1783550630,38.0,3.00939,101.39848,0.0
SCS20,weekday_2008,1783550623,101.0,2.744063,101.8623,0.0
SCS13,weekday_2003,1783550606,6.0,3.181572,101.688385,0.0
EMU40,2902,1783550611,115.0,4.914157,100.71739,0.0
EMU22,2904,1783550575,100.0,4.825237,101.05811,0.0
SCS26,weekday_2012,1783550606,89.0,2.600325,102.09027,0.0
SCS29,2941,1783550650,114.0,5.530177,100.50544,0.0
EMU33,2940,1783550685,109.0,6.350618,100.31777,0.0
EMU39,2945,1783550678,55.0,6.110823,100.368645,0.0
DMU03,52,1783550676,0.0,5.371817,102.08532,0.0
SCS28,weekday_2014,1783550669,114.0,2.452115,102.19415,0.0
DMU10(D6120),51,1783550691,10.0,5.370287,102.08613,0.0
SCS11,weekday_2004,1783550638,39.0,2.938692,101.78924,0.0
EMU28,2943,1783550634,0.0,5.824868,100.477974,0.0
SCS37,2947,1783550633,47.0,6.372778,100.30134,0.0
SCS17,weekday_2112,1783550690,20.0,3.012068,101.40131,0.0
SCS20,weekday_2008,1783550683,90.0,2.74846,101.84661,0.0
EMU23,2901,1783550682,35.0,4.778402,100.85589,0.0
SCS32,2944,1783550669,116.0,5.419945,100.4787,0.0
SCS13,weekday_2003,1783550681,34.0,3.179357,101.68745,0.0
SCS26,weekday_2012,1783550681,114.0,2.618558,102.078415,0.0
EMU40,2902,1783550671,69.0,4.930537,100.71816,0.0
SCS37,2947,1783550723,4.0,6.371238,100.30246,0.0
SCS11,weekday_2004,1783550743,74.0,2.944768,101.786644,0.0
DMU10(D6120),51,1783550721,8.0,5.371243,102.08554,0.0
SCS26,weekday_2012,1783550741,107.0,2.629432,102.06518,0.0
SCS17,weekday_2112,1783550735,1.0,3.013918,101.40329,0.0
EMU39,2945,1783550708,95.0,6.104988,100.3666,0.0
SCS28,weekday_2014,1783550729,114.0,2.462797,102.18245,0.0
SCS20,weekday_2008,1783550723,64.0,2.750703,101.83866,0.0
EMU40,2902,1783550731,104.0,4.943408,100.72157,0.0
DMU03,52,1783550721,0.0,5.371717,102.08531,0.0
EMU23,2901,1783550712,0.0,4.778162,100.857155,0.0
SCS13,weekday_2003,1783550711,15.0,3.177133,101.68632,0.0
EMU22,2904,1783550708,97.0,4.829078,101.02571,0.0
SCS32,2944,1783550744,114.0,5.43959,100.48981,0.0
SCS29,2941,1783550740,114.0,5.50399,100.50384,0.0
EMU33,2940,1783550733,102.0,6.361558,100.309555,0.0
EMU28,2943,1783550724,96.0,5.814747,100.47881,0.0
SCS20,weekday_2008,1783550803,26.0,2.752588,101.83194,0.0
SCS29,2941,1783550800,88.0,5.487138,100.49934,0.0
SCS37,2947,1783550798,116.0,6.358405,100.31205,0.0
SCS32,2944,1783550789,114.0,5.452728,100.493286,0.0
EMU33,2940,1783550793,22.0,6.370485,100.30292,0.0
DMU10(D6120),51,1783550781,0.0,5.371935,102.08527,0.0
DMU03,52,1783550781,0.0,5.371717,102.08531,0.0
SCS28,weekday_2014,1783550804,114.0,2.485138,102.17946,0.0
SCS17,weekday_2112,1783550795,27.0,3.01426,101.40364,0.0
SCS11,weekday_2004,1783550773,100.0,2.951003,101.789856,0.0
EMU23,2901,1783550772,0.0,4.778162,100.857155,0.0
EMU28,2943,1783550769,113.0,5.802472,100.481316,0.0
EMU22,2904,1783550768,101.0,4.839575,101.014175,0.0
EMU39,2945,1783550768,121.0,6.089215,100.374695,0.0
EMU40,2902,1783550746,113.0,4.947572,100.72267,0.0
SCS13,weekday_2003,1783550786,23.0,3.173028,101.68472,0.0
SCS26,weekday_2012,1783550771,101.0,2.63405,102.05861,0.0
SCS37,2947,1783550828,114.0,6.351172,100.31741,0.0
SCS26,weekday_2012,1783550816,90.0,2.63625,102.04724,0.0
EMU28,2943,1783550814,119.0,5.789368,100.48575,0.0
SCS20,weekday_2008,1783550823,26.0,2.753045,101.83042,0.0
SCS13,weekday_2003,1783550801,24.0,3.17201,101.68477,0.0
EMU22,2904,1783550813,97.0,4.8436,101.003044,0.0
DMU03,52,1783550811,0.0,5.37181,102.08533,0.0
EMU39,2945,1783550858,111.0,6.065943,100.38757,0.0
EMU33,2940,1783550853,28.0,6.37156,100.30214,0.0
DMU10(D6120),51,1783550871,0.0,5.371935,102.08527,0.0
SCS11,weekday_2004,1783550863,0.0,2.96303,101.7918,0.0
EMU23,2901,1783550862,27.0,4.77806,100.857796,0.0
SCS17,weekday_2112,1783550855,0.0,3.017472,101.40715,0.0
SCS28,weekday_2014,1783550819,115.0,2.489627,102.17886,0.0
SCS29,2941,1783550845,3.0,5.481648,100.4978,0.0
SCS32,2944,1783550834,114.0,5.465837,100.49655,0.0
SCS32,2944,1783550909,18.0,5.482453,100.49809,0.0
SCS28,weekday_2014,1783550924,114.0,2.519788,102.16742,0.0
SCS20,weekday_2008,1783550923,0.0,2.75427,101.82604,0.0
EMU39,2945,1783550903,112.0,6.054145,100.394226,0.0
SCS29,2941,1783550920,46.0,5.480245,100.49746,0.0
EMU22,2904,1783550918,90.0,4.841953,100.97715,0.0
SCS13,weekday_2003,1783550914,36.0,3.166595,101.689644,0.0
EMU33,2940,1783550913,107.0,6.381558,100.29471,0.0
EMU40,2902,1783550913,117.0,4.99645,100.73502,0.0
EMU28,2943,1783550904,120.0,5.763568,100.49701,0.0
DMU10(D6120),51,1783550931,0.0,5.371935,102.08527,0.0
DMU03,52,1783550931,0.0,5.37181,102.08533,0.0
SCS17,weekday_2112,1783550915,30.0,3.020753,101.41065,0.0
SCS11,weekday_2004,1783550908,34.0,2.964238,101.791466,0.0
SCS26,weekday_2012,1783550891,68.0,2.642685,102.03428,0.0
EMU23,2901,1783550907,103.0,4.775692,100.86651,0.0
SCS37,2947,1783550918,114.0,6.32948,100.333626,0.0
SCS28,weekday_2014,1783550984,116.0,2.533602,102.15659,0.0
SCS20,weekday_2008,1783550983,63.0,2.755493,101.82154,0.0
SCS11,weekday_2004,1783550983,23.0,2.975302,101.79043,0.0
SCS26,weekday_2012,1783550981,65.0,2.654352,102.022415,0.0
EMU23,2901,1783550967,118.0,4.771297,100.8842,0.0
SCS29,2941,1783550980,118.0,5.465377,100.49653,0.0
EMU28,2943,1783550979,121.0,5.741908,100.50652,0.0
EMU22,2904,1783550978,96.0,4.837605,100.96371,0.0
SCS17,weekday_2112,1783550975,39.0,3.021947,101.411934,0.0
SCS13,weekday_2003,1783550974,0.0,3.165202,101.69113,0.0
EMU39,2945,1783550972,110.0,6.036647,100.40414,0.0
SCS32,2944,1783550969,14.0,5.48317,100.49827,0.0
EMU40,2902,1783550958,116.0,5.00927,100.73291,0.0
EMU33,2940,1783550943,111.0,6.388612,100.28939,0.0
SCS37,2947,1783550978,115.0,6.314815,100.34407,0.0
DMU03,52,1783550976,0.0,5.37181,102.08533,0.0
DMU10(D6120),51,1783550976,9.0,5.372238,102.08509,0.0
DMU10(D6120),51,1783551036,20.0,5.374572,102.08375,0.0
SCS11,weekday_2004,1783550998,17.0,2.976172,101.790436,0.0
EMU40,2902,1783551018,119.0,5.023723,100.72153,0.0
EMU33,2940,1783551018,111.0,6.406872,100.27688,0.0
SCS32,2944,1783551014,104.0,5.491378,100.50046,0.0
SCS28,weekday_2014,1783551014,114.0,2.539245,102.14952,0.0
SCS13,weekday_2003,1783551004,0.0,3.165202,101.69113,0.0
EMU39,2945,1783551032,113.0,6.020835,100.41306,0.0
SCS23,weekday_2102,1783551014,0.0,3.1353,101.68876,0.0
SCS20,weekday_2008,1783551043,100.0,2.762708,101.80903,0.0
EMU23,2901,1783551042,103.0,4.776765,100.90397,0.0
SCS26,weekday_2012,1783551041,76.0,2.654953,102.011185,0.0
SCS29,2941,1783551040,114.0,5.447843,100.491974,0.0
DMU03,52,1783551036,0.0,5.37181,102.08533,0.0
SCS17,weekday_2112,1783551035,42.0,3.026725,101.417046,0.0
EMU28,2943,1783551039,119.0,5.724477,100.51323,0.0
SCS37,2947,1783551038,115.0,6.29718,100.348,0.0
EMU22,2904,1783551038,98.0,4.828328,100.95232,0.0
SCS29,2941,1783551100,114.0,5.431005,100.48592,0.0
SCS13,weekday_2003,1783551094,40.0,3.156845,101.69369,0.0
EMU40,2902,1783551093,115.0,5.036333,100.70303,0.0
SCS37,2947,1783551098,114.0,6.279468,100.35161,0.0
DMU03,52,1783551096,0.0,5.37181,102.08533,0.0
EMU33,2940,1783551093,71.0,6.426163,100.27027,0.0
SCS28,weekday_2014,1783551089,115.0,2.553512,102.13223,0.0
EMU23,2901,1783551087,105.0,4.775595,100.91617,0.0
SCS20,weekday_2008,1783551083,99.0,2.771762,101.80382,0.0
EMU28,2943,1783551084,120.0,5.710923,100.51246,0.0
EMU22,2904,1783551083,99.0,4.816845,100.95168,0.0
EMU39,2945,1783551047,111.0,6.016973,100.415245,0.0
SCS23,weekday_2102,1783551074,0.0,3.1353,101.68876,0.0
SCS32,2944,1783551074,115.0,5.508442,100.50504,0.0
DMU10(D6120),51,1783551096,41.0,5.379387,102.08139,0.0
SCS17,weekday_2112,1783551095,53.0,3.033177,101.424,0.0
SCS26,weekday_2012,1783551101,23.0,2.657932,102.0016,0.0
SCS29,2941,1783551145,114.0,5.41975,100.47857,0.0
EMU40,2902,1783551138,112.0,5.039342,100.68978,0.0
SCS28,weekday_2014,1783551149,115.0,2.563948,102.11747,0.0
SCS13,weekday_2003,1783551124,9.0,3.154538,101.69279,0.0
EMU28,2943,1783551159,114.0,5.689767,100.5042,0.0
EMU22,2904,1783551158,93.0,4.80157,100.94159,0.0
SCS37,2947,1783551158,114.0,6.261795,100.35521,0.0
SCS11,weekday_2004,1783551172,0.0,2.98336,101.790535,0.0
DMU03,52,1783551171,8.0,5.370518,102.085976,0.0
SCS17,weekday_2112,1783551170,24.0,3.035062,101.42602,0.0
SCS20,weekday_2008,1783551163,91.0,2.791812,101.7967,0.0
SCS32,2944,1783551149,115.0,5.530408,100.50536,0.0
SCS26,weekday_2012,1783551161,20.0,2.659008,101.99774,0.0
EMU33,2940,1783551153,0.0,6.431937,100.26837,0.0
SCS23,weekday_2102,1783551119,0.0,3.1353,101.68876,0.0
EMU39,2945,1783551152,113.0,5.989913,100.43054,0.0
DMU10(D6120),51,1783551156,46.0,5.387647,102.077545,0.0
SCS28,weekday_2014,1783551209,117.0,2.576175,102.104645,0.0
SCS32,2944,1783551209,114.0,5.547825,100.50053,0.0
SCS29,2941,1783551205,116.0,5.4028,100.47228,0.0
EMU22,2904,1783551203,93.0,4.791748,100.936356,0.0
EMU23,2901,1783551203,0.0,4.776295,100.931885,0.0
SCS11,weekday_2004,1783551202,16.0,2.983892,101.79055,0.0
DMU03,52,1783551201,13.0,5.369572,102.0865,0.0
DMU10(D6120),51,1783551201,0.0,5.390207,102.07405,0.0
SCS13,weekday_2003,1783551184,0.0,3.154213,101.692444,0.0
EMU33,2940,1783551183,0.0,6.43184,100.26836,0.0
SCS20,weekday_2008,1783551223,35.0,2.801775,101.799286,0.0
EMU39,2945,1783551212,68.0,5.976822,100.43792,0.0
SCS26,weekday_2012,1783551206,14.0,2.660815,101.99583,0.0
SCS23,weekday_2102,1783551194,0.0,3.1353,101.68876,0.0
EMU28,2943,1783551189,116.0,5.682215,100.49906,0.0
SCS17,weekday_2112,1783551215,38.0,3.037648,101.428795,0.0
EMU40,2902,1783551183,115.0,5.039237,100.67644,0.0
SCS17,weekday_2112,1783551275,0.0,3.040758,101.43214,0.0
SCS20,weekday_2008,1783551283,0.0,2.802705,101.80013,0.0
EMU39,2945,1783551227,67.0,5.974428,100.43928,0.0
SCS28,weekday_2014,1783551254,97.0,2.587537,102.097855,0.0
EMU33,2940,1783551258,92.0,6.440688,100.26523,0.0
SCS23,weekday_2102,1783551254,0.0,3.1353,101.68876,0.0
SCS26,weekday_2012,1783551281,0.0,2.661027,101.99563,0.0
SCS29,2941,1783551280,113.0,5.38048,100.469444,0.0
EMU22,2904,1783551278,44.0,4.777138,100.93364,0.0
EMU23,2901,1783551278,109.0,4.788272,100.935646,0.0
SCS11,weekday_2004,1783551277,23.0,2.98825,101.7903,0.0
SCS13,weekday_2003,1783551274,29.0,3.148428,101.69073,0.0
EMU40,2902,1783551273,119.0,5.041622,100.64933,0.0
EMU28,2943,1783551269,108.0,5.6593,100.49284,0.0
SCS37,2947,1783551278,115.0,6.226527,100.362404,0.0
DMU10(D6120),51,1783551276,30.0,5.390245,102.06603,0.0
DMU03,52,1783551276,28.0,5.364532,102.0895,0.0
SCS32,2944,1783551269,114.0,5.565622,100.49757,0.0
EMU28,2943,1783551329,55.0,5.645763,100.49056,0.0
EMU39,2945,1783551317,73.0,5.96823,100.44278,0.0
EMU33,2940,1783551303,118.0,6.452858,100.26108,0.0
SCS20,weekday_2008,1783551303,0.0,2.802705,101.80013,0.0
EMU23,2901,1783551308,122.0,4.797203,100.93819,0.0
SCS32,2944,1783551344,115.0,5.587897,100.49398,0.0
SCS23,weekday_2102,1783551344,16.0,3.137847,101.69277,0.0
SCS28,weekday_2014,1783551344,0.0,2.592488,102.09487,0.0
SCS26,weekday_2012,1783551341,9.0,2.661232,101.99545,0.0
SCS29,2941,1783551340,71.0,5.364752,100.4675,0.0
SCS37,2947,1783551338,114.0,6.208828,100.366,0.0
EMU22,2904,1783551338,0.0,4.776178,100.93191,0.0
SCS11,weekday_2004,1783551337,62.0,2.992272,101.78316,0.0
DMU10(D6120),51,1783551336,0.0,5.390348,102.064705,0.0
DMU03,52,1783551336,12.0,5.362928,102.09211,0.0
EMU40,2902,1783551273,119.0,5.041622,100.64933,0.0
SCS17,weekday_2112,1783551335,41.0,3.042953,101.43449,0.0
SCS13,weekday_2003,1783551319,10.0,3.145537,101.69192,0.0
SCS32,2944,1783551374,114.0,5.596943,100.49312,0.0
SCS13,weekday_2003,1783551364,18.0,3.14347,101.693565,0.0
DMU03,52,1783551381,41.0,5.361895,102.09553,0.0
EMU39,2945,1783551392,118.0,5.950458,100.452866,0.0
SCS29,2941,1783551385,39.0,5.3585,100.4667,0.0
EMU33,2940,1783551378,118.0,6.474682,100.25383,0.0
SCS37,2947,1783551383,112.0,6.195635,100.36871,0.0
EMU23,2901,1783551383,123.0,4.816247,100.95162,0.0
EMU22,2904,1783551383,70.0,4.774478,100.92788,0.0
SCS11,weekday_2004,1783551382,98.0,2.99605,101.77324,0.0
EMU40,2902,1783551402,118.0,5.0438,100.60934,0.0
SCS23,weekday_2102,1783551374,14.0,3.139198,101.6935,0.0
EMU28,2943,1783551374,0.0,5.643357,100.49004,0.0
SCS28,weekday_2014,1783551404,0.0,2.592488,102.09487,0.0
SCS20,weekday_2008,1783551403,74.0,2.814447,101.81264,0.0
SCS26,weekday_2012,1783551401,71.0,2.667717,101.99107,0.0
DMU10(D6120),51,1783551396,28.0,5.390503,102.06302,0.0
SCS17,weekday_2112,1783551395,49.0,3.046817,101.4417,0.0
EMU28,2943,1783551434,5.0,5.643393,100.49003,0.0
SCS23,weekday_2102,1783551434,5.0,3.14019,101.69376,0.0
SCS29,2941,1783551430,42.0,5.358468,100.46266,0.0
SCS37,2947,1783551458,0.0,6.183728,100.37453,0.0
EMU23,2901,1783551458,118.0,4.836178,100.95995,0.0
SCS13,weekday_2003,1783551454,0.0,3.13926,101.69358,0.0
EMU33,2940,1783551453,102.0,6.496733,100.25337,0.0
EMU39,2945,1783551437,113.0,5.938183,100.459175,0.0
SCS32,2944,1783551434,113.0,5.614583,100.496925,0.0
SCS11,weekday_2004,1783551457,100.0,2.99131,101.755554,0.0
DMU03,52,1783551456,55.0,5.358742,102.10573,0.0
DMU10(D6120),51,1783551456,42.0,5.392913,102.05615,0.0
EMU22,2904,1783551413,95.0,4.774953,100.920906,0.0
SCS17,weekday_2112,1783551455,32.0,3.043947,101.44792,0.0
SCS28,weekday_2014,1783551449,4.0,2.592488,102.09487,0.0
EMU40,2902,1783551447,109.0,5.044803,100.59576,0.0
SCS26,weekday_2012,1783551446,85.0,2.673387,101.98353,0.0
SCS20,weekday_2008,1783551443,71.0,2.819733,101.81805,0.0
SCS17,weekday_2112,1783551500,10.0,3.042615,101.45121,0.0
SCS13,weekday_2003,1783551499,9.0,3.138852,101.693474,0.0
EMU39,2945,1783551497,116.0,5.921105,100.46576,0.0
EMU40,2902,1783551477,117.0,5.044478,100.58692,0.0
SCS20,weekday_2008,1783551523,16.0,2.826485,101.82554,0.0
SCS26,weekday_2012,1783551521,63.0,2.684235,101.974525,0.0
EMU22,2904,1783551521,94.0,4.773315,100.8955,0.0
SCS37,2947,1783551518,24.0,6.183288,100.37482,0.0
EMU23,2901,1783551518,121.0,4.842205,100.977844,0.0
SCS23,weekday_2102,1783551509,17.0,3.144465,101.69298,0.0
EMU33,2940,1783551509,101.0,6.512088,100.254845,0.0
SCS28,weekday_2014,1783551494,89.0,2.59787,102.09167,0.0
SCS32,2944,1783551494,114.0,5.631553,100.49099,0.0
EMU28,2943,1783551494,93.0,5.634512,100.4897,0.0
SCS29,2941,1783551460,42.0,5.361288,100.46046,0.0
SCS28,weekday_2014,1783551584,114.0,2.619712,102.077515,0.0
EMU22,2904,1783551581,93.0,4.771198,100.88077,0.0
EMU40,2902,1783551567,117.0,5.030188,100.56331,0.0
SCS29,2941,1783551565,0.0,5.366323,100.44726,0.0
DMU03,52,1783551546,29.0,5.352958,102.114334,0.0
SCS13,weekday_2003,1783551514,16.0,3.138145,101.693054,0.0
EMU33,2940,1783551569,28.0,6.523125,100.25674,0.0
SCS20,weekday_2008,1783551543,19.0,2.827477,101.82619,0.0
SCS32,2944,1783551569,3.0,5.643503,100.490135,0.0
SCS26,weekday_2012,1783551536,62.0,2.686467,101.97337,0.0
SCS23,weekday_2102,1783551569,53.0,3.149267,101.6906,0.0
SCS11,weekday_2004,1783551547,84.0,3.001258,101.73574,0.0
EMU39,2945,1783551587,120.0,5.89546,100.47563,0.0
EMU28,2943,1783551584,117.0,5.609633,100.49592,0.0
DMU10(D6120),51,1783551576,29.0,5.389845,102.0447,0.0
EMU23,2901,1783551593,122.0,4.844357,101.001076,0.0
SCS37,2947,1783551593,118.0,6.165113,100.37904,0.0
SCS17,weekday_2112,1783551590,16.0,3.040733,101.45281,0.0
SCS17,weekday_2112,1783551650,39.0,3.036737,101.45571,0.0
EMU39,2945,1783551632,115.0,5.881853,100.47696,0.0
EMU22,2904,1783551626,90.0,4.77379,100.869965,0.0
SCS29,2941,1783551625,0.0,5.366323,100.44726,0.0
EMU40,2902,1783551612,116.0,5.02244,100.55182,0.0
EMU23,2901,1783551623,121.0,4.841193,101.00999,0.0
EMU33,2940,1783551599,0.0,6.523922,100.256905,0.0
DMU10(D6120),51,1783551591,36.0,5.389242,102.0435,0.0
EMU28,2943,1783551599,116.0,5.605117,100.4949,0.0
SCS28,weekday_2014,1783551599,114.0,2.62331,102.0748,0.0
SCS23,weekday_2102,1783551614,20.0,3.15432,101.69289,0.0
SCS37,2947,1783551623,114.0,6.156055,100.37964,0.0
SCS26,weekday_2012,1783551611,0.0,2.69126,101.97157,0.0
SCS11,weekday_2004,1783551622,23.0,3.004477,101.73045,0.0
DMU03,52,1783551621,43.0,5.346378,102.11778,0.0
SCS13,weekday_2003,1783551619,0.0,3.136397,101.689354,0.0
SCS32,2944,1783551614,0.0,5.643612,100.49019,0.0
SCS20,weekday_2008,1783551703,5.0,2.831095,101.82696,0.0
EMU40,2902,1783551702,68.0,5.025177,100.52914,0.0
SCS37,2947,1783551668,115.0,6.142535,100.38056,0.0
EMU22,2904,1783551701,21.0,4.777988,100.85784,0.0
SCS26,weekday_2012,1783551701,28.0,2.69194,101.97125,0.0
SCS29,2941,1783551700,94.0,5.365213,100.43741,0.0
EMU39,2945,1783551692,119.0,5.862897,100.47692,0.0
SCS17,weekday_2112,1783551695,88.0,3.03402,101.46271,0.0
EMU23,2901,1783551668,120.0,4.833287,101.02129,0.0
SCS28,weekday_2014,1783551674,114.0,2.634985,102.05595,0.0
SCS23,weekday_2102,1783551674,36.0,3.155518,101.69358,0.0
SCS13,weekday_2003,1783551664,0.0,3.136397,101.689354,0.0
EMU28,2943,1783551644,118.0,5.59149,100.493385,0.0
SCS32,2944,1783551644,54.0,5.646123,100.49058,0.0
EMU33,2940,1783551644,66.0,6.52693,100.257416,0.0
SCS11,weekday_2004,1783551667,22.0,3.005825,101.72763,0.0
DMU03,52,1783551666,33.0,5.34141,102.11801,0.0
EMU23,2901,1783551758,118.0,4.825032,101.045746,0.0
SCS37,2947,1783551758,88.0,6.118048,100.37196,0.0
SCS11,weekday_2004,1783551757,34.0,3.016418,101.72116,0.0
DMU03,52,1783551756,33.0,5.331438,102.1205,0.0
SCS13,weekday_2003,1783551754,0.0,3.136397,101.689354,0.0
SCS28,weekday_2014,1783551734,114.0,2.638618,102.03872,0.0
EMU28,2943,1783551734,118.0,5.56406,100.497826,0.0
SCS26,weekday_2012,1783551731,63.0,2.695835,101.96892,0.0
SCS17,weekday_2112,1783551710,84.0,3.033482,101.466095,0.0
EMU39,2945,1783551752,116.0,5.844072,100.4769,0.0
EMU33,2940,1783551734,121.0,6.550983,100.25977,0.0
SCS23,weekday_2102,1783551749,39.0,3.16478,101.69154,0.0
EMU40,2902,1783551822,61.0,5.032062,100.52545,0.0
SCS26,weekday_2012,1783551821,60.0,2.703927,101.95487,0.0
SCS20,weekday_2008,1783551783,27.0,2.836263,101.82793,0.0
EMU22,2904,1783551821,95.0,4.778912,100.84464,0.0
SCS28,weekday_2014,1783551809,91.0,2.653985,102.02321,0.0
EMU28,2943,1783551809,114.0,5.541408,100.502266,0.0
SCS23,weekday_2102,1783551809,1.0,3.166085,101.69029,0.0
SCS29,2941,1783551805,0.0,5.36435,100.42178,0.0
SCS11,weekday_2004,1783551802,25.0,3.018487,101.71877,0.0
SCS13,weekday_2003,1783551769,0.0,3.136397,101.689354,0.0
SCS32,2944,1783551764,114.0,5.678418,100.49653,0.0
SCS17,weekday_2112,1783551830,39.0,3.037315,101.47096,0.0
SCS37,2947,1783551803,0.0,6.113567,100.369934,0.0
DMU03,52,1783551801,3.0,5.329475,102.1216,0.0
EMU39,2945,1783551774,0.0,5.837363,100.4769,0.0
EMU23,2901,1783551758,118.0,4.825032,101.045746,0.0
SCS20,weekday_2008,1783551863,81.0,2.847467,101.82399,0.0
EMU33,2940,1783551839,101.0,6.581322,100.26211,0.0
DMU10(D6120),51,1783551891,0.0,5.378828,102.03236,0.0
SCS13,weekday_2003,1783551889,0.0,3.136397,101.689354,0.0
EMU39,2945,1783551888,12.0,5.824008,100.47801,0.0
EMU23,2901,1783551888,0.0,4.818825,101.07094,0.0
SCS17,weekday_2112,1783551875,60.0,3.044153,101.47421,0.0
SCS37,2947,1783551863,57.0,6.111762,100.36917,0.0
SCS11,weekday_2004,1783551862,21.0,3.022212,101.71654,0.0
DMU03,52,1783551861,11.0,5.328867,102.12197,0.0
SCS32,2944,1783551854,114.0,5.701692,100.510086,0.0
SCS23,weekday_2102,1783551854,50.0,3.167977,101.68704,0.0
EMU28,2943,1783551854,119.0,5.52834,100.50594,0.0
SCS28,weekday_2014,1783551854,87.0,2.655357,102.01286,0.0
SCS29,2941,1783551865,0.0,5.364762,100.42074,0.0
SCS26,weekday_2012,1783551836,59.0,2.705712,101.95326,0.0
EMU22,2904,1783551836,94.0,4.77823,100.84101,0.0
EMU40,2902,1783551867,107.0,5.041287,100.52057,0.0
EMU29,2905,1783551891,0.0,5.39368,100.366165,0.0
SCS29,2941,1783551880,0.0,5.364762,100.42074,0.0
SCS13,weekday_2003,1783551934,0.0,3.136397,101.689354,0.0
EMU39,2945,1783551933,81.0,5.818187,100.47851,0.0
EMU23,2901,1783551933,11.0,4.818757,101.07103,0.0
EMU40,2902,1783551927,117.0,5.057518,100.51198,0.0
SCS32,2944,1783551899,114.0,5.714828,100.51343,0.0
SCS11,weekday_2004,1783551907,0.0,3.02379,101.71564,0.0
SCS28,weekday_2014,1783551899,48.0,2.656575,102.00464,0.0
DMU10(D6120),51,1783551906,0.0,5.378828,102.03236,0.0
SCS17,weekday_2112,1783551905,60.0,3.048988,101.47375,0.0
EMU28,2943,1783551899,118.0,5.51487,100.50676,0.0
SCS23,weekday_2102,1783551899,56.0,3.173685,101.68331,0.0
EMU22,2904,1783551896,97.0,4.775992,100.82583,0.0
SCS26,weekday_2012,1783551896,37.0,2.71293,101.9492,0.0
SCS37,2947,1783551893,90.0,6.105962,100.36667,0.0
DMU03,52,1783551891,24.0,5.327282,102.1228,0.0
SCS20,weekday_2008,1783551883,92.0,2.852142,101.822655,0.0
SCS37,2947,1783551998,114.0,6.07886,100.38025,0.0
SCS11,weekday_2004,1783551997,17.0,3.027545,101.713646,0.0
DMU10(D6120),51,1783551996,12.0,5.371225,102.03068,0.0
SCS17,weekday_2112,1783551995,34.0,3.0525,101.48772,0.0
EMU23,2901,1783551993,103.0,4.811347,101.079025,0.0
SCS32,2944,1783551989,114.0,5.740497,100.507065,0.0
EMU33,2940,1783551989,117.0,6.625122,100.26682,0.0
EMU22,2904,1783551986,0.0,4.776023,100.82374,0.0
SCS20,weekday_2008,1783551983,56.0,2.865867,101.81932,0.0
SCS29,2941,1783551955,69.0,5.367203,100.41446,0.0
EMU29,2905,1783552011,29.0,5.390543,100.370155,0.0
SCS13,weekday_2003,1783551994,0.0,3.136397,101.689354,0.0
SCS26,weekday_2012,1783551971,38.0,2.717413,101.94264,0.0
EMU39,2945,1783551963,100.0,5.810882,100.47924,0.0
SCS28,weekday_2014,1783551974,17.0,2.659727,101.99682,0.0
SCS23,weekday_2102,1783551974,71.0,3.181472,101.67398,0.0
EMU40,2902,1783551972,114.0,5.069787,100.5055,0.0
SCS26,weekday_2012,1783552061,0.0,2.719352,101.93976,0.0
SCS29,2941,1783552060,95.0,5.377983,100.391464,0.0
SCS32,2944,1783552019,114.0,5.748932,100.503815,0.0
DMU03,52,1783552011,27.0,5.320343,102.12971,0.0
EMU29,2905,1783552041,47.0,5.388075,100.37251,0.0
SCS17,weekday_2112,1783552040,27.0,3.052402,101.49179,0.0
SCS11,weekday_2004,1783552042,34.0,3.029752,101.71176,0.0
SCS13,weekday_2003,1783552054,0.0,3.136397,101.689354,0.0
EMU23,2901,1783552053,119.0,4.797668,101.09107,0.0
EMU39,2945,1783552053,117.0,5.786227,100.487305,0.0
SCS37,2947,1783552028,114.0,6.070997,100.38469,0.0
EMU28,2943,1783552019,45.0,5.484035,100.4985,0.0
SCS23,weekday_2102,1783552019,57.0,3.184795,101.66617,0.0
SCS28,weekday_2014,1783552019,0.0,2.660118,101.996445,0.0
EMU33,2940,1783552064,104.0,6.63907,100.2835,0.0
SCS20,weekday_2008,1783552063,27.0,2.877095,101.81626,0.0
EMU22,2904,1783552061,100.0,4.780863,100.78408,0.0
SCS26,weekday_2012,1783552121,10.0,2.719685,101.93908,0.0
SCS29,2941,1783552120,66.0,5.384792,100.378624,0.0
SCS37,2947,1783552118,114.0,6.047385,100.39801,0.0
EMU23,2901,1783552113,121.0,4.781212,101.10079,0.0
EMU22,2904,1783552106,101.0,4.784303,100.77278,0.0
EMU39,2945,1783552098,117.0,5.77353,100.492805,0.0
SCS20,weekday_2008,1783552063,27.0,2.877095,101.81626,0.0
EMU28,2943,1783552094,3.0,5.482485,100.498085,0.0
EMU33,2940,1783552094,107.0,6.644047,100.2902,0.0
SCS11,weekday_2004,1783552087,80.0,3.035722,101.70845,0.0
SCS32,2944,1783552079,114.0,5.765242,100.49621,0.0
SCS23,weekday_2102,1783552079,0.0,3.186852,101.66362,0.0
SCS28,weekday_2014,1783552079,0.0,2.660118,101.996445,0.0
SCS13,weekday_2003,1783552099,0.0,3.136397,101.689354,0.0
EMU29,2905,1783552056,52.0,5.38701,100.37422,0.0
DMU03,52,1783552071,8.0,5.318887,102.13192,0.0
SCS17,weekday_2112,1783552070,0.0,3.052318,101.49352,0.0
SCS29,2941,1783552180,8.0,5.387575,100.37304,0.0
EMU40,2902,1783552179,69.0,5.127743,100.486725,0.0
SCS13,weekday_2003,1783552174,0.0,3.136397,101.689354,0.0
SCS32,2944,1783552169,115.0,5.790118,100.48539,0.0
EMU28,2943,1783552169,108.0,5.469275,100.49624,0.0
EMU39,2945,1783552173,116.0,5.752773,100.50228,0.0
SCS26,weekday_2012,1783552166,36.0,2.72055,101.936745,0.0
SCS17,weekday_2112,1783552145,33.0,3.052235,101.49681,0.0
SCS37,2947,1783552133,114.0,6.043473,100.40024,0.0
SCS20,weekday_2008,1783552143,77.0,2.884445,101.80862,0.0
EMU23,2901,1783552143,123.0,4.773647,101.10665,0.0
SCS11,weekday_2004,1783552132,86.0,3.045857,101.707245,0.0
EMU22,2904,1783552181,98.0,4.793443,100.75563,0.0
DMU03,52,1783552146,15.0,5.317125,102.13472,0.0
DMU10(D6120),51,1783552146,41.0,5.371455,102.02275,0.0
EMU29,2905,1783552146,100.0,5.377592,100.39232,0.0
EMU33,2940,1783552199,69.0,6.656002,100.31073,0.0
SCS37,2947,1783552238,114.0,6.016197,100.415665,0.0
EMU29,2905,1783552236,93.0,5.367762,100.41309,0.0
SCS17,weekday_2112,1783552235,60.0,3.051678,101.508995,0.0
EMU23,2901,1783552233,113.0,4.749295,101.1206,0.0
SCS28,weekday_2014,1783552229,0.0,2.660118,101.996445,0.0
SCS26,weekday_2012,1783552226,61.0,2.722918,101.92812,0.0
EMU22,2904,1783552226,100.0,4.800715,100.74655,0.0
EMU40,2902,1783552224,0.0,5.130705,100.486145,0.0
SCS20,weekday_2008,1783552223,25.0,2.885347,101.803345,0.0
SCS11,weekday_2004,1783552222,95.0,3.068097,101.708435,0.0
SCS13,weekday_2003,1783552219,0.0,3.136397,101.689354,0.0
EMU39,2945,1783552218,118.0,5.739762,100.507324,0.0
SCS32,2944,1783552184,115.0,5.79423,100.48344,0.0
SCS23,weekday_2102,1783552184,10.0,3.192077,101.65468,0.0
SCS29,2941,1783552225,21.0,5.388388,100.372116,0.0
DMU10(D6120),51,1783552221,41.0,5.379337,102.01754,0.0
EMU23,2901,1783552248,122.0,4.744808,101.12143,0.0
SCS20,weekday_2008,1783552243,71.0,2.8865,101.80085,0.0
SCS13,weekday_2003,1783552264,0.0,3.136397,101.689354,0.0
EMU28,2943,1783552304,116.0,5.429965,100.48526,0.0
SCS26,weekday_2012,1783552301,64.0,2.724585,101.91805,0.0
SCS29,2941,1783552300,21.0,5.392012,100.36809,0.0
SCS17,weekday_2112,1783552265,61.0,3.052995,101.51385,0.0
EMU39,2945,1783552308,112.0,5.713413,100.51306,0.0
DMU03,52,1783552281,18.0,5.314765,102.140495,0.0
EMU40,2902,1783552299,70.0,5.135383,100.48517,0.0
SCS37,2947,1783552298,114.0,6.00049,100.42452,0.0
SCS11,weekday_2004,1783552297,0.0,3.076665,101.71156,0.0
DMU10(D6120),51,1783552311,13.0,5.378388,102.01098,0.0
EMU29,2905,1783552311,0.0,5.364625,100.421196,0.0
SCS32,2944,1783552259,94.0,5.816047,100.478676,0.0
SCS23,weekday_2102,1783552259,29.0,3.19248,101.653854,0.0
SCS26,weekday_2012,1783552361,91.0,2.725295,101.90594,0.0
SCS11,weekday_2004,1783552327,0.0,3.076665,101.71156,0.0
DMU10(D6120),51,1783552326,13.0,5.377813,102.010475,0.0
SCS23,weekday_2102,1783552304,79.0,3.19561,101.646904,0.0
SCS32,2944,1783552319,11.0,5.824903,100.47794,0.0
EMU29,2905,1783552371,73.0,5.363213,100.4248,0.0
SCS28,weekday_2014,1783552334,83.0,2.671325,101.987495,0.0
EMU28,2943,1783552334,110.0,5.422518,100.480385,0.0
SCS20,weekday_2008,1783552323,73.0,2.897322,101.7859,0.0
SCS29,2941,1783552330,8.0,5.393062,100.36667,0.0
EMU40,2902,1783552329,101.0,5.142255,100.48375,0.0
SCS37,2947,1783552328,114.0,5.99263,100.42897,0.0
DMU03,52,1783552296,0.0,5.314217,102.14089,0.0
EMU22,2904,1783552388,96.0,4.83668,100.72815,0.0
DMU10(D6120),51,1783552416,0.0,5.376932,102.010056,0.0
EMU29,2905,1783552386,89.0,5.362318,100.428,0.0
SCS20,weekday_2008,1783552363,44.0,2.903265,101.78597,0.0
SCS13,weekday_2003,1783552414,0.0,3.136397,101.689354,0.0
SCS17,weekday_2112,1783552355,0.0,3.056783,101.52588,0.0
EMU39,2945,1783552413,116.0,5.684102,100.50024,0.0
EMU23,2901,1783552413,123.0,4.698427,101.13843,0.0
SCS32,2944,1783552379,52.0,5.826522,100.47782,0.0
EMU28,2943,1783552379,119.0,5.410565,100.474525,0.0
EMU40,2902,1783552389,101.0,5.15942,100.47982,0.0
DMU03,52,1783552356,53.0,5.309612,102.144165,0.0
SCS28,weekday_2014,1783552409,82.0,2.682443,101.97508,0.0
SCS26,weekday_2012,1783552406,92.0,2.732135,101.89804,0.0
SCS29,2941,1783552405,0.0,5.393183,100.36651,0.0
SCS11,weekday_2004,1783552387,42.0,3.08122,101.71559,0.0
SCS37,2947,1783552358,114.0,5.984772,100.4334,0.0
SCS37,2947,1783552418,27.0,5.973075,100.44001,0.0
SCS17,weekday_2112,1783552415,44.0,3.05726,101.52741,0.0
SCS26,weekday_2012,1783552481,83.0,2.739687,101.88693,0.0
EMU40,2902,1783552464,0.0,5.169742,100.47958,0.0
EMU22,2904,1783552463,37.0,4.851977,100.731224,0.0
SCS20,weekday_2008,1783552463,4.0,2.904802,101.78686,0.0
SCS11,weekday_2004,1783552462,55.0,3.088735,101.71069,0.0
DMU03,52,1783552461,4.0,5.307887,102.156975,0.0
SCS13,weekday_2003,1783552459,0.0,3.136397,101.689354,0.0
EMU39,2945,1783552458,119.0,5.671398,100.49491,0.0
SCS32,2944,1783552454,111.0,5.845912,100.47688,0.0
EMU28,2943,1783552454,113.0,5.38797,100.4704,0.0
SCS28,weekday_2014,1783552454,20.0,2.68939,101.97207,0.0
EMU29,2905,1783552446,86.0,5.365245,100.43745,0.0
DMU10(D6120),51,1783552446,0.0,5.376932,102.010056,0.0
SCS23,weekday_2102,1783552439,0.0,3.203157,101.63678,0.0
SCS23,weekday_2102,1783552484,24.0,3.204028,101.63591,0.0
SCS13,weekday_2003,1783552504,2.0,3.137112,101.68963,0.0
EMU39,2945,1783552502,108.0,5.65853,100.492714,0.0
SCS32,2944,1783552499,116.0,5.859503,100.47691,0.0
SCS28,weekday_2014,1783552484,0.0,2.689973,101.971855,0.0
EMU28,2943,1783552544,52.0,5.366775,100.46777,0.0
SCS26,weekday_2012,1783552541,61.0,2.740845,101.873726,0.0
SCS17,weekday_2112,1783552520,68.0,3.063663,101.54609,0.0
EMU40,2902,1783552524,38.0,5.171663,100.47953,0.0
SCS20,weekday_2008,1783552523,14.0,2.906315,101.789566,0.0
SCS37,2947,1783552523,100.0,5.965597,100.44424,0.0
EMU22,2904,1783552523,0.0,4.853003,100.732155,0.0
SCS11,weekday_2004,1783552522,0.0,3.092585,101.710335,0.0
EMU29,2905,1783552521,0.0,5.366433,100.44724,0.0
DMU10(D6120),51,1783552521,0.0,5.376912,102.01014,0.0
DMU03,52,1783552521,3.0,5.307972,102.15713,0.0
SCS32,2944,1783552559,114.0,5.877602,100.47693,0.0
DMU10(D6120),51,1783552596,0.0,5.376912,102.01014,0.0
SCS17,weekday_2112,1783552595,50.0,3.073702,101.55527,0.0
EMU40,2902,1783552554,81.0,5.176722,100.47947,0.0
SCS26,weekday_2012,1783552601,0.0,2.741533,101.87138,0.0
SCS37,2947,1783552598,114.0,5.946,100.45534,0.0
SCS23,weekday_2102,1783552598,0.0,3.208752,101.627716,0.0
SCS11,weekday_2004,1783552597,20.0,3.095698,101.70862,0.0
EMU29,2905,1783552596,13.0,5.3664,100.447426,0.0
DMU03,52,1783552596,47.0,5.312297,102.16435,0.0
SCS28,weekday_2014,1783552574,58.0,2.691783,101.971146,0.0
EMU39,2945,1783552592,19.0,5.643185,100.49004,0.0
EMU22,2904,1783552568,77.0,4.85716,100.73428,0.0
SCS13,weekday_2002,1783552564,14.0,3.137595,101.69232,0.0
SCS28,weekday_2014,1783552664,82.0,2.703547,101.955284,0.0
EMU28,2943,1783552663,0.0,5.358522,100.46264,0.0
EMU23,2901,1783552661,122.0,4.636073,101.10801,0.0
EMU40,2902,1783552659,116.0,5.205328,100.48746,0.0
SCS37,2947,1783552658,114.0,5.9295,100.46254,0.0
EMU22,2904,1783552658,100.0,4.875832,100.72333,0.0
SCS23,weekday_2102,1783552658,31.0,3.20864,101.62596,0.0
SCS11,weekday_2004,1783552657,0.0,3.098572,101.7051,0.0
DMU10(D6120),51,1783552656,0.0,5.376912,102.01014,0.0
EMU39,2945,1783552637,0.0,5.6426,100.48997,0.0
SCS32,2944,1783552634,114.0,5.899667,100.473976,0.0
SCS26,weekday_2012,1783552661,107.0,2.744533,101.8606,0.0
EMU29,2905,1783552611,28.0,5.366212,100.4487,0.0
DMU03,52,1783552611,30.0,5.312537,102.16581,0.0
SCS17,weekday_2112,1783552610,33.0,3.07444,101.5567,0.0
SCS13,weekday_2002,1783552654,5.0,3.139278,101.69335,0.0
SCS26,weekday_2012,1783552721,107.0,2.749068,101.84446,0.0
SCS13,weekday_2002,1783552714,21.0,3.142395,101.69374,0.0
EMU28,2943,1783552713,72.0,5.363562,100.45849,0.0
SCS32,2944,1783552679,115.0,5.912355,100.46909,0.0
EMU39,2945,1783552712,91.0,5.633965,100.490005,0.0
EMU40,2902,1783552704,118.0,5.218313,100.49172,0.0
SCS23,weekday_2102,1783552703,59.0,3.208268,101.619995,0.0
DMU10(D6120),51,1783552716,0.0,5.376912,102.01014,0.0
SCS17,weekday_2112,1783552715,0.0,3.076157,101.560135,0.0
SCS28,weekday_2014,1783552664,82.0,2.703547,101.955284,0.0
EMU23,2901,1783552691,120.0,4.628488,101.10218,0.0
SCS11,weekday_2004,1783552747,23.0,3.100833,101.70219,0.0
SCS20,weekday_2008,1783552783,30.0,2.939253,101.788445,0.0
EMU23,2901,1783552781,46.0,4.611168,101.09018,0.0
SCS26,weekday_2012,1783552781,16.0,2.752097,101.8337,0.0
SCS32,2944,1783552754,114.0,5.933427,100.461,0.0
EMU29,2905,1783552761,49.0,5.365577,100.45298,0.0
SCS17,weekday_2112,1783552760,2.0,3.076173,101.560165,0.0
EMU39,2945,1783552757,112.0,5.622613,100.49468,0.0
DMU10(D6120),51,1783552746,0.0,5.376912,102.01014,0.0
SCS28,weekday_2014,1783552739,46.0,2.713048,101.94889,0.0
SCS37,2947,1783552733,115.0,5.908445,100.470634,0.0
EMU22,2904,1783552733,50.0,4.89191,100.719826,0.0
SCS23,weekday_2102,1783552733,79.0,3.205475,101.61528,0.0
EMU40,2902,1783552749,119.0,5.232038,100.48882,0.0
DMU10(D6120),51,1783552836,0.0,5.376895,102.01004,0.0
SCS17,weekday_2112,1783552835,19.0,3.076447,101.5656,0.0
SCS13,weekday_2002,1783552834,27.0,3.14948,101.690544,0.0
EMU29,2905,1783552821,109.0,5.357208,100.46356,0.0
EMU28,2943,1783552818,0.0,5.366227,100.44828,0.0
SCS32,2944,1783552829,114.0,5.953657,100.451,0.0
EMU23,2901,1783552826,69.0,4.610682,101.08253,0.0
EMU39,2945,1783552817,117.0,5.604935,100.49485,0.0
SCS37,2947,1783552808,114.0,5.886942,100.47697,0.0
SCS23,weekday_2102,1783552808,70.0,3.199923,101.60401,0.0
EMU22,2904,1783552808,0.0,4.896135,100.71937,0.0
SCS11,weekday_2004,1783552807,53.0,3.103842,101.69843,0.0
SCS20,weekday_2008,1783552803,3.0,2.939815,101.78772,0.0
SCS28,weekday_2014,1783552814,15.0,2.718425,101.94103,0.0
SCS26,weekday_2012,1783552796,18.0,2.752318,101.83289,0.0
EMU40,2902,1783552794,118.0,5.245703,100.48573,0.0
SCS17,weekday_2112,1783552910,57.0,3.080505,101.57288,0.0
EMU40,2902,1783552899,109.0,5.277102,100.47872,0.0
EMU22,2904,1783552898,98.0,4.911105,100.717735,0.0
SCS23,weekday_2102,1783552898,43.0,3.202138,101.588844,0.0
SCS20,weekday_2008,1783552883,56.0,2.942095,101.786156,0.0
SCS13,weekday_2002,1783552894,4.0,3.15373,101.69231,0.0
SCS37,2947,1783552869,114.0,5.868615,100.47694,0.0
SCS11,weekday_2004,1783552912,24.0,3.11346,101.681625,0.0
SCS26,weekday_2012,1783552856,24.0,2.753423,101.82908,0.0
EMU29,2905,1783552911,118.0,5.330383,100.46997,0.0
DMU10(D6120),51,1783552911,25.0,5.373468,102.00877,0.0
SCS32,2944,1783552889,76.0,5.967402,100.44323,0.0
EMU28,2943,1783552833,26.0,5.366217,100.44776,0.0
EMU39,2945,1783552832,119.0,5.600438,100.49381,0.0
EMU29,2905,1783552941,121.0,5.321638,100.47091,0.0
SCS13,weekday_2002,1783552909,0.0,3.153783,101.69237,0.0
SCS32,2944,1783552904,61.0,5.969912,100.44182,0.0
SCS17,weekday_2112,1783552955,51.0,3.081737,101.57924,0.0
SCS28,weekday_2014,1783552904,0.0,2.718622,101.940735,0.0
EMU28,2943,1783552953,57.0,5.363248,100.424644,0.0
EMU23,2901,1783552946,44.0,4.600988,101.07471,0.0
SCS37,2947,1783552929,115.0,5.850533,100.4769,0.0
SCS23,weekday_2102,1783552928,30.0,3.2032,101.586105,0.0
EMU22,2904,1783552928,99.0,4.918987,100.71686,0.0
EMU40,2902,1783552974,0.0,5.28637,100.48084,0.0
SCS26,weekday_2012,1783552961,18.0,2.75459,101.824776,0.0
SCS11,weekday_2004,1783552942,0.0,3.113893,101.68104,0.0
DMU10(D6120),51,1783552941,47.0,5.370273,102.008316,0.0
SCS23,weekday_2102,1783553018,0.0,3.206348,101.57974,0.0
DMU10(D6120),51,1783553016,40.0,5.360912,102.00777,0.0
EMU29,2905,1783553016,116.0,5.299328,100.48086,0.0
SCS17,weekday_2112,1783553015,0.0,3.082992,101.58333,0.0
EMU23,2901,1783553021,0.0,4.597932,101.073006,0.0
EMU28,2943,1783553028,0.0,5.364342,100.42176,0.0
SCS28,weekday_2014,1783553024,21.0,2.719797,101.93857,0.0
SCS20,weekday_2008,1783553023,0.0,2.963155,101.791756,0.0
EMU40,2902,1783553019,34.0,5.287553,100.481346,0.0
SCS11,weekday_2004,1783553017,13.0,3.114095,101.6808,0.0
DMU03,52,1783553016,20.0,5.326267,102.19447,0.0
EMU39,2945,1783552967,120.0,5.558422,100.49874,0.0
SCS26,weekday_2012,1783552976,26.0,2.754888,101.823685,0.0
SCS13,weekday_2002,1783553014,43.0,3.159805,101.69256,0.0
SCS32,2944,1783553009,58.0,5.974393,100.43929,0.0
EMU22,2904,1783553018,100.0,4.942187,100.72122,0.0
SCS28,weekday_2014,1783553039,36.0,2.720293,101.93732,0.0
SCS13,weekday_2002,1783553089,0.0,3.165073,101.691185,0.0
EMU28,2943,1783553088,44.0,5.364902,100.42028,0.0
SCS20,weekday_2008,1783553083,25.0,2.964082,101.79147,0.0
SCS37,2947,1783553079,0.0,5.824947,100.47796,0.0
SCS23,weekday_2102,1783553078,2.0,3.206373,101.57969,0.0
SCS32,2944,1783553084,115.0,5.992045,100.42934,0.0
SCS11,weekday_2004,1783553077,17.0,3.118673,101.678925,0.0
SCS26,weekday_2012,1783553066,96.0,2.763663,101.80825,0.0
EMU23,2901,1783553066,0.0,4.597932,101.073006,0.0
EMU22,2904,1783553033,98.0,4.945967,100.72223,0.0
DMU03,52,1783553031,22.0,5.326017,102.19548,0.0
EMU39,2945,1783553072,116.0,5.526443,100.50648,0.0
SCS11,weekday_2004,1783553107,0.0,3.119158,101.6788,0.0
SCS13,weekday_2002,1783553119,2.0,3.165217,101.691086,0.0
EMU23,2901,1783553096,0.0,4.597932,101.073006,0.0
SCS32,2944,1783553144,115.0,6.007805,100.42042,0.0
SCS37,2947,1783553109,0.0,5.824947,100.47796,0.0
EMU29,2905,1783553109,0.0,5.28631,100.48092,0.0
SCS23,weekday_2102,1783553108,29.0,3.206778,101.57817,0.0
SCS26,weekday_2012,1783553126,104.0,2.776982,101.80196,0.0
DMU10(D6120),51,1783553151,61.0,5.341918,102.01355,0.0
SCS17,weekday_2112,1783553150,26.0,3.084732,101.58641,0.0
EMU39,2945,1783553132,118.0,5.508732,100.50509,0.0
EMU40,2902,1783553129,119.0,5.309412,100.47633,0.0
SCS28,weekday_2014,1783553129,57.0,2.724095,101.92427,0.0
DMU03,52,1783553076,37.0,5.326852,102.19945,0.0
EMU28,2943,1783553133,96.0,5.36827,100.41165,0.0
SCS13,weekday_2002,1783553194,24.0,3.167702,101.68742,0.0
SCS32,2944,1783553174,114.0,6.015673,100.41597,0.0
EMU40,2902,1783553174,117.0,5.322082,100.47069,0.0
EMU23,2901,1783553201,0.0,4.597932,101.073006,0.0
SCS26,weekday_2012,1783553201,82.0,2.795048,101.796,0.0
DMU10(D6120),51,1783553196,62.0,5.334773,102.01632,0.0
EMU28,2943,1783553163,100.0,5.371203,100.40429,0.0
SCS17,weekday_2112,1783553195,0.0,3.084603,101.58913,0.0
EMU39,2945,1783553188,111.0,5.492167,100.50064,0.0
DMU03,52,1783553181,19.0,5.3305,102.2037,0.0
SCS23,weekday_2102,1783553168,73.0,3.212788,101.571915,0.0
SCS11,weekday_2004,1783553167,18.0,3.121218,101.67839,0.0
EMU22,2904,1783553167,101.0,4.979183,100.73232,0.0
SCS28,weekday_2014,1783553144,56.0,2.723248,101.922104,0.0
SCS20,weekday_2008,1783553143,46.0,2.97103,101.79032,0.0
EMU29,2905,1783553139,40.0,5.285395,100.480576,0.0
SCS20,weekday_2008,1783553203,17.0,2.976463,101.79041,0.0
SCS13,weekday_2002,1783553254,20.0,3.170617,101.68518,0.0
EMU23,2901,1783553246,0.0,4.597932,101.073006,0.0
SCS26,weekday_2012,1783553246,29.0,2.801805,101.799355,0.0
SCS28,weekday_2014,1783553264,88.0,2.730172,101.89949,0.0
EMU40,2902,1783553264,115.0,5.349153,100.46773,0.0
EMU39,2945,1783553263,0.0,5.481947,100.497894,0.0
SCS17,weekday_2112,1783553255,0.0,3.084603,101.58913,0.0
SCS32,2944,1783553249,114.0,6.035352,100.404854,0.0
SCS11,weekday_2004,1783553242,20.0,3.126215,101.67872,0.0
EMU22,2904,1783553242,100.0,4.998822,100.735306,0.0
DMU03,52,1783553241,57.0,5.335288,102.21039,0.0
SCS23,weekday_2102,1783553243,83.0,3.224763,101.56214,0.0
DMU10(D6120),51,1783553241,63.0,5.327602,102.01915,0.0
EMU29,2905,1783553229,123.0,5.262888,100.48195,0.0
EMU28,2943,1783553238,97.0,5.38038,100.38694,0.0
SCS37,2947,1783553229,33.0,5.824245,100.478035,0.0
SCS32,2944,1783553279,113.0,6.04319,100.40041,0.0
SCS11,weekday_2004,1783553317,25.0,3.129858,101.68149,0.0
EMU22,2904,1783553317,98.0,5.016552,100.72829,0.0
DMU10(D6120),51,1783553316,62.0,5.315028,102.02058,0.0
DMU03,52,1783553316,67.0,5.340533,102.22038,0.0
SCS26,weekday_2012,1783553276,0.0,2.802663,101.80017,0.0
SCS17,weekday_2112,1783553315,0.0,3.084603,101.58913,0.0
EMU28,2943,1783553313,28.0,5.385938,100.3764,0.0
EMU40,2902,1783553309,111.0,5.36077,100.4609,0.0
EMU23,2901,1783553306,0.0,4.597932,101.073006,0.0
SCS37,2947,1783553304,116.0,5.805967,100.48047,0.0
EMU29,2905,1783553274,116.0,5.249257,100.48499,0.0
SCS28,weekday_2014,1783553324,77.0,2.740518,101.89274,0.0
EMU39,2945,1783553323,43.0,5.480353,100.49748,0.0
SCS20,weekday_2008,1783553337,0.0,2.983185,101.790474,0.0
SCS32,2944,1783553339,115.0,6.0587,100.391655,0.0
EMU40,2902,1783553384,15.0,5.36634,100.44763,0.0
EMU39,2945,1783553383,111.0,5.466878,100.49652,0.0
EMU23,2901,1783553381,0.0,4.597932,101.073006,0.0
DMU10(D6120),51,1783553331,55.0,5.312608,102.02075,0.0
SCS37,2947,1783553334,114.0,5.79714,100.48265,0.0
SCS23,weekday_2102,1783553333,56.0,3.241638,101.56047,0.0
EMU22,2904,1783553332,102.0,5.019447,100.72555,0.0
SCS11,weekday_2004,1783553332,16.0,3.130528,101.68225,0.0
DMU03,52,1783553331,61.0,5.343092,102.22107,0.0
SCS17,weekday_2112,1783553345,0.0,3.084603,101.58913,0.0
EMU29,2905,1783553334,121.0,5.23128,100.48902,0.0
SCS28,weekday_2014,1783553384,92.0,2.73911,101.87979,0.0
SCS13,weekday_2002,1783553383,27.0,3.180312,101.68787,0.0
SCS26,weekday_2012,1783553381,0.0,2.802663,101.80017,0.0
EMU28,2943,1783553373,2.0,5.387438,100.37327,0.0
SCS17,weekday_2112,1783553390,0.0,3.084603,101.58913,0.0
SCS11,weekday_2004,1783553422,12.0,3.131657,101.68303,0.0
EMU23,2901,1783553411,0.0,4.597932,101.073006,0.0
SCS32,2944,1783553399,114.0,6.074457,100.382744,0.0
EMU39,2945,1783553398,118.0,5.46239,100.49579,0.0
SCS13,weekday_2002,1783553398,13.0,3.18113,101.68829,0.0
EMU28,2943,1783553433,18.0,5.388983,100.37156,0.0
EMU22,2904,1783553422,98.0,5.034805,100.707794,0.0
DMU03,52,1783553421,67.0,5.35697,102.2254,0.0
SCS20,weekday_2008,1783553417,21.0,2.985583,101.790535,0.0
SCS28,weekday_2014,1783553414,43.0,2.740612,101.87445,0.0
EMU40,2902,1783553414,0.0,5.366368,100.44752,0.0
SCS26,weekday_2012,1783553411,0.0,2.802663,101.80017,0.0
SCS37,2947,1783553409,118.0,5.776242,100.49172,0.0
EMU29,2905,1783553409,119.0,5.208125,100.48899,0.0
SCS23,weekday_2102,1783553393,30.0,3.248188,101.557556,0.0
DMU10(D6120),51,1783553391,35.0,5.304702,102.022514,0.0
EMU39,2945,1783553458,119.0,5.444265,100.49101,0.0
EMU29,2905,1783553499,115.0,5.18245,100.47944,0.0
SCS11,weekday_2004,1783553497,0.0,3.132123,101.68333,0.0
DMU03,52,1783553496,56.0,5.369258,102.22722,0.0
SCS23,weekday_2102,1783553468,12.0,3.251417,101.555504,0.0
EMU22,2904,1783553467,97.0,5.038358,100.69659,0.0
EMU23,2901,1783553501,0.0,4.597932,101.073006,0.0
SCS26,weekday_2012,1783553501,80.0,2.807298,101.80448,0.0
SCS13,weekday_2002,1783553488,28.0,3.184473,101.689384,0.0
SCS28,weekday_2014,1783553474,0.0,2.741152,101.87252,0.0
EMU40,2902,1783553459,26.0,5.366433,100.44654,0.0
SCS20,weekday_2008,1783553457,30.0,2.988468,101.79009,0.0
EMU28,2943,1783553493,17.0,5.391368,100.36914,0.0
SCS32,2944,1783553489,110.0,6.098137,100.36962,0.0
SCS17,weekday_2112,1783553465,60.0,3.083815,101.59493,0.0
SCS37,2947,1783553484,119.0,5.755085,100.50113,0.0
DMU10(D6120),51,1783553466,6.0,5.300345,102.020355,0.0
EMU40,2902,1783553549,98.0,5.362243,100.42966,0.0
EMU29,2905,1783553544,54.0,5.170992,100.47967,0.0
EMU22,2904,1783553542,100.0,5.039228,100.67711,0.0
DMU10(D6120),51,1783553541,16.0,5.299693,102.019966,0.0
SCS13,weekday_2002,1783553563,42.0,3.19129,101.687126,0.0
EMU23,2901,1783553561,0.0,4.597932,101.073006,0.0
SCS26,weekday_2012,1783553561,63.0,2.814847,101.81363,0.0
EMU28,2943,1783553553,4.0,5.392893,100.366974,0.0
SCS37,2947,1783553544,115.0,5.738107,100.507996,0.0
SCS23,weekday_2102,1783553543,20.0,3.257763,101.5547,0.0
SCS11,weekday_2004,1783553542,0.0,3.132123,101.68333,0.0
SCS17,weekday_2112,1783553540,65.0,3.082935,101.60958,0.0
SCS32,2944,1783553534,84.0,6.107937,100.36733,0.0
SCS28,weekday_2014,1783553534,90.0,2.743433,101.86448,0.0
EMU39,2945,1783553518,115.0,5.427533,100.48366,0.0
SCS20,weekday_2008,1783553517,78.0,2.992922,101.78151,0.0
SCS37,2947,1783553574,114.0,5.729705,100.51121,0.0
SCS32,2944,1783553609,0.0,6.113662,100.36994,0.0
SCS13,weekday_2002,1783553608,47.0,3.195753,101.68327,0.0
EMU39,2945,1783553608,115.0,5.403178,100.472336,0.0
SCS26,weekday_2012,1783553606,71.0,2.821148,101.81938,0.0
EMU29,2905,1783553604,6.0,5.169603,100.47965,0.0
SCS23,weekday_2102,1783553558,10.0,3.25845,101.5549,0.0
SCS20,weekday_2008,1783553557,95.0,2.99596,101.772255,0.0
EMU22,2904,1783553557,99.0,5.039202,100.67316,0.0
SCS11,weekday_2004,1783553557,0.0,3.132123,101.68333,0.0
DMU03,52,1783553556,58.0,5.376563,102.23342,0.0
EMU40,2902,1783553564,88.0,5.362737,100.42598,0.0
DMU10(D6120),51,1783553556,17.0,5.298828,102.019585,0.0
EMU28,2943,1783553553,4.0,5.392893,100.366974,0.0
EMU23,2901,1783553606,0.0,4.597932,101.073006,0.0
SCS17,weekday_2112,1783553555,30.0,3.083165,101.61162,0.0
SCS28,weekday_2014,1783553579,101.0,2.74661,101.85321,0.0
EMU40,2902,1783553639,0.0,5.36456,100.42123,0.0
SCS32,2944,1783553639,19.0,6.114198,100.370155,0.0
EMU39,2945,1783553668,114.0,5.38503,100.47001,0.0
SCS26,weekday_2012,1783553666,17.0,2.826518,101.82562,0.0
SCS13,weekday_2002,1783553668,0.0,3.197778,101.68151,0.0
SCS11,weekday_2004,1783553692,0.0,3.132123,101.68333,0.0
SCS28,weekday_2014,1783553639,69.0,2.750678,101.83864,0.0
DMU10(D6120),51,1783553691,30.0,5.289592,102.01301,0.0
EMU29,2905,1783553664,103.0,5.158717,100.4799,0.0
SCS23,weekday_2102,1783553663,26.0,3.260465,101.55559,0.0
EMU23,2901,1783553651,0.0,4.597932,101.073006,0.0
EMU22,2904,1783553647,100.0,5.041517,100.649994,0.0
SCS17,weekday_2112,1783553645,77.0,3.084102,101.618225,0.0
SCS20,weekday_2008,1783553637,96.0,2.991533,101.7538,0.0
EMU29,2905,1783553724,115.0,5.140997,100.48402,0.0
SCS20,weekday_2008,1783553697,81.0,2.995967,101.7409,0.0
SCS28,weekday_2014,1783553729,19.0,2.752593,101.83179,0.0
DMU10(D6120),51,1783553736,34.0,5.291258,102.00908,0.0
SCS26,weekday_2012,1783553726,19.0,2.82988,101.8268,0.0
SCS29,2948,1783553725,0.0,5.393215,100.36639,0.0
EMU40,2902,1783553729,47.0,5.366373,100.41657,0.0
EMU33,2951,1783553729,0.0,6.662753,100.32028,0.0
SCS32,2944,1783553729,116.0,6.134235,100.37926,0.0
SCS13,weekday_2002,1783553713,40.0,3.199262,101.68032,0.0
EMU39,2945,1783553728,93.0,5.368413,100.46794,0.0
EMU23,2901,1783553711,0.0,4.597932,101.073006,0.0
SCS11,weekday_2004,1783553707,0.0,3.132123,101.68333,0.0
DMU03,52,1783553706,0.0,5.39147,102.232056,0.0
SCS22,weekday_2007,1783553687,0.0,3.237083,101.68124,0.0
SCS20,weekday_2008,1783553777,19.0,3.003555,101.73323,0.0
EMU29,2905,1783553784,0.0,5.130875,100.48614,0.0
SCS23,weekday_2102,1783553783,61.0,3.274652,101.56194,0.0
EMU40,2902,1783553774,51.0,5.368682,100.4106,0.0
EMU33,2951,1783553774,21.0,6.661823,100.319084,0.0
SCS28,weekday_2014,1783553774,19.0,2.753445,101.82887,0.0
SCS32,2944,1783553774,114.0,6.1476,100.38025,0.0
EMU39,2945,1783553773,43.0,5.361095,100.467,0.0
SCS11,weekday_2004,1783553737,19.0,3.135747,101.68888,0.0
DMU10(D6120),51,1783553781,15.0,5.290587,102.00603,0.0
SCS13,weekday_2002,1783553773,17.0,3.203942,101.6763,0.0
SCS37,2947,1783553739,114.0,5.683898,100.50016,0.0
SCS22,weekday_2007,1783553777,15.0,3.236777,101.68124,0.0
EMU23,2901,1783553771,0.0,4.597932,101.073006,0.0
SCS29,2948,1783553770,5.0,5.393117,100.36653,0.0
SCS37,2947,1783553844,111.0,5.654202,100.49199,0.0
SCS32,2944,1783553804,115.0,6.156612,100.37963,0.0
EMU39,2945,1783553862,37.0,5.359303,100.46205,0.0
EMU29,2905,1783553859,84.0,5.124943,100.48736,0.0
SCS11,weekday_2004,1783553857,4.0,3.13947,101.69358,0.0
SCS20,weekday_2008,1783553857,25.0,3.005688,101.72771,0.0
DMU03,52,1783553856,0.0,5.391398,102.23212,0.0
EMU22,2904,1783553856,98.0,5.044797,100.59592,0.0
DMU10(D6120),51,1783553856,61.0,5.282777,102.006454,0.0
SCS17,weekday_2112,1783553855,38.0,3.084283,101.6335,0.0
EMU40,2902,1783553849,67.0,5.371673,100.40338,0.0
SCS13,weekday_2002,1783553818,0.0,3.204292,101.67602,0.0
EMU23,2901,1783553816,0.0,4.597932,101.073006,0.0
SCS29,2948,1783553815,13.0,5.391997,100.36806,0.0
SCS23,weekday_2102,1783553813,56.0,3.2788,101.56416,0.0
SCS26,weekday_2012,1783553801,4.0,2.831115,101.826965,0.0
SCS37,2947,1783553904,0.0,5.643668,100.49019,0.0
SCS23,weekday_2102,1783553903,68.0,3.29022,101.57242,0.0
SCS28,weekday_2014,1783553894,23.0,2.754493,101.82492,0.0
SCS13,weekday_2002,1783553893,39.0,3.210307,101.67204,0.0
EMU39,2945,1783553892,46.0,5.362092,100.45985,0.0
SCS26,weekday_2012,1783553891,22.0,2.836432,101.82794,0.0
SCS29,2948,1783553890,18.0,5.38904,100.371506,0.0
SCS11,weekday_2004,1783553902,0.0,3.139935,101.693756,0.0
DMU03,52,1783553901,0.0,5.391443,102.232,0.0
DMU10(D6120),51,1783553886,60.0,5.277578,102.00715,0.0
SCS17,weekday_2112,1783553885,73.0,3.083715,101.637215,0.0
SCS20,weekday_2008,1783553897,8.0,3.007735,101.7266,0.0
EMU22,2904,1783553871,99.0,5.045048,100.59201,0.0
EMU40,2902,1783553864,69.0,5.373007,100.4009,0.0
EMU33,2951,1783553864,46.0,6.656367,100.31131,0.0
EMU29,2905,1783553904,116.0,5.112987,100.48984,0.0
SCS28,weekday_2014,1783553939,42.0,2.755537,101.82121,0.0
EMU40,2902,1783553939,2.0,5.377523,100.392395,0.0
SCS32,2944,1783553924,0.0,6.18378,100.37448,0.0
EMU29,2905,1783553934,114.0,5.103918,100.49171,0.0
EMU39,2945,1783553967,26.0,5.366233,100.44825,0.0
SCS22,weekday_2007,1783553987,30.0,3.214922,101.67219,0.0
DMU03,52,1783553976,12.0,5.39324,102.23206,0.0
EMU22,2904,1783553976,98.0,5.033135,100.56772,0.0
SCS17,weekday_2112,1783553975,25.0,3.08349,101.6566,0.0
SCS29,2948,1783553965,85.0,5.384275,100.37973,0.0
SCS26,weekday_2012,1783553966,69.0,2.845825,101.82444,0.0
EMU33,2951,1783553939,106.0,6.649297,100.29935,0.0
SCS11,weekday_2004,1783554022,15.0,3.14181,101.694084,0.0
DMU03,52,1783554021,16.0,5.395363,102.23217,0.0
DMU10(D6120),51,1783554021,1.0,5.268415,102.00954,0.0
EMU22,2904,1783554021,98.0,5.026542,100.557945,0.0
SCS17,weekday_2112,1783554020,3.0,3.083705,101.65717,0.0
SCS28,weekday_2014,1783554014,91.0,2.763203,101.80852,0.0
SCS22,weekday_2007,1783554017,0.0,3.213848,101.672134,0.0
SCS20,weekday_2008,1783554017,22.0,3.01462,101.722984,0.0
SCS13,weekday_2002,1783554013,39.0,3.216717,101.672195,0.0
EMU40,2902,1783554014,0.0,5.37786,100.39174,0.0
SCS32,2944,1783553999,90.0,6.188382,100.371475,0.0
SCS26,weekday_2012,1783554011,78.0,2.854498,101.82197,0.0
EMU29,2905,1783554009,119.0,5.081962,100.499084,0.0
SCS37,2947,1783554024,115.0,5.629185,100.491974,0.0
SCS23,weekday_2102,1783554023,34.0,3.310647,101.574905,0.0
SCS29,2948,1783554100,97.0,5.368645,100.4108,0.0
SCS28,weekday_2014,1783554059,100.0,2.773002,101.803314,0.0
EMU40,2902,1783554044,0.0,5.37786,100.39174,0.0
SCS32,2944,1783554044,117.0,6.200795,100.367645,0.0
EMU29,2905,1783554054,118.0,5.069445,100.5057,0.0
DMU10(D6120),51,1783554051,26.0,5.26704,102.009636,0.0
SCS23,weekday_2102,1783554038,36.0,3.312172,101.57489,0.0
EMU22,2904,1783554051,97.0,5.022238,100.551575,0.0
SCS37,2947,1783554054,115.0,5.620707,100.49548,0.0
SCS11,weekday_2004,1783554052,18.0,3.144028,101.693375,0.0
DMU03,52,1783554051,31.0,5.397705,102.232185,0.0
SCS17,weekday_2112,1783554050,23.0,3.084385,101.65901,0.0
SCS20,weekday_2008,1783554096,10.0,3.017615,101.719734,0.0
EMU33,2951,1783554044,121.0,6.631288,100.273056,0.0
SCS22,weekday_2007,1783554107,43.0,3.205827,101.674736,0.0
EMU39,2945,1783554102,92.0,5.364948,100.43682,0.0
SCS26,weekday_2012,1783554101,47.0,2.866933,101.81942,0.0
SCS37,2947,1783554144,115.0,5.59417,100.493,0.0
SCS20,weekday_2008,1783554136,13.0,3.018797,101.7185,0.0
SCS23,weekday_2102,1783554143,0.0,3.320282,101.574554,0.0
EMU22,2904,1783554141,75.0,5.022265,100.53156,0.0
DMU10(D6120),51,1783554141,51.0,5.25534,102.01031,0.0
EMU33,2951,1783554119,122.0,6.611142,100.26391,0.0
EMU40,2902,1783554119,62.0,5.379568,100.38848,0.0
SCS11,weekday_2004,1783554097,28.0,3.146578,101.6912,0.0
SCS26,weekday_2012,1783554116,66.0,2.869197,101.81877,0.0
SCS17,weekday_2112,1783554125,22.0,3.086357,101.664276,0.0
EMU39,2945,1783554147,80.0,5.362638,100.42629,0.0
SCS29,2948,1783554145,43.0,5.365373,100.41926,0.0
EMU29,2905,1783554144,115.0,5.044515,100.518906,0.0
SCS22,weekday_2007,1783554137,5.0,3.204393,101.67602,0.0
EMU29,2905,1783554234,0.0,5.028698,100.52728,0.0
SCS37,2947,1783554234,114.0,5.56717,100.4973,0.0
SCS23,weekday_2102,1783554233,43.0,3.324945,101.57131,0.0
SCS11,weekday_2004,1783554232,28.0,3.155518,101.69362,0.0
EMU22,2904,1783554231,0.0,5.028683,100.52721,0.0
DMU03,52,1783554231,40.0,5.412967,102.23572,0.0
DMU10(D6120),51,1783554231,0.0,5.248733,102.00971,0.0
SCS17,weekday_2112,1783554230,23.0,3.087522,101.66772,0.0
SCS22,weekday_2007,1783554212,52.0,3.203295,101.67698,0.0
SCS32,2944,1783554209,112.0,6.249275,100.357765,0.0
EMU40,2902,1783554209,33.0,5.38696,100.37422,0.0
EMU39,2945,1783554192,4.0,5.364555,100.42124,0.0
SCS26,weekday_2012,1783554191,52.0,2.879435,101.81469,0.0
SCS29,2948,1783554205,0.0,5.364762,100.42083,0.0
EMU39,2945,1783554267,22.0,5.364712,100.42089,0.0
SCS29,2948,1783554265,25.0,5.363267,100.42471,0.0
SCS37,2947,1783554264,114.0,5.558303,100.49878,0.0
SCS22,weekday_2007,1783554272,12.0,3.198047,101.68142,0.0
EMU29,2905,1783554264,5.0,5.02866,100.527306,0.0
SCS23,weekday_2102,1783554263,57.0,3.328557,101.569046,0.0
SCS11,weekday_2004,1783554262,59.0,3.159255,101.6929,0.0
DMU10(D6120),51,1783554261,0.0,5.248733,102.00971,0.0
DMU03,52,1783554261,36.0,5.415333,102.23819,0.0
EMU40,2902,1783554239,3.0,5.38778,100.37276,0.0
SCS32,2944,1783554254,115.0,6.262592,100.35504,0.0
EMU22,2904,1783554261,52.0,5.030485,100.52629,0.0
SCS28,weekday_2014,1783554254,0.0,2.801817,101.799255,0.0
SCS20,weekday_2008,1783554236,14.0,3.023507,101.71584,0.0
SCS26,weekday_2012,1783554251,44.0,2.88506,101.80614,0.0
SCS17,weekday_2112,1783554260,36.0,3.088558,101.66935,0.0
SCS28,weekday_2014,1783554284,0.0,2.801817,101.799255,0.0
SCS17,weekday_2112,1783554305,38.0,3.095313,101.66995,0.0
EMU33,2951,1783554284,118.0,6.56003,100.25942,0.0
EMU40,2902,1783554284,23.0,5.388755,100.371765,0.0
EMU29,2905,1783554279,37.0,5.02784,100.52773,0.0
DMU03,52,1783554336,17.0,5.422052,102.238686,0.0
DMU10(D6120),51,1783554336,45.0,5.245028,102.00909,0.0
EMU22,2904,1783554336,100.0,5.04597,100.51806,0.0
SCS22,weekday_2007,1783554332,52.0,3.196545,101.68274,0.0
SCS23,weekday_2102,1783554278,77.0,3.331227,101.56926,0.0
SCS26,weekday_2012,1783554296,53.0,2.885772,101.80195,0.0
SCS29,2948,1783554310,92.0,5.36245,100.431,0.0
SCS11,weekday_2004,1783554277,63.0,3.161692,101.69207,0.0
SCS37,2947,1783554309,114.0,5.544997,100.501236,0.0
SCS20,weekday_2008,1783554276,0.0,3.023825,101.71559,0.0
SCS22,weekday_2007,1783554362,39.0,3.193227,101.68552,0.0
SCS37,2947,1783554339,114.0,5.536327,100.50368,0.0
DMU10(D6120),51,1783554336,45.0,5.245028,102.00909,0.0
SCS29,2948,1783554385,34.0,5.366503,100.446594,0.0
SCS20,weekday_2008,1783554336,18.0,3.026552,101.71419,0.0
EMU33,2951,1783554374,97.0,6.5335,100.25856,0.0
SCS28,weekday_2014,1783554374,77.0,2.806423,101.8035,0.0
SCS26,weekday_2012,1783554371,69.0,2.894532,101.79084,0.0
SCS11,weekday_2004,1783554367,20.0,3.166357,101.68996,0.0
DMU03,52,1783554366,32.0,5.42421,102.23809,0.0
SCS22,weekday_2007,1783554452,37.0,3.183543,101.689125,0.0
SCS29,2948,1783554445,0.0,5.366453,100.44723,0.0
EMU29,2905,1783554444,120.0,5.031657,100.56544,0.0
EMU22,2904,1783554456,100.0,5.073823,100.50332,0.0
DMU10(D6120),51,1783554456,7.0,5.23095,102.01033,0.0
SCS17,weekday_2112,1783554455,49.0,3.112295,101.673645,0.0
SCS37,2947,1783554444,114.0,5.505698,100.5043,0.0
SCS23,weekday_2102,1783554443,70.0,3.363053,101.57968,0.0
SCS28,weekday_2014,1783554404,78.0,2.811228,101.80803,0.0
DMU03,52,1783554441,56.0,5.434828,102.236305,0.0
EMU39,2945,1783554417,90.0,5.379207,100.389145,0.0
SCS20,weekday_2008,1783554416,89.0,3.03325,101.70857,0.0
SCS26,weekday_2012,1783554416,54.0,2.899363,101.78479,0.0
SCS32,2944,1783554404,114.0,6.306867,100.34598,0.0
SCS11,weekday_2004,1783554427,24.0,3.168447,101.68646,0.0
EMU40,2902,1783554419,0.0,5.393178,100.36649,0.0
EMU33,2951,1783554419,35.0,6.524972,100.25711,0.0
SCS28,weekday_2014,1783554464,77.0,2.818373,101.81686,0.0
SCS17,weekday_2112,1783554470,18.0,3.113722,101.67306,0.0
SCS11,weekday_2004,1783554457,18.0,3.170172,101.68531,0.0
DMU03,52,1783554456,54.0,5.437082,102.23585,0.0
SCS26,weekday_2012,1783554476,0.0,2.904838,101.78691,0.0
SCS29,2948,1783554475,0.0,5.366453,100.44723,0.0
EMU39,2945,1783554462,72.0,5.384035,100.38005,0.0
EMU29,2905,1783554459,117.0,5.034273,100.56933,0.0
SCS20,weekday_2008,1783554476,86.0,3.04684,101.70684,0.0
SCS23,weekday_2102,1783554458,76.0,3.36258,101.58256,0.0
SCS22,weekday_2007,1783554497,0.0,3.181562,101.68852,0.0
EMU33,2951,1783554479,36.0,6.522847,100.25677,0.0
SCS32,2944,1783554509,114.0,6.33385,100.330376,0.0
SCS17,weekday_2112,1783554560,36.0,3.118802,101.67326,0.0
SCS32,2944,1783554539,114.0,6.341087,100.32497,0.0
SCS23,weekday_2102,1783554548,25.0,3.363822,101.59114,0.0
DMU10(D6120),51,1783554531,24.0,5.229538,102.010414,0.0
EMU22,2904,1783554531,99.0,5.091442,100.49432,0.0
SCS22,weekday_2007,1783554587,29.0,3.177858,101.68674,0.0
EMU33,2951,1783554582,113.0,6.496955,100.253426,0.0
SCS20,weekday_2008,1783554580,68.0,3.071522,101.70879,0.0
EMU39,2945,1783554567,0.0,5.387802,100.37274,0.0
SCS29,2948,1783554565,45.0,5.363823,100.458244,0.0
EMU29,2905,1783554564,119.0,5.04462,100.59886,0.0
SCS37,2947,1783554564,0.0,5.48283,100.498184,0.0
DMU03,52,1783554561,52.0,5.45221,102.23058,0.0
SCS26,weekday_2012,1783554551,0.0,2.904838,101.78691,0.0
SCS22,weekday_2007,1783554587,29.0,3.177858,101.68674,0.0
SCS28,weekday_2014,1783554629,0.0,2.8299,101.826706,0.0
SCS11,weekday_2004,1783554629,25.0,3.181387,101.68842,0.0
SCS20,weekday_2008,1783554600,52.0,3.074682,101.70987,0.0
EMU39,2945,1783554597,17.0,5.388745,100.371796,0.0
EMU33,2951,1783554612,114.0,6.487837,100.25354,0.0
SCS29,2948,1783554625,42.0,5.358368,100.462814,0.0
SCS32,2944,1783554599,112.0,6.355558,100.31416,0.0
SCS26,weekday_2012,1783554611,19.0,2.905432,101.787506,0.0
SCS26,weekday_2012,1783554701,25.0,2.906983,101.79268,0.0
SCS29,2948,1783554700,87.0,5.363663,100.4673,0.0
SCS20,weekday_2008,1783554700,43.0,3.077478,101.71257,0.0
EMU29,2905,1783554684,120.0,5.041883,100.63574,0.0
SCS37,2947,1783554684,115.0,5.460285,100.495285,0.0
SCS17,weekday_2112,1783554695,27.0,3.12046,101.67426,0.0
EMU22,2904,1783554672,70.0,5.125195,100.48727,0.0
SCS23,weekday_2102,1783554683,27.0,3.366702,101.60092,0.0
DMU03,52,1783554681,20.0,5.466788,102.22488,0.0
DMU10(D6120),51,1783554681,0.0,5.213995,102.01247,0.0
EMU39,2945,1783554672,20.0,5.392142,100.36808,0.0
SCS26,weekday_2012,1783554746,77.0,2.912513,101.79589,0.0
SCS23,weekday_2102,1783554728,19.0,3.367688,101.60392,0.0
SCS29,2948,1783554745,118.0,5.376368,100.468895,0.0
DMU10(D6120),51,1783554726,0.0,5.213995,102.01247,0.0
EMU33,2951,1783554747,111.0,6.448547,100.26261,0.0
SCS17,weekday_2112,1783554725,31.0,3.122598,101.67627,0.0
SCS37,2947,1783554729,114.0,5.447188,100.49184,0.0
EMU29,2905,1783554728,120.0,5.041608,100.6497,0.0
EMU22,2904,1783554747,0.0,5.130758,100.486115,0.0
SCS11,weekday_2004,1783554794,22.0,3.183095,101.68898,0.0
SCS28,weekday_2014,1783554794,21.0,2.834667,101.82758,0.0
SCS22,weekday_2007,1783554793,19.0,3.16693,101.68938,0.0
EMU33,2951,1783554792,88.0,6.437098,100.26656,0.0
SCS26,weekday_2012,1783554791,78.0,2.921658,101.79615,0.0
SCS29,2948,1783554790,114.0,5.389798,100.4706,0.0
EMU22,2904,1783554792,65.0,5.133807,100.48548,0.0
SCS37,2947,1783554759,115.0,5.43849,100.48954,0.0
SCS23,weekday_2102,1783554758,25.0,3.368353,101.60567,0.0
EMU29,2905,1783554758,118.0,5.039405,100.65836,0.0
DMU10(D6120),51,1783554801,43.0,5.20862,102.012535,0.0
DMU03,52,1783554801,24.0,5.473037,102.22184,0.0
SCS20,weekday_2008,1783554780,54.0,3.08574,101.71365,0.0
DMU03,52,1783554831,38.0,5.476112,102.22032,0.0
SCS37,2947,1783554879,117.0,5.406395,100.4731,0.0
DMU10(D6120),51,1783554876,52.0,5.197503,102.01433,0.0
EMU22,2904,1783554867,99.0,5.152055,100.481285,0.0
SCS26,weekday_2012,1783554866,80.0,2.935897,101.79286,0.0
SCS29,2948,1783554865,114.0,5.411723,100.47494,0.0
SCS32,2944,1783554839,115.0,6.393323,100.28594,0.0
SCS23,weekday_2102,1783554878,17.0,3.374315,101.612656,0.0
EMU29,2905,1783554818,121.0,5.039288,100.67751,0.0
SCS11,weekday_2004,1783554869,55.0,3.191093,101.68739,0.0
EMU33,2951,1783554867,0.0,6.431893,100.26827,0.0
SCS28,weekday_2014,1783554839,69.0,2.839207,101.82818,0.0
SCS22,weekday_2007,1783554838,0.0,3.165375,101.6911,0.0
SCS29,2948,1783554895,116.0,5.419935,100.478676,0.0
SCS37,2947,1783554909,117.0,5.397257,100.47156,0.0
EMU29,2905,1783554893,118.0,5.037093,100.70084,0.0
SCS32,2944,1783554929,114.0,6.417022,100.273476,0.0
SCS23,weekday_2102,1783554923,5.0,3.376388,101.614815,0.0
SCS28,weekday_2014,1783554914,83.0,2.8533,101.82225,0.0
SCS20,weekday_2008,1783554900,12.0,3.093175,101.71017,0.0
SCS22,weekday_2007,1783554898,21.0,3.164477,101.69164,0.0
EMU33,2951,1783554897,55.0,6.429675,100.26912,0.0
SCS26,weekday_2012,1783554896,36.0,2.939158,101.78857,0.0
SCS11,weekday_2004,1783554884,69.0,3.19303,101.685715,0.0
SCS17,weekday_2112,1783554914,0.0,3.13141,101.68335,0.0
EMU22,2904,1783554912,69.0,5.162777,100.47976,0.0
SCS11,weekday_2004,1783554959,0.0,3.198738,101.68079,0.0
DMU10(D6120),51,1783554996,47.0,5.183357,102.01129,0.0
SCS17,weekday_2112,1783554989,0.0,3.131922,101.68327,0.0
SCS32,2944,1783554989,45.0,6.43054,100.26884,0.0
EMU33,2951,1783554987,97.0,6.408707,100.27634,0.0
SCS37,2947,1783554939,114.0,5.38834,100.47043,0.0
DMU03,52,1783554936,65.0,5.491213,102.21649,0.0
SCS23,weekday_2102,1783554983,26.0,3.377767,101.61612,0.0
SCS20,weekday_2008,1783554980,28.0,3.09732,101.706604,0.0
EMU22,2904,1783554972,0.0,5.169708,100.47961,0.0
SCS29,2948,1783554970,113.0,5.439502,100.48972,0.0
EMU29,2905,1783554968,121.0,5.025148,100.72022,0.0
DMU03,52,1783555056,66.0,5.511772,102.20959,0.0
SCS37,2947,1783555014,92.0,5.366547,100.46769,0.0
SCS23,weekday_2102,1783555013,23.0,3.379382,101.61774,0.0
DMU10(D6120),51,1783555056,26.0,5.176953,102.009346,0.0
EMU29,2905,1783555013,118.0,5.015047,100.72965,0.0
SCS32,2944,1783555049,0.0,6.432658,100.26807,0.0
SCS22,weekday_2007,1783555003,2.0,3.153913,101.69254,0.0
SCS28,weekday_2014,1783555049,55.0,2.873898,101.817245,0.0
EMU33,2951,1783555047,102.0,6.395337,100.284485,0.0
EMU22,2904,1783555047,84.0,5.17539,100.479515,0.0
SCS26,weekday_2012,1783555046,89.0,2.953167,101.79093,0.0
SCS29,2948,1783555045,114.0,5.461297,100.49548,0.0
SCS28,weekday_2014,1783555079,51.0,2.87788,101.81578,0.0
SCS37,2947,1783555104,47.0,5.357927,100.46307,0.0
SCS23,weekday_2102,1783555103,21.0,3.383892,101.62225,0.0
EMU29,2905,1783555103,118.0,4.98906,100.73403,0.0
SCS17,weekday_2112,1783555094,0.0,3.131922,101.68327,0.0
EMU22,2904,1783555077,98.0,5.182892,100.47937,0.0
DMU10(D6120),51,1783555101,6.0,5.17418,102.009735,0.0
DMU03,52,1783555101,67.0,5.519832,102.20777,0.0
SCS22,weekday_2007,1783555093,36.0,3.152643,101.69157,0.0
EMU33,2951,1783555122,100.0,6.378883,100.29678,0.0
SCS29,2948,1783555120,41.0,5.480448,100.49746,0.0
SCS32,2944,1783555094,70.0,6.436462,100.26674,0.0
SCS11,weekday_2004,1783555079,6.0,3.205398,101.67519,0.0
EMU33,2951,1783555137,85.0,6.375925,100.298996,0.0
SCS26,weekday_2012,1783555166,17.0,2.963508,101.79167,0.0
SCS32,2944,1783555139,117.0,6.447832,100.26283,0.0
SCS37,2947,1783555119,47.0,5.359508,100.46191,0.0
EMU29,2905,1783555118,118.0,4.984473,100.73343,0.0
SCS23,weekday_2102,1783555118,18.0,3.384545,101.6229,0.0
SCS28,weekday_2014,1783555169,37.0,2.885153,101.80492,0.0
SCS11,weekday_2004,1783555169,0.0,3.215052,101.67226,0.0
SCS22,weekday_2007,1783555168,20.0,3.145403,101.69215,0.0
EMU22,2904,1783555167,97.0,5.204657,100.48708,0.0
SCS29,2948,1783555165,0.0,5.481725,100.4978,0.0
SCS20,weekday_2008,1783555146,38.0,3.102925,101.699455,0.0
DMU03,52,1783555146,24.0,5.5255,102.2051,0.0
DMU10(D6120),51,1783555146,0.0,5.17393,102.00984,0.0
SCS17,weekday_2112,1783555139,0.0,3.131922,101.68327,0.0
SCS37,2947,1783555179,84.0,5.365417,100.45369,0.0
DMU03,52,1783555176,11.0,5.526963,102.20447,0.0
SCS28,weekday_2014,1783555214,80.0,2.888797,101.7982,0.0
SCS17,weekday_2112,1783555229,0.0,3.131922,101.68327,0.0
SCS11,weekday_2004,1783555229,75.0,3.219942,101.67245,0.0
EMU22,2904,1783555227,98.0,5.219377,100.49158,0.0
EMU33,2951,1783555227,11.0,6.370798,100.3028,0.0
SCS26,weekday_2012,1783555226,67.0,2.971562,101.79035,0.0
SCS20,weekday_2008,1783555226,71.0,3.112335,101.68736,0.0
SCS32,2944,1783555214,114.0,6.469328,100.25544,0.0
EMU29,2905,1783555193,121.0,4.961378,100.72637,0.0
DMU10(D6120),51,1783555191,10.0,5.173715,102.00997,0.0
SCS29,2948,1783555225,101.0,5.489287,100.49985,0.0
SCS22,weekday_2007,1783555183,21.0,3.144592,101.69284,0.0
SCS22,weekday_2007,1783555288,0.0,3.139247,101.693565,0.0
EMU33,2951,1783555287,104.0,6.36169,100.30964,0.0
SCS20,weekday_2008,1783555286,0.0,3.113887,101.681,0.0
SCS37,2947,1783555254,0.0,5.366142,100.44854,0.0
SCS23,weekday_2102,1783555253,26.0,3.39272,101.62788,0.0
DMU10(D6120),51,1783555251,47.0,5.170725,102.01555,0.0
DMU03,52,1783555251,5.0,5.530157,102.202934,0.0
EMU29,2905,1783555247,121.0,4.945408,100.72211,0.0
SCS26,weekday_2012,1783555241,55.0,2.974128,101.790375,0.0
SCS11,weekday_2004,1783555259,88.0,3.22681,101.672714,0.0
SCS17,weekday_2112,1783555259,0.0,3.131922,101.68327,0.0
SCS32,2944,1783555259,114.0,6.482652,100.25364,0.0
SCS28,weekday_2014,1783555259,73.0,2.894478,101.79086,0.0
SCS11,weekday_2004,1783555334,0.0,3.234188,101.679214,0.0
SCS17,weekday_2112,1783555334,18.0,3.137613,101.69248,0.0
SCS22,weekday_2007,1783555333,0.0,3.139247,101.693565,0.0
EMU29,2905,1783555367,114.0,4.909023,100.717995,0.0
SCS20,weekday_2008,1783555366,19.0,3.114498,101.680405,0.0
SCS23,weekday_2102,1783555358,26.0,3.400518,101.627914,0.0
SCS37,2947,1783555344,95.0,5.364335,100.43558,0.0
DMU03,52,1783555341,0.0,5.53023,102.20308,0.0
DMU10(D6120),51,1783555341,48.0,5.172823,102.02522,0.0
EMU33,2951,1783555341,112.0,6.349315,100.31887,0.0
SCS32,2944,1783555334,114.0,6.505192,100.25372,0.0
SCS28,weekday_2014,1783555334,29.0,2.902915,101.78575,0.0
EMU29,2905,1783555412,65.0,4.897783,100.719215,0.0
SCS11,weekday_2004,1783555409,0.0,3.238313,101.681175,0.0
SCS28,weekday_2014,1783555409,0.0,2.903783,101.78619,0.0
SCS22,weekday_2007,1783555408,14.0,3.136555,101.69035,0.0
SCS20,weekday_2008,1783555406,12.0,3.11734,101.67919,0.0
SCS26,weekday_2012,1783555404,0.0,2.983255,101.790474,0.0
SCS23,weekday_2102,1783555403,25.0,3.403783,101.62786,0.0
EMU33,2951,1783555401,116.0,6.334812,100.32968,0.0
DMU10(D6120),51,1783555401,38.0,5.172645,102.03309,0.0
SCS17,weekday_2112,1783555394,0.0,3.139978,101.693794,0.0
SCS32,2944,1783555394,71.0,6.520172,100.25627,0.0
DMU03,52,1783555401,3.0,5.530347,102.20295,0.0
SCS29,2948,1783555375,114.0,5.532537,100.50474,0.0
EMU22,2904,1783555377,98.0,5.257452,100.48309,0.0
SCS26,weekday_2012,1783555434,0.0,2.983373,101.79045,0.0
SCS23,weekday_2102,1783555433,24.0,3.406065,101.62807,0.0
SCS37,2947,1783555464,0.0,5.36434,100.42186,0.0
EMU33,2951,1783555431,114.0,6.327377,100.33523,0.0
DMU10(D6120),51,1783555431,30.0,5.171308,102.03557,0.0
DMU03,52,1783555431,9.0,5.531135,102.20254,0.0
SCS22,weekday_2007,1783555483,0.0,3.134838,101.687614,0.0
EMU22,2904,1783555482,70.0,5.281863,100.47908,0.0
SCS11,weekday_2004,1783555469,0.0,3.238313,101.681175,0.0
SCS28,weekday_2014,1783555469,7.0,2.903905,101.78623,0.0
SCS29,2948,1783555465,114.0,5.55881,100.49864,0.0
EMU29,2905,1783555472,0.0,4.89621,100.71939,0.0
DMU03,52,1783555476,0.0,5.532265,102.201965,0.0
SCS20,weekday_2008,1783555526,17.0,3.12134,101.67841,0.0
SCS26,weekday_2012,1783555524,34.0,2.988765,101.789925,0.0
SCS11,weekday_2004,1783555514,0.0,3.238313,101.681175,0.0
SCS28,weekday_2014,1783555514,18.0,2.906092,101.788506,0.0
DMU10(D6120),51,1783555476,34.0,5.167822,102.03729,0.0
EMU29,2905,1783555547,57.0,4.894043,100.71962,0.0
SCS17,weekday_2112,1783555499,17.0,3.141987,101.69397,0.0
SCS37,2947,1783555524,96.0,5.366748,100.41568,0.0
SCS32,2944,1783555514,85.0,6.529827,100.25792,0.0
SCS23,weekday_2102,1783555478,20.0,3.409453,101.62766,0.0
EMU33,2951,1783555476,113.0,6.316202,100.34345,0.0
EMU22,2904,1783555572,2.0,5.286363,100.480896,0.0
DMU03,52,1783555551,2.0,5.531947,102.2021,0.0
EMU33,2951,1783555551,116.0,6.294455,100.34853,0.0
SCS29,2948,1783555570,116.0,5.589918,100.493576,0.0
SCS20,weekday_2008,1783555546,15.0,3.122373,101.678215,0.0
SCS26,weekday_2012,1783555539,45.0,2.98992,101.78861,0.0
DMU10(D6120),51,1783555551,50.0,5.158748,102.03978,0.0
SCS22,weekday_2007,1783555573,0.0,3.134838,101.687614,0.0
EMU29,2905,1783555592,105.0,4.884057,100.72071,0.0
SCS28,weekday_2014,1783555559,34.0,2.906787,101.791725,0.0
SCS11,weekday_2004,1783555559,0.0,3.238313,101.681175,0.0
SCS17,weekday_2112,1783555544,14.0,3.14476,101.69264,0.0
SCS37,2947,1783555554,99.0,5.369613,100.40825,0.0
SCS23,weekday_2102,1783555553,22.0,3.413947,101.62689,0.0
SCS32,2944,1783555559,117.0,6.542362,100.26,0.0
SCS22,weekday_2007,1783555618,0.0,3.134838,101.687614,0.0
SCS23,weekday_2102,1783555643,27.0,3.420723,101.62472,0.0
DMU03,52,1783555641,3.0,5.530147,102.20305,0.0
SCS32,2944,1783555634,114.0,6.565072,100.259186,0.0
EMU29,2905,1783555667,95.0,4.865197,100.72881,0.0
SCS27,weekday_2103,1783555630,0.0,3.084587,101.589264,0.0
SCS29,2948,1783555630,114.0,5.607682,100.495445,0.0
SCS25,weekday_2115,1783555606,72.0,3.179132,101.67746,0.0
DMU10(D6120),51,1783555596,32.0,5.154102,102.04302,0.0
EMU33,2951,1783555596,117.0,6.281105,100.351265,0.0
SCS17,weekday_2112,1783555619,60.0,3.151038,101.69073,0.0
SCS28,weekday_2014,1783555619,77.0,2.91602,101.7968,0.0
SCS11,weekday_2004,1783555619,0.0,3.238313,101.681175,0.0
SCS20,weekday_2008,1783555606,21.0,3.126108,101.678665,0.0
SCS17,weekday_2112,1783555664,0.0,3.154735,101.693054,0.0
SCS22,weekday_2007,1783555663,0.0,3.134838,101.687614,0.0
DMU03,52,1783555716,0.0,5.530135,102.20305,0.0
SCS26,weekday_2012,1783555674,83.0,2.991172,101.76381,0.0
SCS37,2947,1783555674,80.0,5.383217,100.38158,0.0
SCS23,weekday_2102,1783555673,26.0,3.42266,101.62509,0.0
EMU29,2905,1783555697,77.0,4.86004,100.73367,0.0
EMU22,2904,1783555670,99.0,5.301783,100.47959,0.0
SCS38,weekday_2111,1783555664,0.0,3.139012,101.693565,0.0
SCS11,weekday_2004,1783555664,0.0,3.238313,101.681175,0.0
SCS28,weekday_2014,1783555664,77.0,2.92496,101.79495,0.0
SCS32,2944,1783555664,114.0,6.57397,100.25987,0.0
SCS27,weekday_2103,1783555660,0.0,3.084587,101.589264,0.0
SCS08,weekday_2119,1783555708,101.0,3.303922,101.575005,0.0
SCS20,weekday_2008,1783555706,7.0,3.131038,101.682434,0.0
SCS29,2948,1783555705,93.0,5.628865,100.49205,0.0
EMU33,2951,1783555701,108.0,6.249957,100.35762,0.0
DMU10(D6120),51,1783555701,25.0,5.150678,102.04417,0.0
SCS28,weekday_2014,1783555754,21.0,2.938885,101.78883,0.0
SCS38,weekday_2111,1783555754,0.0,3.139093,101.6936,0.0
SCS32,2944,1783555754,116.0,6.600845,100.2632,0.0
SCS22,weekday_2007,1783555753,0.0,3.134838,101.687614,0.0
DMU10(D6120),51,1783555746,6.0,5.148252,102.04456,0.0
SCS29,2948,1783555735,102.0,5.636228,100.48923,0.0
SCS27,weekday_2103,1783555735,0.0,3.084587,101.589264,0.0
SCS37,2947,1783555734,22.0,5.386615,100.374985,0.0
SCS26,weekday_2012,1783555734,91.0,2.992017,101.75004,0.0
EMU33,2951,1783555770,109.0,6.229728,100.36174,0.0
DMU03,52,1783555761,0.0,5.530135,102.20305,0.0
EMU22,2904,1783555760,100.0,5.322972,100.470345,0.0
SCS17,weekday_2112,1783555754,60.0,3.16169,101.69206,0.0
SCS11,weekday_2004,1783555754,0.0,3.238313,101.681175,0.0
SCS08,weekday_2119,1783555728,92.0,3.298882,101.57485,0.0
SCS23,weekday_2102,1783555733,28.0,3.426238,101.62748,0.0
EMU29,2905,1783555787,0.0,4.853208,100.73235,0.0
SCS20,weekday_2008,1783555786,8.0,3.132088,101.683044,0.0
DMU03,52,1783555806,0.0,5.530135,102.20305,0.0
DMU10(D6120),51,1783555806,23.0,5.144877,102.04503,0.0
SCS25,weekday_2115,1783555801,46.0,3.169478,101.685616,0.0
EMU29,2905,1783555832,55.0,4.851702,100.731026,0.0
EMU33,2951,1783555830,110.0,6.212982,100.36516,0.0
SCS27,weekday_2103,1783555825,0.0,3.084587,101.589264,0.0
EMU22,2904,1783555820,90.0,5.33804,100.46998,0.0
SCS08,weekday_2119,1783555808,86.0,3.282212,101.56658,0.0
SCS20,weekday_2008,1783555806,0.0,3.132117,101.68306,0.0
SCS26,weekday_2012,1783555809,69.0,3.000855,101.73619,0.0
SCS37,2947,1783555809,25.0,5.388427,100.3721,0.0
SCS23,weekday_2102,1783555808,25.0,3.430947,101.631195,0.0
SCS27,weekday_2103,1783555855,0.0,3.084587,101.589264,0.0
SCS29,2948,1783555855,67.0,5.645592,100.49048,0.0
EMU29,2905,1783555892,110.0,4.837718,100.72789,0.0
SCS11,weekday_2004,1783555844,0.0,3.238313,101.681175,0.0
EMU33,2951,1783555890,107.0,6.196078,100.36861,0.0
SCS08,weekday_2119,1783555888,87.0,3.266245,101.55898,0.0
SCS25,weekday_2115,1783555909,0.0,3.165155,101.69113,0.0
SCS20,weekday_2008,1783555886,0.0,3.132117,101.68306,0.0
SCS17,weekday_2112,1783555889,16.0,3.16625,101.69005,0.0
DMU10(D6120),51,1783555866,0.0,5.14376,102.04546,0.0
SCS26,weekday_2012,1783555854,22.0,3.003738,101.73292,0.0
SCS37,2947,1783555854,24.0,5.39098,100.369705,0.0
SCS23,weekday_2102,1783555853,26.0,3.433447,101.63319,0.0
SCS32,2944,1783555889,114.0,6.63554,100.27878,0.0
SCS38,weekday_2111,1783555889,0.0,3.139193,101.69362,0.0
SCS28,weekday_2014,1783555859,32.0,2.939513,101.787926,0.0
DMU03,52,1783555851,0.0,5.530135,102.20305,0.0
EMU22,2904,1783555865,93.0,5.349057,100.467766,0.0
SCS22,weekday_2007,1783555858,0.0,3.134838,101.687614,0.0
SCS27,weekday_2103,1783555960,0.0,3.084587,101.589264,0.0
SCS29,2948,1783555960,112.0,5.6746,100.49543,0.0
SCS38,weekday_2111,1783555949,0.0,3.139193,101.69362,0.0
SCS08,weekday_2119,1783555948,4.0,3.261403,101.55615,0.0
DMU10(D6120),51,1783555941,22.0,5.14094,102.046844,0.0
EMU22,2904,1783555940,76.0,5.364205,100.457596,0.0
SCS37,2947,1783555944,0.0,5.392387,100.36758,0.0
SCS26,weekday_2012,1783555929,22.0,3.005547,101.7279,0.0
SCS23,weekday_2102,1783555928,17.0,3.437955,101.63657,0.0
EMU29,2905,1783555952,120.0,4.82317,100.738365,0.0
EMU33,2951,1783555935,66.0,6.185942,100.37311,0.0
SCS25,weekday_2115,1783555969,50.0,3.160728,101.69234,0.0
SCS22,weekday_2007,1783555963,23.0,3.130197,101.6818,0.0
SCS10,weekday_2010,1783555962,2.0,3.09859,101.704994,0.0
SCS20,weekday_2008,1783555946,0.0,3.132117,101.68306,0.0
SCS32,2944,1783555949,101.0,6.645895,100.29269,0.0
SCS17,weekday_2112,1783555949,70.0,3.17247,101.6843,0.0
SCS28,weekday_2014,1783555949,89.0,2.957797,101.792816,0.0
SCS11,weekday_2004,1783555949,0.0,3.238313,101.681175,0.0
DMU03,52,1783555926,0.0,5.530135,102.20305,0.0
SCS20,weekday_2008,1783555986,0.0,3.132117,101.68306,0.0
EMU29,2905,1783555998,0.0,4.809088,100.74175,0.0
SCS38,weekday_2111,1783555994,0.0,3.139193,101.69362,0.0
SCS17,weekday_2112,1783555994,80.0,3.178705,101.67781,0.0
SCS32,2944,1783555994,78.0,6.650553,100.30279,0.0
EMU22,2904,1783555955,73.0,5.365267,100.45482,0.0
SCS27,weekday_2103,1783555975,0.0,3.084587,101.589264,0.0
DMU03,52,1783555956,0.0,5.530115,102.20303,0.0
SCS25,weekday_2115,1783556044,0.0,3.153858,101.6925,0.0
SCS08,weekday_2119,1783556028,0.0,3.257637,101.55477,0.0
EMU33,2951,1783556025,35.0,6.182402,100.375435,0.0
SCS22,weekday_2007,1783555993,20.0,3.12867,101.68041,0.0
SCS11,weekday_2004,1783555994,0.0,3.238313,101.681175,0.0
SCS28,weekday_2014,1783555994,0.0,2.96196,101.79211,0.0
SCS10,weekday_2010,1783555992,11.0,3.099242,101.704124,0.0
SCS29,2948,1783555990,114.0,5.682555,100.4992,0.0
SCS20,weekday_2008,1783556066,0.0,3.136185,101.69034,0.0
SCS29,2948,1783556065,114.0,5.702062,100.51018,0.0
SCS27,weekday_2103,1783556065,0.0,3.084587,101.589264,0.0
DMU03,52,1783556031,0.0,5.530112,102.20301,0.0
DMU10(D6120),51,1783556031,2.0,5.14003,102.04715,0.0
EMU22,2904,1783556030,0.0,5.366332,100.44768,0.0
EMU29,2905,1783556020,120.0,4.803125,100.7447,0.0
SCS26,weekday_2012,1783556019,62.0,3.01145,101.72478,0.0
SCS37,2947,1783556019,0.0,5.392387,100.36758,0.0
SCS08,weekday_2119,1783556028,0.0,3.257637,101.55477,0.0
SCS25,weekday_2115,1783556089,19.0,3.153418,101.692184,0.0
SCS22,weekday_2007,1783556083,29.0,3.124097,101.67809,0.0
SCS23,weekday_2102,1783556018,25.0,3.444388,101.63842,0.0
SCS17,weekday_2112,1783556054,69.0,3.1854,101.66553,0.0
SCS38,weekday_2111,1783556054,0.0,3.139193,101.69362,0.0
SCS32,2944,1783556054,71.0,6.656888,100.31207,0.0
EMU33,2951,1783556070,97.0,6.174287,100.37844,0.0
SCS10,weekday_2010,1783556067,19.0,3.101638,101.701096,0.0
SCS11,weekday_2004,1783556099,0.0,3.238313,101.681175,0.0
SCS22,weekday_2007,1783556098,43.0,3.122507,101.67814,0.0
SCS10,weekday_2010,1783556097,26.0,3.10301,101.699394,0.0
SCS27,weekday_2103,1783556095,0.0,3.084587,101.589264,0.0
SCS29,2948,1783556095,114.0,5.710787,100.512375,0.0
SCS38,weekday_2111,1783556084,0.0,3.139193,101.69362,0.0
SCS23,weekday_2102,1783556093,25.0,3.45015,101.63945,0.0
SCS17,weekday_2112,1783556084,0.0,3.186832,101.66362,0.0
SCS32,2944,1783556084,67.0,6.65995,100.31678,0.0
EMU29,2905,1783556080,119.0,4.790982,100.75883,0.0
DMU10(D6120),51,1783556076,7.0,5.14111,102.04672,0.0
EMU22,2904,1783556075,2.0,5.366328,100.4476,0.0
SCS25,weekday_2115,1783556119,47.0,3.150228,101.690605,0.0
SCS20,weekday_2008,1783556106,0.0,3.136203,101.69042,0.0
DMU03,52,1783556106,0.0,5.530112,102.20301,0.0
EMU33,2951,1783556100,115.0,6.16585,100.37902,0.0
SCS28,weekday_2014,1783556099,68.0,2.969682,101.790245,0.0
SCS08,weekday_2119,1783556088,32.0,3.256133,101.554634,0.0
SCS25,weekday_2115,1783556193,23.0,3.143345,101.69379,0.0
SCS27,weekday_2103,1783556200,0.0,3.084587,101.589264,0.0
DMU10(D6120),51,1783556196,0.0,5.143775,102.04551,0.0
SCS08,weekday_2119,1783556188,85.0,3.245508,101.559616,0.0
DMU03,52,1783556181,0.0,5.530103,102.20311,0.0
SCS10,weekday_2010,1783556202,64.0,3.112332,101.68731,0.0
SCS29,2948,1783556200,114.0,5.740755,100.50693,0.0
SCS17,weekday_2112,1783556159,77.0,3.189137,101.6604,0.0
SCS38,weekday_2111,1783556159,17.0,3.143308,101.69326,0.0
EMU22,2904,1783556180,79.0,5.36235,100.427505,0.0
SCS37,2947,1783556154,0.0,5.392387,100.36758,0.0
SCS23,weekday_2102,1783556153,24.0,3.45482,101.63974,0.0
SCS20,weekday_2008,1783556146,0.0,3.136203,101.69042,0.0
EMU33,2951,1783556190,115.0,6.138525,100.38058,0.0
EMU29,2905,1783556140,118.0,4.783568,100.775665,0.0
SCS26,weekday_2012,1783556139,23.0,3.020588,101.71737,0.0
SCS22,weekday_2007,1783556158,0.0,3.117983,101.67903,0.0
SCS20,weekday_2008,1783556206,16.0,3.137997,101.692955,0.0
SCS22,weekday_2007,1783556263,0.0,3.117983,101.67903,0.0
SCS29,2948,1783556245,114.0,5.753305,100.502,0.0
SCS17,weekday_2112,1783556219,0.0,3.192155,101.65457,0.0
EMU22,2904,1783556240,0.0,5.364597,100.42121,0.0
SCS10,weekday_2010,1783556262,0.0,3.11386,101.681015,0.0
DMU10(D6120),51,1783556256,0.0,5.143775,102.04551,0.0
DMU03,52,1783556256,0.0,5.530105,102.20302,0.0
SCS26,weekday_2012,1783556244,0.0,3.023855,101.71564,0.0
SCS37,2947,1783556244,0.0,5.392387,100.36758,0.0
SCS23,weekday_2102,1783556243,40.0,3.467482,101.63758,0.0
SCS25,weekday_2115,1783556238,11.0,3.14045,101.69408,0.0
SCS38,weekday_2111,1783556234,72.0,3.152865,101.69174,0.0
SCS08,weekday_2119,1783556228,116.0,3.235647,101.55981,0.0
SCS10,weekday_2010,1783556307,5.0,3.11405,101.68083,0.0
SCS27,weekday_2103,1783556305,8.0,3.08464,101.58878,0.0
EMU33,2951,1783556295,40.0,6.11463,100.370384,0.0
SCS28,weekday_2014,1783556295,0.0,2.982182,101.79049,0.0
SCS17,weekday_2112,1783556294,0.0,3.192155,101.65457,0.0
SCS38,weekday_2111,1783556294,67.0,3.162908,101.69196,0.0
SCS26,weekday_2012,1783556289,0.0,3.023855,101.71564,0.0
SCS37,2947,1783556289,0.0,5.392387,100.36758,0.0
SCS20,weekday_2008,1783556326,22.0,3.142012,101.69408,0.0
SCS25,weekday_2115,1783556325,10.0,3.138707,101.69345,0.0
SCS23,weekday_2102,1783556288,0.0,3.468988,101.637856,0.0
SCS08,weekday_2119,1783556288,119.0,3.218617,101.56681,0.0
DMU03,52,1783556316,0.0,5.530105,102.20302,0.0
DMU10(D6120),51,1783556331,0.0,5.143775,102.04551,0.0
EMU22,2904,1783556330,101.0,5.368878,100.41018,0.0
SCS22,weekday_2007,1783556323,0.0,3.117978,101.67908,0.0
SCS29,2948,1783556320,115.0,5.773777,100.492676,0.0
EMU29,2905,1783556320,115.0,4.776217,100.83022,0.0
SCS25,weekday_2115,1783556355,14.0,3.137577,101.69247,0.0
SCS08,weekday_2119,1783556328,78.0,3.210917,101.57365,0.0
SCS17,weekday_2112,1783556354,68.0,3.196277,101.64536,0.0
SCS38,weekday_2111,1783556354,14.0,3.167118,101.6889,0.0
SCS10,weekday_2010,1783556352,28.0,3.116392,101.6794,0.0
SCS20,weekday_2008,1783556386,23.0,3.145738,101.69184,0.0
SCS28,weekday_2014,1783556385,0.0,2.983118,101.790436,0.0
EMU33,2951,1783556385,23.0,6.112643,100.36956,0.0
SCS22,weekday_2007,1783556383,0.0,3.117978,101.67908,0.0
SCS29,2948,1783556365,115.0,5.786192,100.48735,0.0
SCS26,weekday_2012,1783556364,0.0,3.023855,101.71564,0.0
SCS37,2947,1783556364,0.0,5.392387,100.36758,0.0
DMU10(D6120),51,1783556361,0.0,5.143833,102.04543,0.0
DMU03,52,1783556361,0.0,5.530105,102.20302,0.0
EMU29,2905,1783556380,92.0,4.779398,100.847466,0.0
SCS23,weekday_2102,1783556363,117.0,3.483983,101.63915,0.0
EMU33,2951,1783556430,92.0,6.105187,100.36659,0.0
SCS17,weekday_2112,1783556429,39.0,3.201698,101.63817,0.0
SCS10,weekday_2010,1783556427,0.0,3.119063,101.67876,0.0
SCS08,weekday_2119,1783556428,0.0,3.20592,101.58107,0.0
SCS22,weekday_2007,1783556428,0.0,3.117978,101.67908,0.0
SCS37,2947,1783556409,0.0,5.392387,100.36758,0.0
SCS26,weekday_2012,1783556409,0.0,3.023855,101.71564,0.0
SCS23,weekday_2102,1783556408,88.0,3.496262,101.63478,0.0
SCS29,2948,1783556410,117.0,5.798743,100.48221,0.0
EMU29,2905,1783556410,60.0,4.77879,100.854,0.0
SCS20,weekday_2008,1783556406,60.0,3.147637,101.6909,0.0
SCS28,weekday_2014,1783556400,0.0,2.983118,101.790436,0.0
EMU22,2904,1783556375,100.0,5.37374,100.399475,0.0
SCS25,weekday_2115,1783556415,10.0,3.136227,101.689514,0.0
DMU03,52,1783556436,0.0,5.53007,102.20298,0.0
DMU10(D6120),51,1783556406,0.0,5.143833,102.04543,0.0
EMU22,2904,1783556480,55.0,5.384962,100.378365,0.0
SCS22,weekday_2007,1783556458,0.0,3.117978,101.67908,0.0
SCS08,weekday_2119,1783556448,0.0,3.20591,101.58116,0.0
SCS29,2948,1783556500,43.0,5.822287,100.47814,0.0
DMU10(D6120),51,1783556496,0.0,5.143783,102.04536,0.0
EMU29,2905,1783556440,3.0,4.778217,100.857056,0.0
SCS25,weekday_2115,1783556490,0.0,3.136598,101.68859,0.0
SCS10,weekday_2010,1783556442,8.0,3.119228,101.67876,0.0
SCS20,weekday_2008,1783556446,42.0,3.153483,101.69216,0.0
SCS23,weekday_2102,1783556483,42.0,3.501807,101.63394,0.0
EMU33,2951,1783556475,108.0,6.094803,100.37152,0.0
SCS28,weekday_2014,1783556475,0.0,2.986702,101.79052,0.0
SCS17,weekday_2112,1783556474,0.0,3.203142,101.636765,0.0
SCS10,weekday_2010,1783556547,18.0,3.12408,101.678055,0.0
SCS17,weekday_2112,1783556534,0.0,3.203142,101.636765,0.0
EMU33,2951,1783556535,109.0,6.079305,100.380066,0.0
SCS25,weekday_2115,1783556520,0.0,3.136598,101.68859,0.0
SCS29,2948,1783556560,13.0,5.823985,100.478,0.0
DMU10(D6120),51,1783556556,0.0,5.143783,102.04536,0.0
SCS22,weekday_2007,1783556548,0.0,3.117978,101.67908,0.0
SCS23,weekday_2102,1783556528,95.0,3.510805,101.632515,0.0
DMU03,52,1783556526,0.0,5.53007,102.20298,0.0
SCS08,weekday_2119,1783556548,78.0,3.201797,101.59001,0.0
EMU29,2905,1783556545,0.0,4.778193,100.857185,0.0
SCS20,weekday_2008,1783556546,73.0,3.159243,101.69288,0.0
EMU22,2904,1783556540,10.0,5.387607,100.37301,0.0
SCS28,weekday_2014,1783556535,0.0,2.986702,101.79052,0.0
SCS37,2947,1783556529,0.0,5.392387,100.36758,0.0
SCS17,weekday_2112,1783556594,0.0,3.203142,101.636765,0.0
EMU22,2904,1783556615,25.0,5.389587,100.371025,0.0
DMU10(D6120),51,1783556601,0.0,5.143783,102.04536,0.0
DMU03,52,1783556601,0.0,5.530123,102.20305,0.0
SCS08,weekday_2119,1783556588,94.0,3.201008,101.59915,0.0
SCS23,weekday_2102,1783556573,100.0,3.521603,101.629036,0.0
SCS22,weekday_2007,1783556623,0.0,3.117978,101.67908,0.0
SCS10,weekday_2010,1783556622,14.0,3.127618,101.679634,0.0
EMU33,2951,1783556565,113.0,6.071613,100.38436,0.0
SCS29,2948,1783556620,116.0,5.836655,100.476944,0.0
EMU29,2905,1783556620,108.0,4.773653,100.8703,0.0
SCS25,weekday_2115,1783556619,0.0,3.136598,101.68859,0.0
SCS28,weekday_2014,1783556595,10.0,2.986413,101.790504,0.0
SCS08,weekday_2119,1783556688,91.0,3.208433,101.62254,0.0
SCS20,weekday_2008,1783556686,15.0,3.167302,101.688545,0.0
SCS25,weekday_2115,1783556686,0.0,3.136598,101.68859,0.0
SCS37,2947,1783556634,0.0,5.392387,100.36758,0.0
SCS23,weekday_2102,1783556633,102.0,3.536312,101.63451,0.0
DMU03,52,1783556631,0.0,5.530123,102.20305,0.0
EMU33,2951,1783556684,110.0,6.040842,100.401794,0.0
SCS10,weekday_2010,1783556682,13.0,3.130723,101.68212,0.0
DMU10(D6120),51,1783556676,0.0,5.143753,102.04545,0.0
EMU22,2904,1783556675,18.0,5.392092,100.36817,0.0
SCS28,weekday_2014,1783556670,0.0,2.983902,101.79043,0.0
SCS17,weekday_2112,1783556669,0.0,3.203142,101.636765,0.0
SCS22,weekday_2007,1783556668,0.0,3.117978,101.67908,0.0
EMU29,2905,1783556665,116.0,4.77124,100.8838,0.0
SCS29,2948,1783556665,114.0,5.850027,100.476875,0.0
SCS26,weekday_2012,1783556634,81.0,3.046047,101.70717,0.0
SCS25,weekday_2115,1783556717,0.0,3.136598,101.68859,0.0
SCS17,weekday_2112,1783556744,0.0,3.203142,101.636765,0.0
SCS10,weekday_2010,1783556742,0.0,3.131563,101.682755,0.0
SCS29,2948,1783556740,113.0,5.872598,100.476906,0.0
EMU29,2905,1783556740,103.0,4.776565,100.903595,0.0
SCS23,weekday_2102,1783556723,0.0,3.553838,101.63937,0.0
SCS08,weekday_2119,1783556748,0.0,3.20856,101.62892,0.0
SCS20,weekday_2008,1783556746,18.0,3.167938,101.68716,0.0
DMU03,52,1783556691,0.0,5.530123,102.20305,0.0
EMU33,2951,1783556744,110.0,6.025735,100.41032,0.0
SCS22,weekday_2007,1783556743,0.0,3.117978,101.67908,0.0
DMU10(D6120),51,1783556736,0.0,5.143742,102.04536,0.0
EMU22,2904,1783556735,0.0,5.393468,100.36632,0.0
SCS26,weekday_2012,1783556694,86.0,3.059598,101.70734,0.0
SCS37,2947,1783556694,0.0,5.392387,100.36758,0.0
SCS28,weekday_2014,1783556745,0.0,2.983223,101.79044,0.0
SCS37,2947,1783556769,0.0,5.392387,100.36758,0.0
SCS26,weekday_2012,1783556769,59.0,3.074718,101.70989,0.0
SCS23,weekday_2102,1783556768,6.0,3.553957,101.63937,0.0
SCS17,weekday_2112,1783556774,0.0,3.203142,101.636765,0.0
SCS10,weekday_2010,1783556757,6.0,3.131687,101.68294,0.0
SCS08,weekday_2119,1783556788,0.0,3.20856,101.62892,0.0
EMU22,2904,1783556735,0.0,5.393468,100.36632,0.0
SCS29,2948,1783556800,114.0,5.890578,100.47685,0.0
SCS28,weekday_2014,1783556805,0.0,2.983223,101.79044,0.0
EMU33,2951,1783556804,119.0,6.009842,100.41931,0.0
DMU10(D6120),51,1783556796,0.0,5.143742,102.04536,0.0
DMU03,52,1783556796,21.0,5.53259,102.201744,0.0
SCS25,weekday_2115,1783556792,0.0,3.136598,101.68859,0.0
SCS22,weekday_2007,1783556788,0.0,3.117978,101.67908,0.0
SCS20,weekday_2008,1783556786,21.0,3.170043,101.68544,0.0
EMU29,2905,1783556804,0.0,4.775022,100.92088,0.0
SCS28,weekday_2014,1783556835,0.0,2.983223,101.79044,0.0
SCS10,weekday_2010,1783556862,0.0,3.13216,101.6832,0.0
SCS29,2948,1783556860,115.0,5.907548,100.47091,0.0
SCS25,weekday_2115,1783556860,0.0,3.136598,101.68859,0.0
SCS08,weekday_2119,1783556808,33.0,3.20839,101.63014,0.0
SCS26,weekday_2012,1783556859,13.0,3.076813,101.711685,0.0
SCS37,2947,1783556859,0.0,5.392387,100.36758,0.0
SCS23,weekday_2102,1783556858,101.0,3.561715,101.63047,0.0
EMU29,2905,1783556857,30.0,4.775942,100.93124,0.0
DMU03,52,1783556856,68.0,5.540343,102.1981,0.0
EMU33,2951,1783556864,109.0,5.994195,100.42814,0.0
SCS17,weekday_2112,1783556864,42.0,3.207882,101.63168,0.0
DMU10(D6120),51,1783556856,0.0,5.143783,102.04543,0.0
SCS22,weekday_2007,1783556833,0.0,3.117978,101.67908,0.0
SCS20,weekday_2008,1783556806,20.0,3.171295,101.68494,0.0
SCS17,weekday_2112,1783556879,38.0,3.208402,101.629974,0.0
SCS29,2948,1783556920,114.0,5.924382,100.46444,0.0
SCS25,weekday_2115,1783556890,0.0,3.136598,101.68859,0.0
SCS26,weekday_2012,1783556889,44.0,3.07869,101.71424,0.0
SCS37,2947,1783556889,0.0,5.392387,100.36758,0.0
SCS23,weekday_2102,1783556888,114.0,3.565735,101.62264,0.0
EMU29,2905,1783556887,0.0,4.776195,100.9317,0.0
DMU03,52,1783556886,68.0,5.54537,102.195786,0.0
SCS28,weekday_2014,1783556925,0.0,2.983223,101.79044,0.0
DMU10(D6120),51,1783556916,0.0,5.143783,102.04543,0.0
EMU33,2951,1783556894,112.0,5.986597,100.4324,0.0
SCS10,weekday_2010,1783556922,0.0,3.13216,101.6832,0.0
SCS22,weekday_2007,1783556893,0.0,3.117978,101.67908,0.0
SCS28,weekday_2014,1783556985,0.0,2.983223,101.79044,0.0
EMU33,2951,1783556984,0.0,5.972258,100.440506,0.0
SCS22,weekday_2007,1783556983,0.0,3.117978,101.67908,0.0
SCS10,weekday_2010,1783556982,17.0,3.137233,101.69198,0.0
SCS29,2948,1783556980,114.0,5.941182,100.45794,0.0
DMU03,52,1783556976,77.0,5.561995,102.1906,0.0
DMU10(D6120),51,1783556946,0.0,5.143783,102.04543,0.0
SCS37,2947,1783556979,0.0,5.392387,100.36758,0.0
SCS17,weekday_2112,1783556978,24.0,3.208672,101.62693,0.0
SCS23,weekday_2102,1783556978,109.0,3.584253,101.61182,0.0
SCS25,weekday_2115,1783556991,0.0,3.1334,101.685814,0.0
SCS08,weekday_2119,1783556928,0.0,3.202208,101.63773,0.0
SCS25,weekday_2115,1783557029,0.0,3.13426,101.686005,0.0
EMU33,2951,1783557044,57.0,5.970203,100.44171,0.0
SCS10,weekday_2010,1783557042,5.0,3.14,101.69376,0.0
DMU10(D6120),51,1783557021,0.0,5.143783,102.04543,0.0
SCS08,weekday_2119,1783557028,65.0,3.197332,101.64299,0.0
SCS22,weekday_2007,1783557028,0.0,3.117978,101.67908,0.0
SCS26,weekday_2012,1783557009,25.0,3.091478,101.7104,0.0
SCS20,weekday_2008,1783557008,19.0,3.182933,101.68885,0.0
SCS17,weekday_2112,1783557008,66.0,3.20847,101.62331,0.0
SCS23,weekday_2102,1783557008,114.0,3.591678,101.60666,0.0
EMU29,2905,1783557007,117.0,4.799093,100.9394,0.0
SCS28,weekday_2014,1783557000,0.0,2.983223,101.79044,0.0
SCS37,2947,1783557009,0.0,5.392387,100.36758,0.0
SCS29,2948,1783557040,114.0,5.956902,100.44912,0.0
SCS22,weekday_2007,1783557043,0.0,3.117978,101.67908,0.0
EMU33,2951,1783557089,98.0,5.961457,100.446625,0.0
SCS29,2948,1783557085,83.0,5.968017,100.442856,0.0
SCS20,weekday_2008,1783557048,44.0,3.186918,101.68986,0.0
SCS37,2947,1783557054,0.0,5.392387,100.36758,0.0
SCS26,weekday_2012,1783557054,3.0,3.092558,101.71029,0.0
SCS23,weekday_2102,1783557053,100.0,3.599345,101.59835,0.0
SCS17,weekday_2112,1783557053,83.0,3.20504,101.6149,0.0
DMU03,52,1783557051,73.0,5.576492,102.185844,0.0
SCS25,weekday_2115,1783557036,0.0,3.134307,101.686195,0.0
SCS10,weekday_2010,1783557042,5.0,3.14,101.69376,0.0
SCS08,weekday_2119,1783557068,81.0,3.193545,101.65165,0.0
SCS22,weekday_2007,1783557133,0.0,3.117977,101.679245,0.0
EMU33,2951,1783557149,111.0,5.946785,100.4549,0.0
SCS26,weekday_2012,1783557144,26.0,3.09796,101.70582,0.0
SCS08,weekday_2119,1783557108,0.0,3.191763,101.655594,0.0
SCS37,2947,1783557144,0.0,5.392387,100.36758,0.0
SCS23,weekday_2102,1783557143,115.0,3.615703,101.57941,0.0
SCS17,weekday_2112,1783557143,86.0,3.20052,101.59653,0.0
SCS10,weekday_2010,1783557162,12.0,3.143477,101.69364,0.0
EMU29,2905,1783557142,119.0,4.834888,100.95743,0.0
SCS29,2948,1783557160,3.0,5.971602,100.44083,0.0
DMU03,52,1783557141,7.0,5.58921,102.17959,0.0
SCS28,weekday_2014,1783557105,0.0,2.983223,101.79044,0.0
DMU10(D6120),51,1783557141,0.0,5.143783,102.04543,0.0
SCS22,weekday_2007,1783557208,2.0,3.117972,101.679146,0.0
SCS08,weekday_2119,1783557208,46.0,3.187102,101.6632,0.0
SCS37,2947,1783557219,0.0,5.392387,100.36758,0.0
SCS26,weekday_2012,1783557219,18.0,3.099065,101.70438,0.0
DMU10(D6120),51,1783557216,0.0,5.143783,102.04543,0.0
DMU03,52,1783557216,44.0,5.591113,102.17768,0.0
SCS10,weekday_2010,1783557207,22.0,3.145457,101.692024,0.0
EMU33,2951,1783557224,112.0,5.92633,100.46373,0.0
SCS17,weekday_2112,1783557158,85.0,3.200853,101.59315,0.0
SCS29,2948,1783557220,111.0,5.981403,100.43528,0.0
EMU29,2905,1783557157,122.0,4.836882,100.96177,0.0
SCS23,weekday_2102,1783557218,114.0,3.631335,101.56342,0.0
SCS28,weekday_2014,1783557210,16.0,2.983883,101.790344,0.0
SCS20,weekday_2008,1783557208,27.0,3.199308,101.68033,0.0
SCS26,weekday_2012,1783557264,29.0,3.101072,101.70182,0.0
SCS17,weekday_2112,1783557263,34.0,3.204608,101.5836,0.0
SCS23,weekday_2102,1783557263,115.0,3.64259,101.55607,0.0
EMU29,2905,1783557262,120.0,4.845265,100.99274,0.0
DMU03,52,1783557261,48.0,5.597337,102.17608,0.0
DMU10(D6120),51,1783557261,0.0,5.143783,102.04543,0.0
SCS20,weekday_2008,1783557228,53.0,3.201153,101.67875,0.0
SCS08,weekday_2119,1783557228,6.0,3.186177,101.664536,0.0
SCS28,weekday_2014,1783557255,50.0,2.988442,101.790016,0.0
EMU33,2951,1783557254,106.0,5.918288,100.46682,0.0
SCS22,weekday_2007,1783557283,3.0,3.120833,101.678406,0.0
SCS10,weekday_2010,1783557282,37.0,3.153892,101.69254,0.0
SCS29,2948,1783557280,114.0,5.997222,100.426346,0.0
SCS10,weekday_2010,1783557327,0.0,3.154728,101.69318,0.0
DMU10(D6120),51,1783557336,0.0,5.143865,102.04548,0.0
SCS08,weekday_2119,1783557348,73.0,3.183718,101.66764,0.0
EMU33,2951,1783557344,109.0,5.894397,100.47602,0.0
SCS37,2952,1783557339,10.0,5.392215,100.36778,0.0
SCS23,weekday_2102,1783557338,114.0,3.65804,101.53982,0.0
SCS17,weekday_2112,1783557338,0.0,3.206273,101.57976,0.0
EMU29,2905,1783557337,121.0,4.83909,101.0153,0.0
DMU03,52,1783557336,16.0,5.60211,102.17466,0.0
SCS28,weekday_2014,1783557300,77.0,2.992047,101.783394,0.0
SCS32,2955,1783557314,0.0,6.662727,100.32014,0.0
SCS29,2948,1783557310,114.0,6.005073,100.42188,0.0
SCS22,weekday_2007,1783557298,1.0,3.121157,101.67838,0.0
SCS26,weekday_2012,1783557279,46.0,3.101998,101.700645,0.0
SCS29,2948,1783557355,114.0,6.016825,100.41525,0.0
EMU33,2951,1783557389,117.0,5.8814,100.47696,0.0
DMU10(D6120),51,1783557381,0.0,5.143782,102.04545,0.0
SCS20,weekday_2008,1783557368,46.0,3.208463,101.67272,0.0
SCS23,weekday_2102,1783557368,108.0,3.665217,101.53478,0.0
SCS10,weekday_2010,1783557357,41.0,3.156775,101.693726,0.0
SCS26,weekday_2012,1783557339,87.0,3.110352,101.6903,0.0
SCS07,weekday_2011,1783557360,32.0,3.23608,101.68113,0.0
SCS28,weekday_2014,1783557360,92.0,2.995335,101.769966,0.0
SCS32,2955,1783557374,27.0,6.661447,100.31858,0.0
SCS22,weekday_2007,1783557358,0.0,3.121222,101.678345,0.0
EMU33,2951,1783557434,115.0,5.867917,100.47695,0.0
SCS10,weekday_2010,1783557432,38.0,3.165202,101.69131,0.0
DMU10(D6120),51,1783557426,0.0,5.143782,102.04545,0.0
SCS26,weekday_2012,1783557399,17.0,3.113673,101.68128,0.0
SCS37,2952,1783557399,14.0,5.39052,100.37013,0.0
SCS17,weekday_2112,1783557398,2.0,3.206398,101.57948,0.0
EMU29,2905,1783557397,121.0,4.826758,101.029305,0.0
DMU03,52,1783557396,67.0,5.60757,102.168915,0.0
SCS23,weekday_2102,1783557458,59.0,3.68006,101.52323,0.0
SCS07,weekday_2011,1783557450,88.0,3.223323,101.67259,0.0
SCS28,weekday_2014,1783557450,89.0,2.992057,101.74917,0.0
SCS32,2955,1783557449,41.0,6.657452,100.31286,0.0
SCS20,weekday_2008,1783557448,0.0,3.215123,101.67221,0.0
SCS08,weekday_2119,1783557448,73.0,3.16851,101.686424,0.0
SCS22,weekday_2007,1783557448,21.0,3.125183,101.678246,0.0
SCS37,2952,1783557489,38.0,5.386387,100.37553,0.0
SCS26,weekday_2012,1783557489,33.0,3.116198,101.67949,0.0
DMU03,52,1783557516,75.0,5.630048,102.16305,0.0
DMU10(D6120),51,1783557516,0.0,5.143782,102.04545,0.0
SCS22,weekday_2007,1783557463,19.0,3.12608,101.67859,0.0
SCS29,2948,1783557520,114.0,6.05978,100.39099,0.0
SCS28,weekday_2014,1783557480,100.0,2.99465,101.74242,0.0
EMU33,2951,1783557509,110.0,5.846367,100.47691,0.0
SCS10,weekday_2010,1783557462,0.0,3.166017,101.69025,0.0
SCS17,weekday_2112,1783557503,96.0,3.216232,101.56873,0.0
SCS20,weekday_2008,1783557488,29.0,3.215725,101.67223,0.0
SCS07,weekday_2011,1783557480,43.0,3.217927,101.672356,0.0
SCS32,2955,1783557479,46.0,6.655378,100.30991,0.0
SCS08,weekday_2119,1783557488,21.0,3.165553,101.690865,0.0
SCS08,weekday_2119,1783557588,0.0,3.165123,101.691246,0.0
SCS20,weekday_2008,1783557588,42.0,3.23132,101.67547,0.0
SCS28,weekday_2014,1783557585,70.0,3.007282,101.7267,0.0
SCS17,weekday_2112,1783557578,91.0,3.233427,101.559425,0.0
DMU03,52,1783557576,75.0,5.641437,102.15958,0.0
SCS37,2952,1783557564,101.0,5.380072,100.3876,0.0
SCS26,weekday_2012,1783557564,0.0,3.119147,101.67883,0.0
SCS32,2955,1783557569,116.0,6.64592,100.29276,0.0
SCS23,weekday_2127,1783557563,0.0,3.684797,101.518074,0.0
DMU10(D6120),51,1783557561,0.0,5.143853,102.04551,0.0
SCS07,weekday_2011,1783557540,0.0,3.215077,101.67221,0.0
EMU33,2951,1783557538,0.0,5.838162,100.47691,0.0
EMU29,2905,1783557568,0.0,4.818803,101.070946,0.0
SCS22,weekday_2007,1783557568,15.0,3.13002,101.68145,0.0
SCS10,weekday_2010,1783557567,24.0,3.168213,101.6867,0.0
SCS17,weekday_2112,1783557593,87.0,3.236965,101.55992,0.0
EMU33,2951,1783557593,44.0,5.826638,100.47778,0.0
SCS07,weekday_2011,1783557630,48.0,3.207127,101.67366,0.0
SCS10,weekday_2010,1783557597,17.0,3.169955,101.68548,0.0
SCS26,weekday_2012,1783557594,0.0,3.119147,101.67883,0.0
SCS37,2952,1783557594,98.0,5.37636,100.39457,0.0
SCS28,weekday_2014,1783557645,25.0,3.015972,101.72158,0.0
SCS29,2948,1783557640,112.0,6.09123,100.37348,0.0
DMU03,52,1783557606,76.0,5.64746,102.15857,0.0
SCS22,weekday_2007,1783557598,16.0,3.13106,101.68237,0.0
EMU29,2905,1783557598,0.0,4.818803,101.070946,0.0
SCS23,weekday_2127,1783557698,0.0,3.684797,101.518074,0.0
SCS20,weekday_2008,1783557668,20.0,3.235193,101.68042,0.0
SCS08,weekday_2119,1783557668,52.0,3.161225,101.692215,0.0
SCS07,weekday_2011,1783557660,4.0,3.205403,101.67522,0.0
EMU33,2951,1783557698,52.0,5.821575,100.47824,0.0
DMU10(D6120),51,1783557696,0.0,5.143853,102.04551,0.0
DMU03,52,1783557696,80.0,5.666348,102.15695,0.0
SCS22,weekday_2007,1783557658,0.0,3.132912,101.68335,0.0
SCS10,weekday_2010,1783557642,18.0,3.172467,101.68472,0.0
SCS28,weekday_2014,1783557645,25.0,3.015972,101.72158,0.0
EMU29,2905,1783557673,96.0,4.812152,101.078514,0.0
SCS26,weekday_2012,1783557714,23.0,3.123922,101.678055,0.0
SCS29,2948,1783557700,99.0,6.106253,100.36667,0.0
SCS37,2952,1783557684,90.0,5.366815,100.41552,0.0
SCS17,weekday_2112,1783557683,18.0,3.250503,101.55596,0.0
SCS28,weekday_2014,1783557720,21.0,3.018973,101.71825,0.0
SCS23,weekday_2127,1783557728,0.0,3.684797,101.518074,0.0
SCS22,weekday_2007,1783557748,1.0,3.136375,101.68948,0.0
SCS08,weekday_2119,1783557748,0.0,3.153833,101.692535,0.0
SCS07,weekday_2011,1783557705,0.0,3.205395,101.67521,0.0
EMU33,2951,1783557698,52.0,5.821575,100.47824,0.0
SCS37,2952,1783557699,68.0,5.365655,100.418526,0.0
SCS17,weekday_2112,1783557698,5.0,3.250985,101.555695,0.0
DMU10(D6120),51,1783557726,0.0,5.143853,102.04551,0.0
SCS32,2955,1783557749,114.0,6.604535,100.26327,0.0
SCS20,weekday_2008,1783557748,0.0,3.238313,101.68111,0.0
DMU03,52,1783557726,82.0,5.672908,102.15699,0.0
SCS26,weekday_2012,1783557744,20.0,3.125795,101.678505,0.0
SCS29,2948,1783557745,5.0,6.112437,100.36935,0.0
DMU10(D6120),51,1783557786,0.0,5.143853,102.04551,0.0
SCS17,weekday_2112,1783557758,27.0,3.254002,101.55464,0.0
SCS10,weekday_2010,1783557805,20.0,3.181548,101.68848,0.0
SCS29,2948,1783557805,13.0,6.112655,100.369446,0.0
SCS26,weekday_2012,1783557789,21.0,3.128207,101.68002,0.0
SCS07,weekday_2011,1783557810,15.0,3.19895,101.68067,0.0
SCS22,weekday_2007,1783557808,13.0,3.138432,101.69322,0.0
SCS08,weekday_2119,1783557768,0.0,3.153833,101.692535,0.0
DMU03,52,1783557756,81.0,5.679033,102.154976,0.0
SCS22,weekday_2007,1783557853,0.0,3.139093,101.69344,0.0
EMU33,2951,1783557833,108.0,5.789605,100.48568,0.0
SCS10,weekday_2010,1783557850,0.0,3.182493,101.688736,0.0
SCS07,weekday_2011,1783557825,0.0,3.198805,101.6808,0.0
SCS28,weekday_2014,1783557825,0.0,3.022758,101.716156,0.0
EMU29,2905,1783557823,123.0,4.774993,101.10511,0.0
SCS08,weekday_2119,1783557848,58.0,3.148495,101.69079,0.0
SCS29,2948,1783557835,89.0,6.117148,100.3715,0.0
SCS37,2952,1783557834,58.0,5.363585,100.42385,0.0
SCS26,weekday_2012,1783557834,17.0,3.130877,101.6822,0.0
SCS23,weekday_2127,1783557833,23.0,3.684042,101.51887,0.0
SCS17,weekday_2112,1783557878,23.0,3.259202,101.55508,0.0
DMU03,52,1783557861,41.0,5.699002,102.151924,0.0
DMU10(D6120),51,1783557861,15.0,5.142468,102.04613,0.0
SCS20,weekday_2008,1783557828,0.0,3.238313,101.68111,0.0
SCS32,2955,1783557944,114.0,6.545825,100.259995,0.0
SCS22,weekday_2007,1783557943,21.0,3.142513,101.69384,0.0
SCS10,weekday_2010,1783557940,25.0,3.184508,101.68947,0.0
SCS29,2948,1783557940,114.0,6.146262,100.380295,0.0
SCS26,weekday_2012,1783557939,0.0,3.132198,101.68329,0.0
SCS37,2952,1783557939,51.0,5.366462,100.44675,0.0
SCS23,weekday_2127,1783557938,102.0,3.673365,101.529175,0.0
EMU33,2951,1783557938,117.0,5.760853,100.49836,0.0
SCS28,weekday_2014,1783557915,17.0,3.025525,101.71464,0.0
EMU29,2905,1783557913,70.0,4.7526,101.11908,0.0
SCS08,weekday_2119,1783557888,25.0,3.145142,101.692375,0.0
SCS07,weekday_2011,1783557885,41.0,3.197985,101.681526,0.0
DMU03,52,1783557876,31.0,5.700528,102.151924,0.0
SCS07,weekday_2011,1783557945,49.0,3.19125,101.68721,0.0
EMU29,2905,1783557943,81.0,4.746733,101.12123,0.0
SCS28,weekday_2014,1783557990,59.0,3.02975,101.71162,0.0
SCS10,weekday_2010,1783557985,52.0,3.189262,101.68854,0.0
SCS29,2948,1783557985,114.0,6.159768,100.37937,0.0
EMU33,2951,1783557983,117.0,5.748198,100.50412,0.0
SCS17,weekday_2112,1783557983,67.0,3.274457,101.5619,0.0
DMU03,52,1783557981,13.0,5.70359,102.1519,0.0
DMU10(D6120),51,1783557981,18.0,5.137625,102.048645,0.0
SCS08,weekday_2119,1783557968,15.0,3.139887,101.69392,0.0
SCS37,2952,1783557954,23.0,5.366228,100.44821,0.0
SCS23,weekday_2127,1783557953,114.0,3.669798,101.53163,0.0
SCS23,weekday_2127,1783558073,102.0,3.64436,101.55464,0.0
DMU10(D6120),51,1783558071,13.0,5.135665,102.05269,0.0
DMU03,52,1783558071,63.0,5.710728,102.15363,0.0
SCS08,weekday_2119,1783558068,0.0,3.138995,101.69361,0.0
SCS07,weekday_2011,1783558065,0.0,3.182837,101.68887,0.0
SCS28,weekday_2014,1783558065,83.0,3.045177,101.70748,0.0
SCS32,2955,1783558064,0.0,6.524312,100.257034,0.0
SCS10,weekday_2010,1783558060,9.0,3.198625,101.680916,0.0
SCS22,weekday_2007,1783558033,41.0,3.148287,101.69085,0.0
SCS29,2948,1783558060,63.0,6.180208,100.376724,0.0
SCS26,weekday_2012,1783558029,0.0,3.132198,101.68329,0.0
SCS37,2952,1783558029,34.0,5.366027,100.44976,0.0
SCS17,weekday_2112,1783558073,81.0,3.288032,101.57063,0.0
DMU10(D6120),51,1783558071,13.0,5.135665,102.05269,0.0
SCS22,weekday_2007,1783558108,34.0,3.154327,101.69273,0.0
SCS07,weekday_2011,1783558080,0.0,3.182837,101.68887,0.0
SCS29,2948,1783558075,30.0,6.181893,100.375725,0.0
EMU29,2905,1783558078,121.0,4.708997,101.12723,0.0
EMU33,2951,1783558073,111.0,5.72326,100.51374,0.0
SCS37,2952,1783558059,61.0,5.365338,100.45429,0.0
SCS26,weekday_2012,1783558059,0.0,3.132198,101.68329,0.0
SCS17,weekday_2112,1783558058,73.0,3.285317,101.569046,0.0
SCS23,weekday_2127,1783558058,103.0,3.647442,101.551956,0.0
DMU03,52,1783558056,47.0,5.708593,102.15282,0.0
SCS28,weekday_2014,1783558170,79.0,3.068258,101.70836,0.0
SCS32,2955,1783558169,115.0,6.507475,100.25414,0.0
SCS20,weekday_2008,1783558168,0.0,3.238387,101.68118,0.0
EMU29,2905,1783558168,121.0,4.686145,101.141624,0.0
SCS37,2952,1783558164,40.0,5.357263,100.46394,0.0
SCS17,weekday_2112,1783558133,77.0,3.299728,101.57471,0.0
EMU33,2951,1783558133,111.0,5.706007,100.511154,0.0
SCS08,weekday_2119,1783558188,0.0,3.1389,101.69351,0.0
SCS07,weekday_2011,1783558185,18.0,3.180292,101.68797,0.0
SCS10,weekday_2010,1783558180,14.0,3.204925,101.67543,0.0
SCS29,2948,1783558180,33.0,6.18349,100.37475,0.0
SCS26,weekday_2012,1783558149,21.0,3.137553,101.69247,0.0
DMU03,52,1783558146,77.0,5.724412,102.15886,0.0
EMU33,2951,1783558238,111.0,5.67883,100.49675,0.0
SCS17,weekday_2112,1783558223,42.0,3.315317,101.574844,0.0
DMU03,52,1783558221,75.0,5.739117,102.16031,0.0
SCS08,weekday_2119,1783558208,0.0,3.138882,101.6936,0.0
SCS28,weekday_2014,1783558200,56.0,3.073862,101.70936,0.0
SCS32,2955,1783558199,111.0,6.498663,100.2534,0.0
EMU29,2905,1783558198,122.0,4.677047,101.13883,0.0
SCS37,2952,1783558194,31.0,5.35818,100.46653,0.0
SCS26,weekday_2012,1783558194,8.0,3.139943,101.69375,0.0
SCS23,weekday_2127,1783558193,114.0,3.617387,101.57756,0.0
SCS22,weekday_2007,1783558183,25.0,3.158508,101.693115,0.0
SCS10,weekday_2010,1783558195,0.0,3.205253,101.675125,0.0
SCS22,weekday_2007,1783558303,10.0,3.166782,101.68939,0.0
SCS29,2948,1783558300,114.0,6.215447,100.36459,0.0
SCS10,weekday_2010,1783558300,54.0,3.21219,101.67204,0.0
SCS26,weekday_2012,1783558239,0.0,3.140092,101.693825,0.0
SCS17,weekday_2112,1783558238,43.0,3.317123,101.57482,0.0
DMU03,52,1783558236,77.0,5.7421,102.159485,0.0
DMU10(D6120),51,1783558236,26.0,5.125368,102.058655,0.0
DMU03,52,1783558326,63.0,5.759402,102.15468,0.0
SCS32,2955,1783558349,114.0,6.454772,100.26048,0.0
SCS10,weekday_2010,1783558345,0.0,3.215147,101.67216,0.0
SCS29,2948,1783558345,114.0,6.228685,100.36189,0.0
SCS37,2952,1783558329,113.0,5.390503,100.47068,0.0
SCS26,weekday_2012,1783558329,4.0,3.141895,101.69408,0.0
SCS20,weekday_2008,1783558328,0.0,3.238387,101.68118,0.0
SCS23,weekday_2127,1783558328,106.0,3.594042,101.60508,0.0
EMU33,2951,1783558323,91.0,5.656452,100.49236,0.0
EMU29,2905,1783558339,121.0,4.641112,101.1118,0.0
SCS17,weekday_2112,1783558328,0.0,3.320272,101.57453,0.0
EMU29,2905,1783558399,121.0,4.626062,101.10028,0.0
SCS22,weekday_2007,1783558423,26.0,3.171097,101.685,0.0
SCS28,weekday_2014,1783558380,50.0,3.08459,101.71533,0.0
SCS32,2955,1783558379,114.0,6.446225,100.263435,0.0
SCS29,2948,1783558375,114.0,6.237518,100.36009,0.0
SCS10,weekday_2010,1783558420,82.0,3.221932,101.672516,0.0
DMU03,52,1783558401,60.0,5.7639,102.14396,0.0
SCS08,weekday_2119,1783558429,0.0,3.13592,101.68927,0.0
EMU33,2951,1783558428,0.0,5.643142,100.490074,0.0
SCS07,weekday_2011,1783558428,22.0,3.166502,101.689735,0.0
SCS20,weekday_2008,1783558428,0.0,3.238387,101.68118,0.0
SCS07,weekday_2011,1783558488,0.0,3.166013,101.69032,0.0
SCS28,weekday_2014,1783558455,11.0,3.090345,101.71046,0.0
SCS10,weekday_2010,1783558450,69.0,3.228503,101.67301,0.0
SCS32,2955,1783558454,13.0,6.43263,100.268105,0.0
SCS26,weekday_2012,1783558449,56.0,3.152108,101.69125,0.0
SCS08,weekday_2119,1783558449,0.0,3.13592,101.68927,0.0
SCS37,2952,1783558449,116.0,5.4244,100.481575,0.0
SCS20,weekday_2008,1783558448,0.0,3.238387,101.68118,0.0
SCS17,weekday_2112,1783558448,76.0,3.331447,101.56937,0.0
SCS23,weekday_2127,1783558448,86.0,3.567567,101.62013,0.0
DMU03,52,1783558446,75.0,5.77001,102.13956,0.0
EMU33,2951,1783558428,0.0,5.643142,100.490074,0.0
SCS22,weekday_2007,1783558423,26.0,3.171097,101.685,0.0
EMU29,2905,1783558444,87.0,4.614897,101.09251,0.0
SCS08,weekday_2119,1783558527,0.0,3.13592,101.68927,0.0
EMU23,2906,1783558526,0.0,4.597928,101.07292,0.0
SCS29,2948,1783558525,114.0,6.281445,100.35114,0.0
EMU29,2905,1783558519,87.0,4.608802,101.07823,0.0
SCS07,weekday_2011,1783558518,11.0,3.165625,101.690994,0.0
DMU03,52,1783558476,74.0,5.775207,102.1423,0.0
SCS20,weekday_2008,1783558548,0.0,3.238387,101.68118,0.0
SCS37,2952,1783558539,115.0,5.449098,100.49227,0.0
SCS26,weekday_2012,1783558539,7.0,3.154948,101.69331,0.0
SCS29,2948,1783558600,114.0,6.303535,100.346634,0.0
EMU29,2905,1783558594,0.0,4.597795,101.07319,0.0
SCS17,weekday_2112,1783558583,37.0,3.360208,101.572365,0.0
SCS07,weekday_2011,1783558578,56.0,3.158393,101.69327,0.0
EMU33,2951,1783558593,100.0,5.619173,100.49615,0.0
DMU03,52,1783558551,71.0,5.79005,102.14461,0.0
DMU10(D6120),51,1783558626,44.0,5.089868,102.072334,0.0
SCS07,weekday_2011,1783558623,0.0,3.154832,101.69335,0.0
SCS32,2955,1783558619,114.0,6.404267,100.278076,0.0
EMU23,2906,1783558616,45.0,4.603883,101.07563,0.0
SCS29,2948,1783558615,114.0,6.30795,100.345726,0.0
EMU29,2905,1783558609,0.0,4.597795,101.07319,0.0
SCS20,weekday_2008,1783558608,0.0,3.238387,101.68118,0.0
SCS08,weekday_2119,1783558607,0.0,3.13592,101.68927,0.0
SCS10,weekday_2010,1783558600,7.0,3.237637,101.68124,0.0
SCS17,weekday_2112,1783558598,24.0,3.36134,101.57321,0.0
DMU03,52,1783558596,73.0,5.799343,102.145775,0.0
EMU33,2951,1783558638,108.0,5.606897,100.49531,0.0
SCS07,weekday_2011,1783558728,44.0,3.149303,101.69065,0.0
SCS20,weekday_2008,1783558728,0.0,3.238387,101.68118,0.0
DMU03,52,1783558716,0.0,5.806313,102.14662,0.0
EMU29,2905,1783558714,0.0,4.597795,101.07319,0.0
SCS23,weekday_2127,1783558688,75.0,3.548608,101.63963,0.0
SCS08,weekday_2119,1783558730,0.0,3.13592,101.68927,0.0
EMU33,2951,1783558728,114.0,5.581418,100.49494,0.0
DMU10(D6120),51,1783558716,31.0,5.081583,102.070145,0.0
EMU33,2951,1783558713,109.0,5.585838,100.4943,0.0
SCS07,weekday_2011,1783558713,43.0,3.151142,101.69088,0.0
EMU23,2906,1783558781,103.0,4.622967,101.097855,0.0
SCS37,2952,1783558779,101.0,5.490937,100.50031,0.0
SCS28,weekday_2014,1783558768,84.0,3.104832,101.69703,0.0
SCS10,weekday_2010,1783558765,0.0,3.238463,101.681244,0.0
SCS08,weekday_2119,1783558779,0.0,3.13592,101.68927,0.0
SCS29,2948,1783558765,114.0,6.345468,100.3217,0.0
SCS17,weekday_2112,1783558733,114.0,3.36805,101.60495,0.0
SCS20,weekday_2008,1783558728,0.0,3.238387,101.68118,0.0
DMU03,52,1783558716,0.0,5.806313,102.14662,0.0
DMU10(D6120),51,1783558806,0.0,5.07932,102.06934,0.0
SCS17,weekday_2112,1783558793,11.0,3.376377,101.61472,0.0
SCS20,weekday_2008,1783558788,0.0,3.238387,101.68118,0.0
SCS08,weekday_2119,1783558820,0.0,3.13592,101.68927,0.0
EMU29,2905,1783558789,0.0,4.597795,101.07319,0.0
SCS07,weekday_2011,1783558833,20.0,3.142605,101.694145,0.0
EMU33,2951,1783558833,109.0,5.550567,100.500046,0.0
SCS26,weekday_2012,1783558794,22.0,3.168717,101.686195,0.0
SCS23,weekday_2127,1783558793,96.0,3.524527,101.62951,0.0
SCS10,weekday_2010,1783558825,0.0,3.238463,101.681244,0.0
SCS37,2952,1783558824,108.0,5.50362,100.50371,0.0
DMU10(D6120),51,1783558866,25.0,5.077677,102.06899,0.0
DMU03,52,1783558866,82.0,5.824368,102.14897,0.0
SCS08,weekday_2119,1783558856,0.0,3.13592,101.68927,0.0
SCS10,weekday_2010,1783558855,0.0,3.238463,101.681244,0.0
SCS29,2948,1783558855,88.0,6.366532,100.305954,0.0
SCS26,weekday_2012,1783558854,21.0,3.172022,101.68478,0.0
SCS32,2955,1783558859,72.0,6.368897,100.30427,0.0
SCS37,2952,1783558869,115.0,5.516523,100.507164,0.0
SCS20,weekday_2008,1783558868,0.0,3.238387,101.68118,0.0
SCS23,weekday_2127,1783558868,73.0,3.507035,101.63318,0.0
SCS17,weekday_2112,1783558868,85.0,3.379717,101.61805,0.0
EMU33,2951,1783558833,109.0,5.550567,100.500046,0.0
SCS07,weekday_2011,1783558833,20.0,3.142605,101.694145,0.0
SCS17,weekday_2112,1783558958,113.0,3.40245,101.62776,0.0
DMU10(D6120),51,1783558956,47.0,5.065618,102.06928,0.0
SCS07,weekday_2011,1783558908,0.0,3.14036,101.69405,0.0
SCS32,2955,1783558919,111.0,6.35554,100.31425,0.0
SCS28,weekday_2014,1783558903,0.0,3.113127,101.68199,0.0
EMU23,2906,1783558901,120.0,4.652773,101.120186,0.0
SCS29,2948,1783558915,0.0,6.370337,100.3031,0.0
SCS37,2952,1783558974,114.0,5.547103,100.50063,0.0
SCS28,weekday_2014,1783558963,0.0,3.113313,101.68166,0.0
SCS07,weekday_2011,1783559013,23.0,3.13671,101.69076,0.0
SCS29,2948,1783558975,107.0,6.37737,100.29785,0.0
SCS08,weekday_2119,1783559009,21.0,3.126707,101.67889,0.0
SCS20,weekday_2008,1783559008,0.0,3.238387,101.68118,0.0
SCS23,weekday_2127,1783558973,5.0,3.500797,101.63412,0.0
SCS26,weekday_2012,1783558993,22.0,3.182045,101.68865,0.0
DMU10(D6120),51,1783558986,51.0,5.061433,102.06918,0.0
SCS32,2955,1783558994,115.0,6.337537,100.32768,0.0
EMU33,2951,1783558953,112.0,5.51675,100.50727,0.0
SCS07,weekday_2011,1783559073,0.0,3.13492,101.688126,0.0
EMU33,2951,1783559068,70.0,5.486508,100.49914,0.0
SCS26,weekday_2012,1783559038,0.0,3.18258,101.68876,0.0
SCS10,weekday_2010,1783559035,0.0,3.238463,101.681244,0.0
SCS29,2948,1783559035,114.0,6.391892,100.286995,0.0
SCS32,2955,1783559024,115.0,6.330307,100.3331,0.0
SCS17,weekday_2112,1783559018,97.0,3.418497,101.62499,0.0
DMU10(D6120),51,1783559016,48.0,5.057273,102.06912,0.0
SCS28,weekday_2014,1783559038,29.0,3.116468,101.67934,0.0
DMU03,52,1783559016,76.0,5.855732,102.15284,0.0
DMU10(D6120),51,1783559076,42.0,5.050817,102.066086,0.0
SCS37,2952,1783559094,113.0,5.582675,100.49473,0.0
SCS23,weekday_2127,1783559093,90.0,3.476733,101.639206,0.0
EMU23,2906,1783559092,123.0,4.703217,101.134155,0.0
SCS29,2948,1783559080,114.0,6.402733,100.27894,0.0
SCS10,weekday_2010,1783559080,0.0,3.238463,101.681244,0.0
DMU10(D6120),51,1783559166,27.0,5.043983,102.05977,0.0
SCS17,weekday_2112,1783559213,46.0,3.46794,101.63766,0.0
DMU03,52,1783559136,75.0,5.879463,102.15581,0.0
SCS29,2948,1783559200,10.0,6.431265,100.268486,0.0
SCS26,weekday_2012,1783559188,44.0,3.190253,101.68804,0.0
SCS07,weekday_2011,1783559178,0.0,3.13492,101.688126,0.0
SCS28,weekday_2014,1783559173,17.0,3.119125,101.678665,0.0
EMU33,2951,1783559173,45.0,5.48079,100.49761,0.0
SCS10,weekday_2010,1783559185,11.0,3.238218,101.68113,0.0
EMU23,2906,1783559182,120.0,4.726883,101.12209,0.0
SCS32,2955,1783559174,115.0,6.28926,100.34963,0.0
EMU23,2906,1783559197,120.0,4.731595,101.12192,0.0
DMU03,52,1783559196,48.0,5.889747,102.15705,0.0
DMU10(D6120),51,1783559196,26.0,5.042838,102.057495,0.0
SCS17,weekday_2112,1783559213,46.0,3.46794,101.63766,0.0
SCS07,weekday_2011,1783559253,0.0,3.13492,101.688126,0.0
SCS10,weekday_2010,1783559245,0.0,3.234948,101.67981,0.0
SCS37,2952,1783559199,113.0,5.613852,100.49678,0.0
SCS29,2948,1783559320,116.0,6.444275,100.26402,0.0
SCS37,2952,1783559319,8.0,5.643433,100.49013,0.0
SCS23,weekday_2127,1783559318,101.0,3.446033,101.63871,0.0
DMU10(D6120),51,1783559316,30.0,5.035093,102.052704,0.0
SCS07,weekday_2011,1783559313,0.0,3.13492,101.688126,0.0
SCS10,weekday_2010,1783559275,68.0,3.231108,101.67523,0.0
SCS08,weekday_2119,1783559354,25.0,3.111498,101.67398,0.0
SCS20,weekday_2008,1783559348,12.0,3.238018,101.681145,0.0
SCS23,weekday_2127,1783559348,67.0,3.440388,101.63764,0.0
SCS26,weekday_2012,1783559323,0.0,3.19875,101.68082,0.0
EMU23,2906,1783559347,117.0,4.774157,101.10594,0.0
SCS17,weekday_2112,1783559378,117.0,3.484238,101.639084,0.0
DMU10(D6120),51,1783559361,0.0,5.033915,102.05056,0.0
DMU03,52,1783559361,74.0,5.90639,102.159065,0.0
SCS37,2952,1783559334,0.0,5.643642,100.49019,0.0
SCS28,weekday_2014,1783559368,18.0,3.129823,101.68123,0.0
SCS29,2948,1783559440,114.0,6.47878,100.25364,0.0
SCS07,weekday_2011,1783559433,0.0,3.13492,101.688126,0.0
SCS32,2955,1783559429,115.0,6.214447,100.3649,0.0
SCS23,weekday_2127,1783559393,66.0,3.433548,101.63332,0.0
SCS17,weekday_2112,1783559393,116.0,3.488335,101.637024,0.0
EMU23,2906,1783559392,113.0,4.785585,101.098175,0.0
DMU10(D6120),51,1783559391,0.0,5.033915,102.05056,0.0
DMU03,52,1783559391,70.0,5.912147,102.157715,0.0
SCS37,2952,1783559379,0.0,5.643642,100.49019,0.0
SCS20,weekday_2008,1783559388,15.0,3.235803,101.68096,0.0
SCS26,weekday_2012,1783559473,5.0,3.205092,101.67524,0.0
SCS10,weekday_2010,1783559470,48.0,3.206965,101.67382,0.0
EMU22,2907,1783559445,0.0,5.393558,100.36622,0.0
SCS32,2955,1783559444,114.0,6.21003,100.36579,0.0
SCS17,weekday_2112,1783559438,58.0,3.49932,101.63432,0.0
SCS23,weekday_2127,1783559438,70.0,3.427053,101.628204,0.0
SCS29,2948,1783559485,114.0,6.492297,100.253426,0.0
SCS37,2952,1783559484,116.0,5.663643,100.49359,0.0
SCS28,weekday_2014,1783559473,30.0,3.132287,101.68329,0.0
SCS08,weekday_2119,1783559531,0.0,3.094988,101.669846,0.0
DMU10(D6120),51,1783559526,41.0,5.025648,102.04054,0.0
SCS29,2948,1783559500,114.0,6.496795,100.25335,0.0
DMU03,52,1783559496,22.0,5.91827,102.15608,0.0
SCS07,weekday_2011,1783559553,0.0,3.13492,101.688126,0.0
SCS37,2952,1783559499,115.0,5.66815,100.49435,0.0
EMU23,2906,1783559497,112.0,4.811468,101.07892,0.0
SCS23,weekday_2127,1783559498,95.0,3.414497,101.6268,0.0
SCS07,weekday_2011,1783559583,0.0,3.13492,101.688126,0.0
SCS17,weekday_2112,1783559588,82.0,3.510212,101.63266,0.0
EMU23,2906,1783559587,0.0,4.81876,101.070984,0.0
DMU03,52,1783559586,72.0,5.93314,102.15198,0.0
SCS07,weekday_2011,1783559673,0.0,3.13492,101.688126,0.0
DMU03,52,1783559631,68.0,5.941408,102.149765,0.0
DMU10(D6120),51,1783559631,30.0,5.023485,102.03696,0.0
SCS20,weekday_2008,1783559708,14.0,3.204687,101.67567,0.0
DMU03,52,1783559706,75.0,5.955968,102.14581,0.0
SCS23,weekday_2127,1783559708,0.0,3.376453,101.61489,0.0
SCS17,weekday_2112,1783559708,95.0,3.538223,101.63502,0.0
SCS37,2952,1783559694,115.0,5.72195,100.51413,0.0
SCS10,weekday_2010,1783559740,42.0,3.192943,101.68581,0.0
DMU10(D6120),51,1783559706,9.0,5.020763,102.03165,0.0
SCS29,2948,1783559740,116.0,6.541573,100.259865,0.0
SCS07,weekday_2011,1783559673,0.0,3.13492,101.688126,0.0
EMU23,2906,1783559737,0.0,4.81876,101.070984,0.0
EMU22,2907,1783559730,94.0,5.375555,100.39619,0.0
SCS08,weekday_2119,1783559725,0.0,3.086107,101.66391,0.0
EMU33,2951,1783559723,43.0,5.359015,100.46225,0.0
SCS28,weekday_2014,1783559713,15.0,3.1375,101.69006,0.0
SCS26,weekday_2012,1783559713,51.0,3.219668,101.67242,0.0
DMU10(D6120),51,1783559766,40.0,5.016858,102.03008,0.0
SCS20,weekday_2008,1783559748,4.0,3.203698,101.67665,0.0
SCS07,weekday_2011,1783559748,22.0,3.127407,101.67945,0.0
EMU22,2907,1783559745,98.0,5.373787,100.39955,0.0
SCS32,2955,1783559744,115.0,6.151847,100.379974,0.0
SCS37,2952,1783559769,114.0,5.743058,100.50605,0.0
SCS17,weekday_2112,1783559768,65.0,3.55159,101.63966,0.0
SCS23,weekday_2127,1783559768,58.0,3.374228,101.6126,0.0
EMU33,2951,1783559768,58.0,5.363482,100.45859,0.0
EMU23,2906,1783559767,0.0,4.81876,101.070984,0.0
DMU03,52,1783559766,22.0,5.965752,102.14397,0.0
SCS29,2948,1783559800,114.0,6.559715,100.25938,0.0
EMU23,2906,1783559812,50.0,4.819702,101.06946,0.0
SCS28,weekday_2014,1783559803,0.0,3.138908,101.69335,0.0
SCS07,weekday_2011,1783559793,40.0,3.123493,101.67803,0.0
EMU22,2907,1783559850,49.0,5.365273,100.41957,0.0
SCS32,2955,1783559849,103.0,6.12207,100.373795,0.0
SCS26,weekday_2012,1783559848,19.0,3.23206,101.67647,0.0
SCS10,weekday_2010,1783559845,22.0,3.183723,101.68921,0.0
DMU03,52,1783559826,15.0,5.966443,102.14391,0.0
SCS20,weekday_2008,1783559828,52.0,3.19937,101.68032,0.0
SCS17,weekday_2112,1783559828,0.0,3.553845,101.63932,0.0
DMU10(D6120),51,1783559826,29.0,5.011875,102.02647,0.0
EMU33,2951,1783559813,58.0,5.36584,100.45085,0.0
SCS10,weekday_2010,1783559920,0.0,3.182835,101.68886,0.0
SCS29,2948,1783559920,116.0,6.595325,100.26315,0.0
DMU10(D6120),51,1783559901,39.0,5.007395,102.02468,0.0
DMU03,52,1783559916,82.0,5.981593,102.14291,0.0
SCS37,2952,1783559889,115.0,5.776163,100.491745,0.0
SCS07,weekday_2011,1783559913,0.0,3.119307,101.67873,0.0
DMU10(D6120),51,1783559946,59.0,5.000823,102.02193,0.0
SCS17,weekday_2112,1783559948,100.0,3.567308,101.6204,0.0
SCS23,weekday_2127,1783559948,92.0,3.359568,101.572075,0.0
SCS20,weekday_2008,1783559948,42.0,3.190817,101.68763,0.0
SCS26,weekday_2012,1783559938,18.0,3.237658,101.68123,0.0
SCS37,2952,1783559934,115.0,5.788487,100.48618,0.0
SCS07,weekday_2011,1783559928,0.0,3.119307,101.67873,0.0
SCS08,weekday_2119,1783559925,36.0,3.082738,101.654396,0.0
SCS32,2955,1783559924,0.0,6.113575,100.369934,0.0
EMU23,2906,1783559968,120.0,4.827195,101.028435,0.0
SCS29,2948,1783559965,113.0,6.608893,100.26354,0.0
SCS10,weekday_2010,1783559965,10.0,3.182293,101.68862,0.0
SCS28,weekday_2014,1783559953,19.0,3.142443,101.69382,0.0
SCS08,weekday_2119,1783560045,40.0,3.084358,101.63289,0.0
SCS10,weekday_2010,1783560040,21.0,3.176387,101.68572,0.0
SCS29,2948,1783560040,112.0,6.629512,100.27061,0.0
SCS07,weekday_2011,1783559973,0.0,3.119307,101.67873,0.0
SCS23,weekday_2127,1783560008,87.0,3.345392,101.572395,0.0
SCS37,2952,1783560014,108.0,5.811795,100.479065,0.0
SCS17,weekday_2112,1783560008,105.0,3.580158,101.61327,0.0
DMU10(D6120),51,1783560036,52.0,4.988157,102.01564,0.0
SCS29,2948,1783560040,112.0,6.629512,100.27061,0.0
DMU03,52,1783560036,0.0,5.99671,102.141945,0.0
SCS07,weekday_2011,1783560033,0.0,3.119307,101.67873,0.0
SCS10,weekday_2010,1783560085,20.0,3.173543,101.68484,0.0
SCS26,weekday_2012,1783560088,0.0,3.238397,101.68122,0.0
SCS28,weekday_2014,1783560088,0.0,3.153847,101.69228,0.0
EMU33,2951,1783560053,46.0,5.363745,100.42328,0.0
EMU22,2907,1783560045,61.0,5.366915,100.44405,0.0
SCS32,2955,1783560044,115.0,6.096085,100.3708,0.0
SCS37,2952,1783560044,81.0,5.819365,100.478386,0.0
EMU23,2906,1783560043,122.0,4.841343,101.00942,0.0
EMU33,2951,1783560113,0.0,5.364348,100.42168,0.0
DMU10(D6120),51,1783560111,57.0,4.97678,102.013466,0.0
SCS07,weekday_2011,1783560153,53.0,3.112657,101.68544,0.0
SCS23,weekday_2127,1783560128,26.0,3.327753,101.56935,0.0
SCS17,weekday_2112,1783560128,115.0,3.602135,101.59136,0.0
SCS26,weekday_2012,1783560118,0.0,3.238397,101.68122,0.0
SCS29,2948,1783560115,62.0,6.639502,100.284065,0.0
DMU03,52,1783560126,73.0,6.009252,102.14104,0.0
SCS08,weekday_2119,1783560125,13.0,3.084678,101.63094,0.0
EMU23,2906,1783560193,119.0,4.837587,100.963615,0.0
EMU33,2951,1783560188,81.0,5.367655,100.41323,0.0
SCS23,weekday_2127,1783560188,31.0,3.323685,101.572235,0.0
DMU10(D6120),51,1783560186,51.0,4.965402,102.01142,0.0
SCS08,weekday_2119,1783560185,51.0,3.084808,101.62435,0.0
SCS17,weekday_2112,1783560173,115.0,3.612617,101.58276,0.0
DMU03,52,1783560186,65.0,6.020145,102.14037,0.0
SCS07,weekday_2011,1783560183,64.0,3.111042,101.68951,0.0
SCS26,weekday_2012,1783560178,0.0,3.238397,101.68122,0.0
SCS28,weekday_2014,1783560178,71.0,3.159437,101.69274,0.0
SCS29,2948,1783560205,71.0,6.646503,100.29345,0.0
DMU10(D6120),51,1783560246,0.0,4.96265,102.010414,0.0
SCS23,weekday_2127,1783560233,14.0,3.320727,101.57441,0.0
SCS08,weekday_2119,1783560245,0.0,3.084433,101.62121,0.0
SCS29,2948,1783560235,87.0,6.649478,100.29975,0.0
SCS10,weekday_2013,1783560233,17.0,3.166167,101.69019,0.0
DMU03,52,1783560231,60.0,6.027855,102.13988,0.0
SCS37,2952,1783560269,115.0,5.853702,100.476875,0.0
SCS10,weekday_2013,1783560308,36.0,3.165062,101.69132,0.0
SCS29,2948,1783560295,59.0,6.654638,100.30873,0.0
EMU33,2951,1783560293,87.0,5.378712,100.39012,0.0
SCS24,weekday_2131,1783560297,0.0,3.683947,101.51882,0.0
SCS07,weekday_2011,1783560333,16.0,3.0998,101.70351,0.0
EMU23,2906,1783560298,122.0,4.810613,100.95034,0.0
SCS08,weekday_2119,1783560385,4.0,3.083127,101.610916,0.0
SCS29,2948,1783560385,21.0,6.65934,100.31589,0.0
SCS23,weekday_2127,1783560383,61.0,3.313353,101.57493,0.0
EMU33,2951,1783560383,31.0,5.386313,100.37559,0.0
SCS17,weekday_2112,1783560383,111.0,3.657923,101.53996,0.0
SCS10,weekday_2013,1783560383,28.0,3.155575,101.69366,0.0
DMU10(D6120),51,1783560381,61.0,4.94891,102.005226,0.0
EMU33,2951,1783560428,4.0,5.387428,100.37323,0.0
SCS26,weekday_2012,1783560418,50.0,3.232587,101.677216,0.0
SCS29,2948,1783560415,23.0,6.660662,100.317604,0.0
SCS37,2952,1783560434,114.0,5.902723,100.47282,0.0
EMU23,2906,1783560433,69.0,4.778533,100.93478,0.0
SCS24,weekday_2131,1783560432,0.0,3.683947,101.51882,0.0
SCS10,weekday_2013,1783560488,37.0,3.153445,101.69207,0.0
DMU03,52,1783560486,0.0,6.042727,102.14233,0.0
SCS24,weekday_2131,1783560477,0.0,3.683947,101.51882,0.0
SCS08,weekday_2119,1783560485,27.0,3.082908,101.60812,0.0
EMU23,2906,1783560508,0.0,4.776207,100.93186,0.0
EMU33,2951,1783560473,23.0,5.388588,100.37192,0.0
SCS23,weekday_2127,1783560473,76.0,3.295222,101.57473,0.0
SCS17,weekday_2112,1783560473,34.0,3.675247,101.52784,0.0
DMU10(D6120),51,1783560471,75.0,4.932002,102.00222,0.0
SCS07,weekday_2011,1783560573,0.0,3.098628,101.70504,0.0
SCS32,2955,1783560539,14.0,5.972947,100.440186,0.0
SCS37,2952,1783560539,114.0,5.93223,100.46147,0.0
EMU23,2906,1783560538,0.0,4.776207,100.93186,0.0
SCS26,weekday_2012,1783560523,53.0,3.216393,101.672325,0.0
SCS08,weekday_2119,1783560525,29.0,3.082837,101.60548,0.0
EMU33,2951,1783560533,23.0,5.391653,100.3686,0.0
SCS07,weekday_2011,1783560633,0.0,3.098628,101.70504,0.0
SCS23,weekday_2127,1783560608,67.0,3.272542,101.56116,0.0
EMU33,2951,1783560608,0.0,5.392818,100.36694,0.0
SCS10,weekday_2013,1783560608,21.0,3.143958,101.6934,0.0
DMU03,52,1783560606,0.0,6.042857,102.14221,0.0
SCS08,weekday_2119,1783560605,40.0,3.083755,101.59515,0.0
SCS17,weekday_2112,1783560578,0.0,3.677362,101.526115,0.0
SCS28,weekday_2014,1783560577,27.0,3.180557,101.68802,0.0
SCS07,weekday_2011,1783560663,0.0,3.098628,101.70504,0.0
EMU33,2951,1783560653,0.0,5.392818,100.36694,0.0
SCS28,weekday_2014,1783560652,0.0,3.18147,101.68837,0.0
DMU03,52,1783560651,0.0,6.042795,102.14222,0.0
SCS10,weekday_2013,1783560713,0.0,3.140383,101.69403,0.0
SCS28,weekday_2014,1783560712,7.0,3.181735,101.68843,0.0
SCS23,weekday_2127,1783560698,7.0,3.262838,101.55705,0.0
DMU03,52,1783560771,4.0,6.04289,102.14225,0.0
SCS24,weekday_2131,1783560760,82.0,3.65582,101.542046,0.0
SCS07,weekday_2011,1783560753,0.0,3.098628,101.70504,0.0
SCS32,2955,1783560719,114.0,5.945452,100.45571,0.0
SCS28,weekday_2014,1783560757,26.0,3.184738,101.68948,0.0
SCS07,weekday_2011,1783560813,0.0,3.098628,101.70504,0.0
SCS32,2955,1783560809,114.0,5.92043,100.46605,0.0
DMU10(D6120),51,1783560801,60.0,4.897785,101.97112,0.0
SCS23,weekday_2127,1783560758,25.0,3.260285,101.55558,0.0
SCS10,weekday_2013,1783560758,19.0,3.13902,101.69371,0.0
DMU03,52,1783560771,4.0,6.04289,102.14225,0.0
SCS24,weekday_2131,1783560790,110.0,3.65084,101.54773,0.0
SCS07,weekday_2011,1783560873,0.0,3.098628,101.70504,0.0
SCS08,weekday_2119,1783560870,19.0,3.082718,101.583084,0.0
SCS24,weekday_2131,1783560850,114.0,3.637397,101.55966,0.0
SCS28,weekday_2014,1783560862,50.0,3.195325,101.68363,0.0
SCS23,weekday_2127,1783560848,16.0,3.258252,101.5549,0.0
DMU10(D6120),51,1783560846,9.0,4.893453,101.97125,0.0
SCS10,weekday_2013,1783560818,12.0,3.136562,101.69055,0.0
EMU23,2906,1783560931,111.0,4.771147,100.88305,0.0
SCS26,weekday_2012,1783560928,0.0,3.186933,101.689964,0.0
SCS24,weekday_2131,1783560895,114.0,3.626507,101.56748,0.0
SCS08,weekday_2119,1783560909,35.0,3.081708,101.57914,0.0
SCS10,weekday_2013,1783560908,0.0,3.134798,101.688484,0.0
SCS23,weekday_2127,1783560908,22.0,3.253902,101.5548,0.0
SCS28,weekday_2014,1783560907,0.0,3.197782,101.68154,0.0
DMU10(D6120),51,1783560906,0.0,4.893113,101.97131,0.0
DMU03,52,1783560906,16.0,6.045722,102.14389,0.0
SCS10,weekday_2013,1783560953,0.0,3.134798,101.688484,0.0
SCS23,weekday_2127,1783560953,36.0,3.250713,101.555855,0.0
SCS28,weekday_2014,1783560952,13.0,3.197993,101.681335,0.0
DMU03,52,1783560951,52.0,6.04955,102.14588,0.0
DMU10(D6120),51,1783560951,0.0,4.893113,101.97131,0.0
SCS24,weekday_2131,1783561000,115.0,3.604503,101.58966,0.0
SCS08,weekday_2119,1783560995,38.0,3.076995,101.57072,0.0
SCS07,weekday_2011,1783561053,0.0,3.098628,101.70504,0.0
EMU23,2906,1783561051,1.0,4.778103,100.857346,0.0
SCS32,2955,1783561019,114.0,5.859163,100.47697,0.0
SCS24,weekday_2131,1783561015,116.0,3.60111,101.59261,0.0
SCS10,weekday_2013,1783560998,0.0,3.134798,101.688484,0.0
SCS28,weekday_2014,1783560997,39.0,3.200075,101.67958,0.0
SCS37,2952,1783561034,114.0,6.036618,100.404106,0.0
DMU03,52,1783560996,75.0,6.05689,102.14974,0.0
SCS08,weekday_2119,1783561050,15.0,3.07632,101.566216,0.0
SCS08,weekday_2119,1783561057,17.0,3.076387,101.56584,0.0
DMU10(D6120),51,1783561086,0.0,4.893113,101.97131,0.0
DMU03,52,1783561086,77.0,6.073228,102.15893,0.0
SCS07,weekday_2011,1783561083,0.0,3.098628,101.70504,0.0
SCS26,weekday_2012,1783561078,3.0,3.185833,101.69008,0.0
SCS24,weekday_2131,1783561060,101.0,3.596482,101.603355,0.0
SCS23,weekday_2127,1783561058,106.0,3.232548,101.55948,0.0
SCS10,weekday_2013,1783561058,0.0,3.134798,101.688484,0.0
SCS28,weekday_2014,1783561057,0.0,3.20429,101.675934,0.0
SCS32,2955,1783561154,25.0,5.825552,100.47795,0.0
SCS24,weekday_2131,1783561165,101.0,3.571067,101.61638,0.0
SCS08,weekday_2119,1783561151,17.0,3.076597,101.5611,0.0
DMU10(D6120),51,1783561146,30.0,4.891578,101.97148,0.0
SCS07,weekday_2011,1783561143,0.0,3.098628,101.70504,0.0
SCS23,weekday_2127,1783561133,90.0,3.214905,101.57003,0.0
SCS08,weekday_2119,1783561198,4.0,3.075583,101.559105,0.0
SCS23,weekday_2127,1783561193,23.0,3.20932,101.575165,0.0
SCS10,weekday_2013,1783561193,30.0,3.124123,101.67809,0.0
SCS28,weekday_2014,1783561192,1.0,3.213823,101.67203,0.0
DMU10(D6120),51,1783561191,30.0,4.886922,101.971344,0.0
DMU03,52,1783561191,72.0,6.09115,102.1715,0.0
SCS24,weekday_2131,1783561180,110.0,3.568122,101.61934,0.0
DMU10(D6120),51,1783561251,43.0,4.881262,101.967514,0.0
EMU23,2906,1783561291,0.0,4.77603,100.823715,0.0
EMU22,2907,1783561258,84.0,5.163592,100.47979,0.0
SCS08,weekday_2119,1783561241,0.0,3.075565,101.55904,0.0
SCS24,weekday_2131,1783561285,73.0,3.555822,101.639,0.0
SCS10,weekday_2013,1783561253,9.0,3.119765,101.67842,0.0
SCS28,weekday_2014,1783561252,47.0,3.215533,101.672134,0.0
DMU03,52,1783561251,0.0,6.094678,102.174614,0.0
SCS10,weekday_2013,1783561343,0.0,3.119483,101.67861,0.0
DMU10(D6120),51,1783561341,0.0,4.879095,101.96687,0.0
DMU03,52,1783561341,76.0,6.102813,102.18263,0.0
SCS24,weekday_2131,1783561300,36.0,3.553677,101.63941,0.0
SCS08,weekday_2119,1783561341,73.0,3.068965,101.55027,0.0
SCS23,weekday_2127,1783561298,0.0,3.206403,101.57963,0.0
SCS28,weekday_2014,1783561297,76.0,3.223608,101.67249,0.0
SCS28,weekday_2014,1783561372,23.0,3.231778,101.675934,0.0
SCS08,weekday_2119,1783561421,61.0,3.060347,101.53731,0.0
SCS07,weekday_2011,1783561398,0.0,3.098628,101.70504,0.0
DMU10(D6120),51,1783561416,0.0,4.87913,101.966805,0.0
SCS10,weekday_2013,1783561388,0.0,3.11937,101.678764,0.0
DMU10(D6120),51,1783561461,0.0,4.87913,101.966805,0.0
SCS24,weekday_2131,1783561435,99.0,3.535187,101.63419,0.0
SCS32,2955,1783561424,116.0,5.773402,100.492905,0.0
SCS28,weekday_2014,1783561462,19.0,3.236173,101.68107,0.0
DMU03,52,1783561461,28.0,6.115478,102.19739,0.0
SCS07,weekday_2011,1783561428,0.0,3.098628,101.70504,0.0
SCS10,weekday_2013,1783561433,0.0,3.11937,101.678764,0.0
SCS23,weekday_2127,1783561418,33.0,3.203672,101.585335,0.0
SCS23,weekday_2127,1783561508,78.0,3.201172,101.6,0.0
SCS28,weekday_2014,1783561507,0.0,3.237107,101.681175,0.0
DMU03,52,1783561506,23.0,6.11773,102.2001,0.0
SCS07,weekday_2011,1783561533,0.0,3.098628,101.70504,0.0
DMU05,55,1783561509,0.0,6.19931,102.16736,0.0
DMU10(D6120),51,1783561506,0.0,4.87913,101.966805,0.0
SCS23,weekday_2127,1783561553,84.0,3.20012,101.60924,0.0
SCS28,weekday_2014,1783561552,0.0,3.237107,101.681175,0.0
SCS07,weekday_2011,1783561548,0.0,3.098628,101.70504,0.0
SCS32,2955,1783561544,114.0,5.739773,100.50741,0.0
SCS37,2952,1783561544,114.0,6.143142,100.380585,0.0
EMU22,2907,1783561543,96.0,5.112457,100.48995,0.0
SCS24,weekday_2131,1783561555,90.0,3.505655,101.63336,0.0
SCS07,weekday_2011,1783561638,0.0,3.098628,101.70504,0.0
EMU23,2906,1783561633,95.0,4.8413,100.728065,0.0
DMU05,55,1783561719,74.0,6.187372,102.175545,0.0
SCS08,weekday_2119,1783561714,26.0,3.05441,101.5183,0.0
SCS24,weekday_2131,1783561705,117.0,3.482877,101.63945,0.0
SCS28,weekday_2014,1783561732,0.0,3.237107,101.681175,0.0
SCS07,weekday_2011,1783561698,0.0,3.098628,101.70504,0.0
DMU10(D6120),51,1783561671,0.0,4.87917,101.96689,0.0
SCS10,weekday_2013,1783561658,21.0,3.109368,101.69154,0.0
DMU03,52,1783561656,0.0,6.120175,102.202194,0.0
SCS10,weekday_2013,1783561748,0.0,3.108705,101.69241,0.0
SCS28,weekday_2014,1783561747,0.0,3.237107,101.681175,0.0
DMU03,52,1783561746,2.0,6.119152,102.201256,0.0
DMU05,55,1783561734,74.0,6.18546,102.17788,0.0
SCS24,weekday_2131,1783561750,76.0,3.470693,101.63816,0.0
DMU10(D6120),51,1783561746,0.0,4.87917,101.96689,0.0
SCS07,weekday_2011,1783561848,0.0,3.098628,101.70504,0.0
SCS32,2955,1783561829,110.0,5.660655,100.493095,0.0
SCS07,weekday_2011,1783561848,0.0,3.098628,101.70504,0.0
SCS10,weekday_2013,1783561853,0.0,3.108705,101.69241,0.0
DMU03,52,1783561851,0.0,6.118565,102.20072,0.0
DMU10(D6120),51,1783561851,0.0,4.879168,101.96688,0.0
EMU22,2907,1783561850,94.0,5.041473,100.52049,0.0
SCS08,weekday_2119,1783561871,26.0,3.051428,101.50683,0.0
SCS24,weekday_2131,1783561870,115.0,3.456037,101.63954,0.0
SCS27,weekday_2130,1783561870,4.0,3.001148,101.39079,0.0
DMU05,55,1783561869,70.0,6.16814,102.19537,0.0
SCS24,weekday_2131,1783561960,79.0,3.434855,101.634315,0.0
DMU05,55,1783561959,76.0,6.161317,102.21197,0.0
SCS28,weekday_2014,1783561912,0.0,3.237107,101.681175,0.0
DMU03,52,1783561911,0.0,6.11848,102.200775,0.0
DMU10(D6120),51,1783561911,2.0,4.878987,101.96681,0.0
EMU22,2907,1783561925,19.0,5.029032,100.527115,0.0
DMU03,52,1783561986,0.0,6.11848,102.200775,0.0
DMU05,55,1783561974,73.0,6.160095,102.214775,0.0
SCS28,weekday_2014,1783561972,0.0,3.237107,101.681175,0.0
SCS08,weekday_2119,1783561987,0.0,3.051857,101.500725,0.0
DMU10(D6120),51,1783561971,0.0,4.878893,101.96682,0.0
SCS32,2955,1783561964,0.0,5.64369,100.49021,0.0
SCS27,weekday_2130,1783561960,11.0,3.003687,101.39238,0.0
SCS07,weekday_2018,1783561983,21.0,3.09976,101.70347,0.0
SCS37,2952,1783561964,114.0,6.235903,100.36047,0.0
SCS23,weekday_2127,1783561988,61.0,3.197513,101.64264,0.0
SCS28,weekday_2014,1783562062,0.0,3.237107,101.681175,0.0
DMU03,52,1783562061,0.0,6.11848,102.200775,0.0
DMU10(D6120),51,1783562031,55.0,4.872252,101.964966,0.0
DMU05,55,1783562064,58.0,6.154123,102.22851,0.0
SCS08,weekday_2119,1783562063,0.0,3.051857,101.500725,0.0
SCS23,weekday_2127,1783562063,21.0,3.192585,101.6539,0.0
SCS07,weekday_2018,1783562133,48.0,3.109622,101.69117,0.0
SCS37,2952,1783562129,114.0,6.284273,100.35059,0.0
EMU23,2906,1783562128,121.0,4.927878,100.717445,0.0
SCS24,weekday_2131,1783562095,117.0,3.402235,101.62777,0.0
DMU10(D6120),51,1783562136,74.0,4.854215,101.97289,0.0
SCS23,weekday_2127,1783562168,63.0,3.19017,101.65907,0.0
SCS07,weekday_2018,1783562163,55.0,3.112192,101.68774,0.0
SCS08,weekday_2119,1783562208,0.0,3.051857,101.500725,0.0
SCS24,weekday_2131,1783562200,60.0,3.37686,101.61522,0.0
SCS28,weekday_2014,1783562137,0.0,3.237107,101.681175,0.0
SCS27,weekday_2130,1783562200,9.0,3.00974,101.398865,0.0
DMU05,55,1783562199,74.0,6.135327,102.22036,0.0
DMU03,52,1783562181,0.0,6.11848,102.200775,0.0
EMU22,2907,1783562180,98.0,5.032982,100.5674,0.0
DMU10(D6120),51,1783562181,74.0,4.849387,101.980545,0.0
SCS07,weekday_2018,1783562238,0.0,3.113897,101.68099,0.0
SCS08,weekday_2119,1783562220,0.0,3.051857,101.500725,0.0
SCS07,weekday_2018,1783562313,24.0,3.115462,101.67977,0.0
SCS24,weekday_2131,1783562275,75.0,3.373385,101.61177,0.0
DMU10(D6120),51,1783562301,65.0,4.83674,101.99753,0.0
SCS08,weekday_2119,1783562284,0.0,3.051857,101.500725,0.0
SCS27,weekday_2130,1783562260,22.0,3.012218,101.40146,0.0
SCS08,weekday_2119,1783562363,0.0,3.051857,101.500725,0.0
SCS07,weekday_2018,1783562358,13.0,3.118677,101.67888,0.0
DMU03,52,1783562316,0.0,6.11848,102.200775,0.0
DMU10(D6120),51,1783562316,67.0,4.836137,102.00016,0.0
EMU22,2907,1783562315,100.0,5.044597,100.598946,0.0
EMU23,2906,1783562356,121.0,4.99826,100.735245,0.0
DMU05,55,1783562319,34.0,6.121962,102.20431,0.0
SCS23,weekday_2127,1783562318,95.0,3.182798,101.67085,0.0
SCS27,weekday_2130,1783562410,21.0,3.017427,101.40708,0.0
SCS24,weekday_2131,1783562440,103.0,3.357837,101.57152,0.0
DMU03,52,1783562436,0.0,6.11848,102.200775,0.0
EMU22,2907,1783562435,100.0,5.042317,100.62974,0.0
SCS08,weekday_2119,1783562406,0.0,3.051857,101.500725,0.0
DMU10(D6120),51,1783562376,68.0,4.830685,102.008255,0.0
SCS07,weekday_2018,1783562433,7.0,3.119508,101.67871,0.0
EMU23,2906,1783562431,123.0,5.019313,100.72568,0.0
DMU03,52,1783562466,0.0,6.118563,102.200745,0.0
SCS08,weekday_2119,1783562508,20.0,3.052173,101.49722,0.0
SCS37,2952,1783562504,0.0,6.371322,100.30241,0.0
SCS27,weekday_2130,1783562500,0.0,3.021113,101.411026,0.0
EMU22,2907,1783562495,97.0,5.041562,100.64506,0.0
SCS27,weekday_2130,1783562530,46.0,3.022267,101.41225,0.0
EMU23,2906,1783562551,121.0,5.039102,100.69393,0.0
SCS08,weekday_2119,1783562543,25.0,3.052267,101.49488,0.0
EMU22,2907,1783562495,97.0,5.041562,100.64506,0.0
DMU05,55,1783562529,20.0,6.117565,102.1999,0.0
DMU03,52,1783562496,0.0,6.118563,102.200745,0.0
SCS24,weekday_2131,1783562500,100.0,3.340898,101.57258,0.0
SCS07,weekday_2018,1783562598,25.0,3.128908,101.68067,0.0
SCS27,weekday_2130,1783562575,88.0,3.02811,101.41851,0.0
EMU22,2907,1783562601,92.0,5.039188,100.67156,0.0
DMU10(D6120),51,1783562601,73.0,4.791655,102.0135,0.0
SCS28,weekday_2015,1783562677,19.0,3.213535,101.67211,0.0
EMU22,2907,1783562676,100.0,5.039368,100.69027,0.0
SCS08,weekday_2119,1783562664,19.0,3.052373,101.490486,0.0
SCS23,weekday_2127,1783562663,0.0,3.154837,101.69329,0.0
DMU03,52,1783562631,0.0,6.118555,102.20063,0.0
EMU23,2906,1783562656,122.0,5.039122,100.66076,0.0
SCS24,weekday_2131,1783562665,11.0,3.319003,101.574844,0.0
SCS27,weekday_2130,1783562665,9.0,3.034667,101.42562,0.0
DMU05,55,1783562679,60.0,6.109922,102.19079,0.0
DMU10(D6120),51,1783562661,74.0,4.779957,102.01151,0.0
SCS37,2952,1783562654,115.0,6.391503,100.28732,0.0
DMU03,52,1783562706,0.0,6.11862,102.20056,0.0
SCS27,weekday_2130,1783562695,45.0,3.036353,101.427414,0.0
SCS23,weekday_2127,1783562693,0.0,3.154837,101.69329,0.0
SCS24,weekday_2131,1783562740,14.0,3.3185,101.57485,0.0
SCS28,weekday_2015,1783562707,70.0,3.209185,101.67238,0.0
EMU22,2907,1783562706,95.0,5.037922,100.69812,0.0
DMU10(D6120),51,1783562706,75.0,4.77105,102.01291,0.0
DMU03,52,1783562736,0.0,6.11862,102.20056,0.0
EMU22,2907,1783562736,96.0,5.035648,100.70526,0.0
DMU10(D6120),51,1783562736,77.0,4.765027,102.013885,0.0
SCS24,weekday_2131,1783562785,88.0,3.311655,101.57491,0.0
DMU05,55,1783562739,68.0,6.10285,102.182655,0.0
SCS23,weekday_2127,1783562738,42.0,3.152587,101.691635,0.0
SCS37,2952,1783562759,114.0,6.419168,100.27273,0.0
SCS27,weekday_2130,1783562755,7.0,3.04071,101.43209,0.0
SCS08,weekday_2119,1783562844,55.0,3.042645,101.47369,0.0
EMU23,2906,1783562836,120.0,5.044215,100.603584,0.0
SCS37,2952,1783562834,4.0,6.432615,100.26812,0.0
SCS24,weekday_2131,1783562860,83.0,3.29307,101.574036,0.0
SCS28,weekday_2015,1783562887,58.0,3.199705,101.67996,0.0
SCS07,weekday_2018,1783562853,0.0,3.13206,101.683426,0.0
SCS08,weekday_2119,1783562884,46.0,3.037273,101.470924,0.0
SCS28,weekday_2015,1783562917,0.0,3.197843,101.681564,0.0
EMU22,2907,1783562916,100.0,5.002445,100.735405,0.0
DMU03,52,1783562916,0.0,6.118618,102.20066,0.0
SCS24,weekday_2131,1783562980,79.0,3.271508,101.56034,0.0
SCS27,weekday_2130,1783562980,0.0,3.0439,101.4477,0.0
SCS08,weekday_2119,1783563032,67.0,3.034095,101.462326,0.0
EMU23,2906,1783563031,120.0,5.020613,100.54911,0.0
SCS37,2952,1783562999,115.0,6.455845,100.260086,0.0
DMU05,55,1783562979,72.0,6.08012,102.16378,0.0
SCS23,weekday_2127,1783562978,0.0,3.140375,101.69407,0.0
SCS28,weekday_2015,1783562977,25.0,3.197265,101.68203,0.0
DMU10(D6120),51,1783562976,0.0,4.730808,102.01062,0.0
DMU03,52,1783562976,0.0,6.118618,102.20066,0.0
EMU22,2907,1783562976,94.0,4.986977,100.73374,0.0
SCS07,weekday_2018,1783563033,0.0,3.140082,101.693665,0.0
SCS08,weekday_2119,1783563082,20.0,3.036023,101.45653,0.0
DMU10(D6120),51,1783563051,61.0,4.724758,102.009155,0.0
SCS23,weekday_2127,1783563083,16.0,3.138697,101.693535,0.0
SCS24,weekday_2131,1783563070,0.0,3.261405,101.55616,0.0
SCS27,weekday_2130,1783563070,0.0,3.042405,101.4513,0.0
SCS28,weekday_2015,1783563037,47.0,3.191488,101.68697,0.0
SCS07,weekday_2018,1783563168,23.0,3.144715,101.692635,0.0
SCS28,weekday_2015,1783563127,17.0,3.182097,101.68865,0.0
EMU23,2906,1783563151,0.0,5.028703,100.527245,0.0
SCS32,2955,1783563149,105.0,5.473913,100.49603,0.0
DMU05,55,1783563174,51.0,6.048568,102.145386,0.0
SCS23,weekday_2127,1783563173,21.0,3.135735,101.68949,0.0
SCS07,weekday_2018,1783563168,23.0,3.144715,101.692635,0.0
SCS37,2952,1783563179,112.0,6.508893,100.25438,0.0
DMU10(D6120),51,1783563216,37.0,4.696217,102.00301,0.0
DMU03,52,1783563186,59.0,6.125032,102.2079,0.0
SCS28,weekday_2015,1783563217,18.0,3.181072,101.68825,0.0
DMU03,52,1783563216,73.0,6.128565,102.212234,0.0
DMU10(D6120),51,1783563276,0.0,4.693192,102.003204,0.0
SCS07,weekday_2018,1783563273,25.0,3.154187,101.69271,0.0
EMU23,2906,1783563271,120.0,5.045975,100.518074,0.0
EMU22,2907,1783563270,95.0,4.912285,100.71766,0.0
SCS32,2955,1783563269,115.0,5.438648,100.489586,0.0
SCS08,weekday_2119,1783563222,0.0,3.037858,101.45483,0.0
SCS24,weekday_2131,1783563220,39.0,3.25515,101.55464,0.0
SCS23,weekday_2127,1783563218,0.0,3.134918,101.68861,0.0
EMU23,2906,1783563331,123.0,5.062807,100.50917,0.0
SCS32,2955,1783563329,113.0,5.423148,100.48082,0.0
SCS27,weekday_2130,1783563325,0.0,3.043957,101.44773,0.0
SCS08,weekday_2119,1783563322,0.0,3.037858,101.45483,0.0
SCS07,weekday_2018,1783563318,0.0,3.15471,101.69312,0.0
EMU22,2907,1783563315,72.0,4.902277,100.718735,0.0
SCS24,weekday_2131,1783563280,53.0,3.249078,101.55697,0.0
SCS23,weekday_2127,1783563278,0.0,3.134918,101.68861,0.0
SCS28,weekday_2015,1783563277,24.0,3.176693,101.68596,0.0
DMU10(D6120),51,1783563381,61.0,4.687162,102.00308,0.0
EMU23,2906,1783563391,121.0,5.079685,100.50026,0.0
EMU22,2907,1783563390,0.0,4.896167,100.719376,0.0
SCS07,weekday_2018,1783563378,63.0,3.159923,101.69261,0.0
DMU03,52,1783563426,58.0,6.156972,102.22419,0.0
SCS23,weekday_2127,1783563413,0.0,3.134918,101.68861,0.0
SCS07,weekday_2018,1783563423,25.0,3.165463,101.69098,0.0
DMU10(D6120),51,1783563456,81.0,4.671875,101.99991,0.0
SCS08,weekday_2119,1783563442,25.0,3.041783,101.452065,0.0
EMU23,2906,1783563522,112.0,5.119408,100.488464,0.0
SCS07,weekday_2018,1783563513,22.0,3.166428,101.68984,0.0
DMU03,52,1783563486,70.0,6.160717,102.21346,0.0
DMU05,55,1783563459,6.0,6.042713,102.14244,0.0
DMU10(D6120),51,1783563456,81.0,4.671875,101.99991,0.0
SCS08,weekday_2119,1783563462,17.0,3.042685,101.45111,0.0
SCS28,weekday_2015,1783563461,24.0,3.166618,101.68955,0.0
SCS08,weekday_2119,1783563562,0.0,3.043102,101.45036,0.0
SCS07,weekday_2018,1783563558,4.0,3.167545,101.68797,0.0
SCS27,weekday_2130,1783563535,2.0,3.043927,101.447784,0.0
SCS23,weekday_2127,1783563533,17.0,3.13921,101.69346,0.0
SCS24,weekday_2131,1783563520,45.0,3.206427,101.57967,0.0
DMU05,55,1783563519,15.0,6.039635,102.140724,0.0
DMU03,52,1783563516,43.0,6.162555,102.20884,0.0
EMU22,2907,1783563555,94.0,4.864682,100.72966,0.0
SCS24,weekday_2131,1783563625,51.0,3.2032,101.586174,0.0
SCS07,weekday_2018,1783563648,0.0,3.167587,101.68785,0.0
DMU10(D6120),51,1783563606,6.0,4.645812,101.99409,0.0
DMU03,52,1783563606,36.0,6.163525,102.20602,0.0
DMU03,52,1783563651,72.0,6.165915,102.198845,0.0
DMU10(D6120),51,1783563651,4.0,4.645742,101.994064,0.0
SCS24,weekday_2131,1783563640,69.0,3.202293,101.58833,0.0
SCS28,weekday_2015,1783563656,44.0,3.155357,101.69352,0.0
SCS23,weekday_2126,1783563638,17.0,3.141873,101.69409,0.0
DMU05,55,1783563714,73.0,6.01389,102.13992,0.0
SCS07,weekday_2018,1783563678,25.0,3.168062,101.68693,0.0
EMU23,2906,1783563657,55.0,5.133093,100.48564,0.0
SCS27,weekday_2130,1783563655,18.0,3.039292,101.45375,0.0
DMU10(D6120),51,1783563756,74.0,4.632212,101.990906,0.0
SCS27,weekday_2130,1783563700,64.0,3.035965,101.456535,0.0
DMU03,52,1783563741,74.0,6.177933,102.186935,0.0
SCS07,weekday_2018,1783563708,22.0,3.169843,101.68557,0.0
SCS37,2952,1783563704,114.0,6.634018,100.27665,0.0
SCS24,weekday_2131,1783563730,99.0,3.19992,101.60874,0.0
DMU10(D6120),51,1783563771,77.0,4.629227,101.99018,0.0
SCS08,weekday_2119,1783563764,57.0,3.04649,101.43926,0.0
SCS24,weekday_2131,1783563760,88.0,3.204873,101.6147,0.0
SCS27,weekday_2130,1783563760,58.0,3.03453,101.46901,0.0
DMU03,52,1783563756,73.0,6.179817,102.18464,0.0
SCS28,weekday_2015,1783563761,41.0,3.15228,101.69132,0.0
DMU05,55,1783563759,73.0,6.004972,102.14141,0.0
SCS08,weekday_2119,1783563864,1.0,3.039893,101.43122,0.0
DMU10(D6120),51,1783563861,74.0,4.611345,101.98614,0.0
EMU22,2907,1783563855,91.0,4.81572,100.73963,0.0
SCS32,2955,1783563854,102.0,5.3657,100.438545,0.0
SCS07,weekday_2018,1783563899,0.0,3.18268,101.6888,0.0
SCS28,weekday_2015,1783563896,15.0,3.141193,101.69413,0.0
SCS24,weekday_2131,1783563895,0.0,3.208583,101.62895,0.0
SCS32,2955,1783563929,42.0,5.363672,100.42351,0.0
DMU10(D6120),51,1783563906,74.0,4.602442,101.98471,0.0
EMU23,2906,1783563897,82.0,5.174857,100.47953,0.0
DMU05,55,1783563999,0.0,5.96604,102.14393,0.0
SCS08,weekday_2119,1783564011,0.0,3.033635,101.4245,0.0
SCS28,weekday_2015,1783564001,14.0,3.1384,101.69329,0.0
SCS24,weekday_2131,1783564000,44.0,3.206185,101.63397,0.0
SCS23,weekday_2126,1783563968,0.0,3.166075,101.69034,0.0
SCS37,2952,1783563959,0.0,6.662813,100.320114,0.0
DMU03,52,1783563936,16.0,6.197807,102.16733,0.0
SCS07,weekday_2018,1783564049,58.0,3.19586,101.68326,0.0
SCS32,2955,1783564034,95.0,5.366523,100.41611,0.0
SCS08,weekday_2119,1783564035,0.0,3.033635,101.4245,0.0
EMU23,2906,1783564032,123.0,5.21266,100.491135,0.0
SCS02,weekday_2135,1783564032,0.0,3.683883,101.51889,0.0
SCS28,weekday_2015,1783564031,17.0,3.137232,101.69189,0.0
DMU03,52,1783564026,0.0,6.199195,102.167366,0.0
EMU22,2907,1783564026,94.0,4.785833,100.76824,0.0
DMU10(D6120),51,1783564026,77.0,4.579052,101.98802,0.0
DMU03,52,1783564056,0.0,6.199212,102.167465,0.0
EMU23,2906,1783564107,122.0,5.236257,100.48786,0.0
DMU05,55,1783564059,48.0,5.963063,102.14406,0.0
SCS23,weekday_2126,1783564058,73.0,3.175808,101.68117,0.0
EMU22,2907,1783564056,97.0,4.78372,100.77525,0.0
SCS02,weekday_2135,1783564152,0.0,3.683883,101.51889,0.0
EMU23,2906,1783564152,121.0,5.250208,100.48473,0.0
EMU22,2907,1783564161,0.0,4.776683,100.79887,0.0
DMU03,52,1783564161,0.0,6.199195,102.167435,0.0
SCS07,weekday_2018,1783564214,9.0,3.205185,101.67532,0.0
SCS32,2955,1783564214,39.0,5.384957,100.37828,0.0
SCS08,weekday_2119,1783564221,0.0,3.020177,101.41003,0.0
DMU03,52,1783564206,0.0,6.1993,102.16735,0.0
EMU23,2906,1783564197,122.0,5.264257,100.48161,0.0
SCS02,weekday_2135,1783564197,0.0,3.683883,101.51889,0.0
SCS24,weekday_2131,1783564210,108.0,3.19421,101.65013,0.0
SCS28,weekday_2015,1783564196,0.0,3.135878,101.68921,0.0
DMU05,55,1783564179,65.0,5.943557,102.1492,0.0
SCS27,weekday_2130,1783564180,19.0,3.052213,101.497154,0.0
SCS08,weekday_2119,1783564299,20.0,3.017278,101.406906,0.0
SCS23,weekday_2126,1783564298,0.0,3.192207,101.654594,0.0
EMU22,2907,1783564296,100.0,4.776348,100.83539,0.0
DMU03,52,1783564266,9.0,6.198077,102.167435,0.0
SCS24,weekday_2131,1783564240,23.0,3.19186,101.6554,0.0
EMU23,2906,1783564332,0.0,5.28631,100.48088,0.0
SCS08,weekday_2119,1783564324,28.0,3.016085,101.40561,0.0
SCS24,weekday_2131,1783564315,73.0,3.190613,101.65822,0.0
SCS07,weekday_2018,1783564334,31.0,3.214028,101.6721,0.0
SCS32,2955,1783564334,22.0,5.388352,100.37213,0.0
DMU05,55,1783564329,69.0,5.922798,102.15479,0.0
SCS23,weekday_2126,1783564328,0.0,3.192207,101.654594,0.0
EMU22,2907,1783564326,97.0,4.778647,100.84279,0.0
DMU03,52,1783564326,3.0,6.195408,102.167404,0.0
SCS02,weekday_2135,1783564317,0.0,3.683883,101.51889,0.0
SCS28,weekday_2015,1783564316,0.0,3.135878,101.68921,0.0
SCS08,weekday_2119,1783564419,0.0,3.01318,101.402466,0.0
SCS02,weekday_2135,1783564407,0.0,3.683883,101.51889,0.0
SCS23,weekday_2126,1783564448,38.0,3.199907,101.63998,0.0
SCS08,weekday_2119,1783564443,2.0,3.013087,101.40237,0.0
SCS02,weekday_2135,1783564437,0.0,3.683883,101.51889,0.0
SCS27,weekday_2130,1783564465,27.0,3.053517,101.51556,0.0
SCS24,weekday_2131,1783564465,0.0,3.186108,101.66467,0.0
SCS37,2959,1783564439,0.0,6.662825,100.32021,0.0
SCS07,weekday_2018,1783564439,54.0,3.219267,101.67234,0.0
SCS23,weekday_2126,1783564493,16.0,3.202995,101.63699,0.0
EMU22,2907,1783564506,97.0,4.776262,100.86537,0.0
SCS08,weekday_2119,1783564503,26.0,3.010723,101.399864,0.0
SCS28,weekday_2015,1783564496,26.0,3.123862,101.67802,0.0
SCS27,weekday_2130,1783564495,24.0,3.054195,101.5177,0.0
SCS27,weekday_2130,1783564570,26.0,3.055883,101.52319,0.0
SCS24,weekday_2131,1783564570,72.0,3.17368,101.68336,0.0
DMU05,55,1783564569,33.0,5.890493,102.15723,0.0
SCS37,2959,1783564574,13.0,6.662262,100.31951,0.0
EMU22,2907,1783564566,100.0,4.77128,100.88037,0.0
SCS27,weekday_2130,1783564645,11.0,3.056863,101.526024,0.0
SCS24,weekday_2131,1783564645,13.0,3.165268,101.69118,0.0
SCS08,weekday_2119,1783564642,10.0,3.003255,101.3919,0.0
EMU23,2906,1783564618,118.0,5.354533,100.46555,0.0
EMU22,2907,1783564596,96.0,4.77208,100.88801,0.0
SCS02,weekday_2135,1783564617,0.0,3.683883,101.51889,0.0
SCS07,weekday_2018,1783564694,0.0,3.238332,101.681206,0.0
SCS32,2958,1783564694,16.0,5.391078,100.36948,0.0
SCS24,weekday_2131,1783564720,1.0,3.165075,101.69128,0.0
SCS37,2959,1783564724,75.0,6.652178,100.30523,0.0
EMU23,2906,1783564723,0.0,5.366333,100.44764,0.0
DMU10(D6120),51,1783564761,38.0,4.48806,101.94332,0.0
SCS07,weekday_2018,1783564724,0.0,3.238332,101.681206,0.0
SCS32,2958,1783564724,27.0,5.389695,100.370895,0.0
SCS02,weekday_2135,1783564722,0.0,3.683883,101.51889,0.0
SCS28,weekday_2015,1783564721,0.0,3.118033,101.67895,0.0
DMU10(D6120),51,1783564791,72.0,4.484272,101.94044,0.0
SCS24,weekday_2131,1783564795,69.0,3.15893,101.69305,0.0
DMU05,55,1783564794,87.0,5.845585,102.151634,0.0
EMU23,2906,1783564843,35.0,5.366483,100.44672,0.0
SCS23,weekday_2126,1783564898,71.0,3.20194,101.58961,0.0
SCS28,weekday_2015,1783564886,68.0,3.110905,101.68949,0.0
SCS24,weekday_2131,1783564885,0.0,3.15384,101.69252,0.0
DMU08,34,1783564833,75.0,2.593535,102.59574,0.0
DMU10(D6120),51,1783564866,82.0,4.470775,101.93214,0.0
SCS24,weekday_2131,1783564915,37.0,3.15272,101.6917,0.0
DMU05,55,1783564899,53.0,5.8238,102.14893,0.0
DMU08,34,1783564953,70.0,2.616617,102.59161,0.0
DMU10(D6120),51,1783564971,74.0,4.453543,101.938225,0.0
SCS28,weekday_2015,1783564976,0.0,3.107865,101.69329,0.0
DMU10(D6120),51,1783564971,74.0,4.453543,101.938225,0.0
SCS23,weekday_2126,1783564973,34.0,3.205562,101.581955,0.0
DMU08,34,1783564998,71.0,2.624747,102.594795,0.0
SCS07,weekday_2018,1783564979,0.0,3.238332,101.681206,0.0
SCS27,weekday_2130,1783564975,0.0,3.076133,101.56012,0.0
SCS24,weekday_2131,1783564975,24.0,3.145603,101.69196,0.0
EMU23,2906,1783564978,18.0,5.364505,100.42146,0.0
SCS32,2958,1783564994,92.0,5.371327,100.40408,0.0
EMU22,2907,1783564977,99.0,4.803122,100.94322,0.0
SCS02,weekday_2135,1783564977,0.0,3.683883,101.51889,0.0
DMU08,34,1783565013,73.0,2.627622,102.59462,0.0
SCS07,weekday_2018,1783565039,0.0,3.238332,101.681206,0.0
EMU22,2907,1783565037,96.0,4.815433,100.9516,0.0
SCS24,weekday_2131,1783565035,18.0,3.142025,101.69421,0.0
DMU05,55,1783565019,5.0,5.80653,102.1468,0.0
DMU10(D6120),51,1783565121,47.0,4.426175,101.93353,0.0
DMU08,34,1783565118,82.0,2.645462,102.58349,0.0
SCS27,weekday_2130,1783565140,12.0,3.076715,101.56408,0.0
SCS24,weekday_2131,1783565140,24.0,3.137802,101.6927,0.0
EMU23,2906,1783565128,103.0,5.369227,100.40929,0.0
SCS02,weekday_2135,1783565127,16.0,3.681632,101.52155,0.0
SCS28,weekday_2015,1783565126,17.0,3.103753,101.69846,0.0
EMU22,2907,1783565097,98.0,4.83059,100.9533,0.0
DMU05,55,1783565094,0.0,5.806457,102.146706,0.0
SCS23,weekday_2126,1783565093,35.0,3.207282,101.576935,0.0
SCS37,2959,1783565144,113.0,6.547575,100.25997,0.0
SCS32,2958,1783565144,0.0,5.364327,100.42191,0.0
EMU23,2906,1783565143,101.0,5.370703,100.40552,0.0
SCS02,weekday_2135,1783565142,18.0,3.681097,101.52215,0.0
EMU22,2907,1783565142,99.0,4.837213,100.96265,0.0
DMU08,34,1783565133,84.0,2.646295,102.5803,0.0
SCS02,weekday_2135,1783565247,23.0,3.676355,101.52702,0.0
SCS24,weekday_2131,1783565200,7.0,3.135687,101.6894,0.0
DMU05,55,1783565244,0.0,5.806457,102.146706,0.0
SCS32,2958,1783565264,82.0,5.366797,100.444725,0.0
EMU22,2907,1783565247,99.0,4.84456,100.9887,0.0
SCS27,weekday_2130,1783565245,57.0,3.079162,101.57196,0.0
SCS37,2959,1783565219,59.0,6.526302,100.25739,0.0
SCS27,weekday_2130,1783565275,58.0,3.081388,101.575745,0.0
DMU08,34,1783565313,84.0,2.67121,102.55268,0.0
DMU10(D6120),51,1783565286,61.0,4.416347,101.929184,0.0
SCS24,weekday_2131,1783565275,0.0,3.135687,101.6894,0.0
SCS23,weekday_2126,1783565273,82.0,3.243577,101.560524,0.0
SCS37,2959,1783565339,74.0,6.520695,100.25644,0.0
DMU08,34,1783565313,84.0,2.67121,102.55268,0.0
SCS32,2958,1783565369,52.0,5.36593,100.45055,0.0
EMU22,2907,1783565337,94.0,4.840845,101.01096,0.0
DMU10(D6120),51,1783565346,77.0,4.405278,101.92493,0.0
SCS24,weekday_2131,1783565380,0.0,3.135687,101.6894,0.0
SCS27,weekday_2130,1783565380,31.0,3.084077,101.58498,0.0
DMU05,55,1783565379,0.0,5.806457,102.146706,0.0
DMU10(D6120),51,1783565391,74.0,4.397042,101.92115,0.0
DMU08,34,1783565373,80.0,2.676278,102.54142,0.0
SCS32,2958,1783565384,54.0,5.3656,100.45279,0.0
EMU22,2907,1783565382,93.0,4.83467,101.02031,0.0
SCS32,2958,1783565474,47.0,5.359095,100.46229,0.0
SCS02,weekday_2135,1783565472,23.0,3.66433,101.53542,0.0
SCS27,weekday_2130,1783565500,25.0,3.08451,101.59067,0.0
SCS24,weekday_2131,1783565500,0.0,3.135687,101.6894,0.0
DMU08,34,1783565493,87.0,2.690895,102.5201,0.0
SCS37,2959,1783565474,114.0,6.481518,100.253716,0.0
DMU08,34,1783565523,84.0,2.696768,102.51685,0.0
SCS32,2958,1783565504,40.0,5.357132,100.46523,0.0
SCS37,2959,1783565504,113.0,6.47256,100.25438,0.0
DMU05,55,1783565499,54.0,5.79423,102.145164,0.0
SCS23,weekday_2126,1783565498,0.0,3.258815,101.55498,0.0
EMU22,2907,1783565502,94.0,4.82538,101.04665,0.0
SCS02,weekday_2135,1783565502,23.0,3.662533,101.53667,0.0
SCS27,weekday_2130,1783565500,25.0,3.08451,101.59067,0.0
SCS24,weekday_2131,1783565500,0.0,3.135687,101.6894,0.0
DMU10(D6120),51,1783565571,72.0,4.363963,101.92312,0.0
SCS32,2958,1783565579,105.0,5.368952,100.46804,0.0
DMU10(D6120),51,1783565601,36.0,4.359003,101.92187,0.0
DMU08,34,1783565598,54.0,2.704907,102.50551,0.0
DMU05,55,1783565574,25.0,5.786733,102.144295,0.0
SCS23,weekday_2126,1783565573,23.0,3.261083,101.55593,0.0
EMU22,2907,1783565622,33.0,4.819265,101.07021,0.0
DMU10(D6120),51,1783565631,0.0,4.358432,101.921585,0.0
DMU05,55,1783565619,65.0,5.780392,102.14351,0.0
SCS37,2959,1783565684,0.0,6.432527,100.26816,0.0
SCS27,weekday_2130,1783565710,60.0,3.08371,101.61516,0.0
DMU08,34,1783565688,66.0,2.716247,102.49722,0.0
SCS37,2959,1783565759,85.0,6.427452,100.26989,0.0
SCS24,weekday_2131,1783565740,0.0,3.139295,101.69351,0.0
DMU05,55,1783565739,52.0,5.763413,102.145424,0.0
SCS23,weekday_2126,1783565738,60.0,3.28373,101.567894,0.0
DMU10(D6120),51,1783565796,81.0,4.33642,101.917244,0.0
EMU29,2908,1783565749,1.0,4.59796,101.07331,0.0
DMU08,34,1783565868,62.0,2.746292,102.47855,0.0
SCS37,2959,1783565819,114.0,6.410977,100.275566,0.0
EMU22,2907,1783565817,100.0,4.795715,101.092224,0.0
SCS02,weekday_2135,1783565817,110.0,3.607995,101.58755,0.0
SCS24,weekday_2131,1783565920,36.0,3.145542,101.69198,0.0
SCS27,weekday_2130,1783565920,12.0,3.084325,101.63305,0.0
DMU05,55,1783565919,79.0,5.740798,102.159904,0.0
DMU08,34,1783565913,51.0,2.750888,102.47306,0.0
EMU22,2907,1783565907,102.0,4.775422,101.10469,0.0
SCS23,weekday_2126,1783565918,37.0,3.314998,101.57494,0.0
SCS27,weekday_2130,1783565950,57.0,3.083908,101.635864,0.0
EMU29,2908,1783565974,60.0,4.611718,101.09068,0.0
SCS37,2959,1783565954,110.0,6.377355,100.29796,0.0
SCS02,weekday_2135,1783565952,108.0,3.582537,101.61265,0.0
EMU22,2907,1783565922,102.0,4.772898,101.10782,0.0
EMU29,2908,1783566004,83.0,4.616878,101.09349,0.0
DMU10(D6120),51,1783565991,57.0,4.296487,101.92126,0.0
SCS37,2959,1783566014,0.0,6.371278,100.302475,0.0
SCS02,weekday_2135,1783566012,98.0,3.56896,101.618324,0.0
SCS05,weekday_2019,1783566012,0.0,3.236993,101.6812,0.0
SCS27,weekday_2130,1783566010,94.0,3.081907,101.64988,0.0
SCS02,weekday_2135,1783566102,37.0,3.56002,101.63459,0.0
SCS27,weekday_2130,1783566100,17.0,3.083783,101.657364,0.0
SCS24,weekday_2131,1783566100,26.0,3.167843,101.68726,0.0
SCS32,2958,1783566089,95.0,5.489605,100.499985,0.0
SCS32,2958,1783566164,115.0,5.510788,100.50565,0.0
SCS02,weekday_2135,1783566147,42.0,3.557078,101.638435,0.0
SCS05,weekday_2019,1783566132,76.0,3.2299,101.67387,0.0
SCS23,weekday_2126,1783566128,38.0,3.327217,101.569695,0.0
EMU29,2908,1783566124,121.0,4.643342,101.113304,0.0
EMU22,2907,1783566102,95.0,4.7296,101.12204,0.0
DMU05,55,1783566099,57.0,5.71022,102.153465,0.0
SCS37,2959,1783566119,112.0,6.363172,100.308556,0.0
DMU10(D6120),51,1783566096,25.0,4.292335,101.922165,0.0
SCS27,weekday_2130,1783566100,17.0,3.083783,101.657364,0.0
SCS27,weekday_2130,1783566175,24.0,3.085495,101.662094,0.0
SCS32,2958,1783566164,115.0,5.510788,100.50565,0.0
DMU10(D6120),51,1783566216,72.0,4.271667,101.92266,0.0
EMU22,2907,1783566207,96.0,4.705353,101.13166,0.0
SCS05,weekday_2019,1783566207,45.0,3.215697,101.67227,0.0
SCS27,weekday_2130,1783566250,0.0,3.086635,101.66497,0.0
SCS32,2958,1783566224,115.0,5.528372,100.50595,0.0
DMU05,55,1783566219,0.0,5.702853,102.15197,0.0
SCS23,weekday_2126,1783566218,89.0,3.341365,101.5726,0.0
DMU08,34,1783566213,81.0,2.791798,102.43,0.0
DMU08,34,1783566318,77.0,2.805215,102.41144,0.0
SCS23,weekday_2126,1783566293,94.0,3.360797,101.57275,0.0
SCS32,2958,1783566299,115.0,5.550173,100.50014,0.0
DMU10(D6120),51,1783566276,45.0,4.261913,101.92609,0.0
SCS32,2958,1783566389,115.0,5.576925,100.495735,0.0
DMU10(D6120),51,1783566381,0.0,4.257837,101.92535,0.0
DMU08,34,1783566378,29.0,2.810413,102.40505,0.0
SCS23,weekday_2126,1783566353,91.0,3.362953,101.585915,0.0
SCS37,2959,1783566344,114.0,6.30763,100.34589,0.0
EMU22,2907,1783566342,101.0,4.674618,101.137215,0.0
DMU08,34,1783566423,0.0,2.811578,102.403725,0.0
DMU08,34,1783566513,0.0,2.811652,102.4037,0.0
SCS32,2958,1783566509,114.0,5.612527,100.49659,0.0
SCS05,weekday_2019,1783566507,34.0,3.19875,101.68085,0.0
SCS02,weekday_2135,1783566477,43.0,3.502237,101.6339,0.0
EMU22,2907,1783566528,101.0,4.635182,101.10731,0.0
DMU10(D6120),51,1783566516,71.0,4.250148,101.93683,0.0
SCS27,weekday_2130,1783566505,74.0,3.107467,101.67393,0.0
EMU29,2908,1783566476,115.0,4.732423,101.1219,0.0
SCS32,2958,1783566554,115.0,5.625378,100.49358,0.0
SCS23,weekday_2126,1783566518,0.0,3.376522,101.61492,0.0
DMU10(D6120),51,1783566576,77.0,4.2485,101.94848,0.0
EMU22,2907,1783566633,86.0,4.613357,101.09174,0.0
DMU08,34,1783566633,0.0,2.81144,102.40361,0.0
SCS32,2958,1783566629,25.0,5.643227,100.490166,0.0
SCS02,weekday_2135,1783566627,93.0,3.481757,101.63964,0.0
SCS05,weekday_2019,1783566627,52.0,3.192108,101.68654,0.0
EMU29,2908,1783566626,106.0,4.772438,101.108345,0.0
DMU10(D6120),51,1783566621,80.0,4.248448,101.957825,0.0
SCS27,weekday_2130,1783566580,0.0,3.113995,101.67306,0.0
SCS05,weekday_2019,1783566657,49.0,3.188672,101.688934,0.0
EMU29,2908,1783566656,104.0,4.778523,101.102394,0.0
SCS27,weekday_2130,1783566655,0.0,3.11956,101.673836,0.0
SCS23,weekday_2126,1783566638,115.0,3.396892,101.62833,0.0
EMU22,2907,1783566633,86.0,4.613357,101.09174,0.0
DMU10(D6120),51,1783566636,77.0,4.247767,101.960884,0.0
SCS02,weekday_2135,1783566657,88.0,3.474708,101.63886,0.0
SCS27,weekday_2130,1783566820,0.0,3.123408,101.67707,0.0
DMU10(D6120),51,1783566816,29.0,4.233127,101.989105,0.0
SCS05,weekday_2019,1783566792,0.0,3.18152,101.68846,0.0
DMU08,34,1783566828,0.0,2.81155,102.40358,0.0
SCS23,weekday_2126,1783566773,104.0,3.430912,101.63116,0.0
SCS02,weekday_2135,1783566807,0.0,3.46779,101.63763,0.0
SCS37,2959,1783566779,21.0,6.184005,100.37441,0.0
EMU29,2908,1783566791,98.0,4.808045,101.08114,0.0
DMU08,34,1783566873,0.0,2.81155,102.40358,0.0
SCS23,weekday_2126,1783566863,108.0,3.455412,101.6397,0.0
SCS37,2959,1783566824,0.0,6.183775,100.37457,0.0
SCS05,weekday_2019,1783566822,0.0,3.18152,101.68846,0.0
DMU10(D6120),51,1783566846,12.0,4.232442,101.99073,0.0
SCS32,2958,1783566824,113.0,5.676807,100.49595,0.0
DMU10(D6120),51,1783566936,35.0,4.231757,101.99278,0.0
DMU08,34,1783566933,0.0,2.811478,102.403656,0.0
SCS32,2958,1783566929,114.0,5.704365,100.5108,0.0
DMU05,55,1783566879,31.0,5.603047,102.173836,0.0
SCS23,weekday_2126,1783566878,104.0,3.459467,101.63854,0.0
DMU10(D6120),51,1783566951,55.0,4.231047,101.99462,0.0
DMU08,34,1783566948,0.0,2.811478,102.403656,0.0
DMU05,55,1783566939,22.0,5.599482,102.17569,0.0
SCS37,2959,1783566989,114.0,6.145082,100.38052,0.0
SCS05,weekday_2019,1783566942,28.0,3.17622,101.68594,0.0
EMU29,2908,1783566941,0.0,4.818725,101.07107,0.0
SCS02,weekday_2135,1783567017,86.0,3.43347,101.63316,0.0
DMU08,34,1783566993,0.0,2.811478,102.403656,0.0
SCS23,weekday_2126,1783567088,98.0,3.49504,101.635,0.0
DMU08,34,1783567083,0.0,2.811482,102.40356,0.0
SCS32,2958,1783567184,115.0,5.776205,100.49182,0.0
DMU08,34,1783567218,0.0,2.811637,102.40354,0.0
SCS27,weekday_2130,1783567216,0.0,3.132192,101.68347,0.0
SCS32,2958,1783567214,114.0,5.784478,100.48827,0.0
SCS37,2959,1783567184,33.0,6.112808,100.36971,0.0
SCS23,weekday_2126,1783567178,15.0,3.501093,101.634094,0.0
DMU08,34,1783567278,0.0,2.811637,102.40354,0.0
DMU10(D6120),51,1783567281,52.0,4.197185,102.04058,0.0
DMU10(D6120),51,1783567311,37.0,4.194478,102.04321,0.0
SCS23,weekday_2126,1783567298,97.0,3.522723,101.62926,0.0
DMU10(D6120),51,1783567431,8.0,4.18747,102.05285,0.0
DMU08,34,1783567428,0.0,2.811525,102.40357,0.0
DMU05,55,1783567359,54.0,5.53582,102.20026,0.0
SCS02,weekday_2135,1783567437,94.0,3.362865,101.58522,0.0
SCS27,weekday_2130,1783567456,0.0,3.1401,101.693886,0.0
SCS32,2958,1783567454,92.0,5.830833,100.47751,0.0
SCS32,2958,1783567499,111.0,5.8438,100.47691,0.0
DMU10(D6120),51,1783567506,0.0,4.187305,102.05297,0.0
SCS27,weekday_2130,1783567501,23.0,3.141505,101.6941,0.0
SCS27,weekday_2130,1783567576,25.0,3.146285,101.69148,0.0
SCS32,2958,1783567574,115.0,5.86637,100.47697,0.0
SCS37,2959,1783567559,115.0,6.016862,100.41535,0.0
DMU10(D6120),51,1783567536,0.0,4.187267,102.05297,0.0
DMU08,34,1783567593,0.0,2.811682,102.40373,0.0
SCS37,2959,1783567649,114.0,5.993285,100.42869,0.0
SCS32,2958,1783567649,114.0,5.88892,100.47701,0.0
DMU10(D6120),51,1783567641,0.0,4.187158,102.052956,0.0
SCS05,weekday_2019,1783567662,0.0,3.139127,101.693665,0.0
SCS02,weekday_2135,1783567707,27.0,3.324218,101.57185,0.0
SCS05,weekday_2019,1783567707,12.0,3.137498,101.6924,0.0
DMU10(D6120),51,1783567686,0.0,4.187158,102.052956,0.0
EMU29,2908,1783567659,61.0,4.778408,100.93474,0.0
DMU05,55,1783567659,8.0,5.527137,102.204445,0.0
SCS23,weekday_2126,1783567658,99.0,3.5793,101.6134,0.0
SCS32,2958,1783567679,114.0,5.897612,100.47483,0.0
SCS37,2959,1783567679,114.0,5.985442,100.433136,0.0
SCS32,2958,1783567769,114.0,5.92294,100.46508,0.0
SCS32,2958,1783567799,114.0,5.931367,100.46187,0.0
DMU10(D6120),51,1783567776,9.0,4.1888,102.05131,0.0
DMU08,34,1783567773,0.0,2.811593,102.40367,0.0
EMU29,2908,1783567809,82.0,4.774358,100.92658,0.0
DMU05,55,1783567809,2.0,5.526748,102.2046,0.0
SCS05,weekday_2019,1783567797,21.0,3.135453,101.68861,0.0
SCS02,weekday_2135,1783567797,5.0,3.318757,101.57487,0.0
DMU10(D6120),51,1783567896,0.0,4.1894,102.05045,0.0
SCS37,2959,1783567904,115.0,5.952035,100.451996,0.0
DMU08,34,1783567893,0.0,2.811735,102.40351,0.0
SCS02,weekday_2135,1783567947,0.0,3.318742,101.57487,0.0
DMU05,55,1783567944,0.0,5.530262,102.20301,0.0
DMU10(D6120),51,1783567941,0.0,4.1894,102.05045,0.0
SCS32,2958,1783567934,102.0,5.967242,100.443375,0.0
EMU29,2908,1783567923,96.0,4.773365,100.89908,0.0
DMU08,34,1783567923,6.0,2.812093,102.402885,0.0
SCS27,weekday_2130,1783567966,87.0,3.182753,101.67081,0.0
EMU29,2908,1783567953,110.0,4.772732,100.89104,0.0
SCS02,weekday_2135,1783567977,0.0,3.318742,101.57487,0.0
DMU05,55,1783567974,0.0,5.530263,102.20301,0.0
SCS37,2959,1783567979,114.0,5.931757,100.461685,0.0
SCS27,weekday_2130,1783568026,0.0,3.186847,101.66367,0.0
DMU10(D6120),51,1783568016,14.0,4.187603,102.05263,0.0
SCS37,2959,1783568174,114.0,5.87581,100.47703,0.0
SCS02,weekday_2135,1783568172,73.0,3.30528,101.575005,0.0
SCS05,weekday_2019,1783568172,24.0,3.12078,101.67851,0.0
DMU10(D6120),51,1783568166,0.0,4.186143,102.05412,0.0
EMU29,2908,1783568193,87.0,4.779382,100.85008,0.0
DMU08,34,1783568193,90.0,2.838933,102.3892,0.0
SCS27,weekday_2130,1783568191,88.0,3.194323,101.64993,0.0
SCS04,weekday_2139,1783568184,0.0,3.68394,101.518875,0.0
DMU08,34,1783568238,83.0,2.848817,102.38576,0.0
SCS02,weekday_2135,1783568247,73.0,3.290017,101.5723,0.0
DMU05,55,1783568244,0.0,5.530245,102.203026,0.0
EMU29,2908,1783568238,115.0,4.777103,100.838104,0.0
SCS23,weekday_2126,1783568198,0.0,3.677535,101.52597,0.0
SCS04,weekday_2139,1783568289,47.0,3.677808,101.525696,0.0
DMU05,55,1783568289,0.0,5.530245,102.203026,0.0
SCS05,weekday_2019,1783568292,0.0,3.11819,101.679016,0.0
SCS02,weekday_2135,1783568292,73.0,3.28274,101.56687,0.0
SCS04,weekday_2139,1783568364,111.0,3.662803,101.536514,0.0
DMU05,55,1783568349,0.0,5.530245,102.203026,0.0
SCS32,2958,1783568339,113.0,6.052538,100.39517,0.0
SCS02,weekday_2135,1783568337,27.0,3.276882,101.56226,0.0
DMU08,34,1783568343,90.0,2.871705,102.38131,0.0
SCS04,weekday_2139,1783568439,115.0,3.647228,101.55219,0.0
SCS37,2959,1783568429,31.0,5.824327,100.47811,0.0
SCS23,weekday_2126,1783568378,0.0,3.677535,101.52597,0.0
SCS05,weekday_2019,1783568442,24.0,3.113845,101.68113,0.0
SCS02,weekday_2135,1783568442,19.0,3.261938,101.55645,0.0
SCS23,weekday_2126,1783568468,45.0,3.68192,101.5213,0.0
SCS32,2958,1783568459,115.0,6.084147,100.3776,0.0
EMU29,2908,1783568463,121.0,4.785262,100.769714,0.0
SCS27,weekday_2130,1783568463,0.0,3.208782,101.62781,0.0
EMU29,2908,1783568553,120.0,4.800917,100.74641,0.0
SCS04,weekday_2139,1783568514,114.0,3.629005,101.56536,0.0
SCS32,2958,1783568519,105.0,6.09933,100.36898,0.0
DMU05,55,1783568514,0.0,5.530185,102.20296,0.0
SCS37,2959,1783568504,116.0,5.806108,100.48047,0.0
EMU29,2908,1783568593,0.0,4.811917,100.74087,0.0
SCS27,weekday_2130,1783568583,102.0,3.201003,101.6108,0.0
SCS32,2958,1783568609,0.0,6.113618,100.36995,0.0
SCS02,weekday_2135,1783568607,24.0,3.255665,101.5546,0.0
SCS32,2958,1783568684,92.0,6.1189,100.37232,0.0
SCS37,2959,1783568684,119.0,5.755278,100.5011,0.0
SCS04,weekday_2139,1783568664,97.0,3.599485,101.597466,0.0
SCS02,weekday_2135,1783568637,22.0,3.253493,101.55487,0.0
SCS05,weekday_2019,1783568637,19.0,3.100652,101.7024,0.0
EMU29,2908,1783568615,115.0,4.818293,100.73896,0.0
SCS02,weekday_2135,1783568727,76.0,3.242927,101.56055,0.0
SCS32,2958,1783568714,117.0,6.126673,100.37587,0.0
EMU29,2908,1783568705,97.0,4.840613,100.72803,0.0
DMU08,34,1783568703,89.0,2.942297,102.39653,0.0
SCS04,weekday_2139,1783568724,116.0,3.588892,101.60869,0.0
SCS04,weekday_2139,1783568784,92.0,3.574007,101.614136,0.0
EMU29,2908,1783568840,0.0,4.852977,100.732155,0.0
SCS27,weekday_2130,1783568838,38.0,3.207177,101.57721,0.0
DMU08,34,1783568838,79.0,2.972328,102.398926,0.0
SCS32,2958,1783568834,115.0,6.161988,100.379295,0.0
DMU08,34,1783568853,77.0,2.974938,102.39714,0.0
SCS32,2958,1783568879,106.0,6.175323,100.37836,0.0
EMU29,2908,1783568870,38.0,4.853853,100.73294,0.0
SCS27,weekday_2130,1783568868,65.0,3.210197,101.57439,0.0
SCS27,weekday_2130,1783568943,107.0,3.224452,101.5624,0.0
DMU08,34,1783568988,86.0,2.997098,102.38627,0.0
SCS32,2958,1783568984,12.0,6.183972,100.374435,0.0
EMU29,2908,1783568960,113.0,4.871215,100.7253,0.0
SCS04,weekday_2139,1783568964,0.0,3.552643,101.63958,0.0
DMU08,34,1783568988,86.0,2.997098,102.38627,0.0
SCS04,weekday_2139,1783568979,0.0,3.552638,101.63958,0.0
EMU29,2908,1783569005,115.0,4.88437,100.720665,0.0
SCS27,weekday_2130,1783569003,88.0,3.239142,101.560265,0.0
SCS27,weekday_2130,1783569108,0.0,3.251092,101.5557,0.0
SCS32,2958,1783569089,115.0,6.208753,100.36605,0.0
DMU08,34,1783569108,82.0,3.021773,102.37965,0.0
SCS05,weekday_2019,1783569102,0.0,3.097785,101.706024,0.0
SCS04,weekday_2139,1783569084,97.0,3.536242,101.63456,0.0
EMU29,2908,1783569080,0.0,4.896173,100.719376,0.0
EMU29,2908,1783569155,69.0,4.89972,100.719,0.0
DMU08,34,1783569153,89.0,3.032097,102.37999,0.0
SCS27,weekday_2130,1783569153,32.0,3.253667,101.55478,0.0
SCS37,2959,1783569119,0.0,5.643703,100.490265,0.0
SCS32,2958,1783569119,114.0,6.21758,100.36425,0.0
SCS04,weekday_2139,1783569099,99.0,3.532665,101.633064,0.0
SCS04,weekday_2139,1783569174,98.0,3.514448,101.630165,0.0
SCS27,weekday_2130,1783569153,32.0,3.253667,101.55478,0.0
SCS32,2958,1783569209,112.0,6.244123,100.35882,0.0
SCS37,2959,1783569209,92.0,5.636447,100.48926,0.0
EMU29,2908,1783569200,84.0,4.910113,100.71787,0.0
SCS05,weekday_2019,1783569177,0.0,3.097785,101.706024,0.0
SCS04,weekday_2139,1783569264,0.0,3.499708,101.63432,0.0
SCS37,2959,1783569254,116.0,5.624375,100.494026,0.0
EMU29,2908,1783569230,109.0,4.917913,100.71703,0.0
EMU29,2908,1783569305,124.0,4.93984,100.72064,0.0
SCS37,2959,1783569284,116.0,5.615768,100.49696,0.0
SCS04,weekday_2139,1783569279,0.0,3.499708,101.63432,0.0
SCS32,2958,1783569344,114.0,6.283758,100.35071,0.0
EMU29,2908,1783569335,116.0,4.948942,100.72304,0.0
DMU08,34,1783569393,85.0,3.085375,102.37246,0.0
SCS27,weekday_2130,1783569393,68.0,3.280918,101.56583,0.0
SCS37,2959,1783569389,115.0,5.584667,100.49446,0.0
SCS32,2958,1783569389,115.0,6.297047,100.348015,0.0
EMU29,2908,1783569437,117.0,4.978555,100.73214,0.0
SCS27,weekday_2130,1783569468,82.0,3.294715,101.57457,0.0
SCS32,2958,1783569479,114.0,6.322195,100.33916,0.0
DMU08,34,1783569468,76.0,3.100317,102.37396,0.0
EMU29,2908,1783569497,117.0,4.99661,100.73505,0.0
EMU29,2908,1783569572,122.0,5.017578,100.727356,0.0
SCS37,2959,1783569539,114.0,5.540043,100.50268,0.0
SCS27,weekday_2130,1783569573,41.0,3.314787,101.5749,0.0
DMU08,34,1783569573,56.0,3.120412,102.37233,0.0
SCS27,weekday_2130,1783569603,39.0,3.318242,101.574844,0.0
DMU08,34,1783569603,62.0,3.124847,102.37059,0.0
EMU29,2908,1783569602,122.0,5.024473,100.720856,0.0
SCS32,2958,1783569599,115.0,6.351163,100.31754,0.0
SCS04,weekday_2139,1783569579,110.0,3.445792,101.638725,0.0
DMU06,35,1783569575,0.0,4.187385,102.052925,0.0
SCS27,weekday_2130,1783569663,0.0,3.320323,101.57459,0.0
SCS37,2959,1783569644,114.0,5.509422,100.50532,0.0
DMU06,35,1783569680,30.0,4.185563,102.05487,0.0
SCS04,weekday_2139,1783569639,105.0,3.430395,101.63083,0.0
SCS37,2959,1783569734,58.0,5.485107,100.498795,0.0
DMU08,34,1783569753,0.0,3.13583,102.37057,0.0
SCS27,weekday_2130,1783569753,61.0,3.328758,101.56901,0.0
EMU29,2908,1783569752,119.0,5.039243,100.67802,0.0
SCS04,weekday_2139,1783569714,98.0,3.41367,101.62702,0.0
SCS04,weekday_2139,1783569819,111.0,3.383948,101.6224,0.0
EMU29,2908,1783569859,0.0,5.041495,100.64395,0.0
DMU08,34,1783569858,0.0,3.135925,102.37056,0.0
SCS27,weekday_2130,1783569858,102.0,3.353185,101.57185,0.0
SCS04,weekday_2139,1783569834,100.0,3.380972,101.61943,0.0
SCS04,weekday_2139,1783569879,11.0,3.375728,101.61416,0.0
SCS27,weekday_2130,1783569903,102.0,3.362842,101.57555,0.0
EMU29,2908,1783569941,122.0,5.043093,100.619194,0.0
SCS27,weekday_2130,1783569978,114.0,3.365027,101.59577,0.0
DMU06,35,1783569935,73.0,4.17938,102.09454,0.0
DMU08,34,1783569933,0.0,3.135913,102.37065,0.0
SCS32,2958,1783569989,84.0,6.42829,100.269615,0.0
SCS32,2958,1783570049,0.0,6.432618,100.26815,0.0
DMU08,34,1783570008,0.0,3.135913,102.37065,0.0
SCS27,weekday_2130,1783570008,114.0,3.367827,101.60432,0.0
DMU08,34,1783570113,0.0,3.135913,102.37065,0.0
SCS27,weekday_2130,1783570113,0.0,3.37651,101.6149,0.0
SCS32,2958,1783570079,22.0,6.432902,100.26801,0.0
SCS27,weekday_2130,1783570113,0.0,3.37651,101.6149,0.0
SCS32,2958,1783570169,116.0,6.45308,100.26106,0.0
EMU29,2908,1783570166,118.0,5.023948,100.5541,0.0
SCS04,weekday_2139,1783570164,88.0,3.349145,101.5722,0.0
DMU06,35,1783570160,72.0,4.186273,102.132324,0.0
SCS37,2959,1783570124,119.0,5.403463,100.472466,0.0
DMU08,34,1783570113,0.0,3.135913,102.37065,0.0
SCS04,weekday_2139,1783570224,53.0,3.336302,101.57252,0.0
EMU29,2908,1783570226,118.0,5.019212,100.53669,0.0
DMU06,35,1783570190,65.0,4.189357,102.13662,0.0
SCS02,weekday_2138,1783570238,53.0,3.158693,101.693115,0.0
DMU08,34,1783570308,0.0,3.13594,102.37057,0.0
SCS27,weekday_2130,1783570293,103.0,3.414712,101.6267,0.0
SCS37,2959,1783570289,40.0,5.359458,100.4669,0.0
EMU23,2909,1783570273,17.0,5.392333,100.368004,0.0
EMU29,2908,1783570271,57.0,5.02615,100.528625,0.0
SCS04,weekday_2139,1783570269,5.0,3.33473,101.57187,0.0
SCS37,2959,1783570334,39.0,5.357405,100.46366,0.0
SCS02,weekday_2138,1783570298,0.0,3.153877,101.69246,0.0
SCS32,2958,1783570304,114.0,6.492572,100.253456,0.0
SCS27,weekday_2130,1783570323,98.0,3.422197,101.624954,0.0
DMU08,34,1783570413,0.0,3.13594,102.37057,0.0
SCS27,weekday_2130,1783570413,116.0,3.443525,101.63833,0.0
SCS32,2958,1783570409,63.0,6.521708,100.256584,0.0
SCS04,weekday_2139,1783570449,0.0,3.334408,101.571686,0.0
SCS37,2959,1783570424,75.0,5.365175,100.45524,0.0
SCS27,weekday_2130,1783570413,116.0,3.443525,101.63833,0.0
DMU08,34,1783570413,0.0,3.13594,102.37057,0.0
SCS02,weekday_2138,1783570418,19.0,3.145678,101.69185,0.0
SCS04,weekday_2139,1783570539,45.0,3.33011,101.56904,0.0
SCS32,2958,1783570529,110.0,6.534783,100.25878,0.0
EMU23,2909,1783570528,79.0,5.375637,100.39606,0.0
SCS04,weekday_2139,1783570599,43.0,3.323877,101.572136,0.0
DMU06,35,1783570595,68.0,4.149075,102.18589,0.0
SCS02,weekday_2138,1783570583,0.0,3.139127,101.693565,0.0
EMU23,2909,1783570573,80.0,5.37127,100.40432,0.0
DMU08,34,1783570593,0.0,3.135853,102.370544,0.0
SCS27,weekday_2130,1783570593,18.0,3.46969,101.63802,0.0
EMU29,2908,1783570571,66.0,5.067705,100.50663,0.0
SCS32,2958,1783570559,117.0,6.543778,100.2601,0.0
SCS37,2959,1783570559,17.0,5.366227,100.44821,0.0
SCS04,weekday_2139,1783570659,7.0,3.318932,101.574936,0.0
DMU06,35,1783570595,68.0,4.149075,102.18589,0.0
SCS27,weekday_2130,1783570608,0.0,3.469837,101.638054,0.0
SCS37,2959,1783570604,77.0,5.366965,100.44215,0.0
EMU23,2909,1783570603,53.0,5.36933,100.40912,0.0
SCS02,weekday_2138,1783570598,12.0,3.138923,101.69348,0.0
SCS32,2958,1783570664,114.0,6.575217,100.26039,0.0
SCS04,weekday_2139,1783570704,0.0,3.318812,101.57493,0.0
EMU23,2909,1783570708,38.0,5.365073,100.42012,0.0
SCS02,weekday_2138,1783570688,4.0,3.136247,101.68924,0.0
SCS37,2959,1783570679,58.0,5.36307,100.42502,0.0
EMU29,2908,1783570676,15.0,5.081763,100.49916,0.0
SCS27,weekday_2130,1783570788,5.0,3.500838,101.63415,0.0
DMU08,34,1783570788,0.0,3.135945,102.37052,0.0
SCS04,weekday_2139,1783570749,44.0,3.315325,101.57492,0.0
SCS02,weekday_2138,1783570807,0.0,3.13451,101.68584,0.0
EMU29,2908,1783570806,60.0,5.095817,100.49342,0.0
SCS04,weekday_2139,1783570824,83.0,3.298225,101.57499,0.0
SCS32,2958,1783570829,115.0,6.624488,100.266556,0.0
SCS27,weekday_2130,1783570788,5.0,3.500838,101.63415,0.0
DMU08,34,1783570788,0.0,3.135945,102.37052,0.0
SCS37,2959,1783570904,94.0,5.371185,100.4044,0.0
SCS04,weekday_2139,1783570899,74.0,3.283913,101.56814,0.0
SCS02,weekday_2138,1783570897,0.0,3.134483,101.68581,0.0
EMU29,2908,1783570851,46.0,5.103115,100.49192,0.0
SCS27,weekday_2130,1783570878,68.0,3.508472,101.63298,0.0
DMU08,34,1783570878,0.0,3.135945,102.37052,0.0
SCS04,weekday_2139,1783570929,77.0,3.279018,101.56452,0.0
SCS02,weekday_2138,1783570942,0.0,3.134483,101.68581,0.0
SCS37,2959,1783570949,95.0,5.37641,100.39447,0.0
EMU23,2909,1783570948,29.0,5.36661,100.44618,0.0
DMU06,35,1783570910,27.0,4.115332,102.199356,0.0
DMU08,34,1783571013,3.0,3.1363,102.37081,0.0
SCS27,weekday_2130,1783571013,86.0,3.539118,101.6353,0.0
SCS04,weekday_2139,1783571004,69.0,3.2663,101.55898,0.0
SCS02,weekday_2138,1783571002,14.0,3.137383,101.6901,0.0
EMU29,2908,1783571001,74.0,5.12219,100.48798,0.0
SCS04,weekday_2139,1783571019,48.0,3.264122,101.55787,0.0
DMU06,35,1783571030,72.0,4.098215,102.20284,0.0
DMU08,34,1783571058,32.0,3.138345,102.371506,0.0
SCS02,weekday_2138,1783571047,15.0,3.138002,101.69264,0.0
EMU29,2908,1783571046,39.0,5.129648,100.48641,0.0
EMU29,2908,1783571136,72.0,5.134473,100.4854,0.0
DMU06,35,1783571135,73.0,4.086755,102.21821,0.0
SCS37,2959,1783571174,21.0,5.389313,100.37127,0.0
EMU23,2909,1783571173,121.0,5.351927,100.46693,0.0
SCS02,weekday_2138,1783571152,0.0,3.138925,101.6933,0.0
DMU08,34,1783571163,81.0,3.155782,102.382324,0.0
EMU29,2908,1783571151,90.0,5.137737,100.484695,0.0
SCS32,2958,1783571144,31.0,6.661137,100.318275,0.0
SCS04,weekday_2139,1783571139,24.0,3.260765,101.55582,0.0
SCS32,2958,1783571264,0.0,6.662768,100.32025,0.0
SCS27,weekday_2130,1783571223,114.0,3.563105,101.62709,0.0
DMU08,34,1783571223,75.0,3.163358,102.3908,0.0
SCS37,2959,1783571219,19.0,5.391318,100.36914,0.0
EMU23,2909,1783571218,114.0,5.33851,100.47005,0.0
EMU23,2909,1783571308,105.0,5.3136,100.47452,0.0
SCS27,weekday_2130,1783571283,95.0,3.573697,101.61428,0.0
SCS32,2958,1783571264,0.0,6.662768,100.32025,0.0
DMU06,35,1783571300,72.0,4.07991,102.2433,0.0
EMU29,2908,1783571271,46.0,5.168643,100.47971,0.0
SCS04,weekday_2139,1783571304,23.0,3.252382,101.55518,0.0
DMU08,34,1783571283,76.0,3.175005,102.394005,0.0
SCS04,weekday_2139,1783571334,34.0,3.25003,101.55632,0.0
DMU06,35,1783571375,72.0,4.077543,102.25733,0.0
EMU29,2908,1783571346,61.0,5.172108,100.47968,0.0
SCS27,weekday_2130,1783571373,94.0,3.59612,101.60366,0.0
DMU08,34,1783571373,82.0,3.19392,102.4008,0.0
EMU29,2908,1783571391,107.0,5.182833,100.47944,0.0
DMU06,35,1783571390,73.0,4.076933,102.260216,0.0
SCS37,2959,1783571429,0.0,5.392428,100.36749,0.0
SCS23,weekday_2143,1783571378,0.0,3.684953,101.51796,0.0
SCS02,weekday_2138,1783571392,17.0,3.144738,101.69256,0.0
SCS27,weekday_2130,1783571493,118.0,3.617167,101.57775,0.0
SCS37,2959,1783571474,0.0,5.392428,100.36749,0.0
EMU29,2908,1783571451,123.0,5.199908,100.48459,0.0
SCS04,weekday_2139,1783571469,98.0,3.223063,101.563416,0.0
SCS04,weekday_2139,1783571514,66.0,3.214882,101.57002,0.0
EMU29,2908,1783571556,118.0,5.230332,100.48922,0.0
SCS27,weekday_2130,1783571538,114.0,3.626143,101.567795,0.0
SCS37,2959,1783571519,0.0,5.392428,100.36749,0.0
DMU08,34,1783571508,78.0,3.214912,102.4095,0.0
DMU06,35,1783571525,8.0,4.075295,102.27194,0.0
EMU29,2908,1783571556,118.0,5.230332,100.48922,0.0
DMU06,35,1783571555,34.0,4.074972,102.27391,0.0
SCS27,weekday_2130,1783571583,115.0,3.636985,101.55989,0.0
DMU08,34,1783571583,63.0,3.22983,102.4133,0.0
SCS23,weekday_2143,1783571558,0.0,3.684953,101.51796,0.0
SCS27,weekday_2130,1783571673,114.0,3.656362,101.5414,0.0
DMU08,34,1783571673,50.0,3.243523,102.41079,0.0
DMU06,35,1783571660,55.0,4.06804,102.288605,0.0
SCS23,weekday_2143,1783571633,0.0,3.684953,101.51796,0.0
SCS02,weekday_2138,1783571632,0.0,3.165067,101.69121,0.0
EMU29,2908,1783571631,118.0,5.253527,100.48404,0.0
SCS02,weekday_2138,1783571692,63.0,3.169585,101.68562,0.0
SCS27,weekday_2130,1783571673,114.0,3.656362,101.5414,0.0
DMU08,34,1783571673,50.0,3.243523,102.41079,0.0
EMU29,2908,1783571721,96.0,5.279722,100.4786,0.0
DMU06,35,1783571705,60.0,4.065183,102.29499,0.0
SCS32,2963,1783571699,0.0,6.662768,100.32025,0.0
EMU23,2909,1783571803,110.0,5.211133,100.49055,0.0
SCS37,2959,1783571804,11.0,5.39082,100.369896,0.0
SCS04,weekday_2139,1783571769,80.0,3.201473,101.59117,0.0
SCS27,weekday_2130,1783571793,14.0,3.676938,101.526474,0.0
DMU06,35,1783571765,69.0,4.059937,102.304474,0.0
DMU08,34,1783571838,0.0,3.246172,102.4113,0.0
SCS37,2959,1783571834,22.0,5.389605,100.37101,0.0
SCS32,2963,1783571819,40.0,6.658108,100.31397,0.0
EMU29,2908,1783571811,0.0,5.286473,100.480965,0.0
SCS04,weekday_2139,1783571799,88.0,3.200703,101.59741,0.0
SCS23,weekday_2143,1783571798,45.0,3.678775,101.52477,0.0
DMU06,35,1783571915,70.0,4.03869,102.31783,0.0
SCS23,weekday_2143,1783571888,114.0,3.66176,101.537285,0.0
SCS37,2959,1783571879,23.0,5.387485,100.373276,0.0
DMU06,35,1783571975,71.0,4.027553,102.3195,0.0
SCS23,weekday_2143,1783571918,109.0,3.655048,101.54297,0.0
SCS04,weekday_2139,1783571979,1.0,3.208593,101.62883,0.0
SCS27,weekday_2130,1783571943,0.0,3.6848,101.51808,0.0
DMU08,34,1783571943,0.0,3.246192,102.4112,0.0
EMU23,2909,1783571923,93.0,5.179137,100.47951,0.0
EMU29,2908,1783571914,107.0,5.301153,100.48,0.0
DMU06,35,1783571990,74.0,4.024718,102.31906,0.0
SCS02,weekday_2138,1783571992,10.0,3.191752,101.65556,0.0
SCS23,weekday_2143,1783571993,114.0,3.639208,101.55869,0.0
EMU23,2909,1783572028,11.0,5.169505,100.479614,0.0
SCS04,weekday_2139,1783572024,14.0,3.208505,101.629105,0.0
SCS32,2963,1783571984,114.0,6.63983,100.2846,0.0
SCS04,weekday_2139,1783572069,43.0,3.206205,101.633934,0.0
SCS37,2959,1783572074,95.0,5.369072,100.40974,0.0
EMU23,2909,1783572073,92.0,5.161768,100.47986,0.0
DMU06,35,1783572065,66.0,4.01096,102.3212,0.0
EMU29,2908,1783572079,101.0,5.3485,100.46798,0.0
DMU08,34,1783572078,37.0,3.249843,102.411865,0.0
SCS32,2963,1783572074,115.0,6.62151,100.26552,0.0
SCS23,weekday_2143,1783572068,113.0,3.621298,101.57207,0.0
SCS32,2963,1783572119,115.0,6.608013,100.26355,0.0
DMU08,34,1783572108,57.0,3.253895,102.41249,0.0
EMU29,2908,1783572169,72.0,5.365488,100.45343,0.0
SCS04,weekday_2139,1783572174,44.0,3.200817,101.63914,0.0
SCS23,weekday_2143,1783572173,102.0,3.601052,101.59277,0.0
SCS37,2959,1783572164,0.0,5.364308,100.42199,0.0
EMU23,2909,1783572163,78.0,5.137437,100.48479,0.0
EMU29,2908,1783572214,3.0,5.366332,100.44774,0.0
DMU08,34,1783572213,78.0,3.275638,102.416214,0.0
DMU06,35,1783572185,40.0,3.993977,102.328835,0.0
SCS02,weekday_2138,1783572172,0.0,3.202157,101.63768,0.0
SCS02,weekday_2138,1783572276,0.0,3.20842,101.629715,0.0
DMU06,35,1783572260,44.0,3.989953,102.33317,0.0
EMU29,2908,1783572214,3.0,5.366332,100.44774,0.0
DMU08,34,1783572213,78.0,3.275638,102.416214,0.0
SCS04,weekday_2139,1783572279,32.0,3.192077,101.65499,0.0
SCS37,2959,1783572329,53.0,5.366448,100.44704,0.0
EMU23,2909,1783572328,100.0,5.1207,100.488266,0.0
SCS04,weekday_2139,1783572324,0.0,3.191725,101.65576,0.0
SCS23,weekday_2143,1783572278,100.0,3.58261,101.6127,0.0
DMU06,35,1783572275,52.0,3.988133,102.33416,0.0
SCS04,weekday_2139,1783572384,50.0,3.18719,101.66316,0.0
SCS02,weekday_2138,1783572332,3.0,3.208525,101.62899,0.0
EMU23,2909,1783572388,116.0,5.10299,100.4919,0.0
SCS23,weekday_2143,1783572368,100.0,3.564313,101.624725,0.0
DMU06,35,1783572335,74.0,3.978882,102.338585,0.0
EMU29,2908,1783572334,25.0,5.366438,100.4469,0.0
DMU08,34,1783572333,76.0,3.29516,102.42664,0.0
SCS32,2963,1783572434,0.0,6.524288,100.257065,0.0
SCS02,weekday_2138,1783572392,72.0,3.208228,101.61947,0.0
DMU08,34,1783572423,71.0,3.312435,102.423744,0.0
SCS23,weekday_2143,1783572473,0.0,3.553827,101.63944,0.0
DMU06,35,1783572470,68.0,3.956,102.350006,0.0
SCS02,weekday_2138,1783572467,85.0,3.19952,101.607,0.0
SCS32,2963,1783572509,107.0,6.51584,100.2556,0.0
EMU23,2909,1783572508,119.0,5.069983,100.505424,0.0
SCS04,weekday_2139,1783572504,97.0,3.179693,101.67661,0.0
EMU29,2908,1783572484,0.0,5.364597,100.42125,0.0
DMU08,34,1783572483,49.0,3.323482,102.42127,0.0
EMU23,2909,1783572538,113.0,5.062175,100.509575,0.0
SCS04,weekday_2139,1783572534,58.0,3.175808,101.68121,0.0
DMU08,34,1783572528,40.0,3.329073,102.420494,0.0
SCS02,weekday_2138,1783572527,76.0,3.20071,101.59358,0.0
EMU23,2909,1783572628,108.0,5.038027,100.522354,0.0
SCS04,weekday_2139,1783572624,28.0,3.165827,101.69058,0.0
SCS23,weekday_2143,1783572623,99.0,3.52929,101.630714,0.0
DMU06,35,1783572620,0.0,3.937468,102.35779,0.0
SCS02,weekday_2138,1783572617,32.0,3.205295,101.582466,0.0
SCS32,2963,1783572584,115.0,6.493453,100.25357,0.0
DMU08,34,1783572573,0.0,3.331343,102.42015,0.0
DMU08,34,1783572663,0.0,3.33159,102.42022,0.0
DMU06,35,1783572665,0.0,3.937472,102.3577,0.0
SCS02,weekday_2138,1783572647,0.0,3.20586,101.580986,0.0
EMU23,2909,1783572748,32.0,5.027842,100.527725,0.0
DMU08,34,1783572723,7.0,3.331915,102.420135,0.0
SCS04,weekday_2139,1783572714,44.0,3.161292,101.6922,0.0
SCS32,2963,1783572719,114.0,6.453915,100.260796,0.0
SCS02,weekday_2138,1783572722,25.0,3.206223,101.579796,0.0
DMU08,34,1783572768,34.0,3.334845,102.41973,0.0
SCS04,weekday_2139,1783572804,0.0,3.153863,101.69251,0.0
SCS02,weekday_2138,1783572752,51.0,3.207462,101.57655,0.0
SCS23,weekday_2143,1783572773,0.0,3.50094,101.63422,0.0
DMU08,34,1783572873,76.0,3.348338,102.40799,0.0
DMU06,35,1783572860,0.0,3.937458,102.35782,0.0
EMU23,2909,1783572853,114.0,5.021165,100.54981,0.0
SCS02,weekday_2138,1783572827,102.0,3.22034,101.56549,0.0
DMU08,34,1783572888,71.0,3.348597,102.404976,0.0
EMU23,2909,1783572913,113.0,5.03133,100.56491,0.0
SCS04,weekday_2139,1783572909,19.0,3.144613,101.692795,0.0
SCS23,weekday_2143,1783572908,99.0,3.477238,101.63937,0.0
SCS32,2963,1783572884,0.0,6.432532,100.26817,0.0
EMU22,2910,1783572873,0.0,4.59783,101.07328,0.0
SCS04,weekday_2139,1783572999,11.0,3.139857,101.69388,0.0
DMU06,35,1783572995,0.0,3.93748,102.35772,0.0
EMU22,2910,1783572993,0.0,4.59783,101.07328,0.0
SCS02,weekday_2138,1783572992,7.0,3.249167,101.55682,0.0
SCS32,2963,1783572974,116.0,6.419268,100.272736,0.0
EMU23,2909,1783573003,111.0,5.044847,100.58841,0.0
SCS04,weekday_2139,1783573059,0.0,3.139212,101.693665,0.0
SCS02,weekday_2138,1783573052,33.0,3.252725,101.55502,0.0
DMU06,35,1783573040,0.0,3.93748,102.35772,0.0
EMU22,2910,1783573008,13.0,4.598053,101.07335,0.0
SCS32,2963,1783573049,114.0,6.398702,100.28203,0.0
SCS23,weekday_2143,1783572998,3.0,3.468893,101.63796,0.0
SCS32,2963,1783573124,114.0,6.380575,100.29554,0.0
SCS02,weekday_2138,1783573112,5.0,3.257523,101.55464,0.0
SCS23,weekday_2143,1783573058,108.0,3.458532,101.63889,0.0
DMU06,35,1783573160,0.0,3.937415,102.35765,0.0
SCS23,weekday_2143,1783573133,106.0,3.436858,101.63594,0.0
EMU22,2910,1783573128,59.0,4.607437,101.07678,0.0
EMU23,2909,1783573183,110.0,5.041505,100.64214,0.0
SCS04,weekday_2139,1783573224,0.0,3.136292,101.68977,0.0
SCS02,weekday_2138,1783573202,32.0,3.258687,101.5549,0.0
SCS04,weekday_2139,1783573269,0.0,3.136292,101.68977,0.0
EMU23,2909,1783573313,117.0,5.0393,100.68034,0.0
DMU06,35,1783573310,62.0,3.924598,102.35824,0.0
SCS32,2963,1783573409,114.0,6.332187,100.33163,0.0
DMU06,35,1783573400,76.0,3.908048,102.36305,0.0
EMU23,2909,1783573373,117.0,5.037727,100.69879,0.0
SCS23,weekday_2143,1783573373,72.0,3.379045,101.61744,0.0
SCS04,weekday_2139,1783573359,0.0,3.136292,101.68977,0.0
SCS02,weekday_2138,1783573397,75.0,3.287182,101.57001,0.0
EMU22,2910,1783573353,89.0,4.638495,101.109764,0.0
SCS04,weekday_2139,1783573449,0.0,3.136292,101.68977,0.0
EMU22,2910,1783573413,94.0,4.65047,101.11841,0.0
SCS02,weekday_2138,1783573442,78.0,3.2952,101.574715,0.0
DMU06,35,1783573445,76.0,3.899182,102.362946,0.0
EMU22,2910,1783573473,88.0,4.662067,101.12736,0.0
SCS04,weekday_2139,1783573524,0.0,3.136292,101.68977,0.0
SCS02,weekday_2138,1783573517,50.0,3.308575,101.57493,0.0
DMU06,35,1783573475,75.0,3.893373,102.3621,0.0
SCS02,weekday_2138,1783573562,47.0,3.31464,101.57484,0.0
SCS04,weekday_2139,1783573599,0.0,3.136292,101.68977,0.0
DMU06,35,1783573625,69.0,3.866387,102.36385,0.0
SCS32,2963,1783573604,114.0,6.278228,100.3519,0.0
SCS32,2963,1783573724,115.0,6.242838,100.359146,0.0
DMU08,34,1783573728,18.0,3.473813,102.34584,0.0
SCS04,weekday_2139,1783573764,0.0,3.136292,101.68977,0.0
SCS23,weekday_2143,1783573778,55.0,3.330858,101.569244,0.0
SCS02,weekday_2138,1783573802,55.0,3.329327,101.56895,0.0
SCS32,2963,1783573829,114.0,6.211998,100.3655,0.0
DMU08,34,1783573803,48.0,3.48142,102.34357,0.0
EMU22,2910,1783573809,93.0,4.734217,101.1218,0.0
SCS04,weekday_2139,1783573779,0.0,3.136292,101.68977,0.0
DMU06,35,1783573775,60.0,3.84031,102.361595,0.0
DMU08,34,1783573863,0.0,3.48472,102.34327,0.0
SCS04,weekday_2139,1783573899,0.0,3.136292,101.68977,0.0
SCS23,weekday_2143,1783573883,23.0,3.320945,101.57432,0.0
EMU23,2909,1783573865,102.0,4.910362,100.71788,0.0
DMU06,35,1783573835,60.0,3.829903,102.36247,0.0
EMU22,2910,1783573929,96.0,4.76279,101.114914,0.0
EMU23,2909,1783573925,52.0,4.898232,100.719185,0.0
DMU06,35,1783573925,62.0,3.816295,102.36034,0.0
SCS02,weekday_2138,1783573892,89.0,3.345773,101.57232,0.0
DMU08,34,1783573923,0.0,3.484643,102.343216,0.0
SCS23,weekday_2143,1783573898,11.0,3.320162,101.574745,0.0
DMU08,34,1783573983,0.0,3.484643,102.343216,0.0
EMU23,2909,1783573970,0.0,4.89626,100.71941,0.0
DMU06,35,1783573955,68.0,3.810708,102.359726,0.0
DMU08,34,1783574073,0.0,3.484733,102.34324,0.0
SCS02,weekday_2138,1783574072,105.0,3.366515,101.60008,0.0
EMU23,2909,1783574075,112.0,4.880787,100.7214,0.0
SCS23,weekday_2143,1783574078,82.0,3.300897,101.57484,0.0
DMU08,34,1783574073,0.0,3.484733,102.34324,0.0
EMU22,2910,1783574079,98.0,4.793122,101.093735,0.0
EMU22,2910,1783574169,85.0,4.810423,101.07958,0.0
EMU23,2909,1783574165,75.0,4.86017,100.733635,0.0
SCS23,weekday_2143,1783574153,73.0,3.286227,101.569565,0.0
DMU06,35,1783574150,69.0,3.795068,102.359825,0.0
DMU08,34,1783574163,0.0,3.48468,102.34317,0.0
SCS32,2963,1783574159,114.0,6.146627,100.38043,0.0
SCS02,weekday_2138,1783574132,59.0,3.373677,101.612,0.0
SCS04,weekday_2139,1783574169,21.0,3.14409,101.69333,0.0
DMU08,34,1783574193,0.0,3.484702,102.34326,0.0
EMU22,2910,1783574289,0.0,4.818772,101.07098,0.0
SCS04,weekday_2142,1783574289,0.0,3.153823,101.692375,0.0
DMU06,35,1783574285,73.0,3.768958,102.35878,0.0
SCS32,2963,1783574309,5.0,6.113592,100.37001,0.0
DMU08,34,1783574283,0.0,3.484463,102.34328,0.0
SCS23,weekday_2143,1783574273,64.0,3.265518,101.55875,0.0
DMU06,35,1783574360,73.0,3.754837,102.360634,0.0
EMU23,2909,1783574345,98.0,4.840332,100.72799,0.0
SCS02,weekday_2138,1783574342,103.0,3.403735,101.62785,0.0
SCS04,weekday_2142,1783574364,69.0,3.158572,101.693085,0.0
EMU22,2910,1783574364,88.0,4.824247,101.06095,0.0
SCS23,weekday_2143,1783574363,22.0,3.261037,101.55599,0.0
SCS04,weekday_2142,1783574439,0.0,3.165105,101.69124,0.0
SCS32,2963,1783574399,87.0,6.108723,100.367744,0.0
SCS02,weekday_2138,1783574432,95.0,3.425355,101.62676,0.0
DMU06,35,1783574420,73.0,3.74345,102.36168,0.0
EMU23,2909,1783574435,108.0,4.81901,100.7389,0.0
DMU08,34,1783574433,3.0,3.48495,102.343285,0.0
SCS23,weekday_2143,1783574423,0.0,3.25879,101.5551,0.0
SCS04,weekday_2142,1783574454,0.0,3.165105,101.69124,0.0
SCS23,weekday_2143,1783574453,29.0,3.257893,101.55489,0.0
SCS02,weekday_2138,1783574432,95.0,3.425355,101.62676,0.0
SCS32,2963,1783574549,115.0,6.069608,100.38561,0.0
SCS04,weekday_2142,1783574559,72.0,3.168968,101.68594,0.0
EMU23,2909,1783574630,108.0,4.783718,100.77532,0.0
DMU08,34,1783574628,12.0,3.500778,102.34336,0.0
DMU06,35,1783574585,0.0,3.719973,102.365845,0.0
SCS02,weekday_2138,1783574627,1.0,3.467848,101.63766,0.0
SCS23,weekday_2143,1783574588,96.0,3.239365,101.56042,0.0
EMU22,2910,1783574588,98.0,4.84078,101.01114,0.0
DMU06,35,1783574630,0.0,3.719973,102.365845,0.0
SCS04,weekday_2142,1783574634,103.0,3.180548,101.675224,0.0
EMU22,2910,1783574633,96.0,4.844583,101.0005,0.0
SCS23,weekday_2143,1783574633,105.0,3.22722,101.560974,0.0
EMU23,2909,1783574630,108.0,4.783718,100.77532,0.0
SCS04,weekday_2142,1783574694,15.0,3.185978,101.66476,0.0
EMU22,2910,1783574693,96.0,4.84393,100.98513,0.0
SCS23,weekday_2143,1783574693,97.0,3.21416,101.570724,0.0
DMU08,34,1783574688,9.0,3.503498,102.34576,0.0
SCS02,weekday_2138,1783574687,48.0,3.469533,101.63788,0.0
DMU06,35,1783574690,49.0,3.715802,102.36552,0.0
EMU23,2909,1783574690,108.0,4.778807,100.79167,0.0
SCS32,2963,1783574684,113.0,6.034468,100.40545,0.0
DMU06,35,1783574795,0.0,3.70993,102.36678,0.0
EMU23,2909,1783574795,0.0,4.776745,100.79891,0.0
SCS32,2963,1783574774,114.0,6.01083,100.41882,0.0
EMU22,2910,1783574753,93.0,4.840195,100.97072,0.0
DMU06,35,1783574810,0.0,3.70993,102.36678,0.0
SCS04,weekday_2142,1783574799,64.0,3.190285,101.6588,0.0
EMU23,2909,1783574855,85.0,4.776263,100.83432,0.0
EMU22,2910,1783574813,97.0,4.834492,100.95682,0.0
SCS23,weekday_2143,1783574813,0.0,3.206477,101.57968,0.0
DMU08,34,1783574853,0.0,3.504468,102.34636,0.0
SCS02,weekday_2138,1783574852,0.0,3.499638,101.63426,0.0
EMU23,2909,1783574915,81.0,4.779383,100.847015,0.0
DMU06,35,1783574915,5.0,3.711293,102.365845,0.0
SCS04,weekday_2142,1783574904,0.0,3.191712,101.655754,0.0
SCS23,weekday_2143,1783574888,38.0,3.204322,101.58448,0.0
EMU22,2910,1783574873,95.0,4.821058,100.95164,0.0
SCS04,weekday_2142,1783574934,4.0,3.191763,101.65564,0.0
EMU23,2909,1783574945,70.0,4.778967,100.85319,0.0
DMU06,35,1783574945,4.0,3.711958,102.36559,0.0
SCS23,weekday_2143,1783574963,85.0,3.200908,101.59818,0.0
DMU08,34,1783574958,20.0,3.507508,102.34684,0.0
SCS02,weekday_2138,1783574957,88.0,3.51368,101.630844,0.0
SCS04,weekday_2142,1783575039,34.0,3.198873,101.64089,0.0
DMU06,35,1783575035,4.0,3.71286,102.365395,0.0
SCS32,2963,1783575014,62.0,5.97075,100.4415,0.0
EMU23,2909,1783575050,0.0,4.778215,100.857155,0.0
SCS23,weekday_2143,1783575038,72.0,3.204738,101.61447,0.0
DMU08,34,1783575108,14.0,3.512603,102.34648,0.0
SCS27,weekday_2147,1783575108,25.0,3.68205,101.521225,0.0
SCS02,weekday_2138,1783575107,77.0,3.546393,101.63846,0.0
SCS32,2963,1783575089,116.0,5.952915,100.451515,0.0
EMU22,2910,1783575158,16.0,4.77606,100.931526,0.0
SCS02,weekday_2138,1783575152,9.0,3.55249,101.63955,0.0
DMU06,35,1783575140,0.0,3.710022,102.366714,0.0
SCS04,weekday_2142,1783575099,0.0,3.202222,101.637665,0.0
SCS23,weekday_2143,1783575098,54.0,3.208658,101.62546,0.0
EMU23,2909,1783575095,0.0,4.778215,100.857155,0.0
EMU23,2909,1783575185,28.0,4.77812,100.85789,0.0
DMU06,35,1783575170,0.0,3.710022,102.366714,0.0
DMU08,34,1783575168,0.0,3.51313,102.34648,0.0
SCS23,weekday_2143,1783575158,5.0,3.208788,101.62778,0.0
SCS27,weekday_2147,1783575153,48.0,3.678712,101.52479,0.0
SCS32,2963,1783575194,114.0,5.924193,100.46465,0.0
SCS04,weekday_2142,1783575159,27.0,3.203168,101.636734,0.0
SCS02,weekday_2138,1783575122,70.0,3.549055,101.63964,0.0
SCS04,weekday_2142,1783575219,53.0,3.208045,101.63131,0.0
EMU22,2910,1783575218,91.0,4.775038,100.920715,0.0
EMU23,2909,1783575335,100.0,4.773327,100.89393,0.0
DMU06,35,1783575335,0.0,3.710103,102.36677,0.0
SCS02,weekday_2138,1783575332,72.0,3.567217,101.62049,0.0
SCS32,2963,1783575359,114.0,5.876727,100.47699,0.0
SCS23,weekday_2143,1783575338,42.0,3.199732,101.64023,0.0
SCS27,weekday_2147,1783575333,83.0,3.653825,101.54429,0.0
SCS19,weekday_2032,1783575443,0.0,3.09778,101.706055,0.0
SCS02,weekday_2138,1783575407,90.0,3.580615,101.613205,0.0
DMU06,35,1783575455,0.0,3.710103,102.36677,0.0
SCS32,2963,1783575449,115.0,5.849632,100.47692,0.0
EMU23,2909,1783575440,88.0,4.775398,100.91831,0.0
EMU22,2910,1783575416,90.0,4.772092,100.874825,0.0
SCS04,weekday_2142,1783575426,81.0,3.199727,101.60827,0.0
SCS23,weekday_2143,1783575473,4.0,3.192277,101.65467,0.0
SCS19,weekday_2032,1783575473,0.0,3.09778,101.706055,0.0
DMU06,35,1783575470,2.0,3.710055,102.36669,0.0
SCS04,weekday_2142,1783575456,81.0,3.200867,101.601906,0.0
SCS02,weekday_2138,1783575527,87.0,3.60007,101.59463,0.0
EMU22,2910,1783575506,34.0,4.778042,100.857956,0.0
SCS27,weekday_2147,1783575483,112.0,3.620982,101.5724,0.0
DMU08,34,1783575558,35.0,3.53072,102.350075,0.0
SCS04,weekday_2142,1783575576,36.0,3.204267,101.58418,0.0
DMU06,35,1783575575,0.0,3.710057,102.36668,0.0
SCS23,weekday_2143,1783575533,45.0,3.187862,101.66238,0.0
SCS19,weekday_2032,1783575533,19.0,3.098603,101.70504,0.0
DMU06,35,1783575635,0.0,3.710057,102.36668,0.0
DMU08,34,1783575633,34.0,3.535092,102.35456,0.0
SCS19,weekday_2032,1783575623,68.0,3.10508,101.696884,0.0
EMU23,2909,1783575623,91.0,4.783262,100.935165,0.0
SCS27,weekday_2147,1783575618,100.0,3.597835,101.602295,0.0
SCS04,weekday_2142,1783575621,0.0,3.205978,101.580956,0.0
SCS23,weekday_2143,1783575578,0.0,3.186935,101.663704,0.0
SCS02,weekday_2138,1783575617,92.0,3.615667,101.57946,0.0
SCS19,weekday_2032,1783575653,68.0,3.108578,101.69251,0.0
EMU22,2910,1783575641,95.0,4.77854,100.84213,0.0
SCS04,weekday_2142,1783575696,0.0,3.205837,101.58107,0.0
DMU06,35,1783575695,0.0,3.710057,102.36668,0.0
DMU08,34,1783575693,27.0,3.539612,102.35739,0.0
SCS23,weekday_2143,1783575653,72.0,3.184957,101.666214,0.0
SCS23,weekday_2143,1783575728,68.0,3.177902,101.679115,0.0
DMU06,35,1783575725,0.0,3.710057,102.36668,0.0
EMU23,2909,1783575728,103.0,4.808088,100.94882,0.0
SCS19,weekday_2032,1783575728,29.0,3.112825,101.683,0.0
SCS04,weekday_2142,1783575726,9.0,3.205767,101.58086,0.0
SCS02,weekday_2138,1783575722,94.0,3.634255,101.56123,0.0
SCS27,weekday_2147,1783575768,109.0,3.565002,101.62378,0.0
SCS19,weekday_2032,1783575773,0.0,3.113142,101.682014,0.0
SCS27,weekday_2147,1783575828,96.0,3.557812,101.637985,0.0
SCS02,weekday_2138,1783575827,90.0,3.654023,101.54392,0.0
SCS32,2963,1783575824,117.0,5.769907,100.49433,0.0
EMU22,2910,1783575821,96.0,4.776827,100.79799,0.0
EMU23,2909,1783575818,107.0,4.833037,100.95512,0.0
SCS19,weekday_2032,1783575818,28.0,3.114145,101.68068,0.0
SCS23,weekday_2143,1783575908,0.0,3.16607,101.69036,0.0
SCS19,weekday_2032,1783575908,0.0,3.117902,101.67909,0.0
EMU23,2909,1783575908,120.0,4.842782,100.97976,0.0
SCS04,weekday_2142,1783575906,96.0,3.232372,101.55946,0.0
DMU06,35,1783575905,0.0,3.71007,102.366684,0.0
SCS27,weekday_2147,1783575903,13.0,3.55359,101.63947,0.0
SCS02,weekday_2138,1783575932,74.0,3.672707,101.52955,0.0
SCS32,2963,1783575899,118.0,5.748608,100.50408,0.0
EMU22,2910,1783575896,98.0,4.78239,100.779335,0.0
SCS23,weekday_2143,1783575938,15.0,3.165875,101.69058,0.0
SCS19,weekday_2032,1783575938,0.0,3.117902,101.67909,0.0
EMU23,2909,1783575998,118.0,4.842773,101.005684,0.0
SCS04,weekday_2142,1783575996,21.0,3.249133,101.5569,0.0
EMU22,2910,1783575986,92.0,4.791202,100.75853,0.0
SCS23,weekday_2143,1783576043,0.0,3.154885,101.69322,0.0
SCS19,weekday_2032,1783576043,12.0,3.121015,101.67849,0.0
EMU23,2909,1783576043,103.0,4.837575,101.01767,0.0
SCS04,weekday_2142,1783576041,6.0,3.250095,101.55625,0.0
DMU06,35,1783576040,0.0,3.709973,102.36668,0.0
EMU22,2910,1783576031,91.0,4.797965,100.749954,0.0
SCS27,weekday_2147,1783576023,99.0,3.528465,101.63033,0.0
SCS27,weekday_2147,1783576083,98.0,3.51364,101.63095,0.0
SCS04,weekday_2142,1783576086,33.0,3.253248,101.55486,0.0
DMU06,35,1783576085,0.0,3.709973,102.36668,0.0
SCS32,2963,1783576064,115.0,5.701127,100.51006,0.0
EMU22,2910,1783576076,93.0,4.806443,100.74286,0.0
SCS19,weekday_2032,1783576073,25.0,3.122777,101.678085,0.0
SCS23,weekday_2143,1783576133,60.0,3.153012,101.69197,0.0
SCS19,weekday_2032,1783576133,20.0,3.126562,101.67891,0.0
SCS32,2963,1783576124,114.0,5.68556,100.50124,0.0
SCS19,weekday_2032,1783576223,18.0,3.130938,101.68215,0.0
SCS04,weekday_2142,1783576221,30.0,3.259493,101.555214,0.0
DMU06,35,1783576220,0.0,3.710062,102.3667,0.0
SCS23,weekday_2143,1783576178,23.0,3.147412,101.69098,0.0
SCS27,weekday_2147,1783576188,0.0,3.500945,101.634155,0.0
EMU23,2909,1783576178,103.0,4.826403,101.0508,0.0
SCS27,weekday_2147,1783576293,117.0,3.483852,101.639275,0.0
SCS19,weekday_2032,1783576268,0.0,3.132512,101.68353,0.0
EMU22,2910,1783576287,57.0,4.851022,100.73032,0.0
SCS32,2963,1783576289,27.0,5.6443,100.49038,0.0
EMU23,2909,1783576278,35.0,4.819172,101.07038,0.0
SCS23,weekday_2143,1783576268,22.0,3.142515,101.69421,0.0
EMU23,2909,1783576323,0.0,4.818808,101.07094,0.0
SCS32,2963,1783576349,0.0,5.643687,100.490265,0.0
DMU08,34,1783576338,43.0,3.573823,102.36841,0.0
SCS23,weekday_2143,1783576328,0.0,3.140267,101.69403,0.0
DMU06,35,1783576325,0.0,3.710062,102.3667,0.0
EMU22,2910,1783576302,30.0,4.852333,100.73151,0.0
SCS19,weekday_2032,1783576298,0.0,3.132512,101.68353,0.0
SCS04,weekday_2142,1783576296,72.0,3.269278,101.559654,0.0
SCS23,weekday_2143,1783576403,18.0,3.13767,101.69263,0.0
EMU22,2910,1783576377,0.0,4.852982,100.73215,0.0
EMU23,2909,1783576368,69.0,4.816453,101.07471,0.0
DMU08,34,1783576353,46.0,3.575682,102.3685,0.0
SCS27,weekday_2147,1783576458,81.0,3.462517,101.63773,0.0
DMU06,35,1783576475,0.0,3.709982,102.36653,0.0
SCS23,weekday_2143,1783576463,37.0,3.135313,101.688354,0.0
SCS27,weekday_2147,1783576518,115.0,3.445863,101.63876,0.0
SCS32,2963,1783576514,113.0,5.605575,100.49507,0.0
EMU22,2910,1783576512,96.0,4.876457,100.7231,0.0
EMU23,2909,1783576503,104.0,4.786662,101.09766,0.0
SCS23,weekday_2143,1783576493,0.0,3.135083,101.68787,0.0
SCS19,weekday_2032,1783576493,0.0,3.132512,101.68353,0.0
SCS32,2963,1783576589,116.0,5.58336,100.49472,0.0
SCS04,weekday_2142,1783576551,56.0,3.313923,101.57493,0.0
DMU06,35,1783576550,0.0,3.709977,102.36653,0.0
EMU23,2909,1783576548,106.0,4.77594,101.10426,0.0
SCS27,weekday_2147,1783576548,114.0,3.437307,101.63623,0.0
SCS27,weekday_2147,1783576638,84.0,3.417827,101.62534,0.0
SCS04,weekday_2142,1783576641,0.0,3.319123,101.574776,0.0
DMU06,35,1783576640,0.0,3.709925,102.36674,0.0
EMU23,2909,1783576638,113.0,4.754847,101.11815,0.0
EMU22,2910,1783576692,55.0,4.89846,100.7191,0.0
SCS27,weekday_2147,1783576683,115.0,3.405722,101.62809,0.0
EMU23,2909,1783576713,115.0,4.733712,101.121895,0.0
SCS19,weekday_2032,1783576703,0.0,3.138862,101.693436,0.0
SCS04,weekday_2142,1783576701,36.0,3.320607,101.5744,0.0
DMU06,35,1783576700,0.0,3.70995,102.366646,0.0
DMU08,34,1783576668,68.0,3.632075,102.380516,0.0
SCS32,2963,1783576739,115.0,5.538775,100.50311,0.0
EMU23,2909,1783576773,118.0,4.715168,101.12323,0.0
SCS19,weekday_2032,1783576793,20.0,3.14329,101.693596,0.0
SCS04,weekday_2142,1783576776,55.0,3.327528,101.56951,0.0
DMU06,35,1783576775,0.0,3.71001,102.36672,0.0
DMU08,34,1783576773,66.0,3.651087,102.37931,0.0
EMU22,2910,1783576797,81.0,4.91921,100.71687,0.0
SCS27,weekday_2147,1783576803,33.0,3.377243,101.61567,0.0
EMU23,2909,1783576803,116.0,4.707902,101.1286,0.0
SCS32,2963,1783576799,114.0,5.52133,100.50787,0.0
SCS19,weekday_2032,1783576778,21.0,3.142252,101.69396,0.0
DMU08,34,1783576773,66.0,3.651087,102.37931,0.0
EMU23,2909,1783576878,110.0,4.691272,101.14135,0.0
SCS32,2963,1783576889,113.0,5.495047,100.501495,0.0
SCS19,weekday_2032,1783576883,47.0,3.15129,101.69083,0.0
SCS04,weekday_2142,1783576881,102.0,3.348557,101.57218,0.0
DMU06,35,1783576880,0.0,3.710057,102.366806,0.0
SCS32,2963,1783576919,79.0,5.487233,100.499405,0.0
EMU23,2909,1783576953,120.0,4.670642,101.13407,0.0
SCS04,weekday_2142,1783576956,98.0,3.363317,101.57858,0.0
DMU06,35,1783576955,0.0,3.709952,102.36678,0.0
SCS27,weekday_2147,1783576908,106.0,3.370478,101.60885,0.0
DMU08,34,1783576908,66.0,3.67658,102.375145,0.0
DMU06,35,1783576985,0.0,3.709952,102.36678,0.0
DMU08,34,1783576983,80.0,3.691907,102.37427,0.0
SCS32,2963,1783576964,0.0,5.482828,100.49823,0.0
EMU23,2909,1783576953,120.0,4.670642,101.13407,0.0
SCS19,weekday_2032,1783576988,32.0,3.155052,101.69334,0.0
SCS27,weekday_2147,1783576983,102.0,3.363295,101.58797,0.0
SCS27,weekday_2147,1783577073,103.0,3.35379,101.57183,0.0
DMU08,34,1783577073,0.0,3.70127,102.3731,0.0
SCS19,weekday_2032,1783577033,52.0,3.160813,101.69225,0.0
SCS04,weekday_2142,1783577031,117.0,3.366368,101.59977,0.0
DMU06,35,1783577030,0.0,3.709893,102.36668,0.0
EMU23,2909,1783577070,117.0,4.641387,101.112015,0.0
EMU22,2910,1783577078,94.0,4.985315,100.733536,0.0
SCS19,weekday_2032,1783577078,8.0,3.164933,101.691345,0.0
SCS27,weekday_2147,1783577133,80.0,3.33792,101.572784,0.0
SCS04,weekday_2142,1783577121,0.0,3.375687,101.614006,0.0
DMU06,35,1783577120,0.0,3.709893,102.36668,0.0
DMU08,34,1783577163,4.0,3.702323,102.372734,0.0
SCS27,weekday_2147,1783577163,57.0,3.332935,101.57057,0.0
EMU23,2909,1783577160,101.0,4.620917,101.09636,0.0
EMU22,2910,1783577153,94.0,5.003823,100.73517,0.0
SCS04,weekday_2142,1783577151,0.0,3.375687,101.614006,0.0
DMU06,35,1783577150,0.0,3.709893,102.36668,0.0
SCS32,2963,1783577219,114.0,5.429622,100.485115,0.0
SCS04,weekday_2142,1783577271,116.0,3.399575,101.62801,0.0
DMU06,35,1783577270,0.0,3.709982,102.36671,0.0
EMU22,2910,1783577243,95.0,5.022235,100.72298,0.0
DMU08,34,1783577238,12.0,3.704317,102.371475,0.0
SCS27,weekday_2147,1783577238,41.0,3.32573,101.57084,0.0
DMU08,34,1783577253,16.0,3.704847,102.37107,0.0
SCS27,weekday_2147,1783577313,0.0,3.320057,101.57481,0.0
EMU23,2909,1783577310,6.0,4.607023,101.076614,0.0
SCS32,2963,1783577309,117.0,5.40549,100.47292,0.0
SCS05,weekday_2031,1783577255,0.0,3.204413,101.6761,0.0
SCS32,2963,1783577354,113.0,5.391775,100.47094,0.0
SCS04,weekday_2142,1783577316,101.0,3.412605,101.62715,0.0
DMU06,35,1783577315,0.0,3.709982,102.36671,0.0
DMU08,34,1783577313,31.0,3.708588,102.367966,0.0
SCS05,weekday_2031,1783577405,32.0,3.197215,101.68221,0.0
EMU29,2911,1783577404,0.0,5.393665,100.36627,0.0
EMU23,2909,1783577400,17.0,4.603907,101.07567,0.0
SCS32,2963,1783577399,115.0,5.378372,100.46927,0.0
SCS05,weekday_2031,1783577495,43.0,3.187475,101.68964,0.0
DMU08,34,1783577493,30.0,3.715885,102.365585,0.0
SCS32,2963,1783577489,37.0,5.360018,100.466965,0.0
EMU29,2911,1783577479,6.0,5.393418,100.36654,0.0
EMU22,2910,1783577468,95.0,5.039223,100.67219,0.0
DMU06,35,1783577465,0.0,3.709982,102.36671,0.0
SCS27,weekday_2147,1783577448,77.0,3.311933,101.57499,0.0
SCS23,weekday_2146,1783577468,0.0,3.135083,101.68787,0.0
SCS23,weekday_2146,1783577558,12.0,3.13693,101.6915,0.0
EMU22,2910,1783577558,97.0,5.041598,100.64976,0.0
SCS05,weekday_2031,1783577555,0.0,3.182698,101.68888,0.0
DMU06,35,1783577555,3.0,3.708977,102.36756,0.0
SCS19,weekday_2032,1783577518,35.0,3.185115,101.68973,0.0
SCS19,weekday_2032,1783577563,49.0,3.189785,101.68831,0.0
EMU29,2911,1783577614,37.0,5.38717,100.373955,0.0
SCS27,weekday_2147,1783577568,71.0,3.286393,101.5697,0.0
SCS32,2963,1783577609,76.0,5.364013,100.45785,0.0
DMU06,35,1783577585,13.0,3.708212,102.36818,0.0
SCS23,weekday_2146,1783577588,8.0,3.137597,101.69246,0.0
SCS32,2963,1783577654,40.0,5.365982,100.450035,0.0
SCS23,weekday_2146,1783577618,11.0,3.138777,101.69339,0.0
SCS05,weekday_2031,1783577615,2.0,3.182412,101.688805,0.0
SCS04,weekday_2142,1783577659,55.0,3.470242,101.6381,0.0
DMU08,34,1783577658,60.0,3.740613,102.36225,0.0
EMU29,2911,1783577614,37.0,5.38717,100.373955,0.0
EMU22,2910,1783577706,96.0,5.04358,100.6127,0.0
SCS04,weekday_2142,1783577704,107.0,3.480125,101.63969,0.0
SCS19,weekday_2032,1783577698,9.0,3.198232,101.681305,0.0
SCS23,weekday_2146,1783577708,0.0,3.13995,101.693665,0.0
SCS05,weekday_2031,1783577690,0.0,3.181563,101.688545,0.0
SCS32,2963,1783577699,0.0,5.36619,100.44851,0.0
EMU29,2911,1783577704,87.0,5.379948,100.387924,0.0
SCS04,weekday_2142,1783577734,108.0,3.48831,101.63707,0.0
DMU08,34,1783577733,64.0,3.753705,102.36112,0.0
SCS27,weekday_2147,1783577733,10.0,3.262483,101.55687,0.0
SCS04,weekday_2142,1783577869,28.0,3.500162,101.634285,0.0
SCS27,weekday_2147,1783577868,0.0,3.258867,101.55515,0.0
DMU08,34,1783577868,0.0,3.759172,102.358665,0.0
SCS32,2963,1783577864,59.0,5.363073,100.42509,0.0
SCS19,weekday_2032,1783577833,0.0,3.204293,101.67606,0.0
EMU22,2910,1783577826,95.0,5.043177,100.58305,0.0
SCS05,weekday_2031,1783577825,22.0,3.171648,101.68494,0.0
DMU06,35,1783577825,71.0,3.674332,102.374985,0.0
EMU29,2911,1783577824,74.0,5.36726,100.41441,0.0
SCS32,2963,1783577909,0.0,5.36391,100.42291,0.0
DMU06,35,1783577900,72.0,3.660015,102.37726,0.0
EMU29,2911,1783577899,0.0,5.364617,100.42128,0.0
EMU22,2910,1783577886,92.0,5.035082,100.5706,0.0
SCS23,weekday_2146,1783577873,0.0,3.140163,101.69388,0.0
SCS04,weekday_2142,1783577884,68.0,3.502478,101.63386,0.0
SCS27,weekday_2147,1783577883,0.0,3.258867,101.55515,0.0
DMU08,34,1783577883,0.0,3.759172,102.358665,0.0
EMU22,2910,1783577916,92.0,5.03093,100.56443,0.0
DMU06,35,1783577915,73.0,3.657083,102.377945,0.0
EMU29,2911,1783577914,0.0,5.364617,100.42128,0.0
SCS04,weekday_2142,1783577914,73.0,3.508263,101.633,0.0
SCS27,weekday_2147,1783577913,23.0,3.257977,101.5549,0.0
EMU22,2910,1783578006,94.0,5.019035,100.54562,0.0
SCS04,weekday_2142,1783578004,98.0,3.528828,101.63045,0.0
DMU08,34,1783578003,1.0,3.760122,102.35855,0.0
SCS27,weekday_2147,1783578003,46.0,3.250248,101.55623,0.0
SCS32,2963,1783577999,21.0,5.364422,100.42144,0.0
SCS04,weekday_2142,1783578079,94.0,3.546238,101.638405,0.0
SCS27,weekday_2147,1783578048,75.0,3.243945,101.56046,0.0
SCS19,weekday_2032,1783578043,76.0,3.225295,101.672676,0.0
DMU08,34,1783578078,0.0,3.760232,102.35854,0.0
DMU06,35,1783578050,73.0,3.631597,102.38046,0.0
EMU29,2911,1783578094,0.0,5.366433,100.44737,0.0
SCS04,weekday_2142,1783578169,0.0,3.552622,101.63957,0.0
DMU08,34,1783578168,50.0,3.767627,102.35881,0.0
SCS27,weekday_2147,1783578168,93.0,3.217758,101.567566,0.0
SCS32,2963,1783578164,96.0,5.380482,100.38676,0.0
SCS23,weekday_2146,1783578098,0.0,3.148092,101.69088,0.0
SCS05,weekday_2031,1783578098,0.0,3.153845,101.692474,0.0
SCS32,2963,1783578209,53.0,5.384883,100.378494,0.0
DMU06,35,1783578200,68.0,3.603425,102.37312,0.0
SCS23,weekday_2146,1783578188,0.0,3.15469,101.69316,0.0
SCS05,weekday_2031,1783578188,0.0,3.14815,101.69083,0.0
EMU22,2910,1783578186,1.0,5.028767,100.52724,0.0
SCS27,weekday_2147,1783578153,91.0,3.220658,101.565346,0.0
EMU22,2910,1783578246,97.0,5.037632,100.52256,0.0
DMU06,35,1783578245,71.0,3.594743,102.37181,0.0
SCS32,2963,1783578239,29.0,5.386283,100.37571,0.0
SCS05,weekday_2031,1783578233,22.0,3.144452,101.692986,0.0
SCS23,weekday_2146,1783578353,0.0,3.166045,101.690346,0.0
SCS04,weekday_2142,1783578394,115.0,3.590667,101.60739,0.0
SCS27,weekday_2147,1783578393,39.0,3.203977,101.58491,0.0
DMU08,34,1783578393,52.0,3.784803,102.35945,0.0
SCS32,2963,1783578389,18.0,5.391053,100.36954,0.0
SCS05,weekday_2031,1783578353,0.0,3.139205,101.693695,0.0
SCS32,2963,1783578449,0.0,5.39243,100.36752,0.0
SCS04,weekday_2142,1783578439,102.0,3.599103,101.59958,0.0
SCS04,weekday_2142,1783578514,116.0,3.611483,101.584,0.0
SCS23,weekday_2146,1783578473,76.0,3.174278,101.68283,0.0
SCS05,weekday_2031,1783578458,7.0,3.136298,101.690125,0.0
EMU22,2910,1783578456,94.0,5.084683,100.49764,0.0
DMU06,35,1783578455,65.0,3.555017,102.36479,0.0
DMU08,34,1783578453,49.0,3.79353,102.35977,0.0
SCS27,weekday_2147,1783578453,80.0,3.200513,101.594734,0.0
SCS32,2963,1783578539,0.0,5.39243,100.36752,0.0
EMU29,2911,1783578529,87.0,5.29491,100.48281,0.0
SCS04,weekday_2142,1783578529,118.0,3.614613,101.5806,0.0
SCS27,weekday_2147,1783578528,88.0,3.200877,101.61051,0.0
SCS05,weekday_2031,1783578518,0.0,3.135113,101.68771,0.0
SCS27,weekday_2147,1783578618,47.0,3.208672,101.62545,0.0
DMU08,34,1783578618,0.0,3.80733,102.35935,0.0
SCS05,weekday_2031,1783578608,0.0,3.135113,101.68771,0.0
SCS23,weekday_2146,1783578608,0.0,3.18687,101.66369,0.0
SCS02,weekday_2151,1783578662,0.0,3.683743,101.51891,0.0
SCS02,weekday_2151,1783578752,33.0,3.681222,101.52204,0.0
SCS27,weekday_2147,1783578753,35.0,3.208003,101.63157,0.0
DMU08,34,1783578753,0.0,3.809503,102.35957,0.0
SCS23,weekday_2146,1783578728,40.0,3.191468,101.65649,0.0
SCS05,weekday_2031,1783578728,0.0,3.135113,101.68771,0.0
SCS27,weekday_2147,1783578798,43.0,3.204783,101.63538,0.0
DMU06,35,1783578770,65.0,3.516938,102.346115,0.0
SCS02,weekday_2151,1783578887,115.0,3.657395,101.54044,0.0
SCS04,weekday_2142,1783578863,0.0,3.676648,101.52671,0.0
DMU06,35,1783578875,29.0,3.501925,102.34414,0.0
SCS27,weekday_2147,1783578873,6.0,3.203033,101.637115,0.0
DMU08,34,1783578873,19.0,3.810288,102.35965,0.0
SCS27,weekday_2147,1783578888,26.0,3.202297,101.63781,0.0
DMU08,34,1783578888,34.0,3.811542,102.35974,0.0
DMU06,35,1783578905,29.0,3.499862,102.34302,0.0
SCS04,weekday_2142,1783578878,0.0,3.676648,101.52671,0.0
SCS05,weekday_2031,1783578923,20.0,3.123158,101.67814,0.0
SCS23,weekday_2146,1783578923,60.0,3.196402,101.64509,0.0
EMU22,2910,1783579002,74.0,5.173812,100.47958,0.0
DMU08,34,1783578993,53.0,3.825447,102.36236,0.0
SCS27,weekday_2147,1783578993,63.0,3.193378,101.65218,0.0
SCS27,weekday_2147,1783579038,0.0,3.192307,101.654724,0.0
DMU08,34,1783579038,0.0,3.831107,102.36236,0.0
SCS37,2967,1783579033,40.0,6.658075,100.31389,0.0
EMU29,2911,1783579019,115.0,5.191135,100.480156,0.0
SCS32,2968,1783579034,17.0,5.389935,100.370705,0.0
SCS22,weekday_2036,1783579034,0.0,3.097772,101.70604,0.0
EMU22,2910,1783579032,96.0,5.181008,100.47944,0.0
SCS02,weekday_2151,1783579112,98.0,3.610115,101.58551,0.0
EMU22,2910,1783579107,94.0,5.199125,100.48415,0.0
SCS27,weekday_2147,1783579143,29.0,3.187467,101.66293,0.0
SCS23,weekday_2146,1783579118,0.0,3.203207,101.63685,0.0
SCS05,weekday_2031,1783579118,0.0,3.118127,101.67899,0.0
EMU29,2911,1783579169,5.0,5.169638,100.47974,0.0
SCS37,2967,1783579168,114.0,6.644733,100.29122,0.0
SCS02,weekday_2151,1783579157,99.0,3.60113,101.59259,0.0
SCS32,2968,1783579154,45.0,5.384785,100.37873,0.0
SCS22,weekday_2036,1783579154,12.0,3.098137,101.705605,0.0
EMU22,2910,1783579152,93.0,5.209128,100.48954,0.0
DMU06,35,1783579145,5.0,3.484665,102.343414,0.0
DMU08,34,1783579143,57.0,3.837118,102.36189,0.0
DMU08,34,1783579188,48.0,3.84343,102.36191,0.0
SCS27,weekday_2147,1783579188,0.0,3.186908,101.6637,0.0
SCS32,2968,1783579214,94.0,5.37844,100.390594,0.0
SCS22,weekday_2036,1783579214,20.0,3.100117,101.70309,0.0
DMU06,35,1783579220,39.0,3.48054,102.34369,0.0
SCS23,weekday_2146,1783579208,0.0,3.203207,101.63685,0.0
SCS05,weekday_2031,1783579208,61.0,3.112412,101.687256,0.0
SCS23,weekday_2146,1783579313,0.0,3.203207,101.63685,0.0
SCS22,weekday_2036,1783579289,40.0,3.104468,101.69768,0.0
SCS05,weekday_2031,1783579253,27.0,3.108665,101.69248,0.0
SCS27,weekday_2147,1783579248,39.0,3.185983,101.66494,0.0
DMU08,34,1783579248,62.0,3.853172,102.36211,0.0
SCS02,weekday_2151,1783579247,109.0,3.586532,101.610306,0.0
DMU06,35,1783579250,49.0,3.476958,102.344826,0.0
SCS22,weekday_2036,1783579334,48.0,3.107603,101.69376,0.0
DMU06,35,1783579340,0.0,3.46624,102.342384,0.0
DMU08,34,1783579338,0.0,3.863452,102.36343,0.0
SCS32,2968,1783579334,69.0,5.36621,100.417076,0.0
EMU22,2910,1783579302,94.0,5.246363,100.485634,0.0
SCS32,2968,1783579409,0.0,5.364283,100.42198,0.0
SCS22,weekday_2036,1783579409,39.0,3.11263,101.685684,0.0
EMU29,2911,1783579409,38.0,5.12925,100.48652,0.0
SCS05,weekday_2031,1783579388,0.0,3.108007,101.69332,0.0
SCS23,weekday_2146,1783579388,0.0,3.203207,101.63685,0.0
DMU06,35,1783579385,1.0,3.466103,102.3423,0.0
SCS02,weekday_2151,1783579397,94.0,3.559772,101.635185,0.0
SCS22,weekday_2036,1783579469,0.0,3.113158,101.68207,0.0
SCS32,2968,1783579454,69.0,5.363142,100.42498,0.0
SCS23,weekday_2146,1783579418,0.0,3.203207,101.63685,0.0
SCS05,weekday_2031,1783579418,0.0,3.108007,101.69332,0.0
DMU06,35,1783579415,13.0,3.465252,102.34195,0.0
SCS02,weekday_2151,1783579412,90.0,3.557633,101.638084,0.0
SCS22,weekday_2036,1783579529,0.0,3.113158,101.68207,0.0
SCS05,weekday_2031,1783579493,4.0,3.10801,101.69336,0.0
DMU06,35,1783579490,37.0,3.459237,102.34246,0.0
SCS02,weekday_2151,1783579502,55.0,3.550757,101.63979,0.0
EMU29,2911,1783579484,106.0,5.112987,100.4899,0.0
EMU22,2910,1783579512,0.0,5.286395,100.48095,0.0
SCS27,weekday_2147,1783579503,0.0,3.16605,101.6904,0.0
SCS22,weekday_2036,1783579589,7.0,3.113335,101.681755,0.0
SCS37,2967,1783579558,113.0,6.540133,100.25979,0.0
EMU22,2910,1783579557,29.0,5.287002,100.48121,0.0
EMU29,2911,1783579555,0.0,5.09207,100.49428,0.0
SCS27,weekday_2147,1783579593,52.0,3.16269,101.692215,0.0
DMU08,34,1783579593,0.0,3.863937,102.3634,0.0
SCS02,weekday_2151,1783579592,101.0,3.530557,101.63156,0.0
SCS37,2967,1783579618,36.0,6.525175,100.257225,0.0
SCS05,weekday_2031,1783579613,7.0,3.100282,101.70292,0.0
SCS23,weekday_2146,1783579613,0.0,3.203207,101.63685,0.0
SCS02,weekday_2151,1783579697,91.0,3.505437,101.63344,0.0
SCS32,2968,1783579694,56.0,5.364917,100.45621,0.0
SCS22,weekday_2036,1783579694,4.0,3.117155,101.67885,0.0
SCS22,weekday_2036,1783579739,0.0,3.11781,101.679146,0.0
SCS02,weekday_2151,1783579772,16.0,3.499447,101.634285,0.0
EMU29,2911,1783579771,100.0,5.034575,100.52422,0.0
SCS32,2968,1783579769,41.0,5.358638,100.462616,0.0
SCS23,weekday_2146,1783579748,0.0,3.203207,101.63685,0.0
SCS05,weekday_2031,1783579748,18.0,3.098493,101.705215,0.0
EMU22,2910,1783579745,92.0,5.326213,100.46993,0.0
DMU08,34,1783579743,0.0,3.866072,102.36387,0.0
SCS27,weekday_2147,1783579728,41.0,3.153598,101.69233,0.0
SCS27,weekday_2147,1783579833,21.0,3.144845,101.69271,0.0
DMU08,34,1783579833,0.0,3.866072,102.36387,0.0
SCS02,weekday_2151,1783579832,119.0,3.48727,101.637665,0.0
EMU29,2911,1783579831,0.0,5.028672,100.52734,0.0
EMU22,2910,1783579820,92.0,5.34409,100.46933,0.0
EMU29,2911,1783579906,68.0,5.024677,100.529564,0.0
SCS23,weekday_2146,1783579838,32.0,3.20568,101.63447,0.0
SCS22,weekday_2036,1783579844,11.0,3.118875,101.67901,0.0
SCS27,weekday_2147,1783579863,19.0,3.143195,101.693954,0.0
SCS02,weekday_2151,1783579862,114.0,3.478538,101.63953,0.0
EMU22,2910,1783579880,86.0,5.356838,100.46387,0.0
DMU08,34,1783579863,0.0,3.866072,102.36387,0.0
EMU22,2910,1783579910,86.0,5.362373,100.45975,0.0
SCS05,weekday_2031,1783579928,0.0,3.097808,101.70607,0.0
DMU08,34,1783579908,0.0,3.866072,102.36387,0.0
SCS27,weekday_2147,1783579908,5.0,3.140407,101.69409,0.0
SCS32,2968,1783580009,114.0,5.407383,100.47341,0.0
SCS05,weekday_2031,1783580003,0.0,3.097808,101.70607,0.0
EMU22,2910,1783580000,0.0,5.366357,100.44767,0.0
SCS22,weekday_2036,1783579979,11.0,3.125298,101.67843,0.0
DMU08,34,1783580028,0.0,3.866052,102.36377,0.0
SCS27,weekday_2147,1783580028,16.0,3.137473,101.69239,0.0
EMU22,2910,1783580060,0.0,5.366358,100.44767,0.0
EMU29,2911,1783580071,119.0,5.034427,100.56957,0.0
SCS23,weekday_2146,1783580029,72.0,3.20838,101.621506,0.0
SCS02,weekday_2151,1783580027,116.0,3.454413,101.63982,0.0
EMU29,2911,1783580116,116.0,5.042092,100.58097,0.0
SCS32,2968,1783580099,116.0,5.431377,100.48619,0.0
EMU23,2912,1783580130,0.0,4.598735,101.07381,0.0
SCS22,weekday_2036,1783580129,16.0,3.130812,101.682205,0.0
SCS23,weekday_2146,1783580164,82.0,3.200433,101.59584,0.0
SCS22,weekday_2036,1783580189,0.0,3.132253,101.68325,0.0
SCS37,2967,1783580173,114.0,6.410665,100.27568,0.0
SCS22,weekday_2036,1783580204,0.0,3.132253,101.68325,0.0
SCS23,weekday_2146,1783580344,0.0,3.206325,101.57981,0.0
DMU08,34,1783580343,59.0,3.877562,102.36515,0.0
EMU23,2912,1783580340,83.0,4.609917,101.087166,0.0
SCS32,2968,1783580339,0.0,5.482915,100.49821,0.0
SCS27,weekday_2147,1783580343,0.0,3.135173,101.68881,0.0
SCS02,weekday_2151,1783580342,35.0,3.37657,101.61497,0.0
EMU22,2910,1783580360,30.0,5.36493,100.42048,0.0
EMU29,2911,1783580359,110.0,5.040722,100.6536,0.0
SCS22,weekday_2036,1783580339,0.0,3.132253,101.68325,0.0
SCS23,weekday_2146,1783580434,59.0,3.211555,101.573135,0.0
EMU29,2911,1783580434,119.0,5.03923,100.67619,0.0
SCS27,weekday_2147,1783580433,0.0,3.135173,101.68881,0.0
SCS02,weekday_2151,1783580432,0.0,3.375642,101.614,0.0
EMU23,2912,1783580430,118.0,4.627493,101.10135,0.0
EMU22,2910,1783580390,81.0,5.366643,100.41604,0.0
DMU08,34,1783580403,61.0,3.886943,102.36347,0.0
EMU22,2910,1783580495,97.0,5.378078,100.39144,0.0
EMU29,2911,1783580479,120.0,5.039365,100.690094,0.0
SCS02,weekday_2151,1783580462,52.0,3.374145,101.61252,0.0
SCS32,2968,1783580459,115.0,5.50684,100.50464,0.0
SCS37,2967,1783580503,115.0,6.356927,100.313225,0.0
EMU22,2910,1783580495,97.0,5.378078,100.39144,0.0
EMU29,2911,1783580539,119.0,5.034672,100.70817,0.0
SCS22,weekday_2036,1783580534,0.0,3.138853,101.69346,0.0
SCS19,weekday_2035,1783580533,46.0,3.233722,101.67865,0.0
ETS207,9052,1783580585,0.0,3.136888,101.69114,0.0
EMU22,2910,1783580585,35.0,5.386575,100.37513,0.0
DMU06,35,1783580660,58.0,3.346858,102.41283,0.0
SCS02,weekday_2151,1783580657,91.0,3.355007,101.57161,0.0
SCS37,2967,1783580623,114.0,6.3281,100.33483,0.0
SCS19,weekday_2035,1783580623,72.0,3.220107,101.6725,0.0
SCS27,weekday_2147,1783580733,0.0,3.135173,101.68881,0.0
SCS02,weekday_2151,1783580732,72.0,3.336387,101.57253,0.0
ETS207,9052,1783580750,0.0,3.136888,101.69114,0.0
EMU22,2910,1783580735,24.0,5.39213,100.36822,0.0
SCS23,weekday_2146,1783580734,0.0,3.251115,101.555695,0.0
EMU29,2911,1783580734,118.0,4.985833,100.73369,0.0
DMU06,35,1783580720,58.0,3.339237,102.41892,0.0
DMU08,34,1783580733,15.0,3.921498,102.358955,0.0
EMU40,2969,1783580700,0.0,6.662582,100.31966,0.0
EMU23,2912,1783580724,119.0,4.703067,101.134415,0.0
SCS02,weekday_2151,1783580747,71.0,3.333835,101.571304,0.0
EMU40,2969,1783580775,9.0,6.661545,100.31843,0.0
SCS22,weekday_2036,1783580759,0.0,3.153815,101.692444,0.0
EMU29,2911,1783580749,117.0,4.981248,100.73304,0.0
SCS37,2967,1783580758,114.0,6.291025,100.34935,0.0
SCS19,weekday_2035,1783580758,59.0,3.208127,101.67299,0.0
EMU39,2970,1783580758,16.0,5.392467,100.36755,0.0
DMU08,34,1783580748,20.0,3.922392,102.358665,0.0
SCS27,weekday_2147,1783580748,0.0,3.135173,101.68881,0.0
ETS207,9052,1783580750,0.0,3.136888,101.69114,0.0
EMU22,2910,1783580750,17.0,5.39273,100.3674,0.0
EMU23,2912,1783580739,117.0,4.706017,101.13082,0.0
EMU23,2912,1783580814,107.0,4.725325,101.122185,0.0
EMU29,2911,1783580794,122.0,4.967708,100.72858,0.0
SCS02,weekday_2151,1783580792,29.0,3.328008,101.56925,0.0
SCS32,2968,1783580864,116.0,5.625882,100.4934,0.0
SCS37,2967,1783580863,115.0,6.260028,100.35566,0.0
EMU39,2970,1783580863,22.0,5.388237,100.37238,0.0
EMU29,2911,1783580854,116.0,4.94978,100.723366,0.0
EMU23,2912,1783580859,119.0,4.738928,101.121666,0.0
ETS207,9052,1783580975,0.0,3.136888,101.69114,0.0
SCS23,weekday_2146,1783580974,38.0,3.263332,101.557335,0.0
EMU29,2911,1783580974,110.0,4.913943,100.71753,0.0
DMU08,34,1783580973,0.0,3.937255,102.357635,0.0
SCS22,weekday_2036,1783580939,0.0,3.165037,101.69135,0.0
SCS02,weekday_2151,1783580972,0.0,3.318697,101.57483,0.0
EMU40,2969,1783580970,114.0,6.64853,100.29677,0.0
SCS32,2968,1783580969,0.0,5.643718,100.490234,0.0
SCS37,2967,1783580938,113.0,6.23795,100.36016,0.0
SCS19,weekday_2035,1783580938,17.0,3.198128,101.68142,0.0
EMU23,2912,1783580934,118.0,4.761137,101.1157,0.0
SCS32,2968,1783580999,0.0,5.643718,100.490234,0.0
SCS19,weekday_2035,1783580998,43.0,3.196783,101.682526,0.0
SCS23,weekday_2146,1783581034,67.0,3.272348,101.56093,0.0
DMU08,34,1783581033,0.0,3.93727,102.35773,0.0
SCS27,weekday_2150,1783581033,0.0,3.135173,101.68881,0.0
EMU23,2912,1783581009,117.0,4.778938,101.10216,0.0
SCS02,weekday_2151,1783581032,78.0,3.312718,101.57492,0.0
EMU40,2969,1783581030,107.0,6.63836,100.28266,0.0
EMU29,2911,1783581034,67.0,4.898505,100.7192,0.0
ETS207,9052,1783581005,0.0,3.136888,101.69114,0.0
DMU06,35,1783581035,57.0,3.307597,102.425606,0.0
EMU39,2970,1783581118,48.0,5.365203,100.41972,0.0
SCS19,weekday_2035,1783581118,43.0,3.184652,101.68961,0.0
SCS32,2968,1783581104,117.0,5.661453,100.493286,0.0
EMU29,2911,1783581094,0.0,4.896078,100.719475,0.0
EMU23,2912,1783581144,113.0,4.812658,101.07821,0.0
ETS207,9052,1783581125,0.0,3.136888,101.69114,0.0
SCS37,2967,1783581118,77.0,6.186422,100.37287,0.0
SCS23,weekday_2146,1783581094,59.0,3.281293,101.56603,0.0
DMU08,34,1783581093,0.0,3.93727,102.35773,0.0
SCS27,weekday_2150,1783581093,9.0,3.136572,101.689255,0.0
SCS23,weekday_2146,1783581169,84.0,3.292463,101.573746,0.0
DMU08,34,1783581168,0.0,3.937373,102.35771,0.0
DMU06,35,1783581200,55.0,3.284298,102.420654,0.0
ETS207,9052,1783581200,0.0,3.136888,101.69114,0.0
EMU23,2912,1783581174,53.0,4.817182,101.07349,0.0
SCS32,2968,1783581344,113.0,5.728567,100.51173,0.0
EMU39,2970,1783581313,0.0,5.366418,100.44727,0.0
SCS37,2967,1783581313,115.0,6.160147,100.37947,0.0
SCS22,weekday_2036,1783581319,32.0,3.184875,101.689606,0.0
EMU23,2912,1783581309,0.0,4.818773,101.07099,0.0
EMU23,2912,1783581339,0.0,4.818773,101.07099,0.0
DMU06,35,1783581335,49.0,3.26731,102.415184,0.0
SCS22,weekday_2036,1783581379,92.0,3.192612,101.68609,0.0
EMU29,2911,1783581379,5.0,4.85315,100.73241,0.0
SCS23,weekday_2146,1783581379,0.0,3.320287,101.57458,0.0
DMU08,34,1783581378,0.0,3.937343,102.35766,0.0
SCS27,weekday_2150,1783581378,19.0,3.144943,101.69254,0.0
SCS02,weekday_2151,1783581377,24.0,3.259942,101.555435,0.0
EMU40,2969,1783581360,111.0,6.551135,100.25974,0.0
SCS27,weekday_2150,1783581423,59.0,3.148353,101.69081,0.0
SCS23,weekday_2146,1783581424,17.0,3.320605,101.574394,0.0
DMU08,34,1783581423,0.0,3.937342,102.35775,0.0
ETS207,9052,1783581515,66.0,3.1855,101.6654,0.0
SCS27,weekday_2150,1783581513,0.0,3.154792,101.69326,0.0
DMU08,34,1783581513,5.0,3.937595,102.35766,0.0
SCS02,weekday_2151,1783581512,35.0,3.25281,101.555016,0.0
SCS23,weekday_2146,1783581499,40.0,3.32746,101.56957,0.0
SCS32,2968,1783581509,115.0,5.774368,100.49253,0.0
SCS22,weekday_2036,1783581484,13.0,3.19796,101.681526,0.0
EMU23,2912,1783581459,78.0,4.82147,101.06674,0.0
EMU29,2911,1783581514,119.0,4.8277,100.73574,0.0
SCS22,weekday_2036,1783581514,70.0,3.200713,101.67914,0.0
SCS23,weekday_2146,1783581514,51.0,3.32928,101.568985,0.0
SCS19,weekday_2035,1783581561,8.0,3.165362,101.69111,0.0
DMU06,35,1783581560,0.0,3.246348,102.41128,0.0
ETS207,9052,1783581560,63.0,3.190138,101.65901,0.0
SCS37,2967,1783581523,0.0,6.113607,100.37001,0.0
EMU39,2970,1783581560,44.0,5.358797,100.46679,0.0
SCS32,2968,1783581629,121.0,5.80854,100.47989,0.0
SCS27,weekday_2150,1783581588,40.0,3.165437,101.69114,0.0
SCS02,weekday_2151,1783581587,75.0,3.24256,101.56053,0.0
ETS207,9052,1783581635,67.0,3.1956,101.64695,0.0
EMU39,2970,1783581635,120.0,5.376233,100.46895,0.0
EMU29,2911,1783581632,112.0,4.79722,100.75095,0.0
SCS02,weekday_2151,1783581632,99.0,3.232333,101.55949,0.0
SCS19,weekday_2035,1783581636,21.0,3.164277,101.691864,0.0
SCS22,weekday_2036,1783581634,74.0,3.209218,101.67242,0.0
SCS23,weekday_2146,1783581634,100.0,3.353518,101.571846,0.0
SCS27,weekday_2150,1783581633,0.0,3.166037,101.69032,0.0
DMU08,34,1783581633,0.0,3.93874,102.357346,0.0
EMU40,2969,1783581704,111.0,6.473318,100.25416,0.0
SCS37,2967,1783581703,115.0,6.088645,100.37511,0.0
SCS27,weekday_2150,1783581873,10.0,3.186803,101.663765,0.0
SCS02,weekday_2151,1783581872,0.0,3.205898,101.58099,0.0
SCS23,weekday_2146,1783581874,8.0,3.376362,101.61478,0.0
SCS22,weekday_2036,1783581874,49.0,3.233873,101.67898,0.0
DMU08,34,1783581873,17.0,3.94094,102.356445,0.0
EMU29,2911,1783581872,0.0,4.776592,100.79931,0.0
SCS32,2968,1783581899,116.0,5.856583,100.47698,0.0
SCS37,2967,1783581898,111.0,6.037593,100.40364,0.0
EMU23,2912,1783581897,119.0,4.822688,100.95166,0.0
DMU06,35,1783581890,65.0,3.209627,102.412,0.0
SCS04,weekday_2155,1783581878,0.0,3.683827,101.51888,0.0
ETS207,9052,1783581875,0.0,3.208517,101.62871,0.0
SCS23,weekday_2146,1783581949,39.0,3.377512,101.61586,0.0
SCS27,weekday_2150,1783581948,59.0,3.188022,101.66204,0.0
ETS207,9052,1783581935,62.0,3.208002,101.618355,0.0
SCS32,2968,1783581953,113.0,5.872842,100.477036,0.0
DMU08,34,1783581978,57.0,3.951117,102.352585,0.0
EMU29,2911,1783581977,101.0,4.779417,100.84775,0.0
SCS02,weekday_2151,1783581977,78.0,3.20144,101.59117,0.0
EMU40,2969,1783581959,68.0,6.42781,100.26975,0.0
SCS37,2967,1783581958,115.0,6.021917,100.41251,0.0
SCS22,weekday_2036,1783581949,0.0,3.237073,101.681274,0.0
SCS23,weekday_2146,1783582039,116.0,3.394992,101.62833,0.0
SCS04,weekday_2155,1783582028,43.0,3.679967,101.52342,0.0
DMU06,35,1783582025,56.0,3.193857,102.40073,0.0
EMU29,2911,1783582007,65.0,4.778613,100.85474,0.0
SCS32,2968,1783581998,114.0,5.886372,100.47705,0.0
ETS207,9052,1783582025,83.0,3.199545,101.60417,0.0
EMU39,2970,1783581995,58.0,5.48039,100.49753,0.0
SCS02,weekday_2151,1783581992,85.0,3.200517,101.59438,0.0
SCS32,2968,1783582073,115.0,5.907885,100.47088,0.0
EMU39,2970,1783582070,0.0,5.481908,100.497925,0.0
SCS23,weekday_2146,1783582099,109.0,3.41285,101.627205,0.0
DMU08,34,1783582098,40.0,3.966807,102.34584,0.0
SCS02,weekday_2151,1783582097,74.0,3.205392,101.61525,0.0
EMU40,2969,1783582079,113.0,6.39718,100.283104,0.0
SCS37,2967,1783582078,114.0,5.990427,100.43029,0.0
EMU23,2912,1783582077,55.0,4.777313,100.933876,0.0
ETS207,9052,1783582070,0.0,3.200432,101.59613,0.0
SCS23,weekday_2146,1783582129,85.0,3.419925,101.624794,0.0
SCS27,weekday_2150,1783582128,60.0,3.193048,101.65275,0.0
DMU08,34,1783582128,44.0,3.970232,102.34458,0.0
EMU29,2911,1783582127,71.0,4.777217,100.862236,0.0
SCS02,weekday_2151,1783582127,68.0,3.208272,101.61985,0.0
EMU39,2970,1783582115,65.0,5.485373,100.498856,0.0
SCS37,2967,1783582318,117.0,5.95869,100.448235,0.0
SCS02,weekday_2151,1783582354,43.0,3.206362,101.63378,0.0
SCS22,weekday_2036,1783582354,0.0,3.237073,101.681274,0.0
ETS207,9052,1783582430,58.0,3.212175,101.57253,0.0
SCS04,weekday_2155,1783582433,101.0,3.599425,101.59806,0.0
EMU39,2970,1783582470,115.0,5.586468,100.49418,0.0
EMU23,2912,1783582433,106.0,4.774788,100.86821,0.0
SCS32,2968,1783582463,116.0,5.986612,100.432396,0.0
SCS23,weekday_2146,1783582459,68.0,3.475163,101.63897,0.0
DMU08,34,1783582458,0.0,3.980807,102.33767,0.0
SCS02,weekday_2151,1783582429,0.0,3.202178,101.63776,0.0
SCS27,weekday_2150,1783582458,0.0,3.208827,101.62784,0.0
EMU29,2911,1783582457,0.0,4.776253,100.931946,0.0
SCS37,2967,1783582453,114.0,5.921868,100.465515,0.0
DMU06,35,1783582430,57.0,3.145827,102.3737,0.0
SCS22,weekday_2036,1783582429,0.0,3.237073,101.681274,0.0
EMU40,2969,1783582448,111.0,6.331055,100.33254,0.0
SCS29,2971,1783582435,0.0,6.66197,100.31929,0.0
SCS19,weekday_2035,1783582431,15.0,3.127855,101.679794,0.0
SCS22,weekday_2036,1783582549,0.0,3.237073,101.681274,0.0
EMU28,2972,1783582547,6.0,5.392583,100.367325,0.0
SCS32,2968,1783582538,114.0,6.0064,100.42126,0.0
SCS05,weekday_2040,1783582538,45.0,3.101097,101.70185,0.0
SCS02,weekday_2151,1783582534,51.0,3.198033,101.64183,0.0
DMU08,34,1783582518,13.0,3.981472,102.33728,0.0
SCS27,weekday_2150,1783582518,75.0,3.208345,101.62093,0.0
EMU29,2911,1783582517,56.0,4.77936,100.9351,0.0
ETS207,9052,1783582505,0.0,3.2215,101.56493,0.0
DMU08,34,1783582578,15.0,3.985392,102.335365,0.0
EMU28,2972,1783582577,11.0,5.391838,100.36839,0.0
EMU29,2911,1783582577,110.0,4.79343,100.93674,0.0
EMU39,2970,1783582575,113.0,5.617783,100.49664,0.0
SCS05,weekday_2040,1783582568,75.0,3.104167,101.698006,0.0
SCS02,weekday_2151,1783582564,84.0,3.19555,101.64709,0.0
SCS37,2967,1783582558,115.0,5.892297,100.4767,0.0
EMU23,2912,1783582553,33.0,4.77832,100.85621,0.0
EMU40,2969,1783582553,109.0,6.304652,100.3465,0.0
SCS32,2968,1783582538,114.0,6.0064,100.42126,0.0
SCS19,weekday_2035,1783582581,0.0,3.118097,101.679054,0.0
DMU06,35,1783582580,0.0,3.135782,102.37057,0.0
ETS207,9052,1783582580,62.0,3.233643,101.55981,0.0
SCS23,weekday_2146,1783582579,17.0,3.500237,101.63419,0.0
SCS22,weekday_2036,1783582579,0.0,3.237073,101.681274,0.0
SCS27,weekday_2150,1783582578,83.0,3.201562,101.61149,0.0
SCS04,weekday_2155,1783582553,101.0,3.57271,101.61493,0.0
SCS29,2971,1783582555,17.0,6.66176,100.319,0.0
SCS29,2971,1783582615,44.0,6.658767,100.315094,0.0
ETS207,9052,1783582715,0.0,3.255097,101.555115,0.0
DMU06,35,1783582670,61.0,3.128708,102.369064,0.0
SCS22,weekday_2036,1783582714,0.0,3.237073,101.681274,0.0
SCS02,weekday_2151,1783582714,57.0,3.187417,101.66285,0.0
SCS27,weekday_2150,1783582713,43.0,3.203587,101.58548,0.0
DMU08,34,1783582713,0.0,3.985693,102.33516,0.0
SCS37,2967,1783582678,114.0,5.856292,100.47701,0.0
SCS19,weekday_2035,1783582671,0.0,3.118097,101.679054,0.0
EMU28,2972,1783582667,22.0,5.388268,100.372375,0.0
SCS29,2971,1783582675,43.0,6.654857,100.30916,0.0
EMU40,2969,1783582763,112.0,6.24393,100.35888,0.0
EMU39,2970,1783582740,0.0,5.642607,100.49001,0.0
EMU23,2912,1783582763,0.0,4.77601,100.82354,0.0
SCS04,weekday_2155,1783582763,65.0,3.549752,101.63981,0.0
EMU28,2972,1783582712,44.0,5.386143,100.37615,0.0
SCS05,weekday_2040,1783582763,27.0,3.116433,101.67946,0.0
SCS37,2967,1783582753,109.0,5.833797,100.47728,0.0
ETS207,9052,1783582745,0.0,3.255097,101.555115,0.0
SCS23,weekday_2146,1783582744,83.0,3.513055,101.63143,0.0
DMU08,34,1783582743,0.0,3.985777,102.33508,0.0
EMU29,2911,1783582742,114.0,4.835392,100.95826,0.0
EMU39,2970,1783582830,93.0,5.653068,100.49178,0.0
SCS04,weekday_2155,1783582823,87.0,3.537412,101.63485,0.0
SCS05,weekday_2040,1783582823,0.0,3.117927,101.67908,0.0
SCS19,weekday_2035,1783582821,0.0,3.118003,101.67906,0.0
ETS207,9052,1783582820,0.0,3.255097,101.555115,0.0
DMU06,35,1783582820,58.0,3.105782,102.37479,0.0
SCS29,2971,1783582795,116.0,6.640827,100.28593,0.0
SCS27,weekday_2150,1783582908,30.0,3.206825,101.57828,0.0
EMU28,2972,1783582907,80.0,5.367508,100.41376,0.0
EMU39,2970,1783582887,116.0,5.66972,100.494606,0.0
DMU06,35,1783582850,57.0,3.101113,102.37449,0.0
ETS207,9052,1783582850,0.0,3.255097,101.555115,0.0
SCS37,2967,1783582888,61.0,5.822785,100.47819,0.0
SCS29,2971,1783582885,114.0,6.623147,100.26599,0.0
SCS22,weekday_2036,1783582849,0.0,3.237073,101.681274,0.0
SCS02,weekday_2151,1783582849,40.0,3.18555,101.665375,0.0
SCS23,weekday_2146,1783582849,89.0,3.535937,101.634445,0.0
DMU08,34,1783582848,0.0,3.985887,102.33504,0.0
SCS05,weekday_2040,1783582958,19.0,3.124755,101.67825,0.0
EMU23,2912,1783582958,121.0,4.803093,100.7447,0.0
SCS32,2968,1783582958,40.0,6.112725,100.36954,0.0
SCS04,weekday_2155,1783582958,87.0,3.507832,101.6331,0.0
EMU40,2969,1783582927,114.0,6.196678,100.36852,0.0
SCS19,weekday_2035,1783582926,58.0,3.112573,101.68663,0.0
ETS207,9052,1783582925,0.0,3.255097,101.555115,0.0
SCS02,weekday_2151,1783582909,101.0,3.178947,101.67768,0.0
SCS22,weekday_2036,1783582909,0.0,3.237073,101.681274,0.0
DMU08,34,1783582968,0.0,3.985978,102.33501,0.0
EMU29,2911,1783582967,113.0,4.833123,101.02143,0.0
EMU28,2972,1783582967,0.0,5.364387,100.421844,0.0
SCS29,2971,1783582960,114.0,6.600788,100.26325,0.0
DMU05,56,1783582959,0.0,5.307945,102.15708,0.0
SCS37,2967,1783582963,115.0,5.803197,100.4812,0.0
ETS207,9052,1783582970,0.0,3.255097,101.555115,0.0
SCS23,weekday_2146,1783582969,0.0,3.553868,101.63946,0.0
EMU40,2969,1783582957,99.0,6.188482,100.37143,0.0
EMU39,2970,1783582962,120.0,5.689865,100.504166,0.0
EMU39,2970,1783583067,118.0,5.72036,100.5144,0.0
SCS29,2971,1783583065,118.0,6.569562,100.259094,0.0
SCS32,2968,1783583063,86.0,6.118588,100.37217,0.0
SCS37,2967,1783583053,117.0,5.777837,100.49117,0.0
DMU06,35,1783583030,57.0,3.072992,102.37133,0.0
SCS02,weekday_2151,1783583029,11.0,3.165312,101.69109,0.0
SCS22,weekday_2036,1783583029,0.0,3.237073,101.681274,0.0
SCS23,weekday_2146,1783583029,35.0,3.555102,101.63929,0.0
SCS27,weekday_2150,1783583028,97.0,3.225358,101.561806,0.0
EMU29,2911,1783583027,109.0,4.823065,101.03636,0.0
EMU28,2972,1783583027,80.0,5.362677,100.426285,0.0
SCS27,weekday_2150,1783583103,71.0,3.241652,101.56049,0.0
EMU29,2911,1783583103,108.0,4.82546,101.05766,0.0
EMU28,2972,1783583102,75.0,5.367033,100.44311,0.0
EMU40,2969,1783583077,65.0,6.180487,100.37668,0.0
DMU06,35,1783583075,58.0,3.065858,102.37091,0.0
SCS23,weekday_2146,1783583104,97.0,3.56321,101.6269,0.0
SCS02,weekday_2151,1783583104,0.0,3.165188,101.6912,0.0
DMU08,34,1783583103,0.0,3.985978,102.33501,0.0
ETS207,9052,1783583105,44.0,3.31424,101.57525,0.0
SCS22,weekday_2036,1783583104,0.0,3.237012,101.68134,0.0
EMU23,2912,1783583102,97.0,4.839735,100.72789,0.0
SCS02,weekday_2151,1783583179,53.0,3.161238,101.69219,0.0
SCS23,weekday_2146,1783583179,97.0,3.575753,101.61361,0.0
SCS27,weekday_2150,1783583178,12.0,3.250368,101.55611,0.0
EMU29,2911,1783583178,13.0,4.81893,101.070786,0.0
EMU23,2912,1783583177,26.0,4.852768,100.73196,0.0
EMU28,2972,1783583177,0.0,5.366317,100.44791,0.0
ETS207,9052,1783583225,5.0,3.319333,101.57496,0.0
SCS02,weekday_2151,1783583209,67.0,3.156125,101.69373,0.0
EMU23,2912,1783583222,0.0,4.853013,100.73221,0.0
SCS23,weekday_2146,1783583269,93.0,3.595677,101.60399,0.0
EMU29,2911,1783583268,60.0,4.816742,101.074165,0.0
SCS27,weekday_2150,1783583268,37.0,3.256322,101.55459,0.0
DMU08,34,1783583268,12.0,3.990388,102.33283,0.0
EMU28,2972,1783583267,57.0,5.364393,100.45741,0.0
ETS207,9052,1783583270,32.0,3.322252,101.57335,0.0
SCS04,weekday_2155,1783583273,0.0,3.46779,101.63764,0.0
SCS23,weekday_2146,1783583314,99.0,3.600238,101.594246,0.0
SCS27,weekday_2150,1783583313,0.0,3.258798,101.55499,0.0
EMU29,2911,1783583313,78.0,4.809645,101.08009,0.0
EMU28,2972,1783583312,46.0,5.359913,100.4617,0.0
SCS32,2968,1783583273,94.0,6.178762,100.37749,0.0
SCS29,2971,1783583260,0.0,6.523063,100.25678,0.0
SCS05,weekday_2040,1783583273,0.0,3.13232,101.68355,0.0
SCS27,weekday_2150,1783583388,19.0,3.259813,101.55536,0.0
ETS207,9052,1783583375,44.0,3.331172,101.569176,0.0
SCS02,weekday_2151,1783583359,48.0,3.150153,101.69061,0.0
SCS32,2968,1783583348,0.0,6.183755,100.37452,0.0
SCS04,weekday_2155,1783583348,119.0,3.451303,101.63969,0.0
DMU06,35,1783583345,57.0,3.025688,102.37988,0.0
SCS23,weekday_2146,1783583314,99.0,3.600238,101.594246,0.0
EMU29,2911,1783583313,78.0,4.809645,101.08009,0.0
EMU28,2972,1783583312,46.0,5.359913,100.4617,0.0
EMU23,2912,1783583312,83.0,4.858958,100.734116,0.0
EMU23,2912,1783583387,116.0,4.875952,100.723335,0.0
SCS37,2967,1783583398,115.0,5.681325,100.49841,0.0
EMU39,2970,1783583397,88.0,5.785677,100.48762,0.0
SCS04,weekday_2155,1783583393,115.0,3.437882,101.6366,0.0
EMU40,2969,1783583377,0.0,6.112702,100.36949,0.0
EMU28,2972,1783583375,35.0,5.359237,100.466866,0.0
DMU08,34,1783583388,47.0,3.997805,102.32382,0.0
DMU06,35,1783583375,59.0,3.020843,102.37977,0.0
SCS29,2971,1783583395,114.0,6.497177,100.25343,0.0
ETS207,9052,1783583390,53.0,3.33309,101.57056,0.0
SCS37,2967,1783583638,5.0,5.64363,100.49024,0.0
SCS32,2968,1783583633,115.0,6.25414,100.3568,0.0
EMU39,2970,1783583637,84.0,5.830217,100.47755,0.0
SCS29,2971,1783583635,36.0,6.432387,100.268234,0.0
EMU39,2970,1783583724,118.0,5.854073,100.47689,0.0
EMU28,2972,1783583705,107.0,5.44078,100.49018,0.0
SCS23,weekday_2146,1783583704,43.0,3.67705,101.526474,0.0
SCS02,weekday_2151,1783583704,0.0,3.136128,101.689415,0.0
EMU29,2911,1783583703,112.0,4.707845,101.12864,0.0
EMU39,2970,1783583769,117.0,5.868118,100.47693,0.0
SCS04,weekday_2155,1783583768,48.0,3.374757,101.61314,0.0
SCS02,weekday_2151,1783583749,0.0,3.132865,101.685616,0.0
DMU06,35,1783583765,56.0,2.96464,102.400734,0.0
SCS27,weekday_2150,1783583748,41.0,3.317563,101.574905,0.0
EMU23,2912,1783583747,118.0,4.954038,100.724396,0.0
SCS05,weekday_2040,1783583753,36.0,3.154732,101.69333,0.0
ETS207,9052,1783583750,97.0,3.375617,101.61399,0.0
DMU10(D6120),60,1783583748,77.0,4.228262,102.00077,0.0
EMU28,2972,1783583735,104.0,5.448862,100.492294,0.0
DMU08,34,1783583793,0.0,4.031535,102.319725,0.0
SCS29,2971,1783583830,114.0,6.400683,100.280525,0.0
DMU06,35,1783583810,58.0,2.957718,102.39938,0.0
SCS27,weekday_2150,1783583808,0.0,3.320342,101.574585,0.0
EMU39,2970,1783583829,117.0,5.886463,100.47697,0.0
SCS05,weekday_2040,1783583828,15.0,3.164995,101.691475,0.0
ETS207,9052,1783583825,99.0,3.390682,101.627525,0.0
EMU28,2972,1783583810,91.0,5.468233,100.4964,0.0
DMU06,35,1783583885,58.0,2.946142,102.3969,0.0
EMU28,2972,1783583885,20.0,5.482263,100.498085,0.0
SCS04,weekday_2155,1783583888,98.0,3.362643,101.58402,0.0
ETS207,9052,1783583885,111.0,3.407498,101.62815,0.0
SCS29,2971,1783584145,107.0,6.347768,100.32005,0.0
EMU39,2970,1783584144,46.0,5.970603,100.44145,0.0
SCS37,2967,1783584118,114.0,5.509465,100.50536,0.0
EMU23,2912,1783584118,119.0,5.039353,100.688805,0.0
DMU05,56,1783584114,50.0,5.364585,102.225876,0.0
SCS32,2968,1783584113,0.0,6.37134,100.302475,0.0
DMU06,35,1783584095,57.0,2.914605,102.38991,0.0
ETS207,9052,1783584140,109.0,3.47044,101.63809,0.0
EMU40,2969,1783584099,89.0,5.964173,100.44513,0.0
SCS02,weekday_2151,1783584094,0.0,3.133008,101.68575,0.0
EMU23,2912,1783584178,114.0,5.039215,100.67031,0.0
DMU06,35,1783584170,59.0,2.904985,102.38588,0.0
SCS29,2971,1783584175,115.0,6.34071,100.325325,0.0
EMU39,2970,1783584174,0.0,5.971827,100.440765,0.0
DMU05,56,1783584174,35.0,5.371345,102.229034,0.0
ETS207,9052,1783584170,110.0,3.478728,101.63957,0.0
SCS02,weekday_2151,1783584214,0.0,3.133008,101.68575,0.0
SCS27,weekday_2150,1783584213,107.0,3.368623,101.60624,0.0
DMU08,34,1783584213,47.0,4.064302,102.29648,0.0
EMU29,2911,1783584179,69.0,4.610527,101.081024,0.0
EMU39,2970,1783584219,29.0,5.972422,100.440414,0.0
SCS05,weekday_2040,1783584291,0.0,3.181453,101.68849,0.0
ETS207,9052,1783584290,68.0,3.508022,101.63303,0.0
DMU06,35,1783584290,59.0,2.886442,102.380615,0.0
EMU40,2969,1783584264,117.0,5.920478,100.465996,0.0
SCS32,2968,1783584263,115.0,6.395308,100.28456,0.0
DMU10(D6120),60,1783584243,79.0,4.248537,101.94408,0.0
SCS29,2971,1783584220,114.0,6.329827,100.33345,0.0
DMU08,34,1783584213,47.0,4.064302,102.29648,0.0
DMU06,35,1783584320,59.0,2.88156,102.38058,0.0
EMU29,2911,1783584314,0.0,4.597815,101.073204,0.0
SCS37,2967,1783584313,64.0,5.480742,100.4977,0.0
SCS29,2971,1783584310,114.0,6.306442,100.3461,0.0
EMU39,2970,1783584309,121.0,5.991198,100.4298,0.0
DMU05,56,1783584309,36.0,5.384448,102.232765,0.0
SCS32,2968,1783584308,115.0,6.40655,100.2771,0.0
SCS05,weekday_2040,1783584306,0.0,3.181453,101.68849,0.0
SCS27,weekday_2150,1783584303,0.0,3.376508,101.61488,0.0
EMU40,2969,1783584309,109.0,5.908105,100.47074,0.0
SCS37,2967,1783584478,115.0,5.434473,100.48817,0.0
SCS02,weekday_2151,1783584469,0.0,3.133008,101.68575,0.0
SCS27,weekday_2150,1783584453,114.0,3.402198,101.62781,0.0
DMU08,34,1783584468,0.0,4.075308,102.27152,0.0
DMU10(D6120),60,1783584468,56.0,4.261408,101.92604,0.0
EMU29,2911,1783584479,0.0,4.597815,101.073204,0.0
EMU23,2912,1783584467,119.0,5.042618,100.58191,0.0
SCS05,weekday_2040,1783584486,23.0,3.19749,101.68188,0.0
EMU39,2970,1783584489,115.0,6.039115,100.402695,0.0
DMU05,56,1783584489,0.0,5.391468,102.231995,0.0
SCS04,weekday_2155,1783584488,77.0,3.281168,101.56593,0.0
SCS32,2968,1783584488,10.0,6.432748,100.2681,0.0
SCS29,2971,1783584490,114.0,6.253483,100.35693,0.0
ETS207,9052,1783584485,89.0,3.55187,101.63968,0.0
EMU28,2972,1783584481,117.0,5.622858,100.4946,0.0
EMU22,2913,1783584560,0.0,5.39349,100.366325,0.0
DMU10(D6120),60,1783584543,71.0,4.273977,101.92151,0.0
ETS207,9052,1783584560,94.0,3.563223,101.62665,0.0
EMU28,2972,1783584541,77.0,5.638773,100.489365,0.0
SCS02,weekday_2151,1783584544,0.0,3.133008,101.68575,0.0
SCS27,weekday_2150,1783584543,96.0,3.425327,101.62675,0.0
DMU08,34,1783584543,38.0,4.075875,102.267105,0.0
DMU06,35,1783584545,58.0,2.846392,102.38652,0.0
DMU08,34,1783584603,44.0,4.077007,102.25971,0.0
SCS32,2968,1783584593,115.0,6.45688,100.25974,0.0
EMU22,2913,1783584590,0.0,5.39349,100.366325,0.0
DMU10(D6120),60,1783584633,58.0,4.29009,101.92161,0.0
SCS27,weekday_2150,1783584633,113.0,3.448173,101.63911,0.0
SCS04,weekday_2155,1783584653,29.0,3.26054,101.55569,0.0
SCS05,weekday_2040,1783584651,0.0,3.204295,101.67605,0.0
EMU39,2970,1783584591,117.0,6.06613,100.38743,0.0
SCS29,2971,1783584580,112.0,6.22745,100.36224,0.0
ETS207,9052,1783584605,98.0,3.569898,101.61749,0.0
DMU06,35,1783584590,56.0,2.839732,102.38884,0.0
DMU05,56,1783584579,0.0,5.39147,102.232025,0.0
SCS32,2968,1783584638,114.0,6.469697,100.25534,0.0
ETS207,9052,1783584650,87.0,3.579067,101.613304,0.0
DMU08,34,1783584693,50.0,4.077603,102.247284,0.0
EMU39,2970,1783584651,117.0,6.082275,100.37859,0.0
EMU22,2913,1783584740,36.0,5.388723,100.37202,0.0
SCS02,weekday_2151,1783584739,5.0,3.136525,101.68962,0.0
SCS29,2971,1783584790,0.0,6.182763,100.37528,0.0
EMU22,2913,1783584785,51.0,5.385892,100.37674,0.0
EMU28,2972,1783584784,114.0,5.682145,100.498955,0.0
SCS02,weekday_2151,1783584784,12.0,3.137247,101.691864,0.0
DMU08,34,1783584783,53.0,4.083403,102.23616,0.0
DMU10(D6120),60,1783584783,67.0,4.300675,101.92125,0.0
SCS27,weekday_2150,1783584783,0.0,3.469062,101.637924,0.0
EMU23,2912,1783584782,56.0,5.030865,100.52612,0.0
SCS37,2967,1783584778,40.0,5.35812,100.46658,0.0
EMU39,2970,1783584861,72.0,6.115962,100.371,0.0
SCS05,weekday_2040,1783584861,64.0,3.220348,101.672424,0.0
ETS207,9052,1783584860,90.0,3.617457,101.57711,0.0
SCS04,weekday_2155,1783584833,82.0,3.246992,101.55846,0.0
SCS02,weekday_2151,1783584829,9.0,3.138415,101.693184,0.0
DMU05,56,1783584819,0.0,5.391342,102.23188,0.0
EMU40,2969,1783584818,111.0,5.792262,100.48432,0.0
SCS32,2968,1783584818,70.0,6.521635,100.25652,0.0
DMU08,34,1783584828,42.0,4.084633,102.230705,0.0
SCS27,weekday_2150,1783584828,65.0,3.471677,101.63839,0.0
EMU23,2912,1783584827,107.0,5.039982,100.5213,0.0
EMU22,2913,1783584860,95.0,5.377873,100.391846,0.0
DMU06,35,1783584860,0.0,2.811598,102.403694,0.0
EMU28,2972,1783584919,118.0,5.719327,100.51442,0.0
SCS05,weekday_2040,1783584891,66.0,3.22555,101.67266,0.0
EMU39,2970,1783584876,89.0,6.118943,100.372345,0.0
SCS02,weekday_2151,1783584889,5.0,3.138942,101.69338,0.0
DMU06,35,1783584875,0.0,2.811598,102.403694,0.0
ETS207,9052,1783584875,103.0,3.619438,101.57392,0.0
DMU10(D6120),60,1783584888,71.0,4.32045,101.919266,0.0
DMU08,34,1783584888,44.0,4.086995,102.223946,0.0
SCS27,weekday_2150,1783584888,113.0,3.48697,101.63783,0.0
EMU22,2913,1783584875,100.0,5.376047,100.39527,0.0
SCS04,weekday_2155,1783584893,107.0,3.232912,101.55946,0.0
SCS04,weekday_2155,1783584968,104.0,3.214993,101.569885,0.0
SCS05,weekday_2040,1783584966,17.0,3.231745,101.676025,0.0
DMU06,35,1783584965,5.0,2.811598,102.403694,0.0
EMU40,2969,1783585013,114.0,5.738588,100.50783,0.0
SCS29,2971,1783585000,113.0,6.13705,100.380325,0.0
EMU28,2972,1783585054,115.0,5.756597,100.5004,0.0
SCS27,weekday_2150,1783585053,19.0,3.501255,101.63407,0.0
DMU10(D6120),60,1783585053,67.0,4.352828,101.918884,0.0
DMU03,57,1783585281,71.0,6.165855,102.19863,0.0
EMU28,2972,1783585279,100.0,5.817915,100.4785,0.0
DMU10(D6120),60,1783585278,0.0,4.3741,101.924484,0.0
SCS27,weekday_2150,1783585278,82.0,3.547602,101.63925,0.0
ETS207,9052,1783585355,79.0,3.692857,101.50968,0.0
EMU22,2913,1783585355,26.0,5.366298,100.44802,0.0
SCS02,weekday_2154,1783585354,38.0,3.167073,101.68885,0.0
DMU08,34,1783585353,4.0,4.11794,102.19941,0.0
SCS27,weekday_2150,1783585353,0.0,3.553887,101.63944,0.0
EMU23,2912,1783585353,118.0,5.153072,100.48097,0.0
DMU10(D6120),60,1783585353,75.0,4.38784,101.922325,0.0
SCS29,2971,1783585315,113.0,6.079843,100.379814,0.0
DMU05,56,1783585359,36.0,5.426203,102.23758,0.0
SCS04,weekday_2155,1783585358,0.0,3.206028,101.58112,0.0
EMU22,2913,1783585400,92.0,5.365042,100.45597,0.0
DMU06,35,1783585400,28.0,2.812947,102.401985,0.0
SCS32,2968,1783585358,67.0,6.620732,100.2653,0.0
EMU39,2970,1783585356,114.0,6.228383,100.362,0.0
DMU03,57,1783585356,0.0,6.162943,102.20763,0.0
EMU28,2972,1783585429,0.0,5.824932,100.477905,0.0
SCS02,weekday_2154,1783585429,58.0,3.176587,101.68031,0.0
DMU10(D6120),60,1783585428,84.0,4.402638,101.92338,0.0
EMU23,2912,1783585428,24.0,5.169308,100.4797,0.0
SCS27,weekday_2150,1783585428,82.0,3.559945,101.634865,0.0
EMU40,2969,1783585428,0.0,5.64264,100.49,0.0
DMU08,34,1783585428,0.0,4.118417,102.19947,0.0
ETS207,9052,1783585415,93.0,3.702228,101.49958,0.0
SCS29,2971,1783585450,114.0,6.044522,100.39972,0.0
SCS04,weekday_2155,1783585418,0.0,3.206028,101.58112,0.0
DMU10(D6120),60,1783585473,75.0,4.411303,101.92693,0.0
EMU40,2969,1783585473,69.0,5.638873,100.48939,0.0
DMU08,34,1783585473,12.0,4.119007,102.19953,0.0
SCS27,weekday_2150,1783585473,100.0,3.5645,101.62439,0.0
EMU23,2912,1783585473,0.0,5.169785,100.47971,0.0
EMU39,2970,1783585470,120.0,6.262833,100.354996,0.0
EMU22,2913,1783585415,99.0,5.362997,100.459206,0.0
DMU05,56,1783585434,52.0,5.436,102.23626,0.0
DMU03,57,1783585431,35.0,6.16241,102.20922,0.0
DMU08,34,1783585473,12.0,4.119007,102.19953,0.0
DMU06,35,1783585505,52.0,2.82488,102.394005,0.0
ETS207,9052,1783585505,109.0,3.714977,101.47882,0.0
EMU22,2913,1783585505,99.0,5.342735,100.46969,0.0
SCS02,weekday_2154,1783585504,67.0,3.183342,101.66829,0.0
EMU40,2969,1783585473,69.0,5.638873,100.48939,0.0
DMU03,57,1783585611,38.0,6.147997,102.22892,0.0
DMU06,35,1783585610,51.0,2.839547,102.38899,0.0
SCS29,2971,1783585765,11.0,5.971652,100.44085,0.0
SCS37,2967,1783585783,21.0,5.391912,100.36827,0.0
SCS29,2971,1783585780,0.0,5.971537,100.440926,0.0
DMU05,56,1783585779,0.0,5.47245,102.22223,0.0
SCS04,weekday_2155,1783585778,95.0,3.200832,101.60207,0.0
ETS207,9052,1783585775,99.0,3.768367,101.43621,0.0
SCS02,weekday_2154,1783585804,55.0,3.196422,101.64498,0.0
EMU40,2969,1783585803,112.0,5.546103,100.50095,0.0
SCS27,weekday_2150,1783585803,113.0,3.628667,101.56562,0.0
EMU23,2912,1783585803,118.0,5.251547,100.48447,0.0
DMU08,34,1783585803,49.0,4.153738,102.17787,0.0
DMU10(D6120),60,1783585803,53.0,4.448637,101.93885,0.0
EMU39,2970,1783585800,107.0,6.354092,100.31529,0.0
EMU39,2970,1783585890,21.0,6.370365,100.30312,0.0
DMU03,57,1783585851,21.0,6.119645,102.201706,0.0
ETS207,9052,1783585850,106.0,3.789863,101.43402,0.0
DMU03,57,1783585926,0.0,6.118573,102.20082,0.0
SCS02,weekday_2154,1783585954,23.0,3.202737,101.6371,0.0
EMU23,2912,1783585953,0.0,5.286387,100.48093,0.0
SCS27,weekday_2150,1783585953,109.0,3.662338,101.536835,0.0
EMU40,2969,1783585953,114.0,5.503253,100.50364,0.0
EMU22,2913,1783585950,96.0,5.257223,100.483284,0.0
SCS37,2967,1783585933,0.0,5.39245,100.36757,0.0
DMU05,56,1783585929,58.0,5.485187,102.21785,0.0
SCS04,weekday_2155,1783585928,2.0,3.208535,101.62899,0.0
EMU28,2972,1783585928,109.0,5.955425,100.450035,0.0
DMU10(D6120),60,1783585923,62.0,4.464625,101.932045,0.0
SCS29,2971,1783585930,114.0,5.947883,100.454285,0.0
SCS29,2971,1783585960,114.0,5.939973,100.4585,0.0
SCS02,weekday_2154,1783586014,52.0,3.207232,101.63269,0.0
SCS04,weekday_2155,1783585958,0.0,3.208535,101.62905,0.0
DMU06,35,1783585955,52.0,2.888622,102.38127,0.0
ETS207,9052,1783585955,118.0,3.814842,101.41304,0.0
EMU22,2913,1783586010,94.0,5.242475,100.486565,0.0
ETS207,9052,1783586015,42.0,3.825778,101.40304,0.0
DMU03,57,1783586016,5.0,6.118542,102.20073,0.0
SCS02,weekday_2154,1783586029,39.0,3.208107,101.63097,0.0
SCS27,weekday_2150,1783586028,53.0,3.676725,101.526665,0.0
DMU10(D6120),60,1783586028,60.0,4.480813,101.93821,0.0
EMU22,2913,1783586025,91.0,5.23888,100.48737,0.0
EMU39,2970,1783586025,117.0,6.387462,100.29036,0.0
DMU10(D6120),60,1783586088,49.0,4.488608,101.94376,0.0
EMU40,2969,1783586083,0.0,5.481892,100.4979,0.0
EMU39,2970,1783586115,119.0,6.410827,100.275604,0.0
ETS207,9052,1783586090,0.0,3.826545,101.40207,0.0
SCS27,weekday_2150,1783586088,43.0,3.682468,101.52068,0.0
DMU08,34,1783586088,48.0,4.17235,102.1536,0.0
EMU22,2913,1783586085,95.0,5.223918,100.49073,0.0
ETS207,9052,1783586135,33.0,3.828163,101.4014,0.0
DMU03,57,1783586136,72.0,6.110775,102.191765,0.0
ETS207,9052,1783586195,85.0,3.83734,101.3956,0.0
DMU06,35,1783586195,60.0,2.919577,102.39422,0.0
DMU10(D6120),60,1783586283,50.0,4.494748,101.9489,0.0
DMU03,57,1783586271,4.0,6.094675,102.17454,0.0
SCS04,weekday_2155,1783586284,95.0,3.193848,101.65102,0.0
EMU22,2913,1783586280,84.0,5.177307,100.47955,0.0
EMU39,2970,1783586280,53.0,6.43412,100.267586,0.0
ETS207,9052,1783586270,92.0,3.850625,101.38268,0.0
SCS04,weekday_2155,1783586329,0.0,3.191742,101.65575,0.0
DMU08,34,1783586328,49.0,4.184287,102.131355,0.0
DMU10(D6120),60,1783586328,47.0,4.499248,101.9531,0.0
DMU05,56,1783586319,12.0,5.529925,102.20311,0.0
SCS32,2975,1783586318,93.0,6.65049,100.30277,0.0
EMU28,2972,1783586318,113.0,6.03427,100.40547,0.0
DMU03,57,1783586316,3.0,6.094542,102.174545,0.0
DMU06,35,1783586315,59.0,2.938905,102.39609,0.0
ETS207,9052,1783586315,79.0,3.859648,101.3782,0.0
DMU05,56,1783586424,0.0,5.530115,102.20288,0.0
DMU06,35,1783586420,58.0,2.955358,102.398315,0.0
ETS207,9052,1783586420,112.0,3.887178,101.37824,0.0
DMU10(D6120),60,1783586388,41.0,4.505867,101.95546,0.0
EMU39,2970,1783586415,116.0,6.46951,100.25539,0.0
DMU03,57,1783586421,73.0,6.080867,102.164375,0.0
SCS29,2971,1783586425,0.0,5.823705,100.47807,0.0
EMU23,2912,1783586424,0.0,5.366315,100.44769,0.0
EMU22,2913,1783586460,102.0,5.156972,100.479996,0.0
DMU08,34,1783586463,49.0,4.181245,102.114784,0.0
DMU03,57,1783586601,20.0,6.064918,102.154076,0.0
ETS207,9052,1783586600,119.0,3.925308,101.34308,0.0
EMU39,2970,1783586599,51.0,6.522087,100.256584,0.0
EMU22,2913,1783586625,0.0,5.130807,100.48623,0.0
SCS04,weekday_2155,1783586674,0.0,3.16516,101.69127,0.0
DMU10(D6120),60,1783586673,0.0,4.524665,101.97793,0.0
DMU08,34,1783586673,53.0,4.17419,102.08835,0.0
SCS29,2971,1783586695,118.0,5.757748,100.499855,0.0
EMU23,2912,1783586694,0.0,5.364585,100.421196,0.0
DMU03,57,1783586676,31.0,6.060075,102.151474,0.0
ETS207,9052,1783586675,116.0,3.945065,101.33362,0.0
SCS04,weekday_2155,1783586824,49.0,3.156155,101.693726,0.0
EMU39,2970,1783586824,119.0,6.565533,100.25917,0.0
EMU40,2969,1783586817,0.0,5.366315,100.44767,0.0
SCS02,weekday_2154,1783586815,23.0,3.248945,101.55697,0.0
SCS32,2975,1783586813,37.0,6.52503,100.2572,0.0
DMU03,57,1783586811,33.0,6.045355,102.14375,0.0
DMU06,35,1783586810,59.0,3.010783,102.38044,0.0
ETS207,9052,1783586810,109.0,3.980568,101.31324,0.0
ETS207,9052,1783586855,106.0,3.992683,101.308754,0.0
EMU40,2969,1783586862,39.0,5.366607,100.44558,0.0
DMU03,57,1783586856,0.0,6.042808,102.14247,0.0
DMU06,35,1783586855,56.0,3.01785,102.3799,0.0
SCS29,2971,1783586920,114.0,5.693813,100.5069,0.0
SCS32,2975,1783586933,117.0,6.509952,100.2546,0.0
EMU22,2913,1783586930,95.0,5.067412,100.50679,0.0
SCS04,weekday_2155,1783586929,7.0,3.153688,101.69241,0.0
DMU08,34,1783586928,36.0,4.182365,102.05845,0.0
SCS37,2976,1783586938,43.0,5.3577,100.463356,0.0
SCS29,2971,1783586920,114.0,5.693813,100.5069,0.0
EMU28,2972,1783586937,108.0,6.173753,100.37845,0.0
DMU10(D6120),60,1783586973,68.0,4.57396,101.98761,0.0
EMU40,2969,1783587087,57.0,5.365365,100.419235,0.0
DMU03,57,1783587081,32.0,6.037312,102.13969,0.0
SCS04,weekday_2155,1783587079,19.0,3.141232,101.69416,0.0
DMU08,34,1783587078,0.0,4.187085,102.052795,0.0
ETS207,9052,1783587050,0.0,4.004632,101.302734,0.0
SCS29,2971,1783587115,45.0,5.643787,100.4902,0.0
DMU03,57,1783587096,31.0,6.035988,102.139404,0.0
EMU22,2913,1783587095,58.0,5.031875,100.52561,0.0
ETS207,9052,1783587095,0.0,4.004632,101.302734,0.0
DMU06,35,1783587095,61.0,3.053492,102.37023,0.0
SCS04,weekday_2155,1783587094,11.0,3.140355,101.69394,0.0
DMU08,34,1783587093,3.0,4.187097,102.05291,0.0
DMU03,57,1783587186,57.0,6.024432,102.140175,0.0
EMU22,2913,1783587185,38.0,5.02771,100.52783,0.0
DMU06,35,1783587185,60.0,3.068102,102.37098,0.0
EMU39,2970,1783587184,75.0,6.651713,100.304474,0.0
SCS04,weekday_2155,1783587184,14.0,3.138868,101.69334,0.0
SCS29,2971,1783587355,113.0,5.604313,100.494736,0.0
EMU40,2969,1783587342,1.0,5.387402,100.373344,0.0
DMU06,35,1783587335,57.0,3.09165,102.37344,0.0
EMU39,2970,1783587334,25.0,6.661673,100.31889,0.0
SCS37,2976,1783587358,114.0,5.462357,100.49583,0.0
SCS04,weekday_2155,1783587349,0.0,3.13667,101.690346,0.0
DMU08,34,1783587348,5.0,4.186497,102.05373,0.0
EMU28,2972,1783587345,115.0,6.267478,100.35403,0.0
EMU29,2914,1783587344,82.0,4.614173,101.09213,0.0
DMU03,57,1783587621,0.0,5.965892,102.143936,0.0
ETS207,9052,1783587620,130.0,4.133165,101.22085,0.0
DMU06,35,1783587620,35.0,3.134347,102.369865,0.0
EMU22,2913,1783587620,96.0,5.042755,100.62423,0.0
SCS04,weekday_2155,1783587589,0.0,3.13667,101.690346,0.0
DMU10(D6120),60,1783587588,67.0,4.669273,101.99942,0.0
EMU40,2969,1783587582,0.0,5.393178,100.3665,0.0
EMU28,2972,1783587600,115.0,6.337637,100.327576,0.0
SCS37,2976,1783587598,109.0,5.50122,100.50312,0.0
DMU05,56,1783587594,69.0,5.668223,102.157005,0.0
SCS27,weekday_2165,1783587648,0.0,3.68484,101.518074,0.0
SCS25,weekday_2045,1783587659,26.0,3.235102,101.68036,0.0
SCS04,weekday_2155,1783587664,0.0,3.13667,101.690346,0.0
DMU03,57,1783587651,0.0,5.965988,102.14394,0.0
DMU06,35,1783587650,0.0,3.135867,102.37059,0.0
EMU22,2913,1783587650,96.0,5.042158,100.63198,0.0
SCS29,2971,1783587700,114.0,5.502827,100.50355,0.0
SCS32,2975,1783587698,115.0,6.357785,100.31257,0.0
DMU03,57,1783587696,26.0,5.965155,102.143974,0.0
ETS207,9052,1783587695,126.0,4.148978,101.20141,0.0
EMU28,2972,1783587811,17.0,6.371267,100.30243,0.0
EMU29,2914,1783587783,110.0,4.717838,101.122505,0.0
DMU06,35,1783587785,0.0,3.135808,102.37051,0.0
ETS207,9052,1783587785,76.0,4.170925,101.18875,0.0
DMU03,57,1783587816,83.0,5.943715,102.14911,0.0
SCS37,2976,1783587793,114.0,5.558003,100.49882,0.0
SCS02,weekday_2154,1783587790,96.0,3.363182,101.58675,0.0
SCS29,2971,1783587790,27.0,5.482503,100.498116,0.0
DMU05,56,1783587789,46.0,5.69919,102.15189,0.0
SCS04,weekday_2155,1783587814,0.0,3.13667,101.690346,0.0
SCS27,weekday_2165,1783587813,0.0,3.68484,101.518074,0.0
DMU10(D6120),60,1783587813,3.0,4.693325,102.003235,0.0
DMU05,56,1783587819,21.0,5.702615,102.151955,0.0
SCS02,weekday_2154,1783587820,108.0,3.364855,101.595024,0.0
EMU29,2914,1783587813,112.0,4.726663,101.12209,0.0
SCS32,2975,1783587818,114.0,6.328907,100.334145,0.0
DMU10(D6120),60,1783587903,57.0,4.703885,102.00358,0.0
EMU28,2972,1783587901,118.0,6.388135,100.289856,0.0
DMU03,57,1783587906,86.0,5.925347,102.15416,0.0
DMU06,35,1783587905,0.0,3.135808,102.37051,0.0
ETS207,9052,1783587905,0.0,4.173273,101.189125,0.0
EMU39,2979,1783587904,0.0,6.662412,100.319695,0.0
SCS04,weekday_2155,1783587904,0.0,3.13667,101.690346,0.0
EMU29,2914,1783587903,110.0,4.752908,101.118904,0.0
SCS04,weekday_2155,1783587979,0.0,3.13667,101.690346,0.0
EMU29,2914,1783587978,114.0,4.772277,101.10856,0.0
SCS27,weekday_2165,1783587978,31.0,3.682118,101.52108,0.0
SCS08,weekday_2160,1783587977,8.0,2.999728,101.39119,0.0
EMU28,2972,1783587976,113.0,6.406147,100.27719,0.0
DMU03,57,1783587966,0.0,5.917635,102.156204,0.0
DMU06,35,1783587965,0.0,3.135808,102.37051,0.0
ETS207,9052,1783587965,91.0,4.18266,101.18718,0.0
EMU39,2979,1783587964,18.0,6.660943,100.31794,0.0
DMU03,57,1783587996,0.0,5.917635,102.156204,0.0
ETS207,9052,1783587995,106.0,4.190457,101.18493,0.0
DMU06,35,1783587995,0.0,3.135808,102.37051,0.0
EMU39,2979,1783587994,41.0,6.659118,100.31561,0.0
SCS02,weekday_2154,1783588105,107.0,3.402327,101.62773,0.0
SCS32,2975,1783588103,114.0,6.247703,100.35815,0.0
SCS08,weekday_2160,1783588077,14.0,3.003498,101.39216,0.0
DMU10(D6120),60,1783588098,8.0,4.730523,102.010666,0.0
SCS27,weekday_2165,1783588068,94.0,3.671758,101.530304,0.0
EMU39,2979,1783588069,44.0,6.654255,100.30827,0.0
EMU29,2914,1783588068,118.0,4.794252,101.09304,0.0
SCS25,weekday_2045,1783588079,77.0,3.201228,101.67873,0.0
DMU06,35,1783588100,0.0,3.135808,102.37051,0.0
SCS29,2971,1783588090,113.0,5.425907,100.482635,0.0
DMU05,56,1783588074,57.0,5.727583,102.16016,0.0
SCS25,weekday_2045,1783588124,0.0,3.197823,101.68165,0.0
SCS37,2976,1783588123,0.0,5.643685,100.490234,0.0
DMU05,56,1783588119,62.0,5.734953,102.16159,0.0
SCS08,weekday_2160,1783588117,33.0,3.0053,101.3941,0.0
DMU03,57,1783588116,75.0,5.902962,102.15881,0.0
EMU39,2979,1783588114,104.0,6.649648,100.30054,0.0
EMU29,2914,1783588113,115.0,4.80461,101.08453,0.0
DMU10(D6120),60,1783588113,0.0,4.730695,102.01071,0.0
SCS27,weekday_2165,1783588113,116.0,3.660963,101.53781,0.0
EMU28,2972,1783588126,14.0,6.432202,100.26825,0.0
DMU03,57,1783588191,7.0,5.891652,102.15735,0.0
SCS27,weekday_2165,1783588233,114.0,3.63429,101.561295,0.0
DMU05,56,1783588194,66.0,5.747065,102.158165,0.0
ETS207,9052,1783588190,124.0,4.253062,101.17453,0.0
EMU39,2979,1783588189,115.0,6.637615,100.28161,0.0
SCS27,weekday_2165,1783588233,114.0,3.63429,101.561295,0.0
DMU10(D6120),60,1783588233,50.0,4.73772,102.01208,0.0
EMU29,2914,1783588233,0.0,4.818762,101.070946,0.0
EMU29,2914,1783588401,107.0,4.826318,101.05079,0.0
DMU03,57,1783588401,77.0,5.867065,102.15431,0.0
ETS207,9052,1783588400,69.0,4.300208,101.15673,0.0
EMU39,2979,1783588399,116.0,6.581013,100.262115,0.0
SCS27,weekday_2165,1783588398,99.0,3.601157,101.59261,0.0
SCS08,weekday_2160,1783588377,16.0,3.010538,101.39972,0.0
DMU03,57,1783588506,90.0,5.843092,102.151276,0.0
EMU29,2914,1783588506,117.0,4.832145,101.02218,0.0
ETS207,9052,1783588505,4.0,4.302383,101.154045,0.0
EMU39,2979,1783588504,118.0,6.549303,100.259865,0.0
SCS37,2976,1783588588,114.0,5.752682,100.502304,0.0
SCS29,2971,1783588540,0.0,5.366358,100.447235,0.0
EMU39,2979,1783588579,79.0,6.528555,100.25774,0.0
SCS27,weekday_2165,1783588578,111.0,3.566308,101.621895,0.0
DMU10(D6120),60,1783588563,74.0,4.8021,102.015335,0.0
SCS02,weekday_2154,1783588630,49.0,3.497635,101.63452,0.0
EMU39,2979,1783588594,52.0,6.525907,100.25729,0.0
SCS29,2971,1783588615,64.0,5.366988,100.442474,0.0
SCS27,weekday_2165,1783588593,110.0,3.563878,101.62558,0.0
SCS02,weekday_2154,1783588735,79.0,3.50555,101.633354,0.0
EMU22,2913,1783588734,96.0,4.870765,100.725525,0.0
DMU05,56,1783588734,0.0,5.805957,102.14615,0.0
SCS32,2975,1783588733,0.0,6.113538,100.36999,0.0
EMU29,2914,1783588731,112.0,4.83612,100.95998,0.0
SCS25,weekday_2045,1783588731,0.0,3.165143,101.69131,0.0
ETS207,9052,1783588730,133.0,4.341985,101.1203,0.0
EMU28,2972,1783588880,116.0,6.619907,100.26512,0.0
ETS207,9052,1783588880,129.0,4.382195,101.09107,0.0
SCS27,weekday_2165,1783588833,96.0,3.53527,101.63426,0.0
EMU29,2914,1783588881,115.0,4.798777,100.939255,0.0
SCS25,weekday_2045,1783588881,0.0,3.15381,101.69252,0.0
EMU22,2913,1783588839,23.0,4.853443,100.73263,0.0
DMU10(D6120),60,1783588833,74.0,4.83731,101.995125,0.0
EMU39,2979,1783588929,119.0,6.451335,100.26166,0.0
EMU39,2979,1783589004,50.0,6.433567,100.26778,0.0
EMU29,2914,1783588986,23.0,4.776528,100.932495,0.0
SCS37,2976,1783588978,76.0,5.828607,100.47767,0.0
ETS207,9052,1783588970,130.0,4.40892,101.07537,0.0
SCS27,weekday_2165,1783588968,48.0,3.504908,101.63352,0.0
DMU05,56,1783588989,4.0,5.804412,102.146484,0.0
EMU40,2978,1783588988,117.0,5.376052,100.46888,0.0
SCS32,2975,1783588988,114.0,6.05881,100.391655,0.0
EMU28,2972,1783588985,112.0,6.641177,100.28635,0.0
SCS29,2971,1783588975,65.0,5.384252,100.3797,0.0
SCS25,weekday_2045,1783588986,52.0,3.149483,101.69061,0.0
SCS08,weekday_2160,1783588977,52.0,3.038228,101.42938,0.0
SCS02,weekday_2154,1783588990,0.0,3.552617,101.63952,0.0
EMU22,2913,1783588989,98.0,4.835833,100.728615,0.0
DMU05,56,1783589109,14.0,5.804602,102.14652,0.0
SCS25,weekday_2045,1783589106,17.0,3.141365,101.694305,0.0
SCS32,2975,1783589093,115.0,6.031468,100.40712,0.0
SCS29,2971,1783589155,19.0,5.391022,100.36962,0.0
EMU39,2979,1783589154,79.0,6.426633,100.27015,0.0
SCS32,2975,1783589153,115.0,6.015695,100.416016,0.0
EMU22,2913,1783589250,89.0,4.785842,100.768234,0.0
SCS37,2976,1783589278,114.0,5.915927,100.46772,0.0
EMU29,2914,1783589277,95.0,4.772573,100.89032,0.0
SCS08,weekday_2160,1783589277,7.0,3.04303,101.45052,0.0
EMU39,2979,1783589274,118.0,6.395025,100.28472,0.0
EMU40,2978,1783589273,115.0,5.457613,100.49451,0.0
ETS207,9052,1783589270,2.0,4.459432,101.049255,0.0
SCS02,weekday_2154,1783589380,102.0,3.614495,101.580696,0.0
DMU05,56,1783589379,0.0,5.806365,102.146774,0.0
SCS32,2975,1783589378,0.0,5.972573,100.44035,0.0
DMU03,57,1783589376,0.0,5.806402,102.146706,0.0
SCS25,weekday_2045,1783589376,0.0,3.135073,101.68802,0.0
EMU28,2972,1783589375,0.0,6.66273,100.32021,0.0
SCS07,weekday_2157,1783589347,0.0,3.132528,101.68353,0.0
SCS32,2975,1783589378,0.0,5.972573,100.44035,0.0
SCS08,weekday_2160,1783589377,46.0,3.037253,101.45528,0.0
SCS07,weekday_2157,1783589377,11.0,3.1315,101.682655,0.0
DMU03,57,1783589376,0.0,5.806402,102.146706,0.0
SCS25,weekday_2045,1783589376,0.0,3.135073,101.68802,0.0
EMU28,2972,1783589375,0.0,6.66273,100.32021,0.0
ETS207,9052,1783589375,104.0,4.47687,101.0419,0.0
SCS27,weekday_2165,1783589373,104.0,3.433545,101.63333,0.0
EMU39,2979,1783589409,0.0,6.370615,100.30296,0.0
SCS02,weekday_2154,1783589380,102.0,3.614495,101.580696,0.0
DMU05,56,1783589379,0.0,5.806365,102.146774,0.0
EMU40,2978,1783589378,0.0,5.481982,100.497894,0.0
SCS27,weekday_2165,1783589433,94.0,3.42087,101.62476,0.0
DMU10(D6120),60,1783589433,25.0,4.88409,101.96965,0.0
EMU29,2914,1783589442,0.0,4.778097,100.85736,0.0
SCS02,weekday_2154,1783589440,110.0,3.625932,101.56794,0.0
EMU39,2979,1783589439,21.0,6.370248,100.30323,0.0
DMU05,56,1783589439,1.0,5.806305,102.14671,0.0
SCS32,2975,1783589438,100.0,5.965555,100.44432,0.0
SCS02,weekday_2154,1783589590,110.0,3.657838,101.53994,0.0
DMU05,56,1783589589,0.0,5.806273,102.146675,0.0
SCS25,weekday_2045,1783589586,0.0,3.135073,101.68802,0.0
DMU03,57,1783589586,81.0,5.77959,102.14336,0.0
ETS207,9052,1783589585,122.0,4.540942,101.053406,0.0
SCS37,2976,1783589578,65.0,5.974653,100.439156,0.0
EMU29,2914,1783589577,112.0,4.7777,100.83943,0.0
SCS07,weekday_2157,1783589640,0.0,3.119572,101.67405,0.0
SCS07,weekday_2157,1783589730,0.0,3.114013,101.673,0.0
SCS37,2976,1783589728,114.0,6.012353,100.41784,0.0
SCS02,weekday_2154,1783589725,43.0,3.678835,101.524475,0.0
EMU40,2978,1783589698,107.0,5.552312,100.499725,0.0
ETS207,9052,1783589690,120.0,4.574007,101.064415,0.0
EMU28,2981,1783589690,0.0,6.662813,100.32025,0.0
SCS27,weekday_2165,1783589703,81.0,3.373235,101.61166,0.0
DMU03,57,1783589691,50.0,5.763878,102.143845,0.0
EMU29,2914,1783589727,122.0,4.777552,100.79509,0.0
SCS29,2980,1783589725,0.0,5.393237,100.36643,0.0
DMU05,56,1783589724,91.0,5.824028,102.14891,0.0
SCS32,2975,1783589708,114.0,5.891305,100.476875,0.0
DMU10(D6120),60,1783589703,59.0,4.91577,101.97846,0.0
SCS25,weekday_2045,1783589691,0.0,3.135073,101.68802,0.0
SCS08,weekday_2160,1783589797,0.0,3.05237,101.49228,0.0
SCS27,weekday_2165,1783589793,100.0,3.363588,101.58994,0.0
SCS08,weekday_2160,1783589837,0.0,3.05237,101.49228,0.0
EMU22,2913,1783589835,100.0,4.773265,100.893875,0.0
EMU29,2914,1783589832,117.0,4.787133,100.76424,0.0
SCS29,2980,1783589830,22.0,5.39023,100.37036,0.0
SCS32,2975,1783589813,114.0,5.85976,100.476974,0.0
SCS25,weekday_2045,1783589811,0.0,3.127533,101.67948,0.0
DMU03,57,1783589811,63.0,5.754792,102.15633,0.0
SCS02,weekday_2154,1783589815,0.0,3.683903,101.51885,0.0
ETS207,9052,1783589810,26.0,4.591847,101.07117,0.0
EMU28,2981,1783589810,46.0,6.658752,100.31509,0.0
DMU10(D6120),60,1783589793,46.0,4.928053,101.98294,0.0
SCS27,weekday_2165,1783589793,100.0,3.363588,101.58994,0.0
SCS37,2976,1783589908,115.0,6.059203,100.391365,0.0
DMU05,56,1783589904,83.0,5.8665,102.15427,0.0
EMU29,2914,1783589877,0.0,4.794602,100.754166,0.0
DMU10(D6120),60,1783589853,9.0,4.927533,101.98675,0.0
SCS29,2980,1783589905,40.0,5.386673,100.3749,0.0
EMU39,2979,1783589896,119.0,6.251162,100.35738,0.0
SCS27,weekday_2165,1783589913,95.0,3.348568,101.57224,0.0
EMU22,2913,1783589910,101.0,4.77612,100.911964,0.0
SCS25,weekday_2045,1783589946,0.0,3.127533,101.67948,0.0
DMU03,57,1783589946,67.0,5.727848,102.16026,0.0
EMU28,2981,1783589945,116.0,6.64628,100.29327,0.0
ETS207,9052,1783589945,0.0,4.596547,101.07273,0.0
SCS29,2980,1783589935,75.0,5.38475,100.37875,0.0
SCS07,weekday_2157,1783590285,42.0,3.08493,101.660576,0.0
DMU03,57,1783590261,64.0,5.696783,102.151955,0.0
EMU28,2981,1783590260,118.0,6.56513,100.25925,0.0
SCS37,2976,1783590238,21.0,6.113848,100.370056,0.0
EMU22,2913,1783590298,95.0,4.824813,100.95161,0.0
SCS02,weekday_2154,1783590334,0.0,3.683903,101.51885,0.0
EMU29,2914,1783590312,87.0,4.864887,100.72923,0.0
SCS08,weekday_2160,1783590277,47.0,3.073468,101.5548,0.0
SCS29,2980,1783590295,88.0,5.362615,100.431564,0.0
SCS27,weekday_2165,1783590333,1.0,3.319983,101.57481,0.0
DMU10(D6120),60,1783590333,28.0,4.962135,102.01025,0.0
SCS07,weekday_2157,1783590330,0.0,3.083705,101.657074,0.0
EMU39,2979,1783590330,119.0,6.155462,100.37972,0.0
SCS37,2976,1783590328,115.0,6.134015,100.37921,0.0
SCS25,weekday_2045,1783590321,0.0,3.127533,101.67948,0.0
EMU29,2914,1783590372,113.0,4.878912,100.72207,0.0
SCS25,weekday_2045,1783590396,0.0,3.127533,101.67948,0.0
SCS29,2980,1783590370,37.0,5.36651,100.44657,0.0
DMU03,57,1783590396,80.0,5.668472,102.15704,0.0
EMU28,2981,1783590395,45.0,6.527418,100.25758,0.0
EMU40,2978,1783590383,111.0,5.710448,100.5123,0.0
DMU10(D6120),60,1783590438,50.0,4.966972,102.01167,0.0
SCS07,weekday_2157,1783590405,74.0,3.082072,101.65193,0.0
SCS02,weekday_2154,1783590401,0.0,3.683903,101.51885,0.0
SCS25,weekday_2045,1783590441,0.0,3.127533,101.67948,0.0
DMU03,57,1783590441,77.0,5.65901,102.1569,0.0
EMU28,2981,1783590440,14.0,6.524783,100.25713,0.0
SCS27,weekday_2165,1783590438,97.0,3.303922,101.575066,0.0
EMU22,2913,1783590403,97.0,4.840375,100.971535,0.0
SCS37,2976,1783590403,115.0,6.156347,100.379684,0.0
SCS05,weekday_2048,1783590399,10.0,3.117585,101.6792,0.0
DMU05,56,1783590399,67.0,5.936738,102.15104,0.0
EMU22,2913,1783590463,95.0,4.844167,100.98653,0.0
EMU29,2914,1783590462,5.0,4.896025,100.71941,0.0
SCS29,2980,1783590460,50.0,5.365948,100.450386,0.0
SCS07,weekday_2157,1783590645,56.0,3.085037,101.62857,0.0
DMU10(D6120),60,1783590633,45.0,4.992663,102.01804,0.0
EMU28,2981,1783590633,110.0,6.50153,100.25335,0.0
SCS27,weekday_2165,1783590588,72.0,3.27688,101.56234,0.0
EMU39,2979,1783590630,108.0,6.099483,100.36887,0.0
SCS37,2976,1783590598,92.0,6.188345,100.37146,0.0
EMU22,2913,1783590598,102.0,4.836848,101.01841,0.0
EMU29,2914,1783590597,106.0,4.913988,100.71745,0.0
SCS02,weekday_2154,1783590596,0.0,3.683903,101.51885,0.0
DMU03,57,1783590591,83.0,5.626028,102.16427,0.0
EMU28,2981,1783590693,116.0,6.483397,100.253654,0.0
DMU10(D6120),60,1783590693,21.0,4.998923,102.02111,0.0
SCS27,weekday_2165,1783590693,13.0,3.262968,101.55716,0.0
EMU39,2979,1783590690,116.0,6.083655,100.37786,0.0
SCS29,2980,1783590685,109.0,5.368645,100.46796,0.0
SCS08,weekday_2160,1783590677,21.0,3.083522,101.58407,0.0
EMU40,2978,1783590668,116.0,5.79112,100.484886,0.0
DMU03,57,1783590666,79.0,5.6104,102.16826,0.0
SCS05,weekday_2048,1783590639,23.0,3.127468,101.679436,0.0
DMU03,57,1783590726,39.0,5.602345,102.17453,0.0
SCS27,weekday_2165,1783590753,17.0,3.260905,101.5559,0.0
EMU28,2981,1783590753,113.0,6.465458,100.25679,0.0
EMU29,2914,1783590750,0.0,4.959157,100.725815,0.0
EMU39,2979,1783590750,118.0,6.067383,100.38678,0.0
EMU22,2913,1783590748,94.0,4.826313,101.050514,0.0
SCS37,2976,1783590748,114.0,6.231838,100.36133,0.0
SCS32,2975,1783590743,114.0,5.694877,100.507706,0.0
DMU10(D6120),60,1783590738,31.0,5.001985,102.02224,0.0
EMU28,2981,1783590783,113.0,6.456937,100.2597,0.0
SCS27,weekday_2165,1783590783,16.0,3.259188,101.555244,0.0
DMU10(D6120),60,1783590783,43.0,5.006755,102.02461,0.0
SCS07,weekday_2157,1783590780,36.0,3.08449,101.62138,0.0
EMU39,2979,1783590780,118.0,6.059307,100.39135,0.0
SCS37,2976,1783590778,114.0,6.240678,100.35952,0.0
SCS29,2980,1783590775,115.0,5.395623,100.47132,0.0
EMU29,2914,1783590772,110.0,4.964928,100.727615,0.0
EMU28,2981,1783590963,33.0,6.430997,100.26864,0.0
SCS07,weekday_2157,1783590960,35.0,3.083033,101.610756,0.0
SCS04,weekday_2158,1783590951,1.0,3.205655,101.581314,0.0
SCS27,weekday_2165,1783590963,69.0,3.248495,101.5574,0.0
DMU05,56,1783590999,59.0,6.017708,102.140305,0.0
SCS04,weekday_2158,1783591041,65.0,3.20891,101.57537,0.0
EMU28,2981,1783591038,117.0,6.414688,100.27425,0.0
SCS27,weekday_2165,1783591026,86.0,3.237178,101.56008,0.0
EMU23,2915,1783591104,80.0,5.293318,100.483185,0.0
SCS37,2976,1783591108,115.0,6.333698,100.3305,0.0
SCS04,weekday_2158,1783591056,76.0,3.210987,101.57346,0.0
SCS27,weekday_2165,1783591056,92.0,3.230233,101.56,0.0
EMU22,2913,1783591107,93.0,4.782993,101.09974,0.0
SCS02,weekday_2154,1783591106,0.0,3.683903,101.51885,0.0
SCS29,2980,1783591105,0.0,5.481735,100.497826,0.0
EMU39,2979,1783591105,66.0,5.973785,100.43964,0.0
SCS32,2975,1783591103,94.0,5.636173,100.48937,0.0
EMU29,2914,1783591102,117.0,5.039325,100.68982,0.0
EMU28,2981,1783591098,115.0,6.39838,100.28217,0.0
SCS05,weekday_2048,1783591074,0.0,3.13885,101.69343,0.0
SCS27,weekday_2165,1783591146,65.0,3.213348,101.57146,0.0
DMU03,57,1783591146,86.0,5.543203,102.196686,0.0
EMU28,2981,1783591143,115.0,6.38748,100.29031,0.0
SCS29,2980,1783591165,75.0,5.484888,100.49868,0.0
SCS32,2975,1783591133,115.0,5.628307,100.49242,0.0
SCS37,2976,1783591123,114.0,6.337337,100.327774,0.0
DMU10(D6120),60,1783591128,0.0,5.024577,102.03882,0.0
EMU22,2913,1783591122,100.0,4.779747,101.10166,0.0
EMU28,2981,1783591173,110.0,6.380345,100.295654,0.0
DMU10(D6120),60,1783591173,30.0,5.025482,102.04028,0.0
EMU29,2914,1783591258,116.0,5.041428,100.64199,0.0
SCS27,weekday_2165,1783591251,17.0,3.206527,101.57944,0.0
DMU03,57,1783591251,17.0,5.530302,102.202896,0.0
SCS04,weekday_2158,1783591251,25.0,3.248672,101.55718,0.0
DMU10(D6120),60,1783591248,49.0,5.032243,102.04711,0.0
EMU28,2981,1783591248,0.0,6.370997,100.30261,0.0
SCS04,weekday_2158,1783591341,23.0,3.252438,101.5551,0.0
SCS27,weekday_2165,1783591341,29.0,3.205332,101.58273,0.0
DMU03,57,1783591341,0.0,5.53025,102.203224,0.0
EMU28,2981,1783591338,100.0,6.362632,100.308914,0.0
DMU10(D6120),60,1783591338,13.0,5.035648,102.05381,0.0
SCS07,weekday_2157,1783591335,0.0,3.08277,101.600334,0.0
EMU23,2915,1783591334,116.0,5.262478,100.48208,0.0
SCS04,weekday_2158,1783591386,23.0,3.255757,101.5545,0.0
EMU28,2981,1783591381,109.0,6.352855,100.316185,0.0
SCS07,weekday_2157,1783591380,0.0,3.08277,101.600334,0.0
EMU29,2914,1783591378,113.0,5.044023,100.60622,0.0
SCS37,2976,1783591378,110.0,6.378902,100.2967,0.0
EMU40,2978,1783591378,102.0,5.964833,100.444695,0.0
EMU22,2913,1783591377,96.0,4.719862,101.12238,0.0
EMU39,2979,1783591375,117.0,5.92344,100.464874,0.0
SCS29,2980,1783591375,114.0,5.54436,100.50141,0.0
DMU10(D6120),60,1783591368,15.0,5.036665,102.05493,0.0
EMU22,2913,1783591422,101.0,4.709028,101.127174,0.0
SCS32,2975,1783591448,115.0,5.535335,100.504036,0.0
EMU39,2979,1783591420,117.0,5.910395,100.469925,0.0
EMU28,2981,1783591426,116.0,6.341872,100.324425,0.0
SCS07,weekday_2157,1783591425,0.0,3.08277,101.600334,0.0
EMU23,2915,1783591424,117.0,5.235655,100.488075,0.0
SCS37,2976,1783591423,115.0,6.38991,100.288475,0.0
SCS29,2980,1783591450,114.0,5.56651,100.497406,0.0
SCS27,weekday_2165,1783591446,86.0,3.20104,101.598885,0.0
DMU03,57,1783591446,5.0,5.527245,102.20439,0.0
SCS04,weekday_2158,1783591446,0.0,3.257548,101.55464,0.0
SCS05,weekday_2048,1783591434,45.0,3.16174,101.69207,0.0
DMU05,56,1783591449,86.0,6.064005,102.15355,0.0
EMU29,2914,1783591528,115.0,5.031162,100.56479,0.0
SCS37,2976,1783591528,114.0,6.417285,100.273384,0.0
EMU40,2978,1783591528,94.0,5.979955,100.436134,0.0
EMU22,2913,1783591527,99.0,4.687133,101.14167,0.0
EMU39,2979,1783591525,119.0,5.878978,100.47695,0.0
SCS29,2980,1783591525,116.0,5.588752,100.49379,0.0
SCS27,weekday_2165,1783591491,89.0,3.20029,101.60954,0.0
DMU03,57,1783591491,0.0,5.526065,102.2048,0.0
SCS04,weekday_2158,1783591491,6.0,3.257702,101.554665,0.0
DMU03,57,1783591536,0.0,5.526152,102.20475,0.0
SCS29,2980,1783591585,114.0,5.60651,100.49519,0.0
EMU39,2979,1783591585,116.0,5.860462,100.47691,0.0
DMU05,56,1783591539,88.0,6.081405,102.164734,0.0
SCS27,weekday_2165,1783591641,0.0,3.208792,101.627754,0.0
EMU29,2914,1783591618,113.0,5.018388,100.54138,0.0
SCS29,2980,1783591615,113.0,5.61531,100.49694,0.0
SCS24,weekday_2049,1783591600,86.0,3.227637,101.672844,0.0
DMU05,56,1783591599,69.0,6.091652,102.171906,0.0
EMU23,2915,1783591634,91.0,5.17622,100.47955,0.0
DMU03,57,1783591641,4.0,5.527808,102.204155,0.0
SCS04,weekday_2158,1783591641,65.0,3.279052,101.56448,0.0
SCS32,2975,1783591718,0.0,5.482798,100.49823,0.0
EMU26,2982,1783591743,52.0,5.386075,100.37626,0.0
SCS07,weekday_2157,1783591742,30.0,3.084257,101.58512,0.0
EMU22,2913,1783591737,96.0,4.641767,101.11229,0.0
DMU05,56,1783591734,69.0,6.098887,102.178825,0.0
SCS24,weekday_2049,1783591720,0.0,3.213838,101.67216,0.0
SCS27,weekday_2165,1783591717,36.0,3.20648,101.63372,0.0
EMU28,2981,1783591741,117.0,6.254135,100.35677,0.0
SCS04,weekday_2158,1783591716,76.0,3.290608,101.572624,0.0
DMU03,57,1783591716,4.0,5.529953,102.2031,0.0
EMU39,2979,1783591716,46.0,5.826132,100.47787,0.0
SCS32,2975,1783591718,0.0,5.482798,100.49823,0.0
DMU10(D6120),60,1783591803,44.0,5.070177,102.068726,0.0
SCS27,weekday_2165,1783591777,0.0,3.203158,101.63694,0.0
SCS05,weekday_2048,1783591804,0.0,3.181458,101.68844,0.0
SCS32,2975,1783591778,112.0,5.472053,100.49599,0.0
SCS04,weekday_2158,1783591776,17.0,3.299182,101.574776,0.0
DMU03,57,1783591776,0.0,5.530132,102.20269,0.0
DMU03,57,1783591896,0.0,5.530203,102.20292,0.0
EMU26,2982,1783591893,93.0,5.369977,100.40745,0.0
SCS07,weekday_2157,1783591862,62.0,3.077937,101.57145,0.0
EMU23,2915,1783591859,113.0,5.143598,100.48356,0.0
EMU23,2915,1783591949,0.0,5.13077,100.486176,0.0
EMU22,2913,1783591947,84.0,4.60911,101.07861,0.0
EMU26,2982,1783591923,81.0,5.367392,100.41411,0.0
EMU40,2978,1783591905,117.0,6.07812,100.38063,0.0
SCS04,weekday_2158,1783591941,0.0,3.319063,101.574776,0.0
DMU03,57,1783591941,0.0,5.530108,102.2031,0.0
SCS37,2976,1783591903,114.0,6.498283,100.25335,0.0
SCS29,2980,1783591915,112.0,5.673092,100.495186,0.0
EMU39,2979,1783591941,115.0,5.791587,100.48469,0.0
SCS32,2975,1783591943,113.0,5.42516,100.48221,0.0
DMU05,56,1783591914,33.0,6.116947,102.19937,0.0
SCS24,weekday_2049,1783591900,0.0,3.20437,101.67604,0.0
EMU40,2978,1783591980,112.0,6.097542,100.36991,0.0
EMU40,2978,1783592070,0.0,6.11273,100.369484,0.0
EMU29,2914,1783592061,116.0,5.101563,100.49215,0.0
SCS27,weekday_2165,1783592032,58.0,3.191338,101.656784,0.0
EMU23,2915,1783592024,74.0,5.12634,100.48708,0.0
SCS37,2976,1783592023,0.0,6.524345,100.257034,0.0
SCS29,2980,1783592020,114.0,5.700538,100.50981,0.0
DMU05,56,1783592019,0.0,6.118467,102.20061,0.0
SCS04,weekday_2158,1783592031,34.0,3.321635,101.57363,0.0
DMU03,57,1783592031,0.0,5.530132,102.203125,0.0
SCS24,weekday_2049,1783592020,0.0,3.197877,101.68164,0.0
SCS29,2980,1783592125,115.0,5.730853,100.51077,0.0
SCS37,2976,1783592158,116.0,6.545415,100.26001,0.0
SCS29,2980,1783592155,114.0,5.73929,100.50749,0.0
EMU39,2979,1783592151,120.0,5.731527,100.51054,0.0
DMU10(D6120),60,1783592148,45.0,5.092895,102.07256,0.0
SCS07,weekday_2157,1783592147,91.0,3.066955,101.54934,0.0
EMU26,2982,1783592148,58.0,5.366782,100.44482,0.0
SCS27,weekday_2165,1783592212,77.0,3.179738,101.676735,0.0
EMU39,2979,1783592211,118.0,5.713588,100.51316,0.0
EMU29,2914,1783592211,0.0,5.130737,100.486115,0.0
SCS04,weekday_2158,1783592211,99.0,3.353648,101.571754,0.0
DMU03,57,1783592211,0.0,5.530138,102.20313,0.0
SCS05,weekday_2048,1783592209,0.0,3.213847,101.67219,0.0
SCS24,weekday_2049,1783592200,7.0,3.181655,101.688576,0.0
EMU28,2981,1783592198,117.0,6.149495,100.38015,0.0
DMU10(D6120),60,1783592193,34.0,5.09827,102.07345,0.0
SCS07,weekday_2157,1783592192,90.0,3.061157,101.540855,0.0
EMU40,2978,1783592295,114.0,6.158412,100.37946,0.0
SCS04,weekday_2158,1783592271,100.0,3.363092,101.57963,0.0
SCS05,weekday_2048,1783592269,65.0,3.219153,101.67238,0.0
SCS07,weekday_2157,1783592267,35.0,3.05708,101.52676,0.0
DMU10(D6120),60,1783592253,29.0,5.104793,102.07271,0.0
EMU23,2915,1783592347,112.0,5.038112,100.52225,0.0
EMU39,2979,1783592346,70.0,5.68502,100.50088,0.0
DMU03,57,1783592346,16.0,5.528697,102.2036,0.0
EMU29,2914,1783592346,116.0,5.150195,100.48191,0.0
SCS04,weekday_2158,1783592346,117.0,3.366638,101.60067,0.0
EMU26,2982,1783592343,47.0,5.363207,100.45894,0.0
SCS32,2975,1783592318,77.0,5.365267,100.45445,0.0
SCS27,weekday_2165,1783592317,42.0,3.167333,101.68866,0.0
SCS27,weekday_2165,1783592377,5.0,3.166012,101.690384,0.0
EMU39,2979,1783592376,100.0,5.679233,100.49701,0.0
SCS04,weekday_2158,1783592376,110.0,3.37035,101.60867,0.0
DMU03,57,1783592376,10.0,5.527483,102.20421,0.0
SCS07,weekday_2157,1783592372,71.0,3.055278,101.5211,0.0
SCS05,weekday_2048,1783592374,32.0,3.23208,101.67646,0.0
EMU28,2981,1783592468,100.0,6.102997,100.366936,0.0
EMU23,2915,1783592467,16.0,5.028347,100.52743,0.0
EMU29,2914,1783592466,0.0,5.16968,100.479645,0.0
SCS04,weekday_2158,1783592466,0.0,3.375658,101.61396,0.0
DMU03,57,1783592466,70.0,5.519528,102.20792,0.0
EMU26,2982,1783592466,81.0,5.363742,100.46736,0.0
EMU39,2979,1783592462,105.0,5.654478,100.49204,0.0
SCS29,2980,1783592440,64.0,5.817753,100.478516,0.0
SCS32,2975,1783592438,19.0,5.366227,100.448235,0.0
EMU29,2914,1783592601,116.0,5.189372,100.479614,0.0
DMU03,57,1783592601,67.0,5.495138,102.2157,0.0
EMU39,2979,1783592597,0.0,5.64269,100.49003,0.0
SCS07,weekday_2157,1783592597,0.0,3.052337,101.49355,0.0
SCS04,weekday_2158,1783592586,117.0,3.397298,101.628204,0.0
SCS29,2980,1783592665,115.0,5.856488,100.47691,0.0
EMU26,2982,1783592631,116.0,5.41161,100.474945,0.0
SCS05,weekday_2048,1783592734,0.0,3.237133,101.68127,0.0
DMU10(D6120),60,1783592733,9.0,5.13608,102.051674,0.0
EMU28,2981,1783592733,108.0,6.033247,100.40604,0.0
SCS07,weekday_2157,1783592732,34.0,3.052497,101.48718,0.0
EMU26,2982,1783592706,118.0,5.431533,100.486275,0.0
SCS32,2975,1783592783,92.0,5.374352,100.39826,0.0
EMU33,2917,1783592782,8.0,5.39213,100.36817,0.0
EMU23,2915,1783592782,116.0,5.044223,100.60421,0.0
DMU03,57,1783592781,25.0,5.473297,102.22189,0.0
SCS07,weekday_2157,1783592777,52.0,3.05265,101.48119,0.0
EMU26,2982,1783592766,118.0,5.44891,100.49227,0.0
EMU29,2914,1783592766,119.0,5.235945,100.48795,0.0
SCS05,weekday_2048,1783592734,0.0,3.237133,101.68127,0.0
DMU10(D6120),60,1783592733,9.0,5.13608,102.051674,0.0
EMU28,2981,1783592733,108.0,6.033247,100.40604,0.0
SCS05,weekday_2048,1783592824,0.0,3.237133,101.68127,0.0
DMU10(D6120),60,1783592823,7.0,5.137698,102.04851,0.0
EMU28,2981,1783592823,116.0,6.010743,100.41879,0.0
EMU39,2979,1783592822,119.0,5.592963,100.49315,0.0
SCS07,weekday_2157,1783592822,52.0,3.050323,101.47532,0.0
SCS28,weekday_2162,1783592820,5.0,3.186167,101.66446,0.0
EMU23,2915,1783592812,117.0,5.043555,100.61333,0.0
DMU03,57,1783592811,0.0,5.472448,102.22218,0.0
EMU33,2917,1783592797,8.0,5.391807,100.36863,0.0
EMU29,2914,1783592796,113.0,5.244883,100.48595,0.0
EMU26,2982,1783592796,117.0,5.457828,100.494606,0.0
DMU05,56,1783592799,71.0,6.18487,102.17862,0.0
SCS32,2975,1783592888,34.0,5.384147,100.379776,0.0
EMU23,2915,1783592887,113.0,5.041882,100.636,0.0
SCS27,weekday_2165,1783592887,26.0,3.136545,101.69046,0.0
SCS05,weekday_2048,1783592884,0.0,3.237133,101.68127,0.0
SCS04,weekday_2158,1783592883,0.0,3.467792,101.63767,0.0
EMU39,2979,1783592882,118.0,5.574623,100.49609,0.0
DMU10(D6120),60,1783592883,27.0,5.140315,102.0468,0.0
EMU28,2981,1783592883,114.0,5.994957,100.42772,0.0
EMU40,2978,1783592882,116.0,6.302352,100.34686,0.0
SCS07,weekday_2157,1783592882,58.0,3.042597,101.473694,0.0
DMU03,57,1783592976,70.0,5.459617,102.227554,0.0
EMU29,2914,1783592976,9.0,5.286238,100.48083,0.0
SCS28,weekday_2162,1783593105,39.0,3.200205,101.63954,0.0
EMU26,2982,1783593101,115.0,5.511125,100.505745,0.0
SCS04,weekday_2158,1783593108,0.0,3.499685,101.634224,0.0
SCS07,weekday_2157,1783593107,17.0,3.036833,101.45564,0.0
DMU03,57,1783593096,28.0,5.448227,102.23177,0.0
DMU05,56,1783593144,0.0,6.19929,102.167465,0.0
EMU29,2914,1783593111,92.0,5.297115,100.48179,0.0
SCS25,weekday_2050,1783593111,0.0,3.132135,101.683075,0.0
EMU39,2979,1783593107,119.0,5.506577,100.504585,0.0
SCS24,weekday_2049,1783593102,20.0,3.143865,101.69344,0.0
EMU28,2981,1783593093,95.0,5.96369,100.44532,0.0
DMU10(D6120),60,1783593093,11.0,5.145875,102.0449,0.0
EMU39,2979,1783593186,63.0,5.48636,100.499146,0.0
SCS04,weekday_2158,1783593183,67.0,3.504417,101.633545,0.0
DMU10(D6120),60,1783593183,22.0,5.14954,102.04441,0.0
EMU28,2981,1783593183,116.0,5.940537,100.45829,0.0
SCS07,weekday_2157,1783593182,23.0,3.04194,101.45191,0.0
SCS28,weekday_2162,1783593180,0.0,3.202185,101.63758,0.0
EMU23,2915,1783593262,116.0,5.004453,100.73504,0.0
DMU10(D6120),60,1783593258,0.0,5.15215,102.04369,0.0
EMU29,2914,1783593246,114.0,5.334262,100.469955,0.0
DMU05,56,1783593219,13.0,6.1978,102.167305,0.0
SCS32,2975,1783593218,0.0,5.392413,100.36747,0.0
EMU33,2917,1783593217,14.0,5.364553,100.42135,0.0
SCS25,weekday_2050,1783593216,0.0,3.132135,101.683075,0.0
EMU28,2981,1783593213,117.0,5.931848,100.461624,0.0
SCS27,weekday_2165,1783593217,16.0,3.130495,101.682106,0.0
DMU03,57,1783593261,0.0,5.436835,102.23605,0.0
EMU39,2979,1783593261,0.0,5.481925,100.497955,0.0
SCS04,weekday_2158,1783593258,99.0,3.52024,101.628845,0.0
EMU40,2978,1783593255,78.0,6.374963,100.29962,0.0
SCS28,weekday_2162,1783593255,46.0,3.206928,101.633064,0.0
EMU23,2915,1783593292,117.0,4.995445,100.73492,0.0
DMU03,57,1783593291,45.0,5.429543,102.23654,0.0
EMU29,2914,1783593291,112.0,5.347458,100.46827,0.0
SCS25,weekday_2050,1783593291,12.0,3.138373,101.69316,0.0
EMU39,2979,1783593291,31.0,5.481072,100.49774,0.0
SCS04,weekday_2158,1783593288,96.0,3.527828,101.63003,0.0
DMU10(D6120),60,1783593288,0.0,5.152123,102.043686,0.0
EMU28,2981,1783593288,117.0,5.910423,100.46988,0.0
SCS28,weekday_2162,1783593285,25.0,3.208393,101.62982,0.0
EMU40,2978,1783593300,116.0,6.384663,100.2924,0.0
SCS24,weekday_2049,1783593297,0.0,3.139033,101.6936,0.0
EMU26,2982,1783593296,115.0,5.569243,100.49695,0.0
SCS27,weekday_2165,1783593292,17.0,3.127167,101.67931,0.0
SCS04,weekday_2158,1783593378,87.0,3.548193,101.639465,0.0
DMU10(D6120),60,1783593378,0.0,5.153527,102.04322,0.0
SCS07,weekday_2157,1783593377,68.0,3.043937,101.43551,0.0
EMU39,2979,1783593351,109.0,5.468155,100.49639,0.0
DMU03,57,1783593351,31.0,5.422233,102.23862,0.0
SCS25,weekday_2050,1783593351,0.0,3.138842,101.69334,0.0
EMU33,2917,1783593517,0.0,5.366237,100.44781,0.0
SCS04,weekday_2158,1783593573,101.0,3.566348,101.621765,0.0
DMU10(D6120),60,1783593588,18.0,5.164468,102.0374,0.0
EMU40,2978,1783593585,57.0,6.437252,100.26651,0.0
SCS07,weekday_2157,1783593587,34.0,3.033822,101.42469,0.0
EMU23,2915,1783593583,108.0,4.909087,100.718025,0.0
SCS27,weekday_2165,1783593744,0.0,3.096182,101.67018,0.0
DMU03,57,1783593711,19.0,5.392542,102.23209,0.0
EMU29,2914,1783593711,3.0,5.362645,100.42631,0.0
SCS07,weekday_2157,1783593737,0.0,3.020995,101.4109,0.0
SCS04,weekday_2158,1783593708,92.0,3.596608,101.60326,0.0
EMU23,2915,1783593703,5.0,4.896103,100.71945,0.0
EMU22,2918,1783593702,94.0,4.646672,101.11555,0.0
SCS25,weekday_2050,1783593741,0.0,3.153842,101.69247,0.0
DMU10(D6120),60,1783593738,39.0,5.172763,102.03146,0.0
SCS29,2980,1783593715,47.0,6.11161,100.369,0.0
EMU39,2979,1783593711,61.0,5.365217,100.4676,0.0
EMU29,2914,1783593756,34.0,5.363962,100.42281,0.0
EMU39,2979,1783593756,45.0,5.358858,100.466805,0.0
EMU39,2979,1783593943,0.0,5.36632,100.44761,0.0
SCS24,weekday_2049,1783593942,0.0,3.118125,101.67902,0.0
SCS27,weekday_2165,1783593939,0.0,3.08648,101.66504,0.0
DMU10(D6120),60,1783593903,40.0,5.170412,102.016045,0.0
SCS07,weekday_2157,1783593902,0.0,3.01393,101.40329,0.0
SCS10,weekday_2166,1783593892,0.0,3.14016,101.69378,0.0
SCS25,weekday_2050,1783593891,0.0,3.1652,101.69132,0.0
DMU03,57,1783593891,35.0,5.386702,102.23209,0.0
DMU10(D6120),60,1783593933,49.0,5.172032,102.01262,0.0
SCS07,weekday_2157,1783593932,28.0,3.013172,101.40249,0.0
EMU28,2981,1783593944,117.0,5.750052,100.503395,0.0
EMU23,2915,1783593943,0.0,4.853223,100.73239,0.0
EMU39,2979,1783593943,0.0,5.36632,100.44761,0.0
EMU28,2981,1783594109,119.0,5.702913,100.510445,0.0
DMU03,57,1783594086,0.0,5.364652,102.22593,0.0
SCS10,weekday_2166,1783594162,7.0,3.155023,101.69305,0.0
EMU22,2918,1783594114,96.0,4.736207,101.12173,0.0
DMU03,57,1783594161,40.0,5.353685,102.22455,0.0
EMU29,2914,1783594161,1.0,5.387787,100.37278,0.0
SCS04,weekday_2158,1783594143,41.0,3.67887,101.5245,0.0
DMU10(D6120),60,1783594143,39.0,5.181277,102.01098,0.0
EMU33,2917,1783594118,114.0,5.260222,100.4825,0.0
SCS32,2984,1783594118,13.0,5.364237,100.42219,0.0
SCS24,weekday_2049,1783594212,84.0,3.106258,101.695435,0.0
SCS29,2980,1783594210,115.0,6.203972,100.36698,0.0
SCS27,weekday_2165,1783594209,80.0,3.082793,101.642784,0.0
SCS28,weekday_2162,1783594194,0.0,3.257567,101.55461,0.0
EMU33,2917,1783594193,111.0,5.2384,100.48737,0.0
SCS10,weekday_2166,1783594192,42.0,3.157838,101.693436,0.0
EMU22,2918,1783594189,97.0,4.7545,101.11822,0.0
SCS04,weekday_2158,1783594188,36.0,3.682472,101.520645,0.0
DMU10(D6120),60,1783594188,46.0,5.186507,102.01083,0.0
SCS10,weekday_2166,1783594297,0.0,3.166042,101.690315,0.0
DMU03,57,1783594296,25.0,5.339163,102.22041,0.0
EMU22,2918,1783594279,99.0,4.77375,101.106476,0.0
DMU10(D6120),60,1783594278,37.0,5.198308,102.01429,0.0
EMU33,2917,1783594313,111.0,5.205155,100.48739,0.0
EMU23,2915,1783594313,115.0,4.78622,100.76606,0.0
EMU26,2982,1783594312,47.0,5.822337,100.47814,0.0
EMU39,2979,1783594303,94.0,5.377883,100.39169,0.0
EMU22,2918,1783594339,92.0,4.786072,101.09794,0.0
DMU10(D6120),60,1783594338,32.0,5.202823,102.01337,0.0
EMU40,2978,1783594316,120.0,6.589338,100.26285,0.0
SCS25,weekday_2050,1783594305,45.0,3.178263,101.68688,0.0
SCS24,weekday_2049,1783594317,23.0,3.098808,101.70471,0.0
SCS29,2980,1783594465,114.0,6.27876,100.35173,0.0
SCS27,weekday_2165,1783594464,33.0,3.084457,101.62143,0.0
EMU33,2917,1783594463,19.0,5.169867,100.479706,0.0
DMU03,57,1783594416,41.0,5.334475,102.208,0.0
SCS28,weekday_2162,1783594419,72.0,3.287212,101.570045,0.0
EMU23,2915,1783594418,111.0,4.77724,100.796524,0.0
SCS32,2984,1783594418,47.0,5.364612,100.4569,0.0
DMU10(D6120),60,1783594413,44.0,5.211358,102.012535,0.0
EMU22,2918,1783594534,9.0,4.81873,101.07099,0.0
DMU10(D6120),60,1783594533,37.0,5.224297,102.0113,0.0
SCS32,2984,1783594530,41.0,5.357778,100.46633,0.0
SCS28,weekday_2162,1783594524,65.0,3.306718,101.57493,0.0
EMU23,2915,1783594523,113.0,4.77619,100.82747,0.0
SCS10,weekday_2166,1783594522,64.0,3.184863,101.666145,0.0
EMU28,2981,1783594540,117.0,5.613368,100.49674,0.0
EMU22,2918,1783594564,0.0,4.818793,101.0709,0.0
DMU10(D6120),60,1783594563,43.0,5.227832,102.01076,0.0
EMU33,2917,1783594553,47.0,5.166997,100.47973,0.0
EMU39,2979,1783594543,2.0,5.387775,100.372795,0.0
EMU40,2978,1783594541,118.0,6.645,100.2914,0.0
SCS32,2984,1783594590,91.0,5.36709,100.467804,0.0
SCS25,weekday_2050,1783594590,0.0,3.197757,101.68164,0.0
SCS27,weekday_2165,1783594569,16.0,3.083293,101.612305,0.0
EMU26,2982,1783594550,116.0,5.863708,100.47694,0.0
SCS10,weekday_2166,1783594612,31.0,3.187303,101.66295,0.0
DMU03,57,1783594611,25.0,5.329258,102.20223,0.0
EMU26,2982,1783594625,118.0,5.886712,100.47697,0.0
DMU10(D6120),60,1783594638,50.0,5.237893,102.00934,0.0
EMU23,2915,1783594613,73.0,4.779015,100.852486,0.0
SCS32,2984,1783594635,116.0,5.380138,100.46942,0.0
SCS25,weekday_2050,1783594620,32.0,3.198343,101.68108,0.0
EMU39,2979,1783594618,19.0,5.390693,100.37004,0.0
SCS24,weekday_2049,1783594617,9.0,3.076138,101.71092,0.0
EMU40,2978,1783594616,71.0,6.654012,100.30783,0.0
EMU28,2981,1783594615,114.0,5.590877,100.493484,0.0
DMU03,57,1783594641,27.0,5.327593,102.20039,0.0
EMU33,2917,1783594643,104.0,5.145123,100.48318,0.0
SCS10,weekday_2166,1783594642,70.0,3.190338,101.65873,0.0
EMU22,2918,1783594639,73.0,4.821012,101.06733,0.0
EMU22,2918,1783594654,91.0,4.822733,101.06452,0.0
DMU10(D6120),60,1783594653,46.0,5.239883,102.00921,0.0
SCS29,2980,1783594765,114.0,6.357697,100.31257,0.0
EMU39,2979,1783594738,0.0,5.39317,100.3666,0.0
EMU40,2978,1783594736,0.0,6.662342,100.31959,0.0
EMU28,2981,1783594735,116.0,5.555035,100.49931,0.0
SCS24,weekday_2049,1783594737,59.0,3.07284,101.70908,0.0
SCS27,weekday_2165,1783594749,28.0,3.082757,101.60215,0.0
EMU26,2982,1783594745,114.0,5.92156,100.46553,0.0
DMU10(D6120),60,1783594743,4.0,5.248627,102.00973,0.0
EMU26,2982,1783594805,116.0,5.938748,100.458916,0.0
SCS24,weekday_2049,1783594797,88.0,3.058997,101.70728,0.0
DMU10(D6120),60,1783594788,0.0,5.248717,102.00968,0.0
SCS25,weekday_2050,1783594785,66.0,3.211425,101.67206,0.0
EMU23,2915,1783594808,115.0,4.771313,100.8802,0.0
EMU33,2917,1783594808,72.0,5.12596,100.48717,0.0
SCS10,weekday_2166,1783594807,65.0,3.195388,101.647415,0.0
EMU26,2982,1783594895,101.0,5.962627,100.44591,0.0
DMU10(D6120),60,1783594893,0.0,5.248627,102.00967,0.0
SCS28,weekday_2162,1783594884,103.0,3.349435,101.57209,0.0
EMU23,2915,1783594883,97.0,4.774467,100.90113,0.0
SCS10,weekday_2166,1783594882,33.0,3.199893,101.63995,0.0
SCS28,weekday_2162,1783594914,98.0,3.357357,101.57138,0.0
SCS25,weekday_2050,1783594905,70.0,3.22112,101.672485,0.0
EMU22,2918,1783594903,100.0,4.842488,101.006256,0.0
EMU26,2982,1783594955,8.0,5.971648,100.44082,0.0
EMU33,2917,1783594954,110.0,5.086258,100.496796,0.0
DMU10(D6120),60,1783594953,38.0,5.25086,102.01009,0.0
EMU23,2915,1783594943,98.0,4.775705,100.9155,0.0
SCS24,weekday_2049,1783594902,67.0,3.038742,101.70883,0.0
EMU28,2981,1783594948,106.0,5.492702,100.50081,0.0
SCS10,weekday_2166,1783594942,0.0,3.203145,101.636765,0.0
SCS10,weekday_2166,1783594957,0.0,3.203148,101.636765,0.0
EMU33,2917,1783594954,110.0,5.086258,100.496796,0.0
SCS27,weekday_2165,1783595024,8.0,3.084672,101.58809,0.0
EMU26,2982,1783595015,26.0,5.972288,100.440475,0.0
SCS28,weekday_2162,1783594959,96.0,3.363142,101.57949,0.0
SCS29,2980,1783594990,114.0,6.393257,100.28601,0.0
SCS27,weekday_2165,1783595069,19.0,3.084548,101.58586,0.0
EMU23,2915,1783595046,1.0,4.776198,100.931755,0.0
EMU22,2918,1783595038,93.0,4.840715,100.97269,0.0
SCS24,weekday_2049,1783595037,21.0,3.025447,101.71482,0.0
EMU33,2917,1783595044,116.0,5.062565,100.50933,0.0
DMU10(D6120),60,1783595043,58.0,5.263398,102.00984,0.0
EMU26,2982,1783595045,81.0,5.97663,100.43802,0.0
SCS28,weekday_2162,1783595034,115.0,3.366522,101.60011,0.0
SCS10,weekday_2166,1783595032,44.0,3.206378,101.63376,0.0
SCS29,2980,1783595035,114.0,6.404175,100.27805,0.0
SCS27,weekday_2165,1783595114,30.0,3.082753,101.582985,0.0
DMU10(D6120),60,1783595118,44.0,5.273558,102.0084,0.0
EMU26,2982,1783595090,114.0,5.986985,100.432175,0.0
EMU22,2918,1783595083,99.0,4.836837,100.96172,0.0
EMU23,2915,1783595076,0.0,4.776207,100.93177,0.0
EMU26,2982,1783595165,115.0,6.00692,100.42094,0.0
SCS27,weekday_2165,1783595204,49.0,3.080757,101.573204,0.0
EMU23,2915,1783595166,109.0,4.788508,100.935715,0.0
SCS28,weekday_2162,1783595154,0.0,3.375677,101.613945,0.0
SCS27,weekday_2165,1783595249,32.0,3.076197,101.56933,0.0
SCS28,weekday_2162,1783595229,101.0,3.382682,101.62098,0.0
EMU26,2982,1783595225,115.0,6.022825,100.41193,0.0
EMU33,2917,1783595224,0.0,5.028157,100.527565,0.0
EMU40,2987,1783595216,26.0,6.66101,100.31806,0.0
SCS10,weekday_2166,1783595215,75.0,3.208115,101.61856,0.0
EMU23,2915,1783595211,115.0,4.800868,100.9408,0.0
DMU10(D6120),60,1783595253,19.0,5.286207,102.00613,0.0
SCS10,weekday_2166,1783595290,90.0,3.199582,101.60528,0.0
SCS28,weekday_2162,1783595259,117.0,3.389313,101.62674,0.0
EMU23,2915,1783595376,114.0,4.838803,100.96661,0.0
DMU03,57,1783595376,29.0,5.311795,102.16348,0.0
EMU40,2987,1783595336,56.0,6.652957,100.30641,0.0
SCS10,weekday_2166,1783595335,83.0,3.2004,101.595375,0.0
EMU28,2981,1783595338,116.0,5.411012,100.47472,0.0
EMU22,2918,1783595338,84.0,4.78275,100.93517,0.0
SCS28,weekday_2162,1783595334,107.0,3.411585,101.62733,0.0
EMU26,2982,1783595359,117.0,6.058375,100.39183,0.0
EMU29,2919,1783595421,0.0,5.393507,100.36629,0.0
DMU03,57,1783595421,0.0,5.309863,102.160225,0.0
DMU10(D6120),60,1783595418,13.0,5.291237,102.00915,0.0
SCS24,weekday_2049,1783595382,0.0,3.022705,101.71621,0.0
EMU33,2917,1783595419,113.0,5.027743,100.559654,0.0
EMU26,2982,1783595419,113.0,6.07439,100.38276,0.0
EMU40,2987,1783595381,82.0,6.649248,100.29896,0.0
DMU10(D6120),60,1783595478,14.0,5.2897,102.01161,0.0
SCS24,weekday_2049,1783595472,0.0,3.022705,101.71621,0.0
SCS10,weekday_2166,1783595470,15.0,3.206065,101.580475,0.0
SCS28,weekday_2162,1783595454,117.0,3.440037,101.63748,0.0
EMU23,2915,1783595451,116.0,4.84455,100.988525,0.0
EMU29,2919,1783595496,19.0,5.391437,100.36918,0.0
DMU03,57,1783595481,0.0,5.30776,102.15697,0.0
EMU26,2982,1783595479,112.0,6.090207,100.374115,0.0
EMU33,2917,1783595479,113.0,5.03753,100.57419,0.0
SCS28,weekday_2162,1783595514,114.0,3.457795,101.63901,0.0
EMU26,2982,1783595554,83.0,6.10846,100.36756,0.0
EMU33,2917,1783595539,110.0,5.045035,100.59009,0.0
EMU29,2919,1783595511,18.0,5.390892,100.36991,0.0
SCS29,2980,1783595545,108.0,6.513157,100.25508,0.0
EMU23,2915,1783595541,115.0,4.839523,101.01452,0.0
SCS27,weekday_2165,1783595564,87.0,3.070952,101.55151,0.0
DMU03,57,1783595556,5.0,5.30789,102.156876,0.0
EMU29,2919,1783595571,45.0,5.386935,100.37437,0.0
DMU10(D6120),60,1783595568,23.0,5.290477,102.01603,0.0
EMU26,2982,1783595614,0.0,6.112662,100.36945,0.0
EMU28,2981,1783595611,41.0,5.358953,100.46234,0.0
SCS24,weekday_2049,1783595592,0.0,3.022705,101.71621,0.0
EMU40,2987,1783595591,100.0,6.611968,100.264015,0.0
SCS29,2980,1783595590,37.0,6.52238,100.25661,0.0
SCS28,weekday_2162,1783595574,10.0,3.46761,101.63761,0.0
EMU23,2915,1783595571,115.0,4.833478,101.02116,0.0
DMU03,57,1783595571,26.0,5.30746,102.15614,0.0
SCS10,weekday_2166,1783595560,12.0,3.206575,101.57894,0.0
EMU33,2917,1783595569,119.0,5.044573,100.599014,0.0
SCS28,weekday_2162,1783595619,0.0,3.467847,101.63764,0.0
EMU26,2982,1783595614,0.0,6.112662,100.36945,0.0
EMU23,2915,1783595661,113.0,4.82453,101.04461,0.0
EMU33,2917,1783595659,113.0,5.042595,100.62605,0.0
SCS32,2984,1783595659,41.0,5.642122,100.489914,0.0
DMU10(D6120),60,1783595658,17.0,5.296125,102.01919,0.0
EMU28,2981,1783595656,56.0,5.363142,100.45896,0.0
SCS29,2980,1783595635,0.0,6.523192,100.25677,0.0
EMU29,2919,1783595646,89.0,5.381593,100.384766,0.0
DMU03,57,1783595646,30.0,5.306773,102.148346,0.0
EMU26,2982,1783595734,114.0,6.129743,100.37724,0.0
EMU22,2918,1783595725,90.0,4.776102,100.865585,0.0
SCS29,2980,1783595680,68.0,6.525525,100.25719,0.0
DMU03,57,1783595691,10.0,5.308325,102.146126,0.0
EMU23,2915,1783595691,107.0,4.826375,101.0529,0.0
EMU29,2919,1783595796,67.0,5.365772,100.41832,0.0
DMU10(D6120),60,1783595793,0.0,5.300242,102.020226,0.0
SCS25,weekday_2057,1783595760,44.0,3.234563,101.67972,0.0
SCS27,weekday_2165,1783595759,15.0,3.05669,101.525635,0.0
SCS10,weekday_2166,1783595770,64.0,3.243332,101.56047,0.0
EMU26,2982,1783595779,117.0,6.142918,100.38055,0.0
EMU33,2917,1783595783,112.0,5.03916,100.661415,0.0
SCS32,2984,1783595764,68.0,5.648288,100.490974,0.0
EMU28,2981,1783595761,0.0,5.366192,100.448296,0.0
EMU40,2987,1783595741,116.0,6.57,100.25911,0.0
EMU22,2918,1783595800,0.0,4.778092,100.857254,0.0
SCS29,2980,1783595800,114.0,6.55992,100.25939,0.0
EMU26,2982,1783595809,115.0,6.151968,100.37993,0.0
EMU23,2915,1783595800,0.0,4.818798,101.07097,0.0
SCS32,2984,1783595854,113.0,5.669072,100.49451,0.0
EMU28,2981,1783595851,93.0,5.36413,100.43521,0.0
SCS28,weekday_2162,1783595829,0.0,3.49967,101.634186,0.0
EMU29,2919,1783595826,0.0,5.364615,100.42128,0.0
EMU40,2987,1783595801,109.0,6.552007,100.25975,0.0
SCS27,weekday_2165,1783595924,23.0,3.051768,101.5014,0.0
EMU22,2918,1783595905,93.0,4.778055,100.84034,0.0
EMU29,2919,1783595901,78.0,5.362885,100.425735,0.0
SCS28,weekday_2162,1783595904,94.0,3.51044,101.63257,0.0
EMU26,2982,1783595899,89.0,6.178198,100.37766,0.0
EMU22,2918,1783595950,96.0,4.775978,100.829384,0.0
EMU26,2982,1783595974,0.0,6.182895,100.37511,0.0
SCS27,weekday_2165,1783595969,37.0,3.052157,101.49743,0.0
DMU10(D6120),60,1783595958,51.0,5.31434,102.02047,0.0
SCS24,weekday_2049,1783595952,0.0,3.022705,101.71621,0.0
EMU40,2987,1783595951,2.0,6.523382,100.25684,0.0
SCS28,weekday_2162,1783595994,95.0,3.531648,101.632286,0.0
EMU23,2915,1783596040,115.0,4.779285,101.10197,0.0
DMU10(D6120),60,1783596033,58.0,5.325745,102.01973,0.0
SCS27,weekday_2165,1783596029,0.0,3.052337,101.49356,0.0
EMU33,2917,1783596008,109.0,5.022642,100.72257,0.0
SCS10,weekday_2166,1783596040,16.0,3.259117,101.55503,0.0
SCS29,2980,1783596040,113.0,6.629667,100.2709,0.0
EMU29,2919,1783596021,0.0,5.366405,100.447296,0.0
EMU29,2919,1783596096,44.0,5.366203,100.44857,0.0
DMU03,57,1783596096,20.0,5.319833,102.13018,0.0
EMU26,2982,1783596094,117.0,6.205897,100.3666,0.0
EMU22,2918,1783596085,99.0,4.77758,100.79498,0.0
EMU23,2915,1783596055,118.0,4.775475,101.10464,0.0
SCS29,2980,1783596055,114.0,6.632357,100.274445,0.0
SCS27,weekday_2165,1783596059,11.0,3.052328,101.49325,0.0
SCS28,weekday_2162,1783596039,94.0,3.542098,101.63608,0.0
DMU10(D6120),60,1783596063,57.0,5.33031,102.01803,0.0
EMU28,2981,1783596061,90.0,5.370012,100.40719,0.0
EMU23,2915,1783596145,114.0,4.752725,101.11903,0.0
EMU29,2919,1783596141,98.0,5.364235,100.45763,0.0
EMU22,2918,1783596130,103.0,4.781112,100.78339,0.0
SCS29,2980,1783596130,114.0,6.645783,100.292465,0.0
EMU26,2982,1783596124,115.0,6.214998,100.36476,0.0
SCS32,2984,1783596139,114.0,5.748265,100.50407,0.0
SCS27,weekday_2165,1783596134,79.0,3.052572,101.48494,0.0
EMU33,2917,1783596128,113.0,4.991425,100.73431,0.0
DMU10(D6120),60,1783596138,56.0,5.341707,102.013695,0.0
EMU28,2981,1783596136,96.0,5.378637,100.3902,0.0
EMU22,2918,1783596160,102.0,4.783447,100.7757,0.0
EMU23,2915,1783596160,119.0,4.748563,101.120865,0.0
DMU03,57,1783596186,11.0,5.325025,102.12483,0.0
EMU29,2919,1783596186,116.0,5.354158,100.46586,0.0
SCS32,2984,1783596274,115.0,5.785407,100.48773,0.0
EMU33,2917,1783596273,113.0,4.949535,100.7232,0.0
DMU10(D6120),60,1783596273,35.0,5.360832,102.00788,0.0
EMU28,2981,1783596271,6.0,5.387442,100.37327,0.0
EMU23,2915,1783596265,116.0,4.71655,101.1228,0.0
EMU22,2918,1783596265,98.0,4.796655,100.75155,0.0
DMU03,57,1783596246,8.0,5.329425,102.12175,0.0
EMU29,2919,1783596246,117.0,5.336273,100.47,0.0
EMU40,2987,1783596234,119.0,6.46975,100.2553,0.0
EMU26,2982,1783596269,117.0,6.258198,100.35594,0.0
SCS27,weekday_2165,1783596284,35.0,3.038103,101.47137,0.0
DMU10(D6120),60,1783596288,26.0,5.362108,102.00764,0.0
EMU26,2982,1783596329,116.0,6.276137,100.35226,0.0
SCS27,weekday_2165,1783596329,0.0,3.036685,101.47061,0.0
EMU23,2915,1783596295,114.0,4.708842,101.12743,0.0
EMU29,2919,1783596291,118.0,5.322517,100.47058,0.0
SCS32,2984,1783596334,117.0,5.802315,100.48133,0.0
EMU33,2917,1783596333,107.0,4.932182,100.718575,0.0
SCS28,weekday_2162,1783596309,98.0,3.57491,101.61373,0.0
EMU40,2987,1783596309,104.0,6.448857,100.26253,0.0
DMU03,57,1783596276,0.0,5.329575,102.121574,0.0
DMU10(D6120),60,1783596378,42.0,5.370122,102.00844,0.0
SCS32,2984,1783596379,106.0,5.815745,100.47872,0.0
EMU33,2917,1783596378,112.0,4.919723,100.71683,0.0
DMU03,57,1783596381,38.0,5.335923,102.119415,0.0
EMU40,2987,1783596414,0.0,6.43137,100.26854,0.0
SCS28,weekday_2162,1783596414,87.0,3.598533,101.60104,0.0
DMU03,57,1783596411,29.0,5.33899,102.11834,0.0
SCS25,weekday_2057,1783596405,32.0,3.184395,101.68948,0.0
EMU26,2982,1783596449,117.0,6.312178,100.344894,0.0
SCS27,weekday_2165,1783596464,21.0,3.03553,101.457214,0.0
SCS32,2984,1783596454,0.0,5.825047,100.47794,0.0
EMU33,2917,1783596453,64.0,4.90129,100.71879,0.0
SCS10,weekday_2166,1783596445,26.0,3.318647,101.57478,0.0
EMU23,2915,1783596415,120.0,4.678402,101.139565,0.0
EMU28,2981,1783596496,0.0,5.392775,100.36703,0.0
SCS25,weekday_2057,1783596495,0.0,3.181533,101.68854,0.0
EMU22,2918,1783596495,82.0,4.847845,100.72901,0.0
SCS27,weekday_2165,1783596494,16.0,3.036587,101.45584,0.0
SCS32,2984,1783596484,5.0,5.825047,100.47794,0.0
DMU10(D6120),60,1783596483,13.0,5.376242,102.00989,0.0
SCS10,weekday_2166,1783596475,1.0,3.320235,101.574554,0.0
EMU29,2919,1783596474,0.0,5.286342,100.48094,0.0
SCS28,weekday_2162,1783596474,116.0,3.607557,101.587776,0.0
DMU03,57,1783596456,26.0,5.34301,102.11825,0.0
EMU33,2917,1783596498,16.0,4.89577,100.719406,0.0
EMU23,2915,1783596460,118.0,4.667025,101.13135,0.0
EMU40,2987,1783596459,36.0,6.430468,100.268845,0.0
EMU29,2919,1783596564,13.0,5.286135,100.480835,0.0
DMU03,57,1783596561,29.0,5.351557,102.116066,0.0
SCS28,weekday_2162,1783596534,115.0,3.619298,101.574265,0.0
SCS32,2984,1783596544,113.0,5.836072,100.47702,0.0
EMU33,2917,1783596543,0.0,4.895627,100.71944,0.0
DMU10(D6120),60,1783596543,0.0,5.376885,102.010185,0.0
EMU26,2982,1783596539,116.0,6.334978,100.32953,0.0
SCS10,weekday_2166,1783596610,37.0,3.32543,101.57092,0.0
EMU29,2919,1783596594,79.0,5.281943,100.47924,0.0
EMU23,2915,1783596608,115.0,4.631055,101.10409,0.0
EMU40,2987,1783596594,111.0,6.39826,100.282295,0.0
SCS23,weekday_2178,1783596611,0.0,3.000398,101.39095,0.0
EMU29,2919,1783596684,115.0,5.257063,100.48326,0.0
SCS24,weekday_2049,1783596672,18.0,2.986327,101.7906,0.0
EMU33,2917,1783596663,100.0,4.872053,100.724976,0.0
DMU10(D6120),60,1783596663,4.0,5.378832,102.01161,0.0
SCS10,weekday_2166,1783596655,70.0,3.331067,101.5692,0.0
DMU03,57,1783596666,33.0,5.358538,102.10657,0.0
EMU40,2987,1783596639,104.0,6.387975,100.289986,0.0
SCS28,weekday_2162,1783596654,114.0,3.647408,101.551865,0.0
SCS27,weekday_2165,1783596704,0.0,3.042445,101.45135,0.0
EMU23,2915,1783596638,111.0,4.624058,101.0987,0.0
SCS23,weekday_2178,1783596671,8.0,3.001227,101.39079,0.0
SCS27,weekday_2165,1783596749,0.0,3.042445,101.45135,0.0
EMU22,2918,1783596750,102.0,4.87463,100.723854,0.0
DMU10(D6120),60,1783596723,14.0,5.379547,102.013794,0.0
EMU26,2982,1783596723,0.0,6.370517,100.30298,0.0
SCS24,weekday_2049,1783596717,24.0,2.983232,101.79053,0.0
EMU40,2987,1783596714,60.0,6.373168,100.301056,0.0
DMU03,57,1783596711,39.0,5.359893,102.102104,0.0
EMU26,2982,1783596753,0.0,6.370518,100.30298,0.0
SCS27,weekday_2165,1783596824,0.0,3.042445,101.45135,0.0
SCS10,weekday_2166,1783596805,92.0,3.363053,101.57614,0.0
SCS28,weekday_2162,1783596789,42.0,3.674502,101.52827,0.0
SCS25,weekday_2057,1783596789,43.0,3.166087,101.690285,0.0
EMU29,2919,1783596789,115.0,5.225717,100.49025,0.0
EMU40,2987,1783596789,28.0,6.370045,100.30339,0.0
EMU23,2915,1783596788,30.0,4.60833,101.077614,0.0
DMU10(D6120),60,1783596783,42.0,5.378677,102.01833,0.0
EMU33,2917,1783596783,9.0,4.852753,100.73189,0.0
SCS23,weekday_2178,1783596806,57.0,3.008828,101.39788,0.0
SCS25,weekday_2057,1783596864,5.0,3.164943,101.69143,0.0
SCS32,2984,1783596859,114.0,5.928273,100.462975,0.0
DMU03,57,1783596861,24.0,5.363812,102.09026,0.0
SCS10,weekday_2166,1783596835,94.0,3.362628,101.583626,0.0
EMU23,2915,1783596833,28.0,4.605658,101.07612,0.0
EMU26,2982,1783596858,116.0,6.387333,100.29043,0.0
EMU33,2917,1783596858,50.0,4.851408,100.73069,0.0
SCS28,weekday_2162,1783596834,43.0,3.678768,101.52457,0.0
SCS23,weekday_2178,1783596821,55.0,3.010405,101.39957,0.0
EMU29,2919,1783596819,118.0,5.216698,100.49184,0.0
SCS23,weekday_2178,1783596911,0.0,3.013952,101.40331,0.0
EMU26,2982,1783596888,115.0,6.394723,100.28489,0.0
SCS25,weekday_2057,1783596909,45.0,3.160982,101.69233,0.0
SCS28,weekday_2162,1783596909,10.0,3.683737,101.51912,0.0
EMU29,2919,1783596909,117.0,5.191768,100.48039,0.0
EMU23,2915,1783596908,23.0,4.598848,101.07373,0.0
SCS24,weekday_2049,1783596897,44.0,2.97501,101.7904,0.0
SCS32,2984,1783596904,114.0,5.94094,100.458084,0.0
EMU39,2986,1783596904,114.0,5.590515,100.493515,0.0
EMU33,2917,1783596903,101.0,4.841785,100.728195,0.0
EMU28,2988,1783596901,0.0,5.392775,100.36703,0.0
EMU22,2918,1783596990,102.0,4.915623,100.717255,0.0
SCS25,weekday_2057,1783596984,0.0,3.153873,101.692566,0.0
EMU40,2987,1783596944,114.0,6.337763,100.327446,0.0
SCS23,weekday_2178,1783596941,0.0,3.013952,101.40331,0.0
SCS10,weekday_2166,1783596940,87.0,3.37243,101.61073,0.0
SCS27,weekday_2165,1783597064,13.0,3.04017,101.45325,0.0
EMU28,2988,1783597051,25.0,5.387687,100.37298,0.0
EMU22,2918,1783597050,100.0,4.93128,100.71835,0.0
EMU40,2987,1783597049,106.0,6.311633,100.34504,0.0
EMU33,2917,1783597029,0.0,4.809137,100.741776,0.0
DMU10(D6120),60,1783597024,10.0,5.372203,102.031105,0.0
EMU39,2986,1783597024,115.0,5.62578,100.49338,0.0
EMU26,2982,1783597008,78.0,6.426383,100.27025,0.0
SCS25,weekday_2057,1783597134,16.0,3.145082,101.69239,0.0
SCS32,2984,1783597084,0.0,5.972707,100.440285,0.0
EMU33,2917,1783597083,108.0,4.797182,100.75089,0.0
DMU03,57,1783597116,8.0,5.372293,102.08497,0.0
EMU26,2982,1783597113,20.0,6.43207,100.26824,0.0
EMU22,2918,1783597065,101.0,4.93517,100.71939,0.0
EMU40,2987,1783597094,109.0,6.29953,100.347496,0.0
EMU39,2986,1783597084,50.0,5.640218,100.48959,0.0
SCS10,weekday_2166,1783597090,110.0,3.384353,101.62267,0.0
DMU10(D6120),60,1783597084,14.0,5.37464,102.03078,0.0
EMU29,2919,1783597134,117.0,5.152023,100.48138,0.0
EMU29,2919,1783597149,116.0,5.147598,100.48269,0.0
EMU26,2982,1783597143,44.0,6.43467,100.267395,0.0
SCS10,weekday_2166,1783597120,116.0,3.391797,101.62768,0.0
SCS27,weekday_2165,1783597169,61.0,3.034503,101.46022,0.0
SCS24,weekday_2049,1783597167,0.0,2.939125,101.78863,0.0
SCS25,weekday_2057,1783597149,20.0,3.144415,101.692955,0.0
DMU03,57,1783597146,9.0,5.373193,102.08452,0.0
SCS23,weekday_2178,1783597136,47.0,3.02204,101.412,0.0
DMU10(D6120),60,1783597114,16.0,5.376335,102.03117,0.0
SCS32,2984,1783597114,27.0,5.973107,100.44004,0.0
EMU39,2986,1783597114,0.0,5.64267,100.49003,0.0
EMU33,2917,1783597113,109.0,4.791683,100.75792,0.0
SCS10,weekday_2166,1783597225,98.0,3.420018,101.62469,0.0
EMU28,2988,1783597186,97.0,5.375033,100.39711,0.0
EMU40,2987,1783597184,108.0,6.27283,100.35294,0.0
SCS24,weekday_2049,1783597182,0.0,2.939125,101.78863,0.0
SCS25,weekday_2057,1783597224,11.0,3.140078,101.693855,0.0
SCS23,weekday_2178,1783597181,94.0,3.02847,101.41894,0.0
EMU26,2982,1783597218,115.0,6.451328,100.26165,0.0
SCS32,2984,1783597294,114.0,6.016782,100.41535,0.0
EMU39,2986,1783597288,114.0,5.669668,100.49461,0.0
EMU33,2917,1783597278,0.0,4.776625,100.799225,0.0
DMU03,57,1783597281,5.0,5.37424,102.08403,0.0
SCS10,weekday_2166,1783597270,111.0,3.430287,101.630684,0.0
SCS23,weekday_2178,1783597271,0.0,3.034572,101.425514,0.0
SCS24,weekday_2049,1783597272,76.0,2.933278,101.79456,0.0
EMU26,2982,1783597263,114.0,6.46433,100.25716,0.0
DMU10(D6120),60,1783597249,11.0,5.3814,102.03493,0.0
EMU40,2987,1783597244,110.0,6.256148,100.35635,0.0
EMU22,2918,1783597302,99.0,4.994718,100.73476,0.0
EMU26,2982,1783597353,117.0,6.491233,100.25348,0.0
EMU29,2919,1783597344,98.0,5.120965,100.488205,0.0
SCS23,weekday_2178,1783597316,32.0,3.03503,101.42601,0.0
EMU33,2917,1783597308,0.0,4.776625,100.799225,0.0
EMU39,2986,1783597303,112.0,5.673795,100.495316,0.0
SCS24,weekday_2049,1783597302,79.0,2.927028,101.79386,0.0
EMU22,2918,1783597302,99.0,4.994718,100.73476,0.0
SCS32,2984,1783597324,115.0,6.024642,100.41089,0.0
EMU28,2988,1783597366,0.0,5.36436,100.42182,0.0
DMU03,57,1783597356,4.0,5.37235,102.08506,0.0
EMU29,2919,1783597419,118.0,5.099022,100.49273,0.0
EMU33,2917,1783597413,104.0,4.77825,100.840866,0.0
EMU40,2987,1783597398,5.0,6.224757,100.36274,0.0
EMU22,2918,1783597392,98.0,5.016442,100.72838,0.0
SCS32,2984,1783597414,109.0,6.048128,100.39761,0.0
SCS24,weekday_2049,1783597392,62.0,2.90883,101.794655,0.0
SCS27,weekday_2165,1783597364,41.0,3.051917,101.477844,0.0
EMU28,2988,1783597411,44.0,5.363743,100.42348,0.0
EMU39,2986,1783597363,121.0,5.68978,100.50406,0.0
EMU26,2982,1783597398,112.0,6.505018,100.253654,0.0
SCS10,weekday_2166,1783597390,83.0,3.46053,101.638145,0.0
EMU29,2919,1783597462,115.0,5.086522,100.49668,0.0
DMU03,57,1783597461,0.0,5.371865,102.085266,0.0
EMU33,2917,1783597458,72.0,4.779145,100.85195,0.0
EMU40,2987,1783597458,81.0,6.216803,100.36437,0.0
SCS23,weekday_2178,1783597481,26.0,3.043623,101.43523,0.0
DMU10(D6120),60,1783597459,34.0,5.388755,102.04304,0.0
SCS10,weekday_2166,1783597480,0.0,3.469008,101.63784,0.0
SCS27,weekday_2165,1783597424,35.0,3.052582,101.48412,0.0
EMU26,2982,1783597420,0.0,6.511545,100.25479,0.0
SCS25,weekday_2057,1783597464,0.0,3.13555,101.68857,0.0
SCS23,weekday_2178,1783597541,11.0,3.045497,101.43733,0.0
EMU22,2918,1783597512,97.0,5.035888,100.70448,0.0
EMU26,2982,1783597512,0.0,6.523402,100.25683,0.0
EMU39,2986,1783597498,113.0,5.727168,100.51224,0.0
SCS25,weekday_2057,1783597479,0.0,3.13555,101.68857,0.0
EMU33,2917,1783597503,1.0,4.778032,100.85771,0.0
SCS24,weekday_2049,1783597497,22.0,2.905123,101.787125,0.0
SCS20,weekday_2059,1783597496,0.0,3.238392,101.68122,0.0
SCS10,weekday_2166,1783597495,0.0,3.469008,101.63784,0.0
DMU10(D6120),60,1783597489,12.0,5.390012,102.04481,0.0
DMU03,57,1783597476,0.0,5.371865,102.085266,0.0
EMU33,2917,1783597533,0.0,4.778025,100.85774,0.0
EMU39,2986,1783597543,118.0,5.739922,100.50732,0.0
EMU29,2919,1783597537,118.0,5.066153,100.50746,0.0
SCS20,weekday_2059,1783597536,0.0,3.238392,101.68122,0.0
DMU03,57,1783597536,0.0,5.371873,102.08537,0.0
SCS32,2984,1783597609,101.0,6.098298,100.36953,0.0
EMU40,2987,1783597608,32.0,6.18351,100.374725,0.0
EMU22,2918,1783597542,100.0,5.038242,100.69706,0.0
EMU28,2988,1783597606,0.0,5.366375,100.44785,0.0
DMU03,57,1783597656,0.0,5.371907,102.08528,0.0
SCS32,2984,1783597639,91.0,6.105218,100.366585,0.0
SCS20,weekday_2059,1783597636,62.0,3.231937,101.6763,0.0
EMU22,2918,1783597632,95.0,5.03921,100.67404,0.0
SCS24,weekday_2049,1783597632,65.0,2.89999,101.78472,0.0
EMU29,2919,1783597627,115.0,5.041603,100.52046,0.0
SCS10,weekday_2166,1783597615,88.0,3.491708,101.63553,0.0
SCS23,weekday_2178,1783597616,60.0,3.046723,101.44265,0.0
EMU40,2987,1783597653,0.0,6.182888,100.37511,0.0
SCS25,weekday_2057,1783597629,23.0,3.131935,101.682755,0.0
DMU10(D6120),60,1783597654,50.0,5.391037,102.05953,0.0
EMU33,2917,1783597653,111.0,4.771233,100.88057,0.0
SCS23,weekday_2178,1783597706,22.0,3.043118,101.45022,0.0
SCS10,weekday_2166,1783597705,0.0,3.500872,101.63409,0.0
EMU29,2919,1783597702,11.0,5.028952,100.52715,0.0
SCS25,weekday_2057,1783597689,18.0,3.128383,101.680275,0.0
DMU03,57,1783597686,0.0,5.371907,102.08528,0.0
EMU33,2917,1783597668,109.0,4.771408,100.8849,0.0
EMU28,2988,1783597666,0.0,5.366375,100.44785,0.0
SCS24,weekday_2049,1783597662,69.0,2.896063,101.78795,0.0
EMU26,2982,1783597662,115.0,6.5498,100.259834,0.0
EMU22,2918,1783597662,97.0,5.039147,100.66623,0.0
SCS32,2984,1783597684,30.0,6.112903,100.36955,0.0
EMU40,2987,1783597683,59.0,6.18088,100.376434,0.0
DMU10(D6120),60,1783597714,3.0,5.390215,102.06487,0.0
SCS32,2984,1783597714,0.0,6.113642,100.36985,0.0
EMU33,2917,1783597713,103.0,4.773228,100.89724,0.0
SCS25,weekday_2057,1783597734,19.0,3.126417,101.678795,0.0
EMU40,2987,1783597713,97.0,6.174723,100.37838,0.0
SCS23,weekday_2178,1783597751,0.0,3.042488,101.45137,0.0
EMU29,2919,1783597747,0.0,5.028837,100.52721,0.0
SCS10,weekday_2166,1783597750,69.0,3.503918,101.63364,0.0
SCS24,weekday_2049,1783597752,43.0,2.885502,101.80258,0.0
DMU03,57,1783597746,0.0,5.371907,102.08528,0.0
DMU10(D6120),60,1783597804,43.0,5.389967,102.069435,0.0
EMU33,2917,1783597803,89.0,4.775287,100.91835,0.0
EMU40,2987,1783597803,110.0,6.147958,100.38022,0.0
SCS24,weekday_2049,1783597797,23.0,2.884992,101.80663,0.0
DMU03,57,1783597776,0.0,5.371918,102.08518,0.0
EMU28,2988,1783597801,0.0,5.366347,100.448,0.0
SCS20,weekday_2059,1783597796,63.0,3.213075,101.67211,0.0
SCS32,2984,1783597849,116.0,6.13604,100.380005,0.0
SCS23,weekday_2178,1783597811,4.0,3.04264,101.45113,0.0
SCS10,weekday_2166,1783597810,92.0,3.515673,101.62933,0.0
SCS10,weekday_2166,1783597840,87.0,3.522682,101.62922,0.0
EMU33,2917,1783597883,18.0,4.776253,100.931946,0.0
EMU29,2919,1783597882,118.0,5.021883,100.55094,0.0
EMU22,2918,1783597890,95.0,5.043917,100.60781,0.0
SCS25,weekday_2057,1783597884,0.0,3.118255,101.67893,0.0
SCS20,weekday_2059,1783597876,0.0,3.205348,101.67528,0.0
DMU03,57,1783597881,0.0,5.37189,102.08527,0.0
DMU10(D6120),60,1783597879,29.0,5.389945,102.07513,0.0
SCS32,2984,1783597879,114.0,6.145042,100.380424,0.0
EMU40,2987,1783597878,112.0,6.127307,100.37613,0.0
EMU28,2988,1783597876,0.0,5.366265,100.44804,0.0
SCS23,weekday_2178,1783597841,6.0,3.043037,101.450485,0.0
EMU22,2918,1783597920,99.0,5.044488,100.60004,0.0
EMU26,2982,1783597917,115.0,6.625383,100.26701,0.0
EMU33,2917,1783597913,0.0,4.776478,100.93235,0.0
SCS25,weekday_2057,1783597914,0.0,3.118255,101.67893,0.0
EMU29,2919,1783597897,118.0,5.0245,100.55479,0.0
SCS20,weekday_2059,1783597896,0.0,3.205348,101.67528,0.0
EMU28,2988,1783597921,45.0,5.365775,100.45154,0.0
SCS10,weekday_2166,1783597930,89.0,3.542258,101.63611,0.0
DMU03,57,1783597926,0.0,5.371853,102.08537,0.0
DMU10(D6120),60,1783597924,51.0,5.386062,102.078384,0.0
SCS32,2984,1783597924,113.0,6.15847,100.37952,0.0
EMU40,2987,1783597923,73.0,6.117215,100.37154,0.0
EMU39,2986,1783598031,103.0,5.841493,100.47685,0.0
SCS20,weekday_2059,1783598016,0.0,3.198773,101.68085,0.0
DMU03,57,1783598016,4.0,5.37184,102.08537,0.0
EMU26,2982,1783597977,115.0,6.637053,100.28078,0.0
SCS32,2984,1783597984,100.0,6.175712,100.378265,0.0
SCS23,weekday_2178,1783597976,0.0,3.044035,101.447655,0.0
EMU40,2987,1783597983,0.0,6.112742,100.3695,0.0
EMU29,2919,1783597972,117.0,5.037113,100.573524,0.0
DMU10(D6120),60,1783597984,28.0,5.378308,102.08207,0.0
SCS32,2984,1783598044,8.0,6.183717,100.37455,0.0
EMU40,2987,1783598043,72.0,6.108885,100.36776,0.0
SCS20,weekday_2059,1783598056,4.0,3.198773,101.68085,0.0
EMU22,2918,1783598055,100.0,5.03329,100.5679,0.0
SCS24,weekday_2049,1783598022,27.0,2.861598,101.819916,0.0
DMU03,57,1783598061,0.0,5.37183,102.08539,0.0
EMU28,2988,1783598053,44.0,5.357103,100.46499,0.0
SCS23,weekday_2178,1783598051,0.0,3.044035,101.447655,0.0
EMU33,2917,1783598048,110.0,4.798765,100.93918,0.0
EMU39,2986,1783598046,101.0,5.845545,100.47684,0.0
DMU10(D6120),60,1783598029,19.0,5.37632,102.08296,0.0
EMU29,2919,1783598032,115.0,5.044993,100.58985,0.0
EMU26,2982,1783598022,109.0,6.644962,100.29143,0.0
SCS10,weekday_2166,1783598095,95.0,3.559782,101.63512,0.0
SCS32,2984,1783598134,97.0,6.189188,100.37097,0.0
DMU10(D6120),60,1783598134,7.0,5.372378,102.08502,0.0
EMU22,2918,1783598145,95.0,5.02041,100.548775,0.0
SCS24,weekday_2049,1783598097,82.0,2.847103,101.824066,0.0
EMU29,2919,1783598122,119.0,5.043228,100.617455,0.0
SCS25,weekday_2057,1783598124,74.0,3.114382,101.68059,0.0
EMU33,2917,1783598123,117.0,4.816352,100.95167,0.0
EMU39,2986,1783598121,116.0,5.868015,100.47689,0.0
DMU03,57,1783598121,0.0,5.371938,102.085304,0.0
SCS23,weekday_2178,1783598096,0.0,3.044035,101.447655,0.0
SCS20,weekday_2059,1783598076,68.0,3.197028,101.68231,0.0
EMU22,2918,1783598190,99.0,5.01899,100.537384,0.0
DMU10(D6120),60,1783598194,0.0,5.37194,102.085175,0.0
SCS32,2984,1783598194,115.0,6.20649,100.36647,0.0
EMU40,2987,1783598193,113.0,6.070427,100.384995,0.0
EMU29,2919,1783598167,116.0,5.04221,100.63125,0.0
SCS23,weekday_2178,1783598186,10.0,3.042918,101.4505,0.0
EMU33,2917,1783598138,114.0,4.820938,100.95159,0.0
SCS20,weekday_2059,1783598176,45.0,3.18613,101.6901,0.0
SCS10,weekday_2166,1783598140,96.0,3.564167,101.62482,0.0
EMU39,2986,1783598211,116.0,5.895422,100.47561,0.0
SCS23,weekday_2178,1783598201,3.0,3.042637,101.45097,0.0
EMU29,2919,1783598197,119.0,5.04154,100.64051,0.0
SCS32,2984,1783598224,114.0,6.215338,100.36467,0.0
DMU10(D6120),60,1783598224,5.0,5.371937,102.085236,0.0
EMU40,2987,1783598223,115.0,6.062648,100.389435,0.0
EMU22,2918,1783598220,78.0,5.022698,100.53112,0.0
SCS24,weekday_2049,1783598217,18.0,2.834632,101.827644,0.0
SCS20,weekday_2059,1783598216,0.0,3.183813,101.68925,0.0
SCS25,weekday_2057,1783598214,75.0,3.104693,101.69734,0.0
EMU33,2917,1783598213,114.0,4.837317,100.962906,0.0
DMU03,57,1783598241,0.0,5.371938,102.085304,0.0
SCS10,weekday_2166,1783598200,98.0,3.574553,101.613846,0.0
SCS25,weekday_2057,1783598274,30.0,3.099422,101.70391,0.0
SCS24,weekday_2049,1783598277,16.0,2.830995,101.82696,0.0
EMU28,2988,1783598308,117.0,5.420788,100.47924,0.0
SCS10,weekday_2166,1783598305,92.0,3.598708,101.60072,0.0
SCS20,weekday_2059,1783598296,0.0,3.182682,101.68891,0.0
EMU22,2918,1783598295,0.0,5.028695,100.527214,0.0
EMU33,2917,1783598303,111.0,4.844468,100.9882,0.0
DMU03,57,1783598286,0.0,5.371938,102.085304,0.0
EMU39,2986,1783598286,115.0,5.916807,100.4674,0.0
SCS23,weekday_2178,1783598291,0.0,3.042317,101.45143,0.0
EMU28,2988,1783598323,117.0,5.424643,100.48177,0.0
SCS32,2984,1783598359,113.0,6.254618,100.35667,0.0
DMU03,57,1783598316,0.0,5.371938,102.085304,0.0
EMU39,2986,1783598361,113.0,5.938087,100.45921,0.0
EMU29,2919,1783598360,117.0,5.039388,100.690346,0.0
DMU10(D6120),60,1783598359,37.0,5.364622,102.08939,0.0
SCS24,weekday_2049,1783598322,0.0,2.829912,101.82669,0.0
SCS10,weekday_2166,1783598320,99.0,3.599515,101.59708,0.0
SCS32,2984,1783598434,114.0,6.276817,100.35215,0.0
DMU03,57,1783598406,0.0,5.371938,102.085304,0.0
EMU33,2917,1783598408,111.0,4.837435,101.017715,0.0
EMU39,2986,1783598406,110.0,5.950065,100.45302,0.0
EMU22,2918,1783598430,99.0,5.051225,100.515305,0.0
EMU28,2988,1783598383,116.0,5.441257,100.49019,0.0
SCS24,weekday_2049,1783598382,0.0,2.829912,101.82669,0.0
SCS32,2984,1783598434,114.0,6.276817,100.35215,0.0
SCS20,weekday_2059,1783598476,0.0,3.174348,101.68502,0.0
EMU22,2918,1783598475,98.0,5.061633,100.509796,0.0
EMU29,2919,1783598465,116.0,5.026212,100.71911,0.0
EMU33,2917,1783598438,110.0,4.83076,101.023575,0.0
DMU03,57,1783598436,0.0,5.371938,102.085304,0.0
EMU39,2986,1783598436,116.0,5.957815,100.44862,0.0
SCS20,weekday_2059,1783598516,0.0,3.174348,101.68502,0.0
EMU22,2918,1783598505,101.0,5.068565,100.506134,0.0
DMU03,57,1783598496,6.0,5.372223,102.08511,0.0
EMU39,2986,1783598496,46.0,5.97029,100.44157,0.0
SCS32,2984,1783598494,115.0,6.294538,100.34853,0.0
SCS23,weekday_2178,1783598546,24.0,3.038458,101.45441,0.0
SCS10,weekday_2166,1783598545,113.0,3.647667,101.55161,0.0
DMU10(D6120),60,1783598509,51.0,5.360403,102.10045,0.0
EMU28,2988,1783598503,88.0,5.476815,100.49656,0.0
SCS32,2984,1783598599,114.0,6.323757,100.33797,0.0
DMU03,57,1783598586,17.0,5.375378,102.083435,0.0
EMU39,2986,1783598571,43.0,5.972902,100.4401,0.0
SCS20,weekday_2059,1783598556,20.0,3.173107,101.68481,0.0
EMU22,2918,1783598595,97.0,5.08932,100.49516,0.0
EMU29,2919,1783598615,119.0,4.985623,100.73354,0.0
EMU40,2987,1783598599,59.0,5.973722,100.439674,0.0
DMU10(D6120),60,1783598599,46.0,5.354907,102.111664,0.0
EMU33,2917,1783598598,87.0,4.822385,101.0652,0.0
SCS10,weekday_2166,1783598590,106.0,3.656053,101.54176,0.0
SCS10,weekday_2166,1783598635,98.0,3.665602,101.5345,0.0
DMU03,57,1783598646,30.0,5.379707,102.08133,0.0
EMU29,2919,1783598645,118.0,4.97653,100.73148,0.0
SCS32,2984,1783598674,109.0,6.341768,100.324486,0.0
EMU33,2917,1783598673,0.0,4.818538,101.071396,0.0
SCS23,weekday_2178,1783598666,25.0,3.035478,101.469925,0.0
EMU40,2987,1783598659,1.0,5.9717,100.44081,0.0
DMU10(D6120),60,1783598659,23.0,5.350847,102.11659,0.0
SCS24,weekday_2049,1783598652,89.0,2.819305,101.81768,0.0
SCS25,weekday_2057,1783598649,0.0,3.097778,101.706024,0.0
EMU39,2986,1783598646,115.0,5.98869,100.43117,0.0
EMU29,2919,1783598690,117.0,4.96329,100.727066,0.0
EMU40,2987,1783598689,63.0,5.969108,100.44228,0.0
EMU39,2986,1783598676,115.0,5.996647,100.426674,0.0
DMU10(D6120),60,1783598689,31.0,5.34874,102.11733,0.0
DMU03,57,1783598736,38.0,5.389068,102.076485,0.0
SCS24,weekday_2049,1783598697,74.0,2.813638,101.81039,0.0
SCS10,weekday_2166,1783598695,44.0,3.675832,101.52742,0.0
EMU39,2986,1783598736,119.0,6.01263,100.41765,0.0
SCS25,weekday_2057,1783598739,0.0,3.097778,101.706024,0.0
DMU03,57,1783598736,38.0,5.389068,102.076485,0.0
SCS32,2984,1783598794,71.0,6.366097,100.30633,0.0
EMU33,2917,1783598793,112.0,4.806433,101.08244,0.0
EMU22,2918,1783598792,2.0,5.1308,100.486115,0.0
EMU40,2987,1783598794,114.0,5.943662,100.45665,0.0
DMU10(D6120),60,1783598794,48.0,5.335502,102.119194,0.0
EMU29,2919,1783598736,119.0,4.949807,100.72331,0.0
SCS20,weekday_2059,1783598855,0.0,3.154823,101.69324,0.0
SCS32,2984,1783598854,0.0,6.37135,100.302414,0.0
EMU33,2917,1783598853,116.0,4.792733,101.09394,0.0
EMU28,2988,1783598851,118.0,5.55244,100.49974,0.0
EMU39,2986,1783598811,115.0,6.032238,100.40656,0.0
DMU03,57,1783598811,35.0,5.389987,102.068214,0.0
EMU29,2919,1783598811,117.0,4.927382,100.717316,0.0
SCS25,weekday_2057,1783598799,0.0,3.097778,101.706024,0.0
SCS25,weekday_2057,1783598919,0.0,3.097778,101.706024,0.0
EMU33,2917,1783598913,117.0,4.77737,101.10303,0.0
EMU28,2988,1783598911,116.0,5.570663,100.49675,0.0
SCS23,weekday_2178,1783598891,46.0,3.048133,101.473526,0.0
EMU40,2987,1783598884,115.0,5.918962,100.46655,0.0
DMU10(D6120),60,1783598884,0.0,5.329485,102.12156,0.0
SCS32,2984,1783598914,70.0,6.37351,100.30082,0.0
EMU22,2918,1783598912,99.0,5.146877,100.48279,0.0
EMU22,2918,1783598972,70.0,5.161017,100.47981,0.0
SCS20,weekday_2059,1783598915,46.0,3.15103,101.69076,0.0
SCS32,2984,1783598974,116.0,6.386897,100.29078,0.0
SCS23,weekday_2178,1783598966,61.0,3.052657,101.48127,0.0
DMU03,57,1783598916,5.0,5.390332,102.06489,0.0
SCS25,weekday_2057,1783598919,0.0,3.097778,101.706024,0.0
SCS23,weekday_2178,1783599041,17.0,3.052422,101.48868,0.0
EMU40,2987,1783599004,112.0,5.884213,100.47696,0.0
SCS32,2984,1783599004,115.0,6.394182,100.285324,0.0
EMU22,2918,1783599002,46.0,5.165598,100.47969,0.0
SCS24,weekday_2049,1783598997,97.0,2.763643,101.80823,0.0
DMU03,57,1783598976,47.0,5.390935,102.05981,0.0
SCS20,weekday_2059,1783598975,20.0,3.145932,101.691666,0.0
DMU10(D6120),60,1783599049,11.0,5.318893,102.13147,0.0
EMU28,2988,1783599046,119.0,5.611773,100.49642,0.0
SCS32,2984,1783599064,114.0,6.409492,100.27607,0.0
EMU40,2987,1783599064,112.0,5.866652,100.476944,0.0
EMU33,2917,1783599063,118.0,4.73811,101.12168,0.0
DMU10(D6120),60,1783599079,8.0,5.31839,102.13251,0.0
DMU03,57,1783599051,40.0,5.393203,102.052,0.0
EMU22,2918,1783599107,49.0,5.171602,100.47961,0.0
EMU28,2988,1783599106,119.0,5.62927,100.49191,0.0
EMU29,2919,1783599066,87.0,4.88926,100.7202,0.0
SCS24,weekday_2049,1783599132,23.0,2.754173,101.826294,0.0
EMU29,2919,1783599126,114.0,4.872978,100.72461,0.0
SCS23,weekday_2178,1783599116,0.0,3.05229,101.493515,0.0
DMU10(D6120),60,1783599109,9.0,5.31781,102.13343,0.0
SCS20,weekday_2059,1783599115,4.0,3.140208,101.694,0.0
EMU33,2917,1783599138,113.0,4.71619,101.12282,0.0
EMU22,2918,1783599122,75.0,5.174232,100.47955,0.0
SCS32,2984,1783599139,73.0,6.428238,100.26961,0.0
EMU28,2988,1783599136,88.0,5.637178,100.48917,0.0
EMU39,2986,1783599164,0.0,6.112705,100.36952,0.0
EMU22,2918,1783599152,101.0,5.181502,100.47938,0.0
EMU29,2919,1783599156,105.0,4.865438,100.728455,0.0
SCS24,weekday_2049,1783599162,0.0,2.753893,101.82723,0.0
DMU03,57,1783599201,28.0,5.389023,102.043594,0.0
EMU33,2917,1783599198,112.0,4.70283,101.13461,0.0
EMU28,2988,1783599196,0.0,5.64319,100.49015,0.0
DMU10(D6120),60,1783599184,10.0,5.316635,102.13644,0.0
SCS32,2984,1783599244,26.0,6.433395,100.26783,0.0
EMU28,2988,1783599241,26.0,5.643775,100.49018,0.0
SCS23,weekday_2178,1783599236,38.0,3.051853,101.50056,0.0
SCS24,weekday_2049,1783599282,21.0,2.75226,101.83297,0.0
EMU22,2918,1783599347,96.0,5.22907,100.48947,0.0
EMU28,2988,1783599345,0.0,5.667665,100.49428,0.0
EMU39,2986,1783599344,114.0,6.14495,100.38042,0.0
SCS24,weekday_2049,1783599312,74.0,2.751283,101.83642,0.0
EMU40,2987,1783599311,67.0,5.820733,100.47826,0.0
SCS23,weekday_2178,1783599311,78.0,3.053608,101.51581,0.0
DMU10(D6120),60,1783599304,10.0,5.314758,102.14058,0.0
SCS32,2984,1783599304,111.0,6.444445,100.26403,0.0
EMU22,2918,1783599362,93.0,5.232735,100.48865,0.0
EMU40,2987,1783599371,108.0,5.8061,100.48039,0.0
EMU28,2988,1783599369,118.0,5.674575,100.49547,0.0
EMU29,2919,1783599381,114.0,4.832202,100.731735,0.0
SCS32,2984,1783599364,114.0,6.461707,100.258064,0.0
EMU33,2917,1783599363,114.0,4.660162,101.12594,0.0
DMU10(D6120),60,1783599394,29.0,5.310093,102.14376,0.0
EMU39,2986,1783599374,117.0,6.154077,100.37979,0.0
SCS20,weekday_2059,1783599335,0.0,3.134622,101.68721,0.0
EMU33,2917,1783599438,118.0,4.642412,101.11274,0.0
EMU22,2918,1783599437,93.0,5.251007,100.484566,0.0
SCS20,weekday_2059,1783599435,0.0,3.134622,101.68721,0.0
DMU10(D6120),60,1783599424,32.0,5.308282,102.14588,0.0
EMU29,2919,1783599426,118.0,4.820712,100.73875,0.0
SCS32,2984,1783599454,114.0,6.4881,100.25359,0.0
EMU39,2986,1783599449,86.0,6.175965,100.37822,0.0
SCS24,weekday_2049,1783599447,61.0,2.741867,101.869995,0.0
EMU40,2987,1783599446,115.0,5.784713,100.4881,0.0
SCS23,weekday_2178,1783599446,0.0,3.056823,101.525764,0.0
EMU28,2988,1783599444,117.0,5.694397,100.50726,0.0
SCS25,weekday_2058,1783599429,0.0,3.097778,101.706024,0.0
DMU03,57,1783599396,14.0,5.38059,102.03453,0.0
SCS32,2984,1783599454,114.0,6.4881,100.25359,0.0
EMU29,2919,1783599472,115.0,4.806925,100.742676,0.0
DMU03,57,1783599516,0.0,5.378967,102.03235,0.0
EMU40,2987,1783599461,114.0,5.780673,100.49003,0.0
EMU33,2917,1783599513,102.0,4.625312,101.09974,0.0
EMU33,2917,1783599528,101.0,4.622153,101.09725,0.0
EMU22,2918,1783599587,39.0,5.284447,100.48012,0.0
EMU39,2986,1783599584,83.0,6.187585,100.37199,0.0
SCS24,weekday_2049,1783599567,63.0,2.739517,101.87837,0.0
EMU40,2987,1783599566,113.0,5.751865,100.502686,0.0
DMU03,57,1783599561,6.0,5.374597,102.03128,0.0
DMU10(D6120),60,1783599559,0.0,5.307902,102.15707,0.0
EMU29,2919,1783599532,0.0,4.796035,100.752426,0.0
SCS32,2984,1783599529,92.0,6.50873,100.254364,0.0
EMU28,2988,1783599564,115.0,5.72983,100.51117,0.0
SCS20,weekday_2059,1783599555,0.0,3.134622,101.68721,0.0
SCS32,2984,1783599604,36.0,6.521983,100.25662,0.0
SCS20,weekday_2059,1783599595,0.0,3.134622,101.68721,0.0
SCS25,weekday_2058,1783599594,63.0,3.107703,101.693535,0.0
EMU33,2917,1783599648,63.0,4.610272,101.08029,0.0
EMU22,2918,1783599602,27.0,5.285727,100.48061,0.0
EMU33,2917,1783599648,63.0,4.610272,101.08029,0.0
SCS25,weekday_2058,1783599669,34.0,3.11269,101.68341,0.0
DMU03,57,1783599666,8.0,5.371522,102.03083,0.0
DMU10(D6120),60,1783599649,52.0,5.311207,102.16228,0.0
SCS23,weekday_2178,1783599641,58.0,3.071825,101.55223,0.0
SCS32,2984,1783599724,36.0,6.526258,100.25734,0.0
DMU10(D6120),60,1783599694,20.0,5.312603,102.16615,0.0
DMU03,57,1783599696,7.0,5.370815,102.03051,0.0
SCS23,weekday_2178,1783599746,0.0,3.07611,101.56011,0.0
SCS20,weekday_2059,1783599695,0.0,3.134622,101.68721,0.0
SCS32,2984,1783599769,95.0,6.53408,100.258705,0.0
EMU28,2988,1783599804,114.0,5.79702,100.48262,0.0
SCS25,weekday_2058,1783599789,41.0,3.115123,101.67995,0.0
EMU29,2919,1783599757,0.0,4.776663,100.79924,0.0
SCS20,weekday_2059,1783599755,0.0,3.134622,101.68721,0.0
EMU39,2986,1783599797,112.0,6.249053,100.35774,0.0
EMU22,2918,1783599795,101.0,5.31188,100.47516,0.0
DMU03,57,1783599786,8.0,5.368322,102.02713,0.0
EMU29,2919,1783599847,117.0,4.779267,100.84644,0.0
DMU03,57,1783599816,0.0,5.368403,102.0253,0.0
SCS32,2984,1783599889,114.0,6.568343,100.25911,0.0
SCS24,weekday_2049,1783599837,65.0,2.724018,101.92601,0.0
EMU39,2986,1783599887,115.0,6.275413,100.35236,0.0
SCS25,weekday_2058,1783599849,0.0,3.11787,101.67896,0.0
DMU03,57,1783599876,42.0,5.373802,102.02166,0.0
EMU39,2986,1783599887,115.0,6.275413,100.35236,0.0
SCS25,weekday_2058,1783599939,11.0,3.118347,101.67902,0.0
EMU39,2986,1783599992,111.0,6.306608,100.34597,0.0
EMU40,2987,1783599992,0.0,5.655977,100.492294,0.0
EMU22,2918,1783599990,97.0,5.35743,100.46333,0.0
SCS23,weekday_2178,1783599986,14.0,3.0765,101.56479,0.0
SCS32,2984,1783599949,114.0,6.585097,100.26253,0.0
EMU29,2919,1783599937,0.0,4.778167,100.85717,0.0
SCS24,weekday_2049,1783599972,18.0,2.718847,101.94051,0.0
EMU40,2987,1783600037,76.0,5.651318,100.49148,0.0
EMU39,2986,1783600037,117.0,6.319128,100.34137,0.0
EMU22,2918,1783600035,90.0,5.365235,100.45508,0.0
EMU29,2919,1783600042,17.0,4.778118,100.85744,0.0
SCS24,weekday_2049,1783600107,11.0,2.717537,101.942406,0.0
SCS23,weekday_2178,1783600106,46.0,3.080602,101.57294,0.0
SCS32,2984,1783600099,114.0,6.628923,100.26997,0.0
EMU39,2986,1783600097,116.0,6.33381,100.3304,0.0
EMU29,2919,1783600087,95.0,4.7764,100.86505,0.0
EMU28,2988,1783600056,107.0,5.842287,100.476875,0.0
EMU40,2987,1783600082,29.0,5.643783,100.49017,0.0
EMU22,2918,1783600065,49.0,5.366002,100.44969,0.0
EMU39,2986,1783600187,115.0,6.355858,100.31393,0.0
DMU10(D6120),60,1783600174,13.0,5.327012,102.19326,0.0
EMU22,2918,1783600170,64.0,5.366992,100.443054,0.0
SCS24,weekday_2049,1783600167,0.0,2.716153,101.944435,0.0
SCS23,weekday_2178,1783600166,30.0,3.081847,101.58073,0.0
EMU29,2919,1783600162,108.0,4.771545,100.88565,0.0
EMU28,2988,1783600161,117.0,5.874075,100.476944,0.0
DMU03,57,1783600146,0.0,5.376998,102.01001,0.0
SCS20,weekday_2059,1783600235,0.0,3.119272,101.678764,0.0
SCS32,2984,1783600219,90.0,6.649053,100.29821,0.0
EMU40,2987,1783600217,92.0,5.633573,100.49012,0.0
SCS24,weekday_2049,1783600242,90.0,2.710357,101.95137,0.0
SCS23,weekday_2178,1783600241,29.0,3.084587,101.5859,0.0
EMU39,2986,1783600239,73.0,6.367132,100.3055,0.0
EMU28,2988,1783600191,118.0,5.883423,100.476974,0.0
EMU22,2918,1783600230,91.0,5.362257,100.4296,0.0
SCS32,2984,1783600309,50.0,6.65787,100.31347,0.0
SCS24,weekday_2049,1783600287,82.0,2.702423,101.957275,0.0
DMU10(D6120),60,1783600294,34.0,5.3289,102.201836,0.0
SCS23,weekday_2178,1783600286,3.0,3.084627,101.58905,0.0
DMU03,57,1783600266,6.0,5.376427,102.009865,0.0
SCS32,2984,1783600339,7.0,6.65911,100.315636,0.0
SCS24,weekday_2049,1783600317,83.0,2.69905,101.963,0.0
SCS20,weekday_2059,1783600295,0.0,3.119272,101.678764,0.0
DMU10(D6120),60,1783600339,0.0,5.330063,102.20318,0.0
EMU29,2919,1783600319,93.0,4.774377,100.92635,0.0
SCS23,weekday_2178,1783600316,0.0,3.084622,101.58907,0.0
EMU40,2987,1783600307,117.0,5.6086,100.49569,0.0
EMU22,2918,1783600305,0.0,5.364625,100.42115,0.0
SCS25,weekday_2058,1783600299,0.0,3.132462,101.684,0.0
EMU39,2986,1783600299,0.0,6.370533,100.302956,0.0
SCS32,2984,1783600384,2.0,6.659497,100.31618,0.0
DMU10(D6120),60,1783600414,47.0,5.332828,102.206345,0.0
SCS24,weekday_2049,1783600392,20.0,2.690852,101.97164,0.0
SCS20,weekday_2059,1783600375,70.0,3.113203,101.68211,0.0
EMU39,2986,1783600374,103.0,6.379215,100.296486,0.0
DMU03,57,1783600371,18.0,5.37189,102.00833,0.0
EMU40,2987,1783600382,111.0,5.586987,100.494064,0.0
EMU22,2918,1783600380,97.0,5.36812,100.41209,0.0
EMU29,2919,1783600379,0.0,4.77621,100.93177,0.0
EMU29,2919,1783600424,44.0,4.776882,100.93315,0.0
EMU28,2988,1783600416,115.0,5.948418,100.45393,0.0
DMU03,57,1783600431,32.0,5.36689,102.00815,0.0
EMU40,2987,1783600487,109.0,5.555775,100.49913,0.0
SCS20,weekday_2059,1783600415,74.0,3.110762,101.6898,0.0
DMU10(D6120),60,1783600459,54.0,5.335305,102.212,0.0
EMU22,2918,1783600455,94.0,5.376307,100.39467,0.0
EMU39,2986,1783600419,117.0,6.390103,100.28833,0.0
SCS25,weekday_2058,1783600419,16.0,3.136275,101.69022,0.0
EMU29,2919,1783600514,116.0,4.798483,100.938965,0.0
SCS24,weekday_2049,1783600512,77.0,2.683838,101.97472,0.0
DMU03,57,1783600506,37.0,5.359695,102.008064,0.0
EMU22,2918,1783600515,84.0,5.382948,100.38213,0.0
SCS23,weekday_2178,1783600511,0.0,3.084622,101.58907,0.0
EMU40,2987,1783600502,107.0,5.551565,100.49985,0.0
DMU10(D6120),60,1783600519,52.0,5.338035,102.2196,0.0
SCS25,weekday_2058,1783600479,18.0,3.137643,101.6926,0.0
EMU22,2918,1783600575,29.0,5.38685,100.37449,0.0
SCS23,weekday_2178,1783600586,8.0,3.08458,101.58915,0.0
SCS25,weekday_2058,1783600584,0.0,3.138858,101.693405,0.0
EMU39,2986,1783600584,37.0,6.430373,100.26879,0.0
EMU29,2919,1783600574,118.0,4.81223,100.950935,0.0
EMU28,2988,1783600581,23.0,5.972637,100.440254,0.0
DMU03,57,1783600641,47.0,5.343253,102.01316,0.0
DMU10(D6120),60,1783600624,71.0,5.354242,102.22467,0.0
EMU40,2987,1783600607,96.0,5.523802,100.507225,0.0
EMU39,2986,1783600659,31.0,6.432487,100.26809,0.0
SCS25,weekday_2058,1783600659,17.0,3.142962,101.69376,0.0
DMU10(D6120),60,1783600699,52.0,5.366782,102.2261,0.0
EMU28,2988,1783600671,114.0,5.99101,100.42987,0.0
SCS23,weekday_2178,1783600721,71.0,3.08284,101.60577,0.0
DMU03,57,1783600701,33.0,5.336027,102.01589,0.0
EMU40,2987,1783600697,96.0,5.500745,100.502975,0.0
EMU22,2918,1783600695,21.0,5.39017,100.370445,0.0
EMU29,2919,1783600694,118.0,4.83965,100.96884,0.0
SCS24,weekday_2049,1783600707,0.0,2.660255,101.99653,0.0
EMU22,2918,1783600785,4.0,5.393375,100.36642,0.0
EMU29,2919,1783600784,117.0,4.845488,100.995865,0.0
DMU10(D6120),60,1783600744,51.0,5.37136,102.22894,0.0
EMU39,2986,1783600749,113.0,6.452682,100.26112,0.0
EMU28,2988,1783600731,117.0,6.00671,100.42099,0.0
DMU03,57,1783600731,51.0,5.332245,102.01726,0.0
SCS25,weekday_2058,1783600809,0.0,3.15377,101.6923,0.0
EMU22,2918,1783600785,4.0,5.393375,100.36642,0.0
EMU40,2987,1783600793,25.0,5.482145,100.498085,0.0
EMU28,2988,1783600806,117.0,6.026603,100.40975,0.0
DMU03,57,1783600806,31.0,5.323588,102.01984,0.0
DMU10(D6120),60,1783600774,58.0,5.374648,102.2319,0.0
SCS24,weekday_2049,1783600797,60.0,2.658,102.00144,0.0
EMU39,2986,1783600794,114.0,6.465658,100.25663,0.0
EMU29,2919,1783600814,117.0,4.843072,101.00471,0.0
SCS23,weekday_2178,1783600826,23.0,3.083338,101.61256,0.0
EMU28,2988,1783600851,113.0,6.038392,100.40308,0.0
DMU10(D6120),60,1783600849,48.0,5.385503,102.232445,0.0
SCS24,weekday_2049,1783600947,97.0,2.646688,102.030754,0.0
SCS23,weekday_2178,1783600946,1.0,3.08458,101.62266,0.0
EMU39,2986,1783600966,88.0,6.515082,100.25544,0.0
EMU29,2919,1783600964,116.0,4.824267,101.04395,0.0
DMU03,57,1783600941,38.0,5.307927,102.0219,0.0
EMU28,2988,1783600944,118.0,6.062803,100.38929,0.0
DMU10(D6120),60,1783600939,12.0,5.391043,102.23203,0.0
DMU03,57,1783600986,21.0,5.304027,102.022545,0.0
EMU28,2988,1783601019,120.0,6.083098,100.37811,0.0
DMU10(D6120),60,1783600954,5.0,5.391513,102.23208,0.0
EMU39,2986,1783601011,35.0,6.521972,100.25658,0.0
EMU40,2987,1783600988,100.0,5.450282,100.492645,0.0
SCS24,weekday_2049,1783601067,113.0,2.633315,102.059875,0.0
DMU03,57,1783601016,21.0,5.30216,102.021576,0.0
EMU29,2919,1783601070,31.0,4.819323,101.07011,0.0
EMU28,2988,1783601064,110.0,6.095037,100.3713,0.0
SCS25,weekday_2058,1783601064,16.0,3.166665,101.68976,0.0
SCS23,weekday_2178,1783601066,5.0,3.084373,101.6328,0.0
EMU39,2986,1783601071,7.0,6.523525,100.25683,0.0
EMU29,2919,1783601130,11.0,4.818685,101.07112,0.0
DMU10(D6120),60,1783601119,21.0,5.39791,102.23212,0.0
EMU40,2987,1783601108,111.0,5.419862,100.47867,0.0
SCS26,weekday_2063,1783601150,22.0,3.237357,101.681175,0.0
DMU03,57,1783601136,21.0,5.29908,102.01938,0.0
EMU39,2986,1783601131,98.0,6.533493,100.25856,0.0
EMU39,2986,1783601191,117.0,6.550817,100.25974,0.0
EMU29,2919,1783601190,104.0,4.810863,101.0793,0.0
SCS23,weekday_2178,1783601186,72.0,3.0819,101.64916,0.0
EMU28,2988,1783601199,0.0,6.113233,100.36971,0.0
DMU10(D6120),60,1783601179,49.0,5.403952,102.23129,0.0
DMU03,57,1783601166,23.0,5.296873,102.01907,0.0
SCS25,weekday_2058,1783601154,17.0,3.169735,101.68556,0.0
SCS24,weekday_2049,1783601142,108.0,2.620875,102.07669,0.0
EMU40,2987,1783601153,119.0,5.407535,100.47343,0.0
EMU29,2919,1783601250,118.0,4.797393,101.09119,0.0
EMU40,2987,1783601258,101.0,5.37675,100.46899,0.0
EMU28,2988,1783601244,30.0,6.113963,100.37006,0.0
DMU10(D6120),60,1783601254,11.0,5.408432,102.23139,0.0
SCS26,weekday_2063,1783601300,62.0,3.219182,101.672424,0.0
SCS25,weekday_2058,1783601299,29.0,3.180398,101.688,0.0
EMU40,2987,1783601288,88.0,5.369262,100.46806,0.0
EMU39,2986,1783601281,113.0,6.57776,100.26133,0.0
EMU29,2919,1783601280,115.0,4.789523,101.095856,0.0
SCS24,weekday_2049,1783601277,20.0,2.593435,102.09444,0.0
DMU03,57,1783601271,17.0,5.29081,102.016624,0.0
EMU28,2988,1783601274,81.0,6.118307,100.372025,0.0
SCS23,weekday_2178,1783601276,4.0,3.083687,101.65707,0.0
EMU29,2919,1783601370,118.0,4.767838,101.11261,0.0
SCS24,weekday_2049,1783601367,0.0,2.592593,102.0949,0.0
EMU28,2988,1783601364,117.0,6.142453,100.38058,0.0
DMU10(D6120),60,1783601359,38.0,5.416687,102.23902,0.0
SCS26,weekday_2063,1783601315,37.0,3.217237,101.672325,0.0
SCS25,weekday_2058,1783601314,10.0,3.181297,101.68843,0.0
EMU40,2987,1783601348,51.0,5.358528,100.466705,0.0
SCS25,weekday_2058,1783601374,4.0,3.18156,101.688515,0.0
SCS24,weekday_2049,1783601442,95.0,2.583772,102.10021,0.0
DMU03,57,1783601421,18.0,5.291432,102.00728,0.0
SCS26,weekday_2063,1783601420,35.0,3.213032,101.67216,0.0
EMU28,2988,1783601379,118.0,6.147072,100.38027,0.0
SCS24,weekday_2049,1783601457,98.0,2.580478,102.10217,0.0
EMU28,2988,1783601454,115.0,6.169968,100.378685,0.0
DMU10(D6120),60,1783601494,51.0,5.430923,102.236336,0.0
EMU39,2986,1783601491,115.0,6.6351,100.27811,0.0
EMU29,2919,1783601490,117.0,4.73262,101.121895,0.0
SCS25,weekday_2058,1783601479,56.0,3.192067,101.6865,0.0
DMU03,57,1783601451,18.0,5.290417,102.00582,0.0
SCS26,weekday_2063,1783601450,52.0,3.209018,101.672516,0.0
SCS23,weekday_2178,1783601456,42.0,3.088807,101.669495,0.0
SCS23,weekday_2178,1783601531,0.0,3.096248,101.67005,0.0
EMU28,2988,1783601529,7.0,6.183283,100.37482,0.0
SCS25,weekday_2058,1783601554,0.0,3.197812,101.68162,0.0
EMU29,2919,1783601550,120.0,4.714137,101.123535,0.0
DMU10(D6120),60,1783601524,54.0,5.435587,102.23634,0.0
EMU40,2987,1783601517,0.0,5.366232,100.44771,0.0
SCS24,weekday_2049,1783601517,116.0,2.567002,102.1126,0.0
DMU03,57,1783601511,35.0,5.28699,102.005875,0.0
SCS26,weekday_2063,1783601510,0.0,3.205457,101.67526,0.0
EMU29,2919,1783601610,118.0,4.701165,101.136345,0.0
SCS26,weekday_2063,1783601570,47.0,3.204238,101.67628,0.0
SCS25,weekday_2058,1783601629,49.0,3.19981,101.6799,0.0
DMU10(D6120),60,1783601554,52.0,5.439325,102.23432,0.0
EMU40,2987,1783601637,75.0,5.36478,100.43656,0.0
DMU10(D6120),60,1783601629,27.0,5.448393,102.23102,0.0
EMU39,2986,1783601671,46.0,6.658252,100.31407,0.0
SCS24,weekday_2049,1783601667,110.0,2.540352,102.148285,0.0
SCS23,weekday_2178,1783601666,57.0,3.11148,101.67409,0.0
EMU28,2988,1783601664,119.0,6.203893,100.36699,0.0
SCS26,weekday_2063,1783601630,7.0,3.198922,101.680725,0.0
SCS25,weekday_2058,1783601659,39.0,3.203068,101.6771,0.0
DMU03,57,1783601616,43.0,5.276698,102.007385,0.0
SCS25,weekday_2058,1783601704,0.0,3.204295,101.676025,0.0
EMU39,2986,1783601731,20.0,6.66242,100.31933,0.0
EMU29,2919,1783601730,119.0,4.667942,101.13195,0.0
EMU40,2987,1783601712,40.0,5.364083,100.42251,0.0
SCS24,weekday_2049,1783601712,112.0,2.532342,102.15835,0.0
SCS23,weekday_2178,1783601711,0.0,3.11396,101.672966,0.0
EMU28,2988,1783601709,115.0,6.217513,100.36421,0.0
DMU03,57,1783601706,0.0,5.268248,102.00957,0.0
SCS26,weekday_2063,1783601705,46.0,3.197175,101.682205,0.0
DMU03,57,1783601736,0.0,5.26827,102.009705,0.0
EMU29,2919,1783601790,119.0,4.653182,101.120514,0.0
EMU40,2987,1783601787,44.0,5.365065,100.41997,0.0
EMU28,2988,1783601784,114.0,6.239533,100.35968,0.0
DMU10(D6120),60,1783601794,68.0,5.46847,102.22402,0.0
SCS25,weekday_2058,1783601794,31.0,3.212877,101.672134,0.0
SCS23,weekday_2178,1783601741,14.0,3.11425,101.67284,0.0
DMU03,57,1783601796,33.0,5.264547,102.00973,0.0
SCS26,weekday_2063,1783601795,42.0,3.187937,101.68933,0.0
SCS25,weekday_2058,1783601854,7.0,3.2139,101.67214,0.0
EMU29,2919,1783601850,118.0,4.638133,101.10951,0.0
EMU40,2987,1783601847,98.0,5.36995,100.40742,0.0
SCS26,weekday_2063,1783601855,4.0,3.182852,101.688934,0.0
EMU40,2987,1783601862,96.0,5.371427,100.403824,0.0
DMU03,57,1783601856,48.0,5.257873,102.0102,0.0
SCS25,weekday_2058,1783601923,44.0,3.223145,101.672585,0.0
EMU29,2919,1783601880,118.0,4.630673,101.103775,0.0
EMU28,2988,1783601879,116.0,6.267965,100.35391,0.0
SCS26,weekday_2054,1783601930,4.0,3.182607,101.68885,0.0
DMU03,57,1783601916,43.0,5.250335,102.00994,0.0
EMU29,2919,1783601970,79.0,4.611005,101.08996,0.0
EMU28,2988,1783601969,119.0,6.29522,100.34835,0.0
SCS23,weekday_2178,1783601966,0.0,3.123343,101.67689,0.0
DMU10(D6120),60,1783601974,63.0,5.49496,102.21565,0.0
SCS25,weekday_2058,1783601968,46.0,3.229152,101.67329,0.0
DMU03,57,1783602006,0.0,5.248788,102.00971,0.0
EMU40,2987,1783602012,11.0,5.38355,100.38102,0.0
SCS25,weekday_2058,1783601998,29.0,3.231087,101.6751,0.0
SCS26,weekday_2054,1783602005,31.0,3.177668,101.68667,0.0
EMU29,2919,1783602045,30.0,4.608168,101.07743,0.0
EMU28,2988,1783602044,115.0,6.317753,100.342354,0.0
EMU28,2988,1783602044,115.0,6.317753,100.342354,0.0
DMU03,57,1783602051,46.0,5.24459,102.00905,0.0
SCS26,weekday_2054,1783602035,18.0,3.17591,101.685616,0.0
DMU03,57,1783602141,36.0,5.232462,102.01005,0.0
DMU10(D6120),60,1783602139,63.0,5.521388,102.207054,0.0
SCS25,weekday_2058,1783602133,0.0,3.237062,101.68122,0.0
SCS24,weekday_2049,1783602207,38.0,2.470088,102.21354,0.0
EMU40,2987,1783602207,19.0,5.38911,100.37144,0.0
SCS23,weekday_2178,1783602206,19.0,3.123847,101.677475,0.0
EMU28,2988,1783602194,111.0,6.353563,100.3156,0.0
DMU10(D6120),60,1783602199,9.0,5.526202,102.20482,0.0
SCS25,weekday_2058,1783602193,0.0,3.237062,101.68122,0.0
DMU03,57,1783602186,0.0,5.230868,102.01024,0.0
SCS24,weekday_2049,1783602282,37.0,2.466665,102.2206,0.0
EMU29,2919,1783602285,0.0,4.59796,101.073296,0.0
DMU10(D6120),60,1783602274,10.0,5.528865,102.20354,0.0
DMU03,57,1783602291,41.0,5.223233,102.01138,0.0
EMU40,2987,1783602282,14.0,5.392197,100.36809,0.0
SCS23,weekday_2178,1783602250,0.0,3.125962,101.6785,0.0
DMU10(D6120),60,1783602334,0.0,5.53016,102.20288,0.0
SCS26,weekday_2054,1783602344,54.0,3.1597,101.69279,0.0
EMU29,2919,1783602330,0.0,4.59796,101.073296,0.0
SCS25,weekday_2058,1783602328,0.0,3.237062,101.68122,0.0
SCS24,weekday_2049,1783602327,29.0,2.464478,102.22474,0.0
EMU28,2988,1783602318,0.0,6.371022,100.302574,0.0
DMU03,57,1783602306,36.0,5.221553,102.01158,0.0
EMU29,2919,1783602345,0.0,4.59796,101.073296,0.0
DMU03,57,1783602381,23.0,5.214402,102.01254,0.0
SCS26,weekday_2054,1783602389,10.0,3.155032,101.69336,0.0
SCS25,weekday_2058,1783602388,0.0,3.237062,101.68122,0.0
SCS23,weekday_2178,1783602385,14.0,3.13196,101.683044,0.0
DMU10(D6120),60,1783602379,0.0,5.530192,102.20297,0.0
EMU28,2988,1783602378,75.0,6.37441,100.30003,0.0
EMU28,2988,1783602438,118.0,6.3876,100.29019,0.0
SCS26,weekday_2054,1783602419,0.0,3.154898,101.69329,0.0
DMU10(D6120),60,1783602454,9.0,5.53171,102.20218,0.0
DMU03,57,1783602441,0.0,5.213982,102.01248,0.0
EMU29,2919,1783602435,35.0,4.592988,101.07133,0.0
SCS23,weekday_2178,1783602505,0.0,3.132427,101.6833,0.0
EMU29,2919,1783602525,107.0,4.57726,101.065834,0.0
SCS26,weekday_2054,1783602479,42.0,3.15222,101.69129,0.0
DMU03,57,1783602456,7.0,5.21376,102.01248,0.0
EMU28,2988,1783602453,116.0,6.391297,100.28742,0.0
DMU10(D6120),60,1783602559,4.0,5.531113,102.20256,0.0
EMU28,2988,1783602558,111.0,6.418777,100.27281,0.0
EMU29,2919,1783602555,114.0,4.568958,101.0623,0.0
SCS23,weekday_2178,1783602550,0.0,3.132427,101.6833,0.0
SCS26,weekday_2054,1783602539,18.0,3.146902,101.69124,0.0
SCS25,weekday_2058,1783602538,0.0,3.237062,101.68122,0.0
DMU03,57,1783602531,43.0,5.205852,102.01264,0.0
DMU03,57,1783602636,62.0,5.191537,102.012184,0.0
DMU10(D6120),60,1783602634,0.0,5.530207,102.20296,0.0
EMU28,2988,1783602633,0.0,6.431982,100.268234,0.0
SCS23,weekday_2178,1783602595,0.0,3.132427,101.6833,0.0
SCS25,weekday_2058,1783602598,0.0,3.237062,101.68122,0.0
SCS25,weekday_2058,1783602703,0.0,3.237062,101.68122,0.0
SCS26,weekday_2063,1783602704,0.0,3.140342,101.69402,0.0
SCS23,weekday_2178,1783602700,11.0,3.137307,101.692085,0.0
DMU10(D6120),60,1783602664,0.0,5.530207,102.20296,0.0
EMU28,2988,1783602663,0.0,6.431982,100.268234,0.0
EMU28,2988,1783602753,104.0,6.443667,100.26425,0.0
DMU10(D6120),60,1783602739,0.0,5.530207,102.20296,0.0
SCS26,weekday_2063,1783602719,2.0,3.140143,101.694,0.0
SCS25,weekday_2058,1783602748,0.0,3.237062,101.68122,0.0
DMU03,57,1783602741,43.0,5.176248,102.0092,0.0
DMU10(D6120),60,1783602799,0.0,5.530207,102.20296,0.0
EMU28,2988,1783602798,117.0,6.45647,100.2598,0.0
SCS26,weekday_2063,1783602794,21.0,3.136917,101.69149,0.0
SCS25,weekday_2058,1783602793,0.0,3.237062,101.68122,0.0
SCS23,weekday_2178,1783602820,0.0,3.140075,101.69383,0.0
DMU03,57,1783602831,0.0,5.173838,102.00994,0.0
DMU10(D6120),60,1783602874,0.0,5.530185,102.202866,0.0
EMU28,2988,1783602873,114.0,6.47818,100.25365,0.0
DMU03,57,1783602831,0.0,5.173838,102.00994,0.0
SCS23,weekday_2178,1783602940,15.0,3.143962,101.693344,0.0
DMU03,57,1783602906,59.0,5.170928,102.01498,0.0
EMU28,2988,1783602933,113.0,6.496267,100.253365,0.0
DMU10(D6120),60,1783602904,0.0,5.530185,102.202866,0.0
SCS26,weekday_2063,1783602899,0.0,3.13477,101.68784,0.0
SCS25,weekday_2058,1783602898,0.0,3.237062,101.68122,0.0
SCS23,weekday_2178,1783602970,18.0,3.145273,101.6922,0.0
DMU03,57,1783602981,54.0,5.17288,102.02513,0.0
SCS26,weekday_2063,1783602959,0.0,3.13477,101.68784,0.0
SCS25,weekday_2058,1783602958,0.0,3.237062,101.68122,0.0
DMU03,57,1783603041,39.0,5.17233,102.0337,0.0
SCS23,weekday_2178,1783603060,13.0,3.154553,101.69301,0.0
DMU10(D6120),60,1783603054,0.0,5.53019,102.20277,0.0
DMU03,57,1783603086,47.0,5.168038,102.0372,0.0
SCS26,weekday_2063,1783603079,0.0,3.13477,101.68784,0.0
SCS25,weekday_2058,1783603063,0.0,3.237062,101.68122,0.0
DMU10(D6120),60,1783603069,0.0,5.53019,102.20277,0.0
EMU28,2988,1783603137,76.0,6.528698,100.25768,0.0
DMU03,57,1783603131,46.0,5.162308,102.037834,0.0
EMU28,2988,1783603212,117.0,6.549127,100.25981,0.0
SCS23,weekday_2178,1783603210,0.0,3.16605,101.69029,0.0
SCS26,weekday_2063,1783603199,14.0,3.128385,101.68021,0.0
SCS25,weekday_2058,1783603198,0.0,3.237062,101.68122,0.0
DMU03,57,1783603191,43.0,5.155708,102.041954,0.0
DMU10(D6120),60,1783603189,0.0,5.530192,102.20298,0.0
EMU28,2988,1783603287,110.0,6.571452,100.25925,0.0
DMU03,57,1783603266,0.0,5.15217,102.04374,0.0
SCS26,weekday_2063,1783603259,29.0,3.124997,101.67826,0.0
SCS26,weekday_2063,1783603349,0.0,3.119528,101.67858,0.0
SCS25,weekday_2058,1783603333,0.0,3.236977,101.68119,0.0
EMU28,2988,1783603317,115.0,6.580028,100.26194,0.0
DMU03,57,1783603311,31.0,5.149368,102.04446,0.0
SCS20,weekday_2062,1783603295,0.0,3.11388,101.681076,0.0
DMU10(D6120),60,1783603294,0.0,5.530192,102.20298,0.0
SCS26,weekday_2063,1783603379,0.0,3.119413,101.678635,0.0
SCS25,weekday_2058,1783603378,0.0,3.236977,101.68119,0.0
DMU03,57,1783603356,27.0,5.145843,102.04485,0.0
DMU10(D6120),60,1783603369,0.0,5.530192,102.20298,0.0
EMU28,2988,1783603392,119.0,6.603348,100.26323,0.0
DMU10(D6120),60,1783603459,0.0,5.530163,102.203125,0.0
SCS20,weekday_2062,1783603455,0.0,3.11916,101.67876,0.0
EMU28,2988,1783603452,115.0,6.621313,100.26537,0.0
SCS23,weekday_2178,1783603480,40.0,3.186163,101.66459,0.0
DMU10(D6120),60,1783603504,3.0,5.530413,102.20295,0.0
SCS26,weekday_2063,1783603499,0.0,3.119325,101.67886,0.0
SCS25,weekday_2058,1783603498,0.0,3.236977,101.68119,0.0
SCS23,weekday_2178,1783603525,0.0,3.186847,101.66362,0.0
DMU03,57,1783603506,0.0,5.143745,102.04546,0.0
DMU03,57,1783603551,0.0,5.143745,102.04546,0.0
DMU10(D6120),60,1783603609,30.0,5.534142,102.20102,0.0
SCS26,weekday_2063,1783603604,0.0,3.119262,101.67885,0.0
EMU28,2988,1783603602,101.0,6.649127,100.29835,0.0
SCS23,weekday_2178,1783603600,48.0,3.191153,101.65706,0.0
DMU03,57,1783603671,14.0,5.142985,102.04586,0.0
EMU28,2988,1783603647,65.0,6.653133,100.306526,0.0
DMU10(D6120),60,1783603624,40.0,5.535622,102.200325,0.0
SCS26,weekday_2063,1783603619,0.0,3.119262,101.67885,0.0
SCS25,weekday_2058,1783603618,0.0,3.236977,101.68119,0.0
SCS23,weekday_2178,1783603645,0.0,3.192242,101.654564,0.0
SCS20,weekday_2062,1783603675,22.0,3.127652,101.67963,0.0
DMU10(D6120),60,1783603699,67.0,5.546328,102.195404,0.0
SCS20,weekday_2062,1783603695,20.0,3.12872,101.68044,0.0
SCS23,weekday_2178,1783603690,0.0,3.192242,101.654564,0.0
SCS26,weekday_2063,1783603694,4.0,3.117077,101.67931,0.0
DMU03,57,1783603686,13.0,5.142328,102.04615,0.0
SCS23,weekday_2178,1783603735,6.0,3.192443,101.65411,0.0
DMU03,57,1783603731,9.0,5.140645,102.04692,0.0
SCS25,weekday_2058,1783603723,0.0,3.236977,101.68119,0.0
DMU10(D6120),60,1783603789,74.0,5.562713,102.19018,0.0
SCS20,weekday_2062,1783603775,23.0,3.131982,101.683,0.0
DMU10(D6120),60,1783603804,75.0,5.565358,102.18867,0.0
SCS26,weekday_2063,1783603799,42.0,3.110872,101.689735,0.0
SCS25,weekday_2058,1783603843,0.0,3.236977,101.68119,0.0
SCS20,weekday_2062,1783603835,0.0,3.132373,101.6835,0.0
SCS23,weekday_2178,1783603825,38.0,3.197478,101.64267,0.0
SCS20,weekday_2062,1783603895,0.0,3.132373,101.6835,0.0
DMU10(D6120),60,1783603894,76.0,5.583112,102.18443,0.0
SCS23,weekday_2178,1783603885,29.0,3.201212,101.63868,0.0
DMU03,57,1783603881,30.0,5.135117,102.05339,0.0
SCS26,weekday_2063,1783603859,45.0,3.106707,101.69489,0.0
DMU03,57,1783603896,32.0,5.133958,102.05424,0.0
DMU10(D6120),60,1783603969,58.0,5.594077,102.1766,0.0
SCS26,weekday_2063,1783603934,27.0,3.101798,101.70097,0.0
SCS20,weekday_2062,1783603935,0.0,3.132373,101.6835,0.0
SCS23,weekday_2178,1783603975,0.0,3.203173,101.63678,0.0
DMU03,57,1783603971,33.0,5.126597,102.058304,0.0
SCS20,weekday_2062,1783603995,0.0,3.132373,101.6835,0.0
SCS26,weekday_2063,1783603994,15.0,3.099633,101.70373,0.0
SCS23,weekday_2178,1783604080,0.0,3.203173,101.63678,0.0
SCS20,weekday_2062,1783604055,0.0,3.132373,101.6835,0.0
DMU10(D6120),60,1783604044,10.0,5.600965,102.175255,0.0
SCS32,2997,1783604149,0.0,6.66285,100.32027,0.0
SCS20,weekday_2062,1783604135,0.0,3.132373,101.6835,0.0
DMU10(D6120),60,1783604134,59.0,5.606577,102.16936,0.0
DMU03,57,1783604106,38.0,5.115858,102.06602,0.0
SCS26,weekday_2063,1783604099,0.0,3.098698,101.70499,0.0
SCS25,weekday_2058,1783604098,0.0,3.236977,101.68119,0.0
SCS23,weekday_2178,1783604125,0.0,3.203173,101.63678,0.0
SCS20,weekday_2062,1783604195,19.0,3.137678,101.69256,0.0
DMU10(D6120),60,1783604194,75.0,5.61761,102.16638,0.0
SCS26,weekday_2063,1783604174,0.0,3.098698,101.70499,0.0
SCS25,weekday_2058,1783604173,0.0,3.236977,101.68119,0.0
SCS23,weekday_2178,1783604155,0.0,3.203173,101.63678,0.0
DMU03,57,1783604241,55.0,5.102492,102.07302,0.0
SCS25,weekday_2058,1783604233,0.0,3.236977,101.68119,0.0
SCS26,weekday_2063,1783604204,0.0,3.098698,101.70499,0.0
SCS23,weekday_2178,1783604260,0.0,3.203173,101.63678,0.0
SCS20,weekday_2062,1783604255,0.0,3.140148,101.69386,0.0
DMU10(D6120),60,1783604254,82.0,5.62985,102.16307,0.0
SCS25,weekday_2058,1783604293,0.0,3.236977,101.68119,0.0
SCS32,2997,1783604269,39.0,6.658817,100.31513,0.0
SCS23,weekday_2178,1783604320,0.0,3.203173,101.63678,0.0
DMU03,57,1783604316,46.0,5.093223,102.0726,0.0
SCS20,weekday_2062,1783604315,14.0,3.142013,101.69404,0.0
DMU10(D6120),60,1783604314,76.0,5.641993,102.159584,0.0
SCS26,weekday_2063,1783604354,0.0,3.098698,101.70499,0.0
SCS20,weekday_2062,1783604355,20.0,3.144567,101.69291,0.0
SCS23,weekday_2178,1783604365,0.0,3.203173,101.63678,0.0
SCS32,2997,1783604374,87.0,6.650312,100.302414,0.0
DMU03,57,1783604361,37.0,5.088258,102.07287,0.0
DMU10(D6120),60,1783604359,78.0,5.651088,102.15808,0.0
DMU10(D6120),60,1783604389,69.0,5.656972,102.157005,0.0
SCS23,weekday_2178,1783604440,0.0,3.203173,101.63678,0.0
SCS32,2997,1783604404,113.0,6.647473,100.29487,0.0
SCS20,weekday_2062,1783604415,67.0,3.150008,101.690605,0.0
DMU03,57,1783604406,43.0,5.083567,102.07126,0.0
SCS23,weekday_2178,1783604485,0.0,3.203173,101.63678,0.0
SCS20,weekday_2062,1783604455,12.0,3.15455,101.69296,0.0
DMU03,57,1783604451,12.0,5.079523,102.0694,0.0
DMU10(D6120),60,1783604494,76.0,5.676063,102.15602,0.0
SCS32,2997,1783604494,114.0,6.631203,100.27302,0.0
SCS26,weekday_2063,1783604489,0.0,3.098698,101.70499,0.0
SCS25,weekday_2058,1783604488,0.0,3.236977,101.68119,0.0
DMU10(D6120),60,1783604509,79.0,5.679037,102.155075,0.0
DMU03,57,1783604556,22.0,5.077073,102.06894,0.0
SCS32,2997,1783604554,115.0,6.616135,100.26462,0.0
SCS25,weekday_2058,1783604518,0.0,3.236977,101.68119,0.0
SCS23,weekday_2178,1783604560,48.0,3.20742,101.63248,0.0
SCS26,weekday_2063,1783604519,0.0,3.098698,101.70499,0.0
SCS20,weekday_2062,1783604515,71.0,3.157205,101.69365,0.0
SCS32,2997,1783604629,114.0,6.593697,100.26322,0.0
DMU10(D6120),60,1783604629,10.0,5.699388,102.151985,0.0
SCS23,weekday_2178,1783604608,9.0,3.208757,101.627884,0.0
SCS20,weekday_2062,1783604595,0.0,3.166053,101.69031,0.0
SCS26,weekday_2063,1783604594,0.0,3.098698,101.70499,0.0
SCS25,weekday_2058,1783604593,0.0,3.236977,101.68119,0.0
SCS20,weekday_2062,1783604675,16.0,3.167537,101.68799,0.0
SCS32,2997,1783604674,116.0,6.580122,100.261986,0.0
SCS25,weekday_2058,1783604653,0.0,3.236977,101.68119,0.0
DMU10(D6120),60,1783604659,12.0,5.700552,102.1519,0.0
DMU03,57,1783604676,50.0,5.064225,102.069214,0.0
SCS26,weekday_2063,1783604639,0.0,3.098698,101.70499,0.0
SCS23,weekday_2178,1783604653,0.0,3.208752,101.62774,0.0
SCS20,weekday_2062,1783604715,18.0,3.168818,101.68612,0.0
DMU10(D6120),60,1783604704,7.0,5.702545,102.151886,0.0
SCS32,2997,1783604734,118.0,6.561962,100.25939,0.0
DMU03,57,1783604721,45.0,5.058108,102.06916,0.0
SCS26,weekday_2063,1783604714,0.0,3.098698,101.70499,0.0
SCS25,weekday_2058,1783604713,0.0,3.236977,101.68119,0.0
SCS32,2997,1783604794,115.0,6.543865,100.260086,0.0
DMU03,57,1783604781,29.0,5.051853,102.06757,0.0
SCS26,weekday_2063,1783604774,0.0,3.098698,101.70499,0.0
SCS25,weekday_2058,1783604773,35.0,3.234872,101.680084,0.0
SCS23,weekday_2178,1783604788,85.0,3.200398,101.60981,0.0
SCS20,weekday_2062,1783604775,22.0,3.17244,101.684746,0.0
DMU10(D6120),60,1783604779,5.0,5.703032,102.15188,0.0
SCS32,2997,1783604854,57.0,6.52964,100.257935,0.0
SCS23,weekday_2178,1783604848,80.0,3.200575,101.59685,0.0
SCS26,weekday_2063,1783604834,0.0,3.098698,101.70499,0.0
SCS25,weekday_2058,1783604803,67.0,3.232187,101.67661,0.0
DMU10(D6120),60,1783604854,27.0,5.706662,102.152,0.0
SCS25,weekday_2058,1783604923,0.0,3.213828,101.67211,0.0
SCS23,weekday_2178,1783604923,38.0,3.20365,101.585365,0.0
SCS32,2997,1783604899,16.0,6.524752,100.25716,0.0
DMU10(D6120),60,1783604914,74.0,5.716123,102.155685,0.0
SCS26,weekday_2063,1783604909,0.0,3.098698,101.70499,0.0
SCS23,weekday_2178,1783604983,24.0,3.20603,101.58044,0.0
SCS20,weekday_2062,1783604983,26.0,3.183333,101.68903,0.0
SCS25,weekday_2058,1783604983,0.0,3.213828,101.67211,0.0
SCS32,2997,1783604974,24.0,6.523778,100.25697,0.0
DMU10(D6120),60,1783604944,74.0,5.721685,102.15785,0.0
SCS26,weekday_2063,1783604969,0.0,3.098698,101.70499,0.0
SCS23,weekday_2178,1783605043,0.0,3.20629,101.579735,0.0
SCS20,weekday_2062,1783605023,40.0,3.186997,101.68985,0.0
SCS25,weekday_2058,1783605013,15.0,3.213378,101.672134,0.0
SCS32,2997,1783605034,117.0,6.510573,100.25468,0.0
DMU10(D6120),60,1783605034,75.0,5.738457,102.16054,0.0
SCS26,weekday_2063,1783604999,0.0,3.098698,101.70499,0.0
SCS32,2997,1783605049,114.0,6.506095,100.25392,0.0
SCS26,weekday_2063,1783605104,0.0,3.098698,101.70499,0.0
SCS25,weekday_2058,1783605103,8.0,3.204302,101.675995,0.0
SCS20,weekday_2062,1783605103,40.0,3.1966,101.682655,0.0
SCS23,weekday_2178,1783605088,2.0,3.20632,101.57967,0.0
DMU10(D6120),60,1783605094,76.0,5.750275,102.15715,0.0
SCS26,weekday_2063,1783605134,0.0,3.098698,101.70499,0.0
SCS25,weekday_2058,1783605133,0.0,3.204297,101.67604,0.0
SCS23,weekday_2178,1783605133,30.0,3.207137,101.57715,0.0
SCS32,2997,1783605154,114.0,6.474565,100.25393,0.0
DMU10(D6120),60,1783605124,77.0,5.7564,102.156075,0.0
DMU10(D6120),60,1783605169,41.0,5.761037,102.15172,0.0
DMU03,57,1783605216,0.0,5.033913,102.050476,0.0
SCS23,weekday_2178,1783605223,102.0,3.220077,101.565674,0.0
SCS32,2997,1783605199,115.0,6.461678,100.25808,0.0
SCS26,weekday_2063,1783605164,0.0,3.098698,101.70499,0.0
SCS20,weekday_2062,1783605163,0.0,3.198732,101.68079,0.0
SCS25,weekday_2058,1783605163,30.0,3.203665,101.676636,0.0
SCS25,weekday_2058,1783605283,48.0,3.196612,101.682655,0.0
SCS20,weekday_2062,1783605223,53.0,3.200937,101.67893,0.0
SCS32,2997,1783605274,91.0,6.44171,100.26496,0.0
SCS23,weekday_2178,1783605253,100.0,3.226703,101.5611,0.0
DMU03,57,1783605246,0.0,5.033932,102.050446,0.0
DMU10(D6120),60,1783605244,64.0,5.764283,102.14305,0.0
SCS26,weekday_2063,1783605239,0.0,3.098698,101.70499,0.0
SCS32,2997,1783605349,0.0,6.432488,100.26817,0.0
SCS26,weekday_2063,1783605329,0.0,3.098652,101.70506,0.0
SCS25,weekday_2058,1783605328,43.0,3.191967,101.68662,0.0
SCS20,weekday_2062,1783605323,15.0,3.205422,101.675125,0.0
DMU03,57,1783605321,0.0,5.033927,102.05055,0.0
DMU10(D6120),60,1783605304,87.0,5.7752,102.14233,0.0
SCS23,weekday_2178,1783605328,68.0,3.243665,101.56047,0.0
DMU03,57,1783605366,12.0,5.033418,102.04964,0.0
SCS20,weekday_2062,1783605393,20.0,3.214727,101.67215,0.0
SCS23,weekday_2178,1783605343,62.0,3.245957,101.55925,0.0
DMU10(D6120),60,1783605394,75.0,5.793963,102.14513,0.0
SCS32,2997,1783605394,8.0,6.43241,100.26822,0.0
DMU03,57,1783605441,28.0,5.030342,102.04481,0.0
DMU10(D6120),60,1783605454,38.0,5.803503,102.14622,0.0
SCS26,weekday_2063,1783605449,0.0,3.098652,101.70506,0.0
SCS25,weekday_2058,1783605448,0.0,3.182698,101.68888,0.0
SCS20,weekday_2062,1783605433,0.0,3.215092,101.6722,0.0
SCS32,2997,1783605409,41.0,6.431388,100.26859,0.0
SCS23,weekday_2178,1783605448,21.0,3.252337,101.555145,0.0
SCS32,2997,1783605514,115.0,6.404627,100.27789,0.0
DMU10(D6120),60,1783605469,27.0,5.804893,102.14643,0.0
SCS23,weekday_2178,1783605463,23.0,3.253315,101.554794,0.0
SCS20,weekday_2062,1783605513,65.0,3.226535,101.67273,0.0
DMU03,57,1783605486,32.0,5.026948,102.042076,0.0
SCS26,weekday_2063,1783605464,0.0,3.098652,101.70506,0.0
SCS25,weekday_2058,1783605463,13.0,3.182053,101.6886,0.0
SCS32,2997,1783605574,114.0,6.39001,100.28852,0.0
SCS20,weekday_2062,1783605553,35.0,3.230785,101.67473,0.0
SCS26,weekday_2063,1783605569,0.0,3.098652,101.70506,0.0
DMU03,57,1783605561,0.0,5.0246,102.03877,0.0
DMU10(D6120),60,1783605529,0.0,5.806372,102.14688,0.0
DMU10(D6120),60,1783605574,0.0,5.80636,102.14685,0.0
SCS20,weekday_2062,1783605573,37.0,3.231978,101.67633,0.0
SCS32,2997,1783605604,114.0,6.382767,100.29391,0.0
DMU03,57,1783605681,26.0,5.022295,102.034546,0.0
SCS32,2997,1783605679,16.0,6.371718,100.30217,0.0
SCS23,weekday_2178,1783605673,64.0,3.270757,101.55999,0.0
SCS20,weekday_2062,1783605673,0.0,3.238337,101.68122,0.0
DMU10(D6120),60,1783605679,75.0,5.818693,102.14826,0.0
SCS26,weekday_2067,1783605719,0.0,3.098652,101.70506,0.0
DMU03,57,1783605741,16.0,5.020487,102.03132,0.0
DMU10(D6120),60,1783605739,81.0,5.831315,102.149864,0.0
SCS32,2997,1783605709,0.0,6.371297,100.30249,0.0
SCS23,weekday_2178,1783605718,62.0,3.27769,101.56275,0.0
SCS23,weekday_2178,1783605808,69.0,3.290062,101.572334,0.0
SCS32,2997,1783605814,115.0,6.358,100.31243,0.0
DMU10(D6120),60,1783605814,85.0,5.848073,102.151886,0.0
SCS26,weekday_2067,1783605794,0.0,3.098652,101.70506,0.0
DMU03,57,1783605771,30.0,5.018797,102.03017,0.0
DMU03,57,1783605816,36.0,5.014105,102.02979,0.0
SCS32,2997,1783605934,114.0,6.329117,100.33397,0.0
SCS26,weekday_2067,1783605899,0.0,3.098652,101.70506,0.0
SCS23,weekday_2178,1783605898,59.0,3.307237,101.57495,0.0
DMU10(D6120),60,1783605904,83.0,5.868647,102.15445,0.0
SCS26,weekday_2067,1783605944,0.0,3.098652,101.70506,0.0
DMU10(D6120),60,1783605979,84.0,5.885302,102.15649,0.0
DMU10(D6120),60,1783606024,81.0,5.895253,102.157684,0.0
SCS32,2997,1783606054,114.0,6.296655,100.34811,0.0
DMU03,57,1783606041,55.0,4.994127,102.0187,0.0
DMU03,57,1783606116,51.0,4.984517,102.01522,0.0
SCS32,2997,1783606129,114.0,6.274515,100.352646,0.0
DMU10(D6120),60,1783606129,82.0,5.918048,102.15606,0.0
SCS23,weekday_2178,1783606153,40.0,3.326303,101.570305,0.0
DMU03,57,1783606176,50.0,4.97647,102.0134,0.0
SCS32,2997,1783606174,114.0,6.261227,100.35534,0.0
DMU10(D6120),60,1783606159,86.0,5.924762,102.15426,0.0
SCS26,weekday_2067,1783606154,0.0,3.098652,101.70506,0.0
DMU10(D6120),60,1783606234,80.0,5.94139,102.14978,0.0
SCS32,2997,1783606189,114.0,6.256805,100.356255,0.0
SCS02,weekday_2182,1783606238,0.0,3.132648,101.68366,0.0
DMU03,57,1783606236,45.0,4.969097,102.012146,0.0
SCS23,weekday_2178,1783606288,97.0,3.351047,101.57203,0.0
SCS02,weekday_2182,1783606253,0.0,3.132648,101.68366,0.0
DMU03,57,1783606251,49.0,4.967268,102.01172,0.0
DMU10(D6120),60,1783606249,78.0,5.944543,102.14895,0.0
SCS32,2997,1783606264,112.0,6.234847,100.36073,0.0
SCS32,2997,1783606354,114.0,6.208295,100.366165,0.0
DMU10(D6120),60,1783606354,49.0,5.964285,102.143906,0.0
SCS02,weekday_2182,1783606343,0.0,3.132648,101.68366,0.0
DMU03,57,1783606341,0.0,4.962632,102.01041,0.0
SCS26,weekday_2067,1783606334,0.0,3.098652,101.70506,0.0
SCS23,weekday_2178,1783606333,90.0,3.361555,101.57346,0.0
SCS02,weekday_2182,1783606418,0.0,3.132648,101.68366,0.0
DMU10(D6120),60,1783606399,0.0,5.96614,102.143745,0.0
DMU03,57,1783606386,30.0,4.961005,102.00982,0.0
SCS32,2997,1783606384,113.0,6.199512,100.36796,0.0
SCS26,weekday_2067,1783606424,0.0,3.098652,101.70506,0.0
SCS32,2997,1783606459,18.0,6.184458,100.3741,0.0
SCS02,weekday_2182,1783606463,0.0,3.132648,101.68366,0.0
DMU10(D6120),60,1783606459,34.0,5.96814,102.14369,0.0
SCS26,weekday_2067,1783606454,0.0,3.098652,101.70506,0.0
SCS23,weekday_2178,1783606453,114.0,3.367768,101.60413,0.0
DMU03,57,1783606446,38.0,4.955443,102.00767,0.0
SCS23,weekday_2178,1783606513,43.0,3.375688,101.61401,0.0
SCS32,2997,1783606534,34.0,6.18318,100.37505,0.0
SCS26,weekday_2067,1783606544,0.0,3.098652,101.70506,0.0
SCS02,weekday_2182,1783606508,16.0,3.138233,101.69297,0.0
DMU10(D6120),60,1783606489,66.0,5.97247,102.14343,0.0
DMU03,57,1783606506,47.0,4.948813,102.005226,0.0
SCS23,weekday_2178,1783606558,0.0,3.376522,101.6149,0.0
SCS02,weekday_2182,1783606598,0.0,3.138985,101.693306,0.0
DMU03,57,1783606596,62.0,4.935775,102.00411,0.0
SCS32,2997,1783606594,117.0,6.168882,100.37882,0.0
DMU10(D6120),60,1783606579,86.0,5.992847,102.14216,0.0
SCS26,weekday_2067,1783606574,0.0,3.098652,101.70506,0.0
DMU10(D6120),60,1783606624,81.0,6.002845,102.14155,0.0
SCS32,2997,1783606654,114.0,6.150745,100.38006,0.0
SCS26,weekday_2067,1783606649,0.0,3.098652,101.70506,0.0
SCS02,weekday_2182,1783606643,0.0,3.138985,101.693306,0.0
DMU03,57,1783606611,60.0,4.933485,102.00299,0.0
SCS23,weekday_2178,1783606603,88.0,3.380383,101.61873,0.0
SCS02,weekday_2182,1783606688,16.0,3.139328,101.69349,0.0
DMU03,57,1783606686,36.0,4.92616,101.99661,0.0
SCS32,2997,1783606714,114.0,6.133075,100.3788,0.0
DMU10(D6120),60,1783606714,69.0,6.020712,102.14029,0.0
SCS26,weekday_2067,1783606709,24.0,3.099925,101.703255,0.0
SCS23,weekday_2178,1783606708,107.0,3.407837,101.62794,0.0
SCS02,weekday_2182,1783606778,23.0,3.14457,101.69283,0.0
DMU03,57,1783606776,22.0,4.927843,101.98654,0.0
SCS26,weekday_2067,1783606754,39.0,3.102663,101.69994,0.0
DMU10(D6120),60,1783606744,67.0,6.026242,102.139984,0.0
SCS23,weekday_2178,1783606738,95.0,3.415602,101.6264,0.0
SCS32,2997,1783606729,115.0,6.128947,100.37692,0.0
SCS32,2997,1783606834,0.0,6.113568,100.369934,0.0
SCS26,weekday_2067,1783606814,50.0,3.107977,101.69328,0.0
SCS02,weekday_2182,1783606808,51.0,3.146408,101.691284,0.0
DMU03,57,1783606836,57.0,4.926307,101.98019,0.0
DMU10(D6120),60,1783606834,10.0,6.036888,102.13947,0.0
SCS23,weekday_2178,1783606828,114.0,3.436245,101.63541,0.0
SCS32,2997,1783606894,51.0,6.111872,100.36917,0.0
DMU10(D6120),60,1783606894,10.0,6.039153,102.140434,0.0
SCS26,weekday_2067,1783606874,51.0,3.112643,101.68597,0.0
SCS23,weekday_2178,1783606873,113.0,3.449012,101.63924,0.0
SCS02,weekday_2182,1783606898,0.0,3.153787,101.69232,0.0
DMU03,57,1783606911,63.0,4.914322,101.977936,0.0
DMU10(D6120),60,1783606954,12.0,6.041552,102.141754,0.0
SCS23,weekday_2178,1783606948,55.0,3.466733,101.63747,0.0
DMU03,57,1783606941,63.0,4.909662,101.975555,0.0
SCS26,weekday_2067,1783606919,12.0,3.1135,101.68155,0.0
SCS02,weekday_2182,1783606943,69.0,3.156322,101.693596,0.0
SCS32,2997,1783606954,113.0,6.098353,100.36953,0.0
SCS32,2997,1783607014,114.0,6.082528,100.37852,0.0
SCS02,weekday_2182,1783607003,18.0,3.164803,101.69142,0.0
DMU10(D6120),60,1783607014,1.0,6.042828,102.14236,0.0
SCS23,weekday_2178,1783607008,4.0,3.468993,101.63787,0.0
SCS26,weekday_2067,1783606994,4.0,3.11402,101.680916,0.0
SCS32,2997,1783607074,114.0,6.066708,100.38718,0.0
SCS23,weekday_2178,1783607083,113.0,3.484292,101.63904,0.0
SCS02,weekday_2182,1783607078,27.0,3.16556,101.690865,0.0
DMU03,57,1783607076,42.0,4.889007,101.971634,0.0
DMU10(D6120),60,1783607074,0.0,6.042952,102.14235,0.0
SCS26,weekday_2067,1783607054,0.0,3.116873,101.67935,0.0
SCS32,2997,1783607134,115.0,6.050978,100.39609,0.0
SCS02,weekday_2182,1783607108,67.0,3.168637,101.68622,0.0
SCS23,weekday_2178,1783607098,109.0,3.488225,101.63714,0.0
DMU10(D6120),60,1783607149,12.0,6.045267,102.14362,0.0
DMU03,57,1783607121,41.0,4.884592,101.96988,0.0
SCS26,weekday_2067,1783607114,0.0,3.119167,101.67874,0.0
SCS32,2997,1783607209,115.0,6.031533,100.407074,0.0
DMU03,57,1783607196,3.0,4.879058,101.96688,0.0
DMU10(D6120),60,1783607194,32.0,6.047623,102.144936,0.0
SCS02,weekday_2182,1783607183,87.0,3.179272,101.677,0.0
SCS26,weekday_2067,1783607174,4.0,3.119243,101.67882,0.0
SCS23,weekday_2178,1783607173,5.0,3.500903,101.63407,0.0
SCS32,2997,1783607254,115.0,6.019702,100.41376,0.0
DMU03,57,1783607241,0.0,4.879103,101.96685,0.0
SCS23,weekday_2178,1783607248,21.0,3.501255,101.63401,0.0
DMU10(D6120),60,1783607239,75.0,6.05406,102.148224,0.0
SCS02,weekday_2182,1783607198,95.0,3.181455,101.673935,0.0
DMU03,57,1783607301,0.0,4.879103,101.96685,0.0
DMU10(D6120),60,1783607314,81.0,6.067938,102.15562,0.0
SCS32,2997,1783607314,114.0,6.003973,100.42264,0.0
SCS26,weekday_2067,1783607309,18.0,3.126487,101.67881,0.0
SCS23,weekday_2178,1783607308,86.0,3.511602,101.63222,0.0
SCS02,weekday_2182,1783607288,0.0,3.186062,101.664566,0.0
SCS32,2997,1783607374,111.0,5.988372,100.43144,0.0
SCS23,weekday_2178,1783607368,94.0,3.525355,101.6296,0.0
SCS02,weekday_2182,1783607363,42.0,3.19103,101.65717,0.0
DMU10(D6120),60,1783607374,83.0,6.078918,102.16288,0.0
DMU03,57,1783607346,0.0,4.879025,101.966835,0.0
DMU10(D6120),60,1783607434,82.0,6.090127,102.17065,0.0
SCS26,weekday_2067,1783607384,17.0,3.129883,101.68137,0.0
SCS02,weekday_2182,1783607408,0.0,3.191685,101.65569,0.0
SCS23,weekday_2178,1783607383,96.0,3.528992,101.63051,0.0
SCS32,2997,1783607434,69.0,5.975715,100.43859,0.0
DMU10(D6120),60,1783607494,78.0,6.099585,102.17954,0.0
SCS02,weekday_2182,1783607483,66.0,3.195777,101.64645,0.0
SCS23,weekday_2178,1783607458,83.0,3.545665,101.63797,0.0
SCS32,2997,1783607494,0.0,5.972628,100.44035,0.0
SCS26,weekday_2067,1783607444,0.0,3.132173,101.68313,0.0
SCS02,weekday_2182,1783607513,40.0,3.197297,101.64287,0.0
SCS32,2997,1783607554,82.0,5.96881,100.442505,0.0
DMU10(D6120),60,1783607554,73.0,6.108025,102.1884,0.0
DMU10(D6120),60,1783607584,64.0,6.111645,102.19285,0.0
SCS26,weekday_2067,1783607594,0.0,3.132173,101.68313,0.0
SCS02,weekday_2182,1783607588,0.0,3.202162,101.63757,0.0
SCS32,2997,1783607629,115.0,5.949797,100.45324,0.0
SCS23,weekday_2178,1783607638,104.0,3.562813,101.627884,0.0
SCS02,weekday_2182,1783607678,46.0,3.205838,101.634155,0.0
DMU10(D6120),60,1783607674,22.0,6.116995,102.199455,0.0
SCS32,2997,1783607644,114.0,5.945858,100.45547,0.0
SCS26,weekday_2067,1783607714,9.0,3.139743,101.69368,0.0
SCS23,weekday_2178,1783607683,97.0,3.569315,101.61798,0.0
SCS32,2997,1783607749,114.0,5.916672,100.467476,0.0
DMU10(D6120),60,1783607734,0.0,6.118363,102.200874,0.0
SCS02,weekday_2182,1783607734,9.0,3.208467,101.6292,0.0
SCS02,weekday_2182,1783607794,42.0,3.208532,101.62781,0.0
SCS32,2997,1783607794,114.0,5.904048,100.47234,0.0
DMU10(D6120),60,1783607794,0.0,6.11853,102.20069,0.0
SCS26,weekday_2067,1783607774,0.0,3.140092,101.693794,0.0
DMU03,59,1783607766,29.0,4.878143,101.96635,0.0
SCS23,weekday_2178,1783607758,106.0,3.58688,101.609985,0.0
SCS32,2997,1783607854,114.0,5.886728,100.47702,0.0
DMU10(D6120),60,1783607839,0.0,6.118438,102.20072,0.0
SCS23,weekday_2178,1783607803,95.0,3.596867,101.60305,0.0
SCS26,weekday_2067,1783607804,12.0,3.140772,101.69396,0.0
DMU03,59,1783607841,54.0,4.868735,101.96503,0.0
SCS02,weekday_2182,1783607809,74.0,3.208545,101.62531,0.0
SCS32,2997,1783607914,114.0,5.86868,100.47698,0.0
DMU03,59,1783607901,74.0,4.858973,101.96936,0.0
SCS26,weekday_2067,1783607894,21.0,3.146227,101.691444,0.0
SCS02,weekday_2182,1783607929,89.0,3.200283,101.60305,0.0
DMU10(D6120),60,1783607899,18.0,6.120505,102.20255,0.0
SCS32,2997,1783607959,115.0,5.85516,100.47695,0.0
SCS02,weekday_2182,1783607959,82.0,3.200538,101.59671,0.0
SCS26,weekday_2067,1783607954,48.0,3.152737,101.69166,0.0
SCS23,weekday_2178,1783607938,115.0,3.619737,101.57369,0.0
DMU03,59,1783607946,70.0,4.852643,101.975655,0.0
SCS26,weekday_2067,1783607999,0.0,3.1547,101.693115,0.0
DMU03,59,1783608021,54.0,4.844778,101.9837,0.0
SCS23,weekday_2178,1783607998,113.0,3.633243,101.56188,0.0
SCS02,weekday_2182,1783607989,54.0,3.20148,101.590866,0.0
DMU10(D6120),60,1783607989,70.0,6.12626,102.20957,0.0
SCS32,2997,1783608049,71.0,5.829617,100.47759,0.0
DMU10(D6120),60,1783608094,67.0,6.13941,102.22537,0.0
SCS02,weekday_2182,1783608094,0.0,3.205847,101.5809,0.0
SCS32,2997,1783608094,8.0,5.825102,100.47799,0.0
DMU03,59,1783608081,31.0,4.839815,101.988846,0.0
SCS26,weekday_2067,1783608074,56.0,3.158053,101.6934,0.0
SCS23,weekday_2178,1783608073,113.0,3.650598,101.548,0.0
SCS23,weekday_2178,1783608133,101.0,3.663262,101.536156,0.0
SCS02,weekday_2182,1783608154,21.0,3.206215,101.57972,0.0
DMU10(D6120),60,1783608154,24.0,6.146968,102.22849,0.0
SCS32,2997,1783608154,18.0,5.824662,100.47805,0.0
DMU03,59,1783608156,33.0,4.837125,101.99559,0.0
SCS26,weekday_2067,1783608134,26.0,3.16538,101.69103,0.0
DMU10(D6120),60,1783608184,26.0,6.149072,102.22923,0.0
SCS02,weekday_2182,1783608184,50.0,3.207402,101.57664,0.0
DMU03,59,1783608216,54.0,4.835757,102.00243,0.0
SCS32,2997,1783608214,113.0,5.811643,100.47915,0.0
SCS26,weekday_2067,1783608179,0.0,3.166058,101.69029,0.0
SCS23,weekday_2178,1783608163,82.0,3.669107,101.53211,0.0
SCS32,2997,1783608259,115.0,5.798355,100.48236,0.0
SCS02,weekday_2182,1783608259,96.0,3.219853,101.565765,0.0
DMU03,59,1783608246,50.0,4.834657,102.00652,0.0
DMU10(D6120),60,1783608229,43.0,6.15351,102.228935,0.0
SCS26,weekday_2063,1783608269,17.0,3.167802,101.68741,0.0
SCS23,weekday_2178,1783608313,0.0,3.684832,101.518166,0.0
SCS26,weekday_2063,1783608314,21.0,3.170137,101.685425,0.0
SCS02,weekday_2182,1783608349,70.0,3.238203,101.560074,0.0
DMU10(D6120),60,1783608349,64.0,6.161285,102.21219,0.0
SCS32,2997,1783608349,117.0,5.773192,100.493,0.0
SCS32,2997,1783608394,118.0,5.760557,100.498535,0.0
SCS02,weekday_2182,1783608409,40.0,3.247157,101.558205,0.0
DMU10(D6120),60,1783608409,69.0,6.164943,102.20178,0.0
SCS02,weekday_2182,1783608439,12.0,3.249263,101.55666,0.0
SCS32,2997,1783608454,114.0,5.74365,100.50591,0.0
DMU10(D6120),60,1783608439,72.0,6.167002,102.19647,0.0
SCS32,2997,1783608514,115.0,5.726812,100.512405,0.0
DMU10(D6120),60,1783608514,73.0,6.1779,102.18704,0.0
DMU03,59,1783608501,61.0,4.806878,102.01685,0.0
SCS02,weekday_2182,1783608499,24.0,3.251427,101.555405,0.0
SCS02,weekday_2182,1783608574,2.0,3.257543,101.55456,0.0
DMU10(D6120),60,1783608574,76.0,6.185497,102.17789,0.0
SCS32,2997,1783608574,114.0,5.709328,100.512085,0.0
DMU03,59,1783608546,70.0,4.799837,102.01396,0.0
SCS02,weekday_2182,1783608634,23.0,3.258707,101.55485,0.0
DMU10(D6120),60,1783608634,47.0,6.19262,102.169235,0.0
DMU03,59,1783608621,70.0,4.787335,102.012245,0.0
SCS32,2997,1783608634,114.0,5.692462,100.506,0.0
SCS32,2997,1783608694,115.0,5.677343,100.496124,0.0
DMU03,59,1783608681,70.0,4.77658,102.01201,0.0
SCS02,weekday_2182,1783608694,69.0,3.267182,101.55914,0.0
DMU10(D6120),60,1783608679,18.0,6.195533,102.16735,0.0
DMU03,59,1783608741,67.0,4.765155,102.01391,0.0
DMU10(D6120),60,1783608754,4.0,6.199227,102.16747,0.0
SCS02,weekday_2182,1783608754,70.0,3.277507,101.56257,0.0
SCS32,2997,1783608754,103.0,5.660232,100.49306,0.0
DMU03,59,1783608786,63.0,4.75683,102.0145,0.0
SCS32,2997,1783608784,93.0,5.652182,100.49168,0.0
DMU10(D6120),60,1783608814,0.0,6.199465,102.16725,0.0
SCS02,weekday_2182,1783608754,70.0,3.277507,101.56257,0.0
SCS32,2997,1783608874,0.0,5.64364,100.49023,0.0
DMU10(D6120),60,1783608874,3.0,6.199312,102.16727,0.0
SCS02,weekday_2182,1783608874,82.0,3.297192,101.57499,0.0
DMU03,59,1783608846,70.0,4.745498,102.013306,0.0
SCS02,weekday_2182,1783608904,86.0,3.303897,101.57495,0.0
DMU10(D6120),60,1783608919,0.0,6.199312,102.16737,0.0
SCS32,2997,1783608934,72.0,5.639958,100.48962,0.0
DMU03,59,1783608936,20.0,4.73107,102.01077,0.0
DMU03,59,1783608966,0.0,4.730697,102.010704,0.0
DMU10(D6120),60,1783609009,12.0,6.196245,102.167305,0.0
SCS02,weekday_2182,1783608994,37.0,3.315883,101.57479,0.0
SCS32,2997,1783608964,109.0,5.632732,100.49053,0.0
DMU10(D6120),60,1783609054,0.0,6.195468,102.1674,0.0
SCS02,weekday_2182,1783609054,0.0,3.319078,101.57468,0.0
SCS32,2997,1783609054,113.0,5.60684,100.49532,0.0
DMU03,59,1783609056,58.0,4.725988,102.00969,0.0
SCS32,2997,1783609099,115.0,5.593553,100.49309,0.0
DMU10(D6120),60,1783609114,0.0,6.195498,102.16748,0.0
DMU03,59,1783609116,70.0,4.71874,102.00214,0.0
SCS02,weekday_2182,1783609114,37.0,3.321555,101.57362,0.0
SCS02,weekday_2182,1783609144,43.0,3.324245,101.57172,0.0
DMU03,59,1783609131,70.0,4.715977,102.002205,0.0
SCS32,2997,1783609144,117.0,5.580108,100.495255,0.0
DMU10(D6120),60,1783609144,0.0,6.195498,102.16748,0.0
SCS32,2997,1783609234,114.0,5.553198,100.49968,0.0
DMU10(D6120),60,1783609234,0.0,6.195498,102.16748,0.0
DMU03,59,1783609236,56.0,4.696475,102.00292,0.0
DMU03,59,1783609266,14.0,4.693392,102.00312,0.0
SCS32,2997,1783609264,114.0,5.54438,100.50149,0.0
SCS02,weekday_2182,1783609264,102.0,3.347255,101.57219,0.0
DMU10(D6120),60,1783609294,7.0,6.196333,102.167244,0.0
DMU03,59,1783609356,36.0,4.690765,102.00338,0.0
SCS32,2997,1783609354,115.0,5.518133,100.50769,0.0
SCS02,weekday_2182,1783609324,88.0,3.36173,101.57358,0.0
DMU10(D6120),60,1783609324,10.0,6.197215,102.16714,0.0
DMU03,59,1783609401,58.0,4.685108,102.00277,0.0
SCS02,weekday_2182,1783609414,105.0,3.365373,101.59666,0.0
SCS32,2997,1783609399,114.0,5.505025,100.50415,0.0
DMU10(D6120),60,1783609444,0.0,6.200223,102.16669,0.0
SCS02,weekday_2182,1783609474,68.0,3.37193,101.61018,0.0
DMU03,59,1783609461,57.0,4.676165,102.0009,0.0
SCS32,2997,1783609414,113.0,5.50067,100.50298,0.0
SCS32,2997,1783609534,0.0,5.482788,100.49821,0.0
SCS02,weekday_2182,1783609534,0.0,3.37568,101.6139,0.0
DMU03,59,1783609506,53.0,4.669973,101.99952,0.0
SCS02,weekday_2182,1783609594,82.0,3.37889,101.61716,0.0
DMU03,59,1783609581,55.0,4.659197,101.997574,0.0
SCS25,weekday_2070,1783609541,57.0,3.112605,101.684975,0.0
SCS32,2997,1783609594,76.0,5.479645,100.49736,0.0
DMU03,59,1783609656,49.0,4.648718,101.99474,0.0
SCS32,2997,1783609609,98.0,5.476242,100.496445,0.0
SCS25,weekday_2070,1783609661,23.0,3.113998,101.68092,0.0
DMU03,59,1783609716,0.0,4.645497,101.99399,0.0
SCS02,weekday_2182,1783609714,102.0,3.408657,101.62775,0.0
SCS25,weekday_2070,1783609691,27.0,3.115802,101.67962,0.0
SCS32,2997,1783609774,114.0,5.428905,100.4846,0.0
SCS02,weekday_2182,1783609774,94.0,3.423125,101.62522,0.0
SCS25,weekday_2070,1783609766,0.0,3.11783,101.67904,0.0
DMU03,59,1783609791,52.0,4.640728,101.99289,0.0
SCS32,2997,1783609834,116.0,5.41334,100.47563,0.0
DMU03,59,1783609806,54.0,4.638673,101.99243,0.0
SCS25,weekday_2070,1783609841,6.0,3.118633,101.67897,0.0
SCS02,weekday_2182,1783609804,114.0,3.429917,101.63032,0.0
SCS25,weekday_2070,1783609901,26.0,3.12247,101.67831,0.0
DMU03,59,1783609896,86.0,4.62234,101.98868,0.0
SCS32,2997,1783609894,114.0,5.395492,100.47136,0.0
SCS25,weekday_2070,1783609916,24.0,3.123782,101.67818,0.0
SCS02,weekday_2182,1783609954,41.0,3.46563,101.637276,0.0
SCS32,2997,1783609954,111.0,5.377685,100.46913,0.0
DMU03,59,1783609911,74.0,4.619317,101.98795,0.0
SCS02,weekday_2182,1783610014,0.0,3.467817,101.63757,0.0
SCS32,2997,1783610014,48.0,5.363603,100.467384,0.0
DMU03,59,1783609971,60.0,4.608177,101.98539,0.0
SCS02,weekday_2182,1783610044,19.0,3.468125,101.63762,0.0
SCS25,weekday_2070,1783610036,38.0,3.131122,101.68248,0.0
DMU03,59,1783610031,67.0,4.597863,101.98433,0.0
SCS32,2997,1783610044,36.0,5.360465,100.46699,0.0
SCS02,weekday_2182,1783610104,110.0,3.481982,101.63953,0.0
SCS32,2997,1783610115,39.0,5.358815,100.46235,0.0
SCS25,weekday_2070,1783610111,0.0,3.132518,101.68357,0.0
DMU03,59,1783610091,52.0,4.587965,101.98445,0.0
SCS25,weekday_2070,1783610156,0.0,3.132518,101.68357,0.0
DMU03,59,1783610166,80.0,4.574182,101.987854,0.0
SCS02,weekday_2182,1783610164,58.0,3.495008,101.634895,0.0
SCS32,2997,1783610220,33.0,5.365912,100.45015,0.0
DMU03,59,1783610256,82.0,4.555488,101.98478,0.0
SCS02,weekday_2182,1783610254,0.0,3.499648,101.63418,0.0
SCS32,2997,1783610280,0.0,5.366133,100.448494,0.0
DMU03,59,1783610271,80.0,4.55253,101.98357,0.0
SCS02,weekday_2182,1783610269,0.0,3.499648,101.63418,0.0
SCS25,weekday_2070,1783610261,0.0,3.132518,101.68357,0.0
SCS02,weekday_2182,1783610374,93.0,3.516148,101.62907,0.0
SCS25,weekday_2070,1783610366,0.0,3.132518,101.68357,0.0
DMU03,59,1783610316,27.0,4.545717,101.98094,0.0
DMU03,59,1783610391,24.0,4.541885,101.97993,0.0
SCS02,weekday_2182,1783610434,96.0,3.530707,101.63161,0.0
SCS32,2997,1783610400,95.0,5.364237,100.43541,0.0
SCS25,weekday_2070,1783610396,0.0,3.132518,101.68357,0.0
SCS25,weekday_2070,1783610501,12.0,3.138597,101.693214,0.0
SCS02,weekday_2182,1783610494,82.0,3.544435,101.637024,0.0
SCS32,2997,1783610475,2.0,5.36387,100.4229,0.0
SCS02,weekday_2182,1783610524,64.0,3.549402,101.639694,0.0
SCS32,2997,1783610520,0.0,5.363877,100.42288,0.0
SCS32,2997,1783610580,0.0,5.364248,100.421875,0.0
DMU03,59,1783610556,65.0,4.520383,101.97118,0.0
SCS25,weekday_2070,1783610576,3.0,3.13925,101.69359,0.0
SCS02,weekday_2182,1783610614,25.0,3.553213,101.639465,0.0
SCS02,weekday_2182,1783610659,89.0,3.560228,101.63395,0.0
SCS25,weekday_2070,1783610636,20.0,3.143535,101.69355,0.0
SCS32,2997,1783610625,0.0,5.364248,100.421875,0.0
SCS02,weekday_2182,1783610719,98.0,3.567492,101.62004,0.0
SCS32,2997,1783610715,39.0,5.36611,100.41711,0.0
SCS25,weekday_2070,1783610681,37.0,3.14612,101.69151,0.0
SCS02,weekday_2182,1783610794,104.0,3.584368,101.611694,0.0
SCS25,weekday_2070,1783610786,0.0,3.153758,101.69238,0.0
DMU03,59,1783610781,61.0,4.498472,101.95215,0.0
SCS32,2997,1783610760,63.0,5.36836,100.41132,0.0
SCS25,weekday_2070,1783610831,58.0,3.156967,101.69368,0.0
SCS02,weekday_2182,1783610809,105.0,3.587743,101.60935,0.0
SCS32,2997,1783610835,93.0,5.375542,100.395996,0.0
DMU03,59,1783610796,64.0,4.496583,101.95044,0.0
SCS02,weekday_2182,1783610914,110.0,3.604718,101.58943,0.0
DMU03,59,1783610901,0.0,4.490108,101.945,0.0
SCS25,weekday_2070,1783610906,4.0,3.164828,101.69148,0.0
SCS25,weekday_2070,1783610966,0.0,3.16503,101.69145,0.0
DMU03,59,1783610961,43.0,4.487978,101.943375,0.0
SCS02,weekday_2182,1783610944,101.0,3.611128,101.584274,0.0
SCS25,weekday_2070,1783611026,7.0,3.16701,101.68909,0.0
SCS02,weekday_2182,1783611019,112.0,3.625567,101.56826,0.0
DMU03,59,1783611051,59.0,4.47688,101.9359,0.0
SCS02,weekday_2182,1783611094,113.0,3.643467,101.55525,0.0
SCS25,weekday_2070,1783611086,13.0,3.167232,101.688644,0.0
DMU03,59,1783611081,60.0,4.472653,101.933365,0.0
SCS25,weekday_2070,1783611131,19.0,3.168757,101.68616,0.0
SCS02,weekday_2182,1783611139,109.0,3.652318,101.54576,0.0
DMU03,59,1783611126,52.0,4.466025,101.93168,0.0
SCS02,weekday_2182,1783611214,97.0,3.668105,101.53273,0.0
SCS25,weekday_2070,1783611176,19.0,3.171028,101.68504,0.0
SCS02,weekday_2182,1783611274,37.0,3.675978,101.52723,0.0
DMU03,59,1783611321,73.0,4.433342,101.9358,0.0
SCS02,weekday_2182,1783611289,36.0,3.677203,101.52621,0.0
DMU03,59,1783611366,60.0,4.425508,101.93325,0.0
SCS02,weekday_2182,1783611334,36.0,3.680352,101.52293,0.0
SCS25,weekday_2070,1783611419,70.0,3.1892,101.68857,0.0
DMU03,59,1783611456,14.0,4.422375,101.93178,0.0
DMU03,59,1783611501,43.0,4.41792,101.929825,0.0
SCS25,weekday_2070,1783611554,66.0,3.20036,101.67939,0.0
DMU03,59,1783611561,52.0,4.410378,101.92666,0.0
DMU03,59,1783611591,55.0,4.40604,101.9255,0.0
SCS25,weekday_2070,1783611674,73.0,3.209645,101.672264,0.0
DMU03,59,1783611666,46.0,4.396577,101.921265,0.0
DMU03,59,1783611711,63.0,4.390037,101.9223,0.0
DMU03,59,1783611801,39.0,4.37631,101.924484,0.0
SCS25,weekday_2070,1783611779,81.0,3.218442,101.67237,0.0
SCS25,weekday_2070,1783611869,40.0,3.231995,101.67638,0.0
DMU03,59,1783611861,55.0,4.36813,101.924065,0.0
SCS25,weekday_2070,1783611929,23.0,3.235787,101.68108,0.0
DMU03,59,1783611876,59.0,4.365852,101.92354,0.0
DMU03,59,1783611981,0.0,4.358562,101.92155,0.0
DMU03,59,1783612011,47.0,4.356895,101.92088,0.0
DMU03,59,1783612176,60.0,4.329415,101.91836,0.0
DMU03,59,1783612221,58.0,4.321792,101.91936,0.0
DMU03,59,1783612251,64.0,4.316863,101.9191,0.0
DMU03,59,1783612341,67.0,4.301892,101.92118,0.0
DMU03,59,1783612416,0.0,4.293625,101.92192,0.0
DMU03,59,1783612461,20.0,4.29302,101.92211,0.0
DMU03,59,1783612521,50.0,4.285568,101.919205,0.0
DMU03,59,1783612581,57.0,4.276158,101.921074,0.0
DMU03,59,1783612701,26.0,4.258633,101.92552,0.0
