vehicle_id,trip_id,timestamp,speed,lat,lon,bearing
DMU05,27,1785696384,0.0,6.19918,102.16736,0.0
DMU05,27,1785696444,0.0,6.19918,102.16736,0.0
DMU05,27,1785696489,0.0,6.19918,102.16736,0.0
DMU05,27,1785696564,0.0,6.19918,102.16736,0.0
DMU05,27,1785696609,0.0,6.19918,102.16736,0.0
DMU05,27,1785696639,0.0,6.19918,102.16736,0.0
DMU05,27,1785696729,0.0,6.19918,102.16736,0.0
DMU05,27,1785696804,0.0,6.199413,102.16729,0.0
DMU05,27,1785696864,0.0,6.199203,102.16729,0.0
DMU05,27,1785696924,4.0,6.19925,102.16732,0.0
DMU05,27,1785696984,0.0,6.199248,102.16733,0.0
DMU05,27,1785697074,0.0,6.19929,102.16734,0.0
DMU05,27,1785697104,0.0,6.19929,102.16734,0.0
DMU05,27,1785697164,0.0,6.19929,102.16734,0.0
DMU05,27,1785697224,0.0,6.19929,102.16734,0.0
DMU05,27,1785697269,0.0,6.199223,102.167274,0.0
DMU05,27,1785697344,0.0,6.199223,102.167274,0.0
DMU05,27,1785697389,3.0,6.198738,102.16725,0.0
DMU05,27,1785697584,0.0,6.195378,102.167435,0.0
DMU05,27,1785697629,3.0,6.19608,102.16733,0.0
DMU05,27,1785697704,1.0,6.198598,102.16736,0.0
DMU05,27,1785697764,0.0,6.199222,102.16774,0.0
DMU05,27,1785697809,0.0,6.199338,102.167336,0.0
DMU05,27,1785697899,0.0,6.199372,102.16732,0.0
DMU05,27,1785697944,0.0,6.199372,102.16732,0.0
DMU05,27,1785698004,0.0,6.199425,102.167305,0.0
DMU05,27,1785698049,0.0,6.199352,102.16744,0.0
DMU05,27,1785698124,0.0,6.19947,102.16753,0.0
DMU05,27,1785698169,0.0,6.199592,102.16735,0.0
DMU05,27,1785698229,0.0,6.19932,102.16734,0.0
DMU05,27,1785698304,5.0,6.19935,102.16729,0.0
DMU05,27,1785698364,0.0,6.199288,102.16744,0.0
DMU05,27,1785698439,1.0,6.19934,102.16741,0.0
DMU05,27,1785698484,0.0,6.19929,102.167595,0.0
DMU05,27,1785698529,0.0,6.199298,102.16745,0.0
DMU05,27,1785698589,0.0,6.199255,102.16764,0.0
DMU05,27,1785698649,0.0,6.199335,102.167336,0.0
DMU05,27,1785698724,0.0,6.199268,102.16753,0.0
DMU05,27,1785698754,0.0,6.199268,102.16753,0.0
DMU05,27,1785698814,0.0,6.199312,102.16752,0.0
DMU05,27,1785698859,0.0,6.199312,102.16752,0.0
DMU05,27,1785698949,0.0,6.199297,102.16737,0.0
DMU05,27,1785699009,0.0,6.199355,102.16768,0.0
DMU05,27,1785699039,0.0,6.199263,102.16764,0.0
DMU05,27,1785699129,4.0,6.199483,102.167915,0.0
DMU05,27,1785699189,0.0,6.199068,102.16824,0.0
DMU05,27,1785699234,0.0,6.199338,102.167465,0.0
DMU05,27,1785699294,0.0,6.199115,102.1675,0.0
DMU05,27,1785699354,0.0,6.199103,102.167564,0.0
DMU05,27,1785699414,0.0,6.199163,102.167366,0.0
DMU05,27,1785699489,0.0,6.199345,102.16739,0.0
DMU05,27,1785699519,0.0,6.199173,102.16758,0.0
DMU05,27,1785699609,0.0,6.199163,102.16761,0.0
DMU05,27,1785699684,0.0,6.199155,102.167694,0.0
DMU05,27,1785699714,0.0,6.199175,102.167725,0.0
DMU05,27,1785699789,0.0,6.199508,102.16734,0.0
DMU05,27,1785699834,0.0,6.199403,102.16743,0.0
DMU05,27,1785699909,0.0,6.199547,102.16761,0.0
DMU05,27,1785699969,0.0,6.199183,102.16762,0.0
DMU05,27,1785700014,0.0,6.199368,102.16744,0.0
DMU05,27,1785700074,0.0,6.199283,102.167725,0.0
DMU05,27,1785700134,0.0,6.199362,102.16741,0.0
DMU05,27,1785700209,6.0,6.198848,102.16758,0.0
DMU05,27,1785700269,20.0,6.195403,102.167435,0.0
DMU05,27,1785700359,68.0,6.18594,102.17733,0.0
DMU05,27,1785700389,72.0,6.182375,102.181625,0.0
DMU05,27,1785700494,61.0,6.168268,102.195274,0.0
DMU05,27,1785700524,71.0,6.165623,102.199745,0.0
DMU05,27,1785700569,67.0,6.162987,102.207695,0.0
DMU05,51,1785700614,68.0,6.159993,102.215164,0.0
DMU05,51,1785700644,66.0,6.158218,102.22036,0.0
DMU05,51,1785700704,53.0,6.153738,102.22879,0.0
DMU05,51,1785700779,69.0,6.142593,102.22691,0.0
DMU05,51,1785700809,66.0,6.138167,102.22392,0.0
DMU05,51,1785700899,56.0,6.128693,102.2124,0.0
DMU05,51,1785700944,51.0,6.124498,102.20731,0.0
DMU05,51,1785700989,32.0,6.121252,102.20339,0.0
DMU05,51,1785701049,6.0,6.118627,102.2009,0.0
DMU05,51,1785701139,0.0,6.118575,102.20068,0.0
DMU05,51,1785701184,0.0,6.118643,102.200836,0.0
DMU05,51,1785701244,26.0,6.116608,102.19899,0.0
DMU05,51,1785701304,61.0,6.112507,102.19396,0.0
DMU05,51,1785701364,66.0,6.105122,102.18502,0.0
DMU05,51,1785701439,48.0,6.097048,102.177124,0.0
DMU05,51,1785701484,0.0,6.094668,102.17468,0.0
DMU05,51,1785701544,12.0,6.094328,102.174286,0.0
DMU05,51,1785701604,67.0,6.088772,102.169975,0.0
DMU05,51,1785701649,73.0,6.081418,102.16468,0.0
DMU05,51,1785701709,74.0,6.072005,102.15808,0.0
DMU05,51,1785701754,71.0,6.064682,102.153854,0.0
DMU05,51,1785701844,54.0,6.05069,102.14645,0.0
DMU05,51,1785701904,19.0,6.044903,102.14344,0.0
DMU05,51,1785701964,0.0,6.042865,102.14243,0.0
DMU05,51,1785702024,0.0,6.042775,102.14247,0.0
DMU05,51,1785702084,0.0,6.04269,102.14251,0.0
DMU05,51,1785702159,19.0,6.040397,102.14118,0.0
DMU05,51,1785702219,20.0,6.037232,102.13959,0.0
DMU05,51,1785702294,67.0,6.026917,102.13986,0.0
DMU05,51,1785702324,64.0,6.021653,102.140236,0.0
DMU05,51,1785702384,54.0,6.012313,102.14019,0.0
DMU05,51,1785702444,50.0,6.003983,102.14135,0.0
DMU05,51,1785702504,48.0,5.995627,102.14193,0.0
DMU05,51,1785702564,61.0,5.985712,102.14255,0.0
DMU05,51,1785702624,66.0,5.974987,102.143265,0.0
DMU05,51,1785702699,3.0,5.966188,102.14386,0.0
DMU05,51,1785702744,0.0,5.966102,102.14385,0.0
DMU05,51,1785702804,34.0,5.963468,102.14401,0.0
DMU05,51,1785702849,56.0,5.957443,102.1453,0.0
DMU05,51,1785702924,52.0,5.946387,102.148346,0.0
DMU05,51,1785702984,47.0,5.938473,102.15048,0.0
DMU05,51,1785703044,70.0,5.92969,102.1529,0.0
DMU05,51,1785703089,75.0,5.921492,102.15515,0.0
DMU05,51,1785703164,63.0,5.907807,102.15888,0.0
DMU05,51,1785703239,50.0,5.896258,102.15788,0.0
DMU05,51,1785703269,24.0,5.892827,102.15741,0.0
DMU05,51,1785703344,7.0,5.891435,102.15728,0.0
DMU05,51,1785703404,65.0,5.885242,102.15653,0.0
DMU05,51,1785703464,74.0,5.873307,102.155174,0.0
DMU05,51,1785703494,79.0,5.867038,102.15432,0.0
DMU05,51,1785703584,74.0,5.848727,102.15199,0.0
DMU05,51,1785703629,68.0,5.840128,102.15089,0.0
DMU05,51,1785703674,71.0,5.831868,102.14986,0.0
DMU05,51,1785703779,61.0,5.813143,102.147545,0.0
DMU05,51,1785703809,37.0,5.808838,102.147,0.0
DMU05,51,1785703869,0.0,5.80645,102.14669,0.0
DMU05,51,1785703929,0.0,5.806527,102.14646,0.0
DMU05,51,1785703989,0.0,5.806417,102.14658,0.0
DMU05,51,1785704064,33.0,5.80411,102.14643,0.0
DMU05,51,1785704109,61.0,5.797842,102.14558,0.0
DMU05,51,1785704154,76.0,5.789922,102.14465,0.0
DMU05,51,1785704214,76.0,5.778007,102.143105,0.0
DMU05,51,1785704274,65.0,5.767597,102.13975,0.0
DMU05,51,1785704349,51.0,5.76189,102.14945,0.0
DMU05,51,1785704409,73.0,5.755497,102.15618,0.0
DMU05,51,1785704484,50.0,5.743243,102.15926,0.0
DMU05,51,1785704544,45.0,5.735487,102.16144,0.0
DMU05,51,1785704634,75.0,5.721312,102.15764,0.0
DMU05,51,1785704679,65.0,5.713263,102.15458,0.0
DMU05,51,1785704724,36.0,5.706788,102.15206,0.0
DMU05,51,1785704799,0.0,5.702865,102.1518,0.0
DMU05,51,1785704814,0.0,5.702865,102.1518,0.0
DMU05,51,1785704904,19.0,5.702132,102.15187,0.0
DMU05,51,1785704964,61.0,5.695965,102.15188,0.0
DMU05,51,1785705009,70.0,5.687212,102.15222,0.0
SCS05,weekday_2004,1785705043,14.0,2.463692,102.22592,0.0
SCS05,weekday_2004,1785705088,15.0,2.464908,102.2237,0.0
DMU05,51,1785705069,74.0,5.676457,102.15584,0.0
SCS05,weekday_2004,1785705163,89.0,2.469587,102.21522,0.0
DMU05,51,1785705144,56.0,5.663192,102.15684,0.0
SCS05,weekday_2004,1785705223,118.0,2.46151,102.202644,0.0
DMU05,51,1785705174,73.0,5.657822,102.15681,0.0
SCS05,weekday_2004,1785705283,112.0,2.452417,102.18966,0.0
DMU05,51,1785705234,72.0,5.6457,102.15891,0.0
SCS05,weekday_2004,1785705328,114.0,2.462732,102.18248,0.0
DMU05,51,1785705294,71.0,5.634245,102.16141,0.0
SCS05,weekday_2004,1785705403,114.0,2.485007,102.1795,0.0
DMU05,51,1785705384,65.0,5.61791,102.16631,0.0
DMU05,51,1785705414,65.0,5.612735,102.16746,0.0
SCS05,weekday_2004,1785705463,119.0,2.502562,102.17438,0.0
SCS05,weekday_2004,1785705508,115.0,2.515463,102.16919,0.0
DMU05,51,1785705504,24.0,5.602458,102.174385,0.0
SCS05,weekday_2004,1785705568,114.0,2.530708,102.16035,0.0
DMU05,51,1785705564,41.0,5.59867,102.17582,0.0
DMU05,51,1785705609,52.0,5.592288,102.177025,0.0
EMU32,2900,1785705610,0.0,5.393177,100.36646,0.0
SCS05,weekday_2004,1785705628,114.0,2.541947,102.14624,0.0
SCS27,2901,1785705622,0.0,6.662173,100.31928,0.0
SCS05,weekday_2004,1785705688,112.0,2.553305,102.13251,0.0
EMU32,2900,1785705700,21.0,5.390853,100.36989,0.0
DMU05,51,1785705699,69.0,5.57929,102.18561,0.0
SCS27,2901,1785705667,18.0,6.661418,100.31839,0.0
DMU05,51,1785705729,70.0,5.573498,102.1859,0.0
EMU32,2900,1785705730,21.0,5.389163,100.37146,0.0
SCS05,weekday_2004,1785705748,116.0,2.563402,102.11843,0.0
SCS27,2901,1785705742,37.0,6.657915,100.31345,0.0
SCS05,weekday_2004,1785705808,118.0,2.575223,102.10524,0.0
DMU05,51,1785705774,62.0,5.565917,102.18827,0.0
SCS27,2901,1785705772,34.0,6.656147,100.31086,0.0
EMU32,2900,1785705760,29.0,5.387745,100.37295,0.0
EMU32,2900,1785705850,100.0,5.380782,100.386375,0.0
SCS05,weekday_2004,1785705853,95.0,2.58635,102.098595,0.0
SCS27,2901,1785705847,75.0,6.650223,100.30207,0.0
SCS05,weekday_2004,1785705928,0.0,2.592537,102.094894,0.0
SCS27,2901,1785705922,96.0,6.64197,100.28735,0.0
DMU05,51,1785705909,62.0,5.546433,102.19544,0.0
EMU32,2900,1785705940,97.0,5.370352,100.406425,0.0
SCS05,weekday_2004,1785705988,0.0,2.592537,102.094894,0.0
DMU05,51,1785705984,50.0,5.53491,102.2007,0.0
EMU32,2900,1785706000,50.0,5.365887,100.41799,0.0
SCS27,2901,1785705997,107.0,6.628923,100.26992,0.0
SCS05,weekday_2004,1785706063,58.0,2.5951,102.093376,0.0
DMU05,51,1785706044,13.0,5.530778,102.202644,0.0
EMU32,2900,1785706030,19.0,5.364797,100.42083,0.0
SCS27,2901,1785706027,109.0,6.621873,100.2655,0.0
SCS05,weekday_2004,1785706123,68.0,2.604757,102.087585,0.0
EMU32,2900,1785706120,76.0,5.362418,100.427315,0.0
SCS27,2901,1785706102,113.0,6.599415,100.2632,0.0
DMU05,51,1785706104,0.0,5.530145,102.202934,0.0
DMU05,51,1785706149,0.0,5.53021,102.203,0.0
SCS05,weekday_2004,1785706183,71.0,2.61391,102.08188,0.0
EMU32,2900,1785706180,35.0,5.364108,100.43491,0.0
SCS27,2901,1785706177,116.0,6.577063,100.26105,0.0
SCS05,weekday_2004,1785706213,88.0,2.6187,102.07828,0.0
EMU32,2900,1785706210,70.0,5.365743,100.4385,0.0
DMU05,51,1785706239,12.0,5.529458,102.202934,0.0
SCS27,2901,1785706222,118.0,6.563448,100.25928,0.0
SCS05,weekday_2004,1785706303,104.0,2.633915,102.05886,0.0
EMU32,2900,1785706300,0.0,5.366442,100.447296,0.0
DMU05,51,1785706299,15.0,5.527052,102.20439,0.0
SCS27,2901,1785706282,114.0,6.54531,100.26,0.0
SCS05,weekday_2004,1785706363,98.0,2.636453,102.04338,0.0
EMU32,2900,1785706360,1.0,5.366427,100.447365,0.0
SCS27,2901,1785706342,75.0,6.528975,100.257744,0.0
DMU05,51,1785706329,24.0,5.525508,102.20519,0.0
DMU05,51,1785706404,63.0,5.514605,102.209045,0.0
EMU32,2900,1785706420,47.0,5.365467,100.45385,0.0
SCS27,2901,1785706402,0.0,6.523147,100.25676,0.0
SCS05,weekday_2004,1785706423,106.0,2.645498,102.03166,0.0
EMU32,2900,1785706450,44.0,5.364352,100.45751,0.0
DMU05,51,1785706449,60.0,5.507217,102.21054,0.0
SCS27,2901,1785706432,4.0,6.523055,100.256744,0.0
SCS05,weekday_2004,1785706483,88.0,2.65485,102.02034,0.0
SCS05,weekday_2004,1785706528,67.0,2.655108,102.01175,0.0
SCS27,2901,1785706522,114.0,6.504692,100.25359,0.0
EMU32,2900,1785706510,46.0,5.359093,100.4623,0.0
DMU05,51,1785706524,61.0,5.495915,102.215546,0.0
SCS05,weekday_2004,1785706588,36.0,2.65734,102.00359,0.0
EMU32,2900,1785706591,78.0,5.363735,100.467285,0.0
DMU05,51,1785706584,59.0,5.486745,102.21739,0.0
SCS27,2901,1785706567,114.0,6.491285,100.25347,0.0
SCS05,weekday_2004,1785706648,28.0,2.659022,101.997665,0.0
DMU05,51,1785706674,33.0,5.476558,102.22028,0.0
EMU32,2900,1785706651,98.0,5.379008,100.46921,0.0
SCS27,2901,1785706642,114.0,6.469035,100.25552,0.0
SCS27,2901,1785706687,114.0,6.456238,100.259926,0.0
EMU32,2900,1785706711,102.0,5.394912,100.4712,0.0
SCS05,weekday_2004,1785706708,0.0,2.660165,101.99647,0.0
DMU05,51,1785706689,35.0,5.475147,102.22104,0.0
EMU32,2900,1785706771,96.0,5.409935,100.47423,0.0
DMU05,51,1785706764,0.0,5.472427,102.2223,0.0
SCS27,2901,1785706762,70.0,6.436005,100.266884,0.0
SCS05,weekday_2004,1785706753,0.0,2.660165,101.99647,0.0
SCS27,2901,1785706807,5.0,6.431448,100.26847,0.0
DMU05,51,1785706794,19.0,5.471763,102.22263,0.0
EMU39,2903,1785706806,0.0,6.662772,100.31968,0.0
EMU32,2900,1785706801,100.0,5.417158,100.477005,0.0
SCS05,weekday_2004,1785706843,7.0,2.660212,101.996346,0.0
EMU39,2903,1785706881,25.0,6.660992,100.31784,0.0
SCS05,weekday_2004,1785706888,27.0,2.662423,101.99425,0.0
EMU32,2900,1785706891,103.0,5.438263,100.489395,0.0
DMU05,51,1785706869,56.0,5.463032,102.22675,0.0
SCS27,2901,1785706867,36.0,6.430462,100.26882,0.0
SCS05,weekday_2004,1785706933,66.0,2.66759,101.991104,0.0
SCS27,2901,1785706927,117.0,6.416607,100.27359,0.0
EMU39,2903,1785706971,45.0,6.654885,100.30912,0.0
EMU32,2900,1785706951,100.0,5.453938,100.493515,0.0
DMU05,51,1785706914,50.0,5.456493,102.22772,0.0
EMU32,2900,1785707011,96.0,5.469107,100.496216,0.0
SCS27,2901,1785707002,114.0,6.396487,100.283585,0.0
SCS05,weekday_2004,1785707008,85.0,2.677752,101.97869,0.0
EMU39,2903,1785707031,105.0,6.649148,100.29871,0.0
DMU05,51,1785706989,52.0,5.447827,102.23088,0.0
EMU32,2900,1785707071,37.0,5.480682,100.497505,0.0
SCS05,weekday_2004,1785707068,51.0,2.687917,101.97278,0.0
SCS27,2901,1785707062,114.0,6.382137,100.294304,0.0
DMU05,51,1785707049,47.0,5.440417,102.23274,0.0
EMU39,2903,1785707046,112.0,6.647465,100.294785,0.0
DMU05,51,1785707109,49.0,5.433825,102.23617,0.0
SCS27,2901,1785707077,112.0,6.378537,100.29699,0.0
EMU39,2903,1785707136,117.0,6.631188,100.27293,0.0
EMU32,2900,1785707131,0.0,5.481935,100.497826,0.0
SCS05,weekday_2004,1785707128,0.0,2.690097,101.97193,0.0
SCS27,2901,1785707182,43.0,6.369585,100.30373,0.0
SCS05,weekday_2004,1785707173,53.0,2.692505,101.97098,0.0
DMU05,51,1785707169,47.0,5.425195,102.23781,0.0
EMU39,2903,1785707196,116.0,6.615645,100.264496,0.0
EMU32,2900,1785707191,87.0,5.48897,100.49974,0.0
SCS27,2901,1785707227,114.0,6.361218,100.309975,0.0
DMU05,51,1785707214,33.0,5.420422,102.239136,0.0
EMU32,2900,1785707259,102.0,5.50611,100.50431,0.0
EMU39,2903,1785707256,117.0,6.59718,100.26319,0.0
SCS05,weekday_2004,1785707263,71.0,2.702308,101.95741,0.0
EMU39,2903,1785707316,117.0,6.578645,100.26158,0.0
SCS27,2901,1785707287,114.0,6.346743,100.32079,0.0
SCS05,weekday_2004,1785707278,65.0,2.703775,101.955086,0.0
DMU05,51,1785707274,27.0,5.415705,102.23848,0.0
SCS05,weekday_2004,1785707338,32.0,2.71048,101.95129,0.0
DMU05,51,1785707319,46.0,5.411767,102.23436,0.0
EMU32,2900,1785707379,104.0,5.537248,100.50336,0.0
SCS27,2901,1785707377,115.0,6.32511,100.33696,0.0
EMU39,2903,1785707376,116.0,6.560367,100.259384,0.0
SCS26,weekday_2008,1785707423,0.0,2.463295,102.22674,0.0
DMU05,51,1785707394,16.0,5.407293,102.231125,0.0
EMU39,2903,1785707436,112.0,6.54188,100.259964,0.0
SCS27,2901,1785707407,114.0,6.317873,100.34237,0.0
EMU39,2903,1785707481,85.0,6.5297,100.25788,0.0
SCS05,weekday_2004,1785707503,0.0,2.718665,101.940796,0.0
EMU32,2900,1785707499,99.0,5.568185,100.497086,0.0
SCS26,weekday_2008,1785707498,23.0,2.465273,102.22325,0.0
DMU05,51,1785707484,45.0,5.397128,102.23205,0.0
SCS27,2901,1785707482,114.0,6.296272,100.34814,0.0
EMU39,2903,1785707556,0.0,6.523343,100.25677,0.0
DMU05,51,1785707544,15.0,5.391938,102.232,0.0
SCS26,weekday_2008,1785707543,34.0,2.467118,102.21978,0.0
SCS27,2901,1785707542,114.0,6.278595,100.35175,0.0
SCS05,weekday_2004,1785707503,0.0,2.718665,101.940796,0.0
DMU05,51,1785707589,0.0,5.391483,102.232025,0.0
EMU32,2900,1785707559,97.0,5.58362,100.49454,0.0
EMU39,2903,1785707616,91.0,6.514795,100.25534,0.0
SCS26,weekday_2008,1785707588,87.0,2.469973,102.21385,0.0
SCS05,weekday_2004,1785707623,0.0,2.718665,101.940796,0.0
SCS27,2901,1785707587,114.0,6.265382,100.35446,0.0
SCS27,2901,1785707632,114.0,6.252128,100.357155,0.0
EMU39,2903,1785707643,0.0,6.507718,100.25411,0.0
DMU05,51,1785707619,0.0,5.391483,102.232025,0.0
EMU32,2900,1785707619,98.0,5.599382,100.49356,0.0
SCS26,weekday_2008,1785707648,109.0,2.460745,102.2024,0.0
SCS05,weekday_2004,1785707743,18.0,2.719737,101.93888,0.0
EMU39,2903,1785707742,120.0,6.477992,100.253685,0.0
DMU05,51,1785707739,29.0,5.387085,102.23196,0.0
SCS26,weekday_2008,1785707723,104.0,2.454087,102.18638,0.0
SCS27,2901,1785707722,114.0,6.225757,100.36252,0.0
EMU39,2903,1785707772,121.0,6.468833,100.25561,0.0
SCS26,weekday_2008,1785707768,104.0,2.465338,102.18213,0.0
SCS27,2901,1785707767,114.0,6.21251,100.36525,0.0
SCS05,weekday_2004,1785707773,16.0,2.720293,101.93742,0.0
EMU32,2900,1785707769,73.0,5.635743,100.48931,0.0
DMU05,51,1785707844,43.0,5.374783,102.232025,0.0
SCS26,weekday_2008,1785707843,104.0,2.485803,102.179375,0.0
SCS27,2901,1785707827,114.0,6.194867,100.36884,0.0
SCS05,weekday_2004,1785707818,12.0,2.720827,101.93593,0.0
EMU39,2903,1785707817,121.0,6.455213,100.26031,0.0
SCS05,weekday_2004,1785707908,0.0,2.723442,101.92691,0.0
EMU39,2903,1785707892,64.0,6.434493,100.26745,0.0
DMU05,51,1785707874,31.0,5.37219,102.22975,0.0
SCS27,2901,1785707872,55.0,6.184768,100.37387,0.0
EMU32,2900,1785707859,0.0,5.642607,100.4899,0.0
SCS26,weekday_2008,1785707903,110.0,2.501983,102.17463,0.0
SCS05,weekday_2004,1785707983,22.0,2.723285,101.92051,0.0
EMU39,2903,1785707982,40.0,6.430005,100.26899,0.0
EMU32,2900,1785707979,106.0,5.661023,100.49309,0.0
DMU05,51,1785707979,59.0,5.359875,102.2253,0.0
SCS26,weekday_2008,1785707978,104.0,2.521747,102.16663,0.0
SCS27,2901,1785707977,69.0,6.17947,100.37712,0.0
SCS05,weekday_2004,1785708028,69.0,2.725572,101.915855,0.0
EMU39,2903,1785708027,92.0,6.421968,100.27175,0.0
SCS26,weekday_2008,1785708023,104.0,2.531395,102.15942,0.0
DMU05,51,1785708009,55.0,5.355293,102.22521,0.0
SCS27,2901,1785708007,110.0,6.172357,100.378555,0.0
SCS26,weekday_2008,1785708068,104.0,2.539168,102.149666,0.0
SCS27,2901,1785708067,114.0,6.154202,100.3798,0.0
SCS05,weekday_2004,1785708058,72.0,2.725358,101.91007,0.0
EMU32,2900,1785708099,102.0,5.690833,100.504776,0.0
EMU32,2900,1785708129,99.0,5.69759,100.508896,0.0
SCS05,weekday_2004,1785708148,61.0,2.733667,101.89683,0.0
EMU39,2903,1785708147,121.0,6.390533,100.288055,0.0
SCS26,weekday_2008,1785708143,102.0,2.5521,102.13371,0.0
SCS27,2901,1785708112,113.0,6.140703,100.38068,0.0
DMU05,51,1785708099,35.0,5.344735,102.22208,0.0
SCS27,2901,1785708157,115.0,6.128022,100.376465,0.0
EMU32,2900,1785708159,101.0,5.705402,100.511,0.0
DMU05,51,1785708159,44.0,5.338147,102.2197,0.0
SCS26,weekday_2008,1785708158,105.0,2.554928,102.13074,0.0
SCS05,weekday_2004,1785708223,71.0,2.740975,101.88924,0.0
EMU39,2903,1785708222,67.0,6.373663,100.30061,0.0
SCS05,weekday_2004,1785708268,72.0,2.738868,101.88076,0.0
SCS26,weekday_2008,1785708263,106.0,2.571638,102.10736,0.0
EMU32,2900,1785708219,96.0,5.72049,100.514336,0.0
DMU05,51,1785708219,27.0,5.335312,102.21331,0.0
SCS27,2901,1785708217,44.0,6.114957,100.37052,0.0
SCS05,weekday_2004,1785708313,42.0,2.740692,101.87428,0.0
DMU05,51,1785708309,38.0,5.331747,102.205055,0.0
SCS26,weekday_2008,1785708308,97.0,2.582325,102.10101,0.0
SCS27,2901,1785708307,0.0,6.112472,100.36931,0.0
EMU32,2900,1785708339,95.0,5.74948,100.50354,0.0
SCS05,weekday_2004,1785708388,19.0,2.741287,101.872,0.0
SCS26,weekday_2008,1785708383,5.0,2.592422,102.09495,0.0
DMU05,51,1785708369,0.0,5.329988,102.203064,0.0
SCS27,2901,1785708367,0.0,6.112472,100.36931,0.0
SCS27,2901,1785708427,0.0,6.112472,100.36931,0.0
SCS26,weekday_2008,1785708398,0.0,2.592472,102.09491,0.0
SCS05,weekday_2004,1785708463,75.0,2.744608,101.860306,0.0
EMU39,2903,1785708460,115.0,6.345827,100.32146,0.0
EMU32,2900,1785708459,103.0,5.777813,100.4911,0.0
DMU05,51,1785708429,24.0,5.329243,102.20223,0.0
EMU32,2900,1785708489,102.0,5.785163,100.4878,0.0
DMU05,51,1785708474,23.0,5.326693,102.19931,0.0
SCS27,2901,1785708472,77.0,6.10882,100.367676,0.0
EMU39,2903,1785708475,120.0,6.34211,100.32422,0.0
SCS05,weekday_2004,1785708568,59.0,2.75045,101.83948,0.0
SCS27,2901,1785708517,102.0,6.098187,100.36956,0.0
SCS26,weekday_2008,1785708548,99.0,2.611557,102.08349,0.0
EMU32,2900,1785708519,101.0,5.79248,100.48416,0.0
EMU32,2900,1785708579,106.0,5.808275,100.479805,0.0
SCS26,weekday_2008,1785708623,106.0,2.626987,102.07057,0.0
SCS05,weekday_2004,1785708613,18.0,2.751602,101.83539,0.0
EMU39,2903,1785708595,121.0,6.31079,100.34518,0.0
SCS05,weekday_2004,1785708688,25.0,2.752928,101.83082,0.0
EMU32,2900,1785708669,0.0,5.824262,100.47792,0.0
SCS27,2901,1785708667,114.0,6.05908,100.39143,0.0
EMU39,2903,1785708700,118.0,6.279025,100.35168,0.0
SCS26,weekday_2008,1785708653,103.0,2.630668,102.06313,0.0
EMU39,2903,1785708715,120.0,6.274413,100.352615,0.0
SCS26,weekday_2008,1785708713,103.0,2.63624,102.04807,0.0
EMU32,2900,1785708699,0.0,5.824263,100.47792,0.0
SCS05,weekday_2004,1785708733,17.0,2.753722,101.827934,0.0
SCS27,2901,1785708727,114.0,6.043387,100.40028,0.0
SCS26,weekday_2008,1785708803,101.0,2.648865,102.029,0.0
EMU32,2900,1785708759,92.0,5.832678,100.47724,0.0
SCS05,weekday_2004,1785708808,7.0,2.753958,101.827065,0.0
EMU39,2903,1785708775,122.0,6.255712,100.35643,0.0
SCS05,weekday_2004,1785708853,24.0,2.754603,101.82466,0.0
EMU32,2900,1785708852,99.0,5.85707,100.47686,0.0
SCS26,weekday_2008,1785708848,89.0,2.654882,102.020065,0.0
SCS27,2901,1785708847,114.0,6.012165,100.417946,0.0
EMU39,2903,1785708848,116.0,6.233093,100.361046,0.0
SCS05,weekday_2004,1785708928,90.0,2.759233,101.812004,0.0
SCS26,weekday_2008,1785708908,71.0,2.654807,102.007385,0.0
EMU39,2903,1785708878,119.0,6.224015,100.3629,0.0
SCS27,2901,1785708877,114.0,6.004345,100.422386,0.0
EMU32,2900,1785708972,107.0,5.890408,100.47687,0.0
EMU39,2903,1785708938,121.0,6.205363,100.36671,0.0
SCS27,2901,1785708967,111.0,5.980893,100.435616,0.0
SCS05,weekday_2004,1785708973,87.0,2.767422,101.80537,0.0
SCS26,weekday_2008,1785708968,38.0,2.658098,102.00024,0.0
SCS05,weekday_2004,1785709048,94.0,2.785505,101.798904,0.0
SCS26,weekday_2008,1785709043,0.0,2.660125,101.996445,0.0
SCS27,2901,1785709042,0.0,5.971538,100.44089,0.0
EMU32,2900,1785709032,105.0,5.905915,100.471535,0.0
EMU39,2903,1785709013,58.0,6.185685,100.37325,0.0
EMU32,2900,1785709092,104.0,5.92142,100.46556,0.0
SCS26,weekday_2008,1785709103,0.0,2.660125,101.996445,0.0
EMU39,2903,1785709058,0.0,6.182952,100.37506,0.0
SCS27,2901,1785709057,0.0,5.971538,100.44089,0.0
SCS05,weekday_2004,1785709153,0.0,2.801815,101.7993,0.0
DMU05,51,1785709149,0.0,5.307957,102.15702,0.0
SCS26,weekday_2008,1785709148,0.0,2.660125,101.996445,0.0
SCS27,2901,1785709147,116.0,5.957188,100.44902,0.0
EMU39,2903,1785709178,101.0,6.169628,100.37873,0.0
EMU39,2903,1785709193,108.0,6.165467,100.37902,0.0
SCS04,2907,1785709234,8.0,6.66277,100.320145,0.0
SCS05,weekday_2004,1785709213,26.0,2.802372,101.7998,0.0
SCS27,2901,1785709207,114.0,5.941372,100.45791,0.0
EMU32,2900,1785709212,95.0,5.950417,100.45279,0.0
SCS26,weekday_2008,1785709208,0.0,2.660125,101.996445,0.0
DMU05,51,1785709269,46.0,5.306153,102.15217,0.0
EMU39,2903,1785709298,120.0,6.133072,100.37876,0.0
SCS26,weekday_2008,1785709298,89.0,2.667018,101.99136,0.0
SCS04,2907,1785709279,36.0,6.660745,100.31768,0.0
EMU32,2900,1785709272,95.0,5.96391,100.44516,0.0
SCS27,2901,1785709267,114.0,5.924577,100.46439,0.0
SCS05,weekday_2004,1785709288,67.0,2.811765,101.80851,0.0
DMU05,51,1785709299,48.0,5.306675,102.14818,0.0
SCS27,2901,1785709297,114.0,5.916178,100.46763,0.0
SCS05,weekday_2004,1785709333,67.0,2.816118,101.81488,0.0
EMU32,2900,1785709332,1.0,5.971748,100.44073,0.0
SCS04,2907,1785709354,46.0,6.65541,100.30994,0.0
SCS04,2907,1785709414,113.0,6.64945,100.29983,0.0
EMU39,2903,1785709388,41.0,6.113795,100.369995,0.0
SCS26,weekday_2008,1785709418,74.0,2.685643,101.97368,0.0
SCS27,2901,1785709432,114.0,5.87727,100.47693,0.0
SCS04,2907,1785709474,117.0,6.639623,100.28424,0.0
EMU39,2903,1785709433,0.0,6.112702,100.369415,0.0
SCS05,weekday_2004,1785709453,12.0,2.825693,101.82466,0.0
EMU32,2900,1785709452,105.0,5.983772,100.433945,0.0
SCS26,weekday_2008,1785709508,0.0,2.690012,101.97191,0.0
EMU32,2900,1785709482,102.0,5.99097,100.429886,0.0
SCS24,2904,1785709507,0.0,5.392397,100.36749,0.0
SCS04,2907,1785709534,116.0,6.628603,100.26961,0.0
EMU39,2903,1785709523,102.0,6.098368,100.36948,0.0
SCS27,2901,1785709522,115.0,5.850268,100.47688,0.0
SCS04,2907,1785709594,117.0,6.611585,100.26396,0.0
DMU05,51,1785709554,0.0,5.315302,102.14013,0.0
SCS27,2901,1785709582,102.0,5.832467,100.47728,0.0
SCS05,weekday_2004,1785709573,0.0,2.829887,101.826775,0.0
EMU39,2903,1785709553,114.0,6.090938,100.373695,0.0
EMU32,2900,1785709542,104.0,6.004985,100.42195,0.0
SCS26,weekday_2008,1785709598,92.0,2.698427,101.96394,0.0
SCS24,2904,1785709597,14.0,5.39076,100.36989,0.0
SCS27,2901,1785709612,50.0,5.82588,100.47784,0.0
SCS24,2904,1785709672,27.0,5.387358,100.37346,0.0
SCS26,weekday_2008,1785709628,81.0,2.702043,101.957855,0.0
SCS04,2907,1785709654,115.0,6.593332,100.2632,0.0
SCS24,2904,1785709717,55.0,5.384918,100.37845,0.0
SCS04,2907,1785709714,119.0,6.575122,100.260345,0.0
SCS27,2901,1785709702,23.0,5.82315,100.47806,0.0
SCS05,weekday_2004,1785709693,19.0,2.834623,101.827644,0.0
EMU32,2900,1785709692,98.0,6.040188,100.402054,0.0
SCS26,weekday_2008,1785709673,51.0,2.707783,101.952286,0.0
DMU05,51,1785709659,15.0,5.319163,102.13125,0.0
SCS27,2901,1785709777,115.0,5.805812,100.48045,0.0
SCS04,2907,1785709774,116.0,6.556477,100.259575,0.0
EMU39,2903,1785709767,116.0,6.032433,100.40648,0.0
DMU05,51,1785709779,34.0,5.328427,102.12224,0.0
SCS24,2904,1785709777,94.0,5.378697,100.390175,0.0
SCS05,weekday_2004,1785709768,72.0,2.842298,101.82608,0.0
SCS26,weekday_2008,1785709748,38.0,2.714305,101.94717,0.0
EMU32,2900,1785709777,107.0,6.059713,100.391,0.0
SCS04,2907,1785709834,116.0,6.538242,100.25936,0.0
SCS24,2904,1785709822,94.0,5.373568,100.39989,0.0
SCS27,2901,1785709822,115.0,5.792708,100.48409,0.0
SCS13,weekday_2003,1785709815,0.0,3.237097,101.68109,0.0
EMU39,2903,1785709812,119.0,6.020305,100.41334,0.0
SCS26,weekday_2008,1785709793,39.0,2.717182,101.942894,0.0
EMU39,2903,1785709902,123.0,5.995252,100.427475,0.0
DMU05,51,1785709899,41.0,5.3332,102.11995,0.0
SCS13,weekday_2003,1785709890,49.0,3.23322,101.67791,0.0
SCS05,weekday_2004,1785709888,25.0,2.85942,101.82053,0.0
SCS26,weekday_2008,1785709838,0.0,2.718652,101.940765,0.0
SCS04,2907,1785709894,26.0,6.524798,100.25708,0.0
SCS27,2901,1785709882,117.0,5.776257,100.49178,0.0
EMU32,2900,1785709867,104.0,6.081157,100.37913,0.0
SCS24,2904,1785709852,94.0,5.370198,100.406715,0.0
SCS24,2904,1785709942,14.0,5.364408,100.421715,0.0
SCS05,weekday_2004,1785709933,8.0,2.861587,101.819916,0.0
EMU39,2903,1785709932,119.0,5.986955,100.432175,0.0
EMU32,2900,1785709897,100.0,6.088193,100.37518,0.0
SCS27,2901,1785709957,119.0,5.755098,100.50114,0.0
SCS04,2907,1785709939,0.0,6.524348,100.257,0.0
SCS26,weekday_2008,1785709928,5.0,2.718705,101.94056,0.0
DMU05,51,1785709914,46.0,5.334968,102.11938,0.0
SCS13,weekday_2003,1785709995,46.0,3.217302,101.67226,0.0
SCS24,2904,1785709972,0.0,5.364317,100.42197,0.0
SCS04,2907,1785710014,120.0,6.510468,100.25462,0.0
EMU32,2900,1785709987,68.0,6.107767,100.3672,0.0
SCS27,2901,1785709972,118.0,5.75088,100.503075,0.0
DMU05,51,1785710004,44.0,5.347902,102.11745,0.0
SCS04,2907,1785710074,116.0,6.492227,100.2535,0.0
SCS13,weekday_2003,1785710070,0.0,3.21389,101.67205,0.0
SCS05,weekday_2004,1785710068,13.0,2.871963,101.81789,0.0
EMU39,2903,1785710067,15.0,5.9716,100.44087,0.0
DMU05,51,1785710064,46.0,5.35278,102.11461,0.0
SCS27,2901,1785710062,115.0,5.725472,100.51286,0.0
SCS26,weekday_2008,1785710048,40.0,2.721028,101.93498,0.0
EMU32,2900,1785710047,0.0,6.112722,100.369415,0.0
SCS24,2904,1785710047,93.0,5.362258,100.42921,0.0
SCS04,2907,1785710134,116.0,6.473898,100.25403,0.0
SCS13,weekday_2003,1785710130,57.0,3.207792,101.67313,0.0
EMU39,2903,1785710127,89.0,5.963262,100.44557,0.0
SCS26,weekday_2008,1785710123,50.0,2.724138,101.924286,0.0
EMU32,2900,1785710107,58.0,6.11494,100.37044,0.0
SCS24,2904,1785710092,91.0,5.366323,100.43971,0.0
DMU05,51,1785710079,49.0,5.35392,102.112946,0.0
SCS27,2901,1785710122,114.0,5.707977,100.511696,0.0
SCS24,2904,1785710197,0.0,5.366242,100.44852,0.0
SCS04,2907,1785710194,116.0,6.456525,100.25986,0.0
SCS13,weekday_2003,1785710190,0.0,3.20429,101.67595,0.0
EMU39,2903,1785710187,115.0,5.948972,100.453636,0.0
SCS27,2901,1785710167,114.0,5.695162,100.50774,0.0
DMU05,51,1785710154,52.0,5.359408,102.103645,0.0
SCS26,weekday_2008,1785710153,27.0,2.723202,101.92183,0.0
EMU32,2900,1785710137,92.0,6.120623,100.373055,0.0
SCS04,2907,1785710254,93.0,6.439685,100.26566,0.0
DMU05,51,1785710214,35.0,5.361518,102.09677,0.0
SCS26,weekday_2008,1785710213,77.0,2.725433,101.91252,0.0
SCS05,weekday_2004,1785710263,77.0,2.886955,101.800285,0.0
EMU39,2903,1785710262,119.0,5.927678,100.46323,0.0
SCS24,2904,1785710212,23.0,5.366163,100.44894,0.0
SCS13,weekday_2003,1785710235,0.0,3.20429,101.67595,0.0
SCS27,2901,1785710212,113.0,5.684008,100.50018,0.0
SCS13,weekday_2003,1785710325,17.0,3.19817,101.68125,0.0
SCS26,weekday_2008,1785710303,74.0,2.734192,101.896385,0.0
SCS27,2901,1785710287,108.0,5.662975,100.49347,0.0
EMU32,2900,1785710257,101.0,6.151715,100.379906,0.0
SCS24,2904,1785710257,52.0,5.36506,100.455765,0.0
DMU11(D6122),53,1785710311,72.0,6.18513,102.17826,0.0
EMU39,2903,1785710307,117.0,5.914775,100.468185,0.0
SCS04,2907,1785710299,17.0,6.432803,100.26803,0.0
DMU05,51,1785710259,10.0,5.362573,102.092995,0.0
DMU11(D6122),53,1785710371,77.0,6.177478,102.1875,0.0
SCS13,weekday_2003,1785710370,0.0,3.197857,101.68153,0.0
SCS24,2904,1785710392,43.0,5.359735,100.46685,0.0
SCS04,2907,1785710359,0.0,6.432557,100.26813,0.0
SCS26,weekday_2008,1785710348,72.0,2.741097,101.89149,0.0
SCS27,2901,1785710347,82.0,5.647038,100.490746,0.0
EMU39,2903,1785710337,117.0,5.906107,100.47152,0.0
SCS05,weekday_2004,1785710368,48.0,2.901573,101.785095,0.0
EMU32,2900,1785710347,86.0,6.17592,100.378174,0.0
SCS26,weekday_2008,1785710438,46.0,2.740703,101.87413,0.0
EMU32,2900,1785710437,0.0,6.182863,100.375046,0.0
DMU05,51,1785710409,0.0,5.362733,102.09271,0.0
SCS19,weekday_2112,1785710435,3.0,2.999342,101.391495,0.0
SCS04,2907,1785710434,107.0,6.422122,100.27171,0.0
DMU11(D6122),53,1785710431,70.0,6.168753,102.194954,0.0
SCS13,weekday_2003,1785710430,46.0,3.19357,101.68519,0.0
SCS22,weekday_2014,1785710428,0.0,2.463755,102.22557,0.0
SCS24,2904,1785710422,73.0,5.364342,100.467415,0.0
SCS05,weekday_2004,1785710428,0.0,2.903765,101.786224,0.0
EMU39,2903,1785710427,118.0,5.879143,100.47694,0.0
EMU32,2900,1785710437,0.0,6.182863,100.375046,0.0
SCS13,weekday_2003,1785710490,46.0,3.187275,101.68968,0.0
SCS24,2904,1785710452,108.0,5.371608,100.468315,0.0
DMU05,51,1785710439,0.0,5.362827,102.092705,0.0
SCS27,2901,1785710437,4.0,5.642278,100.48992,0.0
SCS05,weekday_2004,1785710503,13.0,2.90505,101.787056,0.0
SCS22,weekday_2014,1785710503,25.0,2.465195,102.222946,0.0
EMU39,2903,1785710502,117.0,5.855785,100.47692,0.0
DMU11(D6122),53,1785710491,70.0,6.164048,102.20449,0.0
SCS19,weekday_2112,1785710480,9.0,3.000902,101.39073,0.0
SCS04,2907,1785710479,117.0,6.40907,100.27621,0.0
SCS19,weekday_2112,1785710555,17.0,3.003877,101.39253,0.0
SCS04,2907,1785710554,116.0,6.389895,100.28851,0.0
DMU11(D6122),53,1785710551,27.0,6.161257,102.21205,0.0
SCS22,weekday_2014,1785710548,38.0,2.467107,102.219765,0.0
EMU32,2900,1785710497,91.0,6.189327,100.37083,0.0
EMU39,2903,1785710547,116.0,5.841835,100.47689,0.0
SCS05,weekday_2004,1785710548,11.0,2.906157,101.78885,0.0
SCS24,2904,1785710542,115.0,5.398567,100.471695,0.0
SCS13,weekday_2003,1785710535,31.0,3.182867,101.68889,0.0
DMU05,51,1785710514,4.0,5.362893,102.09258,0.0
SCS26,weekday_2008,1785710513,46.0,2.741507,101.871155,0.0
SCS27,2901,1785710512,107.0,5.630187,100.49152,0.0
DMU11(D6122),53,1785710611,53.0,6.160023,102.21494,0.0
EMU39,2903,1785710586,89.0,5.83064,100.47747,0.0
SCS24,2904,1785710572,112.0,5.407318,100.473335,0.0
SCS26,weekday_2008,1785710558,99.0,2.744098,101.86199,0.0
SCS27,2901,1785710557,115.0,5.617598,100.496635,0.0
EMU32,2900,1785710557,102.0,6.205085,100.36673,0.0
SCS19,weekday_2112,1785710615,59.0,3.00974,101.39881,0.0
SCS04,2907,1785710614,89.0,6.375708,100.29912,0.0
SCS13,weekday_2003,1785710610,0.0,3.181698,101.68839,0.0
DMU05,51,1785710574,29.0,5.364448,102.08961,0.0
EMU32,2900,1785710647,107.0,6.229423,100.36177,0.0
DMU05,51,1785710619,34.0,5.368632,102.08706,0.0
SCS19,weekday_2112,1785710675,0.0,3.013115,101.40235,0.0
SCS04,2907,1785710674,0.0,6.371288,100.30243,0.0
DMU11(D6122),53,1785710671,52.0,6.156892,102.22436,0.0
SCS13,weekday_2003,1785710670,30.0,3.178165,101.686844,0.0
SCS22,weekday_2014,1785710668,109.0,2.457503,102.20111,0.0
SCS05,weekday_2004,1785710668,82.0,2.915248,101.796715,0.0
SCS24,2904,1785710647,116.0,5.427365,100.483536,0.0
SCS26,weekday_2008,1785710663,56.0,2.751145,101.83687,0.0
SCS27,2901,1785710662,113.0,5.586488,100.49416,0.0
EMU39,2903,1785710661,0.0,5.824348,100.477974,0.0
SCS13,weekday_2003,1785710730,26.0,3.173622,101.684814,0.0
SCS26,weekday_2008,1785710693,17.0,2.751848,101.83438,0.0
SCS19,weekday_2112,1785710750,47.0,3.016367,101.40589,0.0
SCS04,2907,1785710749,66.0,6.369513,100.30375,0.0
DMU11(D6122),53,1785710746,54.0,6.147823,102.22873,0.0
EMU39,2903,1785710706,58.0,5.820668,100.47827,0.0
SCS22,weekday_2014,1785710743,105.0,2.45658,102.18417,0.0
SCS05,weekday_2004,1785710743,75.0,2.929527,101.79398,0.0
DMU05,51,1785710709,2.0,5.371695,102.08539,0.0
SCS24,2904,1785710707,115.0,5.443642,100.49083,0.0
EMU32,2900,1785710733,102.0,6.251868,100.35718,0.0
SCS27,2901,1785710707,117.0,5.572918,100.49635,0.0
SCS19,weekday_2112,1785710795,25.0,3.020032,101.40982,0.0
SCS04,2907,1785710794,119.0,6.360053,100.31082,0.0
SCS27,2901,1785710737,114.0,5.563983,100.49781,0.0
EMU32,2900,1785710793,101.0,6.268107,100.35387,0.0
DMU11(D6122),53,1785710791,67.0,6.140312,102.225975,0.0
SCS22,weekday_2014,1785710788,104.0,2.468592,102.181694,0.0
SCS05,weekday_2004,1785710788,66.0,2.937275,101.79101,0.0
DMU05,51,1785710769,0.0,5.371858,102.08529,0.0
SCS26,weekday_2008,1785710768,26.0,2.753278,101.829414,0.0
SCS24,2904,1785710752,114.0,5.45675,100.4943,0.0
EMU39,2903,1785710871,121.0,5.780638,100.49004,0.0
SCS27,2901,1785710827,114.0,5.537573,100.5033,0.0
SCS24,2904,1785710797,114.0,5.469948,100.4961,0.0
SCS19,weekday_2112,1785710855,0.0,3.020272,101.41007,0.0
SCS04,2907,1785710854,116.0,6.345388,100.32179,0.0
EMU32,2900,1785710853,105.0,6.284265,100.35057,0.0
DMU11(D6122),53,1785710851,68.0,6.132898,102.21753,0.0
SCS26,weekday_2008,1785710858,14.0,2.754058,101.826584,0.0
EMU39,2903,1785710886,118.0,5.776217,100.49176,0.0
SCS13,weekday_2003,1785710882,15.0,3.165487,101.69083,0.0
SCS19,weekday_2112,1785710915,67.0,3.022362,101.41231,0.0
SCS04,2907,1785710914,116.0,6.330688,100.33278,0.0
EMU32,2900,1785710913,104.0,6.300668,100.347206,0.0
SCS22,weekday_2014,1785710908,110.0,2.501057,102.17497,0.0
SCS05,weekday_2004,1785710908,74.0,2.944017,101.786255,0.0
DMU11(D6122),53,1785710896,63.0,6.12776,102.2113,0.0
DMU05,51,1785710889,5.0,5.374458,102.083954,0.0
SCS26,weekday_2008,1785710888,24.0,2.754545,101.82477,0.0
SCS24,2904,1785710887,0.0,5.482897,100.49815,0.0
SCS27,2901,1785710857,114.0,5.528895,100.50576,0.0
SCS13,weekday_2003,1785710987,43.0,3.163152,101.69196,0.0
DMU11(D6122),53,1785710986,25.0,6.121298,102.20348,0.0
SCS22,weekday_2014,1785710983,104.0,2.520878,102.16696,0.0
SCS24,2904,1785710977,93.0,5.49008,100.500084,0.0
EMU39,2903,1785710976,117.0,5.750458,100.503204,0.0
SCS19,weekday_2112,1785710975,69.0,3.032318,101.42297,0.0
EMU32,2900,1785710973,98.0,6.316118,100.34339,0.0
SCS04,2907,1785710959,116.0,6.319643,100.34103,0.0
SCS26,weekday_2008,1785710933,84.0,2.756517,101.81779,0.0
SCS27,2901,1785710932,114.0,5.507035,100.50464,0.0
SCS13,weekday_2003,1785711047,35.0,3.154747,101.69309,0.0
DMU11(D6122),53,1785711046,10.0,6.118895,102.20116,0.0
SCS26,weekday_2008,1785711008,90.0,2.768137,101.80505,0.0
SCS27,2901,1785711007,85.0,5.485917,100.498985,0.0
DMU05,51,1785710979,22.0,5.378237,102.082016,0.0
EMU39,2903,1785711006,113.0,5.742023,100.50646,0.0
SCS24,2904,1785711022,105.0,5.502205,100.50333,0.0
SCS19,weekday_2112,1785711035,0.0,3.033755,101.42456,0.0
SCS04,2907,1785711034,116.0,6.298022,100.34779,0.0
EMU32,2900,1785711033,100.0,6.329007,100.33397,0.0
SCS05,weekday_2004,1785711028,0.0,2.961948,101.792145,0.0
EMU39,2903,1785711111,114.0,5.711697,100.51265,0.0
SCS22,weekday_2014,1785711043,106.0,2.53342,102.15692,0.0
SCS26,weekday_2008,1785711038,102.0,2.775647,101.8024,0.0
SCS27,2901,1785711037,16.0,5.482067,100.497925,0.0
SCS05,weekday_2004,1785711073,15.0,2.96246,101.79193,0.0
SCS13,weekday_2003,1785711077,0.0,3.153933,101.692406,0.0
SCS19,weekday_2112,1785711095,73.0,3.036438,101.42742,0.0
SCS04,2907,1785711094,117.0,6.280045,100.35148,0.0
EMU32,2900,1785711093,105.0,6.342305,100.32404,0.0
DMU11(D6122),53,1785711076,0.0,6.118638,102.20084,0.0
SCS24,2904,1785711067,115.0,5.514655,100.50667,0.0
SCS24,2904,1785711142,114.0,5.536473,100.50362,0.0
SCS19,weekday_2112,1785711155,0.0,3.039947,101.43118,0.0
SCS04,2907,1785711154,116.0,6.262082,100.35514,0.0
EMU32,2900,1785711153,98.0,6.355208,100.314384,0.0
SCS13,weekday_2003,1785711152,10.0,3.153765,101.69226,0.0
DMU11(D6122),53,1785711151,0.0,6.118643,102.200745,0.0
SCS05,weekday_2004,1785711148,36.0,2.970473,101.79028,0.0
DMU05,51,1785711144,22.0,5.390185,102.071556,0.0
SCS26,weekday_2008,1785711143,68.0,2.79874,101.79685,0.0
SCS27,2901,1785711142,71.0,5.477417,100.49672,0.0
EMU39,2903,1785711096,117.0,5.716118,100.513756,0.0
SCS24,2904,1785711187,114.0,5.549538,100.500175,0.0
EMU39,2903,1785711156,117.0,5.698493,100.50927,0.0
SCS19,weekday_2112,1785711230,67.0,3.041715,101.43308,0.0
SCS04,2907,1785711214,116.0,6.244113,100.358826,0.0
SCS27,2901,1785711187,117.0,5.465605,100.49652,0.0
DMU05,51,1785711159,33.0,5.39006,102.07029,0.0
SCS26,weekday_2008,1785711158,40.0,2.800597,101.798164,0.0
SCS13,weekday_2003,1785711212,37.0,3.146698,101.69112,0.0
DMU11(D6122),53,1785711211,18.0,6.11636,102.19868,0.0
EMU32,2900,1785711210,75.0,6.366147,100.30623,0.0
SCS19,weekday_2112,1785711275,11.0,3.044928,101.43651,0.0
SCS04,2907,1785711274,116.0,6.226233,100.36247,0.0
EMU32,2900,1785711270,0.0,6.370513,100.302956,0.0
EMU39,2903,1785711284,109.0,5.66263,100.49341,0.0
SCS13,weekday_2003,1785711272,24.0,3.14301,101.69389,0.0
DMU11(D6122),53,1785711271,48.0,6.113495,102.19508,0.0
SCS27,2901,1785711262,114.0,5.443657,100.490906,0.0
DMU05,51,1785711234,0.0,5.3903,102.06492,0.0
SCS26,weekday_2008,1785711233,0.0,2.801805,101.79926,0.0
SCS24,2904,1785711262,114.0,5.571762,100.49651,0.0
SCS24,2904,1785711337,115.0,5.594062,100.49299,0.0
EMU29,2906,1785711349,23.0,5.392182,100.36781,0.0
SCS04,2907,1785711349,116.0,6.203755,100.36706,0.0
SCS27,2901,1785711307,115.0,5.431147,100.48598,0.0
DMU05,51,1785711294,0.0,5.3903,102.06492,0.0
SCS26,weekday_2008,1785711278,0.0,2.801805,101.79926,0.0
EMU39,2903,1785711275,0.0,5.665507,100.49391,0.0
SCS13,weekday_2003,1785711332,8.0,3.139367,101.69354,0.0
DMU11(D6122),53,1785711331,68.0,6.107183,102.187325,0.0
SCS19,weekday_2112,1785711320,76.0,3.046838,101.44084,0.0
SCS04,2907,1785711379,113.0,6.194865,100.368866,0.0
SCS22,weekday_2014,1785711373,24.0,2.591628,102.095436,0.0
SCS05,weekday_2004,1785711368,0.0,2.982087,101.79053,0.0
DMU05,51,1785711339,39.0,5.390437,102.062325,0.0
SCS26,weekday_2008,1785711338,13.0,2.801947,101.79939,0.0
SCS27,2901,1785711337,112.0,5.423648,100.4811,0.0
DMU11(D6122),53,1785711391,67.0,6.099598,102.17955,0.0
EMU32,2900,1785711390,105.0,6.385435,100.29181,0.0
EMU29,2906,1785711379,16.0,5.391285,100.36918,0.0
EMU39,2903,1785711404,0.0,5.642785,100.48998,0.0
SCS19,weekday_2112,1785711395,33.0,3.044233,101.44739,0.0
SCS13,weekday_2003,1785711377,0.0,3.139195,101.693474,0.0
SCS04,2907,1785711424,55.0,6.185425,100.37344,0.0
SCS13,weekday_2003,1785711452,16.0,3.136822,101.69075,0.0
DMU11(D6122),53,1785711451,76.0,6.091542,102.17186,0.0
EMU32,2900,1785711450,99.0,6.398267,100.28221,0.0
EMU39,2903,1785711449,17.0,5.642108,100.48994,0.0
SCS05,weekday_2004,1785711428,10.0,2.983035,101.790535,0.0
DMU05,51,1785711399,53.0,5.393065,102.054245,0.0
SCS24,2904,1785711457,116.0,5.628838,100.49208,0.0
SCS19,weekday_2112,1785711440,4.0,3.043203,101.45033,0.0
EMU29,2906,1785711439,19.0,5.388573,100.37202,0.0
SCS27,2901,1785711472,111.0,5.384905,100.46999,0.0
SCS05,weekday_2004,1785711458,14.0,2.984527,101.79053,0.0
EMU39,2903,1785711509,80.0,5.634118,100.489914,0.0
SCS22,weekday_2014,1785711508,86.0,2.599458,102.0908,0.0
SCS24,2904,1785711502,64.0,5.64046,100.4896,0.0
SCS26,weekday_2008,1785711488,58.0,2.819683,101.81803,0.0
DMU05,51,1785711519,29.0,5.38971,102.044495,0.0
SCS04,2907,1785711514,0.0,6.183782,100.37454,0.0
EMU29,2906,1785711514,92.0,5.38348,100.381195,0.0
SCS13,weekday_2003,1785711512,0.0,3.135383,101.687225,0.0
DMU11(D6122),53,1785711511,79.0,6.081373,102.16479,0.0
EMU32,2900,1785711510,100.0,6.412402,100.27499,0.0
SCS19,weekday_2112,1785711515,24.0,3.042378,101.45161,0.0
SCS26,weekday_2008,1785711518,48.0,2.822965,101.8209,0.0
DMU11(D6122),53,1785711571,78.0,6.071235,102.15777,0.0
SCS13,weekday_2003,1785711572,0.0,3.135383,101.687225,0.0
EMU39,2903,1785711569,103.0,5.620387,100.495636,0.0
SCS27,2901,1785711577,40.0,5.359698,100.466835,0.0
SCS24,2904,1785711577,0.0,5.643722,100.49018,0.0
SCS19,weekday_2112,1785711575,12.0,3.040777,101.45286,0.0
SCS04,2907,1785711574,110.0,6.175125,100.37835,0.0
DMU05,51,1785711519,29.0,5.38971,102.044495,0.0
EMU29,2906,1785711559,98.0,5.37794,100.39164,0.0
SCS05,weekday_2004,1785711533,57.0,2.990557,101.78709,0.0
EMU32,2900,1785711540,93.0,6.419653,100.27249,0.0
SCS05,weekday_2004,1785711623,78.0,2.99495,101.76906,0.0
SCS19,weekday_2112,1785711635,68.0,3.035895,101.456696,0.0
SCS13,weekday_2003,1785711632,0.0,3.135383,101.687225,0.0
DMU11(D6122),53,1785711631,78.0,6.060257,102.15157,0.0
EMU32,2900,1785711630,0.0,6.431413,100.268425,0.0
SCS04,2907,1785711619,117.0,6.161257,100.37932,0.0
SCS26,weekday_2008,1785711608,8.0,2.826627,101.825645,0.0
SCS27,2901,1785711607,43.0,5.357103,100.46501,0.0
EMU39,2903,1785711629,120.0,5.60264,100.49435,0.0
SCS22,weekday_2014,1785711628,104.0,2.62576,102.07248,0.0
SCS24,2904,1785711622,72.0,5.647912,100.49089,0.0
EMU29,2906,1785711619,98.0,5.370652,100.405655,0.0
EMU29,2906,1785711694,31.0,5.365022,100.42019,0.0
SCS04,2907,1785711694,116.0,6.13836,100.38054,0.0
SCS05,weekday_2004,1785711638,73.0,2.993077,101.7667,0.0
EMU39,2903,1785711689,112.0,5.584157,100.494514,0.0
DMU05,51,1785711684,17.0,5.381203,102.03493,0.0
SCS24,2904,1785711697,115.0,5.668412,100.494385,0.0
SCS19,weekday_2112,1785711710,15.0,3.035287,101.46973,0.0
SCS13,weekday_2003,1785711692,0.0,3.135383,101.687225,0.0
DMU11(D6122),53,1785711691,57.0,6.050168,102.146255,0.0
EMU32,2900,1785711690,53.0,6.433605,100.26768,0.0
SCS04,2907,1785711739,116.0,6.125635,100.37538,0.0
SCS13,weekday_2003,1785711737,0.0,3.135383,101.687225,0.0
DMU05,51,1785711699,15.0,5.380628,102.03445,0.0
EMU29,2906,1785711754,28.0,5.364352,100.42192,0.0
EMU39,2903,1785711749,107.0,5.568078,100.49718,0.0
SCS24,2904,1785711742,114.0,5.681138,100.49821,0.0
SCS05,weekday_2004,1785711713,87.0,2.991867,101.75095,0.0
SCS26,weekday_2008,1785711698,0.0,2.829868,101.82674,0.0
SCS27,2901,1785711727,63.0,5.365975,100.4502,0.0
DMU05,51,1785711789,0.0,5.37885,102.032295,0.0
EMU39,2903,1785711794,119.0,5.554662,100.49937,0.0
DMU11(D6122),53,1785711811,0.0,6.042823,102.14247,0.0
EMU32,2900,1785711780,103.0,6.45385,100.26071,0.0
SCS13,weekday_2003,1785711797,0.0,3.135383,101.687225,0.0
SCS27,2901,1785711757,4.0,5.366398,100.44727,0.0
SCS04,2907,1785711814,1.0,6.113563,100.36989,0.0
SCS05,weekday_2004,1785711758,79.0,2.995282,101.74168,0.0
SCS19,weekday_2112,1785711755,5.0,3.03552,101.46993,0.0
SCS24,2904,1785711817,114.0,5.70036,100.50975,0.0
EMU29,2906,1785711814,100.0,5.363342,100.43332,0.0
SCS13,weekday_2003,1785711872,0.0,3.135383,101.687225,0.0
DMU11(D6122),53,1785711871,0.0,6.042818,102.14241,0.0
SCS22,weekday_2014,1785711853,94.0,2.653997,102.023224,0.0
SCS19,weekday_2112,1785711875,62.0,3.051937,101.477776,0.0
EMU32,2900,1785711870,105.0,6.477527,100.25366,0.0
EMU39,2903,1785711869,118.0,5.53219,100.50487,0.0
SCS24,2904,1785711862,114.0,5.71345,100.51306,0.0
EMU29,2906,1785711859,68.0,5.367008,100.443375,0.0
DMU05,51,1785711849,13.0,5.374663,102.03112,0.0
SCS04,2907,1785711859,4.0,6.11354,100.36988,0.0
EMU29,2906,1785711934,0.0,5.366452,100.44721,0.0
DMU11(D6122),53,1785711931,11.0,6.041715,102.141785,0.0
EMU32,2900,1785711930,100.0,6.493625,100.2534,0.0
DMU05,51,1785711879,3.0,5.37332,102.03111,0.0
SCS24,2904,1785711907,113.0,5.726498,100.51243,0.0
EMU39,2903,1785711899,119.0,5.52322,100.50739,0.0
SCS19,weekday_2112,1785711935,25.0,3.052488,101.48791,0.0
SCS04,2907,1785711934,108.0,6.099917,100.368614,0.0
SCS13,weekday_2003,1785711932,0.0,3.135383,101.687225,0.0
SCS05,weekday_2004,1785711908,29.0,3.005102,101.72842,0.0
SCS26,weekday_2008,1785711893,68.0,2.840773,101.82754,0.0
SCS27,2901,1785711892,72.0,5.365248,100.437386,0.0
SCS19,weekday_2112,1785711995,0.0,3.052398,101.49229,0.0
EMU32,2900,1785711990,0.0,6.50917,100.25435,0.0
EMU39,2903,1785711989,116.0,5.496105,100.50174,0.0
SCS22,weekday_2014,1785711988,28.0,2.65805,102.00082,0.0
SCS26,weekday_2008,1785711983,79.0,2.857408,101.82109,0.0
SCS05,weekday_2004,1785711983,49.0,3.013932,101.72341,0.0
SCS27,2901,1785711982,21.0,5.364255,100.42212,0.0
SCS04,2907,1785711979,117.0,6.087862,100.37545,0.0
EMU29,2906,1785711994,8.0,5.366412,100.44737,0.0
SCS13,weekday_2003,1785711977,0.0,3.135383,101.687225,0.0
DMU11(D6122),53,1785711976,14.0,6.039878,102.14085,0.0
DMU05,51,1785711939,10.0,5.371312,102.030754,0.0
DMU11(D6122),53,1785712006,17.0,6.038587,102.14018,0.0
SCS04,2907,1785712054,116.0,6.067717,100.386566,0.0
SCS24,2904,1785712012,114.0,5.755825,100.50076,0.0
SCS27,2901,1785711997,0.0,5.364363,100.42183,0.0
SCS19,weekday_2112,1785712055,19.0,3.052375,101.49258,0.0
EMU29,2906,1785712054,56.0,5.365188,100.455345,0.0
SCS22,weekday_2014,1785712048,20.0,2.660467,101.996124,0.0
EMU32,2900,1785711999,95.0,6.511448,100.25474,0.0
SCS05,weekday_2004,1785711998,35.0,3.015373,101.722336,0.0
DMU11(D6122),53,1785712111,58.0,6.027793,102.13984,0.0
SCS05,weekday_2004,1785712058,21.0,3.017977,101.719284,0.0
SCS19,weekday_2112,1785712115,34.0,3.0522,101.49755,0.0
SCS04,2907,1785712114,116.0,6.051715,100.39562,0.0
SCS27,2901,1785712087,1.0,5.364797,100.420715,0.0
EMU29,2906,1785712114,41.0,5.360253,100.46124,0.0
EMU39,2903,1785712108,7.0,5.481812,100.4979,0.0
SCS24,2904,1785712087,114.0,5.776385,100.49167,0.0
SCS22,weekday_2014,1785712108,0.0,2.661012,101.99558,0.0
DMU05,51,1785712059,36.0,5.368368,102.025185,0.0
SCS26,weekday_2008,1785712058,47.0,2.86599,101.819305,0.0
EMU32,2900,1785712179,99.0,6.534565,100.25866,0.0
EMU29,2906,1785712175,41.0,5.35858,100.46672,0.0
SCS05,weekday_2004,1785712148,0.0,3.022763,101.716225,0.0
EMU39,2903,1785712168,82.0,5.474073,100.496,0.0
SCS22,weekday_2014,1785712168,0.0,2.661012,101.99558,0.0
SCS19,weekday_2112,1785712160,78.0,3.051548,101.50362,0.0
SCS04,2907,1785712174,114.0,6.035917,100.40454,0.0
DMU11(D6122),53,1785712171,61.0,6.017633,102.14028,0.0
SCS24,2904,1785712117,114.0,5.784633,100.4881,0.0
SCS27,2901,1785712132,68.0,5.366573,100.41614,0.0
SCS26,weekday_2008,1785712118,19.0,2.871823,101.8179,0.0
SCS24,2904,1785712207,122.0,5.810662,100.47924,0.0
EMU39,2903,1785712228,112.0,5.45848,100.4948,0.0
DMU05,51,1785712194,28.0,5.379922,102.01515,0.0
DMU11(D6122),53,1785712201,58.0,6.01275,102.13999,0.0
SCS26,weekday_2008,1785712178,30.0,2.876972,101.81622,0.0
SCS05,weekday_2004,1785712238,10.0,3.023238,101.7159,0.0
SCS19,weekday_2112,1785712235,59.0,3.055713,101.52243,0.0
EMU29,2906,1785712235,45.0,5.366153,100.46768,0.0
SCS04,2907,1785712234,117.0,6.019923,100.41355,0.0
SCS27,2901,1785712222,91.0,5.375768,100.39581,0.0
SCS22,weekday_2014,1785712213,0.0,2.661012,101.99558,0.0
SCS05,weekday_2004,1785712238,10.0,3.023238,101.7159,0.0
SCS19,weekday_2112,1785712310,0.0,3.056642,101.52457,0.0
SCS04,2907,1785712309,116.0,5.999958,100.42484,0.0
EMU29,2906,1785712295,84.0,5.37498,100.468735,0.0
DMU11(D6122),53,1785712261,70.0,6.002643,102.14144,0.0
SCS24,2904,1785712252,58.0,5.82156,100.47819,0.0
DMU05,51,1785712239,14.0,5.379087,102.01223,0.0
SCS26,weekday_2008,1785712238,87.0,2.884742,101.80785,0.0
SCS27,2901,1785712237,89.0,5.3774,100.39265,0.0
SCS13,weekday_2002,1785712322,0.0,3.135383,101.687225,0.0
SCS26,weekday_2008,1785712313,85.0,2.89278,101.7937,0.0
SCS05,weekday_2004,1785712313,15.0,3.026337,101.71432,0.0
EMU32,2900,1785712299,97.0,6.566988,100.25909,0.0
DMU11(D6122),53,1785712351,72.0,5.984908,102.14272,0.0
SCS04,2907,1785712339,116.0,5.991967,100.42936,0.0
DMU05,51,1785712329,0.0,5.376987,102.01012,0.0
EMU29,2906,1785712325,109.0,5.382735,100.46973,0.0
SCS27,2901,1785712342,3.0,5.384552,100.379105,0.0
SCS19,weekday_2112,1785712340,10.0,3.056697,101.52469,0.0
EMU39,2903,1785712348,117.0,5.424748,100.48185,0.0
SCS24,2904,1785712342,6.0,5.825128,100.47789,0.0
SCS22,weekday_2014,1785712333,68.0,2.671087,101.98811,0.0
SCS26,weekday_2008,1785712388,49.0,2.901882,101.785194,0.0
EMU32,2900,1785712419,106.0,6.598097,100.26316,0.0
SCS28,weekday_2102,1785712413,12.0,3.083235,101.61212,0.0
SCS27,2901,1785712372,4.0,5.384822,100.37859,0.0
DMU05,51,1785712434,0.0,5.376967,102.01003,0.0
SCS05,weekday_2004,1785712433,79.0,3.042602,101.708115,0.0
SCS24,2904,1785712402,104.0,5.83489,100.4771,0.0
SCS13,weekday_2002,1785712397,0.0,3.135383,101.687225,0.0
SCS19,weekday_2112,1785712400,100.0,3.059788,101.53537,0.0
EMU29,2906,1785712400,115.0,5.405505,100.47279,0.0
DMU11(D6122),53,1785712396,75.0,5.976017,102.14335,0.0
SCS04,2907,1785712399,82.0,5.976783,100.43792,0.0
EMU39,2903,1785712363,114.0,5.420922,100.47937,0.0
SCS27,2901,1785712417,33.0,5.38623,100.37588,0.0
DMU11(D6122),53,1785712471,71.0,5.960998,102.14441,0.0
SCS05,weekday_2004,1785712463,78.0,3.048607,101.7066,0.0
SCS24,2904,1785712432,109.0,5.843655,100.476845,0.0
EMU29,2906,1785712430,116.0,5.41425,100.4759,0.0
SCS19,weekday_2112,1785712430,55.0,3.061372,101.54196,0.0
SCS04,2907,1785712429,25.0,5.973097,100.44002,0.0
EMU39,2903,1785712468,105.0,5.3912,100.470825,0.0
SCS28,weekday_2102,1785712473,27.0,3.08299,101.61074,0.0
SCS13,weekday_2002,1785712472,19.0,3.137435,101.69209,0.0
SCS24,2904,1785712537,113.0,5.875137,100.47692,0.0
SCS28,weekday_2102,1785712518,16.0,3.082843,101.60772,0.0
SCS27,2901,1785712507,18.0,5.388712,100.37183,0.0
EMU39,2903,1785712498,99.0,5.383182,100.4698,0.0
SCS13,weekday_2002,1785712502,15.0,3.138688,101.6933,0.0
SCS05,weekday_2004,1785712553,82.0,3.06988,101.70857,0.0
EMU29,2906,1785712550,117.0,5.447457,100.49182,0.0
SCS04,2907,1785712534,105.0,5.964877,100.44466,0.0
DMU11(D6122),53,1785712531,74.0,5.949683,102.14747,0.0
SCS19,weekday_2112,1785712505,58.0,3.072218,101.55267,0.0
SCS22,weekday_2014,1785712498,0.0,2.691265,101.971535,0.0
SCS04,2907,1785712594,117.0,5.948877,100.4537,0.0
SCS13,weekday_2002,1785712562,0.0,3.138913,101.69337,0.0
EMU32,2900,1785712539,103.0,6.629188,100.270195,0.0
SCS28,weekday_2102,1785712608,27.0,3.083603,101.5957,0.0
EMU29,2906,1785712595,116.0,5.460865,100.49537,0.0
DMU05,51,1785712584,33.0,5.372452,102.00848,0.0
SCS05,weekday_2004,1785712583,37.0,3.074978,101.71006,0.0
SCS26,weekday_2008,1785712583,14.0,2.906367,101.78961,0.0
SCS24,2904,1785712582,114.0,5.888627,100.476944,0.0
SCS27,2901,1785712582,22.0,5.39222,100.36783,0.0
DMU11(D6122),53,1785712576,71.0,5.941275,102.1498,0.0
EMU39,2903,1785712573,63.0,5.365727,100.467636,0.0
SCS22,weekday_2014,1785712573,81.0,2.696098,101.96856,0.0
SCS28,weekday_2102,1785712593,52.0,3.083222,101.5974,0.0
SCS13,weekday_2002,1785712592,16.0,3.139842,101.69365,0.0
DMU05,51,1785712599,46.0,5.37065,102.008385,0.0
SCS04,2907,1785712609,116.0,5.944905,100.455956,0.0
EMU32,2900,1785712599,94.0,6.638417,100.282555,0.0
SCS19,weekday_2112,1785712655,0.0,3.075637,101.559,0.0
EMU29,2906,1785712655,80.0,5.477252,100.496635,0.0
SCS24,2904,1785712642,114.0,5.905708,100.47163,0.0
SCS27,2901,1785712597,20.0,5.392803,100.36702,0.0
SCS05,weekday_2004,1785712598,10.0,3.07568,101.71055,0.0
SCS26,weekday_2008,1785712598,12.0,2.9065,101.79032,0.0
SCS13,weekday_2002,1785712712,64.0,3.148292,101.69076,0.0
DMU11(D6122),53,1785712711,73.0,5.915837,102.15673,0.0
EMU29,2906,1785712700,0.0,5.481962,100.497894,0.0
SCS22,weekday_2014,1785712708,52.0,2.712663,101.949524,0.0
SCS26,weekday_2008,1785712703,76.0,2.91656,101.79682,0.0
SCS05,weekday_2004,1785712703,27.0,3.077528,101.71261,0.0
EMU39,2903,1785712691,0.0,5.359267,100.4621,0.0
SCS19,weekday_2112,1785712670,0.0,3.075637,101.559,0.0
SCS04,2907,1785712699,116.0,5.919462,100.4664,0.0
SCS24,2904,1785712687,114.0,5.918382,100.46675,0.0
EMU32,2900,1785712659,85.0,6.647085,100.294205,0.0
DMU05,51,1785712659,39.0,5.362293,102.007675,0.0
EMU39,2903,1785712784,41.0,5.366033,100.44957,0.0
SCS22,weekday_2014,1785712783,42.0,2.717795,101.94205,0.0
SCS13,weekday_2002,1785712772,0.0,3.153807,101.69237,0.0
DMU11(D6122),53,1785712771,63.0,5.905043,102.15903,0.0
SCS26,weekday_2008,1785712748,70.0,2.92508,101.79494,0.0
SCS05,weekday_2004,1785712748,55.0,3.081263,101.71553,0.0
DMU05,51,1785712734,59.0,5.351398,102.01032,0.0
EMU32,2900,1785712719,73.0,6.652312,100.30535,0.0
SCS24,2904,1785712762,114.0,5.939417,100.45867,0.0
EMU29,2906,1785712760,49.0,5.483568,100.498314,0.0
SCS04,2907,1785712759,117.0,5.902347,100.472984,0.0
SCS28,weekday_2102,1785712740,0.0,3.084577,101.589096,0.0
DMU05,51,1785712794,58.0,5.34237,102.01343,0.0
SCS13,weekday_2002,1785712847,14.0,3.15401,101.692535,0.0
SCS04,2907,1785712834,116.0,5.880048,100.477,0.0
SCS24,2904,1785712837,114.0,5.959192,100.44784,0.0
SCS19,weekday_2112,1785712835,30.0,3.076672,101.56126,0.0
SCS26,weekday_2008,1785712823,52.0,2.937273,101.790985,0.0
EMU29,2906,1785712805,101.0,5.49295,100.50083,0.0
SCS05,weekday_2004,1785712793,50.0,3.085897,101.71296,0.0
DMU05,51,1785712899,63.0,5.326358,102.01945,0.0
SCS24,2904,1785712867,102.0,5.966798,100.443535,0.0
SCS05,weekday_2004,1785712898,20.0,3.092175,101.71031,0.0
SCS26,weekday_2008,1785712898,0.0,2.939058,101.788635,0.0
SCS13,weekday_2002,1785712892,47.0,3.158955,101.69292,0.0
EMU39,2903,1785712889,41.0,5.366705,100.44507,0.0
EMU29,2906,1785712886,119.0,5.515507,100.506874,0.0
SCS04,2907,1785712879,116.0,5.866297,100.47695,0.0
DMU11(D6122),53,1785712846,60.0,5.892138,102.15744,0.0
SCS19,weekday_2112,1785712865,35.0,3.076778,101.563995,0.0
DMU05,51,1785712959,61.0,5.316493,102.02037,0.0
SCS13,weekday_2002,1785712922,45.0,3.162693,101.69194,0.0
SCS28,weekday_2102,1785712905,9.0,3.08438,101.591515,0.0
SCS22,weekday_2014,1785712903,0.0,2.719342,101.93972,0.0
SCS26,weekday_2008,1785712958,71.0,2.944367,101.786385,0.0
SCS05,weekday_2004,1785712958,34.0,3.096183,101.70798,0.0
SCS24,2904,1785712957,5.0,5.972747,100.440186,0.0
SCS19,weekday_2112,1785712955,68.0,3.081377,101.57562,0.0
DMU11(D6122),53,1785712951,74.0,5.873952,102.15511,0.0
EMU39,2903,1785712949,93.0,5.363355,100.43346,0.0
EMU29,2906,1785712946,119.0,5.533507,100.504456,0.0
SCS04,2907,1785712924,117.0,5.852537,100.47696,0.0
SCS05,weekday_2004,1785712958,34.0,3.096183,101.70798,0.0
SCS24,2904,1785712957,5.0,5.972747,100.440186,0.0
DMU11(D6122),53,1785712996,76.0,5.865013,102.154015,0.0
DMU05,51,1785713019,45.0,5.307683,102.02183,0.0
SCS19,weekday_2112,1785713015,12.0,3.082247,101.58176,0.0
SCS28,weekday_2102,1785712995,0.0,3.084068,101.59332,0.0
EMU39,2903,1785712979,81.0,5.362557,100.42653,0.0
SCS04,2907,1785712999,88.0,5.83046,100.47751,0.0
SCS13,weekday_2002,1785712997,0.0,3.1651,101.691216,0.0
SCS22,weekday_2014,1785712993,6.0,2.720743,101.936134,0.0
EMU29,2906,1785712991,119.0,5.54686,100.5007,0.0
SCS22,weekday_2014,1785713023,4.0,2.720955,101.93531,0.0
EMU39,2903,1785713069,0.0,5.364603,100.42118,0.0
SCS05,weekday_2004,1785713033,5.0,3.097775,101.70602,0.0
DMU11(D6122),53,1785713086,82.0,5.846658,102.15177,0.0
SCS13,weekday_2002,1785713072,18.0,3.167372,101.68821,0.0
SCS19,weekday_2112,1785713060,0.0,3.082335,101.58203,0.0
SCS28,weekday_2102,1785713025,0.0,3.084068,101.59332,0.0
SCS04,2907,1785713059,0.0,5.82498,100.47796,0.0
EMU29,2906,1785713051,116.0,5.565182,100.49758,0.0
SCS26,weekday_2008,1785713033,56.0,2.95954,101.79283,0.0
SCS19,weekday_2112,1785713150,0.0,3.082335,101.58203,0.0
SCS04,2907,1785713134,95.0,5.817775,100.47857,0.0
SCS24,2904,1785713122,114.0,6.010822,100.41867,0.0
EMU29,2906,1785713096,117.0,5.578868,100.49533,0.0
EMU39,2903,1785713084,0.0,5.364603,100.42118,0.0
DMU11(D6122),53,1785713086,82.0,5.846658,102.15177,0.0
SCS13,weekday_2002,1785713132,15.0,3.170102,101.68532,0.0
DMU05,51,1785713124,0.0,5.300217,102.020256,0.0
SCS26,weekday_2008,1785713123,13.0,2.962455,101.791885,0.0
SCS05,weekday_2004,1785713153,72.0,3.104123,101.69798,0.0
SCS24,2904,1785713197,114.0,6.03045,100.40757,0.0
SCS19,weekday_2112,1785713195,0.0,3.082335,101.58203,0.0
DMU11(D6122),53,1785713191,69.0,5.825885,102.14917,0.0
SCS04,2907,1785713179,118.0,5.804872,100.480705,0.0
SCS28,weekday_2102,1785713175,0.0,3.084583,101.58905,0.0
EMU39,2903,1785713174,79.0,5.367785,100.4129,0.0
SCS22,weekday_2014,1785713173,49.0,2.724033,101.91891,0.0
EMU29,2906,1785713186,119.0,5.606162,100.495094,0.0
SCS26,weekday_2008,1785713153,25.0,2.964348,101.79127,0.0
DMU05,51,1785713169,0.0,5.300217,102.020256,0.0
SCS05,weekday_2004,1785713198,53.0,3.109305,101.69151,0.0
EMU39,2903,1785713264,90.0,5.376838,100.3936,0.0
SCS24,2904,1785713257,111.0,6.046118,100.39871,0.0
SCS19,weekday_2112,1785713255,41.0,3.08366,101.58428,0.0
DMU11(D6122),53,1785713236,60.0,5.818043,102.14818,0.0
SCS28,weekday_2102,1785713235,0.0,3.084583,101.58905,0.0
SCS22,weekday_2014,1785713233,98.0,2.725238,101.907646,0.0
SCS26,weekday_2008,1785713228,38.0,2.973623,101.790344,0.0
SCS04,2907,1785713254,117.0,5.783353,100.48877,0.0
EMU29,2906,1785713231,120.0,5.619665,100.49589,0.0
SCS19,weekday_2112,1785713315,0.0,3.084737,101.58779,0.0
SCS28,weekday_2102,1785713295,0.0,3.084583,101.58905,0.0
EMU39,2903,1785713294,86.0,5.380122,100.38742,0.0
EMU29,2906,1785713291,93.0,5.636307,100.489204,0.0
SCS13,weekday_2002,1785713303,0.0,3.181495,101.68834,0.0
SCS05,weekday_2004,1785713303,24.0,3.112592,101.684654,0.0
SCS04,2907,1785713299,118.0,5.770365,100.49404,0.0
DMU11(D6122),53,1785713296,43.0,5.808863,102.147,0.0
DMU05,51,1785713289,22.0,5.295437,102.01918,0.0
SCS24,2904,1785713287,114.0,6.053813,100.394356,0.0
SCS22,weekday_2014,1785713263,91.0,2.728282,101.90098,0.0
SCS26,weekday_2008,1785713366,18.0,2.981513,101.79048,0.0
SCS04,2907,1785713344,121.0,5.757568,100.49996,0.0
EMU39,2903,1785713384,23.0,5.386767,100.374596,0.0
EMU29,2906,1785713381,13.0,5.642725,100.49007,0.0
SCS05,weekday_2004,1785713363,0.0,3.113163,101.68204,0.0
SCS24,2904,1785713362,114.0,6.073465,100.38327,0.0
SCS19,weekday_2112,1785713375,29.0,3.084545,101.58925,0.0
DMU05,51,1785713364,28.0,5.290297,102.01571,0.0
SCS28,weekday_2102,1785713340,0.0,3.084583,101.58905,0.0
SCS13,weekday_2002,1785713348,0.0,3.181497,101.68834,0.0
DMU11(D6122),53,1785713341,0.0,5.80638,102.14662,0.0
SCS22,weekday_2014,1785713338,79.0,2.741198,101.89114,0.0
SCS13,weekday_2002,1785713408,39.0,3.185612,101.6899,0.0
EMU39,2903,1785713429,6.0,5.387707,100.372856,0.0
SCS28,weekday_2102,1785713400,0.0,3.084583,101.58905,0.0
EMU29,2906,1785713396,40.0,5.644215,100.49031,0.0
SCS22,weekday_2014,1785713398,85.0,2.739665,101.87791,0.0
SCS05,weekday_2004,1785713393,21.0,3.113427,101.681595,0.0
DMU05,51,1785713409,24.0,5.289592,102.01237,0.0
SCS24,2904,1785713407,114.0,6.085365,100.37681,0.0
SCS19,weekday_2112,1785713405,49.0,3.084273,101.5928,0.0
DMU11(D6122),53,1785713431,0.0,5.806467,102.146614,0.0
SCS26,weekday_2008,1785713396,0.0,2.982098,101.79049,0.0
DMU05,51,1785713454,25.0,5.29135,102.008995,0.0
SCS28,weekday_2102,1785713505,0.0,3.084583,101.58905,0.0
SCS19,weekday_2112,1785713495,38.0,3.082918,101.60933,0.0
SCS26,weekday_2008,1785713486,11.0,2.984272,101.79038,0.0
SCS13,weekday_2002,1785713483,46.0,3.196662,101.68251,0.0
SCS05,weekday_2004,1785713483,0.0,3.117945,101.67908,0.0
SCS04,2907,1785713494,116.0,5.714157,100.51327,0.0
SCS22,weekday_2014,1785713473,0.0,2.741507,101.87135,0.0
EMU29,2906,1785713471,113.0,5.660883,100.49309,0.0
DMU11(D6122),53,1785713491,0.0,5.806513,102.14651,0.0
EMU39,2903,1785713489,23.0,5.389568,100.37102,0.0
SCS24,2904,1785713482,94.0,6.103993,100.36664,0.0
SCS19,weekday_2112,1785713525,0.0,3.083103,101.610725,0.0
SCS26,weekday_2008,1785713561,64.0,2.990355,101.78752,0.0
SCS24,2904,1785713557,0.0,6.113845,100.36998,0.0
SCS04,2907,1785713554,116.0,5.696498,100.50851,0.0
DMU05,51,1785713544,26.0,5.28812,102.00556,0.0
SCS05,weekday_2004,1785713543,19.0,3.119882,101.67873,0.0
SCS13,weekday_2002,1785713543,0.0,3.197787,101.68153,0.0
EMU39,2903,1785713504,23.0,5.390367,100.37026,0.0
EMU29,2906,1785713515,117.0,5.67422,100.49537,0.0
SCS13,weekday_2002,1785713618,27.0,3.19848,101.68095,0.0
SCS24,2904,1785713617,29.0,6.114365,100.37022,0.0
DMU05,51,1785713589,35.0,5.283542,102.00634,0.0
SCS28,weekday_2102,1785713580,0.0,3.084583,101.58905,0.0
DMU11(D6122),53,1785713566,0.0,5.806513,102.14651,0.0
EMU39,2903,1785713624,0.0,5.393438,100.36629,0.0
SCS05,weekday_2004,1785713603,24.0,3.124027,101.678055,0.0
SCS19,weekday_2112,1785713600,83.0,3.084077,101.61761,0.0
SCS22,weekday_2014,1785713623,106.0,2.747165,101.85115,0.0
SCS04,2907,1785713584,115.0,5.688832,100.50347,0.0
SCS26,weekday_2008,1785713621,78.0,2.994938,101.77664,0.0
EMU29,2906,1785713590,116.0,5.694105,100.507034,0.0
SCS24,2904,1785713647,86.0,6.119075,100.37237,0.0
DMU05,51,1785713649,56.0,5.275317,102.007965,0.0
EMU39,2903,1785713624,0.0,5.393438,100.36629,0.0
SCS05,weekday_2004,1785713633,21.0,3.126107,101.67866,0.0
SCS19,weekday_2112,1785713660,0.0,3.08451,101.62139,0.0
SCS26,weekday_2008,1785713666,69.0,2.994442,101.76835,0.0
EMU29,2906,1785713665,114.0,5.71611,100.51371,0.0
SCS28,weekday_2102,1785713655,0.0,3.084583,101.58905,0.0
SCS22,weekday_2014,1785713653,106.0,2.749427,101.84309,0.0
SCS13,weekday_2002,1785713648,60.0,3.202055,101.6779,0.0
SCS05,weekday_2004,1785713708,15.0,3.130107,101.68156,0.0
SCS28,weekday_2102,1785713700,0.0,3.084583,101.58905,0.0
DMU05,51,1785713739,0.0,5.268383,102.009605,0.0
SCS27,2908,1785713752,10.0,5.392932,100.36679,0.0
SCS24,2904,1785713752,114.0,6.14816,100.38019,0.0
SCS19,weekday_2112,1785713750,0.0,3.084615,101.63146,0.0
SCS26,weekday_2008,1785713741,93.0,2.991655,101.75255,0.0
EMU29,2906,1785713740,119.0,5.737985,100.507996,0.0
EMU32,2911,1785713739,11.0,6.662178,100.31937,0.0
SCS22,weekday_2014,1785713713,18.0,2.752085,101.833626,0.0
SCS04,2907,1785713704,114.0,5.655078,100.49213,0.0
SCS25,weekday_2007,1785713703,0.0,3.237085,101.68124,0.0
EMU32,2911,1785713769,22.0,6.660873,100.31777,0.0
SCS13,weekday_2002,1785713798,41.0,3.212518,101.67204,0.0
SCS05,weekday_2004,1785713798,26.0,3.132072,101.68317,0.0
SCS24,2904,1785713797,114.0,6.161657,100.37926,0.0
SCS19,weekday_2112,1785713795,25.0,3.084358,101.633026,0.0
SCS04,2907,1785713794,0.0,5.643692,100.49019,0.0
EMU29,2906,1785713785,116.0,5.750905,100.503006,0.0
SCS22,weekday_2014,1785713803,8.0,2.753638,101.82824,0.0
SCS28,weekday_2102,1785713760,0.0,3.084583,101.58905,0.0
DMU05,51,1785713769,3.0,5.268202,102.00959,0.0
SCS25,weekday_2007,1785713793,32.0,3.236018,101.681114,0.0
SCS26,weekday_2008,1785713756,91.0,2.992098,101.74894,0.0
DMU11(D6122),53,1785713851,69.0,5.786195,102.14419,0.0
SCS22,weekday_2014,1785713848,0.0,2.754265,101.82606,0.0
SCS26,weekday_2008,1785713846,26.0,3.002275,101.734665,0.0
SCS28,weekday_2102,1785713835,0.0,3.084583,101.58905,0.0
DMU05,51,1785713829,55.0,5.26288,102.009964,0.0
EMU29,2906,1785713830,119.0,5.76344,100.497025,0.0
SCS27,2908,1785713827,21.0,5.390792,100.36992,0.0
SCS24,2904,1785713827,114.0,6.170677,100.37864,0.0
SCS05,weekday_2004,1785713813,0.0,3.132532,101.68353,0.0
SCS13,weekday_2002,1785713828,0.0,3.21384,101.67203,0.0
SCS19,weekday_2112,1785713825,84.0,3.083623,101.63769,0.0
SCS04,2907,1785713809,0.0,5.643692,100.49019,0.0
EMU32,2911,1785713799,38.0,6.659025,100.31543,0.0
SCS19,weekday_2112,1785713915,0.0,3.082325,101.64604,0.0
SCS04,2907,1785713914,112.0,5.63136,100.49107,0.0
SCS25,weekday_2007,1785713913,59.0,3.215767,101.67223,0.0
DMU11(D6122),53,1785713911,74.0,5.774942,102.14216,0.0
SCS22,weekday_2014,1785713908,20.0,2.754697,101.82427,0.0
SCS26,weekday_2008,1785713906,26.0,3.004235,101.73103,0.0
EMU29,2906,1785713905,119.0,5.784898,100.487946,0.0
SCS05,weekday_2004,1785713888,0.0,3.132532,101.68353,0.0
SCS13,weekday_2002,1785713888,65.0,3.217697,101.67228,0.0
SCS24,2904,1785713887,31.0,6.182983,100.37502,0.0
DMU05,51,1785713874,54.0,5.255678,102.010345,0.0
SCS27,2908,1785713872,22.0,5.388668,100.37197,0.0
EMU32,2911,1785713859,47.0,6.655017,100.30936,0.0
SCS24,2904,1785713977,57.0,6.185408,100.3734,0.0
SCS25,weekday_2007,1785713973,0.0,3.213847,101.67218,0.0
SCS22,weekday_2014,1785713968,84.0,2.75679,101.816795,0.0
DMU11(D6122),53,1785713956,62.0,5.767235,102.139885,0.0
EMU32,2911,1785713949,97.0,6.645693,100.29241,0.0
DMU05,51,1785713964,0.0,5.248797,102.009766,0.0
SCS19,weekday_2112,1785713960,71.0,3.081912,101.649345,0.0
SCS26,weekday_2008,1785713951,38.0,3.005635,101.72771,0.0
EMU29,2906,1785713950,120.0,5.797802,100.482414,0.0
SCS13,weekday_2002,1785713978,0.0,3.23077,101.67467,0.0
SCS05,weekday_2004,1785713978,0.0,3.132532,101.68353,0.0
SCS27,2908,1785713977,97.0,5.381245,100.38545,0.0
SCS13,weekday_2002,1785714038,30.0,3.231557,101.67569,0.0
SCS19,weekday_2112,1785714035,0.0,3.08328,101.65583,0.0
SCS05,weekday_2004,1785714008,13.0,3.136247,101.689514,0.0
DMU11(D6122),53,1785714001,46.0,5.763397,102.14556,0.0
SCS04,2907,1785713989,116.0,5.609385,100.49588,0.0
SCS27,2908,1785714037,96.0,5.37425,100.39866,0.0
SCS24,2904,1785714037,117.0,6.199678,100.36785,0.0
EMU32,2911,1785714009,95.0,6.636432,100.27997,0.0
SCS25,weekday_2007,1785714003,16.0,3.213667,101.67214,0.0
DMU11(D6122),53,1785714091,64.0,5.757748,102.155716,0.0
SCS28,weekday_2102,1785714045,0.0,3.084583,101.58905,0.0
SCS19,weekday_2112,1785714080,25.0,3.084235,101.65852,0.0
SCS25,weekday_2007,1785714104,0.0,3.20435,101.67602,0.0
SCS04,2907,1785714064,116.0,5.586885,100.49411,0.0
SCS22,weekday_2014,1785714103,104.0,2.785737,101.798805,0.0
SCS26,weekday_2008,1785714071,16.0,3.017427,101.71991,0.0
EMU32,2911,1785714069,97.0,6.627037,100.26815,0.0
EMU29,2906,1785714100,0.0,5.824277,100.47796,0.0
DMU05,51,1785714069,65.0,5.239042,102.00943,0.0
SCS27,2908,1785714067,94.0,5.3708,100.40535,0.0
SCS13,weekday_2002,1785714083,30.0,3.23391,101.67881,0.0
SCS05,weekday_2004,1785714083,18.0,3.138413,101.693275,0.0
SCS24,2904,1785714082,114.0,6.213053,100.36512,0.0
SCS24,2904,1785714142,114.0,6.230697,100.36151,0.0
SCS27,2908,1785714142,33.0,5.365083,100.42017,0.0
SCS04,2907,1785714109,118.0,5.573045,100.496346,0.0
DMU05,51,1785714099,53.0,5.233822,102.00989,0.0
SCS19,weekday_2112,1785714140,24.0,3.085932,101.6631,0.0
EMU32,2911,1785714099,94.0,6.620073,100.26514,0.0
SCS05,weekday_2004,1785714143,20.0,3.139543,101.69373,0.0
SCS25,weekday_2007,1785714142,0.0,3.20435,101.67602,0.0
SCS13,weekday_2002,1785714143,6.0,3.237017,101.68119,0.0
SCS24,2904,1785714202,109.0,6.248115,100.357956,0.0
SCS04,2907,1785714184,116.0,5.55041,100.50006,0.0
EMU32,2911,1785714219,98.0,6.589108,100.262856,0.0
SCS05,weekday_2004,1785714203,23.0,3.143853,101.69337,0.0
SCS27,2908,1785714202,0.0,5.364828,100.420815,0.0
DMU05,51,1785714189,7.0,5.230568,102.01039,0.0
SCS25,weekday_2007,1785714182,51.0,3.203308,101.676926,0.0
DMU11(D6122),53,1785714211,74.0,5.734547,102.1617,0.0
SCS26,weekday_2008,1785714221,1.0,3.022768,101.71617,0.0
SCS19,weekday_2112,1785714200,12.0,3.086272,101.663864,0.0
EMU29,2906,1785714218,0.0,5.839485,100.476875,0.0
SCS19,weekday_2112,1785714260,32.0,3.087562,101.66784,0.0
SCS04,2907,1785714259,116.0,5.528285,100.50597,0.0
DMU11(D6122),53,1785714226,74.0,5.731645,102.161705,0.0
SCS28,weekday_2102,1785714225,0.0,3.084583,101.58905,0.0
SCS22,weekday_2014,1785714223,0.0,2.80267,101.800026,0.0
SCS27,2908,1785714232,58.0,5.363977,100.423004,0.0
SCS25,weekday_2007,1785714287,35.0,3.197337,101.682045,0.0
SCS05,weekday_2004,1785714263,54.0,3.149698,101.69058,0.0
SCS24,2904,1785714262,114.0,6.265615,100.354385,0.0
EMU32,2911,1785714339,102.0,6.557213,100.2595,0.0
SCS19,weekday_2112,1785714335,0.0,3.095057,101.669815,0.0
SCS24,2904,1785714322,114.0,6.283315,100.35076,0.0
SCS22,weekday_2014,1785714298,0.0,2.802712,101.80012,0.0
SCS05,weekday_2004,1785714293,27.0,3.153115,101.69191,0.0
SCS28,weekday_2102,1785714285,0.0,3.084583,101.58905,0.0
SCS26,weekday_2008,1785714281,13.0,3.025242,101.71486,0.0
SCS04,2907,1785714334,116.0,5.506003,100.50442,0.0
SCS27,2908,1785714307,93.0,5.366383,100.43976,0.0
EMU32,2911,1785714369,99.0,6.54927,100.25981,0.0
SCS05,weekday_2004,1785714368,38.0,3.154888,101.693306,0.0
SCS27,2908,1785714367,0.0,5.366472,100.44729,0.0
SCS24,2904,1785714352,114.0,6.292115,100.34898,0.0
SCS28,weekday_2102,1785714390,0.0,3.084583,101.58905,0.0
SCS19,weekday_2112,1785714365,27.0,3.095485,101.66993,0.0
SCS04,2907,1785714349,116.0,5.501567,100.50323,0.0
SCS25,weekday_2007,1785714392,46.0,3.185758,101.69003,0.0
DMU11(D6122),53,1785714376,27.0,5.706552,102.15205,0.0
EMU29,2906,1785714361,119.0,5.881808,100.47695,0.0
SCS26,weekday_2008,1785714461,80.0,3.04935,101.70657,0.0
SCS04,2907,1785714454,0.0,5.48282,100.4982,0.0
SCS28,weekday_2102,1785714450,0.0,3.084583,101.58905,0.0
SCS22,weekday_2014,1785714448,69.0,2.81467,101.81325,0.0
SCS24,2904,1785714442,114.0,6.318127,100.3421,0.0
SCS27,2908,1785714412,0.0,5.366472,100.44729,0.0
SCS19,weekday_2112,1785714410,88.0,3.103798,101.67228,0.0
EMU32,2911,1785714399,103.0,6.541188,100.25986,0.0
SCS05,weekday_2004,1785714443,16.0,3.16494,101.691475,0.0
SCS27,2908,1785714457,56.0,5.3659,100.451065,0.0
DMU11(D6122),53,1785714466,0.0,5.702837,102.151886,0.0
SCS28,weekday_2102,1785714465,0.0,3.084583,101.58905,0.0
SCS24,2904,1785714472,114.0,6.325365,100.33669,0.0
EMU32,2911,1785714459,70.0,6.526297,100.257324,0.0
SCS19,weekday_2112,1785714485,0.0,3.112762,101.67344,0.0
SCS26,weekday_2008,1785714476,83.0,3.05265,101.70671,0.0
SCS04,2907,1785714484,0.0,5.48282,100.4982,0.0
SCS25,weekday_2007,1785714467,0.0,3.181602,101.688515,0.0
SCS22,weekday_2014,1785714463,75.0,2.816583,101.81529,0.0
EMU29,2906,1785714586,119.0,5.947467,100.4545,0.0
SCS25,weekday_2007,1785714585,26.0,3.177708,101.68664,0.0
SCS22,weekday_2014,1785714568,18.0,2.826257,101.825356,0.0
SCS24,2904,1785714592,114.0,6.354263,100.31511,0.0
SCS26,weekday_2008,1785714581,37.0,3.074938,101.70996,0.0
SCS27,2908,1785714547,41.0,5.360623,100.46114,0.0
EMU32,2911,1785714549,74.0,6.519628,100.256165,0.0
SCS19,weekday_2112,1785714545,46.0,3.117615,101.67256,0.0
DMU11(D6122),53,1785714586,38.0,5.697597,102.15188,0.0
SCS19,weekday_2112,1785714650,0.0,3.117683,101.67266,0.0
SCS22,weekday_2014,1785714598,16.0,2.82777,101.826294,0.0
SCS04,2907,1785714649,116.0,5.445993,100.491516,0.0
EMU29,2906,1785714616,116.0,5.955622,100.44989,0.0
DMU11(D6122),53,1785714616,68.0,5.693025,102.151924,0.0
SCS25,weekday_2007,1785714615,22.0,3.175568,101.68549,0.0
SCS28,weekday_2102,1785714660,0.0,3.084583,101.58905,0.0
SCS22,weekday_2014,1785714658,14.0,2.830775,101.82692,0.0
DMU05,51,1785714654,55.0,5.180608,102.01063,0.0
SCS26,weekday_2008,1785714641,0.0,3.07587,101.71062,0.0
SCS04,2907,1785714694,117.0,5.432958,100.48722,0.0
DMU11(D6122),53,1785714661,75.0,5.68477,102.15301,0.0
SCS25,weekday_2007,1785714660,21.0,3.172633,101.68475,0.0
SCS24,2904,1785714682,28.0,6.370877,100.30272,0.0
SCS27,2908,1785714682,117.0,5.374605,100.468666,0.0
SCS05,weekday_2004,1785714668,22.0,3.171075,101.68504,0.0
EMU32,2911,1785714664,102.0,6.488658,100.25352,0.0
EMU29,2906,1785714661,89.0,5.966702,100.44362,0.0
EMU32,2911,1785714724,101.0,6.472642,100.2543,0.0
SCS24,2904,1785714757,65.0,6.373337,100.30087,0.0
SCS27,2908,1785714757,114.0,5.397063,100.47144,0.0
EMU29,2906,1785714751,22.0,5.972192,100.440506,0.0
DMU11(D6122),53,1785714751,78.0,5.667132,102.157036,0.0
SCS19,weekday_2112,1785714710,5.0,3.117942,101.67257,0.0
SCS04,2907,1785714724,115.0,5.4253,100.48222,0.0
SCS26,weekday_2008,1785714821,44.0,3.083028,101.715805,0.0
SCS19,weekday_2112,1785714785,19.0,3.122868,101.6764,0.0
SCS25,weekday_2007,1785714784,36.0,3.165837,101.69057,0.0
SCS04,2907,1785714784,119.0,5.408915,100.47393,0.0
EMU32,2911,1785714784,100.0,6.45733,100.259544,0.0
SCS17,weekday_2115,1785714794,83.0,3.200532,101.602745,0.0
SCS27,2908,1785714787,113.0,5.405873,100.472885,0.0
SCS05,weekday_2004,1785714789,30.0,3.179873,101.68769,0.0
SCS25,weekday_2007,1785714875,0.0,3.165128,101.69127,0.0
EMU32,2911,1785714874,76.0,6.435818,100.266945,0.0
SCS04,2907,1785714874,117.0,5.381478,100.4696,0.0
SCS29,weekday_2119,1785714874,0.0,3.376508,101.61487,0.0
EMU29,2906,1785714871,115.0,5.99811,100.425865,0.0
SCS22,weekday_2014,1785714838,63.0,2.83955,101.82813,0.0
SCS27,2908,1785714832,116.0,5.418518,100.477715,0.0
SCS05,weekday_2004,1785714834,0.0,3.181513,101.68843,0.0
DMU11(D6122),53,1785714856,68.0,5.647062,102.158646,0.0
SCS24,2904,1785714847,114.0,6.39371,100.28563,0.0
SCS26,weekday_2008,1785714836,50.0,3.084878,101.715126,0.0
SCS24,2904,1785714907,114.0,6.40889,100.276215,0.0
SCS29,weekday_2119,1785714934,23.0,3.376192,101.61441,0.0
EMU32,2911,1785714934,0.0,6.431333,100.26851,0.0
EMU29,2906,1785714931,120.0,6.01427,100.416725,0.0
SCS26,weekday_2008,1785714926,0.0,3.091238,101.71038,0.0
SCS28,weekday_2103,1785714885,0.0,3.084583,101.58905,0.0
SCS22,weekday_2014,1785714883,86.0,2.847592,101.82391,0.0
SCS05,weekday_2004,1785714909,21.0,3.1829,101.6889,0.0
SCS09,weekday_2111,1785714907,0.0,3.136085,101.68914,0.0
DMU11(D6122),53,1785714901,63.0,5.639075,102.16005,0.0
SCS27,2908,1785714892,113.0,5.433807,100.48764,0.0
SCS26,weekday_2008,1785715001,30.0,3.095073,101.709175,0.0
SCS27,2908,1785714997,114.0,5.464068,100.496185,0.0
SCS24,2904,1785714982,78.0,6.429228,100.26922,0.0
SCS19,weekday_2112,1785714965,0.0,3.127887,101.679565,0.0
SCS25,weekday_2007,1785714965,52.0,3.157153,101.693695,0.0
EMU32,2911,1785714964,0.0,6.431333,100.26851,0.0
SCS04,2907,1785714964,36.0,5.36064,100.46699,0.0
SCS29,weekday_2119,1785714964,93.0,3.372235,101.61058,0.0
DMU05,51,1785714954,37.0,5.172878,102.023705,0.0
SCS05,weekday_2004,1785714939,30.0,3.185103,101.689735,0.0
DMU11(D6122),53,1785714946,70.0,5.631487,102.16244,0.0
SCS28,weekday_2102,1785715005,0.0,3.084583,101.58905,0.0
SCS19,weekday_2112,1785715055,0.0,3.12785,101.679665,0.0
SCS29,weekday_2119,1785715054,99.0,3.36306,101.58681,0.0
EMU32,2911,1785715054,108.0,6.414338,100.27433,0.0
SCS26,weekday_2008,1785715061,0.0,3.097728,101.70601,0.0
SCS25,weekday_2007,1785715055,0.0,3.153842,101.6925,0.0
SCS17,weekday_2115,1785715049,36.0,3.206968,101.63316,0.0
SCS22,weekday_2014,1785715048,51.0,2.870685,101.81829,0.0
EMU29,2906,1785715044,0.0,6.04464,100.39959,0.0
SCS05,weekday_2004,1785715074,0.0,3.197778,101.681625,0.0
SCS19,weekday_2112,1785715070,0.0,3.12785,101.679665,0.0
SCS29,weekday_2119,1785715069,96.0,3.362537,101.58297,0.0
DMU05,51,1785715059,39.0,5.170218,102.03643,0.0
DMU11(D6122),53,1785715111,51.0,5.604768,102.170815,0.0
SCS28,weekday_2102,1785715095,0.0,3.084583,101.58905,0.0
SCS17,weekday_2115,1785715094,25.0,3.203522,101.63657,0.0
SCS22,weekday_2014,1785715093,18.0,2.873525,101.81738,0.0
SCS26,weekday_2008,1785715091,0.0,3.097728,101.70601,0.0
SCS25,weekday_2007,1785715070,0.0,3.153842,101.6925,0.0
SCS04,2907,1785715069,65.0,5.36294,100.45915,0.0
SCS24,2904,1785715117,103.0,6.441965,100.26483,0.0
EMU29,2906,1785715111,119.0,6.062652,100.389404,0.0
SCS27,2908,1785715072,22.0,5.48137,100.49765,0.0
DMU11(D6122),53,1785715171,14.0,5.601795,102.17486,0.0
SCS05,weekday_2004,1785715149,42.0,3.200137,101.67959,0.0
SCS19,weekday_2112,1785715115,0.0,3.12785,101.679665,0.0
SCS29,weekday_2119,1785715114,94.0,3.360537,101.57259,0.0
EMU32,2911,1785715144,100.0,6.392955,100.28622,0.0
SCS24,2904,1785715177,114.0,6.459047,100.25894,0.0
SCS25,weekday_2007,1785715115,65.0,3.150672,101.69067,0.0
SCS04,2907,1785715114,56.0,5.365872,100.450615,0.0
SCS26,weekday_2008,1785715211,82.0,3.106675,101.69462,0.0
SCS19,weekday_2112,1785715175,0.0,3.12785,101.679665,0.0
EMU32,2911,1785715174,98.0,6.386728,100.29087,0.0
SCS29,weekday_2119,1785715234,70.0,3.332572,101.570274,0.0
SCS28,weekday_2102,1785715215,0.0,3.084583,101.58905,0.0
SCS17,weekday_2115,1785715214,45.0,3.199443,101.64044,0.0
SCS22,weekday_2014,1785715213,89.0,2.885248,101.80427,0.0
DMU11(D6122),53,1785715186,14.0,5.601155,102.17521,0.0
SCS27,2908,1785715177,86.0,5.487285,100.49926,0.0
DMU05,51,1785715179,44.0,5.157607,102.04058,0.0
SCS05,weekday_2004,1785715179,43.0,3.203262,101.676926,0.0
SCS25,weekday_2007,1785715175,18.0,3.144185,101.69312,0.0
SCS04,2907,1785715174,0.0,5.366163,100.448524,0.0
SCS19,weekday_2112,1785715295,29.0,3.131152,101.6823,0.0
SCS29,weekday_2119,1785715294,47.0,3.325477,101.57093,0.0
EMU32,2911,1785715294,0.0,6.370503,100.30299,0.0
SCS27,2908,1785715237,112.0,5.50371,100.50367,0.0
SCS26,weekday_2008,1785715241,40.0,3.109728,101.691,0.0
SCS25,weekday_2007,1785715295,0.0,3.139015,101.69359,0.0
SCS04,2907,1785715294,100.0,5.364458,100.43587,0.0
DMU11(D6122),53,1785715276,54.0,5.591988,102.17719,0.0
DMU05,51,1785715239,18.0,5.152662,102.04352,0.0
SCS24,2904,1785715237,114.0,6.476252,100.25371,0.0
SCS27,2908,1785715297,114.0,5.521208,100.50773,0.0
SCS29,weekday_2119,1785715339,31.0,3.32147,101.57389,0.0
EMU32,2911,1785715324,7.0,6.370437,100.30304,0.0
SCS19,weekday_2112,1785715370,0.0,3.132627,101.68376,0.0
SCS17,weekday_2115,1785715304,15.0,3.192275,101.65446,0.0
SCS22,weekday_2014,1785715303,77.0,2.896743,101.78668,0.0
SCS05,weekday_2004,1785715299,49.0,3.208663,101.67261,0.0
SCS28,weekday_2102,1785715350,0.0,3.084583,101.58905,0.0
SCS25,weekday_2007,1785715310,19.0,3.138663,101.69347,0.0
DMU05,51,1785715299,0.0,5.152307,102.0436,0.0
SCS24,2904,1785715372,105.0,6.516307,100.2556,0.0
DMU11(D6122),53,1785715351,71.0,5.581422,102.18496,0.0
EMU32,2911,1785715384,87.0,6.362352,100.3091,0.0
SCS19,weekday_2112,1785715370,0.0,3.132627,101.68376,0.0
SCS27,2908,1785715387,114.0,5.547252,100.50056,0.0
SCS24,2904,1785715387,79.0,6.519963,100.2562,0.0
SCS29,weekday_2119,1785715414,0.0,3.320087,101.57467,0.0
SCS04,2907,1785715414,0.0,5.364288,100.421844,0.0
DMU05,51,1785715389,0.0,5.152307,102.0436,0.0
SCS05,weekday_2004,1785715389,0.0,3.213842,101.67212,0.0
EMU32,2911,1785715415,90.0,6.356063,100.31378,0.0
SCS27,2908,1785715477,114.0,5.573935,100.49615,0.0
SCS19,weekday_2112,1785715475,0.0,3.132627,101.68376,0.0
SCS24,2904,1785715417,16.0,6.524163,100.25693,0.0
DMU05,51,1785715479,0.0,5.152307,102.0436,0.0
SCS05,weekday_2004,1785715479,51.0,3.222462,101.6725,0.0
DMU11(D6122),53,1785715456,72.0,5.563185,102.189896,0.0
SCS26,weekday_2008,1785715466,18.0,3.113757,101.681015,0.0
SCS25,weekday_2007,1785715505,0.0,3.135028,101.68798,0.0
SCS29,weekday_2119,1785715504,48.0,3.316435,101.574875,0.0
SCS04,2907,1785715489,77.0,5.365527,100.41867,0.0
EMU29,2906,1785715486,116.0,6.130012,100.3773,0.0
SCS26,weekday_2008,1785715526,0.0,3.117963,101.67904,0.0
EMU32,2911,1785715505,93.0,6.338483,100.32692,0.0
SCS27,2908,1785715492,113.0,5.578355,100.495415,0.0
DMU11(D6122),53,1785715486,67.0,5.55825,102.19259,0.0
SCS28,weekday_2102,1785715485,0.0,3.084583,101.58905,0.0
SCS22,weekday_2014,1785715483,15.0,2.905908,101.788185,0.0
SCS25,weekday_2007,1785715580,0.0,3.135028,101.68798,0.0
SCS29,weekday_2119,1785715579,84.0,3.299338,101.57479,0.0
SCS24,2904,1785715567,115.0,6.548717,100.25985,0.0
EMU32,2911,1785715565,100.0,6.32638,100.33595,0.0
SCS26,weekday_2008,1785715556,0.0,3.117963,101.67904,0.0
SCS19,weekday_2112,1785715565,19.0,3.136898,101.69097,0.0
SCS04,2907,1785715564,93.0,5.372877,100.40102,0.0
SCS27,2908,1785715567,114.0,5.60066,100.493805,0.0
SCS22,weekday_2014,1785715663,83.0,2.921513,101.796135,0.0
SCS25,weekday_2007,1785715655,38.0,3.131543,101.68273,0.0
SCS19,weekday_2112,1785715655,0.0,3.138857,101.69335,0.0
SCS04,2907,1785715654,74.0,5.383093,100.38176,0.0
SCS29,weekday_2119,1785715654,76.0,3.284737,101.56874,0.0
EMU29,2906,1785715651,76.0,6.179062,100.3773,0.0
SCS24,2904,1785715627,114.0,6.566742,100.25913,0.0
EMU32,2911,1785715625,97.0,6.313265,100.34462,0.0
DMU05,51,1785715614,15.0,5.151202,102.04398,0.0
SCS05,weekday_2004,1785715614,0.0,3.23096,101.67497,0.0
SCS27,2908,1785715627,114.0,5.618265,100.49644,0.0
SCS04,2907,1785715669,51.0,5.3843,100.379486,0.0
SCS24,2904,1785715657,114.0,6.575503,100.26045,0.0
EMU32,2911,1785715655,101.0,6.30557,100.346214,0.0
SCS25,weekday_2007,1785715715,4.0,3.127718,101.679634,0.0
DMU05,51,1785715659,7.0,5.148668,102.044426,0.0
SCS05,weekday_2004,1785715659,0.0,3.23096,101.67497,0.0
SCS19,weekday_2112,1785715715,24.0,3.1426,101.6936,0.0
SCS27,2908,1785715657,115.0,5.626643,100.49298,0.0
SCS29,weekday_2119,1785715714,70.0,3.275318,101.562,0.0
DMU11(D6122),53,1785715681,11.0,5.53149,102.20234,0.0
SCS26,weekday_2008,1785715676,21.0,3.124532,101.67808,0.0
SCS24,2904,1785715717,116.0,6.593322,100.26318,0.0
EMU32,2911,1785715715,103.0,6.289762,100.349434,0.0
EMU29,2906,1785715741,35.0,6.183752,100.37456,0.0
DMU11(D6122),53,1785715741,0.0,5.530137,102.20304,0.0
SCS28,weekday_2102,1785715740,0.0,3.084583,101.58905,0.0
SCS22,weekday_2014,1785715738,68.0,2.935928,101.79278,0.0
SCS26,weekday_2008,1785715736,5.0,3.127738,101.67954,0.0
EMU29,2906,1785715831,118.0,6.204467,100.366875,0.0
DMU05,51,1785715824,0.0,5.143698,102.04551,0.0
SCS05,weekday_2004,1785715809,12.0,3.236833,101.68123,0.0
SCS27,2908,1785715822,30.0,5.643503,100.49009,0.0
EMU32,2911,1785715805,101.0,6.266425,100.35422,0.0
SCS26,weekday_2008,1785715826,23.0,3.131818,101.682785,0.0
SCS19,weekday_2112,1785715850,0.0,3.15379,101.6923,0.0
SCS29,weekday_2119,1785715849,28.0,3.26132,101.55609,0.0
SCS25,weekday_2007,1785715850,33.0,3.123042,101.67808,0.0
SCS04,2907,1785715849,21.0,5.39121,100.36935,0.0
SCS27,2908,1785715867,102.0,5.652278,100.49158,0.0
SCS17,weekday_2115,1785715871,17.0,3.165722,101.690704,0.0
SCS26,weekday_2008,1785715856,0.0,3.132477,101.683556,0.0
SCS04,2907,1785715864,20.0,5.391722,100.36846,0.0
SCS24,2904,1785715867,114.0,6.633762,100.27637,0.0
SCS25,weekday_2007,1785715910,14.0,3.118712,101.67892,0.0
SCS22,weekday_2014,1785715858,54.0,2.941942,101.78621,0.0
DMU11(D6122),53,1785715846,0.0,5.530117,102.20303,0.0
SCS19,weekday_2112,1785715955,26.0,3.162687,101.69196,0.0
EMU29,2906,1785715964,113.0,6.244888,100.35862,0.0
SCS26,weekday_2008,1785715961,0.0,3.132477,101.683556,0.0
SCS17,weekday_2115,1785715901,47.0,3.162885,101.692055,0.0
SCS25,weekday_2007,1785715955,0.0,3.11812,101.67902,0.0
SCS04,2907,1785715954,0.0,5.392435,100.36749,0.0
SCS29,weekday_2119,1785715954,33.0,3.256773,101.554695,0.0
SCS24,2904,1785715942,108.0,6.646945,100.29406,0.0
EMU32,2911,1785715913,92.0,6.238437,100.35992,0.0
SCS26,weekday_2008,1785715976,0.0,3.132477,101.683556,0.0
SCS19,weekday_2112,1785715970,33.0,3.164135,101.69174,0.0
SCS28,weekday_2102,1785715965,0.0,3.084583,101.58905,0.0
DMU11(D6122),53,1785715966,12.0,5.526617,102.204704,0.0
DMU05,51,1785715959,0.0,5.140168,102.04714,0.0
SCS27,2908,1785715957,114.0,5.678717,100.49662,0.0
SCS17,weekday_2115,1785716006,0.0,3.154847,101.693275,0.0
SCS24,2904,1785715987,70.0,6.651247,100.30383,0.0
SCS28,weekday_2102,1785716070,0.0,3.084583,101.58905,0.0
EMU29,2906,1785716054,117.0,6.271558,100.35317,0.0
SCS22,weekday_2014,1785716053,75.0,2.967897,101.790306,0.0
SCS24,2904,1785716062,75.0,6.659532,100.316216,0.0
DMU05,51,1785716034,3.0,5.141447,102.04656,0.0
SCS21,weekday_2010,1785716086,34.0,3.101457,101.701355,0.0
SCS17,weekday_2115,1785716081,22.0,3.147242,101.69103,0.0
SCS27,2908,1785716062,114.0,5.706297,100.511185,0.0
DMU11(D6122),53,1785716041,0.0,5.526117,102.204895,0.0
SCS29,weekday_2119,1785716029,73.0,3.249228,101.55684,0.0
SCS26,weekday_2008,1785716081,22.0,3.137112,101.69167,0.0
EMU32,2911,1785716063,100.0,6.200742,100.367645,0.0
SCS26,weekday_2008,1785716141,0.0,3.138918,101.69334,0.0
SCS17,weekday_2115,1785716141,21.0,3.144152,101.6932,0.0
SCS29,weekday_2119,1785716104,104.0,3.233478,101.5595,0.0
DMU05,51,1785716139,3.0,5.143647,102.04549,0.0
SCS25,weekday_2007,1785716113,0.0,3.11803,101.679016,0.0
SCS24,2904,1785716107,0.0,6.662795,100.3202,0.0
SCS19,weekday_2112,1785716090,76.0,3.169062,101.685875,0.0
SCS28,weekday_2102,1785716085,0.0,3.084583,101.58905,0.0
SCS27,2908,1785716077,114.0,5.710658,100.51229,0.0
EMU32,2911,1785716093,97.0,6.193103,100.36924,0.0
SCS22,weekday_2014,1785716083,47.0,2.973147,101.790344,0.0
DMU05,51,1785716169,0.0,5.143745,102.04545,0.0
SCS28,weekday_2102,1785716145,0.0,3.084583,101.58905,0.0
SCS27,2908,1785716167,115.0,5.736388,100.50857,0.0
SCS26,weekday_2008,1785716201,11.0,3.139258,101.69339,0.0
SCS17,weekday_2115,1785716201,10.0,3.140828,101.69409,0.0
SCS29,weekday_2119,1785716194,74.0,3.213472,101.571335,0.0
EMU32,2911,1785716153,23.0,6.1834,100.37477,0.0
SCS25,weekday_2007,1785716248,0.0,3.11803,101.679016,0.0
SCS17,weekday_2115,1785716246,0.0,3.140345,101.694046,0.0
DMU11(D6122),53,1785716206,6.0,5.529445,102.20338,0.0
SCS19,weekday_2112,1785716210,46.0,3.185143,101.66582,0.0
DMU05,51,1785716199,0.0,5.143745,102.04545,0.0
SCS27,2908,1785716212,114.0,5.749007,100.5037,0.0
DMU11(D6122),53,1785716296,0.0,5.530028,102.20309,0.0
EMU29,2906,1785716324,114.0,6.346533,100.320885,0.0
SCS19,weekday_2112,1785716315,81.0,3.189627,101.65971,0.0
SCS29,weekday_2119,1785716314,0.0,3.206382,101.57957,0.0
SCS21,weekday_2010,1785716296,24.0,3.112652,101.68554,0.0
SCS28,weekday_2102,1785716295,0.0,3.084583,101.58905,0.0
SCS25,weekday_2007,1785716293,0.0,3.11803,101.679016,0.0
SCS17,weekday_2115,1785716291,5.0,3.139685,101.69368,0.0
DMU05,51,1785716259,0.0,5.143745,102.04545,0.0
SCS27,2908,1785716257,114.0,5.761247,100.498085,0.0
SCS26,weekday_2008,1785716291,23.0,3.14452,101.69281,0.0
SCS25,weekday_2007,1785716353,0.0,3.11803,101.679016,0.0
SCS17,weekday_2115,1785716351,20.0,3.137152,101.691795,0.0
SCS28,weekday_2102,1785716325,0.0,3.084583,101.58905,0.0
SCS27,2908,1785716317,114.0,5.777838,100.491035,0.0
SCS26,weekday_2008,1785716351,56.0,3.150905,101.69068,0.0
SCS22,weekday_2014,1785716431,0.0,2.982895,101.791466,0.0
SCS21,weekday_2010,1785716431,9.0,3.114312,101.6806,0.0
EMU29,2906,1785716429,41.0,6.369177,100.30398,0.0
SCS25,weekday_2007,1785716413,0.0,3.11803,101.679016,0.0
DMU05,51,1785716409,0.0,5.143745,102.04545,0.0
EMU32,2911,1785716393,94.0,6.141533,100.38064,0.0
SCS17,weekday_2115,1785716381,26.0,3.136452,101.68975,0.0
SCS26,weekday_2008,1785716411,0.0,3.15382,101.6924,0.0
DMU11(D6122),53,1785716431,0.0,5.53011,102.20314,0.0
SCS27,2908,1785716407,119.0,5.803175,100.48111,0.0
SCS19,weekday_2112,1785716375,0.0,3.191712,101.655716,0.0
SCS25,weekday_2007,1785716503,0.0,3.11803,101.679016,0.0
SCS29,weekday_2119,1785716464,88.0,3.201527,101.59098,0.0
DMU05,51,1785716484,0.0,5.143745,102.04545,0.0
SCS17,weekday_2115,1785716501,0.0,3.136318,101.68931,0.0
SCS26,weekday_2008,1785716501,11.0,3.15418,101.69265,0.0
SCS27,2908,1785716482,49.0,5.821118,100.47821,0.0
EMU29,2906,1785716504,52.0,6.372033,100.30184,0.0
SCS25,weekday_2007,1785716533,0.0,3.11803,101.679016,0.0
SCS29,weekday_2119,1785716539,92.0,3.199757,101.60811,0.0
SCS21,weekday_2010,1785716551,0.0,3.119143,101.67876,0.0
SCS22,weekday_2014,1785716521,4.0,2.983027,101.79134,0.0
DMU11(D6122),53,1785716521,0.0,5.530112,102.20305,0.0
SCS19,weekday_2112,1785716510,46.0,3.199533,101.64024,0.0
SCS29,weekday_2119,1785716614,71.0,3.20838,101.620865,0.0
SCS26,weekday_2008,1785716591,30.0,3.163863,101.69186,0.0
DMU05,51,1785716589,0.0,5.143745,102.04545,0.0
SCS27,2908,1785716587,69.0,5.826645,100.47774,0.0
SCS19,weekday_2112,1785716585,0.0,3.202208,101.63763,0.0
EMU29,2906,1785716594,119.0,6.391135,100.28756,0.0
DMU11(D6122),53,1785716581,0.0,5.530112,102.20305,0.0
SCS22,weekday_2014,1785716581,11.0,2.986315,101.790665,0.0
SCS25,weekday_2007,1785716563,0.0,3.11803,101.679016,0.0
SCS21,weekday_2010,1785716641,19.0,3.123242,101.67815,0.0
SCS22,weekday_2014,1785716641,0.0,2.987627,101.79043,0.0
SCS19,weekday_2112,1785716675,0.0,3.202208,101.63763,0.0
DMU11(D6122),53,1785716641,0.0,5.530112,102.20305,0.0
DMU05,51,1785716634,0.0,5.143745,102.04545,0.0
SCS29,weekday_2119,1785716674,0.0,3.208738,101.62771,0.0
SCS17,weekday_2115,1785716621,0.0,3.136318,101.68931,0.0
SCS27,2908,1785716617,108.0,5.833915,100.477135,0.0
SCS25,weekday_2007,1785716623,0.0,3.11803,101.679016,0.0
SCS26,weekday_2008,1785716696,0.0,3.165138,101.69127,0.0
SCS17,weekday_2115,1785716696,0.0,3.136318,101.68931,0.0
DMU05,51,1785716724,0.0,5.143745,102.04545,0.0
SCS27,2908,1785716722,114.0,5.865237,100.4769,0.0
SCS19,weekday_2112,1785716705,0.0,3.202208,101.63763,0.0
DMU11(D6122),53,1785716701,0.0,5.530108,102.20295,0.0
SCS29,weekday_2119,1785716704,0.0,3.208738,101.62771,0.0
SCS22,weekday_2014,1785716701,7.0,2.986458,101.79056,0.0
SCS21,weekday_2010,1785716686,19.0,3.125947,101.6786,0.0
EMU29,2906,1785716699,118.0,6.418782,100.272804,0.0
EMU32,2911,1785716723,107.0,6.086677,100.37611,0.0
EMU29,2906,1785716804,0.0,6.43142,100.268456,0.0
SCS17,weekday_2115,1785716786,0.0,3.136318,101.68931,0.0
DMU05,51,1785716769,0.0,5.143745,102.04545,0.0
DMU11(D6122),53,1785716791,0.0,5.53008,102.20305,0.0
SCS26,weekday_2008,1785716771,17.0,3.167448,101.688,0.0
SCS21,weekday_2010,1785716791,13.0,3.13067,101.682045,0.0
SCS17,weekday_2115,1785716801,0.0,3.136318,101.68931,0.0
SCS29,weekday_2119,1785716869,40.0,3.204142,101.636,0.0
SCS27,2908,1785716842,114.0,5.900667,100.47353,0.0
DMU05,51,1785716844,0.0,5.143745,102.04545,0.0
DMU11(D6122),53,1785716821,0.0,5.530138,102.20297,0.0
SCS29,weekday_2119,1785716884,14.0,3.203278,101.63684,0.0
SCS25,weekday_2007,1785716878,0.0,3.128687,101.68036,0.0
SCS21,weekday_2010,1785716896,0.0,3.132007,101.68327,0.0
SCS17,weekday_2115,1785716891,0.0,3.136318,101.68931,0.0
DMU05,51,1785716889,0.0,5.143783,102.04553,0.0
SCS19,weekday_2112,1785716870,0.0,3.202208,101.63763,0.0
DMU11(D6122),53,1785716911,0.0,5.530138,102.20297,0.0
SCS27,2908,1785716887,114.0,5.913322,100.468666,0.0
EMU29,2906,1785716909,102.0,6.442513,100.26464,0.0
SCS22,weekday_2014,1785716896,0.0,2.984638,101.79052,0.0
SCS25,weekday_2007,1785716968,6.0,3.129742,101.681145,0.0
SCS17,weekday_2115,1785716966,0.0,3.136318,101.68931,0.0
SCS19,weekday_2112,1785716930,42.0,3.204363,101.63557,0.0
DMU05,51,1785716919,0.0,5.143783,102.04553,0.0
EMU32,2911,1785716918,102.0,6.04039,100.40197,0.0
DMU11(D6122),53,1785716941,0.0,5.530138,102.20297,0.0
SCS21,weekday_2010,1785716941,0.0,3.132007,101.68327,0.0
SCS27,2908,1785716962,114.0,5.93435,100.46059,0.0
SCS22,weekday_2014,1785716941,0.0,2.984638,101.79052,0.0
EMU29,2906,1785717029,117.0,6.477005,100.2537,0.0
SCS17,weekday_2115,1785717011,0.0,3.136318,101.68931,0.0
SCS21,weekday_2010,1785717031,14.0,3.136997,101.69153,0.0
SCS29,weekday_2119,1785717034,74.0,3.19756,101.642555,0.0
SCS19,weekday_2112,1785716975,41.0,3.20825,101.63057,0.0
SCS22,weekday_2014,1785717031,0.0,2.984638,101.79052,0.0
SCS26,weekday_2008,1785717032,5.0,3.181433,101.6884,0.0
DMU11(D6122),53,1785717001,0.0,5.530138,102.20297,0.0
DMU05,51,1785717024,0.0,5.143708,102.04547,0.0
EMU32,2911,1785717068,109.0,6.004217,100.42242,0.0
EMU29,2906,1785717074,118.0,6.490987,100.25346,0.0
SCS17,weekday_2115,1785717056,0.0,3.136318,101.68931,0.0
SCS29,weekday_2119,1785717109,0.0,3.192345,101.6546,0.0
DMU05,51,1785717084,0.0,5.143708,102.04547,0.0
SCS26,weekday_2008,1785717107,31.0,3.183223,101.68886,0.0
SCS21,weekday_2010,1785717106,0.0,3.140112,101.69377,0.0
SCS25,weekday_2007,1785717058,0.0,3.132668,101.683105,0.0
EMU29,2906,1785717142,113.0,6.511975,100.25486,0.0
SCS22,weekday_2014,1785717136,0.0,2.984638,101.79052,0.0
SCS17,weekday_2115,1785717131,0.0,3.136318,101.68931,0.0
EMU32,2911,1785717098,104.0,5.996905,100.426544,0.0
SCS29,weekday_2119,1785717109,0.0,3.192345,101.6546,0.0
SCS27,2908,1785717142,0.0,5.971618,100.4408,0.0
SCS19,weekday_2112,1785717141,102.0,3.20144,101.6114,0.0
SCS26,weekday_2008,1785717137,39.0,3.18599,101.69002,0.0
SCS21,weekday_2010,1785717136,0.0,3.140115,101.69378,0.0
SCS25,weekday_2007,1785717133,0.0,3.132668,101.683105,0.0
DMU11(D6122),53,1785717151,8.0,5.528077,102.204025,0.0
DMU05,51,1785717144,0.0,5.143708,102.04547,0.0
DMU11(D6122),53,1785717181,7.0,5.527172,102.20445,0.0
SCS29,weekday_2119,1785717184,76.0,3.189878,101.6595,0.0
SCS22,weekday_2014,1785717181,10.0,2.985028,101.790565,0.0
EMU29,2906,1785717172,72.0,6.519683,100.25618,0.0
DMU05,51,1785717219,12.0,5.141023,102.04675,0.0
SCS26,weekday_2008,1785717182,55.0,3.191242,101.687195,0.0
SCS21,weekday_2010,1785717181,16.0,3.141515,101.694115,0.0
SCS25,weekday_2007,1785717178,0.0,3.132668,101.683105,0.0
SCS19,weekday_2112,1785717156,100.0,3.19955,101.607895,0.0
DMU11(D6122),53,1785717271,50.0,5.521383,102.20713,0.0
EMU29,2906,1785717262,6.0,6.523447,100.25683,0.0
SCS22,weekday_2014,1785717256,73.0,2.990892,101.78632,0.0
SCS25,weekday_2007,1785717223,0.0,3.132668,101.683105,0.0
SCS26,weekday_2008,1785717272,0.0,3.197798,101.68157,0.0
SCS21,weekday_2010,1785717271,33.0,3.147475,101.69095,0.0
SCS19,weekday_2112,1785717231,52.0,3.201638,101.59042,0.0
SCS22,weekday_2014,1785717301,96.0,2.994822,101.77699,0.0
SCS26,weekday_2008,1785717332,51.0,3.200125,101.67958,0.0
DMU11(D6122),53,1785717301,51.0,5.517437,102.20863,0.0
SCS25,weekday_2007,1785717328,0.0,3.132668,101.683105,0.0
SCS29,weekday_2119,1785717394,93.0,3.180545,101.67537,0.0
SCS26,weekday_2008,1785717392,0.0,3.204273,101.676,0.0
SCS21,weekday_2010,1785717391,64.0,3.156942,101.69371,0.0
SCS27,2908,1785717352,114.0,6.011327,100.41837,0.0
SCS19,weekday_2112,1785717381,0.0,3.205728,101.58098,0.0
DMU05,51,1785717354,9.0,5.13608,102.05151,0.0
EMU29,2906,1785717352,111.0,6.541662,100.259926,0.0
SCS11,weekday_2011,1785717351,0.0,3.238508,101.68132,0.0
SCS17,weekday_2115,1785717386,11.0,3.141798,101.694046,0.0
SCS24,2915,1785717337,24.0,6.66237,100.3198,0.0
SCS25,weekday_2007,1785717433,0.0,3.132668,101.683105,0.0
DMU05,51,1785717399,19.0,5.135012,102.053444,0.0
EMU32,2911,1785717398,96.0,5.951422,100.45227,0.0
EMU29,2906,1785717397,115.0,6.555557,100.25958,0.0
SCS27,2908,1785717442,114.0,6.03488,100.405075,0.0
SCS19,weekday_2112,1785717441,72.0,3.209637,101.57481,0.0
SCS29,weekday_2119,1785717454,63.0,3.17149,101.68482,0.0
SCS22,weekday_2014,1785717451,95.0,2.995233,101.74174,0.0
DMU11(D6122),53,1785717451,59.0,5.495797,102.21554,0.0
SCS26,weekday_2008,1785717422,0.0,3.204273,101.676,0.0
SCS24,2915,1785717442,43.0,6.655293,100.30982,0.0
SCS17,weekday_2115,1785717416,18.0,3.143487,101.693535,0.0
SCS21,weekday_2010,1785717451,14.0,3.165917,101.690506,0.0
SCS11,weekday_2011,1785717441,59.0,3.23447,101.6797,0.0
SCS24,2915,1785717457,55.0,6.654155,100.30815,0.0
SCS19,weekday_2112,1785717456,82.0,3.211975,101.572624,0.0
SCS29,weekday_2119,1785717454,63.0,3.17149,101.68482,0.0
SCS26,weekday_2008,1785717512,25.0,3.21276,101.672035,0.0
DMU11(D6122),53,1785717481,59.0,5.490948,102.21664,0.0
SCS22,weekday_2014,1785717481,76.0,3.000147,101.73681,0.0
SCS11,weekday_2011,1785717456,75.0,3.232903,101.677635,0.0
SCS21,weekday_2010,1785717511,17.0,3.166782,101.68942,0.0
SCS17,weekday_2115,1785717461,12.0,3.14539,101.69215,0.0
EMU32,2911,1785717458,100.0,5.937705,100.45935,0.0
DMU11(D6122),53,1785717541,55.0,5.481765,102.21858,0.0
SCS25,weekday_2007,1785717523,0.0,3.132668,101.683105,0.0
SCS22,weekday_2014,1785717541,26.0,3.004273,101.73105,0.0
SCS27,2908,1785717562,114.0,6.066038,100.38745,0.0
EMU29,2906,1785717562,113.0,6.60541,100.263214,0.0
EMU32,2911,1785717518,108.0,5.922305,100.46528,0.0
SCS17,weekday_2115,1785717566,44.0,3.15568,101.693596,0.0
SCS11,weekday_2011,1785717636,63.0,3.210462,101.672165,0.0
DMU11(D6122),53,1785717631,44.0,5.472645,102.22215,0.0
SCS25,weekday_2007,1785717598,0.0,3.136975,101.690636,0.0
SCS24,2915,1785717622,114.0,6.6292,100.270355,0.0
SCS19,weekday_2112,1785717606,84.0,3.2359,101.55978,0.0
SCS29,weekday_2119,1785717589,0.0,3.16604,101.69035,0.0
SCS21,weekday_2010,1785717586,22.0,3.170007,101.685555,0.0
EMU29,2906,1785717607,122.0,6.61903,100.26499,0.0
SCS26,weekday_2008,1785717587,21.0,3.21457,101.672035,0.0
EMU29,2906,1785717682,121.0,6.636307,100.27977,0.0
EMU32,2911,1785717668,97.0,5.883982,100.476974,0.0
SCS26,weekday_2008,1785717662,64.0,3.225435,101.67265,0.0
DMU11(D6122),53,1785717661,48.0,5.468997,102.22392,0.0
DMU05,51,1785717639,43.0,5.114445,102.06768,0.0
SCS24,2915,1785717637,113.0,6.625865,100.26736,0.0
SCS19,weekday_2112,1785717636,74.0,3.242213,101.560425,0.0
SCS25,weekday_2007,1785717703,11.0,3.139637,101.69367,0.0
SCS22,weekday_2014,1785717661,49.0,3.015937,101.72176,0.0
SCS27,2908,1785717682,106.0,6.097213,100.37009,0.0
SCS29,weekday_2119,1785717664,53.0,3.162282,101.69207,0.0
SCS19,weekday_2112,1785717756,25.0,3.250908,101.55568,0.0
SCS22,weekday_2014,1785717721,20.0,3.018665,101.71861,0.0
SCS17,weekday_2115,1785717701,23.0,3.166993,101.68912,0.0
SCS26,weekday_2008,1785717722,35.0,3.23177,101.675934,0.0
DMU11(D6122),53,1785717736,49.0,5.458648,102.22762,0.0
SCS29,weekday_2119,1785717754,0.0,3.154893,101.69334,0.0
DMU05,51,1785717744,41.0,5.106162,102.07251,0.0
SCS27,2908,1785717802,0.0,6.112535,100.369354,0.0
EMU29,2906,1785717802,83.0,6.653698,100.307365,0.0
SCS24,2915,1785717772,116.0,6.585905,100.2626,0.0
SCS17,weekday_2115,1785717761,20.0,3.168855,101.686066,0.0
EMU32,2911,1785717758,96.0,5.860005,100.47694,0.0
DMU05,51,1785717774,38.0,5.102927,102.073006,0.0
SCS27,2908,1785717832,22.0,6.113083,100.36961,0.0
SCS22,weekday_2014,1785717871,0.0,3.023777,101.71563,0.0
DMU05,51,1785717834,38.0,5.095942,102.0732,0.0
SCS21,weekday_2010,1785717834,0.0,3.182663,101.68887,0.0
EMU32,2911,1785717818,96.0,5.844262,100.47692,0.0
SCS25,weekday_2007,1785717868,33.0,3.148347,101.69062,0.0
EMU29,2906,1785717862,57.0,6.660627,100.317604,0.0
SCS19,weekday_2112,1785717831,16.0,3.257098,101.554535,0.0
SCS24,2915,1785717832,119.0,6.56795,100.25912,0.0
SCS11,weekday_2011,1785717831,16.0,3.19897,101.68069,0.0
SCS29,weekday_2119,1785717844,59.0,3.149642,101.690636,0.0
DMU11(D6122),53,1785717931,54.0,5.434635,102.236336,0.0
SCS22,weekday_2014,1785717931,14.0,3.025882,101.71458,0.0
SCS25,weekday_2007,1785717913,41.0,3.152872,101.69167,0.0
SCS24,2915,1785717877,114.0,6.554143,100.259674,0.0
SCS11,weekday_2011,1785717876,0.0,3.198807,101.680855,0.0
SCS19,weekday_2112,1785717876,0.0,3.257565,101.55461,0.0
SCS29,weekday_2119,1785717934,20.0,3.143528,101.693565,0.0
EMU29,2906,1785717967,0.0,6.662268,100.31963,0.0
SCS21,weekday_2010,1785717954,44.0,3.187788,101.68938,0.0
DMU05,51,1785717954,24.0,5.085585,102.072426,0.0
EMU32,2911,1785717973,0.0,5.824267,100.478004,0.0
SCS27,2908,1785717967,114.0,6.14396,100.38047,0.0
SCS29,weekday_2119,1785717949,19.0,3.142683,101.694115,0.0
SCS24,2915,1785717937,116.0,6.536147,100.25905,0.0
SCS19,weekday_2112,1785717981,73.0,3.270408,101.55985,0.0
SCS11,weekday_2011,1785717981,46.0,3.18864,101.68892,0.0
DMU05,51,1785718029,12.0,5.079712,102.06939,0.0
SCS21,weekday_2010,1785718029,29.0,3.197947,101.68152,0.0
SCS22,weekday_2014,1785718021,80.0,3.031858,101.70925,0.0
DMU11(D6122),53,1785718051,26.0,5.420895,102.23897,0.0
SCS25,weekday_2007,1785718048,26.0,3.165225,101.69138,0.0
SCS11,weekday_2011,1785718056,0.0,3.18266,101.688934,0.0
SCS19,weekday_2112,1785718056,69.0,3.282515,101.56674,0.0
SCS29,weekday_2119,1785718009,0.0,3.14043,101.694046,0.0
EMU29,2906,1785718057,0.0,6.662268,100.31963,0.0
SCS25,weekday_2007,1785718063,22.0,3.16612,101.690544,0.0
SCS22,weekday_2014,1785718096,83.0,3.04805,101.706604,0.0
DMU05,51,1785718104,0.0,5.07945,102.06931,0.0
SCS24,2915,1785718087,11.0,6.524198,100.25703,0.0
SCS27,2908,1785718087,80.0,6.178747,100.37741,0.0
SCS11,weekday_2011,1785718086,0.0,3.18266,101.688934,0.0
DMU11(D6122),53,1785718081,30.0,5.418043,102.23943,0.0
SCS29,weekday_2119,1785718114,22.0,3.136888,101.691124,0.0
SCS21,weekday_2010,1785718104,4.0,3.198897,101.68068,0.0
SCS19,weekday_2112,1785718086,92.0,3.287578,101.57028,0.0
EMU29,2906,1785718057,0.0,6.662268,100.31963,0.0
SCS27,2908,1785718132,0.0,6.182737,100.37515,0.0
SCS24,2915,1785718132,99.0,6.516955,100.25577,0.0
EMU32,2911,1785718153,96.0,5.78981,100.48555,0.0
SCS21,weekday_2010,1785718134,53.0,3.200873,101.67901,0.0
DMU05,51,1785718134,14.0,5.078883,102.06919,0.0
SCS19,weekday_2112,1785718131,85.0,3.296693,101.57501,0.0
SCS11,weekday_2011,1785718131,1.0,3.18272,101.68882,0.0
DMU11(D6122),53,1785718171,38.0,5.411087,102.23346,0.0
SCS27,2908,1785718207,50.0,6.18507,100.37361,0.0
SCS24,2915,1785718207,114.0,6.494772,100.253494,0.0
EMU32,2911,1785718183,101.0,5.782805,100.48904,0.0
SCS19,weekday_2112,1785718251,43.0,3.31717,101.57484,0.0
SCS11,weekday_2011,1785718206,20.0,3.176467,101.68595,0.0
SCS29,weekday_2119,1785718174,0.0,3.135162,101.68885,0.0
SCS11,weekday_2011,1785718266,22.0,3.172798,101.68479,0.0
SCS24,2915,1785718327,114.0,6.459497,100.25886,0.0
SCS22,weekday_2014,1785718366,44.0,3.081245,101.7155,0.0
DMU11(D6122),53,1785718336,45.0,5.398885,102.23187,0.0
SCS21,weekday_2010,1785718329,1.0,3.215068,101.67216,0.0
SCS27,2908,1785718372,114.0,6.229577,100.36173,0.0
EMU32,2911,1785718363,106.0,5.736977,100.50841,0.0
DMU05,51,1785718359,34.0,5.051352,102.06698,0.0
SCS24,2915,1785718372,114.0,6.446713,100.26325,0.0
DMU11(D6122),53,1785718381,18.0,5.395223,102.23212,0.0
SCS22,weekday_2014,1785718381,55.0,3.08324,101.71587,0.0
SCS21,weekday_2010,1785718374,19.0,3.21538,101.67221,0.0
SCS11,weekday_2011,1785718374,45.0,3.167142,101.689095,0.0
SCS29,weekday_2119,1785718414,0.0,3.135162,101.68885,0.0
SCS27,2908,1785718447,112.0,6.251378,100.35727,0.0
DMU05,51,1785718479,22.0,5.043628,102.05904,0.0
SCS24,2915,1785718462,0.0,6.432508,100.26816,0.0
SCS29,weekday_2119,1785718474,0.0,3.135162,101.68885,0.0
SCS19,weekday_2112,1785718446,70.0,3.32882,101.56898,0.0
EMU32,2911,1785718423,106.0,5.721273,100.51427,0.0
DMU05,51,1785718494,19.0,5.043207,102.05819,0.0
SCS24,2915,1785718477,0.0,6.432508,100.26816,0.0
SCS27,2908,1785718492,114.0,6.264622,100.35455,0.0
SCS22,weekday_2014,1785718516,31.0,3.093193,101.71016,0.0
SCS38,weekday_2127,1785718516,0.0,3.375627,101.61406,0.0
SCS29,weekday_2119,1785718489,0.0,3.135162,101.68885,0.0
EMU32,2911,1785718483,97.0,5.705603,100.51109,0.0
SCS11,weekday_2011,1785718479,0.0,3.166038,101.69038,0.0
SCS19,weekday_2112,1785718476,77.0,3.334275,101.57154,0.0
SCS21,weekday_2010,1785718494,29.0,3.232607,101.67715,0.0
SCS11,weekday_2011,1785718584,44.0,3.161035,101.69232,0.0
SCS38,weekday_2127,1785718606,110.0,3.36698,101.60167,0.0
DMU11(D6122),53,1785718606,0.0,5.391462,102.232025,0.0
SCS22,weekday_2014,1785718606,1.0,3.098533,101.705086,0.0
DMU05,51,1785718584,11.0,5.04007,102.055984,0.0
SCS27,2908,1785718582,114.0,6.291102,100.34917,0.0
SCS19,weekday_2112,1785718581,100.0,3.361497,101.57337,0.0
SCS29,weekday_2119,1785718609,0.0,3.135162,101.68885,0.0
EMU32,2911,1785718603,94.0,5.678987,100.49686,0.0
SCS29,weekday_2119,1785718654,0.0,3.135162,101.68885,0.0
DMU05,51,1785718614,14.0,5.038712,102.055695,0.0
SCS19,weekday_2112,1785718701,112.0,3.36871,101.60633,0.0
EMU32,2911,1785718665,91.0,5.663202,100.493515,0.0
SCS29,weekday_2119,1785718714,0.0,3.135162,101.68885,0.0
SCS27,2908,1785718702,114.0,6.324478,100.33733,0.0
SCS24,2915,1785718702,113.0,6.382057,100.2944,0.0
SCS22,weekday_2014,1785718756,46.0,3.10299,101.69939,0.0
DMU11(D6122),53,1785718756,16.0,5.387112,102.2319,0.0
SCS38,weekday_2127,1785718756,96.0,3.352363,101.57199,0.0
EMU32,2911,1785718755,45.0,5.644525,100.49034,0.0
DMU05,51,1785718734,15.0,5.034115,102.05074,0.0
SCS27,2908,1785718732,114.0,6.331702,100.33195,0.0
SCS11,weekday_2011,1785718734,47.0,3.153728,101.69243,0.0
SCS29,weekday_2119,1785718729,0.0,3.135162,101.68885,0.0
SCS22,weekday_2014,1785718816,36.0,3.109668,101.691124,0.0
DMU11(D6122),53,1785718816,37.0,5.381532,102.23363,0.0
SCS38,weekday_2127,1785718816,77.0,3.337595,101.57274,0.0
SCS11,weekday_2011,1785718824,19.0,3.144733,101.69276,0.0
DMU05,51,1785718869,36.0,5.032885,102.04842,0.0
DMU08,34,1785718858,21.0,2.579508,102.61172,0.0
SCS27,2908,1785718852,108.0,6.36048,100.31043,0.0
SCS24,2915,1785718837,0.0,6.371315,100.302444,0.0
SCS19,weekday_2112,1785718836,37.0,3.376268,101.61453,0.0
SCS29,weekday_2119,1785718834,0.0,3.135162,101.68885,0.0
SCS11,weekday_2011,1785718869,18.0,3.142302,101.69421,0.0
SCS19,weekday_2112,1785718926,116.0,3.393855,101.62808,0.0
SCS22,weekday_2014,1785718921,21.0,3.112647,101.68538,0.0
SCS38,weekday_2127,1785718921,34.0,3.324482,101.571686,0.0
EMU32,2911,1785718905,91.0,5.63348,100.490166,0.0
DMU08,34,1785718903,22.0,2.578502,102.6087,0.0
DMU05,51,1785718899,47.0,5.030993,102.04543,0.0
DMU11(D6122),53,1785718951,15.0,5.371128,102.22878,0.0
SCS11,weekday_2011,1785718929,0.0,3.140237,101.69405,0.0
SCS24,2915,1785718927,115.0,6.357745,100.31258,0.0
DMU08,34,1785718978,30.0,2.580502,102.60305,0.0
SCS27,2908,1785718957,3.0,6.370398,100.303024,0.0
DMU05,51,1785718959,37.0,5.025455,102.04025,0.0
SCS11,weekday_2011,1785718959,0.0,3.140237,101.69405,0.0
SCS24,2915,1785718957,114.0,6.350568,100.31794,0.0
SCS24,2915,1785719062,115.0,6.325278,100.33682,0.0
SCS22,weekday_2014,1785719056,24.0,3.115295,101.67992,0.0
DMU11(D6122),53,1785719026,51.0,5.364055,102.22566,0.0
SCS19,weekday_2112,1785719061,114.0,3.429897,101.63037,0.0
SCS29,weekday_2119,1785719059,0.0,3.128498,101.680214,0.0
SCS04,2912,1785719029,117.0,5.571903,100.49653,0.0
SCS29,weekday_2119,1785719074,12.0,3.128355,101.68008,0.0
SCS38,weekday_2127,1785719116,71.0,3.313228,101.57495,0.0
SCS22,weekday_2014,1785719116,4.0,3.118958,101.6788,0.0
EMU32,2911,1785719115,108.0,5.579088,100.495346,0.0
SCS27,2908,1785719077,114.0,6.392583,100.28648,0.0
DMU11(D6122),53,1785719101,51.0,5.353585,102.22442,0.0
SCS19,weekday_2112,1785719076,115.0,3.433448,101.63315,0.0
SCS04,2912,1785719074,116.0,5.585437,100.49433,0.0
DMU08,34,1785719158,74.0,2.601467,102.59404,0.0
SCS04,2912,1785719164,116.0,5.612583,100.49658,0.0
EMU32,2911,1785719235,107.0,5.545583,100.50109,0.0
DMU08,34,1785719218,72.0,2.61308,102.59076,0.0
DMU11(D6122),53,1785719251,43.0,5.335858,102.21722,0.0
SCS38,weekday_2127,1785719251,79.0,3.285768,101.5693,0.0
SCS22,weekday_2014,1785719251,0.0,3.122463,101.67819,0.0
SCS21,weekday_2013,1785719199,20.0,3.23622,101.68124,0.0
SCS11,weekday_2011,1785719199,0.0,3.136122,101.68937,0.0
DMU05,51,1785719199,23.0,5.019283,102.0304,0.0
SCS27,2908,1785719197,104.0,6.424055,100.27099,0.0
SCS04,2912,1785719239,114.0,5.634145,100.48992,0.0
DMU11(D6122),53,1785719266,42.0,5.335365,102.21547,0.0
EMU32,2911,1785719265,103.0,5.537608,100.50332,0.0
DMU08,34,1785719263,72.0,2.621172,102.593285,0.0
SCS11,weekday_2011,1785719274,0.0,3.136122,101.68937,0.0
DMU05,51,1785719304,5.0,5.011737,102.026024,0.0
SCS24,2915,1785719257,114.0,6.269985,100.35357,0.0
SCS21,weekday_2013,1785719304,67.0,3.223343,101.672646,0.0
SCS19,weekday_2112,1785719301,4.0,3.467877,101.63764,0.0
SCS38,weekday_2127,1785719341,64.0,3.270777,101.56002,0.0
SCS22,weekday_2014,1785719341,19.0,3.128178,101.68002,0.0
DMU11(D6122),53,1785719341,38.0,5.33453,102.208374,0.0
SCS29,weekday_2119,1785719330,0.0,3.114207,101.672585,0.0
SCS27,2908,1785719332,63.0,6.435252,100.26715,0.0
SCS19,weekday_2112,1785719331,68.0,3.471417,101.63823,0.0
SCS04,2912,1785719344,0.0,5.643743,100.49004,0.0
SCS38,weekday_2127,1785719386,50.0,3.26369,101.55756,0.0
SCS22,weekday_2014,1785719386,0.0,3.128905,101.68061,0.0
DMU05,51,1785719439,46.0,5.002287,102.0222,0.0
EMU32,2911,1785719434,0.0,5.494735,100.501366,0.0
SCS21,weekday_2013,1785719424,0.0,3.215055,101.67226,0.0
SCS11,weekday_2011,1785719424,0.0,3.136122,101.68937,0.0
SCS27,2908,1785719437,114.0,6.46327,100.25749,0.0
SCS29,weekday_2119,1785719435,79.0,3.10483,101.67263,0.0
SCS24,2915,1785719392,107.0,6.230615,100.361595,0.0
SCS19,weekday_2112,1785719391,116.0,3.486808,101.63787,0.0
DMU08,34,1785719443,70.0,2.64689,102.576996,0.0
DMU05,51,1785719439,46.0,5.002287,102.0222,0.0
DMU11(D6122),53,1785719491,23.0,5.325947,102.19711,0.0
SCS19,weekday_2112,1785719466,2.0,3.499602,101.63426,0.0
SCS27,2908,1785719437,114.0,6.46327,100.25749,0.0
SCS04,2912,1785719494,115.0,5.674635,100.495445,0.0
DMU05,51,1785719544,41.0,4.991788,102.01753,0.0
SCS21,weekday_2013,1785719544,0.0,3.205422,101.675224,0.0
SCS11,weekday_2011,1785719544,0.0,3.136122,101.68937,0.0
SCS27,2908,1785719542,114.0,6.49419,100.25343,0.0
SCS29,weekday_2119,1785719540,50.0,3.094715,101.669815,0.0
SCS24,2915,1785719542,104.0,6.188715,100.371284,0.0
SCS19,weekday_2112,1785719541,0.0,3.499618,101.63427,0.0
SCS11,weekday_2011,1785719604,17.0,3.129137,101.680824,0.0
DMU11(D6122),53,1785719581,11.0,5.327087,102.19295,0.0
SCS21,weekday_2013,1785719604,24.0,3.204962,101.67558,0.0
SCS22,weekday_2014,1785719581,0.0,3.128905,101.68061,0.0
SCS38,weekday_2127,1785719581,39.0,3.253823,101.55478,0.0
SCS04,2912,1785719554,117.0,5.690383,100.50455,0.0
DMU05,51,1785719559,44.0,4.990243,102.01661,0.0
SCS27,2908,1785719557,114.0,6.498688,100.25336,0.0
SCS19,weekday_2112,1785719556,7.0,3.499682,101.63427,0.0
DMU08,34,1785719563,73.0,2.663942,102.56158,0.0
SCS29,weekday_2119,1785719615,37.0,3.087695,101.66827,0.0
SCS24,2915,1785719557,59.0,6.185903,100.37314,0.0
SCS04,2912,1785719644,116.0,5.715998,100.513725,0.0
SCS38,weekday_2127,1785719656,76.0,3.244452,101.56031,0.0
SCS24,2915,1785719647,0.0,6.183773,100.374565,0.0
DMU08,34,1785719623,75.0,2.67123,102.55249,0.0
SCS29,weekday_2119,1785719705,18.0,3.086293,101.66442,0.0
SCS22,weekday_2014,1785719686,17.0,3.129918,101.6814,0.0
SCS38,weekday_2127,1785719686,77.0,3.238457,101.5602,0.0
DMU08,34,1785719698,66.0,2.677325,102.539925,0.0
EMU32,2911,1785719683,100.0,5.467345,100.4965,0.0
SCS04,2912,1785719719,117.0,5.737752,100.50813,0.0
SCS19,weekday_2112,1785719706,99.0,3.531658,101.63232,0.0
EMU32,2911,1785719773,95.0,5.443745,100.490906,0.0
DMU05,51,1785719754,27.0,4.963035,102.01051,0.0
SCS11,weekday_2011,1785719754,10.0,3.119523,101.67879,0.0
SCS21,weekday_2013,1785719754,59.0,3.195763,101.68346,0.0
SCS27,2908,1785719752,91.0,6.529443,100.25779,0.0
SCS29,weekday_2119,1785719750,26.0,3.085407,101.66185,0.0
SCS19,weekday_2112,1785719796,42.0,3.550925,101.63974,0.0
SCS04,2912,1785719794,116.0,5.758897,100.49931,0.0
SCS24,2915,1785719737,115.0,6.163623,100.379196,0.0
SCS29,weekday_2119,1785719840,24.0,3.083555,101.656654,0.0
SCS38,weekday_2127,1785719806,73.0,3.21185,101.57282,0.0
SCS22,weekday_2014,1785719806,0.0,3.132118,101.6834,0.0
SCS21,weekday_2013,1785719844,38.0,3.18693,101.68998,0.0
SCS27,2908,1785719842,114.0,6.555902,100.2596,0.0
DMU08,34,1785719818,73.0,2.688162,102.52218,0.0
SCS19,weekday_2112,1785719841,0.0,3.552583,101.639534,0.0
SCS24,2915,1785719797,114.0,6.145627,100.38043,0.0
SCS04,2912,1785719794,116.0,5.758897,100.49931,0.0
SCS29,weekday_2119,1785719885,60.0,3.081973,101.650795,0.0
DMU08,34,1785719908,64.0,2.701665,102.512856,0.0
SCS04,2912,1785719899,118.0,5.788237,100.48637,0.0
SCS22,weekday_2014,1785719896,0.0,3.132118,101.6834,0.0
SCS24,2915,1785719887,103.0,6.120342,100.37299,0.0
SCS19,weekday_2112,1785719886,52.0,3.554417,101.63928,0.0
EMU32,2911,1785719893,96.0,5.41712,100.47704,0.0
SCS27,2908,1785719887,114.0,6.569362,100.259056,0.0
SCS21,weekday_2013,1785719979,0.0,3.182842,101.68892,0.0
SCS11,weekday_2011,1785719979,22.0,3.115017,101.68026,0.0
SCS38,weekday_2127,1785719941,0.0,3.205952,101.58118,0.0
SCS24,2915,1785719917,41.0,6.115072,100.37061,0.0
SCS19,weekday_2112,1785719916,86.0,3.55923,101.63628,0.0
SCS04,2912,1785719959,119.0,5.805483,100.480576,0.0
SCS24,2915,1785720007,75.0,6.110667,100.3686,0.0
SCS27,2908,1785720007,114.0,6.605147,100.26321,0.0
SCS19,weekday_2112,1785720006,99.0,3.5726,101.61494,0.0
SCS22,weekday_2014,1785720031,17.0,3.139102,101.69347,0.0
SCS38,weekday_2127,1785720031,36.0,3.204125,101.58465,0.0
DMU05,51,1785720009,54.0,4.942992,102.005486,0.0
SCS21,weekday_2013,1785720009,40.0,3.181055,101.68843,0.0
SCS11,weekday_2011,1785720009,21.0,3.113588,101.68153,0.0
SCS29,weekday_2119,1785720005,25.0,3.084305,101.63321,0.0
SCS04,2912,1785720004,96.0,5.818903,100.478455,0.0
DMU08,34,1785720028,40.0,2.709635,102.503174,0.0
EMU32,2911,1785720013,93.0,5.385967,100.47016,0.0
SCS38,weekday_2127,1785720091,83.0,3.200713,101.59385,0.0
DMU05,51,1785720084,53.0,4.932283,102.002464,0.0
SCS04,2912,1785720079,0.0,5.825062,100.477936,0.0
EMU32,2911,1785720133,44.0,5.360377,100.46694,0.0
DMU08,34,1785720133,72.0,2.725327,102.49282,0.0
SCS24,2915,1785720127,114.0,6.079758,100.379875,0.0
SCS19,weekday_2112,1785720126,103.0,3.599407,101.59795,0.0
SCS29,weekday_2119,1785720125,34.0,3.08474,101.623436,0.0
SCS27,2908,1785720127,114.0,6.635553,100.27867,0.0
SCS04,2912,1785720124,0.0,5.825062,100.477936,0.0
SCS38,weekday_2127,1785720196,81.0,3.206402,101.61611,0.0
SCS22,weekday_2014,1785720196,18.0,3.145277,101.6922,0.0
DMU11(D6122),53,1785720181,44.0,5.306297,102.153404,0.0
SCS27,2908,1785720217,82.0,6.649277,100.29883,0.0
EMU32,2911,1785720198,42.0,5.359437,100.46201,0.0
SCS11,weekday_2011,1785720189,24.0,3.100812,101.702286,0.0
DMU05,51,1785720189,40.0,4.925348,101.991455,0.0
SCS04,2912,1785720169,77.0,5.828815,100.477646,0.0
SCS38,weekday_2127,1785720241,73.0,3.208557,101.62429,0.0
SCS22,weekday_2014,1785720241,64.0,3.149517,101.69057,0.0
DMU08,34,1785720223,74.0,2.73907,102.48166,0.0
DMU05,51,1785720219,34.0,4.926522,101.98848,0.0
SCS11,weekday_2011,1785720219,18.0,3.09955,101.703835,0.0
SCS04,2912,1785720274,117.0,5.859455,100.47694,0.0
SCS21,weekday_2013,1785720267,0.0,3.166092,101.69029,0.0
SCS27,2908,1785720322,55.0,6.658782,100.314926,0.0
SCS24,2915,1785720307,114.0,6.032832,100.4063,0.0
SCS19,weekday_2112,1785720306,114.0,3.636245,101.56021,0.0
SCS29,weekday_2119,1785720275,34.0,3.083697,101.61491,0.0
SCS21,weekday_2013,1785720327,10.0,3.165715,101.690796,0.0
SCS11,weekday_2011,1785720279,0.0,3.098618,101.7051,0.0
DMU05,51,1785720294,31.0,4.928122,101.9841,0.0
SCS27,2908,1785720352,32.0,6.66092,100.31788,0.0
SCS24,2915,1785720367,115.0,6.017092,100.415215,0.0
SCS19,weekday_2112,1785720366,114.0,3.649953,101.54883,0.0
SCS21,weekday_2013,1785720387,40.0,3.160373,101.69255,0.0
EMU32,2911,1785720378,0.0,5.36634,100.44763,0.0
SCS29,weekday_2119,1785720365,18.0,3.083203,101.61123,0.0
SCS04,2912,1785720364,116.0,5.886982,100.477,0.0
SCS22,weekday_2014,1785720406,33.0,3.165342,101.691086,0.0
SCS24,2915,1785720397,114.0,6.009243,100.41965,0.0
SCS19,weekday_2112,1785720396,99.0,3.655743,101.54209,0.0
SCS27,2908,1785720412,0.0,6.662105,100.319305,0.0
SCS29,weekday_2119,1785720455,42.0,3.082855,101.60499,0.0
SCS04,2912,1785720424,116.0,5.904463,100.47216,0.0
SCS11,weekday_2011,1785720414,0.0,3.098618,101.7051,0.0
DMU05,51,1785720414,48.0,4.916205,101.978546,0.0
SCS22,weekday_2014,1785720466,10.0,3.166183,101.69015,0.0
SCS24,2915,1785720472,114.0,5.989637,100.43071,0.0
DMU08,34,1785720463,71.0,2.778232,102.45852,0.0
EMU32,2911,1785720468,85.0,5.364453,100.43574,0.0
SCS21,weekday_2013,1785720507,27.0,3.15383,101.69243,0.0
SCS04,2912,1785720514,116.0,5.930208,100.462265,0.0
SCS29,weekday_2119,1785720470,53.0,3.082807,101.602844,0.0
SCS24,2915,1785720562,1.0,5.972668,100.44031,0.0
DMU03,35,1785720575,0.0,4.18716,102.05303,0.0
SCS11,weekday_2011,1785720549,0.0,3.098618,101.7051,0.0
DMU05,51,1785720549,45.0,4.897277,101.97111,0.0
SCS19,weekday_2112,1785720576,47.0,3.672588,101.52968,0.0
DMU11(D6122),53,1785720631,37.0,5.31973,102.130424,0.0
SCS04,2912,1785720604,116.0,5.95494,100.45028,0.0
EMU32,2911,1785720588,0.0,5.364607,100.42124,0.0
SCS21,weekday_2013,1785720612,22.0,3.14563,101.69208,0.0
DMU03,35,1785720590,0.0,4.18716,102.05303,0.0
SCS04,2912,1785720679,41.0,5.971817,100.44076,0.0
DMU05,51,1785720639,33.0,4.8867,101.97131,0.0
SCS11,weekday_2011,1785720639,0.0,3.098618,101.7051,0.0
SCS29,weekday_2119,1785720652,0.0,3.084673,101.589066,0.0
SCS24,2915,1785720727,114.0,5.945787,100.45548,0.0
SCS04,2912,1785720724,0.0,5.972692,100.440254,0.0
DMU11(D6122),53,1785720736,42.0,5.329103,102.1218,0.0
SCS29,weekday_2119,1785720727,20.0,3.084273,101.58527,0.0
DMU03,35,1785720770,65.0,4.183228,102.05708,0.0
EMU32,2911,1785720768,93.0,5.37698,100.39344,0.0
DMU08,34,1785720778,56.0,2.80812,102.40782,0.0
SCS04,2912,1785720769,60.0,5.97457,100.4392,0.0
DMU03,35,1785720875,72.0,4.17833,102.077225,0.0
SCS11,weekday_2011,1785720849,0.0,3.098618,101.7051,0.0
SCS29,weekday_2119,1785720847,47.0,3.07839,101.571625,0.0
DMU05,51,1785720834,0.0,4.87911,101.96689,0.0
SCS19,weekday_2112,1785720846,0.0,3.68397,101.51889,0.0
SCS04,2912,1785720844,118.0,5.992492,100.429085,0.0
SCS38,weekday_2127,1785720841,35.0,3.186685,101.6639,0.0
SCS22,weekday_2014,1785720849,0.0,3.182747,101.6889,0.0
SCS24,2915,1785720832,114.0,5.916632,100.46746,0.0
DMU05,51,1785720894,0.0,4.879205,101.96691,0.0
SCS22,weekday_2014,1785720894,16.0,3.18381,101.689186,0.0
SCS11,weekday_2011,1785720894,0.0,3.098618,101.7051,0.0
SCS29,weekday_2119,1785720892,18.0,3.076082,101.56802,0.0
SCS21,weekday_2013,1785720882,0.0,3.136452,101.68944,0.0
DMU03,35,1785720890,74.0,4.176752,102.07971,0.0
EMU32,2911,1785720888,27.0,5.386702,100.37487,0.0
SCS19,weekday_2112,1785720921,0.0,3.68397,101.51889,0.0
SCS24,2915,1785720892,114.0,5.899793,100.473915,0.0
SCS38,weekday_2127,1785720886,0.0,3.186132,101.66466,0.0
SCS04,2912,1785720934,116.0,6.01645,100.41554,0.0
DMU03,35,1785720965,73.0,4.176597,102.09182,0.0
SCS21,weekday_2013,1785720957,0.0,3.136452,101.68944,0.0
DMU05,51,1785720954,0.0,4.879333,101.96677,0.0
SCS22,weekday_2014,1785720954,41.0,3.187567,101.6895,0.0
SCS11,weekday_2011,1785720954,0.0,3.098618,101.7051,0.0
SCS29,weekday_2119,1785720952,37.0,3.076865,101.56237,0.0
SCS24,2915,1785720967,114.0,5.877737,100.47696,0.0
SCS29,weekday_2119,1785721042,20.0,3.075647,101.559105,0.0
SCS24,2915,1785721042,114.0,5.855243,100.47693,0.0
SCS21,weekday_2013,1785721092,0.0,3.136452,101.68944,0.0
DMU03,35,1785721085,50.0,4.18256,102.110275,0.0
SCS04,2912,1785721084,117.0,6.0562,100.39307,0.0
SCS38,weekday_2127,1785721081,53.0,3.168222,101.686745,0.0
DMU11(D6122),53,1785721081,45.0,5.359647,102.10307,0.0
SCS24,2915,1785721147,49.0,5.826573,100.47788,0.0
SCS04,2912,1785721189,116.0,6.084322,100.37748,0.0
DMU06,55,1785721203,79.0,6.176448,102.188866,0.0
SCS24,2915,1785721192,0.0,5.824977,100.47802,0.0
DMU06,55,1785721248,70.0,6.169662,102.19454,0.0
EMU32,2911,1785721248,0.0,5.393183,100.36654,0.0
SCS38,weekday_2127,1785721246,43.0,3.163995,101.69198,0.0
DMU11(D6122),53,1785721246,29.0,5.36521,102.08896,0.0
SCS04,2912,1785721234,108.0,6.095962,100.37084,0.0
DMU03,35,1785721250,52.0,4.187995,102.13365,0.0
SCS04,2912,1785721324,0.0,6.113653,100.36988,0.0
SCS29,weekday_2119,1785721327,36.0,3.057422,101.52793,0.0
DMU06,55,1785721323,66.0,6.163355,102.206505,0.0
DMU05,51,1785721299,64.0,4.864227,101.96704,0.0
SCS22,weekday_2014,1785721299,0.0,3.21516,101.6722,0.0
SCS11,weekday_2011,1785721299,0.0,3.098618,101.7051,0.0
SCS24,2915,1785721357,115.0,5.787312,100.48683,0.0
DMU03,35,1785721325,43.0,4.185478,102.142105,0.0
SCS21,weekday_2013,1785721377,12.0,3.119432,101.678795,0.0
SCS29,weekday_2119,1785721357,4.0,3.056798,101.52591,0.0
SCS24,2915,1785721402,117.0,5.774802,100.492355,0.0
DMU06,55,1785721398,73.0,6.158332,102.219925,0.0
SCS11,weekday_2011,1785721359,0.0,3.098618,101.7051,0.0
SCS22,weekday_2014,1785721359,79.0,3.22105,101.67247,0.0
DMU05,51,1785721359,58.0,4.855122,101.97213,0.0
SCS21,weekday_2013,1785721422,0.0,3.119337,101.67884,0.0
SCS04,2912,1785721534,116.0,6.144015,100.38054,0.0
SCS38,weekday_2127,1785721531,21.0,3.144363,101.69308,0.0
DMU05,51,1785721524,49.0,4.838885,101.99127,0.0
SCS11,weekday_2011,1785721524,0.0,3.098618,101.7051,0.0
SCS38,weekday_2127,1785721546,25.0,3.143533,101.69377,0.0
SCS04,2912,1785721549,115.0,6.148583,100.38019,0.0
SCS11,weekday_2011,1785721569,0.0,3.098618,101.7051,0.0
DMU06,55,1785721563,69.0,6.138305,102.22405,0.0
SCS29,weekday_2119,1785721552,40.0,3.051887,101.50991,0.0
DMU03,35,1785721535,78.0,4.173343,102.16706,0.0
SCS04,2912,1785721639,108.0,6.175877,100.37823,0.0
DMU05,51,1785721629,66.0,4.832382,102.00807,0.0
SCS24,2915,1785721612,113.0,5.715485,100.51361,0.0
SCS29,weekday_2119,1785721612,21.0,3.051505,101.50397,0.0
DMU06,55,1785721638,64.0,6.129692,102.21363,0.0
SCS11,weekday_2011,1785721614,0.0,3.098618,101.7051,0.0
SCS24,2915,1785721657,114.0,5.702388,100.5103,0.0
SCS04,2912,1785721654,83.0,6.179493,100.37713,0.0
DMU03,35,1785721700,69.0,4.148245,102.18716,0.0
DMU08,34,1785721663,0.0,2.811437,102.40378,0.0
SCS21,weekday_2013,1785721662,23.0,3.1127,101.68492,0.0
DMU05,51,1785721659,61.0,4.827142,102.00837,0.0
SCS11,weekday_2011,1785721659,0.0,3.098618,101.7051,0.0
DMU03,35,1785721745,70.0,4.14119,102.190605,0.0
SCS21,weekday_2013,1785721752,17.0,3.108918,101.69212,0.0
DMU08,34,1785721723,0.0,2.811437,102.40378,0.0
SCS24,2915,1785721747,115.0,5.679167,100.49695,0.0
DMU06,55,1785721743,25.0,6.12126,102.203384,0.0
SCS29,weekday_2119,1785721747,12.0,3.052372,101.49375,0.0
SCS38,weekday_2127,1785721741,17.0,3.136998,101.691536,0.0
SCS21,weekday_2013,1785721782,0.0,3.10877,101.692314,0.0
DMU06,55,1785721908,0.0,6.118502,102.20089,0.0
SCS38,weekday_2127,1785721906,0.0,3.135543,101.68858,0.0
SCS21,weekday_2013,1785721872,0.0,3.10877,101.692314,0.0
SCS28,weekday_2130,1785721890,8.0,3.000737,101.390854,0.0
DMU08,34,1785721888,0.0,2.811437,102.40378,0.0
DMU11(D6122),53,1785721891,0.0,5.371937,102.08528,0.0
SCS04,2912,1785721864,116.0,6.212035,100.36535,0.0
DMU06,55,1785721953,0.0,6.118502,102.20089,0.0
SCS38,weekday_2127,1785721951,0.0,3.135543,101.68858,0.0
SCS29,weekday_2119,1785721912,63.0,3.052215,101.47844,0.0
SCS04,2912,1785721954,116.0,6.238958,100.359856,0.0
DMU11(D6122),53,1785721936,0.0,5.371937,102.08528,0.0
SCS38,weekday_2127,1785721981,0.0,3.135543,101.68858,0.0
SCS24,2915,1785721987,91.0,5.637435,100.48924,0.0
DMU06,55,1785721983,0.0,6.118502,102.20089,0.0
SCS11,weekday_2011,1785721959,0.0,3.098618,101.7051,0.0
SCS21,weekday_2013,1785722022,0.0,3.10877,101.692314,0.0
DMU05,51,1785722064,46.0,4.767013,102.01365,0.0
DMU08,34,1785722023,0.0,2.81146,102.40368,0.0
SCS24,2915,1785722077,116.0,5.61225,100.49653,0.0
DMU11(D6122),53,1785722101,0.0,5.371937,102.08528,0.0
SCS29,weekday_2119,1785722077,0.0,3.036708,101.470634,0.0
SCS38,weekday_2127,1785722161,0.0,3.135543,101.68858,0.0
SCS21,weekday_2013,1785722187,0.0,3.10877,101.692314,0.0
DMU06,55,1785722208,0.0,6.118643,102.20075,0.0
DMU05,51,1785722139,71.0,4.75519,102.01431,0.0
DMU03,35,1785722135,71.0,4.095867,102.20393,0.0
DMU11(D6122),53,1785722176,0.0,5.371937,102.08528,0.0
SCS29,weekday_2119,1785722137,24.0,3.033842,101.467766,0.0
SCS29,weekday_2119,1785722242,23.0,3.034585,101.459885,0.0
SCS24,2915,1785722242,114.0,5.563243,100.49801,0.0
DMU05,51,1785722199,49.0,4.745393,102.01331,0.0
SCS11,weekday_2018,1785722274,8.0,3.112158,101.688,0.0
SCS04,2912,1785722314,117.0,6.341073,100.325035,0.0
DMU03,35,1785722300,75.0,4.083848,102.23223,0.0
DMU06,55,1785722298,0.0,6.118573,102.20088,0.0
DMU05,51,1785722274,30.0,4.737527,102.012115,0.0
SCS24,2915,1785722272,114.0,5.554352,100.49948,0.0
SCS21,weekday_2013,1785722352,22.0,3.101547,101.70134,0.0
SCS24,2915,1785722317,114.0,5.541183,100.50235,0.0
SCS04,2912,1785722344,116.0,6.34842,100.31954,0.0
SCS28,weekday_2130,1785722415,77.0,3.025428,101.41569,0.0
SCS22,weekday_2015,1785722484,12.0,3.238128,101.68092,0.0
SCS11,weekday_2018,1785722484,32.0,3.11695,101.67941,0.0
SCS24,2915,1785722482,110.0,5.493315,100.50096,0.0
SCS29,weekday_2119,1785722482,0.0,3.042495,101.45141,0.0
DMU06,55,1785722478,0.0,6.118522,102.20085,0.0
DMU11(D6122),53,1785722476,5.0,5.373308,102.08456,0.0
SCS38,weekday_2127,1785722476,0.0,3.135543,101.68858,0.0
SCS28,weekday_2130,1785722460,77.0,3.031988,101.42269,0.0
SCS21,weekday_2013,1785722457,0.0,3.09858,101.70508,0.0
SCS21,weekday_2013,1785722517,0.0,3.09858,101.70508,0.0
SCS28,weekday_2130,1785722520,0.0,3.034582,101.42556,0.0
DMU05,51,1785722514,71.0,4.718267,102.00215,0.0
SCS22,weekday_2015,1785722514,43.0,3.235388,101.68063,0.0
DMU11(D6122),53,1785722506,10.0,5.374148,102.08402,0.0
SCS11,weekday_2018,1785722529,0.0,3.119258,101.67868,0.0
DMU06,55,1785722508,0.0,6.118522,102.20085,0.0
DMU03,35,1785722555,0.0,4.075343,102.2715,0.0
SCS24,2915,1785722542,5.0,5.482843,100.49817,0.0
SCS04,2912,1785722529,76.0,6.374193,100.300285,0.0
DMU03,35,1785722570,0.0,4.075343,102.2715,0.0
SCS04,2912,1785722604,117.0,6.391632,100.28722,0.0
SCS24,2915,1785722557,0.0,5.48283,100.49817,0.0
DMU03,35,1785722630,0.0,4.075383,102.2715,0.0
SCS29,weekday_2119,1785722632,0.0,3.044158,101.44748,0.0
SCS22,weekday_2015,1785722634,25.0,3.215517,101.67228,0.0
DMU06,55,1785722628,0.0,6.118522,102.20085,0.0
SCS24,2915,1785722707,114.0,5.457222,100.49447,0.0
DMU06,55,1785722733,0.0,6.118547,102.20076,0.0
SCS28,weekday_2130,1785722700,0.0,3.04079,101.432205,0.0
DMU11(D6122),53,1785722791,46.0,5.389995,102.068405,0.0
DMU03,35,1785722795,81.0,4.071025,102.28163,0.0
SCS38,weekday_2127,1785722761,0.0,3.135543,101.68858,0.0
SCS28,weekday_2130,1785722745,0.0,3.04079,101.432205,0.0
SCS22,weekday_2015,1785722739,70.0,3.20753,101.67338,0.0
SCS11,weekday_2018,1785722739,18.0,3.128203,101.68011,0.0
SCS04,2912,1785722739,89.0,6.427848,100.269745,0.0
DMU06,55,1785722853,0.0,6.118547,102.20076,0.0
SCS38,weekday_2127,1785722851,0.0,3.135543,101.68858,0.0
DMU11(D6122),53,1785722851,0.0,5.390357,102.06501,0.0
SCS29,weekday_2119,1785722842,12.0,3.043732,101.44855,0.0
SCS24,2915,1785722827,113.0,5.424057,100.481415,0.0
SCS04,2912,1785722814,0.0,6.432588,100.26811,0.0
SCS22,weekday_2015,1785722814,0.0,3.205467,101.67511,0.0
SCS11,weekday_2018,1785722814,0.0,3.13233,101.68358,0.0
DMU03,35,1785722810,79.0,4.06977,102.28455,0.0
DMU05,51,1785722799,67.0,4.687323,102.003105,0.0
DMU06,55,1785722913,0.0,6.118468,102.200836,0.0
SCS04,2912,1785722889,94.0,6.439153,100.26584,0.0
SCS11,weekday_2018,1785722889,0.0,3.13233,101.68358,0.0
SCS29,weekday_2119,1785722887,9.0,3.043032,101.450264,0.0
DMU08,34,1785722953,76.0,2.947158,102.396935,0.0
SCS29,weekday_2119,1785722947,0.0,3.042713,101.45098,0.0
DMU11(D6122),53,1785722941,43.0,5.392077,102.05792,0.0
SCS11,weekday_2018,1785722934,0.0,3.13233,101.68358,0.0
DMU05,51,1785722934,76.0,4.660075,101.99771,0.0
SCS22,weekday_2015,1785722934,0.0,3.198788,101.68084,0.0
DMU03,35,1785722945,68.0,4.056243,102.309616,0.0
SCS24,2915,1785722932,113.0,5.394138,100.47121,0.0
DMU06,55,1785722913,0.0,6.118468,102.200836,0.0
DMU03,35,1785723020,80.0,4.043172,102.3146,0.0
DMU08,34,1785722983,76.0,2.953258,102.397545,0.0
SCS04,2912,1785723039,116.0,6.482718,100.25363,0.0
SCS22,weekday_2015,1785723039,45.0,3.193183,101.68564,0.0
DMU05,51,1785723039,0.0,4.645658,101.993996,0.0
SCS29,weekday_2119,1785723037,0.0,3.042713,101.45098,0.0
DMU03,35,1785723080,82.0,4.0311,102.32009,0.0
SCS28,weekday_2130,1785723060,37.0,3.046788,101.44228,0.0
DMU08,34,1785723058,74.0,2.967952,102.400024,0.0
SCS21,weekday_2013,1785723057,0.0,3.09858,101.70508,0.0
SCS11,weekday_2018,1785723039,17.0,3.137768,101.69278,0.0
DMU08,34,1785723118,71.0,2.97844,102.39465,0.0
DMU06,55,1785723123,14.0,6.117307,102.19968,0.0
SCS11,weekday_2018,1785723114,0.0,3.14005,101.69374,0.0
SCS22,weekday_2015,1785723114,42.0,3.185333,101.689865,0.0
DMU05,51,1785723114,36.0,4.6435,101.99347,0.0
SCS24,2915,1785723112,42.0,5.35712,100.46438,0.0
DMU11(D6122),53,1785723196,14.0,5.386478,102.04103,0.0
SCS21,weekday_2013,1785723192,0.0,3.09858,101.70508,0.0
DMU05,51,1785723189,74.0,4.631125,101.990616,0.0
SCS22,weekday_2015,1785723189,0.0,3.182762,101.68891,0.0
SCS11,weekday_2018,1785723189,13.0,3.141822,101.694115,0.0
DMU03,35,1785723185,61.0,4.011277,102.32124,0.0
SCS24,2915,1785723172,59.0,5.362565,100.45948,0.0
DMU06,55,1785723213,52.0,6.113283,102.194756,0.0
SCS38,weekday_2127,1785723211,0.0,3.135543,101.68858,0.0
SCS11,weekday_2018,1785723219,16.0,3.143712,101.693535,0.0
SCS22,weekday_2015,1785723219,7.0,3.182622,101.68881,0.0
SCS28,weekday_2130,1785723270,0.0,3.042478,101.4513,0.0
DMU08,34,1785723268,72.0,3.002362,102.38176,0.0
SCS21,weekday_2013,1785723252,0.0,3.09858,101.70508,0.0
DMU05,51,1785723219,77.0,4.625075,101.98924,0.0
SCS04,2912,1785723219,0.0,6.524437,100.257,0.0
SCS29,weekday_2119,1785723217,0.0,3.042713,101.45098,0.0
DMU03,35,1785723335,40.0,3.991667,102.33193,0.0
DMU06,55,1785723318,73.0,6.09977,102.17966,0.0
SCS21,weekday_2013,1785723312,0.0,3.09858,101.70508,0.0
SCS38,weekday_2127,1785723331,0.0,3.135543,101.68858,0.0
SCS29,weekday_2119,1785723307,40.0,3.043775,101.448456,0.0
SCS28,weekday_2130,1785723330,24.0,3.040687,101.45281,0.0
SCS38,weekday_2127,1785723376,0.0,3.135543,101.68858,0.0
SCS11,weekday_2018,1785723339,46.0,3.153972,101.69254,0.0
DMU05,51,1785723339,75.0,4.600733,101.98461,0.0
SCS04,2912,1785723339,118.0,6.540348,100.259705,0.0
SCS22,weekday_2015,1785723339,17.0,3.174487,101.68488,0.0
SCS28,weekday_2130,1785723360,15.0,3.039242,101.45385,0.0
SCS24,2915,1785723337,0.0,5.366183,100.44855,0.0
SCS21,weekday_2013,1785723357,0.0,3.09858,101.70508,0.0
DMU08,34,1785723343,75.0,3.017562,102.37984,0.0
DMU11(D6122),53,1785723421,14.0,5.37964,102.03313,0.0
SCS38,weekday_2127,1785723421,0.0,3.135543,101.68858,0.0
DMU03,35,1785723455,90.0,3.975333,102.3406,0.0
SCS21,weekday_2013,1785723432,0.0,3.09858,101.70508,0.0
SCS28,weekday_2130,1785723435,25.0,3.036007,101.456535,0.0
SCS38,weekday_2127,1785723511,24.0,3.13796,101.69314,0.0
SCS21,weekday_2013,1785723462,0.0,3.09858,101.70508,0.0
DMU11(D6122),53,1785723481,0.0,5.378952,102.03227,0.0
SCS29,weekday_2119,1785723472,41.0,3.041863,101.433266,0.0
DMU03,35,1785723470,88.0,3.972565,102.34273,0.0
DMU08,34,1785723463,75.0,3.040985,102.376816,0.0
SCS11,weekday_2018,1785723459,61.0,3.16091,101.69231,0.0
DMU05,51,1785723459,75.0,4.577927,101.988014,0.0
SCS04,2912,1785723459,116.0,6.576845,100.26096,0.0
DMU03,35,1785723560,68.0,3.955373,102.35032,0.0
SCS22,weekday_2015,1785723560,0.0,3.166053,101.69035,0.0
DMU05,51,1785723594,77.0,4.552122,101.983345,0.0
DMU06,55,1785723543,74.0,6.079283,102.163216,0.0
SCS38,weekday_2127,1785723571,9.0,3.139005,101.69345,0.0
DMU08,34,1785723568,79.0,3.060222,102.37054,0.0
SCS04,2912,1785723564,115.0,6.608965,100.263565,0.0
SCS28,weekday_2130,1785723555,24.0,3.033717,101.46426,0.0
SCS11,weekday_2018,1785723549,0.0,3.166082,101.69028,0.0
SCS29,weekday_2119,1785723517,0.0,3.040698,101.432014,0.0
DMU03,35,1785723575,62.0,3.953052,102.35166,0.0
SCS22,weekday_2015,1785723575,6.0,3.165985,101.690445,0.0
DMU06,55,1785723573,69.0,6.074545,102.15995,0.0
DMU05,51,1785723594,77.0,4.552122,101.983345,0.0
SCS28,weekday_2130,1785723600,25.0,3.033728,101.46749,0.0
DMU08,34,1785723598,80.0,3.066615,102.37084,0.0
SCS24,2915,1785723627,45.0,5.364615,100.42111,0.0
SCS21,weekday_2013,1785723627,0.0,3.09858,101.70508,0.0
SCS24,2915,1785723687,102.0,5.369682,100.40807,0.0
SCS21,weekday_2013,1785723687,0.0,3.09858,101.70508,0.0
SCS04,2912,1785723684,116.0,6.638052,100.28209,0.0
DMU06,55,1785723693,68.0,6.054503,102.14851,0.0
SCS29,weekday_2119,1785723682,79.0,3.028492,101.418884,0.0
DMU03,35,1785723680,25.0,3.938607,102.3574,0.0
SCS11,weekday_2018,1785723684,0.0,3.167665,101.68786,0.0
SCS38,weekday_2127,1785723676,55.0,3.14595,101.691666,0.0
SCS28,weekday_2130,1785723675,0.0,3.036748,101.47067,0.0
DMU05,51,1785723654,75.0,4.540885,101.98011,0.0
SCS24,2915,1785723717,97.0,5.373015,100.40084,0.0
SCS21,weekday_2013,1785723717,0.0,3.09858,101.70508,0.0
SCS22,weekday_2015,1785723755,14.0,3.154612,101.69317,0.0
DMU03,35,1785723755,0.0,3.937478,102.35772,0.0
DMU11(D6122),53,1785723751,41.0,5.36839,102.02669,0.0
SCS38,weekday_2127,1785723751,0.0,3.153773,101.69242,0.0
SCS28,weekday_2130,1785723720,23.0,3.037432,101.47102,0.0
DMU08,34,1785723718,63.0,3.091558,102.373436,0.0
DMU03,35,1785723815,0.0,3.937417,102.3577,0.0
DMU06,55,1785723813,14.0,6.043518,102.142815,0.0
SCS38,weekday_2127,1785723811,58.0,3.158423,101.69328,0.0
SCS04,2912,1785723804,78.0,6.654787,100.309,0.0
SCS22,weekday_2015,1785723800,47.0,3.148785,101.690704,0.0
DMU11(D6122),53,1785723781,43.0,5.369625,102.02359,0.0
SCS28,weekday_2130,1785723765,25.0,3.040618,101.47267,0.0
DMU06,55,1785723843,0.0,6.042875,102.142494,0.0
SCS38,weekday_2127,1785723841,36.0,3.162018,101.692,0.0
DMU11(D6122),53,1785723841,46.0,5.376847,102.01971,0.0
SCS22,weekday_2015,1785723815,27.0,3.147365,101.69095,0.0
SCS21,weekday_2013,1785723867,0.0,3.09858,101.70508,0.0
SCS28,weekday_2130,1785723825,61.0,3.047938,101.473564,0.0
SCS29,weekday_2119,1785723817,24.0,3.019422,101.40919,0.0
SCS24,2915,1785723942,22.0,5.388088,100.37241,0.0
SCS21,weekday_2013,1785723942,0.0,3.09858,101.70508,0.0
DMU05,51,1785723939,49.0,4.50769,101.956276,0.0
SCS29,weekday_2119,1785723922,0.0,3.013985,101.403305,0.0
DMU11(D6122),53,1785723916,15.0,5.379668,102.014046,0.0
SCS38,weekday_2127,1785723916,0.0,3.165078,101.6914,0.0
DMU03,35,1785723905,0.0,3.937442,102.357605,0.0
SCS38,weekday_2127,1785723961,11.0,3.16696,101.68922,0.0
DMU06,55,1785723993,0.0,6.042875,102.142494,0.0
SCS22,weekday_2015,1785723950,0.0,3.140447,101.694084,0.0
SCS28,weekday_2130,1785723945,30.0,3.052422,101.48965,0.0
SCS04,2912,1785723939,0.0,6.662815,100.32024,0.0
SCS29,weekday_2119,1785723937,22.0,3.013687,101.40299,0.0
SCS29,weekday_2119,1785724042,22.0,3.008393,101.397385,0.0
SCS22,weekday_2015,1785724025,6.0,3.140052,101.69412,0.0
SCS11,weekday_2018,1785724023,0.0,3.182663,101.68884,0.0
SCS21,weekday_2013,1785724032,0.0,3.09858,101.70508,0.0
SCS24,2915,1785724062,0.0,5.392427,100.3675,0.0
DMU05,51,1785724014,65.0,4.497658,101.95159,0.0
SCS04,2912,1785724014,0.0,6.662815,100.32024,0.0
SCS21,weekday_2013,1785724092,0.0,3.09858,101.70508,0.0
SCS24,2915,1785724062,0.0,5.392427,100.3675,0.0
DMU06,55,1785724128,0.0,6.042973,102.14234,0.0
SCS28,weekday_2130,1785724110,15.0,3.05221,101.497154,0.0
DMU08,34,1785724078,0.0,3.135848,102.3705,0.0
DMU03,35,1785724070,0.0,3.937423,102.3577,0.0
SCS22,weekday_2015,1785724070,17.0,3.137822,101.6926,0.0
DMU11(D6122),53,1785724066,0.0,5.376957,102.01017,0.0
SCS21,weekday_2013,1785724152,0.0,3.09858,101.70508,0.0
SCS29,weekday_2119,1785724147,14.0,3.003868,101.39253,0.0
SCS28,weekday_2130,1785724155,35.0,3.051815,101.50095,0.0
SCS22,weekday_2015,1785724130,30.0,3.135513,101.68901,0.0
DMU03,35,1785724130,0.0,3.937423,102.3577,0.0
SCS11,weekday_2018,1785724128,77.0,3.191472,101.687126,0.0
SCS28,weekday_2130,1785724185,63.0,3.051413,101.504974,0.0
DMU06,55,1785724233,17.0,6.04207,102.142006,0.0
SCS11,weekday_2018,1785724233,0.0,3.198813,101.680786,0.0
DMU11(D6122),53,1785724231,20.0,5.373365,102.008835,0.0
SCS22,weekday_2015,1785724205,0.0,3.135322,101.688705,0.0
DMU03,35,1785724190,0.0,3.937387,102.35779,0.0
SCS22,weekday_2015,1785724265,0.0,3.135322,101.688705,0.0
DMU03,35,1785724265,45.0,3.932577,102.3584,0.0
DMU06,55,1785724293,13.0,6.039132,102.140495,0.0
SCS11,weekday_2018,1785724293,0.0,3.198813,101.680786,0.0
DMU11(D6122),53,1785724261,33.0,5.371142,102.008385,0.0
DMU05,51,1785724254,79.0,4.473812,101.934044,0.0
SCS21,weekday_2013,1785724242,0.0,3.09858,101.70508,0.0
DMU08,34,1785724258,0.0,3.135848,102.3705,0.0
SCS29,weekday_2119,1785724342,0.0,3.000458,101.390915,0.0
SCS22,weekday_2015,1785724295,0.0,3.135322,101.688705,0.0
DMU08,34,1785724333,0.0,3.135848,102.3705,0.0
SCS29,weekday_2119,1785724372,0.0,3.000458,101.390915,0.0
SCS22,weekday_2015,1785724400,25.0,3.131308,101.68208,0.0
DMU03,35,1785724385,43.0,3.91709,102.35948,0.0
SCS21,weekday_2013,1785724407,0.0,3.09858,101.70508,0.0
DMU03,35,1785724415,51.0,3.913133,102.36024,0.0
SCS11,weekday_2018,1785724488,72.0,3.210088,101.67218,0.0
DMU06,55,1785724488,60.0,6.017738,102.14034,0.0
DMU08,34,1785724453,0.0,3.135848,102.3705,0.0
SCS21,weekday_2013,1785724452,0.0,3.09858,101.70508,0.0
DMU11(D6122),53,1785724486,43.0,5.348628,102.011185,0.0
SCS21,weekday_2013,1785724527,0.0,3.09858,101.70508,0.0
DMU08,34,1785724498,0.0,3.135848,102.3705,0.0
SCS29,weekday_2119,1785724507,0.0,3.000458,101.390915,0.0
SCS22,weekday_2015,1785724490,22.0,3.125967,101.67856,0.0
DMU03,35,1785724490,51.0,3.902153,102.36278,0.0
SCS22,weekday_2015,1785724595,0.0,3.119505,101.67871,0.0
SCS11,weekday_2011,1785724593,35.0,3.215882,101.67227,0.0
SCS28,weekday_2130,1785724590,30.0,3.074818,101.55754,0.0
DMU11(D6122),53,1785724591,52.0,5.33594,102.01596,0.0
DMU06,55,1785724563,67.0,6.003948,102.141396,0.0
DMU06,55,1785724668,70.0,5.984448,102.14278,0.0
SCS22,weekday_2015,1785724625,0.0,3.119418,101.678764,0.0
DMU03,35,1785724670,54.0,3.872677,102.36464,0.0
SCS11,weekday_2011,1785724608,68.0,3.218115,101.67236,0.0
SCS28,weekday_2130,1785724695,25.0,3.076397,101.56073,0.0
DMU08,34,1785724678,0.0,3.135848,102.3705,0.0
SCS11,weekday_2011,1785724758,28.0,3.23674,101.68125,0.0
DMU06,55,1785724758,52.0,5.967927,102.14386,0.0
DMU11(D6122),53,1785724756,51.0,5.311813,102.02084,0.0
DMU08,34,1785724738,0.0,3.135848,102.3705,0.0
DMU06,55,1785724773,17.0,5.966507,102.143906,0.0
DMU03,35,1785724805,60.0,3.850143,102.36239,0.0
SCS22,weekday_2015,1785724805,16.0,3.11437,101.68055,0.0
DMU03,35,1785724865,67.0,3.840248,102.36155,0.0
SCS11,weekday_2011,1785724863,0.0,3.238322,101.681175,0.0
SCS21,weekday_2013,1785724842,0.0,3.09858,101.70508,0.0
SCS22,weekday_2015,1785724865,16.0,3.112737,101.683556,0.0
DMU11(D6122),53,1785724861,17.0,5.301143,102.02105,0.0
SCS28,weekday_2130,1785724860,0.0,3.07691,101.56315,0.0
DMU08,34,1785724843,0.0,3.135848,102.3705,0.0
SCS22,weekday_2015,1785724910,60.0,3.112118,101.68796,0.0
SCS22,weekday_2015,1785725060,0.0,3.108733,101.692474,0.0
DMU11(D6122),53,1785725041,19.0,5.295442,102.01915,0.0
SCS28,weekday_2130,1785725040,42.0,3.07746,101.57116,0.0
DMU06,55,1785725073,77.0,5.92614,102.15393,0.0
SCS11,weekday_2011,1785725043,0.0,3.238322,101.681175,0.0
SCS21,weekday_2013,1785725037,0.0,3.09858,101.70508,0.0
SCS21,weekday_2013,1785725082,0.0,3.09858,101.70508,0.0
SCS11,weekday_2011,1785725133,0.0,3.238322,101.681175,0.0
DMU11(D6122),53,1785725131,17.0,5.29063,102.01622,0.0
DMU03,35,1785725120,0.0,3.807377,102.35932,0.0
SCS22,weekday_2015,1785725120,0.0,3.108733,101.692474,0.0
DMU06,55,1785725103,74.0,5.920278,102.15555,0.0
SCS28,weekday_2130,1785725130,60.0,3.081468,101.576416,0.0
DMU08,34,1785725113,0.0,3.135848,102.3705,0.0
SCS22,weekday_2015,1785725180,0.0,3.108733,101.692474,0.0
DMU03,35,1785725180,38.0,3.804927,102.3591,0.0
SCS21,weekday_2013,1785725157,0.0,3.09858,101.70508,0.0
DMU06,55,1785725133,71.0,5.914672,102.15711,0.0
SCS11,weekday_2011,1785725163,9.0,3.23746,101.68125,0.0
DMU05,51,1785725154,13.0,4.357937,101.921234,0.0
DMU06,55,1785725238,55.0,5.894738,102.15777,0.0
SCS11,weekday_2011,1785725238,34.0,3.233592,101.67858,0.0
DMU11(D6122),53,1785725236,9.0,5.289833,102.01118,0.0
SCS22,weekday_2015,1785725210,0.0,3.108733,101.692474,0.0
DMU05,51,1785725199,67.0,4.35356,101.91929,0.0
SCS28,weekday_2130,1785725265,18.0,3.084515,101.58873,0.0
DMU03,35,1785725255,69.0,3.792212,102.359665,0.0
SCS22,weekday_2015,1785725255,0.0,3.108733,101.692474,0.0
SCS11,weekday_2011,1785725253,42.0,3.232592,101.67719,0.0
DMU06,55,1785725253,37.0,5.892722,102.15754,0.0
DMU05,51,1785725364,68.0,4.321662,101.91936,0.0
SCS22,weekday_2015,1785725360,0.0,3.108733,101.692474,0.0
DMU03,35,1785725360,14.0,3.778868,102.35914,0.0
SCS11,weekday_2011,1785725358,36.0,3.222322,101.672585,0.0
DMU06,55,1785725358,65.0,5.886725,102.156746,0.0
SCS21,weekday_2013,1785725397,36.0,3.103973,101.69827,0.0
DMU03,35,1785725435,22.0,3.777117,102.35912,0.0
DMU11(D6122),53,1785725431,9.0,5.288262,102.00553,0.0
SCS28,weekday_2130,1785725415,34.0,3.0841,101.593506,0.0
DMU06,55,1785725403,73.0,5.877872,102.15561,0.0
DMU08,34,1785725398,75.0,3.15405,102.379326,0.0
SCS22,weekday_2015,1785725405,0.0,3.108733,101.692474,0.0
DMU08,34,1785725458,73.0,3.160607,102.39003,0.0
DMU11(D6122),53,1785725446,16.0,5.287553,102.005775,0.0
SCS21,weekday_2013,1785725457,39.0,3.108627,101.692505,0.0
DMU05,51,1785725454,62.0,4.305682,101.92092,0.0
SCS22,weekday_2015,1785725555,25.0,3.100152,101.70306,0.0
DMU05,51,1785725529,25.0,4.294403,101.92173,0.0
DMU08,34,1785725548,87.0,3.179588,102.39471,0.0
DMU03,35,1785725555,63.0,3.756903,102.35958,0.0
DMU11(D6122),53,1785725551,56.0,5.280533,102.006645,0.0
SCS21,weekday_2013,1785725517,10.0,3.111362,101.689095,0.0
SCS11,weekday_2011,1785725493,59.0,3.204115,101.67631,0.0
SCS22,weekday_2015,1785725615,0.0,3.098637,101.70503,0.0
DMU03,35,1785725615,67.0,3.746327,102.36163,0.0
DMU06,55,1785725568,80.0,5.845117,102.15147,0.0
SCS11,weekday_2011,1785725568,31.0,3.197113,101.68226,0.0
DMU03,35,1785725645,76.0,3.74063,102.36225,0.0
SCS22,weekday_2015,1785725645,0.0,3.098637,101.70503,0.0
DMU11(D6122),53,1785725671,54.0,5.262798,102.009865,0.0
DMU05,51,1785725649,59.0,4.288755,101.920876,0.0
SCS11,weekday_2011,1785725643,2.0,3.194155,101.684784,0.0
DMU06,55,1785725643,81.0,5.829265,102.14955,0.0
DMU03,35,1785725675,78.0,3.734667,102.36349,0.0
DMU06,55,1785725703,73.0,5.816938,102.14805,0.0
SCS11,weekday_2011,1785725703,0.0,3.193998,101.6849,0.0
SCS22,weekday_2015,1785725705,0.0,3.098637,101.70503,0.0
DMU05,51,1785725679,77.0,4.283295,101.91958,0.0
DMU06,55,1785725733,58.0,5.811295,102.14733,0.0
SCS22,weekday_2015,1785725840,0.0,3.098637,101.70503,0.0
DMU05,51,1785725814,47.0,4.26025,101.92589,0.0
DMU03,35,1785725810,21.0,3.713075,102.36529,0.0
SCS28,weekday_2130,1785725954,83.0,3.082332,101.65321,0.0
SCS38,weekday_2126,1785725985,63.0,3.334385,101.571625,0.0
SCS21,weekday_2013,1785725937,22.0,3.123937,101.67814,0.0
DMU05,51,1785725934,28.0,4.255728,101.92581,0.0
SCS22,weekday_2015,1785725975,0.0,3.098637,101.70503,0.0
DMU06,55,1785726033,0.0,5.806563,102.14669,0.0
SCS22,weekday_2015,1785726035,0.0,3.098637,101.70503,0.0
DMU05,51,1785725994,67.0,4.25065,101.93294,0.0
SCS22,weekday_2015,1785726065,0.0,3.098637,101.70503,0.0
DMU03,35,1785726050,0.0,3.709803,102.3669,0.0
SCS22,weekday_2015,1785726110,0.0,3.098637,101.70503,0.0
DMU03,35,1785726110,0.0,3.709803,102.3669,0.0
SCS07,weekday_2019,1785726133,19.0,3.235962,101.681076,0.0
SCS07,weekday_2019,1785726208,89.0,3.225458,101.67269,0.0
DMU11(D6122),53,1785726211,41.0,5.187002,102.01087,0.0
SCS38,weekday_2126,1785726210,113.0,3.36752,101.60319,0.0
SCS21,weekday_2013,1785726237,0.0,3.13209,101.68325,0.0
DMU06,55,1785726273,70.0,5.790713,102.14471,0.0
DMU06,55,1785726318,69.0,5.782578,102.143745,0.0
SCS22,weekday_2015,1785726320,0.0,3.098637,101.70503,0.0
DMU03,35,1785726320,0.0,3.709802,102.36688,0.0
DMU05,51,1785726279,65.0,4.2372,101.97969,0.0
DMU11(D6122),53,1785726301,21.0,5.17775,102.00956,0.0
SCS38,weekday_2126,1785726345,51.0,3.376553,101.61491,0.0
SCS07,weekday_2019,1785726343,23.0,3.214313,101.67219,0.0
DMU08,34,1785726343,50.0,3.254507,102.41265,0.0
SCS21,weekday_2013,1785726342,19.0,3.137512,101.69244,0.0
SCS22,weekday_2015,1785726410,0.0,3.098637,101.70503,0.0
DMU03,35,1785726380,11.0,3.709528,102.36709,0.0
DMU03,35,1785726410,37.0,3.707697,102.36849,0.0
SCS32,weekday_2131,1785726410,25.0,3.171183,101.685,0.0
SCS22,weekday_2015,1785726410,0.0,3.098637,101.70503,0.0
SCS21,weekday_2013,1785726447,2.0,3.140577,101.69388,0.0
SCS38,weekday_2126,1785726420,115.0,3.391795,101.62768,0.0
SCS38,weekday_2126,1785726510,96.0,3.417092,101.62559,0.0
DMU08,34,1785726493,72.0,3.282023,102.41867,0.0
SCS22,weekday_2015,1785726485,0.0,3.098637,101.70503,0.0
SCS07,weekday_2019,1785726523,19.0,3.204802,101.67572,0.0
DMU03,35,1785726560,74.0,3.681748,102.37518,0.0
DMU05,51,1785726534,72.0,4.228053,102.001366,0.0
SCS22,weekday_2015,1785726530,0.0,3.098637,101.70503,0.0
SCS28,weekday_2130,1785726524,0.0,3.113975,101.673035,0.0
DMU08,34,1785726523,69.0,3.286672,102.42186,0.0
SCS21,weekday_2013,1785726522,19.0,3.144522,101.69292,0.0
SCS21,weekday_2013,1785726642,4.0,3.154757,101.69305,0.0
DMU06,55,1785726618,64.0,5.747168,102.158165,0.0
DMU03,35,1785726590,84.0,3.675247,102.374855,0.0
SCS22,weekday_2015,1785726590,0.0,3.098637,101.70503,0.0
DMU11(D6122),53,1785726646,27.0,5.16689,102.037415,0.0
SCS22,weekday_2015,1785726710,0.0,3.098637,101.70503,0.0
DMU03,35,1785726695,83.0,3.652778,102.37888,0.0
DMU06,55,1785726648,72.0,5.741728,102.15968,0.0
DMU03,35,1785726710,80.0,3.649568,102.379654,0.0
SCS22,weekday_2015,1785726710,0.0,3.098637,101.70503,0.0
SCS21,weekday_2013,1785726717,45.0,3.15686,101.69368,0.0
DMU11(D6122),53,1785726811,22.0,5.154038,102.04315,0.0
SCS38,weekday_2126,1785726810,30.0,3.468303,101.63778,0.0
SCS22,weekday_2015,1785726815,0.0,3.098637,101.70503,0.0
DMU11(D6122),53,1785726871,15.0,5.15005,102.04439,0.0
SCS22,weekday_2015,1785726920,0.0,3.098637,101.70503,0.0
DMU03,35,1785726920,78.0,3.604587,102.37322,0.0
DMU06,55,1785726888,19.0,5.70481,102.15194,0.0
SCS28,weekday_2130,1785726991,22.0,3.130283,101.68173,0.0
DMU11(D6122),53,1785726991,14.0,5.144652,102.04512,0.0
SCS38,weekday_2126,1785726990,0.0,3.499628,101.63428,0.0
SCS22,weekday_2015,1785726965,0.0,3.098637,101.70503,0.0
DMU03,35,1785726950,0.0,3.602147,102.37286,0.0
DMU06,55,1785727038,0.0,5.702892,102.15188,0.0
SCS28,weekday_2130,1785727036,12.0,3.131743,101.68293,0.0
DMU11(D6122),53,1785727036,0.0,5.143788,102.04552,0.0
DMU05,51,1785727029,4.0,4.187273,102.05287,0.0
DMU03,35,1785727070,51.0,3.595382,102.37178,0.0
DMU11(D6122),53,1785727081,0.0,5.143788,102.04552,0.0
SCS28,weekday_2130,1785727081,0.0,3.132213,101.68343,0.0
SCS22,weekday_2015,1785727115,0.0,3.098637,101.70503,0.0
DMU03,35,1785727115,46.0,3.589055,102.370834,0.0
SCS38,weekday_2126,1785727065,81.0,3.505062,101.63345,0.0
DMU05,51,1785727119,0.0,4.187247,102.05284,0.0
DMU03,35,1785727115,46.0,3.589055,102.370834,0.0
DMU05,51,1785727224,23.0,4.185395,102.054985,0.0
SCS38,weekday_2126,1785727200,94.0,3.535198,101.63421,0.0
SCS22,weekday_2015,1785727220,0.0,3.098637,101.70503,0.0
DMU03,35,1785727220,49.0,3.574363,102.3684,0.0
DMU05,51,1785727269,0.0,4.184687,102.05575,0.0
DMU06,55,1785727263,10.0,5.703948,102.152,0.0
SCS28,weekday_2130,1785727261,18.0,3.137125,101.69186,0.0
SCS07,weekday_2019,1785727244,33.0,3.16474,101.69154,0.0
DMU11(D6122),53,1785727351,0.0,5.143788,102.04552,0.0
SCS38,weekday_2126,1785727350,45.0,3.55367,101.63956,0.0
DMU06,55,1785727323,0.0,5.70298,102.152,0.0
SCS28,weekday_2130,1785727336,0.0,3.140078,101.69382,0.0
DMU05,51,1785727314,0.0,4.184687,102.05575,0.0
SCS07,weekday_2019,1785727304,44.0,3.15678,101.69378,0.0
DMU03,35,1785727310,53.0,3.561723,102.366844,0.0
SCS22,weekday_2015,1785727310,0.0,3.098637,101.70503,0.0
SCS22,weekday_2015,1785727415,0.0,3.098637,101.70503,0.0
DMU11(D6122),53,1785727381,0.0,5.143795,102.04561,0.0
DMU03,35,1785727355,50.0,3.555392,102.36496,0.0
SCS28,weekday_2130,1785727381,4.0,3.14014,101.693886,0.0
SCS22,weekday_2015,1785727460,0.0,3.098637,101.70503,0.0
DMU11(D6122),53,1785727426,0.0,5.143795,102.04561,0.0
SCS38,weekday_2126,1785727425,116.0,3.564557,101.62425,0.0
DMU06,55,1785727518,0.0,5.70298,102.152,0.0
DMU03,35,1785727475,30.0,3.54272,102.35787,0.0
SCS22,weekday_2015,1785727520,0.0,3.098637,101.70503,0.0
DMU06,55,1785727563,0.0,5.70298,102.152,0.0
SCS28,weekday_2130,1785727606,0.0,3.154755,101.693115,0.0
DMU11(D6122),53,1785727576,7.0,5.14355,102.04563,0.0
SCS07,weekday_2019,1785727559,19.0,3.142315,101.694214,0.0
SCS22,weekday_2015,1785727565,0.0,3.098637,101.70503,0.0
DMU06,55,1785727608,0.0,5.70298,102.152,0.0
DMU11(D6122),53,1785727606,10.0,5.142602,102.04612,0.0
SCS22,weekday_2015,1785727595,0.0,3.098637,101.70503,0.0
DMU08,34,1785727708,72.0,3.44198,102.339325,0.0
DMU03,35,1785727715,40.0,3.522377,102.34621,0.0
DMU06,55,1785727713,0.0,5.70298,102.152,0.0
DMU05,27,1785727689,0.0,4.186583,102.053795,0.0
SCS07,weekday_2019,1785727664,16.0,3.139542,101.69373,0.0
SCS22,weekday_2015,1785727700,0.0,3.098637,101.70503,0.0
SCS28,weekday_2130,1785727666,68.0,3.161542,101.69207,0.0
DMU11(D6122),53,1785727666,10.0,5.140378,102.047005,0.0
DMU06,55,1785727713,0.0,5.70298,102.152,0.0
SCS22,weekday_2015,1785727760,0.0,3.098637,101.70503,0.0
DMU03,35,1785727760,41.0,3.51727,102.346016,0.0
SCS22,weekday_2015,1785727790,0.0,3.098637,101.70503,0.0
DMU06,55,1785727833,0.0,5.702907,102.15194,0.0
SCS07,weekday_2019,1785727844,0.0,3.134883,101.68796,0.0
DMU08,34,1785727828,64.0,3.462305,102.34175,0.0
DMU05,27,1785727824,0.0,4.186583,102.053795,0.0
DMU06,55,1785727863,0.0,5.702907,102.15194,0.0
DMU11(D6122),53,1785727861,15.0,5.135422,102.05315,0.0
SCS28,weekday_2130,1785727861,71.0,3.178673,101.678,0.0
DMU08,34,1785727843,63.0,3.464913,102.341774,0.0
DMU06,55,1785727953,0.0,5.702907,102.15194,0.0
DMU11(D6122),53,1785727936,27.0,5.131297,102.055885,0.0
SCS28,weekday_2130,1785727936,34.0,3.186473,101.664185,0.0
DMU08,34,1785727933,13.0,3.475087,102.345436,0.0
DMU03,35,1785727925,30.0,3.498667,102.34273,0.0
SCS38,weekday_2126,1785727951,0.0,3.584883,101.6114,0.0
SCS22,weekday_2015,1785727940,0.0,3.098637,101.70503,0.0
SCS38,weekday_2126,1785727981,0.0,3.584883,101.6114,0.0
SCS07,weekday_2019,1785727979,23.0,3.13005,101.68106,0.0
DMU08,34,1785727978,0.0,3.47544,102.345276,0.0
SCS22,weekday_2015,1785728015,0.0,3.098637,101.70503,0.0
DMU03,35,1785728015,38.0,3.489798,102.34294,0.0
DMU06,55,1785727968,0.0,5.702907,102.15194,0.0
DMU11(D6122),53,1785727966,26.0,5.12907,102.057236,0.0
DMU05,27,1785728049,0.0,4.186597,102.053696,0.0
DMU06,55,1785728013,0.0,5.702907,102.15194,0.0
DMU05,27,1785728094,1.0,4.186687,102.05367,0.0
SCS22,weekday_2015,1785728165,0.0,3.098637,101.70503,0.0
DMU06,55,1785728163,15.0,5.699237,102.151985,0.0
SCS28,weekday_2130,1785728191,61.0,3.196783,101.64439,0.0
DMU11(D6122),53,1785728176,31.0,5.114143,102.069305,0.0
DMU03,35,1785728165,0.0,3.484775,102.34326,0.0
SCS28,weekday_2130,1785728221,40.0,3.198718,101.64117,0.0
DMU03,35,1785728220,1.0,3.48495,102.343254,0.0
SCS08,weekday_2139,1785728208,0.0,3.683952,101.518974,0.0
SCS22,weekday_2015,1785728315,11.0,3.098882,101.70468,0.0
DMU05,27,1785728274,0.0,4.187365,102.052956,0.0
DMU06,55,1785728283,39.0,5.687103,102.15226,0.0
DMU11(D6122),53,1785728281,32.0,5.105878,102.0726,0.0
SCS22,weekday_2015,1785728375,24.0,3.101198,101.70168,0.0
SCS38,weekday_2126,1785728352,94.0,3.593307,101.6056,0.0
DMU05,27,1785728319,0.0,4.187282,102.052925,0.0
SCS08,weekday_2139,1785728388,0.0,3.683952,101.518974,0.0
DMU05,27,1785728379,0.0,4.187282,102.052925,0.0
DMU11(D6122),53,1785728431,35.0,5.091517,102.07234,0.0
DMU03,35,1785728430,0.0,3.487495,102.34306,0.0
DMU06,55,1785728418,68.0,5.663563,102.15699,0.0
SCS28,weekday_2130,1785728401,54.0,3.208197,101.63098,0.0
SCS07,weekday_2019,1785728384,0.0,3.119368,101.678764,0.0
SCS19,weekday_2135,1785728442,40.0,3.163745,101.69192,0.0
DMU06,55,1785728433,70.0,5.660843,102.15691,0.0
SCS22,weekday_2015,1785728540,0.0,3.111467,101.688835,0.0
SCS08,weekday_2139,1785728528,0.0,3.683952,101.518974,0.0
DMU06,55,1785728523,75.0,5.643362,102.15937,0.0
DMU05,27,1785728544,0.0,4.187282,102.052925,0.0
SCS22,weekday_2015,1785728615,24.0,3.112662,101.68601,0.0
DMU11(D6122),53,1785728581,24.0,5.078707,102.06926,0.0
DMU05,27,1785728574,0.0,4.187282,102.052925,0.0
SCS08,weekday_2139,1785728568,0.0,3.683952,101.518974,0.0
SCS19,weekday_2135,1785728562,0.0,3.153885,101.692535,0.0
SCS22,weekday_2015,1785728615,24.0,3.112662,101.68601,0.0
DMU05,27,1785728619,0.0,4.187282,102.052925,0.0
SCS38,weekday_2126,1785728697,110.0,3.663343,101.536095,0.0
DMU08,34,1785728713,0.0,3.484628,102.343315,0.0
SCS07,weekday_2019,1785728699,65.0,3.106665,101.69499,0.0
SCS22,weekday_2015,1785728705,0.0,3.113905,101.680984,0.0
DMU08,34,1785728743,0.0,3.484628,102.343315,0.0
DMU06,55,1785728778,20.0,5.602313,102.17453,0.0
DMU11(D6122),53,1785728776,41.0,5.05609,102.06914,0.0
SCS28,weekday_2130,1785728776,22.0,3.206247,101.58026,0.0
SCS38,weekday_2126,1785728742,69.0,3.673112,101.52933,0.0
SCS07,weekday_2019,1785728744,47.0,3.101783,101.70107,0.0
DMU11(D6122),53,1785728851,37.0,5.049958,102.06468,0.0
SCS38,weekday_2126,1785728847,47.0,3.682157,101.52095,0.0
DMU03,35,1785728838,0.0,3.484815,102.34324,0.0
DMU06,55,1785728838,13.0,5.599657,102.17568,0.0
SCS28,weekday_2130,1785728851,30.0,3.206713,101.578735,0.0
DMU06,55,1785728913,54.0,5.593675,102.176704,0.0
DMU03,35,1785728913,0.0,3.484723,102.34327,0.0
DMU05,27,1785728889,0.0,4.187282,102.052925,0.0
SCS08,weekday_2139,1785728888,116.0,3.643002,101.55579,0.0
DMU03,35,1785728913,0.0,3.484723,102.34327,0.0
DMU06,55,1785728913,54.0,5.593675,102.176704,0.0
DMU11(D6122),53,1785729031,13.0,5.042373,102.057045,0.0
DMU03,35,1785729033,9.0,3.48137,102.343544,0.0
SCS28,weekday_2130,1785729136,5.0,3.25098,101.55576,0.0
DMU11(D6122),53,1785729136,16.0,5.036567,102.0548,0.0
DMU03,35,1785729123,16.0,3.477198,102.34466,0.0
DMU11(D6122),53,1785729181,25.0,5.034922,102.05231,0.0
DMU11(D6122),53,1785729241,29.0,5.032532,102.04766,0.0
SCS28,weekday_2130,1785729256,19.0,3.25835,101.55487,0.0
DMU11(D6122),53,1785729331,39.0,5.026072,102.04121,0.0
DMU03,35,1785729303,33.0,3.465512,102.341934,0.0
SCS07,weekday_2019,1785729344,0.0,3.098695,101.705025,0.0
SCS19,weekday_2135,1785729342,0.0,3.136232,101.68927,0.0
DMU03,35,1785729333,46.0,3.46212,102.34173,0.0
DMU06,55,1785729333,24.0,5.533557,102.201385,0.0
SCS28,weekday_2130,1785729436,68.0,3.274088,101.56183,0.0
DMU11(D6122),53,1785729421,14.0,5.021645,102.03318,0.0
DMU03,35,1785729408,62.0,3.450592,102.33977,0.0
DMU06,55,1785729408,9.0,5.530238,102.20296,0.0
DMU06,55,1785729513,0.0,5.530178,102.20306,0.0
DMU11(D6122),53,1785729511,38.0,5.017962,102.030174,0.0
SCS28,weekday_2130,1785729571,78.0,3.29559,101.57483,0.0
DMU06,55,1785729573,12.0,5.52904,102.20359,0.0
SCS07,weekday_2019,1785729614,0.0,3.098695,101.705025,0.0
DMU08,34,1785729613,72.0,3.588137,102.370575,0.0
SCS08,weekday_2139,1785729608,98.0,3.507757,101.6331,0.0
DMU03,35,1785729588,70.0,3.41759,102.34328,0.0
DMU11(D6122),53,1785729736,46.0,5.000177,102.021675,0.0
DMU08,34,1785729733,75.0,3.611952,102.3744,0.0
SCS28,weekday_2130,1785729766,0.0,3.320383,101.57464,0.0
SCS07,weekday_2019,1785729779,0.0,3.098695,101.705025,0.0
DMU08,34,1785729778,75.0,3.620983,102.37638,0.0
DMU11(D6122),53,1785729766,43.0,4.99674,102.019936,0.0
SCS07,weekday_2019,1785729839,0.0,3.098695,101.705025,0.0
SCS08,weekday_2139,1785729828,69.0,3.471138,101.63825,0.0
DMU08,34,1785729838,76.0,3.632635,102.38058,0.0
DMU06,55,1785729828,62.0,5.502298,102.21272,0.0
DMU11(D6122),53,1785729841,56.0,4.987682,102.01563,0.0
DMU08,34,1785729898,72.0,3.644722,102.38161,0.0
DMU06,55,1785730068,0.0,5.472512,102.222176,0.0
SCS28,weekday_2130,1785730141,116.0,3.366027,101.5988,0.0
DMU03,35,1785730173,70.0,3.346908,102.41271,0.0
DMU06,55,1785730173,41.0,5.46697,102.22482,0.0
SCS08,weekday_2139,1785730128,115.0,3.412775,101.627205,0.0
DMU03,35,1785730173,70.0,3.346908,102.41271,0.0
DMU06,55,1785730173,41.0,5.46697,102.22482,0.0
SCS28,weekday_2130,1785730276,0.0,3.376523,101.61489,0.0
SCS08,weekday_2139,1785730268,43.0,3.376532,101.61492,0.0
DMU03,35,1785730443,0.0,3.331548,102.420166,0.0
DMU06,55,1785730443,54.0,5.433935,102.23617,0.0
DMU06,55,1785730533,29.0,5.422302,102.238686,0.0
SCS28,weekday_2130,1785730501,100.0,3.421938,101.624886,0.0
SCS07,weekday_2019,1785730589,0.0,3.098695,101.705025,0.0
DMU08,34,1785730588,62.0,3.728078,102.36462,0.0
DMU11(D6122),53,1785730561,53.0,4.91774,101.97868,0.0
SCS19,weekday_2138,1785730542,0.0,3.138858,101.693474,0.0
DMU03,35,1785730593,0.0,3.331548,102.420166,0.0
DMU06,55,1785730593,32.0,5.416837,102.23909,0.0
DMU11(D6122),53,1785730711,46.0,4.89677,101.97096,0.0
DMU03,35,1785730713,39.0,3.326328,102.420845,0.0
DMU06,55,1785730818,27.0,5.400497,102.23171,0.0
SCS28,weekday_2130,1785730801,98.0,3.478945,101.639595,0.0
SCS08,weekday_2139,1785730808,0.0,3.318818,101.574875,0.0
DMU03,35,1785730803,49.0,3.314398,102.4231,0.0
DMU08,34,1785730783,73.0,3.762783,102.35858,0.0
DMU11(D6122),53,1785730801,28.0,4.886997,101.97136,0.0
SCS28,weekday_2130,1785730861,101.0,3.494902,101.634995,0.0
SCS08,weekday_2139,1785730888,53.0,3.31326,101.574936,0.0
DMU03,35,1785730863,50.0,3.306957,102.425674,0.0
DMU06,55,1785730893,19.0,5.39478,102.23211,0.0
SCS19,weekday_2138,1785730842,37.0,3.155688,101.69359,0.0
DMU08,34,1785730843,72.0,3.774642,102.35906,0.0
DMU03,35,1785730938,53.0,3.297648,102.42769,0.0
SCS19,weekday_2138,1785730917,28.0,3.164522,101.69164,0.0
DMU11(D6122),53,1785730921,0.0,4.879152,101.96696,0.0
SCS07,weekday_2019,1785730919,0.0,3.0987,101.70512,0.0
SCS19,weekday_2138,1785730962,0.0,3.165105,101.69134,0.0
SCS08,weekday_2139,1785730968,90.0,3.295382,101.57479,0.0
DMU03,35,1785730968,61.0,3.293405,102.425545,0.0
SCS28,weekday_2130,1785730966,73.0,3.504917,101.633514,0.0
DMU11(D6122),53,1785731056,0.0,4.879173,101.967064,0.0
DMU06,55,1785731043,15.0,5.389647,102.23207,0.0
SCS28,weekday_2130,1785731041,95.0,3.520975,101.62899,0.0
SCS19,weekday_2138,1785731097,51.0,3.175223,101.68174,0.0
SCS08,weekday_2139,1785731088,76.0,3.272208,101.56082,0.0
DMU03,35,1785731133,53.0,3.271653,102.4159,0.0
DMU06,55,1785731133,45.0,5.382085,102.2334,0.0
SCS19,weekday_2138,1785731157,57.0,3.180787,101.674995,0.0
SCS22,weekday_2015,1785731175,0.0,3.2384,101.681175,0.0
SCS28,weekday_2130,1785731206,0.0,3.54815,101.63947,0.0
SCS07,weekday_2019,1785731204,0.0,3.0987,101.70512,0.0
SCS19,weekday_2138,1785731202,51.0,3.183258,101.6688,0.0
SCS28,weekday_2130,1785731296,22.0,3.553408,101.63953,0.0
SCS07,weekday_2019,1785731279,0.0,3.0987,101.70512,0.0
SCS19,weekday_2138,1785731277,0.0,3.186112,101.66464,0.0
SCS22,weekday_2015,1785731355,0.0,3.238567,101.68112,0.0
DMU08,34,1785731353,72.0,3.844857,102.362144,0.0
DMU03,35,1785731358,0.0,3.246397,102.4112,0.0
DMU06,55,1785731358,53.0,5.360163,102.22522,0.0
SCS28,weekday_2130,1785731356,22.0,3.554383,101.6394,0.0
DMU06,55,1785731388,46.0,5.355937,102.225334,0.0
SCS19,weekday_2138,1785731427,0.0,3.191738,101.65572,0.0
SCS28,weekday_2130,1785731401,90.0,3.560012,101.63475,0.0
DMU03,35,1785731388,0.0,3.246397,102.4112,0.0
SCS08,weekday_2139,1785731528,110.0,3.220875,101.56514,0.0
SCS19,weekday_2138,1785731577,40.0,3.195673,101.64673,0.0
DMU06,55,1785731628,28.0,5.335332,102.21324,0.0
DMU08,34,1785731683,64.0,3.907563,102.363,0.0
SCS07,weekday_2019,1785731684,0.0,3.0987,101.70512,0.0
SCS22,weekday_2015,1785731775,75.0,3.214087,101.67219,0.0
SCS28,weekday_2130,1785731776,103.0,3.628108,101.5661,0.0
SCS19,weekday_2138,1785731772,0.0,3.202252,101.63764,0.0
DMU06,55,1785731883,23.0,5.326177,102.19808,0.0
DMU03,35,1785731866,74.0,3.207553,102.41156,0.0
SCS22,weekday_2015,1785731865,54.0,3.199738,101.68008,0.0
DMU08,34,1785731863,43.0,3.934942,102.35812,0.0
SCS28,weekday_2130,1785731866,105.0,3.64783,101.55148,0.0
DMU03,35,1785731956,74.0,3.194633,102.401184,0.0
SCS28,weekday_2130,1785731956,98.0,3.66532,101.53482,0.0
SCS22,weekday_2015,1785731955,0.0,3.194158,101.684814,0.0
SCS28,weekday_2130,1785732091,39.0,3.683463,101.51959,0.0
SCS19,weekday_2138,1785732087,18.0,3.202778,101.63709,0.0
SCS08,weekday_2139,1785732048,0.0,3.2086,101.628914,0.0
DMU08,34,1785732058,0.0,3.937402,102.35773,0.0
DMU08,34,1785732148,0.0,3.937402,102.35773,0.0
SCS19,weekday_2138,1785732147,27.0,3.205743,101.63434,0.0
SCS08,weekday_2139,1785732148,42.0,3.204275,101.63587,0.0
DMU03,35,1785732211,63.0,3.155502,102.381744,0.0
SCS28,weekday_2130,1785732196,0.0,3.684805,101.51822,0.0
DMU03,35,1785732256,67.0,3.150373,102.37637,0.0
DMU03,35,1785732346,33.0,3.138015,102.371346,0.0
DMU08,34,1785732373,53.0,3.948533,102.352844,0.0
DMU03,35,1785732361,23.0,3.1367,102.37091,0.0
SCS19,weekday_2138,1785732364,50.0,3.207977,101.618225,0.0
DMU08,34,1785732418,72.0,3.955365,102.350235,0.0
SCS08,weekday_2139,1785732408,36.0,3.191397,101.65658,0.0
DMU03,35,1785732451,0.0,3.135865,102.37061,0.0
DMU03,35,1785732511,4.0,3.135728,102.370514,0.0
SCS08,weekday_2139,1785732468,28.0,3.186595,101.664024,0.0
SCS19,weekday_2138,1785732484,72.0,3.201018,101.60133,0.0
DMU06,55,1785732543,18.0,5.30835,102.15763,0.0
SCS19,weekday_2138,1785732529,68.0,3.201068,101.59246,0.0
DMU08,34,1785732553,68.0,3.980962,102.33759,0.0
SCS08,weekday_2139,1785732568,77.0,3.182828,101.67062,0.0
DMU03,35,1785732631,63.0,3.121435,102.371735,0.0
SCS19,weekday_2138,1785732604,40.0,3.204398,101.58396,0.0
DMU06,55,1785732603,0.0,5.307938,102.15701,0.0
DMU08,34,1785732598,47.0,3.987247,102.33435,0.0
DMU03,35,1785732691,59.0,3.111888,102.374405,0.0
SCS19,weekday_2138,1785732754,24.0,3.20635,101.579216,0.0
DMU06,55,1785732738,36.0,5.307925,102.14626,0.0
DMU03,35,1785732781,47.0,3.097795,102.37272,0.0
DMU08,34,1785732793,70.0,4.00139,102.320786,0.0
SCS19,weekday_2138,1785732769,34.0,3.206797,101.57781,0.0
DMU06,55,1785732768,30.0,5.309895,102.14403,0.0
SCS08,weekday_2139,1785732768,16.0,3.164803,101.69153,0.0
DMU03,35,1785732931,69.0,3.073792,102.37115,0.0
DMU08,34,1785732913,77.0,4.023682,102.31914,0.0
DMU06,55,1785732888,11.0,5.31474,102.14044,0.0
SCS19,weekday_2138,1785733009,51.0,3.239425,101.560295,0.0
SCS08,weekday_2139,1785733008,22.0,3.144003,101.693306,0.0
DMU06,55,1785733008,12.0,5.317207,102.13486,0.0
DMU03,35,1785733006,57.0,3.06074,102.37054,0.0
DMU08,34,1785732958,78.0,4.032915,102.3195,0.0
DMU06,55,1785733068,17.0,5.31857,102.13231,0.0
DMU08,34,1785733063,78.0,4.053158,102.31055,0.0
DMU03,35,1785733036,56.0,3.056118,102.37032,0.0
SCS08,weekday_2139,1785733028,24.0,3.142673,101.6941,0.0
SCS19,weekday_2138,1785733024,48.0,3.241483,101.560455,0.0
SCS19,weekday_2138,1785733234,17.0,3.256765,101.554565,0.0
DMU06,55,1785733233,15.0,5.329335,102.121864,0.0
DMU03,35,1785733231,54.0,3.030987,102.38023,0.0
SCS08,weekday_2139,1785733228,0.0,3.135692,101.68907,0.0
DMU08,34,1785733228,77.0,4.07008,102.28375,0.0
DMU06,55,1785733293,22.0,5.330088,102.12131,0.0
SCS08,weekday_2139,1785733288,0.0,3.135692,101.68907,0.0
DMU03,35,1785733261,48.0,3.02679,102.379944,0.0
SCS08,weekday_2139,1785733328,0.0,3.135692,101.68907,0.0
SCS19,weekday_2138,1785733354,36.0,3.261132,101.55592,0.0
DMU06,55,1785733353,36.0,5.335112,102.11932,0.0
SCS19,weekday_2138,1785733399,54.0,3.265957,101.55881,0.0
DMU06,55,1785733398,46.0,5.340362,102.11793,0.0
SCS28,weekday_2143,1785733394,0.0,3.684895,101.517975,0.0
DMU08,34,1785733393,0.0,4.075217,102.27162,0.0
DMU03,35,1785733381,50.0,3.010673,102.3805,0.0
SCS28,weekday_2143,1785733424,0.0,3.684895,101.517975,0.0
DMU08,34,1785733423,10.0,4.075435,102.27107,0.0
DMU06,55,1785733428,57.0,5.344562,102.1181,0.0
DMU03,35,1785733441,39.0,3.002777,102.3817,0.0
DMU06,55,1785733518,63.0,5.35537,102.11084,0.0
SCS28,weekday_2143,1785733559,0.0,3.684895,101.517975,0.0
SCS08,weekday_2139,1785733568,0.0,3.135692,101.68907,0.0
SCS19,weekday_2138,1785733549,60.0,3.286412,101.56962,0.0
DMU03,35,1785733546,54.0,2.99285,102.390015,0.0
DMU06,55,1785733548,64.0,5.358392,102.106735,0.0
SCS19,weekday_2138,1785733639,71.0,3.300885,101.57479,0.0
DMU06,55,1785733638,28.0,5.36271,102.092926,0.0
SCS08,weekday_2139,1785733608,0.0,3.135692,101.68907,0.0
SCS08,weekday_2139,1785733728,0.0,3.135692,101.68907,0.0
SCS19,weekday_2138,1785733714,42.0,3.311975,101.574905,0.0
DMU06,55,1785733713,35.0,5.365245,102.08897,0.0
SCS08,weekday_2139,1785733808,0.0,3.135692,101.68907,0.0
SCS28,weekday_2143,1785733799,0.0,3.684895,101.517975,0.0
DMU08,34,1785733798,70.0,4.08809,102.21134,0.0
SCS19,weekday_2138,1785733834,0.0,3.319082,101.57474,0.0
DMU06,55,1785733833,7.0,5.371793,102.085335,0.0
SCS28,weekday_2143,1785733859,0.0,3.684895,101.517975,0.0
DMU08,34,1785733993,30.0,4.116887,102.1994,0.0
SCS28,weekday_2143,1785733994,0.0,3.684895,101.517975,0.0
SCS19,weekday_2138,1785733954,59.0,3.329297,101.568954,0.0
DMU06,55,1785733953,8.0,5.374237,102.08407,0.0
DMU06,55,1785734043,52.0,5.381328,102.080696,0.0
DMU06,55,1785734118,38.0,5.389607,102.07568,0.0
SCS08,weekday_2139,1785734108,22.0,3.140975,101.69409,0.0
DMU03,35,1785734101,29.0,2.915573,102.39148,0.0
DMU03,35,1785734161,23.0,2.913183,102.38698,0.0
DMU06,55,1785734223,34.0,5.390102,102.066246,0.0
DMU03,35,1785734251,36.0,2.906252,102.38565,0.0
SCS08,weekday_2139,1785734228,44.0,3.152635,101.69162,0.0
SCS19,weekday_2138,1785734224,99.0,3.36616,101.59914,0.0
DMU06,55,1785734313,31.0,5.390348,102.06373,0.0
DMU03,35,1785734296,45.0,2.901128,102.38538,0.0
SCS19,weekday_2138,1785734314,14.0,3.375568,101.61391,0.0
SCS28,weekday_2143,1785734264,0.0,3.684895,101.517975,0.0
DMU08,34,1785734293,72.0,4.148417,102.18712,0.0
SCS08,weekday_2139,1785734268,0.0,3.153777,101.69242,0.0
SCS28,weekday_2143,1785734384,0.0,3.684895,101.517975,0.0
SCS19,weekday_2138,1785734359,5.0,3.375703,101.61406,0.0
DMU06,55,1785734358,48.0,5.39191,102.05817,0.0
SCS08,weekday_2139,1785734368,57.0,3.161017,101.69227,0.0
DMU03,35,1785734386,32.0,2.892548,102.38265,0.0
DMU06,55,1785734373,44.0,5.392787,102.05652,0.0
DMU03,35,1785734491,44.0,2.881127,102.380585,0.0
SCS28,weekday_2143,1785734489,0.0,3.684895,101.517975,0.0
SCS19,weekday_2138,1785734554,79.0,3.412222,101.62725,0.0
DMU06,55,1785734553,28.0,5.386827,102.04153,0.0
SCS38,weekday_2143,1785734607,30.0,3.206697,101.57864,0.0
SCS19,weekday_2138,1785734599,78.0,3.421375,101.62476,0.0
SCS08,weekday_2142,1785734588,80.0,3.176968,101.68003,0.0
DMU03,35,1785734596,44.0,2.870133,102.381195,0.0
SCS38,weekday_2143,1785734667,0.0,3.205952,101.58096,0.0
SCS38,weekday_2143,1785734697,0.0,3.205938,101.58106,0.0
SCS19,weekday_2138,1785734719,94.0,3.446178,101.638725,0.0
DMU06,55,1785734718,13.0,5.380177,102.03398,0.0
DMU06,55,1785734748,12.0,5.379287,102.032814,0.0
SCS38,weekday_2143,1785734742,35.0,3.204593,101.58393,0.0
DMU03,35,1785734776,6.0,2.850767,102.38509,0.0
DMU08,34,1785734818,59.0,4.183178,102.13043,0.0
SCS38,weekday_2143,1785734817,69.0,3.200972,101.59308,0.0
DMU06,55,1785734808,0.0,5.377087,102.03144,0.0
SCS19,weekday_2138,1785734824,29.0,3.466937,101.637505,0.0
SCS38,weekday_2143,1785734907,75.0,3.201017,101.610855,0.0
DMU08,34,1785734878,80.0,4.17951,102.120636,0.0
SCS19,weekday_2138,1785734869,0.0,3.467798,101.63765,0.0
DMU06,55,1785734868,12.0,5.373325,102.031265,0.0
DMU08,34,1785734953,71.0,4.181102,102.10614,0.0
DMU03,35,1785734956,36.0,2.836962,102.389786,0.0
SCS38,weekday_2143,1785734952,76.0,3.207533,101.61734,0.0
SCS19,weekday_2138,1785734944,94.0,3.4785,101.63946,0.0
DMU06,55,1785734943,9.0,5.37053,102.03035,0.0
SCS28,weekday_2147,1785734984,0.0,3.684895,101.517975,0.0
DMU08,34,1785735058,70.0,4.174052,102.0879,0.0
SCS28,weekday_2147,1785735044,18.0,3.684497,101.51842,0.0
SCS19,weekday_2138,1785735094,0.0,3.499642,101.6343,0.0
SCS38,weekday_2143,1785735057,0.0,3.208533,101.62889,0.0
DMU06,55,1785735048,37.0,5.368895,102.0242,0.0
DMU03,35,1785735046,46.0,2.827432,102.39313,0.0
DMU03,35,1785735121,40.0,2.818667,102.39615,0.0
SCS28,weekday_2147,1785735224,106.0,3.661392,101.53757,0.0
SCS08,weekday_2142,1785735188,44.0,3.207977,101.6315,0.0
SCS19,weekday_2138,1785735259,95.0,3.528848,101.63041,0.0
DMU03,35,1785735256,0.0,2.811583,102.40353,0.0
DMU06,55,1785735228,12.0,5.378955,102.01182,0.0
DMU08,34,1785735223,47.0,4.179297,102.063576,0.0
SCS38,weekday_2143,1785735320,34.0,3.200842,101.63912,0.0
SCS08,weekday_2142,1785735337,75.0,3.208278,101.61985,0.0
SCS28,weekday_2147,1785735359,104.0,3.633945,101.56152,0.0
DMU08,34,1785735358,0.0,4.187382,102.05295,0.0
SCS38,weekday_2143,1785735350,36.0,3.198703,101.64116,0.0
SCS19,weekday_2138,1785735349,72.0,3.547532,101.63919,0.0
DMU06,55,1785735348,0.0,5.37699,102.010185,0.0
SCS28,weekday_2147,1785735449,106.0,3.616448,101.578766,0.0
DMU08,34,1785735448,0.0,4.187382,102.05295,0.0
SCS19,weekday_2138,1785735439,3.0,3.552622,101.63955,0.0
DMU06,55,1785735438,0.0,5.37699,102.010185,0.0
SCS28,weekday_2147,1785735479,105.0,3.610793,101.58487,0.0
SCS38,weekday_2143,1785735485,0.0,3.191823,101.65574,0.0
DMU08,34,1785735463,0.0,4.187382,102.05295,0.0
SCS08,weekday_2142,1785735497,50.0,3.202272,101.58836,0.0
DMU06,55,1785735453,0.0,5.37699,102.010185,0.0
SCS38,weekday_2143,1785735515,22.0,3.191652,101.65613,0.0
SCS19,weekday_2138,1785735544,76.0,3.561793,101.63025,0.0
DMU06,55,1785735543,0.0,5.37699,102.010185,0.0
DMU06,55,1785735603,0.0,5.37699,102.010185,0.0
SCS28,weekday_2147,1785735599,105.0,3.590167,101.60784,0.0
DMU08,34,1785735598,0.0,4.187382,102.05295,0.0
SCS08,weekday_2142,1785735577,7.0,3.205938,101.58093,0.0
SCS19,weekday_2138,1785735604,84.0,3.568022,101.619446,0.0
DMU06,55,1785735678,0.0,5.37699,102.010185,0.0
DMU08,34,1785735643,0.0,4.187292,102.052925,0.0
SCS38,weekday_2143,1785735725,96.0,3.180588,101.67533,0.0
SCS07,weekday_2019,1785735750,0.0,3.238542,101.681244,0.0
SCS19,weekday_2138,1785735724,85.0,3.59192,101.60655,0.0
DMU06,55,1785735723,0.0,5.37699,102.010185,0.0
SCS38,weekday_2143,1785735800,0.0,3.171677,101.68479,0.0
DMU08,34,1785735793,0.0,4.186613,102.053696,0.0
SCS28,weekday_2147,1785735764,52.0,3.560637,101.633286,0.0
SCS08,weekday_2142,1785735797,87.0,3.212442,101.57225,0.0
SCS07,weekday_2019,1785735795,0.0,3.238542,101.681244,0.0
DMU06,55,1785735783,0.0,5.37699,102.010185,0.0
SCS28,weekday_2147,1785735839,0.0,3.553907,101.63948,0.0
SCS08,weekday_2142,1785735837,106.0,3.220395,101.56543,0.0
SCS19,weekday_2138,1785735829,87.0,3.60598,101.58881,0.0
SCS38,weekday_2143,1785735890,27.0,3.168618,101.68634,0.0
DMU06,55,1785735873,0.0,5.37699,102.010185,0.0
SCS08,weekday_2142,1785735877,102.0,3.230332,101.559875,0.0
SCS19,weekday_2138,1785735979,92.0,3.631478,101.56329,0.0
SCS08,weekday_2142,1785735977,7.0,3.24976,101.55649,0.0
SCS28,weekday_2147,1785735959,97.0,3.534185,101.63388,0.0
DMU06,55,1785735963,0.0,5.37699,102.010185,0.0
SCS38,weekday_2143,1785736025,37.0,3.16411,101.691895,0.0
SCS07,weekday_2019,1785736020,0.0,3.238542,101.681244,0.0
SCS19,weekday_2138,1785736144,75.0,3.658998,101.53909,0.0
DMU06,55,1785736143,0.0,5.376912,102.01023,0.0
SCS38,weekday_2143,1785736175,29.0,3.15306,101.69187,0.0
SCS28,weekday_2147,1785736214,104.0,3.489477,101.63651,0.0
DMU03,35,1785736214,30.0,2.808232,102.40763,0.0
SCS19,weekday_2138,1785736204,72.0,3.668663,101.53239,0.0
DMU06,55,1785736203,0.0,5.376912,102.01023,0.0
SCS08,weekday_2142,1785736197,24.0,3.259208,101.55509,0.0
SCS38,weekday_2143,1785736265,25.0,3.144097,101.69329,0.0
SCS07,weekday_2019,1785736290,0.0,3.238553,101.681335,0.0
SCS08,weekday_2142,1785736277,75.0,3.272153,101.56073,0.0
SCS28,weekday_2147,1785736259,100.0,3.477655,101.63942,0.0
SCS08,weekday_2142,1785736297,76.0,3.275888,101.56199,0.0
SCS38,weekday_2143,1785736295,22.0,3.142202,101.69423,0.0
DMU06,55,1785736293,0.0,5.376912,102.01023,0.0
DMU03,35,1785736304,22.0,2.80366,102.41327,0.0
SCS28,weekday_2147,1785736304,22.0,3.469512,101.63801,0.0
SCS07,weekday_2019,1785736350,0.0,3.238553,101.681335,0.0
SCS38,weekday_2143,1785736385,0.0,3.139197,101.69365,0.0
SCS08,weekday_2142,1785736357,76.0,3.285007,101.56889,0.0
SCS07,weekday_2019,1785736455,0.0,3.238553,101.681335,0.0
DMU06,55,1785736443,0.0,5.376912,102.01023,0.0
DMU03,35,1785736424,4.0,2.801253,102.41656,0.0
SCS08,weekday_2142,1785736457,87.0,3.30492,101.575005,0.0
SCS38,weekday_2143,1785736445,18.0,3.136667,101.69054,0.0
SCS07,weekday_2019,1785736530,0.0,3.238553,101.681335,0.0
SCS28,weekday_2147,1785736499,105.0,3.440088,101.63758,0.0
DMU06,55,1785736548,0.0,5.376912,102.01023,0.0
DMU03,35,1785736559,0.0,2.801192,102.416664,0.0
SCS08,weekday_2142,1785736637,0.0,3.319113,101.5748,0.0
SCS07,weekday_2019,1785736635,0.0,3.238553,101.681335,0.0
DMU06,55,1785736683,0.0,5.376912,102.01023,0.0
SCS08,weekday_2142,1785736717,30.0,3.323568,101.57228,0.0
SCS38,weekday_2143,1785736685,0.0,3.135757,101.68903,0.0
DMU06,55,1785736758,0.0,5.376912,102.01023,0.0
SCS07,weekday_2019,1785736740,0.0,3.238553,101.681335,0.0
SCS28,weekday_2147,1785736739,104.0,3.382162,101.62061,0.0
DMU03,35,1785736739,0.0,2.801192,102.416664,0.0
SCS38,weekday_2143,1785736730,0.0,3.135757,101.68903,0.0
DMU03,35,1785736844,0.0,2.801192,102.416664,0.0
SCS07,weekday_2031,1785736830,0.0,3.238553,101.681335,0.0
SCS07,weekday_2019,1785736800,0.0,3.238553,101.681335,0.0
SCS28,weekday_2147,1785736799,0.0,3.376452,101.61492,0.0
SCS08,weekday_2142,1785736797,76.0,3.333065,101.5706,0.0
SCS28,weekday_2147,1785736874,72.0,3.37395,101.612404,0.0
DMU06,55,1785736863,0.0,5.376997,102.01021,0.0
SCS07,weekday_2031,1785736875,12.0,3.237768,101.68149,0.0
SCS07,weekday_2031,1785736950,65.0,3.23199,101.676414,0.0
SCS28,weekday_2147,1785736919,106.0,3.367445,101.60335,0.0
DMU03,35,1785736904,0.0,2.801192,102.416664,0.0
SCS08,weekday_2142,1785736957,101.0,3.3627,101.58414,0.0
SCS07,weekday_2031,1785737010,89.0,3.219208,101.672455,0.0
SCS28,weekday_2147,1785737009,97.0,3.362935,101.58004,0.0
DMU03,35,1785737009,0.0,2.801277,102.41671,0.0
DMU06,55,1785737058,0.0,5.376997,102.01021,0.0
SCS08,weekday_2142,1785737037,122.0,3.369867,101.60807,0.0
SCS08,weekday_2142,1785737097,0.0,3.37569,101.61402,0.0
SCS07,weekday_2031,1785737130,62.0,3.211757,101.67212,0.0
DMU03,35,1785737129,0.0,2.801277,102.41671,0.0
DMU06,55,1785737133,0.0,5.376997,102.01021,0.0
SCS28,weekday_2147,1785737204,40.0,3.328165,101.56927,0.0
DMU06,55,1785737238,0.0,5.376997,102.01021,0.0
SCS07,weekday_2031,1785737325,5.0,3.205332,101.67529,0.0
DMU06,55,1785737283,0.0,5.376997,102.01021,0.0
DMU06,55,1785737328,0.0,5.376997,102.01021,0.0
SCS28,weekday_2147,1785737339,0.0,3.320085,101.57478,0.0
DMU03,35,1785737339,0.0,2.801195,102.416664,0.0
SCS07,weekday_2031,1785737340,31.0,3.204748,101.67591,0.0
SCS08,weekday_2142,1785737337,104.0,3.42433,101.625984,0.0
SCS10,weekday_2032,1785737337,20.0,3.168823,101.68612,0.0
DMU03,35,1785737399,0.0,2.801195,102.416664,0.0
SCS07,weekday_2031,1785737430,0.0,3.198757,101.680855,0.0
SCS38,weekday_2146,1785737510,0.0,3.135757,101.68903,0.0
SCS07,weekday_2031,1785737550,44.0,3.187433,101.689674,0.0
SCS28,weekday_2147,1785737549,78.0,3.287077,101.570076,0.0
SCS08,weekday_2142,1785737537,0.0,3.467835,101.63766,0.0
SCS38,weekday_2146,1785737525,0.0,3.135757,101.68903,0.0
DMU03,35,1785737519,24.0,2.799767,102.41878,0.0
DMU06,55,1785737508,0.0,5.376997,102.01021,0.0
SCS07,weekday_2031,1785737580,33.0,3.184187,101.6894,0.0
SCS38,weekday_2146,1785737555,3.0,3.135793,101.69061,0.0
SCS08,weekday_2142,1785737637,55.0,3.470527,101.638176,0.0
SCS07,weekday_2031,1785737670,0.0,3.182695,101.688934,0.0
SCS38,weekday_2146,1785737630,8.0,3.138362,101.693275,0.0
DMU06,55,1785737658,0.0,5.376997,102.01021,0.0
DMU06,55,1785737703,0.0,5.376997,102.01021,0.0
SCS38,weekday_2146,1785737690,0.0,3.138748,101.69342,0.0
SCS08,weekday_2142,1785737717,112.0,3.490772,101.635895,0.0
SCS28,weekday_2147,1785737714,4.0,3.262532,101.556885,0.0
SCS07,weekday_2031,1785737700,0.0,3.182695,101.688934,0.0
SCS08,weekday_2142,1785737777,0.0,3.499662,101.63426,0.0
SCS28,weekday_2147,1785737744,19.0,3.262127,101.55665,0.0
SCS38,weekday_2146,1785737765,0.0,3.138748,101.69342,0.0
DMU06,55,1785737748,0.0,5.376978,102.01009,0.0
DMU03,35,1785737744,48.0,2.787865,102.44068,0.0
SCS10,weekday_2032,1785737856,68.0,3.202373,101.67765,0.0
DMU06,55,1785737793,0.0,5.376927,102.010185,0.0
SCS38,weekday_2146,1785737930,0.0,3.138748,101.69342,0.0
DMU03,35,1785737864,58.0,2.778392,102.45831,0.0
SCS28,weekday_2147,1785737864,0.0,3.258818,101.55511,0.0
SCS28,weekday_2147,1785737984,78.0,3.248268,101.55756,0.0
SCS08,weekday_2142,1785737917,98.0,3.511423,101.63229,0.0
DMU06,55,1785738003,0.0,5.376992,102.010254,0.0
DMU03,35,1785737984,48.0,2.764282,102.46868,0.0
SCS08,weekday_2142,1785738097,19.0,3.552458,101.63956,0.0
SCS38,weekday_2146,1785738095,42.0,3.146033,101.69161,0.0
DMU06,55,1785738138,0.0,5.376992,102.010254,0.0
DMU03,35,1785738164,58.0,2.743942,102.47934,0.0
DMU06,55,1785738243,0.0,5.376972,102.01016,0.0
SCS07,weekday_2031,1785738239,5.0,3.154652,101.693214,0.0
SCS28,weekday_2147,1785738329,38.0,3.204267,101.5845,0.0
SCS08,weekday_2142,1785738317,99.0,3.5771,101.61349,0.0
DMU06,55,1785738318,0.0,5.376972,102.01016,0.0
SCS38,weekday_2146,1785738305,0.0,3.165117,101.691376,0.0
SCS07,weekday_2031,1785738329,24.0,3.145692,101.69193,0.0
DMU03,35,1785738329,62.0,2.721377,102.49434,0.0
DMU06,55,1785738378,0.0,5.376888,102.01021,0.0
DMU06,55,1785738393,0.0,5.376888,102.01021,0.0
SCS38,weekday_2146,1785738440,77.0,3.168057,101.68692,0.0
SCS28,weekday_2147,1785738404,92.0,3.201062,101.59897,0.0
DMU03,35,1785738479,51.0,2.703028,102.508965,0.0
SCS08,weekday_2142,1785738477,124.0,3.611117,101.5844,0.0
SCS38,weekday_2146,1785738530,75.0,3.180638,101.67522,0.0
SCS08,weekday_2142,1785738577,125.0,3.634092,101.56134,0.0
SCS28,weekday_2147,1785738584,0.0,3.208832,101.62772,0.0
SCS38,weekday_2146,1785738575,64.0,3.184642,101.666504,0.0
DMU06,55,1785738573,0.0,5.376888,102.01021,0.0
SCS07,weekday_2031,1785738584,23.0,3.136332,101.68997,0.0
DMU06,55,1785738663,0.0,5.376917,102.01012,0.0
SCS38,weekday_2146,1785738710,43.0,3.191077,101.65719,0.0
DMU06,55,1785738708,0.0,5.376917,102.01012,0.0
SCS08,weekday_2142,1785738697,81.0,3.662788,101.5365,0.0
DMU03,35,1785738794,60.0,2.674943,102.54283,0.0
SCS07,weekday_2031,1785738794,22.0,3.131803,101.682915,0.0
SCS28,weekday_2147,1785738794,44.0,3.205313,101.63487,0.0
SCS38,weekday_2146,1785738785,0.0,3.191727,101.655716,0.0
SCS08,weekday_2142,1785738777,68.0,3.670062,101.531456,0.0
SCS07,weekday_2031,1785738869,20.0,3.128197,101.679825,0.0
DMU06,55,1785738813,0.0,5.376948,102.0102,0.0
SCS28,weekday_2147,1785738839,0.0,3.203202,101.63697,0.0
DMU03,35,1785738839,63.0,2.671417,102.549194,0.0
SCS38,weekday_2146,1785738830,39.0,3.19234,101.65427,0.0
SCS28,weekday_2147,1785738899,38.0,3.201463,101.63866,0.0
DMU06,55,1785738903,0.0,5.376948,102.0102,0.0
DMU03,35,1785738899,56.0,2.667372,102.55789,0.0
SCS07,weekday_2031,1785738899,20.0,3.126572,101.67894,0.0
SCS28,weekday_2147,1785738974,93.0,3.194758,101.64908,0.0
SCS38,weekday_2146,1785739010,0.0,3.202245,101.63765,0.0
DMU03,35,1785739019,46.0,2.653955,102.56949,0.0
SCS07,weekday_2031,1785739019,4.0,3.119415,101.67871,0.0
SCS07,weekday_2031,1785739064,0.0,3.119378,101.67873,0.0
SCS08,weekday_2142,1785739057,0.0,3.683998,101.51891,0.0
SCS38,weekday_2146,1785739055,32.0,3.203127,101.63686,0.0
DMU06,55,1785739053,0.0,5.376948,102.0102,0.0
DMU06,55,1785739158,0.0,5.376967,102.01011,0.0
DMU03,35,1785739154,46.0,2.644972,102.58403,0.0
DMU06,55,1785739203,0.0,5.376967,102.01011,0.0
SCS08,weekday_2142,1785739177,0.0,3.683998,101.51891,0.0
SCS08,weekday_2142,1785739237,0.0,3.683998,101.51891,0.0
DMU06,55,1785739233,0.0,5.376967,102.01011,0.0
DMU03,35,1785739304,36.0,2.629258,102.59376,0.0
DMU06,55,1785739308,0.0,5.376967,102.01011,0.0
SCS28,weekday_2147,1785739304,90.0,3.18024,101.67602,0.0
SCS38,weekday_2146,1785739327,84.0,3.199495,101.608185,0.0
SCS07,weekday_2031,1785739319,21.0,3.114325,101.68062,0.0
SCS08,weekday_2142,1785739397,0.0,3.683998,101.51891,0.0
SCS28,weekday_2147,1785739441,0.0,3.166057,101.69034,0.0
DMU06,55,1785739428,0.0,5.376952,102.01021,0.0
SCS08,weekday_2142,1785739417,0.0,3.683998,101.51891,0.0
SCS08,weekday_2142,1785739497,0.0,3.683998,101.51891,0.0
SCS38,weekday_2146,1785739522,0.0,3.205942,101.58095,0.0
DMU06,55,1785739533,0.0,5.376875,102.01015,0.0
SCS28,weekday_2147,1785739531,20.0,3.165882,101.690605,0.0
SCS07,weekday_2031,1785739544,0.0,3.1087,101.69241,0.0
SCS28,weekday_2147,1785739576,54.0,3.160763,101.69241,0.0
SCS38,weekday_2146,1785739567,0.0,3.205988,101.58098,0.0
SCS08,weekday_2142,1785739557,0.0,3.683998,101.51891,0.0
SCS08,weekday_2142,1785739657,0.0,3.683998,101.51891,0.0
SCS07,weekday_2031,1785739619,51.0,3.103133,101.699326,0.0
SCS28,weekday_2147,1785739681,0.0,3.154843,101.69327,0.0
DMU06,55,1785739668,0.0,5.376875,102.01015,0.0
SCS38,weekday_2146,1785739657,70.0,3.20905,101.575264,0.0
SCS07,weekday_2031,1785739754,0.0,3.098657,101.705,0.0
DMU06,55,1785739728,0.0,5.376875,102.01015,0.0
SCS38,weekday_2146,1785739792,83.0,3.23596,101.55979,0.0
SCS07,weekday_2031,1785739829,0.0,3.098657,101.705,0.0
DMU03,35,1785739846,4.0,2.588497,102.59674,0.0
SCS28,weekday_2147,1785739846,23.0,3.143543,101.69374,0.0
SCS28,weekday_2147,1785739876,20.0,3.14171,101.69435,0.0
DMU03,35,1785739891,0.0,2.588813,102.59661,0.0
DMU06,55,1785739878,0.0,5.37687,102.010056,0.0
SCS08,weekday_2151,1785739957,0.0,3.683998,101.51891,0.0
SCS38,weekday_2146,1785739927,12.0,3.250322,101.55611,0.0
SCS38,weekday_2146,1785740002,24.0,3.255537,101.554504,0.0
SCS08,weekday_2151,1785739977,0.0,3.68393,101.51885,0.0
DMU06,55,1785739953,0.0,5.37687,102.010056,0.0
DMU06,55,1785740043,0.0,5.376912,102.01013,0.0
SCS07,weekday_2031,1785740039,0.0,3.098657,101.705,0.0
SCS28,weekday_2147,1785740086,10.0,3.135365,101.68859,0.0
DMU03,35,1785740086,0.0,2.592257,102.596,0.0
SCS07,weekday_2031,1785740084,0.0,3.098657,101.705,0.0
SCS08,weekday_2151,1785740077,0.0,3.68393,101.51885,0.0
SCS07,weekday_2031,1785740144,0.0,3.098657,101.705,0.0
SCS28,weekday_2147,1785740191,0.0,3.134997,101.68806,0.0
DMU03,35,1785740191,3.0,2.593832,102.59572,0.0
SCS08,weekday_2151,1785740177,0.0,3.68393,101.51885,0.0
DMU06,55,1785740148,0.0,5.376912,102.01013,0.0
SCS07,weekday_2031,1785740234,0.0,3.098657,101.705,0.0
SCS08,weekday_2151,1785740197,0.0,3.68393,101.51885,0.0
DMU06,55,1785740208,4.0,5.377375,102.01027,0.0
SCS08,weekday_2151,1785740277,0.0,3.68393,101.51885,0.0
SCS38,weekday_2146,1785740272,66.0,3.281482,101.56609,0.0
DMU06,55,1785740253,0.0,5.377762,102.01051,0.0
SCS07,weekday_2031,1785740339,0.0,3.098657,101.705,0.0
SCS38,weekday_2146,1785740422,56.0,3.307988,101.57496,0.0
SCS10,weekday_2035,1785740421,0.0,3.238443,101.68103,0.0
SCS28,weekday_2147,1785740416,0.0,3.134997,101.68806,0.0
SCS07,weekday_2031,1785740414,0.0,3.098657,101.705,0.0
SCS08,weekday_2151,1785740377,0.0,3.68393,101.51885,0.0
DMU03,35,1785740491,0.0,2.59548,102.59538,0.0
SCS28,weekday_2147,1785740491,0.0,3.134997,101.68806,0.0
SCS08,weekday_2151,1785740477,0.0,3.68393,101.51885,0.0
DMU03,35,1785740506,0.0,2.59548,102.59538,0.0
SCS28,weekday_2147,1785740506,0.0,3.134997,101.68806,0.0
SCS10,weekday_2035,1785740541,86.0,3.232167,101.67659,0.0
SCS08,weekday_2151,1785740497,0.0,3.68393,101.51885,0.0
SCS08,weekday_2151,1785740597,0.0,3.68393,101.51885,0.0
SCS28,weekday_2147,1785740596,0.0,3.134997,101.68806,0.0
DMU03,35,1785740596,0.0,2.59548,102.59538,0.0
SCS07,weekday_2031,1785740594,0.0,3.098657,101.705,0.0
SCS38,weekday_2146,1785740587,12.0,3.319197,101.57478,0.0
DMU06,55,1785740568,57.0,5.3758,102.02042,0.0
SCS38,weekday_2146,1785740647,44.0,3.324935,101.57133,0.0
DMU03,35,1785740641,0.0,2.59548,102.59538,0.0
SCS08,weekday_2151,1785740677,0.0,3.68393,101.51885,0.0
SCS10,weekday_2035,1785740676,0.0,3.21509,101.67225,0.0
DMU06,55,1785740673,10.0,5.368835,102.02855,0.0
SCS28,weekday_2147,1785740671,0.0,3.134997,101.68806,0.0
SCS28,weekday_2147,1785740686,0.0,3.134997,101.68806,0.0
SCS38,weekday_2146,1785740722,87.0,3.337427,101.57265,0.0
SCS10,weekday_2035,1785740721,62.0,3.213527,101.67224,0.0
DMU03,35,1785740721,0.0,2.59548,102.59538,0.0
SCS07,weekday_2031,1785740714,0.0,3.098657,101.705,0.0
SCS08,weekday_2151,1785740697,0.0,3.68393,101.51885,0.0
EMU22,2941,1785740696,0.0,6.662587,100.31951,0.0
DMU06,55,1785740778,7.0,5.371978,102.030975,0.0
SCS07,weekday_2031,1785740744,0.0,3.098657,101.705,0.0
SCS28,weekday_2147,1785740866,0.0,3.134997,101.68806,0.0
DMU06,55,1785740793,7.0,5.372473,102.031044,0.0
EMU22,2941,1785740846,0.0,6.659883,100.31669,0.0
SCS08,weekday_2151,1785740797,0.0,3.68393,101.51885,0.0
SCS10,weekday_2035,1785740796,0.0,3.205372,101.67527,0.0
SCS28,weekday_2147,1785740866,0.0,3.134997,101.68806,0.0
SCS07,weekday_2031,1785740894,0.0,3.098657,101.705,0.0
EMU22,2941,1785740891,26.0,6.65955,100.31626,0.0
SCS38,weekday_2146,1785740872,107.0,3.36332,101.58786,0.0
DMU06,55,1785740868,11.0,5.37617,102.03133,0.0
SCS08,weekday_2151,1785740857,0.0,3.68393,101.51885,0.0
SCS10,weekday_2035,1785740856,3.0,3.205343,101.67526,0.0
DMU06,55,1785740973,0.0,5.377633,102.0317,0.0
SCS28,weekday_2147,1785740941,0.0,3.134997,101.68806,0.0
SCS07,weekday_2031,1785740939,0.0,3.098657,101.705,0.0
SCS08,weekday_2151,1785741017,0.0,3.68393,101.51885,0.0
SCS28,weekday_2147,1785741016,0.0,3.134997,101.68806,0.0
SCS10,weekday_2035,1785740976,26.0,3.198502,101.681114,0.0
EMU22,2941,1785741041,127.0,6.644448,100.290855,0.0
DMU06,55,1785740973,0.0,5.377633,102.0317,0.0
SCS38,weekday_2146,1785741067,78.0,3.378463,101.61689,0.0
SCS38,weekday_2146,1785741097,113.0,3.384093,101.62244,0.0
SCS10,weekday_2035,1785741096,45.0,3.184917,101.6897,0.0
SCS10,weekday_2035,1785741246,0.0,3.182853,101.68883,0.0
SCS07,weekday_2031,1785741239,0.0,3.098578,101.705055,0.0
DMU06,55,1785741273,14.0,5.387318,102.041756,0.0
DMU06,55,1785741333,21.0,5.389797,102.0447,0.0
EMU22,2941,1785741401,117.0,6.539687,100.259636,0.0
SCS10,weekday_2035,1785741366,0.0,3.182853,101.68883,0.0
SCS08,weekday_2151,1785741397,0.0,3.68393,101.51885,0.0
SCS08,weekday_2151,1785741397,0.0,3.68393,101.51885,0.0
DMU06,55,1785741423,22.0,5.392333,102.04914,0.0
SCS28,weekday_2147,1785741421,23.0,3.144813,101.69272,0.0
SCS38,weekday_2146,1785741547,84.0,3.4731,101.63854,0.0
SCS07,weekday_2031,1785741539,0.0,3.098578,101.705055,0.0
SCS08,weekday_2151,1785741537,0.0,3.68393,101.51885,0.0
SCS28,weekday_2147,1785741586,53.0,3.156267,101.69381,0.0
SCS28,weekday_2147,1785741631,59.0,3.164073,101.69189,0.0
SCS08,weekday_2151,1785741577,0.0,3.68393,101.51885,0.0
SCS38,weekday_2146,1785741577,116.0,3.481187,101.63964,0.0
SCS10,weekday_2035,1785741576,0.0,3.182853,101.68883,0.0
EMU22,2941,1785741581,103.0,6.512435,100.25498,0.0
SCS08,weekday_2151,1785741637,0.0,3.68393,101.51885,0.0
SCS10,weekday_2035,1785741636,0.0,3.182853,101.68883,0.0
DMU03,35,1785741663,15.0,2.594765,102.59554,0.0
DMU06,55,1785741663,21.0,5.39025,102.065765,0.0
SCS10,weekday_2035,1785741741,0.0,3.182853,101.68883,0.0
SCS38,weekday_2146,1785741712,0.0,3.499597,101.63424,0.0
EMU22,2941,1785741744,128.0,6.464528,100.257095,0.0
SCS07,weekday_2031,1785741704,0.0,3.098578,101.705055,0.0
DMU03,35,1785741768,26.0,2.586553,102.59754,0.0
DMU06,55,1785741798,35.0,5.38883,102.076744,0.0
SCS28,weekday_2147,1785741796,79.0,3.175582,101.681465,0.0
SCS07,weekday_2031,1785741809,0.0,3.098578,101.705055,0.0
EMU22,2941,1785741759,130.0,6.459705,100.25876,0.0
EMU22,2941,1785741819,101.0,6.441552,100.265015,0.0
SCS07,weekday_2031,1785741839,0.0,3.098578,101.705055,0.0
SCS28,weekday_2147,1785741826,77.0,3.179625,101.67672,0.0
SCS38,weekday_2146,1785741817,95.0,3.510998,101.63242,0.0
DMU06,55,1785741933,25.0,5.375197,102.08342,0.0
SCS07,weekday_2031,1785741959,0.0,3.098578,101.705055,0.0
SCS10,weekday_2035,1785741936,0.0,3.182762,101.68883,0.0
DMU03,35,1785742023,0.0,2.579738,102.61327,0.0
DMU06,55,1785742023,9.0,5.372088,102.085175,0.0
SCS38,weekday_2146,1785741997,46.0,3.5519,101.63963,0.0
SCS08,weekday_2151,1785741997,25.0,3.680627,101.5227,0.0
SCS10,weekday_2035,1785741996,29.0,3.180518,101.68809,0.0
SCS07,weekday_2031,1785742079,0.0,3.098578,101.705055,0.0
SCS38,weekday_2146,1785742057,12.0,3.552795,101.63948,0.0
SCS10,weekday_2035,1785742056,24.0,3.175838,101.68539,0.0
DMU03,35,1785742083,0.0,2.579738,102.61327,0.0
DMU06,55,1785742083,0.0,5.37187,102.08527,0.0
SCS08,weekday_2151,1785742077,32.0,3.670773,101.530975,0.0
SCS07,weekday_2031,1785742139,0.0,3.098578,101.705055,0.0
DMU03,35,1785742113,0.0,2.579822,102.613304,0.0
DMU06,55,1785742203,29.0,5.367113,102.08788,0.0
DMU03,35,1785742203,0.0,2.579762,102.61313,0.0
EMU22,2941,1785742194,46.0,6.37169,100.30212,0.0
ETS204,9052,1785742229,16.0,3.206678,101.579544,0.0
SCS38,weekday_2146,1785742192,99.0,3.571733,101.615715,0.0
DMU06,55,1785742293,10.0,5.362975,102.09196,0.0
ETS204,9052,1785742259,18.0,3.20702,101.5783,0.0
SCS08,weekday_2151,1785742257,0.0,3.670332,101.53128,0.0
DMU03,35,1785742278,0.0,2.579708,102.61302,0.0
SCS38,weekday_2146,1785742297,86.0,3.595753,101.603836,0.0
DMU03,35,1785742293,0.0,2.579708,102.61302,0.0
SCS10,weekday_2035,1785742357,4.0,3.154765,101.69326,0.0
SCS08,weekday_2151,1785742297,20.0,3.669847,101.53161,0.0
DMU06,55,1785742293,10.0,5.362975,102.09196,0.0
SCS07,weekday_2040,1785742394,0.0,3.098578,101.705055,0.0
DMU03,35,1785742383,0.0,2.579682,102.61308,0.0
ETS204,9052,1785742379,77.0,3.219018,101.56668,0.0
DMU06,55,1785742383,21.0,5.360843,102.09871,0.0
SCS08,weekday_2151,1785742357,66.0,3.664497,101.53532,0.0
ETS204,9052,1785742469,86.0,3.239602,101.56036,0.0
SCS07,weekday_2040,1785742484,15.0,3.1007,101.70224,0.0
EMU22,2941,1785742531,128.0,6.308702,100.34563,0.0
ETS204,9052,1785742529,60.0,3.25059,101.55587,0.0
DMU06,56,1785742473,46.0,5.358772,102.10562,0.0
DMU03,35,1785742473,0.0,2.579543,102.61312,0.0
SCS24,2943,1785742572,32.0,6.6611,100.31812,0.0
DMU03,35,1785742548,0.0,2.579845,102.6131,0.0
DMU06,56,1785742548,50.0,5.35296,102.11428,0.0
EMU22,2941,1785742606,118.0,6.285572,100.350296,0.0
ETS204,9052,1785742604,45.0,3.260008,101.55546,0.0
SCS38,weekday_2146,1785742582,115.0,3.646968,101.552345,0.0
SCS28,weekday_2150,1785742555,79.0,3.208163,101.61859,0.0
SCS07,weekday_2040,1785742574,34.0,3.105102,101.69675,0.0
EMU22,2941,1785742606,118.0,6.285572,100.350296,0.0
SCS08,weekday_2151,1785742610,0.0,3.631997,101.56289,0.0
ETS204,9052,1785742649,44.0,3.264298,101.55795,0.0
SCS28,weekday_2150,1785742720,45.0,3.203038,101.58641,0.0
DMU03,35,1785742653,0.0,2.579788,102.61324,0.0
DMU06,56,1785742653,41.0,5.34049,102.11789,0.0
SCS28,weekday_2150,1785742735,42.0,3.203992,101.58479,0.0
SCS38,weekday_2146,1785742732,42.0,3.67621,101.527084,0.0
EMU22,2941,1785742726,123.0,6.249438,100.35771,0.0
SCS07,weekday_2040,1785742724,13.0,3.112443,101.686966,0.0
SCS24,2943,1785742722,111.0,6.649287,100.29919,0.0
SCS08,weekday_2155,1785742730,0.0,3.631997,101.56289,0.0
ETS204,9052,1785742724,75.0,3.276673,101.56208,0.0
DMU03,35,1785742818,0.0,2.57973,102.61335,0.0
DMU05,60,1785742818,0.0,4.187275,102.05312,0.0
SCS07,weekday_2040,1785742799,15.0,3.112637,101.683716,0.0
SCS24,2943,1785742797,113.0,6.636732,100.28035,0.0
ETS204,9052,1785742784,65.0,3.285145,101.56905,0.0
SCS38,weekday_2146,1785742777,41.0,3.679858,101.523415,0.0
ETS204,9052,1785742859,63.0,3.298757,101.5751,0.0
SCS24,2943,1785742857,114.0,6.625058,100.266846,0.0
DMU06,56,1785742848,7.0,5.328877,102.121925,0.0
DMU05,60,1785742848,0.0,4.187228,102.05303,0.0
DMU03,35,1785742848,0.0,2.579775,102.61325,0.0
SCS07,weekday_2040,1785742949,5.0,3.113877,101.681,0.0
DMU03,35,1785742923,0.0,2.579775,102.61325,0.0
DMU06,56,1785742923,19.0,5.32594,102.12357,0.0
DMU06,56,1785742998,22.0,5.321682,102.12724,0.0
DMU05,60,1785742998,47.0,4.193,102.045746,0.0
DMU03,35,1785742968,0.0,2.579833,102.613144,0.0
SCS28,weekday_2150,1785742975,45.0,3.20866,101.57558,0.0
EMU22,2941,1785743034,23.0,6.18257,100.37536,0.0
SCS10,weekday_2035,1785743032,0.0,3.119185,101.67865,0.0
DMU05,60,1785743028,52.0,4.194995,102.04228,0.0
DMU06,56,1785743028,22.0,5.320207,102.12911,0.0
DMU03,35,1785743028,0.0,2.579833,102.613144,0.0
ETS204,9052,1785743024,30.0,3.319298,101.57489,0.0
SCS07,weekday_2040,1785743024,13.0,3.117578,101.679184,0.0
SCS24,2943,1785743037,118.0,6.571655,100.25929,0.0
ETS204,9052,1785743144,3.0,3.320752,101.57451,0.0
SCS07,weekday_2040,1785743099,0.0,3.11916,101.678856,0.0
SCS28,weekday_2150,1785743080,101.0,3.22761,101.560715,0.0
SCS24,2943,1785743187,40.0,6.528195,100.257645,0.0
DMU03,35,1785743163,0.0,2.579748,102.61322,0.0
DMU06,56,1785743163,0.0,5.317228,102.13443,0.0
DMU03,35,1785743223,0.0,2.579845,102.61322,0.0
ETS204,9052,1785743249,30.0,3.325487,101.57114,0.0
DMU03,35,1785743253,0.0,2.579835,102.613205,0.0
SCS28,weekday_2150,1785743275,36.0,3.253807,101.554726,0.0
SCS24,2943,1785743382,31.0,6.52104,100.25644,0.0
DMU06,56,1785743373,16.0,5.313355,102.142235,0.0
SCS08,weekday_2155,1785743330,124.0,3.587243,101.60981,0.0
SCS07,weekday_2040,1785743324,25.0,3.131358,101.682655,0.0
SCS24,2943,1785743427,110.0,6.511768,100.25484,0.0
SCS07,weekday_2040,1785743384,0.0,3.132348,101.683304,0.0
ETS204,9052,1785743384,108.0,3.348992,101.57221,0.0
SCS28,weekday_2150,1785743380,15.0,3.259037,101.55505,0.0
EMU22,2941,1785743379,21.0,6.112392,100.36935,0.0
DMU06,56,1785743373,16.0,5.313355,102.142235,0.0
DMU05,60,1785743553,5.0,4.232668,101.99025,0.0
DMU03,35,1785743553,0.0,2.579693,102.613106,0.0
DMU06,56,1785743553,37.0,5.307097,102.15578,0.0
ETS204,9052,1785743549,87.0,3.365948,101.59876,0.0
SCS07,weekday_2040,1785743519,10.0,3.136247,101.68983,0.0
DMU05,60,1785743553,5.0,4.232668,101.99025,0.0
DMU06,56,1785743553,37.0,5.307097,102.15578,0.0
SCS28,weekday_2150,1785743575,66.0,3.285202,101.56896,0.0
SCS28,weekday_2150,1785743680,86.0,3.306438,101.57498,0.0
ETS204,9052,1785743639,101.0,3.378378,101.61684,0.0
DMU05,60,1785743628,69.0,4.236133,101.98222,0.0
DMU06,56,1785743628,10.0,5.308038,102.15726,0.0
SCS24,2943,1785743637,114.0,6.450542,100.26194,0.0
DMU03,35,1785743628,0.0,2.579723,102.61322,0.0
SCS08,weekday_2155,1785743750,98.0,3.507743,101.63308,0.0
ETS204,9052,1785743744,117.0,3.40662,101.62804,0.0
SCS07,weekday_2040,1785743744,17.0,3.144533,101.69285,0.0
SCS08,weekday_2155,1785743750,98.0,3.507743,101.63308,0.0
DMU05,60,1785743748,70.0,4.247073,101.9642,0.0
DMU06,56,1785743748,23.0,5.312513,102.16571,0.0
SCS28,weekday_2150,1785743800,0.0,3.320332,101.57463,0.0
EMU22,2941,1785743795,129.0,6.00786,100.42038,0.0
ETS204,9052,1785743849,113.0,3.43271,101.63257,0.0
SCS07,weekday_2040,1785743849,15.0,3.154495,101.69298,0.0
SCS24,2943,1785743832,95.0,6.423883,100.27111,0.0
DMU03,35,1785743823,0.0,2.579748,102.61313,0.0
DMU05,60,1785743823,63.0,4.248623,101.95136,0.0
DMU05,60,1785743883,57.0,4.248448,101.941315,0.0
DMU03,35,1785743883,0.0,2.579705,102.613205,0.0
EMU22,2941,1785743960,0.0,5.971862,100.440735,0.0
ETS204,9052,1785743954,125.0,3.463227,101.63771,0.0
SCS07,weekday_2040,1785743954,56.0,3.162655,101.691986,0.0
SCS28,weekday_2150,1785743920,34.0,3.323805,101.572105,0.0
DMU05,60,1785744003,45.0,4.256068,101.92554,0.0
EMU22,2941,1785743990,0.0,5.971862,100.440735,0.0
EMU22,2941,1785744035,72.0,5.968537,100.44262,0.0
SCS08,weekday_2155,1785744050,0.0,3.467827,101.63765,0.0
DMU05,60,1785744048,0.0,4.257845,101.925316,0.0
SCS24,2943,1785744042,53.0,6.37255,100.3015,0.0
SCS28,weekday_2150,1785744040,89.0,3.341338,101.57256,0.0
EMU22,2941,1785744125,110.0,5.948402,100.453995,0.0
SCS08,weekday_2155,1785744150,0.0,3.467827,101.63765,0.0
DMU05,60,1785744123,42.0,4.26281,101.92576,0.0
DMU11(D6122),58,1785744108,43.0,4.885802,101.97078,0.0
DMU11(D6122),58,1785744213,45.0,4.896848,101.97108,0.0
DMU05,60,1785744198,59.0,4.272785,101.92195,0.0
EMU22,2941,1785744170,123.0,5.935932,100.46005,0.0
SCS28,weekday_2150,1785744160,97.0,3.362567,101.58278,0.0
DMU05,60,1785744258,60.0,4.282068,101.91966,0.0
DMU06,56,1785744258,45.0,5.326693,102.19928,0.0
SCS24,2943,1785744252,114.0,6.340533,100.325424,0.0
SCS28,weekday_2150,1785744220,105.0,3.3659,101.59852,0.0
SCS08,weekday_2155,1785744310,0.0,3.467827,101.63765,0.0
SCS28,weekday_2150,1785744310,17.0,3.376215,101.61463,0.0
EMU22,2941,1785744305,125.0,5.89602,100.47538,0.0
EMU22,2941,1785744395,124.0,5.867682,100.476944,0.0
SCS28,weekday_2150,1785744385,48.0,3.377518,101.615944,0.0
DMU06,56,1785744378,28.0,5.331242,102.20451,0.0
SCS24,2943,1785744342,114.0,6.318845,100.34164,0.0
SCS07,weekday_2040,1785744342,0.0,3.182622,101.68879,0.0
DMU05,60,1785744423,56.0,4.296568,101.9212,0.0
DMU11(D6122),58,1785744393,48.0,4.918765,101.9788,0.0
SCS28,weekday_2150,1785744400,73.0,3.37935,101.61773,0.0
DMU06,56,1785744393,31.0,5.332125,102.20556,0.0
SCS07,weekday_2040,1785744417,42.0,3.187542,101.68949,0.0
DMU05,60,1785744513,70.0,4.312602,101.91897,0.0
DMU11(D6122),58,1785744513,17.0,4.928055,101.98562,0.0
SCS28,weekday_2150,1785744475,105.0,3.395277,101.6283,0.0
EMU22,2941,1785744470,114.0,5.843822,100.47692,0.0
DMU06,56,1785744468,38.0,5.335263,102.21273,0.0
SCS07,weekday_2040,1785744462,65.0,3.192578,101.68608,0.0
ETS204,9052,1785744464,93.0,3.582428,101.6127,0.0
DMU06,56,1785744573,50.0,5.343588,102.221306,0.0
SCS24,2943,1785744522,114.0,6.266518,100.35423,0.0
SCS07,weekday_2040,1785744522,0.0,3.198877,101.68081,0.0
ETS204,9052,1785744569,89.0,3.59999,101.59586,0.0
EMU22,2941,1785744592,0.0,5.824243,100.478004,0.0
DMU05,60,1785744573,68.0,4.323633,101.919235,0.0
SCS28,weekday_2150,1785744595,94.0,3.425467,101.626915,0.0
ETS204,9052,1785744674,104.0,3.61765,101.577576,0.0
SCS28,weekday_2150,1785744685,105.0,3.446317,101.63876,0.0
EMU22,2941,1785744637,66.0,5.821255,100.478264,0.0
DMU06,56,1785744738,58.0,5.366695,102.22602,0.0
EMU22,2941,1785744712,96.0,5.803493,100.48105,0.0
DMU05,60,1785744708,68.0,4.347663,101.91655,0.0
SCS24,2943,1785744702,114.0,6.213755,100.36499,0.0
SCS07,weekday_2040,1785744702,52.0,3.20698,101.673744,0.0
EMU22,2941,1785744787,123.0,5.783842,100.48851,0.0
DMU05,60,1785744798,0.0,4.358563,101.92165,0.0
SCS24,2943,1785744837,0.0,6.183692,100.37455,0.0
SCS28,weekday_2150,1785744835,0.0,3.469025,101.637856,0.0
EMU22,2941,1785744832,125.0,5.770012,100.49415,0.0
DMU11(D6122),58,1785744903,24.0,4.953883,102.007095,0.0
EMU22,2941,1785744952,120.0,5.733255,100.509834,0.0
DMU11(D6122),58,1785744993,66.0,4.963235,102.01051,0.0
EMU22,2941,1785744997,124.0,5.719998,100.514404,0.0
DMU06,56,1785745053,3.0,5.391567,102.23196,0.0
SCS28,weekday_2150,1785745000,31.0,3.500022,101.63423,0.0
SCS28,weekday_2150,1785745105,73.0,3.504992,101.63349,0.0
DMU05,60,1785745113,60.0,4.399045,101.92157,0.0
DMU06,56,1785745158,40.0,5.401362,102.231636,0.0
EMU22,2941,1785745147,121.0,5.675793,100.495674,0.0
DMU11(D6122),58,1785745113,67.0,4.982285,102.01478,0.0
EMU22,2941,1785745177,112.0,5.66667,100.49413,0.0
SCS28,weekday_2150,1785745210,93.0,3.526258,101.629745,0.0
ETS204,9052,1785745244,0.0,3.685142,101.517914,0.0
SCS24,2943,1785745197,0.0,6.113513,100.36989,0.0
SCS28,weekday_2150,1785745255,99.0,3.536672,101.634605,0.0
DMU11(D6122),58,1785745248,29.0,4.999882,102.02152,0.0
DMU06,56,1785745248,19.0,5.408713,102.2316,0.0
EMU22,2941,1785745297,4.0,5.642738,100.49004,0.0
SCS24,2943,1785745257,101.0,6.105575,100.36661,0.0
SCS28,weekday_2150,1785745315,80.0,3.549902,101.6398,0.0
EMU22,2941,1785745297,4.0,5.642738,100.49004,0.0
SCS24,2943,1785745362,114.0,6.077915,100.380775,0.0
DMU11(D6122),58,1785745443,23.0,5.012285,102.02775,0.0
DMU06,56,1785745443,53.0,5.42726,102.23731,0.0
EMU22,2941,1785745522,117.0,5.60481,100.49485,0.0
ETS204,9052,1785745604,104.0,3.745183,101.44997,0.0
SCS08,weekday_2155,1785745550,94.0,3.29451,101.574554,0.0
DMU06,56,1785745563,61.0,5.44472,102.23056,0.0
DMU05,60,1785745548,65.0,4.444937,101.939865,0.0
EMU22,2941,1785745567,119.0,5.590843,100.49346,0.0
DMU11(D6122),58,1785745563,11.0,5.02058,102.0314,0.0
SCS24,2943,1785745557,115.0,6.027193,100.40943,0.0
EMU22,2941,1785745597,120.0,5.581508,100.49497,0.0
SCS28,weekday_2150,1785745630,93.0,3.597127,101.60284,0.0
SCS08,weekday_2155,1785745630,79.0,3.279227,101.56472,0.0
DMU11(D6122),58,1785745608,14.0,5.021512,102.03308,0.0
SCS24,2943,1785745677,114.0,5.995772,100.427185,0.0
SCS28,weekday_2150,1785745675,105.0,3.601208,101.59248,0.0
EMU22,2941,1785745672,111.0,5.558718,100.49872,0.0
SCS24,2943,1785745737,106.0,5.980192,100.43599,0.0
EMU22,2941,1785745777,120.0,5.526933,100.5063,0.0
SCS08,weekday_2155,1785745810,29.0,3.25862,101.55502,0.0
ETS204,9052,1785745799,0.0,3.79191,101.43267,0.0
DMU06,56,1785745908,40.0,5.480965,102.218704,0.0
DMU05,60,1785745908,0.0,4.490223,101.94508,0.0
DMU11(D6122),58,1785745893,13.0,5.036713,102.05502,0.0
EMU22,2941,1785746007,0.0,5.481912,100.49791,0.0
SCS28,weekday_2150,1785745990,100.0,3.665117,101.53487,0.0
SCS08,weekday_2155,1785745990,86.0,3.24133,101.56044,0.0
DMU11(D6122),58,1785745998,16.0,5.041822,102.05659,0.0
SCS24,2943,1785745962,114.0,5.943298,100.45686,0.0
EMU22,2941,1785746037,28.0,5.481058,100.49769,0.0
SCS24,2943,1785746097,114.0,5.905588,100.4717,0.0
DMU05,60,1785746193,5.0,4.507457,101.95616,0.0
DMU06,56,1785746193,50.0,5.522952,102.206436,0.0
SCS08,weekday_2155,1785746190,17.0,3.206093,101.58057,0.0
ETS204,9052,1785746189,106.0,3.849853,101.38401,0.0
DMU05,60,1785746193,5.0,4.507457,101.95616,0.0
SCS28,weekday_2150,1785746200,0.0,3.684848,101.51803,0.0
SCS27,2947,1785746197,20.0,6.66097,100.31797,0.0
SCS04,2944,1785746197,10.0,5.391167,100.36941,0.0
DMU06,56,1785746193,50.0,5.522952,102.206436,0.0
SCS24,2943,1785746322,113.0,5.838845,100.47688,0.0
EMU22,2941,1785746322,119.0,5.409032,100.47398,0.0
SCS28,weekday_2150,1785746320,0.0,3.684848,101.51803,0.0
DMU11(D6122),58,1785746343,51.0,5.066845,102.06925,0.0
SCS24,2943,1785746457,53.0,5.822937,100.4781,0.0
ETS204,9052,1785746459,110.0,3.910513,101.34725,0.0
ETS204,9052,1785746519,115.0,3.9284,101.34199,0.0
DMU05,60,1785746493,50.0,4.521602,101.9756,0.0
DMU11(D6122),58,1785746493,24.0,5.08001,102.06947,0.0
DMU06,56,1785746643,64.0,5.553997,102.19481,0.0
DMU11(D6122),58,1785746643,25.0,5.090798,102.0723,0.0
SCS08,weekday_2155,1785746650,6.0,3.202282,101.63767,0.0
SCS24,2943,1785746682,117.0,5.761517,100.49799,0.0
DMU11(D6122),58,1785746688,30.0,5.094527,102.07289,0.0
SCS24,2943,1785746757,114.0,5.740787,100.50697,0.0
SCS27,2947,1785746797,116.0,6.535463,100.25884,0.0
SCS04,2944,1785746797,0.0,5.366253,100.448555,0.0
DMU11(D6122),58,1785747003,22.0,5.122155,102.060715,0.0
SCS27,2947,1785747007,114.0,6.497117,100.2534,0.0
DMU06,56,1785746988,13.0,5.590482,102.17826,0.0
SCS04,2944,1785747007,44.0,5.357177,100.46541,0.0
ETS204,9052,1785747044,0.0,4.020103,101.29044,0.0
EMU22,2941,1785747089,88.0,5.368645,100.4107,0.0
SCS24,2943,1785747057,107.0,5.657285,100.49251,0.0
DMU11(D6122),58,1785747108,25.0,5.128463,102.05762,0.0
DMU06,56,1785747108,30.0,5.599433,102.17561,0.0
DMU11(D6122),58,1785747183,19.0,5.13516,102.05339,0.0
SCS04,2944,1785747172,56.0,5.381187,100.46954,0.0
SCS24,2943,1785747162,0.0,5.643583,100.49013,0.0
DMU06,56,1785747153,10.0,5.601823,102.17484,0.0
SCS04,2944,1785747247,61.0,5.394878,100.47121,0.0
SCS27,2947,1785747472,114.0,6.39753,100.28281,0.0
SCS04,2944,1785747427,118.0,5.431047,100.485985,0.0
SCS08,weekday_2155,1785747423,13.0,3.165013,101.691345,0.0
DMU05,60,1785747423,62.0,4.663128,101.998055,0.0
DMU11(D6122),58,1785747423,25.0,5.14322,102.04574,0.0
EMU22,2941,1785747419,27.0,5.38867,100.37182,0.0
SCS24,2943,1785747417,116.0,5.582285,100.494835,0.0
SCS27,2947,1785747502,114.0,6.390302,100.2882,0.0
SCS24,2943,1785747477,114.0,5.564312,100.49778,0.0
DMU11(D6122),58,1785747483,0.0,5.143772,102.045456,0.0
SCS08,weekday_2155,1785747483,68.0,3.157567,101.693596,0.0
EMU22,2941,1785747509,15.0,5.393012,100.36697,0.0
ETS204,9052,1785747509,0.0,4.13359,101.22068,0.0
SCS04,2944,1785747502,115.0,5.452623,100.49325,0.0
SCS27,2947,1785747562,103.0,6.37616,100.29879,0.0
SCS04,2944,1785747562,65.0,5.468268,100.49637,0.0
DMU05,60,1785747513,64.0,4.678552,102.00135,0.0
DMU11(D6122),58,1785747603,8.0,5.147703,102.04463,0.0
SCS08,weekday_2155,1785747603,2.0,3.151083,101.6908,0.0
DMU05,60,1785747588,47.0,4.691378,102.003334,0.0
SCS28,weekday_2165,1785747610,0.0,3.684857,101.51794,0.0
SCS27,2947,1785747607,11.0,6.370333,100.30311,0.0
SCS04,2944,1785747607,72.0,5.47594,100.49634,0.0
ETS204,9052,1785747599,134.0,4.156073,101.195786,0.0
SCS28,weekday_2165,1785747730,0.0,3.684857,101.51794,0.0
SCS04,2944,1785747712,42.0,5.48422,100.49854,0.0
SCS27,2947,1785747712,116.0,6.359018,100.31158,0.0
SCS21,weekday_2045,1785747724,82.0,3.228272,101.67298,0.0
DMU05,60,1785747843,59.0,4.71969,102.00277,0.0
DMU06,56,1785747843,56.0,5.688447,102.15198,0.0
SCS24,2943,1785747867,82.0,5.478677,100.49706,0.0
SCS28,weekday_2165,1785747865,0.0,3.684857,101.51794,0.0
SCS21,weekday_2045,1785747844,0.0,3.215087,101.67223,0.0
DMU11(D6122),58,1785747873,25.0,5.165172,102.0373,0.0
SCS21,weekday_2045,1785747919,69.0,3.208767,101.67257,0.0
DMU05,60,1785747918,50.0,4.728673,102.01026,0.0
DMU06,56,1785747888,57.0,5.69569,102.151985,0.0
SCS08,weekday_2155,1785747883,0.0,3.139253,101.69371,0.0
DMU11(D6122),58,1785747918,26.0,5.168532,102.03706,0.0
SCS27,2947,1785747907,114.0,6.31137,100.34508,0.0
SCS24,2943,1785747897,115.0,5.470778,100.49602,0.0
SCS28,weekday_2165,1785747895,0.0,3.684857,101.51794,0.0
SCS24,2943,1785747972,114.0,5.44837,100.49215,0.0
SCS27,2947,1785747997,115.0,6.284855,100.35048,0.0
SCS29,weekday_2160,1785748054,18.0,3.00457,101.39327,0.0
DMU05,60,1785748053,34.0,4.737668,102.01206,0.0
ETS204,9052,1785748049,133.0,4.235353,101.17666,0.0
SCS08,weekday_2155,1785748083,0.0,3.135923,101.68922,0.0
DMU11(D6122),58,1785748083,28.0,5.172753,102.022995,0.0
SCS28,weekday_2165,1785748075,29.0,3.682025,101.52116,0.0
SCS21,weekday_2045,1785748069,6.0,3.205267,101.6753,0.0
SCS29,weekday_2160,1785748069,32.0,3.005315,101.39404,0.0
DMU06,56,1785748068,13.0,5.704647,102.15181,0.0
SCS24,2943,1785748062,113.0,5.424172,100.481514,0.0
ETS204,9052,1785748064,129.0,4.240358,101.17623,0.0
EMU22,2946,1785748169,63.0,5.385553,100.37727,0.0
ETS204,9052,1785748169,101.0,4.26975,101.16848,0.0
SCS21,weekday_2045,1785748174,0.0,3.198828,101.68082,0.0
SCS29,weekday_2160,1785748174,0.0,3.01398,101.40327,0.0
DMU06,56,1785748173,35.0,5.712023,102.15402,0.0
ETS204,9052,1785748229,102.0,4.283863,101.16402,0.0
SCS24,2943,1785748182,113.0,5.389668,100.47061,0.0
SCS29,weekday_2160,1785748249,54.0,3.017902,101.40756,0.0
ETS204,9052,1785748259,104.0,4.291662,101.16223,0.0
SCS21,weekday_2045,1785748249,45.0,3.194472,101.684555,0.0
DMU11(D6122),58,1785748248,20.0,5.174213,102.00956,0.0
DMU05,60,1785748248,77.0,4.771798,102.01281,0.0
ETS204,9052,1785748319,41.0,4.302618,101.15404,0.0
DMU06,56,1785748297,38.0,5.724977,102.159096,0.0
SCS29,weekday_2160,1785748294,3.0,3.021072,101.41091,0.0
SCS21,weekday_2045,1785748294,45.0,3.190032,101.68822,0.0
DMU05,60,1785748293,0.0,4.774862,102.01227,0.0
DMU11(D6122),58,1785748323,32.0,5.178633,102.009895,0.0
SCS08,weekday_2155,1785748323,0.0,3.135923,101.68922,0.0
SCS21,weekday_2045,1785748474,30.0,3.1815,101.68855,0.0
DMU05,60,1785748473,65.0,4.798035,102.013435,0.0
SCS08,weekday_2155,1785748463,0.0,3.135923,101.68922,0.0
SCS04,2944,1785748462,92.0,5.651812,100.49156,0.0
SCS29,weekday_2160,1785748459,94.0,3.029262,101.4197,0.0
SCS28,weekday_2165,1785748480,94.0,3.60963,101.58606,0.0
SCS21,weekday_2045,1785748474,30.0,3.1815,101.68855,0.0
SCS04,2944,1785748477,109.0,5.655795,100.49223,0.0
SCS27,2947,1785748477,111.0,6.172723,100.3785,0.0
SCS29,weekday_2160,1785748474,83.0,3.031665,101.4223,0.0
SCS28,weekday_2165,1785748630,95.0,3.58342,101.612305,0.0
SCS04,2944,1785748627,46.0,5.694545,100.507385,0.0
SCS04,2944,1785748687,101.0,5.703727,100.51059,0.0
SCS27,2947,1785748687,48.0,6.114252,100.37017,0.0
SCS21,weekday_2045,1785748705,17.0,3.16619,101.69013,0.0
SCS28,weekday_2165,1785748690,101.0,3.569828,101.61753,0.0
SCS24,2943,1785748662,38.0,5.363503,100.42389,0.0
ETS204,9052,1785748694,133.0,4.359815,101.10785,0.0
SCS21,weekday_2045,1785748735,0.0,3.166013,101.69032,0.0
SCS28,weekday_2165,1785748735,97.0,3.563082,101.6273,0.0
SCS27,2947,1785748732,0.0,6.112477,100.36933,0.0
SCS04,2944,1785748732,118.0,5.716918,100.51392,0.0
ETS204,9052,1785748844,125.0,4.402262,101.07918,0.0
SCS29,weekday_2160,1785748789,45.0,3.046797,101.44066,0.0
DMU11(D6122),58,1785748848,41.0,5.232415,102.01001,0.0
ETS204,9052,1785748844,125.0,4.402262,101.07918,0.0
SCS08,weekday_2155,1785748843,0.0,3.135923,101.68922,0.0
SCS29,weekday_2160,1785748849,18.0,3.044342,101.44706,0.0
DMU05,60,1785748848,0.0,4.83828,101.99247,0.0
SCS21,weekday_2045,1785748960,37.0,3.153515,101.69223,0.0
SCS28,weekday_2165,1785748960,69.0,3.550313,101.63987,0.0
DMU06,56,1785748960,25.0,5.763947,102.14392,0.0
DMU05,60,1785749013,76.0,4.854578,101.972435,0.0
SCS08,weekday_2155,1785749063,0.0,3.135923,101.68922,0.0
SCS04,2944,1785749062,118.0,5.81143,100.47917,0.0
EMU22,2946,1785749060,116.0,5.394948,100.4712,0.0
DMU11(D6122),58,1785749058,64.0,5.260622,102.00992,0.0
ETS204,9052,1785749084,0.0,4.459273,101.04945,0.0
SCS21,weekday_2045,1785749155,0.0,3.140393,101.693985,0.0
ETS204,9052,1785749189,9.0,4.460727,101.04889,0.0
SCS24,2943,1785749157,21.0,5.390205,100.370445,0.0
ETS204,9052,1785749219,53.0,4.463392,101.047676,0.0
SCS21,weekday_2045,1785749215,16.0,3.138763,101.69343,0.0
SCS08,weekday_2155,1785749203,0.0,3.135923,101.68922,0.0
EMU22,2946,1785749195,119.0,5.432218,100.486664,0.0
SCS29,weekday_2160,1785749194,1.0,3.042435,101.451416,0.0
DMU11(D6122),58,1785749193,42.0,5.278795,102.00693,0.0
DMU05,60,1785749193,0.0,4.879017,101.96676,0.0
DMU06,56,1785749284,0.0,5.796865,102.145546,0.0
SCS08,weekday_2155,1785749283,0.0,3.135923,101.68922,0.0
SCS29,weekday_2160,1785749284,14.0,3.038322,101.45449,0.0
DMU05,60,1785749283,0.0,4.87914,101.96689,0.0
DMU11(D6122),58,1785749283,18.0,5.287802,102.005615,0.0
SCS21,weekday_2045,1785749305,0.0,3.135753,101.68929,0.0
SCS28,weekday_2165,1785749290,98.0,3.492033,101.63552,0.0
EMU22,2946,1785749285,119.0,5.458188,100.49466,0.0
ETS204,9052,1785749339,95.0,4.492073,101.044075,0.0
DMU05,60,1785749343,19.0,4.881573,101.96771,0.0
DMU11(D6122),58,1785749343,9.0,5.290368,102.005936,0.0
SCS28,weekday_2165,1785749455,51.0,3.467278,101.637596,0.0
EMU22,2946,1785749465,57.0,5.484547,100.49854,0.0
SCS04,2944,1785749467,117.0,5.886917,100.47698,0.0
SCS28,weekday_2165,1785749605,95.0,3.43123,101.631546,0.0
SCS08,weekday_2155,1785749603,48.0,3.148332,101.690735,0.0
SCS04,2944,1785749602,116.0,5.925993,100.463844,0.0
EMU22,2946,1785749601,117.0,5.521195,100.5078,0.0
SCS21,weekday_2045,1785749605,0.0,3.129093,101.68075,0.0
ETS204,9052,1785749639,101.0,4.563588,101.060165,0.0
SCS08,weekday_2155,1785749623,41.0,3.150605,101.69063,0.0
SCS27,2947,1785749632,114.0,5.914885,100.468124,0.0
SCS29,weekday_2160,1785749689,15.0,3.041902,101.473274,0.0
DMU11(D6122),58,1785749688,13.0,5.293687,102.01875,0.0
SCS24,2948,1785749682,0.0,5.392413,100.36744,0.0
SCS28,weekday_2165,1785749680,103.0,3.414985,101.62666,0.0
SCS08,weekday_2155,1785749723,17.0,3.15428,101.6928,0.0
DMU05,60,1785749688,48.0,4.916517,101.97852,0.0
DMU06,56,1785749727,0.0,5.806358,102.14674,0.0
DMU05,60,1785749763,50.0,4.9267,101.980545,0.0
ETS204,9052,1785749804,3.0,4.58859,101.070816,0.0
SCS28,weekday_2165,1785749770,106.0,3.389648,101.62703,0.0
SCS07,weekday_2048,1785749845,5.0,3.09866,101.70491,0.0
SCS28,weekday_2165,1785749845,23.0,3.376818,101.61526,0.0
SCS04,2944,1785749842,8.0,5.972807,100.44021,0.0
SCS27,2947,1785749842,106.0,5.853757,100.476944,0.0
DMU05,60,1785749808,30.0,4.928052,101.98543,0.0
DMU11(D6122),58,1785749808,11.0,5.298425,102.01953,0.0
EMU22,2946,1785749841,116.0,5.592282,100.493195,0.0
SCS07,weekday_2048,1785749905,18.0,3.10036,101.7027,0.0
SCS27,2947,1785749902,89.0,5.838502,100.4769,0.0
EMU22,2946,1785749886,118.0,5.605687,100.49495,0.0
DMU05,60,1785749973,40.0,4.92841,101.999535,0.0
SCS27,2947,1785749977,31.0,5.82658,100.477806,0.0
EMU22,2946,1785749976,115.0,5.632007,100.490746,0.0
SCS29,weekday_2160,1785749974,29.0,3.052272,101.495834,0.0
DMU11(D6122),58,1785749973,0.0,5.300237,102.020256,0.0
SCS04,2944,1785750052,116.0,6.019878,100.41359,0.0
SCS08,weekday_2151,1785750043,40.0,3.185358,101.66564,0.0
DMU06,56,1785750057,32.0,5.810195,102.14717,0.0
SCS24,2948,1785750057,44.0,5.369705,100.40806,0.0
SCS07,weekday_2048,1785750055,19.0,3.1113,101.6892,0.0
DMU06,56,1785750162,39.0,5.821668,102.148575,0.0
SCS24,2948,1785750162,0.0,5.368483,100.41122,0.0
SCS07,weekday_2048,1785750160,22.0,3.112323,101.68739,0.0
SCS28,weekday_2165,1785750130,101.0,3.350972,101.57209,0.0
SCS27,2947,1785750127,0.0,5.823723,100.478065,0.0
SCS04,2944,1785750127,116.0,6.039875,100.40229,0.0
EMU22,2946,1785750126,71.0,5.647022,100.49069,0.0
SCS29,weekday_2160,1785750169,15.0,3.056797,101.5257,0.0
DMU05,60,1785750168,42.0,4.95324,102.00683,0.0
DMU06,56,1785750162,39.0,5.821668,102.148575,0.0
SCS07,weekday_2048,1785750160,22.0,3.112323,101.68739,0.0
DMU11(D6122),58,1785750168,33.0,5.302875,102.022125,0.0
SCS07,weekday_2048,1785750235,22.0,3.11319,101.68201,0.0
SCS08,weekday_2142,1785750223,0.0,3.191737,101.65567,0.0
SCS29,weekday_2160,1785750274,93.0,3.059158,101.53344,0.0
DMU05,60,1785750273,0.0,4.962752,102.010414,0.0
DMU06,56,1785750237,38.0,5.829665,102.14961,0.0
DMU11(D6122),58,1785750258,55.0,5.313318,102.02059,0.0
SCS04,2944,1785750232,63.0,6.06475,100.388245,0.0
DMU11(D6122),58,1785750273,56.0,5.315638,102.02053,0.0
SCS24,2948,1785750387,0.0,5.364307,100.42197,0.0
DMU05,60,1785750378,55.0,4.97043,102.0127,0.0
EMU22,2946,1785750378,115.0,5.716688,100.51386,0.0
DMU11(D6122),58,1785750378,55.0,5.331468,102.01756,0.0
SCS07,weekday_2048,1785750370,0.0,3.1168,101.67931,0.0
SCS04,2944,1785750367,0.0,6.068923,100.38589,0.0
SCS27,2947,1785750367,114.0,5.793508,100.48373,0.0
DMU06,56,1785750387,37.0,5.845535,102.151535,0.0
DMU05,60,1785750453,59.0,4.981955,102.01459,0.0
SCS29,weekday_2160,1785750544,28.0,3.076697,101.564095,0.0
EMU22,2946,1785750543,116.0,5.762347,100.49757,0.0
DMU05,60,1785750543,37.0,4.993068,102.01806,0.0
DMU11(D6122),58,1785750543,63.0,5.356313,102.00898,0.0
DMU06,56,1785750537,33.0,5.860363,102.15339,0.0
SCS07,weekday_2048,1785750580,22.0,3.126387,101.67871,0.0
DMU11(D6122),58,1785750588,23.0,5.362295,102.00766,0.0
DMU05,60,1785750588,44.0,4.99798,102.02043,0.0
SCS24,2948,1785750582,8.0,5.364265,100.435326,0.0
SCS04,2944,1785750682,89.0,6.106622,100.36681,0.0
SCS28,weekday_2165,1785750685,71.0,3.276227,101.56208,0.0
SCS27,2947,1785750682,114.0,5.704237,100.510765,0.0
SCS07,weekday_2048,1785750670,22.0,3.130795,101.68215,0.0
SCS28,weekday_2165,1785750715,68.0,3.271007,101.5601,0.0
SCS29,weekday_2160,1785750709,11.0,3.08009,101.572464,0.0
DMU05,60,1785750708,28.0,5.010215,102.02495,0.0
EMU22,2946,1785750708,116.0,5.808883,100.47964,0.0
DMU11(D6122),58,1785750708,22.0,5.373233,102.00878,0.0
SCS08,weekday_2142,1785750717,87.0,3.201867,101.61178,0.0
SCS07,weekday_2048,1785750715,0.0,3.132282,101.68335,0.0
SCS28,weekday_2165,1785750850,18.0,3.260623,101.55576,0.0
SCS04,2944,1785750847,118.0,6.126547,100.3758,0.0
SCS27,2947,1785750847,104.0,5.659462,100.49286,0.0
DMU05,60,1785750813,26.0,5.014128,102.02982,0.0
EMU22,2946,1785750813,0.0,5.82437,100.47794,0.0
DMU06,56,1785751062,29.0,5.898417,102.158165,0.0
SCS29,weekday_2160,1785751039,0.0,3.084603,101.58915,0.0
DMU11(D6122),58,1785751038,7.0,5.378813,102.01153,0.0
DMU05,60,1785751038,4.0,5.024677,102.03884,0.0
SCS04,2944,1785751012,108.0,6.175793,100.37825,0.0
SCS28,weekday_2165,1785751000,24.0,3.253107,101.55502,0.0
EMU22,2946,1785751071,117.0,5.891958,100.47668,0.0
SCS07,weekday_2048,1785751060,8.0,3.13975,101.69371,0.0
DMU06,56,1785751062,29.0,5.898417,102.158165,0.0
SCS07,weekday_2048,1785751090,0.0,3.140107,101.69384,0.0
EMU22,2946,1785751191,116.0,5.926295,100.463684,0.0
DMU11(D6122),58,1785751128,20.0,5.379872,102.01512,0.0
EMU22,2946,1785751176,118.0,5.921948,100.46536,0.0
DMU05,60,1785751173,26.0,5.032698,102.04803,0.0
SCS28,weekday_2165,1785751195,82.0,3.215855,101.56917,0.0
SCS24,2948,1785751182,115.0,5.411633,100.47493,0.0
DMU06,56,1785751181,0.0,5.908692,102.15865,0.0
SCS07,weekday_2048,1785751180,22.0,3.143035,101.69376,0.0
SCS27,2947,1785751177,112.0,5.609875,100.496,0.0
SCS04,2944,1785751177,116.0,6.194595,100.368935,0.0
SCS07,weekday_2048,1785751270,33.0,3.147785,101.69085,0.0
SCS28,weekday_2165,1785751270,34.0,3.207778,101.57637,0.0
SCS04,2944,1785751267,116.0,6.221755,100.36338,0.0
SCS27,2947,1785751267,115.0,5.583325,100.49466,0.0
EMU22,2946,1785751266,116.0,5.947307,100.45451,0.0
SCS28,weekday_2165,1785751345,4.0,3.206382,101.57967,0.0
SCS04,2944,1785751342,112.0,6.244187,100.35878,0.0
EMU22,2946,1785751341,87.0,5.966145,100.443886,0.0
SCS27,2947,1785751372,113.0,5.551953,100.49981,0.0
DMU06,56,1785751393,10.0,5.919162,102.15584,0.0
SCS24,2948,1785751392,114.0,5.470165,100.496086,0.0
DMU05,60,1785751383,25.0,5.041632,102.05647,0.0
SCS07,weekday_2048,1785751420,35.0,3.157373,101.693565,0.0
SCS07,weekday_2048,1785751555,0.0,3.166055,101.690285,0.0
SCS28,weekday_2165,1785751555,88.0,3.202067,101.611855,0.0
SCS24,2948,1785751677,114.0,5.526267,100.506516,0.0
SCS07,weekday_2048,1785751675,21.0,3.170282,101.68545,0.0
SCS28,weekday_2165,1785751675,0.0,3.208805,101.62775,0.0
SCS04,2944,1785751672,116.0,6.337872,100.327385,0.0
SCS24,2948,1785751752,114.0,5.547977,100.50045,0.0
DMU06,56,1785751750,30.0,5.946905,102.14823,0.0
SCS26,weekday_2049,1785751746,0.0,3.21387,101.67213,0.0
DMU05,60,1785751743,25.0,5.079012,102.06925,0.0
SCS27,2947,1785751792,114.0,5.461463,100.4956,0.0
SCS04,2944,1785751792,94.0,6.366265,100.306175,0.0
SCS26,weekday_2049,1785751791,72.0,3.20941,101.672325,0.0
DMU06,56,1785751780,34.0,5.949643,102.14747,0.0
SCS07,weekday_2048,1785751891,0.0,3.182868,101.68884,0.0
DMU06,56,1785751890,34.0,5.960117,102.14463,0.0
DMU05,60,1785751878,28.0,5.086715,102.07294,0.0
SCS26,weekday_2049,1785751941,21.0,3.20404,101.67625,0.0
DMU11(D6122),58,1785751938,29.0,5.389573,102.044266,0.0
DMU05,60,1785751938,37.0,5.092058,102.0723,0.0
SCS07,weekday_2048,1785751936,30.0,3.184707,101.689545,0.0
SCS04,2944,1785751897,47.0,6.372607,100.30146,0.0
SCS28,weekday_2165,1785751949,59.0,3.198103,101.641846,0.0
DMU11(D6122),58,1785752028,26.0,5.392082,102.048546,0.0
DMU06,56,1785752020,1.0,5.966227,102.14386,0.0
SCS07,weekday_2048,1785751996,51.0,3.190475,101.68787,0.0
SCS27,2947,1785752017,119.0,5.398817,100.47178,0.0
DMU05,60,1785751998,22.0,5.09839,102.07352,0.0
DMU06,56,1785752050,5.0,5.966882,102.14383,0.0
SCS07,weekday_2048,1785752026,74.0,3.19435,101.684586,0.0
SCS28,weekday_2165,1785752024,14.0,3.192337,101.65456,0.0
SCS24,2948,1785752022,116.0,5.627162,100.49281,0.0
SCS27,2947,1785752062,106.0,5.385657,100.47013,0.0
SCS04,2944,1785752062,116.0,6.411643,100.27531,0.0
SCS26,weekday_2049,1785752061,18.0,3.197565,101.681816,0.0
DMU11(D6122),58,1785752028,26.0,5.392082,102.048546,0.0
SCS27,2947,1785752212,20.0,5.359597,100.46686,0.0
SCS26,weekday_2049,1785752211,22.0,3.18193,101.688515,0.0
DMU05,60,1785752208,27.0,5.114183,102.06884,0.0
DMU11(D6122),58,1785752208,37.0,5.390183,102.06584,0.0
SCS07,weekday_2048,1785752206,0.0,3.205348,101.675285,0.0
SCS04,2944,1785752212,25.0,6.433127,100.267914,0.0
EMU22,2946,1785752292,98.0,6.178343,100.37758,0.0
SCS24,2948,1785752262,114.0,5.669527,100.494606,0.0
DMU06,56,1785752258,27.0,5.980678,102.142876,0.0
SCS07,weekday_2048,1785752371,0.0,3.215162,101.672195,0.0
SCS28,weekday_2165,1785752369,43.0,3.167318,101.68871,0.0
SCS04,2944,1785752362,116.0,6.471527,100.254684,0.0
SCS26,weekday_2049,1785752331,0.0,3.181512,101.688354,0.0
DMU06,56,1785752333,26.0,5.986863,102.142494,0.0
SCS27,2947,1785752332,34.0,5.362157,100.45986,0.0
EMU22,2946,1785752427,103.0,6.192093,100.36952,0.0
SCS04,2944,1785752422,116.0,6.48975,100.25351,0.0
SCS27,2947,1785752422,24.0,5.366363,100.447685,0.0
DMU06,56,1785752422,29.0,5.994353,102.14212,0.0
DMU11(D6122),58,1785752403,36.0,5.37862,102.08185,0.0
DMU05,60,1785752388,13.0,5.12442,102.059204,0.0
SCS28,weekday_2165,1785752474,50.0,3.161875,101.692154,0.0
DMU06,56,1785752437,24.0,5.995587,102.14201,0.0
EMU22,2946,1785752472,119.0,6.205388,100.36669,0.0
SCS27,2947,1785752437,0.0,5.366402,100.44722,0.0
SCS04,2944,1785752437,116.0,6.494342,100.25345,0.0
SCS26,weekday_2049,1785752436,30.0,3.177137,101.68623,0.0
DMU11(D6122),58,1785752478,11.0,5.374763,102.083725,0.0
DMU05,60,1785752478,44.0,5.13056,102.05625,0.0
SCS26,weekday_2049,1785752511,0.0,3.17313,101.68476,0.0
DMU06,56,1785752512,10.0,5.997177,102.141655,0.0
DMU05,60,1785752523,27.0,5.135018,102.05342,0.0
SCS07,weekday_2048,1785752521,27.0,3.232472,101.676895,0.0
SCS27,2947,1785752512,31.0,5.366657,100.4455,0.0
SCS04,2944,1785752512,99.0,6.515877,100.25552,0.0
SCS24,2948,1785752607,114.0,5.7649,100.49637,0.0
SCS04,2944,1785752572,0.0,6.524377,100.25697,0.0
SCS26,weekday_2049,1785752571,0.0,3.17313,101.68476,0.0
DMU11(D6122),58,1785752613,0.0,5.371885,102.08521,0.0
SCS24,2948,1785752622,114.0,5.769002,100.49454,0.0
SCS07,weekday_2048,1785752656,0.0,3.238377,101.68111,0.0
SCS04,2944,1785752707,114.0,6.54849,100.25985,0.0
SCS27,2947,1785752707,13.0,5.36443,100.421616,0.0
DMU06,56,1785752707,24.0,6.01004,102.14091,0.0
DMU05,60,1785752703,17.0,5.143242,102.045784,0.0
DMU11(D6122),58,1785752703,1.0,5.370813,102.085785,0.0
SCS08,weekday_2158,1785752697,127.0,3.439695,101.637405,0.0
DMU05,60,1785752778,0.0,5.14386,102.0455,0.0
DMU06,56,1785752738,22.0,6.01212,102.14028,0.0
EMU22,2946,1785752786,116.0,6.298848,100.34759,0.0
EMU22,2946,1785752846,116.0,6.316667,100.34309,0.0
DMU06,56,1785752828,0.0,6.014885,102.13988,0.0
SCS27,2947,1785752812,53.0,5.366762,100.415665,0.0
SCS04,2944,1785752812,97.0,6.57767,100.26125,0.0
DMU05,60,1785752823,12.0,5.145258,102.04491,0.0
SCS32,weekday_2157,1785752975,40.0,3.036873,101.47067,0.0
DMU05,60,1785752973,0.0,5.15213,102.0437,0.0
DMU11(D6122),58,1785752973,52.0,5.358017,102.10743,0.0
SCS28,weekday_2165,1785752939,2.0,3.135292,101.68819,0.0
DMU06,56,1785753023,22.0,6.019633,102.140396,0.0
SCS04,2944,1785753022,66.0,6.626423,100.267715,0.0
SCS32,weekday_2157,1785753020,0.0,3.035653,101.46995,0.0
SCS08,weekday_2158,1785752997,73.0,3.497085,101.63464,0.0
SCS24,2948,1785752997,114.0,5.850563,100.47686,0.0
EMU22,2946,1785752996,116.0,6.353085,100.31599,0.0
SCS28,weekday_2165,1785752984,0.0,3.135292,101.68819,0.0
SCS27,2947,1785752977,55.0,5.381695,100.384514,0.0
SCS32,weekday_2157,1785753140,11.0,3.03401,101.46806,0.0
DMU06,56,1785753143,27.0,6.02909,102.13984,0.0
SCS08,weekday_2158,1785753117,0.0,3.499727,101.63425,0.0
SCS04,2944,1785753112,6.0,6.6345,100.27734,0.0
EMU22,2946,1785753166,84.0,6.37498,100.29964,0.0
SCS26,weekday_2049,1785753164,13.0,3.141688,101.69418,0.0
SCS24,2948,1785753162,114.0,5.899625,100.473976,0.0
DMU05,60,1785753123,28.0,5.159342,102.03923,0.0
SCS04,2944,1785753187,114.0,6.641613,100.28693,0.0
DMU05,60,1785753168,25.0,5.162812,102.03788,0.0
DMU11(D6122),58,1785753168,40.0,5.34,102.11801,0.0
SCS28,weekday_2165,1785753164,0.0,3.135292,101.68819,0.0
SCS17,weekday_2162,1785753164,90.0,3.200535,101.61005,0.0
SCS08,weekday_2158,1785753157,46.0,3.500993,101.63408,0.0
DMU06,56,1785753188,30.0,6.032975,102.13954,0.0
EMU22,2946,1785753166,84.0,6.37498,100.29964,0.0
SCS32,weekday_2157,1785753185,20.0,3.033533,101.46591,0.0
DMU11(D6122),58,1785753243,40.0,5.330715,102.12093,0.0
DMU05,60,1785753243,45.0,5.170398,102.03632,0.0
EMU22,2946,1785753241,117.0,6.3924,100.28659,0.0
SCS32,weekday_2157,1785753260,25.0,3.034398,101.46073,0.0
SCS08,weekday_2158,1785753237,106.0,3.517872,101.62868,0.0
DMU11(D6122),58,1785753333,31.0,5.322242,102.12673,0.0
DMU05,60,1785753333,53.0,5.17287,102.02591,0.0
EMU22,2946,1785753286,118.0,6.40363,100.278305,0.0
SCS17,weekday_2162,1785753299,40.0,3.205783,101.58141,0.0
SCS24,2948,1785753297,114.0,5.937518,100.459404,0.0
DMU06,56,1785753278,18.0,6.039788,102.14081,0.0
SCS04,2955,1785753277,71.0,6.65221,100.30525,0.0
SCS08,weekday_2158,1785753337,102.0,3.543935,101.636734,0.0
SCS32,weekday_2157,1785753335,23.0,3.036578,101.45594,0.0
DMU11(D6122),58,1785753333,31.0,5.322242,102.12673,0.0
DMU05,60,1785753333,53.0,5.17287,102.02591,0.0
DMU06,56,1785753338,11.0,6.042535,102.142265,0.0
SCS04,2955,1785753337,73.0,6.659025,100.3155,0.0
SCS08,weekday_2158,1785753337,102.0,3.543935,101.636734,0.0
SCS32,weekday_2157,1785753335,23.0,3.036578,101.45594,0.0
SCS21,weekday_2050,1785753340,0.0,3.14002,101.69361,0.0
SCS08,weekday_2158,1785753437,0.0,3.552665,101.63951,0.0
SCS21,weekday_2050,1785753415,13.0,3.141332,101.69398,0.0
SCS04,2955,1785753412,0.0,6.662758,100.320206,0.0
DMU06,56,1785753413,0.0,6.042888,102.142334,0.0
SCS26,weekday_2049,1785753479,18.0,3.13601,101.68937,0.0
SCS21,weekday_2050,1785753460,16.0,3.1441,101.69336,0.0
DMU05,60,1785753483,22.0,5.172143,102.01239,0.0
DMU11(D6122),58,1785753483,11.0,5.31737,102.13418,0.0
SCS17,weekday_2162,1785753479,7.0,3.206435,101.579315,0.0
SCS24,2948,1785753477,0.0,5.972687,100.44023,0.0
EMU22,2946,1785753571,116.0,6.455367,100.26019,0.0
SCS04,2955,1785753562,0.0,6.662785,100.32029,0.0
SCS08,weekday_2158,1785753557,113.0,3.56328,101.62672,0.0
SCS26,weekday_2049,1785753554,0.0,3.13587,101.689255,0.0
SCS17,weekday_2162,1785753554,43.0,3.209592,101.574875,0.0
DMU05,60,1785753543,0.0,5.173963,102.00987,0.0
SCS28,weekday_2165,1785753538,31.0,3.111305,101.674164,0.0
SCS24,2948,1785753537,72.0,5.976925,100.43786,0.0
SCS28,weekday_2165,1785753583,65.0,3.106442,101.67339,0.0
SCS04,2955,1785753622,30.0,6.661097,100.318214,0.0
DMU06,56,1785753666,32.0,6.0546,102.14858,0.0
SCS32,weekday_2157,1785753665,15.0,3.044428,101.43594,0.0
DMU05,60,1785753663,17.0,5.17665,102.00924,0.0
SCS21,weekday_2050,1785753655,47.0,3.158385,101.69324,0.0
SCS27,2952,1785753652,10.0,5.392168,100.36795,0.0
SCS22,weekday_2166,1785753647,0.0,3.136317,101.68933,0.0
SCS08,weekday_2158,1785753637,102.0,3.58009,101.61328,0.0
SCS04,2955,1785753667,47.0,6.657947,100.3137,0.0
SCS32,weekday_2157,1785753755,0.0,3.039877,101.4311,0.0
DMU11(D6122),58,1785753753,29.0,5.308905,102.144936,0.0
DMU05,60,1785753753,48.0,5.186023,102.01084,0.0
DMU06,56,1785753745,29.0,6.061128,102.151955,0.0
SCS32,weekday_2157,1785753755,0.0,3.039877,101.4311,0.0
DMU05,60,1785753753,48.0,5.186023,102.01084,0.0
SCS24,2948,1785753792,114.0,6.042145,100.40101,0.0
SCS22,weekday_2166,1785753782,0.0,3.136317,101.68933,0.0
DMU06,56,1785753775,30.0,6.0635,102.153244,0.0
SCS26,weekday_2049,1785753764,16.0,3.128722,101.680405,0.0
SCS21,weekday_2050,1785753760,0.0,3.166022,101.690285,0.0
SCS04,2955,1785753757,98.0,6.650032,100.30178,0.0
SCS27,2952,1785753757,26.0,5.388557,100.372116,0.0
SCS08,weekday_2158,1785753757,104.0,3.60297,101.59067,0.0
SCS08,weekday_2158,1785753877,125.0,3.630687,101.56396,0.0
SCS22,weekday_2166,1785753872,11.0,3.138417,101.69326,0.0
SCS04,2955,1785753862,116.0,6.63282,100.275185,0.0
SCS32,weekday_2157,1785753875,0.0,3.033667,101.42443,0.0
SCS27,2952,1785753862,97.0,5.3815,100.38497,0.0
SCS17,weekday_2162,1785753869,44.0,3.25416,101.55464,0.0
EMU22,2946,1785753851,0.0,6.523405,100.25676,0.0
DMU06,56,1785753850,29.0,6.069482,102.15631,0.0
SCS32,weekday_2157,1785753905,0.0,3.033667,101.42443,0.0
SCS28,weekday_2165,1785753928,18.0,3.085655,101.66267,0.0
SCS22,weekday_2166,1785753902,12.0,3.139385,101.69367,0.0
DMU11(D6122),58,1785753918,49.0,5.311423,102.16265,0.0
SCS04,2955,1785753907,116.0,6.623003,100.26594,0.0
SCS27,2952,1785753907,95.0,5.375978,100.39541,0.0
DMU05,60,1785753888,39.0,5.201985,102.01359,0.0
SCS26,weekday_2049,1785753884,17.0,3.12287,101.67806,0.0
SCS17,weekday_2162,1785753884,44.0,3.25602,101.55454,0.0
DMU06,56,1785753880,29.0,6.071698,102.157906,0.0
SCS08,weekday_2158,1785753937,126.0,3.646753,101.552605,0.0
SCS28,weekday_2165,1785754003,0.0,3.083653,101.657036,0.0
EMU22,2946,1785754001,118.0,6.556045,100.259514,0.0
SCS32,weekday_2157,1785753995,76.0,3.025353,101.41552,0.0
DMU06,56,1785753994,31.0,6.080317,102.163826,0.0
SCS24,2948,1785753987,111.0,6.092938,100.37256,0.0
SCS27,2952,1785753952,89.0,5.370887,100.40516,0.0
SCS04,2955,1785753952,117.0,6.609395,100.263664,0.0
SCS27,2952,1785753997,76.0,5.367218,100.41462,0.0
SCS32,weekday_2157,1785753995,76.0,3.025353,101.41552,0.0
DMU06,56,1785753994,31.0,6.080317,102.163826,0.0
SCS26,weekday_2049,1785754004,0.0,3.118092,101.67898,0.0
SCS17,weekday_2162,1785754004,32.0,3.261245,101.55597,0.0
SCS04,2955,1785753997,115.0,6.595682,100.26324,0.0
SCS32,weekday_2157,1785754085,0.0,3.020152,101.40996,0.0
EMU22,2946,1785754091,116.0,6.582573,100.2622,0.0
SCS17,weekday_2162,1785754124,51.0,3.278755,101.56405,0.0
SCS28,weekday_2165,1785754123,58.0,3.083508,101.63812,0.0
SCS24,2948,1785754122,0.0,6.113608,100.36991,0.0
DMU05,60,1785754098,29.0,5.221553,102.01152,0.0
SCS22,weekday_2166,1785754097,50.0,3.150858,101.69077,0.0
SCS26,weekday_2049,1785754094,22.0,3.114533,101.68034,0.0
SCS08,weekday_2158,1785754077,38.0,3.676068,101.527245,0.0
SCS04,2955,1785754072,120.0,6.572987,100.25962,0.0
SCS28,weekday_2165,1785754168,20.0,3.084295,101.63309,0.0
SCS27,2952,1785754162,84.0,5.36232,100.42819,0.0
SCS32,weekday_2157,1785754160,30.0,3.017338,101.40694,0.0
DMU05,60,1785754158,40.0,5.228453,102.010574,0.0
SCS22,weekday_2166,1785754157,0.0,3.155305,101.69332,0.0
SCS26,weekday_2049,1785754139,0.0,3.113157,101.68209,0.0
SCS17,weekday_2162,1785754139,46.0,3.280308,101.56537,0.0
SCS24,2948,1785754137,0.0,6.113608,100.36991,0.0
SCS21,weekday_2050,1785754118,0.0,3.182652,101.68879,0.0
SCS04,2955,1785754117,118.0,6.558835,100.25951,0.0
DMU05,60,1785754233,55.0,5.237973,102.0093,0.0
SCS22,weekday_2166,1785754202,50.0,3.157372,101.693985,0.0
DMU06,56,1785754234,10.0,6.094405,102.174286,0.0
SCS32,weekday_2157,1785754235,5.0,3.013188,101.40241,0.0
SCS26,weekday_2049,1785754274,57.0,3.11026,101.69043,0.0
SCS32,weekday_2157,1785754250,0.0,3.013132,101.40234,0.0
SCS28,weekday_2165,1785754273,46.0,3.084797,101.62456,0.0
SCS24,2948,1785754272,114.0,6.142923,100.380554,0.0
DMU06,56,1785754264,0.0,6.094712,102.17457,0.0
DMU05,60,1785754263,47.0,5.242213,102.00905,0.0
SCS22,weekday_2166,1785754262,28.0,3.165515,101.69073,0.0
SCS17,weekday_2162,1785754244,78.0,3.29806,101.57496,0.0
SCS04,2955,1785754237,45.0,6.525505,100.257225,0.0
SCS27,2952,1785754237,53.0,5.36703,100.44323,0.0
DMU06,56,1785754309,7.0,6.095115,102.17494,0.0
SCS22,weekday_2166,1785754307,0.0,3.165877,101.690254,0.0
SCS24,2948,1785754302,114.0,6.151868,100.379944,0.0
DMU05,60,1785754353,0.0,5.24872,102.00961,0.0
SCS26,weekday_2049,1785754349,43.0,3.103237,101.69918,0.0
SCS28,weekday_2165,1785754348,0.0,3.084557,101.62243,0.0
SCS21,weekday_2050,1785754403,1.0,3.198842,101.68071,0.0
SCS04,2955,1785754402,115.0,6.50206,100.253365,0.0
SCS32,weekday_2157,1785754400,34.0,3.006122,101.39496,0.0
SCS28,weekday_2165,1785754363,0.0,3.084557,101.62243,0.0
SCS24,2948,1785754362,112.0,6.169868,100.37871,0.0
SCS22,weekday_2166,1785754397,76.0,3.175328,101.68169,0.0
DMU06,56,1785754384,18.0,6.097362,102.17734,0.0
DMU05,60,1785754368,0.0,5.24872,102.00961,0.0
SCS17,weekday_2162,1785754364,39.0,3.318067,101.57482,0.0
SCS26,weekday_2049,1785754364,37.0,3.10212,101.700584,0.0
EMU22,2946,1785754361,105.0,6.64841,100.29634,0.0
SCS32,weekday_2157,1785754415,33.0,3.005122,101.39386,0.0
DMU06,56,1785754444,26.0,6.100268,102.18018,0.0
DMU11(D6122),58,1785754443,0.0,5.326058,102.195175,0.0
DMU05,60,1785754443,0.0,5.248727,102.00972,0.0
SCS26,weekday_2049,1785754469,15.0,3.098098,101.705635,0.0
SCS17,weekday_2162,1785754469,25.0,3.320953,101.57419,0.0
SCS24,2948,1785754467,0.0,6.183825,100.37449,0.0
SCS27,2952,1785754447,43.0,5.363822,100.458305,0.0
SCS04,2955,1785754447,116.0,6.488315,100.253586,0.0
SCS22,weekday_2166,1785754442,94.0,3.18118,101.67442,0.0
EMU22,2946,1785754526,0.0,6.66247,100.31971,0.0
SCS27,2952,1785754522,31.0,5.357373,100.463844,0.0
SCS32,weekday_2157,1785754520,10.0,3.000568,101.390785,0.0
DMU06,56,1785754516,29.0,6.104303,102.18415,0.0
SCS21,weekday_2050,1785754523,8.0,3.205403,101.675125,0.0
SCS04,2955,1785754522,116.0,6.465828,100.25668,0.0
DMU06,56,1785754585,26.0,6.108043,102.18837,0.0
SCS04,2955,1785754567,116.0,6.452807,100.26116,0.0
DMU05,60,1785754563,0.0,5.248727,102.00972,0.0
DMU11(D6122),58,1785754563,43.0,5.331328,102.20462,0.0
SCS22,weekday_2166,1785754562,15.0,3.187127,101.663284,0.0
SCS26,weekday_2049,1785754559,0.0,3.097813,101.70597,0.0
SCS17,weekday_2162,1785754544,54.0,3.329465,101.568924,0.0
SCS27,2952,1785754552,35.0,5.35795,100.46633,0.0
SCS28,weekday_2165,1785754588,30.0,3.08305,101.6109,0.0
SCS24,2948,1785754587,115.0,6.206945,100.366394,0.0
SCS24,2948,1785754647,114.0,6.224575,100.36279,0.0
SCS17,weekday_2162,1785754634,105.0,3.34705,101.57227,0.0
SCS26,weekday_2049,1785754634,0.0,3.097813,101.70597,0.0
DMU11(D6122),58,1785754623,36.0,5.335277,102.21145,0.0
DMU06,56,1785754645,27.0,6.110932,102.19194,0.0
DMU05,60,1785754638,0.0,5.248727,102.00972,0.0
SCS28,weekday_2165,1785754648,36.0,3.082662,101.60671,0.0
DMU05,60,1785754668,0.0,5.24882,102.009705,0.0
DMU11(D6122),58,1785754668,42.0,5.335323,102.21559,0.0
SCS22,weekday_2166,1785754682,0.0,3.192213,101.65453,0.0
SCS17,weekday_2162,1785754754,107.0,3.363472,101.58893,0.0
SCS28,weekday_2165,1785754753,19.0,3.083768,101.59502,0.0
DMU06,56,1785754750,20.0,6.11604,102.19825,0.0
DMU05,60,1785754743,37.0,5.253065,102.01026,0.0
SCS26,weekday_2049,1785754754,32.0,3.096888,101.70711,0.0
DMU11(D6122),58,1785754743,50.0,5.343115,102.22107,0.0
SCS24,2948,1785754737,113.0,6.250845,100.35743,0.0
SCS22,weekday_2166,1785754772,55.0,3.196375,101.645164,0.0
SCS21,weekday_2050,1785754763,34.0,3.23253,101.677025,0.0
SCS27,2952,1785754762,113.0,5.414268,100.475845,0.0
SCS04,2955,1785754762,99.0,6.424977,100.27072,0.0
DMU11(D6122),58,1785754803,49.0,5.350327,102.22331,0.0
SCS22,weekday_2166,1785754817,41.0,3.19968,101.64015,0.0
DMU06,56,1785754840,0.0,6.118565,102.20075,0.0
SCS04,2955,1785754822,116.0,6.407792,100.276665,0.0
SCS27,2952,1785754822,115.0,5.429905,100.485146,0.0
DMU05,60,1785754818,53.0,5.262753,102.00986,0.0
DMU11(D6122),58,1785754863,61.0,5.358975,102.22523,0.0
SCS26,weekday_2049,1785754860,50.0,3.089652,101.71056,0.0
SCS22,weekday_2166,1785754862,25.0,3.202707,101.63718,0.0
SCS28,weekday_2165,1785754860,0.0,3.084643,101.58923,0.0
DMU05,60,1785754848,45.0,5.266873,102.009605,0.0
SCS17,weekday_2162,1785754844,89.0,3.373712,101.612045,0.0
SCS04,2955,1785754837,116.0,6.403613,100.27845,0.0
SCS27,2952,1785754942,113.0,5.46395,100.496155,0.0
DMU11(D6122),58,1785754938,35.0,5.369245,102.227135,0.0
DMU05,60,1785754938,46.0,5.278172,102.00717,0.0
SCS22,weekday_2166,1785754952,0.0,3.203147,101.63678,0.0
DMU06,56,1785754960,4.0,6.119362,102.20141,0.0
SCS26,weekday_2049,1785754920,46.0,3.084257,101.71554,0.0
SCS28,weekday_2165,1785754920,4.0,3.084443,101.58915,0.0
SCS17,weekday_2162,1785754919,10.0,3.37676,101.61508,0.0
SCS04,2955,1785754957,81.0,6.374793,100.29988,0.0
SCS22,weekday_2166,1785754967,0.0,3.203147,101.63678,0.0
SCS24,2948,1785754992,114.0,6.324052,100.33773,0.0
DMU05,60,1785755013,17.0,5.28533,102.00594,0.0
DMU11(D6122),58,1785755013,42.0,5.373542,102.230995,0.0
SCS28,weekday_2165,1785755010,10.0,3.084413,101.585815,0.0
SCS26,weekday_2049,1785755010,0.0,3.075945,101.71069,0.0
SCS17,weekday_2162,1785755009,114.0,3.389708,101.62695,0.0
SCS27,2952,1785755002,58.0,5.478028,100.4968,0.0
SCS27,2952,1785755032,19.0,5.481273,100.49766,0.0
SCS24,2948,1785755082,114.0,6.34573,100.32152,0.0
SCS26,weekday_2049,1785755070,42.0,3.074482,101.70971,0.0
DMU05,60,1785755043,14.0,5.286917,102.0059,0.0
SCS22,weekday_2166,1785755042,0.0,3.203147,101.63678,0.0
DMU06,56,1785755080,20.0,6.123547,102.2062,0.0
SCS28,weekday_2165,1785755070,25.0,3.082495,101.5826,0.0
DMU11(D6122),58,1785755043,41.0,5.376597,102.23347,0.0
SCS17,weekday_2162,1785755069,104.0,3.407255,101.62799,0.0
SCS04,2955,1785755032,5.0,6.371273,100.30253,0.0
DMU05,60,1785755073,11.0,5.288207,102.0055,0.0
SCS04,2955,1785755077,98.0,6.365505,100.30681,0.0
SCS22,weekday_2166,1785755117,0.0,3.203147,101.63678,0.0
DMU11(D6122),58,1785755088,41.0,5.381578,102.233604,0.0
SCS27,2952,1785755092,11.0,5.481955,100.49782,0.0
SCS17,weekday_2162,1785755159,99.0,3.427857,101.628716,0.0
SCS27,2952,1785755167,103.0,5.497023,100.50187,0.0
SCS26,weekday_2049,1785755205,81.0,3.045923,101.7071,0.0
DMU06,56,1785755204,0.0,6.129078,102.21292,0.0
SCS24,2948,1785755187,63.0,6.369103,100.30405,0.0
DMU05,60,1785755253,9.0,5.290733,102.00985,0.0
SCS27,2952,1785755212,109.0,5.508608,100.50499,0.0
SCS26,weekday_2049,1785755250,72.0,3.03694,101.708694,0.0
DMU11(D6122),58,1785755193,13.0,5.389625,102.231926,0.0
SCS22,weekday_2166,1785755192,42.0,3.205265,101.634796,0.0
SCS04,2955,1785755197,116.0,6.33671,100.328384,0.0
DMU06,56,1785755232,29.0,6.130788,102.215034,0.0
SCS26,weekday_2049,1785755310,41.0,3.028622,101.712906,0.0
DMU06,56,1785755307,37.0,6.135338,102.22054,0.0
DMU11(D6122),58,1785755298,0.0,5.391523,102.231834,0.0
SCS17,weekday_2162,1785755279,103.0,3.459312,101.63858,0.0
SCS24,2948,1785755277,59.0,6.373152,100.301025,0.0
SCS28,weekday_2165,1785755340,0.0,3.0761,101.5601,0.0
SCS24,2948,1785755337,117.0,6.385952,100.291435,0.0
SCS22,weekday_2166,1785755350,82.0,3.20844,101.62241,0.0
SCS26,weekday_2049,1785755340,15.0,3.026825,101.71398,0.0
SCS17,weekday_2162,1785755339,0.0,3.469028,101.63783,0.0
DMU05,60,1785755373,12.0,5.289978,102.014946,0.0
DMU11(D6122),58,1785755373,0.0,5.391605,102.23199,0.0
SCS04,2955,1785755362,116.0,6.291863,100.34909,0.0
SCS27,2952,1785755362,113.0,5.552347,100.499695,0.0
DMU05,60,1785755433,14.0,5.292008,102.017715,0.0
SCS28,weekday_2165,1785755430,46.0,3.073923,101.55578,0.0
SCS26,weekday_2049,1785755430,4.0,3.022812,101.71619,0.0
SCS24,2948,1785755397,114.0,6.400455,100.28062,0.0
SCS22,weekday_2166,1785755395,94.0,3.20414,101.61407,0.0
DMU06,56,1785755382,34.0,6.140687,102.22616,0.0
SCS27,2952,1785755377,114.0,5.556788,100.49897,0.0
SCS04,2955,1785755377,117.0,6.287362,100.35001,0.0
DMU11(D6122),58,1785755433,0.0,5.391528,102.232025,0.0
SCS27,2952,1785755482,116.0,5.58791,100.49388,0.0
SCS22,weekday_2166,1785755455,90.0,3.201032,101.60099,0.0
SCS26,weekday_2049,1785755475,0.0,3.022755,101.71624,0.0
DMU06,56,1785755452,36.0,6.147557,102.22876,0.0
SCS24,2948,1785755532,10.0,6.432598,100.268074,0.0
DMU06,56,1785755542,15.0,6.152327,102.229355,0.0
SCS04,2955,1785755542,112.0,6.23804,100.36011,0.0
SCS27,2952,1785755542,114.0,5.605763,100.49498,0.0
DMU11(D6122),58,1785755553,19.0,5.39698,102.23219,0.0
DMU05,60,1785755553,13.0,5.298315,102.019554,0.0
SCS28,weekday_2165,1785755550,101.0,3.059573,101.53495,0.0
SCS26,weekday_2049,1785755550,0.0,3.022755,101.71624,0.0
SCS22,weekday_2166,1785755545,45.0,3.203728,101.585144,0.0
SCS22,weekday_2166,1785755575,47.0,3.205505,101.58201,0.0
DMU05,60,1785755568,15.0,5.29911,102.01972,0.0
DMU06,56,1785755557,15.0,6.153113,102.2291,0.0
SCS28,weekday_2165,1785755640,0.0,3.056718,101.52589,0.0
SCS04,2955,1785755617,116.0,6.21567,100.36468,0.0
SCS24,2948,1785755652,111.0,6.443573,100.264305,0.0
DMU05,60,1785755673,27.0,5.301855,102.0216,0.0
SCS26,weekday_2049,1785755640,15.0,3.02049,101.71737,0.0
DMU11(D6122),58,1785755688,10.0,5.408815,102.23169,0.0
DMU06,56,1785755686,0.0,6.157702,102.222,0.0
SCS27,2952,1785755737,0.0,5.642515,100.48989,0.0
SCS04,2955,1785755737,30.0,6.184417,100.3742,0.0
SCS22,weekday_2166,1785755695,45.0,3.207307,101.57685,0.0
SCS26,weekday_2049,1785755730,68.0,3.014892,101.72276,0.0
SCS28,weekday_2165,1785755730,26.0,3.05553,101.52221,0.0
DMU05,60,1785755733,56.0,5.31018,102.021164,0.0
DMU11(D6122),58,1785755733,50.0,5.411895,102.23465,0.0
SCS17,weekday_2162,1785755729,22.0,3.501527,101.63402,0.0
SCS24,2948,1785755697,115.0,6.456525,100.25985,0.0
SCS17,weekday_2162,1785755744,45.0,3.50301,101.63378,0.0
DMU06,56,1785755743,30.0,6.158965,102.217735,0.0
DMU11(D6122),58,1785755763,47.0,5.41465,102.23758,0.0
DMU05,60,1785755763,59.0,5.314858,102.02054,0.0
SCS22,weekday_2166,1785755740,82.0,3.213138,101.57159,0.0
SCS28,weekday_2165,1785755775,58.0,3.053973,101.517105,0.0
SCS24,2948,1785755787,114.0,6.48259,100.25363,0.0
DMU11(D6122),58,1785755838,23.0,5.421918,102.23872,0.0
SCS26,weekday_2049,1785755820,23.0,3.004355,101.73056,0.0
SCS17,weekday_2162,1785755819,96.0,3.515137,101.62967,0.0
DMU05,60,1785755793,54.0,5.319547,102.02015,0.0
DMU06,56,1785755878,2.0,6.163,102.20764,0.0
SCS26,weekday_2049,1785755925,53.0,2.999995,101.73693,0.0
SCS04,2955,1785755932,116.0,6.14949,100.380135,0.0
SCS28,weekday_2165,1785755970,26.0,3.05227,101.49445,0.0
SCS26,weekday_2049,1785755970,81.0,2.994002,101.74347,0.0
DMU06,56,1785755968,14.0,6.163672,102.20575,0.0
SCS21,weekday_2057,1785755933,0.0,3.215122,101.67223,0.0
DMU11(D6122),58,1785755943,51.0,5.433318,102.23603,0.0
SCS27,2952,1785755932,115.0,5.685933,100.50143,0.0
SCS17,weekday_2162,1785755969,76.0,3.548157,101.639435,0.0
SCS24,2948,1785755967,0.0,6.524403,100.256996,0.0
SCS22,weekday_2166,1785755935,20.0,3.250345,101.55604,0.0
SCS26,weekday_2049,1785756030,92.0,2.991042,101.75768,0.0
DMU11(D6122),58,1785755973,44.0,5.437208,102.2359,0.0
DMU05,60,1785756018,48.0,5.350642,102.01058,0.0
SCS21,weekday_2057,1785756053,4.0,3.205422,101.67531,0.0
DMU06,56,1785756043,29.0,6.16537,102.20052,0.0
SCS22,weekday_2166,1785756040,35.0,3.257563,101.554665,0.0
SCS04,2955,1785755992,116.0,6.131635,100.378105,0.0
SCS24,2948,1785756057,110.0,6.53435,100.25872,0.0
SCS21,weekday_2057,1785756083,0.0,3.205342,101.675224,0.0
DMU05,60,1785756063,49.0,5.356597,102.00899,0.0
SCS28,weekday_2165,1785756060,21.0,3.052338,101.49142,0.0
SCS26,weekday_2049,1785756060,88.0,2.991563,101.764694,0.0
SCS17,weekday_2162,1785756059,25.0,3.554333,101.6393,0.0
DMU06,56,1785756058,29.0,6.165785,102.199295,0.0
SCS27,2952,1785756037,114.0,5.71471,100.5133,0.0
SCS22,weekday_2166,1785756055,9.0,3.258628,101.55488,0.0
SCS04,2955,1785756037,101.0,6.11927,100.3725,0.0
DMU06,56,1785756145,32.0,6.170418,102.19448,0.0
SCS24,2948,1785756132,114.0,6.556993,100.259575,0.0
SCS21,weekday_2057,1785756128,0.0,3.20534,101.675224,0.0
SCS27,2952,1785756127,114.0,5.740318,100.5071,0.0
SCS04,2955,1785756127,13.0,6.113387,100.36988,0.0
SCS22,weekday_2166,1785756130,42.0,3.261015,101.55587,0.0
DMU11(D6122),58,1785756183,47.0,5.460265,102.22746,0.0
SCS04,2955,1785756172,94.0,6.106692,100.36682,0.0
SCS21,weekday_2057,1785756173,49.0,3.202062,101.67806,0.0
DMU06,56,1785756192,32.0,6.173977,102.191795,0.0
SCS22,weekday_2166,1785756160,69.0,3.264918,101.5583,0.0
DMU05,60,1785756168,42.0,5.366598,102.00806,0.0
SCS17,weekday_2162,1785756164,105.0,3.567318,101.62045,0.0
DMU11(D6122),58,1785756273,54.0,5.469825,102.22345,0.0
DMU06,56,1785756222,35.0,6.175932,102.18951,0.0
SCS26,weekday_2049,1785756270,19.0,2.990872,101.78635,0.0
SCS27,2952,1785756232,114.0,5.769123,100.49445,0.0
SCS24,2948,1785756222,114.0,6.583462,100.262344,0.0
DMU05,60,1785756333,0.0,5.376948,102.00988,0.0
DMU11(D6122),58,1785756333,28.0,5.476797,102.22013,0.0
SCS28,weekday_2165,1785756315,5.0,3.036652,101.470604,0.0
SCS22,weekday_2166,1785756310,82.0,3.289495,101.57187,0.0
SCS26,weekday_2049,1785756300,19.0,2.990135,101.78805,0.0
SCS27,2952,1785756277,113.0,5.781705,100.489525,0.0
SCS04,2955,1785756277,116.0,6.078853,100.3803,0.0
SCS24,2948,1785756312,113.0,6.61067,100.26378,0.0
SCS21,weekday_2057,1785756308,46.0,3.19412,101.684814,0.0
SCS17,weekday_2162,1785756389,110.0,3.611917,101.58357,0.0
DMU06,56,1785756386,32.0,6.186335,102.17677,0.0
SCS27,2952,1785756382,78.0,5.809793,100.47944,0.0
SCS04,2955,1785756382,116.0,6.050852,100.39608,0.0
SCS24,2948,1785756372,113.0,6.62772,100.268715,0.0
SCS22,weekday_2166,1785756385,82.0,3.304877,101.57497,0.0
SCS21,weekday_2057,1785756383,46.0,3.18585,101.69006,0.0
SCS22,weekday_2166,1785756445,46.0,3.314965,101.57486,0.0
SCS21,weekday_2057,1785756413,19.0,3.183277,101.68908,0.0
SCS04,2955,1785756412,114.0,6.0429,100.40058,0.0
SCS27,2952,1785756457,38.0,5.822275,100.47814,0.0
DMU05,60,1785756393,11.0,5.377228,102.0102,0.0
DMU06,56,1785756446,25.0,6.189813,102.172615,0.0
SCS28,weekday_2165,1785756420,50.0,3.033455,101.46579,0.0
SCS24,2948,1785756462,114.0,6.64406,100.29017,0.0
DMU11(D6122),58,1785756393,52.0,5.482858,102.21834,0.0
DMU05,60,1785756498,16.0,5.379595,102.01387,0.0
DMU06,56,1785756461,25.0,6.190582,102.171745,0.0
SCS26,weekday_2049,1785756495,0.0,2.982197,101.79047,0.0
DMU11(D6122),58,1785756453,56.0,5.49222,102.21627,0.0
DMU05,60,1785756543,44.0,5.378577,102.01851,0.0
SCS21,weekday_2057,1785756533,16.0,3.181278,101.68843,0.0
DMU11(D6122),58,1785756558,47.0,5.505795,102.2111,0.0
SCS26,weekday_2049,1785756585,0.0,2.982197,101.79047,0.0
DMU06,56,1785756596,12.0,6.197265,102.167305,0.0
SCS22,weekday_2166,1785756595,47.0,3.322838,101.57279,0.0
SCS21,weekday_2057,1785756578,26.0,3.178592,101.68712,0.0
SCS27,2952,1785756577,89.0,5.83092,100.47739,0.0
SCS04,2955,1785756577,116.0,5.999375,100.42519,0.0
DMU05,60,1785756603,62.0,5.370538,102.023125,0.0
SCS24,2948,1785756597,68.0,6.659567,100.31624,0.0
DMU11(D6122),58,1785756573,43.0,5.507582,102.21041,0.0
SCS21,weekday_2057,1785756668,5.0,3.17483,101.68522,0.0
SCS27,2952,1785756637,108.0,5.846597,100.47687,0.0
DMU06,56,1785756641,4.0,6.198762,102.16729,0.0
SCS04,2955,1785756637,116.0,5.983398,100.43421,0.0
SCS26,weekday_2049,1785756675,1.0,2.982313,101.79046,0.0
SCS22,weekday_2166,1785756670,67.0,3.331952,101.56967,0.0
DMU05,60,1785756648,25.0,5.368397,102.02774,0.0
DMU11(D6122),58,1785756648,52.0,5.518178,102.20854,0.0
SCS38,weekday_2178,1785756676,3.0,2.999487,101.39135,0.0
SCS28,weekday_2165,1785756675,9.0,3.042085,101.451675,0.0
SCS04,2955,1785756742,4.0,5.972577,100.440346,0.0
DMU06,56,1785756761,0.0,6.199128,102.16738,0.0
SCS22,weekday_2166,1785756745,114.0,3.348727,101.57214,0.0
SCS21,weekday_2057,1785756743,0.0,3.174355,101.68509,0.0
SCS26,weekday_2049,1785756705,0.0,2.982832,101.790405,0.0
SCS17,weekday_2162,1785756704,68.0,3.674265,101.528534,0.0
SCS38,weekday_2178,1785756721,10.0,3.001018,101.390755,0.0
DMU11(D6122),58,1785756738,13.0,5.526553,102.20471,0.0
SCS28,weekday_2165,1785756720,0.0,3.04241,101.45131,0.0
SCS26,weekday_2049,1785756810,7.0,2.985613,101.790535,0.0
DMU05,60,1785756783,11.0,5.373023,102.031044,0.0
SCS04,2955,1785756757,41.0,5.971632,100.440895,0.0
SCS38,weekday_2178,1785756826,75.0,3.006768,101.39562,0.0
SCS28,weekday_2165,1785756795,0.0,3.04241,101.45131,0.0
DMU11(D6122),58,1785756783,14.0,5.528473,102.203766,0.0
SCS27,2952,1785756757,114.0,5.882833,100.47694,0.0
SCS17,weekday_2162,1785756764,47.0,3.679938,101.52341,0.0
SCS22,weekday_2166,1785756880,112.0,3.364088,101.59244,0.0
DMU11(D6122),58,1785756873,0.0,5.530177,102.20304,0.0
SCS26,weekday_2049,1785756870,0.0,2.986552,101.79055,0.0
DMU05,60,1785756828,13.0,5.37511,102.03106,0.0
DMU06,56,1785756881,0.0,6.199205,102.16732,0.0
SCS28,weekday_2165,1785756870,0.0,3.04241,101.45131,0.0
SCS38,weekday_2178,1785756841,73.0,3.008802,101.39782,0.0
DMU11(D6122),58,1785756948,0.0,5.530177,102.20304,0.0
SCS04,2955,1785756922,116.0,5.930357,100.46219,0.0
SCS27,2952,1785756922,114.0,5.929818,100.462326,0.0
DMU05,60,1785756888,0.0,5.376452,102.03131,0.0
SCS26,weekday_2049,1785756915,0.0,2.986552,101.79055,0.0
SCS38,weekday_2178,1785756916,0.0,3.01313,101.40237,0.0
SCS21,weekday_2057,1785756949,0.0,3.166008,101.690414,0.0
SCS22,weekday_2166,1785756925,114.0,3.368168,101.60514,0.0
DMU06,56,1785756911,0.0,6.199205,102.16732,0.0
SCS28,weekday_2165,1785757005,17.0,3.039485,101.45368,0.0
SCS26,weekday_2049,1785757005,7.0,2.982698,101.79043,0.0
DMU05,60,1785756978,12.0,5.38088,102.03457,0.0
DMU11(D6122),58,1785756978,0.0,5.530233,102.202965,0.0
SCS22,weekday_2166,1785756985,25.0,3.376117,101.61446,0.0
SCS38,weekday_2178,1785756976,51.0,3.014882,101.40426,0.0
SCS27,2952,1785756952,114.0,5.93822,100.459076,0.0
SCS04,2955,1785756952,116.0,5.921792,100.465485,0.0
SCS21,weekday_2057,1785756964,0.0,3.166008,101.690414,0.0
DMU11(D6122),58,1785757053,9.0,5.53176,102.20222,0.0
SCS28,weekday_2165,1785757020,17.0,3.038773,101.454155,0.0
SCS26,weekday_2049,1785757020,0.0,2.982618,101.79041,0.0
DMU05,60,1785756993,12.0,5.381428,102.03498,0.0
DMU06,56,1785757016,0.0,6.199192,102.16722,0.0
SCS04,2955,1785757057,116.0,5.891712,100.47677,0.0
SCS38,weekday_2178,1785757051,0.0,3.020268,101.410095,0.0
SCS21,weekday_2057,1785757039,58.0,3.159232,101.693016,0.0
SCS22,weekday_2166,1785757030,0.0,3.376507,101.61484,0.0
SCS27,2952,1785757042,98.0,5.961565,100.446434,0.0
DMU11(D6122),58,1785757113,65.0,5.536852,102.19987,0.0
SCS26,weekday_2049,1785757125,0.0,2.98029,101.79047,0.0
SCS38,weekday_2178,1785757126,10.0,3.02038,101.41022,0.0
SCS21,weekday_2057,1785757099,0.0,3.154893,101.69328,0.0
SCS22,weekday_2166,1785757060,71.0,3.378705,101.617,0.0
SCS04,2955,1785757162,116.0,5.859677,100.47692,0.0
SCS22,weekday_2166,1785757150,114.0,3.400137,101.6279,0.0
DMU11(D6122),58,1785757128,76.0,5.53936,102.19868,0.0
SCS21,weekday_2057,1785757174,8.0,3.152842,101.69169,0.0
SCS38,weekday_2178,1785757171,94.0,3.02532,101.4155,0.0
DMU06,56,1785757166,4.0,6.198453,102.1673,0.0
SCS27,2952,1785757192,68.0,5.973858,100.43952,0.0
SCS22,weekday_2166,1785757210,99.0,3.417037,101.62563,0.0
SCS04,2955,1785757207,117.0,5.845855,100.47689,0.0
DMU11(D6122),58,1785757218,74.0,5.557065,102.193214,0.0
SCS38,weekday_2178,1785757216,49.0,3.032373,101.423035,0.0
SCS26,weekday_2049,1785757215,0.0,2.98029,101.79047,0.0
DMU06,56,1785757241,4.0,6.19609,102.16728,0.0
SCS27,2952,1785757222,109.0,5.980208,100.435936,0.0
SCS21,weekday_2057,1785757219,0.0,3.152213,101.69142,0.0
DMU05,60,1785757218,13.0,5.387178,102.041534,0.0
SCS26,weekday_2049,1785757245,0.0,2.98029,101.79047,0.0
SCS38,weekday_2178,1785757291,25.0,3.03406,101.4249,0.0
SCS22,weekday_2166,1785757255,106.0,3.427655,101.628555,0.0
DMU05,60,1785757263,31.0,5.389475,102.04405,0.0
DMU06,56,1785757286,0.0,6.196055,102.167305,0.0
SCS21,weekday_2057,1785757249,0.0,3.152213,101.69142,0.0
DMU11(D6122),58,1785757248,71.0,5.562198,102.19046,0.0
SCS26,weekday_2049,1785757365,18.0,2.978428,101.79041,0.0
SCS21,weekday_2057,1785757354,0.0,3.152213,101.69142,0.0
DMU05,60,1785757353,13.0,5.391565,102.04821,0.0
SCS38,weekday_2178,1785757351,16.0,3.039805,101.43106,0.0
SCS28,weekday_2165,1785757320,11.0,3.038373,101.45442,0.0
DMU06,56,1785757316,0.0,6.196055,102.167305,0.0
SCS27,2952,1785757342,114.0,6.011702,100.41812,0.0
SCS04,2955,1785757342,0.0,5.824962,100.47796,0.0
DMU05,60,1785757353,13.0,5.391565,102.04821,0.0
SCS28,weekday_2165,1785757380,13.0,3.0407,101.45288,0.0
DMU06,56,1785757406,0.0,6.195978,102.167366,0.0
SCS21,weekday_2057,1785757369,28.0,3.151852,101.69119,0.0
DMU06,56,1785757481,7.0,6.197948,102.16716,0.0
SCS22,weekday_2166,1785757465,0.0,3.469043,101.6379,0.0
DMU05,60,1785757413,51.0,5.393047,102.05398,0.0
SCS28,weekday_2165,1785757455,0.0,3.041447,101.452324,0.0
SCS21,weekday_2057,1785757414,12.0,3.147137,101.69109,0.0
SCS38,weekday_2178,1785757471,7.0,3.044075,101.43562,0.0
SCS27,2952,1785757462,109.0,6.042942,100.40046,0.0
SCS26,weekday_2049,1785757425,34.0,2.973195,101.79034,0.0
SCS04,2955,1785757462,116.0,5.805115,100.48069,0.0
DMU06,56,1785757511,3.0,6.19884,102.166954,0.0
DMU11(D6122),58,1785757503,26.0,5.59926,102.17575,0.0
SCS21,weekday_2057,1785757534,17.0,3.141137,101.694305,0.0
DMU05,60,1785757488,23.0,5.390445,102.06429,0.0
SCS22,weekday_2166,1785757480,8.0,3.469167,101.63791,0.0
SCS26,weekday_2049,1785757545,0.0,2.962103,101.79211,0.0
SCS04,2955,1785757537,115.0,5.783557,100.48868,0.0
SCS25,weekday_2059,1785757533,0.0,3.237088,101.68123,0.0
SCS38,weekday_2178,1785757531,46.0,3.045798,101.437645,0.0
SCS27,2952,1785757522,115.0,6.058268,100.3918,0.0
DMU05,60,1785757548,27.0,5.390298,102.06539,0.0
SCS21,weekday_2057,1785757549,0.0,3.140503,101.69412,0.0
DMU11(D6122),58,1785757548,9.0,5.601527,102.17501,0.0
SCS26,weekday_2049,1785757545,0.0,2.962103,101.79211,0.0
SCS38,weekday_2178,1785757546,65.0,3.046698,101.43993,0.0
SCS25,weekday_2059,1785757593,11.0,3.236718,101.68125,0.0
SCS04,2955,1785757567,119.0,5.774958,100.49226,0.0
SCS27,2952,1785757567,114.0,6.070042,100.38515,0.0
SCS22,weekday_2166,1785757615,47.0,3.498787,101.634415,0.0
DMU06,56,1785757616,0.0,6.200227,102.16674,0.0
SCS21,weekday_2057,1785757639,15.0,3.137332,101.692215,0.0
DMU11(D6122),58,1785757638,84.0,5.610468,102.1683,0.0
DMU05,60,1785757653,32.0,5.38911,102.07657,0.0
SCS04,2955,1785757642,119.0,5.753678,100.50184,0.0
SCS27,2952,1785757642,94.0,6.089095,100.37466,0.0
SCS26,weekday_2049,1785757665,73.0,2.943148,101.78608,0.0
SCS25,weekday_2059,1785757653,54.0,3.232505,101.67702,0.0
SCS38,weekday_2178,1785757651,30.0,3.044175,101.44748,0.0
SCS22,weekday_2166,1785757660,0.0,3.500852,101.63414,0.0
DMU05,60,1785757713,50.0,5.382325,102.08009,0.0
SCS26,weekday_2049,1785757710,0.0,2.939085,101.788635,0.0
DMU11(D6122),58,1785757713,71.0,5.626593,102.16421,0.0
SCS21,weekday_2057,1785757684,40.0,3.135833,101.68894,0.0
SCS25,weekday_2059,1785757713,85.0,3.223388,101.67261,0.0
SCS38,weekday_2178,1785757711,0.0,3.043147,101.450264,0.0
SCS04,2955,1785757687,116.0,5.740787,100.50695,0.0
SCS27,2952,1785757687,93.0,6.098753,100.369156,0.0
SCS21,weekday_2057,1785757774,0.0,3.1343,101.68795,0.0
DMU05,60,1785757773,17.0,5.377168,102.08248,0.0
SCS22,weekday_2166,1785757750,95.0,3.513318,101.6311,0.0
SCS26,weekday_2049,1785757785,59.0,2.936617,101.79188,0.0
SCS27,2952,1785757747,43.0,6.109803,100.3681,0.0
SCS04,2955,1785757747,118.0,5.723628,100.513565,0.0
SCS38,weekday_2178,1785757726,0.0,3.043147,101.450264,0.0
DMU05,60,1785757803,18.0,5.37546,102.08339,0.0
SCS26,weekday_2049,1785757800,68.0,2.934912,101.79387,0.0
SCS04,2955,1785757837,116.0,5.696968,100.508736,0.0
SCS25,weekday_2059,1785757803,0.0,3.213842,101.67218,0.0
SCS27,2952,1785757822,0.0,6.11248,100.36933,0.0
SCS25,weekday_2059,1785757908,0.0,3.204377,101.67601,0.0
SCS26,weekday_2049,1785757890,63.0,2.919117,101.796486,0.0
SCS38,weekday_2178,1785757906,0.0,3.044763,101.44661,0.0
DMU11(D6122),58,1785757833,88.0,5.652785,102.15769,0.0
SCS22,weekday_2166,1785757855,93.0,3.538248,101.635025,0.0
SCS27,2952,1785757867,71.0,6.115667,100.37078,0.0
SCS04,2955,1785757852,116.0,5.693047,100.50637,0.0
SCS21,weekday_2057,1785757879,16.0,3.128948,101.6806,0.0
DMU05,60,1785757908,0.0,5.371873,102.08528,0.0
SCS25,weekday_2059,1785757953,39.0,3.203577,101.67673,0.0
DMU11(D6122),58,1785757953,84.0,5.679748,102.15483,0.0
SCS38,weekday_2178,1785757966,16.0,3.044283,101.447235,0.0
SCS27,2952,1785757912,117.0,6.126682,100.37581,0.0
SCS21,weekday_2057,1785757954,47.0,3.12338,101.67805,0.0
DMU05,60,1785757953,0.0,5.371873,102.08528,0.0
SCS22,weekday_2166,1785757915,56.0,3.549707,101.639786,0.0
SCS04,2955,1785757912,117.0,5.677747,100.49628,0.0
SCS25,weekday_2059,1785758028,0.0,3.197887,101.681564,0.0
DMU11(D6122),58,1785758028,66.0,5.694835,102.152016,0.0
SCS38,weekday_2178,1785758026,0.0,3.043133,101.4502,0.0
SCS27,2952,1785757972,113.0,6.143872,100.38043,0.0
DMU05,60,1785758028,17.0,5.369638,102.08653,0.0
SCS22,weekday_2166,1785758020,67.0,3.556927,101.63848,0.0
SCS21,weekday_2057,1785757999,6.0,3.119557,101.67878,0.0
SCS04,2955,1785757987,114.0,5.655787,100.492294,0.0
SCS26,weekday_2049,1785757995,12.0,2.906772,101.79175,0.0
SCS38,weekday_2178,1785758071,0.0,3.043133,101.4502,0.0
SCS25,weekday_2059,1785758013,4.0,3.19795,101.6815,0.0
DMU11(D6122),58,1785758013,72.0,5.69214,102.15206,0.0
SCS22,weekday_2166,1785758035,88.0,3.559198,101.63633,0.0
SCS27,2952,1785758032,114.0,6.161838,100.37918,0.0
SCS04,2955,1785758032,45.0,5.644977,100.490456,0.0
SCS21,weekday_2057,1785758014,0.0,3.119438,101.67886,0.0
DMU05,60,1785758013,11.0,5.3702,102.08621,0.0
SCS26,weekday_2049,1785758070,15.0,2.906027,101.788246,0.0
SCS25,weekday_2059,1785758133,41.0,3.192282,101.68639,0.0
DMU11(D6122),58,1785758133,10.0,5.701495,102.15199,0.0
SCS38,weekday_2178,1785758086,0.0,3.043133,101.4502,0.0
SCS27,2952,1785758137,17.0,6.182448,100.375336,0.0
SCS21,weekday_2057,1785758134,23.0,3.113832,101.68112,0.0
DMU05,60,1785758133,19.0,5.363515,102.09071,0.0
SCS04,2955,1785758107,19.0,5.64313,100.490105,0.0
SCS26,weekday_2049,1785758100,16.0,2.905097,101.786964,0.0
SCS22,weekday_2166,1785758125,101.0,3.57127,101.61617,0.0
DMU11(D6122),58,1785758193,0.0,5.702923,102.15198,0.0
SCS25,weekday_2059,1785758178,40.0,3.188002,101.689316,0.0
SCS22,weekday_2166,1785758170,107.0,3.582125,101.612785,0.0
SCS04,2955,1785758167,116.0,5.629935,100.49169,0.0
SCS27,2952,1785758182,0.0,6.18271,100.37511,0.0
SCS26,weekday_2049,1785758190,0.0,2.90387,101.78616,0.0
SCS21,weekday_2057,1785758194,28.0,3.11268,101.68522,0.0
DMU05,60,1785758193,34.0,5.36212,102.09489,0.0
DMU11(D6122),58,1785758253,8.0,5.704143,102.1519,0.0
SCS25,weekday_2059,1785758253,15.0,3.182005,101.688644,0.0
SCS26,weekday_2049,1785758235,0.0,2.90387,101.78616,0.0
SCS21,weekday_2057,1785758224,57.0,3.111888,101.688416,0.0
SCS04,2955,1785758242,115.0,5.6079,100.49557,0.0
SCS27,2952,1785758242,109.0,6.190758,100.37003,0.0
SCS22,weekday_2166,1785758275,101.0,3.600708,101.59323,0.0
DMU05,60,1785758253,39.0,5.36029,102.10099,0.0
SCS25,weekday_2059,1785758313,0.0,3.181527,101.68852,0.0
DMU11(D6122),58,1785758313,38.0,5.707022,102.152245,0.0
SCS38,weekday_2178,1785758287,0.0,3.043167,101.45018,0.0
SCS21,weekday_2057,1785758314,0.0,3.108655,101.69248,0.0
DMU05,60,1785758313,38.0,5.357863,102.10759,0.0
SCS22,weekday_2166,1785758305,115.0,3.60735,101.58799,0.0
SCS04,2955,1785758302,116.0,5.589855,100.49366,0.0
SCS27,2952,1785758287,115.0,6.204058,100.36692,0.0
SCS26,weekday_2049,1785758355,0.0,2.90387,101.78616,0.0
SCS38,weekday_2178,1785758332,0.0,3.043167,101.45018,0.0
SCS25,weekday_2059,1785758343,0.0,3.181527,101.68852,0.0
DMU05,60,1785758343,46.0,5.355518,102.110855,0.0
SCS22,weekday_2166,1785758350,114.0,3.616648,101.57836,0.0
SCS21,weekday_2057,1785758344,0.0,3.108655,101.69248,0.0
SCS27,2952,1785758377,114.0,6.23053,100.36152,0.0
SCS38,weekday_2178,1785758377,0.0,3.043167,101.45018,0.0
SCS26,weekday_2049,1785758430,0.0,2.90387,101.78616,0.0
SCS25,weekday_2059,1785758433,20.0,3.176027,101.68562,0.0
SCS21,weekday_2057,1785758404,0.0,3.108655,101.69248,0.0
SCS04,2955,1785758377,116.0,5.566998,100.49738,0.0
SCS22,weekday_2166,1785758410,114.0,3.628933,101.56532,0.0
DMU11(D6122),58,1785758433,74.0,5.729238,102.16072,0.0
DMU05,60,1785758433,33.0,5.348792,102.1174,0.0
SCS26,weekday_2049,1785758460,0.0,2.90387,101.78616,0.0
SCS25,weekday_2059,1785758493,19.0,3.172368,101.6848,0.0
SCS27,2952,1785758467,115.0,6.256553,100.35621,0.0
SCS38,weekday_2178,1785758452,1.0,3.042905,101.45085,0.0
SCS21,weekday_2057,1785758479,0.0,3.108655,101.69248,0.0
SCS22,weekday_2166,1785758470,113.0,3.643625,101.55521,0.0
SCS04,2955,1785758452,116.0,5.544463,100.50143,0.0
DMU11(D6122),58,1785758508,97.0,5.747067,102.15818,0.0
SCS04,2955,1785758527,117.0,5.52236,100.50764,0.0
SCS27,2952,1785758527,114.0,6.274243,100.35259,0.0
SCS26,weekday_2049,1785758505,0.0,2.90387,101.78616,0.0
DMU05,60,1785758493,35.0,5.342652,102.11812,0.0
SCS38,weekday_2178,1785758557,0.0,3.040843,101.45273,0.0
SCS22,weekday_2166,1785758530,114.0,3.655797,101.542,0.0
SCS04,2955,1785758602,117.0,5.500107,100.502815,0.0
DMU11(D6122),58,1785758598,26.0,5.76094,102.15206,0.0
SCS26,weekday_2049,1785758610,0.0,2.90387,101.78616,0.0
SCS22,weekday_2166,1785758605,77.0,3.672698,101.52959,0.0
SCS27,2952,1785758602,114.0,6.296338,100.34809,0.0
SCS38,weekday_2178,1785758602,0.0,3.040843,101.45273,0.0
SCS21,weekday_2057,1785758614,0.0,3.108655,101.69248,0.0
SCS04,2955,1785758617,113.0,5.495733,100.50165,0.0
SCS25,weekday_2059,1785758627,33.0,3.165947,101.69047,0.0
SCS26,weekday_2049,1785758625,0.0,2.90387,101.78616,0.0
SCS22,weekday_2166,1785758620,53.0,3.674852,101.5281,0.0
DMU11(D6122),58,1785758613,29.0,5.761372,102.15088,0.0
SCS38,weekday_2178,1785758647,36.0,3.038623,101.45429,0.0
SCS27,2952,1785758647,114.0,6.309595,100.345375,0.0
SCS25,weekday_2059,1785758747,63.0,3.157152,101.69373,0.0
SCS38,weekday_2178,1785758737,33.0,3.034415,101.46879,0.0
SCS04,2955,1785758722,0.0,5.482793,100.498215,0.0
DMU11(D6122),58,1785758703,83.0,5.76912,102.13951,0.0
SCS27,2952,1785758722,114.0,6.328748,100.33413,0.0
SCS26,weekday_2049,1785758730,0.0,2.90387,101.78616,0.0
SCS22,weekday_2166,1785758725,21.0,3.68408,101.51879,0.0
DMU05,60,1785758703,33.0,5.327968,102.12257,0.0
SCS21,weekday_2057,1785758704,0.0,3.108655,101.69248,0.0
SCS04,2955,1785758782,44.0,5.481077,100.497734,0.0
SCS38,weekday_2178,1785758782,0.0,3.035513,101.46992,0.0
SCS27,2952,1785758782,114.0,6.343173,100.32336,0.0
DMU11(D6122),58,1785758778,91.0,5.78429,102.14398,0.0
SCS25,weekday_2059,1785758777,17.0,3.154217,101.69285,0.0
SCS26,weekday_2049,1785758775,0.0,2.90387,101.78616,0.0
SCS21,weekday_2057,1785758779,0.0,3.108655,101.69248,0.0
DMU05,60,1785758778,35.0,5.321773,102.12725,0.0
SCS38,weekday_2178,1785758827,66.0,3.038235,101.47142,0.0
SCS04,2955,1785758827,108.0,5.471777,100.49601,0.0
SCS27,2952,1785758827,108.0,6.353828,100.3154,0.0
DMU11(D6122),58,1785758853,61.0,5.801152,102.14604,0.0
SCS27,2952,1785758902,53.0,6.368237,100.30463,0.0
SCS04,2955,1785758902,116.0,5.449455,100.49245,0.0
SCS38,weekday_2178,1785758902,56.0,3.049578,101.47426,0.0
SCS21,weekday_2057,1785758914,0.0,3.108655,101.69248,0.0
DMU05,60,1785758913,13.0,5.317337,102.13465,0.0
DMU11(D6122),58,1785758913,0.0,5.80641,102.14671,0.0
SCS25,weekday_2059,1785758912,32.0,3.146308,101.69141,0.0
SCS38,weekday_2178,1785758977,38.0,3.052575,101.48515,0.0
SCS27,2952,1785758932,7.0,6.3702,100.30317,0.0
SCS26,weekday_2049,1785758985,0.0,2.90387,101.78616,0.0
DMU05,60,1785758958,9.0,5.316638,102.136475,0.0
SCS21,weekday_2057,1785758989,0.0,3.108655,101.69248,0.0
DMU11(D6122),58,1785758988,0.0,5.80641,102.14671,0.0
SCS25,weekday_2059,1785758987,15.0,3.14246,101.69412,0.0
SCS27,2952,1785759007,28.0,6.370957,100.3026,0.0
SCS38,weekday_2178,1785759052,29.0,3.05236,101.49155,0.0
SCS04,2955,1785759052,118.0,5.407932,100.473595,0.0
SCS21,weekday_2057,1785759034,0.0,3.108655,101.69248,0.0
DMU11(D6122),58,1785758988,0.0,5.80641,102.14671,0.0
SCS25,weekday_2059,1785758987,15.0,3.14246,101.69412,0.0
SCS38,weekday_2178,1785759037,33.0,3.052382,101.49015,0.0
SCS21,weekday_2057,1785759064,0.0,3.108655,101.69248,0.0
SCS04,2955,1785759082,119.0,5.398712,100.4718,0.0
SCS27,2952,1785759082,116.0,6.385823,100.29151,0.0
SCS26,weekday_2049,1785759105,0.0,2.90387,101.78616,0.0
SCS25,weekday_2059,1785759092,0.0,3.139233,101.69355,0.0
DMU11(D6122),58,1785759033,0.0,5.80641,102.14671,0.0
SCS27,2952,1785759157,114.0,6.403965,100.27814,0.0
SCS04,2955,1785759157,116.0,5.375953,100.46895,0.0
DMU05,60,1785759153,27.0,5.311133,102.1431,0.0
SCS25,weekday_2059,1785759152,16.0,3.137293,101.692116,0.0
DMU11(D6122),58,1785759108,7.0,5.805752,102.146545,0.0
SCS26,weekday_2049,1785759195,0.0,2.90387,101.78616,0.0
EMU35,2959,1785759186,18.0,6.661802,100.31857,0.0
SCS21,weekday_2057,1785759184,0.0,3.108655,101.69248,0.0
DMU11(D6122),58,1785759198,0.0,5.802795,102.146286,0.0
DMU05,60,1785759198,39.0,5.308062,102.14607,0.0
SCS25,weekday_2059,1785759197,17.0,3.136073,101.68973,0.0
DMU11(D6122),58,1785759273,0.0,5.802795,102.146286,0.0
SCS38,weekday_2178,1785759262,95.0,3.05246,101.51207,0.0
SCS21,weekday_2057,1785759289,0.0,3.108655,101.69248,0.0
DMU05,60,1785759288,31.0,5.306868,102.1552,0.0
EMU35,2959,1785759261,41.0,6.658427,100.314476,0.0
SCS26,weekday_2049,1785759255,23.0,2.90187,101.78523,0.0
SCS25,weekday_2059,1785759272,0.0,3.135092,101.68833,0.0
SCS04,2955,1785759247,46.0,5.358047,100.46655,0.0
SCS27,2952,1785759247,57.0,6.42477,100.27075,0.0
DMU05,60,1785759333,0.0,5.307962,102.157005,0.0
SCS26,weekday_2049,1785759330,80.0,2.895073,101.78981,0.0
SCS38,weekday_2178,1785759337,10.0,3.056383,101.524475,0.0
EMU35,2959,1785759336,51.0,6.65317,100.30672,0.0
SCS04,2955,1785759307,44.0,5.360683,100.46097,0.0
SCS25,weekday_2059,1785759287,0.0,3.135092,101.68833,0.0
SCS27,2952,1785759322,0.0,6.431373,100.26846,0.0
DMU05,60,1785759393,38.0,5.309388,102.15922,0.0
SCS21,weekday_2057,1785759394,42.0,3.101383,101.70157,0.0
SCS26,weekday_2049,1785759345,91.0,2.893452,101.79281,0.0
SCS27,2952,1785759337,0.0,6.431373,100.26846,0.0
SCS25,weekday_2059,1785759392,0.0,3.135092,101.68833,0.0
DMU11(D6122),58,1785759363,6.0,5.802953,102.14632,0.0
EMU35,2959,1785759441,109.0,6.639733,100.28446,0.0
SCS38,weekday_2178,1785759397,0.0,3.056492,101.52467,0.0
DMU05,60,1785759438,32.0,5.31223,102.16403,0.0
SCS27,2952,1785759442,116.0,6.44838,100.26261,0.0
SCS04,2955,1785759442,0.0,5.366188,100.44844,0.0
SCS25,weekday_2059,1785759452,2.0,3.131652,101.68283,0.0
DMU11(D6122),58,1785759408,8.0,5.804403,102.146454,0.0
SCS26,weekday_2049,1785759405,84.0,2.88526,101.80403,0.0
EMU35,2959,1785759486,109.0,6.632037,100.27414,0.0
SCS21,weekday_2057,1785759469,0.0,3.098607,101.70509,0.0
DMU05,60,1785759468,15.0,5.31259,102.16591,0.0
SCS38,weekday_2178,1785759517,84.0,3.0603,101.53712,0.0
SCS26,weekday_2049,1785759495,20.0,2.877493,101.81603,0.0
SCS25,weekday_2059,1785759482,29.0,3.12942,101.68103,0.0
SCS27,2952,1785759517,114.0,6.469775,100.25521,0.0
SCS04,2955,1785759517,100.0,5.36552,100.438156,0.0
DMU11(D6122),58,1785759468,0.0,5.806367,102.146736,0.0
SCS04,2955,1785759562,76.0,5.362347,100.427444,0.0
SCS21,weekday_2057,1785759559,0.0,3.098607,101.70509,0.0
SCS38,weekday_2178,1785759577,78.0,3.065365,101.548096,0.0
EMU35,2959,1785759561,109.0,6.613798,100.26429,0.0
SCS26,weekday_2049,1785759540,20.0,2.875025,101.8169,0.0
SCS27,2952,1785759562,113.0,6.483055,100.25358,0.0
SCS21,weekday_2057,1785759634,0.0,3.098607,101.70509,0.0
SCS26,weekday_2049,1785759615,10.0,2.871472,101.81803,0.0
DMU11(D6122),58,1785759618,0.0,5.806375,102.146736,0.0
SCS25,weekday_2059,1785759617,26.0,3.121117,101.67844,0.0
EMU35,2959,1785759681,115.0,6.578955,100.26168,0.0
SCS26,weekday_2049,1785759690,28.0,2.86859,101.818954,0.0
SCS38,weekday_2178,1785759652,25.0,3.073693,101.55524,0.0
SCS04,2955,1785759682,54.0,5.364955,100.420235,0.0
SCS21,weekday_2057,1785759664,0.0,3.098607,101.70509,0.0
SCS25,weekday_2059,1785759707,0.0,3.11829,101.679,0.0
SCS27,2952,1785759682,71.0,6.51722,100.25573,0.0
SCS38,weekday_2178,1785759712,0.0,3.075562,101.55896,0.0
SCS21,weekday_2057,1785759709,0.0,3.098607,101.70509,0.0
SCS26,weekday_2049,1785759720,42.0,2.865142,101.81918,0.0
DMU11(D6122),58,1785759753,0.0,5.806375,102.146736,0.0
EMU35,2959,1785759711,117.0,6.570167,100.25911,0.0
SCS25,weekday_2059,1785759752,0.0,3.11829,101.679,0.0
SCS27,2952,1785759712,41.0,6.521682,100.256485,0.0
SCS04,2955,1785759712,99.0,5.36728,100.414246,0.0
SCS38,weekday_2178,1785759802,0.0,3.075562,101.55896,0.0
SCS21,weekday_2057,1785759799,0.0,3.098607,101.70509,0.0
DMU11(D6122),58,1785759813,0.0,5.806375,102.146736,0.0
EMU35,2959,1785759786,116.0,6.547272,100.25993,0.0
SCS26,weekday_2049,1785759810,19.0,2.859973,101.82037,0.0
SCS25,weekday_2059,1785759812,10.0,3.118048,101.67903,0.0
SCS04,2955,1785759802,100.0,5.377307,100.39273,0.0
SCS27,2952,1785759802,18.0,6.523467,100.25679,0.0
SCS38,weekday_2178,1785759847,0.0,3.075562,101.55896,0.0
DMU11(D6122),58,1785759843,0.0,5.806375,102.146736,0.0
SCS25,weekday_2059,1785759842,20.0,3.115965,101.67964,0.0
SCS21,weekday_2057,1785759874,0.0,3.098607,101.70509,0.0
SCS26,weekday_2049,1785759855,92.0,2.85244,101.82254,0.0
SCS27,2952,1785759847,76.0,6.530032,100.2579,0.0
SCS04,2955,1785759907,23.0,5.386673,100.37483,0.0
DMU11(D6122),58,1785759873,0.0,5.806375,102.146736,0.0
SCS25,weekday_2059,1785759872,18.0,3.114322,101.68068,0.0
SCS38,weekday_2178,1785759922,27.0,3.076752,101.56375,0.0
SCS21,weekday_2057,1785759904,0.0,3.098607,101.70509,0.0
DMU05,60,1785759918,12.0,5.327027,102.193245,0.0
EMU35,2959,1785759921,0.0,6.523353,100.256836,0.0
SCS27,2952,1785759907,117.0,6.54606,100.259926,0.0
DMU05,60,1785759963,24.0,5.326132,102.19533,0.0
SCS25,weekday_2059,1785760007,39.0,3.109967,101.690834,0.0
SCS26,weekday_2049,1785759990,13.0,2.835032,101.827705,0.0
SCS04,2955,1785759982,26.0,5.388362,100.37215,0.0
EMU35,2959,1785759966,68.0,6.52034,100.25632,0.0
SCS27,2952,1785759982,113.0,6.568645,100.25903,0.0
SCS04,2955,1785760012,22.0,5.39002,100.37063,0.0
SCS38,weekday_2178,1785760012,15.0,3.077105,101.57079,0.0
DMU11(D6122),58,1785760053,0.0,5.806375,102.146736,0.0
SCS25,weekday_2059,1785760052,51.0,3.105545,101.696335,0.0
SCS26,weekday_2049,1785760050,20.0,2.831763,101.82711,0.0
SCS21,weekday_2057,1785760039,28.0,3.110047,101.69067,0.0
DMU11(D6122),58,1785760113,0.0,5.806375,102.146736,0.0
SCS26,weekday_2049,1785760110,0.0,2.829882,101.82671,0.0
SCS04,2955,1785760102,0.0,5.392453,100.36751,0.0
DMU05,60,1785760128,34.0,5.330897,102.20395,0.0
SCS21,weekday_2057,1785760084,24.0,3.111898,101.68832,0.0
SCS25,weekday_2059,1785760127,20.0,3.100757,101.70229,0.0
SCS27,2952,1785760072,116.0,6.595257,100.263145,0.0
SCS38,weekday_2178,1785760102,57.0,3.081022,101.57366,0.0
EMU35,2959,1785760102,114.0,6.481988,100.253624,0.0
DMU11(D6122),58,1785760188,0.0,5.806375,102.146736,0.0
DMU05,60,1785760188,48.0,5.3351,102.20989,0.0
SCS25,weekday_2059,1785760187,17.0,3.098538,101.70512,0.0
SCS26,weekday_2049,1785760185,7.0,2.82756,101.8262,0.0
SCS38,weekday_2178,1785760177,39.0,3.082498,101.58279,0.0
SCS27,2952,1785760162,115.0,6.622212,100.26561,0.0
SCS21,weekday_2057,1785760174,23.0,3.11331,101.68184,0.0
SCS04,2955,1785760117,0.0,5.392453,100.36751,0.0
EMU35,2959,1785760132,115.0,6.473018,100.25421,0.0
SCS38,weekday_2178,1785760237,6.0,3.084748,101.58765,0.0
DMU05,60,1785760233,25.0,5.335353,102.2145,0.0
SCS25,weekday_2059,1785760232,0.0,3.097812,101.70602,0.0
SCS21,weekday_2057,1785760189,7.0,3.113837,101.68112,0.0
SCS27,2952,1785760237,109.0,6.637505,100.28145,0.0
DMU11(D6122),58,1785760218,0.0,5.806375,102.146736,0.0
EMU35,2959,1785760237,111.0,6.443367,100.26439,0.0
SCS38,weekday_2178,1785760282,0.0,3.084585,101.58787,0.0
DMU11(D6122),58,1785760278,0.0,5.806375,102.146736,0.0
SCS25,weekday_2059,1785760247,0.0,3.097812,101.70602,0.0
SCS26,weekday_2049,1785760245,11.0,2.825705,101.82463,0.0
EMU35,2959,1785760252,99.0,6.439317,100.26578,0.0
SCS27,2952,1785760252,104.0,6.640017,100.284836,0.0
DMU11(D6122),58,1785760353,0.0,5.806375,102.146736,0.0
SCS38,weekday_2178,1785760342,46.0,3.084262,101.59271,0.0
SCS21,weekday_2057,1785760339,3.0,3.119232,101.6788,0.0
SCS25,weekday_2059,1785760322,0.0,3.097812,101.70602,0.0
DMU05,60,1785760353,48.0,5.346863,102.22279,0.0
EMU35,2959,1785760312,3.0,6.431412,100.26854,0.0
SCS27,2952,1785760312,76.0,6.648377,100.296425,0.0
SCS26,weekday_2049,1785760335,75.0,2.818563,101.81706,0.0
DMU11(D6122),58,1785760368,0.0,5.806375,102.146736,0.0
SCS21,weekday_2057,1785760384,18.0,3.12193,101.67831,0.0
SCS38,weekday_2178,1785760387,77.0,3.082845,101.59955,0.0
SCS25,weekday_2059,1785760412,0.0,3.097812,101.70602,0.0
SCS27,2952,1785760417,38.0,6.655852,100.310585,0.0
SCS26,weekday_2049,1785760425,76.0,2.806587,101.8037,0.0
DMU05,60,1785760368,54.0,5.349053,102.22311,0.0
EMU35,2959,1785760357,12.0,6.431228,100.2686,0.0
SCS38,weekday_2178,1785760447,28.0,3.083005,101.61026,0.0
SCS21,weekday_2057,1785760429,23.0,3.125128,101.678314,0.0
SCS25,weekday_2059,1785760427,0.0,3.097812,101.70602,0.0
SCS26,weekday_2049,1785760425,76.0,2.806587,101.8037,0.0
EMU35,2959,1785760447,119.0,6.412612,100.27498,0.0
SCS27,2952,1785760447,28.0,6.657378,100.312805,0.0
SCS38,weekday_2178,1785760522,0.0,3.083097,101.61078,0.0
SCS21,weekday_2057,1785760504,28.0,3.129542,101.68115,0.0
SCS25,weekday_2059,1785760532,0.0,3.097812,101.70602,0.0
SCS26,weekday_2049,1785760545,51.0,2.80007,101.797745,0.0
EMU35,2959,1785760522,115.0,6.3936,100.28578,0.0
DMU11(D6122),58,1785760533,0.0,5.806375,102.146736,0.0
DMU05,60,1785760533,41.0,5.370002,102.22774,0.0
SCS21,weekday_2057,1785760564,0.0,3.132345,101.683395,0.0
SCS25,weekday_2059,1785760577,0.0,3.097812,101.70602,0.0
SCS26,weekday_2049,1785760575,78.0,2.795075,101.796,0.0
EMU35,2959,1785760567,112.0,6.382643,100.293945,0.0
DMU11(D6122),58,1785760578,0.0,5.806375,102.146736,0.0
DMU05,60,1785760578,19.0,5.372158,102.22973,0.0
SCS25,weekday_2059,1785760592,0.0,3.097812,101.70602,0.0
DMU11(D6122),58,1785760593,0.0,5.806375,102.146736,0.0
DMU05,60,1785760593,32.0,5.373202,102.2307,0.0
EMU35,2959,1785760717,83.0,6.36627,100.306206,0.0
SCS21,weekday_2057,1785760699,13.0,3.136557,101.69026,0.0
SCS25,weekday_2059,1785760682,0.0,3.097812,101.70602,0.0
DMU11(D6122),58,1785760713,0.0,5.806375,102.146736,0.0
SCS38,weekday_2178,1785760732,64.0,3.084922,101.62556,0.0
SCS26,weekday_2049,1785760770,81.0,2.756083,101.819405,0.0
DMU05,60,1785760758,6.0,5.388292,102.231995,0.0
SCS21,weekday_2057,1785760774,12.0,3.139903,101.693695,0.0
DMU11(D6122),58,1785760773,0.0,5.806375,102.146736,0.0
SCS25,weekday_2059,1785760727,0.0,3.097812,101.70602,0.0
DMU05,60,1785760833,0.0,5.391455,102.232,0.0
EMU35,2959,1785760828,55.0,6.342602,100.32425,0.0
SCS25,weekday_2059,1785760847,0.0,3.097812,101.70602,0.0
SCS38,weekday_2178,1785760882,101.0,3.083435,101.63903,0.0
SCS26,weekday_2049,1785760875,5.0,2.753893,101.82726,0.0
DMU11(D6122),58,1785760878,0.0,5.806375,102.146736,0.0
EMU35,2959,1785760843,114.0,6.337695,100.32765,0.0
SCS25,weekday_2059,1785760862,0.0,3.097812,101.70602,0.0
SCS21,weekday_2057,1785760879,23.0,3.144758,101.69269,0.0
SCS25,weekday_2059,1785760967,0.0,3.097812,101.70602,0.0
SCS26,weekday_2049,1785760965,18.0,2.753063,101.830284,0.0
DMU11(D6122),58,1785760893,0.0,5.806375,102.146736,0.0
DMU05,60,1785760953,13.0,5.39489,102.232124,0.0
SCS38,weekday_2178,1785760912,98.0,3.08213,101.64718,0.0
SCS21,weekday_2057,1785760894,23.0,3.145623,101.69195,0.0
DMU05,60,1785761013,42.0,5.399215,102.23191,0.0
SCS38,weekday_2178,1785761002,0.0,3.083273,101.65589,0.0
EMU35,2959,1785760978,119.0,6.303227,100.34676,0.0
DMU11(D6122),58,1785761013,0.0,5.806375,102.146736,0.0
SCS25,weekday_2059,1785760997,0.0,3.097812,101.70602,0.0
SCS26,weekday_2049,1785760980,20.0,2.752802,101.83121,0.0
SCS21,weekday_2057,1785760999,0.0,3.15477,101.69334,0.0
SCS25,weekday_2059,1785761087,0.0,3.097812,101.70602,0.0
DMU11(D6122),58,1785761043,0.0,5.806375,102.146736,0.0
EMU35,2959,1785761038,117.0,6.285577,100.35035,0.0
DMU05,60,1785761073,32.0,5.40625,102.23095,0.0
SCS26,weekday_2049,1785761070,85.0,2.75015,101.840546,0.0
SCS38,weekday_2178,1785761077,18.0,3.083475,101.65646,0.0
SCS21,weekday_2057,1785761074,35.0,3.165505,101.69098,0.0
SCS38,weekday_2178,1785761122,24.0,3.084595,101.659615,0.0
EMU35,2959,1785761113,117.0,6.263427,100.354866,0.0
DMU05,60,1785761133,14.0,5.409077,102.23174,0.0
SCS21,weekday_2057,1785761149,15.0,3.167255,101.688675,0.0
EMU35,2959,1785761158,111.0,6.250197,100.35757,0.0
SCS38,weekday_2178,1785761182,12.0,3.086127,101.66351,0.0
DMU05,60,1785761208,47.0,5.414563,102.2374,0.0
SCS26,weekday_2049,1785761190,55.0,2.741838,101.87014,0.0
SCS25,weekday_2059,1785761177,0.0,3.097812,101.70602,0.0
DMU11(D6122),58,1785761178,76.0,5.816765,102.147934,0.0
SCS21,weekday_2057,1785761149,15.0,3.167255,101.688675,0.0
SCS38,weekday_2178,1785761212,0.0,3.08623,101.66377,0.0
SCS26,weekday_2049,1785761250,0.0,2.741143,101.87257,0.0
DMU11(D6122),58,1785761238,77.0,5.829645,102.14957,0.0
DMU05,60,1785761238,44.0,5.417768,102.239365,0.0
SCS25,weekday_2059,1785761237,0.0,3.097812,101.70602,0.0
DMU05,60,1785761328,46.0,5.42707,102.23734,0.0
DMU11(D6122),58,1785761328,77.0,5.84802,102.152016,0.0
SCS25,weekday_2059,1785761327,0.0,3.097812,101.70602,0.0
SCS38,weekday_2178,1785761287,0.0,3.08623,101.66377,0.0
DMU11(D6122),58,1785761373,78.0,5.857318,102.15313,0.0
DMU05,60,1785761373,37.0,5.432182,102.236015,0.0
SCS25,weekday_2059,1785761372,0.0,3.097812,101.70602,0.0
SCS26,weekday_2049,1785761370,77.0,2.740992,101.889366,0.0
EMU35,2959,1785761337,111.0,6.197783,100.36826,0.0
SCS38,weekday_2178,1785761377,0.0,3.08623,101.66377,0.0
DMU11(D6122),58,1785761448,75.0,5.872687,102.15499,0.0
SCS25,weekday_2059,1785761447,0.0,3.097812,101.70602,0.0
SCS38,weekday_2178,1785761407,0.0,3.08623,101.66377,0.0
EMU35,2959,1785761397,60.0,6.18475,100.3739,0.0
SCS38,weekday_2178,1785761482,23.0,3.086848,101.66574,0.0
DMU11(D6122),58,1785761478,76.0,5.878817,102.15575,0.0
DMU05,60,1785761478,42.0,5.441942,102.2314,0.0
SCS25,weekday_2059,1785761492,0.0,3.097812,101.70602,0.0
SCS26,weekday_2049,1785761490,92.0,2.725337,101.90983,0.0
EMU35,2959,1785761472,29.0,6.182388,100.37549,0.0
SCS38,weekday_2178,1785761557,42.0,3.093537,101.66956,0.0
DMU11(D6122),58,1785761553,77.0,5.894298,102.15768,0.0
DMU05,60,1785761568,39.0,5.451457,102.230934,0.0
SCS25,weekday_2059,1785761567,0.0,3.097812,101.70602,0.0
EMU35,2959,1785761562,113.0,6.160963,100.37934,0.0
DMU05,60,1785761598,49.0,5.454423,102.22879,0.0
SCS38,weekday_2178,1785761602,0.0,3.095045,101.66991,0.0
DMU11(D6122),58,1785761613,74.0,5.906602,102.1591,0.0
SCS25,weekday_2059,1785761612,0.0,3.097812,101.70602,0.0
SCS26,weekday_2049,1785761610,39.0,2.724203,101.92451,0.0
EMU35,2959,1785761577,114.0,6.15652,100.37967,0.0
DMU05,60,1785761688,48.0,5.465758,102.225395,0.0
DMU11(D6122),58,1785761688,78.0,5.921758,102.155136,0.0
SCS38,weekday_2178,1785761677,80.0,3.10574,101.672935,0.0
SCS25,weekday_2059,1785761687,0.0,3.097812,101.70602,0.0
SCS26,weekday_2049,1785761655,68.0,2.722007,101.931366,0.0
EMU35,2959,1785761637,112.0,6.138655,100.3806,0.0
DMU05,60,1785761733,46.0,5.470882,102.2229,0.0
DMU11(D6122),58,1785761718,77.0,5.927697,102.153496,0.0
SCS38,weekday_2178,1785761707,48.0,3.110737,101.67433,0.0
SCS25,weekday_2059,1785761732,0.0,3.097812,101.70602,0.0
EMU35,2959,1785761712,86.0,6.118793,100.37228,0.0
SCS26,weekday_2049,1785761760,8.0,2.720178,101.93773,0.0
DMU11(D6122),58,1785761793,77.0,5.94268,102.1494,0.0
SCS38,weekday_2178,1785761812,46.0,3.116793,101.672424,0.0
DMU05,60,1785761793,33.0,5.477033,102.22001,0.0
SCS25,weekday_2059,1785761792,0.0,3.097812,101.70602,0.0
DMU05,60,1785761853,55.0,5.483792,102.21812,0.0
DMU11(D6122),58,1785761853,77.0,5.954768,102.14614,0.0
SCS26,weekday_2049,1785761805,23.0,2.719215,101.93998,0.0
SCS38,weekday_2178,1785761872,5.0,3.118447,101.67322,0.0
EMU35,2959,1785761832,59.0,6.110428,100.368454,0.0
SCS25,weekday_2059,1785761852,0.0,3.097812,101.70602,0.0
SCS26,weekday_2049,1785761910,14.0,2.718433,101.94107,0.0
EMU35,2959,1785761907,114.0,6.092927,100.37259,0.0
SCS38,weekday_2178,1785761902,23.0,3.120447,101.67346,0.0
SCS25,weekday_2059,1785761927,0.0,3.097812,101.70602,0.0
DMU05,60,1785761973,42.0,5.49945,102.21393,0.0
SCS38,weekday_2178,1785761962,23.0,3.123523,101.677124,0.0
EMU35,2959,1785761952,112.0,6.081193,100.379196,0.0
DMU11(D6122),58,1785761973,81.0,5.979423,102.14316,0.0
EMU35,2959,1785761997,115.0,6.069342,100.385666,0.0
SCS38,weekday_2178,1785761977,21.0,3.124343,101.677826,0.0
DMU05,60,1785762048,40.0,5.508595,102.210205,0.0
SCS25,weekday_2059,1785762032,0.0,3.097812,101.70602,0.0
DMU11(D6122),58,1785762048,77.0,5.995703,102.14209,0.0
DMU05,60,1785762093,49.0,5.514082,102.209206,0.0
SCS38,weekday_2178,1785762098,5.0,3.130273,101.68164,0.0
EMU35,2959,1785762072,117.0,6.049862,100.39667,0.0
SCS25,weekday_2059,1785762092,0.0,3.097812,101.70602,0.0
DMU11(D6122),58,1785762093,74.0,6.005038,102.14146,0.0
SCS38,weekday_2178,1785762158,0.0,3.132313,101.68279,0.0
DMU11(D6122),58,1785762153,63.0,6.015895,102.1399,0.0
SCS25,weekday_2059,1785762107,0.0,3.097812,101.70602,0.0
SCS38,weekday_2178,1785762218,0.0,3.132313,101.68279,0.0
EMU35,2959,1785762215,114.0,6.012438,100.41785,0.0
DMU05,60,1785762213,12.0,5.526477,102.20474,0.0
SCS26,weekday_2049,1785762180,3.0,2.69007,101.97196,0.0
SCS38,weekday_2178,1785762263,0.0,3.132313,101.68279,0.0
DMU05,60,1785762258,16.0,5.52852,102.203705,0.0
DMU11(D6122),58,1785762258,48.0,6.033323,102.13951,0.0
SCS25,weekday_2059,1785762257,0.0,3.097812,101.70602,0.0
SCS26,weekday_2049,1785762240,25.0,2.689298,101.97227,0.0
EMU35,2959,1785762245,115.0,6.00464,100.42226,0.0
DMU05,60,1785762348,0.0,5.530072,102.20297,0.0
SCS25,weekday_2059,1785762317,0.0,3.097812,101.70602,0.0
EMU35,2959,1785762290,115.0,5.992923,100.42888,0.0
DMU11(D6122),58,1785762318,15.0,6.038037,102.139915,0.0
SCS38,weekday_2178,1785762338,0.0,3.132313,101.68279,0.0
SCS38,weekday_2178,1785762353,0.0,3.132313,101.68279,0.0
DMU11(D6122),58,1785762348,12.0,6.039355,102.140495,0.0
EMU35,2959,1785762350,76.0,5.978442,100.437035,0.0
DMU05,60,1785762348,0.0,5.530072,102.20297,0.0
SCS25,weekday_2059,1785762347,0.0,3.097812,101.70602,0.0
SCS38,weekday_2178,1785762428,0.0,3.132313,101.68279,0.0
EMU35,2959,1785762425,0.0,5.971818,100.440765,0.0
DMU11(D6122),58,1785762453,5.0,6.04286,102.1423,0.0
DMU05,60,1785762498,0.0,5.532623,102.20171,0.0
EMU35,2959,1785762515,103.0,5.960807,100.44698,0.0
EMU35,2959,1785762545,114.0,5.953077,100.45136,0.0
SCS25,weekday_2059,1785762557,0.0,3.097812,101.70602,0.0
SCS38,weekday_2178,1785762548,0.0,3.132313,101.68279,0.0
DMU05,60,1785762558,3.0,5.53177,102.20212,0.0
DMU11(D6122),58,1785762558,14.0,6.044618,102.143326,0.0
EMU35,2959,1785762605,113.0,5.93728,100.45952,0.0
SCS26,weekday_2049,1785762585,88.0,2.654605,102.00969,0.0
DMU05,60,1785762633,4.0,5.530188,102.20294,0.0
SCS25,weekday_2059,1785762632,0.0,3.097812,101.70602,0.0
SCS38,weekday_2178,1785762608,0.0,3.132313,101.68279,0.0
DMU11(D6122),58,1785762633,68.0,6.051142,102.146805,0.0
DMU05,60,1785762693,0.0,5.530168,102.20294,0.0
SCS25,weekday_2059,1785762692,0.0,3.097812,101.70602,0.0
EMU35,2959,1785762680,113.0,5.916392,100.46757,0.0
SCS38,weekday_2178,1785762698,0.0,3.132313,101.68279,0.0
DMU11(D6122),58,1785762693,71.0,6.061728,102.15232,0.0
SCS26,weekday_2049,1785762690,114.0,2.644713,102.03235,0.0
SCS25,weekday_2059,1785762722,0.0,3.097812,101.70602,0.0
EMU35,2959,1785762755,114.0,5.895643,100.475555,0.0
DMU05,60,1785762708,0.0,5.530168,102.20294,0.0
SCS38,weekday_2178,1785762773,16.0,3.137318,101.691956,0.0
DMU11(D6122),58,1785762753,76.0,6.071823,102.15798,0.0
DMU05,60,1785762813,0.0,5.530145,102.20292,0.0
SCS38,weekday_2178,1785762803,10.0,3.13837,101.69321,0.0
EMU35,2959,1785762800,116.0,5.882265,100.47697,0.0
DMU11(D6122),58,1785762813,78.0,6.08204,102.16511,0.0
SCS25,weekday_2059,1785762812,0.0,3.097812,101.70602,0.0
SCS26,weekday_2049,1785762840,113.0,2.625818,102.072495,0.0
DMU05,60,1785762873,0.0,5.530202,102.20299,0.0
SCS38,weekday_2178,1785762848,0.0,3.138882,101.69343,0.0
EMU35,2959,1785762845,117.0,5.868632,100.47694,0.0
SCS25,weekday_2059,1785762857,0.0,3.097812,101.70602,0.0
EMU35,2959,1785762920,105.0,5.847302,100.476906,0.0
DMU11(D6122),58,1785762933,76.0,6.099442,102.179375,0.0
DMU05,60,1785762948,0.0,5.530202,102.20299,0.0
SCS38,weekday_2178,1785762938,13.0,3.141775,101.693985,0.0
SCS25,weekday_2059,1785762917,0.0,3.097812,101.70602,0.0
DMU05,60,1785762978,0.0,5.530143,102.20307,0.0
SCS26,weekday_2049,1785762975,49.0,2.594143,102.09402,0.0
SCS38,weekday_2178,1785762953,14.0,3.142815,101.69371,0.0
SCS25,weekday_2059,1785762977,0.0,3.097812,101.70602,0.0
DMU05,60,1785763053,0.0,5.53015,102.20313,0.0
DMU11(D6122),58,1785763053,44.0,6.113647,102.19516,0.0
SCS25,weekday_2059,1785763052,18.0,3.097933,101.705864,0.0
SCS38,weekday_2178,1785763073,2.0,3.153673,101.692345,0.0
DMU11(D6122),58,1785763113,17.0,6.116468,102.1987,0.0
SCS38,weekday_2178,1785763133,20.0,3.154442,101.69294,0.0
EMU35,2959,1785763085,50.0,5.822608,100.478165,0.0
SCS26,weekday_2049,1785763065,0.0,2.59251,102.09498,0.0
SCS38,weekday_2178,1785763178,56.0,3.162175,101.69202,0.0
DMU05,60,1785763188,0.0,5.530143,102.20311,0.0
DMU11(D6122),58,1785763188,0.0,6.118558,102.200676,0.0
EMU35,2959,1785763190,114.0,5.7967,100.48275,0.0
SCS26,weekday_2049,1785763185,113.0,2.573143,102.10657,0.0
SCS38,weekday_2178,1785763193,37.0,3.164115,101.69184,0.0
DMU05,60,1785763233,0.0,5.530143,102.20311,0.0
DMU11(D6122),58,1785763263,0.0,6.118558,102.200676,0.0
EMU35,2959,1785763265,119.0,5.775818,100.49195,0.0
DMU05,60,1785763293,0.0,5.530137,102.203,0.0
SCS25,weekday_2059,1785763292,22.0,3.112583,101.6865,0.0
DMU11(D6122),58,1785763353,15.0,6.1205,102.20252,0.0
SCS25,weekday_2059,1785763352,12.0,3.113078,101.682335,0.0
SCS38,weekday_2178,1785763358,69.0,3.170338,101.68535,0.0
SCS26,weekday_2049,1785763320,116.0,2.548303,102.13831,0.0
EMU35,2959,1785763370,112.0,5.746493,100.50478,0.0
DMU05,60,1785763353,0.0,5.530137,102.203,0.0
EMU35,2959,1785763430,110.0,5.72989,100.51119,0.0
DMU05,60,1785763428,0.0,5.530075,102.20308,0.0
SCS38,weekday_2178,1785763403,69.0,3.176925,101.680084,0.0
DMU11(D6122),58,1785763398,23.0,6.12226,102.204636,0.0
SCS25,weekday_2059,1785763427,26.0,3.114645,101.68033,0.0
DMU11(D6122),58,1785763473,76.0,6.128933,102.21265,0.0
DMU05,60,1785763473,0.0,5.530075,102.20308,0.0
SCS25,weekday_2059,1785763442,36.0,3.11595,101.67957,0.0
SCS38,weekday_2178,1785763448,72.0,3.18216,101.67299,0.0
EMU35,2959,1785763445,113.0,5.725785,100.51277,0.0
SCS38,weekday_2178,1785763523,0.0,3.186098,101.664665,0.0
EMU35,2959,1785763520,114.0,5.703833,100.51068,0.0
DMU11(D6122),58,1785763518,74.0,6.13478,102.21984,0.0
DMU05,60,1785763518,0.0,5.530075,102.20308,0.0
SCS25,weekday_2059,1785763502,0.0,3.117773,101.6791,0.0
SCS25,weekday_2059,1785763562,11.0,3.119437,101.67861,0.0
DMU05,60,1785763533,0.0,5.530075,102.20308,0.0
DMU11(D6122),58,1785763533,72.0,6.136638,102.222145,0.0
EMU35,2959,1785763610,109.0,5.680963,100.498146,0.0
SCS38,weekday_2178,1785763598,64.0,3.189803,101.65953,0.0
SCS26,weekday_2049,1785763560,114.0,2.491435,102.17864,0.0
EMU35,2959,1785763640,112.0,5.672755,100.49518,0.0
DMU11(D6122),58,1785763653,30.0,6.149473,102.229324,0.0
SCS25,weekday_2059,1785763652,18.0,3.124655,101.67816,0.0
DMU05,60,1785763593,0.0,5.530168,102.203064,0.0
SCS38,weekday_2178,1785763643,0.0,3.19173,101.65578,0.0
DMU05,60,1785763713,0.0,5.530168,102.203064,0.0
DMU11(D6122),58,1785763713,26.0,6.154097,102.22852,0.0
SCS25,weekday_2059,1785763712,18.0,3.127763,101.67957,0.0
SCS38,weekday_2178,1785763688,0.0,3.19173,101.65578,0.0
SCS26,weekday_2049,1785763665,114.0,2.460037,102.182915,0.0
SCS38,weekday_2178,1785763778,57.0,3.195892,101.64626,0.0
SCS25,weekday_2059,1785763727,21.0,3.12856,101.680244,0.0
EMU35,2959,1785763765,18.0,5.642822,100.49007,0.0
DMU11(D6122),58,1785763818,52.0,6.158972,102.217705,0.0
DMU05,60,1785763818,0.0,5.530168,102.203064,0.0
SCS26,weekday_2049,1785763785,114.0,2.467798,102.206055,0.0
EMU35,2959,1785763825,28.0,5.641763,100.48989,0.0
SCS38,weekday_2178,1785763823,36.0,3.198253,101.64156,0.0
SCS25,weekday_2059,1785763817,0.0,3.132738,101.68384,0.0
DMU05,60,1785763893,7.0,5.53119,102.20249,0.0
SCS38,weekday_2178,1785763868,22.0,3.200722,101.63912,0.0
EMU35,2959,1785763885,100.0,5.630645,100.49138,0.0
DMU05,60,1785763953,55.0,5.53572,102.2003,0.0
SCS25,weekday_2059,1785763937,0.0,3.132738,101.68384,0.0
EMU35,2959,1785763930,113.0,5.618668,100.49636,0.0
SCS38,weekday_2178,1785763958,0.0,3.202253,101.637634,0.0
DMU05,60,1785764013,71.0,5.545648,102.19559,0.0
SCS25,weekday_2059,1785764012,60.0,3.132872,101.68993,0.0
DMU11(D6122),58,1785764013,59.0,6.170492,102.194336,0.0
SCS38,weekday_2178,1785763973,0.0,3.202253,101.637634,0.0
SCS38,weekday_2178,1785764063,0.0,3.202253,101.637634,0.0
SCS25,weekday_2059,1785764072,17.0,3.137377,101.69224,0.0
EMU35,2959,1785764020,113.0,5.592295,100.49321,0.0
DMU05,60,1785764073,75.0,5.556677,102.19337,0.0
DMU11(D6122),58,1785764073,41.0,6.176595,102.18878,0.0
EMU35,2959,1785764125,110.0,5.561612,100.49824,0.0
DMU05,60,1785764103,79.0,5.562097,102.19044,0.0
SCS25,weekday_2059,1785764132,0.0,3.138798,101.69338,0.0
SCS26,weekday_2049,1785764115,0.0,2.463802,102.225914,0.0
SCS38,weekday_2178,1785764153,0.0,3.202253,101.637634,0.0
SCS25,weekday_2059,1785764192,0.0,3.138798,101.69338,0.0
DMU05,60,1785764163,67.0,5.572917,102.18591,0.0
SCS26,weekday_2046,1785764175,0.0,2.463802,102.225914,0.0
DMU11(D6122),58,1785764193,67.0,6.18772,102.17516,0.0
EMU35,2959,1785764155,113.0,5.552885,100.499664,0.0
SCS24,2967,1785764142,0.0,6.663843,100.32157,0.0
EMU35,2959,1785764245,115.0,5.52714,100.50636,0.0
SCS38,weekday_2178,1785764258,0.0,3.202253,101.637634,0.0
DMU11(D6122),58,1785764253,30.0,6.19394,102.16808,0.0
DMU05,60,1785764253,56.0,5.587398,102.18145,0.0
SCS25,weekday_2059,1785764252,22.0,3.14225,101.69399,0.0
SCS27,2967,1785764257,43.0,6.655363,100.30989,0.0
DMU05,60,1785764313,47.0,5.593845,102.17661,0.0
EMU35,2959,1785764305,109.0,5.509967,100.50548,0.0
DMU11(D6122),58,1785764268,23.0,6.194793,102.16767,0.0
SCS27,2967,1785764317,98.0,6.649967,100.30163,0.0
SCS25,weekday_2059,1785764267,20.0,3.143383,101.69363,0.0
EMU35,2959,1785764350,107.0,5.497247,100.50208,0.0
DMU11(D6122),58,1785764343,0.0,6.199302,102.16738,0.0
SCS38,weekday_2178,1785764378,0.0,3.202253,101.637634,0.0
DMU05,60,1785764343,41.0,5.597675,102.17602,0.0
SCS27,2967,1785764377,115.0,6.64105,100.28618,0.0
SCS25,weekday_2059,1785764372,5.0,3.153715,101.692406,0.0
SCS26,weekday_2046,1785764340,0.0,2.463802,102.225914,0.0
SCS25,weekday_2059,1785764432,12.0,3.15383,101.69247,0.0
DMU05,60,1785764388,11.0,5.60103,102.175224,0.0
SCS04,2964,1785764407,0.0,5.392372,100.36754,0.0
DMU11(D6122),58,1785764433,5.0,6.199453,102.16715,0.0
SCS38,weekday_2178,1785764423,0.0,3.202253,101.637634,0.0
SCS27,2967,1785764422,114.0,6.632975,100.27536,0.0
SCS38,weekday_2178,1785764468,0.0,3.202253,101.637634,0.0
SCS04,2964,1785764467,4.0,5.392392,100.36758,0.0
SCS25,weekday_2059,1785764477,65.0,3.159715,101.69274,0.0
DMU11(D6122),58,1785764493,0.0,6.199445,102.16743,0.0
EMU35,2959,1785764458,0.0,5.481852,100.49791,0.0
SCS27,2967,1785764467,114.0,6.623477,100.26613,0.0
DMU11(D6122),58,1785764553,0.0,6.199353,102.16741,0.0
DMU05,60,1785764553,54.0,5.618843,102.16622,0.0
SCS25,weekday_2059,1785764552,0.0,3.165077,101.6913,0.0
SCS04,2964,1785764557,22.0,5.389932,100.3707,0.0
SCS38,weekday_2178,1785764573,49.0,3.206582,101.63352,0.0
SCS27,2967,1785764557,113.0,6.596702,100.26326,0.0
EMU35,2959,1785764503,50.0,5.480053,100.49746,0.0
DMU11(D6122),58,1785764613,11.0,6.197818,102.1673,0.0
SCS38,weekday_2178,1785764558,32.0,3.205315,101.63476,0.0
SCS25,weekday_2059,1785764627,21.0,3.165833,101.691086,0.0
DMU11(D6122),58,1785764658,11.0,6.195933,102.16732,0.0
DMU05,60,1785764658,76.0,5.633955,102.16154,0.0
SCS25,weekday_2059,1785764657,11.0,3.166958,101.6892,0.0
EMU35,2959,1785764638,113.0,5.443853,100.49101,0.0
SCS04,2964,1785764662,61.0,5.38515,100.378006,0.0
SCS27,2967,1785764632,117.0,6.574405,100.26004,0.0
DMU05,60,1785764703,79.0,5.642863,102.15936,0.0
EMU35,2959,1785764698,119.0,5.427418,100.48368,0.0
SCS38,weekday_2178,1785764742,75.0,3.208242,101.619385,0.0
DMU11(D6122),58,1785764703,0.0,6.195462,102.16737,0.0
SCS27,2967,1785764707,113.0,6.551465,100.259796,0.0
SCS04,2964,1785764707,99.0,5.380173,100.38736,0.0
DMU05,60,1785764808,47.0,5.662103,102.1569,0.0
SCS38,weekday_2178,1785764772,81.0,3.204635,101.61449,0.0
SCS27,2967,1785764812,51.0,6.524985,100.25715,0.0
SCS04,2964,1785764812,96.0,5.368097,100.41218,0.0
SCS38,weekday_2178,1785764862,80.0,3.200565,101.59672,0.0
SCS04,2964,1785764842,67.0,5.365595,100.41861,0.0
SCS27,2967,1785764842,0.0,6.523092,100.256805,0.0
EMU35,2959,1785764848,112.0,5.385352,100.470116,0.0
SCS38,weekday_2178,1785764907,42.0,3.202025,101.589134,0.0
SCS25,weekday_2062,1785764894,0.0,3.181425,101.688446,0.0
SCS21,weekday_2067,1785764893,18.0,3.215545,101.67227,0.0
SCS27,2967,1785764917,76.0,6.519195,100.25616,0.0
SCS04,2964,1785764917,0.0,5.364293,100.422005,0.0
EMU35,2959,1785764878,109.0,5.37672,100.46903,0.0
SCS38,weekday_2178,1785764937,30.0,3.203227,101.58602,0.0
SCS25,weekday_2062,1785764969,8.0,3.181537,101.68846,0.0
SCS21,weekday_2067,1785764968,38.0,3.214133,101.67227,0.0
DMU05,60,1785764973,65.0,5.691308,102.15206,0.0
SCS27,2967,1785764947,115.0,6.511405,100.25482,0.0
EMU35,2959,1785764938,64.0,5.36327,100.46736,0.0
SCS04,2964,1785764947,3.0,5.364248,100.4221,0.0
DMU05,60,1785765033,19.0,5.698792,102.151985,0.0
SCS25,weekday_2062,1785765014,43.0,3.186098,101.69007,0.0
SCS21,weekday_2067,1785765013,55.0,3.207117,101.67373,0.0
SCS38,weekday_2178,1785765012,3.0,3.205908,101.58099,0.0
EMU35,2959,1785764998,44.0,5.357085,100.46446,0.0
SCS04,2964,1785765052,96.0,5.36679,100.44098,0.0
EMU35,2959,1785765100,68.0,5.365847,100.451454,0.0
SCS27,2967,1785765082,114.0,6.471573,100.254684,0.0
SCS25,weekday_2062,1785765059,94.0,3.192698,101.68595,0.0
SCS21,weekday_2067,1785765058,0.0,3.205452,101.67533,0.0
SCS38,weekday_2178,1785765087,0.0,3.205925,101.58097,0.0
DMU05,60,1785765078,22.0,5.70111,102.151955,0.0
SCS04,2964,1785765082,48.0,5.366505,100.44665,0.0
DMU05,60,1785765153,10.0,5.702987,102.15189,0.0
SCS21,weekday_2067,1785765133,0.0,3.205452,101.67533,0.0
SCS38,weekday_2178,1785765147,30.0,3.206857,101.57811,0.0
EMU35,2959,1785765145,0.0,5.366343,100.447685,0.0
SCS27,2967,1785765142,114.0,6.454533,100.26055,0.0
SCS04,2964,1785765157,0.0,5.366227,100.44852,0.0
SCS38,weekday_2178,1785765177,53.0,3.208768,101.57549,0.0
EMU35,2959,1785765190,4.0,5.366377,100.4476,0.0
DMU05,60,1785765213,30.0,5.70614,102.15198,0.0
SCS27,2967,1785765232,39.0,6.434168,100.26757,0.0
SCS04,2964,1785765187,21.0,5.366097,100.449394,0.0
SCS25,weekday_2062,1785765164,0.0,3.197768,101.681625,0.0
SCS38,weekday_2178,1785765252,95.0,3.220255,101.565544,0.0
EMU35,2959,1785765280,91.0,5.362702,100.43202,0.0
SCS27,2967,1785765277,0.0,6.431328,100.26854,0.0
SCS21,weekday_2067,1785765268,33.0,3.19841,101.68128,0.0
SCS04,2964,1785765277,45.0,5.362028,100.45999,0.0
DMU05,60,1785765273,59.0,5.71457,102.15512,0.0
SCS25,weekday_2062,1785765254,52.0,3.202522,101.67757,0.0
EMU35,2959,1785765340,23.0,5.364325,100.421875,0.0
SCS27,2967,1785765337,27.0,6.430397,100.26887,0.0
SCS38,weekday_2178,1785765327,83.0,3.237237,101.55998,0.0
SCS25,weekday_2062,1785765284,0.0,3.204322,101.67604,0.0
SCS04,2964,1785765337,38.0,5.357117,100.46513,0.0
SCS27,2967,1785765367,68.0,6.42657,100.2702,0.0
DMU05,60,1785765363,68.0,5.72922,102.16088,0.0
SCS38,weekday_2178,1785765342,77.0,3.240423,101.56039,0.0
EMU35,2959,1785765370,0.0,5.36457,100.42125,0.0
SCS04,2964,1785765367,44.0,5.359565,100.46689,0.0
DMU05,60,1785765393,69.0,5.734983,102.16157,0.0
SCS27,2967,1785765472,114.0,6.399073,100.281685,0.0
DMU05,60,1785765468,68.0,5.748053,102.15792,0.0
SCS25,weekday_2062,1785765539,39.0,3.229095,101.67332,0.0
SCS04,2964,1785765562,116.0,5.411408,100.47492,0.0
DMU05,60,1785765633,25.0,5.762758,102.14711,0.0
EMU35,2959,1785765655,22.0,5.387133,100.37393,0.0
SCS27,2967,1785765577,81.0,6.374945,100.29973,0.0
SCS04,2964,1785765577,116.0,5.415688,100.47651,0.0
EMU35,2959,1785765685,2.0,5.38775,100.37287,0.0
SCS21,weekday_2067,1785765643,22.0,3.175398,101.68534,0.0
SCS27,2967,1785765637,0.0,6.370237,100.30325,0.0
EMU35,2959,1785765745,14.0,5.388865,100.371735,0.0
SCS04,2964,1785765742,115.0,5.46186,100.495705,0.0
DMU05,60,1785765738,58.0,5.772913,102.140945,0.0
SCS38,weekday_2178,1785765717,62.0,3.271948,101.560616,0.0
EMU35,2959,1785765865,6.0,5.393085,100.3667,0.0
SCS27,2967,1785765877,113.0,6.331323,100.332306,0.0
SCS21,weekday_2067,1785765877,0.0,3.166027,101.69038,0.0
DMU05,60,1785765873,54.0,5.796673,102.14546,0.0
SCS04,2964,1785765862,0.0,5.482917,100.49821,0.0
SCS38,weekday_2178,1785765822,68.0,3.287148,101.570114,0.0
SCS38,weekday_2178,1785765942,42.0,3.308273,101.57497,0.0
SCS04,2964,1785765937,70.0,5.487492,100.49942,0.0
DMU05,60,1785765918,33.0,5.801742,102.14619,0.0
SCS21,weekday_2067,1785765907,40.0,3.165188,101.69126,0.0
SCS27,2967,1785765907,114.0,6.32411,100.337685,0.0
DMU05,60,1785765993,0.0,5.806242,102.14674,0.0
SCS38,weekday_2178,1785765972,32.0,3.311467,101.57493,0.0
SCS04,2964,1785765967,100.0,5.494185,100.50122,0.0
SCS27,2967,1785765997,114.0,6.299528,100.34752,0.0
SCS04,2964,1785766057,117.0,5.51895,100.5078,0.0
SCS27,2967,1785766012,114.0,6.295103,100.34842,0.0
SCS21,weekday_2067,1785766057,0.0,3.154892,101.693436,0.0
DMU05,60,1785766053,3.0,5.806363,102.14684,0.0
SCS21,weekday_2067,1785766117,43.0,3.14968,101.69062,0.0
SCS04,2964,1785766117,116.0,5.536783,100.50361,0.0
DMU05,60,1785766098,22.0,5.808237,102.146996,0.0
SCS38,weekday_2178,1785766107,3.0,3.319155,101.57482,0.0
SCS38,weekday_2178,1785766137,25.0,3.320765,101.57423,0.0
SCS27,2967,1785766162,114.0,6.250942,100.357445,0.0
DMU05,60,1785766173,82.0,5.81992,102.148415,0.0
SCS04,2964,1785766147,115.0,5.545615,100.501114,0.0
SCS21,weekday_2067,1785766192,15.0,3.145585,101.6924,0.0
SCS04,2964,1785766237,117.0,5.572698,100.496414,0.0
SCS38,weekday_2178,1785766242,63.0,3.33035,101.56904,0.0
SCS27,2967,1785766237,114.0,6.22904,100.361916,0.0
DMU05,60,1785766233,84.0,5.833153,102.15009,0.0
DMU05,60,1785766293,78.0,5.846085,102.15177,0.0
SCS21,weekday_2067,1785766282,3.0,3.14097,101.694046,0.0
SCS38,weekday_2178,1785766272,63.0,3.33482,101.5719,0.0
SCS04,2964,1785766297,118.0,5.590817,100.4935,0.0
SCS27,2967,1785766252,114.0,6.224618,100.36282,0.0
DMU05,60,1785766368,83.0,5.862792,102.15381,0.0
SCS38,weekday_2178,1785766362,92.0,3.356507,101.571434,0.0
SCS04,2964,1785766357,117.0,5.608877,100.49575,0.0
SCS27,2967,1785766357,98.0,6.19437,100.36901,0.0
SCS21,weekday_2067,1785766327,0.0,3.140558,101.69397,0.0
DMU05,60,1785766383,79.0,5.865995,102.15421,0.0
SCS04,2964,1785766417,117.0,5.626428,100.49314,0.0
SCS27,2967,1785766417,36.0,6.183815,100.37453,0.0
SCS38,weekday_2178,1785766422,90.0,3.362763,101.58154,0.0
SCS21,weekday_2067,1785766387,18.0,3.138198,101.69307,0.0
SCS04,2964,1785766492,22.0,5.643273,100.490166,0.0
DMU05,60,1785766473,78.0,5.885295,102.15662,0.0
SCS21,weekday_2067,1785766462,0.0,3.135898,101.689064,0.0
SCS27,2967,1785766462,0.0,6.182733,100.37524,0.0
SCS04,2964,1785766552,0.0,5.64368,100.4902,0.0
SCS27,2967,1785766552,90.0,6.176445,100.37815,0.0
SCS21,weekday_2067,1785766552,0.0,3.134847,101.68774,0.0
DMU05,60,1785766533,74.0,5.897633,102.15818,0.0
SCS38,weekday_2178,1785766527,77.0,3.370098,101.60838,0.0
SCS38,weekday_2178,1785766587,0.0,3.375632,101.61403,0.0
SCS04,2964,1785766582,28.0,5.64455,100.49033,0.0
SCS21,weekday_2067,1785766582,0.0,3.134847,101.68774,0.0
SCS27,2967,1785766567,109.0,6.172478,100.37857,0.0
DMU05,60,1785766563,69.0,5.903377,102.158875,0.0
SCS38,weekday_2178,1785766647,75.0,3.378148,101.61653,0.0
SCS04,2964,1785766642,108.0,5.655918,100.49228,0.0
DMU05,60,1785766638,65.0,5.916798,102.15663,0.0
SCS27,2967,1785766657,114.0,6.145372,100.380455,0.0
SCS21,weekday_2067,1785766657,18.0,3.131645,101.68227,0.0
SCS27,2967,1785766717,112.0,6.128213,100.37661,0.0
SCS04,2964,1785766717,115.0,5.678412,100.49655,0.0
SCS21,weekday_2067,1785766717,3.0,3.128985,101.680725,0.0
SCS38,weekday_2178,1785766707,111.0,3.390368,101.627266,0.0
DMU05,60,1785766698,58.0,5.926592,102.153915,0.0
SCS21,weekday_2067,1785766777,24.0,3.124933,101.67854,0.0
SCS27,2967,1785766777,51.0,6.11667,100.37136,0.0
SCS38,weekday_2178,1785766782,99.0,3.412012,101.62733,0.0
SCS04,2964,1785766777,116.0,5.693688,100.50679,0.0
DMU05,60,1785766788,50.0,5.93983,102.150185,0.0
SCS04,2964,1785766837,116.0,5.710953,100.51246,0.0
SCS21,weekday_2067,1785766837,18.0,3.120385,101.678795,0.0
SCS27,2967,1785766837,0.0,6.112432,100.369385,0.0
SCS38,weekday_2178,1785766842,98.0,3.425993,101.62734,0.0
DMU05,60,1785766818,57.0,5.9443,102.14895,0.0
SCS27,2967,1785766912,19.0,6.111842,100.36915,0.0
SCS38,weekday_2178,1785766902,115.0,3.440198,101.63761,0.0
DMU05,60,1785766893,45.0,5.955373,102.14586,0.0
SCS21,weekday_2067,1785766882,4.0,3.119483,101.67895,0.0
SCS04,2964,1785766882,116.0,5.724338,100.513306,0.0
SCS38,weekday_2178,1785766962,97.0,3.457465,101.639145,0.0
SCS04,2964,1785766957,116.0,5.745753,100.50504,0.0
DMU05,60,1785766938,40.0,5.960935,102.14452,0.0
SCS27,2967,1785766957,79.0,6.105687,100.36667,0.0
SCS21,weekday_2067,1785766942,0.0,3.119383,101.678986,0.0
SCS21,weekday_2067,1785767017,0.0,3.119383,101.678986,0.0
SCS27,2967,1785767017,114.0,6.09149,100.37345,0.0
DMU05,60,1785767013,0.0,5.966038,102.14402,0.0
SCS38,weekday_2178,1785766992,72.0,3.463968,101.63741,0.0
SCS04,2964,1785767002,116.0,5.758337,100.49958,0.0
DMU05,60,1785767073,41.0,5.968652,102.14383,0.0
SCS38,weekday_2178,1785767067,2.0,3.467818,101.637726,0.0
SCS21,weekday_2067,1785767077,0.0,3.119288,101.679,0.0
SCS04,2964,1785767077,116.0,5.779423,100.490524,0.0
SCS27,2967,1785767077,114.0,6.075617,100.38211,0.0
SCS21,weekday_2067,1785767137,5.0,3.119312,101.679016,0.0
SCS04,2964,1785767122,116.0,5.79183,100.48456,0.0
SCS27,2967,1785767122,114.0,6.063847,100.38876,0.0
SCS38,weekday_2178,1785767112,93.0,3.474367,101.638824,0.0
DMU05,60,1785767118,60.0,5.975175,102.143486,0.0
SCS27,2967,1785767167,111.0,6.052132,100.39541,0.0
SCS04,2964,1785767167,119.0,5.804977,100.48069,0.0
SCS28,weekday_2165,1785767207,0.0,3.041422,101.45234,0.0
SCS38,weekday_2178,1785767202,63.0,3.496343,101.634766,0.0
DMU05,60,1785767193,68.0,5.988312,102.142494,0.0
SCS04,2964,1785767242,43.0,5.823912,100.47804,0.0
SCS28,weekday_2165,1785767252,0.0,3.041422,101.45234,0.0
SCS21,weekday_2067,1785767212,18.0,3.115267,101.67999,0.0
SCS38,weekday_2178,1785767232,11.0,3.499547,101.634285,0.0
SCS27,2967,1785767224,105.0,6.03798,100.403404,0.0
DMU05,60,1785767223,56.0,5.993337,102.142204,0.0
SCS38,weekday_2178,1785767307,73.0,3.503393,101.633705,0.0
SCS21,weekday_2067,1785767287,25.0,3.11272,101.68355,0.0
SCS28,weekday_2165,1785767327,0.0,3.041422,101.45234,0.0
SCS27,2967,1785767314,116.0,6.015758,100.41597,0.0
DMU05,60,1785767313,51.0,6.00628,102.14134,0.0
SCS04,2964,1785767272,0.0,5.82508,100.47794,0.0
SCS28,weekday_2165,1785767372,0.0,3.041422,101.45234,0.0
SCS27,2967,1785767344,114.0,6.007878,100.420425,0.0
SCS38,weekday_2178,1785767337,84.0,3.50924,101.63282,0.0
SCS04,2964,1785767317,3.0,5.825135,100.47794,0.0
SCS21,weekday_2067,1785767377,46.0,3.11038,101.690414,0.0
DMU05,60,1785767373,40.0,6.013395,102.13998,0.0
DMU05,60,1785767433,40.0,6.020303,102.14047,0.0
SCS38,weekday_2178,1785767397,94.0,3.52284,101.629265,0.0
SCS27,2967,1785767389,114.0,5.996132,100.42707,0.0
SCS28,weekday_2165,1785767447,0.0,3.041422,101.45234,0.0
SCS04,2964,1785767437,117.0,5.85276,100.476944,0.0
SCS21,weekday_2067,1785767407,52.0,3.107778,101.69359,0.0
SCS21,weekday_2067,1785767497,23.0,3.101482,101.70143,0.0
SCS04,2964,1785767497,116.0,5.8713,100.47696,0.0
SCS27,2967,1785767464,74.0,5.97819,100.437225,0.0
SCS38,weekday_2178,1785767472,90.0,3.539273,101.63533,0.0
DMU05,60,1785767463,46.0,6.023775,102.140236,0.0
SCS28,weekday_2165,1785767462,0.0,3.041422,101.45234,0.0
DMU05,60,1785767553,38.0,6.034685,102.13947,0.0
SCS21,weekday_2067,1785767527,24.0,3.100188,101.70303,0.0
SCS28,weekday_2165,1785767507,0.0,3.041422,101.45234,0.0
SCS38,weekday_2178,1785767547,24.0,3.552237,101.6396,0.0
SCS04,2964,1785767512,116.0,5.875848,100.477,0.0
SCS27,2967,1785767524,21.0,5.97185,100.44079,0.0
SCS21,weekday_2067,1785767602,0.0,3.098605,101.70507,0.0
SCS28,weekday_2165,1785767597,0.0,3.041422,101.45234,0.0
SCS38,weekday_2178,1785767592,5.0,3.552692,101.63958,0.0
SCS27,2967,1785767584,5.0,5.97153,100.44098,0.0
SCS04,2964,1785767572,116.0,5.894098,100.47612,0.0
DMU05,60,1785767613,14.0,6.038522,102.14023,0.0
SCS27,2967,1785767614,38.0,5.969843,100.441925,0.0
SCS28,weekday_2165,1785767672,0.0,3.041422,101.45234,0.0
SCS38,weekday_2178,1785767667,101.0,3.561257,101.63159,0.0
SCS21,weekday_2067,1785767647,0.0,3.098605,101.70507,0.0
SCS28,weekday_2165,1785767732,0.0,3.041422,101.45234,0.0
SCS21,weekday_2067,1785767722,0.0,3.098605,101.70507,0.0
SCS38,weekday_2178,1785767712,95.0,3.566853,101.62103,0.0
SCS27,2967,1785767674,97.0,5.960518,100.447174,0.0
SCS04,2964,1785767722,116.0,5.936958,100.45964,0.0
DMU05,60,1785767673,10.0,6.040668,102.14136,0.0
SCS21,weekday_2067,1785767782,0.0,3.098605,101.70507,0.0
SCS04,2964,1785767782,116.0,5.953253,100.45126,0.0
SCS38,weekday_2178,1785767787,104.0,3.582757,101.61257,0.0
DMU05,60,1785767808,2.0,6.042985,102.14248,0.0
SCS27,2967,1785767794,114.0,5.928377,100.463,0.0
SCS28,weekday_2165,1785767792,0.0,3.041422,101.45234,0.0
SCS04,2964,1785767842,81.0,5.968507,100.44263,0.0
DMU05,60,1785767853,11.0,6.044327,102.14325,0.0
SCS28,weekday_2165,1785767852,0.0,3.041422,101.45234,0.0
SCS38,weekday_2178,1785767832,100.0,3.593288,101.60557,0.0
SCS27,2967,1785767824,114.0,5.919975,100.466225,0.0
SCS21,weekday_2067,1785767857,0.0,3.098605,101.70507,0.0
DMU05,60,1785767913,32.0,6.047743,102.145065,0.0
SCS04,2964,1785767872,22.0,5.972323,100.440475,0.0
SCS28,weekday_2165,1785767912,0.0,3.041422,101.45234,0.0
SCS38,weekday_2178,1785767892,95.0,3.60027,101.59413,0.0
SCS21,weekday_2067,1785767917,0.0,3.098605,101.70507,0.0
SCS27,2967,1785767914,114.0,5.894737,100.47594,0.0
SCS28,weekday_2165,1785767972,0.0,3.041422,101.45234,0.0
SCS27,2967,1785767944,114.0,5.885883,100.476974,0.0
SCS38,weekday_2178,1785767982,111.0,3.618187,101.576294,0.0
SCS21,weekday_2067,1785767932,0.0,3.098605,101.70507,0.0
SCS04,2964,1785767932,14.0,5.97297,100.4401,0.0
DMU05,60,1785767928,37.0,6.049145,102.14574,0.0
SCS38,weekday_2178,1785768027,113.0,3.627367,101.56668,0.0
SCS04,2964,1785768022,119.0,5.989278,100.430885,0.0
SCS21,weekday_2067,1785768022,0.0,3.098605,101.70507,0.0
DMU05,60,1785768018,48.0,6.0592,102.15103,0.0
SCS28,weekday_2165,1785768032,0.0,3.041422,101.45234,0.0
SCS27,2967,1785768019,113.0,5.86338,100.476944,0.0
DMU05,60,1785768093,62.0,6.069878,102.15678,0.0
SCS04,2964,1785768082,116.0,6.00537,100.42179,0.0
SCS21,weekday_2067,1785768082,0.0,3.098605,101.70507,0.0
SCS38,weekday_2178,1785768072,111.0,3.637962,101.55935,0.0
SCS27,2967,1785768109,108.0,5.83648,100.477005,0.0
SCS28,weekday_2165,1785768107,0.0,3.041422,101.45234,0.0
SCS28,weekday_2165,1785768152,0.0,3.041422,101.45234,0.0
SCS38,weekday_2178,1785768162,17.0,3.647358,101.55196,0.0
SCS27,2967,1785768154,50.0,5.82657,100.47784,0.0
DMU05,60,1785768153,62.0,6.078265,102.162575,0.0
SCS04,2964,1785768142,116.0,6.021348,100.41278,0.0
SCS21,weekday_2067,1785768142,0.0,3.098605,101.70507,0.0
SCS27,2967,1785768184,8.0,5.823942,100.47804,0.0
DMU05,60,1785768213,63.0,6.086397,102.1683,0.0
SCS28,weekday_2165,1785768212,0.0,3.041422,101.45234,0.0
SCS38,weekday_2178,1785768192,18.0,3.648508,101.55056,0.0
SCS21,weekday_2067,1785768217,0.0,3.098605,101.70507,0.0
SCS04,2964,1785768217,116.0,6.041337,100.40147,0.0
SCS38,weekday_2178,1785768282,81.0,3.657802,101.540054,0.0
SCS04,2964,1785768277,117.0,6.056972,100.39262,0.0
DMU05,60,1785768258,60.0,6.092737,102.17277,0.0
SCS27,2967,1785768244,2.0,5.823678,100.47807,0.0
SCS21,weekday_2067,1785768277,0.0,3.098607,101.70516,0.0
SCS28,weekday_2165,1785768272,0.0,3.041422,101.45234,0.0
SCS38,weekday_2178,1785768342,72.0,3.668158,101.532745,0.0
SCS21,weekday_2067,1785768337,0.0,3.098607,101.70516,0.0
SCS28,weekday_2165,1785768332,0.0,3.041422,101.45234,0.0
SCS27,2967,1785768304,84.0,5.81644,100.478645,0.0
SCS04,2964,1785768352,116.0,6.076988,100.38128,0.0
DMU05,60,1785768333,61.0,6.101448,102.1814,0.0
SCS38,weekday_2178,1785768402,37.0,3.675872,101.52742,0.0
SCS21,weekday_2067,1785768397,0.0,3.098607,101.70516,0.0
DMU05,60,1785768393,65.0,6.108262,102.188675,0.0
SCS19,weekday_2182,1785768404,12.0,3.249332,101.55671,0.0
SCS04,2964,1785768397,116.0,6.089078,100.37474,0.0
SCS27,2967,1785768394,115.0,5.791927,100.48456,0.0
SCS28,weekday_2165,1785768407,0.0,3.041422,101.45234,0.0
SCS28,weekday_2165,1785768452,0.0,3.041422,101.45234,0.0
SCS19,weekday_2182,1785768464,26.0,3.25157,101.55542,0.0
SCS21,weekday_2067,1785768457,0.0,3.098607,101.70516,0.0
SCS04,2964,1785768457,106.0,6.104887,100.36659,0.0
DMU05,60,1785768453,33.0,6.114838,102.19674,0.0
SCS38,weekday_2178,1785768447,30.0,3.678695,101.52479,0.0
SCS27,2967,1785768454,117.0,5.775393,100.4921,0.0
SCS27,2967,1785768514,117.0,5.758613,100.49949,0.0
SCS28,weekday_2165,1785768512,0.0,3.041422,101.45234,0.0
SCS04,2964,1785768502,24.0,6.113182,100.36976,0.0
SCS19,weekday_2182,1785768509,36.0,3.25598,101.554535,0.0
SCS21,weekday_2067,1785768502,0.0,3.098607,101.70516,0.0
SCS38,weekday_2178,1785768522,7.0,3.683893,101.51926,0.0
DMU05,60,1785768513,14.0,6.116752,102.19907,0.0
SCS28,weekday_2165,1785768572,0.0,3.041422,101.45234,0.0
SCS38,weekday_2178,1785768552,0.0,3.683938,101.51919,0.0
SCS04,2964,1785768532,0.0,6.113647,100.36998,0.0
SCS27,2967,1785768529,118.0,5.754432,100.50152,0.0
SCS19,weekday_2182,1785768569,0.0,3.257543,101.554665,0.0
SCS21,weekday_2067,1785768532,0.0,3.098607,101.70516,0.0
DMU05,60,1785768573,0.0,6.118578,102.20075,0.0
SCS04,2964,1785768637,115.0,6.126217,100.37567,0.0
DMU05,60,1785768633,0.0,6.118578,102.20075,0.0
SCS28,weekday_2165,1785768647,0.0,3.041422,101.45234,0.0
SCS27,2967,1785768634,115.0,5.724952,100.513084,0.0
SCS19,weekday_2182,1785768629,39.0,3.260768,101.55578,0.0
SCS21,weekday_2067,1785768622,0.0,3.098607,101.70516,0.0
SCS21,weekday_2067,1785768652,0.0,3.098607,101.70516,0.0
DMU05,60,1785768678,8.0,6.119318,102.20139,0.0
SCS19,weekday_2182,1785768659,55.0,3.264177,101.557816,0.0
SCS27,2967,1785768694,114.0,5.707457,100.51157,0.0
SCS28,weekday_2165,1785768692,0.0,3.041422,101.45234,0.0
SCS04,2964,1785768667,118.0,6.134715,100.379524,0.0
SCS21,weekday_2067,1785768742,0.0,3.098607,101.70516,0.0
DMU05,60,1785768753,13.0,6.121508,102.20374,0.0
SCS19,weekday_2182,1785768719,57.0,3.273023,101.561424,0.0
SCS04,2964,1785768757,117.0,6.162093,100.37925,0.0
SCS27,2967,1785768754,114.0,5.690947,100.50494,0.0
SCS28,weekday_2165,1785768752,0.0,3.041422,101.45234,0.0
SCS19,weekday_2182,1785768809,60.0,3.285228,101.56904,0.0
SCS04,2964,1785768817,89.0,6.17989,100.37695,0.0
SCS21,weekday_2067,1785768817,0.0,3.098607,101.70516,0.0
SCS27,2967,1785768814,115.0,5.675642,100.49565,0.0
DMU05,60,1785768798,36.0,6.123322,102.20591,0.0
SCS28,weekday_2165,1785768812,0.0,3.041422,101.45234,0.0
SCS04,2964,1785768877,0.0,6.183793,100.37451,0.0
SCS28,weekday_2165,1785768872,0.0,3.041422,101.45234,0.0
SCS27,2967,1785768874,111.0,5.658303,100.4927,0.0
DMU05,60,1785768873,55.0,6.130807,102.215065,0.0
SCS19,weekday_2182,1785768869,72.0,3.294762,101.57457,0.0
SCS21,weekday_2067,1785768877,0.0,3.098607,101.70516,0.0
SCS21,weekday_2067,1785768937,0.0,3.098607,101.70516,0.0
SCS04,2964,1785768937,58.0,6.185897,100.373116,0.0
SCS27,2967,1785768919,66.0,5.64701,100.49076,0.0
SCS28,weekday_2165,1785768917,0.0,3.041422,101.45234,0.0
SCS19,weekday_2182,1785768914,76.0,3.303678,101.57499,0.0
DMU05,60,1785768933,77.0,6.13783,102.22362,0.0
SCS28,weekday_2165,1785769007,0.0,3.041422,101.45234,0.0
SCS21,weekday_2067,1785768997,0.0,3.098607,101.70516,0.0
DMU05,60,1785768993,44.0,6.145783,102.228,0.0
SCS04,2964,1785768982,115.0,6.195752,100.36868,0.0
SCS27,2967,1785768979,0.0,5.642357,100.48995,0.0
SCS19,weekday_2182,1785768974,48.0,3.313193,101.574875,0.0
SCS21,weekday_2067,1785769057,0.0,3.098607,101.70516,0.0
SCS04,2964,1785769057,116.0,6.218383,100.36406,0.0
SCS27,2967,1785769054,40.0,5.640755,100.4897,0.0
DMU05,60,1785769053,32.0,6.151617,102.22929,0.0
SCS28,weekday_2165,1785769037,0.0,3.041422,101.45234,0.0
SCS19,weekday_2182,1785769019,30.0,3.317677,101.574814,0.0
SCS21,weekday_2067,1785769117,0.0,3.098607,101.70516,0.0
SCS04,2964,1785769117,116.0,6.236402,100.36039,0.0
SCS27,2967,1785769069,63.0,5.63859,100.48936,0.0
SCS28,weekday_2165,1785769127,0.0,3.041422,101.45234,0.0
DMU05,60,1785769113,48.0,6.15665,102.22489,0.0
SCS19,weekday_2182,1785769109,24.0,3.319803,101.57472,0.0
SCS21,weekday_2067,1785769117,0.0,3.098607,101.70516,0.0
SCS27,2967,1785769174,117.0,5.61201,100.49646,0.0
DMU05,60,1785769173,63.0,6.159768,102.21547,0.0
SCS28,weekday_2165,1785769172,0.0,3.041422,101.45234,0.0
SCS04,2964,1785769147,111.0,6.245288,100.35857,0.0
SCS19,weekday_2182,1785769139,33.0,3.32217,101.57329,0.0
SCS19,weekday_2182,1785769244,62.0,3.334072,101.57142,0.0
SCS04,2964,1785769237,116.0,6.271958,100.353134,0.0
SCS28,weekday_2165,1785769217,0.0,3.041422,101.45234,0.0
DMU05,60,1785769188,57.0,6.16081,102.21327,0.0
SCS27,2967,1785769294,117.0,5.57642,100.49585,0.0
SCS28,weekday_2165,1785769292,0.0,3.041422,101.45234,0.0
SCS19,weekday_2182,1785769289,93.0,3.343233,101.572464,0.0
SCS04,2964,1785769267,116.0,6.280955,100.3513,0.0
DMU05,60,1785769293,47.0,6.166225,102.19778,0.0
SCS21,weekday_2067,1785769267,0.0,3.098607,101.70516,0.0
SCS28,weekday_2165,1785769352,0.0,3.041422,101.45234,0.0
SCS04,2964,1785769342,116.0,6.303448,100.3467,0.0
DMU05,60,1785769338,52.0,6.170622,102.19449,0.0
SCS19,weekday_2182,1785769334,86.0,3.353932,101.571754,0.0
SCS27,2967,1785769309,116.0,5.571863,100.4966,0.0
DMU05,60,1785769413,64.0,6.178485,102.18646,0.0
SCS19,weekday_2182,1785769409,85.0,3.362868,101.58118,0.0
SCS04,2964,1785769387,116.0,6.316667,100.34314,0.0
SCS21,weekday_2067,1785769387,0.0,3.098607,101.70516,0.0
SCS27,2967,1785769384,114.0,5.549647,100.50024,0.0
SCS28,weekday_2165,1785769382,0.0,3.041422,101.45234,0.0
SCS27,2967,1785769444,114.0,5.532243,100.504875,0.0
SCS19,weekday_2182,1785769484,109.0,3.366523,101.60022,0.0
SCS04,2964,1785769462,116.0,6.335123,100.32949,0.0
SCS28,weekday_2165,1785769442,0.0,3.041422,101.45234,0.0
SCS19,weekday_2182,1785769544,57.0,3.374212,101.61256,0.0
SCS28,weekday_2165,1785769532,0.0,3.041422,101.45234,0.0
DMU05,60,1785769518,71.0,6.19144,102.17088,0.0
SCS04,2964,1785769492,116.0,6.342478,100.32399,0.0
SCS21,weekday_2067,1785769492,0.0,3.098607,101.70516,0.0
SCS27,2967,1785769489,115.0,5.519153,100.50784,0.0
DMU05,60,1785769578,23.0,6.196898,102.16725,0.0
SCS27,2967,1785769534,114.0,5.506055,100.50442,0.0
SCS19,weekday_2182,1785769604,0.0,3.375663,101.614,0.0
SCS28,weekday_2165,1785769592,0.0,3.041422,101.45234,0.0
SCS04,2964,1785769582,108.0,6.364317,100.30766,0.0
SCS21,weekday_2067,1785769582,0.0,3.098607,101.70516,0.0
DMU05,60,1785769653,0.0,6.19926,102.16729,0.0
SCS28,weekday_2165,1785769637,0.0,3.041422,101.45234,0.0
SCS19,weekday_2182,1785769634,71.0,3.377835,101.616196,0.0
SCS21,weekday_2067,1785769627,0.0,3.098607,101.70516,0.0
SCS04,2964,1785769672,0.0,6.371365,100.30241,0.0
SCS27,2967,1785769669,0.0,5.481622,100.49787,0.0
SCS21,weekday_2067,1785769717,0.0,3.098607,101.70516,0.0
SCS04,2964,1785769702,30.0,6.372117,100.30185,0.0
DMU05,60,1785769698,0.0,6.199342,102.167336,0.0
SCS27,2967,1785769714,29.0,5.481032,100.49771,0.0
SCS28,weekday_2165,1785769652,0.0,3.041422,101.45234,0.0
SCS19,weekday_2182,1785769664,103.0,3.382945,101.62129,0.0
SCS21,weekday_2067,1785769747,21.0,3.099112,101.7044,0.0
SCS27,2967,1785769774,112.0,5.467242,100.49655,0.0
DMU05,60,1785769773,0.0,6.199245,102.16741,0.0
SCS19,weekday_2182,1785769769,101.0,3.411613,101.62736,0.0
SCS28,weekday_2165,1785769757,0.0,3.041422,101.45234,0.0
SCS04,2964,1785769732,89.0,6.376253,100.29877,0.0
SCS04,2964,1785769837,116.0,6.401577,100.27984,0.0
SCS27,2967,1785769834,114.0,5.449825,100.49253,0.0
DMU05,60,1785769833,13.0,6.196593,102.16733,0.0
SCS21,weekday_2067,1785769822,78.0,3.104552,101.69757,0.0
SCS28,weekday_2165,1785769787,0.0,3.041422,101.45234,0.0
SCS19,weekday_2182,1785769829,102.0,3.425907,101.6272,0.0
DMU05,60,1785769893,0.0,6.195398,102.16746,0.0
SCS21,weekday_2067,1785769897,74.0,3.112662,101.68578,0.0
SCS04,2964,1785769897,116.0,6.418488,100.27297,0.0
SCS27,2967,1785769894,115.0,5.432727,100.487076,0.0
SCS19,weekday_2182,1785769889,116.0,3.440602,101.63769,0.0
SCS28,weekday_2165,1785769877,0.0,3.041422,101.45234,0.0
DMU05,60,1785769923,0.0,6.195398,102.16746,0.0
SCS04,2964,1785769942,64.0,6.42997,100.269,0.0
SCS19,weekday_2182,1785769949,113.0,3.458285,101.63888,0.0
SCS21,weekday_2067,1785769957,0.0,3.113872,101.68104,0.0
SCS27,2967,1785769954,114.0,5.417668,100.47734,0.0
SCS28,weekday_2165,1785769952,0.0,3.041422,101.45234,0.0
SCS19,weekday_2182,1785769994,20.0,3.467427,101.63759,0.0
SCS28,weekday_2165,1785769967,0.0,3.041422,101.45234,0.0
SCS27,2967,1785770014,118.0,5.400188,100.47196,0.0
SCS04,2964,1785770017,2.0,6.432628,100.268105,0.0
SCS04,2964,1785770062,84.0,6.43761,100.26638,0.0
SCS27,2967,1785770059,114.0,5.386677,100.47027,0.0
SCS21,weekday_2067,1785770077,0.0,3.119162,101.67884,0.0
SCS28,weekday_2165,1785770072,0.0,3.041422,101.45234,0.0
SCS19,weekday_2182,1785770069,17.0,3.46825,101.63777,0.0
SCS19,weekday_2182,1785770129,115.0,3.481868,101.63961,0.0
SCS27,2967,1785770104,110.0,5.373308,100.468605,0.0
SCS28,weekday_2165,1785770087,0.0,3.041422,101.45234,0.0
SCS19,weekday_2182,1785770204,21.0,3.49915,101.63435,0.0
SCS04,2964,1785770197,116.0,6.476112,100.25376,0.0
SCS27,2967,1785770194,41.0,5.357162,100.465294,0.0
SCS28,weekday_2165,1785770177,0.0,3.041422,101.45234,0.0
SCS21,weekday_2067,1785770152,14.0,3.121942,101.67833,0.0
SCS28,weekday_2165,1785770252,0.0,3.041422,101.45234,0.0
SCS04,2964,1785770272,116.0,6.499032,100.253395,0.0
SCS19,weekday_2182,1785770264,0.0,3.499678,101.63426,0.0
SCS27,2967,1785770254,38.0,5.361375,100.460464,0.0
SCS21,weekday_2067,1785770242,21.0,3.127698,101.6797,0.0
SCS27,2967,1785770314,73.0,5.36574,100.45195,0.0
SCS19,weekday_2182,1785770309,58.0,3.504282,101.6336,0.0
SCS21,weekday_2067,1785770302,18.0,3.13102,101.68248,0.0
SCS04,2964,1785770302,116.0,6.508128,100.25423,0.0
SCS28,weekday_2165,1785770267,0.0,3.041422,101.45234,0.0
SCS04,2964,1785770377,16.0,6.524088,100.25698,0.0
SCS27,2967,1785770374,0.0,5.366425,100.4472,0.0
SCS21,weekday_2067,1785770362,0.0,3.132195,101.68324,0.0
SCS19,weekday_2182,1785770369,69.0,3.513572,101.63094,0.0
SCS21,weekday_2067,1785770422,0.0,3.132195,101.68324,0.0
SCS27,2967,1785770434,18.0,5.366548,100.446236,0.0
SCS04,2964,1785770392,0.0,6.524408,100.25703,0.0
SCS19,weekday_2182,1785770399,77.0,3.518837,101.628716,0.0
SCS27,2967,1785770479,59.0,5.366917,100.44166,0.0
SCS21,weekday_2067,1785770482,8.0,3.136363,101.6905,0.0
SCS04,2964,1785770467,36.0,6.526152,100.25732,0.0
SCS27,2967,1785770554,64.0,5.362902,100.425644,0.0
SCS21,weekday_2067,1785770542,16.0,3.139127,101.69354,0.0
SCS04,2964,1785770542,119.0,6.542827,100.26008,0.0
SCS19,weekday_2182,1785770519,80.0,3.544993,101.63749,0.0
SCS19,weekday_2182,1785770609,0.0,3.552618,101.63958,0.0
SCS04,2964,1785770587,116.0,6.556732,100.25957,0.0
SCS21,weekday_2067,1785770617,0.0,3.140045,101.69384,0.0
SCS21,weekday_2067,1785770617,0.0,3.140045,101.69384,0.0
SCS27,2967,1785770674,0.0,5.364807,100.42076,0.0
SCS19,weekday_2182,1785770624,21.0,3.552907,101.63956,0.0
SCS19,weekday_2182,1785770744,96.0,3.568578,101.618774,0.0
SCS27,2967,1785770704,0.0,5.36481,100.42075,0.0
SCS04,2964,1785770692,117.0,6.588363,100.2628,0.0
SCS04,2964,1785770797,117.0,6.620465,100.26524,0.0
SCS27,2967,1785770764,95.0,5.367098,100.414825,0.0
SCS19,weekday_2182,1785770759,93.0,3.571295,101.61615,0.0
SCS04,2964,1785770872,116.0,6.636788,100.28043,0.0
SCS27,2967,1785770839,95.0,5.375123,100.39697,0.0
SCS19,weekday_2182,1785770804,104.0,3.581503,101.613,0.0
SCS27,2967,1785770854,92.0,5.376855,100.393684,0.0
SCS04,2964,1785770887,116.0,6.63952,100.28411,0.0
SCS19,weekday_2182,1785770894,104.0,3.599505,101.59701,0.0
SCS27,2967,1785770914,86.0,5.383522,100.381195,0.0
SCS04,2964,1785770992,75.0,6.653707,100.30741,0.0
SCS19,weekday_2182,1785770969,115.0,3.614338,101.58094,0.0
SCS27,2967,1785771034,20.0,5.38823,100.372345,0.0
SCS04,2964,1785771007,74.0,6.65543,100.30998,0.0
SCS27,2967,1785771079,19.0,5.39056,100.370155,0.0
SCS04,2964,1785771082,4.0,6.65982,100.31663,0.0
SCS19,weekday_2182,1785771074,115.0,3.637162,101.55976,0.0
SCS27,2967,1785771154,5.0,5.393175,100.36655,0.0
SCS19,weekday_2182,1785771104,101.0,3.644222,101.55476,0.0
SCS04,2964,1785771157,19.0,6.662247,100.31957,0.0
SCS04,2964,1785771187,0.0,6.662932,100.32043,0.0
SCS19,weekday_2182,1785771224,105.0,3.66669,101.53379,0.0
SCS27,2967,1785771184,0.0,5.393203,100.366516,0.0
SCS19,weekday_2182,1785771269,60.0,3.674932,101.52808,0.0
SCS19,weekday_2182,1785771344,40.0,3.680503,101.522865,0.0
SCS19,weekday_2182,1785771389,13.0,3.683888,101.519196,0.0
SCS19,weekday_2182,1785771464,0.0,3.683953,101.51913,0.0
SCS19,weekday_2182,1785771464,0.0,3.683953,101.51913,0.0
