vehicle_id,trip_id,timestamp,speed,lat,lon,bearing
ETS212,9238,1789920011,0.0,3.6839,101.5189,0.0
ETS302,9535,1789920041,90.0,1.7131929,103.53223,0.0
ETS302,9535,1789920041,90.0,1.7131929,103.53223,0.0
ETS302,9535,1789920163,90.0,1.6883409,103.56716,0.0
ETS302,9535,1789920163,90.0,1.6883409,103.56716,0.0
ETS213,9138,1789920213,94.0,5.3656,100.4533,0.0
ETS213,9138,1789920213,94.0,5.3656,100.4533,0.0
ETS302,9535,1789920284,90.0,1.6652875,103.597435,0.0
ETS302,9535,1789920284,90.0,1.6652875,103.597435,0.0
ETS302,9535,1789920405,90.0,1.6642381,103.59996,0.0
SCS32,weekday_2386,1789920397,110.0,3.4588,101.6387,0.0
ETS302,9535,1789920405,90.0,1.6642381,103.59996,0.0
SCS32,weekday_2386,1789920412,86.0,3.4625,101.6376,0.0
ETS207,9058,1789920401,0.0,4.1732,101.1892,0.0
ETS213,9138,1789920393,0.0,5.3664,100.4475,0.0
ETS302,9535,1789920527,90.0,1.6419704,103.62544,0.0
ETS213,9138,1789920558,99.0,5.3659,100.4182,0.0
ETS302,9535,1789920527,90.0,1.6419704,103.62544,0.0
ETS207,9058,1789920521,118.0,4.2107,101.1811,0.0
ETS207,9058,1789920611,126.0,4.2399,101.1763,0.0
ETS302,9535,1789920648,90.0,1.6091353,103.64945,0.0
SCS32,weekday_2386,1789920622,107.0,3.4929,101.6353,0.0
ETS213,9138,1789920588,101.0,5.3688,100.4107,0.0
ETS302,9535,1789920648,90.0,1.6091353,103.64945,0.0
ETS212,9238,1789920656,109.0,3.7915,101.4332,0.0
ETS302,9535,1789920769,90.0,1.5761561,103.67083,0.0
ETS302,9535,1789920769,90.0,1.5761561,103.67083,0.0
ETS212,9238,1789920761,111.0,3.8159,101.4121,0.0
ETS207,9058,1789920806,90.0,4.2875,101.1636,0.0
ETS213,9138,1789920813,0.0,5.3879,100.3727,0.0
SCS32,weekday_2386,1789920847,95.0,3.5227,101.6292,0.0
ETS302,9535,1789920891,90.0,1.5570428,103.69581,0.0
ETS302,9535,1789920891,90.0,1.5570428,103.69581,0.0
ETS212,9238,1789920926,117.0,3.8532,101.3802,0.0
ETS213,9138,1789920933,0.0,5.3913,100.3694,0.0
ETS302,9535,1789921012,90.0,1.5392042,103.71906,0.0
ETS207,9058,1789920971,0.0,4.3021,101.1541,0.0
ETS302,9535,1789921012,90.0,1.5392042,103.71906,0.0
ETS213,9138,1789921008,0.0,5.3929,100.3669,0.0
SCS32,weekday_2386,1789920997,23.0,3.5536,101.6395,0.0
SCS32,weekday_2386,1789921087,78.0,3.5587,101.6371,0.0
ETS213,9138,1789921053,0.0,5.3929,100.3669,0.0
ETS302,9535,1789921133,90.0,1.5365092,103.72458,0.0
ETS302,9535,1789921133,90.0,1.5365092,103.72458,0.0
ETS207,9058,1789921166,125.0,4.3343,101.126,0.0
SCS32,weekday_2386,1789921192,94.0,3.5724,101.6151,0.0
SCS32,weekday_2386,1789921327,95.0,3.5996,101.5964,0.0
SCS32,weekday_2386,1789921402,116.0,3.614,101.5813,0.0
ETS212,9238,1789921421,119.0,3.977,101.3139,0.0
ETS212,9238,1789921586,136.0,4.0249,101.2883,0.0
ETS207,9058,1789921631,47.0,4.4579,101.0503,0.0
SCS32,weekday_2386,1789921612,112.0,3.6597,101.5386,0.0
ETS212,9238,1789921766,115.0,4.0833,101.2719,0.0
ETS212,9238,1789921811,118.0,4.0968,101.2692,0.0
ETS207,9058,1789921796,51.0,4.462,101.0484,0.0
ETS207,9058,1789921931,98.0,4.4902,101.0439,0.0
ETS212,9238,1789922051,137.0,4.1426,101.2069,0.0
ETS212,9238,1789922126,117.0,4.1618,101.1909,0.0
ETS212,9238,1789922666,0.0,4.3026,101.1536,0.0
ETS212,9238,1789922696,0.0,4.3023,101.152,0.0
ETS212,9238,1789922771,5.0,4.3031,101.1528,0.0
ETS212,9238,1789922846,101.0,4.3095,101.1449,0.0
ETS212,9238,1789922876,133.0,4.3171,101.139,0.0
ETS212,9238,1789923056,139.0,4.3677,101.1014,0.0
ETS212,9238,1789923161,121.0,4.397,101.0819,0.0
ETS212,9238,1789923236,136.0,4.4183,101.0702,0.0
ETS212,9238,1789923416,0.0,4.4601,101.0487,0.0
ETS212,9238,1789923521,3.0,4.4595,101.0486,0.0
ETS212,9238,1789923596,52.0,4.4639,101.0474,0.0
ETS212,9238,1789923701,115.0,4.4903,101.0439,0.0
ETS212,9238,1789923776,107.0,4.5149,101.0486,0.0
ETS212,9238,1789923926,30.0,4.5391,101.053,0.0
ETS212,9238,1789923956,25.0,4.5415,101.0536,0.0
ETS212,9238,1789924061,122.0,4.5589,101.058,0.0
ETS212,9238,1789924106,126.0,4.5727,101.064,0.0
ETS212,9238,1789924136,91.0,4.5803,101.0672,0.0
ETS212,9238,1789924211,0.0,4.5874,101.0705,0.0
ETS212,9238,1789924241,0.0,4.5874,101.0705,0.0
ETS212,9238,1789924316,0.0,4.5963,101.0724,0.0
ETS212,9238,1789924421,0.0,4.5963,101.0724,0.0
ETS212,9238,1789924676,61.0,4.6099,101.086,0.0
ETS212,9238,1789925006,120.0,4.6844,101.1419,0.0
ETS212,9238,1789925141,123.0,4.7232,101.1222,0.0
ETS212,9238,1789925216,128.0,4.7487,101.121,0.0
ETS212,9238,1789925321,131.0,4.7779,101.1026,0.0
ETS212,9238,1789925546,0.0,4.8261,101.0553,0.0
ETS212,9238,1789925576,130.0,4.8228,101.0377,0.0
ETS212,9238,1789925651,136.0,4.8383,101.0166,0.0
ETS212,9238,1789925726,118.0,4.8453,100.9917,0.0
ETS212,9238,1789925741,132.0,4.8442,100.9868,0.0
ETS212,9238,1789925906,127.0,4.8115,100.9509,0.0
ETS212,9238,1789925936,130.0,4.8036,100.9442,0.0
ETS212,9238,1789926116,0.0,4.7767,100.9335,0.0
ETS212,9238,1789926266,86.0,4.7749,100.9215,0.0
ETS212,9238,1789926296,80.0,4.7757,100.9145,0.0
ETS212,9238,1789926401,115.0,4.7723,100.889,0.0
ETS212,9238,1789926506,134.0,4.7786,100.8551,0.0
ETS212,9238,1789926581,0.0,4.776,100.8323,0.0
ETS212,9238,1789926581,0.0,4.776,100.8323,0.0
ETS212,9238,1789926761,0.0,4.776,100.8323,0.0
ETS212,9238,1789926986,99.0,4.8416,100.728,0.0
ETS212,9238,1789927016,93.0,4.8486,100.7292,0.0
ETS212,9238,1789927121,0.0,4.8535,100.7333,0.0
ETS212,9238,1789927196,57.0,4.8587,100.7345,0.0
ETS212,9238,1789927331,125.0,4.8935,100.7196,0.0
ETS212,9238,1789927556,122.0,4.9686,100.7289,0.0
ETS212,9238,1789927676,130.0,5.0085,100.7336,0.0
ETS212,9238,1789927721,130.0,5.0209,100.7244,0.0
ETS212,9238,1789927901,131.0,5.0392,100.6684,0.0
ETS212,9238,1789927901,131.0,5.0392,100.6684,0.0
ETS212,9238,1789928081,131.0,5.044,100.6072,0.0
ETS212,9238,1789928081,131.0,5.044,100.6072,0.0
ETS212,9238,1789928246,131.0,5.0257,100.5567,0.0
ETS212,9238,1789928261,128.0,5.0229,100.5525,0.0
ETS212,9238,1789928351,0.0,5.0252,100.529,0.0
ETS212,9238,1789928396,132.0,5.0423,100.5199,0.0
ETS212,9238,1789928501,91.0,5.0736,100.5035,0.0
ETS212,9238,1789928546,130.0,5.0875,100.496,0.0
ETS212,9238,1789928651,111.0,5.1215,100.4881,0.0
ETS212,9238,1789928726,5.0,5.1319,100.4859,0.0
ETS212,9238,1789928786,0.0,5.1311,100.486,0.0
ETS212,9238,1789928801,3.0,5.1313,100.486,0.0
ETS212,9238,1789928906,130.0,5.1543,100.4805,0.0
ETS212,9238,1789928921,0.0,5.1569,100.4799,0.0
ETS212,9238,1789929041,0.0,5.1935,100.482,0.0
ETS212,9238,1789929086,93.0,5.2119,100.491,0.0
ETS212,9238,1789929146,133.0,5.2329,100.4885,0.0
ETS212,9238,1789929176,134.0,5.2438,100.4861,0.0
ETS212,9238,1789929266,115.0,5.2725,100.4797,0.0
ETS212,9238,1789929311,0.0,5.2825,100.4793,0.0
ETS212,9238,1789929371,0.0,5.2958,100.4822,0.0
ETS212,9238,1789929401,127.0,5.3087,100.4767,0.0
ETS212,9238,1789929491,0.0,5.3344,100.4683,0.0
ETS212,9238,1789929536,14.0,5.3413,100.4695,0.0
ETS212,9238,1789929626,0.0,5.3499,100.4672,0.0
ETS212,9238,1789929686,20.0,5.3582,100.4662,0.0
ETS212,9238,1789929731,0.0,5.3582,100.4662,0.0
ETS212,9238,1789929776,0.0,5.3582,100.4662,0.0
ETS212,9238,1789929851,102.0,5.3839,100.47,0.0
ETS212,9238,1789929896,134.0,5.3994,100.4719,0.0
ETS212,9238,1789929971,133.0,5.423,100.4811,0.0
ETS212,9238,1789930016,125.0,5.4367,100.4892,0.0
ETS212,9238,1789930091,0.0,5.4576,100.4944,0.0
ETS212,9238,1789930136,102.0,5.4753,100.4962,0.0
ETS212,9238,1789930211,5.0,5.4826,100.4983,0.0
ETS212,9238,1789930256,4.0,5.4827,100.4983,0.0
ETS212,9238,1789930301,0.0,5.4827,100.4983,0.0
ETS212,9238,1789930391,28.0,5.4851,100.4988,0.0
ETS212,9238,1789930421,64.0,5.4897,100.5002,0.0
ETS212,9238,1789930586,126.0,5.5358,100.5041,0.0
ETS212,9238,1789930661,0.0,5.5491,100.5004,0.0
ETS212,9238,1789930676,0.0,5.5491,100.5004,0.0
ETS212,9238,1789930736,0.0,5.5491,100.5004,0.0
ETS212,9238,1789930826,0.0,5.6152,100.4971,0.0
ETS212,9238,1789930886,108.0,5.6332,100.4904,0.0
ETS212,9238,1789930916,39.0,5.6393,100.4896,0.0
ETS212,9238,1789931021,0.0,5.6411,100.4902,0.0
ETS212,9238,1789931126,0.0,5.6411,100.4902,0.0
ETS212,9238,1789931171,45.0,5.6459,100.4902,0.0
ETS212,9238,1789931231,115.0,5.6603,100.4926,0.0
ETS212,9238,1789931306,0.0,5.68,100.4973,0.0
ETS212,9238,1789931426,131.0,5.7234,100.5139,0.0
ETS212,9238,1789931501,0.0,5.7441,100.508,0.0
ETS212,9238,1789931501,0.0,5.7441,100.508,0.0
ETS212,9238,1789931666,140.0,5.7983,100.4825,0.0
ETS212,9238,1789931786,134.0,5.8392,100.4771,0.0
ETS212,9238,1789931846,0.0,5.8462,100.4764,0.0
ETS212,9238,1789931906,0.0,5.8462,100.4764,0.0
ETS212,9238,1789932026,132.0,5.8939,100.4658,0.0
ETS212,9238,1789932101,135.0,5.9178,100.4565,0.0
ETS212,9238,1789932236,0.0,5.9178,100.4565,0.0
ETS212,9238,1789932341,0.0,5.9178,100.4565,0.0
ETS212,9238,1789932446,0.0,5.9178,100.4565,0.0
ETS212,9238,1789932506,132.0,6.0574,100.3757,0.0
ETS212,9238,1789932581,0.0,6.0586,100.375,0.0
ETS212,9238,1789932686,61.0,6.1153,100.3702,0.0
ETS212,9238,1789932746,0.0,6.1153,100.3702,0.0
ETS212,9238,1789932821,0.0,6.1153,100.3702,0.0
ETS212,9238,1789932926,72.0,6.1206,100.373,0.0
ETS212,9238,1789932971,115.0,6.131,100.3779,0.0
ETS212,9238,1789933016,136.0,6.1458,100.3806,0.0
ETS212,9238,1789933061,128.0,6.1614,100.3795,0.0
ETS212,9238,1789933136,0.0,6.1836,100.3744,0.0
ETS212,9238,1789933226,126.0,6.2128,100.3644,0.0
ETS212,9238,1789933286,130.0,6.2321,100.3604,0.0
ETS212,9238,1789933646,97.0,6.3354,100.328,0.0
ETS212,9238,1789933766,98.0,6.3613,100.3087,0.0
ETS212,9238,1789933796,73.0,6.3662,100.3052,0.0
ETS212,9238,1789933856,70.0,6.3758,100.2991,0.0
ETS212,9238,1789933901,87.0,6.3841,100.293,0.0
ETS212,9238,1789934006,98.0,6.4057,100.2775,0.0
ETS212,9238,1789934051,97.0,6.4167,100.274,0.0
ETS212,9238,1789934126,52.0,6.431,100.2685,0.0
ETS212,9238,1789934186,0.0,6.4312,100.267,0.0
DMU10(D6120),51,1789934181,69.0,6.1627,102.2085,0.0
DMU10(D6120),51,1789934226,72.0,6.1594,102.2163,0.0
ETS212,9238,1789934216,0.0,6.4307,100.2668,0.0
DMU10(D6120),51,1789934301,49.0,6.1549,102.2278,0.0
ETS212,9238,1789934261,0.0,6.4306,100.2669,0.0
DMU10(D6120),51,1789934346,52.0,6.1489,102.2293,0.0
ETS212,9238,1789934366,101.0,6.4481,100.2616,0.0
DMU10(D6120),51,1789934421,69.0,6.1381,102.2238,0.0
ETS212,9238,1789934396,129.0,6.458,100.2586,0.0
ETS212,9238,1789934486,130.0,6.4877,100.2527,0.0
DMU10(D6120),51,1789934481,75.0,6.1307,102.215,0.0
ETS212,9238,1789934516,0.0,6.4967,100.2523,0.0
DMU10(D6120),51,1789934541,45.0,6.1236,102.2063,0.0
ETS212,9238,1789934576,125.0,6.5176,100.2546,0.0
DMU10(D6120),51,1789934646,13.0,6.1192,102.2014,0.0
ETS212,9238,1789934666,0.0,6.5445,100.2587,0.0
DMU10(D6120),51,1789934706,0.0,6.1185,102.2009,0.0
ETS212,9238,1789934726,0.0,6.5445,100.2587,0.0
ETS212,9238,1789934771,135.0,6.5848,100.2618,0.0
DMU10(D6120),51,1789934781,4.0,6.1185,102.2008,0.0
DMU10(D6120),51,1789934826,19.0,6.117,102.1995,0.0
ETS212,9238,1789934846,124.0,6.6115,100.2629,0.0
DMU10(D6120),51,1789934901,44.0,6.1135,102.1952,0.0
ETS212,9238,1789934876,119.0,6.6205,100.2643,0.0
DMU10(D6120),51,1789934946,65.0,6.1092,102.1898,0.0
ETS212,9238,1789934966,124.0,6.6417,100.2869,0.0
ETS212,9238,1789935026,89.0,6.6498,100.3015,0.0
DMU10(D6120),51,1789935021,77.0,6.0988,102.1787,0.0
DMU10(D6120),51,1789935081,0.0,6.0946,102.1746,0.0
DMU10(D6120),51,1789935141,24.0,6.0938,102.1738,0.0
DMU10(D6120),51,1789935201,68.0,6.0867,102.1684,0.0
DMU10(D6120),51,1789935246,69.0,6.0799,102.1637,0.0
DMU10(D6120),51,1789935336,71.0,6.0661,102.1546,0.0
DMU10(D6120),51,1789935366,68.0,6.0611,102.152,0.0
DMU10(D6120),51,1789935456,39.0,6.047,102.1446,0.0
DMU10(D6120),51,1789935486,10.0,6.0451,102.1436,0.0
DMU10(D6120),51,1789935576,0.0,6.0428,102.1424,0.0
DMU10(D6120),51,1789935621,0.0,6.0428,102.1425,0.0
DMU10(D6120),51,1789935651,0.0,6.0428,102.1423,0.0
DMU10(D6120),51,1789935741,13.0,6.0398,102.1408,0.0
DMU10(D6120),51,1789935816,13.0,6.0364,102.1394,0.0
DMU10(D6120),51,1789935861,43.0,6.0327,102.1395,0.0
DMU10(D6120),51,1789935936,56.0,6.0211,102.1404,0.0
DMU10(D6120),51,1789935966,62.0,6.0163,102.14,0.0
DMU10(D6120),51,1789936041,67.0,6.0036,102.1414,0.0
DMU10(D6120),51,1789936101,70.0,5.9926,102.1422,0.0
DMU10(D6120),51,1789936176,58.0,5.9807,102.1429,0.0
DMU10(D6120),51,1789936221,60.0,5.9729,102.1435,0.0
DMU10(D6120),51,1789936296,0.0,5.9661,102.1439,0.0
DMU10(D6120),51,1789936341,1.0,5.966,102.144,0.0
DMU10(D6120),51,1789936416,59.0,5.9586,102.1451,0.0
DMU10(D6120),51,1789936461,62.0,5.9515,102.147,0.0
DMU10(D6120),51,1789936491,64.0,5.9466,102.1484,0.0
DMU10(D6120),51,1789936566,64.0,5.9339,102.1519,0.0
DMU10(D6120),51,1789936656,64.0,5.9186,102.1561,0.0
DMU10(D6120),51,1789936686,67.0,5.9134,102.1575,0.0
DMU10(D6120),51,1789936776,70.0,5.8964,102.1579,0.0
DMU10(D6120),51,1789936806,23.0,5.8926,102.1575,0.0
DMU10(D6120),51,1789936896,19.0,5.8909,102.1572,0.0
DMU10(D6120),51,1789936926,46.0,5.888,102.1569,0.0
DMU10(D6120),51,1789937001,61.0,5.8768,102.1555,0.0
DMU10(D6120),51,1789937046,69.0,5.8688,102.1545,0.0
DMU10(D6120),51,1789937106,70.0,5.8577,102.1531,0.0
DMU10(D6120),51,1789937166,71.0,5.8463,102.1517,0.0
DMU10(D6120),51,1789937226,68.0,5.835,102.1502,0.0
DMU10(D6120),51,1789937286,70.0,5.8238,102.1488,0.0
DMU10(D6120),51,1789937376,35.0,5.8081,102.147,0.0
DMU10(D6120),51,1789937406,4.0,5.8064,102.1468,0.0
DMU10(D6120),51,1789937496,0.0,5.8064,102.1466,0.0
DMU10(D6120),51,1789937526,0.0,5.8065,102.1465,0.0
DMU10(D6120),51,1789937601,8.0,5.806,102.1466,0.0
DMU10(D6120),51,1789937676,55.0,5.7987,102.1458,0.0
DMU10(D6120),51,1789937721,68.0,5.7911,102.1448,0.0
DMU10(D6120),51,1789937766,70.0,5.783,102.1437,0.0
DMU10(D6120),51,1789937841,65.0,5.7697,102.1395,0.0
DMU10(D6120),51,1789937886,58.0,5.7641,102.1436,0.0
DMU10(D6120),51,1789937961,52.0,5.76,102.154,0.0
ETS302,61,1789938019,90.0,1.5413502,103.71528,0.0
DMU10(D6120),51,1789938036,67.0,5.7481,102.1579,0.0
DMU10(D6120),51,1789938081,70.0,5.7399,102.1602,0.0
ETS302,61,1789938142,90.0,1.5413502,103.71528,0.0
DMU10(D6120),51,1789938156,69.0,5.7262,102.1596,0.0
DMU10(D6120),51,1789938201,75.0,5.718,102.1564,0.0
ETS302,61,1789938263,90.0,1.5413502,103.71528,0.0
DMU10(D6120),51,1789938246,54.0,5.7099,102.1534,0.0
DMU10(D6120),51,1789938321,10.0,5.7048,102.1519,0.0
DMU10(D6120),51,1789938366,3.0,5.703,102.1519,0.0
DMU10(D6120),51,1789938441,9.0,5.7026,102.1519,0.0
DMU10(D6120),51,1789938486,12.0,5.7005,102.1519,0.0
DMU10(D6120),51,1789938561,59.0,5.6934,102.152,0.0
SCS29,weekday_2004,1789938534,0.0,2.4631,102.2267,0.0
DMU10(D6120),51,1789938606,63.0,5.6858,102.1527,0.0
SCS29,weekday_2004,1789938624,0.0,2.4631,102.2267,0.0
DMU10(D6120),51,1789938666,65.0,5.6757,102.1562,0.0
SCS29,weekday_2004,1789938654,13.0,2.4634,102.2262,0.0
DMU10(D6120),51,1789938756,61.0,5.6598,102.1569,0.0
SCS29,weekday_2004,1789938729,41.0,2.4667,102.2205,0.0
DMU10(D6120),51,1789938801,73.0,5.6519,102.1579,0.0
SCS29,weekday_2004,1789938774,52.0,2.4695,102.2153,0.0
DMU10(D6120),51,1789938846,73.0,5.6433,102.1594,0.0
SCS29,weekday_2004,1789938879,114.0,2.4533,102.1972,0.0
DMU10(D6120),51,1789938921,78.0,5.6287,102.1637,0.0
SCS21,weekday_2103,1789938920,0.0,3.6853,101.5177,0.0
ETS214,9121,1789938914,0.0,5.3933,100.3666,0.0
SCS29,weekday_2004,1789938924,114.0,2.4555,102.185,0.0
SCS29,weekday_2004,1789938984,113.0,2.4728,102.1812,0.0
SCS21,weekday_2103,1789938935,0.0,3.6853,101.5177,0.0
DMU10(D6120),51,1789938966,69.0,5.6201,102.1658,0.0
SCS29,weekday_2004,1789939044,115.0,2.4907,102.1788,0.0
SCS21,weekday_2103,1789939040,96.0,3.6792,101.5242,0.0
ETS214,9121,1789939004,0.0,5.3933,100.3667,0.0
DMU10(D6120),51,1789939026,64.0,5.6095,102.1685,0.0
DMU10(D6120),51,1789939116,9.0,5.6017,102.1749,0.0
SCS21,weekday_2103,1789939115,114.0,3.6614,101.5375,0.0
SCS29,weekday_2004,1789939104,0.0,2.4989,102.1759,0.0
SCS21,weekday_2103,1789939145,112.0,3.6547,101.5433,0.0
SCS29,weekday_2004,1789939164,28.0,2.5014,102.1749,0.0
DMU10(D6120),51,1789939161,23.0,5.5997,102.1757,0.0
DMU10(D6120),51,1789939206,48.0,5.5948,102.1765,0.0
SCS21,weekday_2103,1789939205,115.0,3.6424,101.5563,0.0
SCS29,weekday_2004,1789939209,103.0,2.5101,102.1714,0.0
SCS23,2901,1789939208,0.0,6.6622,100.3194,0.0
EMU39,2900,1789939207,0.0,5.3932,100.3665,0.0
SCS29,weekday_2004,1789939284,113.0,2.5298,102.1615,0.0
EMU39,2900,1789939282,7.0,5.3914,100.369,0.0
DMU10(D6120),51,1789939281,64.0,5.5863,102.1826,0.0
SCS23,2901,1789939268,15.0,6.6613,100.3182,0.0
SCS21,weekday_2103,1789939295,113.0,3.6209,101.5724,0.0
ETS214,9121,1789939289,95.0,5.3712,100.4044,0.0
SCS29,weekday_2004,1789939329,113.0,2.5382,102.1509,0.0
EMU39,2900,1789939327,23.0,5.3902,100.3704,0.0
SCS23,2901,1789939358,43.0,6.6568,100.312,0.0
DMU10(D6120),51,1789939356,71.0,5.5731,102.186,0.0
SCS21,weekday_2103,1789939295,113.0,3.6209,101.5724,0.0
ETS214,9121,1789939319,95.0,5.3684,100.4114,0.0
SCS29,weekday_2004,1789939404,113.0,2.5523,102.1336,0.0
SCS23,2901,1789939403,49.0,6.6536,100.3073,0.0
EMU39,2900,1789939402,50.0,5.3863,100.3758,0.0
DMU10(D6120),51,1789939401,64.0,5.5654,102.1887,0.0
SCS21,weekday_2103,1789939355,116.0,3.6095,101.5862,0.0
SCS29,weekday_2004,1789939449,116.0,2.5606,102.1231,0.0
EMU39,2900,1789939447,97.0,5.3818,100.3843,0.0
DMU10(D6120),51,1789939431,71.0,5.5607,102.1913,0.0
SCS23,2901,1789939478,116.0,6.6453,100.2919,0.0
SCS21,weekday_2103,1789939475,114.0,3.5878,101.6094,0.0
SCS29,weekday_2004,1789939524,105.0,2.5735,102.1063,0.0
SCS23,2901,1789939523,114.0,6.6372,100.281,0.0
EMU39,2900,1789939522,91.0,5.3731,100.4008,0.0
DMU10(D6120),51,1789939521,68.0,5.545,102.196,0.0
ETS214,9121,1789939484,49.0,5.3668,100.4452,0.0
SCS29,weekday_2004,1789939569,74.0,2.5835,102.1004,0.0
DMU10(D6120),51,1789939596,29.0,5.5332,102.2015,0.0
SCS23,2901,1789939598,114.0,6.6216,100.2655,0.0
SCS21,weekday_2103,1789939565,111.0,3.5676,101.6202,0.0
EMU39,2900,1789939567,99.0,5.3684,100.4114,0.0
SCS21,weekday_2103,1789939610,99.0,3.5615,101.631,0.0
SCS23,2901,1789939628,114.0,6.6127,100.2641,0.0
SCS29,weekday_2004,1789939644,17.0,2.5922,102.0951,0.0
EMU39,2900,1789939642,0.0,5.3646,100.4213,0.0
DMU10(D6120),51,1789939641,10.0,5.5313,102.2024,0.0
ETS214,9121,1789939709,76.0,5.3616,100.4603,0.0
SCS23,2901,1789939718,115.0,6.5857,100.2626,0.0
EMU39,2900,1789939717,91.0,5.3626,100.4314,0.0
DMU10(D6120),51,1789939716,0.0,5.5302,102.203,0.0
SCS21,weekday_2103,1789939715,0.0,3.5539,101.6395,0.0
DMU10(D6120),51,1789939746,0.0,5.5302,102.203,0.0
SCS21,weekday_2103,1789939745,6.0,3.5538,101.6395,0.0
SCS29,weekday_2004,1789939764,76.0,2.5984,102.0914,0.0
SCS23,2901,1789939763,117.0,6.5725,100.2595,0.0
EMU39,2900,1789939762,95.0,5.367,100.4422,0.0
SCS23,2901,1789939808,116.0,6.5586,100.2595,0.0
DMU10(D6120),51,1789939806,0.0,5.5301,102.203,0.0
SCS28,weekday_2006,1789939802,0.0,2.464,102.2257,0.0
SCS21,weekday_2103,1789939895,97.0,3.5211,101.629,0.0
SCS28,weekday_2006,1789939892,1.0,2.464,102.2256,0.0
SCS29,weekday_2004,1789939884,107.0,2.6261,102.072,0.0
SCS23,2901,1789939883,116.0,6.5361,100.259,0.0
EMU39,2900,1789939882,21.0,5.3664,100.4478,0.0
DMU10(D6120),51,1789939881,10.0,5.5281,102.2039,0.0
EMU23,2801,1789939887,14.0,5.392,100.3684,0.0
SCS23,2901,1789939943,32.0,6.5247,100.2571,0.0
EMU39,2900,1789939942,54.0,5.3649,100.4564,0.0
DMU10(D6120),51,1789939941,17.0,5.5259,102.205,0.0
SCS21,weekday_2103,1789939895,97.0,3.5211,101.629,0.0
SCS28,weekday_2006,1789939892,1.0,2.464,102.2256,0.0
SCS23,2901,1789940003,0.0,6.5231,100.2568,0.0
EMU23,2801,1789939992,44.0,5.3863,100.3757,0.0
SCS28,weekday_2006,1789939982,23.0,2.4663,102.2213,0.0
EMU39,2900,1789939987,47.0,5.3607,100.4611,0.0
SCS29,weekday_2004,1789940019,70.0,2.6372,102.0411,0.0
DMU10(D6120),51,1789940016,46.0,5.5185,102.2084,0.0
SCS21,weekday_2103,1789940015,0.0,3.5009,101.6341,0.0
SCS29,weekday_2004,1789940019,70.0,2.6372,102.0411,0.0
SCS23,2901,1789940048,92.0,6.5179,100.2559,0.0
DMU10(D6120),51,1789940046,47.0,5.5146,102.2091,0.0
EMU23,2801,1789940022,86.0,5.384,100.3804,0.0
EMU39,2900,1789940129,111.0,5.3757,100.4688,0.0
SCS21,weekday_2103,1789940135,110.0,3.4813,101.6397,0.0
SCS28,weekday_2006,1789940132,116.0,2.4629,102.2032,0.0
DMU10(D6120),51,1789940121,48.0,5.5044,102.2117,0.0
SCS23,2901,1789940138,114.0,6.4914,100.2535,0.0
SCS29,weekday_2004,1789940124,67.0,2.6505,102.0278,0.0
ETS214,9121,1789940114,133.0,5.2441,100.4861,0.0
EMU23,2801,1789940187,63.0,5.3666,100.4162,0.0
DMU06,50,1789940186,13.0,4.1882,102.0521,0.0
EMU39,2900,1789940159,117.0,5.3847,100.47,0.0
SCS28,weekday_2006,1789940162,114.0,2.4547,102.1991,0.0
DMU10(D6120),51,1789940256,51.0,5.487,102.2174,0.0
SCS28,weekday_2006,1789940252,114.0,2.466,102.1821,0.0
EMU23,2801,1789940247,0.0,5.3646,100.4213,0.0
DMU06,50,1789940246,34.0,4.1906,102.0492,0.0
SCS29,weekday_2004,1789940229,75.0,2.6548,102.0105,0.0
SCS23,2901,1789940228,114.0,6.4648,100.257,0.0
SCS21,weekday_2103,1789940255,0.0,3.469,101.6379,0.0
DMU10(D6120),51,1789940301,42.0,5.4814,102.2186,0.0
ETS214,9121,1789940264,135.0,5.1949,100.4818,0.0
SCS29,weekday_2004,1789940304,22.0,2.658,102.0011,0.0
SCS23,2901,1789940303,112.0,6.4437,100.2643,0.0
DMU06,50,1789940291,51.0,4.1936,102.0449,0.0
EMU23,2801,1789940277,4.0,5.3646,100.4213,0.0
EMU23,2801,1789940382,86.0,5.3665,100.4401,0.0
DMU06,50,1789940351,58.0,4.2006,102.0382,0.0
SCS29,weekday_2004,1789940349,19.0,2.6587,101.9983,0.0
SCS21,weekday_2103,1789940345,115.0,3.4555,101.6397,0.0
DMU10(D6120),51,1789940346,37.0,5.4765,102.2203,0.0
SCS28,weekday_2006,1789940312,114.0,2.4839,102.1797,0.0
SCS23,2901,1789940348,39.0,6.4345,100.2674,0.0
EMU31,2903,1789940385,0.0,6.6628,100.3196,0.0
SCS21,weekday_2103,1789940435,111.0,3.4307,101.631,0.0
SCS28,weekday_2006,1789940432,114.0,2.5187,102.1679,0.0
EMU23,2801,1789940427,24.0,5.3665,100.447,0.0
SCS23,2901,1789940423,0.0,6.4314,100.2685,0.0
DMU10(D6120),51,1789940421,0.0,5.4725,102.2222,0.0
SCS23,2901,1789940468,59.0,6.4285,100.2695,0.0
DMU10(D6120),51,1789940466,6.0,5.4723,102.2223,0.0
SCS21,weekday_2103,1789940465,85.0,3.4247,101.6264,0.0
EMU23,2801,1789940457,0.0,5.3664,100.4473,0.0
SCS29,weekday_2004,1789940499,9.0,2.6603,101.9963,0.0
EMU39,2900,1789940458,120.0,5.4708,100.496,0.0
SCS28,weekday_2006,1789940462,114.0,2.5269,102.1643,0.0
DMU10(D6120),51,1789940526,57.0,5.4672,102.2247,0.0
SCS29,weekday_2004,1789940529,41.0,2.662,101.9946,0.0
SCS23,2901,1789940528,117.0,6.4135,100.2746,0.0
EMU23,2801,1789940517,66.0,5.3658,100.4513,0.0
SCS29,weekday_2004,1789940619,82.0,2.6736,101.9833,0.0
SCS23,2901,1789940618,114.0,6.3904,100.2882,0.0
DMU10(D6120),51,1789940616,39.0,5.4546,102.2287,0.0
SCS21,weekday_2103,1789940615,104.0,3.3859,101.6244,0.0
SCS28,weekday_2006,1789940612,115.0,2.5558,102.1299,0.0
DMU06,50,1789940606,75.0,4.2282,102.0011,0.0
EMU23,2801,1789940592,113.0,5.354,100.4659,0.0
ETS214,9121,1789940579,0.0,5.1311,100.4862,0.0
EMU39,2900,1789940578,0.0,5.482,100.4979,0.0
EMU23,2801,1789940622,116.0,5.3454,100.4689,0.0
DMU06,50,1789940621,74.0,4.2294,101.9983,0.0
EMU31,2903,1789940625,42.0,6.6541,100.308,0.0
ETS214,9121,1789940624,12.0,5.1308,100.4862,0.0
EMU39,2900,1789940623,59.0,5.4852,100.4988,0.0
SCS23,2901,1789940723,29.0,6.3713,100.3024,0.0
DMU10(D6120),51,1789940721,43.0,5.444,102.2306,0.0
EMU31,2903,1789940700,95.0,6.6475,100.2948,0.0
ETS214,9121,1789940699,108.0,5.1174,100.489,0.0
SCS21,weekday_2103,1789940735,0.0,3.3765,101.6149,0.0
SCS28,weekday_2006,1789940732,106.0,2.5779,102.1038,0.0
EMU39,2900,1789940728,102.0,5.5093,100.5052,0.0
DMU06,50,1789940726,0.0,4.2328,101.9902,0.0
EMU23,2801,1789940727,112.0,5.3142,100.4742,0.0
SCS29,weekday_2004,1789940724,6.0,2.6846,101.9743,0.0
EMU23,2801,1789940757,112.0,5.306,100.4778,0.0
DMU06,50,1789940756,4.0,4.2328,101.9901,0.0
SCS29,weekday_2004,1789940754,8.0,2.6854,101.9739,0.0
SCS23,2901,1789940753,0.0,6.3703,100.3032,0.0
DMU10(D6120),51,1789940751,35.0,5.4411,102.232,0.0
SCS21,weekday_2103,1789940750,0.0,3.3765,101.6149,0.0
EMU39,2900,1789940743,108.0,5.5134,100.5063,0.0
SCS21,weekday_2103,1789940855,114.0,3.3644,101.5941,0.0
SCS28,weekday_2006,1789940852,0.0,2.5936,102.0943,0.0
EMU23,2801,1789940817,63.0,5.292,100.4831,0.0
SCS29,weekday_2004,1789940814,24.0,2.6883,101.9726,0.0
DMU10(D6120),51,1789940856,55.0,5.4288,102.2367,0.0
EMU31,2903,1789940850,120.0,6.6161,100.2646,0.0
SCS23,2901,1789940843,115.0,6.3608,100.3103,0.0
DMU06,50,1789940816,26.0,4.2339,101.9875,0.0
SCS28,weekday_2006,1789940912,52.0,2.5961,102.0929,0.0
ETS214,9121,1789940909,131.0,5.0509,100.5157,0.0
DMU06,50,1789940876,74.0,4.2374,101.9792,0.0
SCS23,2901,1789940873,113.0,6.3535,100.3157,0.0
DMU10(D6120),51,1789940871,54.0,5.4265,102.2375,0.0
SCS21,weekday_2103,1789940870,107.0,3.3636,101.5898,0.0
EMU39,2900,1789940863,110.0,5.5466,100.5008,0.0
SCS28,weekday_2006,1789940912,52.0,2.5961,102.0929,0.0
DMU10(D6120),51,1789940961,34.0,5.4184,102.2394,0.0
EMU23,2801,1789940970,13.0,5.2861,100.4808,0.0
DMU06,50,1789940951,74.0,4.2465,101.9676,0.0
SCS29,weekday_2004,1789940949,16.0,2.6914,101.9713,0.0
SCS23,2901,1789940948,114.0,6.3355,100.3292,0.0
SCS21,weekday_2103,1789940945,83.0,3.3616,101.5736,0.0
SCS09,weekday_2008,1789941005,0.0,2.464,102.2257,0.0
SCS28,weekday_2006,1789941002,100.0,2.6136,102.0822,0.0
EMU23,2801,1789941000,74.0,5.2825,100.4794,0.0
DMU10(D6120),51,1789941006,37.0,5.4145,102.2373,0.0
SCS21,weekday_2103,1789941005,112.0,3.3467,101.5723,0.0
SCS23,2901,1789941008,114.0,6.3211,100.34,0.0
DMU06,50,1789940996,79.0,4.2484,101.9585,0.0
ETS214,9121,1789940984,131.0,5.0277,100.5279,0.0
DMU06,50,1789941056,86.0,4.2487,101.9451,0.0
DMU10(D6120),51,1789941081,17.0,5.4089,102.2316,0.0
SCS09,weekday_2008,1789941080,18.0,2.4645,102.2247,0.0
SCS21,weekday_2103,1789941095,40.0,3.3292,101.569,0.0
SCS28,weekday_2006,1789941092,110.0,2.6311,102.0628,0.0
EMU31,2903,1789941090,113.0,6.5423,100.26,0.0
EMU23,2801,1789941090,116.0,5.2575,100.4832,0.0
ETS214,9121,1789941089,134.0,5.027,100.5586,0.0
SCS28,weekday_2006,1789941137,112.0,2.6361,102.0507,0.0
EMU31,2903,1789941135,88.0,6.5304,100.258,0.0
EMU23,2801,1789941135,114.0,5.2443,100.4861,0.0
SCS21,weekday_2103,1789941140,35.0,3.3251,101.5713,0.0
DMU06,50,1789941146,56.0,4.2534,101.9291,0.0
SCS23,2901,1789941143,114.0,6.2825,100.3509,0.0
DMU10(D6120),51,1789941141,12.0,5.4065,102.231,0.0
SCS09,weekday_2008,1789941140,18.0,2.4665,102.2209,0.0
ETS214,9121,1789941134,131.0,5.0357,100.5714,0.0
DMU10(D6120),51,1789941186,46.0,5.4022,102.2315,0.0
SCS09,weekday_2008,1789941185,16.0,2.4677,102.2187,0.0
DMU06,50,1789941176,42.0,4.256,101.9257,0.0
EMU39,2900,1789941223,14.0,5.6423,100.4899,0.0
EMU31,2903,1789941270,89.0,6.5166,100.2557,0.0
DMU06,50,1789941236,17.0,4.2587,101.9255,0.0
ETS214,9121,1789941224,129.0,5.0445,100.5991,0.0
SCS21,weekday_2103,1789941275,0.0,3.32,101.5748,0.0
EMU23,2801,1789941270,116.0,5.205,100.4873,0.0
SCS29,weekday_2004,1789941261,17.0,2.7031,101.9562,0.0
DMU10(D6120),51,1789941261,21.0,5.3948,102.2321,0.0
SCS09,weekday_2008,1789941260,89.0,2.4695,102.2086,0.0
SCS28,weekday_2006,1789941257,99.0,2.6535,102.0244,0.0
SCS21,weekday_2103,1789941335,28.0,3.3182,101.5749,0.0
SCS25,weekday_2106,1789941328,0.0,2.9993,101.3916,0.0
SCS23,2901,1789941323,111.0,6.2298,100.3617,0.0
SCS29,weekday_2004,1789941321,23.0,2.7052,101.9535,0.0
DMU10(D6120),51,1789941321,0.0,5.3915,102.2321,0.0
SCS09,weekday_2008,1789941320,113.0,2.4553,102.1997,0.0
SCS21,weekday_2103,1789941395,99.0,3.3063,101.575,0.0
SCS09,weekday_2008,1789941395,117.0,2.4606,102.1828,0.0
SCS32,weekday_2107,1789941392,27.0,3.6823,101.5209,0.0
SCS28,weekday_2006,1789941392,29.0,2.6582,102.0002,0.0
SCS29,weekday_2004,1789941366,22.0,2.708,101.9522,0.0
EMU23,2801,1789941390,58.0,5.1738,100.4796,0.0
ETS214,9121,1789941389,120.0,5.04,100.656,0.0
DMU10(D6120),51,1789941351,0.0,5.3915,102.2321,0.0
SCS25,weekday_2106,1789941360,4.0,2.9994,101.3914,0.0
EMU39,2900,1789941387,0.0,5.6672,100.4941,0.0
DMU06,50,1789941386,72.0,4.2834,101.9197,0.0
EMU31,2903,1789941386,120.0,6.4816,100.2536,0.0
SCS23,2901,1789941368,114.0,6.2166,100.3644,0.0
SCS23,2901,1789941428,114.0,6.1989,100.368,0.0
SCS09,weekday_2008,1789941425,116.0,2.4697,102.1816,0.0
SCS21,weekday_2103,1789941425,75.0,3.2993,101.5748,0.0
EMU23,2801,1789941420,20.0,5.1701,100.4797,0.0
SCS25,weekday_2106,1789941426,9.0,3.0015,101.3908,0.0
DMU10(D6120),51,1789941426,24.0,5.3882,102.232,0.0
SCS28,weekday_2006,1789941422,27.0,2.659,101.9979,0.0
EMU31,2903,1789941446,120.0,6.4633,100.2575,0.0
DMU06,50,1789941446,38.0,4.292,101.9222,0.0
EMU39,2900,1789941426,115.0,5.6783,100.4965,0.0
DMU10(D6120),51,1789941516,42.0,5.3784,102.2341,0.0
EMU39,2900,1789941516,107.0,5.7013,100.5099,0.0
SCS21,weekday_2103,1789941500,79.0,3.2848,101.5688,0.0
SCS25,weekday_2106,1789941499,38.0,3.0047,101.3934,0.0
SCS32,weekday_2107,1789941497,113.0,3.6657,101.5345,0.0
SCS28,weekday_2006,1789941497,0.0,2.661,101.9957,0.0
EMU23,2801,1789941495,48.0,5.1673,100.4797,0.0
DMU06,50,1789941491,46.0,4.2956,101.9215,0.0
SCS29,weekday_2004,1789941486,17.0,2.7136,101.9482,0.0
SCS09,weekday_2008,1789941485,117.0,2.4879,102.1791,0.0
EMU31,2903,1789941476,117.0,6.4544,100.2606,0.0
SCS23,2901,1789941473,81.0,6.1871,100.3723,0.0
SCS25,weekday_2106,1789941565,46.0,3.0109,101.4001,0.0
EMU39,2900,1789941561,121.0,5.7145,100.5132,0.0
DMU10(D6120),51,1789941561,44.0,5.374,102.2313,0.0
SCS29,weekday_2004,1789941561,36.0,2.7175,101.9424,0.0
SCS32,weekday_2107,1789941557,112.0,3.6522,101.5462,0.0
SCS23,2901,1789941518,13.0,6.1831,100.375,0.0
SCS09,weekday_2008,1789941515,120.0,2.4968,102.1768,0.0
SCS28,weekday_2006,1789941557,0.0,2.661,101.9957,0.0
DMU06,50,1789941521,74.0,4.3005,101.9212,0.0
SCS21,weekday_2103,1789941560,71.0,3.275,101.562,0.0
EMU23,2801,1789941555,118.0,5.1532,100.4809,0.0
EMU31,2903,1789941521,102.0,6.4419,100.2649,0.0
SCS23,2901,1789941608,98.0,6.1763,100.3782,0.0
SCS29,weekday_2004,1789941606,0.0,2.7186,101.9408,0.0
SCS25,weekday_2106,1789941627,0.0,3.0131,101.4024,0.0
EMU31,2903,1789941596,9.0,6.4317,100.2684,0.0
DMU06,50,1789941596,78.0,4.3155,101.9191,0.0
SCS21,weekday_2103,1789941635,29.0,3.2635,101.5575,0.0
SCS28,weekday_2006,1789941632,3.0,2.6611,101.9956,0.0
SCS32,weekday_2107,1789941632,115.0,3.6353,101.5608,0.0
SCS09,weekday_2008,1789941620,110.0,2.5268,102.1644,0.0
EMU26,2905,1789941607,0.0,6.6624,100.3197,0.0
DMU10(D6120),51,1789941606,22.0,5.371,102.2288,0.0
EMU39,2900,1789941591,114.0,5.7236,100.5136,0.0
EMU39,2900,1789941696,114.0,5.7509,100.503,0.0
DMU10(D6120),51,1789941696,56.0,5.3617,102.2251,0.0
SCS09,weekday_2008,1789941695,114.0,2.5412,102.1472,0.0
SCS25,weekday_2106,1789941676,38.0,3.0145,101.4039,0.0
ETS214,9121,1789941659,129.0,5.0066,100.7344,0.0
EMU31,2903,1789941656,56.0,6.4293,100.2692,0.0
SCS29,weekday_2004,1789941651,0.0,2.7186,101.9408,0.0
SCS28,weekday_2006,1789941647,19.0,2.6617,101.995,0.0
SCS32,weekday_2107,1789941647,114.0,3.6316,101.5633,0.0
SCS21,weekday_2103,1789941680,17.0,3.2626,101.5569,0.0
EMU23,2801,1789941675,0.0,5.1308,100.4862,0.0
SCS23,2901,1789941668,114.0,6.1584,100.3795,0.0
EMU26,2905,1789941667,0.0,6.6624,100.3197,0.0
DMU06,50,1789941656,76.0,4.3283,101.9189,0.0
SCS23,2901,1789941698,114.0,6.1494,100.3801,0.0
DMU06,50,1789941701,78.0,4.3373,101.9173,0.0
SCS29,weekday_2004,1789941741,16.0,2.7196,101.9387,0.0
DMU10(D6120),51,1789941741,59.0,5.3547,102.225,0.0
SCS09,weekday_2008,1789941740,116.0,2.5497,102.1365,0.0
EMU26,2905,1789941742,45.0,6.6596,100.3163,0.0
EMU39,2900,1789941741,118.0,5.7634,100.4971,0.0
SCS25,weekday_2106,1789941701,43.0,3.0166,101.4061,0.0
SCS21,weekday_2103,1789941695,30.0,3.2615,101.5562,0.0
SCS28,weekday_2006,1789941692,37.0,2.6643,101.9929,0.0
SCS32,weekday_2107,1789941692,114.0,3.6213,101.572,0.0
EMU23,2801,1789941810,111.0,5.1078,100.4909,0.0
SCS25,weekday_2106,1789941805,0.0,3.0203,101.4101,0.0
SCS29,weekday_2004,1789941801,16.0,2.7208,101.9358,0.0
EMU26,2905,1789941787,41.0,6.6566,100.3116,0.0
SCS28,weekday_2006,1789941782,89.0,2.6759,101.9818,0.0
SCS09,weekday_2008,1789941785,116.0,2.5586,102.1263,0.0
SCS21,weekday_2103,1789941785,40.0,3.2575,101.5548,0.0
DMU10(D6120),51,1789941786,46.0,5.3484,102.2231,0.0
SCS32,weekday_2107,1789941782,114.0,3.6026,101.5911,0.0
ETS214,9121,1789941779,136.0,4.9666,100.7281,0.0
EMU23,2801,1789941840,120.0,5.0988,100.4928,0.0
EMU39,2900,1789941831,107.0,5.7874,100.4867,0.0
SCS32,weekday_2107,1789941812,111.0,3.5993,101.5991,0.0
SCS25,weekday_2106,1789941879,89.0,3.0271,101.4174,0.0
SCS23,2901,1789941878,0.0,6.1125,100.3694,0.0
EMU26,2905,1789941877,108.0,6.649,100.2981,0.0
SCS29,weekday_2004,1789941846,48.0,2.7219,101.9316,0.0
SCS21,weekday_2103,1789941815,25.0,3.2543,101.5547,0.0
SCS28,weekday_2006,1789941812,85.0,2.6797,101.9762,0.0
DMU06,50,1789941881,51.0,4.3624,101.9228,0.0
SCS25,weekday_2106,1789941879,89.0,3.0271,101.4174,0.0
EMU26,2905,1789941922,114.0,6.6413,100.2866,0.0
EMU39,2900,1789941921,108.0,5.8141,100.4789,0.0
SCS23,2901,1789941878,0.0,6.1125,100.3694,0.0
DMU10(D6120),51,1789941921,24.0,5.3355,102.2164,0.0
SCS29,weekday_2004,1789941921,29.0,2.7233,101.9224,0.0
SCS09,weekday_2008,1789941920,97.0,2.5862,102.0987,0.0
SCS21,weekday_2103,1789941920,100.0,3.2386,101.5603,0.0
SCS28,weekday_2006,1789941917,0.0,2.6913,101.9716,0.0
SCS32,weekday_2107,1789941917,114.0,3.5743,101.614,0.0
EMU31,2903,1789941881,79.0,6.3743,100.3002,0.0
SCS25,weekday_2106,1789941968,0.0,3.0338,101.4246,0.0
EMU26,2905,1789941967,114.0,6.6333,100.2757,0.0
SCS29,weekday_2004,1789941966,66.0,2.7252,101.917,0.0
DMU10(D6120),51,1789941966,33.0,5.3353,102.2129,0.0
EMU39,2900,1789941966,45.0,5.8231,100.4781,0.0
SCS21,weekday_2103,1789941965,104.0,3.2267,101.5611,0.0
SCS09,weekday_2008,1789941965,24.0,2.5925,102.095,0.0
SCS28,weekday_2006,1789941962,62.0,2.6939,101.9705,0.0
SCS32,weekday_2107,1789941962,115.0,3.5651,101.6237,0.0
DMU10(D6120),51,1789942026,39.0,5.3335,102.2071,0.0
EMU31,2903,1789942016,0.0,6.3705,100.3031,0.0
DMU06,50,1789942016,64.0,4.3839,101.9225,0.0
SCS23,2901,1789942013,115.0,6.0897,100.3744,0.0
SCS09,weekday_2008,1789942055,0.0,2.5936,102.0943,0.0
SCS21,weekday_2103,1789942055,39.0,3.2104,101.5742,0.0
SCS25,weekday_2106,1789942039,53.0,3.0377,101.4288,0.0
SCS28,weekday_2006,1789942037,82.0,2.703,101.9563,0.0
SCS32,weekday_2107,1789942037,47.0,3.5558,101.6391,0.0
EMU26,2905,1789942027,113.0,6.6196,100.2651,0.0
SCS23,2901,1789942058,114.0,6.0778,100.3808,0.0
ETS214,9121,1789942109,87.0,4.8639,100.7307,0.0
EMU23,2801,1789942108,49.0,5.0301,100.5266,0.0
EMU26,2905,1789942102,115.0,6.5975,100.2632,0.0
SCS29,weekday_2004,1789942101,76.0,2.7382,101.8943,0.0
EMU39,2900,1789942101,85.0,5.8334,100.4772,0.0
DMU10(D6120),51,1789942101,0.0,5.3301,102.2031,0.0
SCS09,weekday_2008,1789942100,51.0,2.5963,102.0927,0.0
SCS21,weekday_2103,1789942100,27.0,3.2074,101.5768,0.0
SCS28,weekday_2006,1789942097,42.0,2.7117,101.9506,0.0
SCS32,weekday_2107,1789942097,0.0,3.5539,101.6394,0.0
SCS25,weekday_2106,1789942097,0.0,3.0399,101.4313,0.0
EMU23,2801,1789942138,0.0,5.0287,100.5273,0.0
EMU31,2903,1789942136,0.0,6.3705,100.3031,0.0
DMU06,50,1789942166,70.0,4.4088,101.9263,0.0
SCS29,weekday_2004,1789942146,86.0,2.7393,101.8862,0.0
SCS25,weekday_2106,1789942146,39.0,3.041,101.4324,0.0
SCS21,weekday_2103,1789942145,0.0,3.2065,101.5796,0.0
SCS28,weekday_2006,1789942142,37.0,2.7148,101.9466,0.0
SCS32,weekday_2107,1789942142,77.0,3.5491,101.6398,0.0
ETS214,9121,1789942139,89.0,4.8576,100.7344,0.0
EMU39,2900,1789942148,90.0,5.845,100.4769,0.0
EMU26,2905,1789942147,113.0,6.5837,100.2624,0.0
DMU10(D6120),51,1789942146,5.0,5.3298,102.203,0.0
EMU23,2801,1789942243,97.0,5.0206,100.5338,0.0
DMU06,50,1789942241,25.0,4.4191,101.9305,0.0
EMU39,2900,1789942238,119.0,5.8704,100.4769,0.0
EMU31,2903,1789942230,111.0,6.3556,100.3141,0.0
ETS214,9121,1789942229,0.0,4.8534,100.7326,0.0
SCS29,weekday_2004,1789942206,40.0,2.7407,101.8741,0.0
SCS28,weekday_2006,1789942217,16.0,2.7192,101.94,0.0
SCS25,weekday_2106,1789942219,27.0,3.0456,101.4373,0.0
SCS32,weekday_2107,1789942217,113.0,3.5306,101.6316,0.0
DMU10(D6120),51,1789942236,23.0,5.326,102.1976,0.0
SCS25,weekday_2106,1789942244,52.0,3.0467,101.4398,0.0
SCS32,weekday_2107,1789942277,109.0,3.5141,101.6306,0.0
EMU31,2903,1789942275,119.0,6.3449,100.3221,0.0
DMU06,50,1789942241,25.0,4.4191,101.9305,0.0
EMU39,2900,1789942238,119.0,5.8704,100.4769,0.0
SCS28,weekday_2006,1789942277,0.0,2.7193,101.9398,0.0
SCS23,2901,1789942283,114.0,6.0192,100.414,0.0
EMU26,2905,1789942282,116.0,6.543,100.2601,0.0
DMU10(D6120),51,1789942281,11.0,5.3263,102.1947,0.0
SCS29,weekday_2004,1789942281,43.0,2.7416,101.871,0.0
SCS09,weekday_2008,1789942280,109.0,2.632,102.0616,0.0
SCS21,weekday_2103,1789942235,26.0,3.2059,101.5813,0.0
SCS28,weekday_2006,1789942337,8.0,2.7196,101.9394,0.0
ETS214,9121,1789942334,0.0,4.854,100.7328,0.0
SCS32,weekday_2107,1789942322,63.0,3.5038,101.6337,0.0
EMU26,2905,1789942357,47.0,6.525,100.2571,0.0
SCS29,weekday_2004,1789942356,102.0,2.7461,101.8549,0.0
DMU10(D6120),51,1789942341,14.0,5.3275,102.1924,0.0
SCS09,weekday_2008,1789942340,103.0,2.6362,102.045,0.0
SCS21,weekday_2103,1789942340,83.0,3.2008,101.5935,0.0
DMU06,50,1789942331,0.0,4.4226,101.932,0.0
EMU39,2900,1789942328,115.0,5.8973,100.4749,0.0
SCS23,2901,1789942328,114.0,6.0074,100.4207,0.0
EMU31,2903,1789942335,127.0,6.3292,100.3339,0.0
SCS25,weekday_2106,1789942333,29.0,3.0435,101.4489,0.0
SCS28,weekday_2006,1789942367,10.0,2.72,101.9383,0.0
ETS214,9121,1789942364,0.0,4.854,100.7328,0.0
EMU23,2801,1789942363,100.0,5.0317,100.5655,0.0
SCS25,weekday_2106,1789942363,0.0,3.0431,101.4502,0.0
EMU39,2900,1789942358,113.0,5.9056,100.4717,0.0
EMU31,2903,1789942380,128.0,6.317,100.3429,0.0
DMU06,50,1789942376,26.0,4.4238,101.9325,0.0
SCS23,2901,1789942373,114.0,5.9956,100.4273,0.0
EMU26,2905,1789942372,21.0,6.5236,100.2569,0.0
SCS29,weekday_2004,1789942371,102.0,2.7472,101.851,0.0
SCS09,weekday_2008,1789942370,103.0,2.6394,102.0379,0.0
SCS21,weekday_2103,1789942370,79.0,3.2012,101.5998,0.0
SCS32,weekday_2107,1789942367,0.0,3.5009,101.6341,0.0
SCS32,weekday_2107,1789942472,105.0,3.4897,101.6364,0.0
SCS21,weekday_2103,1789942460,72.0,3.2069,101.6166,0.0
EMU26,2905,1789942477,42.0,6.5222,100.2567,0.0
SCS29,weekday_2004,1789942476,25.0,2.752,101.8341,0.0
SCS09,weekday_2008,1789942475,90.0,2.6554,102.0157,0.0
SCS28,weekday_2006,1789942457,8.0,2.7211,101.935,0.0
ETS214,9121,1789942454,0.0,4.8533,100.7323,0.0
SCS29,weekday_2004,1789942506,30.0,2.7526,101.8318,0.0
SCS21,weekday_2103,1789942475,65.0,3.2083,101.6189,0.0
DMU06,50,1789942511,65.0,4.4437,101.9402,0.0
EMU23,2801,1789942483,115.0,5.0447,100.5976,0.0
SCS32,weekday_2107,1789942502,106.0,3.4819,101.6396,0.0
SCS28,weekday_2006,1789942502,35.0,2.7217,101.9328,0.0
ETS214,9121,1789942499,0.0,4.8533,100.7323,0.0
SCS25,weekday_2106,1789942506,33.0,3.0382,101.4546,0.0
DMU06,50,1789942556,68.0,4.4512,101.9387,0.0
SCS09,weekday_2008,1789942550,34.0,2.6578,102.0023,0.0
SCS28,weekday_2006,1789942592,22.0,2.7232,101.9215,0.0
EMU26,2905,1789942592,116.0,6.4912,100.2535,0.0
SCS32,weekday_2107,1789942592,0.0,3.469,101.6379,0.0
ETS214,9121,1789942589,0.0,4.8533,100.7323,0.0
SCS29,weekday_2004,1789942581,0.0,2.7539,101.8273,0.0
EMU23,2801,1789942558,116.0,5.043,100.6201,0.0
SCS23,2901,1789942553,1.0,5.9715,100.4409,0.0
SCS21,weekday_2103,1789942535,18.0,3.2087,101.6274,0.0
SCS25,weekday_2106,1789942581,68.0,3.0337,101.4671,0.0
EMU26,2905,1789942637,118.0,6.4774,100.2537,0.0
ETS214,9121,1789942634,0.0,4.8533,100.7323,0.0
SCS29,weekday_2004,1789942626,22.0,2.7542,101.8263,0.0
SCS09,weekday_2008,1789942625,16.0,2.6602,101.9964,0.0
EMU23,2801,1789942603,116.0,5.0421,100.6336,0.0
EMU39,2900,1789942598,61.0,5.9697,100.4419,0.0
SCS32,weekday_2107,1789942637,0.0,3.469,101.6379,0.0
SCS25,weekday_2106,1789942632,0.0,3.0355,101.4699,0.0
SCS21,weekday_2103,1789942625,19.0,3.2087,101.6282,0.0
EMU31,2903,1789942685,130.0,6.2181,100.3641,0.0
SCS21,weekday_2103,1789942685,32.0,3.2065,101.6336,0.0
SCS29,weekday_2004,1789942686,62.0,2.7558,101.8204,0.0
SCS09,weekday_2008,1789942685,0.0,2.661,101.9956,0.0
ETS214,9121,1789942709,128.0,4.7861,100.7675,0.0
DMU06,50,1789942706,60.0,4.4727,101.9334,0.0
ETS214,9121,1789942769,119.0,4.7811,100.7839,0.0
SCS32,weekday_2107,1789942757,115.0,3.4443,101.6385,0.0
SCS25,weekday_2106,1789942740,61.0,3.0467,101.4738,0.0
DMU06,50,1789942736,71.0,4.4775,101.9362,0.0
SCS23,2901,1789942778,114.0,5.9162,100.4676,0.0
SCS29,weekday_2004,1789942776,93.0,2.7683,101.805,0.0
SCS09,weekday_2008,1789942775,0.0,2.661,101.9956,0.0
SCS21,weekday_2103,1789942775,0.0,3.2032,101.6369,0.0
EMU31,2903,1789942775,106.0,6.1909,100.37,0.0
EMU26,2905,1789942772,86.0,6.439,100.2659,0.0
EMU39,2900,1789942733,93.0,5.9823,100.4348,0.0
EMU23,2801,1789942731,113.0,5.0393,100.6715,0.0
SCS28,weekday_2006,1789942712,79.0,2.7255,101.905,0.0
SCS09,weekday_2008,1789942775,0.0,2.661,101.9956,0.0
SCS28,weekday_2006,1789942817,67.0,2.741,101.8919,0.0
SCS25,weekday_2106,1789942815,69.0,3.0526,101.4833,0.0
EMU23,2801,1789942806,118.0,5.0392,100.6939,0.0
SCS21,weekday_2103,1789942805,35.0,3.2026,101.6374,0.0
EMU31,2903,1789942805,55.0,6.1855,100.3734,0.0
SCS32,weekday_2107,1789942802,112.0,3.4327,101.6326,0.0
EMU39,2900,1789942778,113.0,5.9931,100.4287,0.0
SCS25,weekday_2106,1789942890,26.0,3.0524,101.4912,0.0
DMU06,50,1789942886,14.0,4.4904,101.9451,0.0
SCS23,2901,1789942868,114.0,5.8908,100.4769,0.0
EMU23,2801,1789942866,113.0,5.0333,100.7107,0.0
EMU31,2903,1789942865,0.0,6.183,100.3751,0.0
SCS32,weekday_2107,1789942862,108.0,3.4182,101.6252,0.0
SCS29,weekday_2004,1789942866,84.0,2.79,101.7973,0.0
SCS09,weekday_2008,1789942865,14.0,2.6616,101.9951,0.0
SCS21,weekday_2103,1789942865,53.0,3.1976,101.6425,0.0
SCS09,weekday_2008,1789942910,45.0,2.6645,101.9927,0.0
SCS21,weekday_2103,1789942955,14.0,3.1924,101.6544,0.0
EMU31,2903,1789942955,116.0,6.1659,100.379,0.0
EMU26,2905,1789942952,111.0,6.4177,100.2732,0.0
SCS28,weekday_2006,1789942952,0.0,2.7416,101.8714,0.0
SCS32,weekday_2107,1789942952,115.0,3.3912,101.6276,0.0
SCS23,2901,1789942913,114.0,5.8773,100.477,0.0
SCS29,weekday_2004,1789942911,60.0,2.7983,101.7967,0.0
EMU23,2801,1789942956,107.0,5.0146,100.73,0.0
SCS32,weekday_2107,1789942997,85.0,3.3812,101.6196,0.0
SCS28,weekday_2006,1789942997,20.0,2.7417,101.8708,0.0
EMU26,2905,1789942997,115.0,6.4048,100.2778,0.0
SCS29,weekday_2004,1789942986,0.0,2.8018,101.7993,0.0
SCS09,weekday_2008,1789942985,79.0,2.6742,101.9829,0.0
SCS21,weekday_2103,1789942985,0.0,3.1923,101.6547,0.0
EMU31,2903,1789942985,125.0,6.1562,100.3797,0.0
EMU39,2900,1789942958,113.0,6.038,100.4034,0.0
DMU06,50,1789943066,25.0,4.5072,101.956,0.0
DMU10(D6120),51,1789943046,39.0,5.3062,102.1504,0.0
EMU23,2801,1789943046,114.0,4.989,100.734,0.0
SCS29,weekday_2004,1789943046,61.0,2.8055,101.8027,0.0
SCS21,weekday_2103,1789943045,57.0,3.1893,101.6604,0.0
SCS09,weekday_2008,1789943045,71.0,2.6829,101.9751,0.0
EMU31,2903,1789943045,121.0,6.1365,100.3801,0.0
EMU23,2801,1789943091,114.0,4.9759,100.7313,0.0
DMU10(D6120),51,1789943091,37.0,5.3083,102.1458,0.0
SCS29,weekday_2004,1789943091,74.0,2.8121,101.8088,0.0
SCS32,weekday_2107,1789943072,0.0,3.3765,101.6149,0.0
SCS25,weekday_2106,1789943093,87.0,3.0514,101.5063,0.0
ETS214,9121,1789943144,98.0,4.7746,100.9013,0.0
EMU31,2903,1789943135,54.0,6.1156,100.3708,0.0
SCS28,weekday_2006,1789943132,84.0,2.7488,101.8454,0.0
EMU26,2905,1789943132,68.0,6.3735,100.3008,0.0
SCS24,2904,1789943095,0.0,5.3924,100.3674,0.0
EMU39,2900,1789943095,121.0,6.0733,100.3835,0.0
SCS23,2901,1789943093,49.0,5.8264,100.4778,0.0
ETS214,9121,1789943144,98.0,4.7746,100.9013,0.0
EMU39,2900,1789943140,112.0,6.0854,100.3769,0.0
SCS23,2901,1789943138,0.0,5.8237,100.478,0.0
SCS32,weekday_2107,1789943132,13.0,3.3763,101.6148,0.0
EMU31,2903,1789943180,0.0,6.1128,100.3695,0.0
SCS29,weekday_2004,1789943166,71.0,2.8212,101.8194,0.0
SCS21,weekday_2103,1789943165,1.0,3.1869,101.6636,0.0
SCS09,weekday_2008,1789943165,18.0,2.6917,101.9713,0.0
SCS22,2907,1789943144,114.0,6.626,100.2674,0.0
SCS24,2904,1789943140,5.0,5.3923,100.3676,0.0
SCS10,weekday_2012,1789943246,44.0,2.4672,102.2196,0.0
SCS24,2904,1789943245,21.0,5.3891,100.3715,0.0
SCS29,weekday_2004,1789943226,18.0,2.8256,101.8246,0.0
SCS09,weekday_2008,1789943225,89.0,2.6983,101.9641,0.0
SCS21,weekday_2103,1789943225,81.0,3.1821,101.673,0.0
EMU31,2903,1789943270,84.0,6.1059,100.3666,0.0
SCS24,2904,1789943275,18.0,5.3878,100.3728,0.0
SCS25,weekday_2106,1789943304,49.0,3.0573,101.527,0.0
SCS28,weekday_2006,1789943297,27.0,2.7539,101.8275,0.0
DMU06,50,1789943276,66.0,4.5211,101.9754,0.0
EMU39,2900,1789943275,4.0,6.1127,100.3695,0.0
SCS29,weekday_2004,1789943271,23.0,2.828,101.8264,0.0
SCS32,weekday_2107,1789943312,102.0,3.3626,101.575,0.0
SCS23,2901,1789943273,115.0,5.8,100.4819,0.0
EMU23,2801,1789943272,116.0,4.9232,100.7166,0.0
SCS09,weekday_2008,1789943270,82.0,2.7037,101.9552,0.0
SCS28,weekday_2006,1789943357,0.0,2.7543,101.8261,0.0
DMU10(D6120),51,1789943346,5.0,5.3174,102.1341,0.0
SCS24,2904,1789943320,39.0,5.3859,100.3766,0.0
SCS25,weekday_2106,1789943319,64.0,3.0578,101.5292,0.0
EMU26,2905,1789943318,119.0,6.3485,100.3195,0.0
SCS29,weekday_2004,1789943316,0.0,2.8299,101.8268,0.0
SCS09,weekday_2008,1789943315,42.0,2.7102,101.9514,0.0
EMU31,2903,1789943315,116.0,6.0949,100.3714,0.0
SCS21,weekday_2103,1789943360,14.0,3.1662,101.6901,0.0
SCS23,2901,1789943408,118.0,5.7622,100.4978,0.0
EMU26,2905,1789943408,118.0,6.3268,100.3357,0.0
EMU23,2801,1789943407,0.0,4.8961,100.7194,0.0
DMU10(D6120),51,1789943406,24.0,5.3193,102.1312,0.0
SCS29,weekday_2004,1789943406,19.0,2.8337,101.8275,0.0
SCS09,weekday_2008,1789943405,26.0,2.7151,101.946,0.0
SCS10,weekday_2012,1789943396,105.0,2.4522,102.1944,0.0
EMU39,2900,1789943395,99.0,6.126,100.3755,0.0
SCS24,2904,1789943395,88.0,5.3785,100.3905,0.0
SCS25,weekday_2106,1789943433,70.0,3.0693,101.5505,0.0
EMU31,2903,1789943480,128.0,6.0484,100.3975,0.0
EMU39,2900,1789943455,121.0,6.1425,100.3806,0.0
ETS216,9123,1789943433,0.0,5.3913,100.3694,0.0
SCS29,weekday_2004,1789943451,31.0,2.8369,101.828,0.0
DMU10(D6120),51,1789943451,31.0,5.3211,102.1279,0.0
SCS09,weekday_2008,1789943450,33.0,2.7174,101.9427,0.0
ETS214,9121,1789943504,129.0,4.804,100.9444,0.0
DMU06,50,1789943501,67.0,4.5527,101.9836,0.0
SCS32,weekday_2107,1789943492,47.0,3.3254,101.5711,0.0
SCS28,weekday_2006,1789943492,68.0,2.7605,101.8109,0.0
EMU23,2801,1789943482,79.0,4.8908,100.72,0.0
SCS10,weekday_2012,1789943456,110.0,2.462,102.1826,0.0
SCS24,2904,1789943455,96.0,5.3714,100.404,0.0
SCS23,2901,1789943453,118.0,5.7494,100.5036,0.0
EMU26,2905,1789943453,118.0,6.3155,100.3438,0.0
SCS21,weekday_2103,1789943540,34.0,3.1558,101.6937,0.0
EMU31,2903,1789943539,126.0,6.0314,100.4071,0.0
SCS10,weekday_2012,1789943531,101.0,2.4825,102.1799,0.0
DMU06,50,1789943501,67.0,4.5527,101.9836,0.0
SCS24,2904,1789943530,53.0,5.3655,100.419,0.0
EMU26,2905,1789943528,117.0,6.2927,100.3489,0.0
DMU10(D6120),51,1789943526,29.0,5.3288,102.122,0.0
SCS29,weekday_2004,1789943526,83.0,2.848,101.8238,0.0
ETS216,9123,1789943538,0.0,5.3913,100.3694,0.0
SCS32,weekday_2107,1789943537,31.0,3.3213,101.5741,0.0
SCS28,weekday_2006,1789943537,77.0,2.7675,101.8054,0.0
SCS22,2907,1789943534,0.0,6.5231,100.2568,0.0
EMU23,2801,1789943497,95.0,4.8873,100.7204,0.0
SCS09,weekday_2008,1789943495,7.0,2.7192,101.9399,0.0
SCS26,weekday_2003,1789943609,0.0,3.2139,101.6721,0.0
SCS24,2904,1789943605,0.0,5.3643,100.422,0.0
EMU39,2900,1789943605,26.0,6.1826,100.3753,0.0
EMU26,2905,1789943588,118.0,6.2746,100.3526,0.0
EMU23,2801,1789943587,94.0,4.8645,100.7298,0.0
SCS09,weekday_2008,1789943585,0.0,2.7193,101.9397,0.0
SCS10,weekday_2012,1789943576,110.0,2.4945,102.1777,0.0
SCS29,weekday_2004,1789943586,49.0,2.8588,101.8207,0.0
SCS25,weekday_2106,1789943586,0.0,3.0756,101.559,0.0
SCS09,weekday_2008,1789943660,15.0,2.7204,101.9371,0.0
EMU31,2903,1789943659,116.0,5.998,100.4259,0.0
SCS32,weekday_2107,1789943657,0.0,3.32,101.5748,0.0
SCS28,weekday_2006,1789943657,75.0,2.7927,101.7964,0.0
EMU26,2905,1789943633,117.0,6.2612,100.3553,0.0
DMU10(D6120),51,1789943631,37.0,5.3317,102.1205,0.0
ETS216,9123,1789943673,76.0,5.3828,100.3825,0.0
DMU06,50,1789943666,66.0,4.5804,101.9878,0.0
SCS23,2901,1789943663,114.0,5.6901,100.5043,0.0
EMU23,2801,1789943662,11.0,4.8533,100.7325,0.0
SCS29,weekday_2004,1789943661,22.0,2.8627,101.8196,0.0
SCS21,weekday_2103,1789943660,24.0,3.1517,101.6911,0.0
EMU39,2900,1789943635,0.0,6.183,100.375,0.0
SCS24,2904,1789943635,27.0,5.364,100.4228,0.0
SCS25,weekday_2106,1789943632,0.0,3.0756,101.559,0.0
ETS214,9121,1789943714,131.0,4.8449,100.9912,0.0
EMU23,2801,1789943707,9.0,4.8531,100.7323,0.0
SCS29,weekday_2004,1789943706,67.0,2.8688,101.8189,0.0
SCS21,weekday_2103,1789943705,23.0,3.1472,101.691,0.0
SCS25,weekday_2106,1789943705,0.0,3.0756,101.559,0.0
EMU39,2900,1789943680,59.0,6.1857,100.3732,0.0
SCS24,2904,1789943680,92.0,5.3623,100.4299,0.0
SCS23,2901,1789943678,113.0,5.6864,100.5019,0.0
DMU10(D6120),51,1789943676,51.0,5.337,102.1189,0.0
SCS09,weekday_2008,1789943675,9.0,2.7206,101.9366,0.0
SCS25,weekday_2106,1789943763,0.0,3.0756,101.559,0.0
EMU26,2905,1789943756,113.0,6.2246,100.3628,0.0
ETS216,9123,1789943793,103.0,5.37,100.4078,0.0
DMU06,50,1789943786,65.0,4.6003,101.9845,0.0
EMU39,2900,1789943785,121.0,6.2115,100.3654,0.0
SCS23,2901,1789943768,106.0,5.6616,100.4933,0.0
EMU23,2801,1789943767,99.0,4.8437,100.7285,0.0
DMU10(D6120),51,1789943766,29.0,5.3495,102.1171,0.0
SCS29,weekday_2004,1789943766,29.0,2.876,101.8166,0.0
SCS09,weekday_2008,1789943765,38.0,2.7218,101.9325,0.0
SCS21,weekday_2103,1789943765,27.0,3.1434,101.6939,0.0
SCS10,weekday_2012,1789943816,112.0,2.5501,102.1361,0.0
EMU26,2905,1789943816,115.0,6.2066,100.3664,0.0
DMU06,50,1789943816,67.0,4.6059,101.9848,0.0
EMU39,2900,1789943815,119.0,6.2208,100.3635,0.0
ETS216,9123,1789943793,103.0,5.37,100.4078,0.0
SCS24,2904,1789943815,0.0,5.3662,100.4485,0.0
SCS23,2901,1789943813,94.0,5.649,100.4911,0.0
EMU23,2801,1789943812,111.0,4.8325,100.7314,0.0
SCS29,weekday_2004,1789943811,67.0,2.8802,101.8139,0.0
DMU10(D6120),51,1789943811,31.0,5.3525,102.115,0.0
SCS21,weekday_2103,1789943810,4.0,3.1409,101.6942,0.0
ETS214,9121,1789943864,133.0,4.8234,101.035,0.0
SCS28,weekday_2006,1789943852,70.0,2.8099,101.8069,0.0
SCS32,weekday_2107,1789943852,87.0,3.281,101.5659,0.0
EMU31,2903,1789943794,4.0,5.9719,100.4407,0.0
SCS32,weekday_2107,1789943897,78.0,3.2726,101.5611,0.0
SCS28,weekday_2006,1789943897,60.0,2.8145,101.8129,0.0
SCS25,weekday_2106,1789943895,0.0,3.0756,101.559,0.0
SCS09,weekday_2008,1789943885,20.0,2.7237,101.9195,0.0
ETS216,9123,1789943883,96.0,5.3624,100.4279,0.0
SCS23,2901,1789943858,13.0,5.6431,100.4901,0.0
SCS29,weekday_2004,1789943856,89.0,2.8852,101.8053,0.0
DMU10(D6120),51,1789943856,47.0,5.3559,102.1103,0.0
SCS21,weekday_2103,1789943855,0.0,3.1404,101.6941,0.0
EMU31,2903,1789943899,109.0,5.9594,100.4478,0.0
ETS214,9121,1789943864,133.0,4.8234,101.035,0.0
SCS09,weekday_2008,1789943960,91.0,2.7252,101.9071,0.0
SCS21,weekday_2103,1789943960,0.0,3.1358,101.6898,0.0
SCS24,2904,1789944025,32.0,5.3584,100.4628,0.0
ETS216,9123,1789944018,0.0,5.3665,100.447,0.0
SCS29,weekday_2004,1789944006,14.0,2.9035,101.7861,0.0
SCS09,weekday_2008,1789943990,95.0,2.7287,101.9006,0.0
SCS22,2907,1789944044,116.0,6.4151,100.2741,0.0
ETS214,9121,1789944044,136.0,4.8033,101.0863,0.0
SCS26,weekday_2003,1789944044,49.0,3.1881,101.6891,0.0
SCS21,weekday_2103,1789944035,0.0,3.1358,101.6898,0.0
SCS28,weekday_2006,1789944032,17.0,2.8271,101.826,0.0
SCS10,weekday_2012,1789944026,59.0,2.588,102.0976,0.0
SCS32,weekday_2107,1789944032,34.0,3.26,101.5555,0.0
EMU39,2900,1789944028,111.0,6.2852,100.3504,0.0
EMU26,2905,1789944026,97.0,6.1747,100.3784,0.0
DMU06,50,1789944026,42.0,4.64,101.9927,0.0
DMU10(D6120),51,1789944006,11.0,5.3626,102.093,0.0
EMU31,2903,1789944079,126.0,5.9072,100.4711,0.0
ETS216,9123,1789944078,0.0,5.3665,100.447,0.0
SCS28,weekday_2006,1789944077,21.0,2.8298,101.8268,0.0
SCS32,weekday_2107,1789944077,0.0,3.2588,101.5551,0.0
EMU39,2900,1789944073,117.0,6.2989,100.3476,0.0
SCS24,2904,1789944040,27.0,5.3574,100.4638,0.0
SCS21,weekday_2103,1789944035,0.0,3.1358,101.6898,0.0
DMU10(D6120),51,1789944126,5.0,5.3628,102.0924,0.0
SCS23,2901,1789944128,114.0,5.5924,100.4932,0.0
SCS29,weekday_2004,1789944126,11.0,2.9059,101.7881,0.0
SCS32,weekday_2107,1789944212,78.0,3.2468,101.5587,0.0
SCS24,2904,1789944204,113.0,5.3898,100.4706,0.0
SCS29,weekday_2004,1789944201,10.0,2.9066,101.7909,0.0
SCS10,weekday_2012,1789944176,29.0,2.5935,102.0943,0.0
DMU10(D6120),51,1789944216,40.0,5.3687,102.087,0.0
SCS09,weekday_2008,1789944215,24.0,2.7417,101.8708,0.0
SCS21,weekday_2103,1789944215,0.0,3.1358,101.6898,0.0
EMU31,2903,1789944214,125.0,5.865,100.4769,0.0
SCS28,weekday_2006,1789944197,18.0,2.8343,101.8276,0.0
ETS216,9123,1789944198,41.0,5.366,100.4647,0.0
SCS26,weekday_2003,1789944224,22.0,3.1793,101.6874,0.0
SCS25,weekday_2106,1789944221,59.0,3.0763,101.5696,0.0
SCS10,weekday_2012,1789944221,68.0,2.5981,102.0916,0.0
SCS24,2904,1789944219,114.0,5.3943,100.4712,0.0
DMU10(D6120),51,1789944261,11.0,5.3707,102.086,0.0
SCS29,weekday_2004,1789944261,57.0,2.9092,101.7948,0.0
SCS21,weekday_2103,1789944260,0.0,3.1358,101.6898,0.0
SCS32,weekday_2107,1789944257,94.0,3.2368,101.56,0.0
SCS22,2907,1789944254,1.0,6.3703,100.3032,0.0
SCS24,2904,1789944309,116.0,5.42,100.4787,0.0
DMU10(D6120),51,1789944306,0.0,5.3719,102.0853,0.0
SCS25,weekday_2106,1789944306,36.0,3.0819,101.5806,0.0
SCS10,weekday_2012,1789944296,97.0,2.6145,102.0815,0.0
DMU06,50,1789944341,52.0,4.6748,102.0005,0.0
EMU26,2905,1789944341,70.0,6.1094,100.368,0.0
EMU31,2903,1789944340,60.0,5.8284,100.4777,0.0
DMU11(D6122),53,1789944340,75.0,6.1466,102.2283,0.0
SCS23,2901,1789944308,114.0,5.539,100.5029,0.0
SCS29,weekday_2004,1789944306,78.0,2.9176,101.7967,0.0
SCS09,weekday_2008,1789944305,102.0,2.7467,101.8528,0.0
SCS21,weekday_2103,1789944305,0.0,3.1358,101.6898,0.0
DMU10(D6120),51,1789944351,0.0,5.3719,102.0853,0.0
SCS29,weekday_2004,1789944351,81.0,2.9265,101.7941,0.0
SCS21,weekday_2103,1789944350,0.0,3.1358,101.6898,0.0
SCS22,2907,1789944344,44.0,6.3691,100.3041,0.0
ETS205,9041,1789944379,17.0,3.3894,101.6264,0.0
SCS28,weekday_2006,1789944347,69.0,2.8542,101.8221,0.0
SCS32,weekday_2107,1789944347,93.0,3.2168,101.5683,0.0
ETS216,9123,1789944333,113.0,5.341,100.47,0.0
SCS09,weekday_2008,1789944350,90.0,2.7499,101.8413,0.0
DMU06,50,1789944341,52.0,4.6748,102.0005,0.0
EMU26,2905,1789944341,70.0,6.1094,100.368,0.0
SCS10,weekday_2012,1789944341,100.0,2.6237,102.0745,0.0
EMU39,2900,1789944341,79.0,6.3677,100.3051,0.0
DMU11(D6122),53,1789944340,75.0,6.1466,102.2283,0.0
ETS214,9121,1789944434,124.0,4.6871,101.1418,0.0
SCS25,weekday_2106,1789944440,0.0,3.0848,101.5878,0.0
ETS205,9041,1789944439,23.0,3.3803,101.6198,0.0
ETS216,9123,1789944438,127.0,5.3085,100.4768,0.0
SCS32,weekday_2107,1789944437,30.0,3.2066,101.5788,0.0
DMU06,50,1789944431,30.0,4.6881,102.0032,0.0
EMU31,2903,1789944445,52.0,5.8222,100.4781,0.0
DMU11(D6122),53,1789944445,75.0,6.131,102.2151,0.0
SCS24,2904,1789944444,114.0,5.457,100.4944,0.0
SCS23,2901,1789944443,114.0,5.4998,100.5027,0.0
SCS29,weekday_2004,1789944441,5.0,2.939,101.7887,0.0
DMU10(D6120),51,1789944441,8.0,5.3736,102.0843,0.0
SCS21,weekday_2103,1789944440,97.0,3.132,101.6819,0.0
SCS09,weekday_2008,1789944425,26.0,2.7525,101.8322,0.0
ETS214,9121,1789944524,117.0,4.662,101.1274,0.0
EMU26,2905,1789944521,117.0,6.0632,100.3891,0.0
SCS10,weekday_2012,1789944521,105.0,2.6455,102.0317,0.0
DMU11(D6122),53,1789944520,37.0,6.1228,102.2053,0.0
DMU10(D6120),51,1789944486,10.0,5.3751,102.0836,0.0
SCS29,weekday_2004,1789944486,6.0,2.9392,101.7885,0.0
SCS09,weekday_2008,1789944485,32.0,2.7538,101.8276,0.0
SCS25,weekday_2106,1789944484,34.0,3.0846,101.5896,0.0
SCS23,2901,1789944488,88.0,5.4875,100.4994,0.0
ETS216,9123,1789944558,108.0,5.2773,100.4787,0.0
SCS32,weekday_2107,1789944557,0.0,3.2064,101.5797,0.0
SCS28,weekday_2006,1789944557,55.0,2.8732,101.8175,0.0
ETS205,9041,1789944529,0.0,3.3763,101.615,0.0
EMU23,2801,1789944524,108.0,4.7743,100.8693,0.0
SCS22,2907,1789944524,114.0,6.3281,100.3347,0.0
DMU06,50,1789944521,0.0,4.6932,102.0032,0.0
DMU11(D6122),53,1789944520,37.0,6.1228,102.2053,0.0
SCS28,weekday_2006,1789944632,26.0,2.8791,101.815,0.0
SCS32,weekday_2107,1789944632,64.0,3.2032,101.5862,0.0
DMU06,50,1789944671,56.0,4.7043,102.0036,0.0
DMU11(D6122),53,1789944670,0.0,6.1186,102.2008,0.0
SCS21,weekday_2103,1789944670,1.0,3.12,101.6738,0.0
SCS24,2904,1789944669,80.0,5.4875,100.4994,0.0
EMU26,2905,1789944697,116.0,6.0166,100.4155,0.0
SCS26,weekday_2003,1789944697,0.0,3.1539,101.6925,0.0
SCS29,weekday_2004,1789944696,9.0,2.9622,101.792,0.0
DMU10(D6120),51,1789944696,22.0,5.3902,102.0737,0.0
ETS216,9123,1789944633,127.0,5.2536,100.4841,0.0
ETS205,9041,1789944634,10.0,3.3722,101.6106,0.0
ETS216,9123,1789944738,139.0,5.2182,100.4918,0.0
SCS09,weekday_2008,1789944710,94.0,2.769,101.8048,0.0
EMU26,2905,1789944697,116.0,6.0166,100.4155,0.0
SCS26,weekday_2003,1789944697,0.0,3.1539,101.6925,0.0
SCS29,weekday_2004,1789944696,9.0,2.9622,101.792,0.0
DMU10(D6120),51,1789944696,22.0,5.3902,102.0737,0.0
SCS25,weekday_2106,1789944703,52.0,3.0834,101.6131,0.0
DMU06,50,1789944701,77.0,4.7097,102.003,0.0
SCS10,weekday_2012,1789944701,35.0,2.6576,102.003,0.0
SCS21,weekday_2103,1789944700,0.0,3.1198,101.6736,0.0
DMU11(D6122),53,1789944700,0.0,6.1186,102.2008,0.0
SCS24,2904,1789944699,113.0,5.4951,100.5014,0.0
EMU26,2905,1789944862,63.0,5.9756,100.4386,0.0
SCS13,weekday_2102,1789944861,0.0,3.139,101.6932,0.0
SCS09,weekday_2008,1789944860,38.0,2.8014,101.7989,0.0
ETS216,9123,1789944843,130.0,5.1849,100.4794,0.0
SCS28,weekday_2006,1789944842,60.0,2.9003,101.7848,0.0
DMU06,50,1789944866,33.0,4.7262,102.0098,0.0
SCS10,weekday_2012,1789944866,0.0,2.6601,101.9965,0.0
EMU31,2903,1789944865,131.0,5.6989,100.5094,0.0
DMU11(D6122),53,1789944865,32.0,6.1142,102.1958,0.0
SCS24,2904,1789944864,114.0,5.5428,100.5019,0.0
SCS23,2901,1789944863,117.0,5.4109,100.4746,0.0
SCS25,weekday_2106,1789944880,0.0,3.0846,101.6315,0.0
SCS26,weekday_2003,1789944877,24.0,3.1431,101.6939,0.0
DMU10(D6120),51,1789944876,0.0,5.3903,102.0649,0.0
EMU31,2903,1789944925,121.0,5.6825,100.4991,0.0
SCS24,2904,1789944924,114.0,5.5604,100.4984,0.0
EMU23,2801,1789944923,117.0,4.795,100.9372,0.0
EMU26,2905,1789944922,0.0,5.9718,100.4407,0.0
DMU10(D6120),51,1789944921,45.0,5.3905,102.0626,0.0
SCS13,weekday_2102,1789944891,4.0,3.1391,101.6931,0.0
SCS09,weekday_2008,1789944890,4.0,2.8027,101.8001,0.0
ETS205,9041,1789944889,105.0,3.3662,101.6001,0.0
ETS216,9123,1789944888,132.0,5.1693,100.4798,0.0
SCS32,weekday_2107,1789944887,0.0,3.2088,101.6278,0.0
SCS28,weekday_2006,1789944872,33.0,2.9036,101.7862,0.0
SCS25,weekday_2106,1789944880,0.0,3.0846,101.6315,0.0
EMU39,2900,1789944881,121.0,6.4629,100.2576,0.0
SCS10,weekday_2012,1789944881,0.0,2.6601,101.9965,0.0
SCS23,2901,1789944878,117.0,5.4065,100.4731,0.0
SCS28,weekday_2006,1789945037,7.0,2.9065,101.7903,0.0
EMU31,2903,1789945035,95.0,5.6507,100.4914,0.0
SCS23,2901,1789944998,107.0,5.3707,100.4682,0.0
EMU23,2801,1789944998,117.0,4.8127,100.9511,0.0
SCS26,weekday_2003,1789945042,20.0,3.1365,101.6904,0.0
SCS13,weekday_2102,1789945041,69.0,3.1483,101.6906,0.0
SCS25,weekday_2106,1789945004,30.0,3.0828,101.6431,0.0
ETS216,9123,1789944993,88.0,5.1351,100.4853,0.0
DMU06,50,1789945001,8.0,4.7312,102.0108,0.0
SCS21,weekday_2103,1789945000,32.0,3.0973,101.6704,0.0
ETS205,9041,1789944994,102.0,3.3612,101.5732,0.0
ETS214,9121,1789945034,0.0,4.6,101.0744,0.0
DMU10(D6120),51,1789944996,53.0,5.3932,102.0521,0.0
EMU28,2906,1789945034,10.0,5.3909,100.3698,0.0
SCS25,weekday_2106,1789945073,11.0,3.0822,101.6468,0.0
SCS10,weekday_2012,1789945106,81.0,2.6783,101.9776,0.0
DMU11(D6122),53,1789945105,67.0,6.0855,102.1677,0.0
SCS21,weekday_2103,1789945105,46.0,3.0923,101.6694,0.0
SCS24,2904,1789945104,113.0,5.6137,100.4968,0.0
SCS09,weekday_2008,1789945085,64.0,2.8186,101.817,0.0
ETS205,9041,1789945084,75.0,3.3408,101.5728,0.0
EMU39,2900,1789945074,65.0,6.5195,100.2562,0.0
SCS23,2901,1789945073,36.0,5.3578,100.4664,0.0
EMU26,2905,1789945072,117.0,5.9425,100.4574,0.0
SCS13,weekday_2102,1789945071,34.0,3.1529,101.6916,0.0
DMU06,50,1789945106,60.0,4.7449,102.0134,0.0
EMU23,2801,1789945103,115.0,4.8381,100.9647,0.0
SCS29,weekday_2004,1789945080,24.0,2.9864,101.7904,0.0
SCS32,weekday_2107,1789945082,25.0,3.2039,101.6363,0.0
EMU31,2903,1789945080,22.0,5.6432,100.4901,0.0
EMU28,2906,1789945079,14.0,5.3889,100.3717,0.0
ETS214,9121,1789945079,0.0,4.6,101.0744,0.0
SCS28,weekday_2006,1789945202,62.0,2.9182,101.7967,0.0
ETS216,9123,1789945203,100.0,5.1209,100.4882,0.0
SCS32,weekday_2107,1789945202,39.0,3.2006,101.6395,0.0
EMU26,2905,1789945237,118.0,5.8953,100.4756,0.0
SCS26,weekday_2003,1789945237,0.0,3.1357,101.6888,0.0
SCS09,weekday_2008,1789945235,23.0,2.8299,101.8268,0.0
SCS08,weekday_2005,1789945230,0.0,3.2384,101.6811,0.0
DMU06,50,1789945226,72.0,4.7674,102.0135,0.0
DMU11(D6122),53,1789945225,78.0,6.0657,102.1544,0.0
SCS24,2904,1789945224,29.0,5.6426,100.49,0.0
ETS205,9041,1789945204,26.0,3.3259,101.5706,0.0
SCS22,2907,1789945199,115.0,6.162,100.3793,0.0
EMU31,2903,1789945200,92.0,5.6331,100.4903,0.0
EMU28,2906,1789945199,88.0,5.3812,100.3855,0.0
EMU23,2801,1789945268,116.0,4.8401,101.0131,0.0
EMU26,2905,1789945267,114.0,5.8864,100.4769,0.0
SCS13,weekday_2102,1789945266,0.0,3.1651,101.6912,0.0
SCS24,2904,1789945239,9.0,5.6435,100.4901,0.0
EMU39,2900,1789945239,98.0,6.54,100.2597,0.0
ETS307,9323,1789945303,90.0,5.391624,100.36875,0.0
ETS205,9041,1789945279,3.0,3.321,101.5738,0.0
ETS216,9123,1789945278,127.0,5.0974,100.4932,0.0
DMU11(D6122),53,1789945270,79.0,6.0572,102.1499,0.0
SCS21,weekday_2103,1789945270,0.0,3.0865,101.665,0.0
SCS08,weekday_2005,1789945270,0.0,3.2385,101.6812,0.0
SCS32,weekday_2107,1789945232,62.0,3.1976,101.6425,0.0
SCS28,weekday_2006,1789945277,80.0,2.9321,101.7946,0.0
ETS214,9121,1789945244,14.0,4.5954,101.0721,0.0
SCS22,2907,1789945244,114.0,6.1485,100.3802,0.0
SCS26,weekday_2003,1789945237,0.0,3.1357,101.6888,0.0
ETS214,9121,1789945364,58.0,4.5846,101.0697,0.0
SCS29,weekday_2004,1789945350,79.0,2.9981,101.7388,0.0
EMU28,2906,1789945349,74.0,5.3667,100.4158,0.0
ETS307,9323,1789945303,90.0,5.391624,100.36875,0.0
ETS307,9323,1789945424,90.0,5.3860455,100.37558,0.0
ETS216,9123,1789945413,134.0,5.0558,100.5131,0.0
EMU28,2906,1789945409,0.0,5.3644,100.4218,0.0
DMU10(D6120),51,1789945401,13.0,5.3795,102.0328,0.0
SCS13,weekday_2102,1789945356,66.0,3.1682,101.6866,0.0
ETS214,9121,1789945364,58.0,4.5846,101.0697,0.0
SCS32,weekday_2107,1789945352,3.0,3.1923,101.6547,0.0
SCS28,weekday_2006,1789945352,4.0,2.9398,101.7878,0.0
SCS21,weekday_2103,1789945435,20.0,3.086,101.6636,0.0
SCS13,weekday_2102,1789945461,90.0,3.1828,101.6705,0.0
SCS09,weekday_2008,1789945460,66.0,2.8439,101.825,0.0
ETS216,9123,1789945443,137.0,5.0465,100.518,0.0
SCS32,weekday_2107,1789945442,6.0,3.187,101.6636,0.0
SCS23,2901,1789945433,56.0,5.3634,100.4244,0.0
DMU06,50,1789945421,56.0,4.8043,102.0163,0.0
ETS307,9323,1789945424,90.0,5.3860455,100.37558,0.0
EMU26,2905,1789945452,96.0,5.8306,100.4775,0.0
SCS25,weekday_2106,1789945450,0.0,3.0861,101.6638,0.0
SCS24,2904,1789945464,114.0,5.6839,100.5001,0.0
EMU31,2903,1789945455,119.0,5.5581,100.4988,0.0
SCS29,weekday_2004,1789945455,27.0,3.0045,101.73,0.0
ETS214,9121,1789945454,123.0,4.5646,101.0605,0.0
SCS22,2907,1789945454,18.0,6.1122,100.3693,0.0
SCS10,weekday_2012,1789945451,37.0,2.713,101.949,0.0
DMU11(D6122),53,1789945435,0.0,6.0429,102.1424,0.0
EMU39,2900,1789945434,112.0,6.5991,100.2632,0.0
DMU10(D6120),51,1789945446,0.0,5.3789,102.0324,0.0
SCS28,weekday_2006,1789945442,69.0,2.9444,101.7864,0.0
ETS307,9323,1789945545,90.0,5.3744974,100.3977,0.0
EMU28,2906,1789945589,49.0,5.367,100.4438,0.0
EMU26,2905,1789945587,91.0,5.8154,100.4787,0.0
SCS10,weekday_2012,1789945586,0.0,2.7187,101.9408,0.0
EMU24,2807,1789945571,12.0,5.3933,100.3666,0.0
DMU10(D6120),51,1789945566,8.0,5.3724,102.031,0.0
ETS205,9041,1789945564,0.0,3.2961,101.5744,0.0
SCS28,weekday_2006,1789945562,7.0,2.9629,101.7918,0.0
SCS32,weekday_2107,1789945562,85.0,3.1834,101.6686,0.0
EMU23,2801,1789945591,75.0,4.8164,101.0747,0.0
SCS29,weekday_2004,1789945560,36.0,3.0155,101.7222,0.0
EMU39,2900,1789945584,116.0,6.6375,100.2813,0.0
ETS307,9323,1789945545,90.0,5.3744974,100.3977,0.0
SCS32,weekday_2107,1789945637,80.0,3.1748,101.6823,0.0
SCS28,weekday_2006,1789945637,59.0,2.9662,101.7908,0.0
SCS25,weekday_2106,1789945636,0.0,3.095,101.6699,0.0
SCS29,weekday_2004,1789945635,23.0,3.019,101.7183,0.0
EMU28,2906,1789945619,21.0,5.3665,100.4472,0.0
ETS307,9323,1789945666,90.0,5.36236,100.426056,0.0
SCS21,weekday_2103,1789945645,72.0,3.0833,101.6394,0.0
SCS08,weekday_2005,1789945644,0.0,3.2054,101.6752,0.0
SCS23,2901,1789945643,90.0,5.3755,100.3963,0.0
SCS13,weekday_2102,1789945641,18.0,3.1916,101.656,0.0
SCS09,weekday_2008,1789945625,8.0,2.8635,101.8194,0.0
ETS214,9121,1789945604,28.0,4.5401,101.0533,0.0
DMU10(D6120),51,1789945596,8.0,5.3714,102.0308,0.0
ETS205,9041,1789945594,0.0,3.2949,101.5743,0.0
ETS307,9323,1789945666,90.0,5.36236,100.426056,0.0
ETS205,9041,1789945654,0.0,3.2949,101.5743,0.0
ETS307,9323,1789945787,90.0,5.3662663,100.443405,0.0
ETS307,9323,1789945787,90.0,5.3662663,100.443405,0.0
SCS28,weekday_2006,1789945827,5.0,2.9831,101.7906,0.0
ETS214,9121,1789945844,77.0,4.5079,101.0474,0.0
SCS13,weekday_2102,1789945881,15.0,3.202,101.6378,0.0
DMU10(D6120),51,1789945881,12.0,5.3792,102.0128,0.0
EMU26,2905,1789945872,116.0,5.7353,100.5091,0.0
DMU06,50,1789945871,59.0,4.8525,101.9758,0.0
SCS32,weekday_2107,1789945847,5.0,3.166,101.6904,0.0
SCS07,weekday_2116,1789945873,6.0,2.9996,101.3912,0.0
SCS08,weekday_2005,1789945847,46.0,3.1956,101.6836,0.0
ETS307,9323,1789945908,90.0,5.366266,100.44365,0.0
ETS214,9121,1789945874,98.0,4.5013,101.046,0.0
EMU31,2903,1789945874,119.0,5.461,100.4955,0.0
ETS216,9123,1789945863,139.0,5.0414,100.6416,0.0
SCS25,weekday_2106,1789945862,38.0,3.114,101.673,0.0
EMU23,2801,1789945861,118.0,4.7513,101.1197,0.0
SCS09,weekday_2008,1789945850,70.0,2.8843,101.8089,0.0
ETS205,9041,1789945849,46.0,3.2556,101.5548,0.0
EMU28,2906,1789945859,0.0,5.3658,100.4519,0.0
SCS29,weekday_2004,1789945860,41.0,3.0292,101.7124,0.0
ETS307,9323,1789945908,90.0,5.366266,100.44365,0.0
DMU06,50,1789946021,50.0,4.8758,101.9656,0.0
ETS307,9323,1789946030,90.0,5.366123,100.445015,0.0
SCS07,weekday_2116,1789946023,26.0,3.005,101.3937,0.0
SCS22,2907,1789945979,98.0,5.9791,100.4367,0.0
SCS21,weekday_2103,1789945990,0.0,3.0832,101.612,0.0
SCS24,2904,1789945989,28.0,5.8245,100.478,0.0
SCS26,weekday_2002,1789945987,0.0,3.1357,101.6888,0.0
DMU10(D6120),51,1789945986,0.0,5.377,102.0102,0.0
EMU26,2905,1789945977,115.0,5.7045,100.5108,0.0
SCS10,weekday_2012,1789945976,89.0,2.7255,101.9053,0.0
SCS13,weekday_2102,1789945986,33.0,3.2052,101.6348,0.0
SCS09,weekday_2008,1789945985,78.0,2.8978,101.7855,0.0
SCS28,weekday_2006,1789945977,50.0,2.9895,101.7893,0.0
DMU11(D6122),53,1789945975,80.0,6.0,102.1417,0.0
DMU06,50,1789946021,50.0,4.8758,101.9656,0.0
SCS26,weekday_2002,1789946017,0.0,3.1357,101.6888,0.0
ETS205,9041,1789946059,71.0,3.2199,101.5658,0.0
ETS307,9323,1789946030,90.0,5.366123,100.445015,0.0
SCS07,weekday_2116,1789946023,26.0,3.005,101.3937,0.0
EMU26,2905,1789946022,113.0,5.692,100.5056,0.0
SCS32,weekday_2107,1789946057,0.0,3.1483,101.6908,0.0
EMU24,2807,1789946031,46.0,5.3641,100.4226,0.0
SCS09,weekday_2008,1789946030,30.0,2.9043,101.7865,0.0
EMU23,2801,1789946026,110.0,4.7048,101.1323,0.0
EMU31,2903,1789946129,108.0,5.3886,100.4705,0.0
SCS26,weekday_2002,1789946122,0.0,3.1389,101.6934,0.0
DMU10(D6120),51,1789946121,0.0,5.377,102.0102,0.0
SCS13,weekday_2102,1789946121,52.0,3.2086,101.6266,0.0
SCS09,weekday_2008,1789946120,21.0,2.9055,101.7875,0.0
ETS307,9323,1789946151,90.0,5.365633,100.448395,0.0
SCS29,weekday_2004,1789946130,0.0,3.0758,101.7106,0.0
SCS28,weekday_2006,1789946127,90.0,2.9911,101.7576,0.0
DMU06,50,1789946126,0.0,4.8791,101.9669,0.0
SCS21,weekday_2103,1789946125,58.0,3.083,101.5988,0.0
DMU11(D6122),53,1789946125,81.0,5.9692,102.1437,0.0
SCS24,2904,1789946124,114.0,5.8391,100.4769,0.0
EMU26,2905,1789946119,0.0,5.6653,100.4939,0.0
ETS307,9323,1789946151,90.0,5.365633,100.448395,0.0
ETS205,9041,1789946134,46.0,3.2106,101.5739,0.0
ETS216,9123,1789946133,132.0,5.0186,100.7264,0.0
SCS32,weekday_2107,1789946132,27.0,3.1409,101.6941,0.0
SCS09,weekday_2008,1789946255,10.0,2.907,101.7928,0.0
SCS26,weekday_2002,1789946242,23.0,3.1426,101.6937,0.0
SCS13,weekday_2102,1789946241,84.0,3.1995,101.6061,0.0
SCS28,weekday_2006,1789946232,68.0,3.0008,101.7362,0.0
ETS307,9323,1789946272,90.0,5.3564734,100.464355,0.0
DMU06,50,1789946231,0.0,4.8791,101.9669,0.0
DMU10(D6120),51,1789946256,0.0,5.377,102.0102,0.0
EMU28,2906,1789946255,121.0,5.3935,100.4711,0.0
DMU11(D6122),53,1789946230,79.0,5.9469,102.1483,0.0
EMU26,2905,1789946233,0.0,5.6426,100.49,0.0
SCS07,weekday_2116,1789946233,64.0,3.0157,101.4052,0.0
SCS10,weekday_2012,1789946231,55.0,2.7416,101.8709,0.0
EMU24,2807,1789946231,0.0,5.3671,100.4425,0.0
SCS25,weekday_2106,1789946268,0.0,3.1322,101.6831,0.0
ETS216,9123,1789946268,122.0,4.9749,100.731,0.0
SCS32,weekday_2107,1789946267,18.0,3.1383,101.6933,0.0
SCS29,weekday_2004,1789946265,59.0,3.0859,101.7133,0.0
SCS07,weekday_2116,1789946263,47.0,3.0187,101.4084,0.0
SCS21,weekday_2103,1789946263,0.0,3.0845,101.5893,0.0
SCS09,weekday_2008,1789946255,10.0,2.907,101.7928,0.0
EMU26,2905,1789946263,0.0,5.6426,100.49,0.0
SCS28,weekday_2006,1789946262,21.0,3.0034,101.7337,0.0
SCS10,weekday_2012,1789946261,100.0,2.7434,101.8647,0.0
DMU11(D6122),53,1789946260,80.0,5.9408,102.1499,0.0
SCS24,2904,1789946259,114.0,5.8796,100.4769,0.0
SCS26,weekday_2002,1789946257,17.0,3.1436,101.6933,0.0
DMU10(D6120),51,1789946256,0.0,5.377,102.0102,0.0
EMU28,2906,1789946255,121.0,5.3935,100.4711,0.0
ETS307,9323,1789946272,90.0,5.3564734,100.464355,0.0
EMU24,2807,1789946271,38.0,5.367,100.4436,0.0
SCS13,weekday_2102,1789946271,86.0,3.201,101.5995,0.0
ETS205,9041,1789946269,0.0,3.2073,101.5769,0.0
ETS307,9323,1789946393,90.0,5.3203497,100.47192,0.0
EMU31,2903,1789946378,0.0,5.3585,100.4627,0.0
SCS29,weekday_2004,1789946370,14.0,3.0916,101.7103,0.0
ETS214,9121,1789946414,39.0,4.4454,101.056,0.0
SCS25,weekday_2106,1789946418,0.0,3.1322,101.6831,0.0
SCS32,weekday_2107,1789946417,0.0,3.1357,101.6888,0.0
SCS29,weekday_2004,1789946415,24.0,3.0945,101.7095,0.0
ETS205,9041,1789946434,4.0,3.2027,101.5865,0.0
EMU23,2801,1789946407,84.0,4.612,101.091,0.0
DMU10(D6120),51,1789946406,10.0,5.3749,102.0094,0.0
SCS26,weekday_2002,1789946407,3.0,3.1538,101.6923,0.0
EMU28,2906,1789946405,121.0,5.4359,100.4887,0.0
ETS216,9123,1789946403,133.0,4.9302,100.7182,0.0
SCS13,weekday_2102,1789946406,25.0,3.2056,101.5817,0.0
SCS09,weekday_2008,1789946405,73.0,2.9308,101.7942,0.0
SCS28,weekday_2006,1789946382,71.0,3.0097,101.7257,0.0
DMU06,52,1789946381,0.0,4.8792,101.9668,0.0
SCS24,2904,1789946380,115.0,5.9144,100.4683,0.0
ETS307,9323,1789946393,90.0,5.3203497,100.47192,0.0
ETS304,9224,1789946514,90.0,0.0027284583,0.0154984975,0.0
ETS307,9323,1789946514,90.0,5.2849646,100.48152,0.0
SCS22,2907,1789946459,114.0,5.8709,100.477,0.0
ETS214,9121,1789946459,48.0,4.4401,101.0583,0.0
SCS10,weekday_2012,1789946456,29.0,2.753,101.8306,0.0
DMU11(D6122),53,1789946455,74.0,5.9025,102.1587,0.0
SCS29,weekday_2004,1789946445,30.0,3.0963,101.7078,0.0
ETS216,9123,1789946433,133.0,4.9197,100.7169,0.0
DMU10(D6120),51,1789946451,31.0,5.3725,102.0085,0.0
EMU23,2801,1789946452,52.0,4.6106,101.0833,0.0
EMU28,2906,1789946450,119.0,5.4495,100.4924,0.0
ETS205,9041,1789946464,45.0,3.2015,101.5904,0.0
SCS25,weekday_2106,1789946462,0.0,3.1322,101.6831,0.0
SCS09,weekday_2008,1789946450,61.0,2.9372,101.7911,0.0
SCS08,weekday_2005,1789946462,35.0,3.1647,101.6916,0.0
SCS32,weekday_2107,1789946462,0.0,3.1357,101.6888,0.0
EMU31,2903,1789946461,65.0,5.3654,100.4544,0.0
SCS21,weekday_2103,1789946458,15.0,3.0844,101.5909,0.0
ETS304,9224,1789946514,90.0,0.0027284583,0.0154984975,0.0
ETS307,9323,1789946514,90.0,5.2849646,100.48152,0.0
SCS10,weekday_2012,1789946591,25.0,2.7547,101.8245,0.0
SCS29,weekday_2004,1789946611,44.0,3.1012,101.7017,0.0
ETS307,9323,1789946635,90.0,5.2478247,100.4859,0.0
ETS304,9224,1789946635,90.0,3.139129,101.69442,0.0
SCS28,weekday_2006,1789946607,0.0,3.0239,101.7157,0.0
DMU06,52,1789946606,61.0,4.8944,101.9712,0.0
DMU11(D6122),53,1789946605,87.0,5.8716,102.1549,0.0
SCS25,weekday_2106,1789946595,0.0,3.1322,101.6831,0.0
EMU26,2905,1789946593,120.0,5.5573,100.4989,0.0
ETS205,9041,1789946584,82.0,3.2013,101.6114,0.0
ETS214,9121,1789946564,14.0,4.4364,101.0604,0.0
SCS07,weekday_2116,1789946608,23.0,3.0396,101.4309,0.0
EMU23,2801,1789946602,21.0,4.6032,101.0755,0.0
SCS26,weekday_2002,1789946602,16.0,3.1657,101.6907,0.0
SCS08,weekday_2005,1789946602,20.0,3.1543,101.6927,0.0
SCS13,weekday_2102,1789946601,90.0,3.219,101.5665,0.0
DMU10(D6120),51,1789946601,60.0,5.3551,102.0094,0.0
SCS09,weekday_2008,1789946600,67.0,2.9456,101.787,0.0
EMU28,2906,1789946600,0.0,5.4787,100.497,0.0
EMU24,2807,1789946591,119.0,5.3551,100.4652,0.0
SCS24,2904,1789946590,74.0,5.9696,100.442,0.0
SCS32,weekday_2107,1789946582,0.0,3.1357,101.6888,0.0
SCS21,weekday_2103,1789946563,0.0,3.0842,101.5933,0.0
SCS13,weekday_2102,1789946631,85.0,3.2246,101.5622,0.0
SCS07,weekday_2116,1789946638,0.0,3.0399,101.4312,0.0
EMU26,2905,1789946638,117.0,5.5436,100.5017,0.0
SCS25,weekday_2106,1789946634,0.0,3.1322,101.6831,0.0
DMU06,52,1789946636,55.0,4.899,101.9714,0.0
EMU28,2906,1789946630,0.0,5.4787,100.497,0.0
ETS307,9323,1789946635,90.0,5.2478247,100.4859,0.0
ETS304,9224,1789946635,90.0,3.139129,101.69442,0.0
SCS26,weekday_2002,1789946632,15.0,3.1668,101.6894,0.0
DMU10(D6120),51,1789946616,57.0,5.3528,102.01,0.0
SCS28,weekday_2006,1789946637,17.0,3.0246,101.7153,0.0
SCS24,2904,1789946635,0.0,5.9727,100.4403,0.0
SCS22,2907,1789946639,9.0,5.8239,100.4781,0.0
SCS32,weekday_2107,1789946717,0.0,3.1357,101.6888,0.0
SCS29,weekday_2004,1789946716,51.0,3.1126,101.685,0.0
ETS307,9323,1789946757,90.0,5.2058926,100.48906,0.0
ETS304,9224,1789946756,90.0,3.1392417,101.69469,0.0
EMU24,2807,1789946731,119.0,5.3131,100.4747,0.0
SCS22,2907,1789946729,90.0,5.8179,100.4786,0.0
EMU26,2905,1789946728,119.0,5.5171,100.5073,0.0
SCS28,weekday_2006,1789946772,84.0,3.0369,101.7087,0.0
EMU24,2807,1789946771,113.0,5.3019,100.4797,0.0
DMU06,52,1789946771,63.0,4.9194,101.9789,0.0
SCS10,weekday_2012,1789946771,98.0,2.7833,101.7997,0.0
DMU11(D6122),53,1789946770,71.0,5.8363,102.1505,0.0
SCS24,2904,1789946770,116.0,5.9904,100.4302,0.0
EMU23,2801,1789946767,0.0,4.5978,101.0733,0.0
SCS13,weekday_2102,1789946766,46.0,3.2486,101.5572,0.0
SCS25,weekday_2106,1789946766,0.0,3.1322,101.6831,0.0
EMU28,2906,1789946765,0.0,5.4787,100.497,0.0
SCS08,weekday_2005,1789946762,16.0,3.142,101.6942,0.0
SCS22,2907,1789946759,112.0,5.8097,100.4795,0.0
ETS214,9121,1789946759,20.0,4.4243,101.067,0.0
DMU10(D6120),51,1789946751,66.0,5.3307,102.0179,0.0
ETS205,9041,1789946734,0.0,3.2089,101.6278,0.0
ETS216,9123,1789946733,0.0,4.8533,100.7325,0.0
ETS307,9323,1789946757,90.0,5.2058926,100.48906,0.0
ETS304,9224,1789946756,90.0,3.1392417,101.69469,0.0
SCS32,weekday_2107,1789946732,0.0,3.1357,101.6888,0.0
SCS09,weekday_2008,1789946795,55.0,2.9672,101.7905,0.0
SCS07,weekday_2116,1789946773,16.0,3.0454,101.4371,0.0
SCS21,weekday_2103,1789946773,0.0,3.0846,101.5891,0.0
EMU26,2905,1789946773,116.0,5.5037,100.5037,0.0
SCS09,weekday_2008,1789946810,62.0,2.9697,101.7903,0.0
SCS25,weekday_2106,1789946808,1.0,3.1359,101.6899,0.0
SCS08,weekday_2005,1789946802,0.0,3.1404,101.694,0.0
SCS28,weekday_2006,1789946802,84.0,3.0436,101.708,0.0
DMU06,52,1789946801,60.0,4.9244,101.9796,0.0
ETS304,9224,1789946877,90.0,3.1428895,101.694565,0.0
SCS24,2904,1789946800,115.0,5.9983,100.4258,0.0
ETS307,9323,1789946877,90.0,5.1663623,100.48054,0.0
SCS32,weekday_2107,1789946852,0.0,3.1357,101.6888,0.0
SCS29,weekday_2004,1789946851,20.0,3.1154,101.6798,0.0
EMU23,2801,1789946797,0.0,4.5978,101.0733,0.0
DMU10(D6120),51,1789946796,57.0,5.3232,102.02,0.0
SCS13,weekday_2102,1789946796,0.0,3.2499,101.5563,0.0
EMU28,2906,1789946795,0.0,5.4787,100.497,0.0
EMU31,2903,1789946806,55.0,5.3654,100.4193,0.0
EMU26,2905,1789946804,0.0,5.4947,100.5013,0.0
SCS10,weekday_2012,1789946891,0.0,2.8018,101.7993,0.0
DMU11(D6122),53,1789946890,65.0,5.8127,102.1475,0.0
SCS13,weekday_2102,1789946886,38.0,3.2555,101.5544,0.0
SCS08,weekday_2005,1789946882,14.0,3.1391,101.6936,0.0
ETS304,9224,1789946877,90.0,3.1428895,101.694565,0.0
ETS307,9323,1789946877,90.0,5.1663623,100.48054,0.0
SCS26,weekday_2002,1789946886,0.0,3.1815,101.6885,0.0
SCS25,weekday_2106,1789946853,17.0,3.1384,101.6932,0.0
SCS24,2904,1789946890,114.0,6.0218,100.4125,0.0
EMU26,2905,1789946888,0.0,5.482,100.4979,0.0
EMU26,2905,1789946948,52.0,5.4792,100.4972,0.0
EMU23,2801,1789946947,0.0,4.5978,101.0733,0.0
SCS28,weekday_2006,1789946967,5.0,3.0766,101.7115,0.0
DMU11(D6122),53,1789946965,4.0,5.8065,102.1467,0.0
SCS24,2904,1789946965,114.0,6.0415,100.4014,0.0
SCS10,weekday_2012,1789946966,0.0,2.8018,101.7993,0.0
SCS07,weekday_2116,1789946968,0.0,3.0432,101.4503,0.0
DMU10(D6120),51,1789946946,30.0,5.3029,102.0221,0.0
SCS26,weekday_2002,1789946946,5.0,3.1815,101.6884,0.0
EMU28,2906,1789946945,0.0,5.4787,100.497,0.0
SCS08,weekday_2005,1789946942,21.0,3.1367,101.6907,0.0
SCS21,weekday_2103,1789946968,0.0,3.0846,101.5891,0.0
EMU24,2807,1789946954,90.0,5.2797,100.4785,0.0
ETS304,9224,1789946998,90.0,3.1519103,101.69254,0.0
ETS307,9323,1789946998,90.0,5.131127,100.48666,0.0
ETS205,9041,1789946974,0.0,3.1921,101.6547,0.0
ETS216,9123,1789946973,123.0,4.809,100.7419,0.0
SCS32,weekday_2107,1789946972,0.0,3.1357,101.6888,0.0
DMU06,52,1789946981,41.0,4.9291,102.0002,0.0
SCS26,weekday_2002,1789946976,37.0,3.1834,101.689,0.0
ETS307,9323,1789946998,90.0,5.131127,100.48666,0.0
ETS304,9224,1789946998,90.0,3.1519103,101.69254,0.0
ETS205,9041,1789947034,0.0,3.1921,101.6547,0.0
SCS09,weekday_2008,1789946998,0.0,2.9833,101.7905,0.0
EMU23,2801,1789946992,0.0,4.5978,101.0733,0.0
SCS13,weekday_2102,1789946991,30.0,3.2589,101.5549,0.0
SCS25,weekday_2106,1789946991,0.0,3.1389,101.6934,0.0
DMU10(D6120),51,1789946991,14.0,5.3006,102.0206,0.0
EMU28,2906,1789946990,0.0,5.4787,100.497,0.0
SCS32,weekday_2107,1789946987,0.0,3.1357,101.6888,0.0
EMU31,2903,1789946986,83.0,5.383,100.3822,0.0
SCS29,weekday_2004,1789946986,18.0,3.1197,101.679,0.0
EMU31,2903,1789947076,11.0,5.3876,100.373,0.0
ETS205,9041,1789947034,0.0,3.1921,101.6547,0.0
ETS216,9123,1789947033,0.0,4.796,100.7526,0.0
SCS25,weekday_2106,1789947073,18.0,3.1402,101.6935,0.0
SCS09,weekday_2008,1789947073,15.0,2.9846,101.7905,0.0
SCS10,weekday_2012,1789947071,23.0,2.8024,101.7999,0.0
SCS24,2904,1789947070,114.0,6.0687,100.386,0.0
DMU11(D6122),53,1789947070,0.0,5.8065,102.1466,0.0
EMU26,2905,1789947068,117.0,5.4475,100.4919,0.0
EMU23,2801,1789947067,0.0,4.5978,101.0733,0.0
DMU10(D6120),51,1789947066,12.0,5.3,102.0201,0.0
SCS26,weekday_2002,1789947066,55.0,3.1949,101.684,0.0
SCS13,weekday_2102,1789947066,66.0,3.2701,101.5598,0.0
EMU28,2906,1789947065,0.0,5.4787,100.497,0.0
SCS08,weekday_2005,1789947062,0.0,3.1346,101.6884,0.0
DMU06,52,1789947056,47.0,4.938,102.0052,0.0
SCS32,weekday_2107,1789947032,0.0,3.1357,101.6888,0.0
ETS304,9224,1789947119,90.0,3.1665363,101.68992,0.0
ETS307,9323,1789947119,90.0,5.127785,100.48735,0.0
EMU26,2905,1789947143,117.0,5.4268,100.4832,0.0
EMU23,2801,1789947142,0.0,4.5978,101.0733,0.0
SCS13,weekday_2102,1789947141,55.0,3.2812,101.5659,0.0
SCS32,weekday_2107,1789947152,22.0,3.1376,101.6927,0.0
SCS29,weekday_2004,1789947151,0.0,3.1278,101.6797,0.0
ETS214,9121,1789947149,134.0,4.3504,101.1147,0.0
SCS24,2904,1789947145,113.0,6.0884,100.3751,0.0
SCS08,weekday_2005,1789947142,0.0,3.1346,101.6884,0.0
SCS26,weekday_2002,1789947141,0.0,3.1978,101.6816,0.0
DMU10(D6120),51,1789947141,25.0,5.2954,102.0192,0.0
EMU28,2906,1789947140,0.0,5.4787,100.497,0.0
ETS307,9323,1789947119,90.0,5.127785,100.48735,0.0
ETS304,9224,1789947119,90.0,3.1665363,101.68992,0.0
ETS304,9224,1789947240,90.0,3.1778996,101.679115,0.0
ETS307,9323,1789947240,90.0,5.095011,100.49411,0.0
ETS214,9121,1789947209,128.0,4.3334,101.1267,0.0
SCS10,weekday_2012,1789947206,0.0,2.8171,101.8157,0.0
SCS32,weekday_2107,1789947167,20.0,3.1384,101.6933,0.0
DMU10(D6120),51,1789947156,32.0,5.2941,102.019,0.0
SCS24,2904,1789947205,103.0,6.1033,100.3668,0.0
SCS25,weekday_2106,1789947186,64.0,3.1511,101.6908,0.0
SCS08,weekday_2005,1789947182,0.0,3.1346,101.6884,0.0
EMU31,2903,1789947181,11.0,5.3905,100.3703,0.0
EMU28,2906,1789947170,0.0,5.4787,100.497,0.0
SCS22,2907,1789947179,114.0,5.6909,100.5049,0.0
SCS29,weekday_2004,1789947166,0.0,3.1278,101.6797,0.0
ETS216,9123,1789947153,135.0,4.7783,100.7932,0.0
ETS304,9224,1789947240,90.0,3.1778996,101.679115,0.0
ETS307,9323,1789947240,90.0,5.095011,100.49411,0.0
ETS205,9041,1789947259,0.0,3.1677,101.6875,0.0
SCS25,weekday_2106,1789947256,0.0,3.1537,101.6922,0.0
SCS26,weekday_2002,1789947246,38.0,3.2034,101.6768,0.0
SCS32,weekday_2107,1789947212,0.0,3.1405,101.6938,0.0
SCS22,2907,1789947389,0.0,5.6425,100.49,0.0
ETS214,9121,1789947389,0.0,4.3029,101.1532,0.0
SCS09,weekday_2008,1789947388,90.0,2.9976,101.7393,0.0
SCS21,weekday_2103,1789947388,0.0,3.0846,101.5891,0.0
SCS07,weekday_2116,1789947388,60.0,3.0491,101.4739,0.0
SCS28,weekday_2006,1789947387,17.0,3.0993,101.7041,0.0
SCS10,weekday_2012,1789947386,21.0,2.8239,101.822,0.0
SCS23,2908,1789947368,5.0,5.3929,100.367,0.0
EMU23,2801,1789947367,0.0,4.5978,101.0733,0.0
SCS13,weekday_2102,1789947366,41.0,3.3172,101.5748,0.0
DMU10(D6120),51,1789947366,12.0,5.2915,102.0078,0.0
EMU28,2906,1789947365,0.0,5.4787,100.497,0.0
ETS205,9041,1789947364,0.0,3.1677,101.6875,0.0
SCS08,weekday_2005,1789947362,24.0,3.1209,101.6785,0.0
SCS32,weekday_2107,1789947362,0.0,3.1407,101.6939,0.0
SCS38,weekday_2007,1789947361,10.0,3.2368,101.6812,0.0
ETS304,9224,1789947361,90.0,3.1893146,101.66021,0.0
ETS307,9323,1789947361,90.0,5.057981,100.51193,0.0
ETS216,9123,1789947348,127.0,4.7782,100.8573,0.0
SCS29,weekday_2004,1789947346,21.0,3.1311,101.6823,0.0
EMU39,2911,1789947339,7.0,6.6622,100.3194,0.0
DMU11(D6122),53,1789947340,15.0,5.8057,102.1466,0.0
EMU26,2905,1789947338,95.0,5.3703,100.4682,0.0
SCS25,weekday_2106,1789947339,41.0,3.1639,101.6919,0.0
SCS26,weekday_2002,1789947336,55.0,3.2071,101.6737,0.0
DMU06,52,1789947386,24.0,4.9648,102.0112,0.0
ETS208,9442,1789947386,0.0,1.4676,103.7613,0.0
SCS24,2904,1789947385,102.0,6.1227,100.374,0.0
ETS216,9123,1789947393,137.0,4.7732,100.8712,0.0
EMU24,2807,1789947394,0.0,5.1697,100.4796,0.0
ETS205,9041,1789947394,0.0,3.1677,101.6875,0.0
ETS304,9224,1789947482,90.0,3.2001417,101.63998,0.0
SCS08,weekday_2005,1789947502,0.0,3.1194,101.6787,0.0
EMU28,2906,1789947500,13.0,5.4794,100.4972,0.0
SCS23,2908,1789947488,15.0,5.3895,100.3712,0.0
EMU23,2801,1789947487,0.0,4.5977,101.0733,0.0
SCS25,weekday_2106,1789947482,77.0,3.1734,101.6836,0.0
SCS24,2904,1789947475,113.0,6.1483,100.3802,0.0
DMU11(D6122),53,1789947475,69.0,5.7868,102.1443,0.0
EMU39,2911,1789947474,54.0,6.6544,100.3085,0.0
ETS307,9323,1789947482,90.0,5.0209203,100.53255,0.0
EMU24,2807,1789947494,96.0,5.1516,100.4815,0.0
SCS21,weekday_2103,1789947493,0.0,3.0846,101.589,0.0
SCS09,weekday_2008,1789947493,21.0,3.0045,101.7301,0.0
SCS07,weekday_2116,1789947493,32.0,3.0525,101.4888,0.0
ETS208,9442,1789947491,0.0,1.4676,103.7613,0.0
SCS10,weekday_2012,1789947491,20.0,2.8284,101.8264,0.0
SCS26,weekday_2002,1789947486,57.0,3.2221,101.6725,0.0
DMU10(D6120),51,1789947486,34.0,5.2854,102.0062,0.0
SCS13,weekday_2102,1789947480,37.0,3.322,101.5733,0.0
EMU26,2905,1789947480,43.0,5.3609,100.4608,0.0
SCS28,weekday_2006,1789947492,80.0,3.1059,101.6959,0.0
SCS10,weekday_2012,1789947566,11.0,2.8303,101.8268,0.0
DMU06,52,1789947566,51.0,4.9863,102.0155,0.0
SCS21,weekday_2103,1789947568,0.0,3.0846,101.589,0.0
SCS24,2904,1789947565,99.0,6.1751,100.3783,0.0
ETS214,9121,1789947554,103.0,4.2863,101.1641,0.0
EMU23,2801,1789947577,0.0,4.5977,101.0733,0.0
DMU10(D6120),51,1789947576,58.0,5.2729,102.0087,0.0
SCS26,weekday_2002,1789947576,28.0,3.2313,101.6755,0.0
EMU28,2906,1789947575,0.0,5.4826,100.4981,0.0
ETS304,9224,1789947603,90.0,3.2051413,101.61659,0.0
ETS214,9121,1789947584,91.0,4.279,101.1649,0.0
ETS307,9323,1789947603,90.0,5.0323105,100.56874,0.0
ETS216,9123,1789947618,31.0,4.7755,100.9306,0.0
EMU26,2905,1789947600,0.0,5.3663,100.4476,0.0
SCS32,weekday_2107,1789947587,75.0,3.1564,101.6938,0.0
SCS38,weekday_2007,1789947586,34.0,3.2128,101.6721,0.0
SCS29,weekday_2004,1789947586,6.0,3.1369,101.6907,0.0
ETS205,9041,1789947574,0.0,3.1677,101.6875,0.0
EMU24,2807,1789947574,52.0,5.14,100.4843,0.0
SCS09,weekday_2008,1789947763,0.0,3.0239,101.7156,0.0
DMU06,52,1789947761,43.0,5.006,102.0242,0.0
DMU11(D6122),53,1789947760,72.0,5.7539,102.1565,0.0
EMU39,2911,1789947759,121.0,6.6024,100.2632,0.0
EMU24,2807,1789947754,113.0,5.1161,100.4892,0.0
EMU23,2801,1789947727,0.0,4.5977,101.0733,0.0
DMU10(D6120),51,1789947726,57.0,5.2628,102.0099,0.0
SCS26,weekday_2002,1789947726,0.0,3.2371,101.6812,0.0
EMU28,2906,1789947726,112.0,5.5071,100.5046,0.0
ETS307,9323,1789947724,90.0,5.04278,100.6082,0.0
ETS304,9224,1789947724,90.0,3.2007978,101.59176,0.0
SCS05,weekday_2120,1789947762,15.0,3.0041,101.3928,0.0
SCS23,2908,1789947762,25.0,5.365,100.4203,0.0
ETS208,9442,1789947761,1.0,1.5354,103.7237,0.0
EMU26,2905,1789947780,21.0,5.3644,100.4216,0.0
SCS10,weekday_2012,1789947761,75.0,2.8497,101.8233,0.0
SCS24,2904,1789947760,116.0,6.2035,100.3671,0.0
EMU24,2807,1789947754,113.0,5.1161,100.4892,0.0
ETS205,9041,1789947799,0.0,3.1677,101.6875,0.0
SCS25,weekday_2106,1789947799,0.0,3.1917,101.6557,0.0
ETS216,9123,1789947798,87.0,4.7836,100.9348,0.0
SCS07,weekday_2116,1789947763,21.0,3.0565,101.5243,0.0
SCS21,weekday_2103,1789947763,0.0,3.0846,101.589,0.0
SCS08,weekday_2005,1789947784,34.0,3.1124,101.6875,0.0
SCS32,weekday_2107,1789947776,0.0,3.1729,101.6848,0.0
SCS38,weekday_2007,1789947766,24.0,3.2039,101.6764,0.0
ETS307,9323,1789947845,90.0,5.0404863,100.65022,0.0
ETS304,9224,1789947845,90.0,3.2054195,101.58118,0.0
SCS29,weekday_2004,1789947931,27.0,3.1546,101.693,0.0
SCS21,weekday_2103,1789947958,0.0,3.0846,101.589,0.0
SCS23,2908,1789947957,14.0,5.3665,100.4471,0.0
SCS07,weekday_2116,1789947973,58.0,3.0706,101.5513,0.0
SCS10,weekday_2012,1789947971,45.0,2.8779,101.8158,0.0
ETS304,9224,1789947966,90.0,3.2055793,101.580925,0.0
ETS214,9121,1789948004,109.0,4.1627,101.1902,0.0
SCS22,2907,1789948004,82.0,5.486,100.499,0.0
SCS09,weekday_2008,1789948003,86.0,3.0463,101.707,0.0
DMU10(D6120),51,1789947996,52.0,5.2334,102.0099,0.0
SCS25,weekday_2106,1789947996,0.0,3.2023,101.6376,0.0
SCS26,weekday_2002,1789947996,0.0,3.2371,101.6812,0.0
ETS307,9323,1789947966,90.0,5.0383124,100.69192,0.0
ETS205,9041,1789947994,0.0,3.1677,101.6875,0.0
SCS29,weekday_2004,1789947991,48.0,3.1623,101.692,0.0
SCS38,weekday_2007,1789947991,40.0,3.1859,101.6901,0.0
SCS13,weekday_2102,1789947990,114.0,3.3854,101.6236,0.0
EMU28,2906,1789947981,113.0,5.5829,100.4947,0.0
SCS08,weekday_2005,1789947964,15.0,3.1014,101.7016,0.0
ETS216,9123,1789947963,130.0,4.8328,100.9545,0.0
EMU23,2801,1789947982,0.0,4.5977,101.0733,0.0
SCS28,weekday_2006,1789947972,28.0,3.1294,101.6811,0.0
EMU24,2807,1789947959,120.0,5.0566,100.5125,0.0
ETS208,9442,1789947956,0.0,1.5354,103.7237,0.0
DMU11(D6122),53,1789947955,69.0,5.717,102.1561,0.0
SCS24,2904,1789947955,114.0,6.2606,100.3554,0.0
ETS214,9121,1789948004,109.0,4.1627,101.1902,0.0
SCS22,2907,1789948004,82.0,5.486,100.499,0.0
SCS09,weekday_2008,1789948003,86.0,3.0463,101.707,0.0
DMU11(D6122),53,1789948000,64.0,5.7092,102.153,0.0
EMU24,2807,1789947999,120.0,5.0454,100.5184,0.0
EMU23,2801,1789947997,0.0,4.5977,101.0733,0.0
EMU28,2906,1789947996,108.0,5.5872,100.494,0.0
DMU10(D6120),51,1789947996,52.0,5.2334,102.0099,0.0
SCS26,weekday_2002,1789947996,0.0,3.2371,101.6812,0.0
SCS25,weekday_2106,1789947996,0.0,3.2023,101.6376,0.0
ETS205,9041,1789947994,0.0,3.1677,101.6875,0.0
SCS09,weekday_2008,1789948108,76.0,3.0721,101.7089,0.0
SCS24,2904,1789948105,114.0,6.3048,100.3464,0.0
SCS07,weekday_2116,1789948108,0.0,3.0756,101.559,0.0
SCS21,weekday_2103,1789948108,0.0,3.0846,101.589,0.0
ETS304,9224,1789948088,90.0,3.2060225,101.57915,0.0
ETS307,9323,1789948088,90.0,5.0173445,100.72743,0.0
SCS38,weekday_2007,1789948081,0.0,3.1815,101.6885,0.0
SCS29,weekday_2004,1789948081,8.0,3.1654,101.6914,0.0
EMU26,2905,1789948080,68.0,5.3851,100.3781,0.0
SCS13,weekday_2102,1789948080,107.0,3.411,101.6274,0.0
SCS05,weekday_2120,1789948107,0.0,3.014,101.4033,0.0
SCS28,weekday_2006,1789948107,0.0,3.1322,101.6833,0.0
SCS10,weekday_2012,1789948106,89.0,2.8935,101.7927,0.0
DMU11(D6122),53,1789948105,0.0,5.7028,102.1519,0.0
EMU23,2801,1789948162,0.0,4.5977,101.0733,0.0
SCS26,weekday_2002,1789948161,0.0,3.2371,101.6812,0.0
EMU28,2906,1789948161,102.0,5.6349,100.4896,0.0
ETS205,9041,1789948159,0.0,3.1677,101.6875,0.0
SCS13,weekday_2102,1789948155,114.0,3.4293,101.6299,0.0
EMU26,2905,1789948155,0.0,5.3879,100.3727,0.0
ETS214,9121,1789948154,137.0,4.1299,101.2264,0.0
SCS28,weekday_2006,1789948182,0.0,3.1322,101.6833,0.0
SCS10,weekday_2012,1789948181,39.0,2.9024,101.7855,0.0
DMU06,52,1789948181,54.0,5.0275,102.0425,0.0
ETS208,9442,1789948181,87.0,1.5624,103.6913,0.0
SCS24,2904,1789948180,114.0,6.3249,100.3371,0.0
DMU11(D6122),53,1789948180,0.0,5.7028,102.1519,0.0
EMU24,2807,1789948179,91.0,5.0224,100.5315,0.0
EMU23,2801,1789948177,0.0,4.5977,101.0733,0.0
EMU28,2906,1789948176,71.0,5.6382,100.4892,0.0
DMU10(D6120),51,1789948176,52.0,5.2183,102.0121,0.0
ETS307,9323,1789948209,90.0,4.9778156,100.73307,0.0
ETS304,9224,1789948208,90.0,3.2152524,101.569855,0.0
SCS22,2907,1789948199,114.0,5.4548,100.4938,0.0
ETS205,9041,1789948189,0.0,3.1677,101.6875,0.0
SCS38,weekday_2007,1789948186,32.0,3.1774,101.6863,0.0
SCS29,weekday_2004,1789948186,20.0,3.1696,101.6856,0.0
ETS204,9343,1789948185,0.0,5.3917,100.3688,0.0
SCS13,weekday_2102,1789948185,114.0,3.4364,101.6355,0.0
EMU26,2905,1789948185,13.0,5.3884,100.3721,0.0
SCS08,weekday_2005,1789948184,0.0,3.1008,101.7023,0.0
SCS09,weekday_2008,1789948183,0.0,3.0768,101.7115,0.0
SCS21,weekday_2103,1789948183,0.0,3.0846,101.589,0.0
SCS07,weekday_2116,1789948183,25.0,3.0759,101.5594,0.0
SCS23,2908,1789948182,32.0,5.3571,100.4645,0.0
SCS05,weekday_2120,1789948182,0.0,3.014,101.4033,0.0
ETS204,9343,1789948290,0.0,5.3917,100.3688,0.0
SCS13,weekday_2102,1789948290,62.0,3.4651,101.6373,0.0
ETS216,9123,1789948353,129.0,4.8139,101.0774,0.0
ETS204,9343,1789948350,0.0,5.3917,100.3688,0.0
SCS13,weekday_2102,1789948350,0.0,3.4678,101.6376,0.0
SCS21,weekday_2103,1789948333,0.0,3.0846,101.589,0.0
EMU23,2801,1789948297,20.0,4.6004,101.0745,0.0
EMU28,2906,1789948296,53.0,5.6456,100.4905,0.0
ETS205,9041,1789948294,0.0,3.1677,101.6875,0.0
ETS304,9224,1789948330,90.0,3.2353833,101.56077,0.0
ETS307,9323,1789948330,90.0,4.9382005,100.72131,0.0
ETS214,9121,1789948334,113.0,4.0967,101.2693,0.0
SCS22,2907,1789948334,115.0,5.4183,100.4777,0.0
SCS09,weekday_2008,1789948333,57.0,3.0879,101.7108,0.0
SCS07,weekday_2116,1789948333,56.0,3.0814,101.5757,0.0
SCS05,weekday_2120,1789948332,36.0,3.0179,101.4076,0.0
SCS23,2908,1789948332,114.0,5.3915,100.4708,0.0
ETS208,9442,1789948331,121.0,1.5851,103.6601,0.0
SCS08,weekday_2005,1789948304,0.0,3.1008,101.7023,0.0
SCS28,weekday_2006,1789948332,18.0,3.1369,101.6915,0.0
SCS10,weekday_2012,1789948331,8.0,2.9058,101.788,0.0
SCS25,weekday_2106,1789948331,84.0,3.2011,101.5988,0.0
DMU06,52,1789948331,0.0,5.0339,102.0504,0.0
SCS24,2904,1789948330,111.0,6.361,100.3102,0.0
DMU11(D6122),53,1789948330,55.0,5.6951,102.152,0.0
EMU39,2911,1789948321,114.0,6.4647,100.257,0.0
EMU28,2906,1789948371,119.0,5.6639,100.4936,0.0
SCS23,2908,1789948377,113.0,5.4048,100.4727,0.0
DMU06,52,1789948376,16.0,5.0351,102.0526,0.0
SCS10,weekday_2012,1789948376,11.0,2.9063,101.7898,0.0
DMU11(D6122),53,1789948375,75.0,5.6866,102.1525,0.0
EMU23,2801,1789948372,41.0,4.6065,101.0764,0.0
DMU10(D6120),51,1789948371,44.0,5.202,102.0135,0.0
ETS304,9224,1789948451,90.0,3.2546413,101.55551,0.0
ETS307,9323,1789948451,90.0,4.8968773,100.72,0.0
SCS29,weekday_2004,1789948469,23.0,3.183,101.6889,0.0
SCS13,weekday_2102,1789948470,110.0,3.4808,101.6396,0.0
EMU39,2911,1789948456,35.0,6.4334,100.2678,0.0
ETS214,9121,1789948454,135.0,4.0604,101.2807,0.0
SCS22,2907,1789948454,113.0,5.3829,100.4698,0.0
ETS204,9343,1789948455,32.0,5.3863,100.3755,0.0
SCS05,weekday_2120,1789948542,0.0,3.0346,101.4255,0.0
ETS208,9442,1789948541,137.0,1.6424,103.6232,0.0
SCS38,weekday_2007,1789948541,55.0,3.1557,101.6937,0.0
SCS24,2904,1789948540,115.0,6.3897,100.2887,0.0
DMU10(D6120),51,1789948506,45.0,5.1871,102.0109,0.0
EMU24,2807,1789948499,122.0,5.0429,100.6226,0.0
ETS205,9041,1789948474,0.0,3.1677,101.6875,0.0
SCS28,weekday_2006,1789948542,0.0,3.1402,101.6938,0.0
DMU11(D6122),53,1789948540,59.0,5.656,102.1571,0.0
SCS09,weekday_2008,1789948543,5.0,3.0986,101.705,0.0
SCS23,2908,1789948542,114.0,5.4499,100.4925,0.0
SCS24,2904,1789948540,115.0,6.3897,100.2887,0.0
SCS13,weekday_2102,1789948590,0.0,3.4996,101.6342,0.0
DMU10(D6120),51,1789948551,51.0,5.1808,102.0107,0.0
EMU39,2911,1789948546,47.0,6.4294,100.2692,0.0
SCS29,weekday_2004,1789948589,40.0,3.1964,101.6828,0.0
ETS204,9343,1789948575,103.0,5.3733,100.4007,0.0
SCS07,weekday_2116,1789948543,0.0,3.0846,101.5878,0.0
EMU28,2906,1789948542,120.0,5.7126,100.5129,0.0
ETS304,9224,1789948572,90.0,3.2735438,101.562836,0.0
ETS307,9323,1789948572,90.0,4.8607335,100.733246,0.0
ETS310,9523,1789948572,90.0,0.0027284583,0.0154984975,0.0
SCS22,2907,1789948544,38.0,5.3608,100.467,0.0
EMU24,2807,1789948539,121.0,5.0419,100.6352,0.0
SCS21,weekday_2103,1789948543,0.0,3.0846,101.589,0.0
SCS10,weekday_2012,1789948541,73.0,2.9249,101.7951,0.0
ETS205,9041,1789948534,0.0,3.1677,101.6875,0.0
ETS205,9041,1789948594,0.0,3.1677,101.6875,0.0
SCS28,weekday_2006,1789948692,41.0,3.1467,101.6912,0.0
SCS05,weekday_2120,1789948707,59.0,3.0438,101.4353,0.0
SCS38,weekday_2007,1789948706,48.0,3.1471,101.6911,0.0
SCS13,weekday_2102,1789948695,66.0,3.5085,101.6329,0.0
SCS22,2907,1789948694,73.0,5.3655,100.453,0.0
SCS08,weekday_2005,1789948704,16.0,3.0995,101.7039,0.0
ETS204,9343,1789948680,95.0,5.3628,100.4257,0.0
SCS29,weekday_2004,1789948694,30.0,3.1995,101.6802,0.0
SCS10,weekday_2012,1789948676,0.0,2.9391,101.7887,0.0
ETS214,9121,1789948694,128.0,3.9866,101.311,0.0
ETS208,9442,1789948676,4.0,1.664,103.5984,0.0
SCS24,2904,1789948720,21.0,6.4323,100.2682,0.0
DMU11(D6122),53,1789948720,65.0,5.6217,102.1654,0.0
DMU10(D6120),51,1789948716,17.0,5.1736,102.01,0.0
EMU23,2810,1789948714,108.0,4.6541,101.1212,0.0
ETS307,9323,1789948693,90.0,4.8521023,100.73313,0.0
ETS304,9224,1789948693,90.0,3.290307,101.57384,0.0
ETS310,9523,1789948693,90.0,0.0027284583,0.0154984975,0.0
EMU28,2906,1789948692,119.0,5.7567,100.5004,0.0
ETS214,9121,1789948724,119.0,3.9775,101.3143,0.0
SCS05,weekday_2120,1789948722,27.0,3.0451,101.4367,0.0
SCS28,weekday_2006,1789948722,51.0,3.151,101.6907,0.0
SCS23,2908,1789948722,16.0,5.4819,100.4979,0.0
DMU10(D6120),51,1789948716,17.0,5.1736,102.01,0.0
EMU39,2911,1789948756,115.0,6.3794,100.2963,0.0
ETS216,9123,1789948728,127.0,4.7033,101.134,0.0
SCS13,weekday_2102,1789948725,89.0,3.5143,101.6302,0.0
EMU24,2807,1789948725,122.0,5.0392,100.6935,0.0
ETS204,9343,1789948725,94.0,5.3647,100.4361,0.0
SCS07,weekday_2116,1789948723,18.0,3.0831,101.6105,0.0
SCS09,weekday_2008,1789948723,59.0,3.1126,101.685,0.0
ETS208,9442,1789948721,0.0,1.6642,103.5985,0.0
SCS10,weekday_2012,1789948721,60.0,2.9418,101.7862,0.0
ETS310,9523,1789948814,90.0,0.0027284583,0.0154984975,0.0
ETS304,9224,1789948813,90.0,3.313268,101.5758,0.0
ETS307,9323,1789948813,90.0,4.836672,100.72869,0.0
SCS29,weekday_2004,1789948829,34.0,3.2059,101.6747,0.0
ETS214,9121,1789948829,116.0,3.9494,101.3296,0.0
ETS204,9343,1789948875,0.0,5.3662,100.4476,0.0
SCS13,weekday_2102,1789948875,84.0,3.5448,101.6373,0.0
ETS214,9121,1789948874,102.0,3.9397,101.3379,0.0
SCS29,weekday_2004,1789948874,39.0,3.2108,101.672,0.0
EMU24,2807,1789948865,119.0,5.0155,100.7293,0.0
DMU10(D6120),51,1789948836,22.0,5.1725,102.0224,0.0
ETS204,9343,1789948920,0.0,5.3663,100.4478,0.0
EMU23,2810,1789948919,108.0,4.7039,101.1335,0.0
ETS214,9121,1789948919,115.0,3.9265,101.3428,0.0
DMU10(D6120),51,1789948911,32.0,5.1729,102.0318,0.0
SCS09,weekday_2008,1789948918,0.0,3.1193,101.6789,0.0
SCS21,weekday_2103,1789948918,0.0,3.0846,101.589,0.0
EMU28,2906,1789948917,74.0,5.8206,100.4783,0.0
SCS29,weekday_2004,1789948904,16.0,3.2135,101.6721,0.0
ETS310,9523,1789948935,90.0,3.1064167,101.69555,0.0
ETS304,9224,1789948934,90.0,3.331973,101.57126,0.0
ETS307,9323,1789948934,90.0,4.802425,100.745285,0.0
SCS13,weekday_2102,1789948920,27.0,3.5523,101.6396,0.0
ETS216,9123,1789948893,127.0,4.654,101.1213,0.0
SCS08,weekday_2005,1789948920,0.0,3.0986,101.7051,0.0
SCS24,2904,1789948915,114.0,6.4627,100.2577,0.0
SCS25,weekday_2106,1789948911,34.0,3.2514,101.5555,0.0
SCS23,2908,1789948947,114.0,5.5423,100.502,0.0
SCS28,weekday_2006,1789948947,0.0,3.1661,101.6903,0.0
ETS208,9442,1789948946,112.0,1.6849,103.571,0.0
SCS10,weekday_2012,1789948946,60.0,2.9672,101.7905,0.0
SCS38,weekday_2007,1789948946,20.0,3.1367,101.6907,0.0
DMU06,52,1789948946,52.0,5.065,102.0693,0.0
DMU11(D6122),53,1789948945,30.0,5.5966,102.1762,0.0
SCS11,2809,1789949068,95.0,5.3816,100.3847,0.0
SCS07,weekday_2116,1789949068,4.0,3.0846,101.6315,0.0
SCS09,weekday_2008,1789949068,17.0,3.1286,101.6802,0.0
ETS310,9523,1789949056,90.0,3.093267,101.71096,0.0
ETS304,9224,1789949055,90.0,3.3548179,101.5724,0.0
ETS307,9323,1789949055,90.0,4.7810493,100.78124,0.0
SCS05,weekday_2120,1789949067,79.0,3.0341,101.4684,0.0
DMU06,52,1789949066,24.0,5.0785,102.0691,0.0
SCS24,2904,1789949065,114.0,6.507,100.254,0.0
DMU11(D6122),53,1789949065,70.0,5.5794,102.1857,0.0
EMU23,2810,1789949039,114.0,4.7351,101.1218,0.0
SCS22,2907,1789949039,0.0,5.3648,100.4207,0.0
SCS08,weekday_2005,1789949038,0.0,3.0986,101.7051,0.0
SCS23,2908,1789949037,114.0,5.5688,100.497,0.0
SCS38,weekday_2007,1789949036,0.0,3.135,101.6878,0.0
SCS25,weekday_2106,1789949083,22.0,3.2582,101.5548,0.0
EMU28,2906,1789949083,93.0,5.8421,100.4769,0.0
SCS28,weekday_2006,1789949082,18.0,3.1682,101.6867,0.0
SCS21,weekday_2103,1789949068,0.0,3.0846,101.589,0.0
EMU39,2911,1789949066,115.0,6.3273,100.3353,0.0
ETS214,9121,1789949114,114.0,3.8844,101.3804,0.0
SCS22,2907,1789949099,99.0,5.3678,100.4129,0.0
ETS204,9343,1789949115,120.0,5.3251,100.4701,0.0
SCS38,weekday_2007,1789949081,0.0,3.135,101.6878,0.0
ETS208,9442,1789949081,130.0,1.7101,103.5358,0.0
SCS13,weekday_2102,1789949115,90.0,3.572,101.6154,0.0
DMU10(D6120),51,1789949106,37.0,5.158,102.0403,0.0
ETS215,9124,1789949084,0.0,3.1369,101.6912,0.0
SCS21,weekday_2103,1789949083,0.0,3.0846,101.589,0.0
SCS09,weekday_2008,1789949083,22.0,3.1293,101.6809,0.0
SCS11,2809,1789949083,92.0,5.3799,100.388,0.0
SCS07,weekday_2116,1789949083,0.0,3.0846,101.6315,0.0
EMU39,2911,1789949081,113.0,6.3237,100.338,0.0
SCS25,weekday_2106,1789949083,22.0,3.2582,101.5548,0.0
SCS28,weekday_2006,1789949082,18.0,3.1682,101.6867,0.0
DMU06,52,1789949081,4.0,5.0793,102.0693,0.0
SCS24,2904,1789949080,111.0,6.5114,100.2548,0.0
SCS08,weekday_2005,1789949078,0.0,3.0986,101.7051,0.0
SCS05,weekday_2120,1789949082,41.0,3.0356,101.47,0.0
ETS214,9121,1789949189,114.0,3.8633,101.3775,0.0
DMU11(D6122),53,1789949185,64.0,5.5587,102.1924,0.0
SCS10,weekday_2012,1789949180,0.0,2.982,101.7906,0.0
ETS310,9523,1789949177,90.0,3.077413,101.71428,0.0
ETS307,9323,1789949176,90.0,0.0027284583,0.0154984975,0.0
ETS304,9224,1789949176,90.0,3.36272,101.58999,0.0
SCS25,weekday_2106,1789949198,72.0,3.2772,101.5624,0.0
DMU10(D6120),51,1789949196,0.0,5.1521,102.0437,0.0
SCS08,weekday_2005,1789949198,0.0,3.0986,101.7051,0.0
ETS214,9121,1789949309,114.0,3.8348,101.3973,0.0
ETS208,9442,1789949306,124.0,1.7693,103.4959,0.0
DMU11(D6122),53,1789949305,62.0,5.5382,102.1991,0.0
ETS216,9123,1789949298,27.0,4.6096,101.0794,0.0
SCS09,weekday_2008,1789949293,0.0,3.1322,101.6832,0.0
SCS07,weekday_2116,1789949293,0.0,3.0833,101.6558,0.0
SCS05,weekday_2120,1789949292,51.0,3.0525,101.4872,0.0
SCS23,2908,1789949292,42.0,5.6405,100.4896,0.0
EMU39,2911,1789949291,116.0,6.2617,100.3552,0.0
DMU06,52,1789949291,32.0,5.0923,102.0724,0.0
SCS38,weekday_2007,1789949291,0.0,3.135,101.6878,0.0
SCS24,2904,1789949290,115.0,6.5484,100.2599,0.0
SCS28,weekday_2006,1789949282,32.0,3.1808,101.6882,0.0
EMU24,2807,1789949269,34.0,4.8969,100.7193,0.0
SCS13,weekday_2102,1789949265,110.0,3.6005,101.5936,0.0
EMU28,2906,1789949278,120.0,5.897,100.475,0.0
ETS304,9224,1789949297,90.0,3.3793619,101.6194,0.0
ETS307,9323,1789949297,90.0,4.7760444,100.86262,0.0
ETS310,9523,1789949297,90.0,3.075467,101.71192,0.0
ETS204,9343,1789949295,126.0,5.2724,100.4799,0.0
SCS21,weekday_2103,1789949293,0.0,3.0846,101.589,0.0
SCS25,weekday_2106,1789949293,86.0,3.2937,101.5742,0.0
ETS304,9224,1789949418,90.0,3.4106457,101.62829,0.0
ETS307,9323,1789949418,90.0,4.772405,100.90041,0.0
ETS310,9523,1789949418,90.0,3.069979,101.709724,0.0
ETS214,9121,1789949399,115.0,3.8136,101.4142,0.0
ETS215,9124,1789949384,0.0,3.1369,101.6912,0.0
SCS24,2904,1789949380,113.0,6.5752,100.2603,0.0
SCS07,weekday_2116,1789949428,23.0,3.0847,101.66,0.0
SCS05,weekday_2120,1789949427,29.0,3.0522,101.4963,0.0
SCS23,2908,1789949427,107.0,5.6536,100.4918,0.0
ETS208,9442,1789949426,111.0,1.8044,103.4858,0.0
DMU06,52,1789949426,34.0,5.1045,102.0728,0.0
SCS26,weekday_2009,1789949402,0.0,3.2346,101.6798,0.0
SCS13,weekday_2102,1789949400,110.0,3.6288,101.5654,0.0
SCS09,weekday_2008,1789949428,0.0,3.1322,101.6832,0.0
SCS11,2809,1789949428,63.0,5.3668,100.4446,0.0
SCS21,weekday_2103,1789949428,0.0,3.0846,101.5891,0.0
EMU24,2807,1789949409,114.0,4.8792,100.722,0.0
SCS25,weekday_2106,1789949407,48.0,3.314,101.5749,0.0
ETS216,9123,1789949403,41.0,4.6025,101.0754,0.0
ETS204,9343,1789949400,137.0,5.2358,100.4881,0.0
EMU28,2906,1789949383,119.0,5.9279,100.4631,0.0
SCS08,weekday_2005,1789949378,0.0,3.0986,101.7051,0.0
ETS216,9123,1789949493,0.0,4.5982,101.0736,0.0
DMU06,52,1789949486,26.0,5.109,102.0727,0.0
SCS10,weekday_2012,1789949480,94.0,2.9911,101.7577,0.0
SCS28,weekday_2006,1789949477,0.0,3.1828,101.6889,0.0
SCS26,weekday_2009,1789949477,89.0,3.2203,101.6724,0.0
ETS204,9343,1789949475,137.0,5.2097,100.4899,0.0
SCS13,weekday_2102,1789949475,115.0,3.647,101.5523,0.0
ETS215,9124,1789949474,0.0,3.1369,101.6912,0.0
EMU23,2810,1789949474,3.0,4.8188,101.0709,0.0
SCS25,weekday_2106,1789949472,0.0,3.3191,101.5748,0.0
ETS304,9224,1789949539,90.0,3.4379497,101.63791,0.0
ETS307,9323,1789949539,90.0,4.7738833,100.93026,0.0
ETS310,9523,1789949539,90.0,3.0455987,101.70812,0.0
SCS09,weekday_2008,1789949518,0.0,3.1322,101.6832,0.0
EMU28,2906,1789949518,97.0,5.965,100.4446,0.0
EMU39,2911,1789949518,102.0,6.1939,100.369,0.0
SCS05,weekday_2120,1789949517,85.0,3.0515,101.5073,0.0
DMU06,52,1789949516,10.0,5.1108,102.0729,0.0
SCS38,weekday_2007,1789949516,0.0,3.1181,101.679,0.0
ETS208,9442,1789949516,0.0,1.8113,103.4781,0.0
SCS24,2904,1789949515,113.0,6.6155,100.2645,0.0
DMU11(D6122),53,1789949515,0.0,5.5302,102.203,0.0
SCS25,weekday_2106,1789949492,0.0,3.3191,101.5748,0.0
SCS26,weekday_2009,1789949672,0.0,3.2043,101.676,0.0
SCS28,weekday_2006,1789949672,12.0,3.1985,101.681,0.0
ETS204,9343,1789949670,0.0,5.1699,100.4797,0.0
ETS214,9121,1789949669,54.0,3.7491,101.447,0.0
EMU24,2807,1789949669,102.0,4.8381,100.7278,0.0
ETS215,9124,1789949669,0.0,3.1369,101.6912,0.0
SCS05,weekday_2120,1789949667,68.0,3.0576,101.5285,0.0
EMU28,2906,1789949668,77.0,5.9771,100.4378,0.0
SCS38,weekday_2007,1789949666,0.0,3.118,101.679,0.0
SCS09,weekday_2008,1789949668,15.0,3.138,101.6929,0.0
SCS23,2908,1789949667,115.0,5.7208,100.5143,0.0
ETS208,9442,1789949666,0.0,1.8113,103.4781,0.0
SCS24,2904,1789949665,108.0,6.6469,100.294,0.0
DMU11(D6122),53,1789949665,0.0,5.5262,102.2048,0.0
ETS216,9123,1789949643,0.0,4.5986,101.0725,0.0
SCS07,weekday_2116,1789949668,47.0,3.093,101.6694,0.0
SCS11,2809,1789949668,114.0,5.3369,100.47,0.0
SCS10,weekday_2012,1789949615,23.0,3.003,101.7341,0.0
SCS25,weekday_2106,1789949612,45.0,3.323,101.5726,0.0
ETS304,9224,1789949660,90.0,3.4703312,101.63915,0.0
ETS307,9323,1789949660,90.0,4.775086,100.932785,0.0
ETS310,9523,1789949660,90.0,3.0368626,101.70981,0.0
SCS23,2908,1789949712,115.0,5.7335,100.5098,0.0
SCS38,weekday_2007,1789949711,0.0,3.118,101.679,0.0
ETS208,9442,1789949711,67.0,1.8169,103.4719,0.0
SCS24,2904,1789949710,70.0,6.651,100.3035,0.0
DMU10(D6120),51,1789949706,3.0,5.1431,102.0458,0.0
SCS10,weekday_2012,1789949675,22.0,3.0045,101.7301,0.0
ETS216,9123,1789949673,11.0,4.5948,101.0719,0.0
SCS28,weekday_2006,1789949672,12.0,3.1985,101.681,0.0
SCS26,weekday_2009,1789949672,0.0,3.2043,101.676,0.0
SCS25,weekday_2106,1789949718,96.0,3.3407,101.5726,0.0
ETS304,9224,1789949781,90.0,3.5019834,101.63471,0.0
ETS310,9523,1789949781,90.0,3.0295975,101.71218,0.0
ETS307,9323,1789949781,90.0,4.800951,100.942894,0.0
ETS301,9425,1789949780,90.0,6.6612096,100.32008,0.0
SCS07,weekday_2116,1789949758,64.0,3.0973,101.6704,0.0
EMU39,2911,1789949758,121.0,6.1522,100.3799,0.0
SCS11,2809,1789949758,112.0,5.311,100.4757,0.0
SCS05,weekday_2120,1789949757,96.0,3.0664,101.5489,0.0
ETS208,9442,1789949756,84.0,1.8211,103.4628,0.0
DMU11(D6122),53,1789949755,5.0,5.5264,102.2047,0.0
SCS24,2904,1789949755,70.0,6.6559,100.3106,0.0
DMU10(D6120),51,1789949751,0.0,5.1438,102.0455,0.0
SCS26,weekday_2009,1789949747,38.0,3.1989,101.6807,0.0
SCS10,weekday_2012,1789949795,29.0,3.0162,101.7214,0.0
ETS216,9123,1789949793,83.0,4.5822,101.0681,0.0
SCS26,weekday_2009,1789949792,0.0,3.1978,101.6816,0.0
SCS28,weekday_2006,1789949792,53.0,3.2012,101.6787,0.0
DMU10(D6120),51,1789949856,0.0,5.1438,102.0456,0.0
DMU06,52,1789949906,15.0,5.1285,102.0576,0.0
SCS24,2904,1789949905,0.0,6.6628,100.3202,0.0
SCS08,weekday_2010,1789949889,0.0,3.1139,101.6811,0.0
SCS10,weekday_2012,1789949885,0.0,3.017,101.7205,0.0
DMU11(D6122),53,1789949860,6.0,5.5288,102.2036,0.0
ETS304,9224,1789949902,90.0,3.5299752,101.632645,0.0
ETS307,9323,1789949902,90.0,4.835107,100.96109,0.0
ETS301,9425,1789949902,90.0,6.6596327,100.318504,0.0
ETS310,9523,1789949902,90.0,3.0273798,101.71446,0.0
EMU24,2807,1789949886,120.0,4.7865,100.7661,0.0
SCS11,2809,1789949908,0.0,5.2865,100.481,0.0
ETS215,9124,1789949909,46.0,3.1698,101.6856,0.0
ETS204,9343,1789949955,0.0,5.1312,100.486,0.0
SCS28,weekday_2006,1789950032,66.0,3.2186,101.6724,0.0
ETS304,9224,1789950023,90.0,3.5531867,101.64028,0.0
ETS307,9323,1789950023,90.0,4.8432436,101.00214,0.0
ETS310,9523,1789950023,90.0,3.027381,101.71446,0.0
ETS301,9425,1789950022,90.0,6.6512566,100.306435,0.0
EMU23,2810,1789950001,121.0,4.8208,100.9516,0.0
ETS204,9343,1789950000,0.0,5.1312,100.4861,0.0
ETS215,9124,1789949999,63.0,3.18,101.6761,0.0
SCS09,weekday_2008,1789949998,0.0,3.1548,101.693,0.0
EMU39,2911,1789949998,36.0,6.1116,100.369,0.0
SCS05,weekday_2120,1789949997,40.0,3.0764,101.5658,0.0
DMU11(D6122),53,1789949995,0.0,5.5297,102.2032,0.0
EMU28,2906,1789949994,117.0,6.0632,100.3891,0.0
SCS08,weekday_2010,1789949989,9.0,3.119,101.6788,0.0
SCS10,weekday_2012,1789950035,17.0,3.022,101.7166,0.0
SCS28,weekday_2006,1789950032,66.0,3.2186,101.6724,0.0
ETS301,9425,1789950144,90.0,6.6303263,100.27419,0.0
ETS310,9523,1789950144,90.0,3.026261,101.715065,0.0
ETS307,9323,1789950144,90.0,4.8221493,101.03729,0.0
ETS304,9224,1789950144,90.0,3.5691173,101.61827,0.0
SCS08,weekday_2010,1789950149,16.0,3.1241,101.6781,0.0
ETS208,9442,1789950146,115.0,1.8781,103.4066,0.0
SCS38,weekday_2007,1789950146,52.0,3.1468,101.6911,0.0
DMU11(D6122),53,1789950145,0.0,5.5298,102.2032,0.0
ETS215,9124,1789950149,47.0,3.1921,101.6549,0.0
EMU28,2906,1789950144,93.0,6.103,100.367,0.0
SCS10,weekday_2012,1789950125,0.0,3.0227,101.7162,0.0
SCS09,weekday_2008,1789950148,0.0,3.166,101.6903,0.0
SCS05,weekday_2120,1789950147,26.0,3.0831,101.5834,0.0
DMU06,52,1789950146,5.0,5.138,102.0484,0.0
DMU10(D6120),51,1789950126,0.0,5.1438,102.0456,0.0
SCS07,weekday_2116,1789950103,0.0,3.1179,101.6727,0.0
SCS25,weekday_2106,1789950125,116.0,3.3925,101.6278,0.0
ETS204,9343,1789950120,136.0,5.1041,100.4917,0.0
ETS204,9343,1789950195,131.0,5.0792,100.5005,0.0
SCS25,weekday_2106,1789950189,108.0,3.4116,101.6273,0.0
EMU23,2810,1789950271,7.0,4.776,100.9315,0.0
ETS304,9224,1789950265,90.0,3.59506,101.60466,0.0
ETS307,9323,1789950265,90.0,4.8155937,101.07565,0.0
ETS310,9523,1789950265,90.0,3.0101473,101.72625,0.0
SCS26,weekday_2009,1789950264,0.0,3.1652,101.6912,0.0
ETS301,9425,1789950264,90.0,6.5901103,100.263824,0.0
SCS09,weekday_2008,1789950238,17.0,3.1673,101.6886,0.0
SCS23,2908,1789950237,107.0,5.8419,100.4768,0.0
DMU06,52,1789950236,16.0,5.1431,102.0458,0.0
ETS208,9442,1789950236,0.0,1.8837,103.4043,0.0
SCS38,weekday_2007,1789950236,0.0,3.1575,101.6935,0.0
DMU11(D6122),53,1789950235,0.0,5.5298,102.2033,0.0
EMU28,2906,1789950234,0.0,6.1133,100.3697,0.0
SCS25,weekday_2106,1789950234,101.0,3.4232,101.6253,0.0
DMU10(D6120),51,1789950231,0.0,5.1438,102.0456,0.0
EMU24,2807,1789950226,0.0,4.7782,100.8572,0.0
SCS25,weekday_2106,1789950338,112.0,3.4499,101.6394,0.0
SCS10,weekday_2012,1789950275,22.0,3.0274,101.7137,0.0
SCS08,weekday_2010,1789950389,0.0,3.1322,101.6831,0.0
SCS05,weekday_2120,1789950387,19.0,3.0843,101.5923,0.0
SCS23,2908,1789950387,114.0,5.8868,100.4769,0.0
ETS208,9442,1789950386,114.0,1.9008,103.3941,0.0
SCS38,weekday_2007,1789950386,11.0,3.1668,101.6894,0.0
DMU06,52,1789950386,8.0,5.1454,102.0449,0.0
ETS216,9123,1789950363,87.0,4.4822,101.0421,0.0
SCS07,weekday_2116,1789950386,24.0,3.1323,101.6832,0.0
DMU11(D6122),53,1789950385,0.0,5.5297,102.2034,0.0
EMU28,2906,1789950384,117.0,6.1401,100.3807,0.0
SCS25,weekday_2106,1789950368,104.0,3.4583,101.6388,0.0
DMU10(D6120),51,1789950366,0.0,5.1438,102.0455,0.0
EMU24,2807,1789950366,110.0,4.7713,100.884,0.0
ETS204,9343,1789950360,75.0,5.0325,100.5252,0.0
EMU23,2810,1789950346,94.0,4.7748,100.9218,0.0
ETS215,9124,1789950344,63.0,3.2085,101.6296,0.0
ETS310,9523,1789950387,90.0,2.9939387,101.74384,0.0
ETS304,9224,1789950386,90.0,3.6131752,101.58212,0.0
ETS307,9323,1789950386,90.0,4.7810383,101.10157,0.0
ETS301,9425,1789950386,90.0,6.548388,100.2606,0.0
SCS11,2809,1789950343,112.0,5.1828,100.4795,0.0
SCS26,weekday_2009,1789950339,37.0,3.1633,101.692,0.0
ETS214,9121,1789950434,0.0,3.6829,101.5058,0.0
ETS204,9343,1789950510,107.0,5.0205,100.5338,0.0
SCS11,2809,1789950478,39.0,5.1688,100.4798,0.0
SCS05,weekday_2120,1789950477,65.0,3.0828,101.603,0.0
ETS208,9442,1789950476,137.0,1.9234,103.374,0.0
EMU23,2810,1789950472,109.0,4.7726,100.8905,0.0
DMU06,52,1789950476,9.0,5.1484,102.0446,0.0
SCS09,weekday_2008,1789950471,17.0,3.1818,101.6886,0.0
EMU24,2807,1789950466,98.0,4.7765,100.9095,0.0
ETS304,9224,1789950508,90.0,3.637884,101.559845,0.0
ETS307,9323,1789950508,90.0,4.746565,101.12228,0.0
ETS310,9523,1789950508,90.0,2.9931595,101.7685,0.0
ETS301,9425,1789950507,90.0,6.5063972,100.25489,0.0
ETS216,9123,1789950573,0.0,4.4606,101.0488,0.0
SCS10,weekday_2012,1789950515,49.0,3.0744,101.7097,0.0
DMU06,52,1789950581,15.0,5.1525,102.0435,0.0
SCS25,weekday_2106,1789950580,111.0,3.4783,101.6394,0.0
DMU11(D6122),53,1789950580,0.0,5.5297,102.2034,0.0
SCS26,weekday_2009,1789950579,22.0,3.1453,101.6924,0.0
DMU10(D6120),51,1789950576,0.0,5.1438,102.0455,0.0
SCS09,weekday_2008,1789950576,0.0,3.1827,101.6888,0.0
ETS204,9343,1789950600,131.0,5.0285,100.5609,0.0
ETS310,9523,1789950630,90.0,2.9896045,101.789116,0.0
ETS304,9224,1789950630,90.0,3.6645362,101.535675,0.0
ETS307,9323,1789950630,90.0,4.705585,101.13139,0.0
ETS301,9425,1789950629,90.0,6.4643383,100.25748,0.0
ETS215,9124,1789950629,42.0,3.2051,101.5827,0.0
SCS23,2908,1789950627,114.0,5.9535,100.451,0.0
SCS05,weekday_2120,1789950627,0.0,3.0833,101.6119,0.0
EMU28,2906,1789950624,56.0,6.1853,100.3735,0.0
SCS11,2809,1789950613,65.0,5.134,100.4855,0.0
ETS208,9442,1789950611,129.0,1.9576,103.3426,0.0
EMU23,2810,1789950607,0.0,4.7781,100.8573,0.0
SCS10,weekday_2012,1789950605,37.0,3.0767,101.7115,0.0
EMU39,2911,1789950604,0.0,5.9718,100.4407,0.0
ETS216,9123,1789950603,0.0,4.4608,101.0492,0.0
ETS214,9121,1789950599,14.0,3.6105,101.5762,0.0
ETS214,9121,1789950674,94.0,3.5801,101.615,0.0
SCS25,weekday_2106,1789950672,17.0,3.4993,101.6343,0.0
ETS208,9442,1789950671,125.0,1.9766,103.334,0.0
SCS09,weekday_2008,1789950711,60.0,3.1952,101.6838,0.0
ETS310,9523,1789950751,90.0,2.9825127,101.791626,0.0
ETS307,9323,1789950751,90.0,4.670373,101.13577,0.0
ETS301,9425,1789950750,90.0,6.4316106,100.26875,0.0
ETS304,9224,1789950750,90.0,3.6839314,101.51934,0.0
ETS204,9343,1789950750,136.0,5.0439,100.6089,0.0
ETS214,9121,1789950749,103.0,3.5646,101.6217,0.0
SCS23,2908,1789950717,27.0,5.9709,100.4412,0.0
DMU06,52,1789950716,22.0,5.1594,102.0392,0.0
ETS208,9442,1789950716,114.0,1.9895,103.3276,0.0
SCS07,weekday_2116,1789950716,0.0,3.1326,101.6834,0.0
SCS25,weekday_2106,1789950715,0.0,3.4996,101.6342,0.0
EMU28,2906,1789950714,119.0,6.2081,100.3661,0.0
SCS26,weekday_2009,1789950714,0.0,3.1392,101.6936,0.0
ETS216,9123,1789950753,25.0,4.4461,101.0557,0.0
ETS304,9224,1789950872,90.0,3.6840937,101.51912,0.0
ETS310,9523,1789950872,90.0,2.9806783,101.79155,0.0
ETS307,9323,1789950872,90.0,4.636481,101.11018,0.0
ETS301,9425,1789950871,90.0,6.4308815,100.26895,0.0
SCS23,2908,1789950867,116.0,5.9892,100.4308,0.0
SCS05,weekday_2120,1789950867,42.0,3.0847,101.6311,0.0
DMU06,52,1789950866,21.0,5.167,102.0373,0.0
SCS07,weekday_2116,1789950866,17.0,3.1381,101.6928,0.0
ETS208,9442,1789950866,30.0,2.0339,103.3171,0.0
DMU11(D6122),53,1789950865,8.0,5.5266,102.2047,0.0
ETS204,9343,1789950840,133.0,5.0417,100.6406,0.0
EMU24,2807,1789950818,116.0,4.8224,100.9516,0.0
SCS26,weekday_2009,1789950819,23.0,3.1362,101.6898,0.0
EMU23,2810,1789950817,0.0,4.776,100.8237,0.0
DMU10(D6120),51,1789950816,9.0,5.1418,102.0465,0.0
SCS09,weekday_2008,1789950816,0.0,3.1988,101.6807,0.0
ETS214,9121,1789950839,57.0,3.5589,101.6369,0.0
EMU28,2906,1789950819,117.0,6.2397,100.3597,0.0
ETS214,9121,1789950914,65.0,3.5441,101.6369,0.0
DMU06,52,1789950956,9.0,5.1704,102.0363,0.0
ETS208,9442,1789950956,0.0,2.0341,103.3171,0.0
SCS07,weekday_2116,1789950956,1.0,3.1389,101.6932,0.0
DMU11(D6122),53,1789950955,58.0,5.5193,102.208,0.0
SCS26,weekday_2009,1789950954,0.0,3.1348,101.6878,0.0
EMU23,2810,1789950952,121.0,4.7822,100.7797,0.0
DMU10(D6120),51,1789950951,22.0,5.137,102.0496,0.0
ETS304,9224,1789950993,90.0,3.7016606,101.50053,0.0
ETS310,9523,1789950993,90.0,2.971233,101.79137,0.0
ETS307,9323,1789950993,90.0,4.609136,101.089355,0.0
ETS301,9425,1789950993,90.0,6.404855,100.278015,0.0
SCS10,weekday_2012,1789950992,29.0,3.1001,101.703,0.0
ETS204,9343,1789950990,136.0,5.0394,100.6922,0.0
ETS214,9121,1789950989,69.0,3.5357,101.6344,0.0
SCS25,weekday_2106,1789950989,55.0,3.5506,101.6398,0.0
SCS11,2809,1789950958,114.0,5.0665,100.5073,0.0
SCS05,weekday_2120,1789950957,31.0,3.0842,101.6339,0.0
SCS23,2908,1789950957,114.0,6.0128,100.4175,0.0
ETS304,9224,1789950993,90.0,3.7016606,101.50053,0.0
ETS307,9323,1789950993,90.0,4.609136,101.089355,0.0
ETS301,9425,1789950993,90.0,6.404855,100.278015,0.0
ETS310,9523,1789950993,90.0,2.971233,101.79137,0.0
ETS216,9123,1789950993,16.0,4.431,101.0635,0.0
SCS28,weekday_2011,1789950992,0.0,3.2344,101.6796,0.0
SCS10,weekday_2012,1789950992,29.0,3.1001,101.703,0.0
ETS310,9523,1789951115,90.0,2.946354,101.788734,0.0
ETS307,9323,1789951114,90.0,4.609388,101.08173,0.0
ETS301,9425,1789951114,90.0,6.371198,100.302414,0.0
ETS304,9224,1789951114,90.0,3.7200048,101.471504,0.0
SCS05,weekday_2120,1789951107,21.0,3.0835,101.6564,0.0
SCS07,weekday_2116,1789951106,48.0,3.1524,101.6913,0.0
ETS208,9442,1789951106,0.0,2.0341,103.3171,0.0
DMU06,52,1789951106,17.0,5.1727,102.0319,0.0
DMU11(D6122),53,1789951105,65.0,5.4969,102.2151,0.0
SCS24,2915,1789951105,74.0,6.652,100.305,0.0
EMU39,2911,1789951099,108.0,5.8409,100.4769,0.0
ETS215,9124,1789951064,66.0,3.2331,101.5594,0.0
SCS11,2809,1789951063,112.0,5.0386,100.522,0.0
EMU23,2810,1789951057,109.0,4.7967,100.7516,0.0
SCS26,weekday_2009,1789951059,22.0,3.1298,101.6813,0.0
DMU10(D6120),51,1789951056,18.0,5.1347,102.0538,0.0
SCS25,weekday_2106,1789951053,5.0,3.5527,101.6396,0.0
ETS310,9523,1789951115,90.0,2.946354,101.788734,0.0
ETS304,9224,1789951114,90.0,3.7200048,101.471504,0.0
ETS307,9323,1789951114,90.0,4.609388,101.08173,0.0
ETS301,9425,1789951114,90.0,6.371198,100.302414,0.0
SCS10,weekday_2012,1789951157,0.0,3.1132,101.682,0.0
SCS22,2912,1789951154,97.0,5.3776,100.3924,0.0
EMU39,2911,1789951150,68.0,5.828,100.4777,0.0
ETS204,9343,1789951155,140.0,5.0043,100.7351,0.0
ETS214,9121,1789951154,104.0,3.496,101.635,0.0
SCS25,weekday_2106,1789951195,101.0,3.5739,101.6141,0.0
ETS307,9323,1789951236,90.0,4.5969386,101.074455,0.0
ETS304,9224,1789951236,90.0,3.742424,101.45283,0.0
ETS303,9524,1789951236,90.0,0.0027284583,0.0154984975,0.0
ETS310,9523,1789951236,90.0,2.9243376,101.796135,0.0
ETS301,9425,1789951235,90.0,6.337174,100.32792,0.0
SCS28,weekday_2011,1789951232,40.0,3.2063,101.6746,0.0
SCS26,weekday_2009,1789951194,27.0,3.1218,101.6783,0.0
DMU10(D6120),51,1789951191,13.0,5.126,102.0585,0.0
SCS09,weekday_2008,1789951191,24.0,3.2368,101.6812,0.0
SCS24,2915,1789951195,114.0,6.6386,100.2829,0.0
ETS204,9343,1789951230,132.0,4.9782,100.7321,0.0
SCS22,2912,1789951229,94.0,5.3692,100.4094,0.0
ETS214,9121,1789951229,0.0,3.481,101.6399,0.0
ETS215,9124,1789951199,63.0,3.257,101.5546,0.0
SCS11,2809,1789951198,75.0,5.0258,100.5289,0.0
EMU28,2906,1789951198,117.0,6.3468,100.3208,0.0
SCS05,weekday_2120,1789951197,27.0,3.0842,101.6585,0.0
ETS208,9442,1789951196,130.0,2.0625,103.3024,0.0
DMU11(D6122),53,1789951195,45.0,5.481,102.2188,0.0
ETS304,9224,1789951236,90.0,3.742424,101.45283,0.0
ETS303,9524,1789951236,90.0,0.0027284583,0.0154984975,0.0
ETS307,9323,1789951236,90.0,4.5969386,101.074455,0.0
ETS310,9523,1789951236,90.0,2.9243376,101.796135,0.0
ETS301,9425,1789951235,90.0,6.337174,100.32792,0.0
SCS28,weekday_2011,1789951232,40.0,3.2063,101.6746,0.0
ETS310,9523,1789951357,90.0,2.9061437,101.79243,0.0
ETS307,9323,1789951357,90.0,4.596865,101.07441,0.0
ETS304,9224,1789951357,90.0,3.769342,101.437386,0.0
ETS303,9524,1789951357,90.0,1.4680809,103.76251,0.0
ETS301,9425,1789951356,90.0,6.30064,100.34791,0.0
SCS23,2908,1789951347,48.0,6.1111,100.3687,0.0
SCS05,weekday_2120,1789951347,0.0,3.0866,101.6649,0.0
DMU06,52,1789951346,31.0,5.1712,102.0145,0.0
ETS208,9442,1789951346,126.0,2.1037,103.2715,0.0
SCS07,weekday_2116,1789951346,0.0,3.165,101.6912,0.0
EMU39,2911,1789951345,99.0,5.8004,100.4818,0.0
SCS28,weekday_2011,1789951322,0.0,3.2054,101.6753,0.0
SCS11,2809,1789951303,115.0,5.0244,100.5546,0.0
SCS25,weekday_2106,1789951304,103.0,3.5993,101.5988,0.0
SCS26,weekday_2009,1789951299,0.0,3.1182,101.679,0.0
ETS204,9343,1789951320,140.0,4.9477,100.7228,0.0
DMU10(D6120),51,1789951296,38.0,5.1195,102.0628,0.0
DMU11(D6122),53,1789951345,55.0,5.467,102.2248,0.0
SCS24,2915,1789951300,114.0,6.615,100.2645,0.0
SCS10,weekday_2012,1789951292,0.0,3.1179,101.6791,0.0
ETS310,9523,1789951357,90.0,2.9061437,101.79243,0.0
ETS307,9323,1789951357,90.0,4.596865,101.07441,0.0
ETS304,9224,1789951357,90.0,3.769342,101.437386,0.0
ETS303,9524,1789951357,90.0,1.4680809,103.76251,0.0
ETS301,9425,1789951356,90.0,6.30064,100.34791,0.0
SCS28,weekday_2011,1789951397,50.0,3.2013,101.6787,0.0
SCS10,weekday_2012,1789951397,19.0,3.1191,101.6789,0.0
ETS303,9524,1789951478,90.0,1.4935995,103.75816,0.0
ETS304,9224,1789951478,90.0,3.8016753,101.42407,0.0
ETS307,9323,1789951478,90.0,4.593589,101.0728,0.0
ETS301,9425,1789951478,90.0,6.2583427,100.35658,0.0
ETS310,9523,1789951478,90.0,2.8962455,101.78768,0.0
ETS204,9343,1789951470,131.0,4.8953,100.7195,0.0
ETS214,9121,1789951469,97.0,3.4163,101.6258,0.0
SCS05,weekday_2120,1789951467,53.0,3.0932,101.6695,0.0
SCS24,2915,1789951465,119.0,6.5655,100.2592,0.0
EMU28,2906,1789951438,112.0,6.3833,100.2935,0.0
SCS11,2809,1789951438,114.0,5.045,100.5892,0.0
ETS208,9442,1789951436,131.0,2.132,103.26,0.0
SCS23,2908,1789951437,72.0,6.1151,100.3706,0.0
DMU06,52,1789951436,0.0,5.1739,102.0099,0.0
SCS25,weekday_2106,1789951435,115.0,3.624,101.5697,0.0
SCS08,weekday_2010,1789951537,3.0,3.1828,101.6889,0.0
SCS25,weekday_2106,1789951534,115.0,3.6478,101.5515,0.0
ETS303,9524,1789951478,90.0,1.4935995,103.75816,0.0
ETS310,9523,1789951478,90.0,2.8962455,101.78768,0.0
ETS301,9425,1789951478,90.0,6.2583427,100.35658,0.0
ETS304,9224,1789951478,90.0,3.8016753,101.42407,0.0
ETS307,9323,1789951478,90.0,4.593589,101.0728,0.0
ETS216,9123,1789951473,130.0,4.3621,101.1059,0.0
SCS28,weekday_2011,1789951472,11.0,3.1987,101.6809,0.0
SCS10,weekday_2012,1789951472,23.0,3.1244,101.6781,0.0
ETS310,9523,1789951601,90.0,2.8827326,101.811134,0.0
ETS307,9323,1789951601,90.0,4.573002,101.06558,0.0
ETS303,9524,1789951600,90.0,1.5237668,103.738556,0.0
ETS304,9224,1789951600,90.0,3.8310895,101.40041,0.0
ETS301,9425,1789951600,90.0,6.2165937,100.36513,0.0
SCS07,weekday_2116,1789951586,4.0,3.1861,101.6646,0.0
DMU06,52,1789951586,59.0,5.1835,102.0112,0.0
SCS24,2915,1789951585,80.0,6.5305,100.2581,0.0
DMU11(D6122),53,1789951570,55.0,5.4436,102.2307,0.0
ETS204,9343,1789951560,101.0,4.8667,100.7274,0.0
ETS214,9121,1789951559,109.0,3.3897,101.6271,0.0
EMU28,2906,1789951543,116.0,6.4102,100.2758,0.0
EMU39,2911,1789951540,121.0,5.7456,100.5051,0.0
DMU10(D6120),51,1789951536,32.0,5.0974,102.0737,0.0
ETS216,9123,1789951563,125.0,4.3367,101.1243,0.0
SCS10,weekday_2012,1789951562,17.0,3.13,101.6814,0.0
SCS28,weekday_2011,1789951562,51.0,3.19,101.6882,0.0
SCS08,weekday_2010,1789951537,3.0,3.1828,101.6889,0.0
EMU24,2807,1789951537,120.0,4.7755,101.1047,0.0
ETS301,9425,1789951600,90.0,6.2165937,100.36513,0.0
SCS25,weekday_2106,1789951625,109.0,3.6671,101.5335,0.0
ETS310,9523,1789951601,90.0,2.8827326,101.811134,0.0
ETS307,9323,1789951601,90.0,4.573002,101.06558,0.0
ETS303,9524,1789951600,90.0,1.5237668,103.738556,0.0
ETS304,9224,1789951600,90.0,3.8310895,101.40041,0.0
SCS22,2912,1789951634,57.0,5.3661,100.4494,0.0
SCS26,weekday_2009,1789951629,15.0,3.1219,101.6782,0.0
DMU10(D6120),51,1789951626,22.0,5.0885,102.0729,0.0
ETS216,9123,1789951623,133.0,4.3201,101.1367,0.0
ETS310,9523,1789951722,90.0,2.8657684,101.82037,0.0
ETS307,9323,1789951722,90.0,4.541671,101.05482,0.0
ETS301,9425,1789951721,90.0,6.176636,100.37876,0.0
ETS303,9524,1789951721,90.0,1.5365351,103.72454,0.0
ETS304,9224,1789951721,90.0,3.85823,101.37961,0.0
SCS28,weekday_2011,1789951712,0.0,3.1828,101.689,0.0
ETS204,9343,1789951710,0.0,4.8533,100.733,0.0
ETS214,9121,1789951709,99.0,3.364,101.5927,0.0
SCS05,weekday_2120,1789951677,38.0,3.1124,101.6736,0.0
EMU39,2911,1789951675,114.0,5.7057,100.5111,0.0
SCS24,2915,1789951675,12.0,6.5242,100.257,0.0
SCS25,weekday_2106,1789951676,33.0,3.6749,101.528,0.0
DMU11(D6122),53,1789951675,56.0,5.4304,102.2363,0.0
DMU10(D6120),51,1789951671,34.0,5.0851,102.0722,0.0
ETS216,9123,1789951668,95.0,4.3092,101.1451,0.0
ETS310,9523,1789951722,90.0,2.8657684,101.82037,0.0
ETS307,9323,1789951722,90.0,4.541671,101.05482,0.0
ETS303,9524,1789951721,90.0,1.5365351,103.72454,0.0
ETS301,9425,1789951721,90.0,6.176636,100.37876,0.0
ETS304,9224,1789951721,90.0,3.85823,101.37961,0.0
ETS216,9123,1789951713,43.0,4.3048,101.1512,0.0
SCS10,weekday_2012,1789951712,0.0,3.1324,101.6836,0.0
SCS28,weekday_2011,1789951712,0.0,3.1828,101.689,0.0
ETS310,9523,1789951843,90.0,2.8478043,101.82468,0.0
ETS307,9323,1789951843,90.0,4.528217,101.05235,0.0
ETS301,9425,1789951842,90.0,6.134785,100.38081,0.0
ETS303,9524,1789951842,90.0,1.5364814,103.72449,0.0
ETS304,9224,1789951842,90.0,3.8885884,101.37542,0.0
SCS22,2912,1789951829,75.0,5.3632,100.4673,0.0
EMU28,2906,1789951828,121.0,6.4625,100.2578,0.0
SCS11,2809,1789951828,114.0,5.0357,100.7051,0.0
SCS23,2908,1789951827,116.0,6.2001,100.3677,0.0
SCS05,weekday_2120,1789951827,25.0,3.1172,101.6725,0.0
SCS24,2915,1789951825,114.0,6.4846,100.2536,0.0
EMU39,2911,1789951819,0.0,5.6655,100.4939,0.0
ETS214,9121,1789951814,90.0,3.3571,101.571,0.0
ETS208,9442,1789951781,0.0,2.1904,103.1904,0.0
SCS25,weekday_2106,1789951809,0.0,3.6839,101.5189,0.0
SCS10,weekday_2012,1789951802,0.0,3.1324,101.6836,0.0
SCS28,weekday_2011,1789951802,27.0,3.1784,101.6871,0.0
ETS204,9343,1789951800,0.0,4.8532,100.733,0.0
DMU11(D6122),53,1789951780,29.0,5.4206,102.2392,0.0
EMU23,2810,1789951777,66.0,4.9075,100.7182,0.0
DMU10(D6120),51,1789951776,0.0,5.0794,102.0694,0.0
SCS26,weekday_2009,1789951779,15.0,3.1291,101.6807,0.0
ETS307,9323,1789951843,90.0,4.528217,101.05235,0.0
ETS310,9523,1789951843,90.0,2.8478043,101.82468,0.0
SCS10,weekday_2012,1789951877,0.0,3.1324,101.6836,0.0
ETS304,9224,1789951842,90.0,3.8885884,101.37542,0.0
ETS214,9121,1789951874,94.0,3.3406,101.5726,0.0
EMU39,2911,1789951874,96.0,5.6511,100.4915,0.0
ETS216,9123,1789951863,34.0,4.3018,101.1551,0.0
ETS301,9425,1789951842,90.0,6.134785,100.38081,0.0
ETS303,9524,1789951842,90.0,1.5364814,103.72449,0.0
ETS310,9523,1789951964,90.0,2.826705,101.82706,0.0
ETS304,9224,1789951963,90.0,3.9103322,101.34816,0.0
SCS24,2915,1789951915,114.0,6.4584,100.2592,0.0
DMU11(D6122),53,1789951915,32.0,5.4101,102.2326,0.0
ETS307,9323,1789951963,90.0,4.510718,101.049126,0.0
ETS301,9425,1789951963,90.0,6.1117897,100.37037,0.0
ETS303,9524,1789951963,90.0,1.540847,103.71225,0.0
SCS10,weekday_2012,1789951952,2.0,3.1361,101.6896,0.0
SCS26,weekday_2009,1789951914,0.0,3.1329,101.6831,0.0
DMU10(D6120),51,1789951911,44.0,5.0704,102.0687,0.0
EMU23,2810,1789951912,107.0,4.9451,100.722,0.0
ETS216,9123,1789951908,0.0,4.2947,101.1608,0.0
ETS310,9523,1789951964,90.0,2.826705,101.82706,0.0
ETS303,9524,1789951963,90.0,1.540847,103.71225,0.0
ETS304,9224,1789951963,90.0,3.9103322,101.34816,0.0
ETS301,9425,1789951963,90.0,6.1117897,100.37037,0.0
ETS307,9323,1789951963,90.0,4.510718,101.049126,0.0
SCS10,weekday_2012,1789951952,2.0,3.1361,101.6896,0.0
SCS07,weekday_2116,1789952066,0.0,3.2022,101.6376,0.0
ETS208,9442,1789952066,65.0,2.1967,103.184,0.0
SCS26,weekday_2009,1789952049,0.0,3.1329,101.6831,0.0
SCS10,weekday_2012,1789952042,0.0,3.1388,101.6934,0.0
EMU39,2911,1789952039,81.0,5.6349,100.4896,0.0
ETS214,9121,1789952039,99.0,3.3111,101.575,0.0
SCS11,2809,1789952023,114.0,4.9902,100.7342,0.0
SCS23,2908,1789952022,114.0,6.2573,100.356,0.0
ETS216,9123,1789952043,0.0,4.2629,101.1695,0.0
SCS22,2912,1789952039,115.0,5.423,100.4807,0.0
SCS24,2915,1789952020,31.0,6.433,100.268,0.0
DMU10(D6120),51,1789952016,43.0,5.0573,102.0692,0.0
ETS304,9224,1789952084,90.0,3.9438272,101.33519,0.0
ETS307,9323,1789952084,90.0,4.4756055,101.04316,0.0
ETS301,9425,1789952084,90.0,6.109548,100.36939,0.0
ETS310,9523,1789952084,90.0,2.8116193,101.809906,0.0
ETS303,9524,1789952084,90.0,1.5630008,103.692375,0.0
DMU11(D6122),53,1789952065,31.0,5.3989,102.232,0.0
SCS05,weekday_2120,1789952022,17.0,3.1234,101.677,0.0
DMU06,52,1789952021,4.0,5.2306,102.0103,0.0
SCS08,weekday_2010,1789952014,23.0,3.2141,101.6721,0.0
ETS304,9224,1789952084,90.0,3.9438272,101.33519,0.0
ETS307,9323,1789952084,90.0,4.4756055,101.04316,0.0
SCS08,weekday_2010,1789952114,71.0,3.2199,101.6724,0.0
ETS303,9524,1789952084,90.0,1.5630008,103.692375,0.0
ETS310,9523,1789952084,90.0,2.8116193,101.809906,0.0
ETS301,9425,1789952084,90.0,6.109548,100.36939,0.0
EMU39,2911,1789952114,108.0,5.6173,100.4968,0.0
ETS204,9343,1789952100,134.0,4.7785,100.7936,0.0
ETS304,9224,1789952205,90.0,3.974763,101.31595,0.0
ETS307,9323,1789952205,90.0,4.459352,101.05016,0.0
ETS301,9425,1789952205,90.0,6.0757008,100.382454,0.0
ETS310,9523,1789952205,90.0,2.788562,101.79867,0.0
ETS303,9524,1789952205,90.0,1.582262,103.66515,0.0
ETS205,9044,1789952194,0.0,3.1677,101.6875,0.0
EMU23,2810,1789952194,115.0,5.0237,100.7215,0.0
ETS214,9121,1789952189,0.0,3.2827,101.5671,0.0
SCS26,weekday_2009,1789952184,0.0,3.1329,101.6831,0.0
SCS05,weekday_2120,1789952181,4.0,3.1313,101.6825,0.0
SCS07,weekday_2116,1789952156,0.0,3.2022,101.6376,0.0
DMU06,52,1789952156,46.0,5.2351,102.0096,0.0
ETS303,9524,1789952205,90.0,1.582262,103.66515,0.0
ETS304,9224,1789952205,90.0,3.974763,101.31595,0.0
ETS310,9523,1789952205,90.0,2.788562,101.79867,0.0
ETS301,9425,1789952205,90.0,6.0757008,100.382454,0.0
ETS307,9323,1789952205,90.0,4.459352,101.05016,0.0
ETS205,9044,1789952194,0.0,3.1677,101.6875,0.0
EMU23,2810,1789952194,115.0,5.0237,100.7215,0.0
ETS216,9123,1789952193,127.0,4.2151,101.1801,0.0
SCS10,weekday_2012,1789952192,36.0,3.1455,101.692,0.0
ETS204,9343,1789952280,140.0,4.7785,100.8561,0.0
SCS28,weekday_2011,1789952256,7.0,3.1546,101.6932,0.0
SCS05,weekday_2120,1789952256,22.0,3.1326,101.6835,0.0
ETS214,9121,1789952279,0.0,3.2658,101.5591,0.0
ETS301,9425,1789952326,90.0,6.039121,100.40316,0.0
ETS304,9224,1789952326,90.0,4.010393,101.29747,0.0
ETS307,9323,1789952326,90.0,4.459156,101.05021,0.0
ETS310,9523,1789952326,90.0,2.7640448,101.80849,0.0
ETS303,9524,1789952326,90.0,1.616288,103.64883,0.0
SCS10,weekday_2012,1789952282,0.0,3.1538,101.6921,0.0
SCS07,weekday_2116,1789952306,60.0,3.2065,101.6336,0.0
SCS24,2915,1789952305,111.0,6.3795,100.2963,0.0
DMU11(D6122),53,1789952305,15.0,5.3892,102.232,0.0
EMU23,2810,1789952359,107.0,5.0392,100.6776,0.0
SCS10,weekday_2012,1789952357,55.0,3.1577,101.6934,0.0
SCS26,weekday_2009,1789952349,18.0,3.1386,101.6933,0.0
ETS205,9044,1789952359,0.0,3.1677,101.6875,0.0
ETS301,9425,1789952326,90.0,6.039121,100.40316,0.0
ETS310,9523,1789952326,90.0,2.7640448,101.80849,0.0
ETS303,9524,1789952326,90.0,1.616288,103.64883,0.0
ETS307,9323,1789952326,90.0,4.459156,101.05021,0.0
SCS28,weekday_2011,1789952346,23.0,3.1461,101.6917,0.0
SCS05,weekday_2120,1789952346,0.0,3.1326,101.6835,0.0
EMU24,2807,1789952340,0.0,4.5978,101.0732,0.0
ETS304,9224,1789952326,90.0,4.010393,101.29747,0.0
SCS05,weekday_2120,1789952391,0.0,3.1326,101.6835,0.0
ETS303,9524,1789952447,90.0,1.6461598,103.62058,0.0
ETS307,9323,1789952447,90.0,4.4531274,101.053055,0.0
ETS304,9224,1789952447,90.0,4.048272,101.28579,0.0
ETS310,9523,1789952447,90.0,2.7521434,101.83233,0.0
ETS301,9425,1789952447,90.0,6.002947,100.423584,0.0
SCS24,2915,1789952395,0.0,6.3713,100.3025,0.0
SCS11,2809,1789952428,14.0,4.896,100.7195,0.0
DMU11(D6122),53,1789952395,35.0,5.3817,102.2335,0.0
SCS26,weekday_2009,1789952394,20.0,3.1414,101.694,0.0
ETS304,9224,1789952447,90.0,4.048272,101.28579,0.0
ETS307,9323,1789952447,90.0,4.4531274,101.053055,0.0
ETS301,9425,1789952447,90.0,6.002947,100.423584,0.0
ETS310,9523,1789952447,90.0,2.7521434,101.83233,0.0
ETS303,9524,1789952447,90.0,1.6461598,103.62058,0.0
ETS205,9044,1789952434,0.0,3.1677,101.6875,0.0
EMU23,2810,1789952434,120.0,5.0401,100.6558,0.0
ETS216,9123,1789952433,134.0,4.1504,101.2006,0.0
DMU06,52,1789952546,59.0,5.2542,102.0103,0.0
SCS24,2915,1789952500,115.0,6.358,100.3123,0.0
ETS304,9224,1789952569,90.0,4.086162,101.27219,0.0
ETS301,9425,1789952569,90.0,5.9647727,100.44513,0.0
ETS310,9523,1789952569,90.0,2.7453434,101.85637,0.0
ETS303,9524,1789952569,90.0,1.6643745,103.599594,0.0
ETS307,9323,1789952569,90.0,4.435661,101.06128,0.0
DMU10(D6120),51,1789952496,0.0,5.0339,102.0506,0.0
SCS05,weekday_2120,1789952496,0.0,3.1326,101.6835,0.0
ETS215,9124,1789952549,97.0,3.5027,101.6339,0.0
SCS11,2809,1789952548,98.0,4.8674,100.7269,0.0
SCS23,2908,1789952547,59.0,6.3721,100.3018,0.0
SCS07,weekday_2116,1789952547,89.0,3.2009,101.5987,0.0
DMU11(D6122),53,1789952545,10.0,5.3714,102.2291,0.0
ETS205,9044,1789952524,0.0,3.1677,101.6875,0.0
ETS216,9123,1789952508,132.0,4.1339,101.2201,0.0
ETS214,9121,1789952519,102.0,3.2162,101.5688,0.0
EMU24,2807,1789952500,0.0,4.5978,101.0732,0.0
SCS26,weekday_2009,1789952499,54.0,3.151,101.6907,0.0
SCS28,weekday_2011,1789952496,0.0,3.1404,101.6941,0.0
ETS304,9224,1789952569,90.0,4.086162,101.27219,0.0
ETS301,9425,1789952569,90.0,5.9647727,100.44513,0.0
ETS310,9523,1789952569,90.0,2.7453434,101.85637,0.0
ETS303,9524,1789952569,90.0,1.6643745,103.599594,0.0
ETS204,9343,1789952595,0.0,4.7762,100.9314,0.0
ETS307,9323,1789952569,90.0,4.435661,101.06128,0.0
ETS214,9121,1789952594,19.0,3.2073,101.5769,0.0
SCS10,weekday_2012,1789952597,19.0,3.1706,101.6853,0.0
EMU35,2806,1789952594,0.0,5.3936,100.3662,0.0
ETS303,9524,1789952691,90.0,1.6647663,103.5987,0.0
ETS310,9523,1789952691,90.0,2.738072,101.88215,0.0
ETS307,9323,1789952691,90.0,4.4336615,101.062386,0.0
ETS304,9224,1789952691,90.0,4.112688,101.24901,0.0
ETS301,9425,1789952690,90.0,5.926554,100.46414,0.0
EMU24,2800,1789952660,0.0,4.5978,101.0732,0.0
SCS26,weekday_2009,1789952634,31.0,3.1656,101.6907,0.0
DMU10(D6120),51,1789952631,36.0,5.0319,102.0466,0.0
SCS28,weekday_2011,1789952631,22.0,3.1358,101.6893,0.0
SCS24,2915,1789952635,115.0,6.3256,100.3366,0.0
ETS310,9523,1789952691,90.0,2.738072,101.88215,0.0
ETS303,9524,1789952691,90.0,1.6647663,103.5987,0.0
ETS307,9323,1789952691,90.0,4.4336615,101.062386,0.0
ETS304,9224,1789952691,90.0,4.112688,101.24901,0.0
ETS301,9425,1789952690,90.0,5.926554,100.46414,0.0
ETS205,9044,1789952674,0.0,3.1677,101.6875,0.0
EMU23,2810,1789952673,114.0,5.0432,100.5832,0.0
DMU13,34,1789952672,51.0,2.5836,102.5994,0.0
ETS215,9124,1789952789,84.0,3.5579,101.638,0.0
SCS23,2908,1789952787,45.0,6.4299,100.269,0.0
ETS208,9442,1789952786,133.0,2.3234,103.0972,0.0
DMU06,52,1789952786,50.0,5.2771,102.0072,0.0
ETS307,9323,1789952812,90.0,4.4261117,101.06655,0.0
SCS28,weekday_2011,1789952766,0.0,3.1348,101.6877,0.0
DMU10(D6120),51,1789952766,0.0,5.0246,102.0388,0.0
SCS05,weekday_2120,1789952766,0.0,3.1326,101.6835,0.0
ETS216,9123,1789952763,110.0,4.0812,101.2726,0.0
ETS310,9523,1789952812,90.0,2.7283833,101.90123,0.0
ETS304,9224,1789952811,90.0,4.136236,101.215775,0.0
ETS301,9425,1789952811,90.0,5.886912,100.4778,0.0
ETS303,9524,1789952811,90.0,1.6779366,103.580696,0.0
EMU35,2806,1789952789,0.0,5.3936,100.3662,0.0
EMU28,2906,1789952788,27.0,6.6617,100.3187,0.0
SCS07,weekday_2116,1789952787,77.0,3.2105,101.574,0.0
SCS08,weekday_2005,1789952774,0.0,3.2385,101.6812,0.0
ETS214,9121,1789952774,15.0,3.2058,101.5819,0.0
SCS24,2915,1789952755,114.0,6.2925,100.3489,0.0
DMU11(D6122),53,1789952755,33.0,5.3452,102.2222,0.0
EMU39,2911,1789952754,110.0,5.4601,100.4952,0.0
ETS307,9323,1789952812,90.0,4.4261117,101.06655,0.0
ETS310,9523,1789952812,90.0,2.7283833,101.90123,0.0
ETS304,9224,1789952811,90.0,4.136236,101.215775,0.0
ETS301,9425,1789952811,90.0,5.886912,100.4778,0.0
ETS303,9524,1789952811,90.0,1.6779366,103.580696,0.0
DMU10(D6120),51,1789952796,20.0,5.0244,102.0383,0.0
SCS05,weekday_2120,1789952796,9.0,3.1364,101.6903,0.0
SCS28,weekday_2011,1789952796,0.0,3.1348,101.6877,0.0
ETS205,9044,1789952794,0.0,3.1677,101.6875,0.0
SCS08,weekday_2005,1789952794,0.0,3.2385,101.6812,0.0
EMU23,2810,1789952793,109.0,5.0233,100.5532,0.0
ETS216,9123,1789952793,119.0,4.0728,101.276,0.0
DMU13,34,1789952792,70.0,2.6051,102.5929,0.0
EMU23,2810,1789952898,71.0,5.0246,100.5295,0.0
SCS28,weekday_2011,1789952886,0.0,3.1348,101.6877,0.0
ETS214,9121,1789952879,70.0,3.2012,101.5921,0.0
DMU13,34,1789952897,67.0,2.624,102.5945,0.0
ETS215,9124,1789952879,92.0,3.5674,101.6202,0.0
ETS204,9343,1789952895,135.0,4.8057,100.9468,0.0
ETS304,9224,1789952932,90.0,4.166382,101.18979,0.0
ETS307,9323,1789952932,90.0,4.419167,101.0704,0.0
ETS301,9425,1789952932,90.0,5.8445067,100.47772,0.0
ETS310,9523,1789952932,90.0,2.7225428,101.922066,0.0
ETS303,9524,1789952932,90.0,1.7030046,103.54865,0.0
SCS05,weekday_2120,1789952901,0.0,3.1401,101.6937,0.0
EMU24,2800,1789952900,4.0,4.5952,101.0719,0.0
ETS205,9044,1789952899,0.0,3.1677,101.6875,0.0
ETS304,9224,1789952932,90.0,4.166382,101.18979,0.0
ETS301,9425,1789952932,90.0,5.8445067,100.47772,0.0
ETS310,9523,1789952932,90.0,2.7225428,101.922066,0.0
ETS303,9524,1789952932,90.0,1.7030046,103.54865,0.0
ETS307,9323,1789952932,90.0,4.419167,101.0704,0.0
EMU39,2911,1789953039,116.0,5.3769,100.469,0.0
SCS08,weekday_2013,1789953034,0.0,3.215,101.6723,0.0
ETS205,9044,1789953034,0.0,3.1677,101.6875,0.0
EMU23,2810,1789953033,76.0,5.0338,100.5245,0.0
SCS28,weekday_2011,1789953021,0.0,3.1348,101.6877,0.0
ETS304,9224,1789953053,90.0,4.19914,101.184135,0.0
ETS307,9323,1789953053,90.0,4.411248,101.074776,0.0
ETS301,9425,1789953053,90.0,5.803446,100.48165,0.0
ETS310,9523,1789953053,90.0,2.7203407,101.936165,0.0
ETS303,9524,1789953053,90.0,1.7271924,103.51739,0.0
ETS204,9343,1789953030,137.0,4.8406,100.9718,0.0
DMU11(D6122),53,1789953025,48.0,5.3322,102.2056,0.0
SCS24,2915,1789953025,114.0,6.2131,100.3651,0.0
DMU10(D6120),51,1789953021,10.0,5.0114,102.0257,0.0
EMU24,2800,1789953020,0.0,4.5885,101.0707,0.0
ETS307,9323,1789953053,90.0,4.411248,101.074776,0.0
ETS301,9425,1789953053,90.0,5.803446,100.48165,0.0
ETS310,9523,1789953053,90.0,2.7203407,101.936165,0.0
ETS303,9524,1789953053,90.0,1.7271924,103.51739,0.0
ETS304,9224,1789953053,90.0,4.19914,101.184135,0.0
SCS08,weekday_2013,1789953034,0.0,3.215,101.6723,0.0
ETS205,9044,1789953034,0.0,3.1677,101.6875,0.0
DMU11(D6122),53,1789953085,39.0,5.3271,102.1998,0.0
EMU23,2810,1789953063,106.0,5.0404,100.5211,0.0
SCS07,weekday_2116,1789953087,30.0,3.2559,101.5545,0.0
SCS24,2915,1789953085,113.0,6.1955,100.3687,0.0
EMU39,2911,1789953084,80.0,5.3646,100.4675,0.0
SCS28,weekday_2011,1789953066,0.0,3.1348,101.6877,0.0
SCS05,weekday_2120,1789953066,16.0,3.1445,101.6928,0.0
ETS216,9123,1789953063,139.0,3.99,101.3097,0.0
DMU10(D6120),51,1789953036,12.0,5.0109,102.0253,0.0
SCS28,weekday_2011,1789953126,0.0,3.1348,101.6877,0.0
DMU11(D6122),53,1789953115,41.0,5.3259,102.1968,0.0
SCS05,weekday_2120,1789953111,32.0,3.147,101.6911,0.0
EMU24,2800,1789953100,0.0,4.5885,101.0707,0.0
SCS08,weekday_2013,1789953114,38.0,3.2066,101.6742,0.0
ETS205,9044,1789953139,0.0,3.1677,101.6875,0.0
EMU23,2810,1789953138,117.0,5.0603,100.5105,0.0
ETS214,9121,1789953134,92.0,3.1976,101.6424,0.0
DMU10(D6120),51,1789953111,44.0,5.0058,102.0241,0.0
ETS216,9123,1789953093,126.0,3.9804,101.3131,0.0
ETS307,9323,1789953174,90.0,4.3858356,101.089035,0.0
ETS301,9425,1789953174,90.0,5.763575,100.49733,0.0
ETS310,9523,1789953174,90.0,2.718205,101.94145,0.0
ETS303,9524,1789953174,90.0,1.7640086,103.498634,0.0
ETS304,9224,1789953174,90.0,4.2399454,101.177246,0.0
ETS304,9224,1789953174,90.0,4.2399454,101.177246,0.0
ETS307,9323,1789953174,90.0,4.3858356,101.089035,0.0
ETS301,9425,1789953174,90.0,5.763575,100.49733,0.0
ETS310,9523,1789953174,90.0,2.718205,101.94145,0.0
ETS303,9524,1789953174,90.0,1.7640086,103.498634,0.0
EMU39,2911,1789953220,69.0,5.3641,100.4577,0.0
SCS05,weekday_2120,1789953216,0.0,3.1547,101.6932,0.0
DMU06,52,1789953221,25.0,5.2954,102.0192,0.0
ETS304,9224,1789953295,90.0,4.2724137,101.16942,0.0
ETS307,9323,1789953295,90.0,4.3514633,101.1145,0.0
ETS301,9425,1789953295,90.0,5.724981,100.51339,0.0
ETS310,9523,1789953295,90.0,2.71726,101.942795,0.0
ETS303,9524,1789953295,90.0,1.8027239,103.489494,0.0
ETS204,9343,1789953255,134.0,4.8241,101.0439,0.0
SCS08,weekday_2013,1789953294,0.0,3.1988,101.6808,0.0
EMU35,2806,1789953299,97.0,5.3778,100.3919,0.0
SCS24,2915,1789953325,114.0,6.1519,100.38,0.0
DMU13,34,1789953302,73.0,2.6721,102.5456,0.0
ETS304,9224,1789953295,90.0,4.2724137,101.16942,0.0
ETS307,9323,1789953295,90.0,4.3514633,101.1145,0.0
ETS301,9425,1789953295,90.0,5.724981,100.51339,0.0
ETS310,9523,1789953295,90.0,2.71726,101.942795,0.0
ETS303,9524,1789953295,90.0,1.8027239,103.489494,0.0
SCS11,2809,1789953328,19.0,4.7783,100.8567,0.0
SCS23,2908,1789953327,114.0,6.5354,100.2589,0.0
SCS07,weekday_2116,1789953327,74.0,3.2849,101.5687,0.0
ETS208,9442,1789953326,0.0,2.3829,103.0201,0.0
DMU06,52,1789953326,18.0,5.2993,102.0198,0.0
EMU39,2911,1789953325,0.0,5.3663,100.4478,0.0
SCS28,weekday_2011,1789953306,20.0,3.1273,101.6795,0.0
ETS205,9044,1789953304,0.0,3.1677,101.6875,0.0
ETS216,9123,1789953303,114.0,3.9273,101.3426,0.0
ETS204,9343,1789953375,13.0,4.8193,101.0705,0.0
EMU24,2800,1789953360,19.0,4.5927,101.0712,0.0
ETS205,9044,1789953379,0.0,3.1677,101.6875,0.0
ETS216,9123,1789953378,113.0,3.9066,101.3504,0.0
SCS05,weekday_2120,1789953351,0.0,3.166,101.6903,0.0
ETS307,9323,1789953416,90.0,4.3187103,101.138275,0.0
ETS310,9523,1789953416,90.0,2.704537,101.95459,0.0
ETS304,9224,1789953415,90.0,4.2999434,101.15703,0.0
ETS303,9524,1789953415,90.0,1.8123864,103.478874,0.0
ETS301,9425,1789953415,90.0,5.6853786,100.50252,0.0
SCS28,weekday_2011,1789953366,29.0,3.123,101.6782,0.0
DMU10(D6120),51,1789953351,49.0,4.9794,102.0141,0.0
DMU13,34,1789953377,63.0,2.6814,102.5358,0.0
EMU23,2810,1789953376,97.0,5.1198,100.4883,0.0
SCS08,weekday_2013,1789953334,22.0,3.1985,101.6811,0.0
ETS310,9523,1789953416,90.0,2.704537,101.95459,0.0
ETS307,9323,1789953416,90.0,4.3187103,101.138275,0.0
ETS301,9425,1789953415,90.0,5.6853786,100.50252,0.0
ETS303,9524,1789953415,90.0,1.8123864,103.478874,0.0
ETS304,9224,1789953415,90.0,4.2999434,101.15703,0.0
ETS215,9124,1789953524,0.0,3.685,101.518,0.0
ETS204,9343,1789953510,89.0,4.8152,101.0761,0.0
DMU06,52,1789953506,27.0,5.303,102.0222,0.0
SCS24,2915,1789953505,0.0,6.1136,100.3699,0.0
ETS307,9323,1789953537,90.0,4.302085,101.15425,0.0
ETS310,9523,1789953537,90.0,2.6883335,101.97335,0.0
ETS301,9425,1789953536,90.0,5.647928,100.49183,0.0
ETS304,9224,1789953536,90.0,4.302546,101.1536,0.0
ETS303,9524,1789953536,90.0,1.821387,103.464806,0.0
DMU10(D6120),51,1789953501,0.0,4.9628,102.0105,0.0
ETS204,9343,1789953540,118.0,4.8083,101.081,0.0
SCS08,weekday_2013,1789953514,0.0,3.1827,101.6889,0.0
SCS24,2915,1789953565,83.0,6.1096,100.3681,0.0
ETS215,9124,1789953524,0.0,3.685,101.518,0.0
ETS216,9123,1789953543,111.0,3.8729,101.3808,0.0
SCS05,weekday_2120,1789953516,88.0,3.1803,101.6756,0.0
DMU10(D6120),51,1789953516,0.0,4.9628,102.0105,0.0
EMU23,2810,1789953541,84.0,5.1375,100.4847,0.0
ETS214,9121,1789953539,4.0,3.1521,101.6916,0.0
ETS307,9323,1789953537,90.0,4.302085,101.15425,0.0
ETS310,9523,1789953537,90.0,2.6883335,101.97335,0.0
ETS304,9224,1789953536,90.0,4.302546,101.1536,0.0
ETS301,9425,1789953536,90.0,5.647928,100.49183,0.0
ETS303,9524,1789953536,90.0,1.821387,103.464806,0.0
EMU24,2800,1789953600,0.0,4.5971,101.0727,0.0
ETS204,9343,1789953615,136.0,4.788,101.0968,0.0
EMU23,2810,1789953616,82.0,5.1548,100.4804,0.0
ETS304,9224,1789953657,90.0,4.317667,101.139015,0.0
ETS307,9323,1789953657,90.0,4.3008285,101.15591,0.0
ETS301,9425,1789953657,90.0,5.6425686,100.49092,0.0
ETS310,9523,1789953657,90.0,2.6694524,101.990685,0.0
ETS303,9524,1789953657,90.0,1.8416835,103.433556,0.0
ETS205,9044,1789953619,48.0,3.1997,101.6063,0.0
ETS216,9123,1789953573,106.0,3.8646,101.3774,0.0
ETS304,9224,1789953657,90.0,4.317667,101.139015,0.0
ETS310,9523,1789953657,90.0,2.6694524,101.990685,0.0
ETS303,9524,1789953657,90.0,1.8416835,103.433556,0.0
ETS307,9323,1789953657,90.0,4.3008285,101.15591,0.0
ETS301,9425,1789953657,90.0,5.6425686,100.49092,0.0
ETS304,9224,1789953778,90.0,4.3502684,101.115265,0.0
ETS307,9323,1789953778,90.0,4.2777386,101.16628,0.0
ETS303,9524,1789953778,90.0,1.8718914,103.411415,0.0
ETS310,9523,1789953778,90.0,2.6543617,102.00869,0.0
ETS301,9425,1789953778,90.0,5.642579,100.490845,0.0
SCS22,2912,1789953809,102.0,5.8329,100.4772,0.0
DMU06,52,1789953806,66.0,5.3501,102.0108,0.0
ETS208,9442,1789953806,126.0,2.4742,102.9094,0.0
SCS24,2915,1789953805,114.0,6.0472,100.3982,0.0
DMU13,34,1789953782,68.0,2.7219,102.4942,0.0
ETS307,9323,1789953778,90.0,4.2777386,101.16628,0.0
ETS301,9425,1789953778,90.0,5.642579,100.490845,0.0
ETS303,9524,1789953778,90.0,1.8718914,103.411415,0.0
ETS304,9224,1789953778,90.0,4.3502684,101.115265,0.0
ETS310,9523,1789953778,90.0,2.6543617,102.00869,0.0
EMU23,2810,1789953781,82.0,5.1762,100.4795,0.0
SCS08,weekday_2013,1789953767,18.0,3.1734,101.6848,0.0
SCS05,weekday_2120,1789953786,0.0,3.1922,101.6547,0.0
EMU24,2800,1789953760,0.0,4.5971,101.0727,0.0
ETS204,9343,1789953810,131.0,4.7259,101.1222,0.0
ETS205,9044,1789953784,28.0,3.2044,101.584,0.0
ETS216,9123,1789953783,113.0,3.8153,101.4129,0.0
ETS214,9121,1789953779,0.0,3.1423,101.6942,0.0
DMU11(D6122),53,1789953805,40.0,5.3068,102.155,0.0
SCS28,weekday_2011,1789953786,0.0,3.1193,101.6788,0.0
DMU10(D6120),51,1789953756,56.0,4.9354,102.004,0.0
ETS205,9044,1789953814,0.0,3.205,101.583,0.0
EMU23,2810,1789953856,116.0,5.197,100.483,0.0
SCS22,2912,1789953854,110.0,5.846,100.4769,0.0
ETS214,9121,1789953854,4.0,3.1403,101.6936,0.0
SCS07,weekday_2116,1789953852,99.0,3.3626,101.5824,0.0
ETS216,9123,1789953858,114.0,3.7987,101.4274,0.0
DMU10(D6120),51,1789953846,56.0,4.9254,101.9949,0.0
DMU11(D6122),53,1789953835,49.0,5.3061,102.1514,0.0
EMU39,2911,1789953835,14.0,5.3868,100.3745,0.0
SCS24,2915,1789953835,111.0,6.0395,100.4025,0.0
ETS301,9425,1789953899,90.0,5.6375804,100.49007,0.0
ETS303,9524,1789953899,90.0,1.8841113,103.40574,0.0
ETS310,9523,1789953899,90.0,2.6420324,102.03574,0.0
ETS307,9323,1789953899,90.0,4.249142,101.17647,0.0
SCS28,weekday_2011,1789953831,36.0,3.1175,101.6788,0.0
ETS304,9224,1789953899,90.0,4.3808603,101.09254,0.0
SCS05,weekday_2120,1789953861,65.0,3.1958,101.6465,0.0
EMU24,2800,1789953860,0.0,4.5971,101.0727,0.0
ETS303,9524,1789953899,90.0,1.8841113,103.40574,0.0
ETS310,9523,1789953899,90.0,2.6420324,102.03574,0.0
ETS301,9425,1789953899,90.0,5.6375804,100.49007,0.0
ETS307,9323,1789953899,90.0,4.249142,101.17647,0.0
ETS304,9224,1789953899,90.0,4.3808603,101.09254,0.0
ETS216,9123,1789954053,58.0,3.7497,101.4466,0.0
DMU13,34,1789954052,77.0,2.7628,102.469,0.0
EMU23,2810,1789954051,114.0,5.2526,100.4842,0.0
ETS214,9121,1789954049,0.0,3.1371,101.6911,0.0
EMU39,2911,1789954045,12.0,5.3928,100.3671,0.0
EMU24,2800,1789954020,0.0,4.5971,101.0727,0.0
ETS204,9343,1789954050,136.0,4.6544,101.1215,0.0
SCS28,weekday_2011,1789954056,7.0,3.0987,101.705,0.0
SCS24,2915,1789954015,114.0,5.9925,100.4291,0.0
DMU11(D6122),53,1789954015,9.0,5.315,102.1406,0.0
ETS205,9044,1789954054,0.0,3.2053,101.5819,0.0
ETS304,9224,1789954020,90.0,4.418448,101.07075,0.0
ETS307,9323,1789954020,90.0,4.2121043,101.181694,0.0
ETS310,9523,1789954020,90.0,2.626501,102.07221,0.0
ETS303,9524,1789954020,90.0,1.8945724,103.40028,0.0
ETS301,9425,1789954019,90.0,5.6031075,100.495415,0.0
SCS05,weekday_2120,1789954026,34.0,3.205,101.6351,0.0
ETS303,9524,1789954140,90.0,1.922057,103.377396,0.0
ETS310,9523,1789954140,90.0,2.594228,102.09495,0.0
ETS301,9425,1789954140,90.0,5.5607567,100.49897,0.0
ETS307,9323,1789954140,90.0,4.176936,101.190674,0.0
ETS304,9224,1789954140,90.0,4.453404,101.05288,0.0
ETS216,9123,1789954113,100.0,3.7399,101.4544,0.0
SCS28,weekday_2011,1789954101,0.0,3.0987,101.7051,0.0
DMU10(D6120),51,1789954101,61.0,4.9117,101.9766,0.0
EMU24,2800,1789954100,0.0,4.5971,101.0727,0.0
DMU06,52,1789954061,12.0,5.3766,102.01,0.0
EMU23,2810,1789954096,117.0,5.2662,100.4812,0.0
SCS05,weekday_2120,1789954071,60.0,3.2081,101.631,0.0
ETS205,9044,1789954069,0.0,3.2053,101.5819,0.0
SCS08,weekday_2013,1789954069,55.0,3.1577,101.6936,0.0
ETS310,9523,1789954140,90.0,2.594228,102.09495,0.0
ETS303,9524,1789954140,90.0,1.922057,103.377396,0.0
ETS301,9425,1789954140,90.0,5.5607567,100.49897,0.0
ETS307,9323,1789954140,90.0,4.176936,101.190674,0.0
ETS304,9224,1789954140,90.0,4.453404,101.05288,0.0
ETS307,9323,1789954261,90.0,4.1468773,101.20356,0.0
ETS304,9224,1789954261,90.0,4.4592853,101.05022,0.0
ETS303,9524,1789954261,90.0,1.9508224,103.347435,0.0
ETS301,9425,1789954261,90.0,5.5187974,100.50858,0.0
ETS310,9523,1789954261,90.0,2.562994,102.11993,0.0
ETS208,9442,1789954301,0.0,2.5065,102.8146,0.0
DMU06,52,1789954301,16.0,5.3796,102.014,0.0
SCS24,2915,1789954300,114.0,5.9416,100.4578,0.0
DMU09,35,1789954349,39.0,4.1819,102.0592,0.0
ETS214,9121,1789954349,0.0,3.1371,101.6911,0.0
ETS216,9123,1789954338,26.0,3.7078,101.4934,0.0
DMU13,34,1789954337,73.0,2.793,102.4284,0.0
DMU11(D6122),53,1789954315,39.0,5.3283,102.1224,0.0
SCS05,weekday_2120,1789954314,91.0,3.201,101.6012,0.0
SCS08,weekday_2013,1789954309,17.0,3.144,101.6933,0.0
ETS204,9343,1789954320,0.0,4.6095,101.0802,0.0
DMU10(D6120),51,1789954311,24.0,4.8861,101.9711,0.0
SCS28,weekday_2011,1789954311,0.0,3.0987,101.7051,0.0
ETS205,9044,1789954309,0.0,3.2053,101.5819,0.0
ETS307,9323,1789954384,90.0,4.1231794,101.237526,0.0
ETS310,9523,1789954384,90.0,2.537447,102.15268,0.0
ETS303,9524,1789954384,90.0,1.989111,103.32918,0.0
ETS304,9224,1789954384,90.0,4.4614344,101.04918,0.0
ETS301,9425,1789954384,90.0,5.4834456,100.49931,0.0
DMU13,34,1789954352,62.0,2.7946,102.4261,0.0
SCS05,weekday_2120,1789954389,32.0,3.2026,101.5873,0.0
SCS28,weekday_2011,1789954356,0.0,3.0987,101.7051,0.0
ETS205,9044,1789954354,0.0,3.2053,101.5819,0.0
DMU10(D6120),51,1789954386,35.0,4.8803,101.9671,0.0
EMU35,2815,1789954386,116.0,5.2292,100.4895,0.0
DMU09,35,1789954394,42.0,4.179,102.064,0.0
SCS24,2915,1789954390,114.0,5.9164,100.4676,0.0
EMU23,2810,1789954378,116.0,5.3166,100.4731,0.0
SCS07,weekday_2116,1789954377,107.0,3.4613,101.638,0.0
DMU10(D6120),51,1789954461,0.0,4.8793,101.9668,0.0
EMU35,2815,1789954461,116.0,5.2072,100.4885,0.0
EMU24,2800,1789954460,0.0,4.5972,101.0728,0.0
ETS303,9524,1789954505,90.0,2.027658,103.31966,0.0
ETS310,9523,1789954505,90.0,2.504655,102.174515,0.0
ETS304,9224,1789954505,90.0,4.4875503,101.04448,0.0
ETS307,9323,1789954505,90.0,4.101406,101.26763,0.0
ETS301,9425,1789954505,90.0,5.481689,100.498856,0.0
DMU13,34,1789954577,0.0,2.8115,102.4036,0.0
ETS204,9343,1789954575,0.0,4.5999,101.0742,0.0
EMU35,2815,1789954551,106.0,5.1819,100.4795,0.0
ETS216,9123,1789954578,49.0,3.6878,101.5154,0.0
ETS205,9044,1789954564,0.0,3.2053,101.5819,0.0
ETS307,9323,1789954626,90.0,4.0660224,101.27916,0.0
ETS310,9523,1789954626,90.0,2.4668036,102.18295,0.0
ETS304,9224,1789954625,90.0,4.519063,101.0506,0.0
ETS303,9524,1789954625,90.0,2.0358539,103.31794,0.0
ETS301,9425,1789954625,90.0,5.4721446,100.49667,0.0
ETS205,9044,1789954684,0.0,3.2053,101.5819,0.0
SCS07,weekday_2116,1789954677,13.0,3.4998,101.6343,0.0
DMU11(D6122),53,1789954675,50.0,5.3616,102.0964,0.0
ETS310,9523,1789954746,90.0,2.4620333,102.20391,0.0
ETS303,9524,1789954746,90.0,2.04267,103.31592,0.0
ETS301,9425,1789954746,90.0,5.4328556,100.48846,0.0
ETS304,9224,1789954746,90.0,4.5374827,101.05399,0.0
ETS307,9323,1789954746,90.0,4.0250864,101.28918,0.0
ETS204,9343,1789954770,88.0,4.5781,101.0663,0.0
ETS205,9044,1789954834,2.0,3.3192,101.5749,0.0
ETS216,9123,1789954833,0.0,3.6555,101.5418,0.0
DMU13,34,1789954832,2.0,2.8116,102.4035,0.0
SCS28,weekday_2011,1789954821,0.0,3.0987,101.7051,0.0
DMU10(D6120),51,1789954821,0.0,4.8791,101.9668,0.0
SCS05,weekday_2120,1789954779,90.0,3.2383,101.5602,0.0
DMU09,35,1789954784,70.0,4.1805,102.1172,0.0
EMU35,2815,1789954776,116.0,5.1467,100.4829,0.0
ETS301,9425,1789954867,90.0,5.394625,100.472145,0.0
ETS307,9323,1789954867,90.0,3.990367,101.31032,0.0
ETS304,9224,1789954867,90.0,4.5487156,101.05606,0.0
EMU35,2815,1789954851,17.0,5.1311,100.4861,0.0
DMU13,34,1789954877,4.0,2.8117,102.4036,0.0
EMU24,2800,1789954860,0.0,4.5972,101.0728,0.0
ETS205,9044,1789954879,29.0,3.3214,101.5737,0.0
ETS216,9123,1789954878,109.0,3.6461,101.5536,0.0
DMU06,52,1789954856,11.0,5.38,102.0337,0.0
ETS204,9343,1789954875,74.0,4.5471,101.0545,0.0
ETS208,9442,1789954856,117.0,2.583,102.6707,0.0
ETS310,9523,1789954868,90.0,2.4632108,102.22715,0.0
SCS24,2915,1789954855,116.0,5.8068,100.4803,0.0
ETS303,9524,1789954867,90.0,2.0733225,103.29594,0.0
DMU11(D6122),53,1789954855,9.0,5.3707,102.0859,0.0
SCS05,weekday_2120,1789954854,29.0,3.2498,101.5564,0.0
DMU10(D6120),51,1789954941,57.0,4.8636,101.9672,0.0
EMU24,2800,1789954940,0.0,4.5972,101.0728,0.0
SCS28,weekday_2011,1789954941,0.0,3.0986,101.7052,0.0
EMU35,2815,1789954941,84.0,5.1245,100.4875,0.0
ETS310,9523,1789954988,90.0,2.462237,102.22886,0.0
ETS303,9524,1789954988,90.0,2.1053178,103.272064,0.0
EMU35,2815,1789954986,117.0,5.1125,100.49,0.0
SCS28,weekday_2011,1789954986,0.0,3.0986,101.7052,0.0
DMU10(D6120),51,1789954986,49.0,4.858,101.9705,0.0
ETS205,9044,1789954984,63.0,3.3321,101.5697,0.0
ETS216,9123,1789954983,117.0,3.6222,101.5715,0.0
DMU13,34,1789954982,0.0,2.8117,102.4037,0.0
ETS204,9343,1789954980,22.0,4.5371,101.0528,0.0
SCS05,weekday_2120,1789954989,16.0,3.2583,101.5548,0.0
ETS307,9323,1789954988,90.0,3.9564915,101.32608,0.0
ETS304,9224,1789954988,90.0,4.5821013,101.06964,0.0
ETS301,9425,1789954988,90.0,5.3705125,100.46915,0.0
SCS22,2912,1789955024,3.0,6.1126,100.3694,0.0
EMU23,2810,1789955023,28.0,5.3649,100.4205,0.0
SCS07,weekday_2116,1789955022,66.0,3.5554,101.6391,0.0
ETS208,9442,1789955021,71.0,2.5821,102.6228,0.0
ETS215,9124,1789955024,133.0,4.0082,101.2993,0.0
DMU11(D6122),53,1789955020,0.0,5.3718,102.0853,0.0
SCS24,2915,1789955020,118.0,5.7603,100.4987,0.0
SCS11,2809,1789955023,115.0,4.7012,101.1363,0.0
ETS304,9224,1789955109,90.0,4.596884,101.07423,0.0
ETS303,9524,1789955109,90.0,2.1381383,103.25239,0.0
ETS310,9523,1789955109,90.0,2.4590037,102.25794,0.0
ETS307,9323,1789955109,90.0,3.9260118,101.343834,0.0
ETS301,9425,1789955109,90.0,5.3530254,100.46695,0.0
ETS205,9044,1789955089,95.0,3.3538,101.5717,0.0
ETS216,9123,1789955118,0.0,3.5991,101.5999,0.0
DMU13,34,1789955117,0.0,2.8117,102.4036,0.0
SCS28,weekday_2011,1789955121,0.0,3.0986,101.7052,0.0
DMU10(D6120),51,1789955121,53.0,4.8451,101.9835,0.0
EMU24,2800,1789955120,0.0,4.5972,101.0728,0.0
SCS05,weekday_2120,1789955094,52.0,3.2627,101.5569,0.0
ETS307,9323,1789955230,90.0,3.8962104,101.36383,0.0
ETS303,9524,1789955230,90.0,2.1659427,103.226555,0.0
ETS310,9523,1789955230,90.0,2.4565144,102.29274,0.0
ETS301,9425,1789955230,90.0,5.333749,100.47079,0.0
ETS304,9224,1789955230,90.0,4.598193,101.07487,0.0
EMU23,2810,1789955278,26.0,5.3865,100.3753,0.0
SCS08,weekday_2013,1789955289,26.0,3.1119,101.6883,0.0
ETS205,9044,1789955284,111.0,3.3739,101.6122,0.0
ETS216,9123,1789955283,105.0,3.5641,101.6253,0.0
DMU13,34,1789955282,0.0,2.8116,102.4037,0.0
ETS204,9343,1789955280,0.0,4.4766,101.0421,0.0
SCS22,2912,1789955279,87.0,6.1787,100.3774,0.0
ETS310,9523,1789955351,90.0,2.4555738,102.32811,0.0
ETS303,9524,1789955351,90.0,2.1857078,103.196495,0.0
ETS307,9323,1789955351,90.0,3.8692565,101.37995,0.0
SCS11,2809,1789955323,114.0,4.6254,101.0998,0.0
DMU06,52,1789955321,38.0,5.3917,102.0586,0.0
ETS208,9442,1789955321,0.0,2.5777,102.6053,0.0
SCS24,2915,1789955320,114.0,5.6772,100.4961,0.0
DMU03,55,1789955320,44.0,6.151,102.2295,0.0
ETS304,9224,1789955351,90.0,4.6097646,101.084045,0.0
ETS301,9425,1789955351,90.0,5.295477,100.48294,0.0
ETS205,9044,1789955419,79.0,3.4019,101.6278,0.0
ETS216,9123,1789955418,83.0,3.5401,101.6359,0.0
DMU13,34,1789955417,0.0,2.8116,102.4038,0.0
EMU35,2815,1789955406,76.0,5.0246,100.5296,0.0
ETS304,9224,1789955472,90.0,4.6257358,101.10187,0.0
ETS301,9425,1789955472,90.0,5.2606153,100.48304,0.0
ETS310,9523,1789955472,90.0,2.4611814,102.36137,0.0
ETS303,9524,1789955472,90.0,2.191088,103.191,0.0
ETS307,9323,1789955472,90.0,3.8395374,101.39506,0.0
DMU03,55,1789955455,65.0,6.1354,102.2206,0.0
DMU11(D6122),53,1789955455,0.0,5.3719,102.0854,0.0
SCS24,2915,1789955455,14.0,5.6438,100.4902,0.0
SCS05,weekday_2120,1789955454,0.0,3.3203,101.5745,0.0
SCS28,weekday_2011,1789955451,0.0,3.0986,101.7052,0.0
EMU35,2815,1789955451,112.0,5.0186,100.5392,0.0
ETS310,9523,1789955593,90.0,2.4625232,102.394104,0.0
ETS304,9224,1789955592,90.0,4.6585693,101.12658,0.0
ETS307,9323,1789955592,90.0,3.8100111,101.41767,0.0
ETS301,9425,1789955592,90.0,5.218481,100.49237,0.0
ETS303,9524,1789955592,90.0,2.2054787,103.177734,0.0
DMU03,55,1789955665,14.0,6.1192,102.2014,0.0
ETS306,9326,1789955713,90.0,1.4623616,103.766464,0.0
ETS301,9425,1789955713,90.0,5.179278,100.48025,0.0
ETS310,9523,1789955713,90.0,2.4735067,102.416275,0.0
ETS303,9524,1789955713,90.0,2.2378373,103.15424,0.0
ETS307,9323,1789955713,90.0,3.7797546,101.43661,0.0
ETS212,9225,1789955681,135.0,6.5688,100.2591,0.0
ETS216,9123,1789955673,55.0,3.4786,101.6397,0.0
ETS304,9224,1789955713,90.0,4.6943316,101.14122,0.0
SCS07,weekday_2116,1789955789,1.0,3.6839,101.5189,0.0
ETS214,9226,1789955789,0.0,3.1371,101.6911,0.0
EMU24,2800,1789955780,0.0,4.5972,101.0728,0.0
ETS215,9124,1789955759,81.0,4.1905,101.1849,0.0
DMU13,34,1789955747,16.0,2.8119,102.4032,0.0
SCS28,weekday_2011,1789955826,0.0,3.1139,101.681,0.0
EMU35,2815,1789955811,119.0,5.0415,100.6431,0.0
DMU13,34,1789955792,56.0,2.8153,102.3991,0.0
ETS303,9524,1789955834,90.0,2.2765424,103.14264,0.0
ETS307,9323,1789955834,90.0,3.7499113,101.44684,0.0
ETS304,9224,1789955834,90.0,4.7300096,101.12311,0.0
ETS310,9523,1789955834,90.0,2.4738467,102.41698,0.0
ETS306,9326,1789955834,90.0,1.4662712,103.76334,0.0
ETS301,9425,1789955833,90.0,5.1384373,100.48513,0.0
DMU13,34,1789955972,58.0,2.8412,102.3884,0.0
ETS214,9226,1789955969,0.0,3.1371,101.6911,0.0
ETS306,9326,1789955955,90.0,1.4890926,103.758354,0.0
ETS303,9524,1789955955,90.0,2.2970734,103.13028,0.0
ETS310,9523,1789955955,90.0,2.4774387,102.428894,0.0
ETS301,9425,1789955955,90.0,5.1299763,100.48691,0.0
ETS307,9323,1789955955,90.0,3.7325041,101.45699,0.0
ETS304,9224,1789955955,90.0,4.7656016,101.11437,0.0
ETS216,9123,1789955973,118.0,3.3992,101.6282,0.0
SCS28,weekday_2011,1789955976,0.0,3.1191,101.6788,0.0
DMU10(D6120),51,1789955976,36.0,4.7565,102.0144,0.0
ETS205,9044,1789955974,94.0,3.5372,101.6348,0.0
DMU13,34,1789955972,58.0,2.8412,102.3884,0.0
ETS304,9224,1789956075,90.0,4.8026667,101.08714,0.0
ETS307,9323,1789956075,90.0,3.7130542,101.48375,0.0
ETS306,9326,1789956075,90.0,1.5175186,103.74292,0.0
ETS301,9425,1789956075,90.0,5.1299715,100.48691,0.0
ETS310,9523,1789956075,90.0,2.4986947,102.4602,0.0
ETS303,9524,1789956075,90.0,2.300398,103.12825,0.0
ETS204,9343,1789956120,132.0,4.341,101.1211,0.0
SCS08,weekday_2013,1789956149,0.0,3.0986,101.705,0.0
DMU11(D6122),53,1789956145,0.0,5.372,102.0853,0.0
DMU03,55,1789956145,0.0,6.1186,102.2007,0.0
ETS205,9044,1789956124,110.0,3.566,101.6223,0.0
ETS216,9123,1789956123,114.0,3.3703,101.603,0.0
ETS214,9226,1789956119,0.0,3.1371,101.6911,0.0
ETS304,9224,1789956196,90.0,4.8254137,101.05274,0.0
ETS310,9523,1789956196,90.0,2.5214007,102.49308,0.0
ETS303,9524,1789956196,90.0,2.3216305,103.10116,0.0
ETS307,9323,1789956196,90.0,3.704663,101.49744,0.0
ETS301,9425,1789956196,90.0,5.129449,100.48698,0.0
ETS306,9326,1789956196,90.0,1.5361114,103.72532,0.0
ETS212,9225,1789956326,80.0,6.4234,100.2712,0.0
SCS22,2912,1789956299,114.0,6.4035,100.2785,0.0
DMU11(D6122),53,1789956280,8.0,5.3742,102.084,0.0
SCS24,2915,1789956280,117.0,5.4683,100.4964,0.0
DMU03,55,1789956280,0.0,6.1186,102.2007,0.0
SCS05,weekday_2120,1789956279,114.0,3.4324,101.6323,0.0
ETS205,9044,1789956304,0.0,3.6003,101.5949,0.0
ETS204,9343,1789956300,5.0,4.3032,101.1529,0.0
ETS214,9226,1789956299,0.0,3.1371,101.6911,0.0
EMU24,2800,1789956280,0.0,4.5972,101.0728,0.0
ETS303,9524,1789956317,90.0,2.3453887,103.06715,0.0
ETS307,9323,1789956317,90.0,3.6998549,101.50251,0.0
ETS304,9224,1789956317,90.0,4.837835,101.016655,0.0
ETS306,9326,1789956317,90.0,1.5369594,103.723526,0.0
ETS310,9523,1789956317,90.0,2.5438445,102.50825,0.0
ETS301,9425,1789956317,90.0,5.0986724,100.49336,0.0
DMU10(D6120),51,1789956276,42.0,4.7385,102.0122,0.0
ETS304,9224,1789956438,90.0,4.8403125,100.9762,0.0
ETS310,9523,1789956438,90.0,2.553321,102.515854,0.0
ETS303,9524,1789956438,90.0,2.3733582,103.03451,0.0
ETS307,9323,1789956438,90.0,3.6904233,101.51253,0.0
ETS301,9425,1789956438,90.0,5.0605726,100.51057,0.0
ETS306,9326,1789956438,90.0,1.5462887,103.70131,0.0
ETS307,9323,1789956559,90.0,3.6837797,101.51957,0.0
ETS304,9224,1789956559,90.0,4.812321,100.952095,0.0
ETS303,9524,1789956559,90.0,2.3829193,103.02135,0.0
ETS306,9326,1789956559,90.0,1.5679935,103.6785,0.0
ETS310,9523,1789956559,90.0,2.5706208,102.545685,0.0
ETS301,9425,1789956558,90.0,5.022828,100.53075,0.0
ETS205,9044,1789956694,52.0,3.6811,101.5221,0.0
ETS307,9323,1789956680,90.0,3.6677117,101.53355,0.0
ETS304,9224,1789956680,90.0,4.7801657,100.93597,0.0
ETS306,9326,1789956680,90.0,1.5942163,103.65228,0.0
ETS310,9523,1789956680,90.0,2.5812476,102.57023,0.0
ETS303,9524,1789956680,90.0,2.3939698,103.01314,0.0
ETS301,9425,1789956679,90.0,5.03111,100.56693,0.0
ETS205,9044,1789956694,52.0,3.6811,101.5221,0.0
EMU24,2800,1789956720,0.0,4.5972,101.0728,0.0
SCS13,weekday_2126,1789956710,0.0,3.1363,101.6897,0.0
ETS208,9442,1789956806,140.0,2.4576,102.2861,0.0
SCS24,2915,1789956805,82.0,5.3649,100.456,0.0
ETS310,9523,1789956801,90.0,2.5753422,102.5939,0.0
ETS304,9224,1789956800,90.0,4.774812,100.932236,0.0
ETS307,9323,1789956800,90.0,3.6405935,101.558,0.0
ETS306,9326,1789956800,90.0,1.6312484,103.63739,0.0
ETS301,9425,1789956800,90.0,5.042976,100.6057,0.0
ETS303,9524,1789956800,90.0,2.428219,102.998,0.0
ETS215,9124,1789956824,122.0,4.4097,101.075,0.0
ETS214,9226,1789956824,0.0,3.2086,101.6295,0.0
DMU13,34,1789956812,61.0,2.9728,102.3985,0.0
ETS214,9226,1789956824,0.0,3.2086,101.6295,0.0
ETS215,9124,1789956824,122.0,4.4097,101.075,0.0
SCS13,weekday_2126,1789956815,0.0,3.1363,101.6897,0.0
DMU13,34,1789956812,61.0,2.9728,102.3985,0.0
ETS303,9524,1789956921,90.0,2.4569702,102.96981,0.0
ETS310,9523,1789956921,90.0,2.579104,102.6147,0.0
ETS301,9425,1789956921,90.0,5.0405407,100.64758,0.0
ETS306,9326,1789956921,90.0,1.6582133,103.60953,0.0
ETS307,9323,1789956921,90.0,3.6138406,101.58148,0.0
ETS304,9224,1789956921,90.0,4.774162,100.91811,0.0
SCS08,weekday_2013,1789956909,0.0,3.0986,101.705,0.0
SCS13,weekday_2126,1789956905,15.0,3.1374,101.692,0.0
ETS216,9123,1789956903,65.0,3.248,101.5582,0.0
ETS303,9524,1789957042,90.0,2.4718657,102.933334,0.0
ETS307,9323,1789957042,90.0,3.5931582,101.60603,0.0
ETS304,9224,1789957042,90.0,4.771629,100.89249,0.0
ETS310,9523,1789957042,90.0,2.579106,102.61478,0.0
ETS306,9326,1789957042,90.0,1.6643885,103.599556,0.0
ETS301,9425,1789957041,90.0,5.038299,100.68996,0.0
ETS307,9323,1789957163,90.0,3.5657349,101.62243,0.0
ETS306,9326,1789957163,90.0,1.6745597,103.58502,0.0
ETS310,9523,1789957163,90.0,2.5821705,102.62995,0.0
ETS303,9524,1789957162,90.0,2.4818983,102.89756,0.0
ETS304,9224,1789957162,90.0,4.777743,100.853516,0.0
ETS301,9425,1789957162,90.0,5.019413,100.7255,0.0
SCS22,2912,1789957289,114.0,6.6293,100.2704,0.0
ETS214,9226,1789957289,0.0,3.205,101.5827,0.0
ETS205,9044,1789957279,116.0,3.7565,101.438,0.0
SCS21,weekday_2130,1789957243,98.0,3.0529,101.5137,0.0
SCS24,2915,1789957240,99.0,5.371,100.4045,0.0
DMU03,55,1789957240,63.0,6.0883,102.1696,0.0
ETS304,9224,1789957283,90.0,0.0027284583,0.0154984975,0.0
ETS303,9524,1789957283,90.0,2.489307,102.86429,0.0
ETS307,9323,1789957283,90.0,3.5537913,101.64026,0.0
ETS306,9326,1789957283,90.0,1.6959846,103.556564,0.0
ETS310,9523,1789957283,90.0,2.583378,102.66872,0.0
ETS301,9425,1789957283,90.0,4.9804535,100.73381,0.0
EMU24,2800,1789957240,0.0,4.5972,101.0728,0.0
ETS306,9326,1789957404,90.0,1.7184556,103.52346,0.0
ETS310,9523,1789957404,90.0,2.5796945,102.711235,0.0
ETS301,9425,1789957404,90.0,4.939763,100.7217,0.0
ETS307,9323,1789957404,90.0,3.5383158,101.63625,0.0
ETS304,9224,1789957404,90.0,4.7839975,100.77115,0.0
ETS303,9524,1789957404,90.0,2.4973118,102.830666,0.0
ETS212,9225,1789957526,0.0,6.1135,100.37,0.0
DMU03,55,1789957525,33.0,6.0465,102.1443,0.0
ETS310,9523,1789957525,90.0,2.5603979,102.74615,0.0
ETS301,9425,1789957524,90.0,4.8983245,100.719826,0.0
ETS306,9326,1789957524,90.0,1.7549571,103.504166,0.0
ETS307,9323,1789957524,90.0,3.5115514,101.632835,0.0
ETS304,9224,1789957524,90.0,4.8113265,100.74149,0.0
ETS303,9524,1789957524,90.0,2.5071158,102.81404,0.0
ETS304,9224,1789957645,90.0,4.842013,100.72914,0.0
ETS307,9323,1789957645,90.0,3.478705,101.640594,0.0
ETS306,9326,1789957645,90.0,1.7945472,103.49406,0.0
ETS301,9425,1789957645,90.0,4.862899,100.73142,0.0
ETS310,9523,1789957645,90.0,2.5351195,102.775986,0.0
ETS303,9524,1789957645,90.0,2.5111465,102.81058,0.0
EMU24,2800,1789957700,0.0,4.5972,101.0727,0.0
SCS13,weekday_2126,1789957670,4.0,3.186,101.6646,0.0
ETS214,9226,1789957724,79.0,3.2636,101.5572,0.0
DMU09,35,1789957709,0.0,3.9374,102.3577,0.0
ETS216,9123,1789957698,100.0,3.1938,101.6513,0.0
SCS13,weekday_2126,1789957715,1.0,3.1861,101.6646,0.0
ETS216,9123,1789957713,105.0,3.1923,101.6549,0.0
DMU13,34,1789957712,54.0,3.1147,102.3744,0.0
ETS304,9224,1789957766,90.0,4.852149,100.733154,0.0
ETS303,9524,1789957766,90.0,2.5318537,102.78378,0.0
ETS310,9523,1789957766,90.0,2.5158615,102.807274,0.0
ETS301,9425,1789957766,90.0,4.851574,100.73261,0.0
ETS306,9326,1789957766,90.0,1.8205333,103.467,0.0
ETS307,9323,1789957766,90.0,3.4419837,101.63908,0.0
ETS304,9224,1789957887,90.0,4.862375,100.731895,0.0
ETS307,9323,1789957887,90.0,3.413539,101.62778,0.0
ETS306,9326,1789957887,90.0,1.8397279,103.43604,0.0
ETS301,9425,1789957887,90.0,4.851245,100.732376,0.0
ETS310,9523,1789957887,90.0,2.5071332,102.81402,0.0
ETS303,9524,1789957887,90.0,2.555028,102.755356,0.0
ETS205,9044,1789957894,121.0,3.8689,101.3781,0.0
ETS306,9326,1789958008,90.0,1.871858,103.41144,0.0
ETS310,9523,1789958008,90.0,2.4978204,102.8297,0.0
ETS307,9323,1789958008,90.0,3.3804753,101.620575,0.0
ETS303,9524,1789958007,90.0,2.5776217,102.720856,0.0
ETS301,9425,1789958007,90.0,4.8283587,100.734955,0.0
ETS304,9224,1789958007,90.0,4.897109,100.71995,0.0
SCS13,weekday_2126,1789958045,0.0,3.2022,101.6376,0.0
EMU24,2800,1789958040,0.0,4.5972,101.0727,0.0
DMU09,35,1789958084,71.0,3.9143,102.3598,0.0
SCS21,weekday_2130,1789958083,0.0,3.0846,101.5892,0.0
SCS28,weekday_2018,1789958082,27.0,3.2319,101.6762,0.0
DMU06,52,1789958081,23.0,5.3261,102.1978,0.0
ETS212,9225,1789958081,132.0,5.9613,100.4468,0.0
DMU11(D6122),53,1789958080,37.0,5.3708,102.0084,0.0
ETS208,9442,1789958081,115.0,2.6392,102.0379,0.0
ETS304,9224,1789958128,90.0,4.9399233,100.721725,0.0
ETS307,9323,1789958128,90.0,3.362703,101.59007,0.0
ETS306,9326,1789958128,90.0,1.9054103,103.390724,0.0
ETS301,9425,1789958128,90.0,0.0027284583,0.0154984975,0.0
ETS310,9523,1789958128,90.0,2.490057,102.86649,0.0
ETS303,9524,1789958128,90.0,2.5830572,102.68054,0.0
DMU13,34,1789958117,0.0,3.1359,102.3706,0.0
ETS204,9343,1789958115,111.0,3.8927,101.367,0.0
ETS215,9124,1789958114,78.0,4.6106,101.0837,0.0
SCS22,2923,1789958114,0.0,6.662,100.3192,0.0
SCS22,2923,1789958159,20.0,6.661,100.318,0.0
ETS214,9226,1789958159,72.0,3.3391,101.5728,0.0
DMU13,34,1789958147,0.0,3.1359,102.3706,0.0
ETS204,9343,1789958145,113.0,3.8888,101.3752,0.0
ETS215,9124,1789958159,87.0,4.6141,101.0921,0.0
ETS205,9044,1789958149,117.0,3.9277,101.3421,0.0
ETS304,9224,1789958249,90.0,4.979969,100.73367,0.0
ETS307,9323,1789958249,90.0,3.3464937,101.573204,0.0
ETS306,9326,1789958249,90.0,1.9335622,103.362495,0.0
ETS301,9425,1789958249,90.0,4.7775683,100.792656,0.0
ETS310,9523,1789958249,90.0,2.4771817,102.90302,0.0
ETS303,9524,1789958249,90.0,2.5831845,102.638016,0.0
ETS306,9326,1789958370,90.0,1.9681439,103.33921,0.0
ETS307,9323,1789958370,90.0,3.3241892,101.57226,0.0
ETS303,9524,1789958370,90.0,2.5789773,102.61409,0.0
ETS310,9523,1789958370,90.0,2.4717069,102.94176,0.0
ETS301,9425,1789958370,90.0,4.775009,100.83509,0.0
ETS304,9224,1789958370,90.0,5.0145345,100.729996,0.0
ETS307,9323,1789958491,90.0,3.3000376,101.57572,0.0
ETS304,9224,1789958491,90.0,5.0366626,100.69949,0.0
ETS303,9524,1789958491,90.0,2.579099,102.61468,0.0
ETS306,9326,1789958491,90.0,2.004741,103.325005,0.0
ETS310,9523,1789958491,90.0,2.450435,102.978966,0.0
ETS301,9425,1789958490,90.0,4.771164,100.87424,0.0
ETS307,9323,1789958612,90.0,3.2780597,101.565155,0.0
ETS310,9523,1789958612,90.0,2.4183393,103.002754,0.0
ETS306,9326,1789958612,90.0,2.0349286,103.31815,0.0
ETS301,9425,1789958611,90.0,4.7755504,100.90908,0.0
ETS303,9524,1789958611,90.0,2.5787833,102.61338,0.0
ETS304,9224,1789958611,90.0,5.038029,100.665146,0.0
ETS310,9523,1789958612,90.0,2.4183393,103.002754,0.0
ETS306,9326,1789958612,90.0,2.0349286,103.31815,0.0
ETS307,9323,1789958612,90.0,3.2780597,101.565155,0.0
SCS08,weekday_2013,1789958647,0.0,3.0986,101.7051,0.0
DMU13,34,1789958642,0.0,3.1358,102.3705,0.0
EMU24,2800,1789958620,0.0,4.5972,101.0727,0.0
ETS215,9124,1789958639,122.0,4.7444,101.1214,0.0
SCS28,weekday_2011,1789958667,0.0,3.2384,101.6812,0.0
ETS208,9442,1789958666,17.0,2.7092,101.936,0.0
DMU06,52,1789958666,56.0,5.3637,102.2257,0.0
DMU03,55,1789958620,72.0,5.9467,102.1483,0.0
SCS24,2920,1789958620,92.0,5.3623,100.4276,0.0
DMU11(D6122),53,1789958620,32.0,5.3032,102.0223,0.0
SCS13,weekday_2126,1789958644,0.0,3.2058,101.5809,0.0
ETS216,9123,1789958643,0.0,3.1575,101.6937,0.0
ETS306,9326,1789958732,90.0,2.035094,103.31813,0.0
ETS307,9323,1789958732,90.0,3.261839,101.5578,0.0
ETS303,9524,1789958732,90.0,2.57654,102.59111,0.0
ETS301,9425,1789958732,90.0,4.7747827,100.93207,0.0
ETS310,9523,1789958733,90.0,2.3873057,103.01646,0.0
ETS304,9224,1789958732,90.0,5.0411696,100.629906,0.0
DMU13,34,1789958687,0.0,3.1358,102.3705,0.0
ETS204,9343,1789958685,86.0,3.7534,101.4426,0.0
ETS310,9523,1789958733,90.0,2.3873057,103.01646,0.0
ETS303,9524,1789958732,90.0,2.57654,102.59111,0.0
ETS301,9425,1789958732,90.0,4.7747827,100.93207,0.0
ETS304,9224,1789958732,90.0,5.0411696,100.629906,0.0
ETS307,9323,1789958732,90.0,3.261839,101.5578,0.0
ETS306,9326,1789958732,90.0,2.035094,103.31813,0.0
ETS304,9224,1789958853,90.0,5.043194,100.58701,0.0
ETS307,9323,1789958853,90.0,3.2451084,101.56035,0.0
ETS306,9326,1789958853,90.0,2.0612128,103.312126,0.0
ETS301,9425,1789958853,90.0,4.775644,100.933876,0.0
ETS310,9523,1789958853,90.0,2.3827286,103.02163,0.0
ETS303,9524,1789958853,90.0,2.5808656,102.56632,0.0
ETS303,9524,1789958853,90.0,2.5808656,102.56632,0.0
ETS307,9323,1789958853,90.0,3.2451084,101.56035,0.0
ETS304,9224,1789958853,90.0,5.043194,100.58701,0.0
ETS306,9326,1789958853,90.0,2.0612128,103.312126,0.0
ETS301,9425,1789958853,90.0,4.775644,100.933876,0.0
ETS310,9523,1789958853,90.0,2.3827286,103.02163,0.0
ETS304,9224,1789958974,90.0,5.0205913,100.551384,0.0
ETS307,9323,1789958974,90.0,3.2190235,101.566925,0.0
ETS303,9524,1789958974,90.0,2.570307,102.54505,0.0
ETS301,9425,1789958974,90.0,4.80489,100.94782,0.0
ETS310,9523,1789958974,90.0,2.3652115,103.04569,0.0
ETS306,9326,1789958974,90.0,2.0833006,103.28895,0.0
ETS304,9224,1789958974,90.0,5.0205913,100.551384,0.0
ETS307,9323,1789958974,90.0,3.2190235,101.566925,0.0
ETS303,9524,1789958974,90.0,2.570307,102.54505,0.0
ETS301,9425,1789958974,90.0,4.80489,100.94782,0.0
ETS310,9523,1789958974,90.0,2.3652115,103.04569,0.0
ETS306,9326,1789958974,90.0,2.0833006,103.28895,0.0
ETS307,9323,1789959095,90.0,3.205804,101.58017,0.0
ETS304,9224,1789959095,90.0,5.0393853,100.5217,0.0
ETS303,9524,1789959095,90.0,2.5490751,102.512505,0.0
ETS306,9326,1789959095,90.0,2.1146233,103.265175,0.0
ETS310,9523,1789959095,90.0,2.339048,103.076294,0.0
ETS301,9425,1789959094,90.0,4.837774,100.96774,0.0
ETS307,9323,1789959095,90.0,3.205804,101.58017,0.0
ETS304,9224,1789959095,90.0,5.0393853,100.5217,0.0
ETS301,9425,1789959094,90.0,4.837774,100.96774,0.0
ETS204,9343,1789959120,0.0,3.6862,101.5167,0.0
ETS214,9226,1789959119,0.0,3.5531,101.6396,0.0
SCS22,2923,1789959119,113.0,6.463,100.2576,0.0
DMU09,35,1789959119,70.0,3.7463,102.3616,0.0
ETS303,9524,1789959095,90.0,2.5490751,102.512505,0.0
ETS310,9523,1789959095,90.0,2.339048,103.076294,0.0
ETS306,9326,1789959095,90.0,2.1146233,103.265175,0.0
ETS303,9524,1789959215,90.0,2.5147943,102.49012,0.0
ETS310,9523,1789959215,90.0,2.3160686,103.11186,0.0
ETS301,9425,1789959215,90.0,4.841054,101.00845,0.0
ETS304,9224,1789959215,90.0,5.076693,100.50203,0.0
ETS307,9323,1789959215,90.0,3.2051554,101.58186,0.0
ETS306,9326,1789959215,90.0,2.141854,103.24175,0.0
ETS216,9123,1789959198,0.0,3.1575,101.6937,0.0
DMU13,34,1789959197,77.0,3.1897,102.398,0.0
ETS204,9343,1789959195,0.0,3.6862,101.5167,0.0
ETS214,9226,1789959179,99.0,3.5628,101.6282,0.0
ETS215,9124,1789959179,131.0,4.8442,100.9868,0.0
SCS21,weekday_2130,1789959178,14.0,3.0869,101.666,0.0
SCS11,2804,1789959178,0.0,4.598,101.0733,0.0
ETS208,9442,1789959176,45.0,2.7241,101.9187,0.0
DMU11(D6122),53,1789959175,23.0,5.2855,102.0061,0.0
DMU03,55,1789959175,62.0,5.8698,102.1546,0.0
SCS24,2920,1789959175,114.0,5.4137,100.4758,0.0
ETS301,9425,1789959215,90.0,4.841054,101.00845,0.0
ETS303,9524,1789959215,90.0,2.5147943,102.49012,0.0
ETS306,9326,1789959215,90.0,2.141854,103.24175,0.0
ETS307,9323,1789959215,90.0,3.2051554,101.58186,0.0
ETS304,9224,1789959215,90.0,5.076693,100.50203,0.0
ETS310,9523,1789959215,90.0,2.3160686,103.11186,0.0
ETS205,9044,1789959259,0.0,4.1717,101.1889,0.0
DMU13,34,1789959257,71.0,3.1975,102.4062,0.0
ETS204,9343,1789959255,0.0,3.6862,101.5167,0.0
ETS215,9124,1789959254,128.0,4.837,100.9622,0.0
ETS303,9524,1789959336,90.0,2.4975486,102.45428,0.0
ETS310,9523,1789959336,90.0,2.2966006,103.130615,0.0
ETS301,9425,1789959336,90.0,4.8230233,101.044365,0.0
ETS304,9224,1789959336,90.0,5.1152678,100.4899,0.0
ETS307,9323,1789959336,90.0,3.2003973,101.600845,0.0
ETS306,9326,1789959336,90.0,2.1744986,103.22012,0.0
ETS304,9224,1789959336,90.0,5.1152678,100.4899,0.0
ETS310,9523,1789959336,90.0,2.2966006,103.130615,0.0
ETS306,9326,1789959336,90.0,2.1744986,103.22012,0.0
ETS307,9323,1789959336,90.0,3.2003973,101.600845,0.0
ETS301,9425,1789959336,90.0,4.8230233,101.044365,0.0
ETS303,9524,1789959336,90.0,2.4975486,102.45428,0.0
ETS304,9224,1789959457,90.0,5.1299934,100.486855,0.0
ETS307,9323,1789959457,90.0,3.2077842,101.624466,0.0
ETS303,9524,1789959457,90.0,2.4773545,102.42597,0.0
ETS301,9425,1789959457,90.0,4.8093815,101.08087,0.0
ETS310,9523,1789959457,90.0,2.2947729,103.13172,0.0
ETS306,9326,1789959457,90.0,2.1945865,103.187325,0.0
ETS304,9224,1789959457,90.0,5.1299934,100.486855,0.0
ETS307,9323,1789959457,90.0,3.2077842,101.624466,0.0
ETS303,9524,1789959457,90.0,2.4773545,102.42597,0.0
ETS301,9425,1789959457,90.0,4.8093815,101.08087,0.0
ETS310,9523,1789959457,90.0,2.2947729,103.13172,0.0
ETS306,9326,1789959457,90.0,2.1945865,103.187325,0.0
ETS306,9326,1789959578,90.0,2.225797,103.16298,0.0
ETS307,9323,1789959578,90.0,3.1956456,101.64627,0.0
ETS310,9523,1789959578,90.0,2.2659051,103.14764,0.0
ETS301,9425,1789959577,90.0,4.7751303,101.10531,0.0
ETS304,9224,1789959577,90.0,5.1412425,100.48453,0.0
ETS303,9524,1789959577,90.0,2.473858,102.41706,0.0
ETS306,9326,1789959578,90.0,2.225797,103.16298,0.0
ETS307,9323,1789959578,90.0,3.1956456,101.64627,0.0
ETS310,9523,1789959578,90.0,2.2659051,103.14764,0.0
ETS301,9425,1789959577,90.0,4.7751303,101.10531,0.0
ETS304,9224,1789959577,90.0,5.1412425,100.48453,0.0
ETS303,9524,1789959577,90.0,2.473858,102.41706,0.0
ETS310,9523,1789959698,90.0,2.227489,103.16178,0.0
ETS303,9524,1789959698,90.0,2.4657578,102.406075,0.0
ETS215,9124,1789959689,104.0,4.776,100.9122,0.0
ETS304,9224,1789959698,90.0,5.182096,100.48017,0.0
ETS307,9323,1789959698,90.0,3.1812625,101.6743,0.0
ETS306,9326,1789959698,90.0,2.2619011,103.14936,0.0
ETS301,9425,1789959698,90.0,4.738871,101.1228,0.0
EMU35,2815,1789959728,0.0,4.5977,101.0732,0.0
ETS205,9044,1789959724,110.0,4.2915,101.1621,0.0
DMU09,35,1789959719,66.0,3.6962,102.3738,0.0
SCS22,2923,1789959719,115.0,6.3583,100.3122,0.0
DMU13,34,1789959692,0.0,3.2463,102.4112,0.0
ETS306,9326,1789959698,90.0,2.2619011,103.14936,0.0
ETS301,9425,1789959698,90.0,4.738871,101.1228,0.0
ETS303,9524,1789959698,90.0,2.4657578,102.406075,0.0
ETS307,9323,1789959698,90.0,3.1812625,101.6743,0.0
ETS304,9224,1789959698,90.0,5.182096,100.48017,0.0
ETS310,9523,1789959698,90.0,2.227489,103.16178,0.0
DMU09,35,1789959779,70.0,3.6845,102.3752,0.0
SCS27,weekday_2019,1789959778,91.0,3.2202,101.6724,0.0
SCS21,weekday_2130,1789959778,25.0,3.1255,101.6783,0.0
SCS11,2818,1789959778,114.0,4.663,101.1282,0.0
ETS304,9224,1789959819,90.0,5.220823,100.49187,0.0
ETS307,9323,1789959819,90.0,3.1648943,101.69194,0.0
ETS306,9326,1789959819,90.0,2.2974734,103.13005,0.0
ETS301,9425,1789959819,90.0,4.700918,101.13687,0.0
ETS310,9523,1789959819,90.0,2.1953511,103.186584,0.0
ETS303,9524,1789959819,90.0,2.462047,102.36662,0.0
ETS205,9044,1789959799,3.0,4.3025,101.1539,0.0
SCS08,weekday_2013,1789959784,0.0,3.1323,101.6834,0.0
DMU06,52,1789959776,55.0,5.4547,102.2287,0.0
DMU10(D6120),51,1789959771,71.0,4.2873,101.9197,0.0
ETS214,9226,1789959779,61.0,3.6821,101.5212,0.0
SCS28,weekday_2011,1789959777,50.0,3.2081,101.673,0.0
ETS216,9123,1789959768,0.0,3.1575,101.6937,0.0
DMU13,34,1789959767,0.0,3.2463,102.4112,0.0
ETS204,9343,1789959765,117.0,3.5674,101.6203,0.0
SCS22,2923,1789959764,114.0,6.3476,100.3202,0.0
ETS215,9124,1789959764,98.0,4.7732,100.8944,0.0
SCS13,weekday_2126,1789959799,59.0,3.3305,101.569,0.0
ETS304,9224,1789959819,90.0,5.220823,100.49187,0.0
ETS310,9523,1789959819,90.0,2.1953511,103.186584,0.0
ETS303,9524,1789959819,90.0,2.462047,102.36662,0.0
ETS307,9323,1789959819,90.0,3.1648943,101.69194,0.0
ETS301,9425,1789959819,90.0,4.700918,101.13687,0.0
ETS306,9326,1789959819,90.0,2.2974734,103.13005,0.0
ETS304,9224,1789959940,90.0,5.2625527,100.482574,0.0
ETS306,9326,1789959940,90.0,2.3212812,103.10163,0.0
ETS301,9425,1789959940,90.0,4.6638184,101.13068,0.0
ETS310,9523,1789959940,90.0,2.1910882,103.19099,0.0
ETS303,9524,1789959940,90.0,2.4553256,102.32668,0.0
ETS307,9323,1789959940,90.0,3.1481812,101.69173,0.0
ETS304,9224,1789959940,90.0,5.2625527,100.482574,0.0
ETS306,9326,1789959940,90.0,2.3212812,103.10163,0.0
ETS301,9425,1789959940,90.0,4.6638184,101.13068,0.0
ETS310,9523,1789959940,90.0,2.1910882,103.19099,0.0
ETS303,9524,1789959940,90.0,2.4553256,102.32668,0.0
ETS307,9323,1789959940,90.0,3.1481812,101.69173,0.0
ETS304,9224,1789960061,90.0,5.294608,100.48331,0.0
ETS307,9323,1789960061,90.0,3.1414063,101.69503,0.0
ETS303,9524,1789960061,90.0,2.4569905,102.28873,0.0
ETS301,9425,1789960061,90.0,4.6304,101.1055,0.0
ETS310,9523,1789960061,90.0,2.1880074,103.19414,0.0
ETS309,9326,1789960061,90.0,0.0027284583,0.0154984975,0.0
ETS304,9224,1789960061,90.0,5.294608,100.48331,0.0
ETS307,9323,1789960061,90.0,3.1414063,101.69503,0.0
ETS303,9524,1789960061,90.0,2.4569905,102.28873,0.0
ETS301,9425,1789960061,90.0,4.6304,101.1055,0.0
ETS310,9523,1789960061,90.0,2.1880074,103.19414,0.0
ETS309,9326,1789960061,90.0,0.0027284583,0.0154984975,0.0
ETS304,9224,1789960182,90.0,5.3314223,100.47077,0.0
ETS307,9323,1789960182,90.0,3.1392248,101.694756,0.0
ETS303,9524,1789960182,90.0,2.4591851,102.24869,0.0
ETS301,9425,1789960182,90.0,4.6097703,101.08379,0.0
ETS310,9523,1789960182,90.0,2.1698968,103.223915,0.0
ETS309,9326,1789960182,90.0,0.0027284583,0.0154984975,0.0
ETS304,9224,1789960182,90.0,5.3314223,100.47077,0.0
ETS307,9323,1789960182,90.0,3.1392248,101.694756,0.0
ETS303,9524,1789960182,90.0,2.4591851,102.24869,0.0
ETS301,9425,1789960182,90.0,4.6097703,101.08379,0.0
ETS310,9523,1789960182,90.0,2.1698968,103.223915,0.0
ETS309,9326,1789960182,90.0,0.0027284583,0.0154984975,0.0
ETS301,9425,1789960302,90.0,4.6006107,101.07624,0.0
ETS304,9224,1789960302,90.0,5.3491373,100.46842,0.0
ETS303,9524,1789960302,90.0,2.4635038,102.22658,0.0
ETS204,9343,1789960275,41.0,3.47,101.6382,0.0
ETS214,9226,1789960274,111.0,3.7119,101.4856,0.0
ETS309,9326,1789960303,90.0,0.0027284583,0.0154984975,0.0
ETS307,9323,1789960303,90.0,3.1364467,101.69248,0.0
ETS310,9523,1789960303,90.0,2.1403487,103.24576,0.0
ETS215,9124,1789960319,126.0,4.8284,100.7351,0.0
DMU11(D6122),53,1789960345,41.0,5.1729,102.03,0.0
DMU10(D6120),51,1789960326,70.0,4.2444,101.9708,0.0
EMU24,2800,1789960320,0.0,4.5973,101.0728,0.0
ETS310,9523,1789960303,90.0,2.1403487,103.24576,0.0
ETS307,9323,1789960303,90.0,3.1364467,101.69248,0.0
ETS309,9326,1789960303,90.0,0.0027284583,0.0154984975,0.0
ETS303,9524,1789960302,90.0,2.4635038,102.22658,0.0
ETS304,9224,1789960302,90.0,5.3491373,100.46842,0.0
ETS301,9425,1789960302,90.0,4.6006107,101.07624,0.0
ETS304,9224,1789960423,90.0,5.362282,100.46821,0.0
ETS307,9323,1789960423,90.0,0.0027284583,0.0154984975,0.0
ETS309,9326,1789960423,90.0,0.0027284583,0.0154984975,0.0
ETS301,9425,1789960423,90.0,4.5962954,101.07412,0.0
ETS310,9523,1789960423,90.0,2.1096296,103.268814,0.0
ETS303,9524,1789960423,90.0,2.4635103,102.22656,0.0
EMU24,2800,1789960360,0.0,4.5973,101.0728,0.0
ETS304,9224,1789960423,90.0,5.362282,100.46821,0.0
ETS310,9523,1789960423,90.0,2.1096296,103.268814,0.0
ETS309,9326,1789960423,90.0,0.0027284583,0.0154984975,0.0
ETS307,9323,1789960423,90.0,0.0027284583,0.0154984975,0.0
ETS301,9425,1789960423,90.0,4.5962954,101.07412,0.0
ETS303,9524,1789960423,90.0,2.4635103,102.22656,0.0
ETS304,9224,1789960544,90.0,5.3778434,100.47004,0.0
ETS307,9323,1789960544,90.0,0.0027284583,0.0154984975,0.0
ETS309,9326,1789960544,90.0,0.0027284583,0.0154984975,0.0
ETS301,9425,1789960544,90.0,4.5962677,101.07412,0.0
ETS310,9523,1789960544,90.0,2.0767071,103.2936,0.0
ETS303,9524,1789960544,90.0,2.4639602,102.22579,0.0
ETS309,9326,1789960544,90.0,0.0027284583,0.0154984975,0.0
ETS301,9425,1789960544,90.0,4.5962677,101.07412,0.0
ETS310,9523,1789960544,90.0,2.0767071,103.2936,0.0
ETS303,9524,1789960544,90.0,2.4639602,102.22579,0.0
ETS304,9224,1789960544,90.0,5.3778434,100.47004,0.0
ETS307,9323,1789960544,90.0,0.0027284583,0.0154984975,0.0
ETS307,9323,1789960665,90.0,0.0027284583,0.0154984975,0.0
ETS304,9224,1789960665,90.0,5.4150705,100.47733,0.0
ETS303,9524,1789960665,90.0,2.4672167,102.2067,0.0
ETS309,9326,1789960665,90.0,0.0027284583,0.0154984975,0.0
ETS310,9523,1789960665,90.0,2.0423403,103.31605,0.0
ETS301,9425,1789960664,90.0,4.5934396,101.07278,0.0
ETS307,9323,1789960665,90.0,0.0027284583,0.0154984975,0.0
ETS304,9224,1789960665,90.0,5.4150705,100.47733,0.0
ETS303,9524,1789960665,90.0,2.4672167,102.2067,0.0
ETS309,9326,1789960665,90.0,0.0027284583,0.0154984975,0.0
ETS310,9523,1789960665,90.0,2.0423403,103.31605,0.0
ETS301,9425,1789960664,90.0,4.5934396,101.07278,0.0
ETS309,9326,1789960786,90.0,0.0027284583,0.0154984975,0.0
ETS310,9523,1789960786,90.0,2.0350173,103.318085,0.0
ETS303,9524,1789960785,90.0,2.4613328,102.18369,0.0
ETS307,9323,1789960785,90.0,0.0027284583,0.0154984975,0.0
ETS304,9224,1789960785,90.0,5.4512978,100.49386,0.0
SCS27,weekday_2019,1789960744,0.0,3.1652,101.6912,0.0
EMU24,2800,1789960740,0.0,4.5973,101.0728,0.0
DMU13,34,1789960727,62.0,3.3486,102.4046,0.0
ETS301,9425,1789960785,90.0,4.5764127,101.06702,0.0
ETS309,9326,1789960786,90.0,0.0027284583,0.0154984975,0.0
ETS310,9523,1789960786,90.0,2.0350173,103.318085,0.0
ETS301,9425,1789960785,90.0,4.5764127,101.06702,0.0
ETS303,9524,1789960785,90.0,2.4613328,102.18369,0.0
ETS307,9323,1789960785,90.0,0.0027284583,0.0154984975,0.0
ETS304,9224,1789960785,90.0,5.4512978,100.49386,0.0
ETS309,9326,1789960906,90.0,0.0027284583,0.0154984975,0.0
ETS307,9323,1789960906,90.0,3.1278863,101.681244,0.0
ETS301,9425,1789960906,90.0,4.5449934,101.05541,0.0
ETS303,9524,1789960906,90.0,2.4995217,102.17658,0.0
ETS304,9224,1789960906,90.0,5.4816837,100.498825,0.0
ETS310,9523,1789960906,90.0,2.020632,103.32128,0.0
DMU11(D6122),53,1789960945,8.0,5.144,102.0454,0.0
ETS307,9323,1789960906,90.0,3.1278863,101.681244,0.0
ETS309,9326,1789960906,90.0,0.0027284583,0.0154984975,0.0
ETS301,9425,1789960906,90.0,4.5449934,101.05541,0.0
ETS303,9524,1789960906,90.0,2.4995217,102.17658,0.0
ETS304,9224,1789960906,90.0,5.4816837,100.498825,0.0
ETS310,9523,1789960906,90.0,2.020632,103.32128,0.0
ETS304,9224,1789961027,90.0,5.48573,100.4999,0.0
ETS307,9323,1789961027,90.0,3.1193526,101.6797,0.0
ETS309,9326,1789961027,90.0,0.0027284583,0.0154984975,0.0
ETS301,9425,1789961027,90.0,4.5348306,101.05355,0.0
ETS310,9523,1789961027,90.0,1.9811068,103.333305,0.0
ETS303,9524,1789961027,90.0,2.534839,102.155945,0.0
ETS304,9224,1789961027,90.0,5.48573,100.4999,0.0
ETS303,9524,1789961027,90.0,2.534839,102.155945,0.0
ETS301,9425,1789961027,90.0,4.5348306,101.05355,0.0
ETS310,9523,1789961027,90.0,1.9811068,103.333305,0.0
ETS309,9326,1789961027,90.0,0.0027284583,0.0154984975,0.0
ETS307,9323,1789961027,90.0,3.1193526,101.6797,0.0
ETS304,9224,1789961148,90.0,5.5195036,100.50857,0.0
ETS307,9323,1789961148,90.0,3.1076694,101.69398,0.0
ETS309,9326,1789961148,90.0,0.0027284583,0.0154984975,0.0
ETS310,9523,1789961148,90.0,1.946054,103.35163,0.0
ETS303,9524,1789961148,90.0,2.560782,102.123505,0.0
ETS301,9425,1789961147,90.0,4.5226274,101.05132,0.0
ETS310,9523,1789961148,90.0,1.946054,103.35163,0.0
ETS309,9326,1789961148,90.0,0.0027284583,0.0154984975,0.0
ETS307,9323,1789961148,90.0,3.1076694,101.69398,0.0
ETS304,9224,1789961148,90.0,5.5195036,100.50857,0.0
ETS303,9524,1789961148,90.0,2.560782,102.123505,0.0
ETS301,9425,1789961147,90.0,4.5226274,101.05132,0.0
ETS309,9326,1789961268,90.0,0.0027284583,0.0154984975,0.0
ETS301,9425,1789961268,90.0,4.4942694,101.04588,0.0
ETS310,9523,1789961268,90.0,1.9179232,103.38081,0.0
ETS304,9224,1789961268,90.0,5.560343,100.49901,0.0
ETS303,9524,1789961268,90.0,2.590724,102.09706,0.0
ETS307,9323,1789961268,90.0,3.0984545,101.705475,0.0
SCS11,2818,1789961233,95.0,4.7851,100.9352,0.0
ETS212,9225,1789961231,125.0,5.1848,100.4794,0.0
SCS13,weekday_2126,1789961224,80.0,3.5597,101.6353,0.0
SCS27,weekday_2019,1789961224,10.0,3.1385,101.6933,0.0
ETS205,9044,1789961224,55.0,4.5842,101.0693,0.0
DMU06,52,1789961231,41.0,5.6031,102.1739,0.0
DMU11(D6122),53,1789961230,7.0,5.1379,102.0484,0.0
ETS301,9425,1789961268,90.0,4.4942694,101.04588,0.0
ETS304,9224,1789961268,90.0,5.560343,100.49901,0.0
ETS307,9323,1789961268,90.0,3.0984545,101.705475,0.0
ETS303,9524,1789961268,90.0,2.590724,102.09706,0.0
ETS309,9326,1789961268,90.0,0.0027284583,0.0154984975,0.0
ETS310,9523,1789961268,90.0,1.9179232,103.38081,0.0
ETS304,9224,1789961389,90.0,5.6024494,100.49525,0.0
ETS310,9523,1789961389,90.0,1.8889424,103.40322,0.0
ETS303,9524,1789961389,90.0,2.622431,102.07647,0.0
ETS307,9323,1789961389,90.0,3.0836713,101.71667,0.0
ETS301,9425,1789961389,90.0,4.463695,101.04794,0.0
ETS309,9326,1789961389,90.0,1.5103785,103.74674,0.0
ETS214,9226,1789961354,115.0,3.9568,101.3252,0.0
ETS304,9224,1789961389,90.0,5.6024494,100.49525,0.0
ETS310,9523,1789961389,90.0,1.8889424,103.40322,0.0
ETS303,9524,1789961389,90.0,2.622431,102.07647,0.0
ETS307,9323,1789961389,90.0,3.0836713,101.71667,0.0
ETS301,9425,1789961389,90.0,4.463695,101.04794,0.0
ETS309,9326,1789961389,90.0,1.5103785,103.74674,0.0
ETS304,9224,1789961510,90.0,5.6376433,100.490074,0.0
ETS307,9323,1789961510,90.0,3.076069,101.71246,0.0
ETS309,9326,1789961510,90.0,0.0027284583,0.0154984975,0.0
ETS301,9425,1789961510,90.0,4.4593134,101.05019,0.0
ETS310,9523,1789961510,90.0,1.8839974,103.40573,0.0
ETS303,9524,1789961510,90.0,2.637218,102.041595,0.0
ETS204,9343,1789961475,13.0,3.2598,101.5554,0.0
ETS215,9124,1789961474,137.0,5.0444,100.6017,0.0
ETS304,9224,1789961510,90.0,5.6376433,100.490074,0.0
ETS307,9323,1789961510,90.0,3.076069,101.71246,0.0
ETS309,9326,1789961510,90.0,0.0027284583,0.0154984975,0.0
ETS301,9425,1789961510,90.0,4.4593134,101.05019,0.0
ETS310,9523,1789961510,90.0,1.8839974,103.40573,0.0
ETS303,9524,1789961510,90.0,2.637218,102.041595,0.0
ETS304,9224,1789961630,90.0,5.642624,100.49093,0.0
ETS307,9323,1789961630,90.0,3.066179,101.70926,0.0
ETS309,9326,1789961630,90.0,1.5365807,103.72451,0.0
ETS301,9425,1789961630,90.0,4.45421,101.052574,0.0
ETS310,9523,1789961630,90.0,1.8617878,103.41518,0.0
ETS303,9524,1789961630,90.0,2.6551266,102.014824,0.0
DMU13,34,1789961612,42.0,3.466,102.3422,0.0
SCS13,weekday_2126,1789961614,111.0,3.6311,101.5636,0.0
ETS204,9343,1789961610,101.0,3.2317,101.5595,0.0
ETS215,9124,1789961609,135.0,5.0277,100.5596,0.0
SCS11,2818,1789961608,116.0,4.7715,100.8786,0.0
DMU13,34,1789961612,42.0,3.466,102.3422,0.0
ETS304,9224,1789961630,90.0,5.642624,100.49093,0.0
ETS307,9323,1789961630,90.0,3.066179,101.70926,0.0
ETS309,9326,1789961630,90.0,1.5365807,103.72451,0.0
ETS301,9425,1789961630,90.0,4.45421,101.052574,0.0
ETS310,9523,1789961630,90.0,1.8617878,103.41518,0.0
ETS303,9524,1789961630,90.0,2.6551266,102.014824,0.0
SCS27,weekday_2019,1789961614,22.0,3.1274,101.6792,0.0
SCS13,weekday_2126,1789961614,111.0,3.6311,101.5636,0.0
ETS307,9323,1789961751,90.0,3.038212,101.709854,0.0
ETS310,9523,1789961751,90.0,1.8337567,103.443756,0.0
ETS304,9224,1789961751,90.0,5.654269,100.4929,0.0
ETS303,9524,1789961751,90.0,2.6622977,101.99495,0.0
ETS309,9326,1789961751,90.0,1.5407536,103.715675,0.0
ETS301,9425,1789961751,90.0,4.4335766,101.06245,0.0
ETS309,9326,1789961751,90.0,1.5407536,103.715675,0.0
ETS307,9323,1789961751,90.0,3.038212,101.709854,0.0
ETS301,9425,1789961751,90.0,4.4335766,101.06245,0.0
ETS303,9524,1789961751,90.0,2.6622977,101.99495,0.0
ETS304,9224,1789961751,90.0,5.654269,100.4929,0.0
ETS310,9523,1789961751,90.0,1.8337567,103.443756,0.0
ETS309,9326,1789961872,90.0,0.0027284583,0.0154984975,0.0
ETS307,9323,1789961872,90.0,3.0164175,101.721596,0.0
ETS310,9523,1789961872,90.0,1.8167958,103.473976,0.0
ETS301,9425,1789961871,90.0,4.3978677,101.082214,0.0
ETS304,9224,1789961871,90.0,5.6909633,100.50629,0.0
ETS303,9524,1789961871,90.0,2.6779838,101.97835,0.0
ETS309,9326,1789961872,90.0,0.0027284583,0.0154984975,0.0
ETS307,9323,1789961872,90.0,3.0164175,101.721596,0.0
ETS310,9523,1789961872,90.0,1.8167958,103.473976,0.0
ETS301,9425,1789961871,90.0,4.3978677,101.082214,0.0
ETS304,9224,1789961871,90.0,5.6909633,100.50629,0.0
ETS303,9524,1789961871,90.0,2.6779838,101.97835,0.0
ETS301,9425,1789961992,90.0,4.363801,101.10504,0.0
ETS303,9524,1789961992,90.0,2.6982794,101.964226,0.0
ETS310,9523,1789961992,90.0,1.811833,103.479385,0.0
EMU24,2800,1789961920,0.0,4.5977,101.0731,0.0
SCS24,2920,1789961920,114.0,6.0669,100.387,0.0
ETS215,9124,1789961924,129.0,5.091,100.4945,0.0
SCS21,weekday_2130,1789961913,78.0,3.2011,101.6006,0.0
DMU13,34,1789961912,0.0,3.4847,102.3432,0.0
ETS304,9224,1789961992,90.0,5.7307186,100.51117,0.0
ETS307,9323,1789961992,90.0,3.0037434,101.73216,0.0
ETS309,9326,1789961992,90.0,0.0027284583,0.0154984975,0.0
DMU13,34,1789962017,0.0,3.4847,102.3432,0.0
ETS204,9343,1789962015,0.0,3.2065,101.5797,0.0
SCS22,2923,1789962014,0.0,5.8237,100.4781,0.0
ETS309,9326,1789961992,90.0,0.0027284583,0.0154984975,0.0
ETS307,9323,1789961992,90.0,3.0037434,101.73216,0.0
ETS304,9224,1789961992,90.0,5.7307186,100.51117,0.0
ETS301,9425,1789961992,90.0,4.363801,101.10504,0.0
ETS310,9523,1789961992,90.0,1.811833,103.479385,0.0
ETS303,9524,1789961992,90.0,2.6982794,101.964226,0.0
ETS304,9224,1789962113,90.0,5.769205,100.49486,0.0
ETS307,9323,1789962113,90.0,2.9917254,101.74936,0.0
ETS303,9524,1789962113,90.0,2.7128377,101.94934,0.0
ETS301,9425,1789962113,90.0,4.330001,101.12981,0.0
ETS310,9523,1789962113,90.0,1.8044288,103.48765,0.0
ETS309,9326,1789962113,90.0,1.6065894,103.649536,0.0
ETS303,9524,1789962113,90.0,2.7128377,101.94934,0.0
ETS310,9523,1789962113,90.0,1.8044288,103.48765,0.0
ETS301,9425,1789962113,90.0,4.330001,101.12981,0.0
ETS309,9326,1789962113,90.0,1.6065894,103.649536,0.0
ETS307,9323,1789962113,90.0,2.9917254,101.74936,0.0
ETS304,9224,1789962113,90.0,5.769205,100.49486,0.0
ETS309,9326,1789962234,90.0,1.639124,103.62865,0.0
ETS310,9523,1789962234,90.0,1.7667838,103.49775,0.0
ETS304,9224,1789962233,90.0,5.8088202,100.480316,0.0
ETS307,9323,1789962233,90.0,2.9954507,101.77367,0.0
ETS301,9425,1789962233,90.0,4.3039293,101.15188,0.0
ETS303,9524,1789962233,90.0,2.7186186,101.94087,0.0
ETS309,9326,1789962234,90.0,1.639124,103.62865,0.0
ETS310,9523,1789962234,90.0,1.7667838,103.49775,0.0
ETS304,9224,1789962233,90.0,5.8088202,100.480316,0.0
ETS307,9323,1789962233,90.0,2.9954507,101.77367,0.0
ETS301,9425,1789962233,90.0,4.3039293,101.15188,0.0
ETS303,9524,1789962233,90.0,2.7186186,101.94087,0.0
SCS08,weekday_2005,1789962222,0.0,3.2383,101.6811,0.0
SCS27,weekday_2019,1789962214,31.0,3.1064,101.6951,0.0
SCS13,weekday_2126,1789962214,0.0,3.6839,101.5189,0.0
SCS21,weekday_2130,1789962213,65.0,3.2126,101.572,0.0
ETS216,9108,1789962213,0.0,3.1575,101.6937,0.0
DMU13,34,1789962212,0.0,3.4847,102.3432,0.0
ETS304,9224,1789962354,90.0,5.8503556,100.47771,0.0
ETS307,9323,1789962354,90.0,2.9855933,101.791626,0.0
ETS309,9326,1789962354,90.0,0.0027284583,0.0154984975,0.0
ETS301,9425,1789962354,90.0,4.2997756,101.15735,0.0
ETS310,9523,1789962354,90.0,1.7328162,103.51386,0.0
ETS303,9524,1789962354,90.0,2.7188747,101.940384,0.0
ETS304,9224,1789962354,90.0,5.8503556,100.47771,0.0
ETS310,9523,1789962354,90.0,1.7328162,103.51386,0.0
ETS303,9524,1789962354,90.0,2.7188747,101.940384,0.0
ETS307,9323,1789962354,90.0,2.9855933,101.791626,0.0
ETS301,9425,1789962354,90.0,4.2997756,101.15735,0.0
ETS309,9326,1789962354,90.0,0.0027284583,0.0154984975,0.0
ETS301,9425,1789962475,90.0,4.2740307,101.16893,0.0
ETS310,9523,1789962475,90.0,1.706425,103.54425,0.0
ETS309,9326,1789962475,90.0,1.6649557,103.598145,0.0
ETS304,9224,1789962475,90.0,5.89261,100.477104,0.0
ETS307,9323,1789962475,90.0,2.9758596,101.79145,0.0
ETS303,9524,1789962475,90.0,2.720452,101.93584,0.0
ETS304,9224,1789962475,90.0,5.89261,100.477104,0.0
ETS307,9323,1789962475,90.0,2.9758596,101.79145,0.0
ETS303,9524,1789962475,90.0,2.720452,101.93584,0.0
ETS301,9425,1789962475,90.0,4.2740307,101.16893,0.0
ETS310,9523,1789962475,90.0,1.706425,103.54425,0.0
ETS309,9326,1789962475,90.0,1.6649557,103.598145,0.0
ETS215,9124,1789962539,129.0,5.2507,100.4847,0.0
SCS08,weekday_2005,1789962542,66.0,3.2262,101.6727,0.0
DMU13,34,1789962542,31.0,3.5032,102.3455,0.0
ETS204,9343,1789962540,102.0,3.1933,101.6521,0.0
EMU24,2800,1789962540,0.0,4.5977,101.0732,0.0
SCS13,weekday_2126,1789962544,0.0,3.6839,101.5189,0.0
SCS27,weekday_2019,1789962544,0.0,3.0978,101.706,0.0
ETS216,9108,1789962543,0.0,3.1575,101.6937,0.0
ETS309,9326,1789962596,90.0,1.6775802,103.581215,0.0
ETS310,9523,1789962596,90.0,1.681105,103.57679,0.0
ETS301,9425,1789962595,90.0,4.2420897,101.17712,0.0
ETS307,9323,1789962595,90.0,2.9562652,101.79368,0.0
ETS304,9224,1789962595,90.0,5.931857,100.46209,0.0
ETS303,9524,1789962595,90.0,2.7225626,101.92229,0.0
DMU03,55,1789962565,52.0,5.6687,102.157,0.0
ETS309,9326,1789962596,90.0,1.6775802,103.581215,0.0
ETS310,9523,1789962596,90.0,1.681105,103.57679,0.0
ETS301,9425,1789962595,90.0,4.2420897,101.17712,0.0
ETS303,9524,1789962595,90.0,2.7225626,101.92229,0.0
ETS307,9323,1789962595,90.0,2.9562652,101.79368,0.0
ETS304,9224,1789962595,90.0,5.931857,100.46209,0.0
SCS27,weekday_2019,1789962634,0.0,3.0978,101.706,0.0
SCS13,weekday_2126,1789962634,0.0,3.6839,101.5189,0.0
SCS21,weekday_2130,1789962633,0.0,3.2588,101.5549,0.0
ETS216,9108,1789962633,0.0,3.1575,101.6937,0.0
ETS304,9224,1789962716,90.0,5.969447,100.44247,0.0
ETS307,9323,1789962716,90.0,2.9340606,101.79511,0.0
ETS309,9326,1789962716,90.0,1.7014794,103.5504,0.0
ETS301,9425,1789962716,90.0,4.2020297,101.183624,0.0
ETS310,9523,1789962716,90.0,1.6648083,103.59865,0.0
ETS303,9524,1789962716,90.0,2.7256446,101.903984,0.0
ETS214,9226,1789962719,0.0,4.3029,101.1531,0.0
SCS22,2923,1789962719,40.0,5.6434,100.4901,0.0
DMU09,35,1789962719,36.0,3.4769,102.3447,0.0
SCS13,weekday_2126,1789962724,0.0,3.6839,101.5189,0.0
SCS21,weekday_2130,1789962723,31.0,3.2622,101.5566,0.0
ETS301,9425,1789962716,90.0,4.2020297,101.183624,0.0
ETS303,9524,1789962716,90.0,2.7256446,101.903984,0.0
ETS310,9523,1789962716,90.0,1.6648083,103.59865,0.0
ETS304,9224,1789962716,90.0,5.969447,100.44247,0.0
ETS309,9326,1789962716,90.0,1.7014794,103.5504,0.0
ETS307,9323,1789962716,90.0,2.9340606,101.79511,0.0
SCS11,2818,1789962703,13.0,4.8965,100.7193,0.0
ETS208,9442,1789962701,92.0,2.9917,101.7522,0.0
DMU06,52,1789962701,0.0,5.8064,102.1466,0.0
ETS307,9323,1789962837,90.0,2.909787,101.7962,0.0
ETS310,9523,1789962837,90.0,1.6637149,103.601295,0.0
ETS309,9428,1789962837,90.0,0.0027284583,0.0154984975,0.0
ETS304,9224,1789962836,90.0,6.006092,100.42179,0.0
ETS301,9425,1789962836,90.0,4.172284,101.19031,0.0
ETS303,9524,1789962836,90.0,2.7386599,101.88709,0.0
ETS307,9323,1789962837,90.0,2.909787,101.7962,0.0
ETS310,9523,1789962837,90.0,1.6637149,103.601295,0.0
ETS309,9428,1789962837,90.0,0.0027284583,0.0154984975,0.0
ETS301,9425,1789962836,90.0,4.172284,101.19031,0.0
ETS304,9224,1789962836,90.0,6.006092,100.42179,0.0
ETS303,9524,1789962836,90.0,2.7386599,101.88709,0.0
ETS309,9428,1789962958,90.0,1.763828,103.498726,0.0
ETS310,9523,1789962958,90.0,1.6418043,103.62563,0.0
ETS303,9524,1789962957,90.0,2.7452054,101.85696,0.0
ETS307,9323,1789962957,90.0,2.9057717,101.790474,0.0
ETS304,9224,1789962957,90.0,6.042862,100.40101,0.0
ETS301,9425,1789962957,90.0,4.140695,101.209236,0.0
ETS309,9428,1789962958,90.0,1.763828,103.498726,0.0
ETS310,9523,1789962958,90.0,1.6418043,103.62563,0.0
ETS303,9524,1789962957,90.0,2.7452054,101.85696,0.0
ETS307,9323,1789962957,90.0,2.9057717,101.790474,0.0
ETS304,9224,1789962957,90.0,6.042862,100.40101,0.0
ETS301,9425,1789962957,90.0,4.140695,101.209236,0.0
ETS304,9224,1789963078,90.0,6.0794644,100.38045,0.0
ETS309,9428,1789963078,90.0,1.8033581,103.4888,0.0
ETS301,9425,1789963078,90.0,4.120784,101.24099,0.0
ETS307,9323,1789963078,90.0,2.895401,101.789276,0.0
ETS310,9523,1789963078,90.0,1.6122384,103.64931,0.0
ETS303,9524,1789963078,90.0,2.7532005,101.828674,0.0
ETS304,9224,1789963078,90.0,6.0794644,100.38045,0.0
ETS307,9323,1789963078,90.0,2.895401,101.789276,0.0
ETS303,9524,1789963078,90.0,2.7532005,101.828674,0.0
ETS309,9428,1789963078,90.0,1.8033581,103.4888,0.0
ETS310,9523,1789963078,90.0,1.6122384,103.64931,0.0
ETS301,9425,1789963078,90.0,4.120784,101.24099,0.0
ETS310,9523,1789963199,90.0,1.578263,103.66961,0.0
ETS309,9428,1789963199,90.0,1.8265622,103.454926,0.0
ETS307,9323,1789963199,90.0,2.8812091,101.81298,0.0
ETS304,9224,1789963199,90.0,6.1099615,100.36956,0.0
ETS303,9524,1789963199,90.0,2.767642,101.8061,0.0
ETS301,9425,1789963198,90.0,4.0955586,101.27027,0.0
SCS27,weekday_2019,1789963114,0.0,3.0978,101.706,0.0
SCS21,weekday_2130,1789963113,39.0,3.3153,101.5749,0.0
ETS309,9428,1789963199,90.0,1.8265622,103.454926,0.0
ETS301,9425,1789963198,90.0,4.0955586,101.27027,0.0
DMU06,52,1789963181,0.0,5.8917,102.1573,0.0
ETS208,9442,1789963181,58.0,3.0302,101.7112,0.0
ETS212,9225,1789963181,86.0,4.8566,100.7347,0.0
EMU24,2800,1789963180,0.0,4.5977,101.0732,0.0
DMU11(D6122),53,1789963180,18.0,5.0109,102.0254,0.0
ETS216,9108,1789963203,0.0,3.1575,101.6937,0.0
ETS215,9124,1789963199,39.0,5.3669,100.4443,0.0
SCS10,weekday_2023,1789963177,0.0,3.2371,101.6812,0.0
ETS310,9523,1789963199,90.0,1.578263,103.66961,0.0
ETS304,9224,1789963199,90.0,6.1099615,100.36956,0.0
ETS307,9323,1789963199,90.0,2.8812091,101.81298,0.0
ETS303,9524,1789963199,90.0,2.767642,101.8061,0.0
SCS13,weekday_2126,1789963204,0.0,3.6839,101.5189,0.0
SCS27,weekday_2019,1789963189,0.0,3.0978,101.706,0.0
SCS21,weekday_2130,1789963188,0.0,3.3203,101.5746,0.0
ETS301,9425,1789963319,90.0,4.059527,101.28172,0.0
ETS307,9323,1789963319,90.0,2.8700304,101.81932,0.0
ETS304,9224,1789963319,90.0,6.1125326,100.37077,0.0
ETS303,9524,1789963319,90.0,2.797953,101.797775,0.0
ETS309,9428,1789963319,90.0,1.8505763,103.42035,0.0
ETS310,9523,1789963319,90.0,1.5610764,103.69455,0.0
ETS304,9224,1789963440,90.0,6.113241,100.37106,0.0
ETS307,9323,1789963440,90.0,2.8600547,101.82119,0.0
ETS303,9524,1789963440,90.0,2.8152413,101.81563,0.0
ETS309,9428,1789963440,90.0,1.8877466,103.40382,0.0
ETS310,9523,1789963440,90.0,1.5410337,103.714584,0.0
ETS301,9425,1789963440,90.0,4.020604,101.290855,0.0
ETS309,9428,1789963561,90.0,0.0027284583,0.0154984975,0.0
ETS310,9523,1789963561,90.0,1.5361886,103.72522,0.0
ETS307,9323,1789963561,90.0,2.8412576,101.82751,0.0
ETS301,9425,1789963560,90.0,3.9856503,101.312065,0.0
ETS303,9524,1789963560,90.0,2.8201287,101.81992,0.0
ETS304,9224,1789963560,90.0,6.135314,100.38096,0.0
DMU13,34,1789963652,73.0,3.684,102.3752,0.0
ETS304,9224,1789963681,90.0,6.1757483,100.37897,0.0
ETS310,9523,1789963681,90.0,1.5343738,103.728966,0.0
ETS301,9425,1789963681,90.0,3.9517398,101.32896,0.0
ETS307,9323,1789963681,90.0,2.8337336,101.82857,0.0
ETS309,9428,1789963681,90.0,0.0027284583,0.0154984975,0.0
ETS303,9524,1789963681,90.0,2.824861,101.82529,0.0
SCS10,weekday_2023,1789963657,0.0,3.2044,101.6761,0.0
SCS13,weekday_2126,1789963654,0.0,3.6838,101.5188,0.0
ETS205,9049,1789963654,41.0,4.5869,101.0704,0.0
SCS27,weekday_2019,1789963654,0.0,3.0978,101.706,0.0
SCS21,weekday_2130,1789963653,66.0,3.3743,101.6127,0.0
ETS216,9108,1789963653,0.0,3.2494,101.5568,0.0
SCS22,2923,1789963754,118.0,5.3981,100.4717,0.0
ETS214,9226,1789963754,91.0,4.4737,101.0425,0.0
SCS13,weekday_2126,1789963759,0.0,3.6838,101.5188,0.0
DMU09,35,1789963754,18.0,3.3318,102.4202,0.0
SCS21,weekday_2130,1789963758,78.0,3.38,101.6184,0.0
ETS215,9124,1789963754,12.0,5.3884,100.3723,0.0
DMU13,34,1789963757,61.0,3.7034,102.3721,0.0
ETS204,9343,1789963755,15.0,3.1453,101.6924,0.0
ETS212,9225,1789963721,0.0,4.7837,100.7758,0.0
ETS310,9523,1789963802,90.0,1.5112065,103.74622,0.0
ETS303,9524,1789963802,90.0,2.8286328,101.82758,0.0
ETS307,9323,1789963802,90.0,2.8306732,101.827995,0.0
ETS304,9224,1789963802,90.0,6.216623,100.36509,0.0
ETS309,9428,1789963802,90.0,0.0027284583,0.0154984975,0.0
ETS301,9425,1789963802,90.0,3.9204993,101.345604,0.0
SCS13,weekday_2126,1789963924,0.0,3.6838,101.5188,0.0
ETS216,9108,1789963923,0.0,3.2956,101.5748,0.0
SCS21,weekday_2130,1789963923,90.0,3.4167,101.6259,0.0
EMU24,2800,1789963900,0.0,4.5977,101.0732,0.0
SCS10,weekday_2023,1789963897,43.0,3.1876,101.6895,0.0
SCS27,weekday_2019,1789963894,0.0,3.0978,101.706,0.0
ETS309,9428,1789963923,90.0,2.0238948,103.3205,0.0
ETS307,9323,1789963923,90.0,2.8261473,101.82672,0.0
ETS310,9523,1789963923,90.0,1.480402,103.756584,0.0
ETS304,9224,1789963922,90.0,6.2572145,100.35678,0.0
DMU13,34,1789963922,0.0,3.7099,102.3668,0.0
ETS303,9524,1789963922,90.0,2.8494878,101.8242,0.0
ETS301,9425,1789963922,90.0,3.8924623,101.36756,0.0
ETS204,9343,1789963920,0.0,3.1421,101.6941,0.0
ETS214,9226,1789963919,53.0,4.5192,101.0493,0.0
ETS215,9124,1789963919,0.0,5.393,100.367,0.0
SCS22,2923,1789963919,45.0,5.3581,100.4665,0.0
DMU09,35,1789963919,0.0,3.3313,102.4202,0.0
ETS303,9524,1789964043,90.0,2.8624017,101.82051,0.0
ETS310,9523,1789964043,90.0,1.4666909,103.76333,0.0
ETS309,9428,1789964043,90.0,0.0027284583,0.0154984975,0.0
ETS301,9425,1789964043,90.0,3.8647869,101.37873,0.0
ETS307,9323,1789964043,90.0,2.8114977,101.80981,0.0
ETS304,9224,1789964043,90.0,6.29873,100.34829,0.0
ETS304,9224,1789964164,90.0,6.335596,100.329094,0.0
ETS307,9323,1789964164,90.0,2.7850375,101.799934,0.0
ETS303,9524,1789964164,90.0,2.877498,101.81672,0.0
ETS309,9428,1789964164,90.0,2.0361702,103.317856,0.0
ETS310,9523,1789964164,90.0,1.4627903,103.76636,0.0
ETS301,9425,1789964164,90.0,3.8368084,101.39683,0.0
ETS215,9124,1789964234,0.0,5.3932,100.3669,0.0
DMU09,35,1789964234,80.0,3.3107,102.4244,0.0
ETS304,9224,1789964285,90.0,6.369298,100.303825,0.0
ETS307,9323,1789964285,90.0,2.7587636,101.81296,0.0
ETS303,9524,1789964285,90.0,2.8882682,101.79928,0.0
ETS309,9428,1789964285,90.0,0.0027284583,0.0154984975,0.0
ETS310,9523,1789964285,90.0,0.0027284583,0.0154984975,0.0
ETS301,9425,1789964285,90.0,3.8075113,101.41962,0.0
DMU11(D6122),53,1789964275,57.0,4.8955,101.9711,0.0
EMU24,2800,1789964260,0.0,4.5977,101.0732,0.0
ETS205,9049,1789964344,3.0,4.4592,101.0496,0.0
SCS13,weekday_2126,1789964344,0.0,3.6838,101.5188,0.0
SCS21,weekday_2130,1789964343,91.0,3.4895,101.6364,0.0
ETS216,9108,1789964343,106.0,3.3644,101.594,0.0
EMU24,2800,1789964340,0.0,4.5977,101.0732,0.0
ETS204,9343,1789964340,0.0,3.137,101.6912,0.0
ETS215,9124,1789964339,0.0,5.3932,100.3665,0.0
DMU09,35,1789964339,55.0,3.2918,102.4247,0.0
ETS303,9524,1789964405,90.0,2.9042184,101.78787,0.0
ETS301,9425,1789964405,90.0,3.7774918,101.436714,0.0
ETS309,9428,1789964405,90.0,0.0027284583,0.0154984975,0.0
ETS310,9523,1789964405,90.0,1.4629813,103.76647,0.0
ETS307,9323,1789964405,90.0,2.7498863,101.840416,0.0
ETS304,9224,1789964405,90.0,6.4030657,100.27876,0.0
ETS214,9226,1789964444,24.0,4.5937,101.0716,0.0
SCS22,2923,1789964444,95.0,5.3689,100.4101,0.0
DMU06,52,1789964441,10.0,6.041,102.1415,0.0
ETS212,9225,1789964441,0.0,4.8138,100.9521,0.0
ETS206,9449,1789964440,46.0,6.4323,100.2683,0.0
DMU11(D6122),53,1789964440,12.0,4.8795,101.9671,0.0
SCS24,2920,1789964440,115.0,6.6253,100.267,0.0
DMU09,35,1789964444,60.0,3.2767,102.4161,0.0
ETS304,9224,1789964526,90.0,6.4311833,100.26888,0.0
ETS307,9323,1789964526,90.0,2.7413397,101.87063,0.0
ETS301,9425,1789964526,90.0,3.7487617,101.4478,0.0
ETS309,9428,1789964526,90.0,0.0027284583,0.0154984975,0.0
ETS303,9524,1789964526,90.0,2.9067137,101.79427,0.0
ETS304,9224,1789964647,90.0,6.4311876,100.26893,0.0
ETS307,9323,1789964647,90.0,2.7376583,101.89513,0.0
ETS309,9428,1789964647,90.0,2.1550958,103.22954,0.0
ETS303,9524,1789964647,90.0,2.9251425,101.79555,0.0
ETS301,9425,1789964646,90.0,3.7295008,101.45808,0.0
SCS11,2818,1789964653,0.0,5.1701,100.4797,0.0
DMU06,52,1789964696,46.0,6.0486,102.1454,0.0
EMU24,2800,1789964720,0.0,4.5977,101.0732,0.0
SCS10,weekday_2023,1789964691,23.0,3.1421,101.6942,0.0
ETS216,9108,1789964688,120.0,3.442,101.638,0.0
ETS212,9225,1789964801,0.0,4.8265,101.0524,0.0
SCS24,2920,1789964800,0.0,6.6628,100.3202,0.0
DMU03,55,1789964800,40.0,5.4123,102.2349,0.0
ETS307,9323,1789964768,90.0,2.724921,101.9152,0.0
ETS309,9428,1789964768,90.0,2.1831686,103.20285,0.0
ETS304,9224,1789964767,90.0,6.448484,100.26292,0.0
ETS301,9425,1789964767,90.0,3.7113407,101.48678,0.0
ETS303,9524,1789964767,90.0,2.9449027,101.78802,0.0
SCS10,weekday_2023,1789964766,0.0,3.1392,101.6936,0.0
SCS27,weekday_2019,1789964734,0.0,3.0978,101.706,0.0
ETS205,9049,1789964734,133.0,4.4187,101.0701,0.0
SCS13,weekday_2126,1789964734,0.0,3.6838,101.5188,0.0
ETS216,9108,1789964733,114.0,3.4555,101.6397,0.0
SCS21,weekday_2130,1789964733,34.0,3.5529,101.6395,0.0
DMU09,35,1789964804,0.0,3.2464,102.4113,0.0
SCS11,2818,1789964803,114.0,5.2022,100.4859,0.0
ETS304,9224,1789964888,90.0,6.487939,100.25426,0.0
ETS301,9425,1789964888,90.0,3.6885893,101.51449,0.0
ETS309,9428,1789964888,90.0,0.0027284583,0.0154984975,0.0
ETS303,9524,1789964888,90.0,2.965605,101.79182,0.0
ETS307,9323,1789964888,90.0,2.7218602,101.93054,0.0
ETS304,9224,1789965009,90.0,6.529794,100.25886,0.0
ETS307,9323,1789965009,90.0,2.7189872,101.94017,0.0
ETS303,9524,1789965009,90.0,2.9774964,101.79149,0.0
ETS309,9428,1789965009,90.0,0.0027284583,0.0154984975,0.0
ETS301,9425,1789965009,90.0,3.684219,101.51891,0.0
ETS303,9524,1789965130,90.0,2.9825604,101.791695,0.0
ETS307,9323,1789965130,90.0,2.7182674,101.94135,0.0
ETS304,9224,1789965130,90.0,6.5719934,100.26038,0.0
ETS309,9428,1789965130,90.0,0.0027284583,0.0154984975,0.0
ETS301,9425,1789965129,90.0,3.6700544,101.53194,0.0
ETS216,9108,1789965153,70.0,3.5599,101.6352,0.0
SCS10,weekday_2023,1789965216,24.0,3.1265,101.6787,0.0
SCS27,weekday_2019,1789965214,0.0,3.0978,101.706,0.0
DMU13,34,1789965212,70.0,3.8905,102.3621,0.0
ETS204,9343,1789965210,61.0,3.0785,101.7143,0.0
ETS216,9108,1789965153,70.0,3.5599,101.6352,0.0
SCS10,weekday_2023,1789965216,24.0,3.1265,101.6787,0.0
ETS307,9323,1789965251,90.0,2.7107434,101.95175,0.0
ETS309,9428,1789965251,90.0,2.2906733,103.134285,0.0
ETS301,9425,1789965250,90.0,3.644497,101.55482,0.0
ETS304,9224,1789965250,90.0,6.61418,100.265236,0.0
ETS303,9524,1789965250,90.0,2.9846163,101.79159,0.0
SCS13,weekday_2126,1789965244,29.0,3.6827,101.5203,0.0
ETS205,9049,1789965244,0.0,4.3023,101.1539,0.0
SCS27,weekday_2019,1789965244,0.0,3.0978,101.706,0.0
SCS21,weekday_2130,1789965243,79.0,3.6201,101.5733,0.0
ETS216,9108,1789965243,102.0,3.5736,101.6142,0.0
DMU13,34,1789965242,71.0,3.8963,102.3629,0.0
ETS204,9343,1789965240,9.0,3.0769,101.7117,0.0
DMU09,35,1789965239,67.0,3.225,102.4125,0.0
ETS214,9226,1789965239,133.0,4.7101,101.1261,0.0
ETS212,9225,1789965221,0.0,4.7124,101.1244,0.0
EMU24,2800,1789965220,0.0,4.5977,101.0732,0.0
DMU03,55,1789965220,16.0,5.3878,102.232,0.0
ETS309,9428,1789965372,90.0,2.318339,103.10589,0.0
ETS307,9323,1789965372,90.0,2.6947253,101.970474,0.0
ETS303,9524,1789965371,90.0,2.9924738,101.78234,0.0
ETS301,9425,1789965371,90.0,3.6169963,101.57778,0.0
ETS304,9224,1789965371,90.0,6.643846,100.29231,0.0
ETS304,9224,1789965492,90.0,6.649929,100.304474,0.0
ETS307,9323,1789965492,90.0,2.673086,101.98438,0.0
ETS303,9524,1789965492,90.0,2.9906135,101.75813,0.0
ETS309,9428,1789965492,90.0,0.0027284583,0.0154984975,0.0
ETS301,9425,1789965492,90.0,3.5970259,101.60305,0.0
ETS307,9323,1789965613,90.0,2.6578658,102.00051,0.0
ETS309,9428,1789965613,90.0,2.3693175,103.04005,0.0
ETS303,9524,1789965613,90.0,3.001989,101.735565,0.0
ETS304,9224,1789965613,90.0,6.6584096,100.31712,0.0
ETS301,9425,1789965612,90.0,3.569524,101.61798,0.0
DMU09,35,1789965584,59.0,3.1733,102.3936,0.0
SCS11,2818,1789965583,0.0,5.3664,100.4473,0.0
ETS212,9225,1789965581,3.0,4.6177,101.0947,0.0
DMU06,52,1789965581,71.0,6.1324,102.2169,0.0
DMU03,55,1789965580,41.0,5.355,102.2251,0.0
ETS204,9343,1789965615,22.0,3.0291,101.7128,0.0
ETS214,9226,1789965584,135.0,4.8131,101.0776,0.0
SCS22,2928,1789965629,100.0,5.3702,100.4069,0.0
EMU24,2800,1789965580,0.0,4.5977,101.0732,0.0
ETS206,9449,1789965580,0.0,6.1835,100.3749,0.0
SCS24,2931,1789965580,116.0,6.641,100.2862,0.0
DMU13,34,1789965617,0.0,3.9373,102.3577,0.0
SCS27,weekday_2030,1789965574,69.0,3.1067,101.6947,0.0
SCS13,weekday_2126,1789965574,114.0,3.6217,101.5716,0.0
SCS10,weekday_2023,1789965576,0.0,3.1181,101.6791,0.0
ETS205,9049,1789965574,137.0,4.2242,101.1785,0.0
ETS216,9108,1789965573,121.0,3.6446,101.5544,0.0
DMU06,52,1789965671,43.0,6.1443,102.2275,0.0
SCS24,2931,1789965670,114.0,6.6234,100.2661,0.0
DMU03,55,1789965670,44.0,5.3445,102.2218,0.0
ETS206,9449,1789965670,133.0,6.1634,100.3793,0.0
DMU09,35,1789965674,82.0,3.1583,102.3872,0.0
ETS212,9225,1789965671,31.0,4.61,101.0792,0.0
ETS309,9428,1789965734,90.0,0.0027284583,0.0154984975,0.0
ETS307,9323,1789965733,90.0,2.6536818,102.02435,0.0
ETS301,9425,1789965733,90.0,3.5586019,101.63697,0.0
ETS303,9524,1789965733,90.0,3.005585,101.72843,0.0
EMU24,2800,1789965760,0.0,4.5977,101.0733,0.0
SCS10,weekday_2023,1789965756,33.0,3.1089,101.6921,0.0
EMU24,2800,1789965760,0.0,4.5977,101.0733,0.0
SCS10,weekday_2023,1789965756,33.0,3.1089,101.6921,0.0
ETS206,9449,1789965760,134.0,6.1321,100.3784,0.0
DMU03,55,1789965760,32.0,5.3356,102.2165,0.0
SCS24,2931,1789965760,113.0,6.5966,100.2632,0.0
ETS309,9428,1789965854,90.0,0.0027284583,0.0154984975,0.0
ETS307,9323,1789965854,90.0,2.635103,102.05537,0.0
ETS303,9524,1789965854,90.0,3.014003,101.724106,0.0
ETS301,9425,1789965854,90.0,3.5375133,101.63604,0.0
ETS307,9323,1789965975,90.0,2.6085823,102.08642,0.0
ETS301,9425,1789965975,90.0,3.5091434,101.63368,0.0
ETS309,9428,1789965975,90.0,0.0027284583,0.0154984975,0.0
ETS303,9524,1789965975,90.0,3.02742,101.714455,0.0
ETS302,9528,1789965975,90.0,1.4657173,103.76442,0.0
ETS307,9323,1789966096,90.0,2.5723581,102.108055,0.0
ETS301,9425,1789966096,90.0,3.4750319,101.64,0.0
ETS309,9428,1789966096,90.0,0.0027284583,0.0154984975,0.0
ETS303,9524,1789966096,90.0,3.0502956,101.70776,0.0
ETS302,9528,1789966096,90.0,1.4869459,103.7575,0.0
ETS216,9108,1789966083,73.0,3.7265,101.462,0.0
ETS204,9343,1789966080,47.0,3.0183,101.7189,0.0
ETS214,9226,1789966184,40.0,4.7765,100.9325,0.0
SCS22,2928,1789966139,44.0,5.3574,100.4636,0.0
SCS11,2818,1789966138,15.0,5.3872,100.3737,0.0
ETS208,9442,1789966136,102.0,3.22,101.5659,0.0
ETS212,9225,1789966136,21.0,4.5926,101.0713,0.0
SCS24,2931,1789966135,117.0,6.5092,100.2545,0.0
ETS206,9449,1789966135,136.0,6.067,100.387,0.0
ETS214,9226,1789966184,40.0,4.7765,100.9325,0.0
ETS309,9428,1789966217,90.0,0.0027284583,0.0154984975,0.0
ETS307,9323,1789966217,90.0,2.5464692,102.141464,0.0
ETS302,9528,1789966216,90.0,1.5191882,103.742226,0.0
ETS301,9425,1789966216,90.0,3.4402206,101.63874,0.0
ETS303,9524,1789966216,90.0,3.073937,101.71081,0.0
SCS13,weekday_2126,1789966174,86.0,3.5331,101.6333,0.0
SCS27,weekday_2030,1789966174,35.0,3.1325,101.6836,0.0
DMU13,34,1789966172,70.0,3.9784,102.3386,0.0
ETS309,9428,1789966337,90.0,2.4709287,102.92621,0.0
ETS302,9528,1789966337,90.0,1.5361371,103.725334,0.0
ETS303,9524,1789966337,90.0,3.0762727,101.71268,0.0
ETS301,9425,1789966337,90.0,3.4136019,101.62776,0.0
ETS307,9323,1789966337,90.0,2.5163562,102.16983,0.0
ETS307,9323,1789966458,90.0,2.4776533,102.18155,0.0
ETS301,9425,1789966458,90.0,3.380451,101.62054,0.0
ETS302,9528,1789966458,90.0,1.536203,103.72519,0.0
ETS303,9524,1789966458,90.0,3.0882385,101.71175,0.0
ETS309,9428,1789966458,90.0,2.4863153,102.88964,0.0
ETS216,9108,1789966503,124.0,3.8231,101.4049,0.0
SCS27,weekday_2030,1789966474,19.0,3.1375,101.6919,0.0
SCS11,2804,1789966588,12.0,5.3924,100.3678,0.0
DMU09,35,1789966589,66.0,3.0395,102.3772,0.0
SCS22,2928,1789966589,110.0,5.4743,100.496,0.0
ETS208,9442,1789966586,74.0,3.2995,101.5749,0.0
ETS307,9323,1789966579,90.0,2.4530766,102.19817,0.0
ETS309,9428,1789966579,90.0,2.4884748,102.85087,0.0
ETS301,9425,1789966578,90.0,3.3683002,101.60795,0.0
ETS303,9524,1789966578,90.0,3.097818,101.70626,0.0
ETS302,9528,1789966578,90.0,1.5408473,103.71534,0.0
ETS204,9343,1789966605,22.0,2.9856,101.7906,0.0
SCS27,weekday_2030,1789966609,0.0,3.1389,101.6934,0.0
ETS205,9049,1789966609,0.0,4.006,101.3016,0.0
SCS13,weekday_2126,1789966609,100.0,3.4562,101.6395,0.0
DMU13,34,1789966607,75.0,4.0457,102.3128,0.0
ETS214,9226,1789966604,127.0,4.7775,100.8605,0.0
ETS216,9108,1789966593,117.0,3.8461,101.3897,0.0
ETS309,9428,1789966700,90.0,2.5051227,102.81643,0.0
ETS303,9524,1789966699,90.0,3.1073287,101.69431,0.0
ETS302,9528,1789966699,90.0,1.5611509,103.69446,0.0
ETS307,9323,1789966699,90.0,2.4660163,102.222206,0.0
ETS301,9425,1789966699,90.0,3.3652892,101.59988,0.0
ETS303,9524,1789966820,90.0,3.1165164,101.680374,0.0
ETS309,9428,1789966820,90.0,2.5071154,102.81403,0.0
ETS301,9425,1789966820,90.0,3.3623862,101.58001,0.0
ETS307,9323,1789966820,90.0,2.4633896,102.22679,0.0
ETS302,9528,1789966820,90.0,1.580168,103.66764,0.0
EMU24,2800,1789966940,110.0,4.6517,101.1194,0.0
SCS22,2928,1789966964,114.0,5.5495,100.5002,0.0
SCS11,2804,1789966918,27.0,5.3694,100.4088,0.0
ETS307,9323,1789966941,90.0,2.4592505,102.244835,0.0
ETS302,9528,1789966941,90.0,1.6159773,103.6489,0.0
ETS303,9524,1789966941,90.0,3.1269567,101.68048,0.0
ETS309,9428,1789966941,90.0,2.5185642,102.799324,0.0
ETS301,9425,1789966941,90.0,3.3391347,101.57359,0.0
DMU13,34,1789966997,19.0,4.0754,102.2708,0.0
SCS18,weekday_2027,1789966996,76.0,3.2251,101.6727,0.0
ETS204,9343,1789966995,67.0,2.942,101.786,0.0
SCS22,2928,1789966964,114.0,5.5495,100.5002,0.0
ETS214,9226,1789966964,132.0,4.8034,100.7445,0.0
ETS208,9442,1789966961,53.0,3.3288,101.5692,0.0
ETS307,9323,1789967062,90.0,2.4574065,102.285645,0.0
ETS301,9425,1789967062,90.0,3.320114,101.57522,0.0
ETS309,9428,1789967062,90.0,2.5429897,102.76884,0.0
ETS303,9524,1789967062,90.0,3.131762,101.68405,0.0
ETS302,9528,1789967062,90.0,1.6456896,103.62115,0.0
ETS309,9428,1789967183,90.0,0.0027284583,0.0154984975,0.0
ETS307,9323,1789967183,90.0,2.4555008,102.327515,0.0
ETS301,9425,1789967182,90.0,3.2952619,101.57586,0.0
ETS302,9528,1789967182,90.0,1.664339,103.599686,0.0
ETS303,9524,1789967182,90.0,0.0027284583,0.0154984975,0.0
ETS307,9323,1789967304,90.0,2.4624314,102.36863,0.0
ETS309,9428,1789967304,90.0,2.5819142,102.69872,0.0
ETS301,9425,1789967303,90.0,3.2759926,101.563194,0.0
ETS303,9524,1789967303,90.0,0.0027284583,0.0154984975,0.0
ETS302,9528,1789967303,90.0,1.664705,103.598755,0.0
ETS204,9343,1789967280,9.0,2.9063,101.7902,0.0
ETS215,9109,1789967279,38.0,5.3876,100.3734,0.0
SCS27,weekday_2030,1789967259,21.0,3.1764,101.6859,0.0
ETS208,9442,1789967306,0.0,3.3786,101.6162,0.0
SCS24,2931,1789967305,114.0,6.247,100.3582,0.0
ETS214,9226,1789967279,0.0,4.8527,100.7319,0.0
DMU13,34,1789967267,62.0,4.0864,102.225,0.0
SCS18,weekday_2027,1789967266,22.0,3.2046,101.6758,0.0
EMU24,2800,1789967262,115.0,4.734,101.1218,0.0
ETS206,9449,1789967260,133.0,5.7624,100.4977,0.0
SCS22,2928,1789967279,58.0,5.6401,100.4896,0.0
ETS214,9226,1789967354,72.0,4.8606,100.7335,0.0
DMU13,34,1789967357,76.0,4.0887,102.2104,0.0
ETS302,9528,1789967424,90.0,1.6803001,103.57773,0.0
ETS301,9425,1789967424,90.0,3.2586765,101.55616,0.0
ETS307,9323,1789967424,90.0,2.4682894,102.40912,0.0
ETS303,9524,1789967424,90.0,0.0027284583,0.0154984975,0.0
ETS309,9428,1789967424,90.0,0.0027284583,0.0154984975,0.0
DMU09,35,1789967459,69.0,2.8925,102.3827,0.0
ETS215,9109,1789967489,78.0,5.3677,100.4131,0.0
SCS24,2931,1789967485,115.0,6.1942,100.369,0.0
ETS206,9449,1789967485,132.0,5.6894,100.5037,0.0
DMU03,55,1789967485,39.0,5.3211,102.1279,0.0
EMU24,2800,1789967462,117.0,4.7864,101.0978,0.0
ETS307,9323,1789967545,90.0,2.4885964,102.44345,0.0
ETS309,9428,1789967545,90.0,0.0027284583,0.0154984975,0.0
ETS302,9528,1789967545,90.0,1.7053523,103.54593,0.0
ETS301,9425,1789967545,90.0,3.2428658,101.56148,0.0
ETS303,9524,1789967545,90.0,0.0027284583,0.0154984975,0.0
DMU13,34,1789967492,70.0,4.1113,102.199,0.0
ETS208,9442,1789967576,115.0,3.4486,101.6392,0.0
ETS307,9323,1789967666,90.0,2.5058336,102.48008,0.0
ETS301,9425,1789967666,90.0,3.2148013,101.57036,0.0
ETS309,9428,1789967666,90.0,0.0027284583,0.0154984975,0.0
ETS303,9524,1789967666,90.0,0.0027284583,0.0154984975,0.0
ETS302,9528,1789967666,90.0,1.7304083,103.515366,0.0
ETS204,9343,1789967655,46.0,2.8647,101.8192,0.0
ETS215,9109,1789967714,37.0,5.3666,100.446,0.0
ETS204,9343,1789967715,24.0,2.8616,101.82,0.0
ETS302,9528,1789967787,90.0,1.7688298,103.49742,0.0
ETS309,9428,1789967787,90.0,0.0027284583,0.0154984975,0.0
ETS307,9323,1789967787,90.0,2.5392394,102.50415,0.0
ETS303,9524,1789967787,90.0,0.0027284583,0.0154984975,0.0
ETS301,9425,1789967786,90.0,3.2056062,101.58083,0.0
ETS212,9225,1789967741,125.0,4.3198,101.1371,0.0
SCS24,2931,1789967740,114.0,6.1483,100.3802,0.0
ETS206,9449,1789967740,0.0,5.6429,100.4904,0.0
DMU03,55,1789967740,45.0,5.3386,102.1182,0.0
SCS27,weekday_2030,1789967739,47.0,3.1944,101.6844,0.0
EMU24,2822,1789967742,0.0,4.8188,101.071,0.0
ETS212,9225,1789967846,4.0,4.3033,101.1529,0.0
DMU03,55,1789967845,44.0,5.3521,102.1156,0.0
SCS24,2931,1789967845,90.0,6.1192,100.3725,0.0
ETS204,9343,1789967820,69.0,2.8417,101.8267,0.0
SCS18,weekday_2027,1789967806,35.0,3.1764,101.6858,0.0
ETS303,9524,1789967907,90.0,0.0027284583,0.0154984975,0.0
ETS301,9425,1789967907,90.0,3.2052038,101.58151,0.0
ETS307,9323,1789967907,90.0,2.5658972,102.535194,0.0
ETS309,9428,1789967907,90.0,2.5777733,102.60951,0.0
ETS302,9528,1789967907,90.0,1.8061796,103.48569,0.0
ETS206,9449,1789967935,137.0,5.5972,100.4934,0.0
DMU03,55,1789967935,53.0,5.3589,102.1055,0.0
SCS24,2931,1789967935,0.0,6.1136,100.3699,0.0
DMU13,34,1789967927,67.0,4.1606,102.1692,0.0
ETS307,9323,1789968028,90.0,2.5808344,102.565605,0.0
ETS301,9425,1789968028,90.0,3.1997151,101.59642,0.0
ETS309,9428,1789968028,90.0,2.5820997,102.586235,0.0
ETS303,9524,1789968028,90.0,0.0027284583,0.0154984975,0.0
ETS302,9528,1789968028,90.0,1.8123362,103.47884,0.0
ETS216,9108,1789968093,99.0,4.1886,101.1852,0.0
ETS309,9428,1789968150,90.0,0.0027284583,0.0154984975,0.0
ETS307,9323,1789968149,90.0,2.5784864,102.58963,0.0
ETS301,9425,1789968149,90.0,3.2072525,101.61903,0.0
ETS302,9528,1789968149,90.0,1.8180104,103.47251,0.0
ETS303,9524,1789968149,90.0,0.0027284583,0.0154984975,0.0
ETS215,9109,1789968119,136.0,5.3087,100.4767,0.0
DMU03,55,1789968160,8.0,5.3699,102.0864,0.0
ETS206,9449,1789968160,134.0,5.5199,100.5082,0.0
SCS24,2931,1789968160,114.0,6.063,100.3892,0.0
ETS307,9323,1789968270,90.0,2.578421,102.61188,0.0
ETS302,9528,1789968270,90.0,1.8356016,103.44137,0.0
ETS303,9524,1789968270,90.0,0.0027284583,0.0154984975,0.0
ETS309,9428,1789968270,90.0,0.0027284583,0.0154984975,0.0
ETS301,9425,1789968270,90.0,3.1975694,101.64252,0.0
ETS215,9109,1789968269,133.0,5.2652,100.4815,0.0
ETS212,9225,1789968266,119.0,4.2378,101.1761,0.0
ETS208,9442,1789968266,106.0,3.6055,101.5894,0.0
SCS24,2931,1789968265,113.0,6.0358,100.4046,0.0
DMU10(D6120),51,1789968292,0.0,4.1873,102.0529,0.0
EMU24,2822,1789968299,114.0,4.8126,100.9511,0.0
ETS208,9442,1789968296,109.0,3.6121,101.5838,0.0
SCS27,weekday_2019,1789968294,21.0,3.232,101.6762,0.0
ETS301,9425,1789968391,90.0,3.1850543,101.66623,0.0
ETS309,9428,1789968391,90.0,2.5328317,102.49859,0.0
ETS302,9528,1789968391,90.0,1.8647345,103.41408,0.0
ETS307,9323,1789968391,90.0,2.5789113,102.61398,0.0
ETS301,9425,1789968512,90.0,3.1717575,101.68541,0.0
ETS309,9428,1789968512,90.0,0.0027284583,0.0154984975,0.0
ETS302,9528,1789968512,90.0,1.8847662,103.40534,0.0
ETS307,9323,1789968512,90.0,2.5789137,102.61398,0.0
ETS204,9343,1789968495,103.0,2.7424,101.8686,0.0
DMU09,35,1789968494,0.0,2.8116,102.4037,0.0
DMU10(D6120),51,1789968487,0.0,4.1873,102.0527,0.0
ETS215,9109,1789968479,135.0,5.1955,100.4822,0.0
ETS205,9049,1789968454,112.0,3.6472,101.5524,0.0
ETS214,9226,1789968464,131.0,5.0238,100.53,0.0
ETS307,9323,1789968512,90.0,2.5789137,102.61398,0.0
ETS301,9425,1789968512,90.0,3.1717575,101.68541,0.0
ETS309,9428,1789968512,90.0,0.0027284583,0.0154984975,0.0
ETS302,9528,1789968512,90.0,1.8847662,103.40534,0.0
ETS307,9323,1789968633,90.0,2.5791342,102.61483,0.0
ETS309,9428,1789968633,90.0,2.4859376,102.4418,0.0
ETS302,9528,1789968633,90.0,1.8870934,103.40415,0.0
ETS301,9425,1789968633,90.0,3.1583467,101.694084,0.0
DMU09,35,1789968629,0.0,2.8116,102.4038,0.0
ETS214,9226,1789968629,134.0,5.0744,100.5029,0.0
SCS22,2928,1789968629,114.0,5.9553,100.4501,0.0
DMU03,55,1789968625,18.0,5.3902,102.0722,0.0
SCS24,2931,1789968625,97.0,5.9667,100.4437,0.0
ETS206,9449,1789968625,129.0,5.4261,100.4827,0.0
ETS215,9109,1789968599,133.0,5.154,100.4806,0.0
ETS204,9343,1789968600,73.0,2.7413,101.8915,0.0
ETS307,9323,1789968633,90.0,2.5791342,102.61483,0.0
ETS309,9428,1789968633,90.0,2.4859376,102.4418,0.0
ETS302,9528,1789968633,90.0,1.8870934,103.40415,0.0
ETS301,9425,1789968633,90.0,3.1583467,101.694084,0.0
ETS216,9108,1789968678,129.0,4.3526,101.1131,0.0
DMU10(D6120),51,1789968652,0.0,4.1873,102.0529,0.0
SCS27,weekday_2019,1789968654,0.0,3.2371,101.6812,0.0
ETS307,9323,1789968754,90.0,2.5835452,102.64053,0.0
ETS302,9528,1789968754,90.0,1.91324,103.383675,0.0
ETS309,9428,1789968754,90.0,2.473773,102.416885,0.0
ETS301,9425,1789968754,90.0,3.1453733,101.69272,0.0
ETS204,9343,1789968795,18.0,2.7232,101.9214,0.0
ETS214,9226,1789968794,91.0,5.1258,100.4871,0.0
ETS212,9225,1789968791,115.0,4.1079,101.2577,0.0
ETS309,9428,1789968754,90.0,2.473773,102.416885,0.0
ETS301,9425,1789968754,90.0,3.1453733,101.69272,0.0
ETS302,9528,1789968754,90.0,1.91324,103.383675,0.0
ETS307,9323,1789968754,90.0,2.5835452,102.64053,0.0
ETS309,9428,1789968876,90.0,2.4723134,102.41391,0.0
ETS307,9323,1789968875,90.0,2.5886831,102.68235,0.0
ETS301,9425,1789968875,90.0,3.1389568,101.694626,0.0
ETS302,9528,1789968875,90.0,1.9429109,103.35439,0.0
ETS307,9323,1789968875,90.0,2.5886831,102.68235,0.0
ETS301,9425,1789968875,90.0,3.1389568,101.694626,0.0
ETS216,9108,1789968873,136.0,4.4083,101.0757,0.0
ETS215,9109,1789968929,135.0,5.0456,100.5183,0.0
SCS24,2931,1789968880,115.0,5.8971,100.475,0.0
ETS309,9428,1789968876,90.0,2.4723134,102.41391,0.0
ETS302,9528,1789968875,90.0,1.9429109,103.35439,0.0
ETS214,9226,1789968974,67.0,5.1364,100.485,0.0
SCS27,weekday_2019,1789968954,0.0,3.2371,101.6812,0.0
ETS307,9323,1789968997,90.0,2.5763478,102.7232,0.0
ETS309,9428,1789968997,90.0,0.0027284583,0.0154984975,0.0
ETS302,9528,1789968996,90.0,1.978008,103.3347,0.0
ETS301,9425,1789968996,90.0,3.138619,101.694466,0.0
ETS212,9225,1789968956,109.0,4.0656,101.2785,0.0
ETS208,9442,1789968956,0.0,3.6841,101.5193,0.0
SCS24,2931,1789968955,114.0,5.8749,100.477,0.0
ETS206,9449,1789968955,44.0,5.3539,100.4668,0.0
DMU13,34,1789968932,0.0,4.1872,102.053,0.0
ETS205,9049,1789968934,92.0,3.5561,101.6392,0.0
ETS307,9323,1789968997,90.0,2.5763478,102.7232,0.0
ETS309,9428,1789968997,90.0,0.0027284583,0.0154984975,0.0
ETS302,9528,1789968996,90.0,1.978008,103.3347,0.0
ETS301,9425,1789968996,90.0,3.138619,101.694466,0.0
ETS307,9323,1789969118,90.0,2.554156,102.756714,0.0
ETS301,9425,1789969118,90.0,0.0027284583,0.0154984975,0.0
ETS309,9428,1789969118,90.0,2.457943,102.3421,0.0
ETS302,9528,1789969118,90.0,2.0182865,103.32182,0.0
ETS302,9528,1789969118,90.0,2.0182865,103.32182,0.0
ETS309,9428,1789969118,90.0,2.457943,102.3421,0.0
ETS301,9425,1789969118,90.0,0.0027284583,0.0154984975,0.0
ETS307,9323,1789969118,90.0,2.554156,102.756714,0.0
ETS212,9225,1789969151,0.0,4.0096,101.2977,0.0
SCS24,2931,1789969150,5.0,5.825,100.478,0.0
EMU24,2822,1789969153,0.0,4.7761,100.8237,0.0
ETS206,9449,1789969150,133.0,5.3105,100.4763,0.0
ETS307,9323,1789969239,90.0,2.5300214,102.786064,0.0
ETS309,9428,1789969239,90.0,2.4550931,102.304054,0.0
ETS301,9425,1789969238,90.0,0.0027284583,0.0154984975,0.0
ETS302,9528,1789969238,90.0,2.03585,103.317924,0.0
SCS27,weekday_2019,1789969254,0.0,3.2371,101.6812,0.0
SCS18,weekday_2027,1789969251,0.0,3.1181,101.679,0.0
ETS204,9343,1789969290,81.0,2.7045,101.9541,0.0
ETS307,9323,1789969239,90.0,2.5300214,102.786064,0.0
ETS309,9428,1789969239,90.0,2.4550931,102.304054,0.0
ETS301,9425,1789969238,90.0,0.0027284583,0.0154984975,0.0
ETS302,9528,1789969238,90.0,2.03585,103.317924,0.0
SCS10,weekday_2032,1789969251,54.0,3.1126,101.6847,0.0
ETS206,9449,1789969300,134.0,5.2672,100.4814,0.0
ETS216,9108,1789969293,113.0,4.4977,101.0452,0.0
EMU24,2822,1789969293,113.0,4.7899,100.7602,0.0
SCS22,2928,1789969334,44.0,6.112,100.3691,0.0
DMU10(D6120),51,1789969297,0.0,4.1873,102.0529,0.0
ETS309,9428,1789969360,90.0,2.45754,102.2691,0.0
ETS307,9323,1789969359,90.0,2.510822,102.8108,0.0
ETS301,9425,1789969359,90.0,0.0027284583,0.0154984975,0.0
ETS302,9528,1789969359,90.0,2.0366955,103.31771,0.0
DMU09,35,1789969304,54.0,2.7916,102.4302,0.0
SCS24,2931,1789969300,116.0,5.8036,100.4811,0.0
ETS309,9428,1789969360,90.0,2.45754,102.2691,0.0
ETS307,9323,1789969359,90.0,2.510822,102.8108,0.0
ETS301,9425,1789969359,90.0,0.0027284583,0.0154984975,0.0
ETS302,9528,1789969359,90.0,2.0366955,103.31771,0.0
ETS307,9323,1789969480,90.0,2.5066497,102.81457,0.0
ETS301,9425,1789969480,90.0,0.0027284583,0.0154984975,0.0
ETS309,9428,1789969480,90.0,2.4595256,102.23629,0.0
ETS302,9528,1789969480,90.0,2.06164,103.30412,0.0
SCS10,weekday_2032,1789969476,0.0,3.118,101.6791,0.0
ETS307,9323,1789969480,90.0,2.5066497,102.81457,0.0
ETS301,9425,1789969480,90.0,0.0027284583,0.0154984975,0.0
ETS302,9528,1789969480,90.0,2.06164,103.30412,0.0
ETS309,9428,1789969480,90.0,2.4595256,102.23629,0.0
ETS212,9225,1789969481,109.0,3.9188,101.3449,0.0
EMU24,2822,1789969480,79.0,4.8338,100.7303,0.0
SCS24,2931,1789969480,119.0,5.7529,100.5022,0.0
ETS307,9323,1789969601,90.0,2.5053983,102.81614,0.0
ETS302,9528,1789969601,90.0,2.0944085,103.278404,0.0
ETS301,9425,1789969601,90.0,0.0027284583,0.0154984975,0.0
ETS309,9428,1789969601,90.0,2.4634888,102.226845,0.0
ETS206,9449,1789969555,124.0,5.1821,100.4797,0.0
ETS212,9225,1789969646,0.0,3.8895,101.3742,0.0
ETS307,9323,1789969601,90.0,2.5053983,102.81614,0.0
ETS301,9425,1789969601,90.0,0.0027284583,0.0154984975,0.0
ETS309,9428,1789969601,90.0,2.4634888,102.226845,0.0
ETS302,9528,1789969601,90.0,2.0944085,103.278404,0.0
ETS307,9323,1789969722,90.0,2.4936473,102.83805,0.0
ETS309,9428,1789969722,90.0,2.4634998,102.22682,0.0
ETS302,9528,1789969722,90.0,2.1310847,103.26142,0.0
ETS301,9425,1789969721,90.0,0.0027284583,0.0154984975,0.0
ETS216,9108,1789969698,104.0,4.5764,101.0654,0.0
ETS214,9226,1789969679,37.0,5.3452,100.4689,0.0
SCS22,2928,1789969679,51.0,6.1815,100.376,0.0
ETS215,9109,1789969694,133.0,4.9905,100.7342,0.0
ETS204,9343,1789969665,75.0,2.6554,102.0124,0.0
ETS309,9428,1789969722,90.0,2.4634998,102.22682,0.0
ETS302,9528,1789969722,90.0,2.1310847,103.26142,0.0
ETS307,9323,1789969722,90.0,2.4936473,102.83805,0.0
ETS301,9425,1789969721,90.0,0.0027284583,0.0154984975,0.0
ETS307,9323,1789969843,90.0,2.4899824,102.87611,0.0
ETS309,9428,1789969843,90.0,2.4641287,102.2256,0.0
ETS304,9209,1789969842,90.0,6.6614847,100.32092,0.0
ETS301,9425,1789969842,90.0,3.126607,101.680214,0.0
ETS302,9528,1789969842,90.0,2.1554148,103.22938,0.0
ETS204,9343,1789969830,133.0,2.6358,102.053,0.0
DMU09,35,1789969814,81.0,2.728,102.4905,0.0
ETS307,9323,1789969843,90.0,2.4899824,102.87611,0.0
ETS309,9428,1789969843,90.0,2.4641287,102.2256,0.0
ETS304,9209,1789969842,90.0,6.6614847,100.32092,0.0
ETS301,9425,1789969842,90.0,3.126607,101.680214,0.0
ETS302,9528,1789969842,90.0,2.1554148,103.22938,0.0
ETS205,9049,1789969834,93.0,3.3586,101.5714,0.0
ETS216,9108,1789969833,39.0,4.5953,101.072,0.0
ETS307,9323,1789969964,90.0,2.473442,102.91348,0.0
ETS309,9428,1789969964,90.0,2.4688554,102.21714,0.0
ETS301,9425,1789969963,90.0,3.1185265,101.679794,0.0
ETS304,9209,1789969963,90.0,6.6614995,100.32087,0.0
ETS302,9528,1789969963,90.0,2.1833525,103.20227,0.0
ETS307,9323,1789969964,90.0,2.473442,102.91348,0.0
ETS309,9428,1789969964,90.0,2.4688554,102.21714,0.0
ETS304,9209,1789969963,90.0,6.6614995,100.32087,0.0
ETS301,9425,1789969963,90.0,3.1185265,101.679794,0.0
ETS302,9528,1789969963,90.0,2.1833525,103.20227,0.0
ETS309,9428,1789970084,90.0,2.4602675,102.20328,0.0
ETS302,9528,1789970084,90.0,2.1908839,103.19118,0.0
ETS301,9425,1789970084,90.0,3.1144347,101.68108,0.0
ETS307,9323,1789970084,90.0,2.4718823,102.93538,0.0
ETS304,9209,1789970084,90.0,6.656186,100.313545,0.0
ETS208,9442,1789970066,0.0,3.9235,101.3439,0.0
ETS206,9449,1789970065,53.0,5.1272,100.4873,0.0
SCS24,2931,1789970065,116.0,5.6209,100.4955,0.0
ETS212,9225,1789970051,0.0,3.7919,101.4326,0.0
ETS208,9442,1789970096,116.0,3.9325,101.3401,0.0
ETS206,9449,1789970095,100.0,5.1205,100.4888,0.0
SCS24,2931,1789970095,117.0,5.6121,100.4965,0.0
ETS204,9343,1789970115,138.0,2.5651,102.1158,0.0
ETS301,9425,1789970084,90.0,3.1144347,101.68108,0.0
ETS302,9528,1789970084,90.0,2.1908839,103.19118,0.0
ETS307,9323,1789970084,90.0,2.4718823,102.93538,0.0
ETS304,9209,1789970084,90.0,6.656186,100.313545,0.0
ETS309,9428,1789970084,90.0,2.4602675,102.20328,0.0
ETS304,9209,1789970205,90.0,6.656186,100.313545,0.0
ETS307,9323,1789970205,90.0,2.4443498,102.98628,0.0
ETS302,9528,1789970205,90.0,2.199906,103.18194,0.0
ETS309,9428,1789970205,90.0,2.4868438,102.18028,0.0
ETS301,9425,1789970205,90.0,3.1083612,101.69314,0.0
ETS214,9226,1789970174,137.0,5.4447,100.4912,0.0
SCS10,weekday_2032,1789970136,0.0,3.1326,101.6837,0.0
ETS304,9209,1789970205,90.0,6.656186,100.313545,0.0
ETS309,9428,1789970205,90.0,2.4868438,102.18028,0.0
ETS302,9528,1789970205,90.0,2.199906,103.18194,0.0
ETS307,9323,1789970205,90.0,2.4443498,102.98628,0.0
ETS301,9425,1789970205,90.0,3.1083612,101.69314,0.0
ETS304,9209,1789970326,90.0,6.656186,100.313545,0.0
ETS307,9323,1789970326,90.0,2.4092815,103.0077,0.0
ETS301,9425,1789970326,90.0,3.1012485,101.70203,0.0
ETS309,9428,1789970326,90.0,2.5265734,102.165436,0.0
ETS302,9528,1789970326,90.0,2.2331018,103.15772,0.0
ETS304,9209,1789970326,90.0,6.656186,100.313545,0.0
ETS301,9425,1789970326,90.0,3.1012485,101.70203,0.0
ETS309,9428,1789970326,90.0,2.5265734,102.165436,0.0
ETS302,9528,1789970326,90.0,2.2331018,103.15772,0.0
ETS307,9323,1789970326,90.0,2.4092815,103.0077,0.0
ETS309,9428,1789970447,90.0,2.5535877,102.13315,0.0
ETS307,9323,1789970447,90.0,2.383508,103.02067,0.0
ETS302,9528,1789970446,90.0,2.2702198,103.145706,0.0
ETS301,9425,1789970446,90.0,3.086128,101.71253,0.0
ETS304,9209,1789970446,90.0,6.656186,100.313545,0.0
EMU24,2822,1789970453,118.0,5.0347,100.7081,0.0
ETS216,9108,1789970448,122.0,4.6699,101.1335,0.0
ETS204,9343,1789970445,128.0,2.4794,102.1804,0.0
ETS215,9109,1789970444,131.0,4.7978,100.75,0.0
SCS22,2928,1789970459,34.0,6.3696,100.3037,0.0
ETS309,9428,1789970447,90.0,2.5535877,102.13315,0.0
ETS307,9323,1789970447,90.0,2.383508,103.02067,0.0
ETS304,9209,1789970446,90.0,6.656186,100.313545,0.0
ETS302,9528,1789970446,90.0,2.2702198,103.145706,0.0
ETS301,9425,1789970446,90.0,3.086128,101.71253,0.0
ETS216,9108,1789970598,135.0,4.7134,101.1238,0.0
ETS204,9343,1789970595,104.0,2.4581,102.2013,0.0
SCS22,2928,1789970594,117.0,6.3845,100.2926,0.0
ETS214,9226,1789970594,138.0,5.5202,100.5078,0.0
ETS215,9109,1789970594,130.0,4.7772,100.7969,0.0
DMU09,35,1789970594,74.0,2.6277,102.5946,0.0
ETS304,9209,1789970567,90.0,6.656186,100.313545,0.0
ETS307,9323,1789970567,90.0,2.3810074,103.0241,0.0
ETS301,9425,1789970567,90.0,3.0760722,101.71242,0.0
ETS309,9428,1789970567,90.0,2.5815394,102.10257,0.0
ETS302,9528,1789970567,90.0,2.296669,103.13058,0.0
ETS208,9442,1789970666,115.0,4.1006,101.2679,0.0
ETS212,9225,1789970666,0.0,3.6861,101.5172,0.0
ETS206,9449,1789970665,130.0,5.0309,100.5644,0.0
SCS24,2931,1789970665,106.0,5.4743,100.4961,0.0
DMU03,55,1789970665,0.0,5.3769,102.0102,0.0
DMU09,35,1789970654,77.0,2.6157,102.5914,0.0
SCS10,weekday_2032,1789970646,0.0,3.1651,101.6913,0.0
ETS307,9323,1789970701,90.0,2.3563032,103.05743,0.0
ETS302,9528,1789970701,90.0,2.3046606,103.12563,0.0
ETS309,9428,1789970701,90.0,0.0027284583,0.0154984975,0.0
ETS304,9209,1789970701,90.0,6.656186,100.313545,0.0
ETS301,9425,1789970701,90.0,3.0642974,101.709045,0.0
ETS307,9323,1789970822,90.0,2.329746,103.08969,0.0
ETS309,9428,1789970822,90.0,0.0027284583,0.0154984975,0.0
ETS304,9209,1789970821,90.0,6.656186,100.313545,0.0
ETS301,9425,1789970821,90.0,3.0372636,101.70988,0.0
ETS302,9528,1789970821,90.0,2.3261895,103.0947,0.0
ETS304,9209,1789970942,90.0,6.656186,100.313545,0.0
ETS309,9428,1789970942,90.0,2.654851,102.0183,0.0
ETS302,9528,1789970942,90.0,2.3518233,103.06081,0.0
ETS307,9323,1789970942,90.0,2.3086238,103.123215,0.0
ETS301,9425,1789970942,90.0,3.0175853,101.72028,0.0
EMU24,2822,1789971073,98.0,5.0233,100.5306,0.0
ETS206,9449,1789971070,134.0,5.0372,100.7012,0.0
DMU03,55,1789971070,0.0,5.377,102.0102,0.0
SCS10,weekday_2032,1789971072,56.0,3.1887,101.6888,0.0
SCS11,2831,1789971072,12.0,5.3925,100.3677,0.0
SCS24,2931,1789971070,51.0,5.3633,100.4674,0.0
ETS215,9109,1789971074,103.0,4.7836,100.9351,0.0
ETS302,9528,1789971063,90.0,2.3763204,103.03048,0.0
ETS309,9428,1789971063,90.0,2.6598325,101.99735,0.0
ETS301,9425,1789971063,90.0,3.0037203,101.73229,0.0
ETS304,9209,1789971063,90.0,6.656186,100.313545,0.0
ETS307,9323,1789971063,90.0,2.272378,103.14478,0.0
ETS204,9343,1789971060,134.0,2.4587,102.276,0.0
SCS22,2928,1789971059,114.0,6.4837,100.2536,0.0
ETS204,9343,1789971150,134.0,2.4551,102.3063,0.0
ETS215,9109,1789971149,134.0,4.805,100.9457,0.0
ETS214,9226,1789971149,1.0,5.6437,100.4901,0.0
SCS27,weekday_2031,1789971098,37.0,3.1859,101.6901,0.0
ETS309,9428,1789971184,90.0,0.0027284583,0.0154984975,0.0
ETS307,9323,1789971184,90.0,2.247753,103.15217,0.0
ETS301,9425,1789971183,90.0,2.9917595,101.74932,0.0
ETS304,9209,1789971183,90.0,6.656186,100.313545,0.0
ETS302,9528,1789971183,90.0,2.3834248,103.02075,0.0
ETS205,9049,1789971154,51.0,3.2019,101.5895,0.0
ETS216,9108,1789971153,140.0,4.8422,101.0074,0.0
SCS21,weekday_2147,1789971153,91.0,3.3025,101.575,0.0
ETS216,9108,1789971318,134.0,4.8305,100.9532,0.0
SCS21,weekday_2147,1789971318,61.0,3.2767,101.5622,0.0
ETS304,9209,1789971304,90.0,6.656186,100.313545,0.0
ETS307,9323,1789971304,90.0,2.200141,103.18178,0.0
ETS301,9425,1789971304,90.0,2.9954612,101.77381,0.0
ETS309,9428,1789971304,90.0,0.0027284583,0.0154984975,0.0
ETS302,9528,1789971304,90.0,2.3867204,103.016884,0.0
ETS208,9442,1789971296,100.0,4.1881,101.1853,0.0
ETS302,9528,1789971425,90.0,2.4196813,103.00211,0.0
ETS307,9323,1789971425,90.0,2.1912315,103.1909,0.0
ETS304,9209,1789971425,90.0,6.656186,100.313545,0.0
ETS309,9428,1789971425,90.0,2.7103958,101.95195,0.0
ETS301,9425,1789971424,90.0,2.9832892,101.79161,0.0
ETS304,9209,1789971545,90.0,6.656186,100.313545,0.0
ETS307,9323,1789971545,90.0,2.1832373,103.20286,0.0
ETS301,9425,1789971545,90.0,2.9597566,101.79375,0.0
ETS309,9428,1789971545,90.0,2.7178183,101.94203,0.0
ETS302,9528,1789971545,90.0,2.4511788,102.977936,0.0
DMU09,35,1789971629,0.0,2.5797,102.6134,0.0
SCS22,2928,1789971629,115.0,6.6227,100.2658,0.0
SCS10,weekday_2032,1789971582,37.0,3.2326,101.6771,0.0
SCS27,weekday_2031,1789971581,5.0,3.165,101.6913,0.0
SCS24,2931,1789971580,54.0,5.3649,100.4205,0.0
SCS11,2831,1789971582,93.0,5.3641,100.4349,0.0
SCS05,weekday_2142,1789971581,100.0,3.5375,101.6348,0.0
ETS216,9108,1789971632,101.0,4.7745,100.9011,0.0
ETS304,9209,1789971666,90.0,6.656186,100.313545,0.0
ETS309,9428,1789971666,90.0,2.718691,101.9408,0.0
ETS301,9425,1789971666,90.0,2.9358153,101.79332,0.0
ETS307,9323,1789971666,90.0,2.1572018,103.22868,0.0
ETS302,9528,1789971666,90.0,2.4716573,102.94328,0.0
SCS21,weekday_2147,1789971633,26.0,3.2561,101.5547,0.0
SCS13,weekday_2146,1789971739,22.0,3.1451,101.6923,0.0
SCS21,weekday_2147,1789971738,81.0,3.2467,101.5588,0.0
ETS204,9343,1789971735,0.0,2.4738,102.415,0.0
SCS22,2928,1789971734,114.0,6.6432,100.2891,0.0
DMU09,35,1789971734,0.0,2.5799,102.6133,0.0
ETS309,9428,1789971787,90.0,0.0027284583,0.0154984975,0.0
ETS307,9323,1789971787,90.0,2.1325147,103.26073,0.0
ETS302,9528,1789971786,90.0,2.4753034,102.90548,0.0
ETS301,9425,1789971786,90.0,2.9147995,101.79779,0.0
ETS304,9209,1789971786,90.0,6.656186,100.313545,0.0
ETS309,9428,1789971908,90.0,0.0027284583,0.0154984975,0.0
ETS301,9425,1789971907,90.0,2.9054463,101.78933,0.0
ETS302,9528,1789971907,90.0,2.4905686,102.86875,0.0
ETS304,9209,1789971907,90.0,6.656186,100.313545,0.0
ETS307,9323,1789971907,90.0,2.0958955,103.27683,0.0
ETS304,9209,1789972028,90.0,6.656186,100.313545,0.0
ETS307,9323,1789972028,90.0,2.0639548,103.30256,0.0
ETS302,9528,1789972028,90.0,2.4967618,102.83183,0.0
ETS309,9428,1789972028,90.0,0.0027284583,0.0154984975,0.0
ETS301,9425,1789972028,90.0,2.891675,101.79549,0.0
ETS307,9323,1789972149,90.0,2.036531,103.31776,0.0
ETS309,9428,1789972149,90.0,0.0027284583,0.0154984975,0.0
ETS301,9425,1789972148,90.0,2.8778076,101.81655,0.0
ETS304,9209,1789972148,90.0,6.656186,100.313545,0.0
ETS302,9528,1789972148,90.0,2.5066426,102.81463,0.0
ETS309,9428,1789972270,90.0,2.7452133,101.85708,0.0
ETS307,9323,1789972269,90.0,2.0358655,103.31795,0.0
ETS302,9528,1789972269,90.0,2.5066912,102.81462,0.0
ETS304,9209,1789972269,90.0,6.656186,100.313545,0.0
ETS301,9425,1789972269,90.0,2.8619752,101.82066,0.0
ETS304,9209,1789972390,90.0,6.656186,100.313545,0.0
ETS307,9323,1789972390,90.0,2.0167747,103.32223,0.0
ETS302,9528,1789972390,90.0,2.51683,102.80278,0.0
ETS309,9428,1789972390,90.0,2.7536283,101.82734,0.0
ETS301,9425,1789972390,90.0,2.8450372,101.82549,0.0
ETS307,9323,1789972511,90.0,1.9780071,103.35146,0.0
ETS309,9428,1789972511,90.0,0.0027284583,0.0154984975,0.0
ETS301,9425,1789972510,90.0,2.8336532,101.82855,0.0
ETS304,9209,1789972510,90.0,6.656186,100.313545,0.0
ETS302,9528,1789972510,90.0,2.534574,102.77758,0.0
ETS304,9209,1789972631,90.0,6.656186,100.313545,0.0
ETS307,9323,1789972631,90.0,1.9430618,103.35433,0.0
ETS302,9528,1789972631,90.0,2.55008,102.762535,0.0
ETS309,9428,1789972631,90.0,2.8025374,101.80148,0.0
ETS301,9425,1789972631,90.0,2.8301172,101.82789,0.0
ETS304,9209,1789972752,90.0,6.656186,100.313545,0.0
ETS307,9323,1789972752,90.0,1.9140428,103.383255,0.0
ETS302,9528,1789972752,90.0,2.5613425,102.744446,0.0
ETS309,9428,1789972752,90.0,2.8186424,101.818596,0.0
ETS301,9425,1789972752,90.0,2.8301263,101.82787,0.0
ETS304,9209,1789972873,90.0,6.656186,100.313545,0.0
ETS307,9323,1789972873,90.0,1.8807268,103.407486,0.0
ETS309,9428,1789972873,90.0,2.8197114,101.81953,0.0
ETS302,9528,1789972872,90.0,2.5793726,102.71316,0.0
ETS301,9425,1789972872,90.0,2.829966,101.82783,0.0
ETS304,9209,1789972993,90.0,6.656186,100.313545,0.0
ETS307,9323,1789972993,90.0,1.8455116,103.42792,0.0
ETS302,9528,1789972993,90.0,2.5836637,102.674385,0.0
ETS309,9428,1789972993,90.0,0.0027284583,0.0154984975,0.0
ETS301,9425,1789972993,90.0,2.829564,101.82779,0.0
ETS304,9209,1789973114,90.0,6.656186,100.313545,0.0
ETS307,9323,1789973114,90.0,1.8223559,103.46254,0.0
ETS302,9528,1789973114,90.0,2.5827963,102.63476,0.0
ETS309,9428,1789973114,90.0,0.0027284583,0.0154984975,0.0
ETS301,9425,1789973114,90.0,2.8301115,101.82786,0.0
ETS304,9209,1789973234,90.0,6.656186,100.313545,0.0
ETS307,9323,1789973234,90.0,1.7985034,103.49311,0.0
ETS302,9528,1789973234,90.0,2.5789788,102.61414,0.0
ETS309,9428,1789973234,90.0,2.861904,101.820694,0.0
ETS301,9425,1789973234,90.0,2.8196132,101.819466,0.0
ETS304,9209,1789973355,90.0,6.656186,100.313545,0.0
ETS307,9323,1789973355,90.0,1.758431,103.50166,0.0
ETS302,9528,1789973355,90.0,2.5789657,102.61399,0.0
ETS309,9428,1789973355,90.0,2.8750992,101.81774,0.0
ETS301,9425,1789973355,90.0,2.801103,101.80017,0.0
ETS304,9209,1789973476,90.0,6.656186,100.313545,0.0
ETS307,9323,1789973476,90.0,1.7217978,103.52096,0.0
ETS309,9428,1789973476,90.0,2.8855681,101.80245,0.0
ETS302,9528,1789973475,90.0,2.5789945,102.61398,0.0
ETS301,9425,1789973475,90.0,2.770207,101.805214,0.0
ETS304,9209,1789973596,90.0,6.656186,100.313545,0.0
ETS307,9323,1789973596,90.0,1.7051363,103.54634,0.0
ETS302,9528,1789973596,90.0,2.5753047,102.60128,0.0
ETS309,9428,1789973596,90.0,0.0027284583,0.0154984975,0.0
ETS301,9425,1789973596,90.0,2.753521,101.82766,0.0
ETS304,9209,1789973717,90.0,6.656186,100.313545,0.0
ETS307,9323,1789973717,90.0,1.6739738,103.58594,0.0
ETS302,9528,1789973717,90.0,2.5818765,102.5767,0.0
ETS309,9428,1789973717,90.0,0.0027284583,0.0154984975,0.0
ETS301,9425,1789973717,90.0,2.7455919,101.855705,0.0
ETS309,9428,1789973838,90.0,2.9198036,101.797386,0.0
ETS307,9323,1789973837,90.0,1.6647006,103.598854,0.0
ETS302,9528,1789973837,90.0,2.5727754,102.55051,0.0
ETS304,9209,1789973837,90.0,6.656186,100.313545,0.0
ETS301,9425,1789973837,90.0,2.7383091,101.88627,0.0
ETS304,9209,1789973958,90.0,6.656186,100.313545,0.0
ETS307,9323,1789973958,90.0,1.6645958,103.59907,0.0
ETS302,9528,1789973958,90.0,2.5549912,102.51722,0.0
ETS309,9428,1789973958,90.0,0.0027284583,0.0154984975,0.0
ETS301,9425,1789973958,90.0,2.7247303,101.90642,0.0
ETS304,9209,1789974079,90.0,6.656186,100.313545,0.0
ETS307,9323,1789974079,90.0,1.6477345,103.61891,0.0
ETS302,9528,1789974079,90.0,2.5195308,102.49229,0.0
ETS309,9428,1789974079,90.0,2.9654307,101.791916,0.0
ETS301,9425,1789974079,90.0,2.7235718,101.92644,0.0
ETS304,9209,1789974200,90.0,6.656186,100.313545,0.0
ETS307,9323,1789974200,90.0,1.619443,103.64814,0.0
ETS309,9428,1789974200,90.0,2.9791975,101.79152,0.0
ETS302,9528,1789974199,90.0,2.4987304,102.460335,0.0
ETS301,9425,1789974199,90.0,2.7192965,101.93943,0.0
ETS307,9323,1789974321,90.0,1.5834926,103.6638,0.0
ETS309,9428,1789974321,90.0,2.9926243,101.78205,0.0
ETS301,9425,1789974320,90.0,2.7177489,101.942184,0.0
ETS304,9209,1789974320,90.0,6.656186,100.313545,0.0
ETS302,9528,1789974320,90.0,2.4774435,102.42777,0.0
ETS304,9209,1789974441,90.0,6.656186,100.313545,0.0
ETS307,9323,1789974441,90.0,1.5647587,103.68994,0.0
ETS302,9528,1789974441,90.0,2.47387,102.41702,0.0
ETS309,9428,1789974441,90.0,0.0027284583,0.0154984975,0.0
ETS301,9425,1789974441,90.0,2.70368,101.95545,0.0
ETS304,9209,1789974562,90.0,6.656186,100.313545,0.0
ETS307,9323,1789974562,90.0,1.5404687,103.707924,0.0
ETS302,9528,1789974562,90.0,2.466067,102.40656,0.0
ETS309,9428,1789974562,90.0,3.002799,101.73473,0.0
ETS301,9425,1789974562,90.0,2.6860924,101.97427,0.0
ETS304,9209,1789974683,90.0,6.656186,100.313545,0.0
ETS307,9323,1789974683,90.0,1.5365658,103.72453,0.0
ETS302,9528,1789974683,90.0,2.4627051,102.37052,0.0
ETS309,9428,1789974683,90.0,3.0102415,101.726234,0.0
ETS301,9425,1789974683,90.0,2.6674016,101.99204,0.0
ETS307,9323,1789974804,90.0,1.5363106,103.72503,0.0
ETS309,9428,1789974804,90.0,0.0027284583,0.0154984975,0.0
ETS302,9528,1789974803,90.0,2.4560075,102.33072,0.0
ETS301,9425,1789974803,90.0,2.654477,102.01185,0.0
ETS304,9209,1789974803,90.0,6.656186,100.313545,0.0
ETS304,9209,1789974924,90.0,6.656186,100.313545,0.0
ETS302,9528,1789974924,90.0,2.4566793,102.29137,0.0
ETS303,9531,1789974924,90.0,0.0027284583,0.0154984975,0.0
ETS307,9323,1789974924,90.0,1.5215484,103.740555,0.0
ETS309,9428,1789974924,90.0,3.0564337,101.70806,0.0
ETS301,9425,1789974924,90.0,2.6391943,102.03895,0.0
ETS304,9209,1789975045,90.0,6.656186,100.313545,0.0
ETS307,9323,1789975045,90.0,1.4905893,103.758766,0.0
ETS301,9425,1789975045,90.0,2.6235464,102.075676,0.0
ETS303,9531,1789975045,90.0,0.0027284583,0.0154984975,0.0
ETS302,9528,1789975045,90.0,2.4591792,102.24917,0.0
ETS310,9530,1789975045,90.0,1.5882125,103.65819,0.0
ETS309,9428,1789975045,90.0,3.0760076,101.71236,0.0
ETS304,9209,1789975166,90.0,6.656186,100.313545,0.0
ETS307,9323,1789975166,90.0,1.4707185,103.76038,0.0
ETS301,9425,1789975166,90.0,2.589394,102.09791,0.0
ETS303,9531,1789975166,90.0,3.1253705,101.67954,0.0
ETS302,9528,1789975166,90.0,2.4630296,102.2275,0.0
ETS310,9530,1789975166,90.0,1.6235356,103.64576,0.0
ETS309,9428,1789975166,90.0,3.0759857,101.7124,0.0
ETS309,9428,1789975287,90.0,3.0762086,101.71261,0.0
ETS307,9323,1789975287,90.0,1.4635441,103.765465,0.0
ETS310,9530,1789975287,90.0,1.6477438,103.618835,0.0
ETS302,9528,1789975286,90.0,2.4647624,102.224464,0.0
ETS301,9425,1789975286,90.0,2.5601373,102.12468,0.0
ETS304,9209,1789975286,90.0,6.656186,100.313545,0.0
ETS303,9531,1789975286,90.0,3.11849,101.67991,0.0
ETS304,9209,1789975407,90.0,6.656186,100.313545,0.0
ETS307,9323,1789975407,90.0,1.462361,103.76637,0.0
ETS301,9425,1789975407,90.0,2.5347388,102.15615,0.0
ETS303,9531,1789975407,90.0,3.111944,101.68786,0.0
ETS302,9528,1789975407,90.0,2.4632978,102.20446,0.0
ETS310,9530,1789975407,90.0,1.664294,103.59987,0.0
ETS309,9428,1789975407,90.0,3.0856519,101.71311,0.0
ETS304,9209,1789975527,90.0,6.656186,100.313545,0.0
ETS307,9323,1789975527,90.0,1.463021,103.765594,0.0
ETS301,9425,1789975527,90.0,2.4994454,102.176674,0.0
ETS303,9531,1789975527,90.0,3.1080813,101.693474,0.0
ETS302,9528,1789975527,90.0,2.4651804,102.183205,0.0
ETS310,9530,1789975527,90.0,1.6650243,103.59803,0.0
ETS309,9428,1789975527,90.0,3.097774,101.70635,0.0
ETS304,9209,1789975648,90.0,6.656186,100.313545,0.0
ETS307,9323,1789975648,90.0,1.46307,103.76593,0.0
ETS301,9425,1789975648,90.0,2.4604268,102.183876,0.0
ETS303,9531,1789975648,90.0,3.104196,101.69833,0.0
ETS302,9528,1789975648,90.0,2.5039601,102.17481,0.0
ETS310,9530,1789975648,90.0,1.676983,103.582,0.0
ETS309,9428,1789975648,90.0,3.102519,101.70036,0.0
ETS304,9209,1789975769,90.0,6.656186,100.313545,0.0
ETS307,9323,1789975769,90.0,1.4632004,103.76581,0.0
ETS301,9425,1789975769,90.0,2.4675562,102.20702,0.0
ETS303,9531,1789975769,90.0,3.0992997,101.70443,0.0
ETS302,9528,1789975769,90.0,2.5372856,102.15293,0.0
ETS310,9530,1789975769,90.0,1.6991993,103.552986,0.0
ETS309,9428,1789975769,90.0,3.1145897,101.680954,0.0
ETS304,9209,1789975889,90.0,6.656186,100.313545,0.0
ETS307,9323,1789975889,90.0,1.4632702,103.76581,0.0
ETS301,9425,1789975889,90.0,2.4630487,102.22754,0.0
ETS303,9531,1789975889,90.0,3.085345,101.71399,0.0
ETS302,9528,1789975889,90.0,2.5618863,102.12178,0.0
ETS310,9530,1789975889,90.0,1.7207446,103.52158,0.0
ETS309,9428,1789975889,90.0,3.1265688,101.68023,0.0
ETS304,9209,1789976010,90.0,6.656186,100.313545,0.0
ETS307,9323,1789976010,90.0,1.4632577,103.7657,0.0
ETS301,9425,1789976010,90.0,2.4633808,102.22689,0.0
ETS309,9428,1789976010,90.0,3.1319804,101.68416,0.0
ETS302,9528,1789976010,90.0,2.5920703,102.09628,0.0
ETS310,9530,1789976010,90.0,1.7570696,103.50262,0.0
ETS303,9531,1789976010,90.0,3.0760672,101.71245,0.0
SCS10,weekday_2035,1789975992,21.0,3.1308,101.6818,0.0
SCS18,weekday_2036,1789975992,0.0,3.2371,101.6812,0.0
SCS11,2831,1789975992,69.0,4.7745,100.9278,0.0
EMU33,2941,1789975991,90.0,6.3625,100.309,0.0
SCS13,weekday_2146,1789975981,95.0,3.5994,101.5982,0.0
ETS204,9343,1789975980,0.0,2.5075,102.8129,0.0
ETS206,9449,1789975990,133.0,4.3858,101.089,0.0
DMU06,57,1789975990,0.0,5.9177,102.1562,0.0
SCS13,weekday_2146,1789976071,115.0,3.6159,101.5792,0.0
ETS215,9109,1789976069,117.0,3.89,101.3722,0.0
ETS304,9209,1789976130,90.0,6.656186,100.313545,0.0
ETS310,9530,1789976130,90.0,1.7963411,103.4938,0.0
ETS309,9428,1789976130,90.0,0.0027284583,0.0154984975,0.0
ETS301,9425,1789976130,90.0,2.4592452,102.24798,0.0
ETS302,9528,1789976130,90.0,2.6249323,102.07438,0.0
ETS303,9531,1789976130,90.0,3.0726361,101.710266,0.0
ETS205,9052,1789976074,75.0,3.2412,101.5604,0.0
SCS23,2939,1789976073,114.0,5.8952,100.4757,0.0
DMU09,38,1789976073,0.0,2.58,102.6132,0.0
ETS303,9531,1789976251,90.0,3.0472097,101.70771,0.0
ETS304,9209,1789976251,90.0,6.656186,100.313545,0.0
ETS301,9425,1789976251,90.0,2.4575934,102.28421,0.0
ETS310,9530,1789976251,90.0,1.8118737,103.47948,0.0
ETS309,9428,1789976251,90.0,0.0027284583,0.0154984975,0.0
ETS302,9528,1789976251,90.0,2.6393466,102.0387,0.0
EMU23,2940,1789976239,14.0,5.3916,100.3686,0.0
SCS13,weekday_2146,1789976296,109.0,3.6631,101.5362,0.0
ETS304,9209,1789976371,90.0,6.656186,100.313545,0.0
ETS310,9530,1789976371,90.0,1.8205245,103.46712,0.0
ETS309,9428,1789976371,90.0,0.0027284583,0.0154984975,0.0
ETS301,9425,1789976371,90.0,2.4555602,102.32781,0.0
ETS302,9528,1789976371,90.0,2.654279,102.01121,0.0
ETS303,9531,1789976371,90.0,3.0268123,101.7148,0.0
ETS304,9209,1789976492,90.0,6.656186,100.313545,0.0
ETS301,9425,1789976492,90.0,2.46235,102.3681,0.0
ETS303,9531,1789976492,90.0,3.0115464,101.72551,0.0
ETS302,9528,1789976492,90.0,2.6663284,101.99255,0.0
ETS310,9530,1789976492,90.0,1.8391008,103.43688,0.0
ETS309,9428,1789976492,90.0,3.1356573,101.69125,0.0
SCS23,2939,1789976523,114.0,5.794,100.4836,0.0
DMU10(D6120),60,1789976522,62.0,4.1933,102.0456,0.0
EMU39,2938,1789976515,111.0,5.6697,100.4947,0.0
ETS309,9428,1789976492,90.0,3.1356573,101.69125,0.0
ETS301,9425,1789976492,90.0,2.46235,102.3681,0.0
SCS22,2943,1789976519,115.0,6.6118,100.2641,0.0
SCS24,2936,1789976518,90.0,6.1089,100.3678,0.0
ETS204,9343,1789976505,127.0,2.5719,102.7275,0.0
ETS310,9530,1789976492,90.0,1.8391008,103.43688,0.0
ETS302,9528,1789976492,90.0,2.6663284,101.99255,0.0
ETS303,9531,1789976492,90.0,3.0115464,101.72551,0.0
ETS304,9209,1789976492,90.0,6.656186,100.313545,0.0
ETS310,9530,1789976613,90.0,1.8703297,103.41203,0.0
ETS301,9425,1789976613,90.0,2.4663498,102.40688,0.0
ETS309,9428,1789976613,90.0,3.1390016,101.694664,0.0
ETS304,9209,1789976613,90.0,6.656186,100.313545,0.0
ETS302,9528,1789976613,90.0,2.6837978,101.97544,0.0
ETS303,9531,1789976613,90.0,3.0034578,101.73338,0.0
ETS304,9209,1789976613,90.0,6.656186,100.313545,0.0
ETS310,9530,1789976613,90.0,1.8703297,103.41203,0.0
ETS303,9531,1789976613,90.0,3.0034578,101.73338,0.0
ETS301,9425,1789976613,90.0,2.4663498,102.40688,0.0
ETS302,9528,1789976613,90.0,2.6837978,101.97544,0.0
ETS309,9428,1789976613,90.0,3.1390016,101.694664,0.0
ETS304,9209,1789976734,90.0,6.656186,100.313545,0.0
ETS301,9425,1789976734,90.0,2.4735672,102.416374,0.0
ETS309,9428,1789976734,90.0,3.139182,101.69474,0.0
ETS302,9528,1789976734,90.0,2.7018642,101.95816,0.0
ETS310,9530,1789976734,90.0,1.8841026,103.40571,0.0
ETS303,9531,1789976734,90.0,2.992183,101.74758,0.0
ETS304,9209,1789976734,90.0,6.656186,100.313545,0.0
ETS310,9530,1789976734,90.0,1.8841026,103.40571,0.0
ETS309,9428,1789976734,90.0,3.139182,101.69474,0.0
ETS301,9425,1789976734,90.0,2.4735672,102.416374,0.0
ETS302,9528,1789976734,90.0,2.7018642,101.95816,0.0
ETS303,9531,1789976734,90.0,2.992183,101.74758,0.0
ETS309,9428,1789976855,90.0,3.142573,101.69462,0.0
ETS310,9530,1789976855,90.0,1.9056616,103.39048,0.0
ETS303,9531,1789976854,90.0,2.9937723,101.769226,0.0
ETS301,9425,1789976854,90.0,2.4738498,102.41707,0.0
ETS304,9209,1789976854,90.0,6.656186,100.313545,0.0
ETS302,9528,1789976854,90.0,2.7136931,101.94816,0.0
ETS309,9428,1789976855,90.0,3.142573,101.69462,0.0
ETS310,9530,1789976855,90.0,1.9056616,103.39048,0.0
ETS304,9209,1789976854,90.0,6.656186,100.313545,0.0
ETS301,9425,1789976854,90.0,2.4738498,102.41707,0.0
ETS302,9528,1789976854,90.0,2.7136931,101.94816,0.0
ETS303,9531,1789976854,90.0,2.9937723,101.769226,0.0
ETS304,9209,1789976975,90.0,6.656186,100.313545,0.0
ETS301,9425,1789976975,90.0,2.4781315,102.43317,0.0
ETS309,9428,1789976975,90.0,3.155292,101.69472,0.0
ETS302,9528,1789976975,90.0,2.71821,101.941475,0.0
ETS310,9530,1789976975,90.0,1.9336224,103.36248,0.0
ETS303,9531,1789976975,90.0,2.9895682,101.78931,0.0
ETS304,9209,1789976975,90.0,6.656186,100.313545,0.0
ETS301,9425,1789976975,90.0,2.4781315,102.43317,0.0
ETS303,9531,1789976975,90.0,2.9895682,101.78931,0.0
ETS302,9528,1789976975,90.0,2.71821,101.941475,0.0
ETS310,9530,1789976975,90.0,1.9336224,103.36248,0.0
ETS309,9428,1789976975,90.0,3.155292,101.69472,0.0
ETS304,9209,1789977096,90.0,6.656186,100.313545,0.0
ETS301,9425,1789977096,90.0,2.49918,102.46255,0.0
ETS309,9428,1789977096,90.0,3.1736767,101.68369,0.0
ETS302,9528,1789977096,90.0,2.7193487,101.93925,0.0
ETS310,9530,1789977096,90.0,1.9662945,103.34008,0.0
ETS303,9531,1789977096,90.0,2.9828856,101.79159,0.0
SCS05,weekday_2155,1789977048,107.0,3.453,101.6399,0.0
DMU10(D6120),60,1789977062,16.0,4.2332,101.9892,0.0
SCS23,2939,1789977048,86.0,5.6473,100.4908,0.0
ETS204,9352,1789977060,0.0,2.5794,102.6132,0.0
ETS301,9425,1789977096,90.0,2.49918,102.46255,0.0
ETS304,9209,1789977096,90.0,6.656186,100.313545,0.0
ETS309,9428,1789977096,90.0,3.1736767,101.68369,0.0
ETS302,9528,1789977096,90.0,2.7193487,101.93925,0.0
ETS310,9530,1789977096,90.0,1.9662945,103.34008,0.0
ETS303,9531,1789977096,90.0,2.9828856,101.79159,0.0
ETS310,9530,1789977217,90.0,2.0033073,103.32538,0.0
ETS304,9209,1789977217,90.0,6.656186,100.313545,0.0
ETS303,9531,1789977217,90.0,2.9807584,101.79159,0.0
ETS301,9425,1789977217,90.0,2.5234656,102.49403,0.0
ETS302,9528,1789977217,90.0,2.723529,101.92518,0.0
ETS309,9428,1789977217,90.0,3.1884031,101.66156,0.0
ETS301,9425,1789977217,90.0,2.5234656,102.49403,0.0
ETS303,9531,1789977217,90.0,2.9807584,101.79159,0.0
ETS310,9530,1789977217,90.0,2.0033073,103.32538,0.0
ETS302,9528,1789977217,90.0,2.723529,101.92518,0.0
ETS309,9428,1789977217,90.0,3.1884031,101.66156,0.0
ETS304,9209,1789977217,90.0,6.656186,100.313545,0.0
ETS309,9428,1789977338,90.0,3.2024298,101.6378,0.0
ETS310,9530,1789977338,90.0,2.0344296,103.31834,0.0
ETS302,9528,1789977337,90.0,2.7251718,101.90497,0.0
ETS303,9531,1789977337,90.0,2.9711304,101.79139,0.0
ETS301,9425,1789977337,90.0,2.5538342,102.51627,0.0
ETS304,9209,1789977337,90.0,6.656186,100.313545,0.0
SCS28,weekday_2011,1789977306,0.0,3.1907,101.6877,0.0
EMU23,2940,1789977305,117.0,5.4404,100.49,0.0
SCS21,weekday_2150,1789977305,59.0,3.3097,101.575,0.0
ETS309,9428,1789977338,90.0,3.2024298,101.6378,0.0
ETS310,9530,1789977338,90.0,2.0344296,103.31834,0.0
ETS302,9528,1789977337,90.0,2.7251718,101.90497,0.0
ETS303,9531,1789977337,90.0,2.9711304,101.79139,0.0
ETS301,9425,1789977337,90.0,2.5538342,102.51627,0.0
ETS304,9209,1789977337,90.0,6.656186,100.313545,0.0
ETS304,9209,1789977458,90.0,6.656186,100.313545,0.0
ETS310,9530,1789977458,90.0,2.0370238,103.31763,0.0
ETS303,9531,1789977458,90.0,2.9456472,101.78838,0.0
ETS301,9425,1789977458,90.0,2.574327,102.553696,0.0
ETS302,9528,1789977458,90.0,2.738008,101.885155,0.0
ETS309,9428,1789977458,90.0,3.2032418,101.61479,0.0
DMU09,38,1789977498,77.0,2.7517,102.472,0.0
SCS22,2943,1789977494,114.0,6.3871,100.2907,0.0
SCS11,2831,1789977492,113.0,4.6622,101.1276,0.0
EMU39,2938,1789977489,117.0,5.9161,100.4677,0.0
ETS309,9428,1789977458,90.0,3.2032418,101.61479,0.0
ETS301,9425,1789977458,90.0,2.574327,102.553696,0.0
ETS304,9209,1789977458,90.0,6.656186,100.313545,0.0
ETS310,9530,1789977458,90.0,2.0370238,103.31763,0.0
ETS302,9528,1789977458,90.0,2.738008,101.885155,0.0
ETS303,9531,1789977458,90.0,2.9456472,101.78838,0.0
ETS310,9530,1789977579,90.0,2.062335,103.30363,0.0
ETS309,9428,1789977579,90.0,0.0027284583,0.0154984975,0.0
ETS303,9531,1789977578,90.0,2.9271836,101.794815,0.0
ETS302,9528,1789977578,90.0,2.745717,101.855225,0.0
ETS301,9425,1789977578,90.0,2.582134,102.57917,0.0
ETS304,9209,1789977578,90.0,6.656186,100.313545,0.0
ETS309,9428,1789977579,90.0,0.0027284583,0.0154984975,0.0
ETS310,9530,1789977579,90.0,2.062335,103.30363,0.0
ETS303,9531,1789977578,90.0,2.9271836,101.794815,0.0
ETS302,9528,1789977578,90.0,2.745717,101.855225,0.0
ETS304,9209,1789977578,90.0,6.656186,100.313545,0.0
ETS301,9425,1789977578,90.0,2.582134,102.57917,0.0
ETS304,9209,1789977699,90.0,6.656186,100.313545,0.0
ETS301,9425,1789977699,90.0,2.5760748,102.60366,0.0
ETS303,9531,1789977699,90.0,2.9078605,101.79546,0.0
ETS302,9528,1789977699,90.0,2.7537923,101.82667,0.0
ETS310,9530,1789977699,90.0,2.093969,103.278885,0.0
ETS309,9428,1789977699,90.0,3.2055743,101.58095,0.0
ETS304,9209,1789977699,90.0,6.656186,100.313545,0.0
ETS301,9425,1789977699,90.0,2.5760748,102.60366,0.0
ETS303,9531,1789977699,90.0,2.9078605,101.79546,0.0
ETS302,9528,1789977699,90.0,2.7537923,101.82667,0.0
ETS310,9530,1789977699,90.0,2.093969,103.278885,0.0
ETS309,9428,1789977699,90.0,3.2055743,101.58095,0.0
ETS309,9428,1789977820,90.0,3.205618,101.580956,0.0
ETS301,9425,1789977820,90.0,2.5791192,102.61478,0.0
ETS304,9209,1789977820,90.0,4.778046,100.85219,0.0
ETS302,9528,1789977820,90.0,2.7697444,101.80536,0.0
ETS310,9530,1789977820,90.0,2.1308281,103.261536,0.0
ETS303,9531,1789977820,90.0,2.9058566,101.79083,0.0
SCS05,weekday_2155,1789977783,49.0,3.3317,101.5696,0.0
DMU09,38,1789977783,70.0,2.7891,102.4337,0.0
SCS23,2939,1789977783,0.0,5.4816,100.4978,0.0
DMU10(D6120),60,1789977782,53.0,4.273,101.9218,0.0
ETS310,9530,1789977820,90.0,2.1308281,103.261536,0.0
ETS309,9428,1789977820,90.0,3.205618,101.580956,0.0
ETS302,9528,1789977820,90.0,2.7697444,101.80536,0.0
ETS303,9531,1789977820,90.0,2.9058566,101.79083,0.0
ETS301,9425,1789977820,90.0,2.5791192,102.61478,0.0
ETS304,9209,1789977820,90.0,4.778046,100.85219,0.0
ETS309,9428,1789977941,90.0,3.2056475,101.58096,0.0
ETS310,9530,1789977941,90.0,2.1525986,103.23136,0.0
ETS301,9425,1789977940,90.0,2.5791793,102.615036,0.0
ETS302,9528,1789977940,90.0,2.8010032,101.80007,0.0
ETS303,9531,1789977940,90.0,2.8977852,101.786224,0.0
ETS304,9209,1789977940,90.0,4.771785,100.892975,0.0
ETS310,9530,1789977941,90.0,2.1525986,103.23136,0.0
ETS309,9428,1789977941,90.0,3.2056475,101.58096,0.0
ETS304,9209,1789977940,90.0,4.771785,100.892975,0.0
ETS301,9425,1789977940,90.0,2.5791793,102.615036,0.0
ETS302,9528,1789977940,90.0,2.8010032,101.80007,0.0
ETS303,9531,1789977940,90.0,2.8977852,101.786224,0.0
ETS310,9530,1789978061,90.0,2.182217,103.20639,0.0
ETS302,9528,1789978061,90.0,2.818233,101.81824,0.0
ETS309,9428,1789978061,90.0,0.0027284583,0.0154984975,0.0
ETS301,9425,1789978061,90.0,2.5831769,102.63774,0.0
ETS304,9209,1789978061,90.0,4.7738914,100.92065,0.0
ETS303,9531,1789978061,90.0,2.8827522,101.81115,0.0
ETS301,9425,1789978061,90.0,2.5831769,102.63774,0.0
ETS302,9528,1789978061,90.0,2.818233,101.81824,0.0
ETS309,9428,1789978061,90.0,0.0027284583,0.0154984975,0.0
ETS303,9531,1789978061,90.0,2.8827522,101.81115,0.0
ETS310,9530,1789978061,90.0,2.182217,103.20639,0.0
ETS304,9209,1789978061,90.0,4.7738914,100.92065,0.0
ETS309,9428,1789978182,90.0,3.2206874,101.56562,0.0
ETS310,9530,1789978182,90.0,2.1905594,103.19153,0.0
ETS303,9531,1789978181,90.0,2.8699465,101.81935,0.0
ETS301,9425,1789978181,90.0,2.5836437,102.67756,0.0
ETS304,9209,1789978181,90.0,4.7903824,100.93706,0.0
ETS302,9528,1789978181,90.0,2.8224797,101.82198,0.0
ETS309,9428,1789978182,90.0,3.2206874,101.56562,0.0
ETS310,9530,1789978182,90.0,2.1905594,103.19153,0.0
ETS302,9528,1789978181,90.0,2.8224797,101.82198,0.0
ETS301,9425,1789978181,90.0,2.5836437,102.67756,0.0
ETS304,9209,1789978181,90.0,4.7903824,100.93706,0.0
ETS303,9531,1789978181,90.0,2.8699465,101.81935,0.0
ETS304,9209,1789978302,90.0,4.8267837,100.95298,0.0
ETS301,9425,1789978302,90.0,2.578338,102.71888,0.0
ETS303,9531,1789978302,90.0,2.86035,101.82113,0.0
ETS302,9528,1789978302,90.0,2.8285754,101.82758,0.0
ETS310,9530,1789978302,90.0,2.2022293,103.18011,0.0
ETS309,9428,1789978302,90.0,3.2470684,101.55879,0.0
ETS304,9209,1789978302,90.0,4.8267837,100.95298,0.0
ETS301,9425,1789978302,90.0,2.578338,102.71888,0.0
ETS303,9531,1789978302,90.0,2.86035,101.82113,0.0
ETS302,9528,1789978302,90.0,2.8285754,101.82758,0.0
ETS310,9530,1789978302,90.0,2.2022293,103.18011,0.0
ETS309,9428,1789978302,90.0,3.2470684,101.55879,0.0
ETS310,9530,1789978423,90.0,2.2349887,103.15633,0.0
ETS309,9428,1789978423,90.0,3.2697647,101.56088,0.0
ETS302,9528,1789978422,90.0,2.8330529,101.82844,0.0
ETS303,9531,1789978422,90.0,2.8508058,101.82385,0.0
ETS304,9209,1789978422,90.0,4.8434796,100.98973,0.0
ETS301,9425,1789978422,90.0,2.5567362,102.752754,0.0
SCS07,weekday_2154,1789978407,0.0,3.1362,101.6896,0.0
ETS208,9442,1789978406,0.0,5.0282,100.5275,0.0
DMU03,56,1789978405,60.0,5.3516,102.2235,0.0
ETS206,9449,1789978405,110.0,3.8302,101.4002,0.0
ETS216,9133,1789978405,96.0,5.365,100.4201,0.0
EMU24,2839,1789978391,42.0,5.3868,100.3746,0.0
ETS309,9428,1789978423,90.0,3.2697647,101.56088,0.0
ETS310,9530,1789978423,90.0,2.2349887,103.15633,0.0
ETS304,9209,1789978422,90.0,4.8434796,100.98973,0.0
ETS301,9425,1789978422,90.0,2.5567362,102.752754,0.0
ETS302,9528,1789978422,90.0,2.8330529,101.82844,0.0
ETS303,9531,1789978422,90.0,2.8508058,101.82385,0.0
ETS310,9530,1789978544,90.0,2.2666092,103.14731,0.0
ETS309,9428,1789978544,90.0,0.0027284583,0.0154984975,0.0
ETS302,9528,1789978543,90.0,2.8330626,101.828445,0.0
ETS301,9425,1789978543,90.0,2.5331426,102.781685,0.0
ETS304,9209,1789978543,90.0,4.82827,101.02652,0.0
ETS303,9531,1789978543,90.0,2.8326735,101.82834,0.0
ETS304,9209,1789978543,90.0,4.82827,101.02652,0.0
ETS302,9528,1789978543,90.0,2.8330626,101.828445,0.0
ETS303,9531,1789978543,90.0,2.8326735,101.82834,0.0
ETS309,9428,1789978544,90.0,0.0027284583,0.0154984975,0.0
ETS310,9530,1789978544,90.0,2.2666092,103.14731,0.0
ETS301,9425,1789978543,90.0,2.5331426,102.781685,0.0
ETS301,9425,1789978664,90.0,2.512056,102.81023,0.0
ETS310,9530,1789978664,90.0,2.2964916,103.13066,0.0
ETS304,9209,1789978664,90.0,4.821751,101.06593,0.0
ETS303,9531,1789978664,90.0,2.817292,101.81743,0.0
ETS309,9428,1789978664,90.0,3.314236,101.57582,0.0
ETS302,9528,1789978664,90.0,2.8387258,101.82918,0.0
SCS13,weekday_2161,1789978636,46.0,3.6778,101.5256,0.0
DMU03,56,1789978600,41.0,5.3747,102.2319,0.0
DMU09,38,1789978593,0.0,2.8117,102.4036,0.0
SCS23,2939,1789978593,92.0,5.364,100.4347,0.0
DMU10(D6120),60,1789978592,49.0,4.3715,101.9248,0.0
DMU11(D6122),58,1789978635,45.0,4.9681,102.012,0.0
SCS22,2943,1789978634,114.0,6.1305,100.3776,0.0
SCS21,weekday_2150,1789978625,0.0,3.5009,101.6341,0.0
SCS28,weekday_2011,1789978596,0.0,3.1907,101.6877,0.0
ETS304,9209,1789978664,90.0,4.821751,101.06593,0.0
ETS310,9530,1789978664,90.0,2.2964916,103.13066,0.0
ETS303,9531,1789978664,90.0,2.817292,101.81743,0.0
ETS301,9425,1789978664,90.0,2.512056,102.81023,0.0
ETS302,9528,1789978664,90.0,2.8387258,101.82918,0.0
ETS309,9428,1789978664,90.0,3.314236,101.57582,0.0
ETS309,9428,1789978785,90.0,3.3325765,101.57178,0.0
ETS310,9530,1789978785,90.0,2.3012145,103.127754,0.0
ETS304,9209,1789978784,90.0,4.7923803,101.09489,0.0
ETS301,9425,1789978784,90.0,2.5066566,102.81464,0.0
ETS302,9528,1789978784,90.0,2.8591745,101.82145,0.0
ETS303,9531,1789978784,90.0,2.798796,101.79824,0.0
ETS309,9428,1789978785,90.0,3.3325765,101.57178,0.0
ETS310,9530,1789978785,90.0,2.3012145,103.127754,0.0
ETS302,9528,1789978784,90.0,2.8591745,101.82145,0.0
ETS303,9531,1789978784,90.0,2.798796,101.79824,0.0
ETS301,9425,1789978784,90.0,2.5066566,102.81464,0.0
ETS304,9209,1789978784,90.0,4.7923803,101.09489,0.0
ETS304,9209,1789978905,90.0,4.757821,101.11795,0.0
ETS301,9425,1789978905,90.0,2.5050995,102.81652,0.0
ETS309,9428,1789978905,90.0,0.0027284583,0.0154984975,0.0
ETS307,9532,1789978905,90.0,1.4629333,103.76613,0.0
ETS310,9530,1789978905,90.0,2.3219402,103.10072,0.0
ETS303,9531,1789978905,90.0,2.7685087,101.80579,0.0
ETS302,9528,1789978905,90.0,2.8829832,101.810875,0.0
ETS304,9209,1789978905,90.0,4.757821,101.11795,0.0
ETS309,9428,1789978905,90.0,0.0027284583,0.0154984975,0.0
ETS302,9528,1789978905,90.0,2.8829832,101.810875,0.0
ETS310,9530,1789978905,90.0,2.3219402,103.10072,0.0
ETS303,9531,1789978905,90.0,2.7685087,101.80579,0.0
ETS307,9532,1789978905,90.0,1.4629333,103.76613,0.0
ETS301,9425,1789978905,90.0,2.5050995,102.81652,0.0
ETS205,9052,1789978894,108.0,3.6927,101.5098,0.0
SCS23,2939,1789978893,97.0,5.3729,100.4011,0.0
SCS05,weekday_2155,1789978893,58.0,3.2119,101.5728,0.0
DMU09,38,1789978893,0.0,2.8117,102.4035,0.0
DMU10(D6120),60,1789978892,54.0,4.4152,101.9287,0.0
ETS304,9209,1789979026,90.0,4.7166514,101.1238,0.0
ETS301,9425,1789979026,90.0,2.4890647,102.84752,0.0
ETS309,9428,1789979026,90.0,3.36767,101.60675,0.0
ETS302,9528,1789979026,90.0,2.896885,101.78687,0.0
ETS310,9530,1789979026,90.0,2.3441772,103.068924,0.0
ETS303,9531,1789979026,90.0,2.7529514,101.82969,0.0
ETS307,9532,1789979026,90.0,1.4690655,103.76171,0.0
ETS310,9530,1789979026,90.0,2.3441772,103.068924,0.0
ETS309,9428,1789979026,90.0,3.36767,101.60675,0.0
ETS304,9209,1789979026,90.0,4.7166514,101.1238,0.0
ETS302,9528,1789979026,90.0,2.896885,101.78687,0.0
ETS307,9532,1789979026,90.0,1.4690655,103.76171,0.0
ETS301,9425,1789979026,90.0,2.4890647,102.84752,0.0
ETS303,9531,1789979026,90.0,2.7529514,101.82969,0.0
ETS302,9528,1789979147,90.0,2.9028747,101.78703,0.0
ETS304,9209,1789979147,90.0,4.682044,101.14237,0.0
ETS301,9425,1789979147,90.0,2.4878938,102.88494,0.0
ETS307,9532,1789979147,90.0,1.4891548,103.758385,0.0
ETS303,9531,1789979147,90.0,2.744903,101.85814,0.0
ETS310,9530,1789979147,90.0,2.3698983,103.03925,0.0
ETS309,9428,1789979147,90.0,3.395474,101.62925,0.0
ETS304,9209,1789979147,90.0,4.682044,101.14237,0.0
ETS310,9530,1789979147,90.0,2.3698983,103.03925,0.0
ETS302,9528,1789979147,90.0,2.9028747,101.78703,0.0
ETS303,9531,1789979147,90.0,2.744903,101.85814,0.0
ETS301,9425,1789979147,90.0,2.4878938,102.88494,0.0
ETS307,9532,1789979147,90.0,1.4891548,103.758385,0.0
ETS309,9428,1789979147,90.0,3.395474,101.62925,0.0
ETS309,9428,1789979268,90.0,0.0027284583,0.0154984975,0.0
ETS310,9530,1789979268,90.0,2.3829226,103.02137,0.0
ETS302,9528,1789979267,90.0,2.9062524,101.79292,0.0
ETS303,9531,1789979267,90.0,2.7392943,101.88824,0.0
ETS301,9425,1789979267,90.0,2.4719474,102.91976,0.0
ETS304,9209,1789979267,90.0,4.6474257,101.11802,0.0
ETS307,9532,1789979267,90.0,1.5178514,103.74284,0.0
ETS301,9425,1789979267,90.0,2.4719474,102.91976,0.0
ETS304,9209,1789979267,90.0,4.6474257,101.11802,0.0
ETS303,9531,1789979267,90.0,2.7392943,101.88824,0.0
DMU03,56,1789979260,25.0,5.4167,102.239,0.0
ETS206,9449,1789979260,0.0,3.8158,101.4125,0.0
DMU13,39,1789979257,0.0,4.1173,102.1994,0.0
EMU23,2940,1789979256,116.0,5.9041,100.4722,0.0
SCS21,weekday_2150,1789979255,85.0,3.5994,101.5988,0.0
ETS309,9428,1789979268,90.0,0.0027284583,0.0154984975,0.0
ETS310,9530,1789979268,90.0,2.3829226,103.02137,0.0
ETS302,9528,1789979267,90.0,2.9062524,101.79292,0.0
ETS307,9532,1789979267,90.0,1.5178514,103.74284,0.0
ETS304,9209,1789979388,90.0,4.6166196,101.095116,0.0
ETS301,9425,1789979388,90.0,2.4652236,102.95729,0.0
ETS309,9428,1789979388,90.0,3.4603972,101.63894,0.0
ETS302,9528,1789979388,90.0,2.918901,101.7975,0.0
ETS310,9530,1789979388,90.0,2.3830469,103.02127,0.0
ETS307,9532,1789979388,90.0,1.536152,103.725296,0.0
ETS303,9531,1789979388,90.0,2.7246184,101.90774,0.0
ETS304,9209,1789979388,90.0,4.6166196,101.095116,0.0
ETS310,9530,1789979388,90.0,2.3830469,103.02127,0.0
ETS307,9532,1789979388,90.0,1.536152,103.725296,0.0
ETS303,9531,1789979388,90.0,2.7246184,101.90774,0.0
ETS301,9425,1789979388,90.0,2.4652236,102.95729,0.0
ETS302,9528,1789979388,90.0,2.918901,101.7975,0.0
ETS309,9428,1789979388,90.0,3.4603972,101.63894,0.0
ETS310,9530,1789979509,90.0,2.4014788,103.011925,0.0
ETS309,9428,1789979509,90.0,3.4933352,101.636055,0.0
ETS307,9532,1789979509,90.0,1.5365232,103.72454,0.0
ETS302,9528,1789979508,90.0,2.9406621,101.78757,0.0
ETS301,9425,1789979508,90.0,2.4408784,102.99031,0.0
ETS304,9209,1789979508,90.0,4.6066628,101.07813,0.0
ETS303,9531,1789979508,90.0,2.7232234,101.92436,0.0
ETS310,9530,1789979509,90.0,2.4014788,103.011925,0.0
ETS309,9428,1789979509,90.0,3.4933352,101.636055,0.0
ETS307,9532,1789979509,90.0,1.5365232,103.72454,0.0
ETS302,9528,1789979508,90.0,2.9406621,101.78757,0.0
ETS301,9425,1789979508,90.0,2.4408784,102.99031,0.0
ETS304,9209,1789979508,90.0,4.6066628,101.07813,0.0
ETS303,9531,1789979508,90.0,2.7232234,101.92436,0.0
ETS304,9209,1789979629,90.0,4.597106,101.07458,0.0
ETS301,9425,1789979629,90.0,2.4062994,103.00956,0.0
ETS309,9428,1789979629,90.0,3.5233889,101.63037,0.0
ETS307,9532,1789979629,90.0,1.5403728,103.71023,0.0
ETS310,9530,1789979629,90.0,2.4374483,102.99346,0.0
ETS303,9531,1789979629,90.0,2.7206092,101.93536,0.0
ETS302,9528,1789979629,90.0,2.9645844,101.792145,0.0
ETS304,9209,1789979629,90.0,4.597106,101.07458,0.0
ETS301,9425,1789979629,90.0,2.4062994,103.00956,0.0
ETS309,9428,1789979629,90.0,3.5233889,101.63037,0.0
ETS307,9532,1789979629,90.0,1.5403728,103.71023,0.0
ETS310,9530,1789979629,90.0,2.4374483,102.99346,0.0
ETS303,9531,1789979629,90.0,2.7206092,101.93536,0.0
ETS302,9528,1789979629,90.0,2.9645844,101.792145,0.0
SCS23,2944,1789979703,0.0,5.3931,100.3666,0.0
EMU39,2938,1789979703,117.0,6.4148,100.2742,0.0
SCS05,weekday_2155,1789979703,82.0,3.2009,101.6018,0.0
SCS13,weekday_2161,1789979701,26.0,3.5007,101.6341,0.0
ETS208,9442,1789979696,98.0,5.3035,100.479,0.0
ETS304,9209,1789979750,90.0,4.5970078,101.07448,0.0
ETS301,9425,1789979750,90.0,2.3829772,103.02135,0.0
ETS309,9428,1789979750,90.0,3.551032,101.6406,0.0
ETS302,9528,1789979750,90.0,2.9763966,101.79149,0.0
ETS310,9530,1789979750,90.0,2.4628692,102.96145,0.0
ETS307,9532,1789979750,90.0,1.5639131,103.6911,0.0
ETS303,9531,1789979750,90.0,2.718664,101.94083,0.0
EMU24,2839,1789979705,115.0,5.2131,100.4913,0.0
ETS205,9052,1789979704,60.0,3.8332,101.3983,0.0
ETS304,9209,1789979750,90.0,4.5970078,101.07448,0.0
ETS301,9425,1789979750,90.0,2.3829772,103.02135,0.0
ETS309,9428,1789979750,90.0,3.551032,101.6406,0.0
ETS302,9528,1789979750,90.0,2.9763966,101.79149,0.0
ETS310,9530,1789979750,90.0,2.4628692,102.96145,0.0
ETS303,9531,1789979750,90.0,2.718664,101.94083,0.0
ETS307,9532,1789979750,90.0,1.5639131,103.6911,0.0
ETS309,9428,1789979870,90.0,3.571302,101.61628,0.0
ETS301,9425,1789979870,90.0,2.3798876,103.02559,0.0
ETS310,9530,1789979870,90.0,2.4713385,102.922775,0.0
ETS302,9528,1789979870,90.0,2.981844,101.79158,0.0
ETS307,9532,1789979870,90.0,1.5820749,103.665405,0.0
ETS304,9209,1789979870,90.0,4.5953965,101.07376,0.0
ETS303,9531,1789979870,90.0,2.7177792,101.94209,0.0
DMU11(D6122),58,1789979910,42.0,5.0614,102.0692,0.0
SCS22,2943,1789979909,108.0,5.8333,100.4772,0.0
ETS215,9109,1789979909,33.0,3.1698,101.6854,0.0
EMU24,2839,1789979905,0.0,5.1698,100.4797,0.0
ETS204,9352,1789979895,128.0,2.6287,102.0675,0.0
ETS309,9428,1789979870,90.0,3.571302,101.61628,0.0
ETS302,9528,1789979870,90.0,2.981844,101.79158,0.0
ETS310,9530,1789979870,90.0,2.4713385,102.922775,0.0
ETS303,9531,1789979870,90.0,2.7177792,101.94209,0.0
ETS301,9425,1789979870,90.0,2.3798876,103.02559,0.0
ETS304,9209,1789979870,90.0,4.5953965,101.07376,0.0
ETS307,9532,1789979870,90.0,1.5820749,103.665405,0.0
ETS310,9530,1789979991,90.0,2.4871674,102.887,0.0
ETS307,9532,1789979991,90.0,1.6167191,103.648766,0.0
ETS309,9428,1789979991,90.0,3.598272,101.600464,0.0
ETS303,9531,1789979990,90.0,2.7047951,101.95445,0.0
ETS302,9528,1789979990,90.0,2.9836664,101.79152,0.0
ETS301,9425,1789979990,90.0,2.3598003,103.05319,0.0
ETS304,9209,1789979990,90.0,4.5829706,101.07032,0.0
DMU09,38,1789979913,74.0,2.899,102.3849,0.0
EMU39,2938,1789979913,92.0,6.4413,100.2651,0.0
SCS05,weekday_2155,1789979913,3.0,3.2087,101.6278,0.0
SCS07,weekday_2154,1789980008,71.0,3.2015,101.5908,0.0
EMU33,2941,1789980008,109.0,5.4304,100.4856,0.0
ETS205,9052,1789980004,75.0,3.8922,101.368,0.0
DMU13,39,1789980007,26.0,4.0751,102.2732,0.0
ETS310,9530,1789979991,90.0,2.4871674,102.887,0.0
ETS307,9532,1789979991,90.0,1.6167191,103.648766,0.0
ETS309,9428,1789979991,90.0,3.598272,101.600464,0.0
ETS304,9209,1789979990,90.0,4.5829706,101.07032,0.0
ETS303,9531,1789979990,90.0,2.7047951,101.95445,0.0
ETS302,9528,1789979990,90.0,2.9836664,101.79152,0.0
ETS301,9425,1789979990,90.0,2.3598003,103.05319,0.0
ETS216,9133,1789979993,136.0,5.0512,100.5156,0.0
ETS301,9425,1789980111,90.0,2.3337445,103.08394,0.0
ETS304,9209,1789980111,90.0,4.550977,101.05657,0.0
ETS307,9532,1789980111,90.0,1.6451973,103.62171,0.0
ETS303,9531,1789980111,90.0,2.6901116,101.97271,0.0
ETS310,9530,1789980111,90.0,2.488945,102.847786,0.0
ETS302,9528,1789980111,90.0,2.9925535,101.78215,0.0
ETS309,9428,1789980111,90.0,3.6199481,101.57339,0.0
ETS310,9530,1789980111,90.0,2.488945,102.847786,0.0
ETS302,9528,1789980111,90.0,2.9925535,101.78215,0.0
ETS307,9532,1789980111,90.0,1.6451973,103.62171,0.0
ETS303,9531,1789980111,90.0,2.6901116,101.97271,0.0
ETS304,9209,1789980111,90.0,4.550977,101.05657,0.0
ETS301,9425,1789980111,90.0,2.3337445,103.08394,0.0
ETS309,9428,1789980111,90.0,3.6199481,101.57339,0.0
ETS304,9209,1789980231,90.0,4.537144,101.054,0.0
ETS301,9425,1789980231,90.0,2.3134115,103.1193,0.0
ETS309,9428,1789980231,90.0,3.648785,101.55018,0.0
ETS307,9532,1789980231,90.0,1.6645262,103.59926,0.0
ETS310,9530,1789980231,90.0,2.505298,102.81624,0.0
ETS303,9531,1789980231,90.0,2.6717253,101.98634,0.0
ETS302,9528,1789980231,90.0,2.9910014,101.75499,0.0
ETS304,9209,1789980231,90.0,4.537144,101.054,0.0
ETS301,9425,1789980231,90.0,2.3134115,103.1193,0.0
ETS309,9428,1789980231,90.0,3.648785,101.55018,0.0
ETS307,9532,1789980231,90.0,1.6645262,103.59926,0.0
ETS310,9530,1789980231,90.0,2.505298,102.81624,0.0
ETS303,9531,1789980231,90.0,2.6717253,101.98634,0.0
ETS302,9528,1789980231,90.0,2.9910014,101.75499,0.0
ETS304,9209,1789980352,90.0,4.5257215,101.0519,0.0
ETS301,9425,1789980352,90.0,2.2799008,103.140854,0.0
ETS309,9428,1789980352,90.0,3.6781318,101.5255,0.0
ETS307,9532,1789980352,90.0,1.6652671,103.59741,0.0
ETS310,9530,1789980352,90.0,2.5072026,102.81391,0.0
ETS303,9531,1789980352,90.0,2.6572104,102.00405,0.0
ETS302,9528,1789980352,90.0,3.0039725,101.731224,0.0
ETS304,9209,1789980352,90.0,4.5257215,101.0519,0.0
ETS301,9425,1789980352,90.0,2.2799008,103.140854,0.0
ETS309,9428,1789980352,90.0,3.6781318,101.5255,0.0
ETS307,9532,1789980352,90.0,1.6652671,103.59741,0.0
ETS310,9530,1789980352,90.0,2.5072026,102.81391,0.0
ETS303,9531,1789980352,90.0,2.6572104,102.00405,0.0
ETS302,9528,1789980352,90.0,3.0039725,101.731224,0.0
ETS310,9530,1789980473,90.0,2.5170465,102.80176,0.0
ETS309,9428,1789980473,90.0,3.683922,101.51937,0.0
ETS307,9532,1789980473,90.0,1.6814204,103.5764,0.0
ETS302,9528,1789980472,90.0,3.0228782,101.716896,0.0
ETS301,9425,1789980472,90.0,2.2465029,103.15197,0.0
ETS304,9209,1789980472,90.0,4.513283,101.04961,0.0
ETS303,9531,1789980472,90.0,2.652847,102.02597,0.0
ETS310,9530,1789980473,90.0,2.5170465,102.80176,0.0
ETS309,9428,1789980473,90.0,3.683922,101.51937,0.0
ETS307,9532,1789980473,90.0,1.6814204,103.5764,0.0
ETS302,9528,1789980472,90.0,3.0228782,101.716896,0.0
ETS301,9425,1789980472,90.0,2.2465029,103.15197,0.0
ETS304,9209,1789980472,90.0,4.513283,101.04961,0.0
ETS303,9531,1789980472,90.0,2.652847,102.02597,0.0
DMU03,56,1789980520,0.0,5.5295,102.2032,0.0
DMU06,57,1789980520,0.0,5.5304,102.2028,0.0
SCS07,weekday_2154,1789980518,39.0,3.254,101.5546,0.0
DMU13,39,1789980517,70.0,4.0092,102.3206,0.0
ETS309,9428,1789980593,90.0,3.683922,101.51937,0.0
ETS307,9532,1789980593,90.0,1.6814204,103.5764,0.0
ETS303,9531,1789980593,90.0,2.652847,102.02597,0.0
ETS310,9530,1789980593,90.0,2.5170465,102.80176,0.0
ETS302,9528,1789980593,90.0,3.0228782,101.716896,0.0
ETS304,9209,1789980593,90.0,4.513283,101.04961,0.0
ETS301,9425,1789980593,90.0,2.2465029,103.15197,0.0
ETS206,9449,1789980520,0.0,3.8158,101.4125,0.0
SCS28,weekday_2011,1789980516,16.0,3.1804,101.6881,0.0
SCS10,weekday_2044,1789980516,0.0,3.1323,101.6835,0.0
ETS205,9052,1789980514,0.0,4.0055,101.3019,0.0
EMU39,2938,1789980603,119.0,6.5893,100.2629,0.0
DMU09,38,1789980603,70.0,3.0169,102.3799,0.0
SCS13,weekday_2161,1789980601,88.0,3.3631,101.5795,0.0
DMU10(D6120),60,1789980602,61.0,4.5905,101.9844,0.0
ETS309,9428,1789980593,90.0,3.683922,101.51937,0.0
ETS301,9425,1789980593,90.0,2.2465029,103.15197,0.0
EMU23,2940,1789980601,87.0,6.1883,100.3715,0.0
ETS304,9209,1789980593,90.0,4.513283,101.04961,0.0
ETS302,9528,1789980593,90.0,3.0228782,101.716896,0.0
ETS307,9532,1789980593,90.0,1.6814204,103.5764,0.0
ETS303,9531,1789980593,90.0,2.652847,102.02597,0.0
ETS310,9530,1789980593,90.0,2.5170465,102.80176,0.0
SCS23,2944,1789980603,35.0,5.3572,100.4642,0.0
ETS204,9352,1789980600,34.0,2.7126,101.9498,0.0
ETS304,9209,1789980714,90.0,4.4598155,101.049995,0.0
ETS310,9530,1789980714,90.0,2.5635011,102.74051,0.0
ETS302,9528,1789980714,90.0,3.0752275,101.71168,0.0
ETS303,9531,1789980714,90.0,2.6064808,102.08768,0.0
ETS301,9425,1789980714,90.0,2.190617,103.19146,0.0
ETS307,9532,1789980714,90.0,1.7368531,103.51149,0.0
ETS309,9428,1789980714,90.0,3.6839378,101.51936,0.0
ETS304,9209,1789980714,90.0,4.4598155,101.049995,0.0
ETS310,9530,1789980714,90.0,2.5635011,102.74051,0.0
ETS302,9528,1789980714,90.0,3.0752275,101.71168,0.0
ETS303,9531,1789980714,90.0,2.6064808,102.08768,0.0
ETS301,9425,1789980714,90.0,2.190617,103.19146,0.0
ETS307,9532,1789980714,90.0,1.7368531,103.51149,0.0
ETS309,9428,1789980714,90.0,3.6839378,101.51936,0.0
ETS304,9209,1789980834,90.0,4.456859,101.05137,0.0
ETS301,9425,1789980834,90.0,2.17906,103.21583,0.0
ETS309,9428,1789980834,90.0,3.6951814,101.50743,0.0
ETS307,9532,1789980834,90.0,1.7753732,103.496574,0.0
ETS310,9530,1789980834,90.0,2.5806994,102.70554,0.0
ETS303,9531,1789980834,90.0,2.573179,102.107574,0.0
ETS302,9528,1789980834,90.0,3.0755286,101.71186,0.0
ETS304,9209,1789980834,90.0,4.456859,101.05137,0.0
ETS301,9425,1789980834,90.0,2.17906,103.21583,0.0
ETS309,9428,1789980834,90.0,3.6951814,101.50743,0.0
ETS302,9528,1789980834,90.0,3.0755286,101.71186,0.0
ETS310,9530,1789980834,90.0,2.5806994,102.70554,0.0
ETS303,9531,1789980834,90.0,2.573179,102.107574,0.0
ETS307,9532,1789980834,90.0,1.7753732,103.496574,0.0
ETS310,9530,1789980955,90.0,2.5832777,102.66686,0.0
ETS309,9428,1789980955,90.0,0.0027284583,0.0154984975,0.0
ETS307,9532,1789980955,90.0,1.8093904,103.48215,0.0
ETS302,9528,1789980954,90.0,3.0865276,101.71219,0.0
ETS301,9425,1789980954,90.0,2.1472266,103.23616,0.0
ETS304,9209,1789980954,90.0,4.4444366,101.05709,0.0
ETS303,9531,1789980954,90.0,2.5497088,102.13745,0.0
ETS310,9530,1789980955,90.0,2.5832777,102.66686,0.0
ETS309,9428,1789980955,90.0,0.0027284583,0.0154984975,0.0
ETS307,9532,1789980955,90.0,1.8093904,103.48215,0.0
ETS302,9528,1789980954,90.0,3.0865276,101.71219,0.0
ETS301,9425,1789980954,90.0,2.1472266,103.23616,0.0
ETS304,9209,1789980954,90.0,4.4444366,101.05709,0.0
ETS303,9531,1789980954,90.0,2.5497088,102.13745,0.0
ETS304,9209,1789981075,90.0,4.4268146,101.0662,0.0
ETS301,9425,1789981075,90.0,2.1222804,103.2635,0.0
ETS309,9428,1789981075,90.0,3.7367308,101.45657,0.0
ETS307,9532,1789981075,90.0,1.8129725,103.47819,0.0
ETS310,9530,1789981075,90.0,2.5819983,102.62872,0.0
ETS303,9531,1789981075,90.0,2.521862,102.16762,0.0
ETS302,9528,1789981075,90.0,3.0974429,101.706726,0.0
ETS205,9052,1789981099,110.0,4.1332,101.221,0.0
DMU11(D6122),58,1789981095,9.0,5.1444,102.0452,0.0
ETS204,9352,1789981095,57.0,2.723,101.928,0.0
SCS11,2834,1789981092,99.0,4.6687,101.1326,0.0
ETS208,9442,1789981061,136.0,5.5847,100.4946,0.0
DMU03,56,1789981060,51.0,5.4855,102.2178,0.0
ETS206,9449,1789981060,0.0,3.8158,101.4125,0.0
ETS216,9133,1789981060,131.0,4.8902,100.7201,0.0
DMU09,38,1789981053,72.0,3.0978,102.3728,0.0
ETS309,9428,1789981075,90.0,3.7367308,101.45657,0.0
ETS302,9528,1789981075,90.0,3.0974429,101.706726,0.0
ETS303,9531,1789981075,90.0,2.521862,102.16762,0.0
ETS307,9532,1789981075,90.0,1.8129725,103.47819,0.0
ETS301,9425,1789981075,90.0,2.1222804,103.2635,0.0
ETS304,9209,1789981075,90.0,4.4268146,101.0662,0.0
ETS310,9530,1789981075,90.0,2.5819983,102.62872,0.0
ETS303,9531,1789981196,90.0,2.4856524,102.18047,0.0
ETS307,9532,1789981196,90.0,1.8282688,103.45223,0.0
ETS304,9209,1789981196,90.0,4.3935905,101.084595,0.0
ETS309,9428,1789981196,90.0,3.764141,101.43708,0.0
ETS302,9528,1789981196,90.0,3.10733,101.69433,0.0
ETS301,9425,1789981196,90.0,2.0895565,103.28397,0.0
ETS310,9530,1789981196,90.0,2.5791457,102.61469,0.0
DMU13,39,1789981147,1.0,3.9376,102.3577,0.0
SCS10,weekday_2044,1789981146,54.0,3.162,101.692,0.0
ETS302,9528,1789981196,90.0,3.10733,101.69433,0.0
ETS309,9428,1789981196,90.0,3.764141,101.43708,0.0
ETS301,9425,1789981196,90.0,2.0895565,103.28397,0.0
ETS304,9209,1789981196,90.0,4.3935905,101.084595,0.0
ETS307,9532,1789981196,90.0,1.8282688,103.45223,0.0
ETS310,9530,1789981196,90.0,2.5791457,102.61469,0.0
ETS303,9531,1789981196,90.0,2.4856524,102.18047,0.0
ETS304,9209,1789981316,90.0,4.360674,101.10745,0.0
ETS301,9425,1789981316,90.0,2.0586028,103.306274,0.0
ETS309,9428,1789981316,90.0,3.7985663,101.427605,0.0
ETS307,9532,1789981316,90.0,1.85253,103.41884,0.0
ETS310,9530,1789981316,90.0,2.5791445,102.61468,0.0
ETS303,9531,1789981316,90.0,2.452257,102.1906,0.0
ETS302,9528,1789981316,90.0,3.1246026,101.67928,0.0
ETS304,9209,1789981316,90.0,4.360674,101.10745,0.0
ETS301,9425,1789981316,90.0,2.0586028,103.306274,0.0
ETS309,9428,1789981316,90.0,3.7985663,101.427605,0.0
ETS302,9528,1789981316,90.0,3.1246026,101.67928,0.0
ETS310,9530,1789981316,90.0,2.5791445,102.61468,0.0
ETS307,9532,1789981316,90.0,1.85253,103.41884,0.0
ETS303,9531,1789981316,90.0,2.452257,102.1906,0.0
ETS310,9530,1789981437,90.0,2.5775096,102.60845,0.0
ETS309,9428,1789981437,90.0,3.8267734,101.4032,0.0
ETS307,9532,1789981437,90.0,1.8832896,103.40611,0.0
ETS302,9528,1789981436,90.0,3.1317983,101.68411,0.0
ETS301,9425,1789981436,90.0,2.0363128,103.31781,0.0
ETS304,9209,1789981436,90.0,4.327895,101.13139,0.0
ETS303,9531,1789981436,90.0,2.4695864,102.21541,0.0
ETS310,9530,1789981437,90.0,2.5775096,102.60845,0.0
ETS309,9428,1789981437,90.0,3.8267734,101.4032,0.0
ETS307,9532,1789981437,90.0,1.8832896,103.40611,0.0
ETS302,9528,1789981436,90.0,3.1317983,101.68411,0.0
ETS301,9425,1789981436,90.0,2.0363128,103.31781,0.0
ETS304,9209,1789981436,90.0,4.327895,101.13139,0.0
ETS303,9531,1789981436,90.0,2.4695864,102.21541,0.0
ETS304,9209,1789981557,90.0,4.2996607,101.1575,0.0
ETS301,9425,1789981557,90.0,2.0351703,103.31814,0.0
ETS309,9428,1789981557,90.0,0.0027284583,0.0154984975,0.0
ETS307,9532,1789981557,90.0,1.8883258,103.40352,0.0
ETS310,9530,1789981557,90.0,2.5824614,102.58498,0.0
ETS303,9531,1789981557,90.0,2.46342,102.22683,0.0
ETS302,9528,1789981557,90.0,0.0027284583,0.0154984975,0.0
ETS304,9209,1789981557,90.0,4.2996607,101.1575,0.0
ETS301,9425,1789981557,90.0,2.0351703,103.31814,0.0
ETS309,9428,1789981557,90.0,0.0027284583,0.0154984975,0.0
ETS307,9532,1789981557,90.0,1.8883258,103.40352,0.0
ETS310,9530,1789981557,90.0,2.5824614,102.58498,0.0
ETS303,9531,1789981557,90.0,2.46342,102.22683,0.0
ETS302,9528,1789981557,90.0,0.0027284583,0.0154984975,0.0
ETS304,9209,1789981678,90.0,4.270856,101.169685,0.0
ETS301,9425,1789981678,90.0,2.0295656,103.319435,0.0
ETS309,9428,1789981678,90.0,0.0027284583,0.0154984975,0.0
ETS307,9532,1789981678,90.0,1.9176756,103.38095,0.0
ETS310,9530,1789981678,90.0,2.5781033,102.55831,0.0
ETS303,9531,1789981678,90.0,2.4590158,102.2398,0.0
ETS302,9528,1789981678,90.0,0.0027284583,0.0154984975,0.0
ETS205,9052,1789981684,105.0,4.263,101.1702,0.0
ETS216,9133,1789981684,140.0,4.783,100.7783,0.0
SCS23,2944,1789981684,116.0,5.6338,100.49,0.0
EMU23,2940,1789981684,43.0,6.4338,100.2677,0.0
DMU09,38,1789981683,0.0,3.1359,102.3706,0.0
SCS10,weekday_2044,1789981682,42.0,3.1882,101.6891,0.0
DMU10(D6120),60,1789981682,53.0,4.7266,102.0098,0.0
DMU11(D6122),58,1789981680,21.0,5.1729,102.0234,0.0
ETS204,9352,1789981680,3.0,2.7524,101.8329,0.0
ETS214,9233,1789981679,139.0,6.6364,100.28,0.0
ETS206,9449,1789981675,0.0,3.8158,101.4125,0.0
EMU39,2949,1789981683,40.0,6.6558,100.3105,0.0
SCS22,2943,1789981672,115.0,5.469,100.4963,0.0
ETS309,9428,1789981678,90.0,0.0027284583,0.0154984975,0.0
ETS302,9528,1789981678,90.0,0.0027284583,0.0154984975,0.0
ETS303,9531,1789981678,90.0,2.4590158,102.2398,0.0
ETS307,9532,1789981678,90.0,1.9176756,103.38095,0.0
ETS301,9425,1789981678,90.0,2.0295656,103.319435,0.0
ETS304,9209,1789981678,90.0,4.270856,101.169685,0.0
ETS310,9530,1789981678,90.0,2.5781033,102.55831,0.0
ETS310,9530,1789981799,90.0,2.562282,102.5273,0.0
SCS11,2834,1789981721,115.0,4.7931,101.0938,0.0
EMU33,2946,1789981720,9.0,5.3889,100.3717,0.0
ETS309,9428,1789981799,90.0,3.9080663,101.34959,0.0
ETS304,9209,1789981798,90.0,4.2371325,101.17755,0.0
ETS307,9532,1789981798,90.0,1.9464421,103.351265,0.0
ETS301,9425,1789981798,90.0,1.993499,103.327736,0.0
ETS302,9528,1789981798,90.0,0.0027284583,0.0154984975,0.0
ETS303,9531,1789981798,90.0,2.4582822,102.27866,0.0
DMU10(D6120),60,1789981772,16.0,4.7314,102.0109,0.0
ETS204,9352,1789981770,19.0,2.7534,101.8294,0.0
DMU11(D6122),58,1789981755,23.0,5.1706,102.0195,0.0
ETS214,9233,1789981754,132.0,6.6162,100.2646,0.0
DMU03,56,1789981720,26.0,5.4197,102.2394,0.0
ETS309,9428,1789981799,90.0,3.9080663,101.34959,0.0
ETS310,9530,1789981799,90.0,2.562282,102.5273,0.0
ETS304,9209,1789981798,90.0,4.2371325,101.17755,0.0
ETS301,9425,1789981798,90.0,1.993499,103.327736,0.0
ETS302,9528,1789981798,90.0,0.0027284583,0.0154984975,0.0
ETS303,9531,1789981798,90.0,2.4582822,102.27866,0.0
ETS307,9532,1789981798,90.0,1.9464421,103.351265,0.0
SCS19,weekday_2160,1789981809,5.0,3.0131,101.4024,0.0
SCS22,2943,1789981807,114.0,5.4302,100.4854,0.0
DMU13,39,1789981807,73.0,3.9138,102.36,0.0
SCS21,weekday_2165,1789981805,37.0,3.6811,101.5222,0.0
EMU24,2839,1789981795,0.0,4.8961,100.7194,0.0
DMU03,56,1789981795,36.0,5.4139,102.2368,0.0
SCS27,weekday_2043,1789981794,0.0,3.1181,101.6789,0.0
SCS23,2944,1789981774,0.0,5.6425,100.49,0.0
DMU09,38,1789981773,0.0,3.1359,102.3706,0.0
SCS10,weekday_2044,1789981772,29.0,3.1966,101.6826,0.0
ETS304,9209,1789981919,90.0,4.196777,101.184654,0.0
ETS303,9531,1789981919,90.0,2.4537878,102.31708,0.0
ETS309,9428,1789981919,90.0,3.9432325,101.3359,0.0
ETS301,9425,1789981919,90.0,1.9583497,103.34374,0.0
ETS310,9530,1789981919,90.0,2.5320883,102.49808,0.0
ETS307,9532,1789981919,90.0,1.982329,103.33273,0.0
ETS304,9209,1789981919,90.0,4.196777,101.184654,0.0
ETS309,9428,1789981919,90.0,3.9432325,101.3359,0.0
ETS310,9530,1789981919,90.0,2.5320883,102.49808,0.0
ETS303,9531,1789981919,90.0,2.4537878,102.31708,0.0
ETS307,9532,1789981919,90.0,1.982329,103.33273,0.0
ETS301,9425,1789981919,90.0,1.9583497,103.34374,0.0
ETS309,9428,1789982040,90.0,3.9743953,101.31612,0.0
ETS310,9530,1789982040,90.0,2.5029867,102.47398,0.0
ETS307,9532,1789982039,90.0,2.0192945,103.32159,0.0
ETS301,9425,1789982039,90.0,1.9294488,103.366165,0.0
ETS304,9209,1789982039,90.0,4.165795,101.18995,0.0
ETS303,9531,1789982039,90.0,2.4604182,102.3566,0.0
ETS216,9133,1789982139,93.0,4.7748,100.9237,0.0
DMU10(D6120),60,1789982132,69.0,4.7898,102.013,0.0
SCS10,weekday_2044,1789982132,20.0,3.2144,101.6722,0.0
SCS18,weekday_2041,1789982131,31.0,3.0028,101.7342,0.0
ETS204,9352,1789982130,81.0,2.7806,101.8007,0.0
DMU11(D6122),58,1789982190,46.0,5.1953,102.0136,0.0
ETS214,9233,1789982189,129.0,6.468,100.2559,0.0
SCS07,weekday_2154,1789982183,0.0,3.4996,101.6343,0.0
SCS22,2943,1789982182,68.0,5.3643,100.4575,0.0
DMU13,39,1789982182,71.0,3.8458,102.3623,0.0
SCS21,weekday_2165,1789982180,106.0,3.6037,101.5902,0.0
ETS301,9425,1789982160,90.0,1.9033744,103.39312,0.0
ETS309,9428,1789982160,90.0,4.009493,101.29836,0.0
ETS310,9530,1789982160,90.0,2.4881115,102.44322,0.0
ETS303,9531,1789982160,90.0,2.463125,102.39671,0.0
ETS307,9532,1789982160,90.0,2.0350785,103.31814,0.0
ETS304,9209,1789982160,90.0,4.139253,101.21131,0.0
ETS205,9052,1789982134,136.0,4.3305,101.129,0.0
SCS10,weekday_2044,1789982192,63.0,3.2234,101.6726,0.0
SCS18,weekday_2041,1789982191,84.0,2.9949,101.7421,0.0
SCS13,weekday_2161,1789982191,63.0,3.201,101.6015,0.0
SCS23,2944,1789982179,114.0,5.7473,100.5044,0.0
DMU09,38,1789982178,0.0,3.1359,102.3706,0.0
DMU10(D6120),60,1789982177,60.0,4.7977,102.0135,0.0
ETS204,9352,1789982175,79.0,2.7896,101.7974,0.0
ETS216,9133,1789982139,93.0,4.7748,100.9237,0.0
DMU13,39,1789982227,75.0,3.8369,102.3619,0.0
SCS22,2943,1789982227,37.0,5.3662,100.4484,0.0
SCS21,weekday_2165,1789982225,95.0,3.5989,101.6004,0.0
EMU23,2940,1789982215,113.0,6.5576,100.2595,0.0
EMU24,2839,1789982215,109.0,4.8295,100.7341,0.0
SCS27,weekday_2043,1789982214,0.0,3.1078,101.6934,0.0
SCS23,2944,1789982194,114.0,5.7515,100.5028,0.0
EMU39,2949,1789982193,118.0,6.5552,100.2597,0.0
ETS216,9133,1789982304,0.0,4.7761,100.9314,0.0
ETS307,9532,1789982281,90.0,2.0456917,103.31488,0.0
SCS19,weekday_2160,1789982304,1.0,3.04,101.4312,0.0
ETS309,9428,1789982281,90.0,0.0027284583,0.0154984975,0.0
ETS310,9530,1789982281,90.0,2.4739106,102.41721,0.0
ETS303,9531,1789982280,90.0,2.47353,102.41632,0.0
ETS304,9209,1789982280,90.0,4.128624,101.228,0.0
ETS301,9425,1789982280,90.0,1.8690678,103.41254,0.0
ETS205,9052,1789982329,130.0,4.3851,101.0891,0.0
EMU39,2949,1789982313,29.0,6.5238,100.2569,0.0
DMU06,57,1789982365,37.0,5.6982,102.152,0.0
DMU03,56,1789982365,35.0,5.3778,102.234,0.0
ETS206,9449,1789982365,0.0,3.8158,101.4125,0.0
SCS27,weekday_2043,1789982364,16.0,3.1005,101.7026,0.0
SCS07,weekday_2154,1789982363,93.0,3.5225,101.6292,0.0
ETS216,9133,1789982358,80.0,4.781,100.9352,0.0
SCS23,2944,1789982314,115.0,5.7844,100.4882,0.0
ETS307,9532,1789982401,90.0,2.079387,103.29172,0.0
ETS304,9209,1789982401,90.0,4.0919285,101.271065,0.0
ETS303,9531,1789982401,90.0,2.4774413,102.427315,0.0
ETS310,9530,1789982401,90.0,2.4723737,102.41406,0.0
ETS309,9428,1789982401,90.0,4.085041,101.272446,0.0
ETS301,9425,1789982401,90.0,1.8393302,103.43666,0.0
EMU39,2949,1789982537,119.0,6.4831,100.2537,0.0
ETS301,9425,1789982521,90.0,1.818837,103.471306,0.0
DMU10(D6120),60,1789982537,75.0,4.844,101.9842,0.0
ETS307,9532,1789982522,90.0,2.1118994,103.266754,0.0
ETS303,9531,1789982522,90.0,2.4960802,102.45034,0.0
ETS304,9209,1789982522,90.0,4.0555034,101.28332,0.0
ETS310,9530,1789982522,90.0,2.4614093,102.38112,0.0
ETS309,9428,1789982522,90.0,4.111313,101.25039,0.0
SCS07,weekday_2154,1789982588,72.0,3.5571,101.6384,0.0
DMU13,39,1789982587,66.0,3.7992,102.36,0.0
SCS21,weekday_2165,1789982585,40.0,3.5432,101.6365,0.0
SCS22,2943,1789982587,98.0,5.371,100.4046,0.0
DMU06,57,1789982665,72.0,5.7297,102.161,0.0
ETS310,9530,1789982643,90.0,2.4575448,102.33992,0.0
ETS309,9428,1789982643,90.0,0.0027284583,0.0154984975,0.0
ETS307,9532,1789982642,90.0,2.1410663,103.24356,0.0
ETS303,9531,1789982642,90.0,2.5128534,102.48886,0.0
ETS304,9209,1789982642,90.0,4.0158706,101.29308,0.0
ETS301,9425,1789982642,90.0,1.7883773,103.49492,0.0
EMU39,2949,1789982717,53.0,6.4331,100.2679,0.0
EMU24,2839,1789982696,84.0,4.7788,100.8538,0.0
SCS29,weekday_2045,1789982674,20.0,3.1423,101.6942,0.0
SCS07,weekday_2154,1789982693,96.0,3.571,101.6165,0.0
ETS216,9133,1789982673,130.0,4.8441,101.002,0.0
DMU13,39,1789982692,28.0,3.7844,102.3594,0.0
SCS21,weekday_2165,1789982690,95.0,3.5253,101.6296,0.0
SCS23,2944,1789982674,115.0,5.8529,100.477,0.0
DMU09,38,1789982673,79.0,3.1616,102.3905,0.0
DMU10(D6120),60,1789982672,77.0,4.8631,101.9674,0.0
SCS11,2834,1789982716,0.0,4.776,100.9314,0.0
DMU11(D6122),58,1789982715,44.0,5.259,102.0101,0.0
ETS214,9233,1789982714,142.0,6.3645,100.3075,0.0
SCS22,2943,1789982692,88.0,5.3838,100.3806,0.0
SCS19,weekday_2160,1789982694,24.0,3.0398,101.4536,0.0
SCS05,weekday_2158,1789982674,0.0,3.1353,101.6881,0.0
ETS307,9532,1789982763,90.0,2.173679,103.22082,0.0
ETS301,9425,1789982763,90.0,1.7523363,103.506226,0.0
ETS309,9428,1789982763,90.0,4.1641345,101.19029,0.0
ETS310,9530,1789982763,90.0,2.4556124,102.29966,0.0
ETS303,9531,1789982763,90.0,2.5464857,102.5104,0.0
ETS304,9209,1789982763,90.0,3.9815965,101.31355,0.0
ETS304,9209,1789982884,90.0,3.948485,101.3309,0.0
ETS309,9428,1789982884,90.0,4.195828,101.184784,0.0
ETS310,9530,1789982884,90.0,2.4589498,102.25899,0.0
ETS303,9531,1789982884,90.0,2.5690415,102.542145,0.0
ETS307,9532,1789982884,90.0,2.190867,103.1912,0.0
ETS301,9425,1789982883,90.0,1.7179588,103.52414,0.0
ETS304,9209,1789983004,90.0,3.9163103,101.34648,0.0
ETS301,9425,1789983004,90.0,1.695147,103.55762,0.0
ETS309,9428,1789983004,90.0,4.2370696,101.17752,0.0
ETS310,9530,1789983004,90.0,2.4626577,102.22812,0.0
ETS303,9531,1789983004,90.0,2.5813391,102.570755,0.0
ETS307,9532,1789983004,90.0,2.194455,103.18751,0.0
SCS07,weekday_2154,1789983068,115.0,3.6498,101.549,0.0
SCS05,weekday_2158,1789983034,0.0,3.1401,101.6938,0.0
SCS29,weekday_2045,1789983064,0.0,3.1362,101.6885,0.0
ETS204,9352,1789983060,53.0,2.898,101.785,0.0
ETS214,9233,1789983059,139.0,6.2534,100.3568,0.0
ETS303,9531,1789983125,90.0,2.5753415,102.5941,0.0
ETS307,9532,1789983125,90.0,2.2224083,103.16545,0.0
ETS310,9530,1789983125,90.0,2.463031,102.22747,0.0
ETS309,9428,1789983125,90.0,0.0027284583,0.0154984975,0.0
ETS304,9209,1789983125,90.0,3.889913,101.37176,0.0
ETS301,9425,1789983124,90.0,1.6717699,103.58869,0.0
EMU33,2946,1789983176,17.0,5.4893,100.4999,0.0
DMU06,57,1789983175,0.0,5.8064,102.1468,0.0
ETS206,9449,1789983175,0.0,3.8158,101.4125,0.0
DMU11(D6122),58,1789983210,27.0,5.2943,102.0189,0.0
ETS214,9233,1789983209,138.0,6.2009,100.3676,0.0
ETS208,9442,1789983206,78.0,6.1173,100.3715,0.0
DMU09,38,1789983198,0.0,3.2462,102.4113,0.0
SCS11,2834,1789983196,117.0,4.7771,100.838,0.0
ETS310,9530,1789983245,90.0,2.4630554,102.22749,0.0
ETS303,9531,1789983245,90.0,2.579125,102.61467,0.0
ETS304,9209,1789983245,90.0,3.859175,101.379486,0.0
ETS301,9425,1789983245,90.0,1.664667,103.59888,0.0
ETS309,9428,1789983245,90.0,4.2995405,101.157585,0.0
ETS307,9532,1789983245,90.0,2.2531536,103.15266,0.0
SCS29,weekday_2045,1789983214,0.0,3.1362,101.6885,0.0
SCS05,weekday_2158,1789983214,27.0,3.1543,101.6928,0.0
DMU09,38,1789983213,0.0,3.2462,102.4113,0.0
ETS304,9209,1789983366,90.0,3.8316417,101.40014,0.0
ETS301,9425,1789983366,90.0,1.6592284,103.60864,0.0
ETS309,9428,1789983366,90.0,4.3021035,101.15438,0.0
ETS310,9530,1789983366,90.0,2.4696321,102.21091,0.0
ETS303,9531,1789983366,90.0,2.5789762,102.61396,0.0
ETS307,9532,1789983366,90.0,2.2886565,103.13553,0.0
ETS302,9533,1789983366,90.0,0.0027284583,0.0154984975,0.0
ETS309,9428,1789983487,90.0,0.0027284583,0.0154984975,0.0
ETS310,9530,1789983487,90.0,2.4551647,102.18609,0.0
ETS307,9532,1789983487,90.0,2.297135,103.13026,0.0
ETS302,9533,1789983486,90.0,3.128727,101.681915,0.0
ETS303,9531,1789983486,90.0,2.5809844,102.6217,0.0
ETS301,9425,1789983486,90.0,1.6312497,103.63748,0.0
ETS304,9209,1789983486,90.0,3.80163,101.42423,0.0
ETS206,9449,1789983550,0.0,3.8158,101.4125,0.0
EMU23,2951,1789983550,108.0,6.6485,100.2966,0.0
EMU39,2949,1789983546,118.0,6.267,100.3542,0.0
ETS214,9233,1789983644,108.0,6.1035,100.3669,0.0
DMU11(D6122),58,1789983630,26.0,5.3041,102.0225,0.0
SCS24,2947,1789983628,0.0,5.8249,100.478,0.0
ETS208,9442,1789983626,140.0,6.2066,100.3665,0.0
ETS307,9532,1789983607,90.0,2.3001797,103.12839,0.0
ETS303,9531,1789983607,90.0,2.5839522,102.657616,0.0
ETS310,9530,1789983607,90.0,2.4936304,102.178955,0.0
ETS309,9428,1789983607,90.0,4.346699,101.11773,0.0
ETS301,9425,1789983607,90.0,1.5963866,103.65121,0.0
ETS304,9209,1789983607,90.0,3.7689967,101.43748,0.0
ETS302,9533,1789983607,90.0,3.1156507,101.680405,0.0
ETS214,9233,1789983644,108.0,6.1035,100.3669,0.0
EMU39,2949,1789983641,116.0,6.2378,100.3601,0.0
SCS22,2948,1789983637,100.0,5.3715,100.4038,0.0
SCS23,2944,1789983634,113.0,6.0885,100.375,0.0
EMU33,2946,1789983633,111.0,5.5649,100.4976,0.0
DMU09,38,1789983633,19.0,3.2472,102.4115,0.0
SCS10,weekday_2047,1789983632,32.0,3.2128,101.6722,0.0
DMU10(D6120),60,1789983632,54.0,4.9366,102.0046,0.0
ETS304,9209,1789983728,90.0,3.7472548,101.44902,0.0
ETS303,9531,1789983728,90.0,2.5818667,102.69922,0.0
ETS302,9533,1789983728,90.0,3.1021328,101.70088,0.0
ETS307,9532,1789983728,90.0,2.320786,103.10238,0.0
ETS301,9425,1789983728,90.0,1.5688,103.6765,0.0
ETS310,9530,1789983728,90.0,2.529999,102.16198,0.0
ETS309,9428,1789983728,90.0,0.0027284583,0.0154984975,0.0
SCS25,weekday_2157,1789983710,20.0,3.0882,101.669,0.0
SCS23,2944,1789983709,86.0,6.1071,100.3669,0.0
DMU09,38,1789983708,79.0,3.2574,102.4132,0.0
EMU33,2946,1789983708,109.0,5.5867,100.4941,0.0
SCS10,weekday_2047,1789983707,15.0,3.2047,101.6757,0.0
DMU10(D6120),60,1789983707,55.0,4.9479,102.0052,0.0
SCS13,weekday_2161,1789983706,50.0,3.1594,101.6928,0.0
DMU11(D6122),58,1789983705,47.0,5.3123,102.0207,0.0
ETS204,9352,1789983705,48.0,2.9121,101.7958,0.0
ETS304,9209,1789983848,90.0,3.7260487,101.46295,0.0
ETS309,9428,1789983848,90.0,4.4154525,101.07243,0.0
ETS310,9530,1789983848,90.0,2.555626,102.13095,0.0
ETS303,9531,1789983848,90.0,2.5661867,102.73581,0.0
ETS307,9532,1789983848,90.0,2.3446085,103.06831,0.0
ETS302,9533,1789983848,90.0,3.0869627,101.71198,0.0
ETS301,9425,1789983848,90.0,1.5489937,103.700035,0.0
ETS310,9530,1789983969,90.0,2.5825007,102.10196,0.0
ETS309,9428,1789983969,90.0,4.451657,101.0537,0.0
ETS307,9532,1789983969,90.0,2.3699067,103.03925,0.0
ETS303,9531,1789983968,90.0,2.5434108,102.76873,0.0
ETS301,9425,1789983968,90.0,1.5371485,103.72331,0.0
ETS304,9209,1789983968,90.0,3.707776,101.493,0.0
ETS302,9533,1789983968,90.0,3.075652,101.712,0.0
SCS28,weekday_2046,1789984028,29.0,3.2144,101.6722,0.0
SCS22,2948,1789984027,43.0,5.3661,100.4496,0.0
SCS21,weekday_2165,1789984025,93.0,3.3112,101.575,0.0
SCS25,weekday_2157,1789984025,75.0,3.082,101.6511,0.0
SCS05,weekday_2158,1789984024,35.0,3.2039,101.6361,0.0
SCS19,weekday_2160,1789984014,55.0,3.0806,101.5729,0.0
DMU13,39,1789984012,74.0,3.5863,102.3701,0.0
ETS208,9442,1789984121,132.0,6.3666,100.3058,0.0
ETS206,9449,1789984120,0.0,3.8158,101.4125,0.0
ETS304,9209,1789984089,90.0,3.6826606,101.52078,0.0
ETS301,9425,1789984089,90.0,1.5361747,103.7252,0.0
ETS309,9428,1789984089,90.0,0.0027284583,0.0154984975,0.0
ETS310,9530,1789984089,90.0,2.6164827,102.08096,0.0
ETS303,9531,1789984089,90.0,2.5195856,102.79823,0.0
ETS307,9532,1789984089,90.0,2.3833413,103.02081,0.0
ETS302,9533,1789984089,90.0,3.0756135,101.7117,0.0
DMU11(D6122),58,1789984155,22.0,5.3659,102.008,0.0
EMU39,2949,1789984121,115.0,6.1306,100.3776,0.0
ETS212,9136,1789984121,0.0,4.2898,101.163,0.0
DMU13,39,1789984117,43.0,3.5684,102.3678,0.0
ETS208,9442,1789984121,132.0,6.3666,100.3058,0.0
ETS206,9449,1789984120,0.0,3.8158,101.4125,0.0
DMU10(D6120),60,1789984127,51.0,4.9948,102.0191,0.0
ETS214,9233,1789984124,136.0,5.9561,100.4497,0.0
SCS25,weekday_2157,1789984160,0.0,3.0846,101.6314,0.0
SCS21,weekday_2165,1789984160,75.0,3.2831,101.5672,0.0
SCS23,2944,1789984159,62.0,6.1844,100.3741,0.0
DMU09,38,1789984158,7.0,3.3312,102.4203,0.0
SCS13,weekday_2161,1789984156,17.0,3.1367,101.6906,0.0
ETS204,9352,1789984155,9.0,2.9786,101.7907,0.0
ETS216,9133,1789984155,105.0,4.577,101.0659,0.0
EMU23,2951,1789984120,78.0,6.5186,100.2561,0.0
ETS304,9209,1789984210,90.0,3.6546636,101.54341,0.0
ETS303,9531,1789984210,90.0,2.5067058,102.81457,0.0
ETS302,9533,1789984210,90.0,3.0726252,101.71022,0.0
ETS307,9532,1789984210,90.0,2.3871515,103.01655,0.0
ETS301,9425,1789984210,90.0,1.5304457,103.73527,0.0
ETS310,9530,1789984210,90.0,2.6359255,102.04693,0.0
ETS309,9428,1789984210,90.0,4.4653816,101.04684,0.0
ETS304,9209,1789984330,90.0,3.627998,101.566414,0.0
ETS301,9425,1789984330,90.0,1.5020266,103.752754,0.0
ETS309,9428,1789984330,90.0,0.0027284583,0.0154984975,0.0
ETS310,9530,1789984330,90.0,2.6548336,102.01827,0.0
ETS303,9531,1789984330,90.0,2.5045137,102.81722,0.0
ETS307,9532,1789984330,90.0,2.4212022,103.001366,0.0
ETS302,9533,1789984330,90.0,3.048083,101.70767,0.0
DMU06,57,1789984390,71.0,5.9865,102.1426,0.0
DMU09,38,1789984383,63.0,3.3445,102.4147,0.0
SCS10,weekday_2047,1789984382,4.0,3.1734,101.6848,0.0
EMU23,2951,1789984382,108.0,6.4414,100.2651,0.0
DMU10(D6120),60,1789984382,27.0,5.0137,102.0295,0.0
SCS13,weekday_2161,1789984381,0.0,3.1366,101.6894,0.0
SCS11,2834,1789984381,114.0,4.9868,100.7337,0.0
ETS204,9352,1789984380,0.0,2.982,101.7908,0.0
DMU11(D6122),58,1789984380,0.0,5.3769,102.0101,0.0
ETS214,9233,1789984379,139.0,5.87,100.4775,0.0
ETS309,9428,1789984451,90.0,4.5225964,101.05126,0.0
SCS05,weekday_2158,1789984451,40.0,3.2059,101.5811,0.0
ETS212,9136,1789984451,130.0,4.3344,101.126,0.0
ETS307,9532,1789984451,90.0,2.4528697,102.97556,0.0
ETS310,9530,1789984451,90.0,2.6609538,101.99624,0.0
ETS302,9533,1789984450,90.0,3.0307517,101.71074,0.0
ETS206,9449,1789984450,0.0,3.8158,101.4125,0.0
DMU03,56,1789984450,3.0,5.3295,102.1217,0.0
ETS303,9531,1789984450,90.0,2.4886138,102.850174,0.0
ETS301,9425,1789984450,90.0,1.4752226,103.757454,0.0
ETS304,9209,1789984450,90.0,3.6019185,101.591774,0.0
DMU10(D6120),60,1789984532,23.0,5.0223,102.0347,0.0
SCS11,2834,1789984531,112.0,5.0216,100.7236,0.0
DMU11(D6122),58,1789984530,0.0,5.3769,102.0101,0.0
ETS204,9352,1789984530,67.0,2.9958,101.7711,0.0
ETS208,9442,1789984496,0.0,6.4311,100.2687,0.0
ETS216,9133,1789984495,95.0,4.517,101.0491,0.0
SCS27,weekday_2048,1789984494,17.0,3.1366,101.6904,0.0
ETS204,9352,1789984590,75.0,2.9906,101.7614,0.0
DMU11(D6122),58,1789984590,6.0,5.3777,102.0105,0.0
ETS310,9530,1789984571,90.0,2.6785927,101.977615,0.0
ETS301,9425,1789984571,90.0,1.4645671,103.76546,0.0
ETS304,9209,1789984571,90.0,3.5807621,101.613914,0.0
ETS309,9428,1789984571,90.0,4.542598,101.05494,0.0
ETS303,9531,1789984571,90.0,2.486624,102.88887,0.0
ETS302,9533,1789984571,90.0,3.023619,101.71655,0.0
ETS307,9532,1789984571,90.0,2.4717433,102.939384,0.0
EMU23,2951,1789984532,82.0,6.4259,100.2704,0.0
DMU10(D6120),60,1789984532,23.0,5.0223,102.0347,0.0
SCS10,weekday_2047,1789984593,0.0,3.1651,101.6911,0.0
DMU10(D6120),60,1789984592,14.0,5.0247,102.0388,0.0
ETS304,9209,1789984692,90.0,3.5598962,101.63397,0.0
ETS309,9428,1789984692,90.0,4.574916,101.066345,0.0
ETS310,9530,1789984692,90.0,2.6996412,101.96191,0.0
ETS303,9531,1789984692,90.0,2.4709976,102.92597,0.0
ETS307,9532,1789984692,90.0,2.478707,102.90125,0.0
ETS302,9533,1789984692,90.0,3.0214968,101.71767,0.0
ETS304,9209,1789984812,90.0,3.5399566,101.6367,0.0
ETS309,9428,1789984812,90.0,4.5963883,101.07399,0.0
ETS302,9533,1789984812,90.0,3.0214784,101.71764,0.0
ETS303,9531,1789984812,90.0,2.4609625,102.96434,0.0
ETS307,9532,1789984812,90.0,2.4888756,102.863014,0.0
ETS310,9530,1789984812,90.0,2.713021,101.949066,0.0
DMU10(D6120),60,1789984877,13.0,5.0373,102.0553,0.0
SCS13,weekday_2161,1789984876,12.0,3.1278,101.6796,0.0
EMU35,2838,1789984876,118.0,4.7881,101.0967,0.0
ETS214,9233,1789984874,140.0,5.6994,100.5098,0.0
ETS307,9532,1789984933,90.0,2.499634,102.8261,0.0
ETS310,9530,1789984933,90.0,2.718188,101.9415,0.0
ETS309,9428,1789984933,90.0,0.0027284583,0.0154984975,0.0
ETS304,9209,1789984933,90.0,3.5136359,101.63115,0.0
ETS302,9533,1789984933,90.0,3.0214846,101.7177,0.0
ETS303,9531,1789984933,90.0,2.4340959,102.99523,0.0
SCS23,2944,1789984954,83.0,6.3736,100.3007,0.0
SCS10,weekday_2047,1789984953,21.0,3.1431,101.6939,0.0
EMU39,2949,1789984957,80.0,5.965,100.4446,0.0
SCS21,weekday_2165,1789984955,98.0,3.2011,101.6013,0.0
SCS18,weekday_2041,1789984954,14.0,2.7547,101.8243,0.0
EMU35,2838,1789985011,62.0,4.8172,101.0735,0.0
SCS11,2834,1789985011,115.0,5.0441,100.5853,0.0
ETS204,9352,1789985010,60.0,3.0285,101.7131,0.0
ETS214,9233,1789985009,111.0,5.6565,100.4925,0.0
SCS23,2944,1789984969,104.0,6.3766,100.2984,0.0
SCS27,weekday_2048,1789984959,48.0,3.1594,101.6928,0.0
ETS216,9133,1789984966,53.0,4.4491,101.0542,0.0
ETS309,9428,1789985054,90.0,0.0027284583,0.0154984975,0.0
ETS310,9530,1789985054,90.0,2.718216,101.94143,0.0
ETS302,9533,1789985053,90.0,3.0200663,101.71841,0.0
ETS303,9531,1789985053,90.0,2.3972895,103.012695,0.0
ETS304,9209,1789985053,90.0,3.4832814,101.640144,0.0
ETS307,9532,1789985053,90.0,2.5071805,102.81406,0.0
SCS23,2944,1789985014,115.0,6.3875,100.2903,0.0
SCS18,weekday_2041,1789985014,3.0,2.754,101.8271,0.0
SCS10,weekday_2047,1789985013,10.0,3.1401,101.6939,0.0
ETS302,9533,1789985174,90.0,3.0078745,101.72741,0.0
ETS307,9532,1789985174,90.0,2.5122325,102.81012,0.0
ETS303,9531,1789985174,90.0,2.3834841,103.02068,0.0
ETS310,9530,1789985174,90.0,2.7202497,101.936646,0.0
ETS309,9428,1789985174,90.0,0.0027284583,0.0154984975,0.0
ETS304,9209,1789985174,90.0,3.447507,101.6401,0.0
ETS310,9530,1789985295,90.0,2.7226064,101.92182,0.0
ETS309,9428,1789985295,90.0,4.623725,101.10033,0.0
ETS307,9532,1789985295,90.0,2.531891,102.783775,0.0
ETS303,9531,1789985294,90.0,2.3802361,103.02514,0.0
ETS304,9209,1789985294,90.0,3.4174597,101.626076,0.0
ETS302,9533,1789985294,90.0,2.992908,101.7457,0.0
ETS304,9209,1789985415,90.0,3.3831925,101.62329,0.0
ETS307,9532,1789985415,90.0,2.5570862,102.75206,0.0
SCS11,2834,1789985401,116.0,5.0473,100.5174,0.0
ETS216,9133,1789985400,26.0,4.4193,101.0698,0.0
SCS28,weekday_2049,1789985393,8.0,3.215,101.6723,0.0
SCS13,weekday_2161,1789985392,0.0,3.095,101.6699,0.0
SCS21,weekday_2165,1789985390,77.0,3.1969,101.6441,0.0
SCS29,2953,1789985389,0.0,3.1322,101.6832,0.0
EMU24,2839,1789985432,0.0,4.5977,101.0732,0.0
SCS05,weekday_2158,1789985426,38.0,3.3189,101.5748,0.0
ETS212,9136,1789985426,78.0,4.5378,101.0528,0.0
EMU39,2949,1789985426,94.0,5.8309,100.4775,0.0
DMU06,57,1789985425,62.0,6.1079,102.1883,0.0
EMU35,2838,1789985425,118.0,4.8405,101.0119,0.0
DMU13,39,1789985422,0.0,3.4849,102.3433,0.0
EMU33,2946,1789985401,51.0,5.9746,100.4392,0.0
EMU23,2951,1789985401,120.0,6.2144,100.3648,0.0
SCS27,weekday_2048,1789985394,0.0,3.1815,101.6884,0.0
SCS23,2944,1789985389,114.0,6.4599,100.2587,0.0
SCS10,weekday_2047,1789985388,23.0,3.1296,101.6812,0.0
DMU09,38,1789985388,30.0,3.4821,102.3436,0.0
SCS25,weekday_2157,1789985393,43.0,3.0738,101.5553,0.0
SCS22,2948,1789985392,41.0,5.6436,100.4902,0.0
ETS302,9533,1789985415,90.0,2.9936616,101.769035,0.0
ETS303,9531,1789985415,90.0,2.358782,103.054596,0.0
ETS310,9530,1789985415,90.0,2.7261074,101.90334,0.0
ETS309,9428,1789985415,90.0,4.656649,101.125084,0.0
DMU09,38,1789985493,0.0,3.4846,102.3433,0.0
EMU24,2839,1789985432,0.0,4.5977,101.0732,0.0
ETS310,9530,1789985536,90.0,2.738019,101.88526,0.0
ETS307,9532,1789985536,90.0,2.5785823,102.717476,0.0
ETS309,9428,1789985536,90.0,0.0027284583,0.0154984975,0.0
ETS303,9531,1789985535,90.0,2.332103,103.0863,0.0
ETS302,9533,1789985535,90.0,2.9894938,101.78941,0.0
ETS304,9209,1789985535,90.0,3.3633115,101.59356,0.0
ETS212,9136,1789985501,30.0,4.5447,101.054,0.0
EMU39,2949,1789985501,0.0,5.8243,100.478,0.0
SCS05,weekday_2158,1789985501,0.0,3.3203,101.5746,0.0
EMU35,2838,1789985500,113.0,4.8448,100.9902,0.0
DMU06,57,1789985500,34.0,6.1147,102.1966,0.0
ETS206,9449,1789985500,0.0,3.8158,101.4125,0.0
SCS27,weekday_2048,1789985499,60.0,3.1893,101.6885,0.0
SCS07,weekday_2173,1789985498,99.0,3.57,101.6173,0.0
SCS38,weekday_2162,1789985498,0.0,3.1391,101.6935,0.0
SCS28,weekday_2049,1789985498,0.0,3.2055,101.6753,0.0
SCS25,weekday_2157,1789985498,98.0,3.0604,101.5372,0.0
SCS13,weekday_2161,1789985497,13.0,3.0877,101.6679,0.0
DMU13,39,1789985497,0.0,3.4849,102.3433,0.0
SCS21,weekday_2165,1789985495,5.0,3.1923,101.6547,0.0
ETS304,9209,1789985656,90.0,3.3484206,101.57311,0.0
ETS310,9530,1789985656,90.0,2.745982,101.85423,0.0
ETS303,9531,1789985656,90.0,2.3112924,103.121506,0.0
ETS307,9532,1789985656,90.0,2.58343,102.678734,0.0
ETS302,9533,1789985656,90.0,2.982009,101.791466,0.0
ETS309,9428,1789985656,90.0,0.0027284583,0.0154984975,0.0
ETS304,9209,1789985777,90.0,3.32502,101.571686,0.0
ETS309,9428,1789985777,90.0,4.765734,101.11433,0.0
ETS310,9530,1789985777,90.0,2.7540681,101.82566,0.0
ETS303,9531,1789985777,90.0,2.2971947,103.1303,0.0
ETS307,9532,1789985777,90.0,2.5833528,102.639275,0.0
ETS302,9533,1789985777,90.0,2.9815927,101.79143,0.0
ETS304,9209,1789985898,90.0,3.3025517,101.57596,0.0
ETS307,9532,1789985898,90.0,2.580351,102.61947,0.0
ETS302,9533,1789985898,90.0,2.9747097,101.79143,0.0
ETS309,9428,1789985898,90.0,4.7993474,101.0906,0.0
ETS303,9531,1789985898,90.0,2.294681,103.131836,0.0
ETS310,9530,1789985898,90.0,2.7737012,101.80396,0.0
DMU11(D6122),58,1789986030,11.0,5.375,102.0836,0.0
ETS204,9352,1789986030,0.0,3.1288,101.6806,0.0
ETS214,9233,1789986029,44.0,5.4812,100.4979,0.0
ETS303,9531,1789986019,90.0,2.2610548,103.149796,0.0
ETS302,9533,1789986019,90.0,2.958424,101.79389,0.0
ETS307,9532,1789986019,90.0,2.5789576,102.614,0.0
ETS304,9209,1789986019,90.0,3.2799253,101.566605,0.0
ETS310,9530,1789986019,90.0,2.802888,101.80181,0.0
ETS309,9428,1789986019,90.0,4.824784,101.05791,0.0
SCS28,weekday_2049,1789985993,6.0,3.1824,101.6889,0.0
SCS38,weekday_2162,1789985993,7.0,3.173,101.6839,0.0
SCS25,weekday_2157,1789985993,8.0,3.0524,101.4921,0.0
SCS22,2948,1789985992,116.0,5.8083,100.4799,0.0
SCS13,weekday_2161,1789985992,0.0,3.0847,101.6314,0.0
DMU13,39,1789985992,0.0,3.4849,102.3432,0.0
SCS21,weekday_2165,1789985990,47.0,3.154,101.6926,0.0
SCS10,weekday_2047,1789985988,17.0,3.1005,101.7027,0.0
SCS13,weekday_2161,1789986037,29.0,3.0851,101.6289,0.0
SCS23,2944,1789986034,115.0,6.6171,100.2647,0.0
DMU09,38,1789986033,33.0,3.4873,102.3432,0.0
SCS10,weekday_2047,1789986033,21.0,3.0986,101.705,0.0
SCS18,weekday_2041,1789986034,13.0,2.7521,101.8337,0.0
EMU26,2950,1789986034,44.0,5.3614,100.4606,0.0
SCS29,2953,1789986034,0.0,3.1322,101.6832,0.0
DMU10(D6120),60,1789986032,21.0,5.1274,102.058,0.0
ETS302,9533,1789986139,90.0,2.9358566,101.79323,0.0
ETS310,9530,1789986139,90.0,2.8171592,101.81729,0.0
ETS309,9428,1789986139,90.0,4.833917,101.02106,0.0
ETS304,9209,1789986139,90.0,3.2660067,101.560074,0.0
ETS303,9531,1789986139,90.0,2.2253954,103.163345,0.0
ETS307,9532,1789986139,90.0,2.5789359,102.61395,0.0
ETS204,9352,1789986180,0.0,3.1316,101.6828,0.0
DMU11(D6122),58,1789986180,0.0,5.3719,102.0853,0.0
EMU33,2946,1789986180,116.0,6.1468,100.3803,0.0
ETS216,9133,1789986161,81.0,4.2781,101.1655,0.0
ETS302,9533,1789986401,90.0,2.9042256,101.78787,0.0
ETS303,9531,1789986401,90.0,2.1911128,103.19103,0.0
ETS310,9530,1789986401,90.0,2.8265707,101.82698,0.0
ETS309,9428,1789986401,90.0,4.8115377,100.951904,0.0
ETS307,9532,1789986401,90.0,2.5812674,102.57055,0.0
ETS304,9209,1789986401,90.0,3.220097,101.566124,0.0
ETS304,9209,1789986401,90.0,3.220097,101.566124,0.0
ETS307,9532,1789986401,90.0,2.5812674,102.57055,0.0
ETS302,9533,1789986401,90.0,2.9042256,101.78787,0.0
ETS309,9428,1789986401,90.0,4.8115377,100.951904,0.0
ETS303,9531,1789986401,90.0,2.1911128,103.19103,0.0
ETS310,9530,1789986401,90.0,2.8265707,101.82698,0.0
ETS304,9209,1789986521,90.0,3.2061543,101.57895,0.0
ETS310,9530,1789986521,90.0,2.8335953,101.82853,0.0
ETS309,9428,1789986521,90.0,0.0027284583,0.0154984975,0.0
ETS302,9533,1789986521,90.0,2.8892324,101.79819,0.0
ETS303,9531,1789986521,90.0,2.1839652,103.20006,0.0
ETS307,9532,1789986521,90.0,2.5691297,102.54244,0.0
EMU26,2950,1789986471,115.0,5.4533,100.4934,0.0
ETS304,9209,1789986521,90.0,3.2061543,101.57895,0.0
ETS307,9532,1789986521,90.0,2.5691297,102.54244,0.0
ETS310,9530,1789986521,90.0,2.8335953,101.82853,0.0
ETS309,9428,1789986521,90.0,0.0027284583,0.0154984975,0.0
ETS303,9531,1789986521,90.0,2.1839652,103.20006,0.0
ETS302,9533,1789986521,90.0,2.8892324,101.79819,0.0
ETS304,9209,1789986642,90.0,3.2054915,101.58086,0.0
ETS309,9428,1789986642,90.0,4.7747874,100.932304,0.0
ETS310,9530,1789986642,90.0,2.8336544,101.828545,0.0
ETS303,9531,1789986642,90.0,2.1631312,103.22745,0.0
ETS307,9532,1789986642,90.0,2.546145,102.51018,0.0
ETS302,9533,1789986642,90.0,2.8767715,101.8171,0.0
DMU10(D6120),60,1789986572,14.0,5.1472,102.0448,0.0
ETS304,9209,1789986642,90.0,3.2054915,101.58086,0.0
ETS307,9532,1789986642,90.0,2.546145,102.51018,0.0
ETS310,9530,1789986642,90.0,2.8336544,101.828545,0.0
ETS309,9428,1789986642,90.0,4.7747874,100.932304,0.0
ETS303,9531,1789986642,90.0,2.1631312,103.22745,0.0
ETS302,9533,1789986642,90.0,2.8767715,101.8171,0.0
ETS307,9532,1789986763,90.0,2.5122335,102.488396,0.0
ETS309,9428,1789986763,90.0,4.77439,100.931435,0.0
ETS310,9530,1789986763,90.0,2.8336496,101.828545,0.0
ETS303,9531,1789986762,90.0,2.1377115,103.25385,0.0
ETS302,9533,1789986762,90.0,2.8578296,101.82182,0.0
ETS304,9209,1789986762,90.0,3.2015374,101.58944,0.0
ETS307,9532,1789986763,90.0,2.5122335,102.488396,0.0
ETS309,9428,1789986763,90.0,4.77439,100.931435,0.0
ETS310,9530,1789986763,90.0,2.8336496,101.828545,0.0
ETS303,9531,1789986762,90.0,2.1377115,103.25385,0.0
ETS302,9533,1789986762,90.0,2.8578296,101.82182,0.0
ETS304,9209,1789986762,90.0,3.2015374,101.58944,0.0
ETS304,9209,1789986883,90.0,3.2021801,101.61366,0.0
ETS303,9531,1789986883,90.0,2.1022651,103.27335,0.0
ETS307,9532,1789986883,90.0,2.4963875,102.45096,0.0
ETS302,9533,1789986883,90.0,2.8365715,101.82903,0.0
ETS309,9428,1789986883,90.0,4.774956,100.90378,0.0
ETS310,9530,1789986883,90.0,2.8336592,101.828545,0.0
ETS302,9533,1789986883,90.0,2.8365715,101.82903,0.0
ETS309,9428,1789986883,90.0,4.774956,100.90378,0.0
ETS304,9209,1789986883,90.0,3.2021801,101.61366,0.0
ETS307,9532,1789986883,90.0,2.4963875,102.45096,0.0
ETS310,9530,1789986883,90.0,2.8336592,101.828545,0.0
ETS303,9531,1789986883,90.0,2.1022651,103.27335,0.0
ETS304,9209,1789987004,90.0,3.204498,101.63586,0.0
ETS309,9428,1789987004,90.0,0.0027284583,0.0154984975,0.0
ETS310,9530,1789987004,90.0,2.8363364,101.828995,0.0
ETS303,9531,1789987004,90.0,2.0692494,103.29885,0.0
ETS307,9532,1789987004,90.0,2.4765117,102.42271,0.0
ETS302,9533,1789987004,90.0,2.8204224,101.82015,0.0
ETS310,9530,1789987004,90.0,2.8363364,101.828995,0.0
EMU31,2851,1789987006,46.0,5.3662,100.4486,0.0
SCS28,weekday_2049,1789987051,0.0,3.1346,101.6879,0.0
DMU11(D6122),58,1789987050,15.0,5.3186,102.1322,0.0
ETS204,9352,1789987050,0.0,3.1316,101.6828,0.0
EMU35,2838,1789987018,0.0,4.853,100.7322,0.0
ETS216,9133,1789987017,128.0,4.0621,101.2801,0.0
DMU10(D6120),60,1789987007,28.0,5.1726,102.0328,0.0
ETS302,9533,1789987004,90.0,2.8204224,101.82015,0.0
ETS307,9532,1789987004,90.0,2.4765117,102.42271,0.0
ETS304,9209,1789987004,90.0,3.204498,101.63586,0.0
ETS309,9428,1789987004,90.0,0.0027284583,0.0154984975,0.0
ETS303,9531,1789987004,90.0,2.0692494,103.29885,0.0
ETS304,9209,1789987125,90.0,3.1903894,101.6584,0.0
ETS309,9428,1789987125,90.0,4.774812,100.83033,0.0
ETS307,9532,1789987125,90.0,2.473547,102.41636,0.0
ETS310,9530,1789987125,90.0,2.8599062,101.82123,0.0
ETS303,9531,1789987125,90.0,2.0380552,103.31731,0.0
ETS302,9533,1789987125,90.0,2.8025787,101.80152,0.0
SCS23,2955,1789987054,40.0,6.6555,100.31,0.0
SCS38,weekday_2162,1789987054,19.0,3.2058,101.5814,0.0
DMU09,38,1789987053,66.0,3.6483,102.3802,0.0
DMU10(D6120),60,1789987052,33.0,5.1729,102.0282,0.0
ETS304,9209,1789987125,90.0,3.1903894,101.6584,0.0
ETS307,9532,1789987125,90.0,2.473547,102.41636,0.0
ETS302,9533,1789987125,90.0,2.8025787,101.80152,0.0
ETS309,9428,1789987125,90.0,4.774812,100.83033,0.0
ETS303,9531,1789987125,90.0,2.0380552,103.31731,0.0
ETS310,9530,1789987125,90.0,2.8599062,101.82123,0.0
ETS310,9530,1789987246,90.0,2.8696504,101.81944,0.0
ETS307,9532,1789987246,90.0,2.4646547,102.40366,0.0
ETS309,9428,1789987246,90.0,4.7787127,100.788506,0.0
ETS302,9533,1789987245,90.0,2.7732503,101.80412,0.0
ETS303,9531,1789987245,90.0,2.0351331,103.31817,0.0
ETS304,9209,1789987245,90.0,3.174071,101.68335,0.0
ETS214,9233,1789987214,135.0,5.1696,100.4797,0.0
ETS309,9428,1789987246,90.0,4.7787127,100.788506,0.0
ETS310,9530,1789987246,90.0,2.8696504,101.81944,0.0
ETS307,9532,1789987246,90.0,2.4646547,102.40366,0.0
ETS304,9209,1789987245,90.0,3.174071,101.68335,0.0
ETS303,9531,1789987245,90.0,2.0351331,103.31817,0.0
ETS302,9533,1789987245,90.0,2.7732503,101.80412,0.0
ETS309,9428,1789987367,90.0,4.7963896,100.75139,0.0
ETS310,9530,1789987367,90.0,2.8844435,101.80788,0.0
ETS307,9532,1789987366,90.0,2.4615042,102.36327,0.0
ETS302,9533,1789987366,90.0,2.7539926,101.82587,0.0
ETS303,9531,1789987366,90.0,2.0125391,103.32321,0.0
ETS304,9209,1789987366,90.0,3.160777,101.69321,0.0
ETS309,9428,1789987367,90.0,4.7963896,100.75139,0.0
ETS310,9530,1789987367,90.0,2.8844435,101.80788,0.0
ETS304,9209,1789987366,90.0,3.160777,101.69321,0.0
ETS303,9531,1789987366,90.0,2.0125391,103.32321,0.0
ETS307,9532,1789987366,90.0,2.4615042,102.36327,0.0
ETS302,9533,1789987366,90.0,2.7539926,101.82587,0.0
SCS21,weekday_2165,1789987424,18.0,3.086,101.6635,0.0
EMU31,2851,1789987422,0.0,5.2864,100.481,0.0
SCS05,weekday_2158,1789987421,115.0,3.6246,101.5692,0.0
SCS27,weekday_2048,1789987419,38.0,3.2032,101.677,0.0
EMU23,2951,1789987423,119.0,5.7597,100.4989,0.0
SCS24,2952,1789987420,42.0,5.3866,100.3752,0.0
ETS206,9449,1789987420,0.0,2.9627,101.7919,0.0
ETS304,9209,1789987487,90.0,3.1469123,101.69199,0.0
ETS309,9428,1789987487,90.0,0.0027284583,0.0154984975,0.0
ETS303,9531,1789987487,90.0,1.9743545,103.33643,0.0
ETS307,9532,1789987487,90.0,2.4549005,102.324104,0.0
ETS310,9530,1789987487,90.0,2.8989408,101.78583,0.0
ETS302,9533,1789987487,90.0,2.74674,101.85153,0.0
DMU10(D6120),60,1789987412,15.0,5.1766,102.0093,0.0
SCS10,weekday_2047,1789987529,54.0,2.9919,101.7652,0.0
SCS13,weekday_2161,1789987529,47.0,3.0518,101.5026,0.0
SCS11,2834,1789987516,12.0,5.3875,100.3732,0.0
SCS28,weekday_2049,1789987516,0.0,3.1139,101.6811,0.0
DMU11(D6122),58,1789987515,40.0,5.3084,102.1578,0.0
ETS214,9233,1789987514,0.0,5.131,100.486,0.0
EMU39,2949,1789987529,41.0,5.3571,100.4653,0.0
ETS215,9214,1789987529,103.0,3.3679,101.6043,0.0
ETS304,9209,1789987487,90.0,3.1469123,101.69199,0.0
ETS309,9428,1789987487,90.0,0.0027284583,0.0154984975,0.0
ETS302,9533,1789987487,90.0,2.74674,101.85153,0.0
ETS303,9531,1789987487,90.0,1.9743545,103.33643,0.0
ETS307,9532,1789987487,90.0,2.4549005,102.324104,0.0
ETS310,9530,1789987487,90.0,2.8989408,101.78583,0.0
ETS304,9209,1789987608,90.0,3.139714,101.694824,0.0
ETS309,9428,1789987608,90.0,4.8520865,100.733086,0.0
ETS310,9530,1789987608,90.0,2.9048126,101.78828,0.0
ETS303,9531,1789987608,90.0,1.9388171,103.35806,0.0
ETS307,9532,1789987608,90.0,2.4574754,102.28488,0.0
DMU10(D6120),60,1789987532,42.0,5.1886,102.0112,0.0
EMU24,2842,1789987532,0.0,4.5979,101.0732,0.0
ETS302,9533,1789987608,90.0,2.7385736,101.8805,0.0
SCS23,2955,1789987534,114.0,6.5438,100.2601,0.0
SCS38,weekday_2162,1789987534,28.0,3.2522,101.5552,0.0
SCS28,weekday_2049,1789987636,41.0,3.1111,101.6895,0.0
EMU26,2950,1789987635,121.0,5.7212,100.5143,0.0
ETS216,9133,1789987635,118.0,3.8899,101.3718,0.0
ETS204,9352,1789987635,0.0,3.2058,101.5812,0.0
ETS215,9214,1789987634,112.0,3.3883,101.6263,0.0
EMU23,2951,1789987633,116.0,5.6982,100.5092,0.0
SCS38,weekday_2162,1789987609,0.0,3.2576,101.5547,0.0
SCS23,2955,1789987609,53.0,6.5244,100.257,0.0
DMU10(D6120),60,1789987607,48.0,5.1987,102.0144,0.0
ETS214,9233,1789987634,5.0,5.1308,100.4861,0.0
ETS303,9531,1789987608,90.0,1.9388171,103.35806,0.0
ETS307,9532,1789987608,90.0,2.4574754,102.28488,0.0
ETS302,9533,1789987608,90.0,2.7385736,101.8805,0.0
ETS310,9530,1789987608,90.0,2.9048126,101.78828,0.0
ETS304,9209,1789987608,90.0,3.139714,101.694824,0.0
ETS309,9428,1789987608,90.0,4.8520865,100.733086,0.0
ETS304,9209,1789987728,90.0,3.1380613,101.69421,0.0
DMU10(D6120),60,1789987712,38.0,5.2128,102.0126,0.0
ETS302,9533,1789987728,90.0,2.7301638,101.89991,0.0
ETS309,9428,1789987728,90.0,4.852535,100.73351,0.0
ETS310,9530,1789987728,90.0,2.9059222,101.791,0.0
ETS303,9531,1789987728,90.0,1.908852,103.38696,0.0
ETS307,9532,1789987728,90.0,2.4592226,102.247025,0.0
ETS307,9532,1789987728,90.0,2.4592226,102.247025,0.0
ETS310,9530,1789987728,90.0,2.9059222,101.791,0.0
ETS303,9531,1789987728,90.0,1.908852,103.38696,0.0
ETS302,9533,1789987728,90.0,2.7301638,101.89991,0.0
ETS309,9428,1789987728,90.0,4.852535,100.73351,0.0
ETS304,9209,1789987728,90.0,3.1380613,101.69421,0.0
SCS38,weekday_2162,1789987714,51.0,3.2622,101.5566,0.0
SCS23,2955,1789987714,100.0,6.5156,100.2555,0.0
DMU09,38,1789987713,0.0,3.7098,102.3669,0.0
ETS307,9532,1789987849,90.0,2.4634173,102.22683,0.0
ETS304,9209,1789987849,90.0,0.0027284583,0.0154984975,0.0
ETS303,9531,1789987849,90.0,1.8854607,103.40504,0.0
EMU24,2842,1789987772,73.0,4.6111,101.09,0.0
ETS309,9428,1789987849,90.0,0.0027284583,0.0154984975,0.0
ETS310,9530,1789987849,90.0,2.9059227,101.79099,0.0
ETS302,9533,1789987849,90.0,2.7228353,101.920845,0.0
SCS25,weekday_2157,1789987781,0.0,2.9994,101.3915,0.0
SCS22,2948,1789987777,88.0,6.1876,100.372,0.0
EMU39,2949,1789987776,64.0,5.367,100.4433,0.0
SCS18,weekday_2041,1789987774,107.0,2.6517,102.0268,0.0
EMU33,2946,1789987853,89.0,6.5166,100.2556,0.0
ETS303,9531,1789987849,90.0,1.8854607,103.40504,0.0
ETS302,9533,1789987849,90.0,2.7228353,101.920845,0.0
ETS307,9532,1789987849,90.0,2.4634173,102.22683,0.0
ETS304,9209,1789987849,90.0,0.0027284583,0.0154984975,0.0
ETS310,9530,1789987849,90.0,2.9059227,101.79099,0.0
ETS309,9428,1789987849,90.0,0.0027284583,0.0154984975,0.0
ETS304,9209,1789987969,90.0,3.1346457,101.688385,0.0
ETS309,9428,1789987969,90.0,4.9080124,100.71876,0.0
ETS310,9530,1789987969,90.0,2.9072223,101.794914,0.0
ETS303,9531,1789987969,90.0,1.878382,103.40868,0.0
ETS307,9532,1789987969,90.0,2.4634511,102.22686,0.0
ETS302,9533,1789987969,90.0,2.720513,101.93571,0.0
ETS304,9209,1789987969,90.0,3.1346457,101.688385,0.0
ETS307,9532,1789987969,90.0,2.4634511,102.22686,0.0
ETS302,9533,1789987969,90.0,2.720513,101.93571,0.0
ETS309,9428,1789987969,90.0,4.9080124,100.71876,0.0
ETS303,9531,1789987969,90.0,1.878382,103.40868,0.0
ETS310,9530,1789987969,90.0,2.9072223,101.794914,0.0
ETS304,9209,1789988090,90.0,0.0027284583,0.0154984975,0.0
ETS309,9428,1789988090,90.0,4.9570155,100.72411,0.0
ETS302,9533,1789988090,90.0,2.7186482,101.9408,0.0
ETS303,9531,1789988090,90.0,1.8455656,103.42779,0.0
ETS307,9532,1789988090,90.0,2.463675,102.22638,0.0
ETS310,9530,1789988090,90.0,2.930193,101.7953,0.0
ETS304,9209,1789988090,90.0,0.0027284583,0.0154984975,0.0
ETS309,9428,1789988090,90.0,4.9570155,100.72411,0.0
ETS310,9530,1789988090,90.0,2.930193,101.7953,0.0
ETS303,9531,1789988090,90.0,1.8455656,103.42779,0.0
ETS307,9532,1789988090,90.0,2.463675,102.22638,0.0
ETS302,9533,1789988090,90.0,2.7186482,101.9408,0.0
ETS310,9530,1789988211,90.0,2.952379,101.79181,0.0
ETS309,9428,1789988211,90.0,4.989476,100.73501,0.0
ETS307,9532,1789988211,90.0,2.465357,102.20533,0.0
ETS303,9531,1789988210,90.0,1.8225343,103.46205,0.0
ETS304,9209,1789988210,90.0,0.0027284583,0.0154984975,0.0
ETS302,9533,1789988210,90.0,2.7174542,101.942535,0.0
ETS307,9532,1789988211,90.0,2.465357,102.20533,0.0
ETS310,9530,1789988211,90.0,2.952379,101.79181,0.0
ETS309,9428,1789988211,90.0,4.989476,100.73501,0.0
ETS304,9209,1789988210,90.0,0.0027284583,0.0154984975,0.0
ETS302,9533,1789988210,90.0,2.7174542,101.942535,0.0
ETS303,9531,1789988210,90.0,1.8225343,103.46205,0.0
ETS304,9209,1789988331,90.0,0.0027284583,0.0154984975,0.0
ETS309,9428,1789988331,90.0,5.025915,100.71904,0.0
ETS310,9530,1789988331,90.0,2.964028,101.792336,0.0
ETS303,9531,1789988331,90.0,1.812392,103.47883,0.0
ETS307,9532,1789988331,90.0,2.4640338,102.18332,0.0
ETS302,9533,1789988331,90.0,2.7048419,101.9544,0.0
SCS38,weekday_2162,1789988254,73.0,3.3308,101.5691,0.0
SCS28,weekday_2049,1789988356,50.0,3.0666,101.7083,0.0
DMU11(D6122),58,1789988355,54.0,5.3416,102.2207,0.0
ETS204,9352,1789988355,64.0,3.2753,101.5623,0.0
SCS07,weekday_2173,1789988318,87.0,3.2012,101.611,0.0
EMU23,2951,1789988317,116.0,5.5396,100.5028,0.0
DMU13,39,1789988317,0.0,3.2464,102.4112,0.0
ETS304,9209,1789988331,90.0,0.0027284583,0.0154984975,0.0
ETS309,9428,1789988331,90.0,5.025915,100.71904,0.0
ETS310,9530,1789988331,90.0,2.964028,101.792336,0.0
ETS303,9531,1789988331,90.0,1.812392,103.47883,0.0
ETS307,9532,1789988331,90.0,2.4640338,102.18332,0.0
ETS302,9533,1789988331,90.0,2.7048419,101.9544,0.0
ETS216,9133,1789988321,90.0,3.7278,101.4596,0.0
SCS23,2955,1789988314,97.0,6.3768,100.2984,0.0
SCS18,weekday_2041,1789988314,116.0,2.5667,102.1131,0.0
ETS304,9209,1789988452,90.0,0.0027284583,0.0154984975,0.0
ETS309,9428,1789988452,90.0,5.0382,100.680305,0.0
ETS310,9530,1789988452,90.0,2.976327,101.79148,0.0
ETS303,9531,1789988452,90.0,1.8104398,103.48102,0.0
ETS307,9532,1789988452,90.0,2.5008981,102.176025,0.0
ETS302,9533,1789988452,90.0,2.6879542,101.97352,0.0
ETS205,9055,1789988404,4.0,4.5967,101.0727,0.0
EMU26,2950,1789988401,110.0,5.9085,100.4706,0.0
EMU24,2842,1789988391,112.0,4.7586,101.1168,0.0
SCS28,weekday_2049,1789988401,49.0,3.0603,101.7074,0.0
DMU11(D6122),58,1789988400,41.0,5.347,102.2229,0.0
ETS204,9352,1789988400,65.0,3.282,101.5665,0.0
ETS214,9233,1789988399,132.0,5.04,100.6564,0.0
ETS215,9214,1789988399,94.0,3.5748,101.6138,0.0
SCS23,2955,1789988404,0.0,6.3703,100.3032,0.0
DMU09,38,1789988403,0.0,3.8074,102.3593,0.0
EMU31,2851,1789988403,115.0,5.0745,100.5031,0.0
ETS304,9209,1789988452,90.0,0.0027284583,0.0154984975,0.0
ETS309,9428,1789988452,90.0,5.0382,100.680305,0.0
ETS302,9533,1789988452,90.0,2.6879542,101.97352,0.0
ETS303,9531,1789988452,90.0,1.8104398,103.48102,0.0
ETS307,9532,1789988452,90.0,2.5008981,102.176025,0.0
ETS310,9530,1789988452,90.0,2.976327,101.79148,0.0
ETS304,9209,1789988572,90.0,0.0027284583,0.0154984975,0.0
ETS309,9428,1789988572,90.0,5.0405784,100.638275,0.0
ETS310,9530,1789988572,90.0,2.9823294,101.79178,0.0
ETS303,9531,1789988572,90.0,1.7781608,103.49624,0.0
ETS307,9532,1789988572,90.0,2.5353227,102.15534,0.0
ETS302,9533,1789988572,90.0,2.6689029,101.99116,0.0
SCS28,weekday_2049,1789988506,65.0,3.0447,101.7078,0.0
DMU11(D6122),58,1789988505,57.0,5.3619,102.2254,0.0
ETS204,9352,1789988505,0.0,3.2992,101.5752,0.0
ETS214,9233,1789988504,137.0,5.0393,100.6925,0.0
SCS10,weekday_2047,1789988519,0.0,2.9796,101.7904,0.0
SCS13,weekday_2161,1789988504,38.0,3.0439,101.4354,0.0
ETS206,9449,1789988515,63.0,2.8304,101.8266,0.0
SCS29,2953,1789988517,0.0,3.2371,101.6812,0.0
SCS05,weekday_2177,1789988516,0.0,3.6848,101.5181,0.0
ETS212,9136,1789988516,49.0,4.8529,100.7321,0.0
SCS25,weekday_2157,1789988516,0.0,3.0136,101.4029,0.0
SCS24,2952,1789988515,113.0,5.4663,100.4966,0.0
EMU24,2842,1789988511,106.0,4.7863,101.0978,0.0
ETS216,9133,1789988511,119.0,3.6985,101.5036,0.0
ETS304,9209,1789988572,90.0,0.0027284583,0.0154984975,0.0
ETS309,9428,1789988572,90.0,5.0405784,100.638275,0.0
ETS310,9530,1789988572,90.0,2.9823294,101.79178,0.0
ETS303,9531,1789988572,90.0,1.7781608,103.49624,0.0
ETS302,9533,1789988572,90.0,2.6689029,101.99116,0.0
ETS307,9532,1789988572,90.0,2.5353227,102.15534,0.0
ETS304,9209,1789988693,90.0,0.0027284583,0.0154984975,0.0
ETS309,9428,1789988693,90.0,5.043559,100.597496,0.0
ETS302,9533,1789988693,90.0,2.6543477,102.00884,0.0
ETS303,9531,1789988693,90.0,1.7402257,103.51054,0.0
ETS307,9532,1789988693,90.0,2.5608416,102.123436,0.0
ETS310,9530,1789988693,90.0,2.9829469,101.791534,0.0
EMU35,2838,1789988707,112.0,5.064,100.5086,0.0
EMU39,2954,1789988706,0.0,5.3932,100.3665,0.0
SCS27,weekday_2051,1789988708,17.0,3.1365,101.6903,0.0
ETS204,9352,1789988715,43.0,3.3314,101.5695,0.0
ETS304,9209,1789988693,90.0,0.0027284583,0.0154984975,0.0
ETS309,9428,1789988693,90.0,5.043559,100.597496,0.0
ETS310,9530,1789988693,90.0,2.9829469,101.791534,0.0
ETS303,9531,1789988693,90.0,1.7402257,103.51054,0.0
ETS307,9532,1789988693,90.0,2.5608416,102.123436,0.0
ETS302,9533,1789988693,90.0,2.6543477,102.00884,0.0
DMU13,39,1789988707,33.0,3.2429,102.4106,0.0
SCS22,2948,1789988707,114.0,6.4147,100.2743,0.0
SCS29,2953,1789988742,0.0,3.2371,101.6811,0.0
SCS21,weekday_2165,1789988741,60.0,3.0778,101.5714,0.0
ETS212,9136,1789988741,109.0,4.8702,100.7256,0.0
EMU35,2838,1789988737,111.0,5.0718,100.5044,0.0
SCS22,2948,1789988737,112.0,6.4232,100.2713,0.0
ETS310,9530,1789988814,90.0,2.9910698,101.78566,0.0
ETS307,9532,1789988814,90.0,2.5896616,102.09769,0.0
ETS309,9428,1789988814,90.0,5.0263524,100.55992,0.0
ETS302,9533,1789988813,90.0,2.6438715,102.03387,0.0
ETS303,9531,1789988813,90.0,1.7100948,103.53777,0.0
SCS07,weekday_2173,1789988738,45.0,3.1983,101.6415,0.0
EMU33,2957,1789988738,0.0,6.6627,100.3204,0.0
DMU10(D6120),60,1789988822,0.0,5.3002,102.0203,0.0
ETS204,9352,1789988820,107.0,3.3531,101.5721,0.0
ETS309,9428,1789988814,90.0,5.0263524,100.55992,0.0
ETS310,9530,1789988814,90.0,2.9910698,101.78566,0.0
ETS307,9532,1789988814,90.0,2.5896616,102.09769,0.0
ETS303,9531,1789988813,90.0,1.7100948,103.53777,0.0
ETS302,9533,1789988813,90.0,2.6438715,102.03387,0.0
ETS215,9214,1789988819,118.0,3.6645,101.5353,0.0
ETS302,9533,1789988934,90.0,2.6272273,102.070816,0.0
ETS310,9530,1789988934,90.0,2.9905565,101.75876,0.0
ETS309,9428,1789988934,90.0,5.029611,100.52686,0.0
ETS307,9532,1789988934,90.0,2.621857,102.076904,0.0
ETS303,9531,1789988934,90.0,1.686152,103.57098,0.0
EMU39,2954,1789988871,22.0,5.3887,100.372,0.0
SCS38,weekday_2162,1789988869,87.0,3.4283,101.6291,0.0
SCS28,weekday_2049,1789988866,0.0,3.0239,101.7157,0.0
ETS204,9352,1789988865,0.0,3.3607,101.5727,0.0
DMU11(D6122),58,1789988865,13.0,5.3888,102.232,0.0
ETS309,9428,1789988934,90.0,5.029611,100.52686,0.0
ETS307,9532,1789988934,90.0,2.621857,102.076904,0.0
ETS303,9531,1789988934,90.0,1.686152,103.57098,0.0
ETS310,9530,1789988934,90.0,2.9905565,101.75876,0.0
ETS302,9533,1789988934,90.0,2.6272273,102.070816,0.0
ETS309,9428,1789989055,90.0,5.0661964,100.50758,0.0
ETS310,9530,1789989055,90.0,3.0024579,101.735115,0.0
ETS302,9533,1789989055,90.0,2.5934796,102.09545,0.0
ETS307,9532,1789989055,90.0,2.6362963,102.044,0.0
ETS303,9531,1789989055,90.0,1.6654614,103.59712,0.0
ETS309,9428,1789989055,90.0,5.0661964,100.50758,0.0
ETS310,9530,1789989055,90.0,3.0024579,101.735115,0.0
ETS302,9533,1789989055,90.0,2.5934796,102.09545,0.0
ETS307,9532,1789989055,90.0,2.6362963,102.044,0.0
ETS303,9531,1789989055,90.0,1.6654614,103.59712,0.0
EMU24,2842,1789989100,111.0,4.843,101.0048,0.0
SCS27,weekday_2051,1789989098,12.0,3.1183,101.6789,0.0
SCS07,weekday_2173,1789989098,45.0,3.1841,101.6671,0.0
SCS22,2948,1789989097,114.0,6.4982,100.2534,0.0
EMU26,2950,1789989097,118.0,6.0664,100.3873,0.0
SCS25,weekday_2157,1789989096,0.0,3.0136,101.4029,0.0
SCS28,weekday_2049,1789989151,0.0,3.0239,101.7157,0.0
EMU35,2838,1789989103,119.0,5.149,100.4823,0.0
SCS05,weekday_2177,1789989101,111.0,3.6398,101.5583,0.0
ETS204,9352,1789989150,104.0,3.4119,101.6275,0.0
DMU11(D6122),58,1789989150,27.0,5.3991,102.2319,0.0
EMU33,2957,1789989143,110.0,6.635,100.2781,0.0
ETS310,9530,1789989176,90.0,3.0093393,101.726685,0.0
ETS309,9428,1789989176,90.0,5.101466,100.49276,0.0
ETS307,9532,1789989176,90.0,2.654533,102.02114,0.0
SCS10,weekday_2047,1789989149,61.0,2.91,101.7951,0.0
ETS303,9531,1789989175,90.0,1.6647,103.59888,0.0
ETS302,9533,1789989175,90.0,2.5616586,102.12216,0.0
SCS23,2955,1789989154,5.0,6.1827,100.3752,0.0
SCS38,weekday_2162,1789989154,0.0,3.4678,101.6376,0.0
ETS216,9133,1789989135,94.0,3.5941,101.6048,0.0
ETS214,9233,1789989134,60.0,4.8578,100.7344,0.0
DMU13,39,1789989097,70.0,3.1748,102.3939,0.0
EMU39,2954,1789989096,86.0,5.3678,100.413,0.0
SCS27,weekday_2051,1789989173,0.0,3.118,101.6789,0.0
EMU33,2957,1789989173,109.0,6.6299,100.2712,0.0
DMU13,39,1789989172,74.0,3.1603,102.3897,0.0
SCS25,weekday_2157,1789989168,16.0,3.0162,101.4057,0.0
SCS23,2955,1789989154,5.0,6.1827,100.3752,0.0
SCS22,2948,1789989172,80.0,6.519,100.2561,0.0
SCS05,weekday_2177,1789989161,111.0,3.6253,101.5686,0.0
DMU10(D6120),60,1789989152,56.0,5.3163,102.0205,0.0
ETS309,9428,1789989176,90.0,5.101466,100.49276,0.0
ETS307,9532,1789989176,90.0,2.654533,102.02114,0.0
ETS310,9530,1789989176,90.0,3.0093393,101.726685,0.0
ETS303,9531,1789989175,90.0,1.6647,103.59888,0.0
SCS38,weekday_2162,1789989184,0.0,3.4678,101.6376,0.0
EMU31,2851,1789989182,111.0,5.0392,100.662,0.0
ETS302,9533,1789989175,90.0,2.5616586,102.12216,0.0
SCS28,weekday_2049,1789989181,0.0,3.0239,101.7157,0.0
EMU24,2842,1789989180,112.0,4.8432,100.9816,0.0
ETS204,9352,1789989180,95.0,3.4192,101.6251,0.0
EMU35,2838,1789989178,50.0,5.1678,100.4797,0.0
SCS29,2953,1789989177,0.0,3.2371,101.6811,0.0
ETS212,9136,1789989176,134.0,5.0152,100.7295,0.0
SCS21,weekday_2165,1789989176,43.0,3.0574,101.5278,0.0
SCS24,2952,1789989175,109.0,5.6227,100.4947,0.0
ETS206,9449,1789989175,104.0,2.7402,101.8766,0.0
SCS07,weekday_2173,1789989173,77.0,3.1773,101.6798,0.0
EMU26,2950,1789989172,113.0,6.0866,100.3761,0.0
ETS310,9530,1789989296,90.0,3.0281212,101.714,0.0
SCS29,2953,1789989267,0.0,3.2371,101.6811,0.0
ETS206,9449,1789989265,63.0,2.7396,101.8939,0.0
SCS24,2952,1789989265,21.0,5.6432,100.4901,0.0
ETS307,9532,1789989296,90.0,2.6588001,101.998405,0.0
ETS309,9428,1789989296,90.0,5.1156464,100.48984,0.0
ETS302,9533,1789989296,90.0,2.536419,102.154045,0.0
ETS303,9531,1789989296,90.0,1.6533831,103.613266,0.0
ETS309,9428,1789989296,90.0,5.1156464,100.48984,0.0
ETS310,9530,1789989296,90.0,3.0281212,101.714,0.0
ETS303,9531,1789989296,90.0,1.6533831,103.613266,0.0
ETS307,9532,1789989296,90.0,2.6588001,101.998405,0.0
ETS302,9533,1789989296,90.0,2.536419,102.154045,0.0
ETS309,9428,1789989417,90.0,0.0027284583,0.0154984975,0.0
ETS310,9530,1789989417,90.0,3.0533142,101.70787,0.0
ETS303,9531,1789989417,90.0,1.6263968,103.64291,0.0
ETS307,9532,1789989417,90.0,2.6741314,101.98358,0.0
ETS302,9533,1789989417,90.0,2.5017307,102.17573,0.0
EMU23,2951,1789989358,55.0,5.3669,100.4441,0.0
SCS29,2953,1789989357,34.0,3.235,101.6803,0.0
EMU33,2957,1789989353,116.0,6.5781,100.2615,0.0
DMU10(D6120),60,1789989362,52.0,5.3447,102.0126,0.0
DMU11(D6122),58,1789989360,38.0,5.4135,102.2364,0.0
EMU24,2842,1789989360,113.0,4.8101,100.9501,0.0
ETS212,9136,1789989356,127.0,5.0392,100.6754,0.0
ETS206,9449,1789989355,97.0,2.7252,101.9085,0.0
SCS24,2952,1789989400,116.0,5.6591,100.4928,0.0
SCS28,weekday_2049,1789989436,88.0,3.0145,101.7232,0.0
SCS25,weekday_2157,1789989436,7.0,3.0442,101.4358,0.0
ETS204,9352,1789989435,0.0,3.4558,101.64,0.0
DMU11(D6122),58,1789989435,27.0,5.419,102.2395,0.0
SCS04,weekday_2168,1789989404,8.0,3.1399,101.6937,0.0
EMU31,2851,1789989392,112.0,5.0248,100.7206,0.0
ETS309,9428,1789989417,90.0,0.0027284583,0.0154984975,0.0
ETS310,9530,1789989417,90.0,3.0533142,101.70787,0.0
ETS303,9531,1789989417,90.0,1.6263968,103.64291,0.0
ETS307,9532,1789989417,90.0,2.6741314,101.98358,0.0
ETS302,9533,1789989417,90.0,2.5017307,102.17573,0.0
EMU35,2838,1789989403,113.0,5.2026,100.486,0.0
EMU23,2951,1789989403,98.0,5.3638,100.4344,0.0
ETS216,9133,1789989402,91.0,3.544,101.6371,0.0
SCS29,2953,1789989402,87.0,3.2302,101.6742,0.0
SCS05,weekday_2177,1789989401,101.0,3.5817,101.613,0.0
SCS21,weekday_2165,1789989401,16.0,3.0515,101.5032,0.0
ETS212,9136,1789989401,116.0,5.0391,100.6615,0.0
SCS27,weekday_2051,1789989398,50.0,3.1126,101.6864,0.0
DMU10(D6120),60,1789989392,53.0,5.3487,102.0112,0.0
SCS24,2952,1789989400,116.0,5.6591,100.4928,0.0
SCS28,weekday_2049,1789989496,24.0,3.0053,101.7283,0.0
ETS204,9352,1789989495,0.0,3.4556,101.64,0.0
DMU11(D6122),58,1789989495,24.0,5.4234,102.2383,0.0
SCS24,2952,1789989475,114.0,5.6809,100.4981,0.0
SCS23,2955,1789989469,67.0,6.1155,100.3708,0.0
DMU09,38,1789989468,0.0,3.9374,102.3578,0.0
DMU10(D6120),60,1789989497,25.0,5.3627,102.0077,0.0
EMU31,2851,1789989497,115.0,4.9984,100.7353,0.0
SCS11,2857,1789989496,0.0,5.3648,100.4209,0.0
SCS05,weekday_2177,1789989476,101.0,3.566,101.6224,0.0
SCS21,weekday_2165,1789989476,33.0,3.0522,101.4969,0.0
ETS307,9532,1789989538,90.0,2.692283,101.97181,0.0
ETS302,9533,1789989538,90.0,2.4613438,102.18373,0.0
ETS303,9531,1789989538,90.0,1.5894943,103.65671,0.0
ETS310,9530,1789989538,90.0,3.0757554,101.71223,0.0
ETS309,9428,1789989538,90.0,5.1450577,100.48374,0.0
EMU26,2950,1789989562,114.0,6.1668,100.3789,0.0
EMU24,2842,1789989560,0.0,4.7762,100.9319,0.0
ETS302,9533,1789989538,90.0,2.4613438,102.18373,0.0
ETS307,9532,1789989538,90.0,2.692283,101.97181,0.0
ETS303,9531,1789989538,90.0,1.5894943,103.65671,0.0
ETS309,9428,1789989538,90.0,5.1450577,100.48374,0.0
ETS310,9530,1789989538,90.0,3.0757554,101.71223,0.0
ETS310,9530,1789989658,90.0,3.0760002,101.71237,0.0
ETS309,9428,1789989658,90.0,5.1862082,100.48012,0.0
ETS303,9531,1789989658,90.0,1.5670447,103.68263,0.0
ETS307,9532,1789989658,90.0,2.7061274,101.95363,0.0
ETS302,9533,1789989658,90.0,2.4677393,102.207184,0.0
ETS309,9428,1789989658,90.0,5.1862082,100.48012,0.0
ETS307,9532,1789989658,90.0,2.7061274,101.95363,0.0
ETS302,9533,1789989658,90.0,2.4677393,102.207184,0.0
ETS310,9530,1789989658,90.0,3.0760002,101.71237,0.0
ETS303,9531,1789989658,90.0,1.5670447,103.68263,0.0
EMU35,2838,1789989643,108.0,5.2726,100.4798,0.0
SCS29,2953,1789989642,29.0,3.2052,101.6753,0.0
ETS212,9136,1789989641,134.0,5.0405,100.5785,0.0
SCS21,weekday_2165,1789989641,47.0,3.0525,101.4881,0.0
SCS05,weekday_2177,1789989641,42.0,3.5525,101.6396,0.0
ETS206,9449,1789989640,0.0,2.7186,101.9405,0.0
EMU33,2957,1789989638,73.0,6.5189,100.2561,0.0
SCS27,weekday_2051,1789989638,0.0,3.0978,101.7059,0.0
SCS07,weekday_2173,1789989638,21.0,3.1448,101.6927,0.0
DMU13,39,1789989637,77.0,3.1092,102.3741,0.0
SCS22,2948,1789989637,114.0,6.6283,100.2693,0.0
EMU26,2950,1789989637,34.0,6.1819,100.3758,0.0
EMU39,2954,1789989634,37.0,5.3574,100.4658,0.0
ETS302,9533,1789989779,90.0,2.463055,102.2275,0.0
ETS307,9532,1789989779,90.0,2.7111235,101.95143,0.0
ETS303,9531,1789989779,90.0,1.5431355,103.70327,0.0
ETS310,9530,1789989779,90.0,3.0857158,101.71303,0.0
ETS309,9428,1789989779,90.0,5.225419,100.49084,0.0
SCS10,weekday_2047,1789989734,45.0,2.8639,101.8193,0.0
EMU35,2838,1789989733,0.0,5.2863,100.4809,0.0
DMU10(D6120),60,1789989722,7.0,5.3766,102.01,0.0
EMU31,2851,1789989721,113.0,4.9324,100.7188,0.0
SCS28,weekday_2049,1789989721,60.0,2.9914,101.7642,0.0
ETS204,9352,1789989720,8.0,3.4559,101.64,0.0
SCS29,2953,1789989732,7.0,3.2043,101.6762,0.0
SCS11,2857,1789989721,0.0,5.3664,100.4474,0.0
SCS11,2857,1789989811,111.0,5.3627,100.4595,0.0
DMU11(D6122),58,1789989810,43.0,5.4549,102.2285,0.0
SCS10,weekday_2047,1789989779,28.0,2.8604,101.8203,0.0
SCS27,weekday_2051,1789989758,0.0,3.0978,101.7059,0.0
SCS22,2948,1789989757,99.0,6.6489,100.2975,0.0
DMU13,39,1789989757,87.0,3.0842,102.3722,0.0
ETS206,9449,1789989775,0.0,2.7184,101.9408,0.0
EMU24,2842,1789989770,85.0,4.7735,100.8995,0.0
ETS309,9428,1789989779,90.0,5.225419,100.49084,0.0
ETS310,9530,1789989779,90.0,3.0857158,101.71303,0.0
ETS303,9531,1789989779,90.0,1.5431355,103.70327,0.0
ETS302,9533,1789989779,90.0,2.463055,102.2275,0.0
ETS307,9532,1789989779,90.0,2.7111235,101.95143,0.0
EMU39,2954,1789989769,120.0,5.3861,100.4701,0.0
ETS205,9055,1789989769,19.0,4.4337,101.0619,0.0
EMU33,2957,1789989768,117.0,6.4836,100.2537,0.0
DMU10(D6120),60,1789989767,0.0,5.377,102.0101,0.0
ETS216,9133,1789989766,36.0,3.459,101.6414,0.0
SCS28,weekday_2049,1789989811,85.0,2.993,101.7814,0.0
ETS212,9136,1789989776,129.0,5.0185,100.5388,0.0
SCS07,weekday_2173,1789989758,0.0,3.1393,101.6935,0.0
EMU31,2851,1789989811,107.0,4.9059,100.7184,0.0
ETS307,9532,1789989900,90.0,2.7104964,101.95186,0.0
ETS309,9428,1789989900,90.0,5.2623005,100.48265,0.0
ETS303,9531,1789989900,90.0,1.5371231,103.7234,0.0
ETS302,9533,1789989900,90.0,2.460712,102.232216,0.0
ETS310,9530,1789989900,90.0,3.0978045,101.70632,0.0
EMU39,2954,1789989814,118.0,5.4001,100.4719,0.0
ETS216,9133,1789989914,98.0,3.4158,101.6263,0.0
EMU26,2950,1789989907,118.0,6.2262,100.3625,0.0
SCS22,2948,1789989907,26.0,6.6614,100.3184,0.0
ETS303,9531,1789989900,90.0,1.5371231,103.7234,0.0
ETS310,9530,1789989900,90.0,3.0978045,101.70632,0.0
ETS309,9428,1789989900,90.0,5.2623005,100.48265,0.0
ETS307,9532,1789989900,90.0,2.7104964,101.95186,0.0
ETS302,9533,1789989900,90.0,2.460712,102.232216,0.0
SCS05,weekday_2177,1789989941,29.0,3.5015,101.6341,0.0
ETS212,9136,1789989941,139.0,5.0671,100.5071,0.0
SCS24,2952,1789989940,100.0,5.8092,100.4797,0.0
SCS07,weekday_2173,1789989938,0.0,3.1365,101.6895,0.0
DMU13,39,1789989937,79.0,3.0465,102.3731,0.0
EMU33,2957,1789989933,43.0,6.4458,100.2636,0.0
SCS04,weekday_2168,1789989944,48.0,3.1732,101.6837,0.0
ETS216,9133,1789989944,103.0,3.4085,101.6282,0.0
EMU26,2950,1789989937,118.0,6.2356,100.3606,0.0
EMU31,2851,1789989976,100.0,4.8856,100.7206,0.0
DMU11(D6122),58,1789989975,51.0,5.4736,102.2217,0.0
EMU35,2838,1789989940,117.0,5.3264,100.4699,0.0
ETS206,9449,1789989940,0.0,2.7033,101.956,0.0
SCS11,2857,1789989976,114.0,5.3163,100.4733,0.0
EMU39,2954,1789989979,119.0,5.4471,100.4918,0.0
ETS205,9055,1789989979,15.0,4.4219,101.0683,0.0
SCS27,weekday_2051,1789989978,15.0,3.0942,101.7097,0.0
ETS214,9233,1789989944,133.0,4.774,100.8695,0.0
SCS10,weekday_2047,1789989944,20.0,2.8365,101.828,0.0
ETS215,9214,1789990049,116.0,3.9141,101.3458,0.0
SCS10,weekday_2047,1789990049,2.0,2.8299,101.8268,0.0
SCS29,2953,1789990047,0.0,3.1815,101.6884,0.0
SCS21,weekday_2165,1789990046,25.0,3.0385,101.4544,0.0
ETS212,9136,1789990046,132.0,5.1009,100.4924,0.0
SCS05,weekday_2177,1789990046,98.0,3.4926,101.6354,0.0
SCS24,2952,1789990045,0.0,5.825,100.4779,0.0
EMU35,2838,1789990045,86.0,5.354,100.4659,0.0
EMU33,2957,1789990023,35.0,6.4359,100.2671,0.0
ETS214,9233,1789990019,90.0,4.7731,100.8927,0.0
EMU26,2950,1789990012,117.0,6.258,100.356,0.0
DMU10(D6120),60,1789990007,13.0,5.3785,102.0111,0.0
SCS11,2857,1789990006,114.0,5.3081,100.477,0.0
EMU31,2851,1789990006,114.0,4.8773,100.7228,0.0
ETS310,9530,1789990021,90.0,3.1033974,101.699265,0.0
ETS303,9531,1789990021,90.0,1.5361165,103.72543,0.0
ETS307,9532,1789990021,90.0,2.7138603,101.9479,0.0
ETS302,9533,1789990021,90.0,2.4583755,102.26612,0.0
ETS309,9428,1789990021,90.0,5.2877975,100.48258,0.0
SCS28,weekday_2049,1789990021,12.0,2.983,101.7907,0.0
ETS204,9352,1789990020,0.0,3.4677,101.6376,0.0
ETS206,9449,1789990045,3.0,2.6963,101.9705,0.0
ETS205,9055,1789990024,9.0,4.4196,101.0695,0.0
SCS27,weekday_2051,1789990023,32.0,3.0913,101.7104,0.0
DMU09,38,1789990023,23.0,3.991,102.3324,0.0
ETS205,9055,1789990054,8.0,4.418,101.0702,0.0
EMU33,2957,1789990173,0.0,6.431,100.2688,0.0
ETS303,9531,1789990142,90.0,1.51842,103.74265,0.0
ETS302,9533,1789990142,90.0,2.4546568,102.3077,0.0
ETS307,9532,1789990142,90.0,2.7186363,101.94092,0.0
ETS310,9530,1789990142,90.0,3.1171558,101.680115,0.0
ETS309,9428,1789990142,90.0,0.0027284583,0.0154984975,0.0
ETS206,9449,1789990210,9.0,2.6643,101.9944,0.0
ETS216,9133,1789990210,81.0,3.3635,101.5788,0.0
DMU10(D6120),60,1789990202,38.0,5.3751,102.0209,0.0
SCS07,weekday_2173,1789990223,0.0,3.1365,101.6895,0.0
EMU26,2950,1789990222,118.0,6.3204,100.3405,0.0
EMU39,2954,1789990219,63.0,5.4869,100.4993,0.0
SCS28,weekday_2049,1789990216,32.0,2.9639,101.7916,0.0
SCS11,2857,1789990216,83.0,5.282,100.4793,0.0
DMU11(D6122),58,1789990215,44.0,5.5035,102.2122,0.0
SCS38,weekday_2162,1789990215,0.0,3.5103,101.6327,0.0
ETS204,9352,1789990215,0.0,3.4918,101.636,0.0
SCS10,weekday_2047,1789990214,73.0,2.8201,101.8184,0.0
ETS214,9233,1789990214,4.0,4.776,100.9315,0.0
SCS13,weekday_2178,1789990214,0.0,2.9993,101.3915,0.0
SCS04,weekday_2168,1789990214,21.0,3.1915,101.6562,0.0
ETS215,9214,1789990214,120.0,3.9593,101.3238,0.0
SCS05,weekday_2177,1789990211,48.0,3.4668,101.6375,0.0
ETS212,9136,1789990211,0.0,5.1312,100.4862,0.0
SCS24,2952,1789990210,115.0,5.8633,100.477,0.0
EMU35,2838,1789990210,0.0,5.3664,100.4478,0.0
EMU24,2842,1789990210,0.0,4.776,100.8236,0.0
ETS205,9055,1789990204,0.0,4.3986,101.0806,0.0
SCS23,2955,1789990204,62.0,5.9694,100.4421,0.0
EMU33,2957,1789990203,11.0,6.4301,100.2691,0.0
DMU09,38,1789990203,67.0,4.0121,102.3216,0.0
SCS27,weekday_2051,1789990203,0.0,3.076,101.7106,0.0
EMU31,2851,1789990201,63.0,4.8511,100.7305,0.0
SCS21,weekday_2165,1789990181,0.0,3.0424,101.4514,0.0
SCS23,2955,1789990249,116.0,5.9596,100.4476,0.0
SCS27,weekday_2051,1789990248,58.0,3.0744,101.7096,0.0
DMU09,38,1789990248,58.0,4.0188,102.3205,0.0
DMU10(D6120),60,1789990247,36.0,5.3702,102.0233,0.0
ETS302,9533,1789990263,90.0,2.4591131,102.348915,0.0
ETS307,9532,1789990263,90.0,2.719652,101.93844,0.0
SCS28,weekday_2049,1789990291,20.0,2.9626,101.7921,0.0
EMU31,2851,1789990291,112.0,4.8302,100.7335,0.0
DMU11(D6122),58,1789990290,51.0,5.514,102.2094,0.0
ETS204,9352,1789990290,0.0,3.4918,101.636,0.0
DMU13,39,1789990252,58.0,2.9945,102.3893,0.0
ETS303,9531,1789990263,90.0,1.4872469,103.75765,0.0
ETS309,9428,1789990263,90.0,5.3471184,100.468956,0.0
ETS310,9530,1789990263,90.0,3.1279218,101.68122,0.0
SCS38,weekday_2162,1789990260,0.0,3.5103,101.6327,0.0
EMU24,2842,1789990250,110.0,4.777,100.797,0.0
SCS11,2857,1789990336,114.0,5.2475,100.4855,0.0
SCS27,weekday_2051,1789990293,73.0,3.0664,101.7082,0.0
DMU09,38,1789990293,70.0,4.0268,102.3193,0.0
DMU10(D6120),60,1789990292,25.0,5.3683,102.0267,0.0
ETS205,9055,1789990294,0.0,4.367,101.1028,0.0
SCS07,weekday_2173,1789990328,14.0,3.1283,101.68,0.0
SCS23,2955,1789990294,114.0,5.9477,100.4544,0.0
ETS215,9214,1789990424,130.0,4.0144,101.2936,0.0
SCS28,weekday_2049,1789990411,40.0,2.9407,101.7868,0.0
EMU24,2842,1789990410,0.0,4.7946,100.7542,0.0
DMU11(D6122),58,1789990410,9.0,5.5264,102.2047,0.0
EMU26,2950,1789990403,97.0,6.364,100.3079,0.0
SCS07,weekday_2173,1789990403,0.0,3.1278,101.6796,0.0
EMU33,2957,1789990398,114.0,6.3934,100.286,0.0
ETS310,9530,1789990384,90.0,3.1313324,101.68393,0.0
ETS309,9428,1789990384,90.0,5.3610682,100.46806,0.0
ETS302,9533,1789990383,90.0,2.4616528,102.389946,0.0
ETS303,9531,1789990383,90.0,1.468681,103.76206,0.0
ETS307,9532,1789990383,90.0,2.7225573,101.92836,0.0
SCS28,weekday_2049,1789990441,0.0,2.9399,101.7877,0.0
SCS11,2857,1789990441,115.0,5.2166,100.4919,0.0
DMU11(D6122),58,1789990440,13.0,5.5275,102.2043,0.0
SCS07,weekday_2173,1789990418,0.0,3.1278,101.6796,0.0
EMU26,2950,1789990418,78.0,6.3669,100.3057,0.0
SCS23,2955,1789990414,114.0,5.9146,100.4683,0.0
SCS29,2953,1789990413,0.0,3.1651,101.6912,0.0
SCS27,weekday_2051,1789990413,69.0,3.042,101.7081,0.0
ETS205,9055,1789990444,132.0,4.3239,101.1338,0.0
ETS216,9133,1789990444,60.0,3.3221,101.5736,0.0
EMU33,2957,1789990443,113.0,6.3825,100.2942,0.0
DMU09,38,1789990443,60.0,4.0504,102.311,0.0
EMU39,2954,1789990438,119.0,5.5417,100.5022,0.0
EMU24,2842,1789990430,115.0,4.7989,100.7487,0.0
EMU35,2838,1789990495,90.0,5.367,100.4151,0.0
SCS24,2952,1789990495,113.0,5.9449,100.456,0.0
SCS28,weekday_2049,1789990486,7.0,2.9398,101.7878,0.0
SCS27,weekday_2051,1789990533,21.0,3.0275,101.7136,0.0
DMU10(D6120),60,1789990532,0.0,5.3766,102.0311,0.0
EMU31,2851,1789990526,114.0,4.7828,100.7783,0.0
ETS205,9055,1789990519,95.0,4.3061,101.1487,0.0
ETS204,9352,1789990485,0.0,3.4971,101.6346,0.0
ETS212,9136,1789990481,137.0,5.1813,100.4793,0.0
DMU11(D6122),58,1789990485,13.0,5.5296,102.2032,0.0
ETS307,9532,1789990504,90.0,2.7247202,101.9175,0.0
ETS303,9531,1789990504,90.0,1.4631588,103.76627,0.0
ETS309,9428,1789990504,90.0,5.3747244,100.46966,0.0
ETS310,9530,1789990504,90.0,0.0027284583,0.0154984975,0.0
ETS302,9533,1789990504,90.0,2.473497,102.4162,0.0
SCS04,weekday_2168,1789990499,0.0,3.2022,101.6377,0.0
SCS13,weekday_2178,1789990499,8.0,3.0131,101.4024,0.0
SCS10,weekday_2047,1789990499,105.0,2.7836,101.7996,0.0
EMU23,2956,1789990498,0.0,5.3932,100.3666,0.0
ETS205,9055,1789990579,0.0,4.3026,101.1533,0.0
EMU33,2957,1789990578,39.0,6.37,100.3035,0.0
SCS07,weekday_2173,1789990568,0.0,3.1278,101.6796,0.0
EMU26,2950,1789990568,113.0,6.3832,100.2936,0.0
DMU13,39,1789990567,74.0,2.9367,102.3959,0.0
DMU10(D6120),60,1789990532,0.0,5.3766,102.0311,0.0
SCS28,weekday_2049,1789990651,72.0,2.9104,101.7953,0.0
DMU11(D6122),58,1789990650,10.0,5.5324,102.2019,0.0
ETS310,9530,1789990625,90.0,0.0027284583,0.0154984975,0.0
ETS309,9428,1789990625,90.0,0.0027284583,0.0154984975,0.0
ETS307,9532,1789990625,90.0,2.7346506,101.89652,0.0
ETS302,9533,1789990624,90.0,2.4735339,102.416336,0.0
SCS11,2857,1789990681,0.0,5.17,100.4797,0.0
EMU39,2954,1789990678,118.0,5.6155,100.497,0.0
SCS38,weekday_2162,1789990657,89.0,3.5296,101.6309,0.0
ETS216,9133,1789990655,83.0,3.2811,101.566,0.0
EMU33,2957,1789990654,98.0,6.3565,100.3136,0.0
SCS29,2953,1789990653,23.0,3.153,101.6919,0.0
SCS28,weekday_2049,1789990771,30.0,2.9061,101.7889,0.0
ETS204,9352,1789990770,38.0,3.5078,101.6326,0.0
DMU11(D6122),58,1789990770,54.0,5.5458,102.1956,0.0
SCS10,weekday_2047,1789990739,5.0,2.7539,101.8272,0.0
SCS13,weekday_2178,1789990739,59.0,3.0224,101.4123,0.0
EMU23,2956,1789990738,78.0,5.384,100.3801,0.0
EMU39,2954,1789990738,118.0,5.6331,100.4903,0.0
ETS309,9428,1789990745,90.0,5.450202,100.49359,0.0
ETS307,9532,1789990745,90.0,2.7409334,101.87215,0.0
ETS302,9533,1789990745,90.0,2.476445,102.42248,0.0
ETS310,9530,1789990745,90.0,0.0027284583,0.0154984975,0.0
ETS215,9214,1789990739,105.0,4.1066,101.2609,0.0
ETS216,9133,1789990738,72.0,3.2665,101.5591,0.0
SCS05,weekday_2177,1789990736,104.0,3.3656,101.5977,0.0
ETS212,9136,1789990736,147.0,5.2676,100.4811,0.0
SCS24,2952,1789990735,111.0,5.982,100.4351,0.0
SCS38,weekday_2162,1789990837,0.0,3.5525,101.6396,0.0
EMU33,2957,1789990834,109.0,6.3158,100.3437,0.0
SCS27,weekday_2051,1789990833,50.0,3.0078,101.7266,0.0
SCS13,weekday_2178,1789990814,49.0,3.0321,101.4228,0.0
SCS23,2955,1789990774,0.0,5.8237,100.4781,0.0
ETS205,9055,1789990774,19.0,4.2872,101.1636,0.0
DMU09,38,1789990773,0.0,4.0753,102.2716,0.0
SCS29,2953,1789990773,25.0,3.1432,101.6939,0.0
DMU13,39,1789990807,68.0,2.898,102.3847,0.0
SCS05,weekday_2177,1789990811,95.0,3.3632,101.5785,0.0
SCS07,weekday_2173,1789990808,0.0,3.1278,101.6796,0.0
EMU26,2950,1789990808,0.0,6.4314,100.2685,0.0
SCS13,weekday_2178,1789990889,11.0,3.0339,101.4248,0.0
ETS214,9233,1789990889,133.0,4.8225,101.0652,0.0
SCS10,weekday_2047,1789990889,0.0,2.7539,101.8273,0.0
EMU39,2954,1789990888,69.0,5.6485,100.491,0.0
EMU23,2956,1789990888,88.0,5.3679,100.4128,0.0
EMU31,2851,1789990886,0.0,4.7782,100.8574,0.0
SCS28,weekday_2049,1789990876,14.0,2.9046,101.7869,0.0
DMU11(D6122),58,1789990875,69.0,5.5624,102.1903,0.0
ETS216,9133,1789990873,76.0,3.2477,101.5581,0.0
EMU24,2842,1789990869,105.0,4.8814,100.7212,0.0
ETS205,9055,1789990864,97.0,4.2646,101.1689,0.0
SCS29,2953,1789990863,0.0,3.1392,101.6936,0.0
DMU10(D6120),60,1789990862,28.0,5.3887,102.0431,0.0
SCS05,weekday_2177,1789990841,96.0,3.3598,101.5722,0.0
ETS212,9136,1789990841,103.0,5.2977,100.4817,0.0
ETS206,9449,1789990840,0.0,2.5527,102.1329,0.0
SCS27,weekday_2051,1789990833,50.0,3.0078,101.7266,0.0
ETS307,9532,1789990866,90.0,2.748481,101.845406,0.0
ETS310,9530,1789990866,90.0,0.0027284583,0.0154984975,0.0
ETS309,9428,1789990866,90.0,5.481273,100.49872,0.0
ETS302,9533,1789990866,90.0,2.4923425,102.446014,0.0
SCS07,weekday_2173,1789990838,0.0,3.1278,101.6796,0.0
DMU13,39,1789990837,60.0,2.8933,102.383,0.0
EMU26,2950,1789990868,58.0,6.4343,100.2675,0.0
SCS11,2857,1789990861,56.0,5.1359,100.4851,0.0
ETS204,9352,1789990950,46.0,3.5462,101.6384,0.0
ETS216,9133,1789990918,72.0,3.2405,101.5605,0.0
SCS28,weekday_2049,1789990951,96.0,2.8949,101.7902,0.0
DMU11(D6122),58,1789990950,57.0,5.5745,102.1859,0.0
SCS05,weekday_2177,1789991021,36.0,3.3274,101.5696,0.0
SCS23,2955,1789990954,115.0,5.7875,100.4868,0.0
SCS27,weekday_2051,1789990953,27.0,3.0029,101.7342,0.0
SCS29,2953,1789990953,16.0,3.1363,101.69,0.0
ETS309,9428,1789990987,90.0,5.483905,100.49943,0.0
ETS310,9530,1789990987,90.0,0.0027284583,0.0154984975,0.0
ETS302,9533,1789990987,90.0,2.5083187,102.4836,0.0
ETS307,9532,1789990987,90.0,2.756408,101.817406,0.0
SCS04,weekday_2168,1789990954,42.0,3.2031,101.5862,0.0
ETS205,9055,1789990954,132.0,4.2392,101.1763,0.0
DMU09,38,1789990953,70.0,4.0773,102.2499,0.0
EMU39,2954,1789991062,120.0,5.6933,100.5066,0.0
SCS23,2955,1789991059,118.0,5.7581,100.4997,0.0
SCS29,2953,1789991058,0.0,3.1346,101.6878,0.0
SCS28,weekday_2049,1789991056,77.0,2.8822,101.8115,0.0
EMU31,2851,1789991051,105.0,4.7712,100.8825,0.0
ETS204,9352,1789991055,0.0,3.548,101.6395,0.0
EMU33,2957,1789991014,118.0,6.2623,100.3551,0.0
DMU11(D6122),58,1789991055,60.0,5.5889,102.1799,0.0
ETS212,9136,1789991051,27.0,5.3551,100.4651,0.0
SCS10,weekday_2047,1789991054,19.0,2.7533,101.8294,0.0
ETS214,9233,1789991054,133.0,4.7796,101.1018,0.0
ETS215,9214,1789991054,98.0,4.1718,101.189,0.0
EMU26,2950,1789991018,115.0,6.4748,100.2539,0.0
ETS206,9449,1789991050,128.0,2.4981,102.1762,0.0
SCS24,2952,1789991050,114.0,6.0643,100.3886,0.0
SCS28,weekday_2049,1789991131,72.0,2.8734,101.8175,0.0
ETS204,9352,1789991130,0.0,3.5481,101.6395,0.0
DMU11(D6122),58,1789991130,43.0,5.5977,102.176,0.0
SCS04,weekday_2168,1789991089,17.0,3.2062,101.58,0.0
ETS310,9530,1789991108,90.0,0.0027284583,0.0154984975,0.0
ETS307,9532,1789991108,90.0,2.7799683,101.80174,0.0
SCS27,weekday_2051,1789991088,77.0,2.9914,101.7548,0.0
ETS309,9428,1789991108,90.0,5.5154953,100.50788,0.0
ETS302,9533,1789991107,90.0,2.5422976,102.50685,0.0
SCS23,2955,1789991089,117.0,5.7496,100.5036,0.0
SCS29,2953,1789991088,0.0,3.1346,101.6878,0.0
DMU10(D6120),60,1789991087,33.0,5.3905,102.0626,0.0
SCS07,weekday_2173,1789991183,0.0,3.1278,101.6796,0.0
SCS04,weekday_2168,1789991134,19.0,3.2071,101.5771,0.0
SCS23,2955,1789991134,113.0,5.737,100.5084,0.0
SCS29,2953,1789991133,0.0,3.1346,101.6878,0.0
SCS27,weekday_2051,1789991133,36.0,2.9907,101.7613,0.0
SCS38,weekday_2162,1789991182,35.0,3.5563,101.6388,0.0
EMU39,2954,1789991182,116.0,5.7294,100.5114,0.0
DMU10(D6120),60,1789991132,0.0,5.3903,102.065,0.0
ETS214,9233,1789991234,139.0,4.7228,101.1224,0.0
SCS24,2952,1789991230,69.0,6.1088,100.3678,0.0
SCS23,2955,1789991239,114.0,5.7068,100.5114,0.0
SCS28,weekday_2049,1789991236,67.0,2.8587,101.8208,0.0
ETS309,9428,1789991229,90.0,5.5562043,100.4997,0.0
ETS310,9530,1789991229,90.0,0.0027284583,0.0154984975,0.0
ETS307,9532,1789991229,90.0,2.8056672,101.80438,0.0
ETS302,9533,1789991228,90.0,2.5672338,102.53813,0.0
SCS04,weekday_2168,1789991239,106.0,3.2204,101.5654,0.0
SCS29,2953,1789991238,0.0,3.1346,101.6878,0.0
DMU10(D6120),60,1789991237,18.0,5.3901,102.0706,0.0
SCS11,2857,1789991236,104.0,5.0583,100.5117,0.0
ETS204,9352,1789991235,0.0,3.5477,101.6393,0.0
DMU11(D6122),58,1789991235,29.0,5.6033,102.1734,0.0
SCS27,weekday_2051,1789991223,61.0,2.9956,101.7707,0.0
EMU31,2851,1789991285,0.0,4.7763,100.9319,0.0
SCS11,2857,1789991281,101.0,5.0482,100.517,0.0
SCS28,weekday_2049,1789991281,79.0,2.8496,101.8234,0.0
DMU11(D6122),58,1789991280,60.0,5.6073,102.1691,0.0
ETS204,9352,1789991280,0.0,3.5481,101.6395,0.0
ETS214,9233,1789991279,145.0,4.7083,101.1279,0.0
ETS205,9055,1789991284,0.0,4.1732,101.1895,0.0
SCS04,weekday_2168,1789991284,92.0,3.2308,101.5598,0.0
SCS27,weekday_2051,1789991283,74.0,2.9931,101.7811,0.0
SCS10,weekday_2047,1789991264,107.0,2.7439,101.863,0.0
SCS13,weekday_2178,1789991264,0.0,3.0432,101.4504,0.0
SCS24,2952,1789991260,34.0,6.1125,100.3694,0.0
EMU31,2851,1789991330,59.0,4.7775,100.934,0.0
ETS205,9055,1789991329,82.0,4.1639,101.1897,0.0
SCS27,weekday_2051,1789991328,51.0,2.9901,101.7882,0.0
DMU10(D6120),60,1789991327,32.0,5.3895,102.0758,0.0
SCS28,weekday_2049,1789991371,21.0,2.8379,101.8283,0.0
DMU11(D6122),58,1789991370,63.0,5.6227,102.1653,0.0
ETS204,9352,1789991370,29.0,3.5495,101.6398,0.0
ETS302,9533,1789991349,90.0,2.5810463,102.567726,0.0
ETS309,9428,1789991349,90.0,5.597687,100.49418,0.0
ETS307,9532,1789991349,90.0,2.81732,101.81745,0.0
EMU39,2954,1789991422,113.0,5.7981,100.4824,0.0
EMU31,2851,1789991405,114.0,4.7963,100.9378,0.0
EMU24,2842,1789991416,117.0,5.0078,100.7337,0.0
DMU10(D6120),60,1789991372,50.0,5.3853,102.0788,0.0
SCS04,weekday_2168,1789991374,42.0,3.2483,101.5575,0.0
SCS29,2953,1789991373,25.0,3.1253,101.6783,0.0
SCS27,weekday_2051,1789991373,17.0,2.9869,101.7906,0.0
DMU09,38,1789991373,35.0,4.1156,102.1993,0.0
SCS38,weekday_2162,1789991497,0.0,3.5639,101.6252,0.0
EMU39,2954,1789991497,82.0,5.8194,100.4784,0.0
EMU31,2851,1789991495,115.0,4.8183,100.9517,0.0
SCS23,2955,1789991479,36.0,5.6644,100.4938,0.0
EMU33,2957,1789991470,114.0,6.1587,100.3795,0.0
SCS24,2952,1789991470,114.0,6.1473,100.3803,0.0
DMU13,39,1789991467,5.0,2.8116,102.4035,0.0
ETS309,9428,1789991470,90.0,5.6359224,100.489975,0.0
ETS307,9532,1789991470,90.0,2.8173244,101.81746,0.0
ETS302,9533,1789991470,90.0,2.5763042,102.5915,0.0
SCS29,2953,1789991523,64.0,3.1146,101.6804,0.0
DMU10(D6120),60,1789991522,6.0,5.374,102.0842,0.0
SCS09,weekday_2059,1789991502,39.0,3.2086,101.6727,0.0
SCS05,weekday_2177,1789991501,37.0,3.2646,101.5582,0.0
ETS206,9449,1789991500,0.0,2.4645,102.2246,0.0
EMU33,2957,1789991500,116.0,6.1496,100.3801,0.0
SCS10,weekday_2047,1789991519,80.0,2.7351,101.8958,0.0
DMU13,39,1789991497,0.0,2.8115,102.4037,0.0
ETS205,9055,1789991494,134.0,4.1285,101.229,0.0
EMU39,2954,1789991497,82.0,5.8194,100.4784,0.0
SCS38,weekday_2162,1789991497,0.0,3.5639,101.6252,0.0
EMU31,2851,1789991495,115.0,4.8183,100.9517,0.0
ETS204,9352,1789991610,78.0,3.5698,101.6172,0.0
ETS302,9533,1789991591,90.0,2.5791087,102.61454,0.0
ETS307,9532,1789991591,90.0,2.8245554,101.82483,0.0
ETS309,9428,1789991591,90.0,5.6425295,100.49094,0.0
SCS09,weekday_2059,1789991577,0.0,3.2054,101.6752,0.0
EMU24,2842,1789991576,116.0,5.038,100.698,0.0
SCS05,weekday_2177,1789991576,19.0,3.2615,101.5562,0.0
ETS212,9136,1789991576,0.0,5.3663,100.448,0.0
EMU33,2957,1789991575,115.0,6.1274,100.3762,0.0
SCS24,2952,1789991575,81.0,6.1779,100.3778,0.0
ETS206,9449,1789991575,42.0,2.4622,102.229,0.0
SCS27,weekday_2051,1789991568,20.0,2.9783,101.7904,0.0
DMU11(D6122),58,1789991565,57.0,5.6595,102.1569,0.0
EMU39,2954,1789991665,0.0,5.8392,100.4769,0.0
SCS38,weekday_2162,1789991662,0.0,3.5639,101.6252,0.0
EMU24,2842,1789991656,116.0,5.0392,100.6739,0.0
SCS29,2953,1789991613,79.0,3.1044,101.6978,0.0
SCS23,2955,1789991614,56.0,5.6504,100.4914,0.0
ETS216,9133,1789991613,82.0,3.2037,101.6365,0.0
EMU31,2851,1789991660,117.0,4.8443,100.9872,0.0
SCS04,weekday_2168,1789991659,18.0,3.2601,101.5554,0.0
DMU09,38,1789991613,69.0,4.1401,102.1916,0.0
DMU10(D6120),60,1789991702,11.0,5.3702,102.0863,0.0
SCS28,weekday_2049,1789991701,23.0,2.8293,101.8267,0.0
DMU11(D6122),58,1789991700,80.0,5.6838,102.1535,0.0
ETS204,9352,1789991700,98.0,3.5902,101.6079,0.0
ETS214,9233,1789991699,34.0,4.6105,101.0807,0.0
SCS27,weekday_2051,1789991710,11.0,2.9623,101.7921,0.0
DMU09,38,1789991703,69.0,4.1524,102.182,0.0
ETS309,9428,1789991712,90.0,5.647934,100.49184,0.0
ETS307,9532,1789991712,90.0,2.8458734,101.82525,0.0
ETS216,9133,1789991718,95.0,3.1911,101.6573,0.0
SCS11,2857,1789991716,114.0,5.0449,100.5885,0.0
EMU23,2956,1789991713,120.0,5.4324,100.4868,0.0
ETS302,9533,1789991711,90.0,2.5791588,102.61475,0.0
SCS26,weekday_2054,1789991713,23.0,3.204,101.6763,0.0
DMU13,39,1789991737,0.0,2.8116,102.4038,0.0
ETS205,9055,1789991704,118.0,4.0837,101.2719,0.0
SCS23,2955,1789991704,0.0,5.6424,100.49,0.0
SCS13,weekday_2178,1789991744,0.0,3.0431,101.4503,0.0
SCS10,weekday_2047,1789991744,58.0,2.722,101.9316,0.0
ETS215,9214,1789991744,129.0,4.3485,101.116,0.0
EMU23,2956,1789991743,123.0,5.4413,100.4902,0.0
SCS05,weekday_2177,1789991741,23.0,3.2532,101.555,0.0
EMU31,2851,1789991735,116.0,4.8416,101.009,0.0
ETS212,9136,1789991741,47.0,5.3671,100.4439,0.0
DMU13,39,1789991737,0.0,2.8116,102.4038,0.0
EMU26,2950,1789991744,113.0,6.6392,100.2836,0.0
ETS214,9233,1789991744,9.0,4.6081,101.0773,0.0
SCS26,weekday_2054,1789991743,0.0,3.2043,101.6761,0.0
SCS09,weekday_2059,1789991742,5.0,3.1987,101.6811,0.0
SCS38,weekday_2162,1789991842,0.0,3.5639,101.6252,0.0
DMU13,39,1789991842,0.0,2.8116,102.4037,0.0
EMU31,2851,1789991840,115.0,4.8237,101.0344,0.0
SCS23,2955,1789991839,112.0,5.6204,100.4957,0.0
ETS205,9055,1789991824,136.0,4.0455,101.2851,0.0
SCS04,weekday_2168,1789991824,67.0,3.2834,101.5675,0.0
ETS216,9133,1789991814,97.0,3.178,101.679,0.0
ETS309,9428,1789991832,90.0,5.6835723,100.50127,0.0
SCS29,2953,1789991808,0.0,3.0978,101.7061,0.0
ETS307,9532,1789991832,90.0,2.8621922,101.820595,0.0
ETS302,9533,1789991832,90.0,2.5810032,102.62186,0.0
SCS11,2857,1789991806,114.0,5.0434,100.6155,0.0
EMU39,2954,1789991808,118.0,5.8796,100.4769,0.0
ETS204,9352,1789991835,115.0,3.615,101.5801,0.0
ETS215,9214,1789991924,120.0,4.3966,101.0823,0.0
ETS205,9055,1789991914,120.0,4.0163,101.2922,0.0
SCS11,2857,1789991911,111.0,5.0417,100.6468,0.0
ETS216,9133,1789991910,45.0,3.1659,101.6907,0.0
ETS204,9352,1789991910,0.0,3.625,101.569,0.0
EMU31,2851,1789991900,116.0,4.8264,101.0517,0.0
SCS04,weekday_2168,1789991899,72.0,3.295,101.5747,0.0
ETS307,9532,1789991953,90.0,2.874727,101.81784,0.0
ETS309,9428,1789991953,90.0,5.722047,100.51452,0.0
ETS302,9533,1789991953,90.0,2.5847225,102.65349,0.0
DMU10(D6120),60,1789991942,49.0,5.3596,102.1034,0.0
SCS28,weekday_2049,1789991941,0.0,2.8027,101.8002,0.0
SCS11,2857,1789991941,113.0,5.0403,100.6552,0.0
DMU11(D6122),58,1789991940,10.0,5.7047,102.152,0.0
ETS204,9352,1789991940,117.0,3.6384,101.559,0.0
ETS216,9133,1789991940,49.0,3.1622,101.6922,0.0
EMU31,2851,1789991919,115.0,4.8255,101.0577,0.0
SCS38,weekday_2162,1789991917,0.0,3.5639,101.6252,0.0
ETS309,9428,1789991953,90.0,5.722047,100.51452,0.0
ETS302,9533,1789991953,90.0,2.5847225,102.65349,0.0
ETS307,9532,1789991953,90.0,2.874727,101.81784,0.0
ETS309,9428,1789991953,90.0,5.722047,100.51452,0.0
ETS302,9533,1789991953,90.0,2.5847225,102.65349,0.0
ETS307,9532,1789991953,90.0,2.874727,101.81784,0.0
ETS216,9133,1789992150,25.0,3.1422,101.6943,0.0
SCS04,weekday_2168,1789992139,0.0,3.3191,101.5748,0.0
ETS309,9428,1789992195,90.0,5.799199,100.48267,0.0
ETS307,9532,1789992195,90.0,2.8929033,101.793884,0.0
ETS302,9533,1789992195,90.0,2.5684886,102.73172,0.0
ETS310,9535,1789992195,90.0,3.129603,101.68258,0.0
SCS23,2955,1789992184,114.0,5.5188,100.5078,0.0
SCS29,weekday_2055,1789992183,0.0,3.0977,101.7061,0.0
EMU39,2954,1789992183,0.0,5.9718,100.4408,0.0
DMU10(D6120),60,1789992182,47.0,5.3378,102.1186,0.0
ETS204,9352,1789992180,0.0,3.6567,101.5402,0.0
ETS216,9133,1789992180,0.0,3.1422,101.6943,0.0
ETS214,9233,1789992179,16.0,4.594,101.0717,0.0
SCS10,weekday_2047,1789992179,85.0,2.703,101.9564,0.0
SCS04,weekday_2168,1789992154,2.0,3.3192,101.5748,0.0
DMU10(D6120),60,1789992317,0.0,5.3295,102.1216,0.0
DMU11(D6122),58,1789992315,42.0,5.7616,102.1501,0.0
EMU24,2842,1789992303,97.0,5.0374,100.5227,0.0
SCS10,weekday_2047,1789992299,0.0,2.6901,101.972,0.0
ETS310,9535,1789992316,90.0,3.123324,101.67906,0.0
ETS309,9428,1789992316,90.0,0.0027284583,0.0154984975,0.0
ETS307,9532,1789992316,90.0,2.8929067,101.79388,0.0
ETS302,9533,1789992315,90.0,2.5473387,102.7663,0.0
SCS24,2952,1789992295,111.0,6.3514,100.3173,0.0
SCS28,weekday_2049,1789992316,3.0,2.7543,101.8261,0.0
SCS11,2857,1789992316,115.0,4.9864,100.7338,0.0
ETS204,9352,1789992315,0.0,3.6567,101.5402,0.0
SCS13,weekday_2178,1789992299,0.0,3.0356,101.4699,0.0
SCS04,weekday_2168,1789992394,113.0,3.3504,101.5721,0.0
ETS205,9055,1789992394,112.0,3.9245,101.3438,0.0
ETS216,9133,1789992393,0.0,3.1422,101.6943,0.0
DMU10(D6120),60,1789992392,29.0,5.3258,102.1238,0.0
SCS28,weekday_2049,1789992391,18.0,2.7537,101.8284,0.0
ETS310,9535,1789992437,90.0,3.1168063,101.680145,0.0
ETS309,9428,1789992437,90.0,5.8821764,100.47777,0.0
ETS302,9533,1789992436,90.0,2.5222592,102.79511,0.0
ETS307,9532,1789992436,90.0,2.8969502,101.78682,0.0
SCS23,2955,1789992424,81.0,5.477,100.4967,0.0
SCS04,weekday_2168,1789992424,96.0,3.3582,101.5715,0.0
ETS216,9133,1789992423,0.0,3.1422,101.6943,0.0
SCS29,weekday_2055,1789992423,0.0,3.0977,101.7061,0.0
EMU39,2954,1789992423,116.0,6.0217,100.4126,0.0
SCS11,2857,1789992421,114.0,4.956,100.725,0.0
DMU11(D6122),58,1789992420,77.0,5.7731,102.141,0.0
SCS28,weekday_2049,1789992421,20.0,2.7532,101.8301,0.0
ETS215,9214,1789992419,99.0,4.483,101.0423,0.0
ETS204,9352,1789992420,0.0,3.6567,101.5402,0.0
DMU10(D6120),60,1789992407,31.0,5.3246,102.1246,0.0
DMU13,39,1789992397,0.0,2.8115,102.4037,0.0
ETS216,9133,1789992570,0.0,3.1369,101.6911,0.0
DMU11(D6122),58,1789992555,54.0,5.8003,102.1459,0.0
ETS204,9352,1789992555,117.0,3.7058,101.496,0.0
SCS10,weekday_2047,1789992554,48.0,2.6617,101.9952,0.0
SCS13,weekday_2178,1789992554,43.0,3.0527,101.4831,0.0
EMU26,2959,1789992554,90.0,6.6496,100.3005,0.0
ETS215,9214,1789992554,39.0,4.5203,101.0495,0.0
ETS214,9233,1789992554,22.0,4.5381,101.0528,0.0
ETS309,9428,1789992557,90.0,5.9191914,100.466965,0.0
ETS307,9532,1789992557,90.0,2.9051566,101.788734,0.0
ETS302,9533,1789992557,90.0,2.5067637,102.81463,0.0
ETS310,9535,1789992557,90.0,3.1070318,101.69479,0.0
ETS212,9136,1789992551,0.0,5.393,100.3669,0.0
EMU39,2954,1789992589,120.0,6.0667,100.3872,0.0
ETS215,9214,1789992644,83.0,4.5331,101.0519,0.0
EMU31,2851,1789992594,119.0,4.6773,101.139,0.0
SCS38,weekday_2162,1789992592,114.0,3.6479,101.5513,0.0
ETS216,9133,1789992615,0.0,3.1369,101.6911,0.0
ETS204,9352,1789992615,108.0,3.7147,101.4806,0.0
DMU09,38,1789992633,60.0,4.183,102.0575,0.0
SCS04,weekday_2168,1789992634,0.0,3.3755,101.6139,0.0
SCS29,weekday_2055,1789992633,0.0,3.0977,101.7061,0.0
EMU24,2842,1789992665,4.0,5.1307,100.4862,0.0
ETS309,9428,1789992678,90.0,5.955722,100.45023,0.0
ETS310,9535,1789992678,90.0,3.0977693,101.70636,0.0
ETS307,9532,1789992678,90.0,2.909835,101.79625,0.0
ETS302,9533,1789992678,90.0,2.5066729,102.81459,0.0
SCS05,weekday_2177,1789992666,27.0,3.2014,101.6386,0.0
SCS28,weekday_2049,1789992661,22.0,2.7417,101.871,0.0
ETS205,9055,1789992634,118.0,3.8699,101.3788,0.0
EMU39,2954,1789992634,121.0,6.079,100.3802,0.0
SCS23,2955,1789992634,114.0,5.4191,100.4782,0.0
ETS309,9428,1789992799,90.0,5.9917703,100.42989,0.0
ETS302,9533,1789992799,90.0,2.4992163,102.827034,0.0
ETS310,9535,1789992799,90.0,3.0824664,101.71692,0.0
ETS307,9532,1789992799,90.0,2.9315755,101.795586,0.0
SCS28,weekday_2049,1789992871,99.0,2.7336,101.8969,0.0
SCS11,2857,1789992871,84.0,4.8592,100.7341,0.0
DMU09,38,1789992858,0.0,4.1873,102.053,0.0
SCS29,weekday_2055,1789992858,0.0,3.0977,101.7061,0.0
EMU23,2956,1789992857,122.0,5.7133,100.513,0.0
DMU10(D6120),60,1789992857,54.0,5.3062,102.1506,0.0
SCS26,weekday_2054,1789992838,0.0,3.2371,101.6813,0.0
SCS09,weekday_2059,1789992833,34.0,3.1362,101.6897,0.0
SCS05,weekday_2177,1789992831,0.0,3.1923,101.6546,0.0
SCS23,2955,1789992814,81.0,5.367,100.4678,0.0
ETS204,9352,1789992855,115.0,3.7606,101.4362,0.0
DMU11(D6122),58,1789992855,0.0,5.803,102.1463,0.0
EMU35,2861,1789992835,33.0,5.3866,100.3751,0.0
ETS205,9055,1789992829,0.0,3.8272,101.4024,0.0
SCS24,2952,1789992835,103.0,6.4409,100.2652,0.0
SCS27,weekday_2051,1789992835,42.0,2.8783,101.8156,0.0
SCS26,weekday_2054,1789992883,0.0,3.2371,101.6813,0.0
ETS212,9136,1789992881,0.0,5.393,100.3669,0.0
ETS206,9449,1789992880,134.0,2.5689,102.5401,0.0
ETS309,9428,1789992920,90.0,6.027386,100.40977,0.0
ETS310,9535,1789992920,90.0,3.0760877,101.71235,0.0
ETS307,9532,1789992920,90.0,2.9527736,101.79201,0.0
ETS302,9533,1789992919,90.0,2.4884818,102.861725,0.0
ETS304,9138,1789992919,90.0,0.0027284583,0.0154984975,0.0
SCS05,weekday_2177,1789992906,53.0,3.1882,101.6619,0.0
EMU39,2954,1789992904,90.0,6.1231,100.3742,0.0
SCS23,2955,1789992904,44.0,5.3573,100.4638,0.0
ETS205,9055,1789992904,2.0,3.8264,101.4025,0.0
SCS29,weekday_2055,1789992903,0.0,3.0977,101.7061,0.0
EMU31,2851,1789992903,80.0,4.6102,101.0846,0.0
EMU23,2956,1789992902,120.0,5.7272,100.5122,0.0
SCS11,2857,1789992901,38.0,4.8538,100.7331,0.0
DMU11(D6122),58,1789992900,5.0,5.8032,102.1464,0.0
ETS204,9352,1789992900,0.0,3.7708,101.4361,0.0
ETS215,9214,1789992884,93.0,4.5839,101.069,0.0
SCS24,2952,1789992985,114.0,6.4841,100.2536,0.0
ETS310,9535,1789993040,90.0,3.067262,101.709404,0.0
ETS307,9532,1789993040,90.0,2.9745977,101.79144,0.0
ETS309,9428,1789993040,90.0,6.0634975,100.38934,0.0
ETS302,9533,1789993040,90.0,2.4811924,102.89846,0.0
ETS304,9138,1789993040,90.0,3.1359134,101.69099,0.0
DMU11(D6122),58,1789993080,0.0,5.8064,102.1467,0.0
ETS204,9352,1789993095,117.0,3.8193,101.409,0.0
ETS214,9233,1789993094,0.0,4.4605,101.0489,0.0
SCS11,2857,1789993066,108.0,4.832,100.732,0.0
SCS28,weekday_2049,1789993081,18.0,2.7218,101.9325,0.0
DMU09,38,1789993098,3.0,4.1847,102.0556,0.0
SCS23,2955,1789993084,0.0,5.3664,100.4473,0.0
EMU23,2956,1789993082,122.0,5.7803,100.4902,0.0
SCS10,weekday_2047,1789993109,105.0,2.6009,102.09,0.0
SCS27,weekday_2051,1789993105,72.0,2.8456,101.8245,0.0
SCS09,weekday_2059,1789993103,0.0,3.1349,101.6881,0.0
SCS05,weekday_2177,1789993101,69.0,3.1759,101.6811,0.0
ETS206,9449,1789993075,67.0,2.5832,102.5845,0.0
EMU35,2861,1789993075,36.0,5.3651,100.4201,0.0
EMU33,2957,1789993073,96.0,5.8056,100.4806,0.0
DMU13,39,1789993072,89.0,2.781,102.4553,0.0
EMU33,2957,1789993118,103.0,5.7941,100.4836,0.0
DMU13,39,1789993117,93.0,2.7738,102.4632,0.0
SCS05,weekday_2177,1789993116,67.0,3.174,101.6831,0.0
ETS205,9055,1789993114,116.0,3.7895,101.4341,0.0
ETS309,9428,1789993161,90.0,6.0991225,100.36941,0.0
ETS302,9533,1789993161,90.0,2.4718971,102.93431,0.0
ETS310,9535,1789993161,90.0,3.0444863,101.70868,0.0
ETS304,9138,1789993161,90.0,3.1390495,101.69465,0.0
ETS307,9532,1789993161,90.0,2.9819634,101.791626,0.0
ETS212,9136,1789993121,0.0,5.393,100.3669,0.0
ETS206,9449,1789993120,68.0,2.5774,102.5903,0.0
SCS24,2952,1789993120,53.0,6.5196,100.2562,0.0
EMU35,2861,1789993120,3.0,5.3646,100.4213,0.0
SCS27,weekday_2051,1789993120,68.0,2.8429,101.8255,0.0
SCS09,weekday_2059,1789993118,0.0,3.1349,101.6881,0.0
DMU11(D6122),58,1789993215,0.0,5.8064,102.1467,0.0
EMU24,2842,1789993225,112.0,5.2423,100.4865,0.0
SCS28,weekday_2049,1789993216,0.0,2.7194,101.9398,0.0
SCS11,2857,1789993216,0.0,4.7956,100.7531,0.0
ETS204,9352,1789993215,0.0,3.8482,101.3875,0.0
ETS309,9428,1789993282,90.0,6.1123886,100.37078,0.0
ETS307,9532,1789993282,90.0,2.9830706,101.79142,0.0
ETS310,9535,1789993282,90.0,3.0310657,101.71051,0.0
ETS304,9138,1789993281,90.0,3.139181,101.69469,0.0
SCS05,weekday_2177,1789993281,43.0,3.1626,101.6921,0.0
ETS302,9533,1789993281,90.0,2.4570546,102.96982,0.0
ETS212,9136,1789993271,29.0,5.3885,100.3722,0.0
SCS24,2952,1789993270,115.0,6.5386,100.2594,0.0
SCS27,weekday_2051,1789993270,17.0,2.8308,101.8269,0.0
EMU35,2861,1789993270,13.0,5.367,100.4418,0.0
ETS206,9449,1789993270,0.0,2.5795,102.6131,0.0
EMU24,2842,1789993265,115.0,5.2541,100.4839,0.0
SCS23,2955,1789993264,0.0,5.3648,100.4208,0.0
SCS04,weekday_2168,1789993264,53.0,3.4964,101.6348,0.0
ETS205,9055,1789993264,59.0,3.7518,101.4445,0.0
DMU09,38,1789993263,0.0,4.1861,102.0542,0.0
EMU23,2956,1789993262,19.0,5.8238,100.478,0.0
SCS11,2857,1789993261,115.0,4.7869,100.765,0.0
DMU11(D6122),58,1789993260,0.0,5.8064,102.1467,0.0
ETS214,9233,1789993259,39.0,4.4498,101.0539,0.0
ETS215,9214,1789993244,86.0,4.6138,101.092,0.0
SCS29,weekday_2055,1789993233,38.0,3.1126,101.6842,0.0
SCS05,weekday_2177,1789993311,60.0,3.1581,101.6934,0.0
SCS04,weekday_2168,1789993309,0.0,3.4997,101.6343,0.0
SCS10,weekday_2047,1789993319,29.0,2.5914,102.0957,0.0
ETS215,9214,1789993319,136.0,4.6312,101.1042,0.0
SCS13,weekday_2178,1789993319,30.0,3.0737,101.5552,0.0
EMU26,2959,1789993304,116.0,6.4739,100.254,0.0
ETS214,9233,1789993304,35.0,4.4458,101.0557,0.0
SCS04,weekday_2168,1789993474,83.0,3.521,101.629,0.0
ETS205,9055,1789993474,104.0,3.722,101.4695,0.0
SCS23,2955,1789993474,88.0,5.3807,100.3864,0.0
SCS11,2857,1789993471,115.0,4.7762,100.8265,0.0
SCS28,weekday_2049,1789993471,90.0,2.7005,101.9608,0.0
ETS214,9233,1789993469,126.0,4.4123,101.0736,0.0
EMU39,2954,1789993461,119.0,6.2582,100.3559,0.0
SCS05,weekday_2177,1789993461,22.0,3.1463,101.6914,0.0
SCS10,weekday_2047,1789993469,112.0,2.5635,102.1184,0.0
ETS204,9352,1789993455,0.0,3.9032,101.3556,0.0
ETS302,9533,1789993523,90.0,2.394561,103.01309,0.0
ETS309,9428,1789993523,90.0,6.1384263,100.38155,0.0
ETS304,9138,1789993523,90.0,3.1546655,101.694496,0.0
ETS310,9535,1789993523,90.0,3.023066,101.716835,0.0
ETS307,9532,1789993523,90.0,2.9901876,101.76286,0.0
SCS23,2955,1789993504,69.0,5.3838,100.3805,0.0
SCS28,weekday_2049,1789993501,81.0,2.6971,101.9669,0.0
SCS11,2857,1789993501,113.0,4.7764,100.8356,0.0
DMU11(D6122),58,1789993500,0.0,5.8063,102.1468,0.0
ETS204,9352,1789993500,0.0,3.9106,101.3473,0.0
EMU35,2861,1789993480,7.0,5.3664,100.448,0.0
SCS24,2952,1789993480,115.0,6.6013,100.2632,0.0
EMU33,2957,1789993478,113.0,5.6922,100.5058,0.0
DMU13,39,1789993477,72.0,2.7122,102.501,0.0
SCS29,weekday_2057,1789993473,0.0,3.1179,101.6791,0.0
SCS09,weekday_2059,1789993478,0.0,3.1194,101.6787,0.0
SCS09,weekday_2059,1789993598,0.0,3.1194,101.6787,0.0
EMU23,2956,1789993598,120.0,5.8975,100.4748,0.0
EMU39,2954,1789993596,119.0,6.2994,100.3475,0.0
SCS05,weekday_2177,1789993596,0.0,3.1402,101.694,0.0
ETS215,9214,1789993649,129.0,4.7259,101.1222,0.0
SCS13,weekday_2178,1789993649,70.0,3.0806,101.5728,0.0
SCS05,weekday_2177,1789993641,19.0,3.1381,101.6931,0.0
SCS29,weekday_2057,1789993638,17.0,3.1248,101.6783,0.0
SCS28,weekday_2049,1789993636,28.0,2.6903,101.9719,0.0
DMU11(D6122),58,1789993635,0.0,5.8063,102.1468,0.0
SCS10,weekday_2047,1789993604,111.0,2.5398,102.1491,0.0
ETS212,9136,1789993601,0.0,5.369,100.4098,0.0
SCS24,2952,1789993600,112.0,6.633,100.2754,0.0
ETS206,9449,1789993600,123.0,2.5852,102.6531,0.0
ETS310,9535,1789993644,90.0,3.0230677,101.71685,0.0
ETS302,9533,1789993644,90.0,2.3830135,103.02134,0.0
ETS307,9532,1789993644,90.0,2.999705,101.73783,0.0
EMU23,2956,1789993598,120.0,5.8975,100.4748,0.0
SCS09,weekday_2059,1789993598,0.0,3.1194,101.6787,0.0
DMU13,39,1789993597,3.0,2.7028,102.5107,0.0
EMU39,2954,1789993596,119.0,6.2994,100.3475,0.0
ETS309,9428,1789993644,90.0,6.1799817,100.37728,0.0
ETS304,9138,1789993644,90.0,3.16813,101.68721,0.0
SCS27,weekday_2051,1789993600,44.0,2.8033,101.8006,0.0
EMU35,2861,1789993600,118.0,5.35,100.4676,0.0
EMU33,2957,1789993598,34.0,5.6736,100.4953,0.0
SCS11,2857,1789993681,74.0,4.7775,100.8607,0.0
ETS206,9449,1789993720,135.0,2.5832,102.6938,0.0
SCS27,weekday_2051,1789993720,80.0,2.7943,101.796,0.0
SCS04,weekday_2168,1789993669,0.0,3.5526,101.6395,0.0
EMU35,2861,1789993720,116.0,5.3141,100.4743,0.0
DMU11(D6122),58,1789993710,0.0,5.8063,102.1468,0.0
SCS10,weekday_2047,1789993709,104.0,2.5178,102.1683,0.0
SCS28,weekday_2049,1789993681,78.0,2.6829,101.9752,0.0
SCS05,weekday_2177,1789993671,19.0,3.137,101.6916,0.0
SCS29,weekday_2057,1789993668,18.0,3.1264,101.6788,0.0
ETS204,9352,1789993680,116.0,3.963,101.3217,0.0
EMU26,2959,1789993724,110.0,6.387,100.2907,0.0
ETS212,9136,1789993721,11.0,5.3667,100.4154,0.0
SCS24,2952,1789993720,75.0,6.6514,100.3041,0.0
ETS304,9138,1789993765,90.0,3.181663,101.67335,0.0
ETS309,9428,1789993765,90.0,0.0027284583,0.0154984975,0.0
ETS307,9532,1789993765,90.0,3.0048487,101.72917,0.0
ETS302,9533,1789993765,90.0,2.3726768,103.03554,0.0
ETS310,9535,1789993765,90.0,3.0230668,101.71688,0.0
SCS29,weekday_2057,1789993758,20.0,3.1309,101.6822,0.0
DMU10(D6120),60,1789993757,44.0,5.3335,102.2073,0.0
DMU11(D6122),58,1789993755,0.0,5.8063,102.1468,0.0
ETS204,9352,1789993755,0.0,3.9824,101.313,0.0
EMU24,2842,1789993743,99.0,5.3553,100.465,0.0
SCS13,weekday_2178,1789993724,27.0,3.0824,101.582,0.0
ETS214,9233,1789993724,131.0,4.3425,101.1202,0.0
EMU26,2959,1789993724,110.0,6.387,100.2907,0.0
ETS212,9136,1789993826,12.0,5.3653,100.4185,0.0
ETS206,9449,1789993825,108.0,2.5722,102.7269,0.0
SCS27,weekday_2051,1789993825,87.0,2.7688,101.8049,0.0
SCS24,2952,1789993825,45.0,6.6616,100.3188,0.0
EMU26,2959,1789993829,0.0,6.3705,100.3031,0.0
SCS11,2857,1789993831,99.0,4.7747,100.9013,0.0
EMU35,2861,1789993825,42.0,5.2887,100.4819,0.0
DMU11(D6122),58,1789993830,0.0,5.8063,102.1468,0.0
ETS205,9055,1789993834,59.0,3.6809,101.5223,0.0
ETS307,9532,1789993886,90.0,3.018539,101.719345,0.0
ETS310,9535,1789993886,90.0,3.0230622,101.71685,0.0
ETS309,9428,1789993886,90.0,0.0027284583,0.0154984975,0.0
ETS302,9533,1789993885,90.0,2.3484688,103.06344,0.0
ETS304,9138,1789993885,90.0,3.189102,101.66056,0.0
SCS09,weekday_2059,1789993883,25.0,3.0993,101.7041,0.0
SCS05,weekday_2177,1789993881,0.0,3.1364,101.6896,0.0
EMU39,2954,1789993879,48.0,6.3694,100.3038,0.0
SCS29,weekday_2057,1789993833,0.0,3.1326,101.6839,0.0
DMU10(D6120),60,1789993832,33.0,5.3354,102.2151,0.0
ETS212,9136,1789993901,0.0,5.3654,100.4185,0.0
ETS206,9449,1789993900,125.0,2.5584,102.749,0.0
EMU23,2956,1789993898,0.0,5.9718,100.4408,0.0
DMU13,39,1789993897,73.0,2.6714,102.5485,0.0
EMU33,2957,1789993880,35.0,5.6454,100.4905,0.0
EMU24,2842,1789993903,6.0,5.3664,100.4475,0.0
ETS212,9136,1789993901,0.0,5.3654,100.4185,0.0
SCS11,2857,1789993936,78.0,4.7744,100.9268,0.0
ETS205,9055,1789993894,120.0,3.6699,101.5317,0.0
SCS04,weekday_2168,1789993894,118.0,3.5894,101.6083,0.0
DMU10(D6120),60,1789993937,45.0,5.3447,102.222,0.0
SCS29,weekday_2057,1789993908,0.0,3.1326,101.6839,0.0
EMU39,2954,1789993894,13.0,6.3704,100.3031,0.0
ETS310,9535,1789994007,90.0,3.0200202,101.71845,0.0
ETS307,9532,1789994007,90.0,3.0359852,101.709625,0.0
ETS304,9138,1789994006,90.0,3.1951764,101.6473,0.0
ETS302,9533,1789994006,90.0,2.3255243,103.09571,0.0
ETS309,9428,1789994007,90.0,6.300367,100.34797,0.0
SCS05,weekday_2177,1789994076,0.0,3.1364,101.6896,0.0
EMU33,2957,1789994075,102.0,5.622,100.495,0.0
EMU39,2954,1789994074,119.0,6.3931,100.2862,0.0
SCS13,weekday_2178,1789994069,0.0,3.0832,101.6107,0.0
ETS214,9233,1789994069,4.0,4.3033,101.1531,0.0
ETS215,9214,1789994069,134.0,4.8228,101.0394,0.0
EMU35,2861,1789994068,118.0,5.2412,100.4868,0.0
EMU23,2956,1789994048,118.0,5.993,100.4288,0.0
EMU24,2842,1789994043,44.0,5.3639,100.4231,0.0
EMU26,2959,1789994040,115.0,6.3348,100.3297,0.0
SCS27,weekday_2051,1789994065,0.0,2.7539,101.8272,0.0
SCS09,weekday_2059,1789994048,0.0,3.0986,101.705,0.0
ETS214,9233,1789994084,0.0,4.3033,101.153,0.0
SCS09,weekday_2059,1789994078,0.0,3.0986,101.705,0.0
EMU23,2956,1789994078,120.0,6.0011,100.4242,0.0
ETS215,9214,1789994084,136.0,4.8236,101.0342,0.0
EMU35,2861,1789994083,118.0,5.2366,100.4879,0.0
ETS212,9136,1789994081,7.0,5.364,100.4221,0.0
ETS206,9449,1789994080,102.0,2.5222,102.7947,0.0
SCS27,weekday_2051,1789994080,17.0,2.7538,101.8278,0.0
EMU39,2954,1789994074,119.0,6.3931,100.2862,0.0
SCS05,weekday_2177,1789994076,0.0,3.1364,101.6896,0.0
EMU33,2957,1789994075,102.0,5.622,100.495,0.0
ETS304,9138,1789994127,90.0,3.20766,101.631195,0.0
ETS302,9533,1789994127,90.0,2.3040683,103.12604,0.0
ETS310,9535,1789994127,90.0,3.0073466,101.72763,0.0
ETS309,9428,1789994127,90.0,6.3311486,100.332436,0.0
ETS307,9532,1789994127,90.0,3.0639746,101.70897,0.0
SCS29,weekday_2057,1789994118,0.0,3.1388,101.6935,0.0
DMU10(D6120),60,1789994117,43.0,5.3685,102.2267,0.0
SCS28,weekday_2049,1789994116,111.0,2.6383,102.0394,0.0
EMU26,2959,1789994115,115.0,6.3166,100.3432,0.0
SCS13,weekday_2178,1789994084,0.0,3.0832,101.6107,0.0
EMU35,2861,1789994158,115.0,5.214,100.4916,0.0
ETS204,9352,1789994145,114.0,4.105,101.2637,0.0
SCS05,weekday_2177,1789994196,0.0,3.1364,101.6896,0.0
EMU39,2954,1789994179,113.0,6.4219,100.2718,0.0
SCS04,weekday_2168,1789994179,116.0,3.648,101.5512,0.0
DMU10(D6120),60,1789994177,33.0,5.3731,102.2304,0.0
SCS11,2857,1789994176,114.0,4.8077,100.9484,0.0
SCS28,weekday_2049,1789994176,115.0,2.6349,102.0569,0.0
EMU26,2959,1789994175,115.0,6.2992,100.3476,0.0
DMU11(D6122),58,1789994175,0.0,5.8064,102.1468,0.0
SCS27,weekday_2051,1789994170,22.0,2.7523,101.8329,0.0
ETS206,9449,1789994170,70.0,2.5121,102.8094,0.0
ETS205,9055,1789994164,120.0,3.6092,101.5866,0.0
SCS29,weekday_2057,1789994148,0.0,3.1388,101.6935,0.0
ETS310,9535,1789994248,90.0,3.0019298,101.73565,0.0
ETS304,9138,1789994248,90.0,3.199293,101.61,0.0
ETS302,9533,1789994248,90.0,2.296207,103.13092,0.0
ETS307,9532,1789994248,90.0,3.0760665,101.71236,0.0
ETS309,9428,1789994248,90.0,6.3547773,100.31473,0.0
ETS215,9214,1789994204,135.0,4.8451,100.9986,0.0
SCS13,weekday_2178,1789994204,25.0,3.0845,101.6205,0.0
SCS10,weekday_2047,1789994204,0.0,2.4696,102.2154,0.0
EMU35,2861,1789994203,120.0,5.2019,100.4857,0.0
ETS212,9136,1789994201,0.0,5.3635,100.4235,0.0
ETS206,9449,1789994200,3.0,2.5098,102.8111,0.0
SCS27,weekday_2051,1789994200,39.0,2.7518,101.8346,0.0
SCS09,weekday_2059,1789994198,0.0,3.0986,101.705,0.0
EMU23,2956,1789994198,120.0,6.034,100.4056,0.0
EMU33,2957,1789994195,107.0,5.5871,100.4941,0.0
DMU11(D6122),58,1789994310,7.0,5.8069,102.1468,0.0
SCS10,weekday_2047,1789994309,18.0,2.4666,102.2207,0.0
EMU35,2861,1789994308,53.0,5.1727,100.4796,0.0
ETS212,9136,1789994306,0.0,5.3637,100.4232,0.0
SCS27,weekday_2051,1789994305,82.0,2.746,101.8554,0.0
ETS206,9449,1789994305,0.0,2.5098,102.8111,0.0
EMU26,2959,1789994280,114.0,6.2683,100.3539,0.0
EMU24,2842,1789994283,84.0,5.379,100.3897,0.0
DMU10(D6120),60,1789994282,37.0,5.3828,102.2334,0.0
SCS28,weekday_2049,1789994281,118.0,2.6152,102.081,0.0
SCS11,2857,1789994281,116.0,4.8357,100.9589,0.0
ETS214,9233,1789994279,101.0,4.2712,101.1686,0.0
ETS204,9352,1789994265,137.0,4.1266,101.2324,0.0
EMU26,2959,1789994375,0.0,6.2401,100.3596,0.0
SCS28,weekday_2049,1789994371,49.0,2.5952,102.0935,0.0
DMU11(D6122),58,1789994370,18.0,5.8095,102.1471,0.0
ETS302,9533,1789994369,90.0,2.269033,103.14626,0.0
ETS310,9535,1789994369,90.0,2.990876,101.75623,0.0
ETS304,9138,1789994369,90.0,3.201504,101.58945,0.0
ETS309,9428,1789994369,90.0,0.0027284583,0.0154984975,0.0
ETS307,9532,1789994369,90.0,3.0809743,101.71663,0.0
EMU35,2861,1789994359,0.0,5.1698,100.4797,0.0
ETS204,9352,1789994355,130.0,4.1439,101.2059,0.0
SCS10,weekday_2047,1789994339,20.0,2.4656,102.2224,0.0
SCS13,weekday_2178,1789994339,23.0,3.0848,101.6306,0.0
ETS215,9214,1789994339,129.0,4.8327,100.9547,0.0
ETS212,9136,1789994336,0.0,5.3636,100.4229,0.0
SCS27,weekday_2051,1789994335,75.0,2.7443,101.8615,0.0
ETS206,9449,1789994335,0.0,2.5098,102.8111,0.0
EMU23,2956,1789994334,122.0,6.0717,100.3842,0.0
SCS09,weekday_2059,1789994333,0.0,3.0986,101.705,0.0
DMU13,39,1789994332,61.0,2.5976,102.5949,0.0
EMU26,2959,1789994375,0.0,6.2401,100.3596,0.0
SCS29,weekday_2057,1789994373,10.0,3.1537,101.6924,0.0
ETS304,9138,1789994490,90.0,3.2055218,101.580956,0.0
ETS310,9535,1789994490,90.0,2.9954727,101.77399,0.0
ETS307,9532,1789994490,90.0,3.095648,101.709,0.0
ETS309,9428,1789994490,90.0,0.0027284583,0.0154984975,0.0
DMU11(D6122),58,1789994490,61.0,5.8274,102.1493,0.0
ETS215,9214,1789994489,119.0,4.7879,100.9355,0.0
ETS302,9533,1789994489,90.0,2.2352765,103.15617,0.0
EMU24,2842,1789994483,26.0,5.3902,100.3705,0.0
DMU13,39,1789994482,34.0,2.5826,102.6003,0.0
SCS11,2857,1789994476,114.0,4.8393,101.015,0.0
SCS28,weekday_2049,1789994536,96.0,2.5878,102.0978,0.0
DMU11(D6122),58,1789994535,63.0,5.835,102.1503,0.0
SCS29,weekday_2057,1789994523,28.0,3.1648,101.6916,0.0
ETS214,9233,1789994519,127.0,4.1986,101.1833,0.0
EMU35,2861,1789994554,33.0,5.1321,100.4859,0.0
SCS13,weekday_2178,1789994534,63.0,3.0823,101.6466,0.0
EMU23,2956,1789994514,16.0,6.1125,100.3694,0.0
DMU13,39,1789994512,26.0,2.5812,102.6023,0.0
SCS10,weekday_2047,1789994534,0.0,2.4636,102.2259,0.0
ETS215,9214,1789994534,89.0,4.777,100.9335,0.0
EMU26,2959,1789994533,112.0,6.1938,100.3691,0.0
ETS212,9136,1789994531,0.0,5.3638,100.4232,0.0
SCS27,weekday_2051,1789994530,81.0,2.7391,101.8859,0.0
EMU33,2957,1789994530,96.0,5.4888,100.4998,0.0
ETS206,9449,1789994530,131.0,2.4901,102.8648,0.0
SCS11,2857,1789994521,114.0,4.83,101.0246,0.0
SCS28,weekday_2049,1789994611,104.0,2.569,102.1097,0.0
SCS11,2857,1789994611,114.0,4.8262,101.0491,0.0
ETS309,9428,1789994611,90.0,6.431129,100.26894,0.0
ETS212,9136,1789994561,0.0,5.3637,100.4232,0.0
ETS206,9449,1789994560,130.0,2.4906,102.875,0.0
EMU23,2956,1789994559,0.0,6.1127,100.3695,0.0
EMU35,2861,1789994554,33.0,5.1321,100.4859,0.0
ETS304,9138,1789994611,90.0,3.2055805,101.581,0.0
ETS307,9532,1789994611,90.0,3.1009653,101.70231,0.0
ETS302,9533,1789994611,90.0,2.201392,103.18077,0.0
ETS310,9535,1789994611,90.0,2.9876375,101.79129,0.0
DMU10(D6120),60,1789994612,1.0,5.395,102.2322,0.0
ETS310,9535,1789994732,90.0,2.9827046,101.79164,0.0
ETS309,9428,1789994732,90.0,6.436408,100.26709,0.0
ETS307,9532,1789994732,90.0,3.1123376,101.683655,0.0
ETS304,9138,1789994731,90.0,3.208593,101.57605,0.0
ETS302,9533,1789994731,90.0,2.191131,103.19092,0.0
DMU11(D6122),58,1789994730,81.0,5.8742,102.1552,0.0
EMU23,2956,1789994724,116.0,6.1431,100.3805,0.0
SCS09,weekday_2059,1789994723,0.0,3.0986,101.705,0.0
DMU13,39,1789994722,10.0,2.5794,102.6133,0.0
EMU39,2954,1789994721,52.0,6.5265,100.2574,0.0
SCS04,weekday_2168,1789994719,0.0,3.684,101.5189,0.0
ETS205,9055,1789994719,99.0,3.5203,101.629,0.0
EMU35,2861,1789994719,118.0,5.1072,100.4911,0.0
ETS204,9352,1789994700,133.0,4.2013,101.1829,0.0
EMU33,2957,1789994695,84.0,5.4744,100.4961,0.0
ETS206,9449,1789994695,136.0,2.4733,102.9168,0.0
ETS310,9535,1789994732,90.0,2.9827046,101.79164,0.0
ETS307,9532,1789994732,90.0,3.1123376,101.683655,0.0
ETS309,9428,1789994732,90.0,6.436408,100.26709,0.0
SCS28,weekday_2049,1789994761,115.0,2.5424,102.1458,0.0
ETS204,9352,1789994760,128.0,4.2217,101.179,0.0
EMU39,2954,1789994751,79.0,6.5318,100.2583,0.0
EMU35,2861,1789994749,119.0,5.0981,100.493,0.0
ETS205,9055,1789994749,100.0,3.5132,101.6312,0.0
DMU10(D6120),60,1789994747,40.0,5.4046,102.2312,0.0
SCS11,2857,1789994746,0.0,4.819,101.0706,0.0
EMU29,2960,1789994746,14.0,5.3937,100.3667,0.0
DMU11(D6122),58,1789994745,83.0,5.8775,102.1557,0.0
SCS26,weekday_2063,1789994741,0.0,3.2371,101.6813,0.0
DMU13,39,1789994737,0.0,2.5795,102.6135,0.0
SCS11,2857,1789994851,110.0,4.8082,101.081,0.0
EMU29,2960,1789994851,16.0,5.3898,100.3709,0.0
DMU10(D6120),60,1789994837,25.0,5.4101,102.2326,0.0
DMU11(D6122),58,1789994835,75.0,5.8965,102.1579,0.0
ETS309,9428,1789994853,90.0,0.0027284583,0.0154984975,0.0
ETS310,9535,1789994853,90.0,2.9809155,101.79151,0.0
ETS307,9532,1789994853,90.0,3.1263196,101.68003,0.0
ETS304,9138,1789994852,90.0,3.2300878,101.56072,0.0
ETS302,9533,1789994852,90.0,2.1878526,103.19434,0.0
SCS29,weekday_2055,1789994892,11.0,3.1813,101.6884,0.0
EMU35,2861,1789994853,121.0,5.0688,100.5061,0.0
ETS307,9532,1789994853,90.0,3.1263196,101.68003,0.0
ETS310,9535,1789994853,90.0,2.9809155,101.79151,0.0
ETS309,9428,1789994853,90.0,0.0027284583,0.0154984975,0.0
SCS27,weekday_2051,1789994890,13.0,2.721,101.9353,0.0
SCS26,weekday_2063,1789994891,69.0,3.2314,101.6756,0.0
EMU39,2954,1789994946,117.0,6.5877,100.2627,0.0
EMU35,2861,1789994943,112.0,5.0444,100.519,0.0
ETS205,9055,1789994944,113.0,3.4587,101.6388,0.0
DMU10(D6120),60,1789994942,29.0,5.4178,102.2394,0.0
EMU29,2960,1789994941,62.0,5.3853,100.3777,0.0
SCS11,2857,1789994941,115.0,4.7869,101.0974,0.0
DMU11(D6122),58,1789994940,68.0,5.9162,102.1567,0.0
SCS13,weekday_2178,1789994924,0.0,3.0863,101.6637,0.0
SCS09,weekday_2059,1789994918,0.0,3.0986,101.705,0.0
DMU13,39,1789994917,0.0,2.5796,102.6135,0.0
ETS212,9136,1789994921,8.0,5.3643,100.4213,0.0
ETS309,9428,1789994974,90.0,0.0027284583,0.0154984975,0.0
ETS310,9535,1789994974,90.0,2.9712474,101.791374,0.0
ETS304,9138,1789994973,90.0,3.2538133,101.55558,0.0
ETS307,9532,1789994973,90.0,3.132128,101.6844,0.0
ETS302,9533,1789994973,90.0,2.1699908,103.22387,0.0
SCS05,weekday_2177,1789994966,31.0,3.1106,101.6744,0.0
SCS27,weekday_2051,1789994965,40.0,2.7196,101.9391,0.0
EMU33,2957,1789994965,119.0,5.4008,100.4721,0.0
ETS206,9449,1789994965,97.0,2.4412,102.989,0.0
ETS205,9055,1789994974,113.0,3.4498,101.6396,0.0
ETS309,9428,1789994974,90.0,0.0027284583,0.0154984975,0.0
ETS310,9535,1789994974,90.0,2.9712474,101.791374,0.0
ETS307,9532,1789994973,90.0,3.132128,101.6844,0.0
ETS302,9533,1789994973,90.0,2.1699908,103.22387,0.0
ETS304,9138,1789994973,90.0,3.2538133,101.55558,0.0
ETS304,9138,1789995094,90.0,3.273375,101.5628,0.0
ETS307,9532,1789995094,90.0,0.0027284583,0.0154984975,0.0
ETS302,9533,1789995094,90.0,2.1400049,103.24691,0.0
ETS310,9535,1789995094,90.0,2.9477854,101.78946,0.0
ETS309,9428,1789995094,90.0,0.0027284583,0.0154984975,0.0
ETS215,9214,1789995090,134.0,4.7872,100.764,0.0
ETS214,9233,1789995089,134.0,4.0644,101.2792,0.0
SCS26,weekday_2063,1789995086,70.0,3.2098,101.6723,0.0
ETS206,9449,1789995085,86.0,2.4169,103.0024,0.0
SCS28,weekday_2049,1789995076,114.0,2.4594,102.1831,0.0
ETS204,9352,1789995075,54.0,4.302,101.1548,0.0
EMU23,2956,1789995069,119.0,6.2178,100.3641,0.0
SCS09,weekday_2059,1789995068,0.0,3.0986,101.705,0.0
EMU39,2954,1789995066,117.0,6.6245,100.2665,0.0
SCS29,weekday_2055,1789995147,0.0,3.1978,101.6816,0.0
DMU13,39,1789995097,0.0,2.5795,102.6134,0.0
SCS27,weekday_2051,1789995145,44.0,2.7156,101.9453,0.0
ETS310,9535,1789995094,90.0,2.9477854,101.78946,0.0
ETS302,9533,1789995094,90.0,2.1400049,103.24691,0.0
ETS307,9532,1789995094,90.0,0.0027284583,0.0154984975,0.0
ETS309,9428,1789995094,90.0,0.0027284583,0.0154984975,0.0
ETS304,9138,1789995094,90.0,3.273375,101.5628,0.0
ETS204,9352,1789995135,0.0,4.3027,101.1538,0.0
ETS206,9449,1789995115,75.0,2.4111,103.0055,0.0
SCS09,weekday_2059,1789995128,0.0,3.0986,101.705,0.0
EMU39,2954,1789995126,109.0,6.6365,100.2801,0.0
ETS205,9055,1789995124,106.0,3.413,101.6272,0.0
EMU33,2957,1789995100,57.0,5.3637,100.4674,0.0
EMU23,2956,1789995099,119.0,6.2272,100.3622,0.0
ETS215,9214,1789995150,138.0,4.7998,100.7477,0.0
EMU26,2959,1789995148,111.0,6.0766,100.3815,0.0
ETS309,9428,1789995215,90.0,6.593765,100.26392,0.0
ETS307,9532,1789995215,90.0,0.0027284583,0.0154984975,0.0
ETS302,9533,1789995215,90.0,2.109515,103.26897,0.0
ETS310,9535,1789995215,90.0,2.9288144,101.795,0.0
DMU10(D6120),60,1789995152,49.0,5.4408,102.2325,0.0
ETS304,9138,1789995215,90.0,3.2906055,101.574,0.0
ETS310,9535,1789995215,90.0,2.9288144,101.795,0.0
ETS304,9138,1789995215,90.0,3.2906055,101.574,0.0
ETS309,9428,1789995215,90.0,6.593765,100.26392,0.0
ETS307,9532,1789995215,90.0,0.0027284583,0.0154984975,0.0
ETS302,9533,1789995215,90.0,2.109515,103.26897,0.0
EMU26,2959,1789995316,115.0,6.0331,100.4062,0.0
EMU33,2957,1789995314,5.0,5.3662,100.4483,0.0
ETS206,9449,1789995310,41.0,2.3884,103.0143,0.0
ETS309,9428,1789995336,90.0,6.63164,100.275894,0.0
ETS310,9535,1789995336,90.0,2.9071321,101.794815,0.0
ETS307,9532,1789995336,90.0,0.0027284583,0.0154984975,0.0
ETS304,9138,1789995335,90.0,3.3128166,101.57582,0.0
SCS09,weekday_2059,1789995278,0.0,3.0986,101.705,0.0
EMU39,2954,1789995276,68.0,6.6568,100.3119,0.0
ETS302,9533,1789995335,90.0,2.0768154,103.29357,0.0
EMU35,2861,1789995318,120.0,5.0418,100.5803,0.0
DMU10(D6120),60,1789995317,55.0,5.4618,102.2273,0.0
SCS28,weekday_2049,1789995316,32.0,2.4667,102.2207,0.0
ETS204,9352,1789995315,142.0,4.3229,101.1347,0.0
ETS215,9214,1789995315,91.0,4.8473,100.7289,0.0
ETS214,9233,1789995314,127.0,3.9955,101.3077,0.0
SCS05,weekday_2177,1789995311,23.0,3.0862,101.6641,0.0
SCS11,2857,1789995301,114.0,4.6929,101.141,0.0
EMU29,2960,1789995301,92.0,5.3648,100.4363,0.0
ETS212,9136,1789995296,0.0,5.3652,100.4187,0.0
ETS205,9055,1789995274,111.0,3.3737,101.6122,0.0
ETS310,9535,1789995336,90.0,2.9071321,101.794815,0.0
ETS309,9428,1789995336,90.0,6.63164,100.275894,0.0
ETS307,9532,1789995336,90.0,0.0027284583,0.0154984975,0.0
ETS302,9533,1789995335,90.0,2.0768154,103.29357,0.0
ETS304,9138,1789995335,90.0,3.3128166,101.57582,0.0
ETS309,9428,1789995457,90.0,6.650626,100.305435,0.0
ETS310,9535,1789995457,90.0,2.9057612,101.79033,0.0
ETS304,9138,1789995456,90.0,3.3308845,101.57042,0.0
ETS307,9532,1789995456,90.0,3.136349,101.69227,0.0
ETS302,9533,1789995456,90.0,2.0441527,103.31551,0.0
ETS215,9214,1789995450,7.0,4.8535,100.7326,0.0
ETS204,9352,1789995450,137.0,4.3616,101.1063,0.0
ETS214,9233,1789995449,116.0,3.9567,101.3254,0.0
SCS27,weekday_2051,1789995445,83.0,2.6803,101.9758,0.0
EMU23,2956,1789995427,121.0,6.3266,100.3358,0.0
ETS205,9055,1789995424,91.0,3.3617,101.5736,0.0
DMU13,39,1789995427,0.0,2.5795,102.6137,0.0
ETS206,9449,1789995445,0.0,2.384,103.0191,0.0
DMU10(D6120),60,1789995452,51.0,5.4795,102.219,0.0
SCS09,weekday_2059,1789995473,0.0,3.0986,101.705,0.0
ETS309,9428,1789995457,90.0,6.650626,100.305435,0.0
ETS310,9535,1789995457,90.0,2.9057612,101.79033,0.0
ETS307,9532,1789995456,90.0,3.136349,101.69227,0.0
ETS302,9533,1789995456,90.0,2.0441527,103.31551,0.0
ETS304,9138,1789995456,90.0,3.3308845,101.57042,0.0
EMU35,2861,1789995498,121.0,5.0419,100.6356,0.0
SCS11,2857,1789995496,114.0,4.6432,101.1133,0.0
SCS27,weekday_2051,1789995490,86.0,2.6739,101.9831,0.0
ETS206,9449,1789995490,0.0,2.384,103.0191,0.0
ETS205,9055,1789995454,94.0,3.3545,101.5718,0.0
DMU11(D6122),58,1789995495,40.0,6.0214,102.1404,0.0
ETS309,9428,1789995578,90.0,6.6589227,100.317726,0.0
ETS310,9535,1789995578,90.0,2.8972967,101.786514,0.0
DMU13,39,1789995517,0.0,2.5796,102.6137,0.0
ETS302,9533,1789995577,90.0,2.0358348,103.31794,0.0
ETS307,9532,1789995577,90.0,3.138888,101.694565,0.0
ETS304,9138,1789995577,90.0,3.3569362,101.57237,0.0
DMU10(D6120),60,1789995572,55.0,5.4983,102.2145,0.0
EMU26,2959,1789995571,10.0,5.9719,100.4408,0.0
SCS11,2857,1789995571,111.0,4.6253,101.0998,0.0
SCS28,weekday_2049,1789995571,0.0,2.4639,102.2261,0.0
DMU11(D6122),58,1789995570,57.0,6.0329,102.1396,0.0
ETS215,9214,1789995570,118.0,4.8742,100.7241,0.0
ETS204,9352,1789995570,136.0,4.3968,101.0822,0.0
SCS26,weekday_2063,1789995521,1.0,3.1815,101.6884,0.0
SCS05,weekday_2177,1789995521,95.0,3.0825,101.6449,0.0
ETS206,9449,1789995520,14.0,2.3833,103.0202,0.0
ETS310,9535,1789995578,90.0,2.8972967,101.786514,0.0
ETS309,9428,1789995578,90.0,6.6589227,100.317726,0.0
ETS307,9532,1789995577,90.0,3.138888,101.694565,0.0
ETS302,9533,1789995577,90.0,2.0358348,103.31794,0.0
ETS304,9138,1789995577,90.0,3.3569362,101.57237,0.0
ETS205,9055,1789995574,44.0,3.3291,101.569,0.0
DMU10(D6120),60,1789995572,55.0,5.4983,102.2145,0.0
ETS304,9138,1789995698,90.0,3.36522,101.59951,0.0
ETS309,9428,1789995698,90.0,6.661398,100.320854,0.0
ETS307,9532,1789995698,90.0,3.1408348,101.695045,0.0
ETS302,9533,1789995698,90.0,2.0267553,103.31986,0.0
ETS310,9535,1789995698,90.0,2.8845022,101.80745,0.0
EMU26,2959,1789995691,112.0,5.9571,100.4492,0.0
SCS11,2857,1789995691,64.0,4.6099,101.0799,0.0
DMU11(D6122),58,1789995690,10.0,6.0406,102.1413,0.0
ETS204,9352,1789995690,135.0,4.435,101.0611,0.0
SCS27,weekday_2051,1789995685,63.0,2.658,102.0014,0.0
SCS09,weekday_2059,1789995683,0.0,3.0986,101.705,0.0
ETS206,9449,1789995670,139.0,2.3602,103.0516,0.0
EMU35,2861,1789995679,120.0,5.0394,100.691,0.0
ETS215,9214,1789995720,131.0,4.9256,100.7169,0.0
ETS310,9535,1789995698,90.0,2.8845022,101.80745,0.0
ETS302,9533,1789995698,90.0,2.0267553,103.31986,0.0
ETS307,9532,1789995698,90.0,3.1408348,101.695045,0.0
ETS304,9138,1789995698,90.0,3.36522,101.59951,0.0
ETS309,9428,1789995698,90.0,6.661398,100.320854,0.0
ETS214,9233,1789995719,121.0,3.8913,101.3695,0.0
ETS206,9449,1789995715,139.0,2.3486,103.0621,0.0
SCS09,weekday_2059,1789995713,0.0,3.0986,101.705,0.0
DMU13,39,1789995712,0.0,2.5795,102.6137,0.0
EMU29,2960,1789995707,120.0,5.3789,100.4692,0.0
SCS11,2857,1789995706,49.0,4.6086,101.0779,0.0
EMU26,2959,1789995706,110.0,5.9532,100.4513,0.0
ETS204,9352,1789995705,136.0,4.4396,101.0586,0.0
DMU11(D6122),58,1789995705,16.0,6.0412,102.1416,0.0
EMU35,2861,1789995694,117.0,5.0388,100.6956,0.0
ETS205,9055,1789995694,5.0,3.3191,101.5751,0.0
ETS304,9138,1789995819,90.0,3.3883357,101.627594,0.0
ETS309,9428,1789995819,90.0,6.660406,100.3196,0.0
ETS307,9532,1789995819,90.0,3.146764,101.691986,0.0
ETS302,9533,1789995819,90.0,1.9897735,103.328896,0.0
ETS310,9535,1789995819,90.0,2.874806,101.81782,0.0
ETS204,9352,1789995810,0.0,4.4601,101.0492,0.0
ETS205,9055,1789995874,96.0,3.3039,101.5752,0.0
DMU10(D6120),60,1789995872,16.0,5.5285,102.2037,0.0
SCS11,2857,1789995871,0.0,4.598,101.0734,0.0
EMU26,2959,1789995871,114.0,5.9077,100.4709,0.0
DMU11(D6122),58,1789995870,11.0,6.0447,102.1434,0.0
ETS204,9352,1789995870,0.0,4.4601,101.0492,0.0
EMU35,2861,1789995844,121.0,5.0116,100.7317,0.0
SCS09,weekday_2059,1789995863,0.0,3.0986,101.705,0.0
SCS26,weekday_2063,1789995861,0.0,3.1651,101.6912,0.0
SCS27,weekday_2051,1789995850,113.0,2.643,102.034,0.0
ETS307,9532,1789995819,90.0,3.146764,101.691986,0.0
ETS310,9535,1789995819,90.0,2.874806,101.81782,0.0
ETS309,9428,1789995819,90.0,6.660406,100.3196,0.0
ETS304,9138,1789995819,90.0,3.3883357,101.627594,0.0
ETS302,9533,1789995819,90.0,1.9897735,103.328896,0.0
ETS310,9535,1789995940,90.0,2.861722,101.820724,0.0
ETS304,9138,1789995940,90.0,3.4209895,101.62577,0.0
ETS302,9533,1789995940,90.0,1.9544612,103.345535,0.0
ETS307,9532,1789995940,90.0,3.1577578,101.69428,0.0
ETS205,9055,1789995889,90.0,3.2999,101.5749,0.0
DMU10(D6120),60,1789995887,19.0,5.5293,102.2033,0.0
EMU29,2960,1789995887,117.0,5.4312,100.486,0.0
SCS11,2857,1789995886,0.0,4.598,101.0734,0.0
DMU11(D6122),58,1789995885,11.0,6.0452,102.1437,0.0
SCS26,weekday_2063,1789995876,10.0,3.1647,101.6915,0.0
ETS215,9214,1789995900,131.0,4.9846,100.7335,0.0
EMU33,2957,1789995899,11.0,5.3871,100.3739,0.0
ETS214,9233,1789995899,118.0,3.848,101.3875,0.0
ETS204,9352,1789995885,0.0,4.4601,101.0492,0.0
EMU35,2861,1789995874,121.0,5.003,100.7354,0.0
ETS206,9449,1789995985,60.0,2.2988,103.1278,0.0
SCS27,weekday_2051,1789995970,115.0,2.6289,102.0664,0.0
ETS310,9535,1789995940,90.0,2.861722,101.820724,0.0
ETS302,9533,1789995940,90.0,1.9544612,103.345535,0.0
ETS304,9138,1789995940,90.0,3.4209895,101.62577,0.0
ETS307,9532,1789995940,90.0,3.1577578,101.69428,0.0
ETS304,9138,1789996061,90.0,3.452706,101.64077,0.0
ETS310,9535,1789996061,90.0,2.8416758,101.82711,0.0
ETS302,9533,1789996060,90.0,1.925867,103.37229,0.0
ETS205,9055,1789996024,69.0,3.2754,101.5619,0.0
DMU13,39,1789996027,0.0,2.5795,102.6137,0.0
DMU11(D6122),58,1789996020,70.0,6.0588,102.1508,0.0
ETS214,9233,1789996019,111.0,3.8194,101.4088,0.0
DMU13,39,1789996117,0.0,2.5795,102.6137,0.0
ETS205,9055,1789996114,21.0,3.2622,101.5568,0.0
SCS27,weekday_2051,1789996105,101.0,2.5982,102.0915,0.0
EMU26,2959,1789996066,114.0,5.8503,100.4769,0.0
ETS304,9138,1789996061,90.0,3.452706,101.64077,0.0
ETS310,9535,1789996061,90.0,2.8416758,101.82711,0.0
ETS302,9533,1789996060,90.0,1.925867,103.37229,0.0
DMU10(D6120),60,1789996097,0.0,5.5324,102.202,0.0
ETS204,9352,1789996065,107.0,4.4911,101.0442,0.0
ETS214,9233,1789996064,111.0,3.8093,101.4175,0.0
SCS11,2857,1789996096,18.0,4.5975,101.0731,0.0
ETS212,9136,1789996091,0.0,5.3641,100.4206,0.0
SCS05,weekday_2177,1789996076,46.0,3.0832,101.5979,0.0
EMU29,2960,1789996097,0.0,5.482,100.4979,0.0
DMU11(D6122),58,1789996095,70.0,6.0713,102.1577,0.0
ETS215,9214,1789996080,136.0,5.0353,100.7067,0.0
EMU33,2957,1789996079,9.0,5.3928,100.3674,0.0
SCS29,weekday_2055,1789996077,0.0,3.2371,101.6812,0.0
ETS310,9535,1789996182,90.0,2.8238325,101.823715,0.0
ETS302,9533,1789996181,90.0,1.8958967,103.39966,0.0
ETS304,9138,1789996181,90.0,3.487972,101.637794,0.0
ETS212,9136,1789996121,0.0,5.3641,100.4208,0.0
ETS206,9449,1789996120,15.0,2.2958,103.1297,0.0
EMU26,2959,1789996118,0.0,5.8346,100.4771,0.0
SCS26,weekday_2063,1789996116,31.0,3.1475,101.6909,0.0
SCS27,weekday_2051,1789996120,75.0,2.5952,102.0933,0.0
ETS310,9535,1789996182,90.0,2.8238325,101.823715,0.0
ETS302,9533,1789996181,90.0,1.8958967,103.39966,0.0
ETS304,9138,1789996181,90.0,3.487972,101.637794,0.0
ETS215,9214,1789996245,135.0,5.0415,100.6506,0.0
ETS214,9233,1789996244,114.0,3.7612,101.4362,0.0
SCS05,weekday_2177,1789996236,0.0,3.0847,101.5891,0.0
DMU10(D6120),60,1789996232,3.0,5.5302,102.2031,0.0
EMU35,2861,1789996231,52.0,4.8989,100.7191,0.0
SCS11,2857,1789996201,50.0,4.5917,101.0712,0.0
DMU11(D6122),58,1789996200,75.0,6.0888,102.1699,0.0
SCS13,weekday_2178,1789996226,0.0,3.1327,101.6828,0.0
ETS212,9136,1789996226,1.0,5.3644,100.4207,0.0
EMU29,2960,1789996226,109.0,5.5027,100.5035,0.0
EMU23,2956,1789996226,121.0,6.395,100.2847,0.0
ETS310,9535,1789996303,90.0,2.8070407,101.805664,0.0
ETS304,9138,1789996302,90.0,3.5190287,101.62973,0.0
ETS302,9533,1789996302,90.0,1.8848047,103.40536,0.0
EMU23,2956,1789996286,123.0,6.4114,100.2754,0.0
SCS13,weekday_2178,1789996286,0.0,3.1327,101.6828,0.0
SCS27,weekday_2051,1789996285,77.0,2.5836,102.1003,0.0
SCS09,weekday_2059,1789996283,0.0,3.0986,101.705,0.0
DMU13,39,1789996282,0.0,2.5795,102.6136,0.0
SCS26,weekday_2063,1789996281,0.0,3.1394,101.6936,0.0
DMU10(D6120),60,1789996277,0.0,5.53,102.2032,0.0
ETS214,9233,1789996244,114.0,3.7612,101.4362,0.0
SCS05,weekday_2177,1789996236,0.0,3.0847,101.5891,0.0
ETS205,9055,1789996279,78.0,3.2411,101.5607,0.0
DMU11(D6122),58,1789996275,81.0,6.1001,102.1801,0.0
DMU10(D6120),60,1789996292,0.0,5.53,102.2032,0.0
ETS310,9535,1789996303,90.0,2.8070407,101.805664,0.0
ETS215,9214,1789996320,131.0,5.0427,100.625,0.0
SCS29,weekday_2055,1789996317,0.0,3.2371,101.6812,0.0
ETS212,9136,1789996316,0.0,5.3642,100.4207,0.0
EMU29,2960,1789996316,119.0,5.5296,100.5055,0.0
SCS13,weekday_2178,1789996316,0.0,3.1327,101.6828,0.0
SCS27,weekday_2051,1789996315,113.0,2.5771,102.1042,0.0
ETS304,9138,1789996302,90.0,3.5190287,101.62973,0.0
ETS302,9533,1789996302,90.0,1.8848047,103.40536,0.0
DMU13,39,1789996312,0.0,2.5797,102.6135,0.0
DMU11(D6122),58,1789996395,30.0,6.115,102.1968,0.0
DMU10(D6120),60,1789996397,0.0,5.5301,102.2032,0.0
EMU35,2861,1789996396,111.0,4.8823,100.721,0.0
ETS302,9533,1789996423,90.0,1.8647072,103.41414,0.0
ETS304,9138,1789996423,90.0,3.5472136,101.640335,0.0
ETS310,9535,1789996423,90.0,2.7823942,101.80088,0.0
ETS214,9233,1789996424,90.0,3.7314,101.4562,0.0
ETS204,9352,1789996410,50.0,4.5483,101.0549,0.0
ETS205,9055,1789996399,69.0,3.2139,101.571,0.0
ETS214,9233,1789996424,90.0,3.7314,101.4562,0.0
SCS26,weekday_2063,1789996461,0.0,3.1353,101.6887,0.0
DMU13,39,1789996447,0.0,2.5795,102.6136,0.0
EMU35,2861,1789996441,105.0,4.87,100.7258,0.0
DMU11(D6122),58,1789996440,19.0,6.1166,102.1989,0.0
SCS13,weekday_2178,1789996436,0.0,3.1389,101.6933,0.0
SCS05,weekday_2177,1789996431,65.0,3.0796,101.5721,0.0
DMU10(D6120),60,1789996412,0.0,5.5301,102.2031,0.0
ETS204,9352,1789996440,112.0,4.5566,101.0571,0.0
ETS302,9533,1789996423,90.0,1.8647072,103.41414,0.0
ETS304,9138,1789996423,90.0,3.5472136,101.640335,0.0
ETS310,9535,1789996423,90.0,2.7823942,101.80088,0.0
ETS310,9535,1789996545,90.0,2.7601104,101.81174,0.0
ETS302,9533,1789996544,90.0,1.8376007,103.4389,0.0
ETS304,9138,1789996544,90.0,3.5672522,101.62029,0.0
ETS212,9136,1789996496,0.0,5.3642,100.4206,0.0
EMU23,2956,1789996496,44.0,6.4343,100.2675,0.0
SCS27,weekday_2051,1789996495,114.0,2.5427,102.1454,0.0
SCS09,weekday_2059,1789996493,0.0,3.0986,101.705,0.0
EMU26,2959,1789996493,111.0,5.7567,100.5004,0.0
DMU13,39,1789996492,0.0,2.5795,102.6136,0.0
SCS05,weekday_2177,1789996491,18.0,3.0761,101.5676,0.0
SCS26,weekday_2063,1789996491,0.0,3.1353,101.6887,0.0
EMU26,2959,1789996568,107.0,5.737,100.5084,0.0
EMU35,2861,1789996576,0.0,4.8533,100.7324,0.0
ETS214,9233,1789996574,116.0,3.7092,101.4905,0.0
SCS09,weekday_2059,1789996568,0.0,3.0986,101.705,0.0
ETS310,9535,1789996545,90.0,2.7601104,101.81174,0.0
ETS302,9533,1789996544,90.0,1.8376007,103.4389,0.0
ETS304,9138,1789996544,90.0,3.5672522,101.62029,0.0
ETS310,9535,1789996666,90.0,2.7503462,101.8389,0.0
ETS304,9138,1789996665,90.0,3.5941536,101.605316,0.0
ETS302,9533,1789996665,90.0,1.8178055,103.47288,0.0
ETS205,9055,1789996654,0.0,3.2054,101.5825,0.0
DMU11(D6122),58,1789996650,15.0,6.1207,102.2028,0.0
ETS204,9352,1789996635,5.0,4.5892,101.0713,0.0
SCS09,weekday_2059,1789996628,0.0,3.0986,101.705,0.0
DMU13,39,1789996627,0.0,2.5795,102.6136,0.0
SCS13,weekday_2178,1789996646,0.0,3.1539,101.6924,0.0
ETS206,9449,1789996645,0.0,2.191,103.1902,0.0
SCS26,weekday_2063,1789996626,0.0,3.1353,101.6887,0.0
SCS05,weekday_2177,1789996626,0.0,3.0762,101.5601,0.0
SCS05,weekday_2177,1789996671,25.0,3.0753,101.5583,0.0
ETS215,9214,1789996710,127.0,5.0505,100.5157,0.0
DMU10(D6120),60,1789996667,0.0,5.5301,102.2031,0.0
SCS09,weekday_2059,1789996658,0.0,3.0986,101.705,0.0
DMU13,39,1789996657,1.0,2.5795,102.6136,0.0
ETS310,9535,1789996666,90.0,2.7503462,101.8389,0.0
ETS304,9138,1789996665,90.0,3.5941536,101.605316,0.0
ETS302,9533,1789996665,90.0,1.8178055,103.47288,0.0
ETS204,9352,1789996710,0.0,4.5964,101.0728,0.0
ETS205,9055,1789996669,35.0,3.2044,101.5841,0.0
EMU35,2861,1789996666,104.0,4.8378,100.7279,0.0
ETS212,9136,1789996661,0.0,5.3642,100.4209,0.0
SCS13,weekday_2178,1789996661,0.0,3.1539,101.6924,0.0
SCS27,weekday_2051,1789996660,114.0,2.5041,102.1738,0.0
EMU26,2959,1789996658,112.0,5.7117,100.5126,0.0
ETS310,9535,1789996787,90.0,2.7429533,101.86505,0.0
ETS304,9138,1789996786,90.0,3.614157,101.5811,0.0
ETS302,9533,1789996786,90.0,1.8122275,103.479034,0.0
ETS205,9055,1789996714,47.0,3.2023,101.5884,0.0
ETS212,9136,1789996781,0.0,5.3641,100.421,0.0
SCS27,weekday_2051,1789996780,114.0,2.4692,102.1816,0.0
ETS204,9352,1789996800,0.0,4.5964,101.0728,0.0
DMU10(D6120),60,1789996802,0.0,5.5301,102.2031,0.0
SCS13,weekday_2178,1789996781,39.0,3.1639,101.6918,0.0
ETS310,9535,1789996787,90.0,2.7429533,101.86505,0.0
ETS304,9138,1789996786,90.0,3.614157,101.5811,0.0
ETS302,9533,1789996786,90.0,1.8122275,103.479034,0.0
ETS206,9449,1789996780,51.0,2.1888,103.1921,0.0
EMU26,2959,1789996778,112.0,5.6799,100.4974,0.0
SCS09,weekday_2059,1789996823,59.0,3.1084,101.6928,0.0
SCS26,weekday_2063,1789996821,17.0,3.1236,101.678,0.0
SCS05,weekday_2177,1789996821,91.0,3.0605,101.5378,0.0
DMU06,57,1789996818,0.0,6.2001,102.1671,0.0
ETS215,9214,1789996815,133.0,5.0828,100.4986,0.0
ETS214,9233,1789996814,0.0,3.6855,101.5176,0.0
EMU29,2960,1789996811,82.0,5.6502,100.4912,0.0
DMU13,39,1789996807,0.0,2.5795,102.6136,0.0
ETS205,9055,1789996804,74.0,3.1998,101.605,0.0
DMU11(D6122),58,1789996800,75.0,6.1322,102.2165,0.0
ETS304,9138,1789996907,90.0,3.641136,101.55753,0.0
ETS310,9535,1789996907,90.0,2.740043,101.88952,0.0
EMU23,2956,1789996884,15.0,6.5237,100.2568,0.0
SCS05,weekday_2177,1789996851,84.0,3.0584,101.5309,0.0
ETS302,9533,1789996907,90.0,1.7944465,103.494125,0.0
ETS205,9055,1789996894,63.0,3.2084,101.6199,0.0
DMU06,57,1789996894,0.0,6.2001,102.1671,0.0
DMU11(D6122),58,1789996890,65.0,6.1447,102.2276,0.0
ETS204,9352,1789996890,0.0,4.5964,101.0728,0.0
SCS26,weekday_2063,1789996851,16.0,3.1218,101.6783,0.0
DMU10(D6120),60,1789996892,0.0,5.5301,102.2031,0.0
ETS310,9535,1789996907,90.0,2.740043,101.88952,0.0
ETS304,9138,1789996907,90.0,3.641136,101.55753,0.0
ETS302,9533,1789996907,90.0,1.7944465,103.494125,0.0
ETS205,9055,1789996954,0.0,3.2084,101.6285,0.0
ETS215,9214,1789996950,126.0,5.1274,100.4868,0.0
DMU11(D6122),58,1789996950,61.0,6.1544,102.2282,0.0
ETS204,9352,1789996950,0.0,4.5964,101.0728,0.0
EMU29,2960,1789996957,122.0,5.6908,100.5048,0.0
DMU06,57,1789996894,0.0,6.2001,102.1671,0.0
DMU06,57,1789996954,1.0,6.2001,102.1671,0.0
EMU23,2956,1789996989,120.0,6.5474,100.2599,0.0
SCS09,weekday_2059,1789996988,26.0,3.1144,101.6806,0.0
EMU29,2960,1789996987,121.0,5.699,100.5094,0.0
DMU10(D6120),60,1789996952,0.0,5.5301,102.2031,0.0
DMU13,39,1789996957,0.0,2.5796,102.6137,0.0
SCS26,weekday_2063,1789996956,0.0,3.1181,101.679,0.0
SCS13,weekday_2178,1789996991,85.0,3.1783,101.6785,0.0
ETS310,9535,1789997029,90.0,2.7246199,101.90785,0.0
ETS302,9533,1789997028,90.0,1.7584317,103.501656,0.0
ETS304,9138,1789997028,90.0,3.6645768,101.53568,0.0
ETS212,9136,1789996991,0.0,5.3641,100.421,0.0
SCS27,weekday_2051,1789996960,57.0,2.47,102.2103,0.0
EMU26,2959,1789996957,0.0,5.6427,100.49,0.0
SCS05,weekday_2177,1789996956,38.0,3.0565,101.5244,0.0
ETS205,9055,1789996954,0.0,3.2084,101.6285,0.0
DMU06,57,1789997074,0.0,6.2,102.1672,0.0
ETS206,9449,1789997035,138.0,2.1385,103.2497,0.0
SCS09,weekday_2059,1789997033,16.0,3.1182,101.6789,0.0
DMU13,39,1789997032,0.0,2.5796,102.6137,0.0
EMU29,2960,1789997032,119.0,5.7128,100.5129,0.0
EMU26,2959,1789997032,86.0,5.6355,100.4894,0.0
SCS05,weekday_2177,1789997031,88.0,3.0517,101.5087,0.0
SCS26,weekday_2063,1789997031,0.0,3.1181,101.679,0.0
EMU23,2956,1789997034,119.0,6.5615,100.2594,0.0
ETS310,9535,1789997029,90.0,2.7246199,101.90785,0.0
ETS304,9138,1789997028,90.0,3.6645768,101.53568,0.0
ETS302,9533,1789997028,90.0,1.7584317,103.501656,0.0
SCS27,weekday_2051,1789997110,22.0,2.4675,102.2191,0.0
DMU13,39,1789997107,0.0,2.5797,102.6136,0.0
EMU29,2960,1789997107,121.0,5.7351,100.5091,0.0
EMU26,2959,1789997107,114.0,5.6161,100.4969,0.0
SCS05,weekday_2177,1789997106,32.0,3.052,101.5002,0.0
SCS26,weekday_2063,1789997106,0.0,3.1181,101.679,0.0
DMU06,57,1789997074,0.0,6.2,102.1672,0.0
ETS304,9138,1789997149,90.0,3.6835344,101.51981,0.0
ETS302,9533,1789997149,90.0,1.7251359,103.518814,0.0
ETS310,9535,1789997149,90.0,2.722605,101.922356,0.0
DMU11(D6122),58,1789997130,72.0,6.1663,102.1977,0.0
DMU10(D6120),60,1789997102,0.0,5.5301,102.2031,0.0
ETS302,9533,1789997149,90.0,1.7251359,103.518814,0.0
ETS310,9535,1789997149,90.0,2.722605,101.922356,0.0
ETS304,9138,1789997149,90.0,3.6835344,101.51981,0.0
DMU13,39,1789997167,0.0,2.5797,102.6136,0.0
EMU26,2959,1789997167,114.0,5.5985,100.4934,0.0
SCS26,weekday_2063,1789997166,0.0,3.118,101.679,0.0
SCS05,weekday_2177,1789997166,27.0,3.0523,101.4946,0.0
DMU06,57,1789997164,3.0,6.2,102.1674,0.0
SCS27,weekday_2051,1789997155,18.0,2.4663,102.2214,0.0
DMU10(D6120),60,1789997147,0.0,5.5301,102.2031,0.0
EMU23,2956,1789997139,122.0,6.5933,100.2632,0.0
SCS09,weekday_2059,1789997138,0.0,3.1193,101.6787,0.0
EMU29,2960,1789997137,120.0,5.744,100.5057,0.0
ETS205,9055,1789997134,77.0,3.1993,101.6408,0.0
EMU35,2861,1789997144,116.0,4.7787,100.843,0.0
SCS13,weekday_2178,1789997216,0.0,3.1917,101.6558,0.0
SCS27,weekday_2051,1789997215,19.0,2.4645,102.2247,0.0
ETS304,9138,1789997270,90.0,3.6839738,101.519325,0.0
ETS302,9533,1789997270,90.0,1.7014306,103.55055,0.0
ETS310,9535,1789997270,90.0,2.7208774,101.93434,0.0
DMU06,57,1789997239,0.0,6.2,102.1672,0.0
DMU10(D6120),60,1789997237,0.0,5.5301,102.2031,0.0
DMU11(D6122),58,1789997250,70.0,6.1827,102.1814,0.0
ETS204,9352,1789997250,118.0,4.6522,101.1201,0.0
EMU35,2861,1789997219,0.0,4.7782,100.8571,0.0
SCS05,weekday_2177,1789997286,32.0,3.0525,101.489,0.0
ETS310,9535,1789997270,90.0,2.7208774,101.93434,0.0
ETS304,9138,1789997270,90.0,3.6839738,101.519325,0.0
ETS302,9533,1789997270,90.0,1.7014306,103.55055,0.0
DMU10(D6120),60,1789997252,0.0,5.5301,102.2031,0.0
SCS04,weekday_2189,1789997299,52.0,3.6797,101.5237,0.0
SCS09,weekday_2059,1789997288,22.0,3.1265,101.6789,0.0
DMU13,39,1789997287,0.0,2.5799,102.6137,0.0
EMU29,2960,1789997287,121.0,5.787,100.4869,0.0
EMU26,2959,1789997287,114.0,5.563,100.498,0.0
SCS26,weekday_2063,1789997286,107.0,3.1069,101.6946,0.0
SCS04,weekday_2189,1789997344,87.0,3.6743,101.5286,0.0
DMU11(D6122),58,1789997340,44.0,6.1935,102.1684,0.0
ETS212,9136,1789997321,0.0,5.3643,100.4207,0.0
ETS206,9449,1789997320,120.0,2.0632,103.3014,0.0
SCS09,weekday_2059,1789997318,17.0,3.1281,101.68,0.0
DMU13,39,1789997317,0.0,2.5798,102.6137,0.0
ETS310,9535,1789997392,90.0,2.7201664,101.937,0.0
ETS304,9138,1789997391,90.0,3.6957533,101.50685,0.0
ETS302,9533,1789997391,90.0,1.6767669,103.58236,0.0
SCS26,weekday_2063,1789997316,64.0,3.1022,101.7003,0.0
ETS215,9214,1789997400,120.0,5.2093,100.4896,0.0
SCS13,weekday_2178,1789997396,42.0,3.1977,101.6423,0.0
SCS09,weekday_2059,1789997393,18.0,3.1317,101.6827,0.0
DMU11(D6122),58,1789997415,14.0,6.1977,102.1673,0.0
ETS310,9535,1789997392,90.0,2.7201664,101.937,0.0
ETS304,9138,1789997391,90.0,3.6957533,101.50685,0.0
ETS302,9533,1789997391,90.0,1.6767669,103.58236,0.0
ETS214,9233,1789997399,109.0,3.5821,101.6129,0.0
SCS29,weekday_2055,1789997397,0.0,3.2372,101.6812,0.0
ETS212,9136,1789997396,0.0,5.364,100.4209,0.0
ETS304,9138,1789997512,90.0,3.7149687,101.47758,0.0
ETS302,9533,1789997512,90.0,1.6644683,103.59952,0.0
ETS310,9535,1789997512,90.0,2.7186635,101.940834,0.0
ETS206,9449,1789997485,0.0,2.0363,103.3164,0.0
ETS205,9055,1789997479,69.0,3.1553,101.6936,0.0
DMU10(D6120),60,1789997477,45.0,5.5347,102.2009,0.0
DMU13,39,1789997467,0.0,2.5797,102.6137,0.0
SCS26,weekday_2063,1789997466,0.0,3.0978,101.706,0.0
EMU26,2959,1789997482,119.0,5.5064,100.5045,0.0
DMU11(D6122),58,1789997475,0.0,6.1991,102.1674,0.0
EMU23,2956,1789997484,33.0,6.658,100.3136,0.0
SCS09,weekday_2059,1789997528,0.0,3.1323,101.6834,0.0
DMU13,39,1789997527,0.0,2.5797,102.6136,0.0
SCS05,weekday_2177,1789997526,4.0,3.0367,101.4706,0.0
SCS26,weekday_2063,1789997526,0.0,3.0978,101.706,0.0
EMU26,2959,1789997522,0.0,5.4945,100.5013,0.0
ETS206,9449,1789997515,0.0,2.0363,103.3164,0.0
EMU23,2956,1789997514,3.0,6.6588,100.315,0.0
ETS310,9535,1789997512,90.0,2.7186635,101.940834,0.0
EMU29,2960,1789997512,44.0,5.8261,100.4778,0.0
ETS304,9138,1789997512,90.0,3.7149687,101.47758,0.0
ETS302,9533,1789997512,90.0,1.6644683,103.59952,0.0
ETS214,9233,1789997609,0.0,3.5534,101.6394,0.0
DMU11(D6122),58,1789997595,0.0,6.1993,102.1675,0.0
ETS204,9352,1789997595,135.0,4.7557,101.1179,0.0
ETS304,9138,1789997633,90.0,3.7380745,101.456116,0.0
EMU26,2959,1789997576,43.0,5.4827,100.4981,0.0
ETS206,9449,1789997575,0.0,2.0348,103.3166,0.0
ETS302,9533,1789997633,90.0,1.6626276,103.60414,0.0
ETS310,9535,1789997633,90.0,2.7159135,101.944855,0.0
ETS212,9136,1789997576,0.0,5.364,100.4203,0.0
DMU10(D6120),60,1789997567,72.0,5.5492,102.1954,0.0
EMU29,2960,1789997574,0.0,5.8395,100.4768,0.0
EMU23,2956,1789997574,20.0,6.6606,100.3175,0.0
EMU35,2861,1789997607,0.0,4.7763,100.9315,0.0
DMU13,39,1789997662,0.0,2.5795,102.6137,0.0
SCS26,weekday_2063,1789997661,0.0,3.0978,101.706,0.0
SCS05,weekday_2177,1789997661,17.0,3.0363,101.4562,0.0
ETS304,9138,1789997633,90.0,3.7380745,101.456116,0.0
ETS302,9533,1789997633,90.0,1.6626276,103.60414,0.0
ETS310,9535,1789997633,90.0,2.7159135,101.944855,0.0
DMU06,57,1789997614,0.0,6.2003,102.1673,0.0
ETS205,9055,1789997614,14.0,3.1424,101.694,0.0
SCS04,weekday_2189,1789997614,115.0,3.6138,101.5816,0.0
EMU29,2960,1789997657,119.0,5.8625,100.4769,0.0
DMU10(D6120),60,1789997642,71.0,5.5622,102.1905,0.0
ETS215,9214,1789997625,0.0,5.2213,100.4912,0.0
ETS206,9449,1789997620,0.0,2.0348,103.3166,0.0
SCS09,weekday_2059,1789997618,0.0,3.1323,101.6834,0.0
ETS304,9138,1789997754,90.0,3.7638175,101.43705,0.0
ETS302,9533,1789997754,90.0,1.6371006,103.631,0.0
ETS310,9535,1789997754,90.0,2.7009573,101.959785,0.0
SCS26,weekday_2063,1789997706,0.0,3.0978,101.706,0.0
SCS04,weekday_2189,1789997704,101.0,3.5985,101.6013,0.0
ETS204,9352,1789997775,133.0,4.7935,101.0938,0.0
EMU35,2861,1789997757,117.0,4.8055,100.9464,0.0
DMU10(D6120),60,1789997777,63.0,5.5847,102.1837,0.0
EMU26,2959,1789997756,111.0,5.4569,100.4944,0.0
SCS13,weekday_2178,1789997756,0.0,3.2022,101.6376,0.0
ETS206,9449,1789997755,132.0,2.0152,103.3211,0.0
SCS26,weekday_2063,1789997781,0.0,3.0978,101.706,0.0
ETS214,9233,1789997759,99.0,3.5221,101.629,0.0
SCS29,weekday_2055,1789997757,0.0,3.2371,101.6812,0.0
ETS212,9136,1789997756,0.0,5.364,100.4203,0.0
EMU29,2960,1789997792,116.0,5.9036,100.4724,0.0
ETS215,9214,1789997760,0.0,5.2214,100.4912,0.0
DMU11(D6122),58,1789997745,0.0,6.1953,102.1674,0.0
ETS304,9138,1789997754,90.0,3.7638175,101.43705,0.0
ETS302,9533,1789997754,90.0,1.6371006,103.631,0.0
ETS310,9535,1789997754,90.0,2.7009573,101.959785,0.0
ETS204,9352,1789997850,117.0,4.8125,101.0785,0.0
SCS09,weekday_2059,1789997843,5.0,3.1405,101.6939,0.0
SCS22,2967,1789997842,33.0,6.6584,100.3144,0.0
DMU13,39,1789997842,0.0,2.5796,102.6137,0.0
ETS214,9233,1789997804,96.0,3.5113,101.6324,0.0
DMU10(D6120),60,1789997837,55.0,5.592,102.1772,0.0
DMU11(D6122),58,1789997835,0.0,6.1953,102.1674,0.0
ETS215,9214,1789997835,26.0,5.2255,100.4903,0.0
ETS310,9535,1789997875,90.0,2.6912189,101.97227,0.0
ETS302,9533,1789997875,90.0,1.6035712,103.64973,0.0
ETS304,9138,1789997875,90.0,3.7933688,101.432915,0.0
SCS13,weekday_2178,1789997846,0.0,3.2022,101.6376,0.0
ETS206,9449,1789997845,134.0,1.9853,103.3297,0.0
SCS05,weekday_2177,1789997826,26.0,3.0433,101.4498,0.0
SCS26,weekday_2063,1789997826,0.0,3.0978,101.706,0.0
ETS310,9535,1789997875,90.0,2.6912189,101.97227,0.0
ETS302,9533,1789997875,90.0,1.6035712,103.64973,0.0
ETS304,9138,1789997875,90.0,3.7933688,101.432915,0.0
SCS26,weekday_2063,1789997886,0.0,3.0978,101.706,0.0
SCS04,weekday_2189,1789997884,82.0,3.5615,101.6311,0.0
SCS09,weekday_2059,1789997888,25.0,3.1431,101.6938,0.0
SCS22,2967,1789997887,40.0,6.6556,100.3101,0.0
DMU13,39,1789997887,0.0,2.5796,102.6136,0.0
SCS05,weekday_2177,1789997886,38.0,3.0463,101.4444,0.0
ETS212,9136,1789997876,0.0,5.364,100.4203,0.0
SCS13,weekday_2178,1789997876,0.0,3.2022,101.6376,0.0
DMU11(D6122),58,1789997970,8.0,6.1974,102.1672,0.0
EMU29,2960,1789997957,109.0,5.9504,100.4528,0.0
EMU35,2861,1789997937,118.0,4.8426,100.9792,0.0
SCS29,weekday_2055,1789997937,0.0,3.2371,101.6812,0.0
ETS206,9449,1789997935,132.0,1.9584,103.3421,0.0
ETS304,9138,1789997996,90.0,3.820502,101.408295,0.0
ETS302,9533,1789997996,90.0,1.5748795,103.67146,0.0
ETS310,9535,1789997996,90.0,2.6769395,101.98037,0.0
SCS13,weekday_2178,1789997936,0.0,3.2022,101.6376,0.0
ETS204,9352,1789997925,0.0,4.8191,101.0706,0.0
EMU26,2959,1789997936,113.0,5.4072,100.4734,0.0
ETS212,9136,1789997936,0.0,5.364,100.4203,0.0
SCS09,weekday_2059,1789998023,0.0,3.1546,101.693,0.0
SCS22,2967,1789998022,114.0,6.6387,100.2831,0.0
SCS26,weekday_2063,1789998021,0.0,3.0978,101.706,0.0
SCS05,weekday_2177,1789998021,18.0,3.041,101.4323,0.0
ETS205,9055,1789998019,0.0,3.1371,101.6916,0.0
DMU06,57,1789998019,0.0,6.2002,102.1673,0.0
ETS214,9233,1789997984,115.0,3.4599,101.6383,0.0
SCS13,weekday_2178,1789997981,0.0,3.2022,101.6376,0.0
SCS04,weekday_2189,1789998019,0.0,3.5527,101.6396,0.0
SCS23,2964,1789998019,0.0,5.3932,100.3664,0.0
EMU29,2960,1789998017,94.0,5.9652,100.4445,0.0
DMU10(D6120),60,1789998017,51.0,5.6059,102.1698,0.0
DMU13,39,1789998007,0.0,2.5795,102.6137,0.0
ETS310,9535,1789997996,90.0,2.6769395,101.98037,0.0
ETS304,9138,1789997996,90.0,3.820502,101.408295,0.0
ETS302,9533,1789997996,90.0,1.5748795,103.67146,0.0
ETS310,9535,1789998117,90.0,2.6643586,101.993645,0.0
ETS302,9533,1789998116,90.0,1.556754,103.69588,0.0
ETS304,9138,1789998116,90.0,3.848858,101.385735,0.0
SCS22,2967,1789998067,114.0,6.6307,100.2723,0.0
SCS05,weekday_2177,1789998066,0.0,3.0407,101.4321,0.0
SCS26,weekday_2063,1789998066,0.0,3.0978,101.706,0.0
SCS04,weekday_2189,1789998064,67.0,3.5502,101.6398,0.0
ETS214,9233,1789998059,110.0,3.4378,101.6367,0.0
SCS13,weekday_2178,1789998056,0.0,3.2022,101.6376,0.0
ETS310,9535,1789998117,90.0,2.6643586,101.993645,0.0
ETS304,9138,1789998116,90.0,3.848858,101.385735,0.0
ETS302,9533,1789998116,90.0,1.556754,103.69588,0.0
SCS22,2967,1789998112,114.0,6.6198,100.2651,0.0
DMU13,39,1789998112,1.0,2.5794,102.6133,0.0
SCS05,weekday_2177,1789998111,51.0,3.0377,101.4288,0.0
SCS23,2964,1789998109,10.0,5.3923,100.3678,0.0
SCS04,weekday_2189,1789998109,44.0,3.5419,101.636,0.0
ETS205,9055,1789998139,0.0,3.1371,101.6916,0.0
DMU10(D6120),60,1789998137,66.0,5.6258,102.1643,0.0
DMU11(D6122),58,1789998131,0.0,6.2002,102.1668,0.0
ETS215,9214,1789998165,22.0,5.2475,100.4854,0.0
ETS214,9233,1789998119,92.0,3.4245,101.6261,0.0
SCS29,weekday_2055,1789998117,0.0,3.2371,101.6812,0.0
ETS212,9136,1789998116,0.0,5.364,100.4203,0.0
SCS26,weekday_2063,1789998111,0.0,3.0978,101.706,0.0
ETS204,9352,1789998120,128.0,4.8239,101.0431,0.0
ETS215,9214,1789998165,22.0,5.2475,100.4854,0.0
SCS23,2964,1789998154,15.0,5.3912,100.3695,0.0
DMU06,57,1789998154,0.0,6.2003,102.1671,0.0
EMU29,2960,1789998152,72.0,5.977,100.4378,0.0
ETS310,9535,1789998238,90.0,2.6578279,102.00083,0.0
ETS304,9138,1789998237,90.0,3.8821952,101.38224,0.0
ETS302,9533,1789998237,90.0,1.5399698,103.71753,0.0
ETS204,9352,1789998210,137.0,4.8386,101.0167,0.0
DMU13,39,1789998202,4.0,2.5793,102.6124,0.0
SCS05,weekday_2177,1789998201,4.0,3.0344,101.4253,0.0
SCS26,weekday_2063,1789998201,0.0,3.0978,101.706,0.0
ETS205,9055,1789998199,0.0,3.1371,101.6916,0.0
EMU35,2861,1789998192,117.0,4.8263,101.05,0.0
DMU06,27,1789998199,0.0,6.2003,102.167,0.0
SCS29,weekday_2055,1789998192,0.0,3.2371,101.6812,0.0
EMU26,2959,1789998191,37.0,5.3581,100.4665,0.0
SCS13,weekday_2178,1789998161,45.0,3.2074,101.6325,0.0
ETS212,9136,1789998161,0.0,5.3642,100.4207,0.0
ETS206,9449,1789998160,0.0,1.9069,103.387,0.0
SCS22,2967,1789998157,115.0,6.6063,100.2633,0.0
SCS04,weekday_2189,1789998154,54.0,3.5377,101.6349,0.0
DMU13,39,1789998247,13.0,2.5788,102.6105,0.0
SCS22,2967,1789998247,114.0,6.5794,100.2618,0.0
SCS05,weekday_2177,1789998246,67.0,3.0308,101.4214,0.0
SCS26,weekday_2063,1789998246,0.0,3.0978,101.706,0.0
ETS310,9535,1789998238,90.0,2.6578279,102.00083,0.0
ETS304,9138,1789998237,90.0,3.8821952,101.38224,0.0
ETS302,9533,1789998237,90.0,1.5399698,103.71753,0.0
ETS204,9352,1789998300,127.0,4.8442,100.9865,0.0
ETS214,9233,1789998299,115.0,3.3782,101.6167,0.0
ETS206,9449,1789998295,0.0,1.8844,103.4039,0.0
SCS05,weekday_2177,1789998321,31.0,3.0216,101.4116,0.0
ETS205,9055,1789998319,0.0,3.1371,101.6916,0.0
DMU10(D6120),60,1789998317,67.0,5.6598,102.1568,0.0
ETS212,9136,1789998296,0.0,5.3642,100.4211,0.0
ETS310,9535,1789998359,90.0,2.653891,102.023926,0.0
ETS304,9138,1789998358,90.0,3.904102,101.35394,0.0
ETS302,9533,1789998358,90.0,1.5362005,103.725235,0.0
ETS310,9535,1789998359,90.0,2.653891,102.023926,0.0
ETS304,9138,1789998358,90.0,3.904102,101.35394,0.0
ETS302,9533,1789998358,90.0,1.5362005,103.725235,0.0
SCS13,weekday_2178,1789998334,81.0,3.2084,101.6232,0.0
SCS04,weekday_2189,1789998394,38.0,3.4988,101.6344,0.0
ETS205,9055,1789998394,0.0,3.1371,101.6916,0.0
DMU13,39,1789998382,1.0,2.5782,102.6068,0.0
SCS26,weekday_2063,1789998381,0.0,3.0978,101.706,0.0
SCS05,weekday_2177,1789998381,13.0,3.0208,101.4107,0.0
EMU26,2959,1789998377,54.0,5.3661,100.4494,0.0
ETS212,9136,1789998371,0.0,5.3642,100.4211,0.0
ETS206,9449,1789998340,0.0,1.8844,103.4039,0.0
EMU35,2861,1789998369,76.0,4.8166,101.0744,0.0
DMU13,39,1789998427,2.0,2.5782,102.6077,0.0
SCS05,weekday_2177,1789998426,24.0,3.0191,101.4089,0.0
SCS26,weekday_2063,1789998426,0.0,3.0978,101.706,0.0
ETS206,9449,1789998415,0.0,1.8844,103.4039,0.0
EMU35,2861,1789998414,114.0,4.8074,101.0816,0.0
ETS304,9138,1789998479,90.0,3.9372149,101.33981,0.0
ETS302,9533,1789998479,90.0,1.534426,103.72896,0.0
ETS214,9233,1789998479,94.0,3.3597,101.5721,0.0
SCS29,weekday_2067,1789998477,26.0,3.2148,101.6722,0.0
ETS212,9136,1789998476,0.0,5.3642,100.4211,0.0
EMU35,2861,1789998474,120.0,4.7933,101.0937,0.0
ETS206,9449,1789998520,120.0,1.8652,103.4123,0.0
EMU26,2959,1789998497,87.0,5.3665,100.4402,0.0
EMU29,2960,1789998496,122.0,6.067,100.3869,0.0
ETS310,9535,1789998480,90.0,2.634916,102.05653,0.0
ETS302,9533,1789998600,90.0,1.5088117,103.747925,0.0
ETS304,9138,1789998600,90.0,3.9681413,101.319115,0.0
ETS310,9535,1789998600,90.0,2.607717,102.08695,0.0
EMU26,2959,1789998572,53.0,5.3637,100.4235,0.0
ETS212,9136,1789998566,0.0,5.3642,100.4211,0.0
ETS206,9449,1789998565,129.0,1.8509,103.418,0.0
DMU13,39,1789998562,4.0,2.5789,102.6099,0.0
SCS22,2967,1789998562,42.0,6.5217,100.2565,0.0
SCS05,weekday_2177,1789998561,10.0,3.0138,101.4032,0.0
SCS26,weekday_2063,1789998561,0.0,3.0978,101.706,0.0
SCS04,weekday_2189,1789998559,0.0,3.4679,101.6377,0.0
SCS13,weekday_2178,1789998559,19.0,3.2056,101.5817,0.0
SCS23,2964,1789998559,33.0,5.3644,100.4217,0.0
DMU06,59,1789998559,0.0,6.2001,102.1673,0.0
DMU10(D6120),60,1789998557,25.0,5.7007,102.1519,0.0
EMU29,2960,1789998556,121.0,6.0836,100.3778,0.0
ETS204,9352,1789998555,115.0,4.7889,100.9367,0.0
EMU35,2861,1789998519,120.0,4.781,101.1009,0.0
ETS304,9138,1789998600,90.0,3.9681413,101.319115,0.0
ETS302,9533,1789998600,90.0,1.5088117,103.747925,0.0
ETS310,9535,1789998600,90.0,2.607717,102.08695,0.0
EMU35,2861,1789998609,118.0,4.7586,101.1168,0.0
DMU13,39,1789998607,7.0,2.5785,102.6086,0.0
SCS05,weekday_2177,1789998606,46.0,3.0113,101.4004,0.0
SCS26,weekday_2063,1789998606,0.0,3.0978,101.706,0.0
ETS206,9449,1789998595,129.0,1.8449,103.4266,0.0
EMU29,2960,1789998691,7.0,6.1127,100.3694,0.0
ETS212,9136,1789998656,0.0,5.3642,100.4211,0.0
ETS206,9449,1789998655,0.0,1.8429,103.4301,0.0
ETS215,9214,1789998690,33.0,5.3522,100.4669,0.0
SCS29,weekday_2067,1789998657,0.0,3.2044,101.6761,0.0
ETS302,9533,1789998721,90.0,1.4798297,103.75655,0.0
ETS304,9138,1789998721,90.0,4.0034246,101.30414,0.0
ETS310,9535,1789998721,90.0,2.5733356,102.10749,0.0
SCS13,weekday_2178,1789998739,61.0,3.2081,101.5759,0.0
SCS23,2964,1789998739,1.0,5.3665,100.4473,0.0
EMU26,2959,1789998737,94.0,5.3723,100.4022,0.0
DMU10(D6120),60,1789998737,28.0,5.7075,102.1524,0.0
ETS215,9214,1789998735,51.0,5.3575,100.4662,0.0
DMU13,39,1789998727,7.0,2.5799,102.6049,0.0
SCS05,weekday_2177,1789998726,16.0,3.0043,101.393,0.0
SCS22,2967,1789998697,114.0,6.4856,100.2536,0.0
SCS04,weekday_2189,1789998694,107.0,3.4386,101.6369,0.0
DMU06,59,1789998694,0.0,6.2001,102.1673,0.0
SCS22,2967,1789998787,114.0,6.4594,100.2589,0.0
DMU13,39,1789998787,0.0,2.5806,102.604,0.0
EMU35,2861,1789998789,117.0,4.7059,101.131,0.0
ETS215,9214,1789998870,73.0,5.375,100.4688,0.0
DMU10(D6120),60,1789998827,67.0,5.7209,102.1575,0.0
EMU26,2959,1789998827,90.0,5.3829,100.3822,0.0
ETS214,9233,1789998824,36.0,3.3162,101.575,0.0
ETS302,9533,1789998842,90.0,1.4673749,103.76319,0.0
ETS310,9535,1789998842,90.0,2.548443,102.13903,0.0
ETS304,9138,1789998842,90.0,4.040425,101.28612,0.0
ETS206,9449,1789998925,0.0,1.8124,103.4775,0.0
SCS04,weekday_2189,1789998919,105.0,3.3822,101.6205,0.0
DMU10(D6120),60,1789998917,66.0,5.7361,102.1612,0.0
ETS204,9352,1789998915,94.0,4.7756,100.9028,0.0
ETS215,9214,1789998915,124.0,5.387,100.4703,0.0
SCS26,weekday_2063,1789998906,0.0,3.0978,101.706,0.0
ETS214,9233,1789998884,93.0,3.305,101.5752,0.0
SCS22,2967,1789998877,59.0,6.4364,100.2668,0.0
EMU26,2959,1789998917,3.0,5.3878,100.3727,0.0
ETS304,9138,1789998963,90.0,4.077812,101.27453,0.0
ETS302,9533,1789998963,90.0,0.0027284583,0.0154984975,0.0
ETS310,9535,1789998963,90.0,2.520001,102.16838,0.0
DMU13,39,1789998967,0.0,2.5806,102.604,0.0
SCS26,weekday_2063,1789998966,0.0,3.0978,101.706,0.0
EMU35,2861,1789998939,118.0,4.666,101.1306,0.0
SCS22,2967,1789998967,0.0,6.4314,100.2685,0.0
ETS204,9352,1789999035,126.0,4.7752,100.8676,0.0
SCS13,weekday_2178,1789999039,31.0,3.2534,101.5547,0.0
EMU29,2960,1789999036,89.0,6.1766,100.378,0.0
SCS04,weekday_2189,1789999054,95.0,3.3711,101.6094,0.0
DMU10(D6120),60,1789999052,61.0,5.76,102.1541,0.0
SCS22,2967,1789999102,115.0,6.409,100.2763,0.0
DMU13,39,1789999102,0.0,2.5806,102.6039,0.0
SCS26,weekday_2063,1789999101,0.0,3.0978,101.706,0.0
EMU35,2861,1789999099,119.0,4.6281,101.1019,0.0
ETS310,9535,1789999084,90.0,2.4820354,102.18095,0.0
ETS302,9533,1789999084,90.0,0.0027284583,0.0154984975,0.0
ETS304,9138,1789999084,90.0,4.1074834,101.25738,0.0
EMU26,2959,1789999052,18.0,5.3929,100.367,0.0
SCS22,2967,1789999147,114.0,6.3974,100.283,0.0
DMU13,39,1789999147,0.0,2.5806,102.6039,0.0
EMU35,2861,1789999144,87.0,4.6183,101.0944,0.0
SCS26,weekday_2063,1789999146,0.0,3.0978,101.706,0.0
ETS310,9535,1789999205,90.0,2.4519837,102.19513,0.0
SCS29,weekday_2067,1789999197,22.0,3.1755,101.6855,0.0
ETS212,9136,1789999196,0.0,5.3645,100.4203,0.0
ETS215,9214,1789999230,131.0,5.4892,100.4999,0.0
ETS206,9449,1789999225,124.0,1.7306,103.5138,0.0
SCS22,2967,1789999222,110.0,6.3795,100.2963,0.0
SCS13,weekday_2178,1789999219,73.0,3.2649,101.5582,0.0
SCS23,2964,1789999219,113.0,5.3891,100.4705,0.0
DMU10(D6120),60,1789999217,71.0,5.7772,102.1431,0.0
EMU29,2960,1789999216,113.0,6.1981,100.3681,0.0
ETS214,9233,1789999199,44.0,3.2561,101.5547,0.0
ETS304,9138,1789999205,90.0,4.1285605,101.228035,0.0
SCS29,weekday_2067,1789999257,22.0,3.1717,101.6849,0.0
SCS04,weekday_2189,1789999234,95.0,3.3522,101.572,0.0
ETS205,9058,1789999234,0.0,3.1371,101.6916,0.0
EMU29,2960,1789999276,119.0,6.2163,100.3644,0.0
ETS204,9352,1789999275,132.0,4.7801,100.7875,0.0
ETS214,9233,1789999274,51.0,3.2484,101.5575,0.0
SCS22,2967,1789999282,21.0,6.3712,100.3025,0.0
DMU10(D6120),60,1789999232,70.0,5.7801,102.1433,0.0
DMU13,39,1789999327,0.0,2.5806,102.6039,0.0
SCS22,2967,1789999327,0.0,6.3704,100.3032,0.0
SCS26,weekday_2063,1789999326,0.0,3.0978,101.706,0.0
EMU35,2861,1789999324,32.0,4.6032,101.0755,0.0
ETS310,9535,1789999326,90.0,2.4673088,102.21996,0.0
ETS304,9138,1789999325,90.0,4.1542554,101.19739,0.0
ETS206,9449,1789999375,144.0,1.6974,103.5534,0.0
ETS214,9233,1789999409,93.0,3.2232,101.5631,0.0
SCS23,2964,1789999399,114.0,5.4387,100.4896,0.0
DMU10(D6120),60,1789999397,26.0,5.8053,102.1466,0.0
ETS215,9214,1789999380,132.0,5.5391,100.5029,0.0
ETS212,9136,1789999376,0.0,5.3645,100.4203,0.0
SCS04,weekday_2189,1789999369,39.0,3.3278,101.5693,0.0
ETS310,9535,1789999447,90.0,2.4634428,102.226814,0.0
ETS304,9138,1789999446,90.0,4.1828284,101.18753,0.0
SCS29,weekday_2067,1789999412,0.0,3.1651,101.6913,0.0
DMU13,39,1789999462,0.0,2.5806,102.6039,0.0
SCS13,weekday_2178,1789999459,64.0,3.3075,101.5749,0.0
ETS205,9058,1789999459,0.0,3.1371,101.6916,0.0
SCS23,2964,1789999459,114.0,5.4562,100.4941,0.0
DMU10(D6120),60,1789999457,0.0,5.8064,102.1467,0.0
ETS215,9214,1789999455,129.0,5.5642,100.4978,0.0
SCS04,weekday_2189,1789999444,38.0,3.3212,101.5741,0.0
EMU35,2861,1789999459,0.0,4.598,101.0734,0.0
SCS26,weekday_2063,1789999416,0.0,3.0978,101.706,0.0
DMU13,39,1789999507,3.0,2.5805,102.6041,0.0
EMU29,2960,1789999507,118.0,6.2861,100.3502,0.0
SCS22,2967,1789999507,114.0,6.3396,100.3261,0.0
SCS26,weekday_2063,1789999506,0.0,3.0978,101.706,0.0
SCS04,weekday_2189,1789999504,0.0,3.3188,101.5749,0.0
EMU35,2861,1789999504,0.0,4.598,101.0734,0.0
ETS304,9138,1789999568,90.0,4.2196836,101.18023,0.0
ETS310,9535,1789999568,90.0,2.4592583,102.24827,0.0
ETS214,9233,1789999574,25.0,3.2067,101.5788,0.0
SCS23,2964,1789999579,0.0,5.4817,100.4978,0.0
SCS29,weekday_2067,1789999577,0.0,3.1538,101.6926,0.0
DMU10(D6120),60,1789999577,74.0,5.8148,102.1478,0.0
ETS215,9214,1789999605,126.0,5.6154,100.497,0.0
ETS212,9136,1789999601,16.0,5.3654,100.4179,0.0
ETS206,9449,1789999600,0.0,1.6644,103.5976,0.0
ETS204,9352,1789999590,82.0,4.8505,100.7298,0.0
DMU13,39,1789999642,2.0,2.5792,102.6059,0.0
SCS13,weekday_2178,1789999639,0.0,3.3191,101.5747,0.0
ETS205,9058,1789999639,0.0,3.1371,101.6916,0.0
ETS204,9352,1789999635,0.0,4.8534,100.732,0.0
EMU29,2960,1789999627,120.0,6.3212,100.3398,0.0
DMU06,59,1789999626,0.0,6.2003,102.1673,0.0
SCS26,weekday_2063,1789999626,0.0,3.0978,101.706,0.0
SCS04,weekday_2189,1789999624,93.0,3.3039,101.575,0.0
DMU10(D6120),60,1789999592,80.0,5.8179,102.1482,0.0
SCS29,weekday_2067,1789999592,0.0,3.1538,101.6926,0.0
ETS206,9449,1789999645,0.0,1.6644,103.5976,0.0
SCS22,2967,1789999627,114.0,6.3096,100.3455,0.0
ETS214,9233,1789999604,5.0,3.2064,101.5796,0.0
ETS212,9136,1789999601,16.0,5.3654,100.4179,0.0
DMU13,39,1789999687,3.0,2.5787,102.6069,0.0
DMU06,59,1789999686,2.0,6.1995,102.1673,0.0
SCS13,weekday_2178,1789999684,33.0,3.322,101.5734,0.0
SCS23,2964,1789999684,80.0,5.4871,100.4993,0.0
DMU10(D6120),60,1789999682,75.0,5.8365,102.1505,0.0
ETS215,9214,1789999680,87.0,5.6376,100.4892,0.0
ETS206,9449,1789999675,0.0,1.6644,103.5976,0.0
ETS310,9535,1789999689,90.0,2.457143,102.288,0.0
ETS304,9138,1789999688,90.0,4.256095,101.17367,0.0
DMU06,59,1789999776,0.0,6.1972,102.1672,0.0
ETS204,9352,1789999770,0.0,4.8538,100.7331,0.0
ETS214,9233,1789999769,0.0,3.2059,101.5803,0.0
ETS215,9214,1789999740,2.0,5.6437,100.49,0.0
EMU29,2960,1789999777,100.0,6.357,100.313,0.0
SCS22,2967,1789999777,114.0,6.2656,100.3544,0.0
ETS205,9058,1789999774,0.0,3.1371,101.6916,0.0
SCS23,2964,1789999759,114.0,5.5073,100.5047,0.0
SCS13,weekday_2178,1789999759,66.0,3.3301,101.5689,0.0
SCS29,weekday_2067,1789999757,17.0,3.1443,101.6931,0.0
DMU10(D6120),60,1789999757,78.0,5.8522,102.1525,0.0
ETS310,9535,1789999810,90.0,2.455958,102.330124,0.0
ETS304,9138,1789999809,90.0,4.2792945,101.165565,0.0
ETS215,9214,1789999830,3.0,5.6436,100.4901,0.0
ETS214,9233,1789999829,38.0,3.2033,101.586,0.0
SCS22,2967,1789999822,107.0,6.2528,100.357,0.0
DMU13,39,1789999822,0.0,2.5786,102.607,0.0
SCS23,2964,1789999819,114.0,5.5248,100.5069,0.0
SCS04,weekday_2189,1789999819,69.0,3.2675,101.5592,0.0
ETS205,9058,1789999819,0.0,3.1371,101.6916,0.0
SCS13,weekday_2178,1789999819,102.0,3.3428,101.5724,0.0
DMU10(D6120),60,1789999817,76.0,5.8642,102.154,0.0
EMU29,2960,1789999810,93.0,6.3638,100.308,0.0
DMU06,59,1789999806,0.0,6.1972,102.1672,0.0
SCS26,weekday_2063,1789999806,0.0,3.0978,101.706,0.0
SCS29,weekday_2067,1789999817,16.0,3.1411,101.6942,0.0
ETS206,9449,1789999780,0.0,1.6644,103.5976,0.0
ETS204,9352,1789999815,0.0,4.8539,100.733,0.0
SCS26,weekday_2063,1789999866,0.0,3.0978,101.706,0.0
DMU13,39,1789999867,0.0,2.5786,102.607,0.0
DMU06,59,1789999866,0.0,6.1972,102.1671,0.0
ETS214,9233,1789999859,80.0,3.2016,101.5909,0.0
SCS22,2967,1789999852,111.0,6.2443,100.3588,0.0
ETS206,9449,1789999900,51.0,1.6583,103.6074,0.0
SCS29,weekday_2067,1789999937,16.0,3.1373,101.6921,0.0
ETS310,9535,1789999931,90.0,2.4626641,102.36996,0.0
ETS304,9138,1789999930,90.0,4.3015757,101.15489,0.0
ETS215,9214,1789999935,119.0,5.6607,100.4931,0.0
ETS204,9352,1789999935,60.0,4.8632,100.7315,0.0
EMU29,2960,1789999915,46.0,6.3717,100.3021,0.0
DMU13,39,1789999912,0.0,2.5786,102.607,0.0
SCS22,2967,1789999912,102.0,6.2278,100.3622,0.0
DMU06,59,1789999911,0.0,6.1972,102.1671,0.0
SCS26,weekday_2063,1789999911,0.0,3.0978,101.706,0.0
ETS205,9058,1789999909,0.0,3.1371,101.6916,0.0
ETS204,9352,1789999980,108.0,4.872,100.7252,0.0
SCS23,2964,1789999999,113.0,5.5776,100.4955,0.0
SCS13,weekday_2178,1789999999,112.0,3.367,101.6015,0.0
SCS29,weekday_2067,1789999997,0.0,3.1358,101.6891,0.0
ETS215,9214,1789999995,130.0,5.6804,100.4977,0.0
ETS214,9233,1790000009,93.0,3.2084,101.6219,0.0
SCS22,2967,1790000002,112.0,6.2014,100.3675,0.0
SCS26,weekday_2063,1790000001,0.0,3.0978,101.706,0.0
DMU06,59,1790000001,9.0,6.1984,102.1672,0.0
SCS04,weekday_2189,1789999999,22.0,3.2573,101.5547,0.0
ETS205,9058,1789999999,0.0,3.1371,101.6916,0.0
DMU10(D6120),60,1789999997,77.0,5.9003,102.1584,0.0
DMU13,39,1789999987,5.0,2.5787,102.6068,0.0
SCS22,2967,1790000047,84.0,6.1895,100.3708,0.0
DMU13,39,1790000047,5.0,2.5793,102.6056,0.0
DMU06,59,1790000046,0.0,6.1991,102.1673,0.0
SCS26,weekday_2063,1790000046,0.0,3.0978,101.706,0.0
ETS206,9449,1790000035,0.0,1.626,103.6417,0.0
ETS310,9535,1790000052,90.0,2.4672987,102.40801,0.0
ETS304,9138,1790000051,90.0,4.3022366,101.15406,0.0
EMU29,2960,1790000125,104.0,6.4222,100.2716,0.0
SCS26,weekday_2063,1790000121,0.0,3.0978,101.706,0.0
SCS22,2967,1790000122,0.0,6.1828,100.3752,0.0
ETS205,9058,1790000119,0.0,3.1371,101.6916,0.0
ETS215,9214,1790000100,131.0,5.7125,100.5129,0.0
SCS04,weekday_2189,1790000089,67.0,3.2481,101.5577,0.0
SCS23,2964,1790000089,114.0,5.6043,100.4947,0.0
SCS29,weekday_2067,1790000087,0.0,3.1358,101.6891,0.0
DMU10(D6120),60,1790000087,79.0,5.9185,102.1559,0.0
ETS204,9352,1790000085,134.0,4.9054,100.7186,0.0
ETS212,9136,1790000081,4.0,5.3655,100.4188,0.0
ETS206,9449,1790000080,75.0,1.6112,103.6482,0.0
DMU13,39,1790000182,0.0,2.5804,102.6039,0.0
ETS204,9352,1790000175,132.0,4.9366,100.7196,0.0
SCS22,2967,1790000182,12.0,6.1825,100.3754,0.0
SCS26,weekday_2063,1790000181,0.0,3.0978,101.706,0.0
SCS23,2964,1790000179,116.0,5.6301,100.4915,0.0
SCS13,weekday_2178,1790000179,106.0,3.3824,101.6207,0.0
ETS310,9535,1790000173,90.0,2.4738734,102.41707,0.0
ETS304,9138,1790000172,90.0,4.314318,101.14155,0.0
SCS29,weekday_2067,1790000177,0.0,3.1358,101.6891,0.0
SCS04,weekday_2189,1790000194,107.0,3.2232,101.5633,0.0
DMU13,39,1790000227,0.0,2.5804,102.6039,0.0
SCS22,2967,1790000227,89.0,6.1765,100.3781,0.0
SCS26,weekday_2063,1790000226,0.0,3.0978,101.706,0.0
ETS212,9136,1790000216,5.0,5.3656,100.4188,0.0
SCS04,weekday_2189,1790000194,107.0,3.2232,101.5633,0.0
EMU29,2960,1790000275,91.0,6.4389,100.2659,0.0
DMU13,39,1790000272,0.0,2.5804,102.6039,0.0
ETS215,9214,1790000265,122.0,5.7649,100.4964,0.0
SCS29,weekday_2067,1790000252,18.0,3.1316,101.6828,0.0
SCS04,weekday_2189,1790000299,44.0,3.2075,101.5767,0.0
ETS205,9058,1790000299,0.0,3.1371,101.6916,0.0
DMU10(D6120),60,1790000297,71.0,5.9571,102.1454,0.0
ETS204,9352,1790000295,124.0,4.974,100.7306,0.0
ETS214,9233,1790000294,66.0,3.1731,101.6839,0.0
SCS22,2967,1790000272,117.0,6.1636,100.3791,0.0
ETS310,9535,1790000294,90.0,2.477484,102.42948,0.0
ETS304,9138,1790000294,90.0,4.3470926,101.117455,0.0
SCS26,weekday_2063,1790000271,14.0,3.0985,101.705,0.0
SCS13,weekday_2178,1790000299,97.0,3.4148,101.6266,0.0
SCS23,2964,1790000299,8.0,5.6426,100.49,0.0
ETS212,9136,1790000261,0.0,5.3656,100.4187,0.0
SCS13,weekday_2178,1790000359,115.0,3.4288,101.6295,0.0
SCS04,weekday_2189,1790000359,0.0,3.2061,101.5809,0.0
DMU10(D6120),60,1790000357,22.0,5.9654,102.1439,0.0
ETS204,9352,1790000355,125.0,4.9935,100.7347,0.0
ETS215,9214,1790000355,128.0,5.793,100.484,0.0
SCS29,weekday_2067,1790000342,19.0,3.127,101.6791,0.0
SCS22,2967,1790000362,114.0,6.1366,100.3802,0.0
DMU13,39,1790000362,0.0,2.5804,102.6039,0.0
SCS26,weekday_2063,1790000361,70.0,3.1028,101.6995,0.0
SCS23,2964,1790000359,110.0,5.6538,100.4918,0.0
ETS205,9058,1790000359,0.0,3.1371,101.6916,0.0
ETS304,9138,1790000415,90.0,4.380998,101.09247,0.0
ETS310,9535,1790000415,90.0,2.4985132,102.45904,0.0
SCS22,2967,1790000407,108.0,6.1243,100.3748,0.0
SCS13,weekday_2178,1790000404,116.0,3.4399,101.6374,0.0
ETS205,9058,1790000404,0.0,3.1371,101.6916,0.0
SCS23,2964,1790000404,114.0,5.6672,100.4941,0.0
DMU10(D6120),60,1790000402,0.0,5.9661,102.1439,0.0
EMU29,2960,1790000425,117.0,6.4824,100.2536,0.0
SCS29,weekday_2067,1790000432,27.0,3.12,101.6787,0.0
ETS212,9136,1790000396,0.0,5.3655,100.4185,0.0
DMU13,39,1790000392,0.0,2.5804,102.6039,0.0
SCS26,weekday_2063,1790000391,88.0,3.1072,101.6941,0.0
ETS215,9214,1790000400,132.0,5.808,100.48,0.0
ETS204,9352,1790000400,108.0,5.0071,100.7342,0.0
EMU29,2960,1790000440,120.0,6.4871,100.2535,0.0
DMU13,39,1790000437,0.0,2.5804,102.6039,0.0
SCS26,weekday_2063,1790000436,71.0,3.1126,101.6862,0.0
ETS205,9058,1790000434,0.0,3.1371,101.6916,0.0
SCS23,2964,1790000434,113.0,5.676,100.4956,0.0
SCS04,weekday_2189,1790000434,41.0,3.204,101.5849,0.0
ETS204,9352,1790000520,119.0,5.035,100.7076,0.0
ETS310,9535,1790000536,90.0,2.5200825,102.49246,0.0
ETS304,9138,1790000535,90.0,4.417554,101.07127,0.0
SCS13,weekday_2178,1790000524,1.0,3.4678,101.6376,0.0
SCS29,weekday_2067,1790000522,0.0,3.1183,101.6791,0.0
ETS215,9214,1790000520,130.0,5.8494,100.4769,0.0
SCS22,2967,1790000557,0.0,6.1125,100.3694,0.0
DMU13,39,1790000557,0.0,2.5804,102.6039,0.0
ETS214,9233,1790000534,15.0,3.1448,101.6927,0.0
ETS212,9136,1790000531,3.0,5.3655,100.4185,0.0
SCS26,weekday_2063,1790000526,0.0,3.1132,101.682,0.0
SCS23,2964,1790000524,114.0,5.6991,100.5094,0.0
SCS04,weekday_2189,1790000524,88.0,3.2007,101.6023,0.0
ETS205,9058,1790000524,0.0,3.1371,101.6916,0.0
DMU10(D6120),60,1790000522,74.0,5.9836,102.1428,0.0
ETS214,9233,1790000579,0.0,3.1429,101.6937,0.0
ETS204,9352,1790000595,124.0,5.0392,100.6854,0.0
DMU13,39,1790000572,0.0,2.5804,102.6039,0.0
SCS22,2967,1790000572,28.0,6.1119,100.3691,0.0
SCS26,weekday_2063,1790000571,17.0,3.114,101.6808,0.0
SCS13,weekday_2178,1790000569,0.0,3.4678,101.6376,0.0
SCS23,2964,1790000569,114.0,5.7122,100.5127,0.0
SCS04,weekday_2189,1790000569,83.0,3.2019,101.6118,0.0
ETS205,9058,1790000569,0.0,3.1371,101.6916,0.0
DMU10(D6120),60,1790000567,73.0,5.9928,102.1422,0.0
SCS29,weekday_2067,1790000567,0.0,3.1183,101.6791,0.0
EMU29,2960,1790000566,50.0,6.5216,100.2565,0.0
ETS212,9136,1790000561,0.0,5.3655,100.4182,0.0
SCS26,weekday_2063,1790000676,0.0,3.1178,101.6791,0.0
ETS205,9058,1790000674,0.0,3.1371,101.6916,0.0
ETS310,9535,1790000657,90.0,2.5535004,102.515976,0.0
SCS04,weekday_2189,1790000659,57.0,3.2087,101.6258,0.0
ETS304,9138,1790000656,90.0,4.452528,101.053314,0.0
EMU29,2960,1790000656,50.0,6.525,100.2571,0.0
ETS204,9352,1790000655,122.0,5.039,100.6654,0.0
SCS29,weekday_2067,1790000657,0.0,3.1183,101.6791,0.0
DMU13,39,1790000647,0.0,2.5803,102.6039,0.0
SCS13,weekday_2178,1790000659,111.0,3.4787,101.6394,0.0
SCS23,2964,1790000659,114.0,5.7379,100.508,0.0
DMU10(D6120),60,1790000657,67.0,6.0099,102.1409,0.0
SCS22,2967,1790000647,114.0,6.0962,100.3707,0.0
DMU13,39,1790000692,0.0,2.5804,102.6039,0.0
SCS22,2967,1790000692,115.0,6.0844,100.3774,0.0
ETS212,9136,1790000681,0.0,5.3654,100.4186,0.0
SCS26,weekday_2063,1790000706,0.0,3.1178,101.6791,0.0
EMU29,2960,1790000701,102.0,6.5348,100.2587,0.0
SCS13,weekday_2178,1790000689,116.0,3.4874,101.6375,0.0
ETS205,9058,1790000704,0.0,3.1371,101.6916,0.0
SCS23,2964,1790000704,114.0,5.7505,100.5032,0.0
SCS04,weekday_2189,1790000704,0.0,3.2085,101.6288,0.0
SCS29,weekday_2067,1790000702,0.0,3.1183,101.6791,0.0
DMU10(D6120),60,1790000702,66.0,6.0178,102.1404,0.0
ETS215,9214,1790000700,132.0,5.9102,100.47,0.0
ETS214,9233,1790000699,0.0,3.1406,101.6939,0.0
ETS206,9449,1790000695,0.0,1.5419,103.7064,0.0
ETS310,9535,1790000778,90.0,2.5728066,102.55048,0.0
ETS304,9138,1790000777,90.0,4.45926,101.05026,0.0
ETS215,9214,1790000790,138.0,5.9388,100.4589,0.0
SCS26,weekday_2063,1790000841,22.0,3.1244,101.678,0.0
SCS23,2964,1790000824,114.0,5.7834,100.4887,0.0
ETS215,9214,1790000820,133.0,5.948,100.4541,0.0
ETS204,9352,1790000850,123.0,5.0444,100.5997,0.0
ETS206,9449,1790000845,0.0,1.5193,103.7406,0.0
SCS22,2967,1790000842,114.0,6.045,100.3994,0.0
DMU13,39,1790000842,0.0,2.5804,102.6039,0.0
DMU13,39,1790000872,0.0,2.5804,102.6039,0.0
ETS310,9535,1790000898,90.0,2.5819793,102.57756,0.0
ETS304,9138,1790000898,90.0,4.477946,101.04288,0.0
SCS26,weekday_2063,1790000871,18.0,3.1263,101.6787,0.0
ETS214,9233,1790000984,0.0,3.1367,101.6912,0.0
ETS205,9058,1790000974,0.0,3.2058,101.581,0.0
SCS04,weekday_2189,1790000974,0.0,3.2023,101.6378,0.0
EMU29,2960,1790000971,119.0,6.6175,100.2648,0.0
SCS29,weekday_2067,1790000957,19.0,3.0991,101.7043,0.0
DMU13,39,1790000962,0.0,2.5804,102.6039,0.0
SCS22,2967,1790000962,115.0,6.0143,100.4168,0.0
SCS26,weekday_2063,1790000961,20.0,3.1304,101.6818,0.0
SCS13,weekday_2178,1790000959,99.0,3.5265,101.6297,0.0
ETS215,9214,1790000955,128.0,5.9881,100.4315,0.0
ETS204,9352,1790000955,126.0,5.0326,100.5667,0.0
ETS304,9138,1790001019,90.0,4.51295,101.049484,0.0
ETS310,9535,1790001019,90.0,2.5749578,102.59816,0.0
DMU13,39,1790001007,0.0,2.5804,102.6039,0.0
SCS26,weekday_2063,1790001006,0.0,3.1324,101.6835,0.0
SCS04,weekday_2189,1790001004,0.0,3.2023,101.6378,0.0
ETS215,9214,1790000985,132.0,5.9971,100.4264,0.0
ETS205,9058,1790001004,0.0,3.2058,101.581,0.0
SCS23,2964,1790001004,0.0,5.8239,100.478,0.0
SCS13,weekday_2178,1790001004,98.0,3.537,101.6346,0.0
DMU10(D6120),60,1790001002,0.0,6.0428,102.1424,0.0
SCS29,weekday_2067,1790001002,0.0,3.0979,101.706,0.0
EMU29,2960,1790001001,118.0,6.6262,100.2675,0.0
ETS204,9352,1790001000,119.0,5.0245,100.5548,0.0
SCS22,2967,1790000977,114.0,6.0104,100.419,0.0
ETS212,9136,1790001056,0.0,5.3654,100.4186,0.0
DMU13,39,1790001052,0.0,2.5804,102.6039,0.0
SCS22,2967,1790001052,110.0,5.991,100.4299,0.0
SCS04,weekday_2189,1790001049,0.0,3.2023,101.6378,0.0
ETS205,9058,1790001049,0.0,3.2058,101.581,0.0
SCS23,2964,1790001049,31.0,5.8245,100.478,0.0
SCS29,weekday_2067,1790001077,0.0,3.0979,101.706,0.0
DMU10(D6120),60,1790001077,14.0,6.0443,102.1432,0.0
EMU29,2960,1790001076,114.0,6.6402,100.285,0.0
SCS26,weekday_2063,1790001051,0.0,3.1324,101.6835,0.0
SCS22,2967,1790001157,18.0,5.9723,100.4405,0.0
SCS26,weekday_2063,1790001156,0.0,3.1324,101.6835,0.0
ETS304,9138,1790001140,90.0,4.5319805,101.053,0.0
ETS310,9535,1790001140,90.0,2.5791125,102.614746,0.0
DMU10(D6120),60,1790001137,63.0,6.0493,102.1458,0.0
EMU29,2960,1790001136,92.0,6.6495,100.2998,0.0
ETS215,9214,1790001135,131.0,6.042,100.4011,0.0
ETS212,9136,1790001131,0.0,5.3654,100.4186,0.0
DMU13,39,1790001130,0.0,2.5804,102.6039,0.0
ETS205,9058,1790001184,99.0,3.2228,101.5635,0.0
SCS23,2964,1790001184,115.0,5.8606,100.4769,0.0
ETS204,9352,1790001180,0.0,5.029,100.5272,0.0
SCS13,weekday_2178,1790001184,95.0,3.5596,101.6354,0.0
SCS04,weekday_2189,1790001184,0.0,3.2023,101.6378,0.0
DMU10(D6120),60,1790001182,81.0,6.0573,102.15,0.0
SCS29,weekday_2067,1790001182,0.0,3.0979,101.706,0.0
ETS214,9233,1790001164,0.0,3.1367,101.6912,0.0
EMU29,2960,1790001181,70.0,6.654,100.3078,0.0
ETS212,9136,1790001206,0.0,5.3654,100.4186,0.0
SCS22,2967,1790001187,0.0,5.9716,100.4409,0.0
SCS26,weekday_2063,1790001186,0.0,3.1324,101.6835,0.0
ETS310,9535,1790001262,90.0,2.5789557,102.61396,0.0
SCS26,weekday_2063,1790001261,0.0,3.1324,101.6835,0.0
ETS304,9138,1790001261,90.0,4.5458965,101.05556,0.0
SCS04,weekday_2189,1790001259,31.0,3.2015,101.6385,0.0
SCS23,2964,1790001259,114.0,5.8831,100.4769,0.0
SCS22,2967,1790001262,76.0,5.9679,100.443,0.0
ETS205,9058,1790001259,78.0,3.2403,101.5604,0.0
SCS13,weekday_2178,1790001259,95.0,3.5703,101.617,0.0
DMU10(D6120),60,1790001257,85.0,6.0719,102.1582,0.0
SCS29,weekday_2067,1790001257,0.0,3.0979,101.706,0.0
EMU29,2960,1790001256,43.0,6.6603,100.3171,0.0
ETS204,9352,1790001255,56.0,5.0317,100.5258,0.0
ETS214,9233,1790001239,0.0,3.1367,101.6912,0.0
ETS204,9352,1790001315,122.0,5.0449,100.5187,0.0
ETS214,9233,1790001314,0.0,3.1367,101.6912,0.0
SCS22,2967,1790001337,114.0,5.9492,100.4535,0.0
SCS26,weekday_2063,1790001336,17.0,3.1375,101.6923,0.0
ETS205,9058,1790001319,57.0,3.2496,101.5564,0.0
SCS23,2964,1790001319,114.0,5.9005,100.4736,0.0
SCS04,weekday_2189,1790001319,72.0,3.1968,101.6442,0.0
SCS13,weekday_2178,1790001319,118.0,3.5851,101.6112,0.0
DMU10(D6120),60,1790001317,84.0,6.0831,102.166,0.0
SCS29,weekday_2067,1790001317,0.0,3.0979,101.706,0.0
EMU29,2960,1790001316,0.0,6.6626,100.3196,0.0
ETS310,9535,1790001383,90.0,2.5819278,102.62773,0.0
ETS304,9138,1790001382,90.0,4.579728,101.06839,0.0
SCS22,2967,1790001367,114.0,5.9413,100.4579,0.0
SCS04,weekday_2189,1790001364,68.0,3.1933,101.6523,0.0
ETS205,9058,1790001364,56.0,3.2565,101.5546,0.0
SCS23,2964,1790001364,114.0,5.9132,100.4687,0.0
SCS13,weekday_2178,1790001364,95.0,3.5959,101.6037,0.0
SCS26,weekday_2063,1790001336,17.0,3.1375,101.6923,0.0
SCS29,weekday_2067,1790001362,0.0,3.0979,101.706,0.0
DMU10(D6120),60,1790001362,86.0,6.0916,102.1718,0.0
ETS204,9352,1790001360,134.0,5.0589,100.5114,0.0
ETS212,9136,1790001341,0.0,5.3654,100.4186,0.0
DMU10(D6120),60,1790001437,85.0,6.104,102.1839,0.0
ETS212,9136,1790001416,0.0,5.3654,100.4186,0.0
SCS22,2967,1790001412,114.0,5.9287,100.4628,0.0
SCS26,weekday_2063,1790001441,21.0,3.1401,101.6937,0.0
SCS04,weekday_2189,1790001439,4.0,3.1917,101.6558,0.0
SCS23,2964,1790001439,114.0,5.9342,100.4607,0.0
ETS205,9058,1790001439,53.0,3.2665,101.559,0.0
SCS22,2967,1790001517,114.0,5.8993,100.4741,0.0
ETS310,9535,1790001504,90.0,2.5831864,102.66399,0.0
ETS304,9138,1790001503,90.0,4.59517,101.07358,0.0
ETS205,9058,1790001499,54.0,3.2743,101.562,0.0
SCS23,2964,1790001499,114.0,5.9503,100.4529,0.0
SCS13,weekday_2178,1790001499,115.0,3.6196,101.5739,0.0
SCS04,weekday_2189,1790001499,50.0,3.1873,101.6632,0.0
DMU10(D6120),60,1790001497,67.0,6.1118,102.1932,0.0
SCS29,weekday_2067,1790001497,0.0,3.0979,101.706,0.0
ETS204,9352,1790001495,116.0,5.1003,100.4926,0.0
SCS26,weekday_2063,1790001486,21.0,3.1437,101.6934,0.0
ETS206,9449,1790001475,0.0,1.5149,103.7418,0.0
SCS23,2964,1790001574,70.0,5.9685,100.4426,0.0
SCS29,weekday_2067,1790001572,0.0,3.0978,101.706,0.0
DMU10(D6120),60,1790001572,20.0,6.1165,102.1989,0.0
ETS212,9136,1790001566,0.0,5.3654,100.4186,0.0
SCS22,2967,1790001547,114.0,5.8907,100.4769,0.0
SCS26,weekday_2063,1790001516,20.0,3.1451,101.6922,0.0
SCS13,weekday_2178,1790001514,115.0,3.6228,101.5707,0.0
SCS04,weekday_2189,1790001544,0.0,3.1861,101.6646,0.0
ETS205,9058,1790001544,63.0,3.2806,101.5656,0.0
ETS204,9352,1790001570,100.0,5.122,100.4879,0.0
ETS214,9233,1790001599,0.0,3.1393,101.6935,0.0
ETS212,9136,1790001596,0.0,5.3654,100.4186,0.0
SCS22,2967,1790001592,113.0,5.8772,100.477,0.0
SCS29,weekday_2067,1790001587,0.0,3.0978,101.706,0.0
ETS204,9352,1790001585,78.0,5.1254,100.4873,0.0
ETS310,9535,1790001625,90.0,2.580788,102.705284,0.0
ETS304,9138,1790001624,90.0,4.596932,101.074425,0.0
SCS13,weekday_2178,1790001589,113.0,3.6408,101.5574,0.0
ETS205,9058,1790001634,76.0,3.2944,101.5745,0.0
SCS29,weekday_2067,1790001632,0.0,3.0978,101.706,0.0
ETS204,9352,1790001690,0.0,5.1303,100.4862,0.0
SCS22,2967,1790001682,110.0,5.8505,100.4769,0.0
SCS26,weekday_2063,1790001681,49.0,3.1602,101.6925,0.0
ETS215,9214,1790001675,132.0,6.1414,100.3807,0.0
SCS04,weekday_2189,1790001634,54.0,3.1848,101.6663,0.0
SCS23,2964,1790001634,0.0,5.9716,100.4408,0.0
SCS13,weekday_2178,1790001634,114.0,3.6505,101.5481,0.0
DMU10(D6120),60,1790001632,0.0,6.1184,102.2007,0.0
ETS304,9138,1790001746,90.0,4.6049285,101.07732,0.0
ETS310,9535,1790001746,90.0,2.5630138,102.74146,0.0
SCS22,2967,1790001697,113.0,5.846,100.4769,0.0
SCS23,2964,1790001694,90.0,5.977,100.4378,0.0
SCS04,weekday_2189,1790001694,70.0,3.1799,101.6764,0.0
DMU10(D6120),60,1790001692,0.0,6.1185,102.2008,0.0
SCS29,weekday_2067,1790001692,0.0,3.0978,101.706,0.0
SCS29,weekday_2067,1790001812,0.0,3.0978,101.706,0.0
ETS214,9233,1790001809,43.0,3.1546,101.6928,0.0
SCS23,2964,1790001799,114.0,6.0041,100.4225,0.0
SCS22,2967,1790001817,0.0,5.8238,100.478,0.0
SCS04,weekday_2189,1790001814,44.0,3.1669,101.6893,0.0
ETS205,9058,1790001814,18.0,3.3187,101.5746,0.0
ETS215,9214,1790001810,128.0,6.1866,100.3726,0.0
ETS204,9352,1790001810,87.0,5.1458,100.4829,0.0
SCS13,weekday_2178,1790001799,0.0,3.6766,101.5267,0.0
DMU10(D6120),60,1790001797,7.0,6.1193,102.2015,0.0
ETS206,9449,1790001850,0.0,1.5149,103.7418,0.0
ETS214,9233,1790001824,0.0,3.1547,101.6929,0.0
SCS22,2967,1790001817,0.0,5.8238,100.478,0.0
ETS304,9138,1790001867,90.0,4.6163206,101.09488,0.0
ETS310,9535,1790001867,90.0,2.5379324,102.77207,0.0
ETS205,9058,1790001844,0.0,3.319,101.5747,0.0
ETS204,9352,1790001840,133.0,5.1583,100.4798,0.0
SCS29,weekday_2067,1790001842,0.0,3.0978,101.706,0.0
DMU10(D6120),60,1790001842,12.0,6.1206,102.2027,0.0
SCS04,weekday_2189,1790001874,0.0,3.1653,101.6912,0.0
SCS13,weekday_2178,1790001874,0.0,3.6766,101.5267,0.0
ETS212,9136,1790001866,0.0,5.3655,100.4185,0.0
ETS205,9058,1790001874,0.0,3.319,101.5747,0.0
ETS204,9352,1790001930,0.0,5.1691,100.4796,0.0
ETS212,9136,1790001926,0.0,5.3655,100.4185,0.0
SCS23,2964,1790001934,114.0,6.0394,100.4025,0.0
DMU10(D6120),60,1790001932,60.0,6.126,102.2092,0.0
SCS29,weekday_2067,1790001932,0.0,3.0978,101.706,0.0
SCS13,weekday_2178,1790001874,0.0,3.6766,101.5267,0.0
SCS04,weekday_2189,1790001874,0.0,3.1653,101.6912,0.0
SCS29,weekday_2067,1790001977,0.0,3.0978,101.706,0.0
SCS04,weekday_2189,1790001949,44.0,3.1635,101.692,0.0
ETS304,9138,1790001988,90.0,4.6478734,101.11831,0.0
ETS310,9535,1790001988,90.0,2.5168853,102.802574,0.0
SCS23,2964,1790001979,112.0,6.051,100.396,0.0
SCS13,weekday_2178,1790001979,26.0,3.6786,101.5247,0.0
DMU10(D6120),60,1790001977,60.0,6.1309,102.215,0.0
ETS204,9352,1790001975,0.0,5.1695,100.4799,0.0
ETS212,9136,1790001941,0.0,5.3655,100.4185,0.0
SCS22,2967,1790001937,100.0,5.8149,100.4788,0.0
SCS22,2967,1790002057,115.0,5.781,100.4899,0.0
ETS304,9138,1790002109,90.0,4.6807466,101.14198,0.0
ETS310,9535,1790002109,90.0,2.5067272,102.814476,0.0
SCS22,2967,1790002102,115.0,5.7682,100.4949,0.0
SCS13,weekday_2178,1790002099,0.0,3.6839,101.5191,0.0
SCS04,weekday_2189,1790002099,10.0,3.1538,101.6925,0.0
ETS205,9058,1790002099,65.0,3.3386,101.5727,0.0
DMU10(D6120),60,1790002097,68.0,6.1492,102.2292,0.0
ETS215,9214,1790002110,128.0,6.2874,100.35,0.0
ETS212,9136,1790002076,0.0,5.3655,100.4185,0.0
SCS07,weekday_2182,1790002184,28.0,3.2585,101.5548,0.0
ETS204,9352,1790002170,117.0,5.2015,100.4856,0.0
ETS206,9449,1790002225,0.0,1.5354,103.7248,0.0
SCS13,weekday_2178,1790002234,0.0,3.6839,101.5191,0.0
ETS205,9058,1790002234,75.0,3.3631,101.5785,0.0
ETS304,9138,1790002230,90.0,4.715682,101.12393,0.0
ETS310,9535,1790002230,90.0,2.5050921,102.81652,0.0
SCS04,weekday_2189,1790002234,18.0,3.1424,101.6941,0.0
SCS23,2964,1790002234,18.0,6.1122,100.3692,0.0
DMU10(D6120),60,1790002232,69.0,6.1619,102.2109,0.0
ETS204,9352,1790002230,63.0,5.2153,100.4917,0.0
SCS07,weekday_2182,1790002214,62.0,3.2622,101.5566,0.0
ETS216,9238,1790002212,0.0,3.1369,101.6911,0.0
ETS212,9136,1790002211,0.0,5.3655,100.4185,0.0
SCS29,weekday_2067,1790002202,0.0,3.0978,101.706,0.0
SCS22,2967,1790002222,114.0,5.7346,100.5094,0.0
SCS22,2967,1790002267,117.0,5.7219,100.5142,0.0
ETS310,9535,1790002351,90.0,2.4913163,102.842606,0.0
ETS304,9138,1790002351,90.0,4.7568774,101.118225,0.0
ETS204,9352,1790002350,1.0,5.2216,100.4912,0.0
ETS212,9136,1790002346,0.0,5.3654,100.4186,0.0
SCS22,2967,1790002342,114.0,5.7,100.5097,0.0
ETS205,9058,1790002339,109.0,3.3681,101.6057,0.0
SCS13,weekday_2178,1790002339,0.0,3.6839,101.5191,0.0
SCS04,weekday_2189,1790002339,0.0,3.1395,101.6937,0.0
SCS23,2964,1790002339,97.0,6.1195,100.3725,0.0
DMU10(D6120),60,1790002337,85.0,6.1728,102.1932,0.0
SCS29,weekday_2067,1790002337,0.0,3.0978,101.706,0.0
SCS07,weekday_2182,1790002319,64.0,3.2798,101.5651,0.0
ETS216,9238,1790002317,0.0,3.1369,101.6911,0.0
SCS23,2964,1790002384,115.0,6.1316,100.378,0.0
SCS13,weekday_2178,1790002384,17.0,3.6854,101.5174,0.0
DMU10(D6120),60,1790002382,88.0,6.1795,102.185,0.0
SCS04,weekday_2189,1790002384,24.0,3.137,101.6915,0.0
ETS205,9058,1790002384,114.0,3.3769,101.6155,0.0
SCS22,2967,1790002387,114.0,5.6883,100.5031,0.0
ETS304,9138,1790002472,90.0,4.7913456,101.095436,0.0
ETS310,9535,1790002472,90.0,2.4886956,102.88242,0.0
SCS29,weekday_2067,1790002472,0.0,3.0978,101.706,0.0
ETS204,9352,1790002470,12.0,5.2273,100.4898,0.0
SCS07,weekday_2182,1790002469,64.0,3.3069,101.575,0.0
ETS205,9058,1790002459,124.0,3.3951,101.6283,0.0
SCS23,2964,1790002459,114.0,6.1536,100.3798,0.0
ETS216,9238,1790002437,0.0,3.1369,101.6911,0.0
ETS212,9136,1790002436,0.0,5.3654,100.4186,0.0
SCS22,2967,1790002432,115.0,5.6768,100.496,0.0
ETS304,9138,1790002472,90.0,4.7913456,101.095436,0.0
ETS310,9535,1790002472,90.0,2.4886956,102.88242,0.0
SCS23,2964,1790002504,114.0,6.1671,100.3789,0.0
ETS205,9058,1790002504,98.0,3.409,101.628,0.0
SCS04,weekday_2189,1790002504,0.0,3.1363,101.69,0.0
DMU10(D6120),60,1790002502,28.0,6.1948,102.1676,0.0
ETS215,9214,1790002500,126.0,6.4006,100.2805,0.0
ETS216,9238,1790002497,0.0,3.1369,101.6911,0.0
ETS212,9136,1790002496,0.0,5.3654,100.4186,0.0
ETS206,9449,1790002495,2.0,1.5366,103.722,0.0
ETS204,9352,1790002500,12.0,5.2286,100.4894,0.0
SCS29,weekday_2067,1790002502,0.0,3.0978,101.706,0.0
SCS22,2967,1790002477,107.0,5.6638,100.4936,0.0
ETS310,9535,1790002594,90.0,2.472183,102.91893,0.0
ETS304,9138,1790002594,90.0,4.8215113,101.06626,0.0
SCS29,weekday_2067,1790002592,0.0,3.0978,101.706,0.0
DMU10(D6120),60,1790002592,8.0,6.1992,102.1677,0.0
ETS204,9352,1790002590,21.0,5.2334,100.4883,0.0
SCS07,weekday_2182,1790002589,3.0,3.3191,101.5748,0.0
ETS212,9136,1790002571,0.0,5.3654,100.4186,0.0
ETS206,9449,1790002570,6.0,1.5376,103.72,0.0
SCS22,2967,1790002597,0.0,5.6424,100.49,0.0
ETS205,9058,1790002594,112.0,3.4302,101.6307,0.0
SCS04,weekday_2189,1790002594,0.0,3.1363,101.69,0.0
SCS23,2964,1790002594,0.0,6.1827,100.3752,0.0
SCS22,2967,1790002612,0.0,5.6424,100.49,0.0
SCS23,2964,1790002654,64.0,6.1849,100.3738,0.0
DMU10(D6120),60,1790002652,0.0,6.1993,102.1675,0.0
SCS29,weekday_2067,1790002652,0.0,3.0978,101.706,0.0
ETS215,9214,1790002605,65.0,6.4292,100.2693,0.0
ETS204,9352,1790002605,17.0,5.2344,100.4881,0.0
SCS07,weekday_2182,1790002604,0.0,3.3191,101.5748,0.0
ETS216,9238,1790002602,0.0,3.1369,101.6911,0.0
ETS212,9136,1790002601,0.0,5.3654,100.4186,0.0
ETS206,9449,1790002600,5.0,1.5381,103.7191,0.0
ETS310,9535,1790002594,90.0,2.472183,102.91893,0.0
ETS205,9058,1790002609,114.0,3.4337,101.6334,0.0
ETS304,9138,1790002594,90.0,4.8215113,101.06626,0.0
SCS22,2967,1790002687,43.0,5.6403,100.4896,0.0
ETS205,9058,1790002654,114.0,3.4459,101.6387,0.0
SCS04,weekday_2189,1790002684,0.0,3.1363,101.69,0.0
ETS304,9138,1790002715,90.0,4.827549,101.02751,0.0
ETS310,9535,1790002715,90.0,2.4645448,102.958496,0.0
SCS23,2964,1790002714,116.0,6.1998,100.3678,0.0
SCS29,weekday_2067,1790002712,0.0,3.0978,101.706,0.0
DMU10(D6120),60,1790002712,0.0,6.1994,102.1676,0.0
ETS204,9352,1790002710,22.0,5.24,100.4868,0.0
ETS310,9535,1790002715,90.0,2.4645448,102.958496,0.0
ETS304,9138,1790002715,90.0,4.827549,101.02751,0.0
SCS23,2964,1790002759,113.0,6.2131,100.3651,0.0
ETS205,9058,1790002759,110.0,3.4769,101.6393,0.0
SCS22,2967,1790002747,107.0,5.6286,100.4922,0.0
SCS04,weekday_2189,1790002729,0.0,3.1363,101.69,0.0
ETS212,9136,1790002721,0.0,5.3654,100.4186,0.0
SCS22,2967,1790002837,113.0,5.6025,100.4944,0.0
ETS310,9535,1790002836,90.0,2.439866,102.99144,0.0
ETS304,9138,1790002836,90.0,4.8435655,100.99048,0.0
SCS07,weekday_2182,1790002889,95.0,3.3601,101.5722,0.0
ETS216,9238,1790002887,0.0,3.1369,101.6911,0.0
ETS212,9136,1790002886,0.0,5.3654,100.4186,0.0
ETS206,9449,1790002885,0.0,1.5402,103.7149,0.0
SCS22,2967,1790002867,115.0,5.5937,100.4931,0.0
SCS04,weekday_2189,1790002864,0.0,3.1363,101.69,0.0
SCS29,weekday_2067,1790002832,0.0,3.0978,101.706,0.0
ETS204,9352,1790002845,20.0,5.2483,100.4849,0.0
ETS310,9535,1790002836,90.0,2.439866,102.99144,0.0
ETS304,9138,1790002836,90.0,4.8435655,100.99048,0.0
ETS205,9058,1790002864,100.0,3.5061,101.6332,0.0
SCS23,2964,1790002864,110.0,6.2439,100.3588,0.0
DMU10(D6120),60,1790002862,0.0,6.1954,102.1674,0.0
ETS215,9214,1790002935,130.0,6.4741,100.2539,0.0
SCS22,2967,1790002957,113.0,5.5668,100.4974,0.0
DMU10(D6120),60,1790002937,0.0,6.1954,102.1674,0.0
SCS07,weekday_2182,1790002934,82.0,3.3628,101.5815,0.0
ETS206,9449,1790002930,0.0,1.5402,103.7149,0.0
ETS304,9138,1790002957,90.0,4.826781,100.95301,0.0
ETS310,9535,1790002957,90.0,2.4038382,103.011024,0.0
ETS204,9352,1790002920,85.0,5.2565,100.4832,0.0
ETS206,9449,1790002960,0.0,1.5402,103.7149,0.0
SCS04,weekday_2189,1790002984,0.0,3.1363,101.69,0.0
ETS205,9058,1790002984,89.0,3.5334,101.6336,0.0
SCS23,2964,1790002969,114.0,6.2745,100.3526,0.0
DMU10(D6120),60,1790002967,0.0,6.1954,102.1674,0.0
SCS29,weekday_2067,1790002967,21.0,3.098,101.7057,0.0
ETS216,9238,1790002962,0.0,3.1369,101.6911,0.0
ETS215,9214,1790003010,130.0,6.4999,100.2533,0.0
ETS212,9136,1790003006,0.0,5.3654,100.4185,0.0
ETS304,9138,1790002957,90.0,4.826781,100.95301,0.0
ETS310,9535,1790002957,90.0,2.4038382,103.011024,0.0
SCS07,weekday_2182,1790002979,106.0,3.3642,101.5931,0.0
ETS205,9058,1790003014,90.0,3.5401,101.6357,0.0
SCS04,weekday_2189,1790003014,0.0,3.1363,101.69,0.0
SCS23,2964,1790003014,114.0,6.2878,100.3499,0.0
ETS310,9535,1790003079,90.0,2.3830647,103.02126,0.0
ETS304,9138,1790003078,90.0,4.7906985,100.93714,0.0
SCS22,2967,1790003062,115.0,5.5359,100.5038,0.0
SCS23,2964,1790003104,114.0,6.3142,100.3443,0.0
ETS205,9058,1790003104,82.0,3.5587,101.6372,0.0
DMU10(D6120),60,1790003102,7.0,6.1985,102.167,0.0
SCS22,2967,1790003137,114.0,5.5141,100.5066,0.0
ETS310,9535,1790003079,90.0,2.3830647,103.02126,0.0
ETS304,9138,1790003078,90.0,4.7906985,100.93714,0.0
ETS216,9238,1790003142,0.0,3.1369,101.6911,0.0
DMU10(D6120),60,1790003147,4.0,6.1998,102.1668,0.0
ETS310,9535,1790003200,90.0,2.3802474,103.02511,0.0
ETS304,9138,1790003199,90.0,4.7748065,100.932304,0.0
ETS204,9352,1790003190,119.0,5.3308,100.47,0.0
SCS07,weekday_2182,1790003189,100.0,3.3811,101.6195,0.0
SCS22,2967,1790003152,114.0,5.5097,100.5054,0.0
SCS04,weekday_2189,1790003149,0.0,3.1363,101.69,0.0
ETS212,9136,1790003141,0.0,5.3654,100.4185,0.0
SCS22,2967,1790003242,64.0,5.4866,100.4992,0.0
SCS07,weekday_2182,1790003249,98.0,3.3948,101.6283,0.0
ETS212,9136,1790003246,0.0,5.3654,100.4185,0.0
ETS206,9449,1790003230,0.0,1.5402,103.7149,0.0
ETS310,9535,1790003200,90.0,2.3802474,103.02511,0.0
ETS304,9138,1790003199,90.0,4.7748065,100.932304,0.0
SCS23,2964,1790003194,114.0,6.3362,100.3286,0.0
ETS205,9058,1790003194,95.0,3.57,101.6171,0.0
SCS04,weekday_2189,1790003194,0.0,3.1363,101.69,0.0
SCS29,weekday_2067,1790003192,0.0,3.1131,101.6821,0.0
DMU10(D6120),60,1790003192,0.0,6.2002,102.1668,0.0
ETS216,9238,1790003277,0.0,3.1369,101.6911,0.0
SCS29,weekday_2067,1790003282,41.0,3.1156,101.6797,0.0
ETS310,9535,1790003321,90.0,2.3634324,103.04819,0.0
ETS304,9138,1790003320,90.0,4.774396,100.93145,0.0
SCS04,weekday_2189,1790003284,0.0,3.1363,101.69,0.0
ETS205,9058,1790003284,114.0,3.5909,101.6073,0.0
ETS204,9352,1790003280,96.0,5.3554,100.4642,0.0
SCS23,2964,1790003329,76.0,6.3674,100.3053,0.0
SCS04,weekday_2189,1790003329,0.0,3.1363,101.69,0.0
ETS310,9535,1790003321,90.0,2.3634324,103.04819,0.0
ETS304,9138,1790003320,90.0,4.774396,100.93145,0.0
SCS07,weekday_2182,1790003324,98.0,3.4154,101.6264,0.0
ETS206,9449,1790003320,0.0,1.5402,103.7149,0.0
ETS205,9058,1790003374,107.0,3.6035,101.5905,0.0
SCS29,weekday_2067,1790003372,0.0,3.1179,101.679,0.0
ETS204,9352,1790003370,43.0,5.366,100.4493,0.0
ETS216,9238,1790003322,0.0,3.1369,101.6911,0.0
SCS22,2967,1790003422,77.0,5.4768,100.4966,0.0
ETS304,9138,1790003442,90.0,4.7752614,100.90429,0.0
ETS310,9535,1790003442,90.0,2.3394313,103.07579,0.0
SCS29,weekday_2067,1790003372,0.0,3.1179,101.679,0.0
SCS07,weekday_2182,1790003459,107.0,3.4484,101.6391,0.0
ETS304,9138,1790003442,90.0,4.7752614,100.90429,0.0
ETS310,9535,1790003442,90.0,2.3394313,103.07579,0.0
SCS29,weekday_2067,1790003462,10.0,3.1198,101.6785,0.0
SCS04,weekday_2189,1790003464,0.0,3.1363,101.69,0.0
SCS23,2964,1790003464,116.0,6.381,100.2951,0.0
ETS212,9136,1790003456,0.0,5.3654,100.4185,0.0
SCS22,2967,1790003467,117.0,5.4645,100.4964,0.0
ETS206,9449,1790003455,0.0,1.5402,103.7149,0.0
ETS205,9058,1790003464,116.0,3.623,101.5704,0.0
ETS216,9238,1790003457,69.0,3.2011,101.5992,0.0
ETS205,9058,1790003539,108.0,3.641,101.5571,0.0
ETS216,9238,1790003502,62.0,3.2017,101.5903,0.0
ETS310,9535,1790003563,90.0,2.3172941,103.10802,0.0
ETS304,9138,1790003563,90.0,4.7738705,100.86826,0.0
SCS23,2964,1790003554,114.0,6.4028,100.2788,0.0
ETS204,9352,1790003550,0.0,5.3663,100.4472,0.0
ETS212,9136,1790003546,0.0,5.3654,100.4185,0.0
SCS04,weekday_2189,1790003494,0.0,3.1363,101.69,0.0
SCS07,weekday_2182,1790003504,96.0,3.4603,101.6382,0.0
ETS206,9449,1790003560,3.0,1.5398,103.7157,0.0
ETS216,9238,1790003592,37.0,3.2058,101.5816,0.0
ETS310,9535,1790003563,90.0,2.3172941,103.10802,0.0
ETS304,9138,1790003563,90.0,4.7738705,100.86826,0.0
SCS23,2964,1790003554,114.0,6.4028,100.2788,0.0
SCS04,weekday_2189,1790003554,0.0,3.1363,101.69,0.0
ETS304,9138,1790003684,90.0,4.774832,100.82747,0.0
ETS310,9535,1790003684,90.0,2.2975397,103.13005,0.0
SCS07,weekday_2182,1790003669,111.0,3.4786,101.6395,0.0
SCS22,2967,1790003632,114.0,5.419,100.4781,0.0
SCS29,weekday_2067,1790003612,19.0,3.1289,101.6802,0.0
ETS310,9535,1790003684,90.0,2.2975397,103.13005,0.0
ETS304,9138,1790003684,90.0,4.774832,100.82747,0.0
SCS22,2967,1790003722,113.0,5.3927,100.471,0.0
SCS04,weekday_2189,1790003719,0.0,3.1363,101.69,0.0
SCS23,2964,1790003719,0.0,6.4314,100.2685,0.0
ETS205,9058,1790003719,86.0,3.6805,101.5226,0.0
SCS29,weekday_2067,1790003717,0.0,3.1325,101.6835,0.0
ETS204,9352,1790003715,80.0,5.3625,100.4317,0.0
ETS206,9449,1790003680,6.0,1.5384,103.7185,0.0
SCS07,weekday_2182,1790003714,98.0,3.4907,101.6359,0.0
ETS304,9138,1790003805,90.0,4.779555,100.78569,0.0
ETS310,9535,1790003805,90.0,2.2941236,103.13217,0.0
SCS22,2967,1790003767,114.0,5.3793,100.4693,0.0
SCS23,2964,1790003764,57.0,6.4348,100.2673,0.0
ETS205,9058,1790003764,0.0,3.6838,101.5192,0.0
SCS04,weekday_2189,1790003764,0.0,3.1363,101.69,0.0
SCS29,weekday_2067,1790003762,0.0,3.1325,101.6835,0.0
ETS204,9352,1790003760,70.0,5.364,100.4227,0.0
SCS04,weekday_2189,1790003809,0.0,3.1363,101.69,0.0
ETS212,9136,1790003816,0.0,5.3654,100.4185,0.0
ETS304,9138,1790003805,90.0,4.779555,100.78569,0.0
ETS310,9535,1790003805,90.0,2.2941236,103.13217,0.0
SCS29,weekday_2067,1790003792,0.0,3.1325,101.6835,0.0
ETS216,9238,1790003817,0.0,3.2065,101.5798,0.0
SCS07,weekday_2182,1790003894,85.0,3.5082,101.633,0.0
ETS310,9535,1790003926,90.0,2.2688518,103.14634,0.0
ETS304,9138,1790003926,90.0,4.798614,100.74855,0.0
DMU10(D6120),60,1790003859,0.0,6.2004,102.1669,0.0
SCS22,2967,1790003857,43.0,5.3603,100.4669,0.0
ETS212,9136,1790003936,0.0,5.3654,100.4185,0.0
ETS206,9449,1790003920,4.0,1.5354,103.7249,0.0
DMU10(D6120),60,1790003979,3.0,6.1997,102.1669,0.0
SCS22,2967,1790003977,71.0,5.3646,100.4569,0.0
ETS216,9238,1790003937,58.0,3.2112,101.5737,0.0
ETS304,9138,1790003926,90.0,4.798614,100.74855,0.0
ETS310,9535,1790003926,90.0,2.2688518,103.14634,0.0
SCS29,weekday_2067,1790004017,0.0,3.1388,101.6933,0.0
DMU10(D6120),60,1790003979,3.0,6.1997,102.1669,0.0
SCS22,2967,1790003977,71.0,5.3646,100.4569,0.0
ETS205,9058,1790003989,22.0,3.6852,101.5179,0.0
SCS04,weekday_2189,1790003989,0.0,3.1363,101.69,0.0
ETS216,9238,1790003982,79.0,3.2175,101.5679,0.0
ETS212,9136,1790003981,0.0,5.3654,100.4185,0.0
SCS23,2964,1790004019,114.0,6.5067,100.2539,0.0
ETS206,9449,1790004010,0.0,1.5354,103.7248,0.0
ETS304,9138,1790004047,90.0,4.833671,100.73021,0.0
ETS310,9535,1790004047,90.0,2.23049,103.15963,0.0
SCS07,weekday_2182,1790004029,95.0,3.5399,101.6355,0.0
ETS304,9138,1790004047,90.0,4.833671,100.73021,0.0
ETS310,9535,1790004047,90.0,2.23049,103.15963,0.0
SCS22,2967,1790004097,0.0,5.3664,100.4472,0.0
ETS206,9449,1790004070,0.0,1.5355,103.7247,0.0
ETS206,9449,1790004100,0.0,1.5354,103.7248,0.0
SCS29,weekday_2067,1790004122,0.0,3.1388,101.6933,0.0
SCS04,weekday_2189,1790004124,0.0,3.1363,101.69,0.0
ETS310,9535,1790004169,90.0,2.1990511,103.18283,0.0
ETS304,9138,1790004168,90.0,4.852156,100.73332,0.0
SCS07,weekday_2182,1790004149,0.0,3.5526,101.6395,0.0
ETS212,9136,1790004146,0.0,5.3654,100.4185,0.0
SCS22,2967,1790004127,2.0,5.3664,100.4471,0.0
ETS310,9535,1790004169,90.0,2.1990511,103.18283,0.0
ETS304,9138,1790004168,90.0,4.852156,100.73332,0.0
SCS23,2964,1790004199,101.0,6.5317,100.2582,0.0
ETS205,9058,1790004199,108.0,3.7168,101.4736,0.0
SCS29,weekday_2067,1790004197,0.0,3.1388,101.6933,0.0
SCS07,weekday_2182,1790004179,42.0,3.5539,101.6393,0.0
ETS304,9138,1790004289,90.0,4.8579006,100.73489,0.0
SCS22,2967,1790004277,36.0,5.364,100.4226,0.0
ETS216,9238,1790004252,77.0,3.2679,101.5593,0.0
ETS212,9136,1790004251,0.0,5.3654,100.4185,0.0
SCS23,2964,1790004244,116.0,6.545,100.26,0.0
ETS205,9058,1790004244,100.0,3.7255,101.4638,0.0
SCS29,weekday_2067,1790004242,0.0,3.1388,101.6933,0.0
ETS310,9535,1790004290,90.0,2.1905675,103.19152,0.0
ETS310,9535,1790004290,90.0,2.1905675,103.19152,0.0
ETS304,9138,1790004289,90.0,4.8579006,100.73489,0.0
ETS212,9136,1790004281,0.0,5.3654,100.4185,0.0
SCS22,2967,1790004277,36.0,5.364,100.4226,0.0
ETS304,9138,1790004410,90.0,4.890505,100.72066,0.0
ETS310,9535,1790004410,90.0,2.1855068,103.20254,0.0
ETS212,9136,1790004386,0.0,5.3654,100.4185,0.0
SCS23,2964,1790004379,115.0,6.5851,100.2624,0.0
SCS29,weekday_2067,1790004377,14.0,3.1451,101.6923,0.0
SCS07,weekday_2182,1790004374,111.0,3.5898,101.608,0.0
ETS216,9238,1790004357,63.0,3.284,101.5681,0.0
ETS304,9138,1790004410,90.0,4.890505,100.72066,0.0
ETS310,9535,1790004410,90.0,2.1855068,103.20254,0.0
SCS22,2967,1790004427,76.0,5.3667,100.4159,0.0
ETS205,9058,1790004424,119.0,3.7642,101.4355,0.0
SCS29,weekday_2067,1790004422,62.0,3.1509,101.6907,0.0
SCS23,2964,1790004409,115.0,6.5941,100.2632,0.0
ETS216,9238,1790004507,69.0,3.3124,101.5753,0.0
ETS310,9535,1790004532,90.0,2.1574786,103.228584,0.0
ETS304,9138,1790004531,90.0,4.9318223,100.71958,0.0
ETS205,9058,1790004514,106.0,3.7864,101.4349,0.0
SCS07,weekday_2182,1790004509,113.0,3.6136,101.5816,0.0
SCS22,2967,1790004502,93.0,5.3742,100.3986,0.0
ETS212,9136,1790004491,0.0,5.3654,100.4185,0.0
SCS29,weekday_2067,1790004452,6.0,3.1538,101.6924,0.0
SCS23,2964,1790004574,112.0,6.6367,100.2803,0.0
SCS29,weekday_2067,1790004572,5.0,3.1628,101.692,0.0
ETS310,9535,1790004532,90.0,2.1574786,103.228584,0.0
ETS304,9138,1790004531,90.0,4.9318223,100.71958,0.0
ETS216,9238,1790004537,61.0,3.3175,101.5751,0.0
ETS212,9136,1790004536,0.0,5.3654,100.4185,0.0
SCS22,2967,1790004532,74.0,5.3774,100.3925,0.0
SCS22,2967,1790004607,50.0,5.3833,100.3815,0.0
ETS212,9136,1790004626,0.0,5.3654,100.4185,0.0
ETS310,9535,1790004653,90.0,2.1337814,103.25982,0.0
ETS304,9138,1790004652,90.0,4.9726467,100.73131,0.0
SCS29,weekday_2067,1790004572,5.0,3.1628,101.692,0.0
ETS205,9058,1790004679,79.0,3.8241,101.4039,0.0
SCS22,2967,1790004637,36.0,5.3848,100.3786,0.0
ETS310,9535,1790004653,90.0,2.1337814,103.25982,0.0
ETS304,9138,1790004652,90.0,4.9726467,100.73131,0.0
SCS07,weekday_2182,1790004674,94.0,3.6478,101.5514,0.0
ETS216,9238,1790004642,64.0,3.3328,101.5701,0.0
ETS310,9535,1790004774,90.0,2.0982993,103.27502,0.0
ETS304,9138,1790004773,90.0,5.013291,100.730965,0.0
SCS22,2967,1790004712,7.0,5.3873,100.3735,0.0
ETS205,9058,1790004784,0.0,3.8264,101.4024,0.0
ETS216,9238,1790004762,88.0,3.3552,101.5715,0.0
ETS212,9136,1790004806,0.0,5.3654,100.4185,0.0
SCS07,weekday_2182,1790004764,100.0,3.6653,101.5347,0.0
ETS310,9535,1790004774,90.0,2.0982993,103.27502,0.0
ETS304,9138,1790004773,90.0,5.013291,100.730965,0.0
ETS206,9449,1790004850,4.0,1.5393,103.7174,0.0
SCS07,weekday_2182,1790004854,33.0,3.6775,101.526,0.0
ETS304,9138,1790004894,90.0,5.037243,100.69766,0.0
ETS310,9535,1790004894,90.0,2.0659432,103.30115,0.0
ETS205,9058,1790004844,100.0,3.8369,101.396,0.0
ETS304,9138,1790004894,90.0,5.037243,100.69766,0.0
ETS310,9535,1790004894,90.0,2.0659432,103.30115,0.0
ETS205,9058,1790004889,114.0,3.8474,101.3883,0.0
SCS07,weekday_2182,1790004929,25.0,3.6835,101.5196,0.0
ETS216,9238,1790004942,100.0,3.3706,101.6089,0.0
ETS212,9136,1790004941,0.0,5.3654,100.4185,0.0
ETS206,9449,1790004985,0.0,1.5392,103.7175,0.0
ETS216,9238,1790004987,105.0,3.3796,101.6181,0.0
ETS205,9058,1790004964,111.0,3.8649,101.3774,0.0
ETS310,9535,1790005015,90.0,2.0365355,103.31776,0.0
ETS304,9138,1790005015,90.0,5.0392747,100.65524,0.0
ETS304,9138,1790005015,90.0,5.0392747,100.65524,0.0
ETS310,9535,1790005015,90.0,2.0365355,103.31776,0.0
ETS205,9058,1790005039,123.0,3.8859,101.3793,0.0
ETS206,9449,1790005075,5.0,1.5393,103.7176,0.0
SCS07,weekday_2182,1790005079,0.0,3.6838,101.5191,0.0
ETS205,9058,1790005114,110.0,3.8982,101.3613,0.0
ETS212,9136,1790005061,0.0,5.3654,100.4185,0.0
ETS310,9535,1790005136,90.0,2.0351145,103.318115,0.0
ETS304,9138,1790005136,90.0,5.0423408,100.61388,0.0
ETS216,9238,1790005167,93.0,3.4237,101.6254,0.0
ETS212,9136,1790005136,0.0,5.3654,100.4185,0.0
ETS304,9138,1790005136,90.0,5.0423408,100.61388,0.0
ETS310,9535,1790005136,90.0,2.0351145,103.318115,0.0
ETS206,9449,1790005150,0.0,1.5393,103.7175,0.0
ETS216,9238,1790005244,106.0,3.4401,101.6375,0.0
ETS310,9535,1790005258,90.0,2.0253065,103.3202,0.0
ETS304,9138,1790005257,90.0,5.03558,100.573654,0.0
ETS310,9535,1790005258,90.0,2.0253065,103.3202,0.0
ETS304,9138,1790005257,90.0,5.03558,100.573654,0.0
SCS07,weekday_2182,1790005259,25.0,3.6868,101.5161,0.0
ETS205,9058,1790005249,118.0,3.9309,101.3408,0.0
ETS212,9136,1790005241,0.0,5.3655,100.4185,0.0
ETS206,9449,1790005240,0.0,1.5393,103.7175,0.0
ETS216,9238,1790005290,103.0,3.4527,101.6398,0.0
ETS205,9058,1790005294,117.0,3.943,101.3356,0.0
ETS212,9136,1790005346,0.0,5.3654,100.4186,0.0
ETS206,9449,1790005345,1.0,1.5393,103.7174,0.0
ETS310,9535,1790005379,90.0,1.9896573,103.32895,0.0
ETS304,9138,1790005378,90.0,5.017904,100.53792,0.0
ETS310,9535,1790005379,90.0,1.9896573,103.32895,0.0
ETS304,9138,1790005378,90.0,5.017904,100.53792,0.0
ETS216,9238,1790005395,106.0,3.4806,101.6397,0.0
ETS304,9138,1790005499,90.0,5.051806,100.51516,0.0
ETS310,9535,1790005499,90.0,1.9538705,103.34579,0.0
ETS216,9238,1790005440,105.0,3.4918,101.6356,0.0
ETS212,9136,1790005436,0.0,5.3654,100.4186,0.0
ETS206,9449,1790005435,4.0,1.5397,103.7178,0.0
ETS205,9058,1790005429,128.0,3.979,101.3135,0.0
ETS304,9138,1790005499,90.0,5.051806,100.51516,0.0
ETS310,9535,1790005499,90.0,1.9538705,103.34579,0.0
ETS212,9136,1790005526,0.0,5.3654,100.4186,0.0
ETS206,9449,1790005525,0.0,1.5396,103.7176,0.0
ETS205,9058,1790005579,3.0,4.0056,101.3019,0.0
ETS216,9238,1790005575,86.0,3.524,101.6294,0.0
ETS216,9238,1790005650,93.0,3.5403,101.6356,0.0
ETS304,9138,1790005620,90.0,5.089002,100.49562,0.0
ETS310,9535,1790005620,90.0,1.9268637,103.37031,0.0
ETS206,9449,1790005615,0.0,1.5392,103.7176,0.0
ETS205,9058,1790005609,41.0,4.0073,101.2999,0.0
ETS212,9136,1790005601,0.0,5.3654,100.4186,0.0
ETS205,9058,1790005654,90.0,4.0134,101.2944,0.0
ETS206,9449,1790005705,4.0,1.5394,103.7174,0.0
ETS212,9136,1790005676,0.0,5.3654,100.4186,0.0
ETS310,9535,1790005742,90.0,1.8981335,103.39841,0.0
ETS304,9138,1790005741,90.0,5.124868,100.48793,0.0
ETS205,9058,1790005759,128.0,4.0472,101.2851,0.0
ETS216,9238,1790005725,94.0,3.5575,101.6384,0.0
ETS205,9058,1790005774,132.0,4.0521,101.284,0.0
DMU13,39,1790005780,0.0,2.5804,102.6038,0.0
ETS206,9449,1790005825,0.0,1.5393,103.7175,0.0
ETS212,9136,1790005796,0.0,5.3654,100.4186,0.0
ETS304,9138,1790005862,90.0,5.1299043,100.48689,0.0
ETS310,9535,1790005862,90.0,1.8847517,103.405365,0.0
ETS206,9449,1790005855,0.0,1.5395,103.7176,0.0
ETS205,9058,1790005834,119.0,4.0708,101.2766,0.0
ETS212,9136,1790005886,0.0,5.3654,100.4186,0.0
DMU13,39,1790005885,0.0,2.5804,102.6039,0.0
ETS216,9238,1790005935,89.0,3.5926,101.606,0.0
ETS205,9058,1790005924,118.0,4.0976,101.2692,0.0
ETS304,9138,1790005983,90.0,5.1514874,100.48197,0.0
ETS310,9535,1790005983,90.0,1.8771819,103.409294,0.0
ETS205,9058,1790005969,114.0,4.1068,101.2603,0.0
ETS212,9136,1790005961,0.0,5.3654,100.4186,0.0
DMU13,39,1790005960,3.0,2.5798,102.605,0.0
ETS216,9238,1790006010,93.0,3.6009,101.5928,0.0
ETS212,9136,1790006066,0.0,5.3654,100.4186,0.0
DMU13,39,1790006065,2.0,2.5784,102.6077,0.0
ETS206,9449,1790006065,5.0,1.5396,103.7177,0.0
ETS304,9138,1790006104,90.0,5.192401,100.48181,0.0
ETS310,9535,1790006104,90.0,1.8464704,103.42631,0.0
ETS216,9238,1790006112,90.0,3.6184,101.5758,0.0
DMU13,39,1790006140,14.0,2.5791,102.6102,0.0
ETS216,9238,1790006142,95.0,3.6236,101.5701,0.0
ETS212,9136,1790006141,0.0,5.3654,100.4186,0.0
ETS206,9449,1790006155,0.0,1.5391,103.7173,0.0
ETS304,9138,1790006225,90.0,5.219797,100.4921,0.0
ETS310,9535,1790006225,90.0,1.8236321,103.45975,0.0
ETS206,9449,1790006215,3.0,1.5395,103.7175,0.0
ETS216,9238,1790006322,96.0,3.6569,101.5409,0.0
ETS205,9058,1790006299,41.0,4.1719,101.1892,0.0
