vehicle_id,trip_id,timestamp,speed,lat,lon,bearing
DMU03,27,1786550406,51.0,6.0518,102.1471,0.0
DMU03,27,1786550466,63.0,6.0598,102.1513,0.0
DMU03,27,1786550541,68.0,6.0716,102.1579,0.0
DMU03,27,1786550601,76.0,6.0815,102.1648,0.0
DMU03,27,1786550721,60.0,6.0978,102.1777,0.0
DMU03,27,1786550766,61.0,6.1033,102.1832,0.0
DMU03,27,1786550841,45.0,6.11,102.1909,0.0
DMU03,27,1786550856,45.0,6.1113,102.1923,0.0
DMU03,27,1786550931,14.0,6.1158,102.1979,0.0
DMU03,27,1786551081,27.0,6.1223,102.2047,0.0
DMU03,27,1786551126,46.0,6.1257,102.2087,0.0
DMU03,27,1786551186,57.0,6.131,102.2153,0.0
DMU03,27,1786551216,66.0,6.1342,102.2191,0.0
DMU03,27,1786551351,59.0,6.1543,102.2284,0.0
DMU03,27,1786551426,59.0,6.1588,102.2184,0.0
DMU03,27,1786551486,57.0,6.1625,102.2092,0.0
DMU03,27,1786551546,63.0,6.1657,102.1992,0.0
DMU03,27,1786551621,70.0,6.175,102.1906,0.0
DMU03,27,1786551666,61.0,6.1799,102.1846,0.0
DMU03,27,1786551711,59.0,6.1848,102.1787,0.0
DMU03,27,1786551861,12.0,6.1962,102.1673,0.0
DMU03,27,1786551936,0.0,6.199,102.1675,0.0
DMU03,27,1786551981,0.0,6.1991,102.1673,0.0
DMU03,27,1786552056,0.0,6.1992,102.1673,0.0
DMU03,27,1786552101,0.0,6.1992,102.1673,0.0
DMU03,27,1786552146,3.0,6.1991,102.1675,0.0
DMU03,27,1786552176,0.0,6.1991,102.1673,0.0
DMU03,27,1786552386,0.0,6.1954,102.1674,0.0
DMU03,27,1786552416,0.0,6.1954,102.1674,0.0
DMU03,27,1786552521,0.0,6.1954,102.1674,0.0
DMU03,27,1786552536,0.0,6.1954,102.1674,0.0
DMU03,27,1786552656,5.0,6.1988,102.167,0.0
DMU03,27,1786552701,5.0,6.1998,102.1668,0.0
DMU03,27,1786552776,0.0,6.2002,102.1668,0.0
DMU03,27,1786552797,0.0,6.2002,102.1668,0.0
DMU03,27,1786553953,0.0,6.2003,102.1669,0.0
DMU03,27,1786554028,7.0,6.1986,102.167,0.0
DMU03,27,1786554073,0.0,6.1977,102.1671,0.0
DMU03,27,1786554118,0.0,6.1977,102.1671,0.0
DMU03,27,1786554208,0.0,6.1977,102.1671,0.0
DMU03,27,1786554223,1.0,6.1978,102.1671,0.0
DMU03,27,1786554298,0.0,6.1993,102.1671,0.0
DMU03,27,1786554358,0.0,6.2,102.1672,0.0
DMU03,27,1786554433,0.0,6.2002,102.1672,0.0
DMU03,27,1786554478,0.0,6.2002,102.1672,0.0
DMU03,27,1786554553,0.0,6.2001,102.1671,0.0
DMU03,27,1786554598,0.0,6.2,102.1672,0.0
DMU03,27,1786554688,0.0,6.2002,102.1672,0.0
DMU03,27,1786554718,0.0,6.2002,102.1672,0.0
DMU03,27,1786554793,0.0,6.2002,102.1672,0.0
DMU03,27,1786554913,0.0,6.2001,102.1673,0.0
DMU03,27,1786554958,0.0,6.2003,102.1672,0.0
DMU03,27,1786555034,0.0,6.2001,102.1672,0.0
DMU03,27,1786569137,0.0,6.2001,102.1672,0.0
DMU03,27,1786569182,0.0,6.2001,102.1672,0.0
DMU03,27,1786569257,4.0,6.2002,102.1671,0.0
DMU03,27,1786569317,0.0,6.2001,102.1672,0.0
DMU03,27,1786569377,0.0,6.2002,102.1671,0.0
DMU03,27,1786569422,3.0,6.2001,102.1674,0.0
DMU03,27,1786569497,2.0,6.2,102.1676,0.0
DMU03,27,1786569542,5.0,6.1998,102.1681,0.0
DMU03,27,1786569617,0.0,6.2003,102.1671,0.0
SCS24,2901,1786569611,0.0,6.663,100.3205,0.0
SCS24,2901,1786569686,19.0,6.6611,100.3181,0.0
DMU03,27,1786569677,0.0,6.2001,102.1671,0.0
DMU03,27,1786569737,4.0,6.2001,102.1674,0.0
SCS24,2901,1786569731,43.0,6.6586,100.3147,0.0
SCS24,2901,1786569806,67.0,6.6529,100.3064,0.0
DMU03,27,1786569812,0.0,6.2002,102.1677,0.0
DMU03,27,1786569857,0.0,6.2001,102.1662,0.0
SCS24,2901,1786569836,84.0,6.6497,100.3008,0.0
SCS24,2901,1786569926,114.0,6.6362,100.2798,0.0
SCS24,2901,1786569956,114.0,6.6309,100.2726,0.0
DMU03,27,1786569977,0.0,6.2001,102.1678,0.0
SCS24,2901,1786570046,114.0,6.6066,100.2633,0.0
EMU40,2900,1786570040,2.0,5.3646,100.4213,0.0
DMU03,27,1786570052,0.0,6.2001,102.1672,0.0
EMU40,2900,1786570100,98.0,5.3623,100.4303,0.0
DMU03,27,1786570097,0.0,6.2001,102.1671,0.0
SCS24,2901,1786570061,114.0,6.6021,100.2633,0.0
EMU40,2900,1786570145,94.0,5.3669,100.4412,0.0
SCS24,2901,1786570166,118.0,6.5708,100.2592,0.0
DMU03,27,1786570172,0.0,6.2002,102.1673,0.0
EMU40,2900,1786570220,0.0,5.3664,100.4473,0.0
DMU03,27,1786570217,4.0,6.2001,102.167,0.0
SCS24,2901,1786570211,115.0,6.5569,100.2596,0.0
SCS24,2901,1786570301,83.0,6.5306,100.2581,0.0
DMU03,27,1786570292,4.0,6.2001,102.1667,0.0
EMU40,2900,1786570280,0.0,5.3664,100.4473,0.0
EMU40,2900,1786570340,46.0,5.3655,100.4534,0.0
SCS24,2901,1786570316,65.0,6.5277,100.2576,0.0
DMU03,27,1786570307,4.0,6.2003,102.1669,0.0
DMU03,27,1786570412,0.0,6.2001,102.1668,0.0
SCS24,2901,1786570376,0.0,6.5244,100.257,0.0
EMU40,2900,1786570385,45.0,5.3634,100.4587,0.0
EMU40,2900,1786570430,48.0,5.3587,100.4626,0.0
DMU03,27,1786570457,0.0,6.2002,102.1671,0.0
SCS24,2901,1786570436,105.0,6.516,100.2556,0.0
SCS24,2901,1786570541,114.0,6.4847,100.2536,0.0
EMU40,2900,1786570539,106.0,5.3706,100.4682,0.0
DMU03,27,1786570532,0.0,6.2002,102.1672,0.0
DMU09,50,1786570531,27.0,4.1891,102.0509,0.0
DMU09,50,1786570591,61.0,4.1935,102.045,0.0
DMU03,27,1786570577,0.0,6.2002,102.1676,0.0
SCS24,2901,1786570571,114.0,6.4757,100.2538,0.0
EMU40,2900,1786570554,119.0,5.3751,100.4688,0.0
DMU09,50,1786570651,60.0,4.2006,102.038,0.0
SCS24,2901,1786570616,114.0,6.4628,100.2577,0.0
DMU03,27,1786570637,0.0,6.2002,102.1672,0.0
EMU40,2900,1786570629,121.0,5.3989,100.4717,0.0
SCS24,2901,1786570706,82.0,6.438,100.2662,0.0
EMU40,2900,1786570704,121.0,5.4211,100.4794,0.0
DMU09,50,1786570666,61.0,4.2009,102.0356,0.0
DMU03,27,1786570667,0.0,6.2001,102.1672,0.0
DMU03,27,1786570772,3.0,6.2001,102.1672,0.0
EMU40,2900,1786570749,122.0,5.4331,100.4872,0.0
SCS24,2901,1786570736,28.0,6.4337,100.2677,0.0
SCS24,2901,1786570826,44.0,6.4301,100.269,0.0
EMU40,2900,1786570824,122.0,5.456,100.4941,0.0
EMU39,2903,1786570824,6.0,6.6624,100.3193,0.0
DMU03,27,1786570787,0.0,6.2001,102.1672,0.0
SCS24,2901,1786570886,117.0,6.4174,100.2734,0.0
DMU03,27,1786570832,4.0,6.2,102.1675,0.0
EMU39,2903,1786570869,21.0,6.6606,100.3175,0.0
EMU40,2900,1786570869,115.0,5.4698,100.4961,0.0
SCS24,2901,1786570916,114.0,6.4088,100.2763,0.0
EMU39,2903,1786570914,32.0,6.6584,100.3144,0.0
DMU03,27,1786570937,0.0,6.2,102.1669,0.0
EMU40,2900,1786570914,44.0,5.4799,100.4974,0.0
EMU40,2900,1786570989,0.0,5.482,100.4979,0.0
DMU03,27,1786571012,5.0,6.2002,102.1671,0.0
DMU09,50,1786571011,0.0,4.2327,101.9903,0.0
SCS24,2901,1786571006,114.0,6.3863,100.2912,0.0
DMU03,27,1786571057,0.0,6.2001,102.1671,0.0
DMU09,50,1786571056,20.0,4.233,101.9895,0.0
EMU40,2900,1786571049,78.0,5.4868,100.4992,0.0
EMU39,2903,1786571049,80.0,6.6499,100.3014,0.0
SCS24,2901,1786571036,108.0,6.3792,100.2966,0.0
EMU39,2903,1786571109,111.0,6.642,100.2874,0.0
EMU40,2900,1786571079,103.0,5.494,100.5011,0.0
SCS24,2901,1786571126,0.0,6.3713,100.3025,0.0
DMU03,27,1786571132,3.0,6.199,102.167,0.0
DMU09,50,1786571131,37.0,4.2359,101.9825,0.0
DMU03,27,1786571177,8.0,6.198,102.1671,0.0
DMU09,50,1786571161,36.0,4.2371,101.9799,0.0
EMU40,2900,1786571187,122.0,5.5255,100.5067,0.0
EMU39,2903,1786571184,108.0,6.6292,100.2703,0.0
SCS24,2901,1786571156,35.0,6.3707,100.3029,0.0
SCS24,2901,1786571246,113.0,6.3517,100.3171,0.0
EMU39,2903,1786571244,112.0,6.6134,100.2642,0.0
DMU03,27,1786571192,11.0,6.1973,102.1672,0.0
DMU09,50,1786571221,61.0,4.2421,101.9729,0.0
DMU03,27,1786571297,0.0,6.1952,102.1673,0.0
DMU09,50,1786571296,51.0,4.2474,101.9631,0.0
EMU40,2900,1786571292,122.0,5.5581,100.4988,0.0
SCS24,2901,1786571276,114.0,6.3445,100.3225,0.0
EMU39,2903,1786571274,112.0,6.6045,100.2633,0.0
EMU40,2900,1786571367,121.0,5.5814,100.495,0.0
EMU39,2903,1786571349,109.0,6.5834,100.2624,0.0
SCS24,2901,1786571381,114.0,6.3192,100.3414,0.0
DMU03,27,1786571372,4.0,6.1962,102.1673,0.0
DMU09,50,1786571371,59.0,4.2487,101.952,0.0
EMU40,2900,1786571382,120.0,5.5862,100.4942,0.0
SCS24,2901,1786571426,114.0,6.3067,100.3461,0.0
EMU39,2903,1786571424,112.0,6.5619,100.2594,0.0
SCS04,weekday_2008,1786571419,0.0,2.4632,102.2267,0.0
DMU03,27,1786571417,4.0,6.1973,102.1673,0.0
DMU09,50,1786571416,59.0,4.2487,101.9446,0.0
SCS04,weekday_2008,1786571464,24.0,2.464,102.2252,0.0
SCS24,2901,1786571486,114.0,6.2891,100.3496,0.0
EMU39,2903,1786571484,112.0,6.5442,100.2601,0.0
EMU40,2900,1786571502,120.0,5.6234,100.4943,0.0
DMU03,27,1786571552,0.0,6.1993,102.1677,0.0
EMU39,2903,1786571544,69.0,6.5285,100.2577,0.0
SCS04,weekday_2008,1786571539,105.0,2.4696,102.215,0.0
DMU09,50,1786571536,48.0,4.2542,101.9282,0.0
EMU40,2900,1786571517,120.0,5.6278,100.4925,0.0
SCS24,2901,1786571516,114.0,6.2802,100.3514,0.0
SCS04,weekday_2008,1786571584,117.0,2.4647,102.2039,0.0
DMU09,50,1786571581,15.0,4.2576,101.9252,0.0
EMU40,2900,1786571607,0.0,5.6426,100.49,0.0
SCS24,2901,1786571606,114.0,6.2537,100.3569,0.0
EMU39,2903,1786571604,0.0,6.5234,100.2569,0.0
DMU03,27,1786571627,0.0,6.1992,102.1675,0.0
SCS04,weekday_2008,1786571659,117.0,2.453,102.1882,0.0
SCS24,2901,1786571666,111.0,6.2362,100.3605,0.0
EMU39,2903,1786571634,26.0,6.5227,100.2568,0.0
DMU09,50,1786571626,0.0,4.258,101.9253,0.0
EMU40,2900,1786571622,0.0,5.6426,100.49,0.0
EMU40,2900,1786571727,86.0,5.6507,100.4914,0.0
SCS24,2901,1786571726,114.0,6.2186,100.3641,0.0
EMU39,2903,1786571719,98.0,6.5054,100.2538,0.0
DMU03,27,1786571672,4.0,6.1993,102.1674,0.0
SCS04,weekday_2008,1786571704,116.0,2.4645,102.1823,0.0
DMU03,27,1786571747,0.0,6.1993,102.1673,0.0
SCS24,2901,1786571786,114.0,6.2009,100.3677,0.0
DMU09,50,1786571776,71.0,4.2794,101.9202,0.0
EMU40,2900,1786571742,99.0,5.6541,100.492,0.0
EMU39,2903,1786571779,113.0,6.4885,100.2536,0.0
SCS24,2901,1786571846,62.0,6.186,100.373,0.0
DMU09,50,1786571821,67.0,4.2882,101.9203,0.0
DMU03,27,1786571792,0.0,6.1993,102.1673,0.0
SCS04,weekday_2008,1786571824,121.0,2.5004,102.1753,0.0
EMU39,2903,1786571824,110.0,6.475,100.2539,0.0
DMU09,50,1786571911,1.0,4.2937,101.922,0.0
EMU40,2900,1786571901,122.0,5.7,100.5097,0.0
EMU39,2903,1786571899,110.0,6.4543,100.2607,0.0
SCS04,weekday_2008,1786571899,115.0,2.522,102.1666,0.0
DMU03,27,1786571867,0.0,6.1993,102.1673,0.0
SCS24,2901,1786571966,98.0,6.1772,100.378,0.0
EMU40,2900,1786571946,121.0,5.7139,100.5132,0.0
SCS04,weekday_2008,1786571944,117.0,2.5324,102.1583,0.0
EMU39,2903,1786571944,112.0,6.4416,100.265,0.0
EMU40,2900,1786572021,122.0,5.7366,100.5086,0.0
EMU39,2903,1786572019,0.0,6.4314,100.2685,0.0
SCS04,weekday_2008,1786572019,117.0,2.5467,102.1403,0.0
DMU03,27,1786572017,0.0,6.1992,102.1673,0.0
SCS24,2901,1786572086,114.0,6.1414,100.3807,0.0
EMU35,2905,1786572086,23.0,6.6609,100.3178,0.0
EMU40,2900,1786572066,122.0,5.75,100.5034,0.0
SCS04,weekday_2008,1786572064,116.0,2.5556,102.13,0.0
EMU39,2903,1786572064,50.0,6.4292,100.2693,0.0
EMU40,2900,1786572111,122.0,5.7629,100.4973,0.0
DMU03,27,1786572152,0.0,6.1992,102.1673,0.0
DMU09,50,1786572151,60.0,4.3359,101.9175,0.0
EMU39,2903,1786572139,112.0,6.4125,100.275,0.0
SCS04,weekday_2008,1786572139,112.0,2.568,102.111,0.0
DMU03,27,1786572152,0.0,6.1992,102.1673,0.0
SCS04,weekday_2008,1786572199,103.0,2.5823,102.101,0.0
EMU40,2900,1786572186,122.0,5.7849,100.488,0.0
DMU09,50,1786572271,41.0,4.3564,101.9207,0.0
SCS24,2901,1786572266,21.0,6.1133,100.3698,0.0
EMU35,2905,1786572266,112.0,6.6464,100.2934,0.0
EMU39,2903,1786572259,115.0,6.3825,100.2941,0.0
EMU40,2900,1786572246,120.0,5.8024,100.4813,0.0
DMU03,27,1786572332,0.0,6.1994,102.1673,0.0
DMU09,50,1786572331,0.0,4.3585,101.9216,0.0
EMU40,2900,1786572291,94.0,5.8156,100.4787,0.0
SCS04,weekday_2008,1786572289,0.0,2.5925,102.095,0.0
EMU39,2903,1786572289,98.0,6.3755,100.2993,0.0
DMU03,27,1786572332,0.0,6.1994,102.1673,0.0
EMU40,2900,1786572366,0.0,5.8243,100.4779,0.0
SCS24,2901,1786572371,115.0,6.089,100.3748,0.0
SCS04,weekday_2008,1786572334,0.0,2.5925,102.095,0.0
EMU39,2903,1786572334,2.0,6.3705,100.303,0.0
EMU40,2900,1786572426,0.0,5.8243,100.4779,0.0
SCS24,2901,1786572446,114.0,6.0693,100.3857,0.0
SCS04,weekday_2008,1786572454,18.0,2.5927,102.0948,0.0
DMU03,27,1786572452,0.0,6.1993,102.1672,0.0
EMU35,2905,1786572416,112.0,6.6154,100.2645,0.0
SCS04,weekday_2008,1786572514,118.0,2.605,102.0875,0.0
DMU09,50,1786572511,53.0,4.3797,101.9232,0.0
EMU40,2900,1786572501,97.0,5.8334,100.4772,0.0
SCS24,2901,1786572461,114.0,6.0654,100.3879,0.0
EMU35,2905,1786572461,110.0,6.6022,100.2633,0.0
DMU03,27,1786572467,0.0,6.1993,102.1672,0.0
SCS04,weekday_2008,1786572514,118.0,2.605,102.0875,0.0
DMU03,27,1786572512,0.0,6.1992,102.1673,0.0
EMU39,2903,1786572552,109.0,6.3365,100.3284,0.0
EMU35,2905,1786572551,113.0,6.5761,100.2607,0.0
SCS24,2901,1786572551,112.0,6.0418,100.4012,0.0
EMU40,2900,1786572516,105.0,5.8375,100.4769,0.0
DMU09,50,1786572646,81.0,4.4054,101.925,0.0
EMU39,2903,1786572627,114.0,6.3188,100.3417,0.0
EMU35,2905,1786572626,112.0,6.5541,100.2597,0.0
DMU03,27,1786572617,0.0,6.1993,102.1674,0.0
SCS24,2901,1786572596,115.0,6.0303,100.4077,0.0
DMU03,27,1786572692,0.0,6.1992,102.1673,0.0
SCS04,weekday_2008,1786572649,115.0,2.6334,102.0596,0.0
DMU09,50,1786572691,72.0,4.4139,101.9281,0.0
SCS24,2901,1786572656,115.0,6.0145,100.4166,0.0
EMU39,2903,1786572642,113.0,6.3149,100.344,0.0
EMU40,2900,1786572637,122.0,5.8732,100.477,0.0
EMU35,2905,1786572731,61.0,6.5259,100.2573,0.0
DMU03,27,1786572692,0.0,6.1992,102.1673,0.0
SCS04,weekday_2008,1786572694,115.0,2.6362,102.0465,0.0
SCS24,2901,1786572806,80.0,5.9762,100.4383,0.0
SCS04,weekday_2008,1786572784,93.0,2.652,102.0264,0.0
DMU09,50,1786572781,0.0,4.4227,101.932,0.0
EMU39,2903,1786572807,113.0,6.2671,100.3541,0.0
EMU35,2905,1786572806,53.0,6.5217,100.2565,0.0
DMU03,27,1786572782,0.0,6.1993,102.1673,0.0
DMU03,27,1786572872,0.0,6.1991,102.1672,0.0
SCS04,weekday_2008,1786572829,87.0,2.6553,102.0165,0.0
DMU03,27,1786572872,0.0,6.1991,102.1672,0.0
SCS24,2901,1786572911,77.0,5.9695,100.4421,0.0
EMU40,2900,1786572907,118.0,5.9541,100.4507,0.0
SCS04,weekday_2008,1786572874,64.0,2.6549,102.0071,0.0
SCS24,2901,1786572986,114.0,5.9508,100.4526,0.0
EMU40,2900,1786572967,74.0,5.9681,100.4428,0.0
EMU39,2903,1786572967,114.0,6.2203,100.3637,0.0
SCS24,2901,1786573001,114.0,5.9469,100.4549,0.0
EMU39,2903,1786572997,114.0,6.2116,100.3655,0.0
EMU40,2900,1786573012,0.0,5.9718,100.4407,0.0
SCS04,weekday_2008,1786573009,0.0,2.6601,101.9965,0.0
EMU35,2905,1786573054,113.0,6.4525,100.2613,0.0
EMU40,2900,1786573087,79.0,5.9763,100.4382,0.0
EMU39,2903,1786573087,83.0,6.1866,100.3727,0.0
SCS04,weekday_2008,1786573054,0.0,2.6601,101.9965,0.0
DMU03,27,1786573052,4.0,6.1992,102.1673,0.0
EMU35,2905,1786573054,113.0,6.4525,100.2613,0.0
SCS24,2901,1786573166,114.0,5.901,100.4735,0.0
DMU09,50,1786573156,62.0,4.4702,101.9319,0.0
EMU40,2900,1786573147,122.0,5.9906,100.4301,0.0
EMU39,2903,1786573147,0.0,6.1829,100.3751,0.0
EMU35,2905,1786573234,89.0,6.4249,100.2707,0.0
SCS04,weekday_2008,1786573234,15.0,2.6603,101.9963,0.0
DMU03,27,1786573232,0.0,6.1994,102.1674,0.0
DMU09,50,1786573231,74.0,4.4824,101.9391,0.0
SCS24,2901,1786573196,114.0,5.8925,100.4766,0.0
EMU40,2900,1786573192,120.0,6.0031,100.423,0.0
EMU39,2903,1786573192,48.0,6.1812,100.3763,0.0
SCS23,2907,1786573181,0.0,6.662,100.3193,0.0
DMU03,27,1786573232,0.0,6.1994,102.1674,0.0
SCS24,2901,1786573271,114.0,5.87,100.477,0.0
SCS23,2907,1786573271,42.0,6.6596,100.3163,0.0
EMU40,2900,1786573267,122.0,6.0239,100.4113,0.0
EMU39,2903,1786573267,110.0,6.1642,100.3791,0.0
EMU35,2905,1786573234,89.0,6.4249,100.2707,0.0
SCS04,weekday_2008,1786573234,15.0,2.6603,101.9963,0.0
SCS23,2907,1786573316,44.0,6.6566,100.3115,0.0
SCS24,2901,1786573346,115.0,5.8475,100.4769,0.0
EMU40,2900,1786573327,122.0,6.0406,100.4018,0.0
EMU39,2903,1786573327,114.0,6.1465,100.3803,0.0
EMU35,2905,1786573324,112.0,6.4009,100.2804,0.0
SCS04,weekday_2008,1786573324,85.0,2.6718,101.9864,0.0
DMU09,50,1786573321,0.0,4.4902,101.945,0.0
DMU03,27,1786573412,0.0,6.1991,102.1674,0.0
SCS24,2901,1786573361,114.0,5.843,100.4769,0.0
EMU39,2903,1786573357,114.0,6.1376,100.3804,0.0
EMU35,2905,1786573354,112.0,6.3938,100.2857,0.0
SCS04,weekday_2008,1786573354,88.0,2.6762,101.9814,0.0
EMU35,2905,1786573474,18.0,6.3708,100.3028,0.0
EMU40,2900,1786573454,123.0,6.0761,100.3818,0.0
SCS23,2907,1786573451,115.0,6.6416,100.2869,0.0
SCS24,2901,1786573451,6.0,5.825,100.478,0.0
EMU39,2903,1786573477,0.0,6.1127,100.3695,0.0
SCS04,weekday_2008,1786573414,62.0,2.6854,101.9738,0.0
DMU03,27,1786573412,0.0,6.1991,102.1674,0.0
SCS23,2907,1786573481,114.0,6.6362,100.2797,0.0
EMU35,2905,1786573519,7.0,6.3705,100.3031,0.0
SCS13,2904,1786573492,0.0,5.3924,100.3675,0.0
SCS24,2901,1786573496,3.0,5.8249,100.478,0.0
EMU39,2903,1786573492,0.0,6.1127,100.3695,0.0
DMU03,27,1786573487,0.0,6.1993,102.1674,0.0
SCS23,2907,1786573586,115.0,6.6111,100.2639,0.0
SCS13,2904,1786573582,13.0,5.3905,100.3701,0.0
EMU39,2903,1786573582,91.0,6.1027,100.367,0.0
DMU03,27,1786573577,0.0,6.1992,102.1674,0.0
EMU35,2905,1786573594,108.0,6.3601,100.3108,0.0
SCS04,weekday_2008,1786573594,83.0,2.6984,101.9639,0.0
SCS04,weekday_2008,1786573624,84.0,2.7019,101.9582,0.0
DMU03,27,1786573622,0.0,6.1991,102.1674,0.0
EMU40,2900,1786573619,4.0,6.1127,100.3694,0.0
SCS37,weekday_2012,1786573619,25.0,2.4649,102.2236,0.0
SCS13,2904,1786573627,17.0,5.3885,100.372,0.0
SCS23,2907,1786573661,114.0,6.5887,100.2628,0.0
EMU35,2905,1786573594,108.0,6.3601,100.3108,0.0
EMU39,2903,1786573612,105.0,6.0959,100.3709,0.0
SCS37,weekday_2012,1786573709,89.0,2.4701,102.2112,0.0
EMU40,2900,1786573709,7.0,6.1128,100.3695,0.0
SCS23,2907,1786573661,114.0,6.5887,100.2628,0.0
SCS24,2901,1786573661,114.0,5.7844,100.4883,0.0
EMU35,2905,1786573735,103.0,6.3271,100.3355,0.0
DMU03,27,1786573712,0.0,6.1991,102.1673,0.0
SCS13,2904,1786573762,99.0,5.3779,100.3916,0.0
SCS04,weekday_2008,1786573759,31.0,2.7151,101.946,0.0
DMU09,50,1786573756,0.0,4.5188,101.9677,0.0
EMU39,2903,1786573747,113.0,6.0609,100.3904,0.0
SCS37,weekday_2012,1786573754,116.0,2.4621,102.2029,0.0
EMU40,2900,1786573754,90.0,6.1194,100.3725,0.0
SCS24,2901,1786573736,117.0,5.7633,100.4971,0.0
SCS23,2907,1786573736,119.0,6.5662,100.2592,0.0
SCS23,2907,1786573796,114.0,6.548,100.2599,0.0
EMU35,2905,1786573795,116.0,6.3122,100.345,0.0
EMU40,2900,1786573829,123.0,6.14,100.3807,0.0
SCS37,weekday_2012,1786573829,115.0,2.4542,102.1863,0.0
SCS24,2901,1786573796,115.0,5.7464,100.5048,0.0
SCS13,2904,1786573792,97.0,5.3743,100.3984,0.0
SCS04,weekday_2008,1786573789,31.0,2.7167,101.9437,0.0
SCS13,2904,1786573837,94.0,5.3693,100.4089,0.0
SCS04,weekday_2008,1786573834,9.0,2.7185,101.941,0.0
DMU09,50,1786573832,58.0,4.5242,101.9781,0.0
EMU40,2900,1786573874,122.0,6.1544,100.3798,0.0
SCS23,2907,1786573871,69.0,6.5272,100.2575,0.0
SCS24,2901,1786573886,115.0,5.721,100.5143,0.0
EMU35,2905,1786573885,115.0,6.2857,100.3503,0.0
DMU03,27,1786573877,0.0,6.1992,102.1672,0.0
EMU39,2903,1786573841,109.0,6.0367,100.4041,0.0
SCS37,weekday_2012,1786573919,114.0,2.48,102.1802,0.0
EMU40,2900,1786573919,119.0,6.1687,100.3788,0.0
SCS24,2901,1786573946,114.0,5.7035,100.5106,0.0
SCS23,2907,1786573946,0.0,6.5231,100.2568,0.0
EMU35,2905,1786573945,108.0,6.2682,100.3539,0.0
DMU03,27,1786573922,0.0,6.1992,102.1672,0.0
SCS13,2904,1786574017,88.0,5.3622,100.4295,0.0
DMU03,27,1786574012,0.0,6.1992,102.1674,0.0
SCS37,weekday_2012,1786574009,119.0,2.5064,102.1728,0.0
EMU40,2900,1786574009,0.0,6.1829,100.3751,0.0
EMU39,2903,1786574006,111.0,5.9941,100.4282,0.0
SCS24,2901,1786574006,114.0,5.6876,100.5026,0.0
SCS23,2907,1786574006,111.0,6.514,100.2552,0.0
EMU35,2905,1786574005,116.0,6.2506,100.3575,0.0
EMU40,2900,1786574054,59.0,6.185,100.3737,0.0
SCS37,weekday_2012,1786574054,113.0,2.5192,102.1676,0.0
SCS24,2901,1786574021,115.0,5.6839,100.5001,0.0
SCS04,weekday_2008,1786574014,17.0,2.7202,101.9377,0.0
SCS13,2904,1786574017,88.0,5.3622,100.4295,0.0
SCS24,2901,1786574126,99.0,5.6547,100.4921,0.0
SCS23,2907,1786574126,114.0,6.4782,100.2537,0.0
EMU35,2905,1786574110,63.0,6.2209,100.3635,0.0
EMU39,2903,1786574096,46.0,5.9741,100.4395,0.0
SCS37,weekday_2012,1786574099,113.0,2.5304,102.1607,0.0
SCS37,weekday_2012,1786574189,115.0,2.5472,102.1396,0.0
EMU40,2900,1786574189,122.0,6.2221,100.3633,0.0
SCS23,2907,1786574156,114.0,6.4694,100.2554,0.0
SCS24,2901,1786574156,72.0,5.6479,100.491,0.0
EMU35,2905,1786574155,115.0,6.2066,100.3665,0.0
SCS13,2904,1786574152,0.0,5.3662,100.4485,0.0
DMU09,50,1786574237,78.0,4.6003,101.9845,0.0
EMU40,2900,1786574234,122.0,6.2362,100.3604,0.0
SCS37,weekday_2012,1786574234,114.0,2.556,102.1296,0.0
SCS04,weekday_2008,1786574194,70.0,2.7255,101.9147,0.0
DMU03,27,1786574192,21.0,6.196,102.1673,0.0
SCS24,2901,1786574276,63.0,5.6406,100.4897,0.0
EMU39,2903,1786574276,110.0,5.9537,100.451,0.0
SCS37,weekday_2012,1786574309,95.0,2.5671,102.1123,0.0
EMU35,2905,1786574305,0.0,6.1829,100.3752,0.0
SCS23,2907,1786574276,75.0,6.4361,100.2668,0.0
EMU40,2900,1786574368,123.0,6.278,100.3519,0.0
SCS37,weekday_2012,1786574339,100.0,2.5724,102.107,0.0
SCS04,weekday_2008,1786574329,85.0,2.7411,101.8914,0.0
SCS23,2907,1786574336,0.0,6.4313,100.2685,0.0
EMU39,2903,1786574336,113.0,5.9379,100.4593,0.0
SCS13,2904,1786574332,36.0,5.3571,100.4649,0.0
DMU05,51,1786574375,50.0,5.3491,102.1173,0.0
DMU09,50,1786574372,71.0,4.6273,101.9897,0.0
DMU03,27,1786574372,65.0,6.1785,102.1864,0.0
EMU35,2905,1786574335,70.0,6.1803,100.3768,0.0
SCS04,weekday_2008,1786574419,24.0,2.741,101.8733,0.0
EMU39,2903,1786574381,112.0,5.9254,100.4641,0.0
SCS23,2907,1786574381,6.0,6.4313,100.2685,0.0
SCS24,2901,1786574381,117.0,5.6125,100.4966,0.0
SCS13,2904,1786574377,62.0,5.3618,100.4672,0.0
SCS21,weekday_2014,1786574377,0.0,2.4638,102.2255,0.0
DMU05,51,1786574375,50.0,5.3491,102.1173,0.0
SCS13,2904,1786574467,114.0,5.3867,100.4702,0.0
SCS21,weekday_2014,1786574467,0.0,2.4638,102.2255,0.0
SCS32,weekday_2112,1786574465,0.0,2.9993,101.3914,0.0
EMU35,2905,1786574485,110.0,6.138,100.3805,0.0
EMU39,2903,1786574486,114.0,5.8962,100.4753,0.0
SCS23,2907,1786574486,114.0,6.4088,100.2763,0.0
SCS24,2901,1786574486,116.0,5.5815,100.495,0.0
DMU05,51,1786574465,53.0,5.357,102.1088,0.0
SCS24,2901,1786574516,116.0,5.5724,100.4965,0.0
DMU09,50,1786574537,2.0,4.6459,101.9939,0.0
DMU03,53,1786574537,67.0,6.162,102.2104,0.0
EMU39,2903,1786574516,111.0,5.8876,100.477,0.0
SCS23,2907,1786574516,114.0,6.4008,100.2804,0.0
EMU35,2905,1786574515,114.0,6.1299,100.3774,0.0
DMU03,53,1786574552,68.0,6.1608,102.2129,0.0
SCS04,weekday_2008,1786574554,108.0,2.7458,101.8561,0.0
SCS32,weekday_2112,1786574585,11.0,3.0022,101.3911,0.0
EMU35,2905,1786574560,84.0,6.1185,100.3722,0.0
DMU05,51,1786574555,56.0,5.3617,102.0963,0.0
SCS21,weekday_2014,1786574587,25.0,2.4669,102.2201,0.0
SCS23,2907,1786574666,13.0,6.3706,100.3029,0.0
EMU39,2903,1786574636,114.0,5.8521,100.4769,0.0
SCS13,2904,1786574647,114.0,5.4366,100.489,0.0
SCS21,weekday_2014,1786574647,81.0,2.4702,102.2128,0.0
SCS32,weekday_2112,1786574645,40.0,3.0048,101.3935,0.0
DMU05,51,1786574645,20.0,5.3654,102.0889,0.0
SCS24,2901,1786574636,114.0,5.537,100.5035,0.0
EMU35,2905,1786574635,0.0,6.1128,100.3695,0.0
SCS24,2901,1786574696,115.0,5.5196,100.5079,0.0
EMU35,2905,1786574695,95.0,6.1053,100.3666,0.0
EMU39,2903,1786574695,104.0,5.8349,100.4771,0.0
DMU05,51,1786574690,20.0,5.3682,102.0873,0.0
SCS21,weekday_2014,1786574692,109.0,2.4639,102.2036,0.0
SCS13,2904,1786574722,114.0,5.4584,100.4948,0.0
SCS32,weekday_2112,1786574720,13.0,3.0094,101.3985,0.0
SCS26,weekday_2003,1786574720,24.0,3.1731,101.6848,0.0
SCS04,weekday_2008,1786574719,24.0,2.753,101.8304,0.0
DMU09,50,1786574717,76.0,4.6742,102.0004,0.0
DMU03,53,1786574717,65.0,6.1458,102.2281,0.0
SCS23,2907,1786574696,0.0,6.3703,100.3032,0.0
SCS04,weekday_2008,1786574779,0.0,2.7539,101.8272,0.0
DMU03,53,1786574777,74.0,6.1362,102.2216,0.0
DMU09,50,1786574777,54.0,4.6856,102.0027,0.0
SCS23,2907,1786574771,93.0,6.3657,100.3066,0.0
SCS13,2904,1786574767,114.0,5.4717,100.496,0.0
SCS32,weekday_2112,1786574765,19.0,3.0109,101.4001,0.0
DMU05,51,1786574765,5.0,5.3711,102.0858,0.0
EMU40,2900,1786574774,0.0,6.3705,100.303,0.0
SCS26,weekday_2003,1786574735,25.0,3.172,101.6848,0.0
SCS24,2901,1786574846,16.0,5.4831,100.4983,0.0
EMU35,2905,1786574845,116.0,6.0674,100.3868,0.0
EMU39,2903,1786574845,77.0,5.8175,100.4786,0.0
SCS13,2904,1786574827,17.0,5.4825,100.4981,0.0
SCS21,weekday_2014,1786574827,109.0,2.4668,102.182,0.0
SCS32,weekday_2112,1786574825,0.0,3.0132,101.4024,0.0
DMU05,51,1786574825,0.0,5.3718,102.0852,0.0
SCS23,2907,1786574816,112.0,6.3552,100.3145,0.0
SCS21,weekday_2014,1786574872,105.0,2.4794,102.1803,0.0
DMU03,53,1786574867,58.0,6.1256,102.2087,0.0
SCS13,2904,1786574872,0.0,5.4829,100.4982,0.0
DMU05,51,1786574870,4.0,5.3721,102.0851,0.0
SCS24,2901,1786574876,0.0,5.4828,100.4982,0.0
EMU35,2905,1786574875,114.0,6.0594,100.3912,0.0
EMU39,2903,1786574875,90.0,5.8107,100.4793,0.0
DMU09,50,1786574852,2.0,4.6932,102.0031,0.0
SCS21,weekday_2014,1786574917,106.0,2.4921,102.1785,0.0
SCS13,2904,1786574917,15.0,5.4831,100.4982,0.0
SCS04,weekday_2008,1786574959,92.0,2.7674,101.8054,0.0
DMU03,53,1786574957,19.0,6.1207,102.2028,0.0
DMU09,50,1786574957,49.0,4.6975,102.0029,0.0
SCS32,weekday_2112,1786574945,37.0,3.0144,101.4037,0.0
DMU05,51,1786574945,7.0,5.3744,102.084,0.0
EMU39,2903,1786574920,100.0,5.7995,100.482,0.0
EMU35,2905,1786574920,114.0,6.0478,100.3979,0.0
SCS21,weekday_2014,1786575007,108.0,2.5162,102.1689,0.0
SCS13,2904,1786575007,110.0,5.5034,100.5037,0.0
DMU05,51,1786575005,19.0,5.3767,102.0828,0.0
EMU35,2905,1786575040,116.0,6.017,100.4152,0.0
SCS04,weekday_2008,1786575034,101.0,2.7868,101.7984,0.0
SCS24,2901,1786575026,114.0,5.4531,100.4934,0.0
SCS23,2907,1786575026,114.0,6.3025,100.3468,0.0
EMU39,2903,1786575025,114.0,5.7715,100.4936,0.0
SCS32,weekday_2112,1786575005,24.0,3.0174,101.4071,0.0
DMU09,50,1786575077,57.0,4.7161,102.0022,0.0
DMU03,53,1786575077,0.0,6.1186,102.2008,0.0
SCS26,weekday_2003,1786575044,50.0,3.1559,101.6937,0.0
SCS37,weekday_2012,1786575044,73.0,2.6546,102.0085,0.0
SCS21,weekday_2014,1786575052,99.0,2.5274,102.1639,0.0
EMU40,2900,1786575044,69.0,6.4282,100.2696,0.0
SCS13,2904,1786575082,114.0,5.5253,100.5068,0.0
SCS32,weekday_2112,1786575080,0.0,3.0203,101.4101,0.0
DMU05,51,1786575080,61.0,5.3848,102.0791,0.0
SCS04,weekday_2008,1786575079,79.0,2.7977,101.7964,0.0
SCS24,2901,1786575056,113.0,5.4444,100.4911,0.0
SCS23,2907,1786575056,114.0,6.2936,100.3487,0.0
EMU35,2905,1786575055,117.0,6.013,100.4175,0.0
EMU39,2903,1786575055,113.0,5.7633,100.4972,0.0
SCS21,weekday_2014,1786575157,110.0,2.5461,102.1411,0.0
SCS13,2904,1786575157,114.0,5.5471,100.5007,0.0
DMU03,53,1786575137,0.0,6.1185,102.2008,0.0
DMU05,51,1786575155,17.0,5.3896,102.0755,0.0
DMU09,50,1786575137,63.0,4.7232,102.0077,0.0
SCS04,weekday_2008,1786575124,5.0,2.8018,101.7993,0.0
SCS32,weekday_2112,1786575155,24.0,3.0229,101.4129,0.0
EMU35,2905,1786575130,114.0,5.9936,100.4285,0.0
DMU03,53,1786575182,0.0,6.1185,102.2008,0.0
DMU09,50,1786575182,35.0,4.7293,102.0104,0.0
SCS24,2901,1786575206,118.0,5.4036,100.4725,0.0
EMU35,2905,1786575205,77.0,5.9752,100.4388,0.0
EMU39,2903,1786575205,117.0,5.7217,100.5142,0.0
SCS32,weekday_2112,1786575185,18.0,3.0243,101.4145,0.0
DMU05,51,1786575185,30.0,5.3902,102.0736,0.0
SCS04,weekday_2008,1786575184,0.0,2.8018,101.7993,0.0
SCS23,2907,1786575176,114.0,6.2583,100.3559,0.0
EMU40,2900,1786575179,52.0,6.4344,100.2674,0.0
SCS37,weekday_2012,1786575179,0.0,2.6601,101.9965,0.0
SCS26,weekday_2003,1786575179,30.0,3.1502,101.6906,0.0
SCS13,2904,1786575172,115.0,5.5515,100.4999,0.0
SCS21,weekday_2014,1786575172,115.0,2.5489,102.1376,0.0
DMU05,51,1786575260,34.0,5.3902,102.0659,0.0
SCS32,weekday_2112,1786575260,28.0,3.0282,101.4186,0.0
SCS04,weekday_2008,1786575259,0.0,2.8018,101.7993,0.0
SCS24,2901,1786575266,112.0,5.3856,100.4701,0.0
EMU35,2905,1786575265,0.0,5.9718,100.4408,0.0
EMU39,2903,1786575265,105.0,5.7047,100.5109,0.0
DMU03,53,1786575212,0.0,6.1185,102.2008,0.0
DMU09,50,1786575212,0.0,4.7308,102.0107,0.0
SCS13,2904,1786575262,114.0,5.5783,100.4955,0.0
SCS21,weekday_2014,1786575262,114.0,2.5644,102.1169,0.0
EMU39,2903,1786575340,110.0,5.6857,100.5014,0.0
SCS13,2904,1786575337,114.0,5.6006,100.4939,0.0
SCS21,weekday_2014,1786575337,111.0,2.5805,102.1021,0.0
DMU05,51,1786575335,0.0,5.3903,102.065,0.0
SCS32,weekday_2112,1786575335,25.0,3.0322,101.4229,0.0
SCS04,weekday_2008,1786575334,0.0,2.8018,101.7993,0.0
SCS23,2907,1786575311,114.0,6.2187,100.364,0.0
SCS24,2901,1786575296,113.0,5.3768,100.469,0.0
EMU35,2905,1786575295,51.0,5.9705,100.4415,0.0
DMU09,50,1786575302,44.0,4.7341,102.0114,0.0
DMU03,53,1786575302,0.0,6.1186,102.2007,0.0
SCS23,2907,1786575341,114.0,6.2099,100.3658,0.0
SCS24,2901,1786575386,34.0,5.3604,100.467,0.0
EMU35,2905,1786575385,113.0,5.9501,100.4531,0.0
EMU39,2903,1786575385,113.0,5.6741,100.4954,0.0
SCS13,2904,1786575367,115.0,5.6094,100.4959,0.0
SCS21,weekday_2014,1786575367,74.0,2.587,102.0983,0.0
DMU05,51,1786575365,0.0,5.3903,102.065,0.0
SCS32,weekday_2112,1786575365,13.0,3.0336,101.4244,0.0
SCS04,weekday_2008,1786575364,70.0,2.8038,101.8012,0.0
DMU03,53,1786575362,32.0,6.1162,102.1984,0.0
SCS37,weekday_2012,1786575344,29.0,2.6607,101.9958,0.0
EMU40,2900,1786575344,121.0,6.4802,100.2537,0.0
SCS26,weekday_2003,1786575344,3.0,3.1392,101.6936,0.0
DMU09,50,1786575362,75.0,4.7443,102.0134,0.0
DMU09,50,1786575392,78.0,4.7504,102.0139,0.0
SCS24,2901,1786575446,41.0,5.3582,100.4629,0.0
EMU35,2905,1786575445,116.0,5.9346,100.4606,0.0
SCS13,2904,1786575427,116.0,5.6267,100.493,0.0
SCS21,weekday_2014,1786575427,13.0,2.5931,102.0946,0.0
DMU03,53,1786575392,47.0,6.1142,102.1959,0.0
DMU05,51,1786575440,35.0,5.3904,102.063,0.0
SCS32,weekday_2112,1786575440,18.0,3.0351,101.426,0.0
EMU39,2903,1786575438,109.0,5.6585,100.4928,0.0
DMU05,51,1786575470,65.0,5.3916,102.0586,0.0
EMU39,2903,1786575468,108.0,5.6499,100.4913,0.0
SCS29,weekday_2102,1786575525,4.0,3.1548,101.6933,0.0
SCS21,weekday_2014,1786575472,0.0,2.5935,102.0943,0.0
SCS13,2904,1786575472,80.0,5.6389,100.4894,0.0
SCS32,weekday_2112,1786575470,25.0,3.0365,101.4275,0.0
SCS04,weekday_2008,1786575469,80.0,2.8189,101.8173,0.0
DMU09,50,1786575467,71.0,4.7651,102.0138,0.0
EMU39,2903,1786575543,0.0,5.6427,100.49,0.0
SCS37,weekday_2012,1786575524,70.0,2.6843,101.9745,0.0
DMU09,50,1786575542,72.0,4.7794,102.0116,0.0
SCS29,weekday_2102,1786575525,4.0,3.1548,101.6933,0.0
SCS04,weekday_2008,1786575574,18.0,2.8268,101.8258,0.0
SCS21,weekday_2014,1786575547,103.0,2.604,102.0881,0.0
SCS13,2904,1786575547,0.0,5.6437,100.4902,0.0
DMU03,53,1786575572,71.0,6.0914,102.1717,0.0
SCS24,2901,1786575536,67.0,5.3656,100.4524,0.0
EMU35,2905,1786575535,111.0,5.91,100.47,0.0
DMU05,51,1786575530,40.0,5.3925,102.0494,0.0
SCS26,weekday_2003,1786575524,0.0,3.1359,101.6886,0.0
SCS32,weekday_2112,1786575545,5.0,3.0399,101.4312,0.0
SCS21,weekday_2014,1786575622,95.0,2.6202,102.0772,0.0
DMU05,51,1786575620,0.0,5.3909,102.0466,0.0
SCS32,weekday_2112,1786575620,26.0,3.0419,101.4333,0.0
SCS13,2904,1786575607,76.0,5.6487,100.4911,0.0
EMU40,2900,1786575611,93.0,6.5313,100.2581,0.0
EMU35,2905,1786575655,111.0,5.8752,100.477,0.0
EMU39,2903,1786575693,108.0,5.6178,100.4966,0.0
SCS29,weekday_2102,1786575690,0.0,3.166,101.6903,0.0
SCS32,weekday_2112,1786575650,17.0,3.0433,101.4348,0.0
SCS24,2901,1786575656,56.0,5.3666,100.4454,0.0
SCS23,2907,1786575656,114.0,6.1498,100.3801,0.0
SCS13,2904,1786575652,117.0,5.6607,100.4931,0.0
EMU40,2900,1786575656,116.0,6.5437,100.26,0.0
DMU05,51,1786575635,68.0,5.3871,102.0422,0.0
SCS21,weekday_2014,1786575652,96.0,2.626,102.0722,0.0
SCS24,2901,1786575746,60.0,5.3627,100.426,0.0
SCS32,weekday_2112,1786575725,25.0,3.0466,101.4395,0.0
EMU39,2903,1786575723,113.0,5.609,100.4957,0.0
EMU35,2905,1786575700,114.0,5.8619,100.4769,0.0
SCS21,weekday_2014,1786575727,106.0,2.6352,102.0549,0.0
SCS13,2904,1786575727,114.0,5.6821,100.4989,0.0
SCS04,weekday_2008,1786575724,26.0,2.8313,101.8269,0.0
DMU03,53,1786575722,73.0,6.0664,102.1547,0.0
SCS29,weekday_2102,1786575720,28.0,3.1671,101.6889,0.0
SCS26,weekday_2003,1786575749,0.0,3.1359,101.6886,0.0
EMU40,2900,1786575746,123.0,6.5724,100.2594,0.0
DMU03,53,1786575797,66.0,6.0538,102.1481,0.0
SCS32,weekday_2112,1786575800,24.0,3.0461,101.4447,0.0
SCS04,weekday_2008,1786575799,28.0,2.8363,101.8279,0.0
EMU39,2903,1786575843,113.0,5.5737,100.4962,0.0
DMU03,53,1786575842,40.0,6.0474,102.1448,0.0
SCS37,weekday_2012,1786575839,40.0,2.713,101.949,0.0
SCS24,2901,1786575866,0.0,5.3643,100.4219,0.0
SCS21,weekday_2014,1786575847,96.0,2.6513,102.0271,0.0
SCS32,weekday_2112,1786575845,25.0,3.0441,101.4476,0.0
SCS13,2904,1786575832,114.0,5.7103,100.5123,0.0
SCS04,weekday_2008,1786575829,81.0,2.8409,101.8274,0.0
EMU40,2900,1786575866,121.0,6.6103,100.2638,0.0
SCS13,2904,1786575877,114.0,5.7236,100.5136,0.0
EMU40,2900,1786575881,122.0,6.615,100.2644,0.0
SCS04,weekday_2008,1786575874,105.0,2.8502,101.8232,0.0
SCS26,weekday_2003,1786575884,0.0,3.1359,101.6886,0.0
SCS37,weekday_2012,1786575884,36.0,2.7157,101.945,0.0
SCS32,weekday_2112,1786575875,20.0,3.0434,101.4496,0.0
SCS21,weekday_2014,1786575877,82.0,2.6546,102.0214,0.0
EMU39,2903,1786575978,112.0,5.5349,100.5041,0.0
SCS23,2907,1786575971,116.0,6.0905,100.3739,0.0
EMU35,2905,1786575959,92.0,5.8154,100.4788,0.0
SCS29,weekday_2102,1786575960,16.0,3.1871,101.6633,0.0
SCS24,2901,1786575971,98.0,5.3697,100.4079,0.0
SCS21,weekday_2014,1786575967,47.0,2.6567,102.0046,0.0
SCS13,2904,1786575967,114.0,5.7489,100.5038,0.0
SCS32,weekday_2112,1786575965,20.0,3.0418,101.4521,0.0
DMU09,50,1786575962,41.0,4.8355,102.0032,0.0
DMU03,53,1786575962,0.0,6.0429,102.1424,0.0
SCS04,weekday_2008,1786576009,59.0,2.8657,101.8192,0.0
SCS13,2904,1786576012,114.0,5.7611,100.4982,0.0
SCS21,weekday_2014,1786576012,33.0,2.6581,102.0002,0.0
DMU05,51,1786576010,9.0,5.3734,102.0311,0.0
SCS37,weekday_2012,1786576049,5.0,2.7186,101.9407,0.0
SCS32,weekday_2112,1786576040,82.0,3.0354,101.4576,0.0
EMU39,2903,1786576038,113.0,5.5176,100.5075,0.0
DMU09,50,1786576037,66.0,4.8385,101.9922,0.0
DMU03,53,1786576037,14.0,6.0411,102.1416,0.0
SCS29,weekday_2102,1786576035,28.0,3.1911,101.6572,0.0
SCS24,2901,1786576016,96.0,5.3748,100.3974,0.0
DMU03,53,1786576097,13.0,6.0389,102.1403,0.0
DMU09,50,1786576097,70.0,4.8448,101.9837,0.0
SCS32,weekday_2112,1786576085,56.0,3.0338,101.4676,0.0
EMU39,2903,1786576083,112.0,5.5049,100.504,0.0
SCS29,weekday_2102,1786576095,0.0,3.1921,101.6545,0.0
SCS21,weekday_2014,1786576057,23.0,2.6599,101.9968,0.0
SCS13,2904,1786576057,115.0,5.7735,100.4928,0.0
SCS04,weekday_2008,1786576054,15.0,2.8709,101.8182,0.0
SCS21,weekday_2014,1786576147,0.0,2.661,101.9956,0.0
SCS13,2904,1786576147,117.0,5.7985,100.4823,0.0
SCS32,weekday_2112,1786576145,0.0,3.0355,101.4699,0.0
SCS04,weekday_2008,1786576144,33.0,2.8777,101.8159,0.0
EMU39,2903,1786576142,109.0,5.488,100.4995,0.0
DMU03,53,1786576142,30.0,6.0362,102.1394,0.0
SCS24,2901,1786576166,18.0,5.3862,100.3759,0.0
DMU09,50,1786576142,63.0,4.8508,101.9789,0.0
DMU03,53,1786576232,53.0,6.0232,102.1401,0.0
DMU09,50,1786576232,61.0,4.861,101.968,0.0
EMU39,2903,1786576232,13.0,5.4815,100.4978,0.0
SCS24,2901,1786576196,13.0,5.3869,100.3744,0.0
SCS13,2904,1786576192,115.0,5.8122,100.479,0.0
SCS21,weekday_2014,1786576192,0.0,2.661,101.9956,0.0
SCS32,weekday_2112,1786576190,61.0,3.0406,101.4726,0.0
SCS04,weekday_2008,1786576189,96.0,2.8834,101.8099,0.0
SCS29,weekday_2102,1786576215,44.0,3.2,101.6398,0.0
SCS37,weekday_2012,1786576244,72.0,2.7251,101.9171,0.0
SCS13,2904,1786576237,49.0,5.8226,100.4782,0.0
SCS32,weekday_2112,1786576235,64.0,3.0478,101.4735,0.0
SCS04,weekday_2008,1786576234,93.0,2.8875,101.7997,0.0
DMU09,50,1786576277,70.0,4.8689,101.965,0.0
SCS23,2907,1786576241,115.0,6.0199,100.4135,0.0
DMU03,53,1786576277,55.0,6.0165,102.1401,0.0
SCS37,weekday_2012,1786576244,72.0,2.7251,101.9171,0.0
SCS21,weekday_2014,1786576237,3.0,2.6611,101.9955,0.0
SCS37,weekday_2012,1786576349,87.0,2.7336,101.8969,0.0
SCS21,weekday_2014,1786576327,85.0,2.6709,101.9884,0.0
SCS32,weekday_2112,1786576325,32.0,3.0526,101.4868,0.0
SCS04,weekday_2008,1786576324,60.0,2.9012,101.7849,0.0
DMU05,51,1786576355,14.0,5.3792,102.0124,0.0
SCS13,2904,1786576327,0.0,5.8251,100.478,0.0
SCS26,weekday_2003,1786576349,0.0,3.1359,101.6886,0.0
DMU03,53,1786576397,68.0,5.9963,102.1419,0.0
DMU09,50,1786576397,0.0,4.8791,101.9669,0.0
SCS37,weekday_2012,1786576379,77.0,2.7393,101.8939,0.0
EMU39,2903,1786576397,113.0,5.443,100.4907,0.0
SCS21,weekday_2014,1786576372,79.0,2.6768,101.9806,0.0
SCS13,2904,1786576372,34.0,5.826,100.4779,0.0
SCS32,weekday_2112,1786576370,30.0,3.0524,101.4916,0.0
SCS04,weekday_2008,1786576369,0.0,2.9038,101.7862,0.0
DMU05,51,1786576370,13.0,5.3789,102.0117,0.0
SCS29,weekday_2102,1786576395,60.0,3.2079,101.6316,0.0
SCS26,weekday_2003,1786576394,0.0,3.1359,101.6886,0.0
SCS24,2901,1786576361,0.0,5.3924,100.3675,0.0
SCS26,weekday_2003,1786576454,7.0,3.1371,101.6908,0.0
EMU39,2903,1786576457,113.0,5.4271,100.4833,0.0
DMU09,50,1786576457,0.0,4.8791,101.9669,0.0
SCS24,2901,1786576526,0.0,5.3924,100.3674,0.0
DMU05,51,1786576505,0.0,5.377,102.0101,0.0
SCS32,weekday_2112,1786576505,48.0,3.0519,101.5008,0.0
SCS04,weekday_2008,1786576504,24.0,2.9053,101.7872,0.0
SCS13,2904,1786576507,117.0,5.8592,100.4769,0.0
SCS21,weekday_2014,1786576507,0.0,2.6913,101.9715,0.0
SCS13,2904,1786576552,114.0,5.8729,100.477,0.0
SCS21,weekday_2014,1786576552,56.0,2.6932,101.9707,0.0
DMU05,51,1786576550,0.0,5.3769,102.0101,0.0
SCS32,weekday_2112,1786576550,98.0,3.0521,101.5106,0.0
SCS26,weekday_2003,1786576544,0.0,3.1389,101.6933,0.0
SCS37,weekday_2012,1786576544,30.0,2.7413,101.872,0.0
SCS23,2907,1786576541,87.0,5.9671,100.4434,0.0
DMU03,53,1786576577,61.0,5.9664,102.1439,0.0
SCS29,weekday_2102,1786576589,66.0,3.2023,101.6122,0.0
SCS04,weekday_2008,1786576579,32.0,2.9069,101.7922,0.0
SCS13,2904,1786576657,115.0,5.9036,100.4725,0.0
SCS21,weekday_2014,1786576657,67.0,2.7055,101.9534,0.0
SCS32,weekday_2112,1786576655,0.0,3.0567,101.5246,0.0
DMU05,51,1786576655,0.0,5.3769,102.01,0.0
DMU03,53,1786576682,67.0,5.9488,102.1478,0.0
EMU39,2903,1786576682,86.0,5.3672,100.4678,0.0
SCS21,weekday_2014,1786576687,38.0,2.7096,101.9516,0.0
SCS32,weekday_2112,1786576685,0.0,3.0567,101.5246,0.0
EMU35,2905,1786576689,81.0,5.6374,100.4892,0.0
DMU05,51,1786576685,2.0,5.3769,102.0101,0.0
SCS04,weekday_2008,1786576684,80.0,2.9258,101.7944,0.0
SCS13,2904,1786576687,115.0,5.9121,100.4692,0.0
SCS26,weekday_2003,1786576769,5.0,3.1537,101.6923,0.0
SCS21,weekday_2014,1786576762,29.0,2.7143,101.9472,0.0
SCS13,2904,1786576762,114.0,5.9332,100.4611,0.0
DMU05,51,1786576760,16.0,5.3738,102.009,0.0
SCS32,weekday_2112,1786576760,0.0,3.0567,101.5246,0.0
SCS04,weekday_2008,1786576759,34.0,2.9384,101.7895,0.0
DMU03,53,1786576757,69.0,5.9355,102.1514,0.0
EMU39,2903,1786576757,37.0,5.3574,100.4659,0.0
DMU09,52,1786576817,15.0,4.8797,101.9671,0.0
EMU39,2903,1786576817,41.0,5.3607,100.4609,0.0
DMU05,51,1786576835,40.0,5.3653,102.0079,0.0
SCS04,weekday_2008,1786576834,0.0,2.9391,101.7886,0.0
DMU03,53,1786576817,68.0,5.925,102.1542,0.0
SCS23,2907,1786576813,114.0,5.8932,100.4764,0.0
SCS21,weekday_2014,1786576807,36.0,2.7166,101.9439,0.0
SCS32,weekday_2112,1786576805,0.0,3.0567,101.5246,0.0
SCS23,2907,1786576843,114.0,5.8842,100.4769,0.0
EMU35,2905,1786576839,117.0,5.597,100.4931,0.0
DMU03,53,1786576862,73.0,5.9166,102.1566,0.0
DMU09,52,1786576862,27.0,4.8826,101.9684,0.0
EMU39,2903,1786576862,69.0,5.3648,100.4565,0.0
SCS37,weekday_2012,1786576844,0.0,2.7539,101.8273,0.0
SCS13,2904,1786576867,114.0,5.9613,100.4467,0.0
SCS21,weekday_2014,1786576867,5.0,2.7193,101.9399,0.0
DMU05,51,1786576865,23.0,5.3629,102.0077,0.0
SCS32,weekday_2112,1786576865,0.0,3.0567,101.5246,0.0
SCS04,weekday_2008,1786576864,50.0,2.9402,101.7872,0.0
SCS29,weekday_2102,1786576844,0.0,3.2063,101.5798,0.0
SCS26,weekday_2002,1786576844,49.0,3.1563,101.6937,0.0
DMU09,52,1786576937,26.0,4.8882,101.9717,0.0
EMU39,2903,1786576937,0.0,5.3663,100.4476,0.0
DMU03,53,1786576937,66.0,5.9029,102.1589,0.0
SCS37,weekday_2012,1786576919,45.0,2.7548,101.8239,0.0
SCS29,weekday_2102,1786576919,41.0,3.2072,101.577,0.0
SCS23,2907,1786576918,113.0,5.8617,100.4769,0.0
EMU35,2905,1786576914,118.0,5.5743,100.4962,0.0
SCS21,weekday_2014,1786576912,0.0,2.7194,101.9398,0.0
SCS13,2904,1786576912,57.0,5.9707,100.4414,0.0
DMU05,51,1786576910,37.0,5.3592,102.0083,0.0
SCS32,weekday_2112,1786576910,0.0,3.0567,101.5246,0.0
SCS04,weekday_2008,1786576894,84.0,2.9458,101.7871,0.0
SCS13,2904,1786577017,97.0,5.9789,100.4367,0.0
SCS32,weekday_2112,1786577015,0.0,3.0573,101.5273,0.0
SCS04,weekday_2008,1786577014,0.0,2.9619,101.7921,0.0
SCS21,weekday_2014,1786577017,0.0,2.7194,101.9398,0.0
DMU05,51,1786577015,52.0,5.3451,102.0124,0.0
SCS21,weekday_2014,1786577047,7.0,2.7196,101.9394,0.0
SCS13,2904,1786577047,117.0,5.9866,100.4324,0.0
DMU05,51,1786577045,52.0,5.341,102.014,0.0
SCS32,weekday_2112,1786577045,0.0,3.0573,101.5273,0.0
SCS04,weekday_2008,1786577044,22.0,2.9625,101.7919,0.0
DMU09,52,1786577042,58.0,4.9008,101.9724,0.0
DMU03,53,1786577042,68.0,5.8839,102.1564,0.0
EMU39,2903,1786577042,89.0,5.3644,100.4357,0.0
SCS23,2907,1786577038,74.0,5.8273,100.4777,0.0
SCS37,weekday_2012,1786577024,96.0,2.7696,101.8045,0.0
DMU09,52,1786577072,54.0,4.9051,101.9742,0.0
DMU03,53,1786577072,65.0,5.8786,102.1558,0.0
DMU05,51,1786577120,46.0,5.3312,102.0177,0.0
EMU39,2903,1786577072,91.0,5.3622,100.4287,0.0
SCS29,weekday_2102,1786577099,91.0,3.2354,101.5597,0.0
SCS37,weekday_2012,1786577099,101.0,2.7888,101.7977,0.0
SCS26,weekday_2002,1786577099,24.0,3.1697,101.6856,0.0
EMU35,2905,1786577094,114.0,5.5217,100.5078,0.0
SCS13,2904,1786577092,115.0,5.9985,100.4257,0.0
SCS21,weekday_2014,1786577092,14.0,2.7204,101.9373,0.0
SCS32,weekday_2112,1786577090,56.0,3.0579,101.5294,0.0
SCS04,weekday_2008,1786577074,78.0,2.9682,101.7902,0.0
SCS13,2904,1786577197,115.0,6.026,100.4101,0.0
SCS21,weekday_2014,1786577197,65.0,2.7227,101.929,0.0
SCS32,weekday_2112,1786577195,71.0,3.0691,101.5503,0.0
DMU05,51,1786577195,57.0,5.3207,102.0201,0.0
DMU09,52,1786577177,44.0,4.919,101.9788,0.0
SCS13,2904,1786577227,114.0,6.0339,100.4057,0.0
SCS21,weekday_2014,1786577227,53.0,2.7242,101.9245,0.0
SCS32,weekday_2112,1786577225,45.0,3.0725,101.553,0.0
DMU05,51,1786577225,60.0,5.3158,102.0204,0.0
DMU09,52,1786577222,52.0,4.9252,101.9798,0.0
EMU39,2903,1786577222,86.0,5.3677,100.4133,0.0
SCS23,2907,1786577203,116.0,5.8062,100.4804,0.0
SCS21,weekday_2014,1786577272,19.0,2.7233,101.9206,0.0
SCS13,2904,1786577272,112.0,6.0456,100.399,0.0
SCS26,weekday_2002,1786577271,20.0,3.1805,101.688,0.0
DMU05,51,1786577270,48.0,5.3093,102.0214,0.0
SCS37,weekday_2012,1786577279,0.0,2.8018,101.7993,0.0
SCS23,2907,1786577278,115.0,5.785,100.488,0.0
EMU35,2905,1786577304,18.0,5.4816,100.4978,0.0
SCS32,weekday_2112,1786577300,0.0,3.0757,101.559,0.0
SCS04,weekday_2008,1786577299,4.0,2.9821,101.7905,0.0
DMU09,52,1786577297,20.0,4.928,101.986,0.0
EMU39,2903,1786577297,86.0,5.3752,100.3967,0.0
DMU03,53,1786577297,66.0,5.8383,102.1507,0.0
SCS29,weekday_2102,1786577279,10.0,3.2508,101.5558,0.0
SCS04,weekday_2008,1786577359,23.0,2.9862,101.7905,0.0
SCS21,weekday_2014,1786577347,76.0,2.7254,101.9113,0.0
SCS13,2904,1786577347,114.0,6.0651,100.388,0.0
SCS26,weekday_2002,1786577346,0.0,3.1815,101.6884,0.0
DMU05,51,1786577345,12.0,5.3025,102.022,0.0
DMU03,53,1786577357,66.0,5.8277,102.1494,0.0
DMU09,52,1786577357,33.0,4.9262,101.989,0.0
EMU39,2903,1786577357,78.0,5.3813,100.3852,0.0
SCS32,weekday_2112,1786577345,32.0,3.076,101.5597,0.0
SCS04,weekday_2008,1786577434,58.0,2.9917,101.7843,0.0
EMU39,2903,1786577432,21.0,5.3861,100.3762,0.0
DMU03,53,1786577432,26.0,5.818,102.1482,0.0
DMU09,52,1786577432,51.0,4.9273,101.998,0.0
SCS37,weekday_2012,1786577429,1.0,2.8018,101.7993,0.0
SCS29,weekday_2102,1786577429,41.0,3.2614,101.5561,0.0
SCS13,2904,1786577407,115.0,6.0809,100.3793,0.0
SCS21,weekday_2014,1786577407,96.0,2.7307,101.8992,0.0
SCS26,weekday_2002,1786577406,31.0,3.1853,101.6898,0.0
SCS32,weekday_2112,1786577405,30.0,3.0767,101.5641,0.0
DMU05,51,1786577405,4.0,5.3003,102.0202,0.0
SCS23,2907,1786577398,118.0,5.7512,100.5029,0.0
EMU35,2905,1786577394,115.0,5.4623,100.4958,0.0
DMU09,52,1786577492,48.0,4.9339,102.0032,0.0
SCS04,weekday_2008,1786577494,87.0,2.9959,101.7716,0.0
DMU03,53,1786577492,1.0,5.8157,102.1479,0.0
SCS21,weekday_2014,1786577482,79.0,2.7407,101.8887,0.0
SCS26,weekday_2002,1786577481,63.0,3.1939,101.6848,0.0
DMU05,51,1786577480,15.0,5.299,102.0196,0.0
EMU35,2905,1786577454,106.0,5.4454,100.4914,0.0
SCS26,weekday_2002,1786577556,0.0,3.1977,101.6816,0.0
DMU05,51,1786577555,20.0,5.295,102.0192,0.0
SCS32,weekday_2112,1786577555,23.0,3.0825,101.5823,0.0
SCS04,weekday_2008,1786577554,97.0,2.9908,101.76,0.0
EMU39,2903,1786577552,14.0,5.3888,100.3717,0.0
DMU09,52,1786577552,50.0,4.9415,102.0055,0.0
DMU03,53,1786577552,28.0,5.8142,102.1477,0.0
SCS13,2904,1786577542,33.0,6.1127,100.3695,0.0
SCS21,weekday_2014,1786577527,84.0,2.7395,101.8787,0.0
EMU35,2905,1786577514,115.0,5.4291,100.4847,0.0
SCS21,weekday_2014,1786577572,26.0,2.7413,101.8721,0.0
SCS13,2904,1786577572,0.0,6.1136,100.3699,0.0
SCS26,weekday_2002,1786577571,0.0,3.1977,101.6816,0.0
SCS32,weekday_2112,1786577570,35.0,3.0832,101.5835,0.0
DMU05,51,1786577570,22.0,5.2939,102.0189,0.0
SCS04,weekday_2008,1786577569,98.0,2.9913,101.7561,0.0
EMU39,2903,1786577567,16.0,5.3894,100.3712,0.0
DMU09,52,1786577567,52.0,4.9436,102.0054,0.0
SCS13,2904,1786577662,111.0,6.1235,100.3744,0.0
SCS21,weekday_2014,1786577662,55.0,2.7424,101.8683,0.0
DMU05,51,1786577675,15.0,5.2896,102.0134,0.0
SCS04,weekday_2008,1786577674,47.0,3.0014,101.7355,0.0
EMU39,2903,1786577672,6.0,5.3933,100.3665,0.0
DMU03,53,1786577672,0.0,5.8065,102.1467,0.0
DMU09,52,1786577672,28.0,4.9558,102.0078,0.0
SCS32,weekday_2112,1786577645,0.0,3.0847,101.5878,0.0
SCS13,2904,1786577707,116.0,6.136,100.38,0.0
DMU09,52,1786577702,44.0,4.9587,102.0089,0.0
DMU05,51,1786577705,20.0,5.2896,102.0117,0.0
SCS32,weekday_2112,1786577705,25.0,3.0846,101.589,0.0
EMU39,2903,1786577702,0.0,5.3935,100.3663,0.0
DMU03,53,1786577702,0.0,5.8065,102.1467,0.0
SCS26,weekday_2002,1786577706,0.0,3.2043,101.676,0.0
SCS04,weekday_2008,1786577689,25.0,3.0024,101.7346,0.0
SCS29,weekday_2102,1786577729,41.0,3.3109,101.5749,0.0
SCS37,weekday_2012,1786577729,0.0,2.8298,101.8267,0.0
SCS24,2908,1786577726,4.0,5.3924,100.3675,0.0
EMU40,2911,1786577726,0.0,6.6625,100.3198,0.0
EMU35,2905,1786577724,96.0,5.3728,100.4685,0.0
SCS21,weekday_2014,1786577707,88.0,2.7449,101.8593,0.0
SCS04,weekday_2008,1786577734,34.0,3.0042,101.7314,0.0
SCS13,2904,1786577782,115.0,6.1585,100.3795,0.0
EMU35,2905,1786577784,44.0,5.3605,100.467,0.0
DMU05,51,1786577795,14.0,5.2907,102.0062,0.0
SCS09,weekday_2007,1786577795,40.0,3.2366,101.6811,0.0
DMU09,52,1786577792,2.0,4.9629,102.0105,0.0
DMU03,53,1786577792,0.0,5.8065,102.1467,0.0
SCS21,weekday_2014,1786577782,96.0,2.7502,101.8404,0.0
SCS32,weekday_2112,1786577780,82.0,3.083,101.5991,0.0
SCS26,weekday_2002,1786577841,10.0,3.214,101.672,0.0
EMU35,2905,1786577829,39.0,5.3571,100.4645,0.0
SCS09,weekday_2007,1786577825,53.0,3.2335,101.6783,0.0
EMU40,2911,1786577816,46.0,6.6587,100.3149,0.0
SCS24,2908,1786577831,21.0,5.3889,100.3717,0.0
SCS32,weekday_2112,1786577840,10.0,3.0831,101.6108,0.0
DMU05,51,1786577840,21.0,5.2884,102.0055,0.0
SCS29,weekday_2102,1786577834,0.0,3.3203,101.5745,0.0
SCS04,weekday_2008,1786577824,58.0,3.0121,101.7244,0.0
SCS13,2904,1786577812,115.0,6.1676,100.3788,0.0
SCS21,weekday_2014,1786577812,36.0,2.7518,101.8348,0.0
DMU09,52,1786577852,42.0,4.9669,102.0116,0.0
SCS24,2908,1786577951,94.0,5.3804,100.3869,0.0
EMU35,2905,1786577950,54.0,5.3659,100.4503,0.0
SCS21,weekday_2014,1786577977,0.0,2.7543,101.8261,0.0
SCS13,2904,1786577977,92.0,6.1891,100.371,0.0
SCS26,weekday_2002,1786577976,25.0,3.2302,101.674,0.0
DMU05,51,1786577975,52.0,5.2712,102.0092,0.0
SCS32,weekday_2112,1786577975,0.0,3.0845,101.6214,0.0
SCS09,weekday_2007,1786577975,0.0,3.2151,101.6722,0.0
SCS04,weekday_2008,1786577974,17.0,3.0223,101.7164,0.0
DMU09,52,1786577972,54.0,4.9833,102.0149,0.0
DMU03,53,1786577972,0.0,5.8065,102.1466,0.0
SCS37,weekday_2012,1786577969,97.0,2.8515,101.8228,0.0
EMU40,2911,1786577936,94.0,6.6494,100.2997,0.0
SCS29,weekday_2102,1786577969,51.0,3.3289,101.5689,0.0
SCS29,weekday_2102,1786578029,79.0,3.339,101.5726,0.0
SCS37,weekday_2012,1786578029,6.0,2.8608,101.8201,0.0
SCS23,2907,1786578028,114.0,5.6075,100.4954,0.0
SCS24,2908,1786577981,99.0,5.3768,100.3938,0.0
EMU35,2905,1786577980,4.0,5.3664,100.4477,0.0
SCS13,2904,1786577977,92.0,6.1891,100.371,0.0
EMU40,2911,1786578026,114.0,6.6344,100.2772,0.0
SCS09,weekday_2007,1786578005,9.0,3.2149,101.6722,0.0
SCS32,weekday_2112,1786578005,53.0,3.0847,101.623,0.0
SCS04,weekday_2008,1786578004,0.0,3.0227,101.7162,0.0
DMU05,51,1786578005,11.0,5.2686,102.0096,0.0
DMU09,52,1786578002,50.0,4.9876,102.0156,0.0
DMU03,53,1786578002,0.0,5.8065,102.1466,0.0
DMU09,52,1786578032,30.0,4.9907,102.0169,0.0
DMU03,53,1786578032,0.0,5.8065,102.1466,0.0
SCS21,weekday_2014,1786578082,89.0,2.7573,101.8151,0.0
SCS24,2908,1786578071,78.0,5.3671,100.4147,0.0
EMU35,2905,1786578070,72.0,5.367,100.4423,0.0
SCS13,2904,1786578082,114.0,6.2194,100.3638,0.0
SCS26,weekday_2002,1786578081,14.0,3.2357,101.6809,0.0
DMU05,51,1786578080,17.0,5.2676,102.0096,0.0
SCS09,weekday_2007,1786578080,47.0,3.2061,101.6746,0.0
SCS32,weekday_2112,1786578080,0.0,3.0846,101.6316,0.0
SCS04,weekday_2008,1786578079,16.0,3.025,101.715,0.0
DMU05,51,1786578125,60.0,5.262,102.0099,0.0
SCS04,weekday_2008,1786578124,0.0,3.0254,101.7148,0.0
DMU03,53,1786578092,0.0,5.8065,102.1466,0.0
DMU09,52,1786578122,34.0,5.0004,102.0218,0.0
SCS29,weekday_2102,1786578089,95.0,3.3538,101.5717,0.0
SCS37,weekday_2012,1786578089,9.0,2.8626,101.8196,0.0
EMU40,2911,1786578086,110.0,6.6219,100.2656,0.0
SCS24,2908,1786578086,64.0,5.3661,100.4174,0.0
EMU35,2905,1786578085,90.0,5.3661,100.4392,0.0
SCS23,2907,1786578118,116.0,5.5808,100.4951,0.0
SCS21,weekday_2014,1786578067,82.0,2.7563,101.8185,0.0
SCS26,weekday_2002,1786578216,0.0,3.2371,101.6812,0.0
SCS32,weekday_2112,1786578215,10.0,3.0833,101.6558,0.0
SCS09,weekday_2007,1786578215,36.0,3.1994,101.6803,0.0
DMU05,51,1786578215,24.0,5.2494,102.0099,0.0
SCS04,weekday_2008,1786578214,27.0,3.0293,101.7122,0.0
EMU40,2911,1786578206,116.0,6.5861,100.2626,0.0
DMU09,52,1786578197,37.0,5.0084,102.0247,0.0
SCS24,2908,1786578221,57.0,5.3637,100.4236,0.0
EMU35,2905,1786578220,0.0,5.3646,100.4212,0.0
SCS13,2904,1786578217,115.0,6.2591,100.3557,0.0
SCS21,weekday_2014,1786578217,93.0,2.7854,101.799,0.0
EMU35,2905,1786578265,22.0,5.3647,100.4209,0.0
DMU03,53,1786578242,72.0,5.7982,102.1457,0.0
SCS13,2904,1786578262,114.0,6.2724,100.353,0.0
SCS21,weekday_2014,1786578262,79.0,2.7955,101.796,0.0
SCS26,weekday_2002,1786578261,0.0,3.2371,101.6812,0.0
DMU05,51,1786578260,0.0,5.2488,102.0098,0.0
SCS32,weekday_2112,1786578260,35.0,3.0836,101.6568,0.0
SCS09,weekday_2007,1786578260,0.0,3.1988,101.6808,0.0
SCS04,weekday_2008,1786578259,27.0,3.0315,101.7094,0.0
SCS37,weekday_2012,1786578254,22.0,2.8763,101.8165,0.0
SCS29,weekday_2102,1786578254,104.0,3.369,101.6068,0.0
SCS23,2907,1786578253,114.0,5.5408,100.5025,0.0
SCS24,2908,1786578236,85.0,5.3626,100.4264,0.0
EMU40,2911,1786578221,119.0,6.5815,100.2621,0.0
SCS13,2904,1786578337,115.0,6.2945,100.3485,0.0
SCS26,weekday_2002,1786578336,0.0,3.2371,101.6812,0.0
SCS32,weekday_2112,1786578335,0.0,3.0862,101.6638,0.0
DMU03,53,1786578272,68.0,5.7925,102.145,0.0
DMU03,53,1786578362,66.0,5.7764,102.1429,0.0
SCS21,weekday_2014,1786578352,0.0,2.8027,101.8001,0.0
SCS13,2904,1786578352,115.0,6.2989,100.3476,0.0
SCS26,weekday_2002,1786578351,0.0,3.2371,101.6812,0.0
SCS04,weekday_2008,1786578349,88.0,3.0417,101.7082,0.0
DMU09,52,1786578392,16.0,5.0208,102.0317,0.0
EMU35,2905,1786578355,84.0,5.3718,100.4032,0.0
SCS37,weekday_2012,1786578389,98.0,2.8907,101.7961,0.0
SCS29,weekday_2102,1786578389,86.0,3.3802,101.6186,0.0
SCS23,2907,1786578388,114.0,5.5015,100.5032,0.0
SCS24,2908,1786578386,0.0,5.3662,100.4485,0.0
SCS32,weekday_2112,1786578380,64.0,3.0872,101.6667,0.0
DMU05,51,1786578380,54.0,5.2356,102.0096,0.0
SCS09,weekday_2007,1786578380,23.0,3.192,101.6866,0.0
SCS13,2904,1786578442,114.0,6.3237,100.338,0.0
SCS21,weekday_2014,1786578442,73.0,2.8106,101.8074,0.0
SCS26,weekday_2002,1786578441,0.0,3.2371,101.6812,0.0
SCS09,weekday_2007,1786578440,43.0,3.1857,101.69,0.0
DMU05,51,1786578440,0.0,5.2308,102.0102,0.0
SCS32,weekday_2112,1786578440,25.0,3.0948,101.6698,0.0
SCS04,weekday_2008,1786578439,91.0,3.063,101.7077,0.0
DMU09,52,1786578392,16.0,5.0208,102.0317,0.0
DMU03,53,1786578392,64.0,5.7719,102.1402,0.0
SCS21,weekday_2014,1786578487,55.0,2.8149,101.8136,0.0
SCS32,weekday_2112,1786578485,12.0,3.0952,101.6699,0.0
SCS04,weekday_2008,1786578484,68.0,3.0731,101.7091,0.0
EMU40,2911,1786578476,0.0,6.5234,100.2568,0.0
DMU05,51,1786578500,20.0,5.2297,102.0104,0.0
DMU03,53,1786578497,44.0,5.7618,102.1496,0.0
SCS29,weekday_2102,1786578494,99.0,3.4066,101.628,0.0
SCS24,2908,1786578491,38.0,5.3618,100.4602,0.0
EMU35,2905,1786578490,39.0,5.3853,100.3777,0.0
SCS13,2904,1786578487,115.0,6.3346,100.3299,0.0
SCS09,weekday_2007,1786578485,0.0,3.1828,101.6889,0.0
DMU09,52,1786578482,10.0,5.0246,102.0387,0.0
SCS24,2908,1786578521,43.0,5.359,100.4624,0.0
EMU40,2911,1786578521,84.0,6.5177,100.2558,0.0
EMU35,2905,1786578520,27.0,5.3865,100.3752,0.0
SCS13,2904,1786578517,114.0,6.3418,100.3245,0.0
DMU05,51,1786578515,30.0,5.2285,102.0106,0.0
SCS32,weekday_2112,1786578515,78.0,3.0994,101.671,0.0
SCS09,weekday_2007,1786578515,0.0,3.1828,101.6889,0.0
SCS04,weekday_2008,1786578514,9.0,3.0758,101.7106,0.0
DMU09,52,1786578512,0.0,5.0246,102.0388,0.0
DMU03,53,1786578512,45.0,5.7612,102.1514,0.0
SCS21,weekday_2014,1786578517,19.0,2.8172,101.8159,0.0
SCS09,weekday_2007,1786578635,0.0,3.179,101.6873,0.0
SCS32,weekday_2112,1786578635,13.0,3.113,101.6733,0.0
SCS04,weekday_2008,1786578634,25.0,3.0802,101.7152,0.0
SCS37,weekday_2012,1786578614,23.0,2.9056,101.7876,0.0
SCS29,weekday_2102,1786578629,109.0,3.4378,101.6365,0.0
SCS21,weekday_2014,1786578622,22.0,2.8257,101.8246,0.0
DMU05,51,1786578620,29.0,5.2148,102.0125,0.0
EMU35,2905,1786578610,22.0,5.3889,100.3717,0.0
DMU03,53,1786578602,71.0,5.7486,102.1576,0.0
SCS23,2907,1786578643,115.0,5.4585,100.4948,0.0
SCS24,2908,1786578641,114.0,5.3714,100.4683,0.0
SCS29,weekday_2102,1786578659,107.0,3.4461,101.6387,0.0
SCS04,weekday_2008,1786578649,24.0,3.0812,101.7155,0.0
DMU09,52,1786578647,42.0,5.0325,102.0477,0.0
DMU03,53,1786578692,63.0,5.7327,102.1619,0.0
SCS37,weekday_2012,1786578689,21.0,2.9067,101.7917,0.0
SCS21,weekday_2014,1786578652,18.0,2.827,101.8259,0.0
SCS13,2904,1786578652,35.0,6.3705,100.303,0.0
DMU05,51,1786578650,0.0,5.2139,102.0125,0.0
SCS32,weekday_2112,1786578650,38.0,3.1142,101.6728,0.0
SCS09,weekday_2007,1786578650,0.0,3.179,101.6873,0.0
EMU35,2905,1786578745,0.0,5.3932,100.3665,0.0
SCS21,weekday_2014,1786578742,0.0,2.8311,101.827,0.0
SCS13,2904,1786578742,87.0,6.3754,100.2994,0.0
DMU05,51,1786578740,37.0,5.2099,102.0125,0.0
SCS32,weekday_2112,1786578740,1.0,3.1183,101.6722,0.0
SCS09,weekday_2007,1786578740,25.0,3.1748,101.6851,0.0
SCS04,weekday_2008,1786578739,56.0,3.0872,101.711,0.0
DMU09,52,1786578692,0.0,5.034,102.0505,0.0
DMU03,53,1786578752,66.0,5.7229,102.1583,0.0
DMU09,52,1786578782,20.0,5.0358,102.0539,0.0
DMU03,53,1786578782,65.0,5.7179,102.1564,0.0
DMU05,51,1786578785,43.0,5.2048,102.0129,0.0
SCS32,weekday_2112,1786578785,15.0,3.1224,101.6759,0.0
SCS04,weekday_2008,1786578784,7.0,3.0912,101.7104,0.0
SCS09,weekday_2007,1786578770,21.0,3.1726,101.6848,0.0
EMU40,2911,1786578839,32.0,6.432,100.2683,0.0
SCS04,weekday_2008,1786578829,27.0,3.0922,101.7103,0.0
DMU09,52,1786578827,11.0,5.0372,102.0553,0.0
DMU03,53,1786578827,65.0,5.7104,102.1534,0.0
EMU40,2911,1786578914,51.0,6.4294,100.2692,0.0
DMU05,51,1786578935,41.0,5.1897,102.0116,0.0
SCS04,weekday_2008,1786578874,37.0,3.096,101.7082,0.0
DMU09,52,1786578872,14.0,5.0391,102.0558,0.0
SCS13,2904,1786578937,112.0,6.4253,100.2706,0.0
SCS37,weekday_2012,1786578989,74.0,2.9437,101.7861,0.0
SCS23,2907,1786578988,56.0,5.3634,100.4674,0.0
SCS24,2908,1786578986,114.0,5.4699,100.4961,0.0
DMU05,51,1786578935,41.0,5.1897,102.0116,0.0
DMU03,53,1786578962,0.0,5.7029,102.1519,0.0
EMU40,2911,1786578944,93.0,6.4237,100.2712,0.0
SCS13,2904,1786578937,112.0,6.4253,100.2706,0.0
SCS21,weekday_2014,1786578937,67.0,2.8449,101.8247,0.0
SCS24,2908,1786579016,89.0,5.4783,100.4969,0.0
SCS04,weekday_2008,1786578994,29.0,3.0994,101.7039,0.0
SCS09,weekday_2007,1786578994,48.0,3.1614,101.6921,0.0
SCS13,2904,1786579117,117.0,6.4501,100.262,0.0
DMU05,51,1786579115,0.0,5.1739,102.0098,0.0
SCS04,weekday_2008,1786579114,93.0,3.1111,101.6893,0.0
DMU03,53,1786579097,60.0,5.6865,102.1525,0.0
EMU40,2911,1786579094,100.0,6.386,100.2914,0.0
DMU03,53,1786579142,60.0,5.6794,102.1548,0.0
SCS29,weekday_2102,1786579124,89.0,3.5161,101.6291,0.0
SCS24,2908,1786579166,113.0,5.4939,100.5011,0.0
DMU03,53,1786579172,60.0,5.6749,102.1564,0.0
SCS21,weekday_2014,1786579192,10.0,2.8723,101.8178,0.0
SCS13,2904,1786579192,114.0,6.4715,100.2547,0.0
SCS09,weekday_2007,1786579189,14.0,3.1464,101.6914,0.0
SCS24,2908,1786579301,114.0,5.533,100.5046,0.0
DMU03,53,1786579277,54.0,5.6578,102.1568,0.0
SCS13,2904,1786579297,114.0,6.503,100.2534,0.0
DMU05,51,1786579295,29.0,5.1726,102.0224,0.0
SCS24,2908,1786579346,114.0,5.546,100.5009,0.0
DMU03,53,1786579322,63.0,5.6503,102.1582,0.0
DMU09,52,1786579322,37.0,5.0749,102.0684,0.0
SCS29,weekday_2102,1786579304,14.0,3.5536,101.6394,0.0
SCS13,2904,1786579402,0.0,6.5244,100.257,0.0
DMU05,51,1786579400,27.0,5.1722,102.0341,0.0
SCS09,weekday_2007,1786579399,16.0,3.1377,101.6926,0.0
SCS04,weekday_2008,1786579399,15.0,3.1216,101.6781,0.0
DMU03,53,1786579397,69.0,5.6374,102.1605,0.0
DMU03,53,1786579457,71.0,5.6268,102.1641,0.0
DMU09,52,1786579457,15.0,5.0802,102.0695,0.0
SCS09,weekday_2007,1786579474,30.0,3.1352,101.6889,0.0
SCS32,weekday_2112,1786579528,8.0,3.1392,101.6934,0.0
SCS13,2904,1786579507,115.0,6.5375,100.2592,0.0
EMU40,2911,1786579506,111.0,6.3075,100.3459,0.0
DMU05,51,1786579505,33.0,5.164,102.0375,0.0
SCS04,weekday_2008,1786579504,7.0,3.1277,101.6795,0.0
SCS09,weekday_2007,1786579474,30.0,3.1352,101.6889,0.0
DMU03,53,1786579502,72.0,5.6184,102.1663,0.0
DMU09,52,1786579502,39.0,5.0832,102.071,0.0
SCS13,2904,1786579552,115.0,6.5511,100.2598,0.0
EMU40,2911,1786579551,104.0,6.2951,100.3484,0.0
SCS21,weekday_2014,1786579552,0.0,2.9048,101.7869,0.0
SCS04,weekday_2008,1786579534,0.0,3.1279,101.6797,0.0
SCS09,weekday_2007,1786579534,0.0,3.1349,101.6886,0.0
EMU40,2911,1786579656,111.0,6.2648,100.3546,0.0
DMU05,51,1786579655,18.0,5.1532,102.0433,0.0
DMU09,52,1786579652,36.0,5.0944,102.0729,0.0
SCS24,2908,1786579631,116.0,5.6297,100.4917,0.0
SCS21,weekday_2014,1786579657,17.0,2.9064,101.7901,0.0
SCS13,2904,1786579657,115.0,6.5822,100.2622,0.0
DMU09,52,1786579712,28.0,5.0994,102.0734,0.0
SCS32,weekday_2112,1786579708,1.0,3.1538,101.6924,0.0
SCS13,2904,1786579687,115.0,6.5913,100.263,0.0
EMU40,2911,1786579686,113.0,6.2562,100.3564,0.0
SCS04,weekday_2008,1786579684,0.0,3.1323,101.6836,0.0
DMU05,51,1786579685,0.0,5.1521,102.0438,0.0
SCS24,2908,1786579661,101.0,5.6383,100.4893,0.0
SCS09,weekday_2007,1786579684,0.0,3.1349,101.6886,0.0
SCS29,weekday_2102,1786579664,100.0,3.6025,101.591,0.0
SCS23,2907,1786579663,98.0,5.3778,100.3918,0.0
SCS21,weekday_2014,1786579657,17.0,2.9064,101.7901,0.0
SCS24,2908,1786579736,0.0,5.6437,100.4901,0.0
SCS21,weekday_2014,1786579732,61.0,2.9091,101.7948,0.0
DMU03,53,1786579757,68.0,5.5876,102.1813,0.0
SCS29,weekday_2102,1786579739,111.0,3.6182,101.5762,0.0
SCS32,weekday_2112,1786579738,0.0,3.1539,101.6924,0.0
SCS23,2907,1786579738,37.0,5.3855,100.3772,0.0
SCS13,2904,1786579732,115.0,6.605,100.2632,0.0
EMU40,2911,1786579731,113.0,6.2429,100.3591,0.0
DMU05,51,1786579730,5.0,5.1519,102.0439,0.0
SCS04,weekday_2008,1786579714,0.0,3.1323,101.6836,0.0
SCS09,weekday_2007,1786579714,0.0,3.1349,101.6886,0.0
EMU40,2911,1786579839,113.0,6.2121,100.3654,0.0
DMU03,53,1786579817,62.0,5.5782,102.1857,0.0
SCS09,weekday_2007,1786579804,0.0,3.1349,101.6886,0.0
SCS04,weekday_2008,1786579804,0.0,3.1323,101.6836,0.0
SCS21,weekday_2014,1786579837,73.0,2.9291,101.7939,0.0
EMU40,2911,1786579839,113.0,6.2121,100.3654,0.0
SCS09,weekday_2007,1786579834,11.0,3.1322,101.6823,0.0
DMU05,51,1786579865,15.0,5.1451,102.045,0.0
SCS29,weekday_2102,1786579844,107.0,3.6418,101.5566,0.0
SCS23,2907,1786579843,10.0,5.3883,100.3722,0.0
SCS24,2908,1786579841,101.0,5.6533,100.4918,0.0
SCS04,weekday_2008,1786579864,0.0,3.1323,101.6836,0.0
DMU03,53,1786579862,62.0,5.5706,102.1861,0.0
SCS13,2904,1786579837,114.0,6.6325,100.2746,0.0
EMU40,2911,1786579914,105.0,6.1908,100.3701,0.0
SCS17,weekday_2010,1786579914,0.0,3.0986,101.7051,0.0
SCS21,weekday_2014,1786579912,30.0,2.9393,101.7884,0.0
SCS24,2908,1786579916,111.0,5.6755,100.4956,0.0
DMU05,51,1786579910,0.0,5.1437,102.0455,0.0
SCS09,weekday_2007,1786579909,20.0,3.1268,101.679,0.0
SCS04,weekday_2008,1786579909,0.0,3.1323,101.6836,0.0
SCS09,weekday_2007,1786579984,21.0,3.1226,101.6782,0.0
DMU03,53,1786579997,63.0,5.5498,102.1953,0.0
SCS09,weekday_2007,1786580014,24.0,3.1207,101.6785,0.0
SCS04,weekday_2008,1786580014,27.0,3.138,101.6892,0.0
SCS13,2904,1786580043,54.0,6.6606,100.3175,0.0
DMU03,53,1786580042,64.0,5.5425,102.1971,0.0
SCS24,2908,1786580021,114.0,5.7029,100.5104,0.0
SCS17,weekday_2010,1786580019,49.0,3.1034,101.6989,0.0
SCS32,weekday_2112,1786580023,50.0,3.1677,101.6876,0.0
SCS13,2904,1786580073,17.0,6.6625,100.32,0.0
DMU05,51,1786580090,0.0,5.1399,102.0473,0.0
SCS24,2908,1786580096,114.0,5.7247,100.5132,0.0
SCS17,weekday_2010,1786580094,61.0,3.111,101.6895,0.0
SCS17,weekday_2010,1786580229,5.0,3.1139,101.681,0.0
DMU03,53,1786580222,0.0,5.5301,102.203,0.0
EMU40,2911,1786580244,105.0,6.126,100.3755,0.0
SCS21,weekday_2014,1786580242,58.0,2.9727,101.7903,0.0
DMU05,51,1786580240,1.0,5.142,102.0464,0.0
SCS09,weekday_2007,1786580239,0.0,3.1194,101.6787,0.0
SCS04,weekday_2008,1786580239,23.0,3.1418,101.6939,0.0
SCS24,2908,1786580231,113.0,5.7622,100.4977,0.0
SCS32,weekday_2112,1786580203,0.0,3.1861,101.6646,0.0
DMU05,51,1786580300,6.0,5.1436,102.0455,0.0
SCS21,weekday_2014,1786580287,16.0,2.9767,101.7904,0.0
SCS24,2908,1786580276,115.0,5.7746,100.4924,0.0
EMU40,2911,1786580274,99.0,6.1184,100.3721,0.0
SCS09,weekday_2007,1786580269,0.0,3.1194,101.6787,0.0
SCS04,weekday_2008,1786580269,23.0,3.1444,101.6931,0.0
DMU03,53,1786580357,2.0,5.5263,102.2047,0.0
SCS09,weekday_2007,1786580344,0.0,3.1225,101.6781,0.0
SCS24,2908,1786580426,89.0,5.8168,100.4786,0.0
DMU05,51,1786580405,0.0,5.1439,102.0454,0.0
SCS17,weekday_2010,1786580424,22.0,3.1196,101.6787,0.0
SCS04,weekday_2008,1786580434,0.0,3.1538,101.6923,0.0
SCS09,weekday_2007,1786580434,0.0,3.1225,101.6781,0.0
EMU40,2911,1786580424,100.0,6.1029,100.367,0.0
DMU03,53,1786580477,3.0,5.5272,102.2043,0.0
SCS09,weekday_2007,1786580449,0.0,3.1225,101.6781,0.0
SCS04,weekday_2008,1786580449,1.0,3.1538,101.6924,0.0
SCS32,weekday_2112,1786580443,41.0,3.1984,101.6413,0.0
SCS24,2908,1786580441,74.0,5.82,100.4783,0.0
EMU40,2911,1786580439,110.0,6.0993,100.369,0.0
SCS21,weekday_2014,1786580437,0.0,2.9833,101.7905,0.0
DMU05,51,1786580435,0.0,5.1439,102.0454,0.0
SCS09,weekday_2007,1786580554,0.0,3.1225,101.6781,0.0
SCS04,weekday_2008,1786580554,3.0,3.165,101.6913,0.0
DMU03,53,1786580537,5.0,5.5285,102.2037,0.0
DMU05,51,1786580525,0.0,5.1439,102.0454,0.0
EMU40,2911,1786580529,114.0,6.0751,100.3824,0.0
SCS17,weekday_2010,1786580559,15.0,3.1277,101.6796,0.0
SCS21,weekday_2014,1786580557,0.0,2.9834,101.7905,0.0
DMU05,51,1786580555,0.0,5.1439,102.0454,0.0
SCS24,2908,1786580606,115.0,5.8377,100.4769,0.0
SCS09,weekday_2007,1786580584,0.0,3.1225,101.6781,0.0
SCS04,weekday_2008,1786580584,0.0,3.165,101.6913,0.0
SCS32,weekday_2112,1786580563,0.0,3.2022,101.6376,0.0
EMU40,2911,1786580604,114.0,6.0553,100.3936,0.0
SCS09,weekday_2007,1786580629,0.0,3.1225,101.6781,0.0
SCS04,weekday_2008,1786580629,23.0,3.1655,101.6907,0.0
SCS21,weekday_2014,1786580632,0.0,2.9835,101.7905,0.0
EMU40,2911,1786580634,109.0,6.0476,100.3979,0.0
SCS17,weekday_2010,1786580739,0.0,3.1324,101.6835,0.0
SCS04,weekday_2008,1786580734,14.0,3.1703,101.6853,0.0
DMU05,51,1786580735,0.0,5.1437,102.0455,0.0
SCS32,weekday_2112,1786580788,0.0,3.2022,101.6376,0.0
SCS24,2908,1786580786,114.0,5.8915,100.4768,0.0
SCS17,weekday_2010,1786580784,0.0,3.1324,101.6835,0.0
SCS09,weekday_2007,1786580764,15.0,3.1256,101.6784,0.0
SCS21,weekday_2014,1786580737,13.0,2.9858,101.7905,0.0
SCS04,weekday_2008,1786580734,14.0,3.1703,101.6853,0.0
EMU40,2911,1786580768,112.0,6.0125,100.4178,0.0
DMU03,53,1786580762,0.0,5.5302,102.2029,0.0
DMU05,51,1786580810,0.0,5.1437,102.0455,0.0
SCS21,weekday_2014,1786580812,0.0,2.988,101.7903,0.0
DMU03,53,1786580837,0.0,5.5301,102.203,0.0
SCS17,weekday_2010,1786580814,0.0,3.1324,101.6835,0.0
EMU40,2911,1786580813,104.0,6.0013,100.4241,0.0
SCS24,2908,1786580951,114.0,5.9379,100.4593,0.0
DMU03,53,1786580942,0.0,5.5301,102.203,0.0
SCS04,weekday_2008,1786580940,0.0,3.1814,101.6883,0.0
SCS17,weekday_2010,1786580949,16.0,3.1382,101.6931,0.0
SCS09,weekday_2007,1786580914,15.0,3.132,101.6831,0.0
SCS32,weekday_2112,1786580967,5.0,3.2085,101.6292,0.0
DMU05,51,1786580960,0.0,5.1438,102.0455,0.0
DMU03,53,1786581017,0.0,5.5301,102.2029,0.0
EMU40,2911,1786580993,0.0,5.9718,100.4408,0.0
SCS21,weekday_2014,1786581022,0.0,2.9846,101.7906,0.0
DMU05,51,1786580990,0.0,5.1438,102.0455,0.0
DMU03,53,1786581077,0.0,5.5301,102.2029,0.0
SCS04,weekday_2008,1786581075,67.0,3.195,101.6839,0.0
SCS21,weekday_2014,1786581157,0.0,2.9846,101.7906,0.0
SCS04,weekday_2008,1786581150,0.0,3.1978,101.6816,0.0
EMU40,2911,1786581128,115.0,5.9459,100.4554,0.0
DMU05,51,1786581155,12.0,5.1393,102.0475,0.0
SCS17,weekday_2010,1786581144,19.0,3.1433,101.6937,0.0
SCS09,weekday_2007,1786581169,0.0,3.1323,101.6835,0.0
DMU03,53,1786581167,0.0,5.53,102.2029,0.0
SCS04,weekday_2008,1786581165,0.0,3.1978,101.6816,0.0
DMU05,51,1786581155,12.0,5.1393,102.0475,0.0
SCS32,weekday_2112,1786581162,98.0,3.1996,101.6049,0.0
SCS24,2908,1786581161,18.0,5.9729,100.4401,0.0
SCS17,weekday_2010,1786581159,14.0,3.1442,101.6932,0.0
EMU40,2911,1786581158,111.0,5.9379,100.4593,0.0
SCS21,weekday_2014,1786581157,0.0,2.9846,101.7906,0.0
EMU40,2911,1786581263,104.0,5.909,100.4704,0.0
SCS21,weekday_2014,1786581262,0.0,2.9846,101.7906,0.0
DMU05,51,1786581260,12.0,5.1361,102.0518,0.0
SCS17,weekday_2010,1786581249,58.0,3.1522,101.6913,0.0
SCS04,weekday_2008,1786581270,26.0,3.2038,101.6765,0.0
DMU03,53,1786581302,0.0,5.5301,102.203,0.0
SCS09,weekday_2007,1786581304,0.0,3.1323,101.6835,0.0
SCS13,2915,1786581303,0.0,6.6627,100.3202,0.0
SCS17,weekday_2010,1786581324,1.0,3.1549,101.6932,0.0
DMU05,51,1786581305,19.0,5.135,102.0535,0.0
SCS21,weekday_2014,1786581277,0.0,2.9846,101.7906,0.0
SCS04,weekday_2008,1786581330,20.0,3.2046,101.6757,0.0
EMU40,2911,1786581323,109.0,5.8935,100.4763,0.0
SCS13,2915,1786581333,10.0,6.6626,100.3201,0.0
SCS04,weekday_2008,1786581375,60.0,3.2108,101.672,0.0
DMU03,53,1786581332,0.0,5.5302,102.2029,0.0
SCS32,weekday_2112,1786581387,0.0,3.2057,101.5809,0.0
SCS24,2908,1786581386,114.0,6.0277,100.4092,0.0
EMU40,2911,1786581383,114.0,5.8758,100.477,0.0
SCS21,weekday_2014,1786581382,44.0,2.9888,101.7899,0.0
DMU05,51,1786581350,38.0,5.1313,102.056,0.0
SCS09,weekday_2007,1786581349,8.0,3.1357,101.6892,0.0
SCS21,weekday_2014,1786581457,91.0,2.9951,101.7764,0.0
DMU05,51,1786581455,50.0,5.123,102.0601,0.0
DMU03,53,1786581437,10.0,5.5269,102.2044,0.0
DMU03,53,1786581482,38.0,5.5242,102.2057,0.0
SCS04,weekday_2008,1786581480,73.0,3.2174,101.6723,0.0
EMU40,2911,1786581458,114.0,5.8543,100.4769,0.0
SCS09,weekday_2007,1786581484,11.0,3.14,101.6937,0.0
SCS13,2915,1786581483,45.0,6.6542,100.3082,0.0
SCS24,2908,1786581506,114.0,6.0589,100.3915,0.0
SCS17,weekday_2010,1786581504,19.0,3.1665,101.6897,0.0
DMU05,51,1786581485,46.0,5.1197,102.0625,0.0
DMU09,52,1786581482,0.0,5.1739,102.0099,0.0
SCS32,weekday_2112,1786581462,63.0,3.2086,101.5756,0.0
DMU09,52,1786581557,13.0,5.1745,102.0096,0.0
SCS04,weekday_2008,1786581555,57.0,3.2312,101.6752,0.0
SCS09,weekday_2007,1786581559,24.0,3.1447,101.6926,0.0
SCS13,2915,1786581558,106.0,6.6475,100.295,0.0
SCS21,weekday_2014,1786581532,85.0,2.9907,101.7609,0.0
DMU05,51,1786581530,29.0,5.1161,102.0658,0.0
SCS21,weekday_2014,1786581637,79.0,2.9986,101.7383,0.0
SCS09,weekday_2007,1786581634,38.0,3.1508,101.6906,0.0
DMU03,53,1786581632,57.0,5.5018,102.2126,0.0
SCS04,weekday_2008,1786581615,0.0,3.2342,101.6791,0.0
SCS17,weekday_2010,1786581609,20.0,3.1712,101.685,0.0
SCS32,weekday_2112,1786581612,82.0,3.2339,101.5595,0.0
SCS09,weekday_2007,1786581694,27.0,3.1565,101.6937,0.0
SCS23,2912,1786581688,100.0,5.3699,100.4076,0.0
SCS32,weekday_2112,1786581687,49.0,3.2473,101.5581,0.0
DMU05,51,1786581680,37.0,5.103,102.073,0.0
SCS21,weekday_2014,1786581667,44.0,3.0021,101.7349,0.0
SCS13,2915,1786581738,115.0,6.6074,100.2634,0.0
EMU40,2911,1786581735,114.0,5.798,100.4824,0.0
SCS21,weekday_2014,1786581712,20.0,3.004,101.7322,0.0
DMU09,52,1786581692,39.0,5.1841,102.0112,0.0
DMU03,53,1786581692,55.0,5.4928,102.2161,0.0
SCS09,weekday_2007,1786581694,27.0,3.1565,101.6937,0.0
SCS32,weekday_2112,1786581852,0.0,3.2576,101.5546,0.0
DMU05,51,1786581845,23.0,5.088,102.0729,0.0
DMU09,52,1786581842,39.0,5.2018,102.0137,0.0
SCS24,2908,1786581851,86.0,6.1186,100.3722,0.0
SCS13,2915,1786581843,117.0,6.576,100.2607,0.0
DMU03,53,1786581842,52.0,5.4722,102.2223,0.0
SCS04,weekday_2008,1786581840,0.0,3.2371,101.6811,0.0
SCS13,2915,1786581888,117.0,6.5623,100.2594,0.0
DMU09,52,1786581887,56.0,5.208,102.0126,0.0
SCS04,weekday_2008,1786581915,0.0,3.2371,101.6811,0.0
SCS17,weekday_2010,1786581915,37.0,3.1847,101.6896,0.0
EMU40,2911,1786581915,114.0,5.7501,100.5034,0.0
DMU05,51,1786581890,16.0,5.0855,102.0723,0.0
DMU03,53,1786581887,58.0,5.466,102.2253,0.0
DMU05,51,1786581995,0.0,5.0794,102.0694,0.0
DMU03,53,1786581977,60.0,5.4529,102.2302,0.0
SCS04,weekday_2008,1786581975,1.0,3.2371,101.6812,0.0
DMU09,52,1786581977,0.0,5.214,102.0125,0.0
EMU40,2911,1786582050,112.0,5.7124,100.5128,0.0
SCS23,2912,1786582048,93.0,5.3668,100.4409,0.0
DMU05,51,1786581995,0.0,5.0794,102.0694,0.0
DMU05,51,1786582085,10.0,5.079,102.0694,0.0
SCS21,weekday_2014,1786582072,0.0,3.0238,101.7156,0.0
SCS24,2908,1786582166,55.0,6.1854,100.3735,0.0
DMU09,52,1786582202,12.0,5.2313,102.0102,0.0
SCS17,weekday_2010,1786582200,0.0,3.2052,101.6752,0.0
SCS13,2915,1786582203,115.0,6.4938,100.2535,0.0
DMU05,51,1786582235,51.0,5.0616,102.0691,0.0
DMU05,51,1786582280,51.0,5.0551,102.0689,0.0
DMU09,52,1786582337,26.0,5.2478,102.0096,0.0
SCS17,weekday_2010,1786582335,2.0,3.2151,101.6722,0.0
SCS32,weekday_2112,1786582317,0.0,3.3191,101.5747,0.0
SCS13,2915,1786582338,114.0,6.4543,100.2607,0.0
DMU05,51,1786582400,28.0,5.0451,102.0614,0.0
SCS23,2912,1786582408,115.0,5.3811,100.4695,0.0
SCS17,weekday_2010,1786582440,68.0,3.2247,101.6726,0.0
SCS13,2915,1786582443,0.0,6.4325,100.2682,0.0
SCS13,2915,1786582533,108.0,6.4234,100.2713,0.0
DMU03,53,1786582532,14.0,5.3956,102.2321,0.0
SCS17,weekday_2010,1786582530,36.0,3.2335,101.6784,0.0
SCS17,weekday_2010,1786582575,29.0,3.2373,101.6812,0.0
EMU40,2911,1786582574,111.0,5.6029,100.4944,0.0
SCS24,2908,1786582556,114.0,6.2965,100.3481,0.0
DMU09,52,1786582577,0.0,5.2487,102.0098,0.0
SCS32,weekday_2112,1786582557,99.0,3.3492,101.5721,0.0
SCS32,weekday_2112,1786582647,96.0,3.3627,101.5824,0.0
DMU03,53,1786582682,0.0,5.3915,102.232,0.0
EMU40,2911,1786582679,113.0,5.5723,100.4965,0.0
DMU09,52,1786582682,0.0,5.2487,102.0098,0.0
SCS13,2915,1786582683,114.0,6.3841,100.2929,0.0
SCS17,weekday_2010,1786582680,0.0,3.2384,101.6812,0.0
DMU05,51,1786582760,35.0,5.0326,102.0478,0.0
SCS23,2912,1786582723,114.0,5.4704,100.4961,0.0
DMU09,52,1786582757,52.0,5.2543,102.0103,0.0
SCS17,weekday_2010,1786582755,0.0,3.2384,101.6812,0.0
EMU40,2911,1786582754,113.0,5.5499,100.5001,0.0
SCS32,weekday_2112,1786582722,111.0,3.3673,101.6026,0.0
DMU03,53,1786582772,18.0,5.388,102.232,0.0
SCS21,weekday_2014,1786582762,34.0,3.0847,101.7154,0.0
SCS21,weekday_2014,1786582792,57.0,3.0864,101.7118,0.0
SCS24,2908,1786582796,113.0,6.3578,100.3125,0.0
EMU40,2911,1786582889,105.0,5.513,100.5062,0.0
SCS13,2915,1786582893,116.0,6.3601,100.3109,0.0
DMU09,52,1786582877,0.0,5.2684,102.0095,0.0
DMU09,52,1786582922,7.0,5.2686,102.0095,0.0
DMU08,34,1786582897,18.0,2.5782,102.6082,0.0
SCS32,weekday_2112,1786582932,117.0,3.3918,101.6276,0.0
SCS13,2915,1786582923,113.0,6.3529,100.3162,0.0
SCS21,weekday_2014,1786582942,35.0,3.0959,101.7084,0.0
DMU05,51,1786582940,0.0,5.0246,102.0387,0.0
SCS24,2908,1786583036,114.0,6.3953,100.2845,0.0
DMU08,34,1786583032,38.0,2.5859,102.598,0.0
DMU05,51,1786583030,10.0,5.0213,102.0325,0.0
SCS21,weekday_2014,1786583032,2.0,3.0986,101.705,0.0
SCS21,weekday_2014,1786583122,40.0,3.1024,101.7001,0.0
DMU09,52,1786583117,10.0,5.2891,102.0054,0.0
DMU08,34,1786583077,59.0,2.5918,102.5961,0.0
SCS13,2915,1786583073,114.0,6.3167,100.3432,0.0
DMU03,53,1786583072,52.0,5.3582,102.2253,0.0
DMU03,53,1786583162,29.0,5.3495,102.2231,0.0
DMU09,52,1786583162,14.0,5.2909,102.0064,0.0
DMU05,51,1786583150,31.0,5.013,102.029,0.0
SCS17,weekday_2013,1786583160,9.0,3.2382,101.6811,0.0
SCS13,2915,1786583163,114.0,6.2904,100.3494,0.0
DMU08,34,1786583242,69.0,2.6182,102.592,0.0
SCS17,weekday_2013,1786583295,63.0,3.2197,101.6724,0.0
DMU09,52,1786583297,8.0,5.2896,102.0129,0.0
DMU03,53,1786583267,42.0,5.3394,102.2201,0.0
SCS13,2915,1786583298,114.0,6.2506,100.3575,0.0
SCS24,2908,1786583321,109.0,6.4424,100.2647,0.0
EMU40,2911,1786583320,110.0,5.42,100.4788,0.0
SCS32,weekday_2112,1786583322,31.0,3.4686,101.6377,0.0
SCS13,2915,1786583403,115.0,6.2198,100.3638,0.0
DMU03,53,1786583402,52.0,5.3348,102.2088,0.0
SCS24,2908,1786583426,114.0,6.4724,100.2544,0.0
DMU05,51,1786583405,49.0,4.993,102.0182,0.0
SCS17,weekday_2013,1786583400,51.0,3.2129,101.6722,0.0
DMU08,34,1786583482,64.0,2.6525,102.5706,0.0
SCS13,2915,1786583433,114.0,6.2109,100.3656,0.0
SCS21,weekday_2014,1786583482,24.0,3.1233,101.678,0.0
SCS13,2915,1786583508,95.0,6.1893,100.3709,0.0
SCS21,weekday_2014,1786583557,22.0,3.1276,101.6796,0.0
DMU05,51,1786583555,55.0,4.9732,102.0135,0.0
DMU09,52,1786583537,0.0,5.3003,102.0203,0.0
SCS17,weekday_2013,1786583535,0.0,3.2054,101.6752,0.0
DMU08,34,1786583512,65.0,2.6573,102.5681,0.0
SCS24,2908,1786583561,108.0,6.5124,100.255,0.0
DMU08,34,1786583557,69.0,2.663,102.5625,0.0
SCS24,2908,1786583666,0.0,6.5244,100.257,0.0
SCS23,2912,1786583638,114.0,5.6836,100.4999,0.0
SCS32,weekday_2112,1786583637,92.0,3.5142,101.6303,0.0
DMU09,52,1786583672,50.0,5.3087,102.0216,0.0
DMU05,51,1786583720,48.0,4.9592,102.0091,0.0
SCS17,weekday_2013,1786583790,35.0,3.1927,101.6861,0.0
DMU05,51,1786583750,25.0,4.9556,102.0077,0.0
SCS13,2915,1786583748,114.0,6.1479,100.3802,0.0
DMU09,52,1786583747,49.0,5.3192,102.0203,0.0
DMU08,34,1786583797,75.0,2.6867,102.5245,0.0
SCS21,weekday_2014,1786583797,4.0,3.1364,101.69,0.0
DMU09,52,1786583912,44.0,5.3412,102.0139,0.0
SCS17,weekday_2013,1786583880,40.0,3.1842,101.6894,0.0
SCS13,2915,1786583883,31.0,6.1144,100.3703,0.0
SCS21,weekday_2014,1786583947,0.0,3.1402,101.6938,0.0
DMU08,34,1786583947,0.0,2.7044,102.5059,0.0
DMU05,51,1786583945,50.0,4.9321,102.0024,0.0
SCS21,weekday_2014,1786584037,20.0,3.1447,101.6928,0.0
DMU05,51,1786584035,37.0,4.9254,101.9938,0.0
SCS17,weekday_2013,1786584030,24.0,3.1797,101.6876,0.0
SCS24,2908,1786584041,114.0,6.6286,100.2695,0.0
DMU08,34,1786584037,52.0,2.7086,102.5036,0.0
DMU09,52,1786584032,44.0,5.3563,102.009,0.0
DMU09,52,1786584122,34.0,5.3657,102.008,0.0
SCS17,weekday_2013,1786584120,22.0,3.1734,101.6848,0.0
DMU05,51,1786584125,17.0,4.9279,101.9858,0.0
SCS13,2915,1786584123,115.0,6.0695,100.3856,0.0
SCS13,2915,1786584198,114.0,6.0498,100.3968,0.0
DMU05,51,1786584215,42.0,4.9235,101.9794,0.0
SCS21,weekday_2014,1786584217,42.0,3.1572,101.6937,0.0
DMU08,34,1786584217,75.0,2.7368,102.4827,0.0
DMU09,52,1786584272,0.0,5.3768,102.0101,0.0
SCS23,2912,1786584268,115.0,5.8363,100.4769,0.0
SCS32,weekday_2112,1786584267,116.0,3.6221,101.5712,0.0
DMU05,51,1786584260,46.0,4.9179,101.9787,0.0
SCS13,2915,1786584228,111.0,6.042,100.4012,0.0
SCS24,2908,1786584221,75.0,6.6553,100.3097,0.0
SCS13,2915,1786584273,115.0,6.0303,100.4078,0.0
DMU08,34,1786584367,80.0,2.7632,102.4688,0.0
SCS21,weekday_2014,1786584367,17.0,3.167,101.6891,0.0
SCS32,weekday_2112,1786584387,109.0,3.6498,101.549,0.0
SCS24,2908,1786584386,0.0,6.6628,100.3202,0.0
SCS17,weekday_2013,1786584372,47.0,3.1621,101.692,0.0
DMU05,51,1786584365,53.0,4.9033,101.9735,0.0
DMU03,53,1786584407,11.0,5.312,102.1636,0.0
DMU08,34,1786584457,85.0,2.7787,102.458,0.0
EMU40,2911,1786584434,16.0,5.3896,100.3711,0.0
DMU05,51,1786584410,43.0,4.8974,101.9711,0.0
DMU09,52,1786584407,11.0,5.3782,102.0108,0.0
SCS13,2915,1786584603,84.0,5.9683,100.4428,0.0
DMU05,51,1786584605,31.0,4.8816,101.9678,0.0
SCS32,weekday_2112,1786584627,41.0,3.6821,101.521,0.0
DMU10(D6120),35,1786584678,14.0,4.186,102.0542,0.0
DMU03,53,1786584677,6.0,5.3076,102.1565,0.0
EMU40,2911,1786584674,0.0,5.3931,100.3665,0.0
DMU05,51,1786584695,0.0,4.8792,101.9669,0.0
SCS21,weekday_2014,1786584693,0.0,3.1824,101.6887,0.0
DMU09,52,1786584662,19.0,5.3685,102.028,0.0
DMU03,53,1786584752,19.0,5.3062,102.1531,0.0
EMU40,2911,1786584749,4.0,5.393,100.3667,0.0
SCS21,weekday_2014,1786584753,46.0,3.1871,101.6898,0.0
SCS13,2915,1786584753,114.0,5.9287,100.4629,0.0
DMU10(D6120),35,1786584753,45.0,4.1819,102.0592,0.0
DMU05,51,1786584935,0.0,4.8791,101.9669,0.0
SCS23,2912,1786584898,115.0,5.9913,100.4297,0.0
DMU10(D6120),35,1786584903,77.0,4.1751,102.0817,0.0
SCS17,weekday_2013,1786584912,0.0,3.1349,101.6879,0.0
SCS13,2915,1786584888,114.0,5.8906,100.4769,0.0
DMU03,53,1786584902,3.0,5.3078,102.1463,0.0
SCS21,weekday_2014,1786584888,0.0,3.1988,101.6808,0.0
DMU08,34,1786584937,0.0,2.8115,102.4036,0.0
DMU08,34,1786585027,0.0,2.8115,102.4036,0.0
DMU10(D6120),35,1786584993,67.0,4.1804,102.0955,0.0
SCS21,weekday_2014,1786584993,0.0,3.2053,101.6752,0.0
DMU10(D6120),35,1786585068,61.0,4.1814,102.1074,0.0
DMU05,51,1786585070,0.0,4.879,101.9667,0.0
SCS13,2915,1786585098,70.0,5.829,100.4776,0.0
SCS21,weekday_2014,1786585098,26.0,3.2145,101.6722,0.0
DMU03,53,1786585097,5.0,5.3122,102.1428,0.0
SCS23,2912,1786585220,114.0,6.0753,100.3822,0.0
DMU10(D6120),35,1786585218,44.0,4.1853,102.1319,0.0
SCS13,2915,1786585173,5.0,5.825,100.478,0.0
DMU08,34,1786585222,0.0,2.8114,102.4037,0.0
DMU05,51,1786585220,73.0,4.8707,101.9647,0.0
DMU08,34,1786585267,0.0,2.8114,102.4037,0.0
SCS23,2912,1786585265,114.0,6.0872,100.3758,0.0
DMU05,51,1786585265,75.0,4.8617,101.9677,0.0
SCS13,2915,1786585308,115.0,5.7923,100.4844,0.0
DMU09,52,1786585307,15.0,5.3915,102.0477,0.0
DMU05,51,1786585460,52.0,4.8394,101.9896,0.0
DMU09,52,1786585457,21.0,5.3925,102.0571,0.0
DMU03,53,1786585457,15.0,5.3172,102.1339,0.0
DMU08,34,1786585417,0.0,2.8116,102.4036,0.0
SCS23,2912,1786585460,65.0,6.1147,100.3703,0.0
DMU08,34,1786585507,0.0,2.8116,102.4036,0.0
DMU05,51,1786585505,65.0,4.8369,101.9968,0.0
DMU08,34,1786585582,0.0,2.8116,102.4036,0.0
SCS13,2915,1786585548,116.0,5.7252,100.513,0.0
DMU03,53,1786585547,34.0,5.3218,102.1275,0.0
DMU08,34,1786585702,0.0,2.8116,102.4037,0.0
DMU10(D6120),35,1786585698,68.0,4.1483,102.1871,0.0
DMU03,53,1786585697,40.0,5.3387,102.1183,0.0
DMU09,52,1786585697,0.0,5.3903,102.0645,0.0
SCS13,2915,1786585653,114.0,5.6948,100.5076,0.0
SCS13,2915,1786585743,114.0,5.6712,100.4949,0.0
SCS17,weekday_2013,1786585797,0.0,3.1088,101.6923,0.0
SCS19,weekday_2130,1786585819,0.0,2.9992,101.3915,0.0
SCS13,2915,1786585818,99.0,5.6496,100.4912,0.0
DMU03,53,1786585817,53.0,5.3532,102.1141,0.0
DMU09,52,1786585817,12.0,5.3903,102.0649,0.0
DMU05,51,1786585940,71.0,4.7749,102.0123,0.0
DMU09,52,1786585982,56.0,5.3866,102.0782,0.0
DMU11(D6122),55,1786585963,0.0,6.1203,102.2023,0.0
SCS17,weekday_2013,1786585962,0.0,3.1088,101.6923,0.0
SCS23,2912,1786585959,114.0,6.2328,100.3611,0.0
DMU05,51,1786585985,58.0,4.7663,102.0136,0.0
SCS19,weekday_2130,1786585984,12.0,3.0043,101.393,0.0
SCS13,2915,1786585983,46.0,5.6419,100.49,0.0
DMU10(D6120),35,1786586058,34.0,4.1154,102.1993,0.0
DMU09,52,1786586057,0.0,5.3797,102.0813,0.0
DMU11(D6122),55,1786586038,7.0,6.1196,102.2017,0.0
SCS17,weekday_2013,1786586037,0.0,3.1088,101.6923,0.0
DMU10(D6120),35,1786586073,53.0,4.1135,102.1992,0.0
SCS23,2912,1786586079,114.0,6.2678,100.3539,0.0
DMU08,34,1786586077,0.0,2.8116,102.4038,0.0
DMU05,51,1786586075,76.0,4.7503,102.0138,0.0
SCS19,weekday_2130,1786586074,44.0,3.01,101.3991,0.0
SCS13,2915,1786586073,116.0,5.6198,100.496,0.0
DMU10(D6120),35,1786586193,70.0,4.0937,102.2061,0.0
DMU08,34,1786586182,30.0,2.8125,102.4024,0.0
DMU05,51,1786586180,32.0,4.7323,102.0111,0.0
DMU05,51,1786586225,0.0,4.7308,102.0108,0.0
SCS17,weekday_2013,1786586217,59.0,3.1078,101.6936,0.0
DMU08,34,1786586227,68.0,2.8163,102.3977,0.0
SCS23,2912,1786586214,114.0,6.3076,100.3458,0.0
DMU10(D6120),35,1786586193,70.0,4.0937,102.2061,0.0
DMU09,52,1786586267,0.0,5.3797,102.0813,0.0
DMU10(D6120),35,1786586268,64.0,4.0864,102.2175,0.0
SCS23,2912,1786586259,114.0,6.3199,100.3408,0.0
DMU05,51,1786586300,65.0,4.7249,102.0093,0.0
SCS17,weekday_2013,1786586262,50.0,3.1022,101.7006,0.0
DMU08,34,1786586302,69.0,2.83,102.3923,0.0
DMU05,51,1786586420,42.0,4.7067,102.0034,0.0
SCS19,weekday_2130,1786586419,52.0,3.0319,101.4225,0.0
DMU10(D6120),35,1786586418,79.0,4.0796,102.2439,0.0
DMU10(D6120),35,1786586433,77.0,4.078,102.2467,0.0
SCS17,weekday_2013,1786586502,0.0,3.0986,101.705,0.0
SCS23,2912,1786586499,0.0,6.3703,100.3031,0.0
DMU09,52,1786586432,0.0,5.3797,102.0813,0.0
SCS21,weekday_2015,1786586508,0.0,3.2344,101.6795,0.0
DMU08,34,1786586497,75.0,2.866,102.381,0.0
DMU05,51,1786586495,41.0,4.6986,102.0029,0.0
DMU10(D6120),35,1786586508,60.0,4.0767,102.2614,0.0
DMU11(D6122),55,1786586503,0.0,6.1186,102.2008,0.0
SCS19,weekday_2130,1786586539,47.0,3.0374,101.4285,0.0
DMU05,51,1786586735,73.0,4.6773,102.0011,0.0
DMU10(D6120),35,1786586673,14.0,4.0753,102.2717,0.0
SCS19,weekday_2130,1786586734,14.0,3.0417,101.433,0.0
DMU11(D6122),55,1786586713,0.0,6.1185,102.2008,0.0
SCS17,weekday_2013,1786586712,0.0,3.0986,101.705,0.0
SCS23,2912,1786586694,114.0,6.4055,100.2774,0.0
DMU08,34,1786586737,80.0,2.9134,102.3872,0.0
DMU09,52,1786586777,0.0,5.3719,102.0852,0.0
DMU05,51,1786586735,73.0,4.6773,102.0011,0.0
SCS19,weekday_2130,1786586734,14.0,3.0417,101.433,0.0
DMU10(D6120),35,1786586748,78.0,4.0706,102.2825,0.0
SCS23,2912,1786586739,109.0,6.4181,100.273,0.0
DMU08,34,1786586887,78.0,2.9409,102.3963,0.0
SCS13,2915,1786586898,117.0,5.4117,100.475,0.0
DMU05,51,1786586945,0.0,4.6457,101.9941,0.0
SCS21,weekday_2015,1786586943,8.0,3.1989,101.6808,0.0
SCS19,weekday_2130,1786586974,19.0,3.0456,101.4374,0.0
SCS23,2912,1786586964,115.0,6.4556,100.2601,0.0
DMU08,34,1786586947,75.0,2.953,102.3977,0.0
DMU11(D6122),55,1786586983,0.0,6.1185,102.2008,0.0
SCS23,2912,1786586979,114.0,6.4598,100.2586,0.0
SCS19,weekday_2130,1786586974,19.0,3.0456,101.4374,0.0
DMU09,52,1786586987,31.0,5.3643,102.0897,0.0
DMU08,34,1786586977,76.0,2.9588,102.3997,0.0
DMU05,51,1786586975,5.0,4.6457,101.994,0.0
DMU09,52,1786587137,52.0,5.3594,102.1039,0.0
SCS19,weekday_2130,1786587094,8.0,3.0448,101.4465,0.0
SCS13,2915,1786587093,44.0,5.3599,100.467,0.0
SCS17,weekday_2013,1786587207,0.0,3.0986,101.705,0.0
DMU10(D6120),35,1786587213,70.0,3.999,102.322,0.0
DMU05,51,1786587230,67.0,4.6008,101.9844,0.0
SCS19,weekday_2130,1786587229,15.0,3.043,101.4506,0.0
SCS21,weekday_2015,1786587213,0.0,3.1827,101.6889,0.0
DMU09,52,1786587257,30.0,5.3512,102.1163,0.0
DMU08,34,1786587232,74.0,3.0019,102.3819,0.0
DMU08,34,1786587397,72.0,3.0346,102.3787,0.0
SCS19,weekday_2130,1786587379,90.0,3.034,101.4627,0.0
SCS23,2912,1786587369,114.0,6.5516,100.2597,0.0
DMU05,51,1786587365,74.0,4.5778,101.9879,0.0
SCS17,weekday_2013,1786587447,0.0,3.0986,101.705,0.0
DMU09,52,1786587422,39.0,5.3314,102.1206,0.0
DMU08,34,1786587397,72.0,3.0346,102.3787,0.0
SCS23,2912,1786587399,113.0,6.5606,100.2593,0.0
DMU05,51,1786587395,68.0,4.572,101.9876,0.0
DMU05,51,1786587500,77.0,4.5517,101.9831,0.0
DMU09,52,1786587497,4.0,5.3293,102.1218,0.0
SCS17,weekday_2013,1786587477,0.0,3.0986,101.705,0.0
SCS23,2912,1786587474,113.0,6.5826,100.2622,0.0
SCS17,weekday_2013,1786587642,0.0,3.0986,101.705,0.0
SCS21,weekday_2015,1786587670,50.0,3.1602,101.6926,0.0
SCS23,2912,1786587669,112.0,6.6287,100.2697,0.0
SCS13,2915,1786587633,99.0,5.369,100.4096,0.0
DMU10(D6120),35,1786587633,67.0,3.9438,102.3552,0.0
DMU11(D6122),55,1786587673,69.0,6.0757,102.1607,0.0
SCS17,weekday_2013,1786587672,0.0,3.0986,101.705,0.0
DMU08,34,1786587682,81.0,3.0912,102.3734,0.0
DMU05,51,1786587680,72.0,4.5213,101.9751,0.0
DMU09,52,1786587662,10.0,5.3186,102.1323,0.0
DMU09,52,1786587737,13.0,5.3171,102.1352,0.0
SCS21,weekday_2015,1786587715,17.0,3.155,101.6934,0.0
SCS13,2915,1786587858,8.0,5.3873,100.3734,0.0
SCS19,weekday_2130,1786587844,35.0,3.0521,101.4985,0.0
SCS19,weekday_2130,1786587904,80.0,3.0515,101.5066,0.0
SCS17,weekday_2013,1786587942,0.0,3.0986,101.705,0.0
SCS23,2912,1786587939,0.0,6.6621,100.3192,0.0
DMU08,34,1786587937,0.0,3.1276,102.3693,0.0
SCS19,weekday_2130,1786587949,80.0,3.0538,101.5163,0.0
SCS23,2912,1786587939,0.0,6.6621,100.3192,0.0
DMU08,34,1786587982,0.0,3.1276,102.3693,0.0
DMU10(D6120),35,1786587978,0.0,3.9375,102.3578,0.0
SCS13,2915,1786587978,0.0,5.3924,100.3674,0.0
DMU05,51,1786587935,13.0,4.5059,101.9555,0.0
DMU09,52,1786587932,17.0,5.3128,102.1423,0.0
DMU11(D6122),55,1786587943,0.0,6.0428,102.1424,0.0
SCS17,weekday_2013,1786588152,0.0,3.0986,101.705,0.0
DMU11(D6122),55,1786588153,0.0,6.0429,102.1424,0.0
DMU09,52,1786588112,0.0,5.3079,102.157,0.0
DMU05,51,1786588145,33.0,4.4889,101.944,0.0
SCS19,weekday_2130,1786588144,74.0,3.0612,101.5407,0.0
DMU10(D6120),35,1786588143,0.0,3.9376,102.3577,0.0
DMU08,34,1786588192,50.0,3.1331,102.3693,0.0
SCS17,weekday_2013,1786588197,0.0,3.0986,101.705,0.0
DMU05,51,1786588265,72.0,4.4704,101.932,0.0
DMU09,52,1786588262,18.0,5.3126,102.166,0.0
DMU08,34,1786588417,0.0,3.1358,102.3706,0.0
SCS21,weekday_2015,1786588405,21.0,3.1282,101.6801,0.0
DMU08,34,1786588417,0.0,3.1358,102.3706,0.0
DMU05,51,1786588415,66.0,4.4503,101.9389,0.0
DMU10(D6120),35,1786588518,77.0,3.8842,102.3644,0.0
DMU05,51,1786588505,72.0,4.4342,101.9365,0.0
SCS19,weekday_2130,1786588504,44.0,3.0761,101.5682,0.0
DMU05,51,1786588595,13.0,4.4228,101.9319,0.0
SCS19,weekday_2130,1786588594,46.0,3.0804,101.5728,0.0
SCS21,weekday_2015,1786588600,0.0,3.1194,101.6788,0.0
DMU08,34,1786588597,0.0,3.1358,102.3706,0.0
DMU09,52,1786588682,13.0,5.3271,102.193,0.0
DMU08,34,1786588672,0.0,3.1358,102.3706,0.0
SCS21,weekday_2015,1786588705,0.0,3.1193,101.6788,0.0
DMU03,53,1786588705,4.0,5.3771,102.0102,0.0
DMU05,51,1786588670,0.0,4.4226,101.9319,0.0
SCS19,weekday_2130,1786588744,29.0,3.0848,101.5865,0.0
DMU05,51,1786588745,48.0,4.4167,101.9293,0.0
DMU05,51,1786588820,77.0,4.4045,101.9246,0.0
SCS19,weekday_2130,1786588819,8.0,3.0845,101.5883,0.0
DMU03,53,1786588900,0.0,5.3769,102.01,0.0
SCS21,weekday_2015,1786588900,35.0,3.1127,101.685,0.0
SCS19,weekday_2130,1786588864,38.0,3.0844,101.5915,0.0
SCS17,weekday_2013,1786588902,0.0,3.0986,101.705,0.0
SCS21,weekday_2015,1786588900,35.0,3.1127,101.685,0.0
DMU03,53,1786588900,0.0,5.3769,102.01,0.0
DMU10(D6120),35,1786588893,47.0,3.8107,102.3596,0.0
DMU11(D6122),55,1786588993,66.0,5.9835,102.1428,0.0
DMU09,52,1786588997,18.0,5.3353,102.213,0.0
SCS19,weekday_2130,1786589119,20.0,3.0845,101.6209,0.0
DMU09,52,1786589162,51.0,5.3506,102.2235,0.0
DMU03,53,1786589200,48.0,5.3499,102.0108,0.0
SCS21,weekday_2015,1786589200,0.0,3.1086,101.6925,0.0
DMU11(D6122),55,1786589203,50.0,5.9594,102.1449,0.0
SCS17,weekday_2013,1786589202,0.0,3.0986,101.705,0.0
SCS21,weekday_2015,1786589200,0.0,3.1086,101.6925,0.0
DMU03,53,1786589200,48.0,5.3499,102.0108,0.0
DMU05,51,1786589270,69.0,4.3393,101.9171,0.0
DMU09,52,1786589267,49.0,5.3661,102.226,0.0
SCS19,weekday_2130,1786589464,13.0,3.0833,101.6561,0.0
SCS21,weekday_2015,1786589500,0.0,3.1086,101.6925,0.0
DMU03,53,1786589500,44.0,5.3124,102.0207,0.0
DMU08,34,1786589497,79.0,3.1723,102.3932,0.0
DMU05,51,1786589495,54.0,4.3012,101.9212,0.0
DMU10(D6120),35,1786589598,29.0,3.7176,102.3657,0.0
DMU09,52,1786589567,18.0,5.3895,102.232,0.0
DMU10(D6120),35,1786589673,20.0,3.7117,102.3656,0.0
DMU11(D6122),55,1786589893,71.0,5.8446,102.1516,0.0
SCS19,weekday_2130,1786589854,11.0,3.1126,101.6736,0.0
DMU10(D6120),35,1786589853,0.0,3.7099,102.3668,0.0
DMU09,52,1786589897,10.0,5.4082,102.2314,0.0
SCS21,weekday_2015,1786589935,0.0,3.0986,101.705,0.0
DMU03,53,1786589935,16.0,5.2965,102.0193,0.0
DMU08,34,1786589932,11.0,3.246,102.4112,0.0
SCS19,weekday_2130,1786589974,21.0,3.1181,101.6727,0.0
DMU10(D6120),35,1786589973,0.0,3.71,102.3668,0.0
DMU10(D6120),35,1786590078,58.0,3.7035,102.3721,0.0
DMU09,52,1786590077,25.0,5.4226,102.2386,0.0
SCS21,weekday_2015,1786590280,0.0,3.0986,101.705,0.0
DMU03,53,1786590280,17.0,5.2876,102.0057,0.0
DMU08,34,1786590247,0.0,3.2461,102.4112,0.0
DMU09,52,1786590287,34.0,5.4482,102.231,0.0
DMU10(D6120),35,1786590288,67.0,3.6644,102.3763,0.0
SCS10,weekday_2019,1786590282,46.0,3.2185,101.6724,0.0
DMU05,51,1786590440,8.0,4.2327,101.9905,0.0
SCS19,weekday_2130,1786590510,0.0,3.1326,101.6835,0.0
DMU10(D6120),35,1786590513,77.0,3.6241,102.3776,0.0
DMU09,52,1786590512,0.0,5.4725,102.2222,0.0
DMU08,34,1786590577,74.0,3.2883,102.4228,0.0
SCS10,weekday_2019,1786590582,13.0,3.1989,101.6807,0.0
DMU08,34,1786590577,74.0,3.2883,102.4228,0.0
SCS21,weekday_2015,1786590625,0.0,3.0986,101.705,0.0
DMU03,53,1786590625,43.0,5.2515,102.0101,0.0
DMU10(D6120),35,1786590603,87.0,3.606,102.3735,0.0
DMU09,52,1786590602,46.0,5.4789,102.2192,0.0
DMU09,52,1786590842,71.0,5.5203,102.2076,0.0
DMU11(D6122),55,1786590838,61.0,5.7085,102.1528,0.0
DMU11(D6122),55,1786590928,0.0,5.7029,102.1519,0.0
SCS21,weekday_2015,1786590925,0.0,3.0986,101.705,0.0
SCS19,weekday_2130,1786590930,10.0,3.1412,101.6939,0.0
DMU09,52,1786590917,12.0,5.5271,102.2044,0.0
DMU05,51,1786590935,42.0,4.1916,102.0481,0.0
DMU09,52,1786590932,15.0,5.5277,102.2041,0.0
SCS10,weekday_2019,1786591047,24.0,3.1731,101.6848,0.0
SCS19,weekday_2130,1786591020,52.0,3.1475,101.6909,0.0
SCS21,weekday_2015,1786591045,0.0,3.0986,101.705,0.0
DMU03,53,1786591045,27.0,5.1996,102.0142,0.0
DMU05,51,1786591115,0.0,4.1873,102.053,0.0
DMU10(D6120),35,1786591218,41.0,3.5049,102.3466,0.0
SCS10,weekday_2019,1786591218,0.0,3.166,101.6903,0.0
SCS19,weekday_2130,1786591185,63.0,3.1615,101.6921,0.0
DMU11(D6122),55,1786591198,6.0,5.7003,102.152,0.0
SCS21,weekday_2015,1786591345,0.0,3.0986,101.705,0.0
DMU03,53,1786591345,21.0,5.1768,102.0092,0.0
SCS19,weekday_2130,1786591320,47.0,3.1664,101.6897,0.0
DMU09,52,1786591397,73.0,5.5795,102.1856,0.0
DMU10(D6120),35,1786591488,0.0,3.4849,102.3433,0.0
DMU09,52,1786591487,0.0,5.5893,102.1795,0.0
SCS19,weekday_2130,1786591515,0.0,3.1861,101.6646,0.0
DMU11(D6122),55,1786591648,0.0,5.7028,102.152,0.0
SCS10,weekday_2019,1786591653,7.0,3.1402,101.6941,0.0
DMU09,52,1786591652,26.0,5.6002,102.1755,0.0
DMU10(D6120),35,1786591653,0.0,3.4849,102.3433,0.0
SCS21,weekday_2015,1786591720,0.0,3.0986,101.705,0.0
DMU03,53,1786591705,30.0,5.1659,102.0373,0.0
SCS21,weekday_2015,1786591720,0.0,3.0986,101.705,0.0
DMU08,34,1786591717,80.0,3.4471,102.3389,0.0
DMU03,53,1786591765,39.0,5.1597,102.039,0.0
DMU10(D6120),35,1786591758,4.0,3.4868,102.3431,0.0
DMU09,52,1786591757,53.0,5.6058,102.1699,0.0
DMU11(D6122),55,1786591798,0.0,5.7028,102.152,0.0
SCS10,weekday_2019,1786591788,0.0,3.1349,101.6887,0.0
DMU09,52,1786591877,69.0,5.6271,102.1641,0.0
DMU10(D6120),35,1786591878,0.0,3.4849,102.3433,0.0
SCS10,weekday_2019,1786591878,0.0,3.1349,101.6887,0.0
DMU11(D6122),55,1786592068,0.0,5.7028,102.152,0.0
DMU10(D6120),35,1786592058,0.0,3.4848,102.3432,0.0
SCS10,weekday_2019,1786592058,24.0,3.1265,101.6788,0.0
DMU09,52,1786592057,58.0,5.6643,102.157,0.0
SCS21,weekday_2015,1786592020,0.0,3.0986,101.705,0.0
DMU03,53,1786592020,0.0,5.1438,102.0455,0.0
DMU08,34,1786592017,0.0,3.4847,102.3433,0.0
DMU10(D6120),35,1786592088,0.0,3.4848,102.3432,0.0
DMU09,52,1786592087,81.0,5.6698,102.157,0.0
DMU11(D6122),55,1786592173,0.0,5.7028,102.152,0.0
DMU10(D6120),35,1786592193,0.0,3.4848,102.3432,0.0
DMU09,52,1786592177,85.0,5.6901,102.152,0.0
DMU10(D6120),35,1786592193,0.0,3.4848,102.3432,0.0
SCS10,weekday_2019,1786592283,0.0,3.1193,101.6788,0.0
DMU10(D6120),35,1786592283,0.0,3.4848,102.3432,0.0
DMU09,52,1786592312,0.0,5.7029,102.1518,0.0
DMU10(D6120),35,1786592313,0.0,3.4848,102.3432,0.0
SCS10,weekday_2019,1786592388,0.0,3.1193,101.6788,0.0
DMU10(D6120),35,1786592388,0.0,3.4848,102.3432,0.0
DMU09,52,1786592387,17.0,5.7043,102.1518,0.0
DMU08,34,1786592647,0.0,3.4846,102.3433,0.0
DMU10(D6120),35,1786592613,0.0,3.4848,102.3432,0.0
DMU11(D6122),55,1786592698,69.0,5.689,102.152,0.0
SCS21,weekday_2015,1786592695,2.0,3.1186,101.6788,0.0
DMU11(D6122),55,1786592803,73.0,5.6696,102.157,0.0
SCS10,weekday_2019,1786592793,0.0,3.0987,101.705,0.0
DMU10(D6120),35,1786592793,0.0,3.4848,102.3432,0.0
DMU03,53,1786592950,31.0,5.0898,102.0725,0.0
DMU10(D6120),35,1786592973,0.0,3.4848,102.3432,0.0
SCS10,weekday_2019,1786592973,0.0,3.0987,101.705,0.0
DMU09,52,1786593017,47.0,5.8027,102.1462,0.0
DMU08,34,1786592992,53.0,3.5071,102.3469,0.0
DMU11(D6122),55,1786593103,71.0,5.6135,102.1675,0.0
DMU11(D6122),55,1786593103,71.0,5.6135,102.1675,0.0
DMU10(D6120),35,1786593093,14.0,3.4804,102.3437,0.0
SCS10,weekday_2019,1786593303,0.0,3.0987,101.705,0.0
DMU10(D6120),35,1786593303,71.0,3.4502,102.3395,0.0
SCS10,weekday_2019,1786593483,0.0,3.0987,101.705,0.0
DMU09,52,1786593482,86.0,5.8723,102.1549,0.0
SCS10,weekday_2019,1786593633,0.0,3.0987,101.705,0.0
SCS19,weekday_2130,1786593791,110.0,3.3638,101.5907,0.0
DMU11(D6122),55,1786593793,0.0,5.5301,102.203,0.0
DMU08,34,1786593892,75.0,3.6643,102.3764,0.0
SCS10,weekday_2019,1786593888,0.0,3.0987,101.705,0.0
DMU09,52,1786593887,50.0,5.9205,102.1554,0.0
DMU09,52,1786593977,78.0,5.9382,102.1507,0.0
SCS10,weekday_2019,1786593978,0.0,3.0987,101.705,0.0
DMU09,52,1786594112,38.0,5.9651,102.144,0.0
DMU08,34,1786594117,49.0,3.7066,102.3696,0.0
DMU11(D6122),55,1786594123,61.0,5.5011,102.2132,0.0
SCS19,weekday_2130,1786594121,108.0,3.412,101.6272,0.0
DMU03,53,1786594120,27.0,5.0056,102.0239,0.0
DMU09,52,1786594187,16.0,5.9667,102.1439,0.0
DMU08,34,1786594297,0.0,3.7099,102.3669,0.0
SCS19,weekday_2130,1786594301,108.0,3.4584,101.6388,0.0
SCS20,weekday_2138,1786594413,19.0,3.1387,101.6934,0.0
SCS19,weekday_2130,1786594406,0.0,3.4678,101.6376,0.0
DMU08,34,1786594447,6.0,3.7102,102.3667,0.0
SCS19,weekday_2130,1786594496,112.0,3.484,101.6391,0.0
DMU11(D6122),55,1786594498,49.0,5.4595,102.2276,0.0
SCS20,weekday_2138,1786594493,10.0,3.1405,101.6938,0.0
SCS10,weekday_2019,1786594488,0.0,3.0987,101.705,0.0
DMU10(D6120),35,1786594488,9.0,3.3312,102.4202,0.0
SCS19,weekday_2130,1786594601,0.0,3.4997,101.6343,0.0
DMU08,34,1786594597,63.0,3.7251,102.365,0.0
SCS10,weekday_2019,1786594713,0.0,3.0987,101.705,0.0
SCS10,weekday_2019,1786594878,0.0,3.0987,101.705,0.0
DMU09,52,1786594877,0.0,6.0428,102.1423,0.0
DMU08,34,1786594897,78.0,3.7854,102.3594,0.0
DMU10(D6120),35,1786594893,60.0,3.2595,102.4136,0.0
SCS19,weekday_2130,1786594901,73.0,3.5477,101.6392,0.0
DMU03,53,1786595095,33.0,4.9272,101.981,0.0
DMU10(D6120),35,1786595073,0.0,3.2464,102.4113,0.0
SCS21,weekday_2015,1786595175,0.0,3.2383,101.6812,0.0
DMU11(D6122),55,1786595158,24.0,5.3975,102.2322,0.0
DMU08,34,1786595152,63.0,3.8147,102.3601,0.0
DMU10(D6120),35,1786595148,0.0,3.2464,102.4113,0.0
DMU09,52,1786595147,89.0,6.0751,102.1603,0.0
DMU08,34,1786595257,80.0,3.8353,102.362,0.0
SCS10,weekday_2019,1786595403,0.0,3.0986,101.705,0.0
DMU10(D6120),35,1786595403,0.0,3.2464,102.4112,0.0
SCS19,weekday_2130,1786595486,114.0,3.6463,101.553,0.0
DMU03,53,1786595485,32.0,4.8852,101.9704,0.0
SCS10,weekday_2019,1786595538,0.0,3.0986,101.705,0.0
DMU10(D6120),35,1786595538,75.0,3.2344,102.4116,0.0
DMU09,52,1786595537,26.0,6.1174,102.1998,0.0
SCS21,weekday_2015,1786595535,0.0,3.2345,101.6797,0.0
SCS20,weekday_2138,1786595493,0.0,3.1984,101.6414,0.0
SCS21,weekday_2015,1786595595,57.0,3.2289,101.6732,0.0
SCS19,weekday_2130,1786595621,9.0,3.6663,101.534,0.0
DMU08,34,1786595617,77.0,3.9068,102.363,0.0
SCS10,weekday_2019,1786595763,0.0,3.0986,101.705,0.0
SCS19,weekday_2130,1786595876,0.0,3.6838,101.5189,0.0
DMU10(D6120),35,1786595913,76.0,3.1665,102.3908,0.0
SCS10,weekday_2019,1786595913,26.0,3.1012,101.7017,0.0
SCS20,weekday_2138,1786595913,0.0,3.2032,101.6368,0.0
DMU08,34,1786595917,0.0,3.9374,102.3577,0.0
DMU09,52,1786595912,77.0,6.1406,102.2262,0.0
SCS20,weekday_2138,1786596093,10.0,3.2037,101.6363,0.0
DMU10(D6120),35,1786596123,31.0,3.1375,102.3712,0.0
SCS10,weekday_2019,1786596123,0.0,3.1139,101.681,0.0
DMU09,52,1786596122,27.0,6.1628,102.2081,0.0
DMU08,34,1786596097,0.0,3.9375,102.3578,0.0
SCS20,weekday_2138,1786596093,10.0,3.2037,101.6363,0.0
DMU08,34,1786596367,65.0,3.9455,102.3543,0.0
DMU10(D6120),35,1786596363,0.0,3.1358,102.3706,0.0
DMU10(D6120),35,1786596438,2.0,3.1357,102.3705,0.0
DMU08,34,1786596667,13.0,3.9904,102.3328,0.0
DMU08,34,1786596697,0.0,3.9916,102.3316,0.0
SCS20,weekday_2138,1786596747,64.0,3.2101,101.5744,0.0
DMU10(D6120),35,1786596768,77.0,3.0831,102.3721,0.0
DMU08,34,1786596847,77.0,4.0115,102.3213,0.0
DMU08,34,1786596877,78.0,4.0175,102.3213,0.0
DMU10(D6120),35,1786596993,75.0,3.0408,102.3769,0.0
DMU08,34,1786597027,72.0,4.0448,102.3134,0.0
SCS37,weekday_2027,1786597181,0.0,3.2371,101.6812,0.0
DMU10(D6120),35,1786597293,70.0,2.986,102.39,0.0
SCS37,weekday_2027,1786597481,0.0,3.2139,101.6722,0.0
DMU11(D6122),55,1786597483,39.0,5.3206,102.1283,0.0
SCS37,weekday_2027,1786597646,0.0,3.2044,101.676,0.0
DMU10(D6120),35,1786597623,75.0,2.9282,102.3951,0.0
DMU10(D6120),35,1786597713,64.0,2.9135,102.3875,0.0
DMU10(D6120),35,1786597713,64.0,2.9135,102.3875,0.0
DMU11(D6122),55,1786597753,54.0,5.3421,102.1181,0.0
DMU10(D6120),35,1786597938,77.0,2.8688,102.3812,0.0
SCS11,weekday_2142,1786597939,0.0,3.1349,101.6881,0.0
DMU08,34,1786597927,53.0,4.1119,102.1991,0.0
SCS20,weekday_2138,1786597927,95.0,3.3626,101.5832,0.0
DMU08,34,1786597987,0.0,4.1173,102.1994,0.0
SCS11,weekday_2142,1786597984,8.0,3.1363,101.69,0.0
SCS37,weekday_2027,1786598021,0.0,3.1815,101.6884,0.0
SCS11,weekday_2142,1786598254,34.0,3.147,101.6911,0.0
SCS20,weekday_2138,1786598227,114.0,3.3916,101.6277,0.0
DMU10(D6120),35,1786598418,0.0,2.8116,102.4036,0.0
DMU11(D6122),55,1786598383,16.0,5.375,102.0836,0.0
SCS11,weekday_2142,1786598434,55.0,3.1623,101.6921,0.0
DMU10(D6120),35,1786598553,0.0,2.8117,102.4036,0.0
DMU10(D6120),35,1786598553,0.0,2.8117,102.4036,0.0
SCS11,weekday_2142,1786598764,39.0,3.1861,101.6646,0.0
SCS10,weekday_2019,1786598817,0.0,3.2385,101.6813,0.0
DMU11(D6122),55,1786598803,37.0,5.3929,102.056,0.0
DMU10(D6120),35,1786598853,0.0,2.8117,102.4038,0.0
SCS11,weekday_2142,1786598884,61.0,3.1911,101.6573,0.0
SCS11,weekday_2142,1786598974,28.0,3.1926,101.6539,0.0
SCS10,weekday_2019,1786598982,0.0,3.2386,101.6814,0.0
DMU08,34,1786598977,69.0,4.1765,102.0799,0.0
SCS11,weekday_2142,1786598974,28.0,3.1926,101.6539,0.0
SCS10,weekday_2019,1786599087,0.0,3.2386,101.6814,0.0
SCS11,weekday_2142,1786599064,38.0,3.1982,101.6416,0.0
DMU10(D6120),35,1786599063,0.0,2.8117,102.4037,0.0
DMU10(D6120),35,1786599093,0.0,2.8117,102.4037,0.0
SCS11,weekday_2142,1786599199,6.0,3.2038,101.6362,0.0
DMU08,34,1786599187,35.0,4.1849,102.0554,0.0
SCS11,weekday_2142,1786599319,35.0,3.2087,101.6284,0.0
SCS10,weekday_2019,1786599282,0.0,3.2385,101.6813,0.0
DMU10(D6120),35,1786599333,0.0,2.8116,102.4037,0.0
DMU08,34,1786599322,0.0,4.1874,102.053,0.0
DMU08,34,1786599352,0.0,4.1873,102.0529,0.0
DMU10(D6120),35,1786599393,0.0,2.8116,102.4037,0.0
DMU08,34,1786599547,0.0,4.1865,102.0536,0.0
DMU11(D6122),55,1786599628,41.0,5.3683,102.0262,0.0
DMU10(D6120),35,1786599618,64.0,2.7999,102.4186,0.0
SCS25,weekday_2032,1786599583,45.0,3.1016,101.7012,0.0
DMU08,34,1786599585,0.0,4.1865,102.0536,0.0
DMU10(D6120),35,1786599693,81.0,2.791,102.431,0.0
SCS19,weekday_2147,1786599656,106.0,3.6013,101.5924,0.0
DMU10(D6120),35,1786599693,81.0,2.791,102.431,0.0
SCS25,weekday_2032,1786599801,10.0,3.1134,101.6817,0.0
DMU10(D6120),35,1786599798,73.0,2.7846,102.4499,0.0
DMU11(D6122),55,1786599823,11.0,5.3793,102.013,0.0
SCS10,weekday_2019,1786599822,0.0,3.2385,101.6813,0.0
SCS19,weekday_2147,1786599821,92.0,3.5698,101.6175,0.0
DMU10(D6120),35,1786599843,70.0,2.7795,102.4571,0.0
SCS11,weekday_2142,1786599822,44.0,3.2077,101.5763,0.0
SCS11,weekday_2142,1786599927,101.0,3.2275,101.5608,0.0
SCS19,weekday_2147,1786599926,49.0,3.559,101.6368,0.0
SCS25,weekday_2032,1786599933,0.0,3.1179,101.6791,0.0
DMU10(D6120),35,1786599933,62.0,2.7673,102.4674,0.0
DMU11(D6122),55,1786599958,0.0,5.377,102.0102,0.0
SCS10,weekday_2019,1786599957,0.0,3.2385,101.6813,0.0
SCS19,weekday_2147,1786599956,60.0,3.5552,101.6392,0.0
DMU10(D6120),35,1786600053,78.0,2.748,102.477,0.0
DMU11(D6122),55,1786600093,0.0,5.377,102.0102,0.0
SCS19,weekday_2147,1786600121,20.0,3.5407,101.6358,0.0
SCS25,weekday_2032,1786600122,15.0,3.1259,101.6785,0.0
SCS20,weekday_2138,1786600147,0.0,3.6848,101.5181,0.0
DMU11(D6122),55,1786600228,0.0,5.377,102.0102,0.0
SCS11,weekday_2142,1786600227,0.0,3.2588,101.555,0.0
SCS19,weekday_2147,1786600226,72.0,3.5321,101.6328,0.0
SCS25,weekday_2032,1786600393,18.0,3.1308,101.6823,0.0
SCS10,weekday_2019,1786600497,0.0,3.2385,101.6813,0.0
SCS25,weekday_2032,1786600528,0.0,3.1324,101.6835,0.0
DMU11(D6122),55,1786600498,0.0,5.377,102.0102,0.0
SCS25,weekday_2032,1786600709,0.0,3.1388,101.6935,0.0
SCS10,weekday_2019,1786600722,0.0,3.2384,101.6812,0.0
SCS19,weekday_2147,1786600721,114.0,3.4424,101.6381,0.0
DMU10(D6120),35,1786600788,84.0,2.6494,102.5738,0.0
DMU10(D6120),35,1786600893,84.0,2.6362,102.5891,0.0
SCS25,weekday_2032,1786601055,56.0,3.1618,101.692,0.0
SCS10,weekday_2031,1786601052,61.0,3.2225,101.6726,0.0
SCS19,weekday_2147,1786601051,0.0,3.3757,101.614,0.0
DMU10(D6120),35,1786601013,72.0,2.6138,102.5909,0.0
DMU10(D6120),35,1786601088,70.0,2.6,102.5944,0.0
DMU11(D6122),55,1786601098,0.0,5.3769,102.0101,0.0
DMU11(D6122),55,1786601203,0.0,5.3769,102.0101,0.0
SCS10,weekday_2031,1786601202,42.0,3.2108,101.6721,0.0
SCS11,weekday_2142,1786601202,0.0,3.3765,101.6149,0.0
SCS19,weekday_2147,1786601201,96.0,3.3626,101.5834,0.0
DMU10(D6120),35,1786601283,32.0,2.5822,102.6007,0.0
SCS10,weekday_2031,1786601367,63.0,3.2022,101.6779,0.0
SCS10,weekday_2031,1786601457,27.0,3.1985,101.6811,0.0
SCS11,weekday_2142,1786601442,114.0,3.431,101.6313,0.0
DMU10(D6120),35,1786601553,0.0,2.5799,102.6132,0.0
SCS11,weekday_2142,1786601712,88.0,3.4797,101.6397,0.0
SCS10,weekday_2031,1786601712,3.0,3.1829,101.6889,0.0
DMU11(D6122),55,1786601758,0.0,5.377,102.0102,0.0
SCS19,weekday_2147,1786601966,26.0,3.2595,101.5552,0.0
SCS10,weekday_2031,1786602003,0.0,3.1661,101.6903,0.0
SCS19,weekday_2147,1786602026,0.0,3.2576,101.5547,0.0
SCS11,weekday_2142,1786602027,0.0,3.5009,101.6341,0.0
DMU10(D6120),35,1786602003,0.0,2.5799,102.6132,0.0
SCS10,weekday_2031,1786602078,61.0,3.159,101.693,0.0
DMU11(D6122),55,1786602058,0.0,5.377,102.0102,0.0
SCS11,weekday_2142,1786602057,0.0,3.5009,101.6341,0.0
DMU11(D6122),55,1786602433,0.0,5.377,102.0102,0.0
SCS10,weekday_2031,1786602423,0.0,3.1401,101.694,0.0
DMU10(D6120),35,1786602423,0.0,2.5799,102.6131,0.0
SCS19,weekday_2147,1786602431,0.0,3.2059,101.5811,0.0
SCS19,weekday_2147,1786602461,14.0,3.2058,101.5814,0.0
DMU11(D6122),55,1786602463,0.0,5.377,102.0102,0.0
SCS11,weekday_2142,1786602462,86.0,3.5605,101.6335,0.0
DMU11(D6122),55,1786602673,0.0,5.377,102.0102,0.0
SCS19,weekday_2147,1786602671,80.0,3.2065,101.6162,0.0
DMU10(D6120),35,1786602768,0.0,2.5798,102.6132,0.0
SCS20,weekday_2151,1786602767,95.0,3.6743,101.5287,0.0
SCS10,weekday_2031,1786602768,24.0,3.1297,101.6814,0.0
SCS19,weekday_2147,1786603031,93.0,3.1942,101.6501,0.0
SCS20,weekday_2151,1786603107,99.0,3.6013,101.5925,0.0
SCS10,weekday_2031,1786603098,0.0,3.1193,101.6789,0.0
SCS11,weekday_2142,1786603062,48.0,3.6784,101.525,0.0
SCS19,weekday_2147,1786603061,34.0,3.1919,101.6552,0.0
SCS20,weekday_2151,1786603287,105.0,3.5665,101.6216,0.0
SCS19,weekday_2147,1786603286,64.0,3.1838,101.6676,0.0
DMU10(D6120),35,1786603233,0.0,2.5799,102.6133,0.0
SCS10,weekday_2031,1786603233,0.0,3.1193,101.6789,0.0
SCS10,weekday_2031,1786603398,88.0,3.1043,101.6978,0.0
SCS19,weekday_2147,1786603601,55.0,3.1606,101.6924,0.0
SCS10,weekday_2031,1786603593,0.0,3.0986,101.705,0.0
DMU09,57,1786603592,81.0,6.1697,102.1946,0.0
SCS11,weekday_2139,1786603632,0.0,3.6848,101.5181,0.0
DMU10(D6120),35,1786603728,0.0,2.5798,102.6132,0.0
SCS10,weekday_2031,1786603728,0.0,3.0986,101.705,0.0
DMU09,57,1786603727,0.0,6.1629,102.2076,0.0
SCS19,weekday_2147,1786603961,0.0,3.1391,101.6936,0.0
DMU09,57,1786603952,65.0,6.1471,102.2285,0.0
DMU10(D6120),35,1786603923,0.0,2.5797,102.6133,0.0
DMU10(D6120),35,1786603953,0.0,2.5797,102.6133,0.0
DMU09,57,1786603952,65.0,6.1471,102.2285,0.0
SCS10,weekday_2031,1786604088,0.0,3.0986,101.705,0.0
DMU10(D6120),35,1786604088,0.0,2.5799,102.6133,0.0
DMU09,57,1786604087,68.0,6.1284,102.2122,0.0
DMU11(D6122),56,1786604248,7.0,5.3789,102.0117,0.0
SCS20,weekday_2151,1786604247,116.0,3.4105,101.6276,0.0
SCS19,weekday_2147,1786604261,0.0,3.1361,101.6893,0.0
SCS10,weekday_2031,1786604253,0.0,3.0986,101.705,0.0
DMU10(D6120),35,1786604253,0.0,2.5799,102.6132,0.0
DMU09,57,1786604252,0.0,6.1186,102.2008,0.0
SCS20,weekday_2151,1786604367,83.0,3.3788,101.6172,0.0
DMU10(D6120),35,1786604358,0.0,2.5799,102.6132,0.0
DMU09,57,1786604357,34.0,6.116,102.1983,0.0
DMU09,57,1786604387,32.0,6.1142,102.1961,0.0
ETS208,9052,1786604429,0.0,3.1412,101.6938,0.0
SCS25,weekday_2035,1786604394,0.0,3.2371,101.6812,0.0
SCS10,weekday_2031,1786604388,0.0,3.0986,101.705,0.0
DMU10(D6120),35,1786604388,0.0,2.5799,102.6132,0.0
SCS25,weekday_2035,1786604590,97.0,3.2185,101.6724,0.0
SCS17,weekday_2013,1786604599,0.0,3.1907,101.6877,0.0
SCS19,weekday_2147,1786604591,0.0,3.1345,101.6862,0.0
SCS10,weekday_2031,1786604583,0.0,3.0986,101.705,0.0
SCS17,weekday_2013,1786604719,0.0,3.1907,101.6877,0.0
EMU31,2941,1786604745,0.0,6.6626,100.3196,0.0
SCS10,weekday_2031,1786604748,0.0,3.0986,101.705,0.0
DMU10(D6120),35,1786604748,0.0,2.5798,102.6133,0.0
DMU10(D6120),35,1786604793,0.0,2.5799,102.6132,0.0
SCS10,weekday_2031,1786604793,0.0,3.0986,101.705,0.0
DMU09,57,1786604792,74.0,6.0781,102.1625,0.0
EMU31,2941,1786604835,0.0,6.6611,100.3179,0.0
SCS20,weekday_2151,1786604827,35.0,3.3256,101.5709,0.0
SCS19,weekday_2147,1786604906,0.0,3.1345,101.6862,0.0
DMU10(D6120),35,1786605003,0.0,2.58,102.6133,0.0
SCS10,weekday_2031,1786605003,0.0,3.0986,101.705,0.0
SCS20,weekday_2151,1786605007,23.0,3.3181,101.5749,0.0
SCS17,weekday_2013,1786605004,0.0,3.1907,101.6877,0.0
SCS25,weekday_2035,1786605118,45.0,3.1873,101.6897,0.0
SCS19,weekday_2147,1786605116,4.0,3.1362,101.69,0.0
EMU31,2941,1786605195,115.0,6.6227,100.2658,0.0
ETS208,9052,1786605314,0.0,3.1467,101.6913,0.0
SCS17,weekday_2013,1786605334,0.0,3.1907,101.6877,0.0
SCS20,weekday_2151,1786605327,13.0,3.2631,101.5572,0.0
EMU31,2941,1786605315,104.0,6.5878,100.2627,0.0
SCS25,weekday_2035,1786605321,11.0,3.1796,101.6876,0.0
DMU10(D6120),35,1786605273,0.0,2.58,102.6132,0.0
SCS10,weekday_2031,1786605273,0.0,3.0986,101.705,0.0
DMU09,57,1786605272,16.0,6.0383,102.14,0.0
SCS25,weekday_2035,1786605366,13.0,3.1776,101.6866,0.0
DMU10(D6120),35,1786605738,0.0,2.5799,102.6131,0.0
ETS208,9052,1786605734,0.0,3.1467,101.6913,0.0
SCS20,weekday_2151,1786605847,0.0,3.2065,101.5796,0.0
SCS10,weekday_2031,1786605843,0.0,3.0986,101.705,0.0
SCS25,weekday_2035,1786605843,33.0,3.1599,101.6927,0.0
DMU09,57,1786605842,5.0,5.9662,102.1438,0.0
SCS11,weekday_2139,1786605822,0.0,3.6849,101.518,0.0
SCS25,weekday_2035,1786606155,20.0,3.1442,101.6932,0.0
DMU11(D6122),56,1786606303,35.0,5.359,102.1052,0.0
SCS10,weekday_2031,1786606293,0.0,3.0986,101.705,0.0
DMU10(D6120),35,1786606293,0.0,2.5798,102.6132,0.0
SCS20,weekday_2151,1786606387,31.0,3.205,101.6351,0.0
SCS10,weekday_2031,1786606383,0.0,3.0986,101.705,0.0
DMU09,57,1786606382,49.0,5.894,102.1576,0.0
ETS208,9052,1786606379,0.0,3.2057,101.5816,0.0
SCS25,weekday_2035,1786606377,15.0,3.1372,101.6919,0.0
DMU09,57,1786606667,66.0,5.8596,102.1533,0.0
EMU39,2940,1786606761,42.0,5.3854,100.3776,0.0
SCS25,weekday_2035,1786606773,17.0,3.119,101.6789,0.0
SCS10,weekday_2040,1786606773,62.0,3.1021,101.7005,0.0
DMU09,57,1786606772,69.0,5.8406,102.1509,0.0
ETS208,9052,1786606859,45.0,3.3124,101.5748,0.0
SCS10,weekday_2040,1786606863,71.0,3.1126,101.6848,0.0
DMU09,57,1786606862,65.0,5.8251,102.149,0.0
SCS23,2943,1786606989,114.0,6.5893,100.2628,0.0
SCS25,weekday_2035,1786607310,0.0,3.0978,101.706,0.0
SCS10,weekday_2040,1786607313,0.0,3.1323,101.6833,0.0
SCS19,weekday_2150,1786607593,77.0,3.2906,101.5726,0.0
DMU05,60,1786607593,53.0,4.2373,101.9795,0.0
SCS23,2943,1786607589,106.0,6.4382,100.2661,0.0
SCS10,weekday_2040,1786607793,23.0,3.1448,101.6926,0.0
SCS25,weekday_2035,1786607792,0.0,3.0978,101.706,0.0
EMU39,2940,1786607791,114.0,5.4547,100.4938,0.0
DMU09,57,1786607792,67.0,5.7312,102.1615,0.0
SCS25,weekday_2035,1786607792,0.0,3.0978,101.706,0.0
SCS23,2943,1786608129,113.0,6.3576,100.3127,0.0
DMU09,57,1786608272,69.0,5.6764,102.1559,0.0
DMU09,57,1786608272,69.0,5.6764,102.1559,0.0
DMU03,58,1786608274,34.0,4.8941,101.9713,0.0
EMU31,2941,1786608273,4.0,5.9717,100.4408,0.0
EMU39,2940,1786608272,116.0,5.5635,100.4979,0.0
SCS25,weekday_2035,1786608397,0.0,3.0978,101.706,0.0
SCS25,weekday_2035,1786608397,0.0,3.0978,101.706,0.0
SCS10,weekday_2040,1786608400,48.0,3.1848,101.6897,0.0
SCS19,weekday_2150,1786608403,111.0,3.3859,101.6242,0.0
ETS208,9052,1786608464,78.0,3.5982,101.6021,0.0
EMU39,2940,1786608467,117.0,5.6211,100.4953,0.0
DMU09,57,1786608467,0.0,5.6487,102.1584,0.0
ETS208,9052,1786608554,105.0,3.6123,101.5836,0.0
DMU05,60,1786608643,68.0,4.3319,101.9181,0.0
SCS10,weekday_2040,1786608640,0.0,3.2052,101.6752,0.0
DMU05,60,1786608643,68.0,4.3319,101.9181,0.0
DMU09,57,1786608677,56.0,5.6271,102.164,0.0
ETS208,9052,1786608644,117.0,3.6305,101.5642,0.0
DMU11(D6122),56,1786608643,56.0,5.3591,102.2253,0.0
SCS19,weekday_2150,1786608643,113.0,3.4493,101.6393,0.0
SCS25,weekday_2035,1786608641,0.0,3.0978,101.706,0.0
EMU39,2940,1786608632,46.0,5.6448,100.4904,0.0
SCS23,2943,1786608954,114.0,6.1541,100.3798,0.0
EMU39,2940,1786608949,114.0,5.728,100.5119,0.0
ETS208,9052,1786609019,0.0,3.6843,101.5192,0.0
DMU05,60,1786609018,51.0,4.3767,101.9244,0.0
SCS23,2943,1786609044,115.0,6.1279,100.3764,0.0
SCS25,weekday_2035,1786609042,0.0,3.0978,101.706,0.0
DMU11(D6122),56,1786609033,0.0,5.3914,102.232,0.0
SCS11,weekday_2155,1786609032,101.0,3.2313,101.5597,0.0
EMU31,2941,1786609030,88.0,5.8101,100.4794,0.0
SCS10,weekday_2040,1786609030,0.0,3.2383,101.6811,0.0
DMU03,58,1786609174,55.0,5.001,102.0221,0.0
ETS208,9052,1786609274,0.0,3.684,101.5192,0.0
SCS19,weekday_2150,1786609273,91.0,3.5465,101.6386,0.0
DMU05,60,1786609273,40.0,4.4144,101.9283,0.0
DMU11(D6122),56,1786609273,38.0,5.4038,102.2313,0.0
ETS208,9052,1786609379,0.0,3.684,101.5192,0.0
SCS25,weekday_2035,1786609370,0.0,3.0978,101.706,0.0
SCS10,weekday_2031,1786609420,0.0,3.2384,101.6811,0.0
EMU31,2941,1786609420,121.0,5.7002,100.5097,0.0
SCS23,2943,1786609419,114.0,6.0597,100.3911,0.0
DMU05,60,1786609378,5.0,4.4228,101.932,0.0
DMU03,58,1786609369,38.0,5.0177,102.0301,0.0
SCS19,weekday_2150,1786609423,80.0,3.5597,101.6354,0.0
DMU11(D6122),56,1786609423,39.0,5.4134,102.2361,0.0
SCS11,weekday_2155,1786609422,0.0,3.2065,101.5797,0.0
DMU03,58,1786609414,23.0,5.0212,102.0323,0.0
ETS208,9052,1786609424,108.0,3.7214,101.4701,0.0
DMU05,60,1786609423,0.0,4.4228,101.9319,0.0
SCS25,weekday_2035,1786609692,0.0,3.0978,101.706,0.0
SCS11,weekday_2155,1786609692,89.0,3.1996,101.6074,0.0
SCS10,weekday_2031,1786609690,0.0,3.2384,101.6811,0.0
SCS23,2943,1786609689,114.0,5.9892,100.4309,0.0
EMU31,2941,1786609689,0.0,5.6427,100.49,0.0
DMU09,57,1786609682,5.0,5.5303,102.2031,0.0
SCS10,weekday_2031,1786609735,0.0,3.2384,101.6811,0.0
SCS23,2943,1786609734,100.0,5.9776,100.4375,0.0
EMU31,2941,1786609734,0.0,5.6427,100.49,0.0
DMU09,57,1786609772,0.0,5.53,102.203,0.0
EMU39,2940,1786609865,115.0,5.9567,100.4493,0.0
SCS25,weekday_2035,1786610130,14.0,3.1014,101.7015,0.0
DMU05,60,1786610128,44.0,4.4954,101.9493,0.0
DMU11(D6122),56,1786610128,47.0,5.4833,102.2183,0.0
SCS19,weekday_2150,1786610128,14.0,3.6838,101.5192,0.0
SCS23,2943,1786610124,115.0,5.898,100.4747,0.0
DMU03,58,1786610149,38.0,5.0772,102.0689,0.0
ETS208,9052,1786610159,119.0,3.8597,101.3783,0.0
DMU03,58,1786610194,33.0,5.0817,102.0703,0.0
DMU03,58,1786610374,33.0,5.0953,102.0731,0.0
EMU31,2941,1786610371,0.0,5.482,100.4979,0.0
SCS23,2943,1786610364,74.0,5.8276,100.4777,0.0
DMU03,58,1786610374,33.0,5.0953,102.0731,0.0
DMU09,57,1786610372,0.0,5.5301,102.203,0.0
SCS25,weekday_2035,1786610489,0.0,3.1132,101.682,0.0
DMU11(D6122),56,1786610488,15.0,5.5292,102.2034,0.0
ETS208,9052,1786610519,0.0,3.9445,101.3348,0.0
EMU39,2940,1786610513,105.0,6.1021,100.3674,0.0
SCS13,2947,1786610512,44.0,6.6583,100.3144,0.0
DMU03,58,1786610509,21.0,5.1073,102.0726,0.0
DMU09,57,1786610507,0.0,5.53,102.203,0.0
EMU31,2941,1786610506,101.0,5.4661,100.4966,0.0
EMU31,2941,1786610656,115.0,5.4237,100.4812,0.0
EMU39,2940,1786610783,117.0,6.1467,100.3803,0.0
SCS13,2947,1786610782,115.0,6.6166,100.2647,0.0
EMU39,2940,1786610813,116.0,6.1558,100.3797,0.0
SCS13,2947,1786610812,115.0,6.6076,100.2635,0.0
SCS25,weekday_2035,1786610883,13.0,3.126,101.6786,0.0
EMU31,2941,1786610881,42.0,5.362,100.4672,0.0
SCS20,weekday_2154,1786610906,32.0,3.2572,101.5546,0.0
ETS208,9052,1786610954,127.0,4.0259,101.2884,0.0
SCS11,weekday_2155,1786610952,40.0,3.1521,101.6913,0.0
SCS20,weekday_2154,1786610946,0.0,3.2588,101.5549,0.0
SCS23,2943,1786610919,114.0,5.7063,100.5113,0.0
SCS25,weekday_2035,1786611086,0.0,3.1326,101.6837,0.0
SCS25,weekday_2035,1786611094,0.0,3.1326,101.6837,0.0
EMU39,2940,1786611113,121.0,6.2119,100.3654,0.0
DMU03,58,1786611109,13.0,5.143,102.0459,0.0
SCS23,2943,1786611204,0.0,5.6424,100.49,0.0
SCS25,weekday_2035,1786611190,0.0,3.1326,101.6837,0.0
DMU03,58,1786611184,0.0,5.1438,102.0455,0.0
DMU09,57,1786611182,20.0,5.5257,102.2051,0.0
SCS13,2947,1786611247,110.0,6.5038,100.2535,0.0
SCS13,2947,1786611397,115.0,6.4595,100.2589,0.0
DMU05,60,1786611478,59.0,4.6627,101.998,0.0
EMU39,2940,1786611478,118.0,6.3201,100.3407,0.0
EMU31,2941,1786611464,101.0,5.3711,100.4046,0.0
ETS208,9052,1786611554,0.0,4.1722,101.1889,0.0
SCS07,weekday_2045,1786611620,0.0,3.2384,101.6811,0.0
DMU03,58,1786611604,13.0,5.1517,102.0438,0.0
SCS25,weekday_2035,1786611613,19.0,3.1543,101.6928,0.0
DMU05,60,1786611613,59.0,4.6841,102.0026,0.0
SCS24,2944,1786611601,54.0,5.3641,100.4577,0.0
ETS208,9052,1786611629,1.0,4.1736,101.1894,0.0
SCS20,weekday_2154,1786611626,60.0,3.3348,101.5719,0.0
SCS13,2947,1786611622,107.0,6.4231,100.2714,0.0
SCS23,2943,1786611759,114.0,5.4995,100.5027,0.0
SCS07,weekday_2045,1786611755,73.0,3.2247,101.6727,0.0
SCS24,2944,1786611856,114.0,5.3926,100.471,0.0
SCS20,weekday_2154,1786611846,105.0,3.3657,101.5978,0.0
SCS23,2943,1786611894,7.0,5.4815,100.4978,0.0
SCS13,2947,1786611892,20.0,6.371,100.3027,0.0
SCS28,weekday_2160,1786611891,0.0,3.0004,101.391,0.0
DMU03,58,1786611994,30.0,5.1727,102.0318,0.0
SCS23,2943,1786611984,117.0,5.4624,100.4959,0.0
EMU31,2941,1786611989,0.0,5.3932,100.3666,0.0
DMU03,58,1786611994,30.0,5.1727,102.0318,0.0
SCS07,weekday_2045,1786612115,8.0,3.1989,101.6807,0.0
SCS07,weekday_2045,1786612115,8.0,3.1989,101.6807,0.0
SCS23,2943,1786612119,113.0,5.4247,100.4818,0.0
SCS19,weekday_2165,1786612123,104.0,3.6098,101.5858,0.0
DMU05,60,1786612123,0.0,4.7308,102.0106,0.0
SCS07,weekday_2045,1786612310,22.0,3.1838,101.6892,0.0
ETS208,9052,1786612364,128.0,4.3192,101.1378,0.0
SCS28,weekday_2160,1786612311,49.0,3.0165,101.4062,0.0
DMU11(D6122),56,1786612318,18.0,5.7035,102.1518,0.0
SCS13,2947,1786612312,114.0,6.2645,100.3547,0.0
SCS20,weekday_2154,1786612386,24.0,3.436,101.6352,0.0
DMU09,57,1786612382,15.0,5.4093,102.232,0.0
DMU03,58,1786612354,17.0,5.1776,102.0095,0.0
SCS23,2943,1786612404,0.0,5.3591,100.4668,0.0
ETS208,9052,1786612364,128.0,4.3192,101.1378,0.0
SCS24,2944,1786612471,115.0,5.5328,100.5047,0.0
DMU03,58,1786612774,65.0,5.2208,102.0117,0.0
SCS19,weekday_2165,1786612783,82.0,3.518,101.6288,0.0
DMU05,60,1786612828,70.0,4.8362,101.9999,0.0
SCS20,weekday_2154,1786612806,39.0,3.4675,101.6376,0.0
SCS24,2944,1786612801,115.0,5.6287,100.4922,0.0
ETS208,9052,1786612799,125.0,4.4459,101.0559,0.0
DMU09,57,1786612772,30.0,5.3848,102.2325,0.0
SCS20,weekday_2154,1786612886,39.0,3.4704,101.6381,0.0
SCS07,weekday_2045,1786612884,9.0,3.155,101.6933,0.0
EMU39,2940,1786612882,113.0,6.6282,100.2691,0.0
SCS13,2947,1786612882,115.0,6.1264,100.3758,0.0
ETS208,9052,1786612874,15.0,4.4595,101.0499,0.0
SCS28,weekday_2160,1786612881,6.0,3.044,101.4476,0.0
SCS23,2943,1786613304,22.0,5.3918,100.3685,0.0
SCS24,2944,1786613311,115.0,5.7358,100.5089,0.0
SCS13,2947,1786613310,114.0,6.0478,100.3978,0.0
ETS208,9052,1786613309,32.0,4.5426,101.0535,0.0
DMU11(D6122),56,1786613308,49.0,5.8146,102.1477,0.0
SCS17,weekday_2013,1786613308,0.0,3.1907,101.6877,0.0
SCS11,weekday_2158,1786613307,0.0,3.1351,101.6884,0.0
SCS26,weekday_2157,1786613305,0.0,3.1358,101.6893,0.0
SCS20,weekday_2154,1786613286,84.0,3.538,101.635,0.0
DMU03,58,1786613314,25.0,5.2897,102.0116,0.0
ETS208,9052,1786613429,125.0,4.5736,101.0643,0.0
DMU09,57,1786613432,2.0,5.33,102.2031,0.0
SCS24,2944,1786613431,114.0,5.7689,100.4946,0.0
SCS13,2947,1786613430,115.0,6.0165,100.4155,0.0
SCS28,weekday_2160,1786613391,79.0,3.0526,101.4824,0.0
DMU03,58,1786613389,33.0,5.2913,102.0172,0.0
SCS17,weekday_2013,1786613728,0.0,3.1907,101.6877,0.0
SCS23,2948,1786613724,0.0,5.3932,100.3665,0.0
SCS13,2947,1786613835,115.0,5.9472,100.4547,0.0
ETS208,9052,1786613834,0.0,4.5957,101.0725,0.0
SCS17,weekday_2013,1786613818,0.0,3.1907,101.6877,0.0
DMU11(D6122),56,1786613818,0.0,5.8917,102.1573,0.0
SCS24,2944,1786613836,114.0,5.8563,100.4769,0.0
SCS26,weekday_2157,1786613835,18.0,3.1123,101.6736,0.0
SCS07,weekday_2045,1786613859,0.0,3.1286,101.6804,0.0
SCS23,2948,1786613859,21.0,5.3894,100.3713,0.0
EMU39,2951,1786613857,35.0,6.658,100.3136,0.0
SCS28,weekday_2160,1786613856,0.0,3.0568,101.5259,0.0
SCS28,weekday_2160,1786614096,55.0,3.0721,101.5526,0.0
DMU09,57,1786614092,24.0,5.3124,102.1653,0.0
DMU03,58,1786614094,29.0,5.3091,102.0215,0.0
EMU31,2946,1786614094,116.0,5.6233,100.4944,0.0
DMU09,57,1786614302,11.0,5.3078,102.1566,0.0
EMU39,2951,1786614292,120.0,6.5697,100.2591,0.0
SCS28,weekday_2160,1786614291,24.0,3.0766,101.5612,0.0
SCS19,weekday_2165,1786614403,87.0,3.3047,101.575,0.0
SCS17,weekday_2013,1786614403,0.0,3.1906,101.6878,0.0
DMU11(D6122),56,1786614403,67.0,5.9601,102.1446,0.0
SCS11,weekday_2158,1786614402,32.0,3.2007,101.6391,0.0
SCS23,2948,1786614399,27.0,5.3666,100.4468,0.0
EMU39,2951,1786614682,121.0,6.4837,100.2536,0.0
SCS28,weekday_2160,1786614681,28.0,3.0847,101.5863,0.0
SCS23,2948,1786614669,34.0,5.3576,100.4635,0.0
EMU31,2946,1786614671,114.0,5.7526,100.5023,0.0
DMU03,58,1786614709,23.0,5.3697,102.0084,0.0
DMU09,57,1786614707,21.0,5.3184,102.1325,0.0
SCS24,2944,1786614706,113.0,6.0664,100.3873,0.0
SCS26,weekday_2157,1786614705,0.0,3.0845,101.6212,0.0
SCS13,2947,1786614705,114.0,5.7306,100.5109,0.0
SCS26,weekday_2157,1786614810,33.0,3.0841,101.6173,0.0
SCS13,2947,1786614810,114.0,5.7001,100.5097,0.0
DMU09,57,1786614812,0.0,5.3234,102.1256,0.0
DMU03,58,1786614814,15.0,5.3763,102.0098,0.0
SCS13,2947,1786614915,114.0,5.6725,100.4951,0.0
SCS07,weekday_2045,1786614879,0.0,3.1322,101.6831,0.0
EMU39,2951,1786614877,39.0,6.4329,100.268,0.0
DMU09,57,1786614917,0.0,5.3296,102.1216,0.0
SCS26,weekday_2157,1786614915,0.0,3.0831,101.6108,0.0
SCS24,2944,1786615156,114.0,6.1608,100.3793,0.0
SCS13,2947,1786615155,71.0,5.6402,100.4896,0.0
SCS11,weekday_2158,1786615154,108.0,3.221,101.565,0.0
SCS26,weekday_2157,1786615140,18.0,3.0841,101.5939,0.0
EMU31,2946,1786615207,109.0,5.8706,100.4769,0.0
SCS26,weekday_2157,1786615294,8.0,3.0847,101.5863,0.0
DMU03,58,1786615339,20.0,5.3683,102.0256,0.0
SCS13,2947,1786615335,114.0,5.5895,100.4937,0.0
SCS11,weekday_2158,1786615334,1.0,3.251,101.5557,0.0
SCS07,weekday_2045,1786615299,0.0,3.1322,101.6831,0.0
EMU39,2951,1786615297,33.0,6.3698,100.3036,0.0
SCS26,weekday_2157,1786615294,8.0,3.0847,101.5863,0.0
DMU09,57,1786615292,28.0,5.3599,102.1012,0.0
SCS19,weekday_2165,1786615603,0.0,3.2086,101.6289,0.0
SCS23,2948,1786615599,115.0,5.5859,100.4942,0.0
DMU09,57,1786615592,10.0,5.3694,102.0868,0.0
DMU09,57,1786615727,0.0,5.3719,102.0853,0.0
SCS13,2947,1786615725,6.0,5.4829,100.4982,0.0
SCS11,weekday_2158,1786615724,74.0,3.2904,101.5726,0.0
DMU05,60,1786615723,38.0,5.052,102.0676,0.0
EMU39,2951,1786615738,121.0,6.2598,100.3556,0.0
SCS11,weekday_2158,1786615799,84.0,3.3058,101.575,0.0
SCS19,weekday_2165,1786615828,35.0,3.1992,101.6406,0.0
SCS13,2947,1786615815,71.0,5.4797,100.4974,0.0
SCS26,weekday_2157,1786615954,92.0,3.0616,101.5429,0.0
EMU31,2946,1786615963,108.0,6.0463,100.3986,0.0
SCS23,2948,1786615959,117.0,5.6604,100.493,0.0
SCS07,weekday_2045,1786615959,0.0,3.1322,101.6831,0.0
DMU09,57,1786616252,0.0,5.3719,102.0852,0.0
SCS24,2944,1786616251,114.0,6.4049,100.2777,0.0
SCS26,weekday_2157,1786616239,17.0,3.0519,101.5015,0.0
SCS11,weekday_2158,1786616279,105.0,3.3634,101.5886,0.0
DMU05,60,1786616263,41.0,5.0988,102.0734,0.0
SCS26,weekday_2157,1786616254,19.0,3.052,101.5006,0.0
EMU39,2951,1786616336,113.0,6.124,100.3747,0.0
SCS17,weekday_2013,1786616338,4.0,3.1907,101.6877,0.0
SCS13,2947,1786616337,44.0,5.3607,100.4609,0.0
SCS24,2944,1786616371,15.0,6.4325,100.2682,0.0
SCS10,weekday_2019,1786616335,75.0,3.2235,101.6726,0.0
SCS07,weekday_2045,1786616334,0.0,3.1322,101.6831,0.0
SCS23,2948,1786616319,113.0,5.7606,100.4984,0.0
SCS26,weekday_2157,1786616374,0.0,3.0524,101.4923,0.0
DMU09,57,1786616372,0.0,5.3719,102.0853,0.0
SCS11,weekday_2158,1786616729,12.0,3.4321,101.6321,0.0
SCS26,weekday_2157,1786616749,72.0,3.0342,101.4623,0.0
SCS13,2947,1786616772,98.0,5.3702,100.4066,0.0
SCS23,2948,1786616769,115.0,5.8581,100.4769,0.0
DMU09,57,1786616732,0.0,5.3718,102.0853,0.0
EMU39,2951,1786617009,87.0,5.978,100.4373,0.0
SCS23,2948,1786617009,115.0,5.928,100.4631,0.0
SCS13,2947,1786617012,18.0,5.388,100.3724,0.0
SCS26,weekday_2157,1786617004,35.0,3.0442,101.4475,0.0
SCS11,weekday_2158,1786617014,26.0,3.4488,101.6392,0.0
SCS19,weekday_2165,1786617013,0.0,3.1359,101.6892,0.0
DMU11(D6122),56,1786617013,76.0,6.1841,102.1797,0.0
DMU05,60,1786617013,13.0,5.1476,102.0447,0.0
DMU03,58,1786617139,28.0,5.3349,102.1195,0.0
SCS11,weekday_2158,1786617164,91.0,3.4637,101.6374,0.0
DMU05,60,1786617163,23.0,5.1533,102.0433,0.0
SCS11,weekday_2158,1786617254,20.0,3.4695,101.6379,0.0
DMU05,60,1786617253,39.0,5.1594,102.0391,0.0
DMU05,60,1786617313,30.0,5.1655,102.0372,0.0
DMU05,60,1786617538,37.0,5.1713,102.0206,0.0
DMU11(D6122),56,1786617538,0.0,6.1954,102.1673,0.0
SCS09,weekday_2162,1786617537,104.0,3.2236,101.563,0.0
SCS23,2948,1786617534,114.0,6.0399,100.4022,0.0
SCS07,weekday_2050,1786617534,0.0,3.1402,101.6938,0.0
EMU39,2951,1786617674,12.0,5.8245,100.478,0.0
EMU31,2946,1786617689,62.0,6.4264,100.2702,0.0
DMU11(D6122),26,1786617688,7.0,6.1992,102.1669,0.0
SCS26,weekday_2157,1786617679,0.0,3.0132,101.4023,0.0
DMU09,57,1786617632,0.0,5.3903,102.0649,0.0
SCS24,2955,1786617676,22.0,6.661,100.3181,0.0
SCS26,weekday_2157,1786617694,14.0,3.013,101.4021,0.0
DMU09,57,1786617692,51.0,5.3908,102.0604,0.0
SCS07,weekday_2050,1786617789,10.0,3.1546,101.6929,0.0
SCS19,weekday_2165,1786617789,73.0,3.1029,101.672,0.0
SCS09,weekday_2162,1786617777,29.0,3.2554,101.5545,0.0
SCS13,2952,1786617777,20.0,5.3875,100.3731,0.0
SCS08,weekday_2166,1786617775,19.0,3.1379,101.6927,0.0
DMU03,58,1786617874,41.0,5.3065,102.1493,0.0
SCS24,2955,1786617946,114.0,6.6315,100.2733,0.0
EMU39,2951,1786617989,118.0,5.7647,100.4965,0.0
SCS24,2955,1786618036,115.0,6.6075,100.2634,0.0
EMU39,2951,1786618034,117.0,5.7521,100.5026,0.0
SCS08,weekday_2166,1786618141,2.0,3.1539,101.6924,0.0
SCS07,weekday_2050,1786618334,44.0,3.1892,101.6886,0.0
EMU31,2946,1786618310,112.0,6.5505,100.2597,0.0
SCS07,weekday_2050,1786618394,55.0,3.1964,101.6828,0.0
SCS24,2955,1786618396,7.0,6.5242,100.257,0.0
EMU31,2946,1786618505,116.0,6.6083,100.2634,0.0
DMU09,57,1786618502,0.0,5.379,102.0325,0.0
SCS23,2948,1786618494,108.0,6.2519,100.3571,0.0
DMU09,57,1786618667,0.0,5.379,102.0325,0.0
SCS24,2955,1786618666,109.0,6.4531,100.2611,0.0
DMU11(D6122),26,1786618665,0.0,6.2004,102.1668,0.0
SCS08,weekday_2166,1786618665,0.0,3.1918,101.6557,0.0
SCS23,2948,1786618659,114.0,6.3001,100.3473,0.0
SCS07,weekday_2050,1786618694,0.0,3.2152,101.6722,0.0
DMU03,58,1786618759,31.0,5.3489,102.2231,0.0
DMU05,60,1786618753,13.0,5.2891,102.0054,0.0
DMU03,58,1786618864,51.0,5.3615,102.2253,0.0
DMU03,58,1786618969,35.0,5.3743,102.2316,0.0
DMU11(D6122),26,1786619055,0.0,6.1993,102.1672,0.0
EMU39,2951,1786619068,49.0,5.4967,100.5019,0.0
DMU05,60,1786619068,15.0,5.2996,102.0199,0.0
DMU09,57,1786619057,0.0,5.379,102.0325,0.0
DMU09,57,1786619072,5.0,5.374,102.0091,0.0
DMU03,58,1786619074,46.0,5.3848,102.2327,0.0
SCS13,2952,1786619157,35.0,5.482,100.4979,0.0
SCS09,weekday_2162,1786619157,19.0,3.4316,101.6317,0.0
DMU09,57,1786619132,5.0,5.3752,102.0095,0.0
EMU39,2951,1786619165,27.0,5.4853,100.4989,0.0
SCS08,weekday_2166,1786619339,43.0,3.2031,101.5862,0.0
SCS23,2948,1786619334,0.0,6.4314,100.2684,0.0
DMU11(D6122),26,1786619325,0.0,6.1993,102.1672,0.0
SCS24,2955,1786619431,114.0,6.3112,100.3451,0.0
DMU11(D6122),26,1786619430,0.0,6.1993,102.1672,0.0
SCS07,weekday_2050,1786619429,0.0,3.2385,101.6811,0.0
EMU39,2951,1786619420,121.0,5.4492,100.4923,0.0
DMU09,57,1786619372,0.0,5.3768,102.0101,0.0
SCS19,weekday_2165,1786619423,90.0,3.062,101.5438,0.0
DMU03,58,1786619434,0.0,5.3914,102.232,0.0
EMU39,2951,1786619465,108.0,5.4364,100.4889,0.0
SCS08,weekday_2166,1786619447,0.0,3.2059,101.5809,0.0
SCS09,weekday_2162,1786619547,25.0,3.4539,101.6398,0.0
SCS23,2948,1786619544,114.0,6.4743,100.2539,0.0
EMU39,2951,1786619540,108.0,5.4169,100.4769,0.0
DMU11(D6122),26,1786619550,0.0,6.1994,102.1672,0.0
SCS07,weekday_2050,1786619549,0.0,3.2385,101.6811,0.0
DMU05,60,1786619548,59.0,5.3513,102.0104,0.0
SCS13,2952,1786619547,114.0,5.5674,100.4973,0.0
EMU39,2951,1786619600,116.0,5.4003,100.472,0.0
DMU09,57,1786619732,0.0,5.3767,102.0101,0.0
SCS09,weekday_2162,1786619772,83.0,3.4744,101.6387,0.0
SCS13,2952,1786619772,113.0,5.6333,100.4903,0.0
SCS23,2948,1786619769,0.0,6.5232,100.2568,0.0
SCS24,2955,1786619761,114.0,6.2143,100.3649,0.0
DMU11(D6122),26,1786619760,1.0,6.1991,102.1673,0.0
SCS07,weekday_2050,1786619744,10.0,3.2381,101.681,0.0
SCS09,weekday_2162,1786620012,101.0,3.5163,101.6291,0.0
SCS13,2952,1786620012,114.0,5.6721,100.495,0.0
SCS23,2948,1786620009,101.0,6.5824,100.2622,0.0
SCS24,2955,1786620001,100.0,6.1746,100.3784,0.0
SCS07,weekday_2050,1786619999,46.0,3.2135,101.6722,0.0
SCS08,weekday_2166,1786620015,39.0,3.2606,101.5556,0.0
SCS08,weekday_2166,1786620102,74.0,3.2752,101.5619,0.0
DMU11(D6122),26,1786620090,0.0,6.1992,102.1672,0.0
DMU03,58,1786620094,44.0,5.4418,102.2314,0.0
EMU39,2951,1786620093,63.0,5.367,100.4425,0.0
DMU09,57,1786620092,0.0,5.3768,102.0101,0.0
SCS19,weekday_2165,1786620263,6.0,3.0356,101.4699,0.0
DMU05,60,1786620253,11.0,5.3782,102.0108,0.0
DMU03,58,1786620304,43.0,5.4673,102.2247,0.0
SCS19,weekday_2165,1786620293,19.0,3.0339,101.468,0.0
SCS23,2948,1786620384,47.0,6.6584,100.3143,0.0
SCS07,weekday_2050,1786620389,43.0,3.1867,101.6901,0.0
SCS13,2952,1786620387,115.0,5.7758,100.492,0.0
SCS09,weekday_2162,1786620387,100.0,3.5724,101.6152,0.0
SCS07,weekday_2050,1786620404,41.0,3.185,101.6897,0.0
DMU09,57,1786620392,0.0,5.3767,102.0101,0.0
DMU05,60,1786620418,43.0,5.3764,102.02,0.0
SCS24,2955,1786620406,116.0,6.0914,100.3734,0.0
EMU39,2951,1786620393,101.0,5.3772,100.3931,0.0
SCS09,weekday_2162,1786620612,118.0,3.6156,101.5795,0.0
SCS13,2952,1786620612,0.0,5.8251,100.4779,0.0
SCS23,2948,1786620609,0.0,6.6633,100.3204,0.0
SCS23,2948,1786620684,0.0,6.6633,100.3204,0.0
DMU09,57,1786620647,0.0,5.3767,102.0101,0.0
SCS08,weekday_2166,1786620648,101.0,3.3479,101.5722,0.0
EMU39,2951,1786620648,23.0,5.3924,100.3676,0.0
DMU03,58,1786620754,22.0,5.5264,102.2047,0.0
SCS29,weekday_2178,1786620901,39.0,3.0133,101.4025,0.0
SCS05,weekday_2054,1786620901,20.0,3.1381,101.693,0.0
DMU05,60,1786620898,10.0,5.3816,102.0351,0.0
SCS07,weekday_2050,1786620886,10.0,3.1656,101.6909,0.0
DMU09,57,1786620902,46.0,5.3666,102.0082,0.0
SCS24,2955,1786620886,17.0,5.973,100.4401,0.0
SCS08,weekday_2166,1786620910,0.0,3.3757,101.6139,0.0
SCS09,weekday_2162,1786620927,41.0,3.6791,101.5242,0.0
SCS08,weekday_2166,1786620986,87.0,3.3805,101.6188,0.0
SCS07,weekday_2057,1786621021,0.0,3.1549,101.6933,0.0
SCS13,2952,1786621017,114.0,5.9305,100.4621,0.0
SCS24,2955,1786621156,114.0,5.9206,100.466,0.0
SCS29,weekday_2178,1786621126,37.0,3.0219,101.4118,0.0
SCS07,weekday_2057,1786621126,31.0,3.1489,101.6907,0.0
SCS05,weekday_2054,1786621126,61.0,3.1484,101.6908,0.0
SCS24,2955,1786621231,115.0,5.8995,100.4741,0.0
SCS13,2952,1786621272,64.0,5.9758,100.4386,0.0
DMU03,58,1786621234,39.0,5.545,102.1959,0.0
DMU09,57,1786621232,57.0,5.3293,102.0184,0.0
DMU09,57,1786621367,49.0,5.3088,102.0216,0.0
SCS05,weekday_2054,1786621396,0.0,3.1652,101.6913,0.0
SCS29,weekday_2178,1786621396,0.0,3.0408,101.4322,0.0
SCS24,2955,1786621396,113.0,5.8505,100.4769,0.0
SCS07,weekday_2057,1786621396,27.0,3.1364,101.6904,0.0
SCS08,weekday_2166,1786621392,0.0,3.4678,101.6376,0.0
SCS13,2952,1786621362,115.0,5.9976,100.4262,0.0
SCS07,weekday_2057,1786621471,0.0,3.1347,101.6885,0.0
SCS05,weekday_2054,1786621471,24.0,3.1679,101.6871,0.0
SCS13,2952,1786621512,114.0,6.037,100.4039,0.0
SCS27,weekday_2059,1786621506,0.0,3.2384,101.6812,0.0
DMU09,57,1786621472,13.0,5.3012,102.0211,0.0
SCS07,weekday_2057,1786621636,0.0,3.1347,101.6885,0.0
SCS27,weekday_2059,1786621596,45.0,3.2361,101.6812,0.0
SCS24,2955,1786621606,74.0,5.8205,100.4783,0.0
SCS29,weekday_2178,1786621606,27.0,3.0435,101.4492,0.0
DMU09,57,1786621697,13.0,5.2973,102.0194,0.0
SCS05,weekday_2054,1786621696,0.0,3.1815,101.6884,0.0
SCS29,weekday_2178,1786621696,0.0,3.0425,101.4513,0.0
SCS24,2955,1786621696,115.0,5.7964,100.4828,0.0
SCS07,weekday_2057,1786621696,17.0,3.1296,101.6812,0.0
SCS05,weekday_2054,1786621741,0.0,3.1815,101.6884,0.0
SCS13,2952,1786621737,109.0,6.0951,100.3713,0.0
SCS27,weekday_2059,1786621836,48.0,3.2067,101.6741,0.0
DMU09,57,1786621877,17.0,5.2896,102.0134,0.0
SCS24,2955,1786621876,115.0,5.746,100.505,0.0
SCS08,weekday_2166,1786621835,94.0,3.5427,101.6362,0.0
SCS07,weekday_2057,1786621846,21.0,3.12,101.6787,0.0
SCS29,weekday_2178,1786621846,0.0,3.0441,101.4477,0.0
SCS05,weekday_2054,1786621846,74.0,3.1936,101.6852,0.0
SCS07,weekday_2057,1786621936,0.0,3.1193,101.6788,0.0
SCS24,2955,1786621936,114.0,5.7292,100.5115,0.0
SCS27,weekday_2059,1786621986,65.0,3.2019,101.6782,0.0
DMU03,58,1786622014,44.0,5.6162,102.1669,0.0
SCS29,weekday_2178,1786622116,0.0,3.0424,101.4513,0.0
SCS08,weekday_2166,1786622089,105.0,3.5673,101.6203,0.0
SCS13,2952,1786622082,115.0,6.1642,100.3791,0.0
SCS24,2955,1786622086,113.0,5.6872,100.5024,0.0
SCS27,weekday_2059,1786622076,0.0,3.1988,101.6809,0.0
DMU05,60,1786622083,33.0,5.3686,102.0871,0.0
SCS29,weekday_2178,1786622176,0.0,3.0424,101.4513,0.0
SCS05,weekday_2054,1786622176,42.0,3.2123,101.6721,0.0
SCS07,weekday_2057,1786622176,0.0,3.1192,101.6788,0.0
SCS08,weekday_2166,1786622159,118.0,3.5842,101.6118,0.0
SCS24,2955,1786622251,49.0,5.646,100.4906,0.0
SCS13,2952,1786622217,0.0,6.1838,100.3745,0.0
SCS27,weekday_2059,1786622226,32.0,3.1836,101.6892,0.0
SCS08,weekday_2166,1786622218,99.0,3.5981,101.6018,0.0
DMU09,57,1786622252,32.0,5.2706,102.0094,0.0
SCS08,weekday_2166,1786622330,122.0,3.6186,101.5754,0.0
SCS07,weekday_2057,1786622356,65.0,3.1052,101.6968,0.0
SCS29,weekday_2178,1786622356,0.0,3.0424,101.4513,0.0
SCS05,weekday_2054,1786622356,40.0,3.2315,101.6756,0.0
DMU03,58,1786622419,69.0,5.6706,102.157,0.0
SCS24,2955,1786622416,97.0,5.6313,100.4911,0.0
DMU09,57,1786622417,43.0,5.2619,102.0099,0.0
SCS29,weekday_2178,1786622416,17.0,3.0421,101.4517,0.0
SCS07,weekday_2057,1786622416,16.0,3.1016,101.7013,0.0
SCS05,weekday_2054,1786622416,31.0,3.2358,101.681,0.0
DMU09,57,1786622492,48.0,5.2517,102.0102,0.0
SCS07,weekday_2057,1786622491,13.0,3.0988,101.7048,0.0
SCS13,2952,1786622457,110.0,6.2447,100.3587,0.0
SCS08,weekday_2166,1786622492,115.0,3.6564,101.5414,0.0
DMU05,60,1786622608,20.0,5.33,102.1213,0.0
SCS24,2955,1786622596,117.0,5.5794,100.4953,0.0
SCS08,weekday_2166,1786622562,76.0,3.6715,101.5304,0.0
SCS29,weekday_2178,1786622611,33.0,3.0355,101.4699,0.0
SCS07,weekday_2057,1786622611,0.0,3.0987,101.705,0.0
SCS13,2952,1786622577,114.0,6.2798,100.3515,0.0
DMU09,57,1786622612,37.0,5.2466,102.0094,0.0
EMU40,2959,1786622708,0.0,6.6624,100.3197,0.0
DMU05,60,1786622728,43.0,5.3253,102.124,0.0
SCS13,2952,1786622727,114.0,6.3226,100.3389,0.0
SCS27,weekday_2059,1786622726,47.0,3.1617,101.6922,0.0
SCS05,weekday_2054,1786622851,0.0,3.2371,101.6812,0.0
EMU40,2959,1786622813,18.0,6.661,100.318,0.0
SCS07,weekday_2057,1786622806,0.0,3.0987,101.705,0.0
SCS27,weekday_2059,1786622816,0.0,3.1548,101.6932,0.0
SCS13,2952,1786622817,114.0,6.3443,100.3227,0.0
SCS29,weekday_2178,1786622896,52.0,3.0509,101.4761,0.0
SCS07,weekday_2057,1786622896,0.0,3.0987,101.705,0.0
SCS05,weekday_2054,1786622896,0.0,3.2371,101.6812,0.0
DMU09,57,1786622897,17.0,5.22,102.0118,0.0
SCS24,2955,1786622896,94.0,5.4922,100.5007,0.0
SCS13,2952,1786622967,0.0,6.3713,100.3024,0.0
SCS27,weekday_2059,1786622966,18.0,3.1454,101.6922,0.0
SCS27,weekday_2059,1786623056,16.0,3.1408,101.6942,0.0
SCS07,weekday_2057,1786623046,0.0,3.0987,101.705,0.0
SCS05,weekday_2054,1786623046,0.0,3.2371,101.6812,0.0
EMU40,2959,1786623053,117.0,6.6374,100.2812,0.0
SCS24,2955,1786623076,94.0,5.4746,100.4961,0.0
DMU09,57,1786623092,41.0,5.211,102.0125,0.0
DMU05,60,1786623133,32.0,5.3112,102.1432,0.0
SCS27,weekday_2059,1786623206,25.0,3.1363,101.6902,0.0
EMU40,2959,1786623188,115.0,6.6034,100.2633,0.0
DMU05,60,1786623178,41.0,5.3076,102.1466,0.0
SCS13,2952,1786623207,107.0,6.4186,100.2729,0.0
DMU09,57,1786623317,45.0,5.1845,102.0111,0.0
SCS24,2955,1786623316,117.0,5.4078,100.4736,0.0
SCS07,weekday_2057,1786623316,0.0,3.0987,101.705,0.0
EMU40,2959,1786623293,119.0,6.5715,100.2593,0.0
DMU09,57,1786623377,23.0,5.1781,102.0097,0.0
SCS07,weekday_2057,1786623376,0.0,3.0987,101.705,0.0
SCS05,weekday_2054,1786623376,0.0,3.2371,101.6812,0.0
DMU05,60,1786623343,0.0,5.3081,102.1571,0.0
SCS13,2952,1786623342,0.0,6.4326,100.2681,0.0
EMU40,2959,1786623428,75.0,6.5314,100.2582,0.0
EMU40,2959,1786623533,34.0,6.5226,100.2567,0.0
SCS29,weekday_2178,1786623526,89.0,3.0603,101.537,0.0
DMU09,57,1786623527,9.0,5.1737,102.01,0.0
SCS05,weekday_2054,1786623556,0.0,3.2371,101.6812,0.0
SCS07,weekday_2057,1786623556,22.0,3.1024,101.7001,0.0
SCS24,2955,1786623556,46.0,5.3573,100.4656,0.0
SCS05,weekday_2054,1786623616,0.0,3.2371,101.6812,0.0
EMU40,2959,1786623578,100.0,6.5139,100.2552,0.0
SCS13,2952,1786623687,69.0,6.5199,100.2562,0.0
SCS07,weekday_2057,1786623661,60.0,3.1118,101.6885,0.0
DMU09,57,1786623692,44.0,5.1729,102.0252,0.0
SCS27,weekday_2059,1786623776,84.0,3.1137,101.6814,0.0
DMU09,57,1786623812,27.0,5.1696,102.0367,0.0
SCS27,weekday_2059,1786623926,33.0,3.1022,101.7005,0.0
SCS13,2952,1786623927,114.0,6.5646,100.2593,0.0
SCS07,weekday_2057,1786623901,0.0,3.1193,101.6788,0.0
EMU40,2959,1786623926,0.0,6.4314,100.2686,0.0
EMU40,2959,1786624046,114.0,6.4085,100.2764,0.0
DMU03,58,1786624039,0.0,5.8063,102.1467,0.0
DMU09,57,1786624097,15.0,5.1515,102.0439,0.0
DMU03,58,1786624099,0.0,5.8063,102.1467,0.0
SCS29,weekday_2178,1786624096,21.0,3.0795,101.5721,0.0
SCS24,2955,1786624096,96.0,5.3708,100.4052,0.0
SCS07,weekday_2057,1786624066,18.0,3.1254,101.6784,0.0
SCS13,2952,1786624167,114.0,6.6326,100.2748,0.0
EMU40,2959,1786624166,103.0,6.3796,100.2963,0.0
SCS27,weekday_2059,1786624166,0.0,3.0986,101.705,0.0
DMU03,58,1786624144,0.0,5.8064,102.1467,0.0
SCS29,weekday_2178,1786624141,27.0,3.0808,101.5734,0.0
DMU05,60,1786624243,37.0,5.3357,102.2168,0.0
SCS13,2952,1786624242,114.0,6.646,100.2928,0.0
SCS27,weekday_2059,1786624241,0.0,3.0986,101.705,0.0
SCS24,2955,1786624336,2.0,5.3867,100.3747,0.0
SCS29,weekday_2178,1786624336,0.0,3.0847,101.5891,0.0
SCS07,weekday_2057,1786624306,26.0,3.1319,101.6831,0.0
DMU09,57,1786624382,0.0,5.1438,102.0454,0.0
DMU05,60,1786624408,53.0,5.3521,102.2236,0.0
SCS29,weekday_2178,1786624381,0.0,3.0847,101.5895,0.0
SCS13,2952,1786624377,50.0,6.6611,100.3182,0.0
SCS07,weekday_2057,1786624381,0.0,3.1323,101.6834,0.0
SCS24,2955,1786624411,24.0,5.3889,100.3716,0.0
EMU40,2959,1786624472,108.0,6.3303,100.3331,0.0
SCS07,weekday_2057,1786624471,18.0,3.1361,101.6893,0.0
SCS24,2955,1786624471,13.0,5.3912,100.3693,0.0
SCS29,weekday_2178,1786624471,46.0,3.0834,101.5968,0.0
DMU03,58,1786624474,0.0,5.8064,102.1467,0.0
DMU09,57,1786624472,0.0,5.1438,102.0454,0.0
EMU40,2959,1786624472,108.0,6.3303,100.3331,0.0
DMU03,58,1786624549,0.0,5.8064,102.1467,0.0
EMU40,2959,1786624547,113.0,6.3122,100.3449,0.0
SCS29,weekday_2178,1786624576,18.0,3.0832,101.6118,0.0
SCS07,weekday_2057,1786624546,0.0,3.1365,101.6907,0.0
SCS24,2955,1786624546,0.0,5.3924,100.3674,0.0
DMU05,60,1786624648,37.0,5.3766,102.2334,0.0
SCS29,weekday_2178,1786624711,5.0,3.0846,101.6225,0.0
SCS07,weekday_2057,1786624696,7.0,3.1375,101.6923,0.0
DMU09,57,1786624712,13.0,5.138,102.0483,0.0
EMU40,2959,1786624712,115.0,6.2637,100.3548,0.0
DMU09,57,1786624817,10.0,5.1358,102.0526,0.0
SCS29,weekday_2178,1786624786,66.0,3.085,101.6257,0.0
SCS07,weekday_2057,1786624786,0.0,3.14,101.6937,0.0
DMU05,60,1786624888,2.0,5.3917,102.232,0.0
SCS27,weekday_2059,1786624886,0.0,3.0986,101.705,0.0
EMU40,2959,1786624905,115.0,6.2069,100.3664,0.0
DMU09,57,1786624937,26.0,5.1284,102.0576,0.0
SCS27,weekday_2059,1786624901,0.0,3.0986,101.705,0.0
EMU40,2959,1786625040,27.0,6.1835,100.3747,0.0
DMU09,57,1786625057,28.0,5.1189,102.0636,0.0
SCS27,weekday_2059,1786625051,0.0,3.0986,101.705,0.0
SCS29,weekday_2178,1786625056,0.0,3.0821,101.6474,0.0
SCS07,weekday_2057,1786625056,31.0,3.1555,101.6936,0.0
EMU40,2959,1786625085,4.0,6.183,100.3751,0.0
DMU05,60,1786625083,23.0,5.4069,102.2311,0.0
SCS27,weekday_2059,1786625126,0.0,3.0986,101.705,0.0
DMU03,58,1786625104,63.0,5.8262,102.1491,0.0
SCS05,weekday_2063,1786625101,0.0,3.2371,101.6812,0.0
SCS05,weekday_2063,1786625176,63.0,3.2327,101.6773,0.0
SCS29,weekday_2178,1786625176,0.0,3.0837,101.6571,0.0
SCS27,weekday_2059,1786625186,0.0,3.0986,101.705,0.0
SCS05,weekday_2063,1786625296,0.0,3.2139,101.6722,0.0
SCS29,weekday_2178,1786625266,23.0,3.0852,101.6611,0.0
EMU40,2959,1786625265,116.0,6.1369,100.3802,0.0
DMU05,60,1786625323,30.0,5.4246,102.2379,0.0
EMU40,2959,1786625340,72.0,6.1178,100.3718,0.0
SCS05,weekday_2063,1786625341,0.0,3.2139,101.6722,0.0
SCS29,weekday_2178,1786625341,0.0,3.0866,101.665,0.0
EMU40,2959,1786625505,113.0,6.0988,100.3693,0.0
SCS29,weekday_2178,1786625536,0.0,3.0963,101.6702,0.0
SCS05,weekday_2063,1786625506,0.0,3.2043,101.676,0.0
SCS29,weekday_2178,1786625581,58.0,3.0993,101.671,0.0
EMU40,2959,1786625580,116.0,6.0786,100.3804,0.0
SCS27,weekday_2059,1786625606,0.0,3.0986,101.705,0.0
SCS05,weekday_2063,1786625581,53.0,3.2009,101.679,0.0
SCS29,weekday_2178,1786625761,45.0,3.1176,101.6726,0.0
EMU40,2959,1786625845,116.0,6.0084,100.42,0.0
SCS05,weekday_2063,1786625821,9.0,3.1817,101.6886,0.0
SCS29,weekday_2178,1786625821,0.0,3.1196,101.674,0.0
SCS27,weekday_2059,1786625846,0.0,3.0986,101.705,0.0
SCS27,weekday_2059,1786625996,0.0,3.0986,101.705,0.0
SCS05,weekday_2063,1786625986,25.0,3.1758,101.6856,0.0
DMU09,57,1786626062,13.0,5.0405,102.0561,0.0
SCS27,weekday_2059,1786626086,0.0,3.0986,101.705,0.0
EMU40,2959,1786626085,70.0,5.9689,100.4424,0.0
DMU05,60,1786626043,50.0,5.5164,102.2088,0.0
EMU40,2959,1786626325,114.0,5.9049,100.472,0.0
SCS05,weekday_2063,1786626327,49.0,3.1613,101.6922,0.0
SCS27,weekday_2059,1786626326,0.0,3.0986,101.705,0.0
DMU09,57,1786626302,23.0,5.0334,102.0496,0.0
SCS05,weekday_2063,1786626387,19.0,3.1543,101.6929,0.0
EMU40,2959,1786626370,119.0,5.8921,100.4767,0.0
DMU03,58,1786626424,0.0,6.0332,102.1395,0.0
EMU40,2959,1786626415,117.0,5.8784,100.477,0.0
SCS05,weekday_2063,1786626522,20.0,3.146,101.6917,0.0
EMU40,2959,1786626520,118.0,5.8467,100.4769,0.0
SCS27,weekday_2059,1786626521,0.0,3.0986,101.705,0.0
EMU40,2959,1786626520,118.0,5.8467,100.4769,0.0
DMU03,58,1786626529,0.0,6.0332,102.1395,0.0
DMU09,57,1786626527,23.0,5.0241,102.0379,0.0
SCS27,weekday_2059,1786626521,0.0,3.0986,101.705,0.0
DMU09,57,1786626662,20.0,5.0198,102.0308,0.0
DMU03,58,1786626769,15.0,6.0397,102.1408,0.0
EMU40,2959,1786626817,116.0,5.7884,100.4863,0.0
SCS05,weekday_2063,1786626807,36.0,3.1355,101.689,0.0
SCS27,weekday_2059,1786626806,0.0,3.0986,101.705,0.0
DMU09,57,1786626857,33.0,5.0081,102.0247,0.0
SCS05,weekday_2063,1786626822,39.0,3.1346,101.6876,0.0
SCS27,weekday_2059,1786626941,0.0,3.0986,101.705,0.0
DMU03,58,1786626904,0.0,6.0428,102.1425,0.0
SCS05,weekday_2063,1786626942,0.0,3.1346,101.6876,0.0
EMU40,2959,1786627042,114.0,5.7248,100.5132,0.0
SCS29,weekday_2178,1786627041,20.0,3.1433,101.6937,0.0
SCS05,weekday_2063,1786627077,20.0,3.1298,101.6814,0.0
SCS27,weekday_2059,1786627076,0.0,3.0986,101.705,0.0
EMU40,2959,1786627072,112.0,5.7161,100.5137,0.0
SCS29,weekday_2178,1786627071,18.0,3.1448,101.6927,0.0
DMU09,57,1786627067,48.0,4.9872,102.0157,0.0
DMU05,60,1786627183,0.0,5.5301,102.203,0.0
SCS05,weekday_2063,1786627182,16.0,3.1254,101.6784,0.0
SCS27,weekday_2059,1786627181,0.0,3.0986,101.705,0.0
EMU40,2959,1786627177,112.0,5.687,100.5022,0.0
SCS29,weekday_2178,1786627146,39.0,3.1504,101.6906,0.0
DMU09,57,1786627142,53.0,4.9765,102.0135,0.0
DMU09,57,1786627277,0.0,4.9627,102.0105,0.0
SCS05,weekday_2063,1786627287,6.0,3.1182,101.6791,0.0
SCS27,weekday_2059,1786627286,26.0,3.0997,101.7036,0.0
SCS29,weekday_2178,1786627281,56.0,3.1594,101.6928,0.0
SCS27,weekday_2059,1786627316,67.0,3.1021,101.7007,0.0
DMU03,58,1786627309,69.0,6.0871,102.1688,0.0
DMU09,57,1786627412,20.0,4.9547,102.0074,0.0
EMU40,2959,1786627386,0.0,5.6427,100.49,0.0
DMU05,60,1786627423,0.0,5.53,102.203,0.0
SCS05,weekday_2063,1786627422,0.0,3.1181,101.6791,0.0
EMU40,2959,1786627521,114.0,5.6233,100.4945,0.0
SCS29,weekday_2178,1786627521,60.0,3.1779,101.679,0.0
DMU09,57,1786627517,56.0,4.9416,102.0054,0.0
EMU40,2959,1786627551,114.0,5.6147,100.497,0.0
SCS27,weekday_2059,1786627586,15.0,3.1197,101.6787,0.0
SCS29,weekday_2178,1786627581,78.0,3.1834,101.6682,0.0
SCS29,weekday_2178,1786627596,48.0,3.1849,101.6661,0.0
EMU40,2959,1786627596,116.0,5.6018,100.4942,0.0
DMU09,57,1786627592,52.0,4.9311,102.0019,0.0
SCS27,weekday_2059,1786627706,20.0,3.1268,101.679,0.0
SCS27,weekday_2059,1786627736,21.0,3.1282,101.6803,0.0
DMU03,58,1786627729,0.0,6.1185,102.2007,0.0
SCS29,weekday_2178,1786627731,53.0,3.1904,101.6586,0.0
EMU40,2959,1786627761,115.0,5.5525,100.4997,0.0
DMU09,57,1786627772,9.0,4.928,101.9861,0.0
SCS05,weekday_2063,1786627962,0.0,3.0978,101.706,0.0
DMU03,58,1786627924,43.0,6.125,102.208,0.0
DMU09,57,1786627922,59.0,4.9134,101.9775,0.0
DMU05,60,1786627963,58.0,5.5429,102.1969,0.0
SCS27,weekday_2059,1786627961,0.0,3.1323,101.6836,0.0
SCS27,weekday_2059,1786628081,17.0,3.1375,101.6924,0.0
DMU05,60,1786628083,66.0,5.5619,102.1906,0.0
SCS05,weekday_2063,1786628187,0.0,3.0978,101.706,0.0
DMU09,57,1786628162,30.0,4.8839,101.9695,0.0
EMU40,2959,1786628148,110.0,5.4688,100.4963,0.0
SCS23,2967,1786628184,15.0,6.6611,100.318,0.0
SCS29,weekday_2178,1786628181,0.0,3.2032,101.6368,0.0
DMU03,58,1786628164,55.0,6.155,102.2276,0.0
SCS27,weekday_2059,1786628186,0.0,3.1399,101.6938,0.0
DMU09,57,1786628192,37.0,4.8813,101.9677,0.0
DMU03,58,1786628194,52.0,6.1572,102.2238,0.0
EMU40,2959,1786628193,114.0,5.4555,100.494,0.0
SCS27,weekday_2059,1786628321,0.0,3.1482,101.6909,0.0
SCS23,2967,1786628319,42.0,6.6544,100.3084,0.0
SCS29,weekday_2178,1786628316,0.0,3.2032,101.6368,0.0
SCS23,2967,1786628319,42.0,6.6544,100.3084,0.0
SCS29,weekday_2178,1786628316,0.0,3.2032,101.6368,0.0
SCS05,weekday_2063,1786628322,0.0,3.0978,101.706,0.0
DMU03,58,1786628359,62.0,6.1666,102.197,0.0
EMU40,2959,1786628358,118.0,5.4102,100.4744,0.0
SCS24,2964,1786628386,0.0,5.3924,100.3675,0.0
SCS29,weekday_2178,1786628436,0.0,3.2032,101.6368,0.0
SCS05,weekday_2063,1786628442,0.0,3.0978,101.706,0.0
SCS27,weekday_2059,1786628441,22.0,3.1553,101.6935,0.0
SCS23,2967,1786628439,116.0,6.6407,100.2857,0.0
SCS05,weekday_2063,1786628442,0.0,3.0978,101.706,0.0
DMU03,58,1786628434,58.0,6.1763,102.1889,0.0
SCS05,weekday_2063,1786628547,0.0,3.0978,101.706,0.0
DMU09,59,1786628522,50.0,4.8726,101.965,0.0
SCS24,2964,1786628521,0.0,5.3924,100.3675,0.0
SCS27,weekday_2059,1786628546,4.0,3.1661,101.6903,0.0
SCS23,2967,1786628544,114.0,6.6191,100.2651,0.0
EMU40,2959,1786628523,46.0,5.3681,100.4679,0.0
SCS27,weekday_2059,1786628621,4.0,3.1662,101.6902,0.0
SCS23,2967,1786628619,106.0,6.5968,100.2632,0.0
SCS29,weekday_2178,1786628601,30.0,3.2085,101.6296,0.0
DMU09,59,1786628597,55.0,4.8617,101.9678,0.0
SCS24,2964,1786628596,8.0,5.3922,100.3678,0.0
SCS05,weekday_2063,1786628622,0.0,3.0978,101.706,0.0
DMU03,58,1786628629,18.0,6.1955,102.1674,0.0
SCS24,2964,1786628626,20.0,5.3912,100.3693,0.0
SCS27,weekday_2059,1786628621,4.0,3.1662,101.6902,0.0
SCS23,2967,1786628619,106.0,6.5968,100.2632,0.0
DMU09,59,1786628672,70.0,4.8527,101.9754,0.0
SCS05,weekday_2063,1786628787,0.0,3.0978,101.706,0.0
SCS23,2967,1786628754,117.0,6.5564,100.2596,0.0
SCS07,weekday_2067,1786628766,30.0,3.2358,101.681,0.0
DMU03,58,1786628764,0.0,6.1991,102.1674,0.0
DMU05,60,1786628818,68.0,5.6712,102.1571,0.0
SCS07,weekday_2067,1786628811,81.0,3.2313,101.6755,0.0
SCS05,weekday_2063,1786628847,0.0,3.0977,101.706,0.0
DMU03,58,1786628794,0.0,6.1991,102.1674,0.0
EMU40,2959,1786628794,16.0,5.3663,100.4479,0.0
EMU40,2959,1786628974,58.0,5.3633,100.4245,0.0
SCS24,2964,1786629001,35.0,5.3648,100.4207,0.0
EMU40,2959,1786628974,58.0,5.3633,100.4245,0.0
SCS07,weekday_2067,1786629021,59.0,3.2087,101.6726,0.0
SCS05,weekday_2063,1786628982,0.0,3.0977,101.706,0.0
SCS23,2967,1786628979,66.0,6.5202,100.2563,0.0
SCS23,2967,1786629144,114.0,6.4726,100.2543,0.0
EMU40,2959,1786629109,98.0,5.3686,100.4109,0.0
SCS24,2964,1786629151,89.0,5.3623,100.43,0.0
SCS07,weekday_2067,1786629126,0.0,3.2054,101.6753,0.0
DMU05,60,1786629193,13.0,5.7036,102.1519,0.0
DMU09,59,1786629152,71.0,4.8008,102.0145,0.0
EMU40,2959,1786629169,94.0,5.375,100.3971,0.0
SCS23,2967,1786629219,114.0,6.4513,100.2617,0.0
SCS07,weekday_2067,1786629216,6.0,3.1988,101.6808,0.0
DMU05,60,1786629223,11.0,5.705,102.1519,0.0
SCS05,weekday_2063,1786629222,0.0,3.0977,101.706,0.0
SCS23,2967,1786629219,114.0,6.4513,100.2617,0.0
SCS07,weekday_2067,1786629216,6.0,3.1988,101.6808,0.0
EMU40,2959,1786629214,86.0,5.3801,100.3875,0.0
SCS29,weekday_2178,1786629367,29.0,3.249,101.557,0.0
DMU09,59,1786629362,79.0,4.7616,102.0144,0.0
DMU05,60,1786629373,59.0,5.7257,102.1595,0.0
SCS24,2964,1786629346,38.0,5.3659,100.4502,0.0
SCS23,2967,1786629369,15.0,6.431,100.2686,0.0
SCS07,weekday_2067,1786629366,40.0,3.1878,101.6894,0.0
DMU09,59,1786629572,3.0,4.7309,102.0108,0.0
DMU05,60,1786629748,64.0,5.774,102.1416,0.0
SCS29,weekday_2178,1786629742,64.0,3.2792,101.5647,0.0
EMU40,2959,1786629739,0.0,5.3932,100.3665,0.0
SCS24,2964,1786629736,114.0,5.4167,100.4768,0.0
SCS05,weekday_2063,1786629732,0.0,3.0977,101.7061,0.0
SCS07,weekday_2067,1786629726,15.0,3.1725,101.6848,0.0
SCS23,2967,1786629714,45.0,6.3693,100.3039,0.0
SCS23,2967,1786629774,115.0,6.357,100.3131,0.0
EMU40,2959,1786629769,13.0,5.3926,100.3672,0.0
DMU09,59,1786629767,76.0,4.7131,102.0025,0.0
SCS24,2964,1786629766,116.0,5.4244,100.4816,0.0
SCS29,weekday_2178,1786629772,59.0,3.2836,101.5677,0.0
DMU05,60,1786629823,61.0,5.7863,102.1442,0.0
SCS29,weekday_2178,1786629817,77.0,3.2902,101.5724,0.0
DMU09,59,1786629872,32.0,4.6949,102.0032,0.0
SCS24,2964,1786629871,114.0,5.4534,100.4935,0.0
SCS29,weekday_2178,1786629922,59.0,3.3077,101.5749,0.0
SCS07,weekday_2067,1786629921,4.0,3.166,101.6904,0.0
SCS23,2967,1786629999,114.0,6.3001,100.3474,0.0
SCS07,weekday_2067,1786629951,36.0,3.1646,101.6916,0.0
SCS29,weekday_2178,1786629952,38.0,3.3113,101.5749,0.0
SCS24,2964,1786629961,82.0,5.4779,100.4969,0.0
DMU09,59,1786629962,12.0,4.6929,102.0032,0.0
DMU05,60,1786630003,0.0,5.8064,102.1465,0.0
SCS05,weekday_2063,1786630002,0.0,3.0977,101.7061,0.0
DMU09,59,1786629992,25.0,4.6908,102.0034,0.0
SCS23,2967,1786629999,114.0,6.3001,100.3474,0.0
SCS07,weekday_2067,1786630041,0.0,3.1548,101.6934,0.0
SCS29,weekday_2178,1786630102,0.0,3.3203,101.5745,0.0
DMU05,60,1786630093,0.0,5.8063,102.1464,0.0
SCS05,weekday_2063,1786630092,0.0,3.0977,101.7061,0.0
SCS23,2967,1786630089,114.0,6.2736,100.3528,0.0
SCS29,weekday_2178,1786630177,29.0,3.3247,101.5715,0.0
SCS23,2967,1786630134,114.0,6.2604,100.3555,0.0
DMU05,60,1786630138,29.0,5.8085,102.147,0.0
SCS05,weekday_2063,1786630137,0.0,3.0977,101.7061,0.0
DMU09,59,1786630127,76.0,4.6688,101.9992,0.0
SCS29,weekday_2178,1786630177,29.0,3.3247,101.5715,0.0
SCS05,weekday_2063,1786630182,0.0,3.0977,101.7061,0.0
DMU05,60,1786630183,66.0,5.8144,102.1477,0.0
SCS23,2967,1786630284,114.0,6.2163,100.3645,0.0
SCS29,weekday_2178,1786630282,63.0,3.3362,101.5724,0.0
DMU05,60,1786630273,72.0,5.8309,102.1498,0.0
DMU09,59,1786630262,23.0,4.6466,101.9942,0.0
SCS24,2964,1786630351,114.0,5.5581,100.4988,0.0
DMU05,60,1786630318,76.0,5.84,102.1509,0.0
SCS05,weekday_2063,1786630317,0.0,3.0977,101.7061,0.0
SCS23,2967,1786630314,114.0,6.2075,100.3663,0.0
SCS29,weekday_2178,1786630312,95.0,3.3423,101.5725,0.0
SCS07,weekday_2067,1786630311,8.0,3.1408,101.6941,0.0
DMU09,59,1786630352,24.0,4.6446,101.9939,0.0
SCS29,weekday_2178,1786630462,13.0,3.363,101.5861,0.0
SCS07,weekday_2067,1786630461,17.0,3.1367,101.691,0.0
DMU05,60,1786630453,66.0,5.8658,102.1542,0.0
SCS05,weekday_2063,1786630452,0.0,3.0977,101.7061,0.0
SCS23,2967,1786630449,0.0,6.1827,100.3752,0.0
SCS23,2967,1786630494,51.0,6.1814,100.3761,0.0
SCS29,weekday_2178,1786630492,0.0,3.363,101.5863,0.0
SCS05,weekday_2063,1786630497,0.0,3.0977,101.7061,0.0
SCS23,2967,1786630539,115.0,6.1713,100.3786,0.0
SCS24,2964,1786630576,115.0,5.6243,100.494,0.0
DMU09,59,1786630532,65.0,4.6169,101.9875,0.0
SCS05,weekday_2063,1786630647,14.0,3.0982,101.7054,0.0
SCS23,2967,1786630644,114.0,6.1396,100.3807,0.0
DMU05,60,1786630678,61.0,5.9051,102.159,0.0
SCS05,weekday_2063,1786630677,18.0,3.0993,101.7041,0.0
SCS23,2967,1786630674,114.0,6.1312,100.3779,0.0
SCS29,weekday_2178,1786630672,57.0,3.3715,101.6099,0.0
SCS07,weekday_2067,1786630671,0.0,3.1346,101.6882,0.0
DMU09,59,1786630652,72.0,4.5956,101.9842,0.0
DMU05,60,1786630828,63.0,5.9292,102.1532,0.0
SCS05,weekday_2063,1786630827,82.0,3.1122,101.6877,0.0
SCS23,2967,1786630824,2.0,6.1124,100.3693,0.0
DMU05,60,1786630858,65.0,5.9343,102.1518,0.0
SCS05,weekday_2063,1786630857,27.0,3.1127,101.6835,0.0
SCS24,2964,1786630891,113.0,5.6834,100.4998,0.0
SCS07,weekday_2067,1786630851,18.0,3.1261,101.6787,0.0
SCS23,2967,1786630854,53.0,6.1102,100.3684,0.0
SCS29,weekday_2178,1786630852,89.0,3.3853,101.6237,0.0
SCS07,weekday_2067,1786630896,24.0,3.1233,101.6781,0.0
SCS23,2967,1786630899,107.0,6.1004,100.3683,0.0
SCS24,2964,1786631011,114.0,5.7161,100.5137,0.0
SCS05,weekday_2063,1786631007,32.0,3.1173,101.6793,0.0
SCS23,2967,1786631004,114.0,6.0729,100.3837,0.0
SCS24,2964,1786631056,113.0,5.729,100.5115,0.0
DMU05,60,1786631038,51.0,5.9628,102.1443,0.0
SCS05,weekday_2063,1786631037,0.0,3.1179,101.6791,0.0
SCS23,2967,1786631034,114.0,6.065,100.3881,0.0
SCS29,weekday_2178,1786631032,103.0,3.4265,101.6277,0.0
SCS07,weekday_2067,1786631031,0.0,3.1193,101.6789,0.0
SCS24,2964,1786631086,115.0,5.7375,100.5082,0.0
DMU09,59,1786631117,39.0,4.5202,101.9696,0.0
SCS29,weekday_2178,1786631167,80.0,3.4599,101.6384,0.0
SCS23,2967,1786631184,114.0,6.0263,100.41,0.0
SCS07,weekday_2067,1786631166,39.0,3.1127,101.686,0.0
SCS24,2964,1786631161,114.0,5.7583,100.4996,0.0
SCS29,weekday_2178,1786631212,34.0,3.4675,101.6376,0.0
SCS07,weekday_2067,1786631211,28.0,3.1105,101.6901,0.0
SCS05,weekday_2063,1786631217,25.0,3.1234,101.678,0.0
SCS23,2967,1786631214,115.0,6.0184,100.4145,0.0
DMU05,60,1786631218,56.0,5.9746,102.1433,0.0
SCS20,weekday_2182,1786631206,11.0,3.1921,101.6548,0.0
SCS20,weekday_2182,1786631286,0.0,3.1922,101.6546,0.0
SCS07,weekday_2067,1786631256,1.0,3.1092,101.6918,0.0
SCS24,2964,1786631296,113.0,5.7953,100.4831,0.0
SCS20,weekday_2182,1786631346,75.0,3.1947,101.649,0.0
DMU09,59,1786631342,52.0,4.5026,101.9552,0.0
DMU05,60,1786631368,0.0,5.9959,102.1419,0.0
SCS24,2964,1786631341,119.0,5.8086,100.4798,0.0
SCS23,2967,1786631364,104.0,5.9793,100.4365,0.0
SCS29,weekday_2178,1786631362,104.0,3.4855,101.6386,0.0
SCS24,2964,1786631431,4.0,5.825,100.478,0.0
SCS20,weekday_2182,1786631386,39.0,3.1973,101.6428,0.0
SCS05,weekday_2063,1786631397,0.0,3.1326,101.6835,0.0
SCS23,2967,1786631394,58.0,5.9737,100.4397,0.0
SCS29,weekday_2178,1786631392,98.0,3.4928,101.6353,0.0
SCS07,weekday_2067,1786631391,40.0,3.1048,101.6972,0.0
DMU05,60,1786631398,0.0,5.9959,102.1419,0.0
DMU09,59,1786631462,0.0,4.4902,101.9451,0.0
SCS05,weekday_2063,1786631442,0.0,3.1326,101.6835,0.0
SCS29,weekday_2178,1786631437,29.0,3.5001,101.6343,0.0
SCS07,weekday_2067,1786631436,24.0,3.1019,101.7009,0.0
DMU09,59,1786631522,18.0,4.4894,101.9445,0.0
SCS20,weekday_2182,1786631526,3.0,3.2039,101.6361,0.0
DMU05,60,1786631548,53.0,6.0141,102.1399,0.0
SCS05,weekday_2063,1786631547,0.0,3.1326,101.6835,0.0
SCS23,2967,1786631544,116.0,5.9574,100.4489,0.0
SCS24,2964,1786631611,116.0,5.8574,100.4769,0.0
DMU09,59,1786631597,71.0,4.4815,101.9386,0.0
SCS07,weekday_2067,1786631571,0.0,3.0987,101.705,0.0
SCS23,2967,1786631574,115.0,5.9494,100.4534,0.0
SCS29,weekday_2178,1786631572,88.0,3.5149,101.6298,0.0
DMU09,59,1786631657,78.0,4.4706,101.9322,0.0
SCS24,2964,1786631656,114.0,5.871,100.4769,0.0
SCS20,weekday_2182,1786631733,75.0,3.2082,101.619,0.0
SCS05,weekday_2063,1786631727,12.0,3.1387,101.6934,0.0
SCS29,weekday_2178,1786631707,86.0,3.5457,101.638,0.0
SCS07,weekday_2067,1786631706,0.0,3.0987,101.705,0.0
SCS23,2967,1786631694,114.0,5.9164,100.4676,0.0
SCS20,weekday_2182,1786631733,75.0,3.2082,101.619,0.0
SCS29,weekday_2178,1786631752,35.0,3.553,101.6395,0.0
SCS07,weekday_2067,1786631751,0.0,3.0987,101.705,0.0
SCS23,2967,1786631754,114.0,5.8996,100.474,0.0
SCS24,2964,1786631776,114.0,5.906,100.4715,0.0
SCS24,2964,1786631836,114.0,5.9229,100.465,0.0
SCS29,weekday_2178,1786631887,111.0,3.5627,101.628,0.0
SCS07,weekday_2067,1786631886,0.0,3.0986,101.7051,0.0
DMU05,60,1786631908,0.0,6.0428,102.1425,0.0
SCS29,weekday_2178,1786631932,95.0,3.5698,101.6175,0.0
SCS07,weekday_2067,1786631931,0.0,3.0986,101.7051,0.0
SCS23,2967,1786631964,112.0,5.837,100.477,0.0
DMU09,59,1786631972,19.0,4.423,101.9321,0.0
DMU09,59,1786631972,19.0,4.423,101.9321,0.0
SCS20,weekday_2182,1786632093,13.0,3.2064,101.5794,0.0
SCS07,weekday_2067,1786632066,0.0,3.0986,101.7051,0.0
SCS23,2967,1786632084,2.0,5.8236,100.4781,0.0
SCS07,weekday_2067,1786632141,0.0,3.0986,101.7051,0.0
SCS23,2967,1786632114,63.0,5.8208,100.4783,0.0
DMU09,59,1786632092,27.0,4.4204,101.9309,0.0
SCS29,weekday_2178,1786632112,105.0,3.6045,101.5896,0.0
DMU05,60,1786632103,55.0,6.0578,102.1503,0.0
SCS20,weekday_2182,1786632093,13.0,3.2064,101.5794,0.0
SCS20,weekday_2182,1786632153,66.0,3.2103,101.5742,0.0
SCS24,2964,1786632196,116.0,5.9881,100.4315,0.0
SCS23,2967,1786632264,115.0,5.7799,100.4903,0.0
SCS29,weekday_2178,1786632247,110.0,3.6328,101.5622,0.0
SCS20,weekday_2182,1786632293,79.0,3.24,101.5604,0.0
SCS07,weekday_2067,1786632291,0.0,3.0986,101.7051,0.0
SCS20,weekday_2182,1786632333,66.0,3.2471,101.5584,0.0
SCS23,2967,1786632444,114.0,5.7293,100.5114,0.0
DMU05,60,1786632403,66.0,6.0997,102.1796,0.0
SCS07,weekday_2067,1786632426,0.0,3.0986,101.7051,0.0
DMU09,59,1786632512,0.0,4.3585,101.9216,0.0
DMU05,60,1786632463,61.0,6.107,102.1871,0.0
SCS23,2967,1786632474,115.0,5.7207,100.5144,0.0
SCS07,weekday_2067,1786632471,0.0,3.0986,101.7051,0.0
SCS24,2964,1786632496,114.0,6.0666,100.3872,0.0
SCS24,2964,1786632556,114.0,6.0824,100.3786,0.0
SCS07,weekday_2067,1786632516,0.0,3.0986,101.7051,0.0
SCS07,weekday_2067,1786632606,0.0,3.0986,101.7051,0.0
SCS23,2967,1786632624,115.0,5.6799,100.4974,0.0
DMU09,59,1786632602,68.0,4.3524,101.9187,0.0
SCS24,2964,1786632601,105.0,6.0938,100.3721,0.0
SCS20,weekday_2182,1786632633,58.0,3.2636,101.5575,0.0
SCS07,weekday_2067,1786632651,0.0,3.0986,101.7051,0.0
SCS23,2967,1786632654,114.0,5.6713,100.4949,0.0
DMU09,59,1786632692,73.0,4.3353,101.9175,0.0
SCS24,2964,1786632691,37.0,6.1121,100.3692,0.0
SCS20,weekday_2182,1786632633,58.0,3.2636,101.5575,0.0
SCS07,weekday_2067,1786632726,0.0,3.0986,101.7051,0.0
DMU09,59,1786632737,77.0,4.3267,101.9194,0.0
SCS24,2964,1786632736,0.0,6.1136,100.3699,0.0
DMU05,60,1786632703,0.0,6.1184,102.2008,0.0
SCS20,weekday_2182,1786632813,77.0,3.2923,101.5737,0.0
DMU05,60,1786632808,4.0,6.1186,102.2009,0.0
SCS24,2964,1786632781,30.0,6.1145,100.3703,0.0
SCS23,2967,1786632774,21.0,5.6429,100.4901,0.0
SCS07,weekday_2067,1786632786,0.0,3.0986,101.7051,0.0
DMU05,60,1786632838,11.0,6.1195,102.2015,0.0
SCS20,weekday_2182,1786632813,77.0,3.2923,101.5737,0.0
SCS24,2964,1786632856,116.0,6.1302,100.3775,0.0
SCS07,weekday_2067,1786632831,0.0,3.0986,101.7051,0.0
SCS24,2964,1786632916,113.0,6.1478,100.3802,0.0
SCS07,weekday_2067,1786632876,0.0,3.0986,101.7051,0.0
SCS20,weekday_2182,1786632873,75.0,3.3041,101.575,0.0
DMU09,59,1786632872,71.0,4.3,101.9213,0.0
SCS20,weekday_2182,1786632993,15.0,3.3199,101.5747,0.0
SCS24,2964,1786632991,111.0,6.1702,100.3787,0.0
SCS07,weekday_2067,1786632966,0.0,3.0986,101.7051,0.0
SCS23,2967,1786632984,114.0,5.6082,100.4956,0.0
SCS23,2967,1786633014,114.0,5.5995,100.4936,0.0
SCS07,weekday_2067,1786633011,0.0,3.0986,101.7051,0.0
DMU09,59,1786633037,45.0,4.2899,101.9216,0.0
SCS24,2964,1786633051,34.0,6.183,100.375,0.0
SCS24,2964,1786633096,0.0,6.1838,100.3745,0.0
SCS20,weekday_2182,1786633093,36.0,3.3231,101.5727,0.0
SCS07,weekday_2067,1786633086,0.0,3.0986,101.7051,0.0
DMU09,59,1786633097,76.0,4.2797,101.9201,0.0
SCS23,2967,1786633059,114.0,5.5861,100.4943,0.0
SCS20,weekday_2182,1786633173,75.0,3.333,101.5706,0.0
SCS24,2964,1786633171,94.0,6.1908,100.3701,0.0
DMU05,60,1786633153,38.0,6.153,102.2292,0.0
DMU09,59,1786633187,61.0,4.2629,101.9257,0.0
SCS07,weekday_2067,1786633266,0.0,3.0986,101.7051,0.0
SCS23,2967,1786633344,114.0,5.5023,100.5034,0.0
SCS07,weekday_2067,1786633326,0.0,3.0986,101.7051,0.0
SCS24,2964,1786633411,115.0,6.2607,100.3554,0.0
SCS23,2967,1786633374,112.0,5.4937,100.5011,0.0
SCS07,weekday_2067,1786633371,14.0,3.0989,101.7046,0.0
SCS20,weekday_2182,1786633353,104.0,3.3632,101.5876,0.0
SCS24,2964,1786633456,114.0,6.274,100.3527,0.0
SCS07,weekday_2067,1786633506,71.0,3.1077,101.6936,0.0
SCS20,weekday_2182,1786633533,17.0,3.3767,101.6151,0.0
SCS24,2964,1786633531,115.0,6.2961,100.3482,0.0
DMU05,60,1786633528,57.0,6.1845,102.179,0.0
SCS23,2967,1786633524,72.0,5.4786,100.497,0.0
SCS23,2967,1786633554,114.0,5.4711,100.496,0.0
DMU05,60,1786633573,49.0,6.1886,102.174,0.0
SCS24,2964,1786633591,114.0,6.3137,100.3445,0.0
DMU09,59,1786633577,75.0,4.247,101.9645,0.0
SCS20,weekday_2182,1786633593,104.0,3.3844,101.6229,0.0
SCS24,2964,1786633636,114.0,6.325,100.337,0.0
SCS20,weekday_2182,1786633593,104.0,3.3844,101.6229,0.0
SCS20,weekday_2182,1786633713,100.0,3.4174,101.6255,0.0
DMU05,60,1786633708,11.0,6.198,102.1673,0.0
SCS23,2967,1786633704,114.0,5.4282,100.4841,0.0
SCS24,2964,1786633681,114.0,6.3358,100.3289,0.0
DMU09,59,1786633757,26.0,4.2334,101.9886,0.0
SCS24,2964,1786633756,109.0,6.3538,100.3155,0.0
SCS20,weekday_2182,1786633713,100.0,3.4174,101.6255,0.0
SCS07,weekday_2067,1786633731,24.0,3.1181,101.679,0.0
DMU09,59,1786633817,0.0,4.2328,101.9902,0.0
SCS20,weekday_2182,1786633773,115.0,3.4316,101.6318,0.0
SCS07,weekday_2067,1786633776,0.0,3.1192,101.6788,0.0
SCS23,2967,1786633884,114.0,5.3769,100.469,0.0
SCS20,weekday_2182,1786633893,69.0,3.4642,101.6373,0.0
SCS07,weekday_2067,1786633866,12.0,3.1208,101.6785,0.0
SCS24,2964,1786633951,67.0,6.3745,100.3,0.0
SCS07,weekday_2067,1786633911,18.0,3.1228,101.6781,0.0
SCS23,2967,1786633914,103.0,5.3684,100.468,0.0
SCS07,weekday_2067,1786633956,17.0,3.1253,101.6784,0.0
SCS20,weekday_2182,1786633953,0.0,3.469,101.6379,0.0
SCS07,weekday_2067,1786634046,19.0,3.1293,101.6809,0.0
SCS23,2967,1786634064,41.0,5.3629,100.4592,0.0
SCS24,2964,1786634071,113.0,6.4017,100.2797,0.0
DMU05,60,1786634083,0.0,6.1953,102.1675,0.0
SCS24,2964,1786634131,98.0,6.4177,100.2732,0.0
SCS23,2967,1786634094,78.0,5.3653,100.455,0.0
SCS07,weekday_2067,1786634091,18.0,3.1316,101.6827,0.0
SCS20,weekday_2182,1786634073,113.0,3.4818,101.6396,0.0
SCS24,2964,1786634176,73.0,6.4276,100.2698,0.0
DMU05,60,1786634158,0.0,6.1953,102.1675,0.0
DMU05,60,1786634248,7.0,6.1984,102.1671,0.0
SCS23,2967,1786634244,39.0,5.3668,100.4448,0.0
SCS07,weekday_2067,1786634226,0.0,3.1321,101.683,0.0
DMU05,60,1786634278,4.0,6.1992,102.1669,0.0
SCS07,weekday_2067,1786634271,0.0,3.1321,101.683,0.0
SCS24,2964,1786634356,102.0,6.4447,100.2639,0.0
SCS07,weekday_2067,1786634316,0.0,3.1321,101.683,0.0
DMU05,60,1786634353,0.0,6.2002,102.1668,0.0
SCS20,weekday_2182,1786634313,94.0,3.512,101.6321,0.0
SCS24,2964,1786634476,114.0,6.479,100.2537,0.0
SCS20,weekday_2182,1786634473,85.0,3.5483,101.6395,0.0
DMU09,59,1786634462,4.0,4.1873,102.053,0.0
SCS23,2967,1786634454,11.0,5.3645,100.4214,0.0
SCS07,weekday_2067,1786634451,18.0,3.1385,101.6934,0.0
SCS07,weekday_2067,1786634586,13.0,3.1417,101.6941,0.0
SCS23,2967,1786634574,80.0,5.3668,100.4156,0.0
SCS24,2964,1786634671,1.0,6.5244,100.257,0.0
SCS20,weekday_2182,1786634633,105.0,3.5625,101.6287,0.0
SCS23,2967,1786634784,31.0,5.3866,100.3752,0.0
SCS07,weekday_2067,1786634796,0.0,3.1548,101.6932,0.0
SCS24,2964,1786634836,116.0,6.5486,100.2599,0.0
SCS23,2967,1786634814,12.0,5.3874,100.3733,0.0
SCS20,weekday_2182,1786634813,97.0,3.5989,101.6004,0.0
SCS07,weekday_2067,1786634796,0.0,3.1548,101.6932,0.0
SCS24,2964,1786634896,113.0,6.5667,100.2591,0.0
SCS20,weekday_2182,1786634893,115.0,3.6123,101.5831,0.0
SCS23,2967,1786634919,16.0,5.3902,100.3705,0.0
SCS07,weekday_2067,1786634916,14.0,3.1658,101.6906,0.0
SCS23,2967,1786634964,14.0,5.3916,100.3686,0.0
SCS24,2964,1786634941,113.0,6.5797,100.2618,0.0
SCS23,2967,1786634994,16.0,5.3926,100.3673,0.0
SCS20,weekday_2182,1786634973,112.0,3.6286,101.5657,0.0
SCS20,weekday_2182,1786635073,114.0,3.6515,101.5469,0.0
SCS20,weekday_2182,1786635153,102.0,3.6688,101.5323,0.0
SCS24,2964,1786635301,16.0,6.6514,100.3041,0.0
SCS24,2964,1786635436,8.0,6.6522,100.3052,0.0
SCS20,weekday_2182,1786635433,0.0,3.6776,101.526,0.0
SCS24,2964,1786635481,38.0,6.6542,100.3081,0.0
SCS20,weekday_2182,1786635513,20.0,3.678,101.5255,0.0
SCS24,2964,1786635556,26.0,6.6585,100.3147,0.0
SCS20,weekday_2182,1786635693,0.0,3.685,101.5181,0.0
SCS24,2964,1786635691,14.0,6.6613,100.3185,0.0
