vehicle_id,trip_id,timestamp,speed,lat,lon,bearing
DMU03,59,1783958497,74.0,4.238772,101.975784,0.0
DMU03,59,1783958557,50.0,4.234263,101.98677,0.0
DMU03,59,1783958602,20.0,4.232632,101.990555,0.0
DMU03,59,1783958692,46.0,4.23162,101.99293,0.0
DMU03,59,1783958722,71.0,4.229685,101.99762,0.0
DMU03,59,1783958812,78.0,4.220982,102.013885,0.0
DMU03,59,1783959157,0.0,4.187327,102.05295,0.0
DMU03,59,1783959202,0.0,4.187213,102.052864,0.0
DMU03,59,1783959277,0.0,4.187263,102.05298,0.0
DMU03,59,1783959337,0.0,4.187312,102.053055,0.0
DMU03,59,1783959337,0.0,4.187312,102.053055,0.0
DMU09,50,1783965042,0.0,4.187158,102.05298,0.0
DMU09,50,1783965102,13.0,4.18843,102.0519,0.0
DMU09,50,1783965162,38.0,4.190948,102.04888,0.0
DMU09,50,1783965222,81.0,4.19671,102.0407,0.0
DMU09,50,1783965252,78.0,4.200918,102.03659,0.0
DMU09,50,1783965462,78.0,4.226217,102.00612,0.0
DMU09,50,1783965522,57.0,4.230727,101.99513,0.0
DMU09,50,1783965582,0.0,4.232462,101.991035,0.0
DMU09,50,1783965597,0.0,4.232462,101.991035,0.0
DMU09,50,1783965657,8.0,4.232588,101.99071,0.0
DMU09,50,1783965762,77.0,4.237548,101.97871,0.0
DMU09,50,1783965822,75.0,4.24579,101.96931,0.0
DMU09,50,1783965867,84.0,4.247987,101.960106,0.0
DMU09,50,1783965942,76.0,4.248492,101.943665,0.0
DMU09,50,1783966002,65.0,4.25079,101.932526,0.0
DMU09,50,1783966062,32.0,4.256302,101.92548,0.0
DMU09,50,1783966122,1.0,4.25788,101.925354,0.0
DMU09,50,1783966167,31.0,4.260482,101.92594,0.0
DMU09,50,1783966242,82.0,4.272258,101.92219,0.0
DMU09,50,1783966287,79.0,4.28182,101.91975,0.0
DMU09,50,1783966347,41.0,4.292008,101.92219,0.0
DMU09,50,1783966422,8.0,4.293845,101.921906,0.0
DMU09,50,1783966467,57.0,4.298183,101.921165,0.0
DMU09,50,1783966542,82.0,4.31341,101.91892,0.0
DMU09,50,1783966587,75.0,4.322672,101.91927,0.0
DMU09,50,1783966662,82.0,4.33835,101.91721,0.0
DMU09,50,1783966722,60.0,4.349725,101.91737,0.0
DMU09,50,1783966782,27.0,4.357375,101.92106,0.0
DMU09,50,1783966827,0.0,4.358488,101.92162,0.0
DMU09,50,1783966902,25.0,4.360182,101.922195,0.0
DMU09,50,1783966962,57.0,4.368125,101.92423,0.0
DMU09,50,1783967022,56.0,4.377773,101.92439,0.0
DMU09,50,1783967082,71.0,4.388302,101.92235,0.0
DMU09,50,1783967127,84.0,4.397558,101.921005,0.0
DMU09,50,1783967202,64.0,4.41123,101.9271,0.0
DMU09,50,1783967262,37.0,4.419542,101.93057,0.0
DMU09,50,1783967322,0.0,4.422722,101.93202,0.0
DMU09,50,1783967352,0.0,4.422722,101.93202,0.0
DMU09,50,1783967427,0.0,4.422722,101.93202,0.0
DMU09,50,1783967487,0.0,4.422722,101.93202,0.0
DMU09,50,1783967562,0.0,4.422722,101.93202,0.0
DMU09,50,1783967622,0.0,4.422722,101.93202,0.0
DMU09,50,1783967682,0.0,4.422722,101.93202,0.0
DMU09,50,1783967742,0.0,4.422722,101.93202,0.0
DMU09,50,1783967802,0.0,4.422722,101.93202,0.0
DMU09,50,1783967862,0.0,4.422722,101.93202,0.0
DMU09,50,1783967922,0.0,4.422722,101.93202,0.0
DMU09,50,1783967967,0.0,4.422722,101.93202,0.0
DMU09,50,1783968027,0.0,4.422722,101.93202,0.0
DMU09,50,1783968102,0.0,4.422722,101.93202,0.0
DMU09,50,1783968162,0.0,4.422722,101.93202,0.0
DMU09,50,1783968222,0.0,4.422722,101.93202,0.0
DMU09,50,1783968282,0.0,4.422722,101.93202,0.0
DMU09,50,1783968342,31.0,4.425223,101.93306,0.0
DMU09,50,1783968402,71.0,4.433255,101.93572,0.0
DMU09,50,1783968462,86.0,4.444723,101.939964,0.0
DMU09,50,1783968507,76.0,4.454445,101.937996,0.0
DMU09,50,1783968522,59.0,4.456962,101.93704,0.0
DMU09,50,1783968642,80.0,4.477267,101.93605,0.0
DMU09,50,1783968702,53.0,4.487263,101.94278,0.0
DMU09,50,1783968762,0.0,4.4902,101.94506,0.0
DMU09,50,1783968822,14.0,4.490817,101.94544,0.0
DMU09,50,1783968882,54.0,4.495407,101.9495,0.0
DMU09,50,1783968942,60.0,4.503335,101.9554,0.0
DMU09,50,1783968957,53.0,4.505687,101.955536,0.0
DMU09,50,1783969107,67.0,4.518557,101.96744,0.0
DMU09,50,1783969182,72.0,4.526185,101.97915,0.0
DMU09,50,1783969197,63.0,4.528555,101.98026,0.0
DMU09,50,1783969272,64.0,4.540487,101.980194,0.0
DMU09,50,1783969362,77.0,4.557763,101.985664,0.0
DMU09,50,1783969407,70.0,4.56707,101.98761,0.0
DMU09,50,1783969467,83.0,4.579482,101.98789,0.0
DMU09,50,1783969497,72.0,4.58509,101.985214,0.0
DMU09,50,1783969662,81.0,4.618612,101.987785,0.0
DMU09,50,1783969722,73.0,4.631465,101.99074,0.0
DMU09,50,1783969782,55.0,4.641992,101.99317,0.0
DMU09,50,1783969842,0.0,4.645727,101.993965,0.0
DMU09,50,1783969902,21.0,4.647013,101.99426,0.0
DMU09,50,1783969962,75.0,4.654578,101.99623,0.0
DMU09,50,1783970022,63.0,4.665885,101.99865,0.0
DMU09,50,1783970082,72.0,4.6762,102.00078,0.0
DMU09,50,1783970142,61.0,4.686513,102.00297,0.0
DMU09,50,1783970202,10.0,4.69314,102.003235,0.0
DMU09,50,1783970247,0.0,4.69329,102.0032,0.0
DMU09,50,1783970322,35.0,4.696987,102.003044,0.0
DMU09,50,1783970382,65.0,4.705523,102.00366,0.0
DMU09,50,1783970442,76.0,4.717855,102.0021,0.0
DMU09,50,1783970502,55.0,4.725345,102.00947,0.0
DMU09,50,1783970562,0.0,4.730855,102.010735,0.0
DMU09,50,1783970622,7.0,4.731177,102.01076,0.0
DMU09,50,1783970682,57.0,4.737135,102.01192,0.0
DMU09,50,1783970727,65.0,4.744805,102.01334,0.0
DMU09,50,1783970802,77.0,4.75939,102.01471,0.0
DMU09,50,1783970862,80.0,4.772323,102.01269,0.0
DMU09,50,1783970922,83.0,4.785373,102.01171,0.0
DMU09,50,1783970967,78.0,4.794882,102.01376,0.0
DMU09,50,1783971012,75.0,4.80355,102.016075,0.0
DMU09,50,1783971222,66.0,4.835365,102.00438,0.0
DMU09,50,1783971282,5.0,4.836305,101.999596,0.0
DMU09,50,1783971342,64.0,4.837768,101.993835,0.0
DMU09,50,1783971402,77.0,4.843738,101.984276,0.0
DMU09,50,1783971462,71.0,4.852135,101.97651,0.0
DMU09,50,1783971507,74.0,4.85817,101.97033,0.0
DMU09,50,1783971582,67.0,4.871703,101.96487,0.0
DMU09,50,1783971627,31.0,4.87794,101.96637,0.0
DMU09,50,1783971702,0.0,4.879137,101.96678,0.0
DMU09,50,1783971762,0.0,4.879075,101.966965,0.0
DMU09,50,1783971822,0.0,4.879117,101.96686,0.0
DMU09,50,1783971882,0.0,4.879117,101.96686,0.0
DMU09,50,1783971927,0.0,4.879117,101.96686,0.0
DMU09,50,1783972002,0.0,4.879205,101.966835,0.0
DMU09,50,1783972062,0.0,4.879205,101.966835,0.0
DMU09,50,1783972107,0.0,4.879268,101.96686,0.0
DMU09,50,1783972182,0.0,4.879268,101.96686,0.0
DMU09,50,1783972227,0.0,4.879168,101.966896,0.0
DMU10(D6120),51,1783972707,59.0,6.1596,102.215965,0.0
DMU10(D6120),51,1783972767,50.0,6.156715,102.22472,0.0
DMU10(D6120),51,1783972842,58.0,6.148087,102.22892,0.0
DMU09,52,1783972827,3.0,4.879185,101.96704,0.0
DMU10(D6120),51,1783972887,64.0,6.140552,102.22608,0.0
DMU09,52,1783972887,34.0,4.883228,101.968864,0.0
DMU09,52,1783972962,37.0,4.889755,101.97164,0.0
DMU10(D6120),51,1783972962,70.0,6.13076,102.21504,0.0
DMU09,52,1783973022,48.0,4.897112,101.97115,0.0
DMU10(D6120),51,1783973022,50.0,6.124247,102.207146,0.0
DMU09,52,1783973082,53.0,4.905468,101.97424,0.0
DMU10(D6120),51,1783973082,23.0,6.120897,102.20316,0.0
DMU10(D6120),51,1783973142,5.0,6.118627,102.200806,0.0
DMU09,52,1783973142,42.0,4.912588,101.97711,0.0
DMU09,52,1783973202,46.0,4.91965,101.97901,0.0
DMU10(D6120),51,1783973202,0.0,6.118592,102.20067,0.0
DMU10(D6120),51,1783973262,17.0,6.116422,102.19877,0.0
DMU09,52,1783973262,51.0,4.927493,101.98134,0.0
DMU09,52,1783973307,19.0,4.92808,101.98573,0.0
DMU10(D6120),51,1783973307,30.0,6.114613,102.196526,0.0
DMU10(D6120),51,1783973367,66.0,6.109082,102.18979,0.0
DMU09,52,1783973367,16.0,4.926853,101.98804,0.0
DMU10(D6120),51,1783973442,65.0,6.099742,102.1797,0.0
DMU09,52,1783973442,41.0,4.925475,101.99495,0.0
DMU09,52,1783973442,41.0,4.925475,101.99495,0.0
DMU10(D6120),51,1783973487,29.0,6.095362,102.17547,0.0
DMU09,52,1783973562,58.0,4.939325,102.00552,0.0
DMU10(D6120),51,1783973547,4.0,6.094618,102.174576,0.0
DMU09,52,1783973622,54.0,4.948652,102.00525,0.0
DMU10(D6120),51,1783973622,79.0,6.087265,102.16886,0.0
DMU09,52,1783973667,45.0,4.954553,102.0073,0.0
DMU10(D6120),51,1783973667,80.0,6.079063,102.16302,0.0
DMU10(D6120),51,1783973727,79.0,6.068577,102.155716,0.0
DMU09,52,1783973742,17.0,4.961328,102.00987,0.0
DMU10(D6120),51,1783973802,72.0,6.055237,102.14895,0.0
DMU09,52,1783973802,0.0,4.962752,102.010475,0.0
DMU09,52,1783973847,21.0,4.963822,102.010925,0.0
DMU10(D6120),51,1783973847,45.0,6.048513,102.14538,0.0
DMU09,52,1783973922,60.0,4.972782,102.01349,0.0
DMU10(D6120),51,1783973922,13.0,6.043452,102.14285,0.0
DMU10(D6120),51,1783973982,0.0,6.042725,102.14232,0.0
DMU09,52,1783973982,53.0,4.982173,102.01469,0.0
DMU10(D6120),51,1783974042,0.0,6.042702,102.142296,0.0
DMU09,52,1783974042,52.0,4.99068,102.01689,0.0
DMU09,52,1783974087,46.0,4.996343,102.01978,0.0
DMU10(D6120),51,1783974087,0.0,6.042778,102.14232,0.0
DMU09,52,1783974147,35.0,5.002283,102.02219,0.0
DMU10(D6120),51,1783974147,8.0,6.041935,102.14216,0.0
DMU09,52,1783974207,33.0,5.007735,102.02466,0.0
DMU10(D6120),51,1783974222,14.0,6.03902,102.14042,0.0
DMU09,52,1783974252,11.0,5.01118,102.02556,0.0
DMU10(D6120),51,1783974282,33.0,6.035733,102.13937,0.0
DMU09,52,1783974342,25.0,5.013377,102.02927,0.0
DMU10(D6120),51,1783974342,61.0,6.026355,102.14005,0.0
DMU10(D6120),51,1783974402,60.0,6.016463,102.14009,0.0
DMU09,52,1783974402,20.0,5.017178,102.03001,0.0
DMU09,52,1783974462,19.0,5.020757,102.03164,0.0
DMU10(D6120),51,1783974462,76.0,6.005917,102.141304,0.0
DMU10(D6120),51,1783974522,72.0,5.993393,102.14211,0.0
DMU09,52,1783974507,21.0,5.021995,102.03415,0.0
DMU09,52,1783974567,19.0,5.024007,102.03791,0.0
DMU10(D6120),51,1783974567,79.0,5.98408,102.14275,0.0
DMU10(D6120),51,1783974627,68.0,5.971765,102.14356,0.0
DMU09,52,1783974627,0.0,5.02464,102.03884,0.0
DMU10(D6120),51,1783974702,0.0,5.966107,102.14391,0.0
DMU09,52,1783974702,25.0,5.02674,102.04191,0.0
DMU10(D6120),51,1783974762,43.0,5.96382,102.144104,0.0
DMU09,52,1783974747,20.0,5.028908,102.04378,0.0
DMU10(D6120),51,1783974807,82.0,5.955983,102.145805,0.0
DMU09,52,1783974822,27.0,5.032845,102.04835,0.0
DMU09,52,1783974867,0.0,5.033853,102.05044,0.0
DMU10(D6120),51,1783974867,87.0,5.943507,102.149124,0.0
DMU10(D6120),51,1783974942,82.0,5.927567,102.15357,0.0
DMU09,52,1783974942,24.0,5.034797,102.0521,0.0
DMU10(D6120),51,1783975002,75.0,5.915425,102.15694,0.0
DMU09,52,1783974987,10.0,5.036783,102.05501,0.0
DMU09,52,1783975047,17.0,5.03935,102.05582,0.0
DMU10(D6120),51,1783975047,80.0,5.906208,102.15913,0.0
DMU10(D6120),51,1783975122,38.0,5.893065,102.15761,0.0
DMU09,52,1783975122,16.0,5.0427,102.05752,0.0
DMU10(D6120),51,1783975182,0.0,5.891552,102.15742,0.0
DMU09,52,1783975167,21.0,5.044083,102.059975,0.0
DMU10(D6120),51,1783975242,69.0,5.885498,102.1566,0.0
DMU09,52,1783975227,32.0,5.04719,102.06267,0.0
DMU10(D6120),51,1783975302,75.0,5.873213,102.15507,0.0
DMU09,52,1783975287,48.0,5.052118,102.067825,0.0
DMU10(D6120),51,1783975362,87.0,5.860323,102.153435,0.0
DMU09,52,1783975347,49.0,5.060022,102.06918,0.0
DMU10(D6120),51,1783975422,80.0,5.846957,102.151794,0.0
DMU09,52,1783975407,48.0,5.068435,102.06929,0.0
DMU10(D6120),51,1783975482,92.0,5.833353,102.1501,0.0
DMU09,52,1783975482,33.0,5.077497,102.068954,0.0
DMU10(D6120),51,1783975527,87.0,5.822818,102.14877,0.0
DMU09,52,1783975542,0.0,5.079427,102.069405,0.0
DMU09,52,1783975602,27.0,5.081092,102.069855,0.0
DMU10(D6120),51,1783975602,32.0,5.808588,102.14709,0.0
DMU10(D6120),51,1783975662,0.0,5.806398,102.14672,0.0
DMU09,52,1783975662,29.0,5.08609,102.07258,0.0
DMU09,52,1783975722,20.0,5.090452,102.072464,0.0
DMU10(D6120),51,1783975722,0.0,5.806398,102.14672,0.0
DMU09,52,1783975782,31.0,5.095447,102.07317,0.0
DMU10(D6120),51,1783975782,0.0,5.80633,102.146614,0.0
DMU10(D6120),51,1783975842,0.0,5.806397,102.14666,0.0
DMU09,52,1783975842,30.0,5.100737,102.07331,0.0
DMU10(D6120),51,1783975902,0.0,5.806408,102.146774,0.0
DMU09,52,1783975872,27.0,5.10321,102.073006,0.0
DMU10(D6120),51,1783975962,0.0,5.80642,102.146545,0.0
DMU10(D6120),51,1783976022,23.0,5.804935,102.146645,0.0
DMU10(D6120),51,1783976067,59.0,5.799737,102.145966,0.0
DMU09,52,1783976082,25.0,5.119837,102.06243,0.0
DMU09,52,1783976127,31.0,5.122655,102.06045,0.0
DMU10(D6120),51,1783976142,61.0,5.786828,102.14427,0.0
DMU09,52,1783976202,26.0,5.128857,102.05747,0.0
DMU10(D6120),51,1783976202,67.0,5.776657,102.14294,0.0
DMU09,52,1783976262,31.0,5.133507,102.05455,0.0
DMU10(D6120),51,1783976262,59.0,5.767185,102.13994,0.0
DMU10(D6120),51,1783976322,46.0,5.762737,102.14729,0.0
DMU09,52,1783976322,9.0,5.135995,102.05212,0.0
DMU09,52,1783976382,14.0,5.137333,102.04921,0.0
DMU10(D6120),51,1783976382,57.0,5.759265,102.15485,0.0
DMU09,52,1783976427,13.0,5.13866,102.04792,0.0
DMU10(D6120),51,1783976427,69.0,5.751815,102.15683,0.0
DMU09,52,1783976487,22.0,5.141645,102.0466,0.0
DMU10(D6120),51,1783976487,68.0,5.741443,102.159676,0.0
DMU10(D6120),51,1783976547,69.0,5.731633,102.16162,0.0
DMU09,52,1783976562,0.0,5.143753,102.045494,0.0
DMU10(D6120),51,1783976607,75.0,5.719905,102.15714,0.0
DMU09,52,1783976622,16.0,5.144898,102.04504,0.0
DMU09,52,1783976667,12.0,5.147117,102.04472,0.0
DMU10(D6120),51,1783976682,39.0,5.708615,102.15276,0.0
DMU09,52,1783976742,16.0,5.150797,102.04412,0.0
DMU10(D6120),51,1783976742,15.0,5.70462,102.15194,0.0
DMU09,52,1783976772,7.0,5.152145,102.04366,0.0
DMU10(D6120),51,1783976802,0.0,5.70295,102.151924,0.0
DMU09,52,1783976847,15.0,5.15314,102.04342,0.0
DMU10(D6120),51,1783976862,20.0,5.701692,102.15189,0.0
DMU09,52,1783976907,35.0,5.157373,102.040794,0.0
DMU10(D6120),51,1783976907,26.0,5.698738,102.15197,0.0
DMU09,52,1783976967,29.0,5.162702,102.03784,0.0
DMU10(D6120),51,1783976967,68.0,5.689745,102.15196,0.0
DMU09,52,1783977042,29.0,5.168665,102.03705,0.0
SCS10,weekday_2004,1783977036,0.0,2.463853,102.22549,0.0
DMU10(D6120),51,1783977027,71.0,5.678777,102.15504,0.0
SCS10,weekday_2004,1783977111,18.0,2.46521,102.22323,0.0
DMU10(D6120),51,1783977072,67.0,5.670678,102.15702,0.0
DMU09,52,1783977072,30.0,5.171053,102.03588,0.0
SCS10,weekday_2004,1783977171,46.0,2.467698,102.21879,0.0
DMU10(D6120),51,1783977162,71.0,5.65461,102.15739,0.0
DMU09,52,1783977132,20.0,5.172903,102.03208,0.0
DMU09,52,1783977222,22.0,5.172898,102.02484,0.0
SCS10,weekday_2004,1783977216,76.0,2.470158,102.211426,0.0
DMU10(D6120),51,1783977207,76.0,5.645317,102.158966,0.0
DMU10(D6120),51,1783977267,75.0,5.633387,102.16178,0.0
DMU09,52,1783977252,21.0,5.172755,102.022766,0.0
SCS10,weekday_2004,1783977276,99.0,2.460805,102.20241,0.0
SCS10,weekday_2004,1783977321,96.0,2.452465,102.195244,0.0
DMU09,52,1783977327,35.0,5.17013,102.01767,0.0
DMU10(D6120),51,1783977312,73.0,5.624803,102.16459,0.0
SCS10,weekday_2004,1783977396,109.0,2.46562,102.1821,0.0
DMU10(D6120),51,1783977387,71.0,5.610812,102.16819,0.0
DMU09,52,1783977387,36.0,5.172478,102.011345,0.0
DMU09,52,1783977432,0.0,5.173922,102.00987,0.0
DMU10(D6120),51,1783977462,15.0,5.602377,102.174515,0.0
SCS10,weekday_2004,1783977456,111.0,2.482948,102.17979,0.0
SCS10,weekday_2004,1783977516,114.0,2.499815,102.17552,0.0
DMU10(D6120),51,1783977492,15.0,5.601092,102.17536,0.0
DMU09,52,1783977492,5.0,5.174168,102.009735,0.0
SCS10,weekday_2004,1783977576,112.0,2.516432,102.1688,0.0
DMU09,52,1783977567,29.0,5.178117,102.00967,0.0
DMU10(D6120),51,1783977567,50.0,5.595087,102.1765,0.0
SCS25,2941,1783977634,0.0,6.662962,100.32049,0.0
DMU10(D6120),51,1783977612,63.0,5.588932,102.180016,0.0
DMU09,52,1783977612,46.0,5.18258,102.011215,0.0
EMU26,2940,1783977639,1.0,5.393028,100.36652,0.0
SCS10,weekday_2004,1783977636,109.0,2.531218,102.15976,0.0
EMU26,2940,1783977699,8.0,5.39177,100.36828,0.0
SCS25,2941,1783977694,30.0,6.660735,100.31763,0.0
DMU10(D6120),51,1783977672,67.0,5.57978,102.18554,0.0
SCS10,weekday_2004,1783977711,113.0,2.544993,102.14244,0.0
DMU09,52,1783977687,55.0,5.192812,102.01267,0.0
DMU09,52,1783977762,35.0,5.201783,102.013565,0.0
EMU26,2940,1783977759,21.0,5.390422,100.37024,0.0
SCS10,weekday_2004,1783977756,108.0,2.553538,102.13224,0.0
SCS25,2941,1783977754,36.0,6.657658,100.31312,0.0
DMU10(D6120),51,1783977702,72.0,5.57417,102.18593,0.0
EMU26,2940,1783977819,29.0,5.387602,100.37311,0.0
SCS25,2941,1783977814,50.0,6.653685,100.307396,0.0
SCS10,weekday_2004,1783977816,114.0,2.563548,102.11821,0.0
DMU09,52,1783977807,44.0,5.206885,102.01246,0.0
EMU26,2940,1783977879,52.0,5.384252,100.3798,0.0
SCS10,weekday_2004,1783977876,116.0,2.575348,102.105194,0.0
SCS25,2941,1783977875,113.0,6.647865,100.29545,0.0
DMU10(D6120),51,1783977852,68.0,5.548683,102.19537,0.0
DMU09,52,1783977852,27.0,5.211852,102.01247,0.0
DMU10(D6120),51,1783977912,64.0,5.538893,102.19879,0.0
DMU09,52,1783977912,0.0,5.213987,102.01246,0.0
SCS25,2941,1783977936,113.0,6.63692,100.28061,0.0
SCS10,weekday_2004,1783977936,65.0,2.588712,102.09722,0.0
EMU26,2940,1783977924,76.0,5.380527,100.38679,0.0
SCS25,2941,1783978011,114.0,6.621247,100.2654,0.0
DMU09,52,1783978002,42.0,5.220423,102.011765,0.0
SCS10,weekday_2004,1783977996,0.0,2.593622,102.094315,0.0
DMU10(D6120),51,1783977972,19.0,5.532363,102.201996,0.0
EMU26,2940,1783977999,49.0,5.374043,100.399,0.0
DMU10(D6120),51,1783978047,4.0,5.530157,102.2029,0.0
EMU26,2940,1783978059,88.0,5.37009,100.40715,0.0
SCS10,weekday_2004,1783978056,0.0,2.593622,102.094315,0.0
SCS25,2941,1783978056,114.0,6.607843,100.26343,0.0
DMU09,52,1783978047,36.0,5.225882,102.01096,0.0
SCS25,2941,1783978101,113.0,6.594472,100.26318,0.0
SCS10,weekday_2004,1783978116,0.0,2.593622,102.094315,0.0
EMU26,2940,1783978119,50.0,5.365578,100.41874,0.0
DMU10(D6120),51,1783978107,0.0,5.530207,102.20301,0.0
DMU09,52,1783978092,19.0,5.229277,102.010506,0.0
DMU09,52,1783978152,0.0,5.231068,102.01028,0.0
SCS25,2941,1783978175,118.0,6.572525,100.25949,0.0
DMU10(D6120),51,1783978167,0.0,5.530197,102.202995,0.0
EMU26,2940,1783978179,0.0,5.36461,100.42124,0.0
SCS10,weekday_2004,1783978176,0.0,2.593622,102.094315,0.0
DMU10(D6120),51,1783978227,7.0,5.529097,102.20349,0.0
DMU09,52,1783978242,48.0,5.23684,102.00939,0.0
EMU26,2940,1783978239,76.0,5.36235,100.42783,0.0
SCS10,weekday_2004,1783978236,22.0,2.59393,102.09412,0.0
SCS25,2941,1783978235,113.0,6.554218,100.25963,0.0
EMU29,2901,1783978218,0.0,5.393528,100.366165,0.0
EMU29,2901,1783978293,15.0,5.3923,100.3679,0.0
DMU09,52,1783978302,51.0,5.245453,102.00927,0.0
EMU26,2940,1783978299,37.0,5.366007,100.43904,0.0
DMU10(D6120),51,1783978287,10.0,5.526883,102.204445,0.0
SCS25,2941,1783978310,74.0,6.534068,100.25866,0.0
SCS10,weekday_2004,1783978281,110.0,2.601495,102.089584,0.0
SCS10,weekday_2004,1783978356,103.0,2.619428,102.07776,0.0
DMU09,52,1783978362,0.0,5.248797,102.00966,0.0
EMU26,2940,1783978359,44.0,5.366903,100.44422,0.0
DMU10(D6120),51,1783978347,69.0,5.521205,102.207115,0.0
EMU29,2901,1783978338,15.0,5.391028,100.36962,0.0
SCS25,2941,1783978370,29.0,6.52531,100.25718,0.0
SCS10,weekday_2004,1783978416,108.0,2.629838,102.064445,0.0
EMU29,2901,1783978413,50.0,5.38621,100.37604,0.0
DMU09,52,1783978407,14.0,5.249428,102.00983,0.0
DMU10(D6120),51,1783978407,68.0,5.510185,102.20995,0.0
SCS25,2941,1783978400,0.0,6.524348,100.25701,0.0
EMU26,2940,1783978404,0.0,5.36645,100.447205,0.0
EMU26,2940,1783978479,4.0,5.366425,100.447296,0.0
SCS10,weekday_2004,1783978476,112.0,2.636272,102.0485,0.0
SCS25,2941,1783978468,75.0,6.520145,100.25628,0.0
DMU09,52,1783978467,38.0,5.254453,102.01039,0.0
DMU10(D6120),51,1783978467,63.0,5.500262,102.213524,0.0
EMU29,2901,1783978458,78.0,5.382745,100.38261,0.0
SCS10,weekday_2004,1783978536,108.0,2.64335,102.03358,0.0
EMU26,2940,1783978539,51.0,5.365348,100.454636,0.0
SCS25,2941,1783978543,114.0,6.49994,100.25333,0.0
DMU09,52,1783978542,40.0,5.263212,102.00988,0.0
DMU10(D6120),51,1783978542,70.0,5.487533,102.2174,0.0
EMU29,2901,1783978518,95.0,5.375648,100.395996,0.0
EMU29,2901,1783978593,78.0,5.367762,100.413155,0.0
EMU26,2940,1783978599,45.0,5.36093,100.4609,0.0
SCS10,weekday_2004,1783978596,83.0,2.654442,102.02221,0.0
DMU10(D6120),51,1783978587,62.0,5.479818,102.219,0.0
DMU09,52,1783978587,21.0,5.267458,102.00962,0.0
SCS25,2941,1783978573,115.0,6.490838,100.25349,0.0
SCS25,2941,1783978663,114.0,6.464432,100.25713,0.0
EMU29,2901,1783978668,4.0,5.364653,100.421165,0.0
EMU26,2940,1783978667,40.0,5.358582,100.46671,0.0
DMU10(D6120),51,1783978647,30.0,5.474863,102.221,0.0
DMU09,52,1783978647,0.0,5.26851,102.009605,0.0
SCS10,weekday_2004,1783978671,69.0,2.655327,102.006294,0.0
EMU26,2940,1783978712,93.0,5.366813,100.467735,0.0
SCS25,2941,1783978703,114.0,6.452817,100.26113,0.0
EMU29,2901,1783978713,0.0,5.364648,100.421196,0.0
SCS10,weekday_2004,1783978731,36.0,2.65824,101.99952,0.0
DMU10(D6120),51,1783978722,0.0,5.472447,102.222145,0.0
DMU09,52,1783978722,42.0,5.274483,102.00817,0.0
EMU26,2940,1783978772,117.0,5.384145,100.469894,0.0
SCS25,2941,1783978774,56.0,6.435363,100.26714,0.0
EMU29,2901,1783978773,100.0,5.362365,100.43013,0.0
SCS10,weekday_2004,1783978776,19.0,2.660363,101.9963,0.0
DMU09,52,1783978767,39.0,5.279323,102.006836,0.0
DMU10(D6120),51,1783978752,21.0,5.471692,102.22253,0.0
EMU26,2940,1783978832,114.0,5.402205,100.47216,0.0
EMU29,2901,1783978818,73.0,5.366675,100.4405,0.0
SCS25,2941,1783978843,0.0,6.432562,100.2681,0.0
DMU10(D6120),51,1783978842,53.0,5.460598,102.22747,0.0
DMU09,52,1783978842,21.0,5.285283,102.00609,0.0
SCS10,weekday_2004,1783978821,0.0,2.661003,101.99563,0.0
EMU26,2940,1783978892,117.0,5.419208,100.4782,0.0
SCS10,weekday_2004,1783978896,29.0,2.662203,101.99449,0.0
EMU29,2901,1783978878,5.0,5.366462,100.44711,0.0
DMU09,52,1783978887,16.0,5.288347,102.00542,0.0
SCS25,2941,1783978873,0.0,6.432562,100.2681,0.0
DMU10(D6120),51,1783978872,50.0,5.456338,102.22786,0.0
SCS10,weekday_2004,1783978956,81.0,2.670572,101.988976,0.0
DMU10(D6120),51,1783978947,49.0,5.447505,102.23097,0.0
EMU26,2940,1783978937,113.0,5.430638,100.48565,0.0
SCS25,2941,1783978955,116.0,6.419373,100.27264,0.0
EMU29,2901,1783978953,51.0,5.366167,100.449,0.0
DMU09,52,1783978932,12.0,5.29026,102.005905,0.0
DMU10(D6120),51,1783979007,33.0,5.440763,102.23233,0.0
EMU26,2940,1783979012,115.0,5.4522,100.49311,0.0
SCS10,weekday_2004,1783979001,84.0,2.67632,101.98121,0.0
SCS25,2941,1783979023,114.0,6.400615,100.28054,0.0
EMU29,2901,1783978998,74.0,5.364647,100.456856,0.0
DMU09,52,1783978992,22.0,5.291497,102.00847,0.0
SCS25,2941,1783979053,114.0,6.393398,100.28593,0.0
DMU10(D6120),51,1783979067,37.0,5.436238,102.23617,0.0
DMU09,52,1783979067,14.0,5.289617,102.01328,0.0
EMU29,2901,1783979073,110.0,5.349785,100.467575,0.0
EMU26,2940,1783979072,109.0,5.46983,100.49611,0.0
SCS10,weekday_2004,1783979076,57.0,2.688072,101.97271,0.0
EMU29,2901,1783979133,116.0,5.332552,100.46999,0.0
EMU26,2940,1783979132,16.0,5.481555,100.4978,0.0
DMU10(D6120),51,1783979142,48.0,5.427483,102.237175,0.0
SCS25,2941,1783979137,71.0,6.37423,100.300255,0.0
SCS10,weekday_2004,1783979136,0.0,2.691243,101.971565,0.0
DMU09,52,1783979127,26.0,5.291293,102.016975,0.0
EMU26,2940,1783979192,5.0,5.482052,100.497925,0.0
DMU09,52,1783979187,16.0,5.294638,102.018936,0.0
DMU10(D6120),51,1783979187,27.0,5.422155,102.23861,0.0
EMU29,2901,1783979193,109.0,5.315767,100.47352,0.0
SCS25,2941,1783979197,0.0,6.371337,100.30242,0.0
SCS10,weekday_2004,1783979196,66.0,2.695645,101.96911,0.0
EMU29,2901,1783979253,99.0,5.300475,100.48034,0.0
DMU10(D6120),51,1783979247,21.0,5.417567,102.23937,0.0
DMU09,52,1783979247,22.0,5.297985,102.019516,0.0
EMU26,2940,1783979252,100.0,5.492263,100.50064,0.0
SCS25,2941,1783979242,51.0,6.369747,100.303604,0.0
SCS10,weekday_2004,1783979241,73.0,2.69979,101.961716,0.0
SCS10,weekday_2004,1783979301,60.0,2.706267,101.95296,0.0
DMU10(D6120),51,1783979307,40.0,5.414058,102.23692,0.0
EMU26,2940,1783979306,114.0,5.506847,100.50456,0.0
EMU29,2901,1783979313,48.0,5.28924,100.48207,0.0
DMU09,52,1783979307,0.0,5.300252,102.02028,0.0
SCS25,2941,1783979317,101.0,6.354773,100.314766,0.0
SCS10,weekday_2004,1783979361,29.0,2.712428,101.949875,0.0
DMU10(D6120),51,1783979382,19.0,5.408823,102.231606,0.0
EMU26,2940,1783979381,117.0,5.529118,100.5057,0.0
EMU29,2901,1783979379,0.0,5.28634,100.48093,0.0
SCS25,2941,1783979377,114.0,6.340377,100.32554,0.0
DMU09,52,1783979352,0.0,5.300252,102.02028,0.0
EMU26,2940,1783979396,115.0,5.533555,100.504456,0.0
SCS10,weekday_2004,1783979436,29.0,2.715707,101.94518,0.0
EMU29,2901,1783979439,71.0,5.28291,100.479576,0.0
DMU10(D6120),51,1783979427,16.0,5.406938,102.23102,0.0
DMU09,52,1783979427,35.0,5.303765,102.02232,0.0
SCS25,2941,1783979422,114.0,6.329622,100.333595,0.0
DMU09,52,1783979472,52.0,5.309613,102.021324,0.0
EMU26,2940,1783979471,117.0,5.555583,100.49918,0.0
EMU29,2901,1783979499,120.0,5.26724,100.48098,0.0
SCS25,2941,1783979497,114.0,6.310672,100.34522,0.0
SCS10,weekday_2004,1783979496,19.0,2.718993,101.94036,0.0
DMU10(D6120),51,1783979502,38.0,5.400125,102.23183,0.0
DMU09,52,1783979547,50.0,5.320712,102.02017,0.0
EMU29,2901,1783979559,118.0,5.249172,100.48502,0.0
SCS25,2941,1783979557,113.0,6.293048,100.3488,0.0
SCS10,weekday_2004,1783979556,0.0,2.719345,101.939804,0.0
DMU10(D6120),51,1783979547,12.0,5.396523,102.23217,0.0
EMU26,2940,1783979546,117.0,5.578305,100.49546,0.0
EMU26,2940,1783979591,117.0,5.591835,100.49328,0.0
DMU10(D6120),51,1783979607,21.0,5.393403,102.232,0.0
EMU29,2901,1783979619,116.0,5.231252,100.48904,0.0
SCS10,weekday_2004,1783979616,8.0,2.719565,101.939384,0.0
SCS25,2941,1783979613,114.0,6.276618,100.352165,0.0
DMU09,52,1783979577,61.0,5.325312,102.01978,0.0
SCS25,2941,1783979673,112.0,6.259088,100.355736,0.0
EMU29,2901,1783979664,114.0,5.217665,100.49184,0.0
DMU09,52,1783979637,61.0,5.334762,102.01638,0.0
SCS10,weekday_2004,1783979676,23.0,2.720648,101.93655,0.0
EMU26,2940,1783979681,118.0,5.618877,100.49626,0.0
DMU10(D6120),51,1783979652,0.0,5.39153,102.231995,0.0
DMU10(D6120),51,1783979712,16.0,5.391067,102.231995,0.0
EMU26,2940,1783979726,116.0,5.631592,100.490906,0.0
EMU29,2901,1783979739,112.0,5.197423,100.48325,0.0
SCS25,2941,1783979718,114.0,6.245928,100.35842,0.0
SCS10,weekday_2004,1783979736,52.0,2.722162,101.93099,0.0
DMU09,52,1783979727,58.0,5.348075,102.0114,0.0
EMU29,2901,1783979799,110.0,5.18023,100.47949,0.0
SCS25,2941,1783979793,101.0,6.225132,100.36269,0.0
SCS10,weekday_2004,1783979781,51.0,2.724213,101.92432,0.0
DMU09,52,1783979787,55.0,5.357287,102.00868,0.0
DMU10(D6120),51,1783979787,36.0,5.385753,102.23231,0.0
EMU26,2940,1783979756,69.0,5.639402,100.4894,0.0
SCS10,weekday_2004,1783979856,41.0,2.724888,101.91761,0.0
DMU09,52,1783979847,33.0,5.36452,102.00787,0.0
DMU10(D6120),51,1783979847,39.0,5.379108,102.234055,0.0
EMU26,2940,1783979846,15.0,5.642958,100.49012,0.0
SCS25,2941,1783979838,116.0,6.212607,100.36525,0.0
EMU29,2901,1783979859,6.0,5.169837,100.479675,0.0
EMU29,2901,1783979904,0.0,5.169787,100.47967,0.0
SCS10,weekday_2004,1783979901,82.0,2.725355,101.90966,0.0
SCS25,2941,1783979913,93.0,6.190812,100.37007,0.0
DMU10(D6120),51,1783979907,58.0,5.372808,102.23023,0.0
EMU26,2940,1783979906,93.0,5.652972,100.491714,0.0
DMU09,52,1783979892,40.0,5.369373,102.00847,0.0
SCS10,weekday_2004,1783979976,84.0,2.734265,101.8964,0.0
SCS25,2941,1783979973,14.0,6.184065,100.37435,0.0
DMU10(D6120),51,1783979967,50.0,5.364947,102.22577,0.0
EMU26,2940,1783979951,117.0,5.66571,100.4939,0.0
EMU29,2901,1783979964,98.0,5.160752,100.47988,0.0
DMU09,52,1783979952,11.0,5.374128,102.00911,0.0
SCS10,weekday_2004,1783980036,82.0,2.740248,101.88794,0.0
DMU09,52,1783980027,0.0,5.376867,102.01021,0.0
DMU10(D6120),51,1783980027,53.0,5.355827,102.22539,0.0
EMU29,2901,1783980024,114.0,5.143215,100.4836,0.0
EMU26,2940,1783980024,120.0,5.68629,100.501686,0.0
SCS25,2941,1783980033,4.0,6.183713,100.37459,0.0
EMU32,2903,1783980034,0.0,5.393597,100.36629,0.0
EMU32,2903,1783980094,15.0,5.392217,100.36823,0.0
EMU29,2901,1783980099,8.0,5.130908,100.48613,0.0
EMU26,2940,1783980099,118.0,5.706972,100.51138,0.0
SCS10,weekday_2004,1783980096,70.0,2.740667,101.87438,0.0
SCS25,2941,1783980093,113.0,6.17383,100.37844,0.0
DMU10(D6120),51,1783980072,59.0,5.35001,102.22317,0.0
DMU09,52,1783980072,0.0,5.376873,102.01021,0.0
EMU32,2903,1783980154,20.0,5.390228,100.37047,0.0
SCS25,2941,1783980159,114.0,6.153638,100.379845,0.0
EMU29,2901,1783980159,33.0,5.130097,100.486275,0.0
EMU26,2940,1783980159,114.0,5.724743,100.513115,0.0
SCS10,weekday_2004,1783980156,0.0,2.741518,101.87138,0.0
DMU10(D6120),51,1783980147,67.0,5.338837,102.22001,0.0
DMU09,52,1783980147,0.0,5.376923,102.01012,0.0
DMU09,52,1783980207,13.0,5.37871,102.011345,0.0
DMU10(D6120),51,1783980207,65.0,5.335207,102.2103,0.0
EMU26,2940,1783980204,114.0,5.737335,100.508255,0.0
EMU32,2903,1783980214,30.0,5.387518,100.37328,0.0
SCS25,2941,1783980199,114.0,6.141992,100.38065,0.0
SCS10,weekday_2004,1783980231,84.0,2.743933,101.86266,0.0
EMU29,2901,1783980219,109.0,5.117428,100.48892,0.0
DMU10(D6120),51,1783980282,7.0,5.33007,102.203224,0.0
EMU29,2901,1783980279,119.0,5.099307,100.49266,0.0
EMU26,2940,1783980279,114.0,5.75829,100.49958,0.0
EMU32,2903,1783980274,45.0,5.385012,100.37838,0.0
DMU09,52,1783980267,13.0,5.379667,102.013824,0.0
SCS25,2941,1783980263,92.0,6.124425,100.37487,0.0
SCS10,weekday_2004,1783980276,105.0,2.747105,101.85143,0.0
DMU09,52,1783980327,52.0,5.377622,102.01925,0.0
EMU32,2903,1783980304,57.0,5.383042,100.38203,0.0
DMU10(D6120),51,1783980327,0.0,5.330017,102.203156,0.0
EMU29,2901,1783980308,116.0,5.090183,100.4948,0.0
SCS25,2941,1783980353,4.0,6.113772,100.36999,0.0
SCS10,weekday_2004,1783980351,32.0,2.75193,101.83423,0.0
EMU26,2940,1783980309,112.0,5.766265,100.495674,0.0
DMU10(D6120),51,1783980372,32.0,5.327883,102.20073,0.0
EMU29,2901,1783980413,116.0,5.062337,100.50946,0.0
SCS10,weekday_2004,1783980411,18.0,2.752932,101.83083,0.0
EMU26,2940,1783980399,116.0,5.791067,100.48489,0.0
EMU32,2903,1783980394,91.0,5.37354,100.39994,0.0
DMU09,52,1783980387,50.0,5.36965,102.02363,0.0
SCS25,2941,1783980384,0.0,6.113662,100.36995,0.0
SCS10,weekday_2004,1783980456,22.0,2.753715,101.828026,0.0
EMU32,2903,1783980454,80.0,5.367992,100.412575,0.0
SCS25,2941,1783980451,91.0,6.106783,100.36687,0.0
EMU29,2901,1783980443,122.0,5.05412,100.51381,0.0
DMU09,52,1783980402,38.0,5.368365,102.025055,0.0
DMU10(D6120),51,1783980462,8.0,5.326792,102.19361,0.0
EMU26,2940,1783980459,119.0,5.808723,100.479744,0.0
EMU32,2903,1783980514,20.0,5.36476,100.420944,0.0
EMU26,2940,1783980519,58.0,5.82223,100.47813,0.0
DMU09,52,1783980522,16.0,5.370983,102.03062,0.0
SCS10,weekday_2004,1783980516,0.0,2.75427,101.826065,0.0
EMU29,2901,1783980503,109.0,5.037603,100.52255,0.0
SCS25,2941,1783980499,104.0,6.095758,100.37097,0.0
DMU10(D6120),51,1783980492,12.0,5.3274,102.19254,0.0
DMU09,52,1783980567,11.0,5.372775,102.03105,0.0
EMU29,2901,1783980563,9.0,5.028965,100.527145,0.0
SCS10,weekday_2004,1783980561,22.0,2.754728,101.824265,0.0
DMU10(D6120),51,1783980537,7.0,5.328127,102.19069,0.0
EMU26,2940,1783980579,0.0,5.824305,100.47796,0.0
EMU32,2903,1783980574,16.0,5.36453,100.42154,0.0
SCS25,2941,1783980586,114.0,6.073028,100.38355,0.0
EMU26,2940,1783980639,83.0,5.829963,100.477486,0.0
SCS10,weekday_2004,1783980636,89.0,2.757697,101.81436,0.0
SCS25,2941,1783980625,114.0,6.063108,100.38916,0.0
DMU09,52,1783980597,20.0,5.374417,102.03125,0.0
EMU32,2903,1783980634,88.0,5.362468,100.430855,0.0
EMU29,2901,1783980608,0.0,5.028725,100.52726,0.0
EMU32,2903,1783980694,64.0,5.367057,100.4431,0.0
SCS25,2941,1783980693,112.0,6.04541,100.39917,0.0
DMU09,52,1783980672,8.0,5.377572,102.03165,0.0
EMU29,2901,1783980698,0.0,5.028725,100.52726,0.0
EMU26,2940,1783980697,106.0,5.845405,100.476875,0.0
SCS10,weekday_2004,1783980666,96.0,2.762672,101.80907,0.0
EMU32,2903,1783980754,0.0,5.366448,100.44722,0.0
SCS25,2941,1783980752,114.0,6.030127,100.407814,0.0
DMU09,52,1783980747,9.0,5.379607,102.03311,0.0
SCS10,weekday_2004,1783980756,101.0,2.783797,101.79952,0.0
EMU29,2901,1783980743,0.0,5.028725,100.52726,0.0
EMU26,2940,1783980742,117.0,5.858843,100.47689,0.0
EMU32,2903,1783980814,64.0,5.365803,100.451614,0.0
SCS25,2941,1783980813,114.0,6.014425,100.416695,0.0
EMU26,2940,1783980817,117.0,5.88192,100.47693,0.0
SCS10,weekday_2004,1783980816,85.0,2.798328,101.79668,0.0
DMU09,52,1783980792,9.0,5.38055,102.03432,0.0
EMU29,2901,1783980788,39.0,5.027837,100.52771,0.0
SCS10,weekday_2004,1783980861,0.0,2.802755,101.800156,0.0
DMU09,52,1783980822,15.0,5.381513,102.03521,0.0
SCS25,2941,1783980882,110.0,5.996522,100.4268,0.0
EMU32,2903,1783980874,105.0,5.358707,100.46247,0.0
EMU29,2901,1783980863,115.0,5.01842,100.54157,0.0
EMU26,2940,1783980862,116.0,5.895433,100.47558,0.0
SCS10,weekday_2004,1783980921,0.0,2.802752,101.80015,0.0
EMU32,2903,1783980934,111.0,5.342937,100.469635,0.0
SCS25,2941,1783980897,111.0,5.992748,100.42893,0.0
EMU29,2901,1783980893,120.0,5.021472,100.550316,0.0
EMU26,2940,1783980922,118.0,5.912547,100.46898,0.0
SCS10,weekday_2004,1783980996,82.0,2.808675,101.80564,0.0
EMU32,2903,1783980994,112.0,5.325242,100.47001,0.0
EMU29,2901,1783980968,117.0,5.034448,100.56951,0.0
DMU09,52,1783981002,24.0,5.388398,102.04279,0.0
SCS25,2941,1783980999,26.0,5.973795,100.43964,0.0
EMU26,2940,1783980997,115.0,5.933938,100.460754,0.0
EMU32,2903,1783981054,109.0,5.309218,100.476456,0.0
EMU29,2901,1783981028,118.0,5.044182,100.58567,0.0
SCS25,2941,1783981043,0.0,5.972637,100.440285,0.0
EMU26,2940,1783981042,116.0,5.946417,100.455086,0.0
SCS10,weekday_2004,1783981041,71.0,2.814415,101.81256,0.0
DMU09,52,1783981032,17.0,5.389742,102.04465,0.0
DMU10(D6120),51,1783981047,0.0,5.307877,102.156975,0.0
EMU32,2903,1783981114,89.0,5.294505,100.4829,0.0
DMU10(D6120),51,1783981092,0.0,5.307877,102.156975,0.0
EMU29,2901,1783981088,120.0,5.044222,100.60415,0.0
SCS10,weekday_2004,1783981086,73.0,2.820113,101.8184,0.0
SCS25,2941,1783981076,28.0,5.972252,100.4405,0.0
EMU26,2940,1783981072,114.0,5.954353,100.45061,0.0
EMU32,2903,1783981171,0.0,5.286912,100.481186,0.0
DMU10(D6120),51,1783981152,33.0,5.307052,102.15561,0.0
EMU29,2901,1783981148,121.0,5.042827,100.62316,0.0
SCS10,weekday_2004,1783981146,18.0,2.82667,101.8257,0.0
SCS25,2941,1783981121,111.0,5.964033,100.44515,0.0
EMU26,2940,1783981117,96.0,5.965752,100.44415,0.0
SCS25,2941,1783981212,114.0,5.940412,100.45832,0.0
DMU10(D6120),51,1783981212,38.0,5.306652,102.148605,0.0
EMU26,2940,1783981207,0.0,5.971827,100.44072,0.0
EMU29,2901,1783981247,112.0,5.040708,100.65363,0.0
SCS10,weekday_2004,1783981206,14.0,2.828985,101.82656,0.0
SCS04,2947,1783981194,0.0,6.662905,100.32058,0.0
DMU10(D6120),51,1783981257,42.0,5.309333,102.144455,0.0
SCS25,2941,1783981273,114.0,5.923058,100.465,0.0
EMU29,2901,1783981292,116.0,5.039152,100.66733,0.0
SCS10,weekday_2004,1783981296,10.0,2.831312,101.826965,0.0
EMU32,2903,1783981291,106.0,5.274197,100.47942,0.0
SCS04,2947,1783981269,11.0,6.662133,100.31941,0.0
EMU26,2940,1783981267,88.0,5.978247,100.437065,0.0
SCS04,2947,1783981329,46.0,6.658282,100.31418,0.0
SCS25,2941,1783981370,114.0,5.895953,100.47543,0.0
EMU26,2940,1783981357,115.0,6.001075,100.424164,0.0
EMU32,2903,1783981321,109.0,5.265577,100.481346,0.0
SCS10,weekday_2004,1783981356,15.0,2.834085,101.827545,0.0
DMU09,52,1783981332,3.0,5.390303,102.06512,0.0
EMU29,2901,1783981337,117.0,5.039272,100.68128,0.0
EMU26,2940,1783981417,115.0,6.017157,100.41507,0.0
EMU29,2901,1783981412,120.0,5.03596,100.704384,0.0
SCS25,2941,1783981408,113.0,5.884797,100.476974,0.0
EMU32,2903,1783981381,108.0,5.2488,100.485115,0.0
SCS10,weekday_2004,1783981371,17.0,2.834873,101.82769,0.0
SCS04,2947,1783981374,49.0,6.655057,100.30934,0.0
DMU09,52,1783981377,29.0,5.390032,102.06806,0.0
EMU29,2901,1783981472,118.0,5.025375,100.72002,0.0
SCS10,weekday_2004,1783981461,75.0,2.843828,101.825035,0.0
EMU32,2903,1783981441,113.0,5.231837,100.4889,0.0
SCS04,2947,1783981464,114.0,6.645887,100.29262,0.0
EMU26,2940,1783981462,114.0,6.028972,100.40839,0.0
DMU09,52,1783981452,22.0,5.390177,102.07421,0.0
SCS25,2941,1783981452,113.0,5.871925,100.476944,0.0
SCS38,weekday_2012,1783981547,0.0,2.46318,102.22676,0.0
EMU29,2901,1783981547,121.0,5.007132,100.734055,0.0
EMU26,2940,1783981527,116.0,6.046508,100.39848,0.0
SCS26,2944,1783981526,0.0,5.39317,100.366394,0.0
DMU09,52,1783981512,42.0,5.386173,102.07835,0.0
EMU32,2903,1783981501,105.0,5.214978,100.49169,0.0
SCS25,2941,1783981535,114.0,5.84756,100.47689,0.0
DMU10(D6120),51,1783981542,19.0,5.318318,102.13234,0.0
SCS04,2947,1783981524,116.0,6.634855,100.27781,0.0
SCS10,weekday_2004,1783981491,76.0,2.849777,101.82331,0.0
EMU29,2901,1783981592,124.0,4.993178,100.73461,0.0
EMU32,2903,1783981591,112.0,5.191867,100.48039,0.0
DMU09,52,1783981587,26.0,5.379698,102.08131,0.0
DMU10(D6120),51,1783981587,34.0,5.320118,102.12927,0.0
SCS38,weekday_2012,1783981577,0.0,2.46318,102.22676,0.0
SCS25,2941,1783981586,89.0,5.832797,100.47729,0.0
SCS04,2947,1783981584,116.0,6.62188,100.26555,0.0
EMU26,2940,1783981572,118.0,6.058202,100.39187,0.0
SCS10,weekday_2004,1783981566,22.0,2.861827,101.819855,0.0
SCS26,2944,1783981586,2.0,5.391758,100.368416,0.0
SCS25,2941,1783981653,0.0,5.825012,100.47796,0.0
EMU29,2901,1783981652,117.0,4.975562,100.73115,0.0
SCS38,weekday_2012,1783981652,37.0,2.465632,102.22238,0.0
EMU32,2903,1783981651,76.0,5.175808,100.47955,0.0
SCS26,2944,1783981646,19.0,5.389423,100.37123,0.0
DMU10(D6120),51,1783981617,44.0,5.322278,102.12658,0.0
DMU09,52,1783981617,13.0,5.378027,102.08209,0.0
EMU26,2940,1783981617,117.0,6.070197,100.38509,0.0
SCS04,2947,1783981614,118.0,6.61283,100.264145,0.0
SCS10,weekday_2004,1783981626,52.0,2.867068,101.81938,0.0
EMU26,2940,1783981707,109.0,6.093845,100.37199,0.0
DMU10(D6120),51,1783981707,3.0,5.329478,102.12167,0.0
DMU09,52,1783981707,7.0,5.3746,102.08379,0.0
SCS26,2944,1783981676,28.0,5.38791,100.37276,0.0
SCS38,weekday_2012,1783981712,100.0,2.470173,102.21182,0.0
EMU29,2901,1783981712,117.0,4.957682,100.72539,0.0
SCS25,2941,1783981712,18.0,5.824542,100.478004,0.0
EMU32,2903,1783981711,0.0,5.169785,100.47971,0.0
SCS10,weekday_2004,1783981701,22.0,2.876647,101.81639,0.0
SCS04,2947,1783981719,118.0,6.580777,100.2621,0.0
SCS26,2944,1783981781,95.0,5.379397,100.388985,0.0
SCS04,2947,1783981779,120.0,6.56231,100.25935,0.0
EMU26,2940,1783981767,80.0,6.108443,100.367546,0.0
SCS10,weekday_2004,1783981761,47.0,2.88005,101.814026,0.0
SCS25,2941,1783981773,112.0,5.811773,100.47909,0.0
SCS38,weekday_2012,1783981772,116.0,2.457815,102.20125,0.0
EMU32,2903,1783981771,69.0,5.165995,100.47976,0.0
DMU09,52,1783981752,9.0,5.37308,102.08456,0.0
DMU10(D6120),51,1783981752,0.0,5.329512,102.12165,0.0
EMU29,2901,1783981768,120.0,4.94085,100.72092,0.0
SCS07,weekday_2003,1783981833,38.0,3.237317,101.68126,0.0
EMU32,2903,1783981831,106.0,5.15068,100.4818,0.0
SCS38,weekday_2012,1783981832,110.0,2.454043,102.186485,0.0
SCS26,2944,1783981826,97.0,5.37412,100.3989,0.0
DMU09,52,1783981797,3.0,5.371897,102.085144,0.0
SCS25,2941,1783981797,115.0,5.804737,100.48076,0.0
SCS04,2947,1783981794,117.0,6.557655,100.25954,0.0
EMU26,2940,1783981797,21.0,6.112158,100.369225,0.0
SCS10,weekday_2004,1783981836,9.0,2.885105,101.80561,0.0
EMU29,2901,1783981798,118.0,4.931972,100.71858,0.0
DMU10(D6120),51,1783981782,27.0,5.330685,102.12097,0.0
SCS25,2941,1783981911,116.0,5.772397,100.49325,0.0
SCS38,weekday_2012,1783981907,109.0,2.474408,102.18093,0.0
SCS07,weekday_2003,1783981893,79.0,3.231122,101.67519,0.0
DMU10(D6120),51,1783981857,60.0,5.339705,102.118004,0.0
DMU09,52,1783981857,5.0,5.371757,102.08524,0.0
EMU26,2940,1783981857,12.0,6.112787,100.3696,0.0
SCS26,2944,1783981856,97.0,5.37069,100.40567,0.0
EMU32,2903,1783981861,99.0,5.142777,100.483696,0.0
SCS04,2947,1783981884,90.0,6.531688,100.258286,0.0
SCS10,weekday_2004,1783981881,8.0,2.88525,101.8041,0.0
SCS26,2944,1783981961,0.0,5.364822,100.42086,0.0
DMU09,52,1783981947,0.0,5.36968,102.08652,0.0
SCS04,2947,1783981959,0.0,6.524308,100.25703,0.0
SCS10,weekday_2004,1783981956,95.0,2.89167,101.79501,0.0
EMU32,2903,1783981921,30.0,5.131277,100.48608,0.0
EMU29,2901,1783981918,58.0,4.898765,100.719124,0.0
SCS07,weekday_2003,1783981953,66.0,3.219027,101.67238,0.0
SCS38,weekday_2012,1783981952,109.0,2.487267,102.179214,0.0
SCS25,2941,1783981952,117.0,5.760987,100.49833,0.0
DMU10(D6120),51,1783981962,34.0,5.35189,102.115814,0.0
SCS07,weekday_2003,1783982013,0.0,3.215117,101.67225,0.0
SCS25,2941,1783981966,118.0,5.757092,100.50023,0.0
EMU29,2901,1783981963,0.0,4.896188,100.7194,0.0
SCS38,weekday_2012,1783982027,116.0,2.508638,102.17197,0.0
SCS21,weekday_2107,1783982022,0.0,3.320065,101.574745,0.0
EMU26,2940,1783982022,115.0,6.153325,100.37983,0.0
DMU09,52,1783982022,3.0,5.370963,102.0858,0.0
SCS26,2944,1783981976,0.0,5.364822,100.42086,0.0
EMU32,2903,1783981981,29.0,5.130055,100.486336,0.0
SCS04,2947,1783981989,38.0,6.523088,100.256836,0.0
SCS26,2944,1783982051,84.0,5.362493,100.42724,0.0
SCS04,2947,1783982049,106.0,6.510773,100.2547,0.0
SCS21,weekday_2107,1783982052,0.0,3.320065,101.574745,0.0
EMU29,2901,1783982083,111.0,4.876243,100.723206,0.0
SCS13,weekday_2103,1783982077,45.0,3.147145,101.69091,0.0
SCS10,weekday_2004,1783982076,0.0,2.904828,101.78685,0.0
SCS09,weekday_2111,1783982074,114.0,3.625688,101.56827,0.0
SCS07,weekday_2003,1783982073,61.0,3.212582,101.672165,0.0
SCS38,weekday_2012,1783982072,111.0,2.521142,102.16689,0.0
DMU10(D6120),51,1783982067,59.0,5.359757,102.10247,0.0
DMU09,52,1783982067,3.0,5.371737,102.08537,0.0
EMU32,2903,1783982041,100.0,5.119765,100.48844,0.0
EMU26,2940,1783982112,81.0,6.179067,100.37728,0.0
SCS09,weekday_2111,1783982149,116.0,3.61098,101.584564,0.0
SCS38,weekday_2012,1783982147,114.0,2.53701,102.15239,0.0
EMU32,2903,1783982144,105.0,5.090743,100.49461,0.0
SCS21,weekday_2107,1783982142,98.0,3.30841,101.57499,0.0
DMU09,52,1783982127,0.0,5.371875,102.08529,0.0
DMU10(D6120),51,1783982127,51.0,5.361877,102.09532,0.0
SCS04,2947,1783982094,103.0,6.498278,100.253395,0.0
SCS26,2944,1783982126,66.0,5.366898,100.444336,0.0
SCS10,weekday_2004,1783982106,0.0,2.904828,101.78685,0.0
SCS07,weekday_2003,1783982133,10.0,3.20557,101.67502,0.0
SCS13,weekday_2103,1783982137,23.0,3.143388,101.69363,0.0
SCS38,weekday_2012,1783982192,114.0,2.545413,102.14182,0.0
SCS21,weekday_2107,1783982157,92.0,3.304635,101.57504,0.0
SCS10,weekday_2004,1783982166,19.0,2.906325,101.789505,0.0
SCS04,2947,1783982154,117.0,6.480158,100.253685,0.0
DMU09,52,1783982142,0.0,5.371875,102.08529,0.0
DMU10(D6120),51,1783982142,55.0,5.362528,102.093124,0.0
EMU26,2940,1783982142,14.0,6.182628,100.37525,0.0
SCS09,weekday_2111,1783982194,110.0,3.600725,101.59329,0.0
SCS07,weekday_2003,1783982193,0.0,3.205467,101.67509,0.0
EMU29,2901,1783982158,88.0,4.860112,100.73365,0.0
SCS26,2944,1783982171,0.0,5.366552,100.44731,0.0
SCS13,weekday_2103,1783982167,11.0,3.141577,101.69424,0.0
EMU29,2901,1783982263,6.0,4.85324,100.73233,0.0
SCS21,weekday_2107,1783982262,80.0,3.282777,101.56696,0.0
DMU09,52,1783982262,0.0,5.371875,102.08529,0.0
EMU26,2940,1783982262,91.0,6.189382,100.370804,0.0
DMU10(D6120),51,1783982262,6.0,5.370392,102.086075,0.0
SCS38,weekday_2012,1783982252,110.0,2.556962,102.128555,0.0
SCS13,weekday_2103,1783982227,0.0,3.139348,101.69365,0.0
SCS10,weekday_2004,1783982226,18.0,2.90709,101.792915,0.0
SCS09,weekday_2111,1783982254,106.0,3.59273,101.60605,0.0
SCS07,weekday_2003,1783982253,60.0,3.203817,101.67669,0.0
SCS04,2947,1783982214,117.0,6.462488,100.257835,0.0
SCS07,weekday_2003,1783982268,52.0,3.201585,101.67845,0.0
SCS13,weekday_2103,1783982287,23.0,3.137357,101.692085,0.0
EMU29,2901,1783982278,43.0,4.852285,100.73153,0.0
EMU32,2903,1783982264,112.0,5.060115,100.51066,0.0
DMU09,52,1783982277,0.0,5.371875,102.08529,0.0
SCS26,2944,1783982321,0.0,5.366552,100.44731,0.0
EMU26,2940,1783982292,111.0,6.197062,100.36837,0.0
DMU10(D6120),51,1783982277,5.0,5.370665,102.08586,0.0
SCS25,2941,1783982274,113.0,5.672147,100.49505,0.0
SCS04,2947,1783982274,115.0,6.445127,100.26382,0.0
SCS10,weekday_2004,1783982271,81.0,2.912913,101.79598,0.0
SCS09,weekday_2111,1783982284,113.0,3.585407,101.611115,0.0
SCS21,weekday_2107,1783982292,81.0,3.277858,101.56298,0.0
SCS38,weekday_2012,1783982312,105.0,2.566133,102.11393,0.0
DMU10(D6120),51,1783982382,0.0,5.371862,102.08527,0.0
DMU09,52,1783982382,0.0,5.371875,102.08529,0.0
EMU32,2903,1783982324,102.0,5.044973,100.51868,0.0
SCS09,weekday_2111,1783982374,117.0,3.565545,101.622955,0.0
SCS07,weekday_2003,1783982373,33.0,3.19806,101.68158,0.0
SCS21,weekday_2107,1783982367,38.0,3.265053,101.558426,0.0
EMU26,2940,1783982367,114.0,6.219465,100.363785,0.0
SCS38,weekday_2012,1783982327,102.0,2.568302,102.110466,0.0
SCS26,2944,1783982366,57.0,5.366098,100.44972,0.0
SCS25,2941,1783982356,65.0,5.652682,100.49174,0.0
SCS04,2947,1783982349,7.0,6.432575,100.26816,0.0
SCS13,weekday_2103,1783982347,0.0,3.136395,101.68942,0.0
SCS10,weekday_2004,1783982346,80.0,2.927982,101.79375,0.0
SCS25,2941,1783982444,0.0,5.643682,100.4902,0.0
DMU10(D6120),51,1783982427,0.0,5.371862,102.08527,0.0
SCS09,weekday_2111,1783982434,83.0,3.558667,101.637115,0.0
SCS21,weekday_2107,1783982427,11.0,3.262512,101.55684,0.0
SCS07,weekday_2003,1783982433,50.0,3.191678,101.6869,0.0
SCS11,weekday_2014,1783982426,0.0,2.463815,102.22557,0.0
SCS10,weekday_2004,1783982421,29.0,2.93935,101.78819,0.0
SCS38,weekday_2012,1783982432,45.0,2.589747,102.09659,0.0
SCS13,weekday_2103,1783982407,0.0,3.136395,101.68942,0.0
SCS02,weekday_2112,1783982407,0.0,2.99915,101.391304,0.0
EMU29,2901,1783982398,123.0,4.825118,100.737595,0.0
EMU32,2903,1783982414,5.0,5.028728,100.52729,0.0
DMU09,52,1783982412,0.0,5.371875,102.08529,0.0
EMU26,2940,1783982397,118.0,6.228412,100.36197,0.0
SCS26,2944,1783982411,52.0,5.36492,100.45635,0.0
SCS04,2947,1783982409,1.0,6.432463,100.268196,0.0
SCS13,weekday_2103,1783982467,0.0,3.136395,101.68942,0.0
SCS10,weekday_2004,1783982466,0.0,2.939753,101.787674,0.0
DMU09,52,1783982457,0.0,5.371875,102.08529,0.0
DMU10(D6120),51,1783982457,0.0,5.371862,102.08527,0.0
SCS21,weekday_2107,1783982457,26.0,3.260762,101.55578,0.0
EMU32,2903,1783982444,0.0,5.028717,100.5273,0.0
SCS09,weekday_2111,1783982494,0.0,3.553845,101.6394,0.0
SCS07,weekday_2003,1783982493,41.0,3.184563,101.689514,0.0
SCS38,weekday_2012,1783982492,0.0,2.592483,102.094955,0.0
SCS25,2941,1783982488,17.0,5.643245,100.49005,0.0
SCS11,weekday_2014,1783982486,15.0,2.463935,102.225296,0.0
SCS26,2944,1783982486,45.0,5.357788,100.46333,0.0
EMU26,2940,1783982481,118.0,6.25368,100.35681,0.0
EMU29,2901,1783982473,115.0,4.803333,100.74459,0.0
SCS04,2947,1783982469,99.0,6.424445,100.27096,0.0
SCS02,weekday_2112,1783982467,14.0,3.00016,101.39086,0.0
EMU32,2903,1783982504,0.0,5.028717,100.5273,0.0
SCS11,weekday_2014,1783982561,42.0,2.467395,102.21932,0.0
SCS26,2944,1783982561,82.0,5.364907,100.467445,0.0
SCS09,weekday_2111,1783982554,88.0,3.54748,101.6392,0.0
SCS25,2941,1783982553,100.0,5.633132,100.49035,0.0
SCS07,weekday_2003,1783982553,0.0,3.182793,101.688896,0.0
SCS02,weekday_2112,1783982542,16.0,3.00358,101.392166,0.0
SCS13,weekday_2103,1783982542,0.0,3.136395,101.68942,0.0
EMU26,2940,1783982541,115.0,6.2717,100.35313,0.0
EMU29,2901,1783982533,119.0,4.791155,100.75865,0.0
SCS38,weekday_2012,1783982507,0.0,2.592483,102.094955,0.0
SCS10,weekday_2004,1783982541,82.0,2.947822,101.788155,0.0
DMU10(D6120),51,1783982532,0.0,5.371862,102.08527,0.0
DMU09,52,1783982532,0.0,5.371875,102.08529,0.0
SCS21,weekday_2107,1783982532,0.0,3.258825,101.55507,0.0
SCS10,weekday_2004,1783982586,74.0,2.957495,101.79281,0.0
SCS38,weekday_2012,1783982612,64.0,2.594762,102.09361,0.0
SCS09,weekday_2111,1783982614,99.0,3.533308,101.63343,0.0
SCS07,weekday_2003,1783982613,5.0,3.182085,101.68866,0.0
EMU29,2901,1783982578,120.0,4.785037,100.770874,0.0
SCS04,2947,1783982619,114.0,6.384673,100.29247,0.0
SCS25,2941,1783982617,116.0,5.615413,100.49695,0.0
SCS02,weekday_2112,1783982617,45.0,3.011355,101.4005,0.0
EMU32,2903,1783982594,0.0,5.028717,100.5273,0.0
SCS13,weekday_2103,1783982617,0.0,3.136395,101.68942,0.0
EMU26,2940,1783982586,114.0,6.285272,100.35036,0.0
DMU10(D6120),51,1783982607,0.0,5.371862,102.08527,0.0
SCS11,weekday_2014,1783982621,95.0,2.46989,102.209656,0.0
SCS26,2944,1783982621,113.0,5.381978,100.46958,0.0
SCS21,weekday_2107,1783982592,31.0,3.254932,101.554695,0.0
DMU09,52,1783982592,0.0,5.371875,102.08529,0.0
EMU29,2901,1783982653,115.0,4.778287,100.79308,0.0
DMU10(D6120),51,1783982652,4.0,5.371953,102.0852,0.0
SCS25,2941,1783982647,112.0,5.606792,100.49531,0.0
SCS13,weekday_2103,1783982647,0.0,3.136395,101.68942,0.0
SCS10,weekday_2004,1783982646,0.0,2.963137,101.79171,0.0
EMU32,2903,1783982624,0.0,5.028717,100.5273,0.0
SCS04,2947,1783982679,62.0,6.374298,100.30022,0.0
EMU26,2940,1783982676,115.0,6.312087,100.344864,0.0
SCS09,weekday_2111,1783982674,99.0,3.518912,101.62872,0.0
SCS38,weekday_2012,1783982672,103.0,2.60788,102.085754,0.0
SCS02,weekday_2112,1783982662,0.0,3.013152,101.40231,0.0
SCS26,2944,1783982651,114.0,5.390872,100.47071,0.0
DMU09,52,1783982637,0.0,5.371875,102.08529,0.0
SCS21,weekday_2107,1783982637,54.0,3.250755,101.55591,0.0
SCS11,weekday_2014,1783982636,105.0,2.467995,102.20614,0.0
SCS07,weekday_2003,1783982643,13.0,3.180397,101.68802,0.0
DMU10(D6120),51,1783982712,4.0,5.373268,102.084564,0.0
SCS21,weekday_2107,1783982712,106.0,3.235802,101.55982,0.0
SCS02,weekday_2112,1783982707,0.0,3.013152,101.40231,0.0
SCS13,weekday_2103,1783982707,0.0,3.136395,101.68942,0.0
EMU26,2940,1783982706,115.0,6.320118,100.3406,0.0
SCS10,weekday_2004,1783982706,45.0,2.964567,101.79129,0.0
EMU29,2901,1783982683,0.0,4.776617,100.79915,0.0
SCS07,weekday_2003,1783982733,26.0,3.174925,101.68524,0.0
SCS38,weekday_2012,1783982732,98.0,2.620827,102.0767,0.0
EMU32,2903,1783982684,50.0,5.027297,100.52806,0.0
SCS25,2941,1783982752,117.0,5.57541,100.49601,0.0
DMU09,52,1783982742,0.0,5.371875,102.08529,0.0
SCS26,2944,1783982741,115.0,5.41702,100.476944,0.0
SCS11,weekday_2014,1783982741,115.0,2.455913,102.18469,0.0
SCS09,weekday_2111,1783982719,93.0,3.508528,101.63295,0.0
EMU32,2903,1783982744,110.0,5.018727,100.53861,0.0
SCS07,weekday_2003,1783982748,26.0,3.173678,101.684906,0.0
DMU10(D6120),51,1783982757,9.0,5.374378,102.08394,0.0
SCS11,weekday_2014,1783982756,114.0,2.460032,102.18291,0.0
EMU26,2940,1783982796,118.0,6.342228,100.32409,0.0
SCS10,weekday_2004,1783982796,12.0,2.976843,101.790405,0.0
SCS09,weekday_2111,1783982779,0.0,3.500918,101.63411,0.0
SCS38,weekday_2012,1783982792,104.0,2.630035,102.06411,0.0
SCS21,weekday_2107,1783982772,107.0,3.220203,101.565674,0.0
EMU29,2901,1783982773,115.0,4.776192,100.82859,0.0
DMU09,52,1783982772,0.0,5.371875,102.08529,0.0
SCS25,2941,1783982779,114.0,5.567347,100.49732,0.0
SCS02,weekday_2112,1783982752,42.0,3.01384,101.40308,0.0
SCS13,weekday_2103,1783982752,0.0,3.136395,101.68942,0.0
SCS09,weekday_2111,1783982854,92.0,3.493252,101.63522,0.0
SCS26,2944,1783982816,113.0,5.436353,100.488846,0.0
SCS11,weekday_2014,1783982816,114.0,2.477867,102.180504,0.0
EMU26,2940,1783982873,0.0,6.361047,100.310036,0.0
SCS25,2941,1783982863,114.0,5.54296,100.50185,0.0
DMU09,52,1783982862,0.0,5.371875,102.08529,0.0
DMU10(D6120),51,1783982862,45.0,5.382,102.080345,0.0
SCS13,weekday_2103,1783982842,16.0,3.131162,101.68234,0.0
SCS02,weekday_2112,1783982842,1.0,3.020258,101.41006,0.0
SCS21,weekday_2107,1783982817,72.0,3.2124,101.57235,0.0
SCS38,weekday_2012,1783982807,107.0,2.632573,102.06083,0.0
EMU32,2903,1783982834,110.0,5.029228,100.56184,0.0
EMU26,2940,1783982856,112.0,6.356857,100.31317,0.0
SCS10,weekday_2004,1783982898,18.0,2.982058,101.79061,0.0
SCS38,weekday_2012,1783982897,103.0,2.639877,102.03731,0.0
EMU29,2901,1783982878,52.0,4.778583,100.85502,0.0
SCS25,2941,1783982923,111.0,5.525682,100.50671,0.0
DMU09,52,1783982922,4.0,5.371917,102.08538,0.0
SCS02,weekday_2112,1783982917,20.0,3.020467,101.41023,0.0
SCS13,weekday_2103,1783982917,19.0,3.127925,101.67962,0.0
SCS26,2944,1783982906,114.0,5.462502,100.4958,0.0
SCS09,weekday_2111,1783982899,114.0,3.481345,101.63971,0.0
SCS11,weekday_2014,1783982876,117.0,2.49569,102.17724,0.0
EMU32,2903,1783982894,113.0,5.038948,100.57627,0.0
DMU10(D6120),51,1783982877,44.0,5.383795,102.0795,0.0
SCS21,weekday_2107,1783982877,40.0,3.207383,101.576775,0.0
SCS11,weekday_2014,1783982981,114.0,2.525618,102.1651,0.0
SCS26,2944,1783982981,42.0,5.48033,100.497444,0.0
EMU26,2940,1783982979,0.0,6.370513,100.30296,0.0
SCS09,weekday_2111,1783982974,0.0,3.469088,101.6379,0.0
SCS10,weekday_2004,1783982973,0.0,2.983532,101.79049,0.0
SCS38,weekday_2012,1783982972,85.0,2.654383,102.02229,0.0
SCS21,weekday_2107,1783982967,0.0,3.206433,101.579666,0.0
DMU09,52,1783982967,7.0,5.370792,102.08596,0.0
DMU10(D6120),51,1783982967,37.0,5.390253,102.07303,0.0
SCS02,weekday_2112,1783982962,102.0,3.026345,101.41659,0.0
SCS13,weekday_2103,1783982962,20.0,3.1254,101.6782,0.0
SCS07,weekday_2003,1783982945,12.0,3.165937,101.69046,0.0
SCS25,2941,1783982938,112.0,5.52147,100.507805,0.0
EMU32,2903,1783982924,114.0,5.043593,100.58392,0.0
SCS26,2944,1783983011,0.0,5.481725,100.497795,0.0
SCS21,weekday_2107,1783983012,23.0,3.206038,101.58046,0.0
DMU10(D6120),51,1783983012,36.0,5.390008,102.069176,0.0
DMU09,52,1783983012,16.0,5.36914,102.086876,0.0
SCS07,weekday_2003,1783983035,46.0,3.15696,101.69379,0.0
SCS09,weekday_2111,1783983034,61.0,3.465967,101.63746,0.0
SCS10,weekday_2004,1783983033,17.0,2.985027,101.79059,0.0
SCS25,2941,1783983023,97.0,5.496933,100.501976,0.0
EMU29,2901,1783982998,94.0,4.776492,100.86476,0.0
SCS02,weekday_2112,1783983037,0.0,3.03378,101.42456,0.0
SCS38,weekday_2012,1783983032,77.0,2.654653,102.01015,0.0
SCS04,2947,1783983024,115.0,6.317807,100.34242,0.0
SCS11,weekday_2014,1783983011,113.0,2.531905,102.15885,0.0
EMU26,2940,1783983009,17.0,6.370855,100.302734,0.0
SCS10,weekday_2004,1783983093,42.0,2.988898,101.78979,0.0
SCS02,weekday_2112,1783983082,0.0,3.03378,101.42456,0.0
SCS38,weekday_2012,1783983077,35.0,2.65748,102.00328,0.0
EMU32,2903,1783983074,115.0,5.042485,100.627815,0.0
EMU29,2901,1783983058,112.0,4.771228,100.8812,0.0
SCS09,weekday_2111,1783983094,116.0,3.45148,101.63971,0.0
EMU26,2940,1783983084,114.0,6.384052,100.292854,0.0
DMU10(D6120),51,1783983072,0.0,5.390297,102.06481,0.0
SCS04,2947,1783983069,116.0,6.304815,100.346436,0.0
SCS07,weekday_2003,1783983095,0.0,3.154818,101.69331,0.0
DMU09,52,1783983102,14.0,5.36354,102.09059,0.0
SCS21,weekday_2107,1783983102,88.0,3.20092,101.59329,0.0
SCS25,2941,1783983101,26.0,5.483857,100.49845,0.0
SCS11,weekday_2014,1783983101,115.0,2.548798,102.137695,0.0
SCS26,2944,1783983101,92.0,5.487745,100.49939,0.0
EMU29,2901,1783983118,96.0,4.77326,100.897736,0.0
EMU32,2903,1783983134,110.0,5.041607,100.64541,0.0
SCS07,weekday_2003,1783983155,28.0,3.154,101.692566,0.0
SCS21,weekday_2107,1783983147,100.0,3.20001,101.60394,0.0
DMU09,52,1783983147,11.0,5.362913,102.09225,0.0
SCS13,weekday_2103,1783983169,33.0,3.113695,101.67308,0.0
SCS26,2944,1783983146,108.0,5.500072,100.50272,0.0
SCS25,2941,1783983146,0.0,5.482868,100.4982,0.0
EMU26,2940,1783983144,116.0,6.398728,100.28188,0.0
SCS04,2947,1783983144,117.0,6.282315,100.35104,0.0
DMU10(D6120),51,1783983162,0.0,5.390268,102.06492,0.0
SCS11,weekday_2014,1783983161,113.0,2.560088,102.123924,0.0
SCS10,weekday_2004,1783983153,0.0,2.992318,101.782875,0.0
SCS09,weekday_2111,1783983139,116.0,3.43816,101.63673,0.0
SCS02,weekday_2112,1783983127,81.0,3.037265,101.42833,0.0
SCS38,weekday_2012,1783983107,35.0,2.658122,102.00027,0.0
SCS38,weekday_2012,1783983167,7.0,2.660025,101.99658,0.0
EMU29,2901,1783983163,91.0,4.777032,100.90773,0.0
SCS13,weekday_2103,1783983214,0.0,3.112912,101.67333,0.0
SCS04,2947,1783983219,116.0,6.259843,100.355644,0.0
SCS02,weekday_2112,1783983217,0.0,3.039992,101.43121,0.0
SCS21,weekday_2107,1783983177,105.0,3.201763,101.61155,0.0
SCS07,weekday_2003,1783983215,22.0,3.149073,101.69069,0.0
SCS09,weekday_2111,1783983214,94.0,3.421528,101.62481,0.0
SCS10,weekday_2004,1783983213,0.0,2.992318,101.782875,0.0
SCS11,weekday_2014,1783983191,114.0,2.564823,102.116196,0.0
SCS26,2944,1783983191,115.0,5.513023,100.50617,0.0
DMU10(D6120),51,1783983192,12.0,5.390352,102.06448,0.0
EMU40,2902,1783983177,114.0,5.039173,100.67061,0.0
DMU09,52,1783983177,34.0,5.36232,102.094154,0.0
SCS25,2941,1783983176,2.0,5.482832,100.498184,0.0
EMU26,2940,1783983174,116.0,6.40636,100.27708,0.0
SCS26,2944,1783983281,114.0,5.539242,100.50279,0.0
EMU26,2940,1783983279,32.0,6.430527,100.26877,0.0
SCS02,weekday_2112,1783983277,63.0,3.041498,101.43282,0.0
SCS38,weekday_2012,1783983272,0.0,2.660122,101.996475,0.0
DMU10(D6120),51,1783983267,49.0,5.393013,102.05559,0.0
EMU23,2904,1783983263,18.0,4.776052,100.93158,0.0
SCS09,weekday_2111,1783983259,117.0,3.409948,101.62767,0.0
SCS07,weekday_2003,1783983260,15.0,3.146627,101.69127,0.0
SCS13,weekday_2103,1783983259,0.0,3.112912,101.67333,0.0
EMU32,2903,1783983251,116.0,5.039298,100.679306,0.0
SCS25,2941,1783983227,103.0,5.474427,100.49604,0.0
SCS04,2947,1783983234,116.0,6.255347,100.35655,0.0
SCS11,weekday_2014,1783983281,104.0,2.58499,102.09947,0.0
SCS10,weekday_2004,1783983273,26.0,2.993315,101.78051,0.0
DMU09,52,1783983237,47.0,5.360287,102.10097,0.0
EMU40,2902,1783983237,114.0,5.040938,100.652664,0.0
SCS21,weekday_2107,1783983237,67.0,3.208375,101.62124,0.0
SCS09,weekday_2111,1783983334,115.0,3.387473,101.625694,0.0
SCS13,weekday_2103,1783983289,26.0,3.111813,101.67379,0.0
DMU10(D6120),51,1783983327,25.0,5.392047,102.04878,0.0
SCS04,2947,1783983309,114.0,6.23307,100.36113,0.0
SCS10,weekday_2004,1783983348,80.0,2.994218,101.768005,0.0
SCS38,weekday_2012,1783983347,16.0,2.660343,101.99619,0.0
SCS32,weekday_2115,1783983347,0.0,3.68388,101.518814,0.0
SCS26,2944,1783983341,114.0,5.556867,100.498955,0.0
SCS11,weekday_2014,1783983341,0.0,2.593578,102.094376,0.0
SCS25,2941,1783983338,114.0,5.441987,100.490456,0.0
EMU32,2903,1783983311,115.0,5.03839,100.696686,0.0
DMU09,52,1783983327,50.0,5.35505,102.11149,0.0
SCS07,weekday_2003,1783983335,19.0,3.14264,101.69414,0.0
SCS21,weekday_2107,1783983327,0.0,3.208732,101.62773,0.0
EMU26,2940,1783983324,0.0,6.431402,100.26846,0.0
EMU31,2946,1783983340,0.0,5.393212,100.366455,0.0
EMU23,2904,1783983323,103.0,4.77504,100.92049,0.0
SCS02,weekday_2112,1783983322,75.0,3.046332,101.43865,0.0
EMU29,2901,1783983311,0.0,4.776218,100.93187,0.0
SCS07,weekday_2003,1783983395,0.0,3.140372,101.69405,0.0
SCS10,weekday_2004,1783983393,81.0,2.990805,101.75965,0.0
EMU40,2902,1783983393,113.0,5.044023,100.60645,0.0
SCS32,weekday_2115,1783983392,0.0,3.68388,101.518814,0.0
SCS38,weekday_2012,1783983392,54.0,2.664335,101.992805,0.0
SCS21,weekday_2107,1783983387,15.0,3.208653,101.62799,0.0
SCS11,weekday_2014,1783983386,0.0,2.59358,102.094376,0.0
SCS09,weekday_2111,1783983379,73.0,3.378373,101.61673,0.0
SCS13,weekday_2103,1783983379,33.0,3.102815,101.67194,0.0
SCS26,2944,1783983356,114.0,5.56131,100.498215,0.0
EMU31,2946,1783983355,0.0,5.393212,100.366455,0.0
SCS04,2947,1783983354,116.0,6.219593,100.363884,0.0
EMU26,2940,1783983354,21.0,6.432048,100.268265,0.0
SCS02,weekday_2112,1783983382,38.0,3.044857,101.446526,0.0
DMU10(D6120),51,1783983342,21.0,5.391473,102.04781,0.0
SCS25,2941,1783983406,112.0,5.42426,100.48153,0.0
DMU09,52,1783983402,27.0,5.349305,102.11729,0.0
EMU32,2903,1783983401,109.0,5.025552,100.719894,0.0
EMU29,2901,1783983401,97.0,4.78566,100.93521,0.0
SCS13,weekday_2103,1783983454,3.0,3.099373,101.67097,0.0
SCS10,weekday_2004,1783983453,90.0,2.993028,101.74549,0.0
SCS21,weekday_2107,1783983447,48.0,3.2056,101.634575,0.0
SCS32,weekday_2115,1783983467,19.0,3.681885,101.52124,0.0
SCS09,weekday_2111,1783983439,0.0,3.376548,101.61489,0.0
EMU23,2904,1783983429,105.0,4.773228,100.89365,0.0
SCS07,weekday_2003,1783983425,0.0,3.140372,101.69405,0.0
SCS38,weekday_2012,1783983467,86.0,2.674387,101.982735,0.0
EMU29,2901,1783983416,109.0,4.78971,100.935905,0.0
DMU10(D6120),51,1783983462,37.0,5.386768,102.04145,0.0
DMU09,52,1783983462,45.0,5.34228,102.11804,0.0
EMU32,2903,1783983461,113.0,5.012367,100.73134,0.0
SCS25,2941,1783983447,116.0,5.41352,100.47563,0.0
SCS26,2944,1783983446,116.0,5.58804,100.49385,0.0
EMU26,2940,1783983444,114.0,6.449413,100.26225,0.0
SCS11,weekday_2014,1783983446,0.0,2.59358,102.094376,0.0
EMU31,2946,1783983445,0.0,5.391865,100.368324,0.0
SCS04,2947,1783983444,106.0,6.192723,100.3694,0.0
EMU40,2902,1783983438,116.0,5.045033,100.592926,0.0
SCS02,weekday_2112,1783983427,11.0,3.043233,101.450226,0.0
SCS02,weekday_2112,1783983502,27.0,3.042915,101.45093,0.0
DMU10(D6120),51,1783983477,8.0,5.386255,102.041275,0.0
EMU40,2902,1783983528,113.0,5.033915,100.56884,0.0
SCS09,weekday_2111,1783983514,109.0,3.368137,101.60521,0.0
SCS13,weekday_2103,1783983514,0.0,3.098865,101.670815,0.0
SCS32,weekday_2115,1783983527,30.0,3.678962,101.524376,0.0
EMU29,2901,1783983506,114.0,4.811633,100.95068,0.0
SCS26,2944,1783983506,114.0,5.60587,100.49502,0.0
SCS04,2947,1783983489,42.0,6.185157,100.37365,0.0
SCS07,weekday_2003,1783983515,21.0,3.136267,101.69041,0.0
DMU09,52,1783983477,45.0,5.340373,102.11781,0.0
SCS10,weekday_2004,1783983513,69.0,3.001413,101.73559,0.0
SCS38,weekday_2012,1783983512,77.0,2.680708,101.975586,0.0
SCS21,weekday_2107,1783983507,0.0,3.203172,101.63695,0.0
SCS25,2941,1783983507,114.0,5.395708,100.471375,0.0
EMU23,2904,1783983504,110.0,4.772955,100.87171,0.0
SCS11,weekday_2014,1783983521,55.0,2.595958,102.09296,0.0
EMU31,2946,1783983520,5.0,5.39145,100.369064,0.0
EMU26,2940,1783983519,115.0,6.470963,100.254845,0.0
EMU32,2903,1783983461,113.0,5.012367,100.73134,0.0
SCS38,weekday_2012,1783983587,15.0,2.689595,101.9721,0.0
EMU32,2903,1783983551,108.0,4.986838,100.73377,0.0
SCS13,weekday_2103,1783983574,0.0,3.098865,101.670815,0.0
SCS21,weekday_2107,1783983567,30.0,3.202517,101.637535,0.0
EMU29,2901,1783983566,115.0,4.829772,100.95287,0.0
SCS02,weekday_2112,1783983592,57.0,3.037188,101.455414,0.0
SCS09,weekday_2111,1783983589,95.0,3.36274,101.584564,0.0
DMU09,52,1783983582,14.0,5.330077,102.12131,0.0
EMU22,2900,1783983582,0.0,5.393452,100.36631,0.0
SCS26,2944,1783983581,114.0,5.627443,100.49267,0.0
SCS11,weekday_2014,1783983581,107.0,2.60879,102.085266,0.0
SCS25,2941,1783983581,112.0,5.373777,100.468636,0.0
EMU31,2946,1783983580,11.0,5.38917,100.371475,0.0
EMU26,2940,1783983579,117.0,6.488958,100.25349,0.0
EMU40,2902,1783983573,112.0,5.026335,100.55757,0.0
SCS10,weekday_2004,1783983573,24.0,3.004217,101.731255,0.0
SCS32,weekday_2115,1783983572,40.0,3.67572,101.5275,0.0
SCS07,weekday_2003,1783983560,0.0,3.134523,101.68882,0.0
EMU23,2904,1783983549,81.0,4.777378,100.861244,0.0
SCS04,2947,1783983549,0.0,6.183758,100.37458,0.0
DMU09,52,1783983597,1.0,5.32966,102.12153,0.0
SCS21,weekday_2107,1783983597,46.0,3.199872,101.64007,0.0
SCS13,weekday_2103,1783983619,0.0,3.098865,101.670815,0.0
SCS10,weekday_2004,1783983618,24.0,3.005357,101.72811,0.0
SCS11,weekday_2014,1783983611,108.0,2.615685,102.08061,0.0
EMU23,2904,1783983609,0.0,4.778088,100.85727,0.0
SCS09,weekday_2111,1783983634,96.0,3.361668,101.5736,0.0
SCS02,weekday_2112,1783983607,84.0,3.035375,101.45766,0.0
SCS07,weekday_2003,1783983650,0.0,3.134523,101.68882,0.0
EMU29,2901,1783983611,120.0,4.837657,100.96375,0.0
EMU22,2900,1783983582,0.0,5.393452,100.36631,0.0
EMU32,2903,1783983611,118.0,4.96964,100.72919,0.0
EMU31,2946,1783983610,25.0,5.387932,100.37274,0.0
EMU26,2940,1783983647,0.0,6.50949,100.25442,0.0
SCS26,2944,1783983641,41.0,5.640712,100.48962,0.0
SCS04,2947,1783983639,83.0,6.17512,100.37838,0.0
SCS25,2941,1783983633,39.0,5.363867,100.46743,0.0
EMU40,2902,1783983633,113.0,5.018438,100.54224,0.0
SCS32,weekday_2115,1783983632,115.0,3.664883,101.535,0.0
SCS38,weekday_2012,1783983632,0.0,2.690073,101.971924,0.0
SCS02,weekday_2112,1783983697,0.0,3.035543,101.46987,0.0
EMU26,2940,1783983684,69.0,6.518645,100.256004,0.0
EMU32,2903,1783983693,117.0,4.945763,100.72227,0.0
EMU40,2902,1783983693,64.0,5.025985,100.52871,0.0
SCS10,weekday_2004,1783983693,69.0,3.013378,101.723724,0.0
SCS32,weekday_2115,1783983692,113.0,3.651447,101.54697,0.0
SCS38,weekday_2012,1783983692,63.0,2.693152,101.97071,0.0
DMU10(D6120),51,1783983672,17.0,5.380263,102.0339,0.0
EMU29,2901,1783983686,117.0,4.844098,100.9861,0.0
SCS07,weekday_2003,1783983680,0.0,3.134523,101.68882,0.0
SCS09,weekday_2111,1783983679,106.0,3.350652,101.57211,0.0
SCS21,weekday_2107,1783983672,48.0,3.193182,101.65262,0.0
SCS13,weekday_2103,1783983679,7.0,3.09514,101.66986,0.0
DMU09,52,1783983702,29.0,5.327553,102.12261,0.0
SCS11,weekday_2014,1783983701,111.0,2.632665,102.06076,0.0
SCS26,2944,1783983701,0.0,5.642453,100.4899,0.0
EMU31,2946,1783983700,92.0,5.381498,100.385,0.0
SCS04,2947,1783983699,118.0,6.157825,100.37958,0.0
SCS25,2941,1783983698,44.0,5.35714,100.465256,0.0
SCS11,weekday_2014,1783983746,111.0,2.636295,102.04805,0.0
SCS02,weekday_2112,1783983727,0.0,3.035543,101.46987,0.0
SCS25,2941,1783983766,62.0,5.362828,100.459236,0.0
EMU29,2901,1783983761,116.0,4.84167,101.00861,0.0
SCS07,weekday_2003,1783983755,0.0,3.134523,101.68882,0.0
EMU40,2902,1783983753,0.0,5.02872,100.52722,0.0
SCS38,weekday_2012,1783983752,84.0,2.700695,101.96019,0.0
SCS26,2944,1783983761,82.0,5.647687,100.49082,0.0
SCS32,weekday_2115,1783983752,114.0,3.638318,101.559135,0.0
SCS21,weekday_2107,1783983747,0.0,3.192283,101.6546,0.0
EMU31,2946,1783983745,95.0,5.376225,100.394936,0.0
EMU26,2940,1783983759,0.0,6.523367,100.25679,0.0
SCS04,2947,1783983744,116.0,6.144042,100.38055,0.0
SCS13,weekday_2103,1783983739,40.0,3.093128,101.66938,0.0
SCS09,weekday_2111,1783983739,74.0,3.335325,101.57217,0.0
DMU09,52,1783983732,47.0,5.324605,102.124435,0.0
EMU23,2904,1783983729,120.0,4.775952,100.83319,0.0
DMU10(D6120),51,1783983732,0.0,5.378938,102.03248,0.0
EMU32,2903,1783983723,111.0,4.937023,100.71994,0.0
SCS10,weekday_2004,1783983723,30.0,3.016772,101.72075,0.0
EMU40,2902,1783983813,88.0,5.034792,100.52404,0.0
SCS32,weekday_2115,1783983812,114.0,3.623932,101.5698,0.0
SCS21,weekday_2107,1783983792,75.0,3.18997,101.65939,0.0
SCS38,weekday_2012,1783983812,39.0,2.70868,101.95195,0.0
SCS25,2941,1783983811,51.0,5.365663,100.452324,0.0
SCS04,2947,1783983789,117.0,6.130845,100.37777,0.0
DMU09,52,1783983822,10.0,5.319268,102.13128,0.0
DMU10(D6120),51,1783983822,7.0,5.372962,102.03096,0.0
EMU29,2901,1783983821,120.0,4.831292,101.02307,0.0
EMU26,2940,1783983819,95.0,6.532168,100.25829,0.0
SCS09,weekday_2111,1783983769,50.0,3.330855,101.56917,0.0
SCS13,weekday_2103,1783983814,23.0,3.087455,101.66751,0.0
EMU32,2903,1783983813,104.0,4.911705,100.71774,0.0
SCS10,weekday_2004,1783983813,19.0,3.020693,101.717285,0.0
EMU31,2946,1783983805,89.0,5.369583,100.40844,0.0
SCS02,weekday_2112,1783983802,68.0,3.03959,101.472084,0.0
SCS11,weekday_2014,1783983791,102.0,2.640497,102.03668,0.0
SCS26,2944,1783983776,97.0,5.651217,100.49141,0.0
SCS07,weekday_2003,1783983770,0.0,3.134523,101.68882,0.0
DMU10(D6120),51,1783983852,11.0,5.372087,102.03094,0.0
EMU26,2940,1783983879,116.0,6.549102,100.25981,0.0
SCS02,weekday_2112,1783983847,65.0,3.047125,101.47362,0.0
SCS09,weekday_2111,1783983889,18.0,3.320792,101.57437,0.0
SCS13,weekday_2103,1783983889,0.0,3.086213,101.66394,0.0
SCS10,weekday_2004,1783983873,4.0,3.023718,101.71566,0.0
EMU32,2903,1783983873,54.0,4.898217,100.719215,0.0
DMU09,52,1783983867,9.0,5.31818,102.13271,0.0
EMU40,2902,1783983873,112.0,5.049815,100.516075,0.0
SCS32,weekday_2115,1783983872,99.0,3.612758,101.582596,0.0
SCS04,2947,1783983849,65.0,6.116715,100.37138,0.0
SCS38,weekday_2012,1783983872,20.0,2.712277,101.95,0.0
EMU22,2905,1783983867,0.0,5.393452,100.36631,0.0
SCS21,weekday_2107,1783983867,0.0,3.186868,101.66365,0.0
EMU29,2901,1783983866,112.0,4.82383,101.03415,0.0
EMU23,2904,1783983864,121.0,4.7785,100.79199,0.0
SCS25,2941,1783983841,22.0,5.366133,100.44906,0.0
EMU31,2946,1783983880,26.0,5.364872,100.42058,0.0
SCS09,weekday_2111,1783983919,0.0,3.32011,101.57468,0.0
SCS10,weekday_2004,1783983918,0.0,3.023778,101.71563,0.0
EMU29,2901,1783983911,110.0,4.825568,101.04709,0.0
SCS11,weekday_2014,1783983911,87.0,2.6552,102.01203,0.0
SCS32,weekday_2115,1783983932,96.0,3.601273,101.59236,0.0
EMU26,2940,1783983909,114.0,6.558212,100.259445,0.0
SCS38,weekday_2012,1783983932,18.0,2.714515,101.94692,0.0
SCS25,2941,1783983913,20.0,5.366315,100.447754,0.0
EMU23,2904,1783983894,121.0,4.781252,100.78288,0.0
SCS04,2947,1783983894,0.0,6.1136,100.369934,0.0
EMU32,2903,1783983903,0.0,4.896252,100.71942,0.0
SCS02,weekday_2112,1783983922,67.0,3.052625,101.48441,0.0
EMU40,2902,1783983918,114.0,5.061732,100.509766,0.0
EMU22,2905,1783983912,5.0,5.393433,100.366295,0.0
DMU09,52,1783983912,8.0,5.31753,102.134315,0.0
EMU31,2946,1783983940,7.0,5.36456,100.421394,0.0
SCS13,weekday_2103,1783983934,21.0,3.08529,101.66134,0.0
SCS26,2944,1783983911,115.0,5.689018,100.50358,0.0
SCS21,weekday_2107,1783983927,17.0,3.186732,101.66385,0.0
EMU31,2946,1783983985,74.0,5.362558,100.42675,0.0
SCS38,weekday_2012,1783983947,23.0,2.71503,101.94614,0.0
EMU22,2905,1783984002,13.0,5.39224,100.36792,0.0
EMU40,2902,1783983993,114.0,5.081452,100.49929,0.0
SCS09,weekday_2111,1783983949,0.0,3.32011,101.57468,0.0
SCS02,weekday_2112,1783983982,38.0,3.052442,101.490875,0.0
SCS21,weekday_2107,1783983942,51.0,3.185853,101.66513,0.0
SCS13,weekday_2103,1783984009,0.0,3.083317,101.65592,0.0
SCS32,weekday_2115,1783984007,94.0,3.591025,101.60714,0.0
EMU29,2901,1783984007,40.0,4.819533,101.06978,0.0
EMU23,2904,1783983984,114.0,4.792035,100.75747,0.0
SCS11,weekday_2014,1783983971,40.0,2.657933,102.00201,0.0
SCS04,2947,1783983999,93.0,6.104082,100.3667,0.0
EMU32,2903,1783983993,91.0,4.888165,100.72028,0.0
SCS25,2941,1783983958,74.0,5.366965,100.44212,0.0
SCS10,weekday_2004,1783983993,18.0,3.027333,101.71373,0.0
SCS26,2944,1783983941,113.0,5.696557,100.50848,0.0
EMU26,2940,1783983939,116.0,6.567313,100.259094,0.0
DMU10(D6120),51,1783983987,54.0,5.369717,102.023605,0.0
EMU22,2905,1783984062,17.0,5.390357,100.37033,0.0
DMU09,52,1783984062,0.0,5.316325,102.13699,0.0
SCS21,weekday_2107,1783984047,70.0,3.17347,101.68359,0.0
SCS26,2944,1783984061,115.0,5.731153,100.51061,0.0
SCS10,weekday_2004,1783984053,56.0,3.030995,101.709984,0.0
SCS32,weekday_2115,1783984037,102.0,3.584495,101.61164,0.0
DMU10(D6120),51,1783984002,64.0,5.371935,102.022484,0.0
EMU23,2904,1783984014,119.0,4.797767,100.75018,0.0
SCS11,weekday_2014,1783984031,23.0,2.660272,101.99639,0.0
SCS13,weekday_2103,1783984024,0.0,3.083317,101.65592,0.0
SCS09,weekday_2111,1783984024,30.0,3.317793,101.574844,0.0
SCS04,2947,1783984014,106.0,6.10048,100.36837,0.0
EMU40,2902,1783984023,113.0,5.089465,100.49509,0.0
EMU32,2903,1783984023,108.0,4.880187,100.7216,0.0
EMU31,2946,1783984060,66.0,5.367033,100.44271,0.0
SCS02,weekday_2112,1783984012,0.0,3.052463,101.492325,0.0
SCS25,2941,1783984063,26.0,5.363872,100.42305,0.0
EMU29,2901,1783984052,0.0,4.818792,101.07097,0.0
SCS26,2944,1783984106,114.0,5.743822,100.50573,0.0
SCS11,weekday_2014,1783984106,0.0,2.660985,101.995705,0.0
EMU31,2946,1783984105,5.0,5.366423,100.44736,0.0
SCS09,weekday_2111,1783984084,90.0,3.307478,101.57498,0.0
DMU09,52,1783984062,0.0,5.316325,102.13699,0.0
EMU23,2904,1783984059,113.0,4.808657,100.74188,0.0
DMU10(D6120),51,1783984107,15.0,5.379252,102.0128,0.0
SCS04,2947,1783984089,116.0,6.080585,100.379524,0.0
SCS13,weekday_2103,1783984114,92.0,3.082798,101.64332,0.0
SCS10,weekday_2004,1783984113,84.0,3.043293,101.708046,0.0
EMU32,2903,1783984113,83.0,4.860428,100.73349,0.0
EMU29,2901,1783984112,55.0,4.817855,101.07247,0.0
SCS32,weekday_2115,1783984067,93.0,3.57717,101.61344,0.0
SCS38,weekday_2012,1783984112,0.0,2.718633,101.94087,0.0
SCS25,2941,1783984078,18.0,5.36423,100.42213,0.0
SCS21,weekday_2107,1783984077,46.0,3.1695,101.685745,0.0
EMU22,2905,1783984077,15.0,5.389743,100.37087,0.0
SCS02,weekday_2112,1783984117,40.0,3.052135,101.49911,0.0
EMU26,2940,1783984119,115.0,6.620918,100.26525,0.0
EMU32,2903,1783984143,61.0,4.854912,100.73372,0.0
EMU29,2901,1783984187,120.0,4.804098,101.08533,0.0
SCS25,2941,1783984183,101.0,5.367987,100.41248,0.0
EMU23,2904,1783984183,109.0,4.8413,100.72805,0.0
SCS21,weekday_2107,1783984182,0.0,3.166062,101.69034,0.0
SCS26,2944,1783984181,114.0,5.764368,100.49659,0.0
SCS32,weekday_2115,1783984172,88.0,3.561493,101.63105,0.0
SCS38,weekday_2012,1783984172,0.0,2.718633,101.94087,0.0
SCS04,2947,1783984164,116.0,6.060548,100.39068,0.0
SCS13,weekday_2103,1783984159,56.0,3.0842,101.63446,0.0
SCS09,weekday_2111,1783984159,88.0,3.291078,101.572945,0.0
SCS11,weekday_2014,1783984166,0.0,2.660985,101.995705,0.0
DMU09,52,1783984152,30.0,5.31099,102.14294,0.0
SCS10,weekday_2004,1783984158,86.0,3.052912,101.706795,0.0
EMU22,2905,1783984152,45.0,5.386698,100.374855,0.0
DMU10(D6120),51,1783984152,14.0,5.378307,102.01094,0.0
EMU31,2946,1783984165,5.0,5.366395,100.44754,0.0
EMU40,2902,1783984157,80.0,5.12675,100.48696,0.0
EMU40,2902,1783984247,23.0,5.131233,100.48603,0.0
SCS09,weekday_2111,1783984234,78.0,3.278405,101.56365,0.0
SCS38,weekday_2012,1783984232,0.0,2.718633,101.94087,0.0
SCS11,weekday_2014,1783984241,0.0,2.660985,101.995705,0.0
SCS04,2947,1783984224,116.0,6.044587,100.39973,0.0
SCS13,weekday_2103,1783984219,0.0,3.084682,101.63143,0.0
SCS10,weekday_2004,1783984218,88.0,3.067507,101.70829,0.0
EMU29,2901,1783984217,118.0,4.79712,101.091415,0.0
SCS21,weekday_2107,1783984197,0.0,3.166062,101.69034,0.0
DMU10(D6120),51,1783984197,0.0,5.377055,102.010185,0.0
EMU32,2903,1783984203,0.0,4.85319,100.73241,0.0
SCS02,weekday_2112,1783984192,109.0,3.053857,101.51649,0.0
SCS25,2941,1783984228,92.0,5.372518,100.40179,0.0
EMU23,2904,1783984228,44.0,4.851732,100.730995,0.0
SCS32,weekday_2115,1783984202,77.0,3.55863,101.63712,0.0
EMU22,2905,1783984227,90.0,5.379915,100.38787,0.0
DMU09,52,1783984227,51.0,5.30622,102.15125,0.0
SCS26,2944,1783984211,115.0,5.7727,100.49308,0.0
EMU31,2946,1783984210,53.0,5.36572,100.45205,0.0
EMU26,2940,1783984209,112.0,6.639558,100.284164,0.0
EMU40,2902,1783984277,78.0,5.135647,100.485085,0.0
SCS04,2947,1783984269,111.0,6.033058,100.40623,0.0
EMU29,2901,1783984262,119.0,4.785038,101.09859,0.0
SCS13,weekday_2103,1783984264,71.0,3.085098,101.626595,0.0
EMU32,2903,1783984263,47.0,4.85039,100.72993,0.0
SCS32,weekday_2115,1783984262,1.0,3.552672,101.6395,0.0
SCS11,weekday_2014,1783984301,51.0,2.663617,101.99329,0.0
SCS26,2944,1783984301,116.0,5.797645,100.48241,0.0
EMU31,2946,1783984300,45.0,5.360178,100.46152,0.0
EMU26,2940,1783984299,75.0,6.651163,100.303665,0.0
SCS38,weekday_2012,1783984292,25.0,2.71994,101.93829,0.0
EMU23,2904,1783984288,0.0,4.852988,100.73219,0.0
SCS25,2941,1783984288,73.0,5.378667,100.3902,0.0
EMU22,2905,1783984287,92.0,5.372997,100.40091,0.0
DMU10(D6120),51,1783984287,0.0,5.377143,102.01016,0.0
SCS21,weekday_2107,1783984287,64.0,3.158415,101.69333,0.0
SCS10,weekday_2004,1783984263,38.0,3.075828,101.71068,0.0
DMU09,52,1783984287,16.0,5.307717,102.15653,0.0
SCS02,weekday_2112,1783984282,0.0,3.056592,101.52438,0.0
SCS09,weekday_2111,1783984279,77.0,3.270575,101.55997,0.0
SCS09,weekday_2111,1783984294,78.0,3.267468,101.55928,0.0
EMU26,2940,1783984344,72.0,6.65591,100.310555,0.0
EMU23,2904,1783984348,0.0,4.852988,100.73219,0.0
SCS25,2941,1783984348,42.0,5.383117,100.38178,0.0
EMU22,2905,1783984347,85.0,5.367428,100.41396,0.0
SCS21,weekday_2107,1783984347,0.0,3.154848,101.693275,0.0
DMU10(D6120),51,1783984347,0.0,5.377173,102.01016,0.0
SCS11,weekday_2014,1783984316,59.0,2.66563,101.99222,0.0
EMU31,2946,1783984315,42.0,5.358698,100.46261,0.0
EMU40,2902,1783984352,110.0,5.155903,100.48012,0.0
SCS38,weekday_2012,1783984337,41.0,2.721072,101.93491,0.0
DMU09,52,1783984362,3.0,5.308035,102.15716,0.0
SCS26,2944,1783984361,102.0,5.815017,100.47868,0.0
SCS13,weekday_2103,1783984324,0.0,3.084523,101.62125,0.0
SCS10,weekday_2004,1783984308,0.0,3.076695,101.71153,0.0
EMU32,2903,1783984323,103.0,4.837003,100.72808,0.0
SCS04,2947,1783984359,116.0,6.00908,100.41976,0.0
SCS32,weekday_2115,1783984337,34.0,3.551108,101.639725,0.0
EMU29,2901,1783984337,117.0,4.767453,101.11277,0.0
SCS02,weekday_2112,1783984297,0.0,3.056592,101.52438,0.0
SCS07,weekday_2002,1783984295,0.0,3.134523,101.68882,0.0
SCS38,weekday_2012,1783984412,38.0,2.724113,101.92413,0.0
SCS25,2941,1783984378,39.0,5.38475,100.37872,0.0
EMU26,2940,1783984374,70.0,6.659043,100.31548,0.0
DMU10(D6120),51,1783984377,0.0,5.37708,102.010155,0.0
SCS11,weekday_2014,1783984376,85.0,2.673302,101.983635,0.0
SCS21,weekday_2107,1783984377,0.0,3.154848,101.693275,0.0
DMU09,52,1783984377,22.0,5.308422,102.15776,0.0
SCS02,weekday_2112,1783984417,88.0,3.05857,101.53154,0.0
SCS13,weekday_2103,1783984399,25.0,3.083927,101.61626,0.0
SCS04,2947,1783984404,116.0,5.997098,100.42653,0.0
SCS10,weekday_2004,1783984383,48.0,3.080733,101.715416,0.0
EMU31,2946,1783984393,60.0,5.361908,100.4671,0.0
EMU23,2904,1783984378,0.0,4.852988,100.73219,0.0
SCS26,2944,1783984391,55.0,5.821267,100.47816,0.0
EMU22,2905,1783984377,45.0,5.365418,100.41917,0.0
SCS07,weekday_2002,1783984355,0.0,3.134523,101.68882,0.0
EMU32,2903,1783984429,0.0,4.80967,100.74161,0.0
SCS32,weekday_2115,1783984412,96.0,3.535342,101.63424,0.0
EMU29,2901,1783984412,118.0,4.745852,101.12139,0.0
SCS09,weekday_2111,1783984399,25.0,3.260577,101.55568,0.0
EMU40,2902,1783984397,55.0,5.16688,100.47969,0.0
EMU23,2904,1783984438,0.0,4.852988,100.73219,0.0
EMU40,2902,1783984472,0.0,5.16974,100.47971,0.0
EMU32,2903,1783984413,109.0,4.814267,100.740135,0.0
SCS04,2947,1783984464,106.0,5.981373,100.43542,0.0
SCS02,weekday_2112,1783984462,94.0,3.06152,101.542625,0.0
EMU29,2901,1783984442,121.0,4.736412,101.121796,0.0
SCS38,weekday_2012,1783984427,24.0,2.723562,101.92293,0.0
SCS32,weekday_2115,1783984472,96.0,3.521055,101.628944,0.0
EMU22,2905,1783984452,53.0,5.364008,100.42284,0.0
SCS07,weekday_2002,1783984460,11.0,3.137548,101.69245,0.0
SCS09,weekday_2111,1783984444,0.0,3.258855,101.555046,0.0
SCS13,weekday_2103,1783984444,35.0,3.083428,101.6131,0.0
SCS10,weekday_2004,1783984443,63.0,3.088218,101.71073,0.0
SCS26,2944,1783984466,5.0,5.823873,100.47794,0.0
SCS21,weekday_2107,1783984467,44.0,3.15094,101.6908,0.0
DMU10(D6120),51,1783984467,0.0,5.37708,102.010155,0.0
DMU09,52,1783984437,35.0,5.31213,102.163895,0.0
DMU10(D6120),51,1783984482,0.0,5.37708,102.010155,0.0
EMU22,2905,1783984482,93.0,5.362242,100.42877,0.0
SCS21,weekday_2107,1783984542,24.0,3.145078,101.69249,0.0
SCS04,2947,1783984509,34.0,5.973768,100.439705,0.0
EMU31,2946,1783984541,111.0,5.401883,100.47208,0.0
SCS11,weekday_2014,1783984541,0.0,2.691208,101.9715,0.0
SCS26,2944,1783984526,113.0,5.835577,100.47699,0.0
EMU40,2902,1783984502,46.0,5.171992,100.47955,0.0
SCS25,2941,1783984498,24.0,5.388475,100.372025,0.0
EMU32,2903,1783984498,0.0,4.795955,100.75258,0.0
SCS09,weekday_2111,1783984534,25.0,3.253362,101.55493,0.0
SCS10,weekday_2004,1783984518,13.0,3.092662,101.71026,0.0
SCS32,weekday_2115,1783984517,94.0,3.510693,101.63255,0.0
EMU29,2901,1783984517,121.0,4.71321,101.124,0.0
SCS02,weekday_2112,1783984492,94.0,3.065955,101.54855,0.0
EMU23,2904,1783984483,60.0,4.855063,100.73374,0.0
SCS11,weekday_2014,1783984541,0.0,2.691208,101.9715,0.0
EMU32,2903,1783984588,112.0,4.783103,100.77736,0.0
SCS02,weekday_2112,1783984582,20.0,3.075487,101.55865,0.0
SCS07,weekday_2002,1783984580,5.0,3.140715,101.6939,0.0
EMU23,2904,1783984573,122.0,4.875478,100.723495,0.0
EMU22,2905,1783984572,1.0,5.367015,100.44236,0.0
EMU31,2946,1783984571,105.0,5.410005,100.47426,0.0
SCS04,2947,1783984569,0.0,5.972662,100.44036,0.0
SCS25,2941,1783984543,19.0,5.390635,100.370026,0.0
DMU10(D6120),51,1783984542,0.0,5.37708,102.010155,0.0
SCS13,weekday_2103,1783984564,17.0,3.082888,101.60714,0.0
SCS26,2944,1783984541,111.0,5.840065,100.47684,0.0
SCS10,weekday_2004,1783984563,23.0,3.0952,101.70909,0.0
SCS09,weekday_2111,1783984549,29.0,3.252195,101.555244,0.0
EMU29,2901,1783984547,115.0,4.706442,101.13033,0.0
SCS32,weekday_2115,1783984547,86.0,3.503587,101.63367,0.0
EMU40,2902,1783984532,90.0,5.17799,100.479485,0.0
SCS38,weekday_2012,1783984532,93.0,2.725313,101.90904,0.0
SCS10,weekday_2004,1783984593,29.0,3.096752,101.707275,0.0
SCS09,weekday_2111,1783984669,106.0,3.228273,101.560555,0.0
SCS32,weekday_2115,1783984652,88.0,3.494665,101.63501,0.0
EMU23,2904,1783984648,50.0,4.894312,100.719574,0.0
SCS25,2941,1783984648,0.0,5.392353,100.36754,0.0
EMU22,2905,1783984647,0.0,5.366433,100.44734,0.0
EMU32,2903,1783984618,113.0,4.780522,100.7858,0.0
EMU31,2946,1783984646,116.0,5.428897,100.484505,0.0
SCS26,2944,1783984646,114.0,5.871422,100.47689,0.0
SCS07,weekday_2002,1783984625,21.0,3.143178,101.69375,0.0
SCS11,weekday_2014,1783984646,88.0,2.701838,101.95827,0.0
SCS04,2947,1783984629,106.0,5.964652,100.44488,0.0
SCS02,weekday_2112,1783984627,0.0,3.07567,101.558975,0.0
SCS13,weekday_2103,1783984624,57.0,3.08289,101.59968,0.0
EMU29,2901,1783984622,116.0,4.687553,101.1417,0.0
SCS38,weekday_2012,1783984667,84.0,2.740667,101.88866,0.0
SCS26,2944,1783984706,115.0,5.889458,100.47692,0.0
SCS07,weekday_2002,1783984715,36.0,3.149112,101.690575,0.0
SCS09,weekday_2111,1783984714,105.0,3.21787,101.56741,0.0
SCS11,weekday_2014,1783984676,80.0,2.705933,101.95309,0.0
SCS13,weekday_2103,1783984669,23.0,3.084018,101.59429,0.0
SCS10,weekday_2004,1783984687,20.0,3.09894,101.70444,0.0
SCS02,weekday_2112,1783984687,0.0,3.07567,101.558975,0.0
EMU40,2902,1783984712,112.0,5.227845,100.48972,0.0
SCS32,weekday_2115,1783984667,106.0,3.490883,101.63582,0.0
SCS21,weekday_2107,1783984677,0.0,3.14041,101.694046,0.0
EMU29,2901,1783984667,121.0,4.674502,101.137085,0.0
SCS07,weekday_2002,1783984715,36.0,3.149112,101.690575,0.0
SCS09,weekday_2111,1783984714,105.0,3.21787,101.56741,0.0
EMU40,2902,1783984712,112.0,5.227845,100.48972,0.0
EMU22,2905,1783984812,80.0,5.365017,100.455864,0.0
SCS13,weekday_2103,1783984799,0.0,3.085285,101.588524,0.0
DMU10(D6120),51,1783984797,0.0,5.376988,102.01009,0.0
SCS21,weekday_2107,1783984797,23.0,3.135783,101.68936,0.0
SCS09,weekday_2111,1783984834,23.0,3.206513,101.57902,0.0
SCS25,2941,1783984828,0.0,5.392353,100.36754,0.0
EMU31,2946,1783984826,68.0,5.477868,100.49675,0.0
SCS38,weekday_2012,1783984802,0.0,2.741177,101.872505,0.0
SCS10,weekday_2004,1783984822,41.0,3.110252,101.69035,0.0
SCS11,weekday_2014,1783984796,44.0,2.716167,101.94452,0.0
EMU32,2903,1783984817,106.0,4.778567,100.84236,0.0
SCS02,weekday_2112,1783984837,23.0,3.076813,101.56391,0.0
SCS07,weekday_2002,1783984835,0.0,3.154753,101.69334,0.0
EMU32,2903,1783984877,36.0,4.77831,100.85657,0.0
SCS11,weekday_2014,1783984871,0.0,2.719352,101.93977,0.0
SCS10,weekday_2004,1783984867,19.0,3.112078,101.68792,0.0
EMU31,2946,1783984886,0.0,5.481905,100.49784,0.0
SCS07,weekday_2002,1783984865,20.0,3.156347,101.69374,0.0
EMU29,2901,1783984858,110.0,4.627582,101.10146,0.0
SCS09,weekday_2111,1783984909,13.0,3.206193,101.57978,0.0
SCS13,weekday_2103,1783984904,0.0,3.084977,101.5883,0.0
SCS25,2941,1783984903,0.0,5.392353,100.36754,0.0
SCS04,2947,1783984899,116.0,5.888827,100.477005,0.0
EMU40,2902,1783984892,97.0,5.279732,100.478516,0.0
SCS32,weekday_2115,1783984892,116.0,3.452655,101.639824,0.0
SCS38,weekday_2012,1783984892,87.0,2.744257,101.86151,0.0
EMU22,2905,1783984887,90.0,5.351203,100.46711,0.0
EMU23,2904,1783984873,120.0,4.938187,100.72019,0.0
DMU10(D6120),51,1783984872,5.0,5.376232,102.009766,0.0
SCS21,weekday_2107,1783984872,0.0,3.135567,101.68914,0.0
SCS26,2944,1783984871,114.0,5.936035,100.45995,0.0
SCS02,weekday_2112,1783984867,29.0,3.076395,101.56617,0.0
SCS25,2941,1783984918,0.0,5.392353,100.36754,0.0
EMU22,2905,1783984947,98.0,5.336303,100.47,0.0
SCS11,weekday_2014,1783984946,0.0,2.719352,101.93977,0.0
EMU29,2901,1783984918,87.0,4.614388,101.092285,0.0
EMU31,2946,1783984946,58.0,5.485083,100.49868,0.0
SCS04,2947,1783984929,116.0,5.87967,100.477,0.0
EMU23,2904,1783984918,120.0,4.951933,100.72385,0.0
DMU10(D6120),51,1783984917,13.0,5.374468,102.009155,0.0
SCS21,weekday_2107,1783984917,0.0,3.135567,101.68914,0.0
SCS02,weekday_2112,1783984927,28.0,3.077477,101.57106,0.0
SCS10,weekday_2004,1783984927,25.0,3.112665,101.683716,0.0
EMU32,2903,1783984907,0.0,4.778178,100.85723,0.0
SCS07,weekday_2002,1783984925,43.0,3.162135,101.69206,0.0
SCS09,weekday_2111,1783984924,36.0,3.205672,101.581,0.0
EMU40,2902,1783984922,33.0,5.28506,100.48039,0.0
SCS32,weekday_2115,1783984922,114.0,3.44361,101.638245,0.0
SCS38,weekday_2012,1783984922,94.0,2.746268,101.85437,0.0
EMU23,2904,1783985024,120.0,4.984033,100.73335,0.0
SCS21,weekday_2107,1783985022,0.0,3.135567,101.68914,0.0
EMU22,2905,1783985022,97.0,5.317407,100.47277,0.0
EMU40,2902,1783984997,25.0,5.286865,100.4811,0.0
EMU32,2903,1783984997,80.0,4.777118,100.86281,0.0
EMU31,2946,1783985022,92.0,5.501548,100.50311,0.0
DMU09,52,1783985022,26.0,5.32598,102.19682,0.0
SCS26,2944,1783985021,37.0,5.970752,100.44125,0.0
SCS04,2947,1783985019,116.0,5.852157,100.47693,0.0
SCS10,weekday_2004,1783985017,15.0,3.114093,101.68079,0.0
SCS02,weekday_2112,1783985017,0.0,3.078943,101.57182,0.0
SCS07,weekday_2002,1783985015,0.0,3.166015,101.69033,0.0
SCS09,weekday_2111,1783985014,85.0,3.200943,101.59298,0.0
SCS11,weekday_2014,1783985006,13.0,2.719927,101.938515,0.0
DMU10(D6120),51,1783985007,36.0,5.365188,102.007904,0.0
SCS32,weekday_2115,1783984997,98.0,3.425732,101.62706,0.0
SCS38,weekday_2012,1783984982,80.0,2.750172,101.840485,0.0
SCS13,weekday_2103,1783984979,10.0,3.084812,101.58745,0.0
EMU29,2901,1783985023,27.0,4.607853,101.07719,0.0
SCS02,weekday_2112,1783985077,0.0,3.078943,101.57182,0.0
SCS10,weekday_2004,1783985077,26.0,3.117948,101.67915,0.0
SCS07,weekday_2002,1783985075,13.0,3.167353,101.68846,0.0
SCS13,weekday_2103,1783985054,20.0,3.082777,101.582825,0.0
SCS26,2944,1783985051,0.0,5.971557,100.4408,0.0
EMU23,2904,1783985054,114.0,4.992753,100.734505,0.0
SCS11,weekday_2014,1783985051,40.0,2.72101,101.935295,0.0
SCS09,weekday_2111,1783985074,97.0,3.199523,101.60677,0.0
SCS04,2947,1783985064,115.0,5.838358,100.4769,0.0
SCS21,weekday_2107,1783985037,0.0,3.135567,101.68914,0.0
EMU31,2946,1783985052,107.0,5.509245,100.505196,0.0
EMU32,2903,1783985027,109.0,4.774023,100.86974,0.0
DMU09,52,1783985052,29.0,5.326735,102.1992,0.0
EMU22,2905,1783985052,99.0,5.31037,100.47591,0.0
DMU10(D6120),51,1783985052,49.0,5.360913,102.00778,0.0
SCS38,weekday_2012,1783985042,17.0,2.751947,101.834145,0.0
SCS13,weekday_2103,1783985099,0.0,3.082337,101.58182,0.0
EMU23,2904,1783985099,117.0,5.006423,100.734375,0.0
SCS29,weekday_2119,1783985124,0.0,3.68529,101.51763,0.0
SCS04,2947,1783985124,27.0,5.825733,100.47792,0.0
SCS10,weekday_2004,1783985077,26.0,3.117948,101.67915,0.0
SCS07,weekday_2002,1783985075,13.0,3.167353,101.68846,0.0
SCS09,weekday_2111,1783985149,70.0,3.208293,101.62006,0.0
SCS38,weekday_2012,1783985147,4.0,2.753907,101.82731,0.0
SCS32,weekday_2115,1783985147,114.0,3.385533,101.6239,0.0
SCS11,weekday_2014,1783985141,50.0,2.723712,101.92319,0.0
SCS02,weekday_2112,1783985092,0.0,3.078943,101.57182,0.0
SCS26,2944,1783985126,85.0,5.976247,100.43815,0.0
EMU40,2902,1783985113,117.0,5.309232,100.47643,0.0
EMU31,2946,1783985112,113.0,5.526603,100.506386,0.0
EMU22,2905,1783985112,90.0,5.296773,100.481964,0.0
DMU09,52,1783985112,16.0,5.329917,102.20292,0.0
DMU10(D6120),51,1783985112,53.0,5.352323,102.010155,0.0
SCS11,weekday_2014,1783985156,20.0,2.723272,101.92189,0.0
SCS26,2944,1783985156,115.0,5.983303,100.43417,0.0
EMU32,2903,1783985147,92.0,4.775417,100.90207,0.0
EMU31,2946,1783985187,117.0,5.548553,100.500305,0.0
SCS09,weekday_2111,1783985164,77.0,3.208477,101.62311,0.0
EMU23,2904,1783985144,122.0,5.018277,100.72669,0.0
SCS04,2947,1783985139,4.0,5.825008,100.477974,0.0
DMU10(D6120),51,1783985157,57.0,5.345662,102.0124,0.0
DMU09,52,1783985157,0.0,5.330258,102.20334,0.0
EMU22,2905,1783985157,37.0,5.288475,100.48177,0.0
SCS32,weekday_2115,1783985207,18.0,3.37602,101.61433,0.0
EMU40,2902,1783985158,106.0,5.321285,100.47103,0.0
DMU09,52,1783985232,42.0,5.332803,102.20629,0.0
EMU31,2946,1783985232,114.0,5.56195,100.498116,0.0
DMU10(D6120),51,1783985232,59.0,5.334688,102.01647,0.0
SCS32,weekday_2115,1783985252,4.0,3.375697,101.614,0.0
SCS11,weekday_2014,1783985246,86.0,2.725403,101.91024,0.0
EMU23,2904,1783985219,120.0,5.033933,100.70968,0.0
SCS26,2944,1783985201,114.0,5.995272,100.42743,0.0
EMU32,2903,1783985233,92.0,4.774812,100.92268,0.0
SCS10,weekday_2004,1783985257,20.0,3.125805,101.67852,0.0
SCS38,weekday_2012,1783985222,23.0,2.754472,101.82509,0.0
SCS29,weekday_2119,1783985244,109.0,3.67578,101.5275,0.0
SCS04,2947,1783985244,104.0,5.81558,100.478775,0.0
SCS02,weekday_2112,1783985242,0.0,3.078943,101.57182,0.0
EMU29,2901,1783985248,0.0,4.597898,101.072945,0.0
EMU22,2905,1783985293,95.0,5.271298,100.48008,0.0
EMU23,2904,1783985294,114.0,5.039298,100.68698,0.0
SCS29,weekday_2119,1783985274,115.0,3.668315,101.53265,0.0
EMU40,2902,1783985293,108.0,5.35833,100.46269,0.0
SCS10,weekday_2004,1783985272,18.0,3.12666,101.67892,0.0
EMU31,2946,1783985292,114.0,5.579873,100.49517,0.0
SCS26,2944,1783985291,114.0,6.018838,100.41412,0.0
SCS02,weekday_2112,1783985257,0.0,3.078943,101.57182,0.0
SCS09,weekday_2111,1783985314,30.0,3.206132,101.63401,0.0
DMU10(D6120),51,1783985307,54.0,5.323462,102.01996,0.0
DMU09,52,1783985307,53.0,5.335397,102.21513,0.0
SCS11,weekday_2014,1783985306,88.0,2.731492,101.89854,0.0
SCS04,2947,1783985304,116.0,5.797772,100.48249,0.0
SCS09,weekday_2111,1783985344,34.0,3.204102,101.63602,0.0
SCS32,weekday_2115,1783985387,102.0,3.363137,101.586945,0.0
EMU40,2902,1783985383,7.0,5.366265,100.447754,0.0
SCS07,weekday_2002,1783985383,33.0,3.183925,101.6893,0.0
EMU32,2903,1783985383,77.0,4.780705,100.93518,0.0
SCS38,weekday_2012,1783985372,99.0,2.774263,101.802895,0.0
EMU22,2905,1783985368,89.0,5.253193,100.48413,0.0
DMU10(D6120),51,1783985382,54.0,5.311942,102.02091,0.0
EMU23,2904,1783985354,114.0,5.039158,100.66851,0.0
SCS26,2944,1783985351,114.0,6.034548,100.40523,0.0
SCS02,weekday_2112,1783985332,0.0,3.078943,101.57182,0.0
EMU31,2946,1783985382,116.0,5.606633,100.495186,0.0
SCS04,2947,1783985349,117.0,5.785067,100.48793,0.0
SCS11,weekday_2014,1783985336,81.0,2.737297,101.894745,0.0
SCS11,weekday_2014,1783985411,89.0,2.738735,101.88138,0.0
SCS26,2944,1783985411,112.0,6.050042,100.396484,0.0
SCS38,weekday_2012,1783985432,105.0,2.789903,101.79734,0.0
SCS10,weekday_2004,1783985437,13.0,3.132048,101.683136,0.0
SCS32,weekday_2115,1783985432,97.0,3.362773,101.57536,0.0
SCS29,weekday_2119,1783985379,114.0,3.645578,101.55366,0.0
SCS02,weekday_2112,1783985377,68.0,3.081388,101.57544,0.0
SCS07,weekday_2002,1783985413,48.0,3.187068,101.689804,0.0
DMU10(D6120),51,1783985412,49.0,5.307615,102.02204,0.0
DMU09,52,1783985412,45.0,5.346182,102.22268,0.0
SCS04,2947,1783985409,118.0,5.767857,100.49504,0.0
EMU23,2904,1783985399,118.0,5.040368,100.654686,0.0
EMU22,2905,1783985398,91.0,5.246025,100.48573,0.0
EMU40,2902,1783985398,0.0,5.366292,100.447716,0.0
SCS29,weekday_2119,1783985439,113.0,3.630822,101.56384,0.0
EMU22,2905,1783985488,93.0,5.224153,100.49064,0.0
EMU31,2946,1783985487,98.0,5.636423,100.48915,0.0
SCS26,2944,1783985486,114.0,6.06969,100.385376,0.0
SCS38,weekday_2012,1783985477,57.0,2.800185,101.7978,0.0
EMU32,2903,1783985473,114.0,4.803352,100.94353,0.0
SCS10,weekday_2004,1783985467,0.0,3.13212,101.6832,0.0
SCS07,weekday_2002,1783985443,66.0,3.190835,101.68758,0.0
SCS04,2947,1783985514,115.0,5.737887,100.50815,0.0
SCS11,weekday_2014,1783985501,0.0,2.741548,101.87138,0.0
SCS02,weekday_2112,1783985467,32.0,3.083565,101.584015,0.0
DMU10(D6120),51,1783985487,20.0,5.301063,102.02091,0.0
DMU09,52,1783985487,60.0,5.356837,102.22542,0.0
SCS32,weekday_2115,1783985477,92.0,3.353018,101.571884,0.0
EMU40,2902,1783985473,30.0,5.366448,100.446686,0.0
SCS09,weekday_2111,1783985434,13.0,3.20292,101.63708,0.0
SCS38,weekday_2012,1783985567,2.0,2.801815,101.79931,0.0
SCS09,weekday_2111,1783985554,71.0,3.193132,101.652626,0.0
SCS29,weekday_2119,1783985514,114.0,3.615318,101.579895,0.0
EMU23,2904,1783985560,118.0,5.044197,100.60396,0.0
SCS11,weekday_2014,1783985531,55.0,2.741968,101.86982,0.0
SCS26,2944,1783985501,114.0,6.073625,100.38315,0.0
SCS04,2947,1783985514,115.0,5.737887,100.50815,0.0
SCS32,weekday_2115,1783985552,76.0,3.336297,101.57245,0.0
SCS07,weekday_2002,1783985533,0.0,3.198728,101.68082,0.0
EMU40,2902,1783985533,94.0,5.364812,100.43655,0.0
EMU22,2905,1783985518,93.0,5.216758,100.491844,0.0
DMU10(D6120),51,1783985517,0.0,5.300235,102.02026,0.0
DMU09,52,1783985517,62.0,5.36198,102.22531,0.0
EMU32,2903,1783985503,113.0,4.809592,100.949745,0.0
EMU31,2946,1783985502,69.0,5.639712,100.48944,0.0
SCS38,weekday_2012,1783985612,71.0,2.805502,101.80272,0.0
DMU09,52,1783985592,52.0,5.372468,102.22996,0.0
DMU10(D6120),51,1783985592,5.0,5.299992,102.0201,0.0
SCS26,2944,1783985591,108.0,6.097015,100.37017,0.0
SCS02,weekday_2112,1783985587,31.0,3.084703,101.58942,0.0
SCS09,weekday_2111,1783985614,3.0,3.192183,101.65472,0.0
SCS32,weekday_2115,1783985612,24.0,3.327837,101.56928,0.0
EMU40,2902,1783985593,56.0,5.363653,100.42365,0.0
EMU22,2905,1783985593,95.0,5.199535,100.48444,0.0
EMU31,2946,1783985592,18.0,5.642862,100.49016,0.0
EMU32,2903,1783985563,114.0,4.827387,100.95198,0.0
SCS11,weekday_2014,1783985591,105.0,2.745917,101.85577,0.0
SCS07,weekday_2002,1783985578,0.0,3.198728,101.68082,0.0
SCS04,2947,1783985559,118.0,5.725015,100.51311,0.0
SCS29,weekday_2119,1783985559,109.0,3.605733,101.589,0.0
SCS09,weekday_2111,1783985614,3.0,3.192183,101.65472,0.0
SCS02,weekday_2112,1783985617,44.0,3.084338,101.592766,0.0
EMU22,2905,1783985653,92.0,5.18549,100.479355,0.0
DMU10(D6120),51,1783985652,19.0,5.297533,102.01945,0.0
EMU31,2946,1783985652,85.0,5.653072,100.49173,0.0
DMU09,52,1783985652,40.0,5.378248,102.234024,0.0
EMU40,2902,1783985653,0.0,5.364545,100.42126,0.0
SCS11,weekday_2014,1783985651,87.0,2.750333,101.840034,0.0
SCS26,2944,1783985651,59.0,6.110568,100.36846,0.0
EMU23,2904,1783985620,122.0,5.044123,100.58547,0.0
SCS32,weekday_2115,1783985642,43.0,3.325705,101.57073,0.0
SCS38,weekday_2012,1783985642,83.0,2.810443,101.80729,0.0
SCS04,2947,1783985619,116.0,5.707175,100.511536,0.0
SCS29,weekday_2119,1783985619,98.0,3.597898,101.60211,0.0
SCS10,weekday_2004,1783985617,0.0,3.13212,101.6832,0.0
SCS29,weekday_2119,1783985709,98.0,3.577983,101.61347,0.0
EMU23,2904,1783985740,118.0,5.023588,100.55353,0.0
EMU26,2951,1783985739,18.0,6.662162,100.31947,0.0
SCS32,weekday_2115,1783985732,3.0,3.318837,101.57484,0.0
EMU40,2902,1783985728,93.0,5.368345,100.41142,0.0
SCS02,weekday_2112,1783985722,17.0,3.083073,101.610504,0.0
SCS25,2948,1783985709,0.0,5.392353,100.36754,0.0
SCS04,2947,1783985709,118.0,5.68288,100.49944,0.0
SCS20,weekday_2007,1783985720,0.0,3.238407,101.681244,0.0
SCS10,weekday_2004,1783985707,0.0,3.136838,101.69014,0.0
EMU32,2903,1783985713,111.0,4.845022,100.99134,0.0
SCS38,weekday_2012,1783985732,72.0,2.822172,101.82019,0.0
SCS07,weekday_2002,1783985713,0.0,3.205225,101.67518,0.0
EMU22,2905,1783985713,64.0,5.172023,100.47961,0.0
DMU10(D6120),51,1783985712,26.0,5.293113,102.018486,0.0
DMU09,52,1783985712,28.0,5.384448,102.23273,0.0
SCS09,weekday_2111,1783985749,23.0,3.186508,101.66413,0.0
SCS11,weekday_2014,1783985741,18.0,2.752863,101.83112,0.0
SCS26,2944,1783985741,16.0,6.112842,100.36949,0.0
EMU22,2905,1783985788,20.0,5.169335,100.47953,0.0
DMU09,52,1783985787,10.0,5.388197,102.23195,0.0
DMU10(D6120),51,1783985787,24.0,5.28971,102.01401,0.0
SCS07,weekday_2002,1783985773,62.0,3.208073,101.67291,0.0
EMU40,2902,1783985773,92.0,5.372865,100.401146,0.0
SCS04,2947,1783985769,112.0,5.665693,100.49399,0.0
SCS02,weekday_2112,1783985767,7.0,3.083148,101.61082,0.0
SCS20,weekday_2007,1783985760,36.0,3.236588,101.68126,0.0
SCS38,weekday_2012,1783985792,18.0,2.825987,101.82505,0.0
SCS32,weekday_2115,1783985792,0.0,3.318783,101.57484,0.0
SCS25,2948,1783985784,11.0,5.391362,100.3691,0.0
SCS29,weekday_2119,1783985784,106.0,3.563205,101.626915,0.0
EMU32,2903,1783985773,115.0,4.841747,101.00851,0.0
EMU23,2904,1783985800,120.0,5.019412,100.53608,0.0
EMU26,2951,1783985799,44.0,6.658678,100.314896,0.0
SCS10,weekday_2004,1783985797,13.0,3.139212,101.693565,0.0
SCS09,weekday_2111,1783985794,96.0,3.182708,101.67131,0.0
SCS10,weekday_2004,1783985827,0.0,3.140058,101.693794,0.0
SCS26,2944,1783985861,114.0,6.141643,100.380585,0.0
SCS11,weekday_2014,1783985861,1.0,2.754287,101.82609,0.0
EMU23,2904,1783985860,18.0,5.028682,100.52722,0.0
SCS20,weekday_2007,1783985860,71.0,3.2248,101.67267,0.0
EMU26,2951,1783985859,45.0,6.654672,100.30887,0.0
EMU22,2905,1783985848,100.0,5.15749,100.4799,0.0
SCS38,weekday_2012,1783985837,22.0,2.828498,101.82646,0.0
SCS07,weekday_2002,1783985818,23.0,3.214145,101.67215,0.0
EMU31,2946,1783985818,115.0,5.697015,100.50869,0.0
EMU40,2902,1783985818,88.0,5.377972,100.391495,0.0
DMU09,52,1783985817,15.0,5.38951,102.23198,0.0
SCS04,2947,1783985829,89.0,5.649032,100.49114,0.0
EMU32,2903,1783985803,111.0,4.838205,101.01676,0.0
DMU10(D6120),51,1783985817,26.0,5.289662,102.0118,0.0
SCS29,weekday_2119,1783985829,75.0,3.559115,101.63656,0.0
SCS25,2948,1783985829,24.0,5.389875,100.37075,0.0
SCS02,weekday_2112,1783985827,35.0,3.084507,101.620865,0.0
SCS25,2948,1783985904,34.0,5.386553,100.3752,0.0
SCS26,2944,1783985921,115.0,6.159633,100.37935,0.0
SCS04,2947,1783985904,0.0,5.643692,100.49023,0.0
SCS02,weekday_2112,1783985902,79.0,3.08494,101.62532,0.0
EMU23,2904,1783985920,61.0,5.031345,100.52583,0.0
EMU26,2951,1783985919,108.0,6.649197,100.2988,0.0
SCS32,weekday_2115,1783985912,74.0,3.311092,101.57493,0.0
SCS38,weekday_2012,1783985912,0.0,2.829805,101.82676,0.0
EMU40,2902,1783985908,12.0,5.384542,100.37911,0.0
SCS11,weekday_2014,1783985906,26.0,2.755013,101.82331,0.0
SCS29,weekday_2119,1783985904,0.0,3.553838,101.63944,0.0
SCS10,weekday_2004,1783985902,0.0,3.140058,101.693794,0.0
EMU31,2946,1783985878,114.0,5.71462,100.51333,0.0
SCS07,weekday_2002,1783985893,57.0,3.217133,101.67232,0.0
SCS09,weekday_2111,1783985929,28.0,3.166445,101.68983,0.0
EMU32,2903,1783985863,114.0,4.826327,101.029976,0.0
EMU22,2905,1783985923,90.0,5.139058,100.48447,0.0
SCS20,weekday_2007,1783985880,70.0,3.220982,101.672516,0.0
DMU10(D6120),51,1783985922,12.0,5.290932,102.00645,0.0
EMU40,2902,1783985968,28.0,5.38605,100.3762,0.0
EMU22,2905,1783985968,25.0,5.131267,100.48608,0.0
DMU10(D6120),51,1783985967,15.0,5.28894,102.00539,0.0
SCS20,weekday_2007,1783985960,0.0,3.215078,101.67223,0.0
SCS09,weekday_2111,1783985959,0.0,3.166023,101.6903,0.0
SCS32,weekday_2115,1783985957,89.0,3.300232,101.57476,0.0
EMU32,2903,1783985956,0.0,4.826093,101.0551,0.0
EMU23,2904,1783985965,109.0,5.040855,100.520805,0.0
SCS25,2948,1783985994,95.0,5.378468,100.390625,0.0
SCS29,weekday_2119,1783985994,94.0,3.539707,101.63545,0.0
SCS10,weekday_2004,1783985992,13.0,3.143927,101.693344,0.0
SCS38,weekday_2012,1783985987,13.0,2.83269,101.82732,0.0
SCS11,weekday_2014,1783985981,93.0,2.761978,101.80962,0.0
EMU26,2951,1783985979,114.0,6.639158,100.283615,0.0
SCS02,weekday_2112,1783985977,3.0,3.084665,101.63158,0.0
EMU31,2946,1783985968,115.0,5.74027,100.5071,0.0
SCS07,weekday_2002,1783985938,46.0,3.223702,101.67262,0.0
SCS04,2947,1783985919,4.0,5.643637,100.49023,0.0
EMU22,2905,1783986013,10.0,5.130647,100.486206,0.0
EMU32,2903,1783985995,92.0,4.822827,101.06452,0.0
SCS09,weekday_2111,1783986034,14.0,3.165868,101.69054,0.0
DMU10(D6120),51,1783986012,32.0,5.285652,102.0061,0.0
DMU09,52,1783985997,3.0,5.39147,102.23201,0.0
SCS29,weekday_2119,1783986024,97.0,3.53258,101.63303,0.0
SCS10,weekday_2004,1783986007,18.0,3.144577,101.692665,0.0
SCS02,weekday_2112,1783986007,83.0,3.083953,101.63578,0.0
SCS32,weekday_2115,1783986032,60.0,3.286853,101.569855,0.0
SCS38,weekday_2012,1783986032,18.0,2.835038,101.82773,0.0
EMU23,2904,1783986025,120.0,5.057373,100.512054,0.0
SCS25,2948,1783986024,91.0,5.375058,100.397064,0.0
SCS04,2947,1783986024,118.0,5.620832,100.49548,0.0
EMU40,2902,1783986013,12.0,5.387348,100.3734,0.0
SCS07,weekday_2002,1783986013,24.0,3.23037,101.67425,0.0
EMU31,2946,1783986013,116.0,5.753032,100.502106,0.0
SCS11,weekday_2014,1783986041,103.0,2.775102,101.80261,0.0
SCS26,2944,1783986041,0.0,6.18271,100.37515,0.0
SCS20,weekday_2007,1783986040,48.0,3.206697,101.67406,0.0
EMU26,2951,1783986039,111.0,6.62818,100.26919,0.0
EMU22,2905,1783986103,98.0,5.112787,100.48987,0.0
DMU10(D6120),51,1783986102,53.0,5.274693,102.00815,0.0
SCS20,weekday_2007,1783986100,0.0,3.205327,101.67529,0.0
SCS09,weekday_2111,1783986094,57.0,3.159412,101.69289,0.0
EMU40,2902,1783986088,17.0,5.388898,100.37165,0.0
SCS07,weekday_2002,1783986088,23.0,3.233657,101.6786,0.0
DMU09,52,1783986087,11.0,5.395433,102.2321,0.0
SCS02,weekday_2112,1783986082,0.0,3.082338,101.64608,0.0
SCS26,2944,1783986086,24.0,6.183303,100.37481,0.0
SCS25,2948,1783986084,95.0,5.368677,100.410736,0.0
SCS29,weekday_2119,1783986084,95.0,3.518285,101.62873,0.0
SCS11,weekday_2014,1783986056,102.0,2.778927,101.80127,0.0
EMU32,2903,1783986055,0.0,4.818785,101.07099,0.0
SCS04,2947,1783986084,115.0,5.602895,100.49443,0.0
SCS10,weekday_2004,1783986082,64.0,3.151592,101.690956,0.0
EMU31,2946,1783986058,110.0,5.765117,100.496216,0.0
EMU23,2904,1783986100,121.0,5.078377,100.50094,0.0
EMU26,2951,1783986099,120.0,6.611222,100.26392,0.0
SCS32,weekday_2115,1783986092,65.0,3.278792,101.56418,0.0
SCS38,weekday_2012,1783986092,59.0,2.840578,101.827675,0.0
SCS29,weekday_2119,1783986114,93.0,3.511787,101.63221,0.0
SCS02,weekday_2112,1783986112,0.0,3.082338,101.64608,0.0
SCS10,weekday_2004,1783986127,0.0,3.15476,101.69306,0.0
DMU09,52,1783986102,12.0,5.39614,102.23215,0.0
SCS11,weekday_2014,1783986161,33.0,2.801802,101.799355,0.0
SCS20,weekday_2007,1783986160,43.0,3.203615,101.676735,0.0
EMU26,2951,1783986159,112.0,6.593108,100.2632,0.0
EMU22,2905,1783986163,95.0,5.097633,100.49301,0.0
EMU40,2902,1783986163,19.0,5.392158,100.368,0.0
SCS07,weekday_2002,1783986163,12.0,3.237062,101.68123,0.0
DMU10(D6120),51,1783986162,2.0,5.268407,102.0097,0.0
SCS26,2944,1783986161,117.0,6.199675,100.36782,0.0
SCS09,weekday_2111,1783986154,0.0,3.15489,101.693275,0.0
SCS32,weekday_2115,1783986152,51.0,3.270448,101.55993,0.0
EMU32,2903,1783986145,97.0,4.812693,101.07821,0.0
SCS25,2948,1783986144,30.0,5.364583,100.421295,0.0
SCS38,weekday_2012,1783986152,77.0,2.84979,101.82328,0.0
SCS04,2947,1783986129,116.0,5.589313,100.49377,0.0
EMU23,2904,1783986145,122.0,5.09106,100.49446,0.0
SCS26,2944,1783986221,114.0,6.217492,100.36419,0.0
SCS25,2948,1783986219,34.0,5.363857,100.423164,0.0
SCS04,2947,1783986219,116.0,5.561913,100.498215,0.0
DMU10(D6120),51,1783986177,0.0,5.268385,102.00969,0.0
SCS20,weekday_2007,1783986200,31.0,3.199607,101.68013,0.0
SCS29,weekday_2119,1783986219,0.0,3.500908,101.634125,0.0
SCS38,weekday_2012,1783986212,35.0,2.858298,101.82085,0.0
DMU09,52,1783986192,38.0,5.405182,102.23099,0.0
EMU40,2902,1783986178,18.0,5.39272,100.367256,0.0
SCS07,weekday_2002,1783986178,10.0,3.23752,101.681206,0.0
SCS02,weekday_2112,1783986217,0.0,3.082338,101.64608,0.0
SCS09,weekday_2111,1783986214,5.0,3.154837,101.693214,0.0
SCS11,weekday_2014,1783986221,0.0,2.80265,101.80011,0.0
SCS32,weekday_2115,1783986212,20.0,3.262913,101.55706,0.0
EMU32,2903,1783986205,112.0,4.799825,101.08978,0.0
EMU26,2951,1783986204,118.0,6.579415,100.261826,0.0
SCS10,weekday_2004,1783986202,50.0,3.159572,101.692726,0.0
EMU22,2905,1783986163,95.0,5.097633,100.49301,0.0
EMU26,2951,1783986279,115.0,6.556345,100.259575,0.0
SCS10,weekday_2004,1783986277,0.0,3.166027,101.69028,0.0
SCS29,weekday_2119,1783986279,67.0,3.498493,101.63442,0.0
EMU23,2904,1783986241,110.0,5.11997,100.488335,0.0
SCS25,2948,1783986279,97.0,5.364353,100.43552,0.0
SCS11,weekday_2014,1783986266,0.0,2.80265,101.80011,0.0
SCS02,weekday_2112,1783986277,40.0,3.082237,101.646965,0.0
SCS09,weekday_2111,1783986274,56.0,3.147852,101.69065,0.0
SCS38,weekday_2012,1783986272,18.0,2.86236,101.81969,0.0
EMU22,2905,1783986267,94.0,5.073783,100.50343,0.0
DMU10(D6120),51,1783986267,50.0,5.260782,102.0101,0.0
DMU09,52,1783986267,15.0,5.40898,102.231766,0.0
EMU32,2903,1783986265,115.0,4.784607,101.0988,0.0
SCS26,2944,1783986266,114.0,6.230782,100.36148,0.0
SCS20,weekday_2007,1783986260,18.0,3.198472,101.68111,0.0
SCS32,weekday_2115,1783986272,22.0,3.261013,101.555885,0.0
SCS07,weekday_2002,1783986253,0.0,3.238288,101.68118,0.0
SCS04,2947,1783986279,117.0,5.543915,100.501595,0.0
DMU09,52,1783986327,12.0,5.411537,102.23415,0.0
SCS09,weekday_2111,1783986334,20.0,3.144283,101.69302,0.0
SCS32,weekday_2115,1783986332,0.0,3.257613,101.554726,0.0
SCS38,weekday_2012,1783986332,56.0,2.869722,101.81859,0.0
EMU23,2904,1783986331,0.0,5.130743,100.4861,0.0
SCS07,weekday_2002,1783986313,0.0,3.238355,101.6811,0.0
EMU31,2946,1783986313,0.0,5.824368,100.47792,0.0
DMU10(D6120),51,1783986327,51.0,5.252643,102.01042,0.0
EMU22,2905,1783986327,95.0,5.060417,100.51049,0.0
SCS26,2944,1783986326,112.0,6.248162,100.357925,0.0
SCS02,weekday_2112,1783986337,11.0,3.083272,101.655716,0.0
SCS11,weekday_2014,1783986326,0.0,2.80265,101.80011,0.0
SCS20,weekday_2007,1783986340,51.0,3.190457,101.687965,0.0
SCS04,2947,1783986339,116.0,5.526245,100.50655,0.0
EMU26,2951,1783986324,115.0,6.542755,100.26004,0.0
EMU32,2903,1783986325,115.0,4.771125,101.11021,0.0
SCS29,weekday_2119,1783986339,116.0,3.482983,101.63949,0.0
SCS25,2948,1783986339,29.0,5.366517,100.44652,0.0
SCS10,weekday_2004,1783986337,12.0,3.167015,101.68907,0.0
EMU23,2904,1783986406,91.0,5.137987,100.484634,0.0
SCS26,2944,1783986356,115.0,6.25699,100.35611,0.0
SCS11,weekday_2014,1783986401,84.0,2.809542,101.80655,0.0
SCS20,weekday_2007,1783986400,30.0,3.183943,101.68933,0.0
SCS29,weekday_2119,1783986399,29.0,3.469677,101.63802,0.0
SCS04,2947,1783986399,116.0,5.508392,100.50506,0.0
EMU26,2951,1783986399,46.0,6.524718,100.25702,0.0
SCS07,weekday_2002,1783986343,0.0,3.238372,101.68098,0.0
SCS25,2948,1783986399,0.0,5.366223,100.4485,0.0
SCS09,weekday_2111,1783986394,11.0,3.141478,101.6943,0.0
SCS02,weekday_2112,1783986397,14.0,3.083905,101.65756,0.0
EMU31,2946,1783986373,42.0,5.826003,100.477806,0.0
EMU22,2905,1783986372,89.0,5.05066,100.51564,0.0
DMU09,52,1783986372,36.0,5.414333,102.23719,0.0
DMU10(D6120),51,1783986372,0.0,5.248727,102.00975,0.0
SCS10,weekday_2004,1783986397,17.0,3.16823,101.68667,0.0
SCS32,weekday_2115,1783986392,9.0,3.257252,101.55467,0.0
SCS38,weekday_2012,1783986392,25.0,2.876448,101.81644,0.0
EMU32,2903,1783986385,114.0,4.75515,101.11802,0.0
DMU10(D6120),51,1783986447,48.0,5.244917,102.00911,0.0
EMU23,2904,1783986451,122.0,5.150625,100.48179,0.0
SCS26,2944,1783986446,114.0,6.283558,100.35069,0.0
DMU09,52,1783986432,32.0,5.419685,102.23935,0.0
EMU22,2905,1783986432,85.0,5.038473,100.52209,0.0
SCS11,weekday_2014,1783986461,66.0,2.816765,101.81551,0.0
EMU31,2946,1783986460,97.0,5.844875,100.47686,0.0
EMU26,2951,1783986459,23.0,6.522788,100.25671,0.0
SCS09,weekday_2111,1783986454,0.0,3.140343,101.694,0.0
SCS32,weekday_2115,1783986452,25.0,3.253065,101.55492,0.0
SCS38,weekday_2012,1783986452,41.0,2.88097,101.812935,0.0
SCS07,weekday_2002,1783986433,0.0,3.238372,101.68098,0.0
EMU32,2903,1783986445,115.0,4.737622,101.121735,0.0
SCS20,weekday_2007,1783986460,0.0,3.182672,101.68893,0.0
SCS25,2948,1783986459,38.0,5.365637,100.45252,0.0
SCS29,weekday_2119,1783986459,11.0,3.468757,101.63786,0.0
SCS04,2947,1783986459,109.0,5.490867,100.50037,0.0
SCS02,weekday_2112,1783986457,25.0,3.085405,101.66162,0.0
SCS10,weekday_2004,1783986457,11.0,3.17088,101.685104,0.0
SCS32,weekday_2115,1783986527,81.0,3.245742,101.559425,0.0
SCS38,weekday_2012,1783986527,12.0,2.884997,101.806625,0.0
SCS20,weekday_2007,1783986500,7.0,3.182603,101.688866,0.0
EMU23,2904,1783986526,24.0,5.169338,100.47964,0.0
DMU09,52,1783986522,54.0,5.429108,102.23674,0.0
SCS11,weekday_2014,1783986521,56.0,2.82491,101.82358,0.0
SCS26,2944,1783986521,114.0,6.305692,100.34616,0.0
EMU31,2946,1783986520,117.0,5.862165,100.4769,0.0
EMU26,2951,1783986519,112.0,6.510578,100.25462,0.0
SCS09,weekday_2111,1783986514,22.0,3.13779,101.69272,0.0
SCS07,weekday_2002,1783986478,0.0,3.238372,101.68098,0.0
SCS25,2948,1783986519,37.0,5.36365,100.45846,0.0
DMU10(D6120),51,1783986477,54.0,5.240765,102.00924,0.0
SCS29,weekday_2119,1783986519,98.0,3.458612,101.63882,0.0
EMU22,2905,1783986477,43.0,5.031605,100.52572,0.0
SCS02,weekday_2112,1783986517,0.0,3.086248,101.66374,0.0
SCS10,weekday_2004,1783986487,22.0,3.172247,101.684746,0.0
EMU32,2903,1783986505,117.0,4.719808,101.12243,0.0
SCS04,2947,1783986504,27.0,5.483508,100.49838,0.0
SCS04,2947,1783986564,2.0,5.482793,100.4982,0.0
SCS29,weekday_2119,1783986549,109.0,3.450143,101.63949,0.0
SCS25,2948,1783986564,39.0,5.359822,100.46173,0.0
SCS02,weekday_2112,1783986562,25.0,3.086817,101.66534,0.0
SCS26,2944,1783986521,114.0,6.305692,100.34616,0.0
SCS09,weekday_2111,1783986544,16.0,3.136833,101.69114,0.0
SCS32,weekday_2115,1783986542,76.0,3.24289,101.56051,0.0
SCS38,weekday_2012,1783986587,86.0,2.887177,101.800064,0.0
EMU23,2904,1783986586,0.0,5.16979,100.479614,0.0
SCS11,weekday_2014,1783986581,19.0,2.828307,101.82646,0.0
EMU31,2946,1783986580,115.0,5.880505,100.47694,0.0
DMU10(D6120),51,1783986567,0.0,5.230897,102.01029,0.0
DMU09,52,1783986567,48.0,5.435045,102.236244,0.0
SCS20,weekday_2007,1783986560,24.0,3.179192,101.68742,0.0
EMU32,2903,1783986565,110.0,4.705138,101.131874,0.0
SCS07,weekday_2002,1783986553,0.0,3.238372,101.68098,0.0
EMU26,2951,1783986552,115.0,6.50099,100.25333,0.0
EMU22,2905,1783986552,31.0,5.028023,100.52761,0.0
EMU32,2903,1783986625,112.0,4.690743,101.14143,0.0
SCS04,2947,1783986609,97.0,5.476197,100.496414,0.0
SCS29,weekday_2119,1783986609,89.0,3.4354,101.63474,0.0
SCS32,weekday_2115,1783986647,105.0,3.217657,101.56754,0.0
SCS38,weekday_2012,1783986647,70.0,2.895083,101.78984,0.0
SCS20,weekday_2007,1783986640,23.0,3.173787,101.68491,0.0
SCS07,weekday_2002,1783986613,0.0,3.238372,101.68098,0.0
EMU23,2904,1783986646,99.0,5.179488,100.479454,0.0
EMU26,2951,1783986642,117.0,6.473607,100.254074,0.0
SCS26,2944,1783986641,114.0,6.336492,100.3284,0.0
SCS25,2948,1783986639,32.0,5.359018,100.46678,0.0
SCS10,weekday_2004,1783986625,8.0,3.182708,101.68883,0.0
SCS02,weekday_2112,1783986637,50.0,3.09261,101.66931,0.0
EMU22,2905,1783986627,91.0,5.018562,100.5396,0.0
DMU09,52,1783986627,52.0,5.441733,102.231514,0.0
SCS09,weekday_2111,1783986634,0.0,3.135512,101.68851,0.0
DMU10(D6120),51,1783986627,34.0,5.229338,102.01046,0.0
SCS11,weekday_2014,1783986626,6.0,2.830983,101.826965,0.0
EMU31,2946,1783986625,114.0,5.89409,100.476105,0.0
EMU23,2904,1783986706,121.0,5.196977,100.48299,0.0
SCS09,weekday_2111,1783986694,0.0,3.135512,101.68851,0.0
EMU32,2903,1783986655,114.0,4.681977,101.14097,0.0
SCS38,weekday_2012,1783986707,32.0,2.901847,101.78522,0.0
SCS32,weekday_2115,1783986707,53.0,3.209193,101.5752,0.0
SCS26,2944,1783986671,114.0,6.343725,100.32299,0.0
EMU31,2946,1783986670,116.0,5.906835,100.47118,0.0
SCS10,weekday_2004,1783986670,7.0,3.182982,101.68883,0.0
EMU22,2905,1783986642,92.0,5.01854,100.5433,0.0
DMU10(D6120),51,1783986672,60.0,5.22278,102.01139,0.0
EMU26,2951,1783986702,116.0,6.45618,100.25996,0.0
SCS02,weekday_2112,1783986697,0.0,3.095092,101.66976,0.0
SCS20,weekday_2007,1783986660,19.0,3.172453,101.68478,0.0
SCS04,2947,1783986684,116.0,5.453893,100.49361,0.0
DMU09,52,1783986672,43.0,5.44742,102.23076,0.0
SCS11,weekday_2014,1783986671,0.0,2.831062,101.82698,0.0
SCS29,weekday_2119,1783986684,94.0,3.420145,101.62474,0.0
SCS25,2948,1783986684,91.0,5.366362,100.467674,0.0
SCS07,weekday_2002,1783986658,0.0,3.238372,101.68098,0.0
SCS10,weekday_2004,1783986745,52.0,3.189948,101.68821,0.0
EMU23,2904,1783986736,120.0,5.205387,100.4875,0.0
SCS04,2947,1783986759,117.0,5.4321,100.48669,0.0
EMU31,2946,1783986760,114.0,5.93237,100.461365,0.0
SCS25,2948,1783986759,113.0,5.388322,100.47043,0.0
EMU22,2905,1783986747,95.0,5.032018,100.56593,0.0
SCS38,weekday_2012,1783986737,4.0,2.903698,101.786194,0.0
SCS29,weekday_2119,1783986729,115.0,3.408488,101.62789,0.0
SCS32,weekday_2115,1783986752,27.0,3.20669,101.57843,0.0
SCS11,weekday_2014,1783986701,0.0,2.831062,101.82698,0.0
SCS09,weekday_2111,1783986754,0.0,3.135512,101.68851,0.0
SCS26,2944,1783986746,110.0,6.361707,100.30953,0.0
SCS02,weekday_2112,1783986742,92.0,3.10231,101.671814,0.0
EMU32,2903,1783986740,114.0,4.660548,101.126236,0.0
DMU10(D6120),51,1783986732,38.0,5.215433,102.012535,0.0
SCS07,weekday_2002,1783986703,0.0,3.238372,101.68098,0.0
EMU32,2903,1783986800,110.0,4.646685,101.11555,0.0
SCS26,2944,1783986821,0.0,6.370332,100.303085,0.0
SCS11,weekday_2014,1783986821,48.0,2.838342,101.828285,0.0
EMU31,2946,1783986820,116.0,5.948937,100.45366,0.0
SCS25,2948,1783986819,112.0,5.406012,100.47295,0.0
SCS38,weekday_2012,1783986812,19.0,2.904575,101.78673,0.0
SCS20,weekday_2007,1783986808,0.0,3.166095,101.69037,0.0
SCS07,weekday_2002,1783986823,0.0,3.238372,101.68098,0.0
EMU22,2905,1783986822,98.0,5.04256,100.5818,0.0
DMU10(D6120),51,1783986822,0.0,5.213953,102.012596,0.0
DMU09,52,1783986822,37.0,5.465522,102.22541,0.0
SCS32,weekday_2115,1783986812,0.0,3.205805,101.58082,0.0
SCS29,weekday_2119,1783986789,112.0,3.390565,101.62736,0.0
SCS09,weekday_2111,1783986814,0.0,3.135512,101.68851,0.0
EMU23,2904,1783986811,121.0,5.228125,100.489685,0.0
SCS10,weekday_2004,1783986805,32.0,3.197948,101.68151,0.0
SCS04,2947,1783986804,116.0,5.420637,100.479225,0.0
SCS02,weekday_2112,1783986787,54.0,3.111068,101.67411,0.0
EMU26,2951,1783986852,0.0,6.431337,100.26852,0.0
EMU32,2903,1783986860,113.0,4.632788,101.105415,0.0
DMU10(D6120),51,1783986852,0.0,5.213953,102.012596,0.0
SCS32,weekday_2115,1783986857,19.0,3.205705,101.58136,0.0
SCS38,weekday_2012,1783986857,17.0,2.906157,101.788795,0.0
DMU09,52,1783986882,23.0,5.471682,102.22249,0.0
EMU22,2905,1783986882,93.0,5.044785,100.59648,0.0
SCS26,2944,1783986881,38.0,6.371367,100.302284,0.0
SCS11,weekday_2014,1783986881,75.0,2.848742,101.82363,0.0
EMU31,2946,1783986880,85.0,5.964393,100.4449,0.0
SCS10,weekday_2004,1783986880,36.0,3.199978,101.67974,0.0
SCS20,weekday_2007,1783986848,4.0,3.166008,101.69042,0.0
SCS09,weekday_2111,1783986814,0.0,3.135512,101.68851,0.0
SCS07,weekday_2002,1783986838,0.0,3.238372,101.68098,0.0
SCS04,2947,1783986879,121.0,5.398742,100.47179,0.0
SCS02,weekday_2112,1783986877,53.0,3.11546,101.67234,0.0
SCS29,weekday_2119,1783986864,31.0,3.377023,101.615395,0.0
SCS25,2948,1783986864,115.0,5.418547,100.4778,0.0
EMU23,2904,1783986841,121.0,5.237442,100.4876,0.0
SCS25,2948,1783986924,113.0,5.433772,100.48768,0.0
SCS10,weekday_2004,1783986925,26.0,3.20458,101.67579,0.0
SCS07,weekday_2002,1783986928,0.0,3.238372,101.68098,0.0
DMU10(D6120),51,1783986942,24.0,5.21298,102.0125,0.0
EMU26,2951,1783986927,107.0,6.419315,100.27266,0.0
SCS29,weekday_2119,1783986924,4.0,3.3765,101.61489,0.0
SCS26,2944,1783986941,101.0,6.38123,100.29494,0.0
EMU22,2905,1783986927,97.0,5.043952,100.60767,0.0
SCS20,weekday_2007,1783986888,47.0,3.164008,101.691864,0.0
EMU32,2903,1783986920,100.0,4.619187,101.09498,0.0
SCS04,2947,1783986894,116.0,5.394172,100.47123,0.0
SCS38,weekday_2012,1783986947,78.0,2.910902,101.79535,0.0
SCS32,weekday_2115,1783986947,32.0,3.202685,101.5871,0.0
EMU23,2904,1783986946,122.0,5.270043,100.48032,0.0
SCS11,weekday_2014,1783986941,61.0,2.859718,101.820496,0.0
EMU31,2946,1783986940,0.0,5.971827,100.440704,0.0
DMU09,52,1783986927,0.0,5.472453,102.222115,0.0
SCS02,weekday_2112,1783986937,3.0,3.118037,101.67288,0.0
EMU23,2904,1783986991,80.0,5.282835,100.4795,0.0
SCS20,weekday_2007,1783986988,0.0,3.15481,101.69327,0.0
SCS02,weekday_2112,1783986982,45.0,3.12069,101.67377,0.0
SCS38,weekday_2012,1783986992,75.0,2.919778,101.796364,0.0
SCS29,weekday_2119,1783986984,106.0,3.369147,101.60717,0.0
SCS25,2948,1783986984,114.0,5.450933,100.49278,0.0
EMU32,2903,1783986980,77.0,4.609823,101.08656,0.0
SCS07,weekday_2002,1783987003,0.0,3.238372,101.68098,0.0
EMU22,2905,1783987002,91.0,5.04259,100.626175,0.0
SCS04,2947,1783986999,75.0,5.365263,100.467606,0.0
EMU26,2951,1783987002,114.0,6.398797,100.2819,0.0
DMU10(D6120),51,1783987002,48.0,5.206142,102.01258,0.0
DMU09,52,1783987002,26.0,5.475825,102.22058,0.0
SCS11,weekday_2014,1783987001,24.0,2.864548,101.819214,0.0
SCS26,2944,1783987001,114.0,6.395488,100.28425,0.0
EMU31,2946,1783987000,45.0,5.973568,100.43973,0.0
SCS10,weekday_2004,1783987000,32.0,3.206208,101.67443,0.0
SCS32,weekday_2115,1783986992,88.0,3.20038,101.59519,0.0
EMU22,2905,1783987062,94.0,5.0415,100.64097,0.0
DMU09,52,1783987062,51.0,5.481728,102.21858,0.0
SCS11,weekday_2014,1783987061,59.0,2.871758,101.81798,0.0
SCS10,weekday_2004,1783987060,32.0,3.214228,101.672134,0.0
EMU31,2946,1783987060,97.0,5.984238,100.43368,0.0
SCS04,2947,1783987059,44.0,5.3576,100.466194,0.0
SCS25,2948,1783987044,113.0,5.46836,100.496346,0.0
SCS29,weekday_2119,1783987044,103.0,3.363767,101.59085,0.0
SCS32,weekday_2115,1783987037,96.0,3.199507,101.60582,0.0
SCS02,weekday_2112,1783987042,26.0,3.123895,101.67739,0.0
SCS38,weekday_2012,1783987037,67.0,2.927807,101.79373,0.0
EMU32,2903,1783987040,60.0,4.60772,101.07706,0.0
SCS26,2944,1783987031,114.0,6.402742,100.27887,0.0
EMU23,2904,1783987051,0.0,5.286233,100.48083,0.0
SCS07,weekday_2002,1783987048,0.0,3.238372,101.68098,0.0
SCS20,weekday_2007,1783987048,14.0,3.154563,101.69305,0.0
EMU26,2951,1783987047,119.0,6.388005,100.289986,0.0
DMU10(D6120),51,1783987047,39.0,5.200082,102.013985,0.0
SCS26,2944,1783987106,98.0,6.423467,100.271126,0.0
SCS25,2948,1783987119,5.0,5.482672,100.49811,0.0
SCS04,2947,1783987119,45.0,5.361188,100.46057,0.0
SCS38,weekday_2012,1783987112,45.0,2.937847,101.790276,0.0
SCS29,weekday_2119,1783987104,94.0,3.36286,101.57575,0.0
SCS02,weekday_2112,1783987112,3.0,3.127823,101.6795,0.0
SCS07,weekday_2002,1783987093,0.0,3.238372,101.68098,0.0
EMU26,2951,1783987107,74.0,6.374613,100.29999,0.0
DMU09,52,1783987107,62.0,5.48853,102.217155,0.0
DMU10(D6120),51,1783987107,58.0,5.191655,102.01234,0.0
EMU23,2904,1783987081,44.0,5.28767,100.48143,0.0
EMU32,2903,1783987100,40.0,4.599172,101.07396,0.0
EMU22,2905,1783987077,96.0,5.041552,100.64472,0.0
SCS20,weekday_2007,1783987108,34.0,3.149817,101.690636,0.0
SCS10,weekday_2004,1783987105,0.0,3.215118,101.672165,0.0
SCS32,weekday_2115,1783987097,78.0,3.207448,101.617256,0.0
SCS11,weekday_2014,1783987106,22.0,2.877248,101.816185,0.0
EMU31,2946,1783987120,115.0,5.999345,100.42514,0.0
SCS20,weekday_2007,1783987148,21.0,3.146095,101.691605,0.0
SCS02,weekday_2112,1783987187,20.0,3.128482,101.68003,0.0
SCS26,2944,1783987181,0.0,6.431418,100.26842,0.0
EMU31,2946,1783987180,116.0,6.014987,100.41632,0.0
SCS38,weekday_2012,1783987172,0.0,2.939058,101.788666,0.0
SCS25,2948,1783987164,0.0,5.482927,100.49817,0.0
SCS29,weekday_2119,1783987164,87.0,3.350075,101.572105,0.0
SCS10,weekday_2004,1783987165,53.0,3.219177,101.67238,0.0
EMU26,2951,1783987152,0.0,6.37054,100.303,0.0
SCS04,2947,1783987164,72.0,5.365027,100.45574,0.0
EMU32,2903,1783987190,0.0,4.597817,101.07322,0.0
EMU23,2904,1783987190,120.0,5.3105,100.4758,0.0
SCS32,weekday_2115,1783987172,12.0,3.208632,101.62875,0.0
DMU09,52,1783987182,43.0,5.50053,102.21336,0.0
DMU10(D6120),51,1783987182,57.0,5.181268,102.01103,0.0
SCS11,weekday_2014,1783987181,72.0,2.88393,101.80939,0.0
SCS07,weekday_2002,1783987168,0.0,3.238372,101.68098,0.0
SCS29,weekday_2119,1783987224,77.0,3.336907,101.57262,0.0
EMU23,2904,1783987205,120.0,5.314527,100.474,0.0
SCS02,weekday_2112,1783987217,15.0,3.12997,101.68129,0.0
EMU32,2903,1783987220,0.0,4.597817,101.07322,0.0
SCS38,weekday_2012,1783987232,75.0,2.944065,101.786255,0.0
SCS10,weekday_2004,1783987240,50.0,3.231795,101.67604,0.0
EMU31,2946,1783987240,115.0,6.030898,100.407326,0.0
SCS32,weekday_2115,1783987232,34.0,3.208392,101.62976,0.0
SCS20,weekday_2007,1783987228,19.0,3.141373,101.69423,0.0
SCS07,weekday_2002,1783987228,0.0,3.238372,101.68098,0.0
SCS25,2948,1783987235,114.0,5.495205,100.50146,0.0
DMU09,52,1783987227,48.0,5.5061,102.21098,0.0
SCS26,2944,1783987226,8.0,6.431633,100.26831,0.0
DMU10(D6120),51,1783987227,22.0,5.176827,102.009254,0.0
EMU26,2951,1783987212,0.0,6.37054,100.303,0.0
SCS11,weekday_2014,1783987226,9.0,2.885143,101.80536,0.0
SCS04,2947,1783987209,13.0,5.366167,100.448654,0.0
EMU32,2903,1783987250,0.0,4.597817,101.07322,0.0
SCS26,2944,1783987301,116.0,6.446275,100.263336,0.0
SCS11,weekday_2014,1783987301,83.0,2.888058,101.799095,0.0
SCS10,weekday_2004,1783987300,21.0,3.2352,101.68042,0.0
SCS29,weekday_2119,1783987299,47.0,3.326855,101.56992,0.0
EMU31,2946,1783987292,0.0,6.04461,100.39956,0.0
SCS32,weekday_2115,1783987292,38.0,3.204875,101.63514,0.0
SCS38,weekday_2012,1783987292,64.0,2.955612,101.79219,0.0
SCS25,2948,1783987273,112.0,5.505965,100.50433,0.0
SCS04,2947,1783987299,8.0,5.366203,100.4483,0.0
EMU23,2904,1783987280,121.0,5.337065,100.469955,0.0
SCS02,weekday_2112,1783987277,12.0,3.130627,101.681816,0.0
EMU26,2951,1783987287,108.0,6.35976,100.311066,0.0
EMU22,2905,1783987305,94.0,5.036897,100.70142,0.0
SCS07,weekday_2002,1783987273,0.0,3.238372,101.68098,0.0
DMU09,52,1783987302,54.0,5.516313,102.20877,0.0
SCS20,weekday_2007,1783987288,0.0,3.14027,101.69402,0.0
DMU10(D6120),51,1783987302,0.0,5.173913,102.00992,0.0
SCS26,2944,1783987361,114.0,6.463465,100.25737,0.0
SCS02,weekday_2112,1783987352,0.0,3.132798,101.683716,0.0
EMU31,2946,1783987374,115.0,6.066098,100.38741,0.0
DMU09,52,1783987332,49.0,5.520397,102.207535,0.0
DMU10(D6120),51,1783987332,15.0,5.173422,102.010216,0.0
SCS20,weekday_2007,1783987328,19.0,3.138533,101.69345,0.0
EMU32,2903,1783987370,0.0,4.597817,101.07322,0.0
SCS32,weekday_2115,1783987352,0.0,3.202167,101.63772,0.0
SCS11,weekday_2014,1783987346,77.0,2.894123,101.79163,0.0
SCS38,weekday_2012,1783987367,0.0,2.961922,101.792175,0.0
EMU22,2905,1783987365,95.0,5.029998,100.71469,0.0
EMU26,2951,1783987364,114.0,6.341562,100.324684,0.0
SCS25,2948,1783987345,114.0,5.526905,100.50631,0.0
SCS10,weekday_2004,1783987300,21.0,3.2352,101.68042,0.0
SCS29,weekday_2119,1783987344,39.0,3.32243,101.573204,0.0
SCS04,2947,1783987344,55.0,5.366712,100.44494,0.0
EMU23,2904,1783987340,52.0,5.352298,100.46673,0.0
SCS11,weekday_2014,1783987406,57.0,2.902013,101.78534,0.0
SCS20,weekday_2007,1783987408,20.0,3.135978,101.68927,0.0
DMU09,52,1783987407,10.0,5.526082,102.20483,0.0
SCS25,2948,1783987396,113.0,5.541592,100.50217,0.0
EMU22,2905,1783987395,93.0,5.024995,100.72039,0.0
SCS29,weekday_2119,1783987434,0.0,3.319998,101.5747,0.0
DMU10(D6120),51,1783987407,38.0,5.170098,102.01763,0.0
EMU26,2951,1783987379,118.0,6.337878,100.32742,0.0
EMU23,2904,1783987400,55.0,5.35716,100.46358,0.0
SCS26,2944,1783987391,115.0,6.472015,100.25446,0.0
SCS38,weekday_2012,1783987397,4.0,2.961922,101.792175,0.0
SCS04,2947,1783987389,40.0,5.365488,100.438095,0.0
EMU31,2946,1783987389,117.0,6.070078,100.38517,0.0
SCS32,weekday_2115,1783987397,26.0,3.200995,101.63892,0.0
SCS02,weekday_2112,1783987397,0.0,3.132798,101.683716,0.0
EMU32,2903,1783987370,0.0,4.597817,101.07322,0.0
SCS20,weekday_2007,1783987488,0.0,3.1346,101.68839,0.0
SCS25,2948,1783987486,114.0,5.568027,100.49713,0.0
EMU26,2951,1783987484,118.0,6.311382,100.34507,0.0
DMU09,52,1783987482,14.0,5.528573,102.20369,0.0
SCS26,2944,1783987481,114.0,6.498983,100.25331,0.0
EMU23,2904,1783987475,54.0,5.365807,100.45111,0.0
SCS38,weekday_2012,1783987472,29.0,2.971032,101.790306,0.0
EMU32,2903,1783987430,0.0,4.597817,101.07322,0.0
SCS02,weekday_2112,1783987472,0.0,3.134487,101.68578,0.0
SCS04,2947,1783987464,36.0,5.362212,100.429115,0.0
SCS29,weekday_2119,1783987464,4.0,3.319967,101.57473,0.0
SCS11,weekday_2014,1783987481,0.0,2.904808,101.78691,0.0
SCS32,weekday_2115,1783987472,78.0,3.196245,101.64547,0.0
EMU31,2946,1783987464,113.0,6.089607,100.37443,0.0
EMU22,2905,1783987470,98.0,5.010425,100.73233,0.0
DMU10(D6120),51,1783987452,41.0,5.17224,102.022026,0.0
SCS02,weekday_2112,1783987547,25.0,3.137685,101.69248,0.0
SCS29,weekday_2119,1783987494,52.0,3.317188,101.574905,0.0
SCS04,2947,1783987494,2.0,5.362342,100.427475,0.0
EMU26,2951,1783987544,116.0,6.293372,100.34873,0.0
SCS11,weekday_2014,1783987541,19.0,2.906153,101.78893,0.0
SCS25,2948,1783987523,113.0,5.579258,100.495285,0.0
EMU22,2905,1783987545,96.0,4.9921,100.73443,0.0
EMU23,2904,1783987535,0.0,5.366332,100.447815,0.0
SCS20,weekday_2007,1783987528,0.0,3.1346,101.68839,0.0
SCS38,weekday_2012,1783987532,17.0,2.97467,101.79037,0.0
SCS32,weekday_2115,1783987532,25.0,3.192035,101.654945,0.0
DMU09,52,1783987527,0.0,5.530182,102.20306,0.0
DMU10(D6120),51,1783987527,50.0,5.172812,102.02975,0.0
EMU32,2903,1783987520,0.0,4.597817,101.07322,0.0
SCS26,2944,1783987526,108.0,6.51229,100.2549,0.0
EMU31,2946,1783987494,105.0,6.097072,100.370186,0.0
SCS29,weekday_2119,1783987584,85.0,3.298757,101.57486,0.0
SCS32,weekday_2115,1783987577,0.0,3.191705,101.65563,0.0
SCS20,weekday_2007,1783987608,0.0,3.1346,101.68839,0.0
DMU09,52,1783987602,4.0,5.530235,102.203186,0.0
DMU10(D6120),51,1783987602,27.0,5.169575,102.03676,0.0
EMU32,2903,1783987550,0.0,4.597817,101.07322,0.0
EMU23,2904,1783987595,62.0,5.366917,100.44368,0.0
SCS25,2948,1783987594,113.0,5.600002,100.49374,0.0
EMU22,2905,1783987575,96.0,4.98447,100.73342,0.0
EMU31,2946,1783987584,1.0,6.112657,100.36943,0.0
SCS04,2947,1783987584,0.0,5.364297,100.42187,0.0
SCS11,weekday_2014,1783987601,17.0,2.906808,101.79221,0.0
SCS26,2944,1783987601,0.0,6.523175,100.25676,0.0
SCS02,weekday_2112,1783987592,0.0,3.138932,101.693344,0.0
EMU26,2951,1783987574,119.0,6.284413,100.350586,0.0
SCS29,weekday_2119,1783987659,74.0,3.284543,101.56864,0.0
EMU22,2905,1783987650,99.0,4.96588,100.72789,0.0
SCS20,weekday_2007,1783987648,19.0,3.131625,101.682816,0.0
EMU31,2946,1783987614,0.0,6.112672,100.36944,0.0
SCS04,2947,1783987614,6.0,5.364325,100.42176,0.0
SCS11,weekday_2014,1783987661,77.0,2.913347,101.79615,0.0
SCS38,weekday_2012,1783987665,17.0,2.980517,101.79053,0.0
EMU32,2903,1783987640,0.0,4.597817,101.07322,0.0
DMU09,52,1783987662,7.0,5.530753,102.20274,0.0
SCS26,2944,1783987661,53.0,6.524828,100.25703,0.0
EMU23,2904,1783987655,65.0,5.362423,100.43098,0.0
SCS32,weekday_2115,1783987652,35.0,3.186847,101.66362,0.0
SCS25,2948,1783987669,115.0,5.621737,100.49504,0.0
SCS02,weekday_2112,1783987622,10.0,3.139237,101.69344,0.0
EMU26,2951,1783987664,115.0,6.257482,100.35608,0.0
DMU10(D6120),51,1783987662,28.0,5.164675,102.037285,0.0
SCS11,weekday_2014,1783987706,77.0,2.922485,101.796036,0.0
SCS26,2944,1783987706,112.0,6.535308,100.258835,0.0
EMU31,2946,1783987704,94.0,6.123505,100.37439,0.0
SCS04,2947,1783987689,97.0,5.369707,100.40788,0.0
SCS29,weekday_2119,1783987689,79.0,3.279607,101.56503,0.0
SCS20,weekday_2007,1783987688,19.0,3.129407,101.681046,0.0
EMU23,2904,1783987715,45.0,5.363072,100.42516,0.0
SCS25,2948,1783987714,116.0,5.63434,100.4898,0.0
SCS32,weekday_2115,1783987712,0.0,3.186097,101.66462,0.0
EMU32,2903,1783987700,0.0,4.597817,101.07322,0.0
SCS38,weekday_2012,1783987695,4.0,2.982067,101.79055,0.0
DMU10(D6120),51,1783987692,33.0,5.162002,102.03792,0.0
DMU09,52,1783987692,9.0,5.531665,102.20229,0.0
EMU22,2905,1783987680,97.0,4.958407,100.72558,0.0
SCS02,weekday_2112,1783987712,47.0,3.145988,101.691536,0.0
EMU26,2951,1783987709,110.0,6.244093,100.358826,0.0
SCS38,weekday_2012,1783987740,0.0,2.982115,101.79054,0.0
DMU09,52,1783987782,0.0,5.532393,102.20198,0.0
SCS20,weekday_2007,1783987768,18.0,3.12536,101.678406,0.0
SCS26,2944,1783987721,116.0,6.539777,100.25959,0.0
SCS04,2947,1783987794,86.0,5.38139,100.38499,0.0
SCS29,weekday_2119,1783987764,59.0,3.266898,101.559204,0.0
EMU31,2946,1783987764,118.0,6.139262,100.380615,0.0
EMU32,2903,1783987760,0.0,4.597817,101.07322,0.0
SCS25,2948,1783987774,0.0,5.643727,100.490166,0.0
EMU26,2951,1783987760,115.0,6.229698,100.36176,0.0
EMU23,2904,1783987760,0.0,5.364593,100.42117,0.0
SCS02,weekday_2112,1783987772,4.0,3.153748,101.69227,0.0
SCS32,weekday_2115,1783987772,98.0,3.182547,101.67143,0.0
DMU10(D6120),51,1783987767,30.0,5.155825,102.04191,0.0
SCS11,weekday_2014,1783987751,80.0,2.931122,101.79437,0.0
SCS20,weekday_2007,1783987828,21.0,3.121422,101.678375,0.0
DMU09,52,1783987827,2.0,5.531627,102.20233,0.0
EMU26,2951,1783987805,118.0,6.216103,100.36454,0.0
DMU10(D6120),51,1783987827,2.0,5.152155,102.04371,0.0
SCS04,2947,1783987809,84.0,5.382982,100.382,0.0
EMU31,2946,1783987809,110.0,6.152502,100.379906,0.0
SCS25,2948,1783987849,46.0,5.64548,100.49047,0.0
EMU22,2905,1783987846,91.0,4.917797,100.717026,0.0
SCS38,weekday_2012,1783987845,24.0,2.986663,101.790474,0.0
SCS26,2944,1783987841,114.0,6.575732,100.26051,0.0
SCS11,weekday_2014,1783987841,0.0,2.93983,101.78778,0.0
SCS29,weekday_2119,1783987824,9.0,3.262873,101.55707,0.0
EMU23,2904,1783987835,86.0,5.366855,100.41534,0.0
SCS02,weekday_2112,1783987832,74.0,3.156582,101.69367,0.0
SCS32,weekday_2115,1783987832,47.0,3.174593,101.68237,0.0
SCS20,weekday_2007,1783987908,0.0,3.119302,101.67876,0.0
SCS02,weekday_2112,1783987907,0.0,3.165062,101.69117,0.0
SCS25,2948,1783987894,109.0,5.655293,100.49214,0.0
EMU22,2905,1783987906,85.0,4.903935,100.71852,0.0
SCS32,weekday_2115,1783987892,42.0,3.169887,101.68547,0.0
SCS04,2947,1783987884,7.0,5.38677,100.3746,0.0
SCS38,weekday_2012,1783987905,14.0,2.990802,101.78658,0.0
DMU10(D6120),51,1783987902,28.0,5.150443,102.04418,0.0
EMU31,2946,1783987884,93.0,6.174183,100.3784,0.0
DMU09,52,1783987902,0.0,5.530135,102.20303,0.0
SCS26,2944,1783987901,116.0,6.593583,100.26312,0.0
SCS11,weekday_2014,1783987901,44.0,2.941427,101.78637,0.0
SCS29,weekday_2119,1783987884,9.0,3.25899,101.555084,0.0
EMU26,2951,1783987880,111.0,6.193835,100.36907,0.0
EMU23,2904,1783987880,99.0,5.37118,100.40434,0.0
EMU26,2951,1783987955,0.0,6.182933,100.3751,0.0
SCS11,weekday_2014,1783987946,92.0,2.94934,101.78898,0.0
EMU23,2904,1783987970,83.0,5.381285,100.38523,0.0
SCS20,weekday_2007,1783987968,0.0,3.119302,101.67876,0.0
SCS32,weekday_2115,1783987967,0.0,3.16516,101.69118,0.0
DMU10(D6120),51,1783987962,13.0,5.147472,102.0445,0.0
SCS38,weekday_2012,1783987920,13.0,2.991078,101.785904,0.0
SCS25,2948,1783987949,113.0,5.67165,100.49493,0.0
SCS02,weekday_2112,1783987967,78.0,3.167737,101.68742,0.0
DMU09,52,1783987947,0.0,5.530135,102.20303,0.0
EMU31,2946,1783987944,10.0,6.182737,100.37516,0.0
SCS29,weekday_2119,1783987944,25.0,3.258197,101.554886,0.0
SCS26,2944,1783987916,116.0,6.59816,100.26315,0.0
EMU22,2905,1783987966,0.0,4.896242,100.719376,0.0
SCS04,2947,1783987944,19.0,5.388175,100.3723,0.0
EMU22,2905,1783988026,68.0,4.892425,100.71978,0.0
SCS20,weekday_2007,1783988008,0.0,3.119302,101.67876,0.0
SCS25,2948,1783988024,114.0,5.691515,100.50528,0.0
DMU09,52,1783988022,0.0,5.530115,102.20302,0.0
DMU10(D6120),51,1783988022,1.0,5.143825,102.045456,0.0
SCS26,2944,1783988021,115.0,6.6285,100.26946,0.0
SCS11,weekday_2014,1783988021,12.0,2.962885,101.79187,0.0
EMU31,2946,1783988019,38.0,6.184223,100.374146,0.0
SCS04,2947,1783988019,20.0,5.391685,100.36851,0.0
EMU23,2904,1783988015,59.0,5.385162,100.37791,0.0
SCS38,weekday_2012,1783987980,0.0,2.991723,101.78427,0.0
SCS29,weekday_2119,1783988004,41.0,3.2518,101.55534,0.0
SCS32,weekday_2115,1783988027,33.0,3.164272,101.69167,0.0
EMU26,2951,1783988000,9.0,6.182843,100.37517,0.0
SCS02,weekday_2112,1783988012,80.0,3.174878,101.682,0.0
EMU31,2946,1783988049,74.0,6.18828,100.371475,0.0
SCS08,weekday_2010,1783988062,19.0,3.098942,101.70451,0.0
EMU26,2951,1783988060,101.0,6.173262,100.378494,0.0
SCS02,weekday_2112,1783988057,91.0,3.181122,101.674385,0.0
SCS38,weekday_2012,1783988085,24.0,2.992563,101.78231,0.0
SCS11,weekday_2014,1783988066,0.0,2.963122,101.79176,0.0
EMU23,2904,1783988075,5.0,5.387692,100.37287,0.0
SCS25,2948,1783988074,113.0,5.704835,100.51088,0.0
SCS32,weekday_2115,1783988072,65.0,3.15809,101.693306,0.0
EMU22,2905,1783988086,95.0,4.8782,100.72236,0.0
SCS29,weekday_2119,1783988064,83.0,3.242295,101.5605,0.0
DMU09,52,1783988082,0.0,5.530178,102.20296,0.0
DMU10(D6120),51,1783988082,0.0,5.143792,102.045456,0.0
SCS26,2944,1783988081,114.0,6.639387,100.283844,0.0
SCS20,weekday_2007,1783988068,0.0,3.119233,101.678825,0.0
SCS04,2947,1783988064,0.0,5.392457,100.36748,0.0
SCS25,2948,1783988134,114.0,5.722318,100.51403,0.0
SCS32,weekday_2115,1783988132,0.0,3.153902,101.6925,0.0
SCS38,weekday_2012,1783988130,23.0,2.993777,101.77946,0.0
SCS20,weekday_2007,1783988128,0.0,3.119233,101.678825,0.0
SCS02,weekday_2112,1783988132,0.0,3.186075,101.66458,0.0
DMU10(D6120),51,1783988127,27.0,5.141147,102.04677,0.0
SCS04,2947,1783988109,0.0,5.392457,100.36748,0.0
EMU31,2946,1783988109,110.0,6.202673,100.36723,0.0
EMU22,2905,1783988146,87.0,4.86526,100.728714,0.0
DMU09,52,1783988142,0.0,5.530087,102.20297,0.0
SCS08,weekday_2010,1783988142,50.0,3.103127,101.69929,0.0
SCS11,weekday_2014,1783988141,57.0,2.973433,101.79036,0.0
SCS26,2944,1783988141,80.0,6.6484,100.296364,0.0
EMU26,2951,1783988135,115.0,6.15085,100.380035,0.0
SCS29,weekday_2119,1783988124,86.0,3.228848,101.56039,0.0
EMU23,2904,1783988135,23.0,5.388998,100.37156,0.0
DMU09,52,1783988187,0.0,5.530087,102.20297,0.0
SCS04,2947,1783988169,0.0,5.392457,100.36748,0.0
EMU23,2904,1783988180,24.0,5.391372,100.36917,0.0
EMU26,2951,1783988180,112.0,6.137185,100.38034,0.0
SCS20,weekday_2007,1783988188,0.0,3.119233,101.678825,0.0
EMU31,2946,1783988169,110.0,6.220087,100.36367,0.0
SCS11,weekday_2014,1783988171,18.0,2.976192,101.79042,0.0
SCS25,2948,1783988194,114.0,5.739103,100.507576,0.0
SCS02,weekday_2112,1783988192,87.0,3.18917,101.6603,0.0
DMU10(D6120),51,1783988202,0.0,5.14,102.047195,0.0
SCS08,weekday_2010,1783988202,37.0,3.108862,101.69213,0.0
SCS26,2944,1783988201,5.0,6.651063,100.30351,0.0
SCS32,weekday_2115,1783988192,29.0,3.153125,101.692,0.0
SCS29,weekday_2119,1783988184,84.0,3.217322,101.56784,0.0
EMU22,2905,1783988191,73.0,4.85708,100.734314,0.0
SCS38,weekday_2012,1783988190,86.0,2.995783,101.77113,0.0
EMU23,2904,1783988240,5.0,5.393428,100.36634,0.0
EMU26,2951,1783988240,102.0,6.120642,100.37313,0.0
EMU22,2905,1783988251,0.0,4.853173,100.73233,0.0
SCS26,2944,1783988231,0.0,6.651293,100.303825,0.0
EMU31,2946,1783988229,116.0,6.237588,100.3601,0.0
SCS04,2947,1783988229,0.0,5.392457,100.36748,0.0
SCS25,2948,1783988239,113.0,5.751668,100.50271,0.0
SCS02,weekday_2112,1783988267,0.0,3.191662,101.65569,0.0
SCS38,weekday_2012,1783988265,88.0,2.991078,101.75751,0.0
SCS20,weekday_2007,1783988248,0.0,3.119233,101.678825,0.0
SCS29,weekday_2119,1783988244,46.0,3.209597,101.5749,0.0
SCS08,weekday_2010,1783988242,17.0,3.110723,101.68983,0.0
DMU10(D6120),51,1783988247,5.0,5.140392,102.04701,0.0
DMU09,52,1783988262,0.0,5.530087,102.20297,0.0
SCS32,weekday_2115,1783988252,27.0,3.146257,101.6914,0.0
SCS20,weekday_2007,1783988308,0.0,3.119233,101.678825,0.0
SCS04,2947,1783988304,0.0,5.392457,100.36748,0.0
SCS32,weekday_2115,1783988312,23.0,3.143052,101.69393,0.0
SCS02,weekday_2112,1783988312,0.0,3.191662,101.65569,0.0
EMU22,2905,1783988311,91.0,4.847085,100.72896,0.0
SCS29,weekday_2119,1783988304,1.0,3.206395,101.57954,0.0
SCS38,weekday_2012,1783988310,79.0,2.992453,101.74726,0.0
SCS08,weekday_2010,1783988302,25.0,3.112573,101.686134,0.0
DMU09,52,1783988322,0.0,5.530087,102.20297,0.0
EMU26,2951,1783988300,0.0,6.112743,100.36948,0.0
DMU10(D6120),51,1783988322,5.0,5.142282,102.04624,0.0
SCS26,2944,1783988321,0.0,6.651293,100.303825,0.0
SCS11,weekday_2014,1783988313,13.0,2.982852,101.79059,0.0
EMU31,2946,1783988313,116.0,6.262387,100.35504,0.0
SCS38,weekday_2012,1783988370,48.0,2.997548,101.7393,0.0
SCS08,weekday_2010,1783988362,8.0,3.113123,101.68216,0.0
SCS04,2947,1783988379,0.0,5.392457,100.36748,0.0
SCS29,weekday_2119,1783988379,28.0,3.206073,101.580124,0.0
SCS26,2944,1783988381,57.0,6.65298,100.30629,0.0
EMU26,2951,1783988375,71.0,6.108693,100.367714,0.0
SCS11,weekday_2014,1783988373,0.0,2.983353,101.79039,0.0
EMU31,2946,1783988373,116.0,6.280415,100.35135,0.0
SCS32,weekday_2115,1783988372,10.0,3.139367,101.69362,0.0
SCS02,weekday_2112,1783988357,74.0,3.192813,101.652916,0.0
DMU09,52,1783988382,0.0,5.530023,102.20305,0.0
DMU10(D6120),51,1783988382,2.0,5.14371,102.045525,0.0
EMU22,2905,1783988356,94.0,4.8362,100.72839,0.0
SCS20,weekday_2007,1783988368,0.0,3.119233,101.678825,0.0
DMU10(D6120),51,1783988442,0.0,5.143733,102.04551,0.0
SCS08,weekday_2010,1783988442,26.0,3.114035,101.68084,0.0
SCS26,2944,1783988441,48.0,6.658922,100.315254,0.0
EMU22,2905,1783988431,95.0,4.820657,100.7387,0.0
DMU09,52,1783988427,0.0,5.530037,102.20305,0.0
SCS02,weekday_2112,1783988417,35.0,3.197132,101.64321,0.0
SCS04,2947,1783988439,0.0,5.392457,100.36748,0.0
SCS29,weekday_2119,1783988439,67.0,3.202772,101.58702,0.0
EMU26,2951,1783988435,118.0,6.09432,100.37181,0.0
SCS32,weekday_2115,1783988432,0.0,3.13909,101.69352,0.0
SCS11,weekday_2014,1783988418,15.0,2.984763,101.7902,0.0
SCS38,weekday_2012,1783988430,25.0,3.002263,101.7347,0.0
EMU31,2946,1783988433,116.0,6.29823,100.34772,0.0
SCS20,weekday_2007,1783988428,0.0,3.119233,101.678825,0.0
SCS38,weekday_2012,1783988490,34.0,3.004423,101.730415,0.0
SCS25,2948,1783988509,38.0,5.823613,100.47803,0.0
DMU09,52,1783988502,0.0,5.530037,102.20305,0.0
SCS08,weekday_2010,1783988502,5.0,3.117895,101.67905,0.0
DMU10(D6120),51,1783988502,0.0,5.143733,102.04551,0.0
SCS32,weekday_2115,1783988477,20.0,3.13742,101.692245,0.0
SCS26,2944,1783988501,0.0,6.661995,100.31904,0.0
SCS02,weekday_2112,1783988492,9.0,3.201775,101.63801,0.0
SCS29,weekday_2119,1783988499,74.0,3.20095,101.59881,0.0
SCS04,2947,1783988499,0.0,5.392457,100.36748,0.0
EMU22,2905,1783988461,86.0,4.813618,100.74029,0.0
SCS11,weekday_2014,1783988493,0.0,2.987735,101.79047,0.0
EMU26,2951,1783988480,119.0,6.082152,100.3787,0.0
EMU31,2946,1783988493,117.0,6.315968,100.34348,0.0
SCS20,weekday_2007,1783988468,0.0,3.119233,101.678825,0.0
EMU26,2951,1783988555,113.0,6.062263,100.38966,0.0
SCS04,2947,1783988574,0.0,5.392457,100.36748,0.0
EMU31,2946,1783988553,114.0,6.3305,100.33287,0.0
SCS38,weekday_2012,1783988565,72.0,3.01273,101.72406,0.0
SCS02,weekday_2112,1783988552,0.0,3.202177,101.6376,0.0
SCS20,weekday_2007,1783988548,0.0,3.119233,101.678825,0.0
DMU09,52,1783988547,0.0,5.530037,102.20305,0.0
DMU10(D6120),51,1783988547,0.0,5.143697,102.0456,0.0
SCS25,2948,1783988539,0.0,5.825033,100.47789,0.0
SCS11,weekday_2014,1783988538,0.0,2.987735,101.79047,0.0
SCS26,2944,1783988501,0.0,6.661995,100.31904,0.0
SCS29,weekday_2119,1783988559,78.0,3.20094,101.61066,0.0
SCS08,weekday_2010,1783988562,8.0,3.118323,101.67905,0.0
SCS32,weekday_2115,1783988552,0.0,3.135835,101.68854,0.0
SCS38,weekday_2012,1783988610,17.0,3.016127,101.721504,0.0
EMU22,2905,1783988594,91.0,4.790352,100.75967,0.0
DMU10(D6120),51,1783988592,0.0,5.143697,102.0456,0.0
DMU09,52,1783988592,0.0,5.530037,102.20305,0.0
SCS25,2948,1783988614,94.0,5.831232,100.47738,0.0
SCS11,weekday_2014,1783988613,7.0,2.987095,101.79061,0.0
EMU31,2946,1783988613,114.0,6.345083,100.32197,0.0
SCS32,weekday_2115,1783988612,0.0,3.135835,101.68854,0.0
SCS08,weekday_2010,1783988602,16.0,3.120657,101.67859,0.0
SCS02,weekday_2112,1783988597,0.0,3.202177,101.6376,0.0
SCS29,weekday_2119,1783988619,69.0,3.208285,101.61986,0.0
SCS20,weekday_2007,1783988608,0.0,3.119233,101.678825,0.0
EMU26,2951,1783988628,0.0,6.042593,100.40076,0.0
SCS04,2947,1783988619,0.0,5.392457,100.36748,0.0
SCS11,weekday_2014,1783988673,13.0,2.984677,101.79065,0.0
SCS20,weekday_2007,1783988648,3.0,3.119337,101.67889,0.0
SCS32,weekday_2115,1783988687,0.0,3.135835,101.68854,0.0
SCS02,weekday_2112,1783988672,0.0,3.202177,101.6376,0.0
DMU09,52,1783988652,0.0,5.530098,102.20298,0.0
SCS08,weekday_2010,1783988662,20.0,3.124615,101.67817,0.0
SCS38,weekday_2012,1783988685,0.0,3.016938,101.720505,0.0
DMU10(D6120),51,1783988682,0.0,5.143697,102.04551,0.0
SCS04,2947,1783988679,0.0,5.392457,100.36748,0.0
SCS29,weekday_2119,1783988679,0.0,3.208747,101.62775,0.0
EMU26,2951,1783988667,112.0,6.033062,100.40617,0.0
EMU22,2905,1783988654,89.0,4.784253,100.7736,0.0
EMU31,2946,1783988679,110.0,6.361065,100.310005,0.0
SCS25,2948,1783988674,112.0,5.848642,100.47686,0.0
SCS02,weekday_2112,1783988732,0.0,3.202177,101.6376,0.0
EMU22,2905,1783988744,86.0,4.777923,100.7945,0.0
EMU26,2951,1783988742,117.0,6.013162,100.417404,0.0
DMU09,52,1783988742,7.0,5.531427,102.20235,0.0
EMU31,2946,1783988739,21.0,6.37032,100.30311,0.0
SCS04,2947,1783988739,0.0,5.392457,100.36748,0.0
SCS08,weekday_2010,1783988702,16.0,3.126642,101.67897,0.0
SCS32,weekday_2115,1783988687,0.0,3.135835,101.68854,0.0
SCS29,weekday_2119,1783988739,0.0,3.208747,101.62775,0.0
SCS38,weekday_2012,1783988736,15.0,3.017873,101.719376,0.0
SCS25,2948,1783988734,114.0,5.866653,100.47689,0.0
SCS11,weekday_2014,1783988733,0.0,2.984535,101.79064,0.0
DMU10(D6120),51,1783988727,0.0,5.143602,102.04554,0.0
SCS38,weekday_2012,1783988796,16.0,3.020662,101.7173,0.0
SCS25,2948,1783988794,114.0,5.884573,100.47693,0.0
DMU09,52,1783988802,25.0,5.533877,102.20115,0.0
EMU22,2905,1783988789,0.0,4.776653,100.79912,0.0
SCS02,weekday_2112,1783988807,0.0,3.202177,101.6376,0.0
SCS29,weekday_2119,1783988799,31.0,3.2086,101.62931,0.0
SCS04,2947,1783988799,0.0,5.392457,100.36748,0.0
DMU10(D6120),51,1783988802,0.0,5.143602,102.04554,0.0
SCS08,weekday_2010,1783988802,0.0,3.130567,101.68194,0.0
EMU26,2951,1783988787,115.0,6.001448,100.42403,0.0
SCS11,weekday_2014,1783988778,0.0,2.984535,101.79064,0.0
SCS20,weekday_2007,1783988748,25.0,3.1241,101.678055,0.0
EMU31,2946,1783988799,43.0,6.371853,100.30194,0.0
SCS04,2947,1783988859,0.0,5.392457,100.36748,0.0
EMU31,2946,1783988859,100.0,6.38192,100.29443,0.0
SCS29,weekday_2119,1783988859,44.0,3.204853,101.635216,0.0
SCS38,weekday_2012,1783988856,0.0,3.022713,101.71626,0.0
SCS11,weekday_2014,1783988853,0.0,2.984535,101.79064,0.0
EMU22,2905,1783988849,0.0,4.776653,100.79912,0.0
DMU10(D6120),51,1783988847,0.0,5.143602,102.04554,0.0
SCS25,2948,1783988854,114.0,5.901885,100.47311,0.0
SCS20,weekday_2007,1783988848,0.0,3.128803,101.68046,0.0
SCS02,weekday_2112,1783988837,26.0,3.202783,101.63698,0.0
DMU09,52,1783988832,37.0,5.536408,102.200066,0.0
EMU26,2951,1783988832,115.0,5.989387,100.43083,0.0
SCS08,weekday_2010,1783988822,0.0,3.130567,101.68194,0.0
DMU09,52,1783988922,85.0,5.551323,102.19524,0.0
SCS29,weekday_2119,1783988919,0.0,3.203163,101.636894,0.0
SCS38,weekday_2012,1783988916,0.0,3.022713,101.71626,0.0
SCS25,2948,1783988914,114.0,5.918693,100.46664,0.0
DMU10(D6120),51,1783988907,0.0,5.143602,102.04554,0.0
SCS08,weekday_2010,1783988902,0.0,3.13256,101.68381,0.0
SCS02,weekday_2112,1783988897,41.0,3.207222,101.632645,0.0
EMU26,2951,1783988892,75.0,5.975663,100.43859,0.0
EMU22,2905,1783988864,0.0,4.776653,100.79912,0.0
SCS20,weekday_2007,1783988868,0.0,3.128803,101.68046,0.0
SCS11,weekday_2014,1783988913,0.0,2.984535,101.79064,0.0
EMU31,2946,1783988904,117.0,6.392387,100.28663,0.0
SCS04,2947,1783988904,0.0,5.392457,100.36748,0.0
SCS25,2948,1783988929,113.0,5.922872,100.46502,0.0
SCS38,weekday_2012,1783988961,0.0,3.022713,101.71626,0.0
SCS11,weekday_2014,1783988943,0.0,2.984535,101.79064,0.0
EMU22,2905,1783988984,85.0,4.779155,100.852005,0.0
SCS02,weekday_2112,1783988984,0.0,3.208493,101.62903,0.0
SCS08,weekday_2010,1783988982,0.0,3.13256,101.68381,0.0
DMU10(D6120),51,1783988967,0.0,5.143602,102.04554,0.0
SCS20,weekday_2007,1783988948,19.0,3.130733,101.68199,0.0
SCS04,2947,1783988964,0.0,5.392457,100.36748,0.0
SCS29,weekday_2119,1783988964,4.0,3.20312,101.63692,0.0
DMU09,52,1783988952,90.0,5.557785,102.19276,0.0
EMU26,2951,1783988952,0.0,5.971882,100.44076,0.0
EMU31,2946,1783988949,117.0,6.403392,100.278465,0.0
DMU10(D6120),51,1783989027,0.0,5.143602,102.04554,0.0
EMU22,2905,1783989014,28.0,4.778257,100.85675,0.0
SCS29,weekday_2119,1783989024,53.0,3.198577,101.64125,0.0
SCS04,2947,1783989024,0.0,5.392457,100.36748,0.0
EMU26,2951,1783989012,89.0,5.96556,100.444275,0.0
SCS38,weekday_2012,1783989051,12.0,3.024783,101.71515,0.0
SCS25,2948,1783989049,114.0,5.955362,100.45002,0.0
SCS11,weekday_2014,1783989048,0.0,2.984535,101.79064,0.0
SCS02,weekday_2112,1783988999,5.0,3.20855,101.628944,0.0
SCS08,weekday_2010,1783989002,0.0,3.13256,101.68381,0.0
EMU31,2946,1783989009,108.0,6.420143,100.27238,0.0
SCS20,weekday_2007,1783988988,15.0,3.132392,101.68336,0.0
DMU09,52,1783989087,63.0,5.585872,102.182945,0.0
SCS11,weekday_2014,1783989093,0.0,2.984535,101.79064,0.0
SCS02,weekday_2112,1783989104,89.0,3.202115,101.61212,0.0
EMU22,2905,1783989104,96.0,4.77643,100.86491,0.0
DMU10(D6120),51,1783989102,0.0,5.143602,102.04554,0.0
EMU26,2951,1783989057,117.0,5.954675,100.45045,0.0
SCS08,weekday_2010,1783989102,0.0,3.13256,101.68381,0.0
SCS04,2947,1783989099,0.0,5.392457,100.36748,0.0
SCS38,weekday_2012,1783989096,15.0,3.026593,101.71414,0.0
EMU31,2946,1783989069,24.0,6.430963,100.26865,0.0
SCS29,weekday_2119,1783989069,74.0,3.194412,101.649635,0.0
SCS20,weekday_2007,1783989068,0.0,3.132542,101.68344,0.0
SCS25,2948,1783989094,87.0,5.966228,100.44387,0.0
SCS04,2947,1783989159,0.0,5.392457,100.36748,0.0
SCS29,weekday_2119,1783989159,15.0,3.192082,101.654785,0.0
SCS38,weekday_2012,1783989156,73.0,3.031772,101.70928,0.0
SCS25,2948,1783989154,0.0,5.972668,100.44024,0.0
EMU26,2951,1783989102,117.0,5.942658,100.457245,0.0
SCS08,weekday_2010,1783989162,0.0,3.13256,101.68381,0.0
EMU31,2946,1783989159,57.0,6.43463,100.26739,0.0
DMU09,52,1783989147,0.0,5.589333,102.179405,0.0
SCS11,weekday_2014,1783989153,0.0,2.984535,101.79064,0.0
EMU22,2905,1783989134,97.0,4.773005,100.87176,0.0
SCS02,weekday_2112,1783989134,96.0,3.199512,101.605545,0.0
SCS20,weekday_2007,1783989128,0.0,3.132542,101.68344,0.0
DMU10(D6120),51,1783989132,0.0,5.143602,102.04554,0.0
DMU09,52,1783989222,31.0,5.591035,102.17774,0.0
EMU31,2946,1783989219,103.0,6.447587,100.26292,0.0
SCS11,weekday_2014,1783989183,0.0,2.984535,101.79064,0.0
EMU26,2951,1783989192,116.0,5.917148,100.46728,0.0
DMU10(D6120),51,1783989177,0.0,5.143675,102.04547,0.0
SCS02,weekday_2112,1783989164,86.0,3.200832,101.59852,0.0
SCS29,weekday_2119,1783989174,50.0,3.191287,101.65655,0.0
SCS25,2948,1783989214,54.0,5.975005,100.43893,0.0
SCS08,weekday_2010,1783989202,0.0,3.13256,101.68381,0.0
SCS20,weekday_2007,1783989188,0.0,3.132542,101.68344,0.0
SCS38,weekday_2012,1783989216,73.0,3.043472,101.70804,0.0
EMU22,2905,1783989269,92.0,4.776822,100.9041,0.0
SCS20,weekday_2007,1783989268,0.0,3.132542,101.68344,0.0
DMU10(D6120),51,1783989267,0.0,5.143675,102.04547,0.0
SCS04,2952,1783989234,0.0,5.392457,100.36748,0.0
SCS29,weekday_2119,1783989234,13.0,3.187108,101.66333,0.0
DMU09,52,1783989267,49.0,5.59626,102.176186,0.0
EMU31,2946,1783989264,116.0,6.460157,100.25858,0.0
SCS02,weekday_2112,1783989254,32.0,3.20317,101.586006,0.0
SCS38,weekday_2012,1783989231,71.0,3.04621,101.70702,0.0
EMU26,2951,1783989252,119.0,5.899927,100.47391,0.0
SCS25,2948,1783989244,96.0,5.980393,100.43588,0.0
SCS08,weekday_2010,1783989242,0.0,3.13256,101.68381,0.0
SCS29,weekday_2119,1783989339,48.0,3.185677,101.66528,0.0
EMU31,2946,1783989339,115.0,6.482217,100.25362,0.0
SCS04,2952,1783989339,9.0,5.392155,100.36788,0.0
SCS25,2948,1783989334,114.0,6.00368,100.42271,0.0
SCS11,weekday_2014,1783989333,0.0,2.984535,101.79064,0.0
EMU22,2905,1783989314,100.0,4.77571,100.91528,0.0
SCS20,weekday_2007,1783989308,0.0,3.132542,101.68344,0.0
SCS38,weekday_2012,1783989306,73.0,3.061407,101.70754,0.0
SCS02,weekday_2112,1783989299,32.0,3.205332,101.5823,0.0
DMU09,52,1783989297,35.0,5.599868,102.17562,0.0
DMU10(D6120),51,1783989312,0.0,5.143675,102.04547,0.0
EMU26,2951,1783989312,117.0,5.881922,100.47697,0.0
DMU10(D6120),51,1783989387,0.0,5.143592,102.04549,0.0
SCS25,2948,1783989364,114.0,6.0115,100.41829,0.0
SCS08,weekday_2010,1783989382,0.0,3.136045,101.68923,0.0
SCS02,weekday_2112,1783989359,0.0,3.205805,101.58102,0.0
DMU09,52,1783989357,22.0,5.602747,102.17413,0.0
EMU26,2951,1783989342,119.0,5.872728,100.47694,0.0
SCS20,weekday_2007,1783989368,0.0,3.132542,101.68344,0.0
SCS04,2952,1783989399,9.0,5.39099,100.36969,0.0
EMU31,2946,1783989399,116.0,6.500405,100.25331,0.0
SCS29,weekday_2119,1783989399,78.0,3.180197,101.67597,0.0
SCS38,weekday_2012,1783989396,23.0,3.075255,101.71023,0.0
SCS11,weekday_2014,1783989393,0.0,2.984535,101.79064,0.0
DMU10(D6120),51,1783989432,0.0,5.14352,102.04557,0.0
SCS11,weekday_2014,1783989423,0.0,2.984535,101.79064,0.0
EMU26,2951,1783989417,117.0,5.85005,100.476906,0.0
SCS38,weekday_2012,1783989456,0.0,3.075807,101.710655,0.0
SCS02,weekday_2112,1783989464,31.0,3.206802,101.5779,0.0
DMU09,52,1783989432,69.0,5.60991,102.16835,0.0
EMU22,2905,1783989433,0.0,4.776207,100.93177,0.0
SCS08,weekday_2010,1783989422,0.0,3.136013,101.68937,0.0
EMU31,2946,1783989429,113.0,6.509447,100.2544,0.0
SCS29,weekday_2119,1783989429,70.0,3.176508,101.680466,0.0
SCS04,2952,1783989429,16.0,5.38998,100.37064,0.0
SCS20,weekday_2007,1783989428,0.0,3.132542,101.68344,0.0
SCS25,2948,1783989514,104.0,6.050012,100.396545,0.0
SCS11,weekday_2014,1783989513,0.0,2.984535,101.79064,0.0
SCS04,2952,1783989504,42.0,5.386725,100.374725,0.0
EMU31,2946,1783989512,0.0,6.523442,100.2568,0.0
SCS20,weekday_2007,1783989468,0.0,3.132542,101.68344,0.0
EMU26,2951,1783989483,95.0,5.830893,100.47746,0.0
EMU22,2905,1783989463,52.0,4.77713,100.93347,0.0
DMU10(D6120),51,1783989462,0.0,5.14352,102.04557,0.0
SCS08,weekday_2010,1783989462,4.0,3.136118,101.68953,0.0
SCS02,weekday_2112,1783989479,39.0,3.207513,101.57645,0.0
DMU09,52,1783989477,92.0,5.619452,102.16591,0.0
SCS38,weekday_2012,1783989516,31.0,3.079472,101.71488,0.0
SCS29,weekday_2119,1783989519,29.0,3.166545,101.689705,0.0
SCS11,weekday_2014,1783989558,0.0,2.984535,101.79064,0.0
EMU31,2946,1783989557,37.0,6.52453,100.25698,0.0
SCS29,weekday_2119,1783989564,0.0,3.166045,101.69028,0.0
SCS04,2952,1783989564,100.0,5.381595,100.38466,0.0
SCS38,weekday_2012,1783989561,52.0,3.084305,101.71556,0.0
SCS02,weekday_2112,1783989539,108.0,3.216648,101.56826,0.0
SCS20,weekday_2007,1783989548,0.0,3.132542,101.68344,0.0
EMU26,2951,1783989513,44.0,5.825207,100.477936,0.0
EMU22,2905,1783989523,99.0,4.79036,100.93609,0.0
DMU09,52,1783989552,95.0,5.637363,102.16034,0.0
DMU10(D6120),51,1783989522,0.0,5.143555,102.04548,0.0
SCS08,weekday_2010,1783989522,19.0,3.137673,101.692505,0.0
DMU10(D6120),51,1783989582,0.0,5.143555,102.04548,0.0
SCS29,weekday_2119,1783989639,47.0,3.164893,101.69142,0.0
SCS38,weekday_2012,1783989636,8.0,3.090395,101.71051,0.0
SCS02,weekday_2112,1783989599,110.0,3.231422,101.55954,0.0
EMU26,2951,1783989633,91.0,5.81426,100.47885,0.0
DMU09,52,1783989627,95.0,5.656038,102.1571,0.0
EMU22,2905,1783989583,96.0,4.803528,100.943756,0.0
SCS20,weekday_2007,1783989608,0.0,3.132542,101.68344,0.0
SCS11,weekday_2014,1783989618,41.0,2.987522,101.79052,0.0
SCS04,2952,1783989609,97.0,5.376088,100.39503,0.0
SCS25,2948,1783989589,114.0,6.069477,100.38553,0.0
EMU31,2946,1783989587,77.0,6.529403,100.25781,0.0
EMU22,2905,1783989703,93.0,4.830813,100.95346,0.0
SCS08,weekday_2010,1783989702,17.0,3.144527,101.69288,0.0
SCS26,2955,1783989701,114.0,6.623192,100.26596,0.0
SCS11,weekday_2014,1783989678,8.0,2.992457,101.78264,0.0
SCS29,weekday_2119,1783989684,55.0,3.158715,101.69313,0.0
SCS04,2952,1783989684,96.0,5.367913,100.412636,0.0
EMU31,2946,1783989677,116.0,6.552862,100.25968,0.0
SCS38,weekday_2012,1783989666,4.0,3.091177,101.71044,0.0
SCS25,2948,1783989664,113.0,6.089123,100.37469,0.0
EMU26,2951,1783989663,104.0,5.8066,100.48029,0.0
DMU09,52,1783989657,97.0,5.663735,102.156815,0.0
DMU10(D6120),51,1783989657,0.0,5.143617,102.04541,0.0
SCS38,weekday_2012,1783989726,21.0,3.09437,101.70964,0.0
SCS08,weekday_2010,1783989722,20.0,3.145395,101.69211,0.0
SCS02,weekday_2112,1783989719,0.0,3.249945,101.55623,0.0
DMU10(D6120),51,1783989747,0.0,5.143617,102.04541,0.0
EMU31,2946,1783989737,115.0,6.571065,100.25914,0.0
SCS25,2948,1783989724,87.0,6.103745,100.366684,0.0
EMU22,2905,1783989718,90.0,4.833585,100.955765,0.0
SCS26,2955,1783989746,116.0,6.609827,100.263695,0.0
SCS04,2952,1783989729,39.0,5.364615,100.42114,0.0
SCS29,weekday_2119,1783989729,0.0,3.154867,101.693306,0.0
EMU26,2951,1783989708,115.0,5.793968,100.48358,0.0
SCS11,weekday_2014,1783989708,0.0,2.99247,101.782616,0.0
DMU09,52,1783989702,89.0,5.674547,102.15655,0.0
SCS25,2948,1783989754,68.0,6.109833,100.36814,0.0
SCS11,weekday_2014,1783989753,24.0,2.993122,101.7811,0.0
SCS38,weekday_2012,1783989756,18.0,3.095835,101.70844,0.0
EMU22,2905,1783989793,99.0,4.840873,100.97322,0.0
DMU10(D6120),51,1783989792,0.0,5.143617,102.04541,0.0
DMU09,52,1783989792,71.0,5.69378,102.15187,0.0
SCS26,2955,1783989791,113.0,6.596335,100.26322,0.0
EMU31,2946,1783989767,115.0,6.579722,100.26188,0.0
SCS29,weekday_2119,1783989759,0.0,3.15484,101.693344,0.0
EMU26,2951,1783989753,117.0,5.781643,100.48963,0.0
SCS04,2952,1783989819,0.0,5.364287,100.42196,0.0
SCS08,weekday_2010,1783989762,0.0,3.148417,101.69074,0.0
SCS38,weekday_2012,1783989878,16.0,3.098257,101.70525,0.0
DMU10(D6120),51,1783989837,0.0,5.143632,102.0455,0.0
EMU26,2951,1783989873,118.0,5.747125,100.50452,0.0
SCS25,2948,1783989870,75.0,6.11762,100.37168,0.0
SCS26,2955,1783989836,116.0,6.582817,100.26226,0.0
SCS02,weekday_2112,1783989854,0.0,3.257577,101.5546,0.0
EMU22,2905,1783989853,99.0,4.84441,100.98807,0.0
DMU09,52,1783989852,22.0,5.70089,102.15191,0.0
SCS11,weekday_2014,1783989828,21.0,2.995128,101.77635,0.0
SCS25,2948,1783989945,114.0,6.137127,100.38027,0.0
SCS08,weekday_2010,1783989902,44.0,3.157952,101.693405,0.0
SCS02,weekday_2112,1783989899,4.0,3.257577,101.5546,0.0
EMU22,2905,1783989898,94.0,4.844903,100.99948,0.0
DMU09,52,1783989897,0.0,5.702712,102.151955,0.0
SCS04,2952,1783989879,0.0,5.364287,100.42196,0.0
SCS29,weekday_2119,1783989879,22.0,3.146008,101.691635,0.0
SCS11,weekday_2014,1783989873,20.0,2.995983,101.77338,0.0
SCS26,2955,1783989896,119.0,6.564783,100.259224,0.0
SCS20,weekday_2007,1783989988,9.0,3.139933,101.69379,0.0
SCS29,weekday_2119,1783989969,19.0,3.141037,101.69421,0.0
EMU22,2905,1783989958,97.0,4.83982,101.01377,0.0
SCS04,2952,1783989969,0.0,5.364287,100.42196,0.0
SCS08,weekday_2010,1783989982,0.0,3.165222,101.69124,0.0
DMU09,52,1783989972,0.0,5.702712,102.151955,0.0
SCS26,2955,1783989986,113.0,6.537655,100.25925,0.0
SCS25,2948,1783989990,113.0,6.150545,100.38001,0.0
SCS02,weekday_2112,1783989959,56.0,3.26284,101.55698,0.0
SCS11,weekday_2014,1783989933,21.0,2.995225,101.76951,0.0
EMU26,2951,1783989963,118.0,5.72121,100.514305,0.0
SCS38,weekday_2012,1783989998,76.0,3.104733,101.69722,0.0
EMU31,2946,1783989992,114.0,6.639822,100.28444,0.0
DMU10(D6120),51,1783989987,10.0,5.13967,102.04728,0.0
EMU26,2951,1783990053,115.0,5.694548,100.50739,0.0
DMU09,52,1783990047,0.0,5.702712,102.151955,0.0
DMU10(D6120),51,1783990047,14.0,5.137578,102.04874,0.0
SCS25,2948,1783990020,114.0,6.1595,100.37938,0.0
SCS02,weekday_2112,1783990019,71.0,3.273392,101.56155,0.0
EMU22,2905,1783990018,96.0,4.829608,101.02501,0.0
SCS26,2955,1783990031,70.0,6.526357,100.257324,0.0
SCS29,weekday_2119,1783990059,14.0,3.139147,101.69379,0.0
SCS04,2952,1783990059,87.0,5.36556,100.438126,0.0
SCS38,weekday_2012,1783990058,9.0,3.110238,101.69038,0.0
SCS08,weekday_2010,1783990102,24.0,3.167745,101.687454,0.0
EMU26,2951,1783990053,115.0,5.694548,100.50739,0.0
SCS29,weekday_2119,1783990089,18.0,3.137633,101.69257,0.0
SCS02,weekday_2112,1783990079,66.0,3.282628,101.56676,0.0
SCS25,2948,1783990110,54.0,6.182297,100.37545,0.0
SCS04,2952,1783990104,36.0,5.366495,100.44663,0.0
SCS38,weekday_2012,1783990103,10.0,3.110763,101.68976,0.0
SCS20,weekday_2007,1783990088,13.0,3.144208,101.69309,0.0
SCS26,2955,1783990076,0.0,6.523105,100.25676,0.0
DMU10(D6120),51,1783990077,13.0,5.13677,102.050064,0.0
DMU09,52,1783990077,4.0,5.702877,102.1519,0.0
EMU22,2905,1783990138,91.0,4.826327,101.05294,0.0
DMU09,52,1783990137,15.0,5.705533,102.15189,0.0
SCS04,2952,1783990179,0.0,5.366235,100.448555,0.0
SCS29,weekday_2119,1783990179,0.0,3.135908,101.68904,0.0
SCS38,weekday_2012,1783990178,23.0,3.112613,101.685684,0.0
EMU26,2951,1783990113,117.0,5.679368,100.49708,0.0
SCS11,weekday_2014,1783990113,23.0,2.990978,101.75849,0.0
SCS25,2948,1783990140,0.0,6.183817,100.37444,0.0
SCS11,weekday_2014,1783990188,22.0,2.991635,101.753174,0.0
SCS04,2952,1783990254,54.0,5.365193,100.45523,0.0
SCS38,weekday_2012,1783990253,0.0,3.11317,101.68204,0.0
SCS25,2948,1783990215,82.0,6.187613,100.37193,0.0
SCS29,weekday_2119,1783990209,0.0,3.135908,101.68904,0.0
SCS02,weekday_2112,1783990184,87.0,3.302015,101.57487,0.0
EMU26,2951,1783990228,78.0,5.646767,100.490715,0.0
SCS26,2955,1783990241,114.0,6.488452,100.25353,0.0
DMU09,52,1783990212,45.0,5.710602,102.1536,0.0
EMU31,2946,1783990217,0.0,6.66212,100.31895,0.0
SCS20,weekday_2007,1783990288,28.0,3.15915,101.69287,0.0
DMU09,52,1783990287,75.0,5.72235,102.15815,0.0
SCS02,weekday_2112,1783990259,42.0,3.314745,101.57484,0.0
SCS26,2955,1783990256,114.0,6.483928,100.253624,0.0
SCS25,2948,1783990305,113.0,6.21281,100.36518,0.0
DMU10(D6120),51,1783990302,39.0,5.121675,102.06104,0.0
EMU22,2905,1783990277,0.0,4.818798,101.071014,0.0
EMU26,2951,1783990273,0.0,5.642628,100.48995,0.0
SCS29,weekday_2119,1783990269,0.0,3.135908,101.68904,0.0
SCS04,2952,1783990299,45.0,5.361847,100.46008,0.0
SCS08,weekday_2010,1783990359,0.0,3.181505,101.68844,0.0
SCS04,2952,1783990359,37.0,5.357115,100.46517,0.0
SCS25,2948,1783990350,114.0,6.225978,100.362495,0.0
SCS38,weekday_2012,1783990358,22.0,3.117198,101.67936,0.0
SCS02,weekday_2112,1783990334,0.0,3.319228,101.57475,0.0
EMU26,2951,1783990333,0.0,5.642628,100.48995,0.0
DMU09,52,1783990332,87.0,5.73155,102.16167,0.0
DMU10(D6120),51,1783990332,47.0,5.118977,102.06335,0.0
SCS20,weekday_2007,1783990348,6.0,3.163822,101.6919,0.0
SCS26,2955,1783990346,114.0,6.457753,100.2594,0.0
EMU22,2905,1783990292,34.0,4.818365,101.07167,0.0
SCS29,weekday_2119,1783990344,0.0,3.135908,101.68904,0.0
EMU26,2951,1783990363,35.0,5.64143,100.48981,0.0
DMU09,52,1783990362,89.0,5.738518,102.16054,0.0
DMU10(D6120),51,1783990362,51.0,5.115583,102.06622,0.0
SCS25,2948,1783990410,109.0,6.243525,100.3589,0.0
EMU22,2905,1783990397,98.0,4.801423,101.08847,0.0
SCS26,2955,1783990361,114.0,6.453472,100.260864,0.0
SCS02,weekday_2112,1783990364,0.0,3.319138,101.57476,0.0
DMU09,52,1783990482,55.0,5.76153,102.1504,0.0
SCS11,weekday_2014,1783990473,22.0,3.000618,101.73636,0.0
SCS08,weekday_2010,1783990439,56.0,3.187385,101.68964,0.0
SCS02,weekday_2112,1783990454,40.0,3.324895,101.57127,0.0
SCS29,weekday_2119,1783990494,0.0,3.135908,101.68904,0.0
SCS04,2952,1783990494,114.0,5.387067,100.47027,0.0
SCS38,weekday_2012,1783990493,12.0,3.120545,101.678566,0.0
SCS25,2948,1783990470,100.0,6.25985,100.35556,0.0
EMU22,2905,1783990442,94.0,4.79169,101.09463,0.0
EMU22,2905,1783990532,98.0,4.773368,101.107155,0.0
EMU29,2906,1783990513,0.0,4.5979,101.07288,0.0
SCS25,2948,1783990545,87.0,6.278145,100.35183,0.0
DMU10(D6120),51,1783990542,31.0,5.097732,102.07361,0.0
SCS26,2955,1783990541,2.0,6.431293,100.268555,0.0
SCS04,2952,1783990539,116.0,5.400713,100.47197,0.0
SCS38,weekday_2012,1783990538,18.0,3.123247,101.67809,0.0
DMU09,52,1783990542,57.0,5.764762,102.14198,0.0
SCS08,weekday_2010,1783990539,0.0,3.197797,101.681564,0.0
SCS29,weekday_2119,1783990539,0.0,3.135908,101.68904,0.0
SCS02,weekday_2112,1783990529,62.0,3.3349,101.57185,0.0
SCS25,2948,1783990560,85.0,6.28152,100.35114,0.0
SCS08,weekday_2010,1783990559,11.0,3.197908,101.681435,0.0
SCS04,2952,1783990584,116.0,5.41371,100.475685,0.0
EMU22,2905,1783990547,98.0,4.77104,101.11029,0.0
SCS02,weekday_2112,1783990604,86.0,3.35451,101.57161,0.0
EMU29,2906,1783990603,40.0,4.601672,101.07499,0.0
EMU26,2951,1783990603,122.0,5.576067,100.49583,0.0
DMU10(D6120),51,1783990587,40.0,5.092637,102.07246,0.0
DMU09,52,1783990587,75.0,5.771858,102.14016,0.0
SCS29,weekday_2119,1783990584,0.0,3.135908,101.68904,0.0
SCS26,2955,1783990601,102.0,6.42267,100.27149,0.0
EMU26,2951,1783990663,119.0,5.557777,100.498825,0.0
SCS11,weekday_2014,1783990653,24.0,3.007758,101.7266,0.0
SCS25,2948,1783990635,116.0,6.299775,100.347404,0.0
SCS08,weekday_2010,1783990619,27.0,3.204,101.676285,0.0
SCS02,weekday_2112,1783990649,89.0,3.362645,101.574974,0.0
EMU29,2906,1783990648,69.0,4.608452,101.077675,0.0
SCS26,2955,1783990646,114.0,6.409873,100.2759,0.0
EMU22,2905,1783990652,97.0,4.746947,101.12119,0.0
DMU10(D6120),51,1783990647,24.0,5.087247,102.072945,0.0
SCS38,weekday_2012,1783990643,17.0,3.129017,101.6808,0.0
DMU09,52,1783990617,75.0,5.777153,102.14308,0.0
SCS38,weekday_2012,1783990733,3.0,3.130373,101.68184,0.0
SCS11,weekday_2014,1783990728,54.0,3.015992,101.7217,0.0
EMU29,2906,1783990723,79.0,4.612998,101.09154,0.0
SCS04,2952,1783990689,116.0,5.442078,100.49044,0.0
SCS29,weekday_2119,1783990689,0.0,3.135908,101.68904,0.0
EMU26,2951,1783990708,118.0,5.544163,100.5015,0.0
SCS25,2948,1783990680,114.0,6.313108,100.34465,0.0
EMU22,2905,1783990712,95.0,4.731465,101.12191,0.0
DMU10(D6120),51,1783990707,36.0,5.08186,102.07028,0.0
DMU09,52,1783990707,65.0,5.793652,102.145164,0.0
SCS26,2955,1783990706,114.0,6.394452,100.2851,0.0
SCS02,weekday_2112,1783990709,112.0,3.363872,101.59119,0.0
SCS11,weekday_2014,1783990775,20.0,3.018398,101.718864,0.0
SCS25,2948,1783990770,114.0,6.335193,100.32937,0.0
EMU26,2951,1783990768,119.0,5.52653,100.50647,0.0
EMU29,2906,1783990783,107.0,4.625387,101.09974,0.0
SCS26,2955,1783990781,109.0,6.376492,100.29854,0.0
SCS02,weekday_2112,1783990754,119.0,3.367735,101.603905,0.0
DMU10(D6120),51,1783990782,0.0,5.079413,102.06934,0.0
SCS08,weekday_2010,1783990779,0.0,3.213833,101.67211,0.0
SCS04,2952,1783990779,112.0,5.468593,100.49631,0.0
SCS29,weekday_2119,1783990779,12.0,3.131738,101.68242,0.0
SCS38,weekday_2012,1783990778,0.0,3.131802,101.68308,0.0
SCS26,2955,1783990841,0.0,6.370265,100.303185,0.0
SCS08,weekday_2010,1783990839,76.0,3.22139,101.6725,0.0
SCS29,weekday_2119,1783990839,22.0,3.128112,101.67986,0.0
EMU29,2906,1783990783,107.0,4.625387,101.09974,0.0
SCS04,2952,1783990824,63.0,5.480203,100.49742,0.0
SCS38,weekday_2012,1783990823,0.0,3.131802,101.68308,0.0
SCS02,weekday_2112,1783990814,10.0,3.375543,101.61383,0.0
SCS11,weekday_2014,1783990820,20.0,3.02072,101.71729,0.0
EMU22,2905,1783990817,95.0,4.70732,101.12931,0.0
SCS25,2948,1783990845,102.0,6.352622,100.316345,0.0
DMU09,52,1783990842,0.0,5.806443,102.14661,0.0
DMU10(D6120),51,1783990842,16.0,5.076483,102.06877,0.0
SCS11,weekday_2014,1783990895,0.0,3.023847,101.71565,0.0
SCS25,2948,1783990890,103.0,6.362755,100.30876,0.0
EMU29,2906,1783990888,107.0,4.649947,101.11802,0.0
DMU09,52,1783990887,4.0,5.806428,102.14658,0.0
DMU10(D6120),51,1783990887,20.0,5.074088,102.06831,0.0
EMU26,2951,1783990884,111.0,5.492047,100.50064,0.0
SCS26,2955,1783990886,21.0,6.369932,100.30344,0.0
SCS04,2952,1783990899,0.0,5.482922,100.49815,0.0
SCS02,weekday_2112,1783990859,0.0,3.375662,101.61393,0.0
SCS08,weekday_2010,1783990859,78.0,3.225588,101.67269,0.0
SCS38,weekday_2012,1783990898,0.0,3.131802,101.68308,0.0
EMU22,2905,1783990832,96.0,4.70491,101.13221,0.0
SCS38,weekday_2012,1783990973,15.0,3.136435,101.69165,0.0
SCS11,weekday_2014,1783990970,17.0,3.02645,101.71428,0.0
EMU29,2906,1783990958,103.0,4.666037,101.130486,0.0
SCS08,weekday_2010,1783990939,40.0,3.23316,101.677956,0.0
SCS25,2948,1783990950,7.0,6.37127,100.302414,0.0
SCS02,weekday_2112,1783990949,116.0,3.38903,101.62657,0.0
EMU22,2905,1783990922,94.0,4.685633,101.141594,0.0
DMU09,52,1783990902,0.0,5.806428,102.14657,0.0
SCS38,weekday_2012,1783991018,3.0,3.138568,101.693405,0.0
DMU09,52,1783991022,65.0,5.81507,102.14786,0.0
DMU10(D6120),51,1783991022,48.0,5.063455,102.069244,0.0
SCS26,2955,1783991021,114.0,6.34077,100.32523,0.0
SCS11,weekday_2014,1783991015,23.0,3.02871,101.7129,0.0
SCS29,weekday_2119,1783990995,0.0,3.120072,101.673744,0.0
SCS04,2952,1783991019,117.0,5.510975,100.505684,0.0
EMU26,2951,1783991019,38.0,5.480683,100.4976,0.0
SCS08,weekday_2010,1783991019,0.0,3.237138,101.681244,0.0
SCS02,weekday_2112,1783991009,107.0,3.407208,101.62792,0.0
SCS25,2948,1783991001,0.0,6.371358,100.30235,0.0
EMU22,2905,1783990997,95.0,4.669075,101.13286,0.0
SCS26,2955,1783991066,114.0,6.329932,100.33333,0.0
SCS04,2952,1783991064,116.0,5.524403,100.50703,0.0
SCS08,weekday_2010,1783991039,0.0,3.237138,101.681244,0.0
SCS38,weekday_2012,1783991063,0.0,3.138688,101.69344,0.0
SCS25,2948,1783991061,113.0,6.379998,100.29586,0.0
SCS11,weekday_2014,1783991060,84.0,3.033935,101.70844,0.0
EMU22,2905,1783991012,95.0,4.666295,101.13069,0.0
SCS29,weekday_2119,1783991040,26.0,3.118492,101.67327,0.0
DMU10(D6120),51,1783991082,35.0,5.055735,102.06907,0.0
DMU09,52,1783991082,90.0,5.828027,102.14949,0.0
EMU26,2951,1783991079,108.0,5.46779,100.49643,0.0
EMU29,2906,1783991078,113.0,4.697412,101.13903,0.0
SCS02,weekday_2112,1783991069,97.0,3.422775,101.62505,0.0
EMU29,2906,1783991153,115.0,4.713043,101.12406,0.0
SCS38,weekday_2012,1783991153,18.0,3.140957,101.69402,0.0
SCS25,2948,1783991151,113.0,6.401742,100.279625,0.0
SCS11,weekday_2014,1783991150,97.0,3.054363,101.70687,0.0
DMU10(D6120),51,1783991082,35.0,5.055735,102.06907,0.0
SCS02,weekday_2112,1783991144,120.0,3.440478,101.63759,0.0
EMU26,2951,1783991139,112.0,5.450128,100.4926,0.0
SCS04,2952,1783991109,114.0,5.537603,100.5033,0.0
SCS08,weekday_2010,1783991079,0.0,3.237138,101.681244,0.0
EMU26,2951,1783991184,114.0,5.437385,100.48924,0.0
SCS11,weekday_2014,1783991165,97.0,3.058197,101.70715,0.0
SCS29,weekday_2119,1783991205,0.0,3.114132,101.673004,0.0
SCS26,2955,1783991186,114.0,6.297723,100.34785,0.0
SCS02,weekday_2112,1783991159,116.0,3.44504,101.638466,0.0
EMU22,2905,1783991189,94.0,4.630797,101.10388,0.0
DMU10(D6120),51,1783991202,27.0,5.047827,102.06299,0.0
DMU09,52,1783991202,94.0,5.857877,102.1532,0.0
SCS26,2955,1783991261,114.0,6.275595,100.35236,0.0
SCS08,weekday_2010,1783991259,50.0,3.233655,101.67858,0.0
EMU26,2951,1783991259,118.0,5.417725,100.47734,0.0
SCS04,2952,1783991259,115.0,5.582567,100.49474,0.0
EMU29,2906,1783991258,118.0,4.744045,101.12143,0.0
SCS38,weekday_2012,1783991258,61.0,3.148557,101.690796,0.0
DMU10(D6120),51,1783991232,17.0,5.046123,102.062195,0.0
SCS25,2948,1783991256,66.0,6.428007,100.26962,0.0
SCS11,weekday_2014,1783991255,25.0,3.07644,101.711296,0.0
SCS29,weekday_2119,1783991235,9.0,3.113997,101.67307,0.0
SCS02,weekday_2112,1783991234,87.0,3.461892,101.637695,0.0
EMU22,2905,1783991234,90.0,4.622105,101.09724,0.0
DMU09,52,1783991232,95.0,5.865385,102.154106,0.0
EMU26,2951,1783991319,120.0,5.399913,100.47189,0.0
SCS04,2952,1783991289,117.0,5.59168,100.49329,0.0
EMU29,2906,1783991288,114.0,4.752762,101.11897,0.0
DMU09,52,1783991322,66.0,5.88618,102.15673,0.0
DMU10(D6120),51,1783991322,10.0,5.04313,102.05822,0.0
SCS26,2955,1783991321,114.0,6.257922,100.35598,0.0
SCS29,weekday_2119,1783991295,44.0,3.108862,101.67458,0.0
SCS02,weekday_2112,1783991294,0.0,3.467817,101.63758,0.0
SCS38,weekday_2012,1783991288,40.0,3.15232,101.69135,0.0
EMU22,2905,1783991294,83.0,4.610682,101.08956,0.0
SCS25,2948,1783991286,29.0,6.431562,100.26842,0.0
SCS11,weekday_2014,1783991285,0.0,3.076667,101.71156,0.0
SCS11,weekday_2014,1783991375,63.0,3.084668,101.71539,0.0
DMU10(D6120),51,1783991337,8.0,5.042848,102.05777,0.0
SCS04,2952,1783991319,115.0,5.6007,100.49386,0.0
SCS25,2948,1783991361,3.0,6.432588,100.268036,0.0
SCS29,weekday_2119,1783991355,48.0,3.098093,101.67063,0.0
EMU22,2905,1783991354,44.0,4.609715,101.07949,0.0
SCS02,weekday_2112,1783991354,0.0,3.467817,101.63758,0.0
EMU23,2907,1783991375,0.0,5.393662,100.366135,0.0
DMU09,52,1783991367,13.0,5.891565,102.15739,0.0
SCS26,2955,1783991336,114.0,6.253502,100.35689,0.0
EMU23,2907,1783991390,0.0,5.393662,100.366135,0.0
SCS08,weekday_2010,1783991439,28.0,3.213092,101.672165,0.0
SCS04,2952,1783991439,111.0,5.635105,100.48949,0.0
EMU29,2906,1783991438,109.0,4.788863,101.09624,0.0
SCS38,weekday_2012,1783991438,10.0,3.16509,101.69145,0.0
SCS25,2948,1783991436,113.0,6.444458,100.26394,0.0
SCS11,weekday_2014,1783991435,27.0,3.091415,101.71045,0.0
EMU26,2951,1783991424,98.0,5.369185,100.46805,0.0
DMU09,52,1783991382,0.0,5.891772,102.15739,0.0
SCS26,2955,1783991441,115.0,6.222687,100.36317,0.0
EMU22,2905,1783991384,18.0,4.608125,101.07744,0.0
SCS02,weekday_2112,1783991384,63.0,3.47002,101.637985,0.0
SCS08,weekday_2010,1783991439,28.0,3.213092,101.672165,0.0
SCS25,2948,1783991451,116.0,6.448787,100.26245,0.0
SCS26,2955,1783991501,114.0,6.204985,100.366776,0.0
DMU09,52,1783991472,31.0,5.894407,102.157745,0.0
DMU10(D6120),51,1783991487,26.0,5.035287,102.05293,0.0
SCS38,weekday_2012,1783991483,7.0,3.165218,101.69139,0.0
SCS29,weekday_2119,1783991475,47.0,3.09057,101.66965,0.0
EMU23,2907,1783991465,22.0,5.392692,100.36744,0.0
SCS11,weekday_2014,1783991465,0.0,3.092522,101.71032,0.0
SCS02,weekday_2112,1783991444,112.0,3.485417,101.63858,0.0
EMU22,2905,1783991444,0.0,4.606658,101.07642,0.0
EMU26,2951,1783991469,42.0,5.360358,100.46696,0.0
SCS38,weekday_2012,1783991498,28.0,3.165978,101.69048,0.0
EMU29,2906,1783991498,108.0,4.803148,101.0865,0.0
EMU22,2905,1783991549,17.0,4.602935,101.07541,0.0
DMU09,52,1783991547,70.0,5.904965,102.158966,0.0
DMU10(D6120),51,1783991502,28.0,5.034658,102.05184,0.0
SCS11,weekday_2014,1783991525,27.0,3.09516,101.70913,0.0
SCS29,weekday_2119,1783991520,13.0,3.087962,101.66881,0.0
SCS02,weekday_2112,1783991519,1.0,3.499623,101.63419,0.0
SCS29,weekday_2119,1783991595,0.0,3.086598,101.664986,0.0
SCS02,weekday_2112,1783991594,42.0,3.501733,101.633865,0.0
EMU22,2905,1783991594,18.0,4.600428,101.07457,0.0
EMU26,2951,1783991615,81.0,5.365678,100.45215,0.0
SCS38,weekday_2012,1783991618,12.0,3.170925,101.68516,0.0
EMU29,2906,1783991618,0.0,4.818807,101.07089,0.0
SCS26,2955,1783991621,0.0,6.182707,100.3752,0.0
DMU10(D6120),51,1783991607,44.0,5.031763,102.046364,0.0
DMU09,52,1783991607,47.0,5.91578,102.15673,0.0
SCS04,2952,1783991559,6.0,5.643742,100.49016,0.0
SCS11,weekday_2014,1783991555,35.0,3.09728,101.70669,0.0
SCS25,2948,1783991646,112.0,6.505777,100.25378,0.0
EMU23,2907,1783991645,99.0,5.377148,100.39316,0.0
SCS26,2955,1783991681,6.0,6.182632,100.37531,0.0
SCS11,weekday_2014,1783991645,23.0,3.09954,101.703835,0.0
SCS02,weekday_2112,1783991654,90.0,3.51316,101.63121,0.0
EMU22,2905,1783991654,1.0,4.597932,101.07328,0.0
DMU10(D6120),51,1783991667,34.0,5.027183,102.042366,0.0
EMU26,2951,1783991660,0.0,5.366313,100.4477,0.0
DMU09,52,1783991652,0.0,5.91774,102.15618,0.0
SCS04,2952,1783991649,117.0,5.663933,100.493614,0.0
EMU29,2906,1783991648,0.0,4.818807,101.07089,0.0
SCS04,2952,1783991709,116.0,5.681372,100.49837,0.0
EMU29,2906,1783991708,0.0,4.818807,101.07089,0.0
SCS25,2948,1783991706,60.0,6.519905,100.256195,0.0
SCS26,2955,1783991696,39.0,6.181683,100.37592,0.0
EMU26,2951,1783991705,0.0,5.366313,100.4477,0.0
EMU22,2905,1783991699,0.0,4.597802,101.07325,0.0
SCS29,weekday_2119,1783991685,19.0,3.08538,101.66174,0.0
SCS02,weekday_2112,1783991684,91.0,3.519515,101.62866,0.0
DMU09,52,1783991682,0.0,5.91774,102.15618,0.0
SCS11,weekday_2014,1783991705,50.0,3.102715,101.69984,0.0
DMU10(D6120),51,1783991697,26.0,5.025303,102.03993,0.0
SCS25,2948,1783991796,40.0,6.525212,100.2571,0.0
SCS29,weekday_2119,1783991775,0.0,3.083663,101.65704,0.0
SCS38,weekday_2012,1783991775,12.0,3.177995,101.68673,0.0
EMU22,2905,1783991774,0.0,4.597802,101.07325,0.0
SCS02,weekday_2112,1783991774,94.0,3.541215,101.635796,0.0
SCS26,2955,1783991801,114.0,6.153995,100.3798,0.0
SCS04,2952,1783991799,116.0,5.705403,100.510994,0.0
EMU29,2906,1783991798,48.0,4.81966,101.06952,0.0
DMU10(D6120),51,1783991787,33.0,5.023795,102.037476,0.0
DMU09,52,1783991787,8.0,5.918147,102.15606,0.0
SCS25,2948,1783991856,116.0,6.53975,100.25959,0.0
EMU26,2951,1783991855,56.0,5.363955,100.4228,0.0
DMU10(D6120),51,1783991847,7.0,5.021273,102.03259,0.0
SCS04,2952,1783991829,116.0,5.71429,100.51326,0.0
SCS38,weekday_2012,1783991850,0.0,3.181497,101.68845,0.0
SCS29,weekday_2119,1783991850,109.0,3.082697,101.643425,0.0
SCS26,2955,1783991831,114.0,6.144982,100.38042,0.0
DMU09,52,1783991847,49.0,5.923403,102.154625,0.0
EMU29,2906,1783991828,91.0,4.822798,101.06446,0.0
EMU23,2907,1783991825,0.0,5.364605,100.42128,0.0
SCS02,weekday_2112,1783991879,0.0,3.552613,101.63946,0.0
DMU10(D6120),51,1783991877,10.0,5.020822,102.03178,0.0
DMU09,52,1783991907,76.0,5.934003,102.15178,0.0
SCS26,2955,1783991921,95.0,6.119948,100.37278,0.0
SCS25,2948,1783991916,114.0,6.557835,100.259476,0.0
EMU26,2951,1783991915,0.0,5.364555,100.42123,0.0
SCS11,weekday_2014,1783991915,5.0,3.113877,101.68108,0.0
EMU23,2907,1783991915,53.0,5.36344,100.42426,0.0
SCS38,weekday_2012,1783991880,10.0,3.18183,101.68856,0.0
SCS29,weekday_2119,1783991880,71.0,3.083918,101.635574,0.0
EMU29,2906,1783991879,102.0,4.826345,101.050964,0.0
SCS04,2952,1783991874,113.0,5.72745,100.51207,0.0
SCS11,weekday_2014,1783991975,24.0,3.115137,101.680016,0.0
DMU09,52,1783991967,76.0,5.94603,102.14849,0.0
DMU10(D6120),51,1783991967,33.0,5.014977,102.03001,0.0
SCS04,2952,1783991964,117.0,5.752902,100.50219,0.0
SCS02,weekday_2112,1783991954,95.0,3.561765,101.630226,0.0
SCS25,2948,1783991961,112.0,6.571257,100.2592,0.0
EMU26,2951,1783991960,19.0,5.364683,100.42094,0.0
EMU29,2906,1783991954,118.0,4.826093,101.03029,0.0
SCS29,weekday_2119,1783991925,0.0,3.084372,101.63267,0.0
SCS38,weekday_2012,1783991925,40.0,3.186765,101.68989,0.0
SCS26,2955,1783991966,27.0,6.113388,100.36981,0.0
DMU09,52,1783992042,62.0,5.960118,102.14468,0.0
SCS25,2948,1783992036,116.0,6.59328,100.263176,0.0
DMU10(D6120),51,1783991997,34.0,5.012687,102.02858,0.0
EMU23,2907,1783992035,10.0,5.366467,100.44718,0.0
SCS11,weekday_2014,1783992035,0.0,3.119213,101.67884,0.0
EMU29,2906,1783992029,119.0,4.840285,101.01239,0.0
SCS26,2955,1783991996,0.0,6.112502,100.369385,0.0
EMU26,2951,1783992035,99.0,5.370337,100.406364,0.0
DMU09,52,1783992102,0.0,5.966073,102.14401,0.0
DMU10(D6120),51,1783992102,25.0,5.008048,102.02469,0.0
SCS26,2955,1783992101,107.0,6.099702,100.36871,0.0
SCS11,weekday_2014,1783992095,25.0,3.12085,101.67862,0.0
SCS02,weekday_2112,1783992044,98.0,3.577848,101.613396,0.0
SCS04,2952,1783992084,113.0,5.786325,100.48725,0.0
SCS25,2948,1783992081,113.0,6.606903,100.26328,0.0
EMU26,2951,1783992080,99.0,5.375623,100.39604,0.0
SCS29,weekday_2119,1783992045,76.0,3.085035,101.62819,0.0
SCS38,weekday_2012,1783992045,0.0,3.197743,101.68162,0.0
EMU29,2906,1783992044,116.0,4.841833,101.008026,0.0
SCS04,2952,1783992129,115.0,5.798532,100.482254,0.0
SCS25,2948,1783992126,115.0,6.620202,100.265175,0.0
EMU26,2951,1783992125,91.0,5.380862,100.386055,0.0
SCS11,weekday_2014,1783992125,24.0,3.122828,101.678116,0.0
EMU23,2907,1783992170,108.0,5.36198,100.46001,0.0
SCS38,weekday_2012,1783992120,47.0,3.20288,101.67717,0.0
EMU29,2906,1783992119,111.0,4.84408,100.98624,0.0
SCS02,weekday_2112,1783992119,95.0,3.595992,101.60363,0.0
EMU23,2907,1783992200,111.0,5.354897,100.46532,0.0
SCS25,2948,1783992186,113.0,6.633657,100.27623,0.0
EMU26,2951,1783992185,38.0,5.385993,100.37633,0.0
SCS38,weekday_2012,1783992195,54.0,3.205405,101.675095,0.0
SCS29,weekday_2119,1783992195,0.0,3.084565,101.62247,0.0
SCS02,weekday_2112,1783992179,100.0,3.602593,101.59082,0.0
EMU29,2906,1783992194,107.0,4.838277,100.965385,0.0
DMU09,52,1783992177,9.0,5.96646,102.14388,0.0
SCS11,weekday_2014,1783992155,24.0,3.125032,101.67825,0.0
SCS04,2952,1783992219,59.0,5.822067,100.47817,0.0
DMU10(D6120),51,1783992207,42.0,4.997688,102.02042,0.0
SCS26,2955,1783992206,114.0,6.07209,100.38408,0.0
SCS04,2952,1783992264,0.0,5.825068,100.47794,0.0
EMU26,2951,1783992245,0.0,5.387748,100.37281,0.0
DMU10(D6120),51,1783992267,27.0,4.991065,102.01712,0.0
SCS02,weekday_2112,1783992239,119.0,3.615632,101.57942,0.0
SCS26,2955,1783992266,114.0,6.056347,100.392975,0.0
SCS25,2948,1783992291,77.0,6.64938,100.29945,0.0
SCS11,weekday_2014,1783992290,0.0,3.131452,101.68282,0.0
EMU23,2907,1783992290,115.0,5.328555,100.46998,0.0
DMU09,52,1783992267,70.0,5.976693,102.143234,0.0
SCS25,2948,1783992321,72.0,6.651478,100.304184,0.0
EMU23,2907,1783992320,115.0,5.319792,100.4717,0.0
EMU26,2951,1783992320,20.0,5.390757,100.369896,0.0
DMU09,52,1783992312,81.0,5.98601,102.14263,0.0
SCS11,weekday_2014,1783992305,0.0,3.131452,101.68282,0.0
SCS29,weekday_2119,1783992345,0.0,3.083207,101.61202,0.0
SCS38,weekday_2012,1783992345,85.0,3.222105,101.672485,0.0
SCS02,weekday_2112,1783992344,120.0,3.640475,101.55765,0.0
DMU10(D6120),51,1783992327,47.0,4.985625,102.015465,0.0
SCS26,2955,1783992326,111.0,6.040663,100.40183,0.0
SCS04,2952,1783992324,77.0,5.828683,100.47761,0.0
EMU29,2906,1783992299,109.0,4.814343,100.95147,0.0
DMU10(D6120),51,1783992372,42.0,4.979957,102.01416,0.0
DMU09,52,1783992372,24.0,5.996038,102.14204,0.0
SCS26,2955,1783992371,115.0,6.029012,100.408424,0.0
EMU29,2906,1783992344,108.0,4.804012,100.944496,0.0
SCS04,2952,1783992399,116.0,5.849978,100.47689,0.0
SCS25,2948,1783992396,51.0,6.6588,100.31514,0.0
SCS29,weekday_2119,1783992390,0.0,3.083207,101.61202,0.0
SCS11,weekday_2014,1783992395,0.0,3.132207,101.683365,0.0
SCS02,weekday_2112,1783992389,120.0,3.650388,101.548164,0.0
SCS38,weekday_2012,1783992345,85.0,3.222105,101.672485,0.0
EMU26,2951,1783992350,21.0,5.39177,100.36845,0.0
EMU23,2907,1783992335,112.0,5.315675,100.47354,0.0
DMU09,52,1783992417,0.0,5.996517,102.14199,0.0
SCS26,2955,1783992446,114.0,6.009332,100.41954,0.0
DMU10(D6120),51,1783992447,43.0,4.971332,102.013016,0.0
EMU23,2907,1783992425,76.0,5.292303,100.483116,0.0
SCS38,weekday_2012,1783992405,34.0,3.231398,101.67554,0.0
SCS29,weekday_2119,1783992405,5.0,3.0832,101.61193,0.0
SCS04,2952,1783992474,114.0,5.87295,100.47693,0.0
SCS25,2948,1783992471,0.0,6.66275,100.32017,0.0
EMU26,2951,1783992470,0.0,5.393188,100.36652,0.0
SCS11,weekday_2014,1783992470,0.0,3.132207,101.683365,0.0
SCS02,weekday_2112,1783992434,92.0,3.660095,101.53827,0.0
EMU29,2906,1783992434,81.0,4.782478,100.935196,0.0
DMU10(D6120),51,1783992522,10.0,4.962952,102.01056,0.0
SCS26,2955,1783992521,114.0,5.989692,100.43065,0.0
SCS02,weekday_2112,1783992479,10.0,3.664203,101.5354,0.0
SCS08,weekday_2013,1783992505,0.0,3.148667,101.690765,0.0
SCS25,2948,1783992471,0.0,6.66275,100.32017,0.0
EMU26,2951,1783992470,0.0,5.393188,100.36652,0.0
SCS04,2952,1783992489,115.0,5.877475,100.47694,0.0
EMU29,2906,1783992494,2.0,4.776172,100.93177,0.0
SCS38,weekday_2012,1783992480,7.0,3.233603,101.67846,0.0
SCS29,weekday_2119,1783992480,60.0,3.082735,101.60572,0.0
DMU09,52,1783992462,34.0,5.998963,102.14172,0.0
EMU23,2907,1783992573,33.0,5.285387,100.48057,0.0
DMU10(D6120),51,1783992567,0.0,4.962632,102.01043,0.0
SCS11,weekday_2014,1783992560,22.0,3.138282,101.69321,0.0
SCS29,weekday_2119,1783992540,56.0,3.083513,101.59623,0.0
SCS38,weekday_2012,1783992540,17.0,3.235383,101.680595,0.0
SCS02,weekday_2112,1783992539,10.0,3.665882,101.53424,0.0
EMU29,2906,1783992539,0.0,4.77616,100.931755,0.0
DMU09,52,1783992537,52.0,6.008038,102.14112,0.0
SCS04,2952,1783992549,116.0,5.895633,100.4755,0.0
SCS08,weekday_2013,1783992545,19.0,3.145448,101.69208,0.0
SCS08,weekday_2013,1783992645,15.0,3.139733,101.6938,0.0
EMU23,2907,1783992633,111.0,5.272678,100.479774,0.0
DMU10(D6120),51,1783992627,48.0,4.957575,102.008484,0.0
SCS26,2955,1783992626,0.0,5.971538,100.440895,0.0
DMU09,52,1783992612,45.0,6.020585,102.140305,0.0
SCS11,weekday_2014,1783992635,0.0,3.140053,101.693855,0.0
SCS04,2952,1783992654,116.0,5.925647,100.46397,0.0
EMU29,2906,1783992647,0.0,4.77525,100.91862,0.0
SCS38,weekday_2012,1783992645,0.0,3.237017,101.681175,0.0
SCS04,2952,1783992699,116.0,5.93849,100.45902,0.0
SCS38,weekday_2012,1783992690,0.0,3.237017,101.681175,0.0
DMU10(D6120),51,1783992687,39.0,4.952463,102.00655,0.0
DMU09,52,1783992687,54.0,6.03121,102.13954,0.0
SCS29,weekday_2119,1783992686,6.0,3.084592,101.58915,0.0
SCS26,2955,1783992656,0.0,5.971538,100.440895,0.0
EMU29,2906,1783992685,101.0,4.776332,100.9099,0.0
SCS02,weekday_2112,1783992695,0.0,3.673625,101.528885,0.0
SCS11,weekday_2014,1783992695,20.0,3.141672,101.69415,0.0
EMU23,2907,1783992693,115.0,5.255063,100.4837,0.0
SCS08,weekday_2013,1783992705,3.0,3.139072,101.69365,0.0
DMU10(D6120),51,1783992762,58.0,4.94191,102.00545,0.0
DMU09,52,1783992762,13.0,6.0379,102.139755,0.0
SCS26,2955,1783992761,115.0,5.952333,100.45175,0.0
SCS29,weekday_2119,1783992761,32.0,3.083723,101.584404,0.0
EMU29,2906,1783992760,108.0,4.77276,100.89124,0.0
SCS04,2952,1783992759,116.0,5.954687,100.45042,0.0
SCS11,weekday_2014,1783992755,24.0,3.145652,101.69186,0.0
EMU23,2907,1783992753,113.0,5.237395,100.48765,0.0
SCS04,2952,1783992804,83.0,5.9658,100.44412,0.0
SCS38,weekday_2012,1783992795,0.0,3.237017,101.681175,0.0
DMU09,52,1783992792,15.0,6.039178,102.140495,0.0
SCS26,2955,1783992791,114.0,5.944465,100.4562,0.0
EMU29,2906,1783992790,108.0,4.771098,100.882866,0.0
DMU10(D6120),51,1783992777,56.0,4.93952,102.00552,0.0
SCS02,weekday_2112,1783992776,0.0,3.678333,101.52499,0.0
SCS29,weekday_2119,1783992776,38.0,3.082918,101.583145,0.0
EMU23,2907,1783992768,116.0,5.232983,100.48863,0.0
SCS08,weekday_2013,1783992765,16.0,3.136837,101.69134,0.0
SCS26,2955,1783992881,114.0,5.919403,100.466385,0.0
SCS29,weekday_2119,1783992881,39.0,3.076243,101.569466,0.0
SCS02,weekday_2112,1783992881,0.0,3.683907,101.519005,0.0
EMU29,2906,1783992880,60.0,4.777537,100.86026,0.0
DMU10(D6120),51,1783992867,42.0,4.928023,101.998955,0.0
SCS08,weekday_2013,1783992845,0.0,3.134485,101.68818,0.0
SCS04,2952,1783992894,0.0,5.972708,100.44025,0.0
DMU09,52,1783992867,10.0,6.042552,102.14244,0.0
DMU10(D6120),51,1783992897,43.0,4.925877,101.99613,0.0
DMU09,52,1783992912,0.0,6.042825,102.142204,0.0
SCS29,weekday_2119,1783992911,16.0,3.076153,101.567345,0.0
SCS02,weekday_2112,1783992911,0.0,3.683907,101.519005,0.0
EMU29,2906,1783992910,7.0,4.778057,100.85743,0.0
EMU23,2907,1783992903,112.0,5.195328,100.482155,0.0
SCS08,weekday_2013,1783992905,0.0,3.134485,101.68818,0.0
SCS11,weekday_2014,1783992905,68.0,3.159798,101.692696,0.0
SCS38,weekday_2012,1783992900,12.0,3.235608,101.68083,0.0
SCS26,2955,1783992896,114.0,5.915187,100.46801,0.0
SCS38,weekday_2012,1783992945,0.0,3.23473,101.67991,0.0
EMU23,2907,1783992933,115.0,5.18686,100.47936,0.0
SCS08,weekday_2013,1783993005,0.0,3.134485,101.68818,0.0
DMU10(D6120),51,1783993002,18.0,4.92726,101.98708,0.0
SCS29,weekday_2119,1783993001,9.0,3.076255,101.560265,0.0
DMU09,52,1783992987,2.0,6.043105,102.142235,0.0
SCS26,2955,1783993001,114.0,5.885192,100.476974,0.0
EMU29,2906,1783993000,90.0,4.7794,100.84993,0.0
SCS04,2952,1783992984,114.0,5.983858,100.43391,0.0
DMU10(D6120),51,1783993032,14.0,4.927957,101.98591,0.0
SCS26,2955,1783993031,114.0,5.876183,100.47696,0.0
SCS29,weekday_2119,1783993046,0.0,3.076168,101.56008,0.0
SCS08,weekday_2013,1783993045,0.0,3.134485,101.68818,0.0
EMU23,2907,1783993023,0.0,5.169785,100.47963,0.0
SCS04,2952,1783993059,116.0,6.004157,100.42245,0.0
SCS11,weekday_2014,1783993055,0.0,3.167578,101.68782,0.0
DMU09,52,1783993047,28.0,6.046018,102.14403,0.0
EMU29,2906,1783993045,116.0,4.776992,100.8378,0.0
SCS38,weekday_2012,1783993035,56.0,3.229983,101.6739,0.0
EMU23,2907,1783993083,52.0,5.16748,100.47974,0.0
SCS38,weekday_2012,1783993065,74.0,3.225445,101.67268,0.0
DMU09,52,1783993062,37.0,6.047307,102.14468,0.0
SCS29,weekday_2119,1783993121,33.0,3.075033,101.55792,0.0
SCS26,2955,1783993121,115.0,5.849127,100.476906,0.0
EMU29,2906,1783993060,120.0,4.775948,100.833244,0.0
SCS11,weekday_2014,1783993070,0.0,3.167578,101.68782,0.0
DMU10(D6120),51,1783993107,37.0,4.92559,101.97984,0.0
SCS08,weekday_2013,1783993085,19.0,3.131875,101.683105,0.0
SCS11,weekday_2014,1783993145,21.0,3.167965,101.687126,0.0
SCS08,weekday_2013,1783993145,22.0,3.128795,101.6805,0.0
DMU09,52,1783993167,67.0,6.06381,102.15337,0.0
SCS04,2952,1783993164,116.0,6.032167,100.406624,0.0
SCS38,weekday_2012,1783993170,85.0,3.204482,101.67587,0.0
DMU10(D6120),51,1783993167,44.0,4.919083,101.978806,0.0
SCS29,weekday_2119,1783993151,80.0,3.073145,101.554085,0.0
EMU29,2906,1783993165,0.0,4.77606,100.82363,0.0
SCS26,2955,1783993151,112.0,5.840102,100.47689,0.0
EMU23,2907,1783993188,111.0,5.140095,100.48427,0.0
DMU09,52,1783993212,65.0,6.070785,102.15727,0.0
SCS08,weekday_2013,1783993225,19.0,3.124572,101.67816,0.0
EMU29,2906,1783993225,117.0,4.780343,100.78596,0.0
SCS11,weekday_2014,1783993190,18.0,3.170307,101.685326,0.0
DMU10(D6120),51,1783993212,73.0,4.912002,101.9767,0.0
SCS29,weekday_2119,1783993181,97.0,3.067362,101.54944,0.0
SCS26,2955,1783993181,96.0,5.831555,100.47741,0.0
SCS04,2952,1783993179,116.0,6.036147,100.40437,0.0
SCS38,weekday_2012,1783993200,81.0,3.199427,101.68022,0.0
EMU29,2906,1783993270,115.0,4.784278,100.77298,0.0
SCS04,2952,1783993269,117.0,6.059927,100.39094,0.0
DMU09,52,1783993257,77.0,6.077957,102.16233,0.0
SCS29,weekday_2119,1783993271,64.0,3.058062,101.530045,0.0
SCS26,2955,1783993256,0.0,5.823728,100.47804,0.0
EMU23,2907,1783993263,0.0,5.130778,100.48617,0.0
DMU10(D6120),51,1783993257,67.0,4.904248,101.97397,0.0
SCS08,weekday_2013,1783993245,6.0,3.12358,101.678024,0.0
SCS26,2955,1783993331,98.0,5.816315,100.47866,0.0
EMU23,2907,1783993323,64.0,5.12779,100.48679,0.0
SCS08,weekday_2013,1783993305,0.0,3.122825,101.6781,0.0
SCS11,weekday_2014,1783993330,36.0,3.179695,101.68765,0.0
EMU29,2906,1783993330,113.0,4.792137,100.75738,0.0
SCS04,2952,1783993329,116.0,6.075913,100.381874,0.0
DMU09,52,1783993317,69.0,6.088148,102.16945,0.0
SCS29,weekday_2119,1783993316,0.0,3.056768,101.52587,0.0
SCS26,2955,1783993406,114.0,5.794608,100.48332,0.0
SCS04,2952,1783993359,116.0,6.084017,100.377594,0.0
DMU10(D6120),51,1783993407,23.0,4.886215,101.97116,0.0
SCS29,weekday_2119,1783993406,14.0,3.056797,101.52532,0.0
EMU29,2906,1783993405,112.0,4.808468,100.74196,0.0
DMU09,52,1783993392,0.0,6.094728,102.17465,0.0
SCS11,weekday_2014,1783993390,0.0,3.182617,101.68882,0.0
SCS04,2952,1783993419,106.0,6.099275,100.36893,0.0
EMU29,2906,1783993469,105.0,4.82602,100.737015,0.0
DMU10(D6120),51,1783993482,27.0,4.88012,101.9672,0.0
DMU09,52,1783993482,41.0,6.096705,102.17657,0.0
SCS26,2955,1783993481,117.0,5.773812,100.49268,0.0
EMU23,2907,1783993443,114.0,5.09493,100.49359,0.0
SCS29,weekday_2119,1783993451,89.0,3.054642,101.51916,0.0
DMU09,52,1783993497,58.0,6.098228,102.17808,0.0
SCS11,weekday_2014,1783993480,0.0,3.182678,101.688866,0.0
SCS04,2952,1783993479,44.0,6.112183,100.369225,0.0
EMU23,2907,1783993535,115.0,5.07017,100.50529,0.0
EMU29,2906,1783993529,93.0,4.838512,100.72778,0.0
DMU10(D6120),51,1783993527,0.0,4.879327,101.96632,0.0
SCS26,2955,1783993526,118.0,5.76115,100.49819,0.0
SCS29,weekday_2119,1783993526,21.0,3.051583,101.503044,0.0
SCS26,2955,1783993586,116.0,5.744148,100.505646,0.0
SCS11,weekday_2014,1783993585,48.0,3.188403,101.68901,0.0
EMU23,2907,1783993595,112.0,5.054457,100.513596,0.0
DMU09,52,1783993587,63.0,6.110335,102.19117,0.0
EMU29,2906,1783993544,92.0,4.842177,100.7282,0.0
DMU10(D6120),51,1783993542,0.0,4.879335,101.96643,0.0
SCS29,weekday_2119,1783993541,4.0,3.051697,101.5023,0.0
SCS04,2952,1783993584,62.0,6.115855,100.370926,0.0
EMU29,2906,1783993619,3.0,4.852965,100.732124,0.0
DMU09,52,1783993617,50.0,6.113332,102.1949,0.0
DMU10(D6120),51,1783993617,0.0,4.87919,101.96696,0.0
SCS04,2952,1783993644,118.0,6.130602,100.37762,0.0
SCS29,weekday_2119,1783993616,31.0,3.052195,101.49744,0.0
SCS26,2955,1783993616,114.0,5.735718,100.508896,0.0
EMU29,2906,1783993679,4.0,4.853062,100.73229,0.0
SCS26,2955,1783993676,115.0,5.718577,100.51433,0.0
SCS04,2952,1783993719,116.0,6.153018,100.37986,0.0
EMU23,2907,1783993715,12.0,5.028838,100.52718,0.0
DMU09,52,1783993707,22.0,6.117502,102.19982,0.0
DMU10(D6120),51,1783993707,0.0,4.879008,101.96693,0.0
SCS29,weekday_2119,1783993706,0.0,3.052337,101.49356,0.0
EMU23,2907,1783993790,57.0,5.026585,100.52838,0.0
EMU29,2906,1783993739,90.0,4.860783,100.733154,0.0
DMU09,52,1783993752,0.0,6.118473,102.20076,0.0
DMU10(D6120),51,1783993752,0.0,4.879033,101.96699,0.0
SCS29,weekday_2119,1783993751,11.0,3.052348,101.49341,0.0
SCS26,2955,1783993736,114.0,5.701093,100.509964,0.0
SCS04,2952,1783993779,115.0,6.171325,100.37859,0.0
SCS26,2955,1783993796,114.0,5.68561,100.50126,0.0
EMU29,2906,1783993844,93.0,4.886035,100.72047,0.0
SCS29,weekday_2119,1783993841,98.0,3.052633,101.482956,0.0
DMU09,52,1783993797,0.0,6.118575,102.200745,0.0
EMU23,2907,1783993805,81.0,5.024167,100.52989,0.0
EMU29,2906,1783993844,93.0,4.886035,100.72047,0.0
SCS13,weekday_2130,1783993851,6.0,2.999362,101.39141,0.0
EMU23,2907,1783993880,113.0,5.020375,100.548645,0.0
DMU13,55,1783993874,68.0,6.165078,102.20136,0.0
SCS04,2952,1783993869,0.0,6.18383,100.37448,0.0
DMU09,52,1783993857,13.0,6.119042,102.20113,0.0
SCS26,2955,1783993856,114.0,5.669145,100.49453,0.0
EMU23,2907,1783993940,113.0,5.030372,100.56349,0.0
DMU09,52,1783993902,4.0,6.1202,102.20211,0.0
SCS22,weekday_2018,1783993941,0.0,3.09781,101.70601,0.0
SCS04,2952,1783993944,100.0,6.18994,100.3705,0.0
SCS22,weekday_2011,1783993956,0.0,3.09781,101.70601,0.0
SCS13,weekday_2130,1783993956,12.0,3.003242,101.39184,0.0
DMU10(D6120),51,1783993962,6.0,4.878812,101.966866,0.0
SCS29,weekday_2119,1783993961,68.0,3.039708,101.47217,0.0
SCS26,2955,1783993961,45.0,5.643782,100.4902,0.0
SCS22,weekday_2018,1783993971,0.0,3.09781,101.70601,0.0
EMU23,2907,1783993985,113.0,5.037958,100.574745,0.0
SCS13,weekday_2130,1783993971,16.0,3.00374,101.39238,0.0
DMU10(D6120),51,1783993992,21.0,4.877487,101.96638,0.0
DMU13,55,1783993979,59.0,6.158253,102.22013,0.0
DMU09,52,1783993977,7.0,6.11936,102.20136,0.0
EMU29,2906,1783993964,38.0,4.897175,100.71928,0.0
SCS22,weekday_2011,1783993956,0.0,3.09781,101.70601,0.0
SCS29,weekday_2119,1783993991,9.0,3.03681,101.470634,0.0
EMU29,2906,1783994039,117.0,4.914938,100.71734,0.0
DMU13,55,1783994039,63.0,6.154315,102.22837,0.0
DMU09,52,1783994037,0.0,6.118542,102.20069,0.0
DMU10(D6120),51,1783994037,59.0,4.872365,101.96502,0.0
SCS29,weekday_2119,1783994036,0.0,3.036708,101.47058,0.0
EMU23,2907,1783994060,115.0,5.044883,100.59538,0.0
SCS04,2952,1783994049,116.0,6.221102,100.36349,0.0
SCS13,weekday_2130,1783994091,24.0,3.012678,101.40189,0.0
SCS22,weekday_2018,1783994091,8.0,3.09788,101.70588,0.0
SCS26,2955,1783994036,0.0,5.642433,100.48995,0.0
SCS26,2955,1783994111,0.0,5.642433,100.48995,0.0
SCS13,weekday_2130,1783994076,35.0,3.01173,101.400894,0.0
SCS04,2952,1783994139,112.0,6.247927,100.35801,0.0
DMU09,52,1783994127,0.0,6.118463,102.20076,0.0
EMU23,2907,1783994135,113.0,5.04324,100.61777,0.0
DMU10(D6120),51,1783994127,60.0,4.857732,101.9707,0.0
SCS29,weekday_2119,1783994126,67.0,3.034783,101.459,0.0
EMU29,2906,1783994114,120.0,4.937837,100.72013,0.0
SCS04,2952,1783994154,113.0,6.25227,100.357124,0.0
SCS22,weekday_2018,1783994196,36.0,3.102347,101.700264,0.0
DMU09,52,1783994172,0.0,6.118463,102.20076,0.0
SCS26,2955,1783994171,0.0,5.642433,100.48995,0.0
DMU10(D6120),51,1783994157,73.0,4.853497,101.97386,0.0
SCS29,weekday_2119,1783994156,6.0,3.036365,101.45609,0.0
SCS13,weekday_2130,1783994196,43.0,3.017038,101.406586,0.0
EMU23,2907,1783994195,113.0,5.041898,100.63576,0.0
EMU29,2906,1783994194,107.0,4.961007,100.726265,0.0
SCS04,2952,1783994259,116.0,6.283745,100.35069,0.0
SCS13,weekday_2130,1783994241,11.0,3.020188,101.409966,0.0
SCS22,weekday_2018,1783994241,43.0,3.105462,101.696335,0.0
DMU09,52,1783994232,0.0,6.118542,102.20084,0.0
DMU10(D6120),51,1783994232,66.0,4.844143,101.983925,0.0
EMU23,2907,1783994225,116.0,5.041582,100.644714,0.0
SCS29,weekday_2119,1783994231,31.0,3.041228,101.45246,0.0
DMU13,55,1783994249,67.0,6.125665,102.20871,0.0
SCS26,2955,1783994231,0.0,5.642433,100.48995,0.0
EMU23,2907,1783994302,114.0,5.039165,100.66762,0.0
DMU13,55,1783994309,22.0,6.121658,102.20391,0.0
SCS04,2952,1783994304,117.0,6.297248,100.347946,0.0
DMU09,52,1783994292,0.0,6.118453,102.20079,0.0
SCS13,weekday_2130,1783994286,0.0,3.0203,101.41007,0.0
EMU29,2906,1783994284,113.0,4.986455,100.73367,0.0
DMU10(D6120),51,1783994277,62.0,4.839265,101.98995,0.0
SCS29,weekday_2119,1783994276,0.0,3.042478,101.451355,0.0
SCS26,2955,1783994306,107.0,5.631998,100.49078,0.0
SCS22,weekday_2018,1783994331,5.0,3.11037,101.69014,0.0
SCS13,weekday_2130,1783994331,77.0,3.024282,101.41438,0.0
EMU29,2906,1783994374,114.0,5.01233,100.73129,0.0
SCS04,2952,1783994379,117.0,6.31903,100.34147,0.0
DMU13,55,1783994369,15.0,6.119203,102.2013,0.0
SCS26,2955,1783994336,116.0,5.623677,100.494255,0.0
EMU23,2907,1783994332,114.0,5.039262,100.6762,0.0
EMU29,2906,1783994389,116.0,5.016058,100.72876,0.0
SCS29,weekday_2119,1783994426,14.0,3.03907,101.45396,0.0
SCS26,2955,1783994426,115.0,5.597335,100.49313,0.0
DMU13,55,1783994399,0.0,6.118563,102.20077,0.0
EMU23,2907,1783994407,114.0,5.037857,100.69844,0.0
SCS13,weekday_2130,1783994406,34.0,3.033195,101.42397,0.0
SCS22,weekday_2018,1783994406,18.0,3.111082,101.68926,0.0
SCS04,2952,1783994424,116.0,6.330042,100.333244,0.0
SCS11,weekday_2015,1783994410,0.0,3.238368,101.68124,0.0
DMU13,55,1783994489,14.0,6.116987,102.199295,0.0
SCS26,2955,1783994486,117.0,5.579403,100.4953,0.0
EMU23,2907,1783994482,116.0,5.027318,100.717834,0.0
EMU29,2906,1783994434,114.0,5.025945,100.719376,0.0
SCS13,weekday_2130,1783994511,43.0,3.036198,101.42719,0.0
SCS11,weekday_2015,1783994500,0.0,3.238368,101.68124,0.0
SCS04,2952,1783994499,116.0,6.348447,100.319496,0.0
SCS22,weekday_2018,1783994481,16.0,3.112598,101.684715,0.0
DMU09,52,1783994472,0.0,6.118555,102.20065,0.0
SCS29,weekday_2119,1783994471,12.0,3.037285,101.45524,0.0
DMU13,55,1783994549,24.0,6.114868,102.1967,0.0
SCS26,2955,1783994576,114.0,5.552485,100.4997,0.0
SCS04,2952,1783994574,85.0,6.365998,100.30635,0.0
DMU09,52,1783994562,0.0,6.11859,102.20069,0.0
EMU29,2906,1783994539,112.0,5.039352,100.690994,0.0
SCS29,weekday_2119,1783994546,0.0,3.036937,101.45553,0.0
SCS11,weekday_2015,1783994545,0.0,3.238368,101.68124,0.0
EMU29,2906,1783994554,109.0,5.039317,100.686646,0.0
SCS11,weekday_2015,1783994590,0.0,3.238368,101.68124,0.0
DMU09,52,1783994607,0.0,6.11859,102.20069,0.0
DMU10(D6120),51,1783994607,65.0,4.8049,102.01673,0.0
SCS29,weekday_2119,1783994606,0.0,3.036937,101.45553,0.0
SCS26,2955,1783994606,114.0,5.543687,100.501625,0.0
SCS04,2952,1783994589,61.0,6.368357,100.304634,0.0
EMU23,2907,1783994587,113.0,5.001817,100.7355,0.0
DMU13,55,1783994579,42.0,6.113057,102.1945,0.0
SCS22,weekday_2018,1783994571,0.0,3.11313,101.68206,0.0
SCS13,weekday_2130,1783994571,0.0,3.03996,101.43121,0.0
DMU09,52,1783994682,0.0,6.11859,102.20069,0.0
DMU10(D6120),51,1783994682,69.0,4.790855,102.01323,0.0
SCS26,2955,1783994681,114.0,5.52199,100.50771,0.0
SCS11,weekday_2015,1783994680,72.0,3.23144,101.675705,0.0
SCS04,2952,1783994664,0.0,6.371345,100.302376,0.0
EMU23,2907,1783994662,115.0,4.979305,100.73244,0.0
SCS22,weekday_2018,1783994661,21.0,3.114487,101.6804,0.0
SCS13,weekday_2130,1783994661,18.0,3.04189,101.433266,0.0
EMU29,2906,1783994659,110.0,5.040038,100.65585,0.0
SCS29,weekday_2119,1783994636,20.0,3.037683,101.45492,0.0
DMU13,55,1783994714,58.0,6.09693,102.17668,0.0
EMU29,2906,1783994704,118.0,5.041442,100.642075,0.0
SCS11,weekday_2015,1783994695,69.0,3.229522,101.67358,0.0
SCS04,2952,1783994694,69.0,6.373597,100.30072,0.0
EMU23,2907,1783994692,118.0,4.970672,100.72953,0.0
SCS13,weekday_2130,1783994691,9.0,3.042995,101.43443,0.0
DMU09,52,1783994727,0.0,6.11859,102.20069,0.0
DMU10(D6120),51,1783994727,67.0,4.78304,102.011116,0.0
SCS29,weekday_2119,1783994726,4.0,3.042102,101.45159,0.0
SCS26,2955,1783994726,114.0,5.508792,100.505135,0.0
SCS22,weekday_2018,1783994691,21.0,3.116355,101.6794,0.0
SCS22,weekday_2018,1783994751,0.0,3.117872,101.67907,0.0
SCS13,weekday_2130,1783994751,11.0,3.044952,101.436455,0.0
DMU09,52,1783994742,0.0,6.11859,102.20069,0.0
DMU13,55,1783994759,0.0,6.094685,102.17445,0.0
DMU10(D6120),51,1783994787,74.0,4.771087,102.012924,0.0
SCS29,weekday_2119,1783994786,0.0,3.042555,101.451164,0.0
SCS26,2955,1783994786,109.0,5.49156,100.50052,0.0
EMU29,2906,1783994749,116.0,5.042403,100.62833,0.0
SCS04,2952,1783994874,116.0,6.418738,100.27285,0.0
EMU23,2907,1783994854,111.0,4.923177,100.71662,0.0
DMU13,55,1783994819,53.0,6.091742,102.17189,0.0
SCS11,weekday_2015,1783994800,0.0,3.215088,101.67227,0.0
SCS26,2955,1783994846,0.0,5.481597,100.49785,0.0
SCS29,weekday_2119,1783994846,0.0,3.042555,101.451164,0.0
SCS13,weekday_2130,1783994841,24.0,3.045517,101.44572,0.0
DMU10(D6120),51,1783994817,74.0,4.765222,102.013824,0.0
DMU09,52,1783994817,0.0,6.11859,102.20069,0.0
DMU10(D6120),51,1783994877,70.0,4.754042,102.01434,0.0
DMU09,52,1783994877,0.0,6.118493,102.20066,0.0
SCS29,weekday_2119,1783994876,0.0,3.042555,101.451164,0.0
SCS26,2955,1783994921,82.0,5.477475,100.49675,0.0
SCS13,weekday_2130,1783994916,0.0,3.043147,101.45032,0.0
SCS22,weekday_2018,1783994916,19.0,3.126155,101.67864,0.0
SCS11,weekday_2015,1783994905,64.0,3.207553,101.67339,0.0
SCS04,2952,1783994904,93.0,6.42698,100.270004,0.0
EMU23,2907,1783994884,114.0,4.914325,100.71743,0.0
SCS13,weekday_2130,1783994976,10.0,3.042158,101.45182,0.0
SCS22,weekday_2018,1783994976,15.0,3.128903,101.680626,0.0
EMU29,2906,1783994974,115.0,5.030967,100.564514,0.0
SCS11,weekday_2015,1783994980,0.0,3.205398,101.6753,0.0
SCS04,2952,1783994979,0.0,6.43261,100.26809,0.0
SCS26,2955,1783994966,117.0,5.464942,100.49649,0.0
DMU09,52,1783994952,0.0,6.118493,102.20066,0.0
SCS13,weekday_2130,1783995006,25.0,3.040688,101.452934,0.0
DMU09,52,1783994997,0.0,6.118493,102.20066,0.0
DMU10(D6120),51,1783994997,53.0,4.733052,102.01125,0.0
EMU23,2907,1783995004,0.0,4.89617,100.71941,0.0
SCS11,weekday_2015,1783995010,25.0,3.20462,101.67588,0.0
SCS04,2952,1783995009,0.0,6.43261,100.26809,0.0
SCS26,2955,1783994996,114.0,5.456102,100.49419,0.0
SCS22,weekday_2018,1783995006,2.0,3.129855,101.681335,0.0
SCS22,weekday_2018,1783995111,20.0,3.131127,101.68234,0.0
SCS13,weekday_2130,1783995111,72.0,3.033763,101.46751,0.0
DMU09,52,1783995087,0.0,6.118493,102.20066,0.0
SCS11,weekday_2015,1783995085,0.0,3.198813,101.68083,0.0
SCS04,2952,1783995084,115.0,6.44488,100.26387,0.0
EMU29,2906,1783995064,98.0,5.018447,100.54249,0.0
DMU13,55,1783995059,68.0,6.052318,102.14738,0.0
EMU23,2907,1783995049,57.0,4.893967,100.719666,0.0
DMU10(D6120),51,1783995057,0.0,4.730773,102.01076,0.0
SCS26,2955,1783995056,114.0,5.438682,100.48959,0.0
SCS29,weekday_2119,1783995056,33.0,3.0452,101.43691,0.0
SCS22,weekday_2018,1783995156,0.0,3.132012,101.68328,0.0
SCS13,weekday_2130,1783995156,0.0,3.03554,101.469864,0.0
SCS11,weekday_2015,1783995130,25.0,3.198068,101.68141,0.0
EMU23,2907,1783995139,107.0,4.871308,100.7253,0.0
DMU09,52,1783995102,0.0,6.118493,102.20066,0.0
DMU10(D6120),51,1783995102,47.0,4.728117,102.01012,0.0
SCS26,2955,1783995101,114.0,5.426813,100.48318,0.0
SCS04,2952,1783995144,116.0,6.462417,100.25784,0.0
EMU29,2906,1783995094,83.0,5.019795,100.53525,0.0
SCS26,2955,1783995221,114.0,5.392947,100.47102,0.0
DMU13,55,1783995209,0.0,6.042895,102.14241,0.0
SCS29,weekday_2119,1783995206,47.0,3.035713,101.426674,0.0
EMU29,2906,1783995214,10.0,5.028923,100.527145,0.0
EMU23,2907,1783995214,72.0,4.855865,100.73412,0.0
SCS22,weekday_2018,1783995201,0.0,3.132012,101.68328,0.0
SCS13,weekday_2130,1783995171,4.0,3.03554,101.469864,0.0
SCS11,weekday_2015,1783995160,49.0,3.195108,101.68396,0.0
SCS04,2952,1783995159,116.0,6.466768,100.25635,0.0
DMU10(D6120),51,1783995222,85.0,4.708332,102.00326,0.0
DMU10(D6120),51,1783995267,56.0,4.698508,102.002815,0.0
DMU09,52,1783995267,0.0,6.118493,102.20066,0.0
SCS11,weekday_2015,1783995265,39.0,3.184237,101.68943,0.0
SCS22,weekday_2018,1783995261,0.0,3.132012,101.68328,0.0
SCS13,weekday_2130,1783995261,59.0,3.04807,101.47347,0.0
EMU23,2907,1783995229,33.0,4.853872,100.733055,0.0
SCS29,weekday_2119,1783995266,0.0,3.034487,101.42536,0.0
SCS26,2955,1783995266,113.0,5.379547,100.46938,0.0
DMU13,55,1783995224,0.0,6.042895,102.14241,0.0
SCS29,weekday_2119,1783995326,79.0,3.028123,101.41849,0.0
SCS26,2955,1783995326,71.0,5.364082,100.46744,0.0
DMU13,55,1783995299,0.0,6.042895,102.14241,0.0
SCS22,weekday_2018,1783995321,0.0,3.132012,101.68328,0.0
SCS13,weekday_2130,1783995321,70.0,3.052718,101.482285,0.0
SCS22,weekday_2018,1783995381,0.0,3.136573,101.68943,0.0
DMU10(D6120),51,1783995372,12.0,4.692845,102.00326,0.0
SCS29,weekday_2119,1783995371,39.0,3.021937,101.411865,0.0
SCS26,2955,1783995371,41.0,5.358455,100.46668,0.0
SCS11,weekday_2015,1783995385,30.0,3.178948,101.687325,0.0
DMU09,52,1783995357,0.0,6.118515,102.200714,0.0
SCS13,weekday_2130,1783995336,55.0,3.052618,101.48483,0.0
EMU23,2907,1783995349,77.0,4.847555,100.729034,0.0
SCS11,weekday_2015,1783995400,26.0,3.177847,101.68679,0.0
SCS04,2952,1783995399,0.0,6.524427,100.256996,0.0
DMU10(D6120),51,1783995432,54.0,4.685927,102.00288,0.0
SCS29,weekday_2119,1783995431,0.0,3.020977,101.41086,0.0
DMU09,52,1783995402,6.0,6.118755,102.20087,0.0
EMU29,2906,1783995439,109.0,5.077413,100.50148,0.0
EMU23,2907,1783995439,113.0,4.826453,100.73678,0.0
SCS13,weekday_2130,1783995411,3.0,3.052463,101.49227,0.0
SCS22,weekday_2018,1783995411,11.0,3.136295,101.690796,0.0
SCS22,weekday_2018,1783995471,0.0,3.13889,101.693344,0.0
SCS13,weekday_2130,1783995501,31.0,3.052263,101.49761,0.0
EMU23,2907,1783995484,111.0,4.813868,100.74025,0.0
EMU29,2906,1783995484,112.0,5.088962,100.49534,0.0
SCS26,2955,1783995560,0.0,5.36648,100.44725,0.0
DMU10(D6120),51,1783995567,73.0,4.661958,101.99796,0.0
SCS13,weekday_2130,1783995561,73.0,3.051458,101.505615,0.0
SCS22,weekday_2018,1783995561,0.0,3.13889,101.693344,0.0
SCS29,weekday_2119,1783995581,1.0,3.01408,101.4034,0.0
SCS11,weekday_2015,1783995565,7.0,3.174163,101.68507,0.0
SCS04,2952,1783995564,117.0,6.554377,100.25961,0.0
DMU09,52,1783995582,83.0,6.136063,102.22146,0.0
SCS13,weekday_2130,1783995621,69.0,3.054002,101.51693,0.0
EMU23,2907,1783995614,116.0,4.786538,100.766,0.0
DMU13,55,1783995614,13.0,6.037478,102.13961,0.0
DMU09,52,1783995612,78.0,6.140548,102.22611,0.0
DMU10(D6120),51,1783995612,67.0,4.653298,101.9958,0.0
SCS29,weekday_2119,1783995611,0.0,3.013977,101.403305,0.0
SCS22,weekday_2018,1783995606,0.0,3.13889,101.693344,0.0
SCS26,2955,1783995605,0.0,5.36648,100.44725,0.0
SCS04,2952,1783995594,116.0,6.563545,100.25924,0.0
EMU29,2906,1783995589,99.0,5.116932,100.48899,0.0
SCS11,weekday_2015,1783995580,18.0,3.17348,101.6849,0.0
EMU23,2907,1783995644,114.0,4.783895,100.774704,0.0
SCS22,weekday_2018,1783995681,12.0,3.140872,101.6937,0.0
SCS26,2955,1783995680,104.0,5.365437,100.43785,0.0
SCS04,2952,1783995654,117.0,6.581392,100.262115,0.0
EMU29,2906,1783995679,0.0,5.13082,100.48613,0.0
DMU13,55,1783995659,52.0,6.03384,102.13947,0.0
DMU10(D6120),51,1783995657,32.0,4.646747,101.99424,0.0
SCS29,weekday_2119,1783995656,5.0,3.013932,101.40325,0.0
DMU09,52,1783995732,56.0,6.157197,102.22351,0.0
SCS04,2952,1783995729,117.0,6.60454,100.263245,0.0
SCS13,weekday_2130,1783995726,0.0,3.056542,101.52467,0.0
DMU10(D6120),51,1783995717,0.0,4.645673,101.993996,0.0
SCS29,weekday_2119,1783995716,35.0,3.00913,101.398186,0.0
SCS11,weekday_2015,1783995727,9.0,3.166137,101.69029,0.0
EMU23,2907,1783995704,115.0,4.778632,100.792015,0.0
DMU13,55,1783995749,56.0,6.019473,102.14033,0.0
SCS22,weekday_2018,1783995726,14.0,3.14347,101.69339,0.0
SCS26,2955,1783995770,11.0,5.364753,100.420845,0.0
EMU29,2906,1783995769,93.0,5.138917,100.48445,0.0
EMU23,2907,1783995794,0.0,4.776658,100.79915,0.0
SCS29,weekday_2119,1783995821,15.0,3.002977,101.39162,0.0
SCS13,weekday_2130,1783995801,61.0,3.058937,101.5325,0.0
SCS22,weekday_2018,1783995801,41.0,3.14781,101.69082,0.0
EMU29,2906,1783995829,117.0,5.155637,100.48022,0.0
SCS11,weekday_2015,1783995817,38.0,3.164302,101.69176,0.0
SCS26,2955,1783995815,0.0,5.364802,100.420715,0.0
DMU10(D6120),51,1783995807,0.0,4.645492,101.99395,0.0
DMU09,52,1783995807,63.0,6.16173,102.211136,0.0
DMU13,55,1783995779,53.0,6.015022,102.13985,0.0
SCS04,2952,1783995804,117.0,6.62674,100.26792,0.0
SCS11,weekday_2015,1783995847,49.0,3.160062,101.692635,0.0
SCS26,2955,1783995845,26.0,5.365192,100.419716,0.0
EMU23,2907,1783995824,116.0,4.776217,100.827385,0.0
SCS22,weekday_2018,1783995846,27.0,3.153128,101.69189,0.0
SCS13,weekday_2130,1783995846,53.0,3.060958,101.53916,0.0
SCS29,weekday_2119,1783995881,6.0,3.000753,101.39083,0.0
SCS04,2952,1783995879,116.0,6.640858,100.28586,0.0
EMU29,2906,1783995859,90.0,5.16433,100.47976,0.0
DMU13,55,1783995944,77.0,5.983805,102.14276,0.0
EMU23,2907,1783995944,25.0,4.778282,100.856735,0.0
DMU09,52,1783995942,41.0,6.164025,102.204254,0.0
SCS11,weekday_2015,1783995922,0.0,3.154838,101.69337,0.0
SCS13,weekday_2130,1783995921,56.0,3.066188,101.54875,0.0
SCS04,2952,1783995894,116.0,6.643593,100.289536,0.0
DMU10(D6120),51,1783995897,32.0,4.64318,101.99347,0.0
SCS29,weekday_2119,1783995881,6.0,3.000753,101.39083,0.0
EMU29,2906,1783995919,0.0,5.169713,100.47959,0.0
EMU29,2906,1783995949,15.0,5.170082,100.47965,0.0
SCS26,2955,1783996010,88.0,5.380447,100.38692,0.0
DMU13,55,1783996004,62.0,5.972007,102.14356,0.0
SCS13,weekday_2130,1783995951,59.0,3.070387,101.55101,0.0
SCS11,weekday_2015,1783995982,42.0,3.153125,101.692085,0.0
EMU29,2906,1783996054,118.0,5.194502,100.48167,0.0
DMU09,52,1783996047,96.0,6.177228,102.18782,0.0
SCS04,2952,1783996044,55.0,6.660068,100.316895,0.0
SCS13,weekday_2130,1783996041,12.0,3.075533,101.55875,0.0
SCS26,2955,1783996040,84.0,5.383685,100.38084,0.0
EMU23,2907,1783996019,0.0,4.778193,100.857185,0.0
DMU13,55,1783996019,55.0,5.969585,102.143745,0.0
DMU10(D6120),51,1783996002,81.0,4.624307,101.98904,0.0
SCS22,weekday_2018,1783996071,15.0,3.16708,101.6889,0.0
EMU29,2906,1783996069,113.0,5.198522,100.48382,0.0
SCS28,weekday_2131,1783996092,40.0,3.208417,101.62997,0.0
DMU09,52,1783996092,90.0,6.184523,102.17906,0.0
SCS26,2955,1783996070,46.0,5.386313,100.37576,0.0
SCS11,weekday_2015,1783996057,22.0,3.14557,101.69205,0.0
SCS13,weekday_2130,1783996056,0.0,3.075692,101.559006,0.0
DMU13,55,1783996109,24.0,5.965248,102.144,0.0
DMU10(D6120),51,1783996092,83.0,4.604115,101.98476,0.0
SCS04,2952,1783996119,0.0,6.662663,100.319984,0.0
DMU09,52,1783996122,86.0,6.18903,102.17358,0.0
EMU29,2906,1783996144,72.0,5.215535,100.491714,0.0
SCS23,weekday_2135,1783996113,51.0,3.678878,101.52461,0.0
SCS22,weekday_2018,1783996161,23.0,3.170832,101.68511,0.0
SCS11,weekday_2015,1783996132,19.0,3.14102,101.69425,0.0
SCS13,weekday_2130,1783996131,0.0,3.075692,101.559006,0.0
SCS26,2955,1783996130,4.0,5.387543,100.37318,0.0
DMU13,55,1783996124,47.0,5.963643,102.144104,0.0
EMU23,2907,1783996124,114.0,4.77264,100.87283,0.0
SCS13,weekday_2130,1783996221,23.0,3.076925,101.563034,0.0
SCS28,weekday_2131,1783996218,0.0,3.20219,101.63774,0.0
EMU29,2906,1783996189,65.0,5.22234,100.490974,0.0
SCS26,2955,1783996205,22.0,5.389942,100.37072,0.0
DMU13,55,1783996244,75.0,5.94165,102.149704,0.0
EMU23,2907,1783996244,86.0,4.776858,100.90416,0.0
SCS11,weekday_2015,1783996222,15.0,3.138998,101.6937,0.0
EMU23,2907,1783996259,89.0,4.7771,100.90759,0.0
DMU13,55,1783996259,77.0,5.93871,102.15054,0.0
DMU09,52,1783996257,3.0,6.19901,102.16722,0.0
DMU10(D6120),51,1783996272,80.0,4.56721,101.987625,0.0
SCS22,weekday_2018,1783996269,30.0,3.178135,101.686745,0.0
SCS28,weekday_2131,1783996263,38.0,3.200022,101.63981,0.0
SCS11,weekday_2015,1783996252,17.0,3.137473,101.69236,0.0
EMU29,2906,1783996249,108.0,5.236682,100.487785,0.0
SCS22,weekday_2018,1783996329,0.0,3.181505,101.68844,0.0
SCS11,weekday_2015,1783996327,0.0,3.135227,101.68807,0.0
EMU29,2906,1783996324,117.0,5.258537,100.48291,0.0
SCS13,weekday_2130,1783996326,59.0,3.080222,101.57249,0.0
SCS28,weekday_2131,1783996323,102.0,3.194455,101.64951,0.0
SCS28,weekday_2131,1783996353,36.0,3.192043,101.6549,0.0
EMU29,2906,1783996354,119.0,5.267605,100.480865,0.0
DMU13,55,1783996409,76.0,5.908333,102.15895,0.0
SCS22,weekday_2018,1783996404,17.0,3.185803,101.689964,0.0
EMU23,2907,1783996471,77.0,4.77924,100.93502,0.0
SCS23,weekday_2135,1783996469,104.0,3.612715,101.58278,0.0
DMU13,55,1783996454,75.0,5.899233,102.15824,0.0
SCS22,weekday_2018,1783996449,53.0,3.189522,101.68838,0.0
SCS11,weekday_2015,1783996447,0.0,3.135227,101.68807,0.0
EMU29,2906,1783996444,12.0,5.28618,100.480835,0.0
SCS28,weekday_2131,1783996428,31.0,3.191492,101.65625,0.0
SCS22,weekday_2018,1783996524,0.0,3.197765,101.681656,0.0
SCS13,weekday_2130,1783996521,0.0,3.084857,101.587875,0.0
DMU05,34,1783996521,0.0,2.57978,102.61346,0.0
SCS28,weekday_2131,1783996533,0.0,3.18608,101.66467,0.0
DMU10(D6120),51,1783996527,70.0,4.52039,101.97224,0.0
SCS11,weekday_2015,1783996522,0.0,3.135227,101.68807,0.0
EMU29,2906,1783996521,40.0,5.289448,100.482155,0.0
DMU13,55,1783996499,32.0,5.892385,102.157364,0.0
SCS23,weekday_2135,1783996514,100.0,3.603565,101.59029,0.0
SCS22,weekday_2018,1783996584,72.0,3.20075,101.67913,0.0
SCS04,2959,1783996569,17.0,6.662003,100.31915,0.0
SCS28,weekday_2131,1783996563,0.0,3.18608,101.66467,0.0
EMU23,2907,1783996561,112.0,4.802553,100.94248,0.0
SCS23,weekday_2135,1783996559,88.0,3.599115,101.59996,0.0
SCS13,weekday_2130,1783996551,2.0,3.084732,101.5881,0.0
SCS26,2958,1783996535,0.0,5.393225,100.36644,0.0
SCS11,weekday_2015,1783996567,20.0,3.1299,101.681526,0.0
EMU29,2906,1783996566,92.0,5.297133,100.481834,0.0
EMU23,2907,1783996651,114.0,4.826057,100.95171,0.0
SCS11,weekday_2015,1783996627,15.0,3.127362,101.67944,0.0
DMU05,34,1783996626,22.0,2.578622,102.60927,0.0
SCS13,weekday_2130,1783996641,54.0,3.083617,101.596214,0.0
SCS04,2959,1783996629,47.0,6.65833,100.31427,0.0
EMU29,2906,1783996626,123.0,5.313382,100.47456,0.0
SCS28,weekday_2131,1783996593,66.0,3.184588,101.66645,0.0
EMU23,2907,1783996726,113.0,4.839437,100.968124,0.0
SCS23,weekday_2135,1783996724,107.0,3.564133,101.62504,0.0
SCS26,2958,1783996715,16.0,5.38941,100.37125,0.0
DMU13,55,1783996694,77.0,5.86826,102.15442,0.0
DMU05,34,1783996686,40.0,2.579415,102.60383,0.0
SCS13,weekday_2130,1783996686,60.0,3.082835,101.60309,0.0
SCS22,weekday_2018,1783996674,9.0,3.204408,101.67594,0.0
SCS04,2959,1783996674,49.0,6.655115,100.30948,0.0
SCS11,weekday_2015,1783996672,26.0,3.125083,101.67828,0.0
SCS28,weekday_2131,1783996668,73.0,3.17499,101.682,0.0
DMU10(D6120),51,1783996767,72.0,4.494013,101.948074,0.0
SCS28,weekday_2131,1783996758,13.0,3.16528,101.69112,0.0
EMU23,2907,1783996756,115.0,4.841907,100.976776,0.0
EMU29,2906,1783996746,96.0,5.346857,100.468445,0.0
DMU13,55,1783996739,78.0,5.858862,102.15323,0.0
SCS11,weekday_2015,1783996732,24.0,3.120815,101.67856,0.0
SCS22,weekday_2018,1783996719,71.0,3.209083,101.672424,0.0
SCS13,weekday_2130,1783996716,40.0,3.082915,101.607376,0.0
SCS28,weekday_2131,1783996773,0.0,3.165152,101.691216,0.0
SCS04,2959,1783996779,115.0,6.643147,100.28899,0.0
DMU13,55,1783996829,77.0,5.840025,102.150856,0.0
SCS22,weekday_2018,1783996824,85.0,3.21857,101.67238,0.0
EMU23,2907,1783996816,115.0,4.845468,100.99438,0.0
SCS23,weekday_2135,1783996814,5.0,3.553872,101.63954,0.0
DMU05,34,1783996776,59.0,2.587935,102.5968,0.0
EMU29,2906,1783996776,30.0,5.352205,100.46679,0.0
SCS26,2958,1783996775,53.0,5.386327,100.37584,0.0
EMU29,2906,1783996911,90.0,5.365382,100.454155,0.0
SCS13,weekday_2130,1783996911,0.0,3.084598,101.62137,0.0
SCS26,2958,1783996910,87.0,5.371518,100.40383,0.0
EMU23,2907,1783996906,116.0,4.83606,101.019165,0.0
SCS23,weekday_2135,1783996904,79.0,3.55004,101.639885,0.0
DMU13,55,1783996874,76.0,5.830887,102.14971,0.0
SCS04,2959,1783996899,116.0,6.617583,100.26487,0.0
SCS22,weekday_2018,1783996899,34.0,3.231263,101.67537,0.0
DMU05,34,1783996866,74.0,2.604227,102.59317,0.0
DMU10(D6120),51,1783996872,21.0,4.489732,101.94468,0.0
SCS11,weekday_2015,1783996867,0.0,3.119317,101.67889,0.0
SCS28,weekday_2131,1783996863,20.0,3.164382,101.6917,0.0
DMU13,55,1783996904,69.0,5.824997,102.14903,0.0
SCS28,weekday_2131,1783996923,59.0,3.156417,101.693756,0.0
DMU05,34,1783996896,81.0,2.610158,102.59137,0.0
SCS11,weekday_2015,1783996942,0.0,3.119317,101.67889,0.0
SCS04,2959,1783996914,117.0,6.613007,100.26421,0.0
SCS13,weekday_2130,1783996941,0.0,3.084598,101.62137,0.0
EMU23,2907,1783996921,114.0,4.832505,101.02195,0.0
SCS23,weekday_2135,1783996919,97.0,3.546667,101.63877,0.0
EMU23,2907,1783996996,115.0,4.823277,101.041435,0.0
SCS23,weekday_2135,1783996994,96.0,3.529893,101.631065,0.0
SCS28,weekday_2131,1783996983,0.0,3.153827,101.692474,0.0
SCS04,2959,1783997019,117.0,6.580923,100.26211,0.0
SCS22,weekday_2018,1783997019,5.0,3.237088,101.6812,0.0
SCS26,2958,1783997015,7.0,5.364873,100.42072,0.0
EMU29,2906,1783997001,0.0,5.366373,100.44751,0.0
SCS13,weekday_2130,1783997001,40.0,3.08513,101.62761,0.0
DMU05,34,1783997001,78.0,2.630467,102.59277,0.0
DMU13,55,1783996994,51.0,5.809368,102.14704,0.0
DMU10(D6120),51,1783996992,78.0,4.470275,101.931984,0.0
SCS11,weekday_2015,1783996987,0.0,3.119317,101.67889,0.0
SCS26,2958,1783997045,0.0,5.364812,100.42087,0.0
DMU13,55,1783997039,0.0,5.806413,102.14669,0.0
SCS28,weekday_2131,1783997058,51.0,3.151933,101.69108,0.0
SCS11,weekday_2015,1783997047,22.0,3.11619,101.67963,0.0
SCS04,2959,1783997034,120.0,6.576457,100.26084,0.0
SCS23,weekday_2135,1783997054,95.0,3.515207,101.62966,0.0
DMU05,34,1783997046,76.0,2.638265,102.588104,0.0
EMU29,2906,1783997046,57.0,5.36681,100.44465,0.0
SCS13,weekday_2130,1783997031,25.0,3.084783,101.63075,0.0
DMU13,55,1783997114,0.0,5.806413,102.14669,0.0
DMU10(D6120),51,1783997112,75.0,4.45002,101.93885,0.0
SCS22,weekday_2018,1783997109,0.0,3.237112,101.68118,0.0
SCS28,weekday_2131,1783997118,20.0,3.145348,101.69215,0.0
EMU29,2906,1783997121,86.0,5.362362,100.427536,0.0
SCS13,weekday_2130,1783997121,14.0,3.08464,101.63168,0.0
DMU05,34,1783997121,77.0,2.647015,102.5766,0.0
SCS23,weekday_2135,1783997114,50.0,3.502433,101.6339,0.0
SCS26,2958,1783997120,5.0,5.364748,100.42103,0.0
DMU05,34,1783997181,74.0,2.656727,102.56834,0.0
EMU23,2907,1783997188,44.0,4.818122,101.07208,0.0
SCS26,2958,1783997135,27.0,5.364497,100.421684,0.0
EMU29,2906,1783997181,0.0,5.364608,100.42121,0.0
SCS11,weekday_2015,1783997152,0.0,3.112722,101.684166,0.0
DMU10(D6120),51,1783997202,77.0,4.432987,101.935585,0.0
SCS22,weekday_2018,1783997199,0.0,3.237112,101.68118,0.0
SCS23,weekday_2135,1783997189,46.0,3.499208,101.63438,0.0
DMU13,55,1783997189,0.0,5.806413,102.14669,0.0
SCS04,2959,1783997154,115.0,6.539642,100.25964,0.0
SCS13,weekday_2130,1783997151,42.0,3.084172,101.63459,0.0
SCS28,weekday_2131,1783997238,0.0,3.139115,101.69354,0.0
DMU05,34,1783997211,75.0,2.66122,102.56432,0.0
SCS26,2958,1783997210,95.0,5.364465,100.43573,0.0
SCS11,weekday_2015,1783997197,67.0,3.112302,101.68773,0.0
EMU29,2906,1783997196,0.0,5.364608,100.42121,0.0
SCS13,weekday_2130,1783997196,47.0,3.083267,101.64033,0.0
SCS23,weekday_2135,1783997309,62.0,3.470883,101.63822,0.0
SCS13,weekday_2130,1783997301,39.0,3.082868,101.65465,0.0
EMU29,2906,1783997301,101.0,5.370425,100.406166,0.0
DMU05,34,1783997301,75.0,2.671437,102.549126,0.0
SCS26,2958,1783997300,0.0,5.36646,100.44733,0.0
DMU13,55,1783997294,0.0,5.806402,102.14668,0.0
EMU23,2907,1783997293,116.0,4.798252,101.09078,0.0
DMU10(D6120),51,1783997292,0.0,4.422735,101.93199,0.0
SCS11,weekday_2015,1783997287,0.0,3.109192,101.691895,0.0
SCS28,weekday_2131,1783997283,1.0,3.139002,101.69351,0.0
SCS22,weekday_2018,1783997259,0.0,3.234785,101.67995,0.0
DMU10(D6120),51,1783997382,53.0,4.419362,101.93044,0.0
SCS22,weekday_2018,1783997379,76.0,3.218832,101.67237,0.0
EMU29,2906,1783997361,99.0,5.377463,100.392525,0.0
SCS28,weekday_2131,1783997328,19.0,3.137032,101.69147,0.0
SCS11,weekday_2015,1783997317,0.0,3.109192,101.691895,0.0
SCS26,2958,1783997330,0.0,5.36646,100.44733,0.0
DMU05,34,1783997316,76.0,2.671843,102.54608,0.0
SCS13,weekday_2130,1783997316,11.0,3.083267,101.65576,0.0
SCS23,weekday_2135,1783997369,8.0,3.468952,101.6379,0.0
SCS11,weekday_2015,1783997392,0.0,3.109192,101.691895,0.0
SCS04,2959,1783997379,116.0,6.499493,100.2534,0.0
DMU13,55,1783997429,68.0,5.789568,102.1445,0.0
SCS23,weekday_2135,1783997429,90.0,3.457027,101.639336,0.0
EMU23,2907,1783997428,114.0,4.765182,101.11388,0.0
DMU10(D6120),51,1783997427,81.0,4.412008,101.927216,0.0
DMU05,34,1783997421,72.0,2.683882,102.529236,0.0
EMU29,2906,1783997421,73.0,5.38429,100.37967,0.0
SCS13,weekday_2130,1783997421,21.0,3.084838,101.66015,0.0
SCS22,weekday_2018,1783997424,77.0,3.209425,101.672325,0.0
SCS28,weekday_2131,1783997388,0.0,3.135983,101.689026,0.0
SCS26,2958,1783997405,47.0,5.36554,100.4535,0.0
SCS11,weekday_2015,1783997452,0.0,3.109192,101.691895,0.0
DMU05,34,1783997451,75.0,2.686868,102.52422,0.0
SCS22,weekday_2018,1783997499,36.0,3.199102,101.68053,0.0
SCS26,2958,1783997450,43.0,5.363473,100.45876,0.0
SCS23,weekday_2135,1783997489,115.0,3.440542,101.6377,0.0
SCS04,2959,1783997499,117.0,6.463353,100.25752,0.0
SCS04,2959,1783997544,111.0,6.450535,100.26195,0.0
SCS13,weekday_2130,1783997541,14.0,3.0864,101.66414,0.0
DMU05,34,1783997541,72.0,2.701352,102.51325,0.0
SCS26,2958,1783997495,38.0,5.359512,100.46202,0.0
EMU23,2907,1783997548,114.0,4.730255,101.12203,0.0
SCS23,weekday_2135,1783997579,93.0,3.419932,101.624794,0.0
DMU05,34,1783997601,4.0,2.704213,102.50617,0.0
DMU10(D6120),51,1783997577,69.0,4.38304,101.92258,0.0
EMU23,2907,1783997653,113.0,4.703368,101.13406,0.0
DMU10(D6120),51,1783997652,60.0,4.37063,101.9248,0.0
SCS13,weekday_2130,1783997631,55.0,3.091262,101.6694,0.0
DMU05,34,1783997631,10.0,2.704388,102.50585,0.0
SCS26,2958,1783997628,118.0,5.375168,100.46874,0.0
DMU13,55,1783997654,43.0,5.760692,102.1527,0.0
SCS23,weekday_2135,1783997639,117.0,3.403505,101.62789,0.0
SCS04,2959,1783997664,0.0,6.432533,100.26815,0.0
SCS22,weekday_2018,1783997664,0.0,3.193102,101.68563,0.0
SCS11,weekday_2015,1783997662,20.0,3.09917,101.70435,0.0
EMU23,2907,1783997743,115.0,4.67927,101.13998,0.0
SCS26,2958,1783997703,115.0,5.39764,100.47156,0.0
SCS04,2959,1783997694,4.0,6.432533,100.26815,0.0
EMU22,2908,1783997744,14.0,4.598247,101.07344,0.0
DMU13,55,1783997744,76.0,5.74602,102.15849,0.0
SCS23,weekday_2135,1783997744,60.0,3.377985,101.61638,0.0
DMU10(D6120),51,1783997712,42.0,4.359612,101.922,0.0
SCS04,2959,1783997784,118.0,6.414358,100.27441,0.0
EMU23,2907,1783997788,114.0,4.668217,101.13222,0.0
DMU10(D6120),51,1783997787,28.0,4.357525,101.92106,0.0
SCS22,weekday_2018,1783997784,3.0,3.191465,101.686966,0.0
SCS11,weekday_2015,1783997767,0.0,3.098643,101.705086,0.0
SCS13,weekday_2130,1783997751,65.0,3.099362,101.67096,0.0
DMU05,34,1783997751,73.0,2.719228,102.495285,0.0
SCS23,weekday_2135,1783997774,0.0,3.376453,101.61489,0.0
EMU22,2908,1783997774,20.0,4.599925,101.07431,0.0
DMU13,55,1783997774,76.0,5.740133,102.160194,0.0
EMU23,2907,1783997803,116.0,4.664608,101.12943,0.0
SCS11,weekday_2015,1783997797,0.0,3.098643,101.705086,0.0
SCS13,weekday_2130,1783997796,59.0,3.106663,101.673386,0.0
SCS26,2958,1783997838,113.0,5.43435,100.487976,0.0
EMU22,2908,1783997849,50.0,4.60678,101.07642,0.0
DMU13,55,1783997849,66.0,5.726455,102.15967,0.0
SCS23,weekday_2135,1783997849,94.0,3.371318,101.6097,0.0
DMU05,34,1783997826,78.0,2.731242,102.48633,0.0
DMU05,34,1783997856,78.0,2.736455,102.48282,0.0
SCS04,2959,1783997934,93.0,6.37651,100.29856,0.0
SCS26,2958,1783997868,115.0,5.442917,100.49063,0.0
DMU13,55,1783997984,22.0,5.706225,102.15196,0.0
EMU22,2908,1783997984,95.0,4.623457,101.09823,0.0
EMU23,2907,1783997970,112.0,4.624332,101.09896,0.0
SCS23,weekday_2135,1783997969,93.0,3.3632,101.578316,0.0
SCS26,2958,1783997943,114.0,5.464757,100.49636,0.0
SCS22,weekday_2018,1783997964,4.0,3.188852,101.68851,0.0
SCS11,weekday_2015,1783997917,0.0,3.098643,101.705086,0.0
EMU23,2907,1783998000,109.0,4.617322,101.09378,0.0
SCS23,weekday_2135,1783997999,92.0,3.359828,101.57218,0.0
SCS26,2958,1783997973,110.0,5.473678,100.49592,0.0
DMU10(D6120),51,1783998057,75.0,4.304423,101.921196,0.0
EMU23,2907,1783998090,68.0,4.609987,101.079895,0.0
SCS23,weekday_2135,1783998089,78.0,3.337855,101.57278,0.0
DMU13,55,1783998089,0.0,5.702893,102.1519,0.0
SCS26,2958,1783998033,0.0,5.481753,100.4978,0.0
SCS24,weekday_2019,1783998037,0.0,3.237138,101.68123,0.0
SCS11,weekday_2015,1783998037,0.0,3.098643,101.705086,0.0
SCS11,weekday_2015,1783998142,0.0,3.098643,101.705086,0.0
SCS24,weekday_2019,1783998142,0.0,3.237138,101.68123,0.0
SCS13,weekday_2130,1783998141,14.0,3.122775,101.67631,0.0
DMU05,34,1783998141,57.0,2.757928,102.46987,0.0
SCS26,2958,1783998138,112.0,5.496632,100.5018,0.0
EMU23,2907,1783998135,66.0,4.603475,101.07555,0.0
SCS23,weekday_2135,1783998164,38.0,3.327777,101.56939,0.0
EMU22,2908,1783998149,109.0,4.653868,101.12103,0.0
DMU13,55,1783998149,14.0,5.701168,102.15194,0.0
DMU10(D6120),51,1783998147,0.0,4.293435,101.92212,0.0
SCS04,2959,1783998204,116.0,6.332353,100.331535,0.0
EMU23,2907,1783998180,16.0,4.59813,101.07346,0.0
EMU22,2908,1783998179,106.0,4.660628,101.12625,0.0
SCS26,2958,1783998168,113.0,5.505138,100.5041,0.0
SCS11,weekday_2015,1783998157,0.0,3.098643,101.705086,0.0
SCS24,weekday_2019,1783998157,4.0,3.23715,101.6812,0.0
DMU13,55,1783998179,13.0,5.699733,102.15195,0.0
SCS13,weekday_2130,1783998156,21.0,3.123415,101.6769,0.0
DMU05,34,1783998156,62.0,2.760383,102.46935,0.0
SCS23,weekday_2135,1783998269,4.0,3.320067,101.574745,0.0
SCS26,2958,1783998273,115.0,5.535747,100.50383,0.0
SCS11,weekday_2015,1783998247,0.0,3.098643,101.705086,0.0
SCS24,weekday_2019,1783998262,52.0,3.230922,101.67498,0.0
DMU05,34,1783998261,62.0,2.775338,102.461624,0.0
SCS13,weekday_2130,1783998299,5.0,3.130552,101.68185,0.0
DMU10(D6120),51,1783998297,80.0,4.272967,101.922,0.0
EMU22,2908,1783998295,105.0,4.686712,101.14159,0.0
SCS24,weekday_2019,1783998292,68.0,3.226615,101.67276,0.0
DMU05,34,1783998276,56.0,2.776998,102.46001,0.0
SCS23,weekday_2135,1783998344,34.0,3.317855,101.57495,0.0
EMU23,2907,1783998345,0.0,4.597883,101.07327,0.0
SCS11,weekday_2015,1783998352,0.0,3.098643,101.705086,0.0
SCS26,2958,1783998333,114.0,5.553288,100.49954,0.0
SCS13,weekday_2130,1783998359,38.0,3.131847,101.68279,0.0
SCS26,2958,1783998393,114.0,5.571105,100.49662,0.0
DMU13,55,1783998389,70.0,5.663658,102.15687,0.0
SCS23,weekday_2135,1783998389,95.0,3.310117,101.574974,0.0
DMU10(D6120),51,1783998387,30.0,4.258632,101.92545,0.0
SCS04,2959,1783998384,116.0,6.282058,100.3511,0.0
SCS24,weekday_2019,1783998382,0.0,3.213892,101.67214,0.0
SCS11,weekday_2015,1783998382,0.0,3.098643,101.705086,0.0
DMU05,34,1783998381,57.0,2.786068,102.4457,0.0
EMU22,2908,1783998355,102.0,4.701963,101.13557,0.0
EMU23,2907,1783998360,0.0,4.597883,101.07327,0.0
SCS23,weekday_2135,1783998419,92.0,3.302325,101.57502,0.0
SCS26,2958,1783998438,114.0,5.584425,100.49446,0.0
SCS11,weekday_2015,1783998397,0.0,3.098643,101.705086,0.0
DMU05,34,1783998441,51.0,2.78821,102.437416,0.0
SCS24,weekday_2019,1783998412,0.0,3.213892,101.67214,0.0
SCS13,weekday_2130,1783998509,0.0,3.132625,101.68353,0.0
SCS23,weekday_2135,1783998509,69.0,3.284972,101.56875,0.0
EMU22,2908,1783998505,100.0,4.735263,101.12176,0.0
DMU13,55,1783998479,72.0,5.646672,102.158844,0.0
DMU10(D6120),51,1783998477,38.0,4.256158,101.925545,0.0
SCS04,2959,1783998474,116.0,6.255097,100.35661,0.0
SCS24,weekday_2019,1783998457,53.0,3.209798,101.672295,0.0
EMU22,2908,1783998535,102.0,4.743288,101.12145,0.0
SCS23,weekday_2135,1783998584,59.0,3.273482,101.56168,0.0
SCS26,2958,1783998543,113.0,5.615542,100.496925,0.0
DMU13,55,1783998539,69.0,5.635605,102.16091,0.0
SCS13,weekday_2130,1783998539,0.0,3.132625,101.68353,0.0
DMU10(D6120),51,1783998537,64.0,4.250688,101.93345,0.0
EMU22,2908,1783998610,106.0,4.762573,101.11502,0.0
DMU13,55,1783998614,67.0,5.622217,102.16534,0.0
SCS23,weekday_2135,1783998614,66.0,3.268817,101.55961,0.0
DMU10(D6120),51,1783998612,74.0,4.248588,101.94663,0.0
DMU05,34,1783998576,73.0,2.799902,102.418625,0.0
SCS26,2958,1783998573,115.0,5.624075,100.494064,0.0
SCS13,weekday_2130,1783998614,0.0,3.132625,101.68353,0.0
SCS11,weekday_2015,1783998697,0.0,3.098643,101.705086,0.0
DMU10(D6120),51,1783998657,75.0,4.248735,101.955605,0.0
SCS26,2958,1783998648,28.0,5.642037,100.48987,0.0
DMU05,34,1783998681,21.0,2.811217,102.40411,0.0
SCS04,2959,1783998699,96.0,6.188575,100.37138,0.0
SCS24,weekday_2019,1783998697,4.0,3.197848,101.681595,0.0
DMU05,34,1783998696,4.0,2.811508,102.40372,0.0
SCS26,2958,1783998708,4.0,5.642598,100.48997,0.0
SCS23,weekday_2135,1783998704,19.0,3.262032,101.55656,0.0
DMU13,55,1783998704,61.0,5.606197,102.16969,0.0
SCS13,weekday_2130,1783998704,0.0,3.132625,101.68353,0.0
DMU10(D6120),51,1783998702,73.0,4.247037,101.96457,0.0
EMU22,2908,1783998700,110.0,4.781512,101.10058,0.0
DMU13,55,1783998824,35.0,5.5981,102.17589,0.0
SCS13,weekday_2130,1783998824,5.0,3.138853,101.69324,0.0
SCS23,weekday_2135,1783998824,25.0,3.257612,101.55477,0.0
DMU10(D6120),51,1783998822,73.0,4.235242,101.9843,0.0
DMU05,34,1783998786,0.0,2.811403,102.40371,0.0
EMU22,2908,1783998820,95.0,4.80832,101.080956,0.0
SCS24,weekday_2019,1783998787,41.0,3.19161,101.68693,0.0
SCS26,2958,1783998813,115.0,5.665175,100.49382,0.0
SCS11,weekday_2015,1783998787,0.0,3.098643,101.705086,0.0
SCS04,2959,1783998819,53.0,6.182488,100.37548,0.0
DMU13,55,1783998869,51.0,5.592528,102.17697,0.0
SCS13,weekday_2130,1783998869,0.0,3.138987,101.69335,0.0
SCS23,weekday_2135,1783998869,27.0,3.253928,101.55482,0.0
DMU10(D6120),51,1783998867,26.0,4.232985,101.9896,0.0
EMU22,2908,1783998865,68.0,4.815857,101.07528,0.0
SCS26,2958,1783998843,113.0,5.674058,100.495346,0.0
SCS04,2959,1783998939,116.0,6.148868,100.38022,0.0
SCS24,weekday_2019,1783998922,0.0,3.181562,101.688446,0.0
SCS11,weekday_2015,1783998922,0.0,3.098643,101.705086,0.0
DMU05,34,1783998921,0.0,2.811443,102.403625,0.0
SCS23,weekday_2135,1783998914,51.0,3.24974,101.55651,0.0
SCS26,2958,1783998918,114.0,5.693415,100.50655,0.0
DMU10(D6120),51,1783998897,0.0,4.232573,101.99061,0.0
EMU22,2908,1783998895,32.0,4.818343,101.071655,0.0
SCS23,weekday_2135,1783999004,92.0,3.231593,101.55962,0.0
SCS11,weekday_2015,1783998982,0.0,3.098643,101.705086,0.0
SCS24,weekday_2019,1783998952,2.0,3.181487,101.688446,0.0
DMU05,34,1783998951,0.0,2.811452,102.40367,0.0
SCS26,2958,1783998933,114.0,5.697268,100.5088,0.0
SCS24,weekday_2019,1783999042,27.0,3.176343,101.685745,0.0
DMU10(D6120),51,1783999032,68.0,4.230243,101.99604,0.0
EMU22,2908,1783999030,94.0,4.823363,101.06325,0.0
SCS11,weekday_2015,1783999027,0.0,3.098643,101.705086,0.0
SCS13,weekday_2130,1783999019,39.0,3.146062,101.69147,0.0
SCS23,weekday_2135,1783999019,94.0,3.227985,101.56068,0.0
SCS26,2958,1783999008,114.0,5.7191,100.51434,0.0
DMU05,34,1783999056,0.0,2.811465,102.40366,0.0
SCS23,weekday_2135,1783999124,42.0,3.210025,101.57459,0.0
SCS26,2958,1783999113,114.0,5.748765,100.50383,0.0
DMU13,55,1783999094,71.0,5.5551,102.19429,0.0
SCS04,2959,1783999104,0.0,6.113552,100.3699,0.0
SCS11,weekday_2015,1783999057,0.0,3.098643,101.705086,0.0
SCS24,weekday_2019,1783999057,21.0,3.17526,101.68531,0.0
SCS23,weekday_2135,1783999124,42.0,3.210025,101.57459,0.0
SCS04,2959,1783999149,5.0,6.113468,100.369934,0.0
SCS24,weekday_2019,1783999132,0.0,3.173192,101.684784,0.0
SCS11,weekday_2015,1783999132,0.0,3.098643,101.705086,0.0
SCS26,2958,1783999128,114.0,5.752948,100.50217,0.0
DMU05,34,1783999206,0.0,2.811505,102.40364,0.0
SCS26,2958,1783999173,114.0,5.765078,100.49627,0.0
SCS13,weekday_2130,1783999199,54.0,3.159675,101.69269,0.0
EMU22,2908,1783999198,111.0,4.83446,101.02036,0.0
SCS23,weekday_2135,1783999229,0.0,3.206352,101.57967,0.0
SCS26,2958,1783999293,117.0,5.798432,100.48227,0.0
SCS04,2959,1783999254,119.0,6.091438,100.37346,0.0
SCS11,weekday_2015,1783999237,0.0,3.098643,101.705086,0.0
SCS13,weekday_2130,1783999274,0.0,3.162903,101.69192,0.0
EMU22,2908,1783999333,103.0,4.843847,100.98479,0.0
DMU10(D6120),51,1783999317,60.0,4.200605,102.03815,0.0
DMU05,34,1783999296,0.0,2.811462,102.403656,0.0
SCS23,weekday_2135,1783999364,85.0,3.201133,101.59247,0.0
DMU13,55,1783999334,0.0,5.53016,102.20307,0.0
SCS13,weekday_2130,1783999334,0.0,3.165042,101.69117,0.0
SCS11,weekday_2015,1783999312,0.0,3.098643,101.705086,0.0
SCS24,weekday_2019,1783999310,25.0,3.16672,101.68954,0.0
EMU22,2908,1783999378,95.0,4.840897,100.973335,0.0
SCS26,2958,1783999413,0.0,5.823845,100.47799,0.0
SCS24,weekday_2019,1783999415,29.0,3.163978,101.69187,0.0
DMU10(D6120),51,1783999362,55.0,4.19512,102.04231,0.0
DMU13,55,1783999409,0.0,5.53009,102.20301,0.0
SCS23,weekday_2135,1783999409,89.0,3.200543,101.6028,0.0
SCS13,weekday_2130,1783999379,2.0,3.165088,101.69115,0.0
SCS11,weekday_2015,1783999447,0.0,3.098643,101.705086,0.0
SCS24,weekday_2019,1783999475,48.0,3.156335,101.69378,0.0
DMU05,34,1783999461,0.0,2.811388,102.403725,0.0
SCS13,weekday_2130,1783999439,75.0,3.17006,101.685356,0.0
EMU22,2908,1783999438,94.0,4.83572,100.95898,0.0
DMU10(D6120),51,1783999437,40.0,4.189292,102.05066,0.0
SCS26,2958,1783999443,0.0,5.823845,100.47799,0.0
DMU13,55,1783999439,6.0,5.529822,102.20314,0.0
SCS04,2959,1783999419,116.0,6.047268,100.398155,0.0
SCS23,weekday_2135,1783999484,76.0,3.20566,101.61542,0.0
SCS11,weekday_2015,1783999477,0.0,3.098643,101.705086,0.0
DMU13,55,1783999484,11.0,5.528365,102.20381,0.0
SCS26,2958,1783999518,114.0,5.838195,100.47683,0.0
SCS04,2959,1783999539,117.0,6.015535,100.41609,0.0
DMU05,34,1783999476,0.0,2.811388,102.403725,0.0
DMU10(D6120),51,1783999527,0.0,4.187192,102.053,0.0
SCS13,weekday_2130,1783999559,34.0,3.185225,101.66566,0.0
DMU13,55,1783999559,0.0,5.526382,102.20477,0.0
SCS23,weekday_2135,1783999559,25.0,3.20876,101.62722,0.0
EMU22,2908,1783999558,102.0,4.807032,100.948044,0.0
SCS26,2958,1783999548,107.0,5.846975,100.47689,0.0
SCS24,weekday_2019,1783999610,23.0,3.15013,101.69059,0.0
DMU13,55,1783999649,4.0,5.527348,102.20437,0.0
SCS23,weekday_2135,1783999649,20.0,3.208787,101.62817,0.0
SCS04,2959,1783999614,116.0,5.995562,100.42736,0.0
DMU05,34,1783999596,0.0,2.811388,102.403725,0.0
SCS13,weekday_2130,1783999634,42.0,3.18682,101.66352,0.0
DMU10(D6120),51,1783999632,0.0,4.187293,102.05297,0.0
EMU22,2908,1783999618,99.0,4.795038,100.93729,0.0
SCS11,weekday_2015,1783999597,0.0,3.098643,101.705086,0.0
SCS23,weekday_2135,1783999690,36.0,3.207727,101.63211,0.0
SCS26,2958,1783999683,114.0,5.887475,100.47692,0.0
SCS04,2959,1783999704,63.0,5.974995,100.438995,0.0
SCS24,weekday_2019,1783999670,18.0,3.146198,101.69147,0.0
DMU05,34,1783999656,0.0,2.811458,102.40365,0.0
SCS04,2959,1783999764,0.0,5.972607,100.44034,0.0
DMU05,34,1783999731,0.0,2.811458,102.40365,0.0
DMU13,55,1783999754,4.0,5.52989,102.203125,0.0
SCS23,weekday_2135,1783999750,30.0,3.20406,101.63612,0.0
SCS24,weekday_2019,1783999730,25.0,3.14298,101.693985,0.0
SCS24,weekday_2019,1783999775,18.0,3.139973,101.69389,0.0
SCS04,2959,1783999794,53.0,5.971357,100.44105,0.0
DMU05,34,1783999776,0.0,2.811458,102.40365,0.0
SCS13,weekday_2130,1783999829,47.0,3.196395,101.64502,0.0
EMU22,2908,1783999828,92.0,4.77468,100.92363,0.0
DMU10(D6120),51,1783999797,6.0,4.187617,102.05264,0.0
SCS23,weekday_2135,1783999795,0.0,3.203192,101.63694,0.0
DMU13,55,1783999874,0.0,5.530223,102.20296,0.0
DMU05,34,1783999866,0.0,2.811458,102.40365,0.0
SCS11,weekday_2015,1783999837,0.0,3.098643,101.705086,0.0
SCS24,weekday_2019,1783999835,0.0,3.139152,101.69355,0.0
SCS26,2958,1783999833,114.0,5.929965,100.462296,0.0
SCS24,weekday_2019,1783999940,25.0,3.135795,101.68904,0.0
DMU13,55,1783999904,0.0,5.530223,102.20296,0.0
DMU05,34,1783999926,29.0,2.812915,102.40187,0.0
SCS26,2958,1783999908,114.0,5.950407,100.452805,0.0
SCS13,weekday_2130,1783999994,17.0,3.20256,101.637276,0.0
DMU13,55,1783999994,0.0,5.530223,102.20296,0.0
EMU22,2908,1783999993,103.0,4.771205,100.88355,0.0
SCS04,2959,1784000034,116.0,5.907632,100.47095,0.0
DMU05,34,1784000061,62.0,2.831622,102.39163,0.0
SCS26,2958,1784000043,0.0,5.971578,100.44084,0.0
DMU13,55,1784000024,0.0,5.530223,102.20296,0.0
SCS13,weekday_2130,1784000039,53.0,3.206525,101.633545,0.0
EMU22,2908,1784000038,92.0,4.772887,100.87202,0.0
SCS23,weekday_2135,1784000035,42.0,3.191785,101.65588,0.0
DMU05,34,1784000106,68.0,2.83931,102.389,0.0
SCS26,2958,1784000118,101.0,5.978698,100.43683,0.0
DMU13,55,1784000114,0.0,5.530223,102.20296,0.0
SCS04,2959,1784000109,116.0,5.885703,100.47699,0.0
SCS11,weekday_2015,1784000107,0.0,3.098643,101.705086,0.0
SCS23,weekday_2135,1784000080,57.0,3.188155,101.6619,0.0
EMU22,2908,1784000158,0.0,4.778123,100.85732,0.0
SCS23,weekday_2135,1784000185,64.0,3.183518,101.66814,0.0
SCS11,weekday_2015,1784000182,0.0,3.098643,101.705086,0.0
SCS26,2958,1784000208,114.0,6.002233,100.42352,0.0
SCS04,2959,1784000184,116.0,5.862803,100.47695,0.0
SCS26,2958,1784000253,114.0,6.01402,100.41686,0.0
DMU13,55,1784000219,0.0,5.530223,102.20296,0.0
SCS24,weekday_2019,1784000210,15.0,3.127648,101.67957,0.0
SCS26,2958,1784000313,115.0,6.029743,100.40798,0.0
SCS23,weekday_2135,1784000320,47.0,3.171793,101.68472,0.0
DMU13,55,1784000279,0.0,5.530223,102.20296,0.0
SCS11,weekday_2015,1784000257,0.0,3.098643,101.705086,0.0
DMU05,34,1784000256,64.0,2.865927,102.38106,0.0
SCS26,2958,1784000358,114.0,6.041522,100.40131,0.0
SCS24,weekday_2019,1784000330,26.0,3.119745,101.67874,0.0
DMU13,55,1784000324,0.0,5.530223,102.20296,0.0
SCS13,weekday_2130,1784000323,58.0,3.201438,101.59126,0.0
EMU22,2908,1784000323,106.0,4.776065,100.823746,0.0
SCS04,2959,1784000319,37.0,5.826087,100.47785,0.0
SCS23,weekday_2135,1784000320,47.0,3.171793,101.68472,0.0
SCS24,weekday_2019,1784000450,0.0,3.118243,101.67903,0.0
SCS26,2958,1784000448,115.0,6.064723,100.38819,0.0
DMU05,34,1784000451,74.0,2.90102,102.3853,0.0
EMU22,2908,1784000413,0.0,4.776063,100.82346,0.0
SCS13,weekday_2130,1784000473,0.0,3.205993,101.580894,0.0
SCS23,weekday_2135,1784000470,3.0,3.16595,101.69054,0.0
EMU22,2908,1784000443,101.0,4.778548,100.79188,0.0
SCS04,2959,1784000484,118.0,5.804608,100.48079,0.0
DMU13,55,1784000474,0.0,5.530223,102.20296,0.0
DMU13,55,1784000519,0.0,5.530223,102.20296,0.0
SCS13,weekday_2130,1784000518,10.0,3.20598,101.5807,0.0
EMU22,2908,1784000518,114.0,4.78462,100.77194,0.0
SCS23,weekday_2135,1784000515,42.0,3.16264,101.69209,0.0
SCS26,2958,1784000493,114.0,6.076515,100.38153,0.0
DMU13,55,1784000594,0.0,5.530223,102.20296,0.0
EMU22,2908,1784000593,0.0,4.794657,100.75415,0.0
SCS04,2959,1784000574,119.0,5.7788,100.490776,0.0
SCS24,weekday_2019,1784000570,12.0,3.117912,101.6791,0.0
SCS13,weekday_2130,1784000593,93.0,3.213017,101.57163,0.0
SCS26,2958,1784000553,108.0,6.092173,100.372955,0.0
DMU13,55,1784000654,5.0,5.529997,102.20312,0.0
EMU22,2908,1784000653,103.0,4.807132,100.74252,0.0
SCS23,weekday_2135,1784000650,0.0,3.154677,101.693214,0.0
SCS13,weekday_2130,1784000653,107.0,3.22641,101.56119,0.0
DMU05,34,1784000661,72.0,2.934845,102.395744,0.0
SCS24,weekday_2019,1784000630,23.0,3.114205,101.68073,0.0
SCS04,2959,1784000694,117.0,5.744212,100.50564,0.0
SCS24,weekday_2019,1784000720,27.0,3.112557,101.686806,0.0
DMU13,55,1784000714,6.0,5.528707,102.20371,0.0
SCS26,2958,1784000703,0.0,6.112567,100.3694,0.0
SCS23,weekday_2135,1784000680,45.0,3.152158,101.69133,0.0
DMU05,34,1784000781,68.0,2.956738,102.39879,0.0
SCS24,weekday_2019,1784000765,27.0,3.110527,101.69011,0.0
SCS19,weekday_2139,1784000760,103.0,3.594652,101.60465,0.0
SCS13,weekday_2130,1784000833,29.0,3.25131,101.5555,0.0
DMU13,55,1784000834,31.0,5.523748,102.20604,0.0
SCS23,weekday_2135,1784000845,5.0,3.140597,101.69414,0.0
SCS24,weekday_2019,1784000840,1.0,3.108195,101.69305,0.0
SCS26,2958,1784000838,115.0,6.13728,100.38031,0.0
SCS19,weekday_2139,1784000835,51.0,3.580325,101.613266,0.0
SCS24,weekday_2019,1784000885,0.0,3.108192,101.69307,0.0
DMU13,55,1784000909,48.0,5.515332,102.209045,0.0
SCS13,weekday_2130,1784000908,10.0,3.257177,101.55454,0.0
SCS23,weekday_2135,1784000905,0.0,3.14036,101.694115,0.0
SCS04,2959,1784000904,116.0,5.684727,100.50065,0.0
EMU22,2908,1784000888,0.0,4.852978,100.73212,0.0
SCS24,weekday_2019,1784000960,0.0,3.108192,101.69307,0.0
EMU22,2908,1784000948,68.0,4.85579,100.73404,0.0
SCS26,2958,1784000913,114.0,6.15977,100.37938,0.0
SCS19,weekday_2139,1784001030,41.0,3.55434,101.63935,0.0
SCS23,weekday_2135,1784001025,8.0,3.13636,101.690254,0.0
EMU22,2908,1784001008,101.0,4.86775,100.7267,0.0
SCS24,weekday_2019,1784001005,0.0,3.108192,101.69307,0.0
SCS26,2958,1784001003,40.0,6.181698,100.37587,0.0
SCS13,weekday_2130,1784000983,1.0,3.257688,101.55461,0.0
SCS04,2959,1784000979,108.0,5.663577,100.4936,0.0
DMU13,55,1784000999,60.0,5.503302,102.21222,0.0
DMU05,34,1784001036,65.0,2.999102,102.383835,0.0
SCS19,weekday_2139,1784001090,11.0,3.552507,101.63959,0.0
DMU13,55,1784001089,64.0,5.488845,102.21712,0.0
SCS26,2958,1784001048,0.0,6.182713,100.37516,0.0
SCS24,weekday_2019,1784001110,0.0,3.108192,101.69307,0.0
SCS19,weekday_2139,1784001105,48.0,3.55111,101.63977,0.0
DMU13,55,1784001134,54.0,5.481597,102.21864,0.0
SCS13,weekday_2130,1784001133,66.0,3.279607,101.5649,0.0
EMU22,2908,1784001128,38.0,4.894855,100.71951,0.0
SCS23,weekday_2135,1784001100,0.0,3.135547,101.68966,0.0
SCS04,2959,1784001099,0.0,5.643697,100.490204,0.0
SCS04,2959,1784001219,113.0,5.629795,100.49177,0.0
DMU05,34,1784001216,71.0,3.03271,102.379616,0.0
EMU22,2908,1784001188,12.0,4.896365,100.719345,0.0
DMU13,55,1784001224,31.0,5.473158,102.221886,0.0
SCS24,weekday_2019,1784001215,0.0,3.108192,101.69307,0.0
SCS23,weekday_2135,1784001220,0.0,3.135547,101.68966,0.0
SCS19,weekday_2139,1784001180,96.0,3.534745,101.634094,0.0
SCS19,weekday_2139,1784001285,94.0,3.510073,101.632706,0.0
DMU13,55,1784001284,2.0,5.472393,102.22221,0.0
SCS26,2958,1784001273,115.0,6.231698,100.361336,0.0
SCS24,weekday_2019,1784001230,9.0,3.108063,101.69328,0.0
SCS19,weekday_2139,1784001315,57.0,3.504103,101.63358,0.0
SCS23,weekday_2135,1784001340,0.0,3.135547,101.68966,0.0
SCS26,2958,1784001333,113.0,6.249145,100.357765,0.0
DMU05,34,1784001276,73.0,3.043292,102.37563,0.0
SCS24,weekday_2019,1784001275,33.0,3.105863,101.69595,0.0
DMU13,55,1784001314,30.0,5.470595,102.223175,0.0
SCS24,weekday_2019,1784001335,32.0,3.101875,101.70089,0.0
SCS23,weekday_2135,1784001355,0.0,3.135547,101.68966,0.0
EMU22,2908,1784001353,100.0,4.933982,100.719086,0.0
DMU05,34,1784001351,75.0,3.056002,102.37026,0.0
SCS26,2958,1784001348,115.0,6.25355,100.356865,0.0
SCS19,weekday_2139,1784001345,29.0,3.500255,101.63425,0.0
DMU13,55,1784001344,41.0,5.46781,102.22438,0.0
SCS13,weekday_2130,1784001343,52.0,3.31258,101.57486,0.0
SCS04,2959,1784001429,113.0,5.567142,100.497375,0.0
DMU05,34,1784001426,74.0,3.070943,102.37105,0.0
SCS26,2958,1784001453,114.0,6.284565,100.35053,0.0
SCS23,weekday_2135,1784001430,0.0,3.135547,101.68966,0.0
SCS13,weekday_2130,1784001418,5.0,3.319018,101.574715,0.0
SCS26,2958,1784001513,114.0,6.30229,100.34692,0.0
SCS23,weekday_2135,1784001520,0.0,3.135547,101.68966,0.0
SCS19,weekday_2139,1784001495,83.0,3.475427,101.638985,0.0
SCS04,2959,1784001519,116.0,5.54029,100.50263,0.0
DMU05,34,1784001516,69.0,3.088362,102.373,0.0
SCS24,weekday_2019,1784001515,0.0,3.097793,101.705986,0.0
SCS13,weekday_2130,1784001553,47.0,3.3266,101.57004,0.0
SCS04,2959,1784001534,116.0,5.535868,100.50388,0.0
SCS24,weekday_2019,1784001530,0.0,3.097793,101.705986,0.0
DMU06,35,1784001527,0.0,4.187227,102.052986,0.0
EMU22,2908,1784001534,102.0,4.979607,100.73252,0.0
SCS23,weekday_2135,1784001550,0.0,3.135547,101.68966,0.0
SCS26,2958,1784001528,114.0,6.306717,100.346016,0.0
SCS23,weekday_2135,1784001640,0.0,3.135547,101.68966,0.0
EMU22,2908,1784001639,102.0,5.007412,100.73394,0.0
SCS04,2959,1784001639,116.0,5.5047,100.50407,0.0
SCS24,weekday_2019,1784001635,0.0,3.097793,101.705986,0.0
SCS26,2958,1784001633,115.0,6.333688,100.33048,0.0
DMU06,35,1784001632,1.0,4.187197,102.053085,0.0
SCS19,weekday_2139,1784001630,53.0,3.462135,101.63775,0.0
SCS19,weekday_2139,1784001690,111.0,3.447838,101.63907,0.0
SCS26,2958,1784001693,114.0,6.348157,100.31968,0.0
DMU06,35,1784001692,37.0,4.18414,102.05622,0.0
SCS13,weekday_2130,1784001673,103.0,3.353157,101.57183,0.0
SCS04,2959,1784001654,116.0,5.500272,100.50287,0.0
EMU22,2908,1784001654,101.0,5.01097,100.73203,0.0
SCS24,weekday_2019,1784001650,0.0,3.097793,101.705986,0.0
SCS23,weekday_2135,1784001745,0.0,3.135547,101.68966,0.0
DMU13,55,1784001749,23.0,5.419927,102.23934,0.0
EMU22,2908,1784001729,104.0,5.026075,100.71928,0.0
SCS04,2959,1784001729,25.0,5.48336,100.498344,0.0
SCS26,2958,1784001768,82.0,6.365605,100.30665,0.0
DMU05,34,1784001711,74.0,3.124475,102.370605,0.0
SCS13,weekday_2130,1784001763,106.0,3.363308,101.58746,0.0
DMU13,55,1784001764,25.0,5.418897,102.239456,0.0
SCS23,weekday_2135,1784001805,0.0,3.135547,101.68966,0.0
SCS24,weekday_2019,1784001755,0.0,3.097793,101.705986,0.0
SCS19,weekday_2139,1784001765,85.0,3.430655,101.63107,0.0
SCS26,2958,1784001753,109.0,6.36252,100.30897,0.0
SCS26,2958,1784001843,0.0,6.370315,100.30311,0.0
SCS24,weekday_2019,1784001845,0.0,3.097793,101.705986,0.0
SCS19,weekday_2139,1784001855,113.0,3.410413,101.62758,0.0
DMU13,55,1784001854,37.0,5.412717,102.23543,0.0
SCS04,2959,1784001849,92.0,5.476962,100.496635,0.0
DMU05,34,1784001831,0.0,3.135872,102.37051,0.0
SCS23,weekday_2135,1784001850,0.0,3.135547,101.68966,0.0
SCS23,weekday_2135,1784001895,0.0,3.135547,101.68966,0.0
SCS19,weekday_2139,1784001885,116.0,3.401445,101.62785,0.0
SCS24,weekday_2019,1784001890,0.0,3.097793,101.705986,0.0
SCS26,2958,1784001888,57.0,6.371937,100.30191,0.0
DMU05,34,1784001906,0.0,3.135872,102.37051,0.0
SCS26,2958,1784001963,115.0,6.388307,100.289696,0.0
SCS04,2959,1784001999,117.0,5.433015,100.487274,0.0
SCS23,weekday_2135,1784001970,0.0,3.135547,101.68966,0.0
SCS19,weekday_2139,1784001960,105.0,3.382108,101.62049,0.0
DMU13,55,1784001959,14.0,5.407118,102.23106,0.0
SCS13,weekday_2130,1784001973,52.0,3.376997,101.615295,0.0
SCS24,weekday_2019,1784001965,0.0,3.097793,101.705986,0.0
SCS23,weekday_2135,1784002030,0.0,3.135547,101.68966,0.0
SCS19,weekday_2139,1784002050,8.0,3.375587,101.61398,0.0
DMU13,55,1784002034,37.0,5.401152,102.231766,0.0
SCS13,weekday_2130,1784002033,117.0,3.387878,101.625885,0.0
SCS26,2958,1784002128,45.0,6.430135,100.26892,0.0
SCS23,weekday_2135,1784002120,0.0,3.135547,101.68966,0.0
EMU22,2908,1784002120,101.0,5.043175,100.617874,0.0
SCS19,weekday_2139,1784002110,105.0,3.368093,101.60509,0.0
DMU13,55,1784002109,17.0,5.39504,102.23217,0.0
SCS24,weekday_2019,1784002085,0.0,3.097793,101.705986,0.0
EMU22,2908,1784002165,101.0,5.044092,100.605804,0.0
SCS23,weekday_2135,1784002165,0.0,3.135547,101.68966,0.0
DMU05,34,1784002146,0.0,3.135872,102.37051,0.0
SCS26,2958,1784002173,0.0,6.431422,100.26846,0.0
DMU06,35,1784002172,57.0,4.189225,102.13616,0.0
SCS19,weekday_2139,1784002140,105.0,3.365465,101.59717,0.0
SCS13,weekday_2130,1784002138,96.0,3.417483,101.62537,0.0
DMU13,55,1784002124,16.0,5.394193,102.23217,0.0
SCS24,weekday_2019,1784002115,0.0,3.097793,101.705986,0.0
SCS26,2958,1784002233,63.0,6.434542,100.2674,0.0
SCS23,weekday_2135,1784002225,0.0,3.135547,101.68966,0.0
SCS19,weekday_2139,1784002215,93.0,3.363287,101.57789,0.0
DMU13,55,1784002214,0.0,5.39148,102.2321,0.0
DMU05,34,1784002191,0.0,3.135872,102.37051,0.0
EMU29,2909,1784002191,0.0,5.393612,100.36619,0.0
SCS13,weekday_2130,1784002228,116.0,3.439238,101.63717,0.0
EMU22,2908,1784002225,100.0,5.045013,100.59,0.0
SCS26,2958,1784002278,116.0,6.445513,100.26362,0.0
SCS23,weekday_2135,1784002270,0.0,3.135547,101.68966,0.0
SCS19,weekday_2139,1784002275,106.0,3.351785,101.57202,0.0
DMU13,55,1784002274,18.0,5.389815,102.23202,0.0
SCS13,weekday_2130,1784002273,76.0,3.450495,101.63949,0.0
DMU05,34,1784002266,0.0,3.135872,102.37051,0.0
SCS24,weekday_2019,1784002250,0.0,3.097793,101.705986,0.0
EMU29,2909,1784002281,9.0,5.392932,100.3671,0.0
EMU22,2908,1784002360,109.0,5.02706,100.558716,0.0
EMU29,2909,1784002326,14.0,5.391638,100.36885,0.0
DMU05,34,1784002326,0.0,3.135872,102.37051,0.0
SCS26,2958,1784002353,114.0,6.467018,100.256226,0.0
SCS23,weekday_2135,1784002360,5.0,3.136543,101.691376,0.0
SCS04,2959,1784002329,40.0,5.357077,100.465065,0.0
SCS24,weekday_2019,1784002325,0.0,3.097793,101.705986,0.0
DMU13,55,1784002394,36.0,5.379437,102.234055,0.0
SCS19,weekday_2139,1784002365,66.0,3.331458,101.56943,0.0
SCS26,2958,1784002413,114.0,6.48468,100.253586,0.0
DMU05,34,1784002401,0.0,3.135872,102.37051,0.0
SCS04,2959,1784002466,7.0,5.366208,100.448425,0.0
SCS26,2958,1784002428,114.0,6.489192,100.25351,0.0
SCS24,weekday_2019,1784002415,0.0,3.097793,101.705986,0.0
SCS19,weekday_2139,1784002530,0.0,3.31876,101.57493,0.0
SCS13,weekday_2130,1784002513,113.0,3.489085,101.63664,0.0
SCS04,2959,1784002511,0.0,5.366193,100.448395,0.0
SCS23,weekday_2135,1784002510,8.0,3.140557,101.69392,0.0
EMU22,2908,1784002510,34.0,5.027917,100.527664,0.0
EMU29,2909,1784002491,101.0,5.381058,100.38579,0.0
DMU05,34,1784002491,0.0,3.135872,102.37051,0.0
SCS26,2958,1784002488,115.0,6.507218,100.25404,0.0
SCS04,2959,1784002586,96.0,5.366745,100.44097,0.0
SCS23,weekday_2135,1784002585,23.0,3.144797,101.6927,0.0
EMU22,2908,1784002585,43.0,5.030415,100.52636,0.0
SCS26,2958,1784002548,49.0,6.521903,100.25655,0.0
DMU06,35,1784002592,72.0,4.147543,102.18806,0.0
SCS19,weekday_2139,1784002590,42.0,3.315303,101.574875,0.0
SCS13,weekday_2130,1784002588,0.0,3.499647,101.6342,0.0
SCS24,weekday_2019,1784002625,0.0,3.097793,101.705986,0.0
SCS04,2959,1784002661,61.0,5.363722,100.42345,0.0
DMU06,35,1784002637,77.0,4.139592,102.19211,0.0
SCS23,weekday_2135,1784002630,35.0,3.147665,101.69087,0.0
DMU05,34,1784002626,0.0,3.135847,102.3706,0.0
EMU29,2909,1784002611,93.0,5.367415,100.41403,0.0
SCS19,weekday_2139,1784002665,81.0,3.299273,101.574776,0.0
SCS23,weekday_2135,1784002705,0.0,3.15475,101.69315,0.0
SCS04,2959,1784002691,0.0,5.364307,100.42193,0.0
SCS26,2958,1784002683,116.0,6.538335,100.25936,0.0
EMU22,2908,1784002660,102.0,5.045237,100.51852,0.0
SCS24,weekday_2019,1784002670,0.0,3.097793,101.705986,0.0
EMU29,2909,1784002671,0.0,5.364615,100.421234,0.0
DMU05,34,1784002671,0.0,3.135847,102.3706,0.0
SCS23,weekday_2135,1784002735,0.0,3.15475,101.69327,0.0
EMU22,2908,1784002735,102.0,5.06309,100.509056,0.0
SCS26,2958,1784002758,114.0,6.561008,100.259346,0.0
SCS19,weekday_2139,1784002770,75.0,3.27977,101.56511,0.0
DMU13,55,1784002769,43.0,5.335708,102.21691,0.0
EMU29,2909,1784002761,4.0,5.364512,100.421555,0.0
DMU05,34,1784002761,0.0,3.135918,102.370544,0.0
SCS19,weekday_2139,1784002830,73.0,3.269497,101.559746,0.0
SCS04,2959,1784002811,91.0,5.367155,100.4146,0.0
EMU22,2908,1784002810,105.0,5.08113,100.49949,0.0
DMU05,34,1784002791,0.0,3.135918,102.370544,0.0
EMU29,2909,1784002791,49.0,5.363868,100.42322,0.0
DMU13,55,1784002829,43.0,5.33517,102.21,0.0
SCS26,2958,1784002788,114.0,6.57001,100.25906,0.0
SCS04,2959,1784002886,98.0,5.375255,100.39669,0.0
SCS26,2958,1784002863,116.0,6.592137,100.263115,0.0
DMU06,35,1784002862,4.0,4.117135,102.19942,0.0
DMU05,34,1784002851,0.0,3.135918,102.370544,0.0
DMU06,35,1784002937,58.0,4.110105,102.19892,0.0
DMU13,55,1784002919,16.0,5.330227,102.20348,0.0
SCS04,2959,1784002991,36.0,5.385863,100.37662,0.0
DMU13,55,1784002979,5.0,5.329897,102.20308,0.0
SCS13,weekday_2130,1784002978,0.0,3.552685,101.63948,0.0
EMU29,2909,1784002956,0.0,5.366495,100.447174,0.0
DMU05,34,1784002956,48.0,3.142675,102.37268,0.0
DMU06,35,1784002952,64.0,4.107573,102.19883,0.0
DMU13,55,1784003054,17.0,5.326477,102.19895,0.0
EMU22,2908,1784003054,0.0,5.130755,100.48615,0.0
DMU06,35,1784003072,78.0,4.090238,102.2088,0.0
SCS19,weekday_2139,1784003070,26.0,3.254502,101.5547,0.0
SCS26,2958,1784003043,114.0,6.638522,100.28274,0.0
SCS04,2959,1784003021,16.0,5.386825,100.37458,0.0
DMU05,34,1784003016,64.0,3.15129,102.37697,0.0
EMU29,2909,1784003016,12.0,5.366472,100.44738,0.0
EMU29,2909,1784003076,65.0,5.365473,100.45391,0.0
SCS13,weekday_2130,1784003128,101.0,3.574677,101.61378,0.0
SCS04,2959,1784003126,22.0,5.389607,100.371025,0.0
DMU05,34,1784003106,58.0,3.159938,102.389465,0.0
SCS19,weekday_2139,1784003100,22.0,3.252378,101.555145,0.0
EMU22,2908,1784003099,57.0,5.133772,100.4855,0.0
DMU13,55,1784003099,22.0,5.326042,102.195786,0.0
EMU29,2909,1784003151,111.0,5.352953,100.46653,0.0
EMU22,2908,1784003144,105.0,5.143565,100.48347,0.0
SCS04,2959,1784003141,22.0,5.390352,100.37033,0.0
SCS26,2958,1784003163,76.0,6.65437,100.30832,0.0
DMU05,34,1784003136,65.0,3.164583,102.39078,0.0
DMU13,55,1784003159,11.0,5.327117,102.193115,0.0
SCS26,2958,1784003193,54.0,6.657588,100.313,0.0
SCS04,2959,1784003261,0.0,5.392382,100.367516,0.0
EMU29,2909,1784003226,114.0,5.330365,100.47002,0.0
EMU22,2908,1784003219,84.0,5.163933,100.47974,0.0
SCS04,2959,1784003306,0.0,5.392382,100.367516,0.0
SCS19,weekday_2139,1784003295,97.0,3.214083,101.57074,0.0
EMU22,2908,1784003294,0.0,5.169698,100.479675,0.0
SCS13,weekday_2130,1784003263,116.0,3.60145,101.59209,0.0
DMU05,34,1784003316,72.0,3.196292,102.403175,0.0
SCS26,2958,1784003343,0.0,6.662017,100.31918,0.0
DMU06,35,1784003342,75.0,4.076895,102.26041,0.0
SCS04,2959,1784003336,0.0,5.392382,100.367516,0.0
SCS19,weekday_2139,1784003325,48.0,3.209635,101.57486,0.0
EMU22,2908,1784003459,98.0,5.203452,100.48649,0.0
DMU05,34,1784003436,73.0,3.21427,102.40976,0.0
SCS19,weekday_2139,1784003460,21.0,3.205978,101.58135,0.0
EMU29,2909,1784003485,19.0,5.286063,100.480804,0.0
SCS13,weekday_2130,1784003533,80.0,3.660428,101.53809,0.0
EMU29,2909,1784003530,94.0,5.278685,100.47857,0.0
DMU05,34,1784003526,70.0,3.23084,102.412926,0.0
DMU06,35,1784003522,39.0,4.074868,102.275024,0.0
SCS19,weekday_2139,1784003580,93.0,3.20096,101.59881,0.0
EMU29,2909,1784003620,107.0,5.253205,100.484146,0.0
DMU06,35,1784003612,64.0,4.068007,102.28873,0.0
EMU22,2908,1784003609,101.0,5.242007,100.48657,0.0
DMU05,34,1784003601,48.0,3.244198,102.4109,0.0
SCS13,weekday_2130,1784003653,0.0,3.66684,101.533615,0.0
SCS19,weekday_2139,1784003625,90.0,3.20013,101.609245,0.0
DMU05,34,1784003616,25.0,3.245745,102.41116,0.0
DMU06,35,1784003672,75.0,4.062757,102.29907,0.0
DMU13,55,1784003669,28.0,5.311842,102.16331,0.0
DMU13,55,1784003714,27.0,5.309567,102.15971,0.0
SCS13,weekday_2130,1784003683,0.0,3.66684,101.533615,0.0
DMU05,34,1784003676,0.0,3.246235,102.41126,0.0
SCS19,weekday_2139,1784003715,66.0,3.20864,101.62566,0.0
EMU22,2908,1784003714,95.0,5.268932,100.48056,0.0
EMU29,2909,1784003680,108.0,5.236227,100.48794,0.0
DMU05,34,1784003796,0.0,3.246235,102.41126,0.0
DMU06,35,1784003777,82.0,4.048175,102.31135,0.0
EMU22,2908,1784003774,69.0,5.282398,100.47933,0.0
SCS13,weekday_2130,1784003758,0.0,3.66684,101.533615,0.0
DMU05,34,1784003856,0.0,3.246167,102.41124,0.0
SCS19,weekday_2139,1784003805,31.0,3.208518,101.62964,0.0
EMU22,2908,1784003804,20.0,5.285993,100.48075,0.0
DMU13,55,1784003804,0.0,5.307937,102.15705,0.0
SCS26,2963,1784003913,65.0,6.651755,100.30461,0.0
DMU06,35,1784003912,77.0,4.022663,102.319305,0.0
EMU29,2909,1784003890,104.0,5.17706,100.47956,0.0
DMU13,55,1784003879,35.0,5.306342,102.15414,0.0
DMU05,34,1784003946,0.0,3.246167,102.41124,0.0
DMU13,55,1784004044,17.0,5.313225,102.14219,0.0
EMU22,2908,1784004041,92.0,5.32356,100.47021,0.0
SCS26,2963,1784004018,114.0,6.636512,100.2801,0.0
DMU06,35,1784004017,82.0,4.002482,102.32037,0.0
DMU05,34,1784004006,11.0,3.246558,102.41125,0.0
SCS19,weekday_2139,1784003993,24.0,3.201985,101.63804,0.0
SCS13,weekday_2130,1784003983,19.0,3.683565,101.51933,0.0
SCS19,weekday_2139,1784004038,44.0,3.198333,101.64149,0.0
SCS13,weekday_2130,1784004088,0.0,3.68397,101.51892,0.0
SCS26,2963,1784004078,114.0,6.624733,100.2667,0.0
DMU06,35,1784004077,55.0,3.994442,102.32826,0.0
DMU05,34,1784004036,37.0,3.249045,102.411644,0.0
EMU29,2909,1784004130,84.0,5.137415,100.48483,0.0
DMU06,35,1784004122,14.0,3.992173,102.331375,0.0
DMU06,35,1784004212,28.0,3.988372,102.3339,0.0
SCS26,2963,1784004183,114.0,6.593503,100.26322,0.0
DMU05,34,1784004156,67.0,3.267975,102.415215,0.0
DMU06,35,1784004257,62.0,3.983742,102.33644,0.0
SCS26,2963,1784004243,117.0,6.575642,100.26053,0.0
DMU05,34,1784004246,73.0,3.283618,102.42009,0.0
SCS19,weekday_2139,1784004248,0.0,3.186148,101.66466,0.0
EMU29,2909,1784004220,0.0,5.13088,100.48617,0.0
DMU05,34,1784004321,67.0,3.295848,102.42691,0.0
EMU22,2908,1784004326,0.0,5.366335,100.447624,0.0
EMU29,2909,1784004295,0.0,5.13088,100.48617,0.0
SCS13,weekday_2130,1784004373,0.0,3.68397,101.51892,0.0
EMU22,2908,1784004371,47.0,5.366783,100.444786,0.0
EMU29,2909,1784004370,103.0,5.119448,100.48853,0.0
SCS26,2963,1784004363,114.0,6.53925,100.259575,0.0
DMU06,35,1784004362,62.0,3.967098,102.34553,0.0
DMU13,55,1784004359,32.0,5.320377,102.129105,0.0
EMU29,2909,1784004468,115.0,5.090285,100.49482,0.0
SCS19,weekday_2139,1784004458,69.0,3.172133,101.68454,0.0
SCS26,2963,1784004453,0.0,6.523127,100.25682,0.0
DMU13,55,1784004449,32.0,5.327687,102.12252,0.0
DMU06,35,1784004407,77.0,3.95852,102.348724,0.0
SCS26,2963,1784004513,85.0,6.518158,100.25597,0.0
DMU13,55,1784004464,25.0,5.328817,102.12203,0.0
EMU22,2908,1784004461,69.0,5.362688,100.42626,0.0
EMU29,2909,1784004513,119.0,5.078178,100.50111,0.0
DMU06,35,1784004512,60.0,3.940243,102.35672,0.0
EMU29,2909,1784004513,119.0,5.078178,100.50111,0.0
DMU13,55,1784004569,30.0,5.332772,102.12012,0.0
SCS13,weekday_2130,1784004598,0.0,3.68397,101.51892,0.0
EMU22,2908,1784004596,0.0,5.364597,100.421234,0.0
SCS19,weekday_2139,1784004578,0.0,3.16516,101.69123,0.0
DMU05,34,1784004576,0.0,3.331435,102.42018,0.0
SCS13,weekday_2130,1784004688,0.0,3.68397,101.51892,0.0
DMU13,55,1784004689,49.0,5.347237,102.11762,0.0
EMU22,2908,1784004641,81.0,5.366437,100.416534,0.0
DMU05,34,1784004666,32.0,3.333195,102.41995,0.0
SCS26,2963,1784004753,113.0,6.44826,100.262726,0.0
EMU29,2909,1784004753,0.0,5.028878,100.52721,0.0
DMU06,35,1784004722,0.0,3.937482,102.35767,0.0
DMU13,55,1784004704,40.0,5.349148,102.1173,0.0
SCS13,weekday_2130,1784004703,0.0,3.68397,101.51892,0.0
DMU05,34,1784004711,59.0,3.339368,102.41887,0.0
EMU22,2908,1784004701,94.0,5.371898,100.4031,0.0
DMU13,55,1784004824,46.0,5.35864,102.10607,0.0
SCS26,2963,1784004813,56.0,6.433635,100.26776,0.0
DMU13,55,1784004824,46.0,5.35864,102.10607,0.0
SCS26,2963,1784004858,0.0,6.431377,100.26854,0.0
EMU29,2909,1784004858,109.0,5.018752,100.53849,0.0
DMU06,35,1784004857,0.0,3.937543,102.35775,0.0
SCS13,weekday_2130,1784004838,0.0,3.68397,101.51892,0.0
SCS19,weekday_2139,1784004818,0.0,3.153905,101.692566,0.0
DMU13,55,1784004929,31.0,5.362587,102.09334,0.0
SCS13,weekday_2130,1784004928,0.0,3.68397,101.51892,0.0
DMU06,35,1784004992,0.0,3.937527,102.35778,0.0
SCS13,weekday_2130,1784004973,0.0,3.68397,101.51892,0.0
EMU22,2908,1784004971,22.0,5.389952,100.37073,0.0
EMU29,2909,1784004963,120.0,5.032195,100.56622,0.0
SCS26,2963,1784004963,117.0,6.418453,100.27299,0.0
SCS19,weekday_2139,1784004953,18.0,3.143322,101.69386,0.0
DMU13,55,1784005019,34.0,5.366283,102.08843,0.0
SCS13,weekday_2130,1784005018,0.0,3.68397,101.51892,0.0
SCS19,weekday_2139,1784005043,0.0,3.13909,101.693504,0.0
DMU06,35,1784005022,0.0,3.937527,102.35778,0.0
DMU13,55,1784005094,9.0,5.370437,102.08612,0.0
EMU29,2909,1784005083,117.0,5.044618,100.5992,0.0
DMU06,35,1784005082,0.0,3.93754,102.35769,0.0
SCS19,weekday_2139,1784005103,17.0,3.138132,101.69308,0.0
SCS26,2963,1784005098,114.0,6.383542,100.2933,0.0
SCS19,weekday_2139,1784005118,18.0,3.137562,101.692406,0.0
SCS13,weekday_2130,1784005183,0.0,3.683977,101.51901,0.0
DMU13,55,1784005139,5.0,5.371727,102.08534,0.0
EMU40,2910,1784005123,0.0,5.364172,100.420944,0.0
EMU22,2908,1784005121,0.0,5.393432,100.366394,0.0
EMU29,2909,1784005188,113.0,5.042253,100.63122,0.0
SCS26,2963,1784005188,0.0,6.370298,100.30319,0.0
SCS19,weekday_2139,1784005208,0.0,3.136262,101.6895,0.0
DMU06,35,1784005232,49.0,3.933573,102.3583,0.0
SCS23,weekday_2138,1784005268,24.0,3.207312,101.576904,0.0
EMU29,2909,1784005263,116.0,5.040647,100.65395,0.0
DMU06,35,1784005262,69.0,3.928535,102.35898,0.0
SCS23,weekday_2138,1784005313,64.0,3.210697,101.573875,0.0
EMU29,2909,1784005323,116.0,5.039262,100.67209,0.0
SCS26,2963,1784005308,113.0,6.355582,100.314186,0.0
EMU29,2909,1784005353,118.0,5.03931,100.681435,0.0
DMU06,35,1784005352,65.0,3.913907,102.35996,0.0
SCS04,2964,1784005380,117.0,5.52003,100.50784,0.0
SCS26,2963,1784005458,114.0,6.31956,100.34111,0.0
SCS09,weekday_2027,1784005456,5.0,3.215167,101.67225,0.0
DMU06,35,1784005442,0.0,3.91225,102.36087,0.0
SCS04,2964,1784005425,116.0,5.533433,100.50455,0.0
DMU13,55,1784005424,41.0,5.386243,102.07827,0.0
EMU40,2910,1784005423,0.0,5.364172,100.420944,0.0
SCS23,weekday_2138,1784005418,89.0,3.2333,101.55949,0.0
SCS09,weekday_2027,1784005546,45.0,3.213225,101.6721,0.0
EMU29,2909,1784005488,113.0,5.026783,100.718506,0.0
SCS26,2963,1784005503,114.0,6.307143,100.34595,0.0
SCS04,2964,1784005530,116.0,5.564722,100.49772,0.0
DMU06,35,1784005502,0.0,3.91225,102.36087,0.0
SCS26,2963,1784005563,114.0,6.289468,100.34957,0.0
DMU06,35,1784005562,0.0,3.91225,102.36087,0.0
EMU29,2909,1784005563,120.0,5.009445,100.73292,0.0
SCS23,weekday_2138,1784005553,4.0,3.25085,101.55584,0.0
SCS04,2964,1784005545,116.0,5.569247,100.49699,0.0
DMU13,55,1784005544,41.0,5.38991,102.068886,0.0
EMU40,2910,1784005543,0.0,5.364172,100.420944,0.0
EMU40,2910,1784005603,0.0,5.364172,100.420944,0.0
DMU05,34,1784005656,72.0,3.456105,102.34241,0.0
SCS23,weekday_2138,1784005658,19.0,3.257677,101.55471,0.0
EMU29,2909,1784005713,117.0,4.965925,100.72794,0.0
DMU06,35,1784005712,0.0,3.91231,102.3608,0.0
SCS26,2963,1784005698,114.0,6.249658,100.35768,0.0
SCS04,2964,1784005695,114.0,5.614477,100.496895,0.0
SCS09,weekday_2027,1784005741,50.0,3.202368,101.67781,0.0
SCS04,2964,1784005770,108.0,5.635902,100.48934,0.0
SCS26,2963,1784005758,113.0,6.232115,100.361275,0.0
DMU06,35,1784005757,0.0,3.912262,102.36089,0.0
EMU29,2909,1784005753,113.0,4.954278,100.724556,0.0
SCS23,weekday_2138,1784005733,12.0,3.259047,101.555046,0.0
DMU05,34,1784005731,77.0,3.46919,102.34503,0.0
SCS23,weekday_2138,1784005823,74.0,3.269575,101.55975,0.0
SCS26,2963,1784005818,115.0,6.214387,100.36488,0.0
SCS09,weekday_2027,1784005846,12.0,3.198475,101.68117,0.0
DMU05,34,1784005821,33.0,3.483512,102.343376,0.0
SCS19,weekday_2142,1784005808,0.0,3.136262,101.6895,0.0
SCS26,2963,1784005893,114.0,6.192313,100.36953,0.0
DMU06,35,1784005892,0.0,3.912133,102.36081,0.0
SCS04,2964,1784005845,0.0,5.643737,100.490204,0.0
EMU40,2910,1784005843,0.0,5.364172,100.420944,0.0
DMU05,34,1784005896,0.0,3.484722,102.343315,0.0
EMU29,2909,1784005858,109.0,4.924282,100.71677,0.0
SCS23,weekday_2138,1784005943,70.0,3.288463,101.571075,0.0
SCS19,weekday_2142,1784005943,0.0,3.136262,101.6895,0.0
DMU05,34,1784005941,0.0,3.48477,102.343216,0.0
DMU06,35,1784005937,0.0,3.91217,102.36092,0.0
DMU06,35,1784005982,0.0,3.91217,102.36092,0.0
EMU29,2909,1784005978,16.0,4.896405,100.71943,0.0
SCS26,2963,1784005968,0.0,6.182753,100.37517,0.0
SCS19,weekday_2142,1784005958,0.0,3.136262,101.6895,0.0
DMU05,34,1784005956,0.0,3.48477,102.343216,0.0
SCS09,weekday_2027,1784006071,0.0,3.18276,101.68892,0.0
EMU29,2909,1784006068,84.0,4.889798,100.720146,0.0
EMU40,2910,1784006068,0.0,5.364172,100.420944,0.0
SCS23,weekday_2138,1784006033,82.0,3.30594,101.575005,0.0
SCS19,weekday_2142,1784006033,18.0,3.138402,101.69318,0.0
DMU05,34,1784006031,0.0,3.48477,102.343216,0.0
SCS26,2963,1784006028,50.0,6.18117,100.37628,0.0
SCS26,2963,1784006133,114.0,6.152673,100.379944,0.0
DMU06,35,1784006132,0.0,3.91217,102.36092,0.0
SCS19,weekday_2142,1784006108,2.0,3.139097,101.69344,0.0
DMU05,34,1784006076,0.0,3.484725,102.34331,0.0
SCS09,weekday_2027,1784006131,30.0,3.179703,101.68767,0.0
SCS04,2964,1784006130,116.0,5.709543,100.512085,0.0
EMU40,2910,1784006128,0.0,5.364172,100.420944,0.0
SCS23,weekday_2138,1784006108,27.0,3.317245,101.57492,0.0
DMU05,34,1784006166,2.0,3.484758,102.34318,0.0
SCS26,2963,1784006148,114.0,6.148175,100.38025,0.0
DMU06,35,1784006192,0.0,3.91217,102.36092,0.0
SCS23,weekday_2138,1784006168,0.0,3.32033,101.57459,0.0
SCS19,weekday_2142,1784006168,22.0,3.142907,101.69375,0.0
EMU29,2909,1784006158,100.0,4.86611,100.72779,0.0
EMU40,2910,1784006158,0.0,5.364172,100.420944,0.0
DMU06,35,1784006252,0.0,3.91217,102.36092,0.0
EMU40,2910,1784006248,0.0,5.364172,100.420944,0.0
EMU40,2910,1784006308,0.0,5.364172,100.420944,0.0
SCS19,weekday_2142,1784006303,0.0,3.15383,101.69236,0.0
SCS23,weekday_2138,1784006303,31.0,3.326547,101.57018,0.0
EMU29,2909,1784006285,0.0,4.853277,100.73243,0.0
DMU05,34,1784006256,0.0,3.484753,102.3433,0.0
SCS26,2963,1784006253,94.0,6.118612,100.372215,0.0
DMU06,35,1784006312,0.0,3.91217,102.36092,0.0
SCS23,weekday_2138,1784006318,30.0,3.327688,101.56945,0.0
SCS19,weekday_2142,1784006318,4.0,3.15383,101.69236,0.0
DMU05,34,1784006316,0.0,3.484673,102.34343,0.0
SCS04,2964,1784006370,116.0,5.778043,100.49107,0.0
DMU13,55,1784006369,11.0,5.374405,102.03114,0.0
SCS26,2963,1784006343,0.0,6.112517,100.369385,0.0
EMU40,2910,1784006323,0.0,5.364172,100.420944,0.0
SCS23,weekday_2138,1784006423,113.0,3.346762,101.5723,0.0
SCS09,weekday_2027,1784006422,0.0,3.166115,101.69025,0.0
DMU05,34,1784006421,5.0,3.485057,102.34333,0.0
SCS04,2964,1784006490,122.0,5.813147,100.478935,0.0
SCS09,weekday_2027,1784006497,46.0,3.16221,101.69186,0.0
DMU05,34,1784006496,39.0,3.490445,102.34296,0.0
SCS26,2963,1784006493,115.0,6.083267,100.37811,0.0
DMU06,35,1784006462,72.0,3.895565,102.36274,0.0
DMU06,35,1784006567,68.0,3.87524,102.36487,0.0
SCS26,2963,1784006523,114.0,6.075307,100.3823,0.0
EMU29,2909,1784006583,0.0,4.79595,100.75263,0.0
SCS26,2963,1784006568,114.0,6.063505,100.38898,0.0
DMU05,34,1784006601,40.0,3.502122,102.34432,0.0
SCS23,weekday_2138,1784006558,116.0,3.364202,101.59312,0.0
SCS19,weekday_2142,1784006588,72.0,3.177918,101.678894,0.0
EMU29,2909,1784006628,116.0,4.786548,100.766,0.0
DMU06,35,1784006627,70.0,3.863125,102.36347,0.0
SCS19,weekday_2142,1784006633,82.0,3.182887,101.67032,0.0
SCS23,weekday_2138,1784006633,77.0,3.373997,101.612366,0.0
SCS09,weekday_2027,1784006632,35.0,3.153608,101.69232,0.0
DMU05,34,1784006721,54.0,3.518332,102.3457,0.0
SCS04,2964,1784006685,108.0,5.843042,100.4769,0.0
SCS09,weekday_2027,1784006707,15.0,3.146982,101.69113,0.0
SCS26,2963,1784006703,114.0,6.028313,100.408844,0.0
EMU29,2909,1784006703,114.0,4.780058,100.7874,0.0
DMU13,55,1784006684,28.0,5.379602,102.017044,0.0
EMU40,2910,1784006683,0.0,5.364172,100.420944,0.0
DMU06,35,1784006732,81.0,3.842272,102.36166,0.0
EMU29,2909,1784006778,0.0,4.77662,100.7995,0.0
DMU06,35,1784006777,81.0,3.832328,102.36228,0.0
SCS19,weekday_2142,1784006753,9.0,3.186443,101.6642,0.0
SCS23,weekday_2138,1784006753,100.0,3.381845,101.62021,0.0
SCS09,weekday_2027,1784006752,19.0,3.144285,101.69292,0.0
DMU05,34,1784006751,52.0,3.52262,102.346344,0.0
SCS26,2963,1784006838,114.0,5.992945,100.42885,0.0
EMU40,2910,1784006833,0.0,5.364172,100.420944,0.0
SCS09,weekday_2027,1784006827,0.0,3.140437,101.694046,0.0
SCS19,weekday_2142,1784006813,45.0,3.19094,101.65754,0.0
SCS23,weekday_2138,1784006813,115.0,3.397035,101.628296,0.0
EMU29,2909,1784006808,0.0,4.77662,100.7995,0.0
DMU13,55,1784006804,7.0,5.378298,102.011,0.0
DMU06,35,1784006867,73.0,3.813295,102.35992,0.0
EMU29,2909,1784006868,108.0,4.77624,100.83461,0.0
SCS19,weekday_2142,1784006873,0.0,3.19175,101.65572,0.0
SCS09,weekday_2027,1784006872,0.0,3.140437,101.694046,0.0
SCS09,weekday_2027,1784006962,23.0,3.137203,101.69187,0.0
SCS26,2963,1784006958,0.0,5.97159,100.440926,0.0
EMU29,2909,1784006958,53.0,4.778663,100.854836,0.0
SCS19,weekday_2142,1784006948,42.0,3.19256,101.65385,0.0
SCS23,weekday_2138,1784006948,116.0,3.431703,101.63179,0.0
DMU13,55,1784006924,0.0,5.377033,102.010185,0.0
EMU40,2910,1784006923,0.0,5.364172,100.420944,0.0
SCS23,weekday_2138,1784006993,116.0,3.443588,101.63829,0.0
SCS09,weekday_2027,1784007037,0.0,3.135202,101.68872,0.0
EMU29,2909,1784007033,0.0,4.778195,100.85727,0.0
SCS19,weekday_2142,1784006993,61.0,3.195515,101.64708,0.0
DMU13,55,1784007089,0.0,5.377033,102.010185,0.0
EMU40,2910,1784007073,0.0,5.364172,100.420944,0.0
SCS19,weekday_2142,1784007068,34.0,3.200278,101.63955,0.0
SCS23,weekday_2138,1784007068,72.0,3.4597,101.63848,0.0
SCS09,weekday_2027,1784007067,0.0,3.135202,101.68872,0.0
SCS26,2963,1784007063,117.0,5.95818,100.44848,0.0
EMU29,2909,1784007063,0.0,4.778195,100.85727,0.0
SCS04,2964,1784007090,110.0,5.959457,100.44775,0.0
DMU05,34,1784007066,70.0,3.564563,102.36749,0.0
DMU05,34,1784007111,70.0,3.573382,102.3684,0.0
SCS26,2963,1784007153,114.0,5.933975,100.460815,0.0
DMU13,55,1784007134,0.0,5.377033,102.010185,0.0
SCS04,2964,1784007135,78.0,5.969995,100.441795,0.0
SCS09,weekday_2027,1784007112,0.0,3.135202,101.68872,0.0
SCS23,weekday_2138,1784007098,63.0,3.46524,101.63735,0.0
DMU06,35,1784007212,85.0,3.765855,102.3587,0.0
EMU40,2910,1784007208,0.0,5.364092,100.420906,0.0
SCS19,weekday_2142,1784007203,22.0,3.204043,101.63588,0.0
SCS23,weekday_2138,1784007203,18.0,3.469578,101.638,0.0
SCS04,2964,1784007195,0.0,5.972732,100.44026,0.0
SCS26,2963,1784007213,114.0,5.917098,100.46729,0.0
DMU05,34,1784007156,73.0,3.582155,102.369125,0.0
SCS04,2964,1784007270,114.0,5.983167,100.434364,0.0
EMU40,2910,1784007268,0.0,5.364092,100.420906,0.0
SCS09,weekday_2027,1784007247,16.0,3.128227,101.6799,0.0
DMU05,34,1784007246,72.0,3.599278,102.37248,0.0
EMU29,2909,1784007243,80.0,4.777312,100.86212,0.0
SCS26,2963,1784007243,114.0,5.9087,100.47053,0.0
DMU06,35,1784007242,85.0,3.75906,102.35867,0.0
SCS26,2963,1784007348,114.0,5.878247,100.47697,0.0
SCS04,2964,1784007330,116.0,5.999315,100.42525,0.0
DMU05,34,1784007321,73.0,3.6138,102.374725,0.0
EMU29,2909,1784007288,110.0,4.772597,100.873,0.0
DMU06,35,1784007272,81.0,3.753115,102.36134,0.0
DMU13,55,1784007329,0.0,5.377033,102.010185,0.0
EMU40,2910,1784007328,0.0,5.364092,100.420906,0.0
DMU05,34,1784007381,71.0,3.625035,102.378,0.0
DMU06,35,1784007347,85.0,3.73624,102.36328,0.0
SCS23,weekday_2138,1784007383,0.0,3.500925,101.6341,0.0
EMU29,2909,1784007333,111.0,4.77157,100.8857,0.0
EMU40,2910,1784007418,0.0,5.364092,100.420906,0.0
SCS04,2964,1784007405,116.0,6.019273,100.413956,0.0
DMU13,55,1784007404,0.0,5.376962,102.01013,0.0
DMU06,35,1784007512,35.0,3.711712,102.36565,0.0
SCS23,weekday_2138,1784007503,98.0,3.514222,101.63037,0.0
SCS09,weekday_2027,1784007502,45.0,3.116787,101.67912,0.0
DMU05,34,1784007501,53.0,3.647363,102.3805,0.0
EMU29,2909,1784007475,95.0,4.77482,100.92276,0.0
DMU13,55,1784007464,0.0,5.376962,102.01013,0.0
SCS21,weekday_2032,1784007514,21.0,3.09997,101.70329,0.0
SCS26,2963,1784007558,5.0,5.823782,100.47806,0.0
SCS09,weekday_2027,1784007577,65.0,3.111402,101.68901,0.0
SCS23,weekday_2138,1784007563,94.0,3.528622,101.63035,0.0
SCS19,weekday_2142,1784007555,84.0,3.200198,101.609695,0.0
SCS21,weekday_2032,1784007559,31.0,3.102613,101.700005,0.0
DMU06,35,1784007557,0.0,3.709838,102.3668,0.0
EMU40,2910,1784007613,0.0,5.364092,100.420906,0.0
SCS23,weekday_2138,1784007593,95.0,3.535165,101.63421,0.0
SCS09,weekday_2027,1784007592,51.0,3.110013,101.690765,0.0
DMU05,34,1784007591,56.0,3.660575,102.3772,0.0
DMU13,55,1784007644,0.0,5.376962,102.01013,0.0
EMU29,2909,1784007640,99.0,4.784583,100.935165,0.0
SCS23,weekday_2138,1784007653,82.0,3.549032,101.63971,0.0
SCS09,weekday_2027,1784007652,56.0,3.103558,101.69878,0.0
EMU29,2909,1784007670,118.0,4.793383,100.93671,0.0
DMU05,34,1784007681,69.0,3.675907,102.37512,0.0
DMU06,35,1784007677,4.0,3.710432,102.36631,0.0
SCS26,2963,1784007663,97.0,5.815607,100.47872,0.0
EMU40,2910,1784007658,0.0,5.364092,100.420906,0.0
SCS26,2963,1784007753,115.0,5.789883,100.48554,0.0
SCS21,weekday_2032,1784007799,0.0,3.113925,101.68101,0.0
SCS23,weekday_2138,1784007788,81.0,3.558948,101.63678,0.0
SCS09,weekday_2027,1784007787,0.0,3.09864,101.704994,0.0
DMU05,34,1784007786,72.0,3.695605,102.373825,0.0
EMU29,2909,1784007760,116.0,4.815683,100.95164,0.0
SCS04,2964,1784007780,6.0,6.113665,100.36997,0.0
DMU06,35,1784007797,0.0,3.713087,102.36527,0.0
SCS26,2963,1784007783,115.0,5.781732,100.48958,0.0
SCS26,2963,1784007843,117.0,5.764692,100.496506,0.0
SCS04,2964,1784007855,56.0,6.11558,100.370804,0.0
EMU29,2909,1784007865,117.0,4.839282,100.9678,0.0
SCS23,weekday_2138,1784007863,101.0,3.568373,101.61908,0.0
SCS09,weekday_2027,1784007862,0.0,3.09864,101.704994,0.0
DMU05,34,1784007861,0.0,3.701303,102.373116,0.0
EMU40,2910,1784007853,0.0,5.364092,100.420906,0.0
DMU13,55,1784007839,0.0,5.37699,102.01022,0.0
SCS19,weekday_2142,1784007900,97.0,3.231268,101.55961,0.0
SCS21,weekday_2032,1784007949,5.0,3.119088,101.67849,0.0
DMU06,35,1784007947,0.0,3.709917,102.36671,0.0
SCS04,2964,1784007945,117.0,6.138653,100.3806,0.0
DMU05,34,1784007921,0.0,3.701303,102.373116,0.0
EMU29,2909,1784007910,119.0,4.843228,100.9815,0.0
SCS04,2964,1784007975,116.0,6.147775,100.38024,0.0
EMU29,2909,1784007985,116.0,4.843308,101.004105,0.0
SCS26,2963,1784007978,115.0,5.72654,100.51246,0.0
DMU13,55,1784007959,0.0,5.37699,102.01022,0.0
EMU40,2910,1784007958,0.0,5.364092,100.420906,0.0
SCS09,weekday_2027,1784007952,0.0,3.09864,101.704994,0.0
DMU05,34,1784007951,0.0,3.701303,102.373116,0.0
SCS21,weekday_2032,1784007964,17.0,3.120213,101.678604,0.0
SCS19,weekday_2142,1784007945,74.0,3.2415,101.560425,0.0
DMU06,35,1784007962,0.0,3.709917,102.36671,0.0
DMU13,55,1784008034,0.0,5.37699,102.01022,0.0
EMU29,2909,1784008075,120.0,4.82864,101.02649,0.0
SCS23,weekday_2138,1784008073,116.0,3.610473,101.5852,0.0
SCS09,weekday_2027,1784008072,0.0,3.09864,101.704994,0.0
DMU05,34,1784008071,31.0,3.708955,102.36756,0.0
SCS26,2963,1784008053,114.0,5.704678,100.51088,0.0
SCS21,weekday_2032,1784008024,24.0,3.12419,101.678154,0.0
SCS04,2964,1784008035,117.0,6.165835,100.37902,0.0
SCS19,weekday_2142,1784008035,0.0,3.249945,101.55629,0.0
EMU40,2910,1784008123,0.0,5.364092,100.420906,0.0
DMU13,55,1784008109,0.0,5.376972,102.01013,0.0
SCS21,weekday_2032,1784008084,23.0,3.127913,101.67992,0.0
DMU06,35,1784008082,0.0,3.709917,102.36671,0.0
SCS19,weekday_2142,1784008065,36.0,3.251632,101.555405,0.0
SCS04,2964,1784008065,109.0,6.174738,100.37842,0.0
SCS21,weekday_2032,1784008114,22.0,3.129502,101.681145,0.0
SCS09,weekday_2027,1784008162,0.0,3.09864,101.704994,0.0
EMU29,2909,1784008179,0.0,4.825903,101.05585,0.0
DMU05,34,1784008161,0.0,3.709967,102.36676,0.0
DMU13,55,1784008154,0.0,5.376972,102.01013,0.0
SCS23,weekday_2138,1784008148,115.0,3.625497,101.56847,0.0
SCS26,2963,1784008113,114.0,5.688583,100.503334,0.0
EMU40,2910,1784008183,0.0,5.364047,100.42098,0.0
SCS19,weekday_2142,1784008185,0.0,3.257555,101.55464,0.0
SCS21,weekday_2032,1784008174,0.0,3.132232,101.68337,0.0
SCS26,2963,1784008173,115.0,5.672703,100.49515,0.0
EMU40,2910,1784008183,0.0,5.364047,100.42098,0.0
EMU29,2909,1784008230,74.0,4.82089,101.06769,0.0
SCS04,2964,1784008185,46.0,6.184763,100.37392,0.0
SCS23,weekday_2138,1784008238,114.0,3.647027,101.55243,0.0
DMU05,34,1784008236,8.0,3.710263,102.3666,0.0
EMU29,2909,1784008290,0.0,4.818778,101.071014,0.0
SCS26,2963,1784008278,62.0,5.64468,100.49039,0.0
DMU06,35,1784008277,0.0,3.709917,102.36671,0.0
EMU40,2910,1784008258,0.0,5.364047,100.42098,0.0
SCS04,2964,1784008260,118.0,6.203352,100.367165,0.0
DMU13,55,1784008244,0.0,5.377008,102.01022,0.0
SCS21,weekday_2032,1784008324,0.0,3.132232,101.68337,0.0
SCS26,2963,1784008353,5.0,5.64235,100.48995,0.0
EMU29,2909,1784008350,9.0,4.818618,101.07123,0.0
SCS09,weekday_2027,1784008342,0.0,3.09864,101.704994,0.0
DMU05,34,1784008341,58.0,3.721208,102.36556,0.0
EMU40,2910,1784008303,0.0,5.364047,100.42098,0.0
SCS23,weekday_2138,1784008298,112.0,3.659052,101.53912,0.0
DMU13,55,1784008394,0.0,5.377008,102.01022,0.0
EMU29,2909,1784008380,49.0,4.817088,101.07369,0.0
SCS19,weekday_2142,1784008380,71.0,3.270487,101.559875,0.0
DMU05,34,1784008416,64.0,3.73374,102.36374,0.0
SCS21,weekday_2032,1784008399,8.0,3.13631,101.69031,0.0
DMU06,35,1784008397,0.0,3.709917,102.36671,0.0
SCS26,2963,1784008353,5.0,5.64235,100.48995,0.0
EMU40,2910,1784008378,0.0,5.364047,100.42098,0.0
SCS23,weekday_2138,1784008418,39.0,3.679615,101.52382,0.0
SCS09,weekday_2027,1784008417,0.0,3.09864,101.704994,0.0
DMU05,34,1784008416,64.0,3.73374,102.36374,0.0
SCS23,weekday_2138,1784008418,39.0,3.679615,101.52382,0.0
SCS09,weekday_2027,1784008417,0.0,3.09864,101.704994,0.0
DMU13,55,1784008454,0.0,5.377008,102.01022,0.0
DMU06,35,1784008442,0.0,3.70993,102.3668,0.0
EMU29,2909,1784008425,94.0,4.810417,101.07963,0.0
EMU40,2910,1784008423,0.0,5.364047,100.42098,0.0
SCS21,weekday_2032,1784008534,0.0,3.139838,101.693596,0.0
SCS09,weekday_2027,1784008522,0.0,3.09864,101.704994,0.0
DMU06,35,1784008517,31.0,3.707048,102.36916,0.0
EMU29,2909,1784008515,109.0,4.789652,101.095856,0.0
SCS19,weekday_2142,1784008515,90.0,3.291415,101.57312,0.0
SCS04,2964,1784008515,116.0,6.279615,100.351585,0.0
EMU29,2909,1784008605,117.0,4.768537,101.11235,0.0
SCS21,weekday_2032,1784008609,10.0,3.141333,101.6941,0.0
SCS26,2963,1784008608,117.0,5.576928,100.49571,0.0
DMU06,35,1784008607,64.0,3.695405,102.37377,0.0
SCS23,weekday_2138,1784008553,0.0,3.684728,101.51823,0.0
DMU05,34,1784008581,72.0,3.76415,102.35868,0.0
SCS09,weekday_2027,1784008537,0.0,3.09864,101.704994,0.0
DMU05,34,1784008641,73.0,3.775925,102.35916,0.0
EMU40,2910,1784008603,0.0,5.364047,100.42098,0.0
DMU06,35,1784008607,64.0,3.695405,102.37377,0.0
SCS23,weekday_2138,1784008613,0.0,3.684728,101.51823,0.0
SCS09,weekday_2027,1784008612,0.0,3.09864,101.704994,0.0
SCS26,2963,1784008653,112.0,5.563498,100.49792,0.0
DMU06,35,1784008652,86.0,3.686387,102.37486,0.0
DMU05,34,1784008731,75.0,3.793467,102.35972,0.0
SCS21,weekday_2032,1784008729,0.0,3.147972,101.690765,0.0
SCS09,weekday_2027,1784008732,0.0,3.09864,101.704994,0.0
EMU29,2909,1784008770,118.0,4.719615,101.12243,0.0
SCS09,weekday_2027,1784008822,0.0,3.09864,101.704994,0.0
SCS21,weekday_2032,1784008804,0.0,3.154713,101.69313,0.0
DMU13,55,1784008844,0.0,5.377008,102.01022,0.0
SCS19,weekday_2142,1784008785,35.0,3.321898,101.57349,0.0
DMU05,34,1784008776,68.0,3.80217,102.35986,0.0
EMU40,2910,1784008783,0.0,5.364047,100.42098,0.0
EMU29,2909,1784008800,118.0,4.710877,101.12554,0.0
SCS04,2964,1784008800,110.0,6.355835,100.31401,0.0
SCS21,weekday_2032,1784008864,52.0,3.159848,101.69267,0.0
DMU06,35,1784008862,84.0,3.641583,102.38202,0.0
SCS26,2963,1784008863,114.0,5.502178,100.50338,0.0
SCS09,weekday_2027,1784008882,0.0,3.09864,101.704994,0.0
DMU05,34,1784008941,42.0,3.813525,102.360085,0.0
EMU40,2910,1784008933,0.0,5.364047,100.42098,0.0
SCS26,2963,1784008923,70.0,5.486208,100.4991,0.0
SCS21,weekday_2032,1784008894,51.0,3.164038,101.691925,0.0
DMU06,35,1784008892,86.0,3.634733,102.38102,0.0
SCS09,weekday_2027,1784008897,0.0,3.09864,101.704994,0.0
DMU05,34,1784008971,44.0,3.817138,102.36033,0.0
SCS09,weekday_2027,1784008972,0.0,3.09864,101.704994,0.0
DMU13,55,1784009069,0.0,5.377008,102.01022,0.0
DMU06,35,1784009072,82.0,3.59677,102.37211,0.0
SCS09,weekday_2027,1784009017,0.0,3.09864,101.704994,0.0
SCS04,2964,1784009070,115.0,6.399962,100.281044,0.0
DMU05,34,1784009016,37.0,3.822357,102.361,0.0
SCS21,weekday_2032,1784009014,22.0,3.16722,101.68885,0.0
SCS09,weekday_2027,1784009077,0.0,3.09864,101.704994,0.0
SCS26,2963,1784009133,114.0,5.451963,100.49312,0.0
DMU06,35,1784009132,83.0,3.583875,102.36946,0.0
EMU29,2909,1784009121,109.0,4.631437,101.10445,0.0
DMU05,34,1784009076,59.0,3.829867,102.362434,0.0
DMU13,55,1784009174,0.0,5.377008,102.01022,0.0
EMU29,2909,1784009151,109.0,4.624518,101.09917,0.0
SCS09,weekday_2027,1784009137,0.0,3.09864,101.704994,0.0
SCS26,2963,1784009178,114.0,5.438893,100.48967,0.0
SCS19,weekday_2142,1784009175,29.0,3.375198,101.613525,0.0
SCS04,2964,1784009175,84.0,6.427588,100.26986,0.0
DMU05,34,1784009166,73.0,3.845788,102.36227,0.0
SCS09,weekday_2027,1784009212,0.0,3.09864,101.704994,0.0
DMU05,34,1784009211,73.0,3.854615,102.36216,0.0
EMU29,2909,1784009211,78.0,4.611828,101.09088,0.0
DMU06,35,1784009207,81.0,3.567307,102.36777,0.0
SCS19,weekday_2142,1784009295,95.0,3.382835,101.62114,0.0
SCS04,2964,1784009295,73.0,6.436503,100.2668,0.0
DMU06,35,1784009282,73.0,3.553182,102.36252,0.0
DMU13,55,1784009279,0.0,5.37696,102.01014,0.0
SCS21,weekday_2032,1784009290,4.0,3.182695,101.68882,0.0
EMU40,2910,1784009278,0.0,5.364108,100.42091,0.0
EMU29,2909,1784009271,57.0,4.609742,101.07957,0.0
SCS26,2963,1784009328,118.0,5.397722,100.47162,0.0
SCS19,weekday_2142,1784009370,112.0,3.402213,101.6278,0.0
EMU40,2910,1784009368,0.0,5.364108,100.42091,0.0
SCS21,weekday_2032,1784009425,38.0,3.187422,101.68961,0.0
SCS09,weekday_2027,1784009422,0.0,3.09864,101.704994,0.0
DMU13,55,1784009399,0.0,5.37696,102.01014,0.0
EMU40,2910,1784009398,0.0,5.364108,100.42091,0.0
SCS26,2963,1784009394,115.0,5.378005,100.469154,0.0
DMU05,34,1784009421,66.0,3.894077,102.36224,0.0
EMU29,2909,1784009421,16.0,4.60383,101.07576,0.0
SCS26,2963,1784009454,66.0,5.36234,100.46718,0.0
EMU29,2909,1784009451,18.0,4.602107,101.075356,0.0
DMU06,35,1784009447,21.0,3.527907,102.34783,0.0
SCS21,weekday_2032,1784009440,51.0,3.189022,101.688705,0.0
SCS09,weekday_2027,1784009452,0.0,3.09864,101.704994,0.0
DMU05,34,1784009451,58.0,3.89905,102.36282,0.0
DMU13,55,1784009519,0.0,5.37696,102.01014,0.0
EMU40,2910,1784009518,0.0,5.364108,100.42091,0.0
DMU05,34,1784009556,52.0,3.914742,102.359726,0.0
DMU06,35,1784009537,56.0,3.520825,102.345856,0.0
SCS09,weekday_2027,1784009497,0.0,3.09864,101.704994,0.0
SCS04,2964,1784009520,113.0,6.5018,100.25338,0.0
SCS19,weekday_2142,1784009520,113.0,3.439422,101.63731,0.0
EMU29,2909,1784009496,13.0,4.599738,101.074295,0.0
SCS26,2963,1784009499,45.0,5.357182,100.46544,0.0
SCS21,weekday_2032,1784009620,46.0,3.20129,101.67867,0.0
DMU06,35,1784009612,71.0,3.50766,102.346855,0.0
EMU29,2909,1784009571,0.0,4.598463,101.07377,0.0
DMU05,34,1784009571,49.0,3.916877,102.35951,0.0
EMU29,2909,1784009661,0.0,4.598463,101.07377,0.0
SCS04,2964,1784009625,0.0,6.524447,100.25705,0.0
SCS19,weekday_2142,1784009625,92.0,3.462808,101.63755,0.0
DMU13,55,1784009624,0.0,5.37696,102.01014,0.0
SCS21,weekday_2032,1784009635,52.0,3.202863,101.67734,0.0
DMU06,35,1784009657,33.0,3.50173,102.343925,0.0
EMU40,2910,1784009623,0.0,5.364068,100.421005,0.0
DMU05,34,1784009631,56.0,3.925075,102.35836,0.0
SCS09,weekday_2027,1784009662,0.0,3.09864,101.704994,0.0
DMU06,35,1784009687,32.0,3.4993,102.34288,0.0
SCS09,weekday_2027,1784009677,0.0,3.09864,101.704994,0.0
EMU29,2909,1784009676,0.0,4.598463,101.07377,0.0
SCS21,weekday_2032,1784009725,39.0,3.206305,101.67445,0.0
DMU05,34,1784009691,52.0,3.934928,102.35813,0.0
SCS04,2964,1784009685,68.0,6.527783,100.25762,0.0
SCS19,weekday_2142,1784009685,0.0,3.467788,101.63766,0.0
DMU13,55,1784009684,0.0,5.37696,102.01014,0.0
EMU22,2911,1784009756,89.0,5.36907,100.409805,0.0
DMU06,35,1784009732,27.0,3.495858,102.34321,0.0
SCS19,weekday_2142,1784009760,91.0,3.476277,101.63914,0.0
SCS04,2964,1784009760,118.0,6.54866,100.25989,0.0
EMU29,2909,1784009736,0.0,4.598463,101.07377,0.0
SCS21,weekday_2032,1784009755,56.0,3.210078,101.672165,0.0
EMU29,2909,1784009796,0.0,4.598463,101.07377,0.0
DMU05,34,1784009796,0.0,3.937552,102.35772,0.0
DMU06,35,1784009837,0.0,3.484852,102.34335,0.0
SCS21,weekday_2032,1784009815,0.0,3.21511,101.672264,0.0
EMU29,2909,1784009886,0.0,4.598463,101.07377,0.0
DMU05,34,1784009886,0.0,3.937458,102.357765,0.0
SCS21,weekday_2032,1784009875,71.0,3.220082,101.67243,0.0
EMU22,2911,1784009936,93.0,5.363552,100.433754,0.0
SCS21,weekday_2032,1784009935,43.0,3.230538,101.67446,0.0
SCS26,2963,1784009934,0.0,5.364798,100.42074,0.0
SCS19,weekday_2142,1784009925,12.0,3.499862,101.634254,0.0
DMU13,55,1784009924,0.0,5.37696,102.01014,0.0
EMU40,2910,1784009923,0.0,5.364068,100.421005,0.0
SCS09,weekday_2027,1784009917,0.0,3.09864,101.704994,0.0
EMU29,2909,1784009931,0.0,4.598463,101.07377,0.0
DMU05,34,1784009931,0.0,3.937395,102.35774,0.0
SCS21,weekday_2032,1784010040,28.0,3.237388,101.68125,0.0
DMU13,55,1784010014,0.0,5.37696,102.01014,0.0
DMU13,55,1784010104,0.0,5.37696,102.01014,0.0
SCS21,weekday_2032,1784010100,0.0,3.238417,101.681175,0.0
EMU40,2910,1784010058,0.0,5.364068,100.421005,0.0
SCS26,2963,1784010039,101.0,5.36902,100.40981,0.0
DMU05,34,1784010081,40.0,3.947863,102.353035,0.0
DMU06,35,1784010077,0.0,3.484825,102.34328,0.0
EMU22,2911,1784010056,0.0,5.366473,100.447365,0.0
SCS09,weekday_2027,1784010052,0.0,3.09864,101.704994,0.0
SCS04,2964,1784010045,116.0,6.631958,100.27396,0.0
SCS19,weekday_2142,1784010045,97.0,3.524323,101.62946,0.0
SCS04,2964,1784010105,116.0,6.642907,100.28864,0.0
SCS19,weekday_2142,1784010105,91.0,3.537937,101.634964,0.0
SCS09,weekday_2027,1784010142,0.0,3.09864,101.704994,0.0
EMU22,2911,1784010101,40.0,5.36629,100.4485,0.0
DMU05,34,1784010141,57.0,3.954877,102.350655,0.0
SCS26,2963,1784010114,98.0,5.37772,100.39201,0.0
DMU05,34,1784010186,68.0,3.96216,102.34737,0.0
DMU13,55,1784010224,0.0,5.376868,102.010124,0.0
SCS09,weekday_2027,1784010157,0.0,3.09864,101.704994,0.0
EMU40,2910,1784010208,0.0,5.364068,100.421005,0.0
EMU22,2911,1784010206,91.0,5.354505,100.46558,0.0
SCS21,weekday_2032,1784010205,0.0,3.238483,101.68123,0.0
DMU06,35,1784010197,0.0,3.484825,102.34328,0.0
DMU13,55,1784010269,0.0,5.376868,102.010124,0.0
SCS21,weekday_2032,1784010280,0.0,3.238483,101.68123,0.0
EMU40,2910,1784010268,0.0,5.364068,100.421005,0.0
SCS19,weekday_2142,1784010240,25.0,3.55307,101.63953,0.0
SCS04,2964,1784010240,68.0,6.659132,100.31568,0.0
SCS04,2964,1784010345,0.0,6.662775,100.32035,0.0
EMU22,2911,1784010311,95.0,5.328853,100.47001,0.0
DMU05,34,1784010291,70.0,3.979795,102.33814,0.0
EMU40,2910,1784010283,0.0,5.364068,100.421005,0.0
SCS21,weekday_2032,1784010310,0.0,3.238483,101.68123,0.0
SCS19,weekday_2142,1784010300,100.0,3.561,101.63221,0.0
DMU13,55,1784010299,0.0,5.376868,102.010124,0.0
SCS26,2963,1784010279,18.0,5.388332,100.37224,0.0
SCS09,weekday_2027,1784010277,0.0,3.09864,101.704994,0.0
SCS04,2964,1784010345,0.0,6.662775,100.32035,0.0
DMU13,55,1784010344,0.0,5.376868,102.010124,0.0
SCS09,weekday_2027,1784010382,0.0,3.09864,101.704994,0.0
DMU05,34,1784010381,29.0,3.99129,102.33204,0.0
SCS21,weekday_2032,1784010355,0.0,3.238483,101.68123,0.0
SCS26,2963,1784010354,18.0,5.391703,100.36856,0.0
SCS19,weekday_2142,1784010465,109.0,3.593053,101.60574,0.0
DMU13,55,1784010464,0.0,5.376868,102.010124,0.0
EMU40,2910,1784010463,0.0,5.364068,100.421005,0.0
DMU06,35,1784010407,56.0,3.466923,102.34282,0.0
DMU05,34,1784010411,30.0,3.993147,102.33005,0.0
DMU13,55,1784010479,0.0,5.376868,102.010124,0.0
SCS19,weekday_2142,1784010495,90.0,3.598453,101.60126,0.0
EMU40,2910,1784010493,0.0,5.364068,100.421005,0.0
SCS21,weekday_2032,1784010520,0.0,3.238483,101.68123,0.0
EMU22,2911,1784010491,54.0,5.289693,100.4823,0.0
DMU06,35,1784010467,78.0,3.455447,102.34242,0.0
DMU13,55,1784010569,0.0,5.376868,102.010124,0.0
EMU40,2910,1784010568,0.0,5.364095,100.420906,0.0
SCS19,weekday_2142,1784010540,92.0,3.60243,101.59107,0.0
SCS09,weekday_2027,1784010622,0.0,3.09864,101.704994,0.0
DMU05,34,1784010621,73.0,4.024472,102.318985,0.0
SCS21,weekday_2032,1784010640,0.0,3.238483,101.68123,0.0
EMU22,2911,1784010622,95.0,5.27605,100.47901,0.0
DMU05,34,1784010666,73.0,4.032982,102.319496,0.0
SCS21,weekday_2032,1784010685,0.0,3.238483,101.68123,0.0
EMU22,2911,1784010637,95.0,5.272318,100.479866,0.0
DMU13,55,1784010674,0.0,5.376938,102.01007,0.0
EMU40,2910,1784010673,0.0,5.364095,100.420906,0.0
SCS09,weekday_2027,1784010652,0.0,3.09864,101.704994,0.0
SCS21,weekday_2032,1784010760,0.0,3.238483,101.68123,0.0
EMU40,2910,1784010718,0.0,5.364095,100.420906,0.0
EMU40,2910,1784010793,0.0,5.364095,100.420906,0.0
SCS19,weekday_2142,1784010810,106.0,3.652725,101.54538,0.0
SCS09,weekday_2027,1784010847,0.0,3.09864,101.704994,0.0
SCS26,2968,1784010864,0.0,5.392962,100.366356,0.0
EMU22,2911,1784010862,97.0,5.217323,100.49187,0.0
DMU05,34,1784010846,72.0,4.060957,102.30292,0.0
SCS21,weekday_2032,1784010820,0.0,3.238483,101.68123,0.0
SCS26,2968,1784010894,0.0,5.392962,100.366356,0.0
EMU22,2911,1784010892,96.0,5.210018,100.49003,0.0
DMU05,34,1784010906,67.0,4.066285,102.292725,0.0
SCS21,weekday_2032,1784010910,0.0,3.238483,101.68123,0.0
EMU22,2911,1784010952,95.0,5.196677,100.48288,0.0
SCS21,weekday_2032,1784011000,0.0,3.238483,101.68123,0.0
SCS26,2968,1784010954,19.0,5.392237,100.36787,0.0
DMU05,34,1784010936,71.0,4.06852,102.28767,0.0
DMU05,34,1784011026,37.0,4.075222,102.272484,0.0
SCS19,weekday_2142,1784011005,44.0,3.681563,101.52166,0.0
SCS26,2968,1784011029,15.0,5.389295,100.37135,0.0
EMU22,2911,1784010997,95.0,5.186105,100.479385,0.0
SCS21,weekday_2032,1784011000,0.0,3.238483,101.68123,0.0
DMU05,34,1784011101,0.0,4.075355,102.27155,0.0
SCS19,weekday_2142,1784011110,0.0,3.683912,101.51893,0.0
EMU40,2910,1784011108,0.0,5.364095,100.420906,0.0
EMU22,2911,1784011147,57.0,5.167187,100.47977,0.0
DMU05,34,1784011116,3.0,4.075355,102.27155,0.0
SCS19,weekday_2142,1784011170,0.0,3.68384,101.518875,0.0
SCS04,2967,1784011170,119.0,6.648073,100.2959,0.0
SCS26,2968,1784011149,96.0,5.380923,100.38607,0.0
DMU05,34,1784011221,48.0,4.076573,102.26174,0.0
SCS26,2968,1784011209,99.0,5.373627,100.39981,0.0
EMU22,2911,1784011207,95.0,5.153462,100.48087,0.0
EMU40,2910,1784011198,0.0,5.364095,100.420906,0.0
SCS19,weekday_2142,1784011260,0.0,3.68384,101.518875,0.0
SCS04,2967,1784011260,116.0,6.631658,100.27362,0.0
DMU13,55,1784011289,0.0,5.376983,102.01015,0.0
EMU40,2910,1784011288,0.0,5.364095,100.420906,0.0
DMU06,35,1784011262,66.0,3.343517,102.41565,0.0
DMU05,34,1784011236,52.0,4.077015,102.25972,0.0
DMU05,34,1784011311,62.0,4.07727,102.24845,0.0
SCS19,weekday_2142,1784011350,0.0,3.68384,101.518875,0.0
DMU13,55,1784011349,0.0,5.376983,102.01015,0.0
DMU06,35,1784011337,28.0,3.333807,102.41988,0.0
SCS26,2968,1784011299,47.0,5.36523,100.41967,0.0
EMU22,2911,1784011297,56.0,5.13317,100.48571,0.0
SCS04,2967,1784011425,118.0,6.58453,100.2625,0.0
EMU22,2911,1784011402,84.0,5.124997,100.48743,0.0
DMU05,34,1784011401,70.0,4.083563,102.23427,0.0
EMU40,2910,1784011378,0.0,5.364095,100.420906,0.0
DMU13,55,1784011439,0.0,5.376983,102.01015,0.0
SCS26,2968,1784011449,94.0,5.366003,100.43902,0.0
EMU22,2911,1784011477,96.0,5.106515,100.49124,0.0
DMU05,34,1784011476,53.0,4.087682,102.22251,0.0
DMU05,34,1784011491,50.0,4.087682,102.22033,0.0
DMU06,35,1784011487,58.0,3.326875,102.4209,0.0
SCS19,weekday_2142,1784011590,0.0,3.683752,101.51885,0.0
SCS04,2967,1784011590,114.0,6.534067,100.258705,0.0
DMU13,55,1784011589,0.0,5.376983,102.01015,0.0
EMU40,2910,1784011588,0.0,5.364095,100.420906,0.0
SCS19,weekday_2142,1784011620,0.0,3.683752,101.51885,0.0
SCS04,2967,1784011620,62.0,6.52671,100.25748,0.0
DMU13,55,1784011619,0.0,5.376983,102.01015,0.0
EMU40,2910,1784011618,0.0,5.364023,100.420975,0.0
DMU05,34,1784011596,69.0,4.094318,102.20541,0.0
DMU06,35,1784011712,77.0,3.286752,102.421936,0.0
EMU22,2911,1784011691,97.0,5.057007,100.51227,0.0
DMU13,55,1784011694,0.0,5.376983,102.01015,0.0
SCS04,2967,1784011680,0.0,6.524332,100.25709,0.0
EMU40,2910,1784011678,0.0,5.364023,100.420975,0.0
SCS26,2968,1784011659,43.0,5.363717,100.458435,0.0
DMU05,34,1784011656,1.0,4.098717,102.202835,0.0
EMU22,2911,1784011736,98.0,5.046822,100.51767,0.0
DMU13,55,1784011769,0.0,5.376983,102.01015,0.0
EMU40,2910,1784011768,0.0,5.36407,100.42087,0.0
SCS26,2968,1784011794,79.0,5.36338,100.4673,0.0
DMU05,34,1784011791,49.0,4.109335,102.19897,0.0
DMU05,34,1784011896,0.0,4.117238,102.199394,0.0
DMU06,35,1784011892,68.0,3.255823,102.41297,0.0
EMU22,2911,1784011856,0.0,5.028695,100.52733,0.0
SCS26,2968,1784011899,115.0,5.39321,100.47102,0.0
EMU22,2911,1784011946,96.0,5.019417,100.536255,0.0
DMU06,35,1784011952,32.0,3.247605,102.41141,0.0
SCS04,2967,1784011905,116.0,6.46459,100.25716,0.0
SCS26,2968,1784011899,115.0,5.39321,100.47102,0.0
SCS19,weekday_2142,1784011905,0.0,3.683752,101.51885,0.0
DMU05,34,1784011896,0.0,4.117238,102.199394,0.0
EMU22,2911,1784011991,97.0,5.019775,100.547424,0.0
SCS26,2968,1784011989,117.0,5.419067,100.47808,0.0
DMU05,34,1784011986,38.0,4.122302,102.1997,0.0
DMU06,35,1784011982,0.0,3.246395,102.41128,0.0
SCS19,weekday_2142,1784011980,0.0,3.683752,101.51885,0.0
SCS04,2967,1784011980,112.0,6.443008,100.26458,0.0
DMU13,55,1784011979,0.0,5.376938,102.01006,0.0
EMU40,2910,1784011978,0.0,5.364085,100.42078,0.0
DMU05,34,1784012016,44.0,4.125918,102.19923,0.0
SCS26,2968,1784012034,115.0,5.430593,100.48562,0.0
DMU06,35,1784012027,0.0,3.246395,102.41128,0.0
DMU06,35,1784012087,0.0,3.246342,102.411194,0.0
SCS26,2968,1784012139,114.0,5.46042,100.4953,0.0
EMU29,2912,1784012136,0.0,4.598312,101.073555,0.0
DMU05,34,1784012136,52.0,4.139808,102.19188,0.0
EMU22,2911,1784012141,96.0,5.041152,100.57953,0.0
EMU29,2912,1784012211,0.0,4.598312,101.073555,0.0
DMU06,35,1784012147,0.0,3.246342,102.411194,0.0
SCS04,2967,1784012190,117.0,6.420133,100.27245,0.0
EMU22,2911,1784012186,93.0,5.045025,100.59022,0.0
SCS26,2968,1784012184,110.0,5.473633,100.49593,0.0
DMU05,34,1784012181,61.0,4.146162,102.18905,0.0
DMU06,35,1784012192,0.0,3.246342,102.411194,0.0
SCS26,2968,1784012229,16.0,5.48142,100.497765,0.0
EMU22,2911,1784012261,95.0,5.043862,100.60933,0.0
DMU05,34,1784012196,61.0,4.148042,102.1876,0.0
EMU29,2912,1784012196,0.0,4.598312,101.073555,0.0
EMU29,2912,1784012271,0.0,4.598312,101.073555,0.0
SCS19,weekday_2142,1784012310,0.0,3.683752,101.51885,0.0
SCS04,2967,1784012310,116.0,6.388077,100.289955,0.0
DMU06,35,1784012297,0.0,3.246342,102.411194,0.0
DMU05,34,1784012286,69.0,4.155898,102.17342,0.0
SCS26,2968,1784012274,0.0,5.481727,100.49785,0.0
SCS26,2968,1784012319,15.0,5.482252,100.49797,0.0
DMU06,35,1784012372,0.0,3.246342,102.411194,0.0
SCS19,weekday_2142,1784012370,0.0,3.683752,101.51885,0.0
SCS21,weekday_2035,1784012440,12.0,3.238085,101.68123,0.0
DMU05,34,1784012436,76.0,4.174537,102.15894,0.0
DMU06,35,1784012402,0.0,3.246342,102.411194,0.0
EMU29,2912,1784012451,11.0,4.599002,101.07389,0.0
SCS19,weekday_2142,1784012445,0.0,3.683752,101.51885,0.0
EMU22,2911,1784012396,96.0,5.04147,100.64347,0.0
SCS26,2968,1784012394,104.0,5.496492,100.50181,0.0
SCS04,2967,1784012460,47.0,6.370097,100.30338,0.0
ETS207,9052,1784012500,0.0,3.155552,101.6942,0.0
SCS21,weekday_2035,1784012500,38.0,3.233325,101.6782,0.0
DMU05,34,1784012466,74.0,4.172303,102.15375,0.0
SCS19,weekday_2142,1784012460,0.0,3.683752,101.51885,0.0
SCS21,weekday_2035,1784012530,37.0,3.23138,101.6756,0.0
DMU05,34,1784012526,76.0,4.180218,102.14668,0.0
ETS207,9052,1784012515,0.0,3.155552,101.6942,0.0
EMU22,2911,1784012507,96.0,5.039213,100.67103,0.0
SCS04,2967,1784012505,115.0,6.36169,100.309654,0.0
SCS09,weekday_2027,1784012542,11.0,3.165798,101.69045,0.0
EMU29,2912,1784012541,20.0,4.604058,101.07573,0.0
DMU06,35,1784012567,0.0,3.246342,102.411194,0.0
EMU22,2911,1784012627,94.0,5.036865,100.70155,0.0
EMU29,2912,1784012601,46.0,4.609295,101.07884,0.0
EMU22,2911,1784012642,96.0,5.035717,100.705154,0.0
DMU06,35,1784012642,0.0,3.246402,102.41126,0.0
DMU13,56,1784012684,2.0,5.373547,102.03115,0.0
SCS26,2968,1784012679,113.0,5.579305,100.495285,0.0
EMU29,2912,1784012676,72.0,4.6125,101.09126,0.0
DMU05,34,1784012676,67.0,4.180498,102.12603,0.0
ETS207,9052,1784012665,0.0,3.155552,101.6942,0.0
SCS21,weekday_2035,1784012665,0.0,3.215093,101.6723,0.0
DMU06,35,1784012732,28.0,3.24472,102.411064,0.0
EMU31,2969,1784012687,0.0,6.662565,100.319626,0.0
SCS26,2968,1784012724,115.0,5.592705,100.49313,0.0
EMU26,2970,1784012720,9.0,5.393143,100.36657,0.0
ETS207,9052,1784012710,0.0,3.155552,101.6942,0.0
SCS21,weekday_2035,1784012710,43.0,3.213592,101.67223,0.0
EMU29,2912,1784012691,75.0,4.615093,101.09264,0.0
DMU05,34,1784012691,73.0,4.179247,102.12353,0.0
DMU13,56,1784012684,2.0,5.373547,102.03115,0.0
EMU22,2911,1784012687,96.0,5.029912,100.714836,0.0
DMU05,34,1784012736,76.0,4.181205,102.114914,0.0
ETS207,9052,1784012800,0.0,3.155552,101.6942,0.0
EMU26,2970,1784012735,18.0,5.392617,100.3673,0.0
SCS21,weekday_2035,1784012800,0.0,3.205387,101.67532,0.0
SCS26,2968,1784012739,114.0,5.597207,100.49313,0.0
EMU29,2912,1784012736,108.0,4.624287,101.09892,0.0
SCS21,weekday_2035,1784012860,51.0,3.204038,101.67647,0.0
ETS207,9052,1784012860,0.0,3.155552,101.6942,0.0
DMU06,35,1784012852,78.0,3.22498,102.412605,0.0
DMU05,34,1784012826,70.0,4.181553,102.098595,0.0
EMU29,2912,1784012826,113.0,4.645547,101.114784,0.0
EMU26,2970,1784012825,18.0,5.38919,100.37138,0.0
SCS04,2967,1784012805,117.0,6.282095,100.351105,0.0
SCS19,weekday_2142,1784012835,0.0,3.683752,101.51885,0.0
SCS19,weekday_2142,1784012865,0.0,3.683752,101.51885,0.0
EMU29,2912,1784012913,106.0,4.666108,101.13058,0.0
SCS04,2967,1784012865,116.0,6.264113,100.35478,0.0
DMU13,56,1784012864,12.0,5.379918,102.03349,0.0
EMU22,2911,1784012912,96.0,4.980035,100.73267,0.0
EMU26,2970,1784012870,47.0,5.386982,100.37428,0.0
EMU29,2912,1784012943,115.0,4.672962,101.135864,0.0
EMU22,2911,1784012987,95.0,4.962098,100.72665,0.0
SCS21,weekday_2035,1784012980,57.0,3.196522,101.68279,0.0
DMU05,34,1784012976,67.0,4.178573,102.07403,0.0
SCS26,2968,1784012964,0.0,5.64248,100.48995,0.0
EMU26,2970,1784012960,97.0,5.378063,100.391365,0.0
DMU06,35,1784012942,79.0,3.207797,102.411766,0.0
EMU31,2969,1784012942,96.0,6.649335,100.29945,0.0
SCS04,2967,1784012940,114.0,6.241712,100.35936,0.0
SCS26,2968,1784013009,70.0,5.646028,100.490555,0.0
DMU05,34,1784013006,69.0,4.177867,102.06858,0.0
EMU29,2912,1784013018,121.0,4.69421,101.14051,0.0
SCS19,weekday_2142,1784013000,0.0,3.683752,101.51885,0.0
EMU26,2970,1784012975,93.0,5.376332,100.39469,0.0
SCS13,weekday_2150,1784013043,0.0,3.134595,101.686455,0.0
DMU05,34,1784013081,59.0,4.183363,102.057014,0.0
EMU26,2970,1784013080,73.0,5.365933,100.417854,0.0
SCS26,2968,1784013054,116.0,5.657398,100.49249,0.0
ETS207,9052,1784013055,0.0,3.155552,101.6942,0.0
SCS21,weekday_2035,1784013055,44.0,3.18946,101.688515,0.0
SCS04,2967,1784013135,69.0,6.185948,100.37314,0.0
SCS26,2968,1784013129,114.0,5.679368,100.49702,0.0
SCS13,weekday_2150,1784013118,0.0,3.136798,101.69016,0.0
SCS19,weekday_2142,1784013105,0.0,3.683755,101.518814,0.0
DMU13,56,1784013104,0.0,5.38197,102.03587,0.0
EMU31,2969,1784013152,91.0,6.611522,100.26396,0.0
DMU05,34,1784013126,15.0,4.18706,102.05327,0.0
EMU26,2970,1784013125,0.0,5.36464,100.42123,0.0
EMU22,2911,1784013154,92.0,4.921382,100.71668,0.0
EMU29,2912,1784013153,119.0,4.728548,101.12206,0.0
SCS26,2968,1784013174,115.0,5.690623,100.50466,0.0
EMU22,2911,1784013214,88.0,4.906583,100.71827,0.0
DMU06,35,1784013197,68.0,3.16394,102.39082,0.0
SCS21,weekday_2035,1784013220,0.0,3.182795,101.68894,0.0
EMU29,2912,1784013228,112.0,4.750865,101.11996,0.0
SCS13,weekday_2150,1784013223,0.0,3.139045,101.69339,0.0
SCS26,2968,1784013219,114.0,5.70271,100.51032,0.0
EMU26,2970,1784013215,93.0,5.363113,100.43285,0.0
EMU31,2969,1784013242,112.0,6.585935,100.262566,0.0
EMU22,2911,1784013229,77.0,4.903197,100.71864,0.0
SCS04,2967,1784013225,41.0,6.18304,100.37516,0.0
SCS19,weekday_2142,1784013225,0.0,3.683755,101.518814,0.0
DMU06,35,1784013242,64.0,3.15794,102.38656,0.0
ETS207,9052,1784013325,0.0,3.155552,101.6942,0.0
EMU29,2912,1784013303,3.0,4.759312,101.11653,0.0
DMU06,35,1784013302,63.0,3.152872,102.37828,0.0
EMU26,2970,1784013290,22.0,5.366515,100.446846,0.0
EMU31,2969,1784013302,115.0,6.568482,100.25908,0.0
DMU13,56,1784013329,46.0,5.391532,102.05881,0.0
SCS04,2967,1784013300,118.0,6.163818,100.37917,0.0
SCS21,weekday_2035,1784013340,7.0,3.18069,101.688255,0.0
EMU22,2911,1784013334,56.0,4.893815,100.71965,0.0
ETS207,9052,1784013385,0.0,3.155552,101.6942,0.0
SCS21,weekday_2035,1784013385,14.0,3.178957,101.68733,0.0
SCS26,2968,1784013369,114.0,5.74566,100.50505,0.0
DMU13,56,1784013344,42.0,5.39074,102.060524,0.0
EMU22,2911,1784013409,93.0,4.876525,100.7231,0.0
EMU29,2912,1784013408,0.0,4.760232,101.11612,0.0
EMU31,2969,1784013407,102.0,6.537675,100.25927,0.0
DMU06,35,1784013407,33.0,3.137225,102.37125,0.0
SCS04,2967,1784013450,112.0,6.119615,100.37273,0.0
ETS207,9052,1784013445,0.0,3.155552,101.6942,0.0
SCS21,weekday_2035,1784013445,12.0,3.17696,101.68612,0.0
SCS19,weekday_2142,1784013420,0.0,3.683755,101.518814,0.0
EMU22,2911,1784013409,93.0,4.876525,100.7231,0.0
EMU29,2912,1784013408,0.0,4.760232,101.11612,0.0
EMU31,2969,1784013407,102.0,6.537675,100.25927,0.0
DMU06,35,1784013407,33.0,3.137225,102.37125,0.0
SCS26,2968,1784013444,114.0,5.766118,100.49575,0.0
DMU05,34,1784013456,0.0,4.186503,102.0537,0.0
EMU26,2970,1784013455,51.0,5.3643,100.45758,0.0
DMU05,34,1784013501,0.0,4.186503,102.0537,0.0
DMU13,56,1784013524,0.0,5.390275,102.06504,0.0
EMU26,2970,1784013521,0.0,5.357913,100.46315,0.0
ETS207,9052,1784013520,38.0,3.20834,101.63069,0.0
SCS21,weekday_2035,1784013520,17.0,3.174067,101.685036,0.0
SCS19,weekday_2142,1784013465,0.0,3.683823,101.51887,0.0
SCS04,2967,1784013465,74.0,6.116155,100.37113,0.0
SCS26,2968,1784013459,115.0,5.770297,100.49402,0.0
EMU22,2911,1784013544,0.0,4.853202,100.7324,0.0
EMU26,2970,1784013531,38.0,5.35723,100.46405,0.0
DMU13,56,1784013569,17.0,5.39012,102.066696,0.0
ETS207,9052,1784013535,28.0,3.208677,101.62908,0.0
DMU05,34,1784013531,0.0,4.186503,102.0537,0.0
SCS04,2967,1784013525,0.0,6.113563,100.36994,0.0
SCS19,weekday_2142,1784013525,0.0,3.683823,101.51887,0.0
EMU31,2969,1784013557,68.0,6.519075,100.2561,0.0
SCS21,weekday_2035,1784013535,21.0,3.17313,101.68484,0.0
EMU26,2970,1784013621,104.0,5.370342,100.468185,0.0
ETS207,9052,1784013610,0.0,3.208397,101.628525,0.0
SCS26,2968,1784013609,112.0,5.812745,100.47894,0.0
DMU05,34,1784013591,0.0,4.186503,102.0537,0.0
SCS13,weekday_2150,1784013688,0.0,3.165085,101.691284,0.0
EMU22,2911,1784013649,96.0,4.840753,100.728065,0.0
EMU29,2912,1784013648,13.0,4.769693,101.11149,0.0
DMU06,35,1784013647,17.0,3.134962,102.3701,0.0
EMU26,2970,1784013636,116.0,5.374705,100.46871,0.0
SCS26,2968,1784013684,0.0,5.823857,100.47802,0.0
DMU05,34,1784013636,0.0,4.186503,102.0537,0.0
SCS04,2967,1784013750,116.0,6.065712,100.38775,0.0
SCS19,weekday_2142,1784013750,0.0,3.683823,101.51887,0.0
EMU31,2969,1784013749,111.0,6.466052,100.25661,0.0
DMU13,56,1784013749,53.0,5.384287,102.07922,0.0
ETS207,9052,1784013715,0.0,3.208397,101.628525,0.0
SCS21,weekday_2035,1784013723,0.0,3.166048,101.69034,0.0
EMU29,2912,1784013723,16.0,4.772568,101.10821,0.0
EMU26,2970,1784013758,117.0,5.41085,100.474625,0.0
DMU05,34,1784013756,0.0,4.186503,102.0537,0.0
EMU22,2911,1784013754,93.0,4.817587,100.73913,0.0
SCS26,2968,1784013714,0.0,5.823857,100.47802,0.0
DMU06,35,1784013752,73.0,3.121055,102.37195,0.0
DMU05,34,1784013816,0.0,4.186503,102.0537,0.0
SCS21,weekday_2035,1784013813,18.0,3.162738,101.692245,0.0
EMU29,2912,1784013798,15.0,4.7753,101.10478,0.0
SCS26,2968,1784013759,51.0,5.825662,100.47787,0.0
SCS04,2967,1784013780,116.0,6.05772,100.39228,0.0
SCS19,weekday_2142,1784013780,0.0,3.683823,101.51887,0.0
DMU13,56,1784013779,49.0,5.38037,102.081024,0.0
EMU31,2969,1784013779,114.0,6.457597,100.25951,0.0
SCS13,weekday_2150,1784013778,75.0,3.174557,101.68241,0.0
ETS207,9052,1784013775,0.0,3.208397,101.628525,0.0
DMU05,34,1784013861,0.0,4.186503,102.0537,0.0
EMU29,2912,1784013843,18.0,4.777077,101.10332,0.0
DMU13,56,1784013869,8.0,5.374193,102.08403,0.0
SCS13,weekday_2150,1784013868,46.0,3.185383,101.665596,0.0
ETS207,9052,1784013865,0.0,3.208397,101.628525,0.0
SCS26,2968,1784013864,114.0,5.853282,100.47689,0.0
ETS207,9052,1784013925,72.0,3.200908,101.61067,0.0
EMU26,2970,1784013923,116.0,5.45618,100.49416,0.0
EMU31,2969,1784013899,21.0,6.431743,100.26838,0.0
DMU13,56,1784013899,6.0,5.373347,102.084465,0.0
DMU05,34,1784013876,0.0,4.186503,102.0537,0.0
EMU22,2911,1784013902,95.0,4.789535,100.760735,0.0
ETS207,9052,1784014000,74.0,3.200497,101.59617,0.0
SCS19,weekday_2142,1784013990,34.0,3.682185,101.520996,0.0
SCS04,2967,1784013990,116.0,6.002003,100.42372,0.0
EMU29,2912,1784013978,16.0,4.781962,101.10034,0.0
SCS21,weekday_2035,1784013978,0.0,3.154853,101.69346,0.0
EMU22,2911,1784013977,96.0,4.782695,100.7787,0.0
SCS26,2968,1784013969,114.0,5.884907,100.47694,0.0
DMU05,34,1784013966,0.0,4.186567,102.05377,0.0
SCS13,weekday_2150,1784013958,48.0,3.187352,101.66288,0.0
EMU31,2969,1784013989,68.0,6.426822,100.27011,0.0
DMU13,56,1784013989,0.0,5.37185,102.085236,0.0
EMU26,2970,1784013953,111.0,5.464928,100.49644,0.0
ETS207,9052,1784014030,55.0,3.201627,101.590546,0.0
EMU29,2912,1784014053,24.0,4.786273,101.0978,0.0
SCS21,weekday_2035,1784014053,18.0,3.153653,101.692505,0.0
SCS19,weekday_2142,1784014005,42.0,3.681088,101.5222,0.0
SCS04,2967,1784014005,116.0,5.997995,100.425964,0.0
SCS13,weekday_2150,1784014033,0.0,3.191687,101.65572,0.0
SCS19,weekday_2155,1784014110,108.0,3.667245,101.533424,0.0
SCS26,2968,1784014089,114.0,5.91915,100.466446,0.0
EMU26,2970,1784014088,0.0,5.481985,100.49791,0.0
SCS04,2967,1784014110,28.0,5.97324,100.43996,0.0
SCS13,weekday_2150,1784014093,0.0,3.191687,101.65572,0.0
SCS21,weekday_2035,1784014083,36.0,3.151588,101.69117,0.0
EMU29,2912,1784014083,23.0,4.788117,101.09671,0.0
EMU22,2911,1784014067,0.0,4.776672,100.79898,0.0
SCS13,weekday_2150,1784014153,75.0,3.193533,101.65149,0.0
EMU22,2911,1784014142,0.0,4.776672,100.79898,0.0
EMU26,2970,1784014190,104.0,5.50233,100.50337,0.0
EMU31,2969,1784014184,114.0,6.384617,100.292465,0.0
SCS21,weekday_2035,1784014143,9.0,3.147068,101.69109,0.0
EMU29,2912,1784014113,24.0,4.79004,101.09558,0.0
DMU06,35,1784014172,64.0,3.07558,102.371376,0.0
SCS04,2967,1784014230,113.0,5.962817,100.44589,0.0
SCS19,weekday_2155,1784014230,112.0,3.642125,101.556564,0.0
DMU13,56,1784014229,47.0,5.362123,102.094925,0.0
ETS207,9052,1784014210,0.0,3.205802,101.580925,0.0
SCS26,2968,1784014209,114.0,5.952068,100.451866,0.0
EMU22,2911,1784014172,94.0,4.776245,100.826485,0.0
EMU26,2970,1784014205,113.0,5.506483,100.504486,0.0
SCS13,weekday_2150,1784014198,47.0,3.196927,101.6439,0.0
EMU31,2969,1784014244,53.0,6.37255,100.301476,0.0
SCS21,weekday_2035,1784014293,0.0,3.140608,101.694,0.0
EMU29,2912,1784014293,75.0,4.812897,101.07798,0.0
SCS04,2967,1784014260,119.0,5.954718,100.45047,0.0
SCS13,weekday_2150,1784014273,27.0,3.201882,101.637924,0.0
SCS19,weekday_2155,1784014260,112.0,3.634588,101.56114,0.0
ETS207,9052,1784014255,0.0,3.205802,101.580925,0.0
EMU26,2970,1784014250,113.0,5.519695,100.507835,0.0
DMU06,35,1784014247,54.0,3.063103,102.37077,0.0
SCS26,2968,1784014239,114.0,5.95993,100.447426,0.0
DMU13,56,1784014259,44.0,5.360888,102.09907,0.0
EMU26,2970,1784014340,114.0,5.545698,100.50103,0.0
SCS26,2968,1784014389,64.0,5.974528,100.43916,0.0
EMU26,2970,1784014400,112.0,5.563782,100.497894,0.0
SCS24,weekday_2040,1784014397,13.0,3.098718,101.70485,0.0
SCS21,weekday_2035,1784014398,12.0,3.138397,101.69326,0.0
SCS13,weekday_2150,1784014393,55.0,3.207112,101.632866,0.0
ETS207,9052,1784014405,74.0,3.221572,101.56456,0.0
EMU29,2912,1784014383,0.0,4.81867,101.07101,0.0
EMU31,2969,1784014390,0.0,6.357398,100.31282,0.0
EMU26,2970,1784014460,112.0,5.581732,100.49494,0.0
SCS04,2967,1784014425,116.0,5.908535,100.47065,0.0
SCS19,weekday_2155,1784014425,115.0,3.59994,101.59503,0.0
DMU13,56,1784014424,34.0,5.350707,102.116745,0.0
ETS207,9052,1784014420,71.0,3.224002,101.562706,0.0
EMU22,2911,1784014472,93.0,4.77137,100.88474,0.0
SCS26,2968,1784014434,105.0,5.983688,100.434,0.0
SCS04,2967,1784014515,116.0,5.882082,100.47703,0.0
EMU26,2970,1784014505,110.0,5.594865,100.49297,0.0
EMU31,2969,1784014532,114.0,6.324192,100.33764,0.0
SCS21,weekday_2035,1784014518,20.0,3.134825,101.68849,0.0
SCS26,2968,1784014509,114.0,6.003308,100.422905,0.0
ETS207,9052,1784014495,65.0,3.237113,101.560036,0.0
EMU22,2911,1784014502,97.0,4.773028,100.89223,0.0
SCS26,2968,1784014584,114.0,6.022938,100.41181,0.0
SCS13,weekday_2150,1784014581,82.0,3.203173,101.61311,0.0
SCS21,weekday_2035,1784014593,0.0,3.134483,101.68839,0.0
EMU31,2969,1784014592,114.0,6.308525,100.34568,0.0
EMU26,2970,1784014580,110.0,5.617082,100.49677,0.0
SCS19,weekday_2155,1784014560,92.0,3.57365,101.6143,0.0
SCS04,2967,1784014560,116.0,5.868318,100.47701,0.0
SCS25,2971,1784014580,21.0,6.662267,100.31967,0.0
EMU22,2911,1784014547,92.0,4.776012,100.90275,0.0
EMU40,2972,1784014558,14.0,5.392488,100.36743,0.0
ETS207,9052,1784014555,69.0,3.246968,101.55871,0.0
SCS24,weekday_2040,1784014547,18.0,3.110353,101.6904,0.0
DMU06,35,1784014547,54.0,3.016155,102.38013,0.0
SCS26,2968,1784014629,114.0,6.034738,100.40511,0.0
DMU06,35,1784014667,56.0,2.998745,102.3842,0.0
ETS207,9052,1784014660,63.0,3.2636,101.55741,0.0
EMU40,2972,1784014633,14.0,5.390397,100.37032,0.0
SCS21,weekday_2035,1784014653,0.0,3.134483,101.68839,0.0
SCS24,weekday_2040,1784014652,23.0,3.112622,101.68518,0.0
EMU31,2969,1784014652,114.0,6.291033,100.349236,0.0
SCS13,weekday_2150,1784014596,86.0,3.2007,101.61049,0.0
SCS25,2971,1784014595,22.0,6.661548,100.3188,0.0
EMU26,2970,1784014595,114.0,5.621182,100.49529,0.0
EMU22,2911,1784014607,98.0,4.775478,100.917274,0.0
DMU06,35,1784014712,67.0,2.993233,102.389915,0.0
SCS24,weekday_2040,1784014712,1.0,3.113173,101.682076,0.0
SCS25,2971,1784014700,50.0,6.654648,100.30884,0.0
SCS13,weekday_2150,1784014656,84.0,3.200642,101.59723,0.0
EMU26,2970,1784014700,0.0,5.642625,100.48998,0.0
SCS26,2968,1784014659,114.0,6.042597,100.400696,0.0
EMU40,2972,1784014723,49.0,5.386152,100.37606,0.0
SCS21,weekday_2035,1784014713,0.0,3.134483,101.68839,0.0
EMU31,2969,1784014712,113.0,6.273413,100.35282,0.0
DMU13,56,1784014664,0.0,5.329445,102.12171,0.0
EMU29,2912,1784014663,113.0,4.841637,101.00857,0.0
ETS207,9052,1784014690,66.0,3.268167,101.55963,0.0
EMU22,2911,1784014719,0.0,4.77627,100.93191,0.0
SCS21,weekday_2035,1784014773,8.0,3.132618,101.682625,0.0
EMU31,2969,1784014772,114.0,6.255887,100.35642,0.0
SCS25,2971,1784014760,113.0,6.648703,100.29722,0.0
EMU29,2912,1784014723,115.0,4.844917,100.99105,0.0
SCS26,2968,1784014719,102.0,6.057797,100.392075,0.0
ETS207,9052,1784014765,45.0,3.279812,101.56507,0.0
SCS24,weekday_2040,1784014727,0.0,3.113193,101.68203,0.0
SCS21,weekday_2035,1784014833,15.0,3.129648,101.68109,0.0
EMU31,2969,1784014833,114.0,6.237968,100.36008,0.0
SCS13,weekday_2150,1784014851,0.0,3.205777,101.58108,0.0
SCS25,2971,1784014850,113.0,6.632852,100.27523,0.0
EMU26,2970,1784014850,115.0,5.661082,100.49313,0.0
EMU29,2912,1784014798,117.0,4.839712,100.96921,0.0
EMU40,2972,1784014798,99.0,5.378037,100.39142,0.0
SCS24,weekday_2040,1784014832,26.0,3.115463,101.679794,0.0
DMU10(D6120),60,1784014797,0.0,4.187353,102.05303,0.0
SCS26,2968,1784014779,18.0,6.066728,100.38704,0.0
EMU22,2911,1784014779,95.0,4.783247,100.93515,0.0
ETS207,9052,1784014795,45.0,3.28382,101.56754,0.0
DMU10(D6120),60,1784014902,32.0,4.189755,102.049995,0.0
EMU31,2969,1784014893,113.0,6.220432,100.36366,0.0
SCS21,weekday_2035,1784014893,13.0,3.127277,101.67939,0.0
DMU13,56,1784014844,20.0,5.318985,102.131645,0.0
EMU40,2972,1784014843,98.0,5.372517,100.40181,0.0
SCS19,weekday_2155,1784014860,78.0,3.53201,101.632645,0.0
SCS04,2967,1784014860,118.0,5.805125,100.480736,0.0
SCS26,2968,1784014854,21.0,6.070817,100.38473,0.0
ETS207,9052,1784014900,53.0,3.299573,101.57515,0.0
SCS24,weekday_2040,1784014892,5.0,3.11795,101.679085,0.0
EMU29,2912,1784014858,118.0,4.83101,100.953575,0.0
EMU22,2911,1784014854,99.0,4.801335,100.941246,0.0
SCS21,weekday_2035,1784014938,20.0,3.124937,101.6786,0.0
SCS26,2968,1784014929,21.0,6.075203,100.38224,0.0
EMU31,2969,1784014938,115.0,6.207193,100.366356,0.0
SCS24,weekday_2040,1784014937,0.0,3.117958,101.679085,0.0
SCS19,weekday_2155,1784014935,101.0,3.515212,101.62964,0.0
SCS04,2967,1784014935,116.0,5.783572,100.48877,0.0
DMU13,56,1784014934,19.0,5.316962,102.135345,0.0
EMU22,2911,1784014914,94.0,4.812677,100.95107,0.0
SCS25,2971,1784014910,113.0,6.618953,100.265076,0.0
EMU40,2972,1784014933,42.0,5.365215,100.41972,0.0
EMU29,2912,1784014933,116.0,4.808653,100.94927,0.0
DMU10(D6120),60,1784014947,46.0,4.192858,102.04614,0.0
ETS207,9052,1784014945,52.0,3.308083,101.57505,0.0
SCS13,weekday_2150,1784014941,48.0,3.207058,101.57727,0.0
EMU26,2970,1784014939,116.0,5.685983,100.50148,0.0
SCS25,2971,1784015015,113.0,6.587667,100.26281,0.0
EMU31,2969,1784015013,84.0,6.187197,100.372284,0.0
SCS21,weekday_2035,1784015073,0.0,3.119588,101.67877,0.0
SCS24,weekday_2040,1784015072,0.0,3.117958,101.679085,0.0
SCS19,weekday_2155,1784015070,0.0,3.499718,101.63422,0.0
DMU10(D6120),60,1784015067,57.0,4.202155,102.03088,0.0
DMU06,35,1784015027,63.0,2.942362,102.39656,0.0
EMU26,2970,1784015029,115.0,5.710437,100.51231,0.0
EMU31,2969,1784015088,4.0,6.182917,100.37509,0.0
EMU29,2912,1784015068,45.0,4.77765,100.93422,0.0
SCS26,2968,1784015094,19.0,6.084833,100.3771,0.0
SCS13,weekday_2150,1784015091,89.0,3.237648,101.56002,0.0
SCS04,2967,1784015025,120.0,5.757827,100.499886,0.0
EMU40,2972,1784015023,70.0,5.363335,100.42452,0.0
ETS207,9052,1784015065,17.0,3.31847,101.575165,0.0
EMU22,2911,1784015019,96.0,4.835945,100.95944,0.0
SCS25,2971,1784015030,115.0,6.583138,100.26238,0.0
EMU31,2969,1784015133,79.0,6.177423,100.3779,0.0
SCS13,weekday_2150,1784015136,63.0,3.24678,101.55857,0.0
EMU26,2970,1784015134,114.0,5.740493,100.507065,0.0
SCS21,weekday_2035,1784015133,52.0,3.114097,101.680824,0.0
SCS24,weekday_2040,1784015132,10.0,3.119677,101.67875,0.0
ETS207,9052,1784015110,0.0,3.31912,101.575066,0.0
SCS19,weekday_2155,1784015100,57.0,3.497067,101.634705,0.0
SCS26,2968,1784015079,21.0,6.083982,100.377556,0.0
EMU22,2911,1784015079,95.0,4.841047,100.97387,0.0
SCS25,2971,1784015126,113.0,6.554367,100.259705,0.0
EMU40,2972,1784015098,45.0,5.366063,100.439186,0.0
EMU31,2969,1784015193,113.0,6.161747,100.379295,0.0
SCS25,2971,1784015141,113.0,6.549895,100.259895,0.0
SCS24,weekday_2040,1784015192,16.0,3.121998,101.678314,0.0
EMU22,2911,1784015169,94.0,4.845507,100.99634,0.0
SCS26,2968,1784015169,21.0,6.088798,100.374855,0.0
SCS13,weekday_2150,1784015151,36.0,3.24837,101.557396,0.0
ETS207,9052,1784015185,20.0,3.320897,101.57425,0.0
EMU26,2970,1784015164,114.0,5.748905,100.50383,0.0
DMU13,56,1784015159,22.0,5.312413,102.142586,0.0
DMU06,35,1784015252,53.0,2.910023,102.38539,0.0
DMU13,56,1784015249,45.0,5.306078,102.15096,0.0
ETS207,9052,1784015260,48.0,3.327338,101.56963,0.0
SCS25,2971,1784015260,0.0,6.524313,100.25704,0.0
SCS13,weekday_2150,1784015256,26.0,3.25321,101.554794,0.0
EMU29,2912,1784015255,91.0,4.776393,100.90949,0.0
EMU26,2970,1784015254,114.0,5.773525,100.49282,0.0
EMU31,2969,1784015238,114.0,6.148302,100.38021,0.0
SCS04,2967,1784015220,116.0,5.701243,100.51004,0.0
SCS19,weekday_2155,1784015220,30.0,3.46832,101.63776,0.0
EMU40,2972,1784015218,0.0,5.367018,100.44224,0.0
SCS04,2967,1784015325,116.0,5.673185,100.49524,0.0
SCS19,weekday_2155,1784015325,106.0,3.457503,101.639145,0.0
EMU40,2972,1784015323,0.0,5.366455,100.44729,0.0
ETS207,9052,1784015305,59.0,3.333625,101.57096,0.0
SCS13,weekday_2150,1784015301,18.0,3.25731,101.55458,0.0
EMU26,2970,1784015299,114.0,5.785857,100.4875,0.0
DMU13,56,1784015294,30.0,5.307073,102.15569,0.0
EMU29,2912,1784015285,88.0,4.77601,100.90278,0.0
EMU22,2911,1784015274,94.0,4.835035,101.02001,0.0
SCS25,2971,1784015283,11.0,6.524198,100.25702,0.0
SCS26,2968,1784015274,19.0,6.09476,100.37148,0.0
SCS24,weekday_2040,1784015267,9.0,3.1258,101.67853,0.0
SCS21,weekday_2035,1784015283,39.0,3.099535,101.703835,0.0
DMU06,35,1784015282,67.0,2.904817,102.385895,0.0
SCS24,weekday_2040,1784015357,16.0,3.129327,101.68094,0.0
SCS21,weekday_2035,1784015358,0.0,3.098608,101.70505,0.0
SCS25,2971,1784015332,112.0,6.514778,100.25542,0.0
SCS13,weekday_2150,1784015331,0.0,3.257592,101.55462,0.0
EMU29,2912,1784015375,116.0,4.771218,100.88052,0.0
EMU26,2970,1784015329,106.0,5.793668,100.48369,0.0
SCS26,2968,1784015319,20.0,6.09722,100.37009,0.0
EMU31,2969,1784015373,41.0,6.114088,100.37014,0.0
ETS207,9052,1784015365,88.0,3.343758,101.572716,0.0
SCS19,weekday_2155,1784015355,110.0,3.448835,101.63923,0.0
EMU29,2912,1784015420,114.0,4.774985,100.86778,0.0
EMU26,2970,1784015419,77.0,5.81855,100.478485,0.0
SCS26,2968,1784015409,43.0,6.102823,100.366974,0.0
EMU22,2911,1784015409,95.0,4.826203,101.04937,0.0
SCS13,weekday_2150,1784015391,24.0,3.258773,101.55488,0.0
SCS04,2967,1784015385,117.0,5.655483,100.492256,0.0
SCS19,weekday_2155,1784015385,103.0,3.440457,101.63765,0.0
DMU13,56,1784015384,21.0,5.3084,102.15776,0.0
EMU40,2972,1784015383,55.0,5.365548,100.45308,0.0
SCS25,2971,1784015405,114.0,6.493068,100.25353,0.0
SCS24,weekday_2040,1784015447,0.0,3.132755,101.68355,0.0
SCS21,weekday_2035,1784015373,0.0,3.098608,101.70505,0.0
DMU06,35,1784015492,57.0,2.869328,102.38113,0.0
DMU10(D6120),60,1784015457,4.0,4.232278,101.99081,0.0
SCS13,weekday_2150,1784015466,69.0,3.26994,101.55975,0.0
EMU26,2970,1784015464,1.0,5.824255,100.478,0.0
SCS21,weekday_2035,1784015463,0.0,3.098608,101.70505,0.0
EMU31,2969,1784015463,57.0,6.110122,100.36831,0.0
SCS24,weekday_2040,1784015462,0.0,3.132755,101.68355,0.0
SCS25,2971,1784015500,114.0,6.465042,100.25692,0.0
ETS207,9052,1784015500,68.0,3.362793,101.5869,0.0
DMU13,56,1784015474,25.0,5.312592,102.16584,0.0
EMU29,2912,1784015465,39.0,4.777888,100.85833,0.0
SCS26,2968,1784015469,25.0,6.111883,100.36906,0.0
SCS26,2968,1784015529,0.0,6.112527,100.36935,0.0
SCS13,weekday_2150,1784015541,65.0,3.281575,101.566154,0.0
EMU26,2970,1784015539,27.0,5.82481,100.47796,0.0
SCS25,2971,1784015515,114.0,6.46079,100.258385,0.0
EMU31,2969,1784015508,97.0,6.101075,100.367966,0.0
DMU06,35,1784015507,63.0,2.866875,102.38108,0.0
ETS207,9052,1784015530,104.0,3.365005,101.59554,0.0
SCS04,2967,1784015505,0.0,5.643665,100.49023,0.0
EMU40,2972,1784015597,119.0,5.37482,100.46877,0.0
SCS24,weekday_2040,1784015597,0.0,3.132755,101.68355,0.0
SCS19,weekday_2155,1784015595,110.0,3.387827,101.62593,0.0
SCS21,weekday_2035,1784015598,0.0,3.098608,101.70505,0.0
EMU31,2969,1784015598,114.0,6.078182,100.38066,0.0
SCS04,2967,1784015595,83.0,5.638765,100.48941,0.0
ETS207,9052,1784015575,113.0,3.369205,101.607506,0.0
SCS25,2971,1784015575,113.0,6.44381,100.26422,0.0
EMU29,2912,1784015570,89.0,4.779397,100.849655,0.0
EMU40,2972,1784015642,121.0,5.388893,100.470505,0.0
SCS13,weekday_2150,1784015646,82.0,3.300045,101.574715,0.0
EMU29,2912,1784015675,0.0,4.776022,100.82346,0.0
EMU26,2970,1784015672,117.0,5.858643,100.476875,0.0
SCS24,weekday_2040,1784015657,5.0,3.136088,101.68914,0.0
ETS207,9052,1784015680,112.0,3.39132,101.62775,0.0
EMU22,2911,1784015651,94.0,4.805725,101.08324,0.0
EMU31,2969,1784015643,113.0,6.066488,100.38725,0.0
SCS21,weekday_2035,1784015688,0.0,3.098608,101.70505,0.0
EMU22,2911,1784015711,95.0,4.794385,101.09305,0.0
SCS25,2971,1784015706,0.0,6.432465,100.26814,0.0
SCS13,weekday_2150,1784015706,55.0,3.311652,101.57485,0.0
SCS26,2968,1784015694,19.0,6.119645,100.3726,0.0
SCS24,weekday_2040,1784015672,2.0,3.136112,101.6894,0.0
EMU29,2912,1784015690,0.0,4.776022,100.82346,0.0
EMU31,2969,1784015688,112.0,6.054825,100.39386,0.0
EMU40,2972,1784015687,116.0,5.402885,100.472275,0.0
DMU10(D6120),60,1784015757,47.0,4.248692,101.95322,0.0
SCS13,weekday_2150,1784015751,29.0,3.3169,101.57479,0.0
EMU31,2969,1784015759,113.0,6.03646,100.40424,0.0
SCS25,2971,1784015796,117.0,6.416353,100.27368,0.0
SCS24,weekday_2040,1784015807,5.0,3.139235,101.69357,0.0
EMU40,2972,1784015807,121.0,5.436348,100.48889,0.0
SCS26,2968,1784015799,21.0,6.126103,100.37552,0.0
EMU29,2912,1784015795,117.0,4.781003,100.7835,0.0
ETS207,9052,1784015755,103.0,3.412843,101.62703,0.0
ETS207,9052,1784015860,120.0,3.436927,101.6365,0.0
SCS26,2968,1784015859,23.0,6.129773,100.37717,0.0
DMU06,35,1784015822,25.0,2.817292,102.39681,0.0
SCS13,weekday_2150,1784015871,27.0,3.32,101.574554,0.0
EMU29,2912,1784015870,115.0,4.788483,100.76202,0.0
EMU26,2970,1784015837,114.0,5.907212,100.47106,0.0
SCS25,2971,1784015835,115.0,6.405255,100.27757,0.0
EMU31,2969,1784015834,112.0,6.016935,100.415276,0.0
DMU10(D6120),60,1784015832,17.0,4.248607,101.9468,0.0
EMU22,2911,1784015831,97.0,4.770297,101.111046,0.0
SCS13,weekday_2150,1784015916,29.0,3.32325,101.572395,0.0
DMU10(D6120),60,1784015877,45.0,4.248562,101.94266,0.0
EMU22,2911,1784015876,99.0,4.760023,101.116234,0.0
EMU26,2970,1784015867,116.0,5.915705,100.46778,0.0
SCS26,2968,1784015919,21.0,6.13354,100.378876,0.0
SCS19,weekday_2155,1784015880,93.0,3.362573,101.58309,0.0
SCS04,2967,1784015880,116.0,5.554553,100.49944,0.0
EMU29,2912,1784015930,119.0,4.799912,100.74746,0.0
DMU06,35,1784015927,48.0,2.813238,102.4016,0.0
SCS24,weekday_2040,1784015882,15.0,3.143882,101.69333,0.0
ETS207,9052,1784015875,117.0,3.440957,101.63786,0.0
EMU22,2911,1784015966,98.0,4.737833,101.12167,0.0
ETS207,9052,1784015935,79.0,3.454612,101.63978,0.0
EMU29,2912,1784015960,115.0,4.80749,100.74234,0.0
DMU10(D6120),60,1784015952,59.0,4.250922,101.93167,0.0
SCS26,2968,1784015979,23.0,6.137497,100.380325,0.0
SCS13,weekday_2150,1784015976,75.0,3.329762,101.568886,0.0
EMU40,2972,1784015972,36.0,5.480777,100.497604,0.0
SCS04,2967,1784015970,116.0,5.527888,100.50608,0.0
EMU31,2969,1784015969,111.0,5.981783,100.43514,0.0
SCS19,weekday_2155,1784015925,102.0,3.360352,101.57248,0.0
DMU10(D6120),60,1784016012,35.0,4.256753,101.92534,0.0
EMU22,2911,1784016011,96.0,4.726163,101.12215,0.0
SCS26,2968,1784016009,22.0,6.139602,100.380615,0.0
SCS13,weekday_2150,1784016006,72.0,3.33489,101.57187,0.0
SCS04,2967,1784016000,117.0,5.518952,100.50784,0.0
SCS21,weekday_2035,1784015988,0.0,3.098608,101.70505,0.0
SCS24,weekday_2040,1784015987,0.0,3.153793,101.69246,0.0
EMU26,2970,1784015987,116.0,5.948932,100.45366,0.0
DMU06,35,1784015987,0.0,2.811408,102.40367,0.0
EMU40,2972,1784015987,10.0,5.481805,100.49788,0.0
ETS207,9052,1784015980,102.0,3.465277,101.63732,0.0
EMU29,2912,1784015982,114.0,4.813872,100.74019,0.0
ETS207,9052,1784016070,105.0,3.489327,101.63665,0.0
SCS26,2968,1784016069,20.0,6.143468,100.380486,0.0
DMU10(D6120),60,1784016057,0.0,4.25787,101.9253,0.0
EMU22,2911,1784016056,100.0,4.714632,101.12342,0.0
SCS13,weekday_2150,1784016066,101.0,3.350118,101.572044,0.0
SCS21,weekday_2035,1784016063,0.0,3.098608,101.70505,0.0
DMU06,35,1784016107,0.0,2.811652,102.40377,0.0
SCS26,2968,1784016159,20.0,6.149327,100.38008,0.0
ETS207,9052,1784016145,101.0,3.510142,101.63314,0.0
EMU29,2912,1784016132,59.0,4.849497,100.72947,0.0
DMU10(D6120),60,1784016132,62.0,4.263067,101.92569,0.0
SCS25,2971,1784016101,117.0,6.35988,100.311,0.0
SCS13,weekday_2150,1784016156,95.0,3.362693,101.583824,0.0
SCS21,weekday_2035,1784016093,0.0,3.098608,101.70505,0.0
EMU26,2970,1784016092,29.0,5.971397,100.44097,0.0
DMU13,56,1784016119,24.0,5.32804,102.20089,0.0
EMU31,2969,1784016179,113.0,5.951762,100.452095,0.0
DMU10(D6120),60,1784016162,64.0,4.26808,101.92426,0.0
ETS207,9052,1784016160,85.0,3.513452,101.63118,0.0
SCS26,2968,1784016159,20.0,6.149327,100.38008,0.0
SCS13,weekday_2150,1784016156,95.0,3.362693,101.583824,0.0
SCS21,weekday_2035,1784016213,0.0,3.098608,101.70505,0.0
EMU26,2970,1784016212,109.0,5.984405,100.43359,0.0
DMU06,35,1784016212,0.0,2.811472,102.4037,0.0
EMU22,2911,1784016206,92.0,4.682965,101.1412,0.0
SCS24,weekday_2040,1784016206,9.0,3.16512,101.69123,0.0
SCS25,2971,1784016206,114.0,6.334798,100.32973,0.0
DMU10(D6120),60,1784016267,61.0,4.286052,101.91937,0.0
EMU22,2911,1784016266,97.0,4.669822,101.13348,0.0
SCS25,2971,1784016272,113.0,6.31872,100.34173,0.0
EMU26,2970,1784016272,114.0,6.000262,100.42466,0.0
EMU29,2912,1784016267,80.0,4.858223,100.73426,0.0
SCS24,weekday_2040,1784016266,10.0,3.167192,101.68866,0.0
SCS26,2968,1784016324,111.0,6.169765,100.378685,0.0
DMU13,56,1784016344,42.0,5.33548,102.216034,0.0
EMU31,2969,1784016344,114.0,5.906427,100.471405,0.0
ETS207,9052,1784016295,97.0,3.545267,101.637695,0.0
SCS13,weekday_2150,1784016321,0.0,3.375685,101.61394,0.0
EMU40,2972,1784016321,121.0,5.562492,100.49803,0.0
SCS24,weekday_2040,1784016296,20.0,3.168025,101.6869,0.0
SCS21,weekday_2035,1784016303,0.0,3.098608,101.70505,0.0
EMU26,2970,1784016302,116.0,6.008123,100.42021,0.0
DMU06,35,1784016317,0.0,2.811452,102.40361,0.0
EMU31,2969,1784016359,113.0,5.902225,100.47301,0.0
DMU13,56,1784016359,46.0,5.336128,102.217804,0.0
SCS04,2967,1784016345,116.0,5.445678,100.491486,0.0
EMU29,2912,1784016357,118.0,4.878095,100.72238,0.0
SCS26,2968,1784016384,25.0,6.18212,100.37556,0.0
SCS21,weekday_2035,1784016333,0.0,3.098608,101.70505,0.0
EMU26,2970,1784016332,111.0,6.015987,100.41576,0.0
ETS207,9052,1784016370,88.0,3.560363,101.633965,0.0
SCS13,weekday_2150,1784016351,46.0,3.376813,101.61505,0.0
DMU06,35,1784016377,0.0,2.811537,102.40366,0.0
SCS24,weekday_2040,1784016356,23.0,3.170838,101.685135,0.0
EMU40,2972,1784016351,121.0,5.571845,100.49649,0.0
SCS25,2971,1784016349,113.0,6.29709,100.34802,0.0
SCS19,weekday_2155,1784016450,58.0,3.288822,101.57134,0.0
ETS207,9052,1784016430,98.0,3.56705,101.620674,0.0
SCS21,weekday_2035,1784016453,0.0,3.098608,101.70505,0.0
EMU26,2970,1784016452,62.0,6.03642,100.40421,0.0
SCS04,2967,1784016450,117.0,5.417292,100.477196,0.0
EMU31,2969,1784016449,114.0,5.87586,100.47694,0.0
DMU06,35,1784016437,0.0,2.811442,102.40364,0.0
DMU13,56,1784016434,42.0,5.345345,102.22235,0.0
EMU29,2912,1784016432,35.0,4.895007,100.719536,0.0
DMU10(D6120),60,1784016432,51.0,4.297292,101.92125,0.0
EMU40,2972,1784016426,120.0,5.595063,100.492935,0.0
EMU22,2911,1784016431,94.0,4.636048,101.10798,0.0
SCS25,2971,1784016394,114.0,6.283872,100.35071,0.0
SCS19,weekday_2155,1784016510,76.0,3.280322,101.56546,0.0
EMU31,2969,1784016509,114.0,5.857887,100.4769,0.0
ETS207,9052,1784016505,98.0,3.583552,101.61211,0.0
EMU40,2972,1784016501,118.0,5.618138,100.49647,0.0
SCS13,weekday_2150,1784016501,99.0,3.413272,101.62702,0.0
SCS04,2967,1784016510,121.0,5.399375,100.471855,0.0
SCS24,weekday_2040,1784016480,21.0,3.180782,101.68817,0.0
SCS13,weekday_2150,1784016576,116.0,3.43087,101.631096,0.0
SCS25,2971,1784016575,113.0,6.23097,100.36151,0.0
EMU26,2970,1784016575,117.0,6.06485,100.388145,0.0
SCS19,weekday_2155,1784016540,75.0,3.275438,101.56198,0.0
DMU13,56,1784016539,55.0,5.359062,102.225266,0.0
SCS24,weekday_2040,1784016540,0.0,3.18146,101.68836,0.0
SCS04,2967,1784016540,115.0,5.390238,100.47073,0.0
EMU31,2969,1784016539,114.0,5.848962,100.47689,0.0
EMU29,2912,1784016537,89.0,4.903045,100.71865,0.0
ETS207,9052,1784016580,0.0,3.598898,101.60054,0.0
DMU10(D6120),60,1784016537,65.0,4.315643,101.91902,0.0
EMU22,2911,1784016536,87.0,4.614718,101.09245,0.0
SCS26,2968,1784016534,95.0,6.193805,100.36903,0.0
EMU40,2972,1784016546,115.0,5.631363,100.49103,0.0
DMU06,35,1784016512,0.0,2.811442,102.40364,0.0
SCS13,weekday_2150,1784016591,117.0,3.43449,101.63395,0.0
EMU40,2972,1784016591,49.0,5.640383,100.48961,0.0
EMU31,2969,1784016601,92.0,5.830853,100.47744,0.0
EMU26,2970,1784016620,117.0,6.076798,100.381386,0.0
DMU10(D6120),60,1784016612,60.0,4.328205,101.91886,0.0
EMU29,2912,1784016612,117.0,4.924765,100.71678,0.0
ETS207,9052,1784016610,97.0,3.601095,101.59256,0.0
DMU06,35,1784016602,0.0,2.81151,102.4037,0.0
SCS26,2968,1784016594,114.0,6.21038,100.36563,0.0
SCS04,2967,1784016675,45.0,5.358037,100.466545,0.0
SCS24,weekday_2040,1784016675,61.0,3.192172,101.686424,0.0
EMU29,2912,1784016672,116.0,4.942688,100.72141,0.0
SCS26,2968,1784016669,114.0,6.232563,100.361115,0.0
SCS13,weekday_2150,1784016666,80.0,3.452658,101.63977,0.0
SCS23,weekday_2154,1784016634,0.0,3.134973,101.68791,0.0
EMU31,2969,1784016691,21.0,5.823735,100.47805,0.0
EMU40,2972,1784016681,40.0,5.644268,100.490364,0.0
SCS25,2971,1784016680,114.0,6.200155,100.36779,0.0
SCS21,weekday_2035,1784016678,0.0,3.098608,101.70505,0.0
EMU26,2970,1784016695,105.0,6.096283,100.37062,0.0
DMU06,35,1784016677,3.0,2.811477,102.403725,0.0
SCS19,weekday_2155,1784016675,19.0,3.260998,101.5559,0.0
SCS13,weekday_2150,1784016711,88.0,3.463573,101.63738,0.0
SCS26,2968,1784016699,112.0,6.241393,100.3593,0.0
SCS19,weekday_2155,1784016735,0.0,3.257597,101.55471,0.0
EMU40,2972,1784016741,106.0,5.656812,100.49239,0.0
EMU26,2970,1784016740,85.0,6.107197,100.36694,0.0
SCS25,2971,1784016740,53.0,6.185717,100.373245,0.0
SCS04,2967,1784016705,47.0,5.35785,100.46314,0.0
SCS23,weekday_2154,1784016739,10.0,3.136102,101.69069,0.0
DMU10(D6120),60,1784016702,62.0,4.343757,101.91668,0.0
EMU29,2912,1784016735,113.0,4.961233,100.72633,0.0
DMU06,35,1784016722,5.0,2.811382,102.40374,0.0
SCS24,weekday_2040,1784016720,14.0,3.197332,101.682,0.0
DMU13,56,1784016719,45.0,5.374878,102.23207,0.0
EMU22,2911,1784016701,29.0,4.59801,101.07334,0.0
SCS21,weekday_2035,1784016708,0.0,3.098608,101.70505,0.0
EMU31,2969,1784016736,80.0,5.816833,100.47863,0.0
EMU29,2912,1784016810,116.0,4.98303,100.733246,0.0
SCS25,2971,1784016820,47.0,6.182605,100.375275,0.0
SCS13,weekday_2150,1784016816,4.0,3.467845,101.63759,0.0
SCS21,weekday_2035,1784016813,0.0,3.098632,101.70496,0.0
DMU06,35,1784016812,74.0,2.804777,102.411896,0.0
EMU31,2969,1784016811,102.0,5.798642,100.48225,0.0
DMU13,56,1784016794,37.0,5.382757,102.233215,0.0
DMU10(D6120),60,1784016792,33.0,4.357045,101.92104,0.0
EMU22,2911,1784016791,0.0,4.59763,101.07316,0.0
SCS23,weekday_2154,1784016769,14.0,3.13718,101.692184,0.0
EMU26,2970,1784016785,0.0,6.112738,100.369484,0.0
EMU40,2972,1784016889,121.0,5.699228,100.50945,0.0
SCS23,weekday_2154,1784016874,0.0,3.140015,101.69376,0.0
SCS21,weekday_2035,1784016873,0.0,3.098632,101.70496,0.0
DMU06,35,1784016872,70.0,2.798045,102.42115,0.0
EMU29,2912,1784016825,111.0,4.987503,100.73384,0.0
EMU31,2969,1784016871,114.0,5.782782,100.489075,0.0
SCS25,2971,1784016862,114.0,6.173533,100.37846,0.0
EMU26,2970,1784016860,82.0,6.117445,100.37162,0.0
ETS207,9052,1784016820,91.0,3.641787,101.556595,0.0
SCS13,weekday_2150,1784016891,117.0,3.483745,101.63919,0.0
EMU26,2970,1784016890,108.0,6.124427,100.37481,0.0
EMU29,2912,1784016915,114.0,5.013612,100.73056,0.0
EMU31,2969,1784016901,115.0,5.774392,100.49249,0.0
EMU40,2972,1784016889,121.0,5.699228,100.50945,0.0
SCS26,2968,1784016879,115.0,6.293928,100.34858,0.0
SCS25,2971,1784016877,116.0,6.168987,100.37878,0.0
SCS21,weekday_2035,1784016918,0.0,3.098632,101.70496,0.0
DMU13,56,1784016914,0.0,5.391413,102.23202,0.0
SCS23,weekday_2154,1784016889,3.0,3.140177,101.69381,0.0
DMU13,56,1784016959,0.0,5.391413,102.23202,0.0
EMU26,2970,1784016980,117.0,6.150198,100.38005,0.0
SCS21,weekday_2035,1784016978,0.0,3.098632,101.70496,0.0
EMU29,2912,1784016975,118.0,5.02704,100.71811,0.0
EMU40,2972,1784016994,121.0,5.731148,100.51061,0.0
SCS24,weekday_2040,1784017005,26.0,3.204635,101.67567,0.0
SCS23,weekday_2154,1784016979,16.0,3.145088,101.69236,0.0
SCS26,2968,1784016984,114.0,6.323238,100.33828,0.0
EMU31,2969,1784016991,114.0,5.74991,100.50345,0.0
SCS19,weekday_2155,1784017005,97.0,3.217612,101.56762,0.0
SCS25,2971,1784017009,115.0,6.130068,100.377426,0.0
SCS13,weekday_2150,1784016981,0.0,3.499598,101.6342,0.0
EMU40,2972,1784017024,119.0,5.740012,100.507195,0.0
SCS21,weekday_2035,1784017023,0.0,3.098632,101.70496,0.0
EMU22,2911,1784017016,0.0,4.596992,101.072815,0.0
DMU06,35,1784017067,78.0,2.77942,102.45719,0.0
ETS207,9052,1784017060,31.0,3.672347,101.5299,0.0
SCS23,weekday_2154,1784017054,51.0,3.15228,101.69132,0.0
EMU29,2912,1784017050,116.0,5.037707,100.69866,0.0
EMU26,2970,1784017025,113.0,6.163808,100.37911,0.0
SCS24,weekday_2040,1784017020,62.0,3.206292,101.67433,0.0
SCS25,2971,1784017054,79.0,6.118653,100.372246,0.0
SCS19,weekday_2155,1784017050,51.0,3.21005,101.574455,0.0
SCS13,weekday_2150,1784017026,0.0,3.499598,101.6342,0.0
EMU31,2969,1784017006,115.0,5.745697,100.50507,0.0
EMU29,2912,1784017080,117.0,5.039307,100.68962,0.0
ETS207,9052,1784017075,43.0,3.673678,101.528915,0.0
SCS26,2968,1784017089,114.0,6.348573,100.31936,0.0
EMU40,2972,1784017054,121.0,5.748865,100.503784,0.0
SCS21,weekday_2035,1784017053,0.0,3.098632,101.70496,0.0
DMU09,57,1784017087,27.0,6.192797,102.169,0.0
DMU10(D6120),60,1784017077,58.0,4.387542,101.92239,0.0
SCS24,weekday_2040,1784017080,5.0,3.21384,101.672104,0.0
SCS19,weekday_2155,1784017080,13.0,3.20824,101.57589,0.0
DMU13,56,1784017079,12.0,5.393638,102.23205,0.0
SCS04,2967,1784017078,11.0,5.363983,100.42275,0.0
SCS26,2968,1784017134,108.0,6.359228,100.31138,0.0
EMU26,2970,1784017130,0.0,6.182882,100.37508,0.0
ETS207,9052,1784017135,62.0,3.68063,101.52265,0.0
SCS25,2971,1784017159,40.0,6.112853,100.3697,0.0
EMU40,2972,1784017159,115.0,5.77893,100.49068,0.0
SCS21,weekday_2035,1784017158,0.0,3.098632,101.70496,0.0
DMU13,56,1784017124,18.0,5.395955,102.232124,0.0
SCS23,weekday_2154,1784017159,17.0,3.155237,101.69348,0.0
DMU06,35,1784017157,79.0,2.764843,102.46851,0.0
ETS207,9052,1784017180,0.0,3.6837,101.51928,0.0
DMU10(D6120),60,1784017212,61.0,4.409313,101.92647,0.0
SCS13,weekday_2150,1784017221,97.0,3.536127,101.63442,0.0
EMU26,2970,1784017205,100.0,6.190935,100.36998,0.0
SCS25,2971,1784017204,108.0,6.103082,100.36691,0.0
EMU40,2972,1784017204,114.0,5.791188,100.48482,0.0
SCS23,weekday_2154,1784017204,67.0,3.160833,101.692314,0.0
SCS21,weekday_2035,1784017203,0.0,3.098632,101.70496,0.0
DMU06,35,1784017217,73.0,2.752817,102.47115,0.0
EMU31,2969,1784017201,114.0,5.690808,100.50483,0.0
DMU09,57,1784017297,70.0,6.166183,102.197914,0.0
EMU26,2970,1784017280,115.0,6.212627,100.3652,0.0
ETS207,9052,1784017315,98.0,3.692763,101.50962,0.0
EMU29,2912,1784017344,107.0,5.043057,100.61889,0.0
EMU26,2970,1784017340,115.0,6.230563,100.36155,0.0
SCS04,2967,1784017333,97.0,5.381503,100.38484,0.0
EMU31,2969,1784017333,103.0,5.654652,100.49206,0.0
SCS26,2968,1784017314,82.0,6.37608,100.298805,0.0
DMU09,57,1784017312,67.0,6.165337,102.20066,0.0
SCS23,weekday_2154,1784017324,32.0,3.166758,101.689476,0.0
EMU40,2972,1784017324,53.0,5.822453,100.4781,0.0
SCS19,weekday_2155,1784017335,0.0,3.205933,101.581085,0.0
DMU13,56,1784017334,41.0,5.41247,102.2352,0.0
SCS21,weekday_2035,1784017293,0.0,3.098632,101.70496,0.0
DMU06,35,1784017322,83.0,2.734585,102.48392,0.0
SCS25,2971,1784017316,114.0,6.07381,100.3831,0.0
SCS13,weekday_2150,1784017341,0.0,3.552625,101.63947,0.0
DMU10(D6120),60,1784017317,33.0,4.420568,101.93108,0.0
ETS207,9052,1784017375,109.0,3.703867,101.49777,0.0
SCS25,2971,1784017383,113.0,6.05607,100.39315,0.0
SCS19,weekday_2155,1784017425,0.0,3.205933,101.581085,0.0
SCS13,weekday_2150,1784017401,93.0,3.559302,101.63608,0.0
SCS25,2971,1784017413,114.0,6.048498,100.397415,0.0
SCS21,weekday_2035,1784017473,0.0,3.098632,101.70496,0.0
SCS19,weekday_2155,1784017455,0.0,3.205833,101.58108,0.0
EMU40,2972,1784017414,68.0,5.827535,100.47768,0.0
DMU09,57,1784017477,54.0,6.161317,102.21195,0.0
SCS13,weekday_2150,1784017476,96.0,3.568508,101.61871,0.0
SCS23,weekday_2154,1784017504,0.0,3.186828,101.66364,0.0
SCS26,2968,1784017494,113.0,6.420605,100.27216,0.0
DMU06,35,1784017502,65.0,2.70677,102.50432,0.0
SCS21,weekday_2035,1784017503,0.0,3.098632,101.70496,0.0
DMU09,57,1784017507,77.0,6.159215,102.21691,0.0
EMU31,2969,1784017498,77.0,5.636335,100.489235,0.0
ETS207,9052,1784017495,111.0,3.722427,101.46901,0.0
EMU29,2912,1784017494,115.0,5.0386,100.575874,0.0
DMU10(D6120),60,1784017482,45.0,4.42788,101.93422,0.0
EMU26,2970,1784017478,118.0,6.271637,100.35316,0.0
SCS25,2971,1784017507,114.0,6.024183,100.41113,0.0
SCS13,weekday_2150,1784017506,98.0,3.574502,101.61381,0.0
EMU26,2970,1784017583,118.0,6.303268,100.34672,0.0
ETS207,9052,1784017585,93.0,3.739208,101.45469,0.0
EMU29,2912,1784017584,115.0,5.023403,100.55331,0.0
DMU09,57,1784017582,49.0,6.154452,102.22818,0.0
SCS25,2971,1784017608,114.0,5.99785,100.42606,0.0
DMU13,56,1784017649,51.0,5.446033,102.230644,0.0
SCS26,2968,1784017614,2.0,6.431402,100.26842,0.0
SCS23,weekday_2154,1784017654,0.0,3.192147,101.654526,0.0
SCS21,weekday_2035,1784017653,0.0,3.098632,101.70496,0.0
EMU26,2970,1784017613,117.0,6.31234,100.34485,0.0
DMU09,57,1784017612,45.0,6.150793,102.22955,0.0
ETS207,9052,1784017645,106.0,3.751575,101.444786,0.0
SCS13,weekday_2150,1784017611,97.0,3.598733,101.60066,0.0
EMU40,2972,1784017710,120.0,5.915292,100.46793,0.0
EMU31,2969,1784017708,115.0,5.578988,100.49536,0.0
EMU23,2913,1784017708,109.0,5.331072,100.46998,0.0
SCS04,2967,1784017708,0.0,5.392417,100.3675,0.0
SCS19,weekday_2155,1784017680,0.0,3.205895,101.58114,0.0
DMU13,56,1784017679,45.0,5.45008,102.23112,0.0
SCS25,2971,1784017684,90.0,5.978525,100.43696,0.0
SCS21,weekday_2035,1784017683,0.0,3.098632,101.70496,0.0
EMU29,2912,1784017674,70.0,5.023612,100.53027,0.0
EMU26,2970,1784017673,115.0,6.32772,100.33496,0.0
SCS13,weekday_2150,1784017686,115.0,3.611313,101.58414,0.0
ETS207,9052,1784017690,110.0,3.760388,101.436325,0.0
SCS26,2968,1784017659,86.0,6.437333,100.2664,0.0
SCS21,weekday_2035,1784017743,0.0,3.098632,101.70496,0.0
EMU40,2972,1784017740,120.0,5.924183,100.46452,0.0
DMU06,35,1784017742,81.0,2.67825,102.538956,0.0
SCS26,2968,1784017734,115.0,6.457885,100.25932,0.0
DMU09,57,1784017732,76.0,6.133925,102.218704,0.0
SCS13,weekday_2150,1784017746,115.0,3.623077,101.57048,0.0
SCS25,2971,1784017744,0.0,5.972602,100.440315,0.0
SCS23,weekday_2154,1784017744,71.0,3.194618,101.64925,0.0
EMU31,2969,1784017828,114.0,5.54348,100.50168,0.0
DMU10(D6120),60,1784017827,54.0,4.478275,101.936775,0.0
ETS207,9052,1784017825,116.0,3.7977,101.42817,0.0
SCS21,weekday_2035,1784017818,0.0,3.098632,101.70496,0.0
EMU40,2972,1784017815,120.0,5.946107,100.45524,0.0
SCS13,weekday_2150,1784017776,114.0,3.629852,101.564575,0.0
EMU23,2913,1784017828,98.0,5.297853,100.4815,0.0
SCS23,weekday_2154,1784017804,33.0,3.198388,101.64141,0.0
SCS19,weekday_2155,1784017800,0.0,3.206042,101.581055,0.0
DMU13,56,1784017799,49.0,5.465483,102.22542,0.0
EMU29,2912,1784017779,22.0,5.029108,100.527,0.0
DMU09,57,1784017777,75.0,6.127995,102.2116,0.0
SCS25,2971,1784017774,0.0,5.972602,100.440315,0.0
SCS21,weekday_2035,1784017848,0.0,3.098632,101.70496,0.0
EMU40,2972,1784017845,114.0,5.954208,100.45065,0.0
SCS23,weekday_2154,1784017849,29.0,3.201298,101.63854,0.0
SCS25,2971,1784017849,117.0,5.958365,100.44836,0.0
ETS207,9052,1784017930,95.0,3.821102,101.40711,0.0
EMU40,2972,1784017950,0.0,5.971805,100.440704,0.0
DMU09,57,1784017912,14.0,6.119083,102.201294,0.0
SCS23,weekday_2154,1784017999,43.0,3.205845,101.63425,0.0
EMU29,2912,1784018019,116.0,5.088002,100.49582,0.0
EMU31,2969,1784018005,111.0,5.49222,100.50068,0.0
ETS207,9052,1784018005,0.0,3.826273,101.40245,0.0
EMU26,2970,1784018004,118.0,6.388443,100.28954,0.0
SCS13,weekday_2150,1784018001,57.0,3.6768,101.52657,0.0
DMU06,35,1784018012,79.0,2.645735,102.58173,0.0
DMU10(D6120),60,1784018007,8.0,4.490512,101.94529,0.0
SCS25,2971,1784017979,113.0,5.923147,100.46497,0.0
EMU40,2972,1784018040,99.0,5.980417,100.43584,0.0
SCS13,weekday_2150,1784018031,56.0,3.68,101.523254,0.0
EMU31,2969,1784018020,93.0,5.48827,100.49962,0.0
ETS207,9052,1784018020,0.0,3.826273,101.40245,0.0
EMU23,2913,1784018019,112.0,5.271557,100.48004,0.0
SCS26,2968,1784018019,0.0,6.52316,100.256714,0.0
DMU09,57,1784018017,3.0,6.11854,102.20068,0.0
DMU06,35,1784018027,75.0,2.644543,102.58455,0.0
SCS23,weekday_2154,1784018029,41.0,3.20806,101.63126,0.0
SCS25,2971,1784018018,114.0,5.912258,100.46915,0.0
SCS13,weekday_2150,1784018076,31.0,3.683103,101.51982,0.0
EMU23,2913,1784018139,115.0,5.236323,100.48789,0.0
DMU13,56,1784018129,68.0,5.4996,102.21387,0.0
EMU40,2972,1784018115,122.0,6.000392,100.42453,0.0
SCS21,weekday_2035,1784018103,0.0,3.09873,101.70487,0.0
EMU29,2912,1784018096,114.0,5.110462,100.49034,0.0
DMU10(D6120),60,1784018127,43.0,4.500127,101.95388,0.0
EMU26,2970,1784018124,115.0,6.420333,100.272255,0.0
ETS207,9052,1784018110,90.0,3.834537,101.397224,0.0
DMU06,35,1784018102,75.0,2.630918,102.59239,0.0
DMU13,56,1784018174,66.0,5.50702,102.210625,0.0
SCS19,weekday_2155,1784018175,15.0,3.208288,101.620255,0.0
SCS04,2976,1784018143,12.0,5.392247,100.36775,0.0
EMU40,2972,1784018190,121.0,6.021125,100.41282,0.0
DMU10(D6120),60,1784018142,48.0,4.501757,101.954926,0.0
SCS25,2971,1784018144,113.0,5.875932,100.47697,0.0
DMU06,35,1784018192,77.0,2.61377,102.59086,0.0
SCS23,weekday_2154,1784018247,62.0,3.202572,101.61248,0.0
ETS207,9052,1784018230,118.0,3.861657,101.37774,0.0
EMU26,2970,1784018229,0.0,6.4314,100.268456,0.0
EMU29,2912,1784018201,10.0,5.130618,100.486145,0.0
EMU31,2969,1784018245,115.0,5.449763,100.49247,0.0
EMU28,2975,1784018246,8.0,6.662695,100.32021,0.0
EMU40,2972,1784018235,123.0,6.033512,100.40583,0.0
DMU06,35,1784018207,77.0,2.610718,102.591156,0.0
DMU09,57,1784018197,75.0,6.105998,102.18597,0.0
DMU06,35,1784018297,68.0,2.59352,102.595695,0.0
SCS26,2968,1784018289,115.0,6.588272,100.262726,0.0
DMU09,57,1784018287,28.0,6.094917,102.174866,0.0
SCS04,2976,1784018278,40.0,5.38698,100.37421,0.0
SCS23,weekday_2154,1784018277,68.0,3.199728,101.608116,0.0
EMU26,2970,1784018274,67.0,6.435242,100.267136,0.0
EMU23,2913,1784018274,115.0,5.197327,100.48326,0.0
EMU31,2969,1784018335,113.0,5.424968,100.481964,0.0
EMU23,2913,1784018334,111.0,5.180542,100.47949,0.0
SCS26,2968,1784018334,116.0,6.60203,100.263145,0.0
EMU26,2970,1784018334,116.0,6.449925,100.26207,0.0
SCS25,2971,1784018327,33.0,5.826113,100.47786,0.0
SCS04,2976,1784018323,65.0,5.384338,100.37953,0.0
ETS207,9052,1784018335,123.0,3.889132,101.37463,0.0
SCS19,weekday_2155,1784018325,13.0,3.208537,101.629234,0.0
DMU13,56,1784018324,13.0,5.526957,102.2045,0.0
SCS23,weekday_2154,1784018322,76.0,3.201093,101.59954,0.0
EMU29,2912,1784018321,112.0,5.146307,100.48291,0.0
DMU09,57,1784018332,0.0,6.09456,102.17452,0.0
EMU23,2913,1784018409,0.0,5.169782,100.47965,0.0
SCS19,weekday_2155,1784018400,41.0,3.204605,101.63547,0.0
DMU13,56,1784018399,5.0,5.530158,102.203,0.0
SCS04,2976,1784018398,100.0,5.376053,100.39517,0.0
EMU40,2972,1784018390,121.0,6.075917,100.381874,0.0
DMU06,35,1784018387,7.0,2.585278,102.59837,0.0
ETS207,9052,1784018425,122.0,3.904708,101.3527,0.0
SCS23,weekday_2154,1784018412,38.0,3.203655,101.585365,0.0
EMU28,2975,1784018411,41.0,6.654382,100.30847,0.0
DMU09,57,1784018407,56.0,6.090905,102.17131,0.0
EMU29,2912,1784018411,28.0,5.167645,100.47968,0.0
EMU31,2969,1784018410,113.0,5.404708,100.47265,0.0
EMU26,2970,1784018409,119.0,6.471718,100.25456,0.0
SCS26,2968,1784018409,112.0,6.624068,100.2663,0.0
EMU40,2972,1784018450,111.0,6.092247,100.37291,0.0
SCS25,2971,1784018475,115.0,5.809005,100.47974,0.0
ETS207,9052,1784018455,115.0,3.911428,101.34654,0.0
EMU26,2970,1784018454,114.0,6.485425,100.25354,0.0
EMU23,2913,1784018454,54.0,5.167493,100.479744,0.0
DMU09,57,1784018452,76.0,6.083897,102.16653,0.0
DMU06,35,1784018492,35.0,2.580292,102.603134,0.0
DMU06,35,1784018537,8.0,2.578207,102.60617,0.0
EMU31,2969,1784018560,58.0,5.363428,100.467316,0.0
EMU26,2970,1784018499,117.0,6.499202,100.25331,0.0
EMU29,2912,1784018531,91.0,5.177408,100.4795,0.0
EMU23,2913,1784018499,106.0,5.15744,100.47997,0.0
SCS23,weekday_2154,1784018532,13.0,3.206515,101.57933,0.0
SCS26,2968,1784018499,113.0,6.640912,100.28591,0.0
DMU09,57,1784018497,74.0,6.076585,102.16131,0.0
SCS04,2976,1784018533,9.0,5.364328,100.421875,0.0
ETS207,9052,1784018530,119.0,3.933303,101.33961,0.0
EMU40,2972,1784018540,38.0,6.111653,100.36899,0.0
EMU40,2972,1784018615,10.0,6.112802,100.36947,0.0
DMU06,35,1784018612,19.0,2.57842,102.60907,0.0
EMU31,2969,1784018575,41.0,5.361488,100.46707,0.0
EMU28,2975,1784018576,0.0,6.652363,100.30552,0.0
EMU23,2913,1784018559,97.0,5.139923,100.484245,0.0
SCS26,2968,1784018604,66.0,6.65349,100.30709,0.0
SCS04,2976,1784018578,4.0,5.364292,100.42198,0.0
DMU06,35,1784018657,23.0,2.578922,102.61166,0.0
EMU29,2912,1784018651,120.0,5.210572,100.49029,0.0
ETS207,9052,1784018620,110.0,3.955593,101.32575,0.0
DMU09,57,1784018617,75.0,6.056153,102.14946,0.0
EMU26,2970,1784018617,0.0,6.523418,100.256805,0.0
DMU13,56,1784018669,69.0,5.55033,102.19526,0.0
EMU31,2969,1784018658,42.0,5.359417,100.46198,0.0
SCS19,weekday_2155,1784018655,8.0,3.191725,101.655846,0.0
SCS04,2976,1784018653,96.0,5.364222,100.43529,0.0
SCS25,2971,1784018653,116.0,5.758987,100.4993,0.0
SCS04,2976,1784018698,64.0,5.366677,100.445465,0.0
DMU13,56,1784018684,69.0,5.553082,102.19508,0.0
EMU28,2975,1784018726,17.0,6.651902,100.30487,0.0
EMU29,2912,1784018726,114.0,5.23289,100.48861,0.0
EMU40,2972,1784018675,106.0,6.123342,100.37431,0.0
EMU31,2969,1784018676,42.0,5.361097,100.46067,0.0
SCS23,weekday_2154,1784018727,83.0,3.239277,101.56031,0.0
EMU23,2913,1784018724,110.0,5.116928,100.48899,0.0
DMU06,35,1784018687,7.0,2.579393,102.61341,0.0
SCS19,weekday_2155,1784018775,9.0,3.186037,101.66476,0.0
DMU10(D6120),60,1784018802,66.0,4.583935,101.98582,0.0
EMU31,2969,1784018766,8.0,5.365247,100.4549,0.0
DMU06,35,1784018732,0.0,2.579425,102.613464,0.0
EMU26,2970,1784018737,114.0,6.542627,100.25998,0.0
EMU31,2969,1784018811,0.0,5.365327,100.454445,0.0
EMU40,2972,1784018855,93.0,6.17748,100.37785,0.0
SCS26,2968,1784018799,0.0,6.661983,100.31918,0.0
DMU09,57,1784018797,0.0,6.042763,102.14229,0.0
DMU06,35,1784018822,0.0,2.579425,102.613464,0.0
ETS207,9052,1784018815,24.0,4.005323,101.30213,0.0
EMU26,2970,1784018812,115.0,6.56561,100.25914,0.0
DMU10(D6120),60,1784018817,54.0,4.586047,101.984604,0.0
EMU28,2975,1784018876,110.0,6.634858,100.27794,0.0
EMU26,2970,1784018857,113.0,6.578917,100.26164,0.0
DMU06,35,1784018912,0.0,2.579512,102.61349,0.0
SCS25,2971,1784018911,113.0,5.687128,100.50232,0.0
EMU29,2912,1784018906,43.0,5.28299,100.479576,0.0
DMU13,56,1784018879,63.0,5.586655,102.18233,0.0
SCS23,weekday_2154,1784018877,34.0,3.252833,101.55498,0.0
DMU10(D6120),60,1784018877,71.0,4.596677,101.98431,0.0
DMU09,57,1784018857,2.0,6.042688,102.14219,0.0
SCS19,weekday_2155,1784018985,0.0,3.165088,101.69123,0.0
DMU10(D6120),60,1784018982,78.0,4.615622,101.98717,0.0
SCS23,weekday_2154,1784018982,0.0,3.258747,101.55493,0.0
DMU09,57,1784018977,13.0,6.03753,102.13963,0.0
SCS25,2971,1784018974,113.0,5.670188,100.49472,0.0
EMU23,2913,1784018965,103.0,5.05179,100.51502,0.0
EMU31,2969,1784018931,0.0,5.366367,100.447624,0.0
EMU28,2975,1784018966,111.0,6.614553,100.264366,0.0
EMU29,2912,1784018966,0.0,5.286388,100.480934,0.0
ETS207,9052,1784018950,48.0,4.007272,101.299805,0.0
EMU29,2912,1784019044,52.0,5.290948,100.482704,0.0
DMU13,56,1784019044,40.0,5.598553,102.17583,0.0
SCS25,2971,1784018994,109.0,5.664373,100.49375,0.0
EMU33,2914,1784018988,0.0,4.597102,101.07285,0.0
DMU06,35,1784018972,0.0,2.579512,102.61349,0.0
ETS207,9052,1784018995,119.0,4.015237,101.29279,0.0
EMU33,2914,1784019033,0.0,4.597102,101.07276,0.0
SCS19,weekday_2155,1784019045,50.0,3.161862,101.692085,0.0
DMU06,35,1784019032,0.0,2.579448,102.61356,0.0
ETS207,9052,1784019100,0.0,4.043518,101.28496,0.0
EMU40,2972,1784019095,119.0,6.220417,100.36358,0.0
EMU29,2912,1784019164,117.0,5.319905,100.47163,0.0
EMU33,2914,1784019153,31.0,4.603527,101.07557,0.0
DMU06,35,1784019152,0.0,2.579402,102.61369,0.0
SCS25,2971,1784019145,0.0,5.643667,100.4902,0.0
DMU09,57,1784019112,69.0,6.022363,102.14023,0.0
SCS19,weekday_2155,1784019135,0.0,3.153843,101.692474,0.0
DMU13,56,1784019134,47.0,5.60383,102.17253,0.0
SCS23,weekday_2154,1784019147,69.0,3.27916,101.56464,0.0
EMU28,2975,1784019146,112.0,6.562032,100.25936,0.0
EMU31,2969,1784019096,22.0,5.36443,100.42157,0.0
EMU23,2913,1784019145,42.0,5.027585,100.527855,0.0
ETS207,9052,1784019145,92.0,4.055185,101.28264,0.0
DMU10(D6120),60,1784019132,38.0,4.64403,101.993675,0.0
EMU40,2972,1784019125,119.0,6.22972,100.36169,0.0
EMU31,2969,1784019156,0.0,5.364552,100.42125,0.0
EMU40,2972,1784019155,120.0,6.23912,100.359764,0.0
DMU13,56,1784019194,67.0,5.612495,102.167725,0.0
SCS19,weekday_2155,1784019180,61.0,3.150017,101.6906,0.0
SCS25,2971,1784019180,62.0,5.641008,100.48976,0.0
DMU09,57,1784019157,67.0,6.014165,102.139854,0.0
EMU29,2912,1784019209,115.0,5.332902,100.46994,0.0
EMU33,2914,1784019213,67.0,4.609375,101.07899,0.0
DMU06,35,1784019212,0.0,2.57937,102.61361,0.0
EMU26,2970,1784019172,95.0,6.647302,100.29454,0.0
SCS19,weekday_2155,1784019285,5.0,3.142358,101.694145,0.0
SCS25,2971,1784019264,114.0,5.619183,100.49615,0.0
EMU33,2914,1784019258,75.0,4.609952,101.087555,0.0
DMU06,35,1784019257,0.0,2.579442,102.61353,0.0
EMU26,2970,1784019232,21.0,6.650912,100.303345,0.0
SCS19,weekday_2155,1784019285,5.0,3.142358,101.694145,0.0
SCS25,2971,1784019335,114.0,5.598408,100.493416,0.0
EMU26,2970,1784019277,0.0,6.65164,100.30441,0.0
EMU33,2914,1784019333,89.0,4.622895,101.097755,0.0
DMU09,57,1784019337,21.0,5.995667,102.14192,0.0
ETS207,9052,1784019310,109.0,4.103927,101.26499,0.0
DMU06,35,1784019272,0.0,2.579442,102.61353,0.0
DMU10(D6120),60,1784019357,74.0,4.663058,101.9982,0.0
SCS04,2976,1784019358,116.0,5.452187,100.49312,0.0
EMU40,2972,1784019340,121.0,6.29684,100.347984,0.0
SCS19,weekday_2155,1784019345,5.0,3.139317,101.69368,0.0
SCS23,weekday_2154,1784019342,35.0,3.313825,101.5749,0.0
DMU06,35,1784019332,4.0,2.579485,102.61343,0.0
EMU29,2912,1784019344,74.0,5.365272,100.45464,0.0
DMU13,56,1784019344,72.0,5.638655,102.16015,0.0
SCS23,weekday_2154,1784019432,0.0,3.320282,101.574554,0.0
DMU10(D6120),60,1784019432,66.0,4.677525,102.00111,0.0
DMU06,35,1784019452,0.0,2.579263,102.61276,0.0
SCS19,weekday_2155,1784019435,17.0,3.137322,101.69214,0.0
DMU13,56,1784019434,68.0,5.656318,102.15705,0.0
EMU29,2912,1784019434,0.0,5.366338,100.44767,0.0
SCS04,2976,1784019433,117.0,5.474635,100.496056,0.0
EMU28,2975,1784019431,0.0,6.523888,100.256905,0.0
ETS207,9052,1784019430,134.0,4.125777,101.233505,0.0
EMU23,2913,1784019430,114.0,5.0446,100.59895,0.0
EMU40,2972,1784019400,120.0,6.315417,100.343796,0.0
SCS25,2971,1784019454,113.0,5.563008,100.498,0.0
DMU09,57,1784019502,47.0,5.967402,102.14379,0.0
EMU33,2914,1784019498,93.0,4.644812,101.11424,0.0
DMU06,35,1784019497,0.0,2.579205,102.612686,0.0
SCS19,weekday_2155,1784019465,12.0,3.136717,101.69059,0.0
EMU29,2912,1784019464,0.0,5.366338,100.44767,0.0
EMU26,2970,1784019547,0.0,6.65178,100.30462,0.0
SCS23,weekday_2154,1784019582,71.0,3.332655,101.57028,0.0
ETS207,9052,1784019580,126.0,4.156577,101.19497,0.0
EMU23,2913,1784019580,120.0,5.041487,100.643456,0.0
EMU31,2969,1784019561,22.0,5.392018,100.368034,0.0
DMU09,57,1784019547,0.0,5.965995,102.143936,0.0
EMU33,2914,1784019543,106.0,4.654557,101.12155,0.0
DMU06,35,1784019542,0.0,2.579205,102.612686,0.0
ETS207,9052,1784019640,57.0,4.16877,101.188545,0.0
EMU31,2969,1784019621,0.0,5.39319,100.36653,0.0
DMU09,57,1784019622,41.0,5.96351,102.14399,0.0
SCS23,weekday_2154,1784019597,69.0,3.334983,101.57196,0.0
EMU26,2970,1784019622,0.0,6.65178,100.30462,0.0
EMU33,2914,1784019621,100.0,4.671752,101.134834,0.0
SCS13,weekday_2165,1784019621,0.0,3.683673,101.518776,0.0
DMU13,56,1784019599,66.0,5.686887,102.15234,0.0
EMU29,2912,1784019599,75.0,5.362232,100.428795,0.0
SCS04,2976,1784019598,108.0,5.492857,100.50084,0.0
SCS25,2971,1784019598,114.0,5.521065,100.50785,0.0
SCS23,weekday_2154,1784019687,97.0,3.356675,101.57141,0.0
DMU10(D6120),60,1784019687,54.0,4.702872,102.00345,0.0
EMU28,2975,1784019687,113.0,6.474455,100.2539,0.0
SCS19,weekday_2155,1784019690,0.0,3.136048,101.68911,0.0
EMU40,2972,1784019689,7.0,6.37059,100.3029,0.0
SCS04,2976,1784019688,117.0,5.518585,100.507706,0.0
DMU09,57,1784019667,71.0,5.956272,102.14572,0.0
EMU26,2970,1784019667,0.0,6.65178,100.30462,0.0
SCS13,weekday_2165,1784019666,0.0,3.683673,101.518776,0.0
ETS207,9052,1784019655,55.0,4.171,101.188774,0.0
EMU33,2914,1784019696,114.0,4.691242,101.14127,0.0
EMU31,2969,1784019696,0.0,5.39319,100.36653,0.0
SCS25,2971,1784019712,81.0,5.489018,100.49984,0.0
DMU09,57,1784019757,71.0,5.93909,102.15035,0.0
EMU26,2970,1784019757,0.0,6.65178,100.30462,0.0
EMU33,2914,1784019756,106.0,4.705342,101.13157,0.0
DMU06,35,1784019692,0.0,2.579205,102.612686,0.0
EMU23,2913,1784019736,113.0,5.039362,100.69009,0.0
EMU31,2969,1784019696,0.0,5.39319,100.36653,0.0
DMU13,56,1784019719,18.0,5.702502,102.152,0.0
SCS04,2976,1784019718,116.0,5.527527,100.50614,0.0
ETS207,9052,1784019715,1.0,4.173112,101.189384,0.0
SCS19,weekday_2155,1784019705,0.0,3.136048,101.68911,0.0
EMU29,2912,1784019704,0.0,5.364602,100.42122,0.0
EMU40,2972,1784019704,44.0,6.371607,100.30216,0.0
DMU10(D6120),60,1784019717,52.0,4.707288,102.003334,0.0
SCS28,weekday_2045,1784019694,52.0,3.232037,101.67637,0.0
EMU26,2970,1784019817,53.0,6.652867,100.30619,0.0
SCS25,2971,1784019817,45.0,5.48184,100.49793,0.0
DMU06,35,1784019767,0.0,2.579102,102.61266,0.0
EMU28,2975,1784019777,111.0,6.448853,100.26251,0.0
SCS13,weekday_2165,1784019801,0.0,3.683673,101.518776,0.0
EMU33,2914,1784019801,112.0,4.714928,101.1232,0.0
DMU10(D6120),60,1784019762,58.0,4.714252,102.00243,0.0
SCS28,weekday_2045,1784019814,2.0,3.213892,101.672104,0.0
DMU06,35,1784019812,0.0,2.5792,102.61269,0.0
SCS19,weekday_2155,1784019825,0.0,3.136048,101.68911,0.0
SCS25,2971,1784019862,114.0,5.471395,100.49601,0.0
ETS207,9052,1784019820,78.0,4.182423,101.18732,0.0
DMU10(D6120),60,1784019882,26.0,4.729897,102.01053,0.0
DMU09,57,1784019862,56.0,5.920595,102.155304,0.0
EMU26,2970,1784019847,67.0,6.655878,100.31055,0.0
DMU13,56,1784019839,13.0,5.70522,102.15189,0.0
EMU40,2972,1784019839,120.0,6.40156,100.27977,0.0
EMU29,2912,1784019839,94.0,5.369243,100.40915,0.0
SCS04,2976,1784019838,116.0,5.563262,100.49794,0.0
EMU28,2975,1784019822,74.0,6.437395,100.26646,0.0
EMU33,2914,1784019846,114.0,4.728267,101.12201,0.0
SCS13,weekday_2165,1784019846,0.0,3.683673,101.518776,0.0
EMU23,2913,1784019826,116.0,5.029623,100.71516,0.0
EMU33,2914,1784019936,108.0,4.754293,101.11826,0.0
SCS28,weekday_2045,1784019934,53.0,3.209472,101.67228,0.0
EMU23,2913,1784019931,122.0,5.006298,100.73445,0.0
SCS19,weekday_2155,1784019885,0.0,3.136048,101.68911,0.0
DMU13,56,1784019914,64.0,5.713277,102.15465,0.0
DMU10(D6120),60,1784019912,0.0,4.730863,102.01069,0.0
EMU29,2912,1784019884,90.0,5.373933,100.39907,0.0
EMU40,2972,1784019884,112.0,6.414112,100.27441,0.0
SCS29,weekday_2160,1784019881,0.0,3.000463,101.390884,0.0
SCS26,2979,1784019939,12.0,6.661802,100.31894,0.0
DMU09,57,1784019937,0.0,5.917643,102.15617,0.0
EMU26,2970,1784019937,8.0,6.662377,100.3192,0.0
SCS13,weekday_2165,1784019936,35.0,3.68078,101.52242,0.0
SCS25,2971,1784019937,113.0,5.44935,100.4924,0.0
SCS25,2971,1784019961,113.0,5.442408,100.49057,0.0
DMU13,56,1784019989,68.0,5.726168,102.15968,0.0
EMU23,2913,1784019946,120.0,5.001622,100.73547,0.0
ETS207,9052,1784019955,125.0,4.22133,101.1789,0.0
SCS29,weekday_2160,1784019956,10.0,3.001097,101.39077,0.0
EMU26,2970,1784019937,8.0,6.662377,100.3192,0.0
DMU10(D6120),60,1784019957,7.0,4.731115,102.01076,0.0
SCS23,weekday_2154,1784019957,13.0,3.37668,101.615105,0.0
EMU28,2975,1784019957,32.0,6.431138,100.26864,0.0
SCS29,weekday_2160,1784020046,9.0,3.00366,101.39237,0.0
ETS207,9052,1784020030,117.0,4.245815,101.17564,0.0
SCS19,weekday_2155,1784020005,0.0,3.136048,101.68911,0.0
DMU13,56,1784020004,70.0,5.728753,102.16066,0.0
EMU29,2912,1784020004,13.0,5.384628,100.3789,0.0
EMU40,2972,1784020004,0.0,6.431413,100.26845,0.0
SCS04,2976,1784020003,116.0,5.613018,100.49669,0.0
DMU10(D6120),60,1784020002,39.0,4.7343,102.01139,0.0
EMU28,2975,1784020002,93.0,6.423467,100.27126,0.0
SCS23,weekday_2154,1784020047,116.0,3.392283,101.62783,0.0
SCS28,weekday_2045,1784020054,39.0,3.203423,101.67672,0.0
SCS26,2979,1784020119,96.0,6.649572,100.30035,0.0
SCS13,weekday_2165,1784020116,109.0,3.650818,101.5477,0.0
EMU33,2914,1784020116,110.0,4.797918,101.09086,0.0
SCS25,2971,1784020116,117.0,5.400127,100.47195,0.0
DMU09,57,1784020102,67.0,5.89672,102.15805,0.0
DMU10(D6120),60,1784020167,83.0,4.764182,102.014015,0.0
SCS26,2979,1784020149,117.0,6.645762,100.2925,0.0
SCS29,weekday_2160,1784020166,15.0,3.013787,101.40316,0.0
ETS207,9052,1784020165,93.0,4.279892,101.16449,0.0
EMU28,2975,1784020122,110.0,6.392298,100.28673,0.0
SCS23,weekday_2154,1784020122,100.0,3.414303,101.62686,0.0
SCS13,weekday_2165,1784020131,111.0,3.648078,101.55109,0.0
EMU33,2914,1784020131,112.0,4.801473,101.08834,0.0
DMU09,57,1784020117,58.0,5.894173,102.1577,0.0
SCS19,weekday_2155,1784020125,0.0,3.136048,101.68911,0.0
EMU40,2972,1784020124,114.0,6.447325,100.26296,0.0
EMU29,2912,1784020124,13.0,5.38741,100.373314,0.0
DMU13,56,1784020124,76.0,5.75183,102.15678,0.0
EMU23,2913,1784020213,116.0,4.924922,100.71683,0.0
SCS23,weekday_2154,1784020242,115.0,3.444022,101.63838,0.0
ETS207,9052,1784020210,90.0,4.291088,101.16234,0.0
DMU10(D6120),60,1784020242,83.0,4.780462,102.01146,0.0
EMU28,2975,1784020242,0.0,6.370967,100.30266,0.0
SCS29,weekday_2160,1784020241,5.0,3.013972,101.40335,0.0
SCS19,weekday_2155,1784020215,0.0,3.136048,101.68911,0.0
EMU29,2912,1784020214,21.0,5.389863,100.37075,0.0
EMU40,2972,1784020214,119.0,6.473522,100.25405,0.0
SCS04,2976,1784020213,61.0,5.646302,100.49063,0.0
SCS19,weekday_2155,1784020290,0.0,3.136048,101.68911,0.0
SCS04,2976,1784020258,114.0,5.65704,100.49246,0.0
DMU10(D6120),60,1784020257,87.0,4.783813,102.01128,0.0
EMU28,2975,1784020257,0.0,6.370967,100.30266,0.0
SCS29,weekday_2160,1784020256,11.0,3.014258,101.40366,0.0
SCS25,2971,1784020252,54.0,5.364045,100.46743,0.0
EMU40,2972,1784020289,117.0,6.496218,100.253395,0.0
SCS13,weekday_2165,1784020281,114.0,3.614917,101.580246,0.0
EMU33,2914,1784020281,0.0,4.818405,101.07141,0.0
EMU29,2912,1784020259,17.0,5.39173,100.36867,0.0
EMU23,2913,1784020258,115.0,4.910917,100.71782,0.0
DMU09,57,1784020357,76.0,5.86934,102.15454,0.0
SCS29,weekday_2160,1784020331,35.0,3.020588,101.41049,0.0
ETS207,9052,1784020330,5.0,4.302158,101.15412,0.0
SCS04,2976,1784020333,116.0,5.679542,100.49713,0.0
SCS28,weekday_2045,1784020309,37.0,3.183798,101.68915,0.0
SCS23,weekday_2154,1784020332,59.0,3.461807,101.63781,0.0
EMU33,2914,1784020356,78.0,4.822102,101.06559,0.0
SCS13,weekday_2165,1784020356,99.0,3.599872,101.59519,0.0
DMU10(D6120),60,1784020332,84.0,4.80033,102.01424,0.0
SCS26,2979,1784020314,116.0,6.608988,100.263596,0.0
SCS25,2971,1784020312,38.0,5.357423,100.466,0.0
ETS207,9052,1784020405,48.0,4.30446,101.151085,0.0
SCS26,2979,1784020404,116.0,6.581993,100.26218,0.0
SCS13,weekday_2165,1784020386,97.0,3.59757,101.60244,0.0
EMU33,2914,1784020386,101.0,4.824927,101.0589,0.0
DMU09,57,1784020402,75.0,5.860397,102.15346,0.0
EMU28,2975,1784020391,114.0,6.349183,100.31897,0.0
SCS19,weekday_2155,1784020365,0.0,3.136048,101.68911,0.0
DMU13,56,1784020364,73.0,5.778855,102.14326,0.0
EMU29,2912,1784020364,0.0,5.393417,100.36648,0.0
SCS04,2976,1784020363,118.0,5.687137,100.502335,0.0
EMU23,2913,1784020363,0.0,4.896097,100.71944,0.0
SCS29,weekday_2160,1784020361,0.0,3.021123,101.411064,0.0
EMU28,2975,1784020451,111.0,6.33478,100.329735,0.0
SCS28,weekday_2045,1784020444,44.0,3.178438,101.68694,0.0
SCS26,2979,1784020434,118.0,6.573247,100.25964,0.0
SCS04,2976,1784020423,116.0,5.703337,100.51051,0.0
EMU23,2913,1784020453,108.0,4.881962,100.72102,0.0
SCS29,weekday_2160,1784020451,63.0,3.025295,101.41556,0.0
EMU33,2914,1784020412,107.0,4.826298,101.05145,0.0
ETS207,9052,1784020480,120.0,4.31774,101.13843,0.0
EMU40,2972,1784020478,28.0,6.523893,100.25687,0.0
DMU09,57,1784020477,72.0,5.845555,102.15161,0.0
SCS13,weekday_2165,1784020476,96.0,3.576005,101.613556,0.0
SCS19,weekday_2155,1784020455,0.0,3.136048,101.68911,0.0
SCS23,weekday_2154,1784020452,49.0,3.470623,101.63818,0.0
SCS29,weekday_2160,1784020481,82.0,3.029408,101.41992,0.0
EMU40,2972,1784020493,63.0,6.525907,100.257195,0.0
DMU13,56,1784020529,3.0,5.806352,102.14663,0.0
SCS19,weekday_2155,1784020500,0.0,3.136048,101.68911,0.0
DMU09,57,1784020492,72.0,5.842652,102.15126,0.0
SCS13,weekday_2165,1784020491,96.0,3.572532,101.61498,0.0
EMU23,2913,1784020498,108.0,4.869525,100.72601,0.0
SCS26,2979,1784020494,114.0,6.554745,100.259636,0.0
SCS23,weekday_2154,1784020497,109.0,3.480672,101.639694,0.0
EMU28,2975,1784020496,114.0,6.324053,100.33775,0.0
ETS207,9052,1784020495,125.0,4.321538,101.13559,0.0
EMU33,2914,1784020487,120.0,4.825577,101.03103,0.0
DMU10(D6120),60,1784020587,66.0,4.83558,102.00289,0.0
SCS23,weekday_2154,1784020587,14.0,3.500718,101.634155,0.0
SCS29,weekday_2160,1784020586,23.0,3.034925,101.4259,0.0
EMU28,2975,1784020586,114.0,6.299488,100.34749,0.0
EMU33,2914,1784020562,119.0,4.840058,101.013,0.0
SCS19,weekday_2155,1784020605,0.0,3.136048,101.68911,0.0
SCS13,weekday_2165,1784020671,0.0,3.552602,101.639465,0.0
DMU13,56,1784020619,0.0,5.806387,102.1466,0.0
SCS04,2976,1784020618,116.0,5.759532,100.49896,0.0
EMU28,2975,1784020646,115.0,6.281693,100.35113,0.0
SCS29,weekday_2160,1784020646,6.0,3.040735,101.43214,0.0
ETS207,9052,1784020645,131.0,4.362785,101.10524,0.0
SCS19,weekday_2155,1784020620,0.0,3.136048,101.68911,0.0
SCS26,2979,1784020644,0.0,6.523075,100.25677,0.0
EMU40,2972,1784020643,115.0,6.568408,100.25906,0.0
DMU09,57,1784020642,29.0,5.820042,102.14846,0.0
ETS207,9052,1784020720,133.0,4.383797,101.08982,0.0
EMU40,2972,1784020688,112.0,6.581348,100.2621,0.0
SCS19,weekday_2155,1784020710,0.0,3.136048,101.68911,0.0
EMU33,2914,1784020682,113.0,4.842148,100.97794,0.0
EMU23,2913,1784020663,71.0,4.85033,100.72993,0.0
DMU10(D6120),60,1784020707,66.0,4.845242,101.98342,0.0
SCS04,2976,1784020708,116.0,5.784765,100.488045,0.0
SCS26,2979,1784020704,97.0,6.516453,100.25565,0.0
DMU09,57,1784020702,6.0,5.816563,102.14799,0.0
SCS13,weekday_2165,1784020701,35.0,3.551563,101.63964,0.0
DMU13,56,1784020679,17.0,5.805063,102.146484,0.0
SCS23,weekday_2154,1784020677,78.0,3.508783,101.63292,0.0
SCS26,2979,1784020749,113.0,6.503362,100.25342,0.0
EMU40,2972,1784020748,119.0,6.599772,100.263176,0.0
DMU10(D6120),60,1784020722,59.0,4.847398,101.9823,0.0
SCS29,weekday_2160,1784020721,53.0,3.04361,101.43519,0.0
SCS25,2971,1784020746,0.0,5.364265,100.42188,0.0
SCS13,weekday_2165,1784020746,97.0,3.543505,101.63655,0.0
SCS04,2976,1784020723,117.0,5.788897,100.485985,0.0
EMU28,2975,1784020721,109.0,6.259667,100.3556,0.0
EMU33,2914,1784020757,113.0,4.83445,100.95686,0.0
EMU23,2913,1784020753,94.0,4.830547,100.73313,0.0
SCS23,weekday_2154,1784020752,98.0,3.526737,101.62982,0.0
ETS207,9052,1784020750,130.0,4.392542,101.08436,0.0
EMU28,2975,1784020839,112.0,6.22581,100.362526,0.0
SCS13,weekday_2165,1784020836,96.0,3.521913,101.6291,0.0
SCS29,weekday_2160,1784020811,56.0,3.046208,101.44438,0.0
ETS207,9052,1784020810,133.0,4.410398,101.07465,0.0
SCS26,2979,1784020809,114.0,6.48537,100.25359,0.0
EMU40,2972,1784020808,110.0,6.617915,100.264824,0.0
DMU09,57,1784020807,0.0,5.815437,102.14785,0.0
SCS25,2971,1784020807,25.0,5.364415,100.42155,0.0
EMU33,2914,1784020802,117.0,4.822432,100.95163,0.0
SCS29,weekday_2160,1784020886,23.0,3.043543,101.44891,0.0
ETS207,9052,1784020885,132.0,4.433183,101.06202,0.0
EMU28,2975,1784020884,118.0,6.212463,100.365265,0.0
SCS26,2979,1784020884,114.0,6.463397,100.25748,0.0
SCS25,2971,1784020881,100.0,5.370362,100.40624,0.0
DMU13,56,1784020859,12.0,5.80591,102.146614,0.0
SCS23,weekday_2154,1784020887,0.0,3.553845,101.639435,0.0
DMU10(D6120),60,1784020887,66.0,4.86724,101.96565,0.0
DMU09,57,1784020867,0.0,5.815437,102.14785,0.0
EMU33,2914,1784020847,116.0,4.809068,100.949554,0.0
SCS04,2976,1784020843,65.0,5.82207,100.47818,0.0
SCS29,weekday_2160,1784020916,19.0,3.042798,101.450935,0.0
EMU33,2914,1784020922,100.0,4.792735,100.936584,0.0
EMU28,2975,1784020914,111.0,6.203547,100.36707,0.0
SCS26,2979,1784020914,111.0,6.45493,100.26038,0.0
DMU09,57,1784020912,4.0,5.81531,102.14783,0.0
ETS207,9052,1784020900,124.0,4.437593,101.059586,0.0
SCS13,weekday_2165,1784020956,5.0,3.499698,101.63421,0.0
SCS23,weekday_2154,1784020962,53.0,3.556125,101.63889,0.0
DMU10(D6120),60,1784020962,33.0,4.87741,101.96607,0.0
SCS25,2971,1784020961,94.0,5.379742,100.38818,0.0
EMU40,2972,1784020973,100.0,6.64951,100.299835,0.0
DMU13,56,1784021009,0.0,5.806343,102.14657,0.0
SCS29,weekday_2160,1784021006,19.0,3.040792,101.452774,0.0
ETS207,9052,1784021005,11.0,4.459137,101.04953,0.0
EMU23,2913,1784020971,109.0,4.785535,100.76921,0.0
SCS26,2979,1784021004,53.0,6.432872,100.26798,0.0
EMU28,2975,1784021004,17.0,6.183595,100.37467,0.0
SCS23,weekday_2154,1784020992,93.0,3.560037,101.634544,0.0
SCS25,2971,1784021051,31.0,5.386458,100.3753,0.0
SCS19,weekday_2155,1784021070,0.0,3.136048,101.68911,0.0
SCS28,weekday_2045,1784021055,21.0,3.143567,101.69355,0.0
DMU13,56,1784021054,0.0,5.806343,102.14657,0.0
SCS04,2976,1784021053,105.0,5.844923,100.4769,0.0
SCS23,weekday_2154,1784021052,99.0,3.567353,101.62025,0.0
EMU40,2972,1784021048,54.0,6.656672,100.31173,0.0
SCS29,weekday_2160,1784021036,23.0,3.039237,101.45388,0.0
DMU10(D6120),60,1784021052,0.0,4.87917,101.96693,0.0
ETS207,9052,1784021050,0.0,4.459243,101.04949,0.0
EMU28,2975,1784021049,0.0,6.183505,100.374756,0.0
EMU33,2914,1784021012,2.0,4.776442,100.9324,0.0
SCS26,2979,1784021049,0.0,6.431235,100.26856,0.0
EMU23,2913,1784021046,114.0,4.779113,100.79041,0.0
SCS13,weekday_2165,1784021046,86.0,3.491997,101.635475,0.0
SCS29,weekday_2160,1784021096,70.0,3.034742,101.45911,0.0
ETS207,9052,1784021095,0.0,4.458937,101.05,0.0
SCS28,weekday_2045,1784021115,11.0,3.14005,101.693886,0.0
DMU13,56,1784021099,0.0,5.806343,102.14657,0.0
SCS04,2976,1784021098,118.0,5.858457,100.476906,0.0
DMU10(D6120),60,1784021097,0.0,4.87917,101.96693,0.0
SCS23,weekday_2154,1784021097,99.0,3.576513,101.61349,0.0
SCS25,2971,1784021096,0.0,5.387242,100.373604,0.0
SCS23,weekday_2154,1784021142,119.0,3.588397,101.608986,0.0
SCS29,weekday_2160,1784021141,68.0,3.034118,101.46838,0.0
EMU40,2972,1784021138,0.0,6.662413,100.319664,0.0
SCS21,weekday_2035,1784021188,15.0,3.236962,101.681274,0.0
SCS28,weekday_2045,1784021190,0.0,3.139212,101.69353,0.0
DMU13,56,1784021189,0.0,5.806343,102.14657,0.0
SCS25,2971,1784021174,18.0,5.3897,100.37094,0.0
EMU33,2914,1784021159,0.0,4.77511,100.91949,0.0
SCS19,weekday_2155,1784021145,0.0,3.136048,101.68911,0.0
DMU10(D6120),60,1784021142,0.0,4.879083,101.96685,0.0
EMU28,2975,1784021214,108.0,6.154017,100.3798,0.0
EMU33,2914,1784021257,101.0,4.773248,100.8958,0.0
SCS13,weekday_2165,1784021256,101.0,3.458007,101.63894,0.0
EMU23,2913,1784021256,90.0,4.779467,100.84876,0.0
SCS25,2971,1784021250,5.0,5.39225,100.36774,0.0
SCS26,2979,1784021244,114.0,6.39424,100.28528,0.0
DMU09,57,1784021242,30.0,5.804253,102.146416,0.0
SCS21,weekday_2035,1784021218,5.0,3.238085,101.68112,0.0
EMU40,2972,1784021198,0.0,6.662413,100.319664,0.0
SCS19,weekday_2155,1784021220,0.0,3.136048,101.68911,0.0
SCS28,weekday_2045,1784021220,0.0,3.139212,101.69353,0.0
SCS21,weekday_2035,1784021293,0.0,3.238125,101.68113,0.0
DMU10(D6120),60,1784021292,26.0,4.88409,101.96948,0.0
SCS29,weekday_2160,1784021291,62.0,3.048175,101.47353,0.0
ETS207,9052,1784021290,124.0,4.497573,101.0452,0.0
SCS23,weekday_2154,1784021367,114.0,3.632538,101.56246,0.0
SCS21,weekday_2035,1784021368,0.0,3.238213,101.68115,0.0
SCS28,weekday_2045,1784021370,12.0,3.136675,101.69074,0.0
SCS19,weekday_2155,1784021370,20.0,3.137737,101.69257,0.0
SCS29,weekday_2160,1784021336,40.0,3.051777,101.47757,0.0
EMU28,2975,1784021334,102.0,6.121678,100.373634,0.0
SCS13,weekday_2165,1784021436,109.0,3.412407,101.6272,0.0
SCS25,2971,1784021414,0.0,5.39241,100.36755,0.0
SCS26,2979,1784021409,0.0,6.370257,100.30317,0.0
DMU09,57,1784021407,74.0,5.775798,102.14263,0.0
SCS29,weekday_2160,1784021396,31.0,3.052475,101.48773,0.0
EMU23,2913,1784021406,0.0,4.778162,100.85717,0.0
SCS21,weekday_2035,1784021398,0.0,3.238213,101.68115,0.0
SCS23,weekday_2154,1784021397,114.0,3.64028,101.5579,0.0
SCS19,weekday_2155,1784021400,0.0,3.138743,101.69332,0.0
SCS28,weekday_2045,1784021415,23.0,3.135297,101.6883,0.0
EMU33,2914,1784021437,0.0,4.777937,100.857895,0.0
DMU13,56,1784021414,0.0,5.806352,102.146614,0.0
SCS04,2976,1784021398,116.0,5.946152,100.45524,0.0
SCS25,2971,1784021459,0.0,5.39241,100.36755,0.0
DMU09,57,1784021452,73.0,5.767537,102.13974,0.0
SCS21,weekday_2035,1784021443,0.0,3.238213,101.68115,0.0
DMU10(D6120),60,1784021442,43.0,4.896222,101.9711,0.0
SCS23,weekday_2154,1784021442,115.0,3.650032,101.548676,0.0
SCS29,weekday_2160,1784021441,34.0,3.05238,101.49203,0.0
ETS207,9052,1784021440,136.0,4.547828,101.054596,0.0
EMU23,2913,1784021436,0.0,4.778162,100.85717,0.0
DMU13,56,1784021459,11.0,5.807703,102.14678,0.0
DMU10(D6120),60,1784021547,49.0,4.910073,101.97568,0.0
SCS23,weekday_2154,1784021547,93.0,3.673253,101.52922,0.0
ETS207,9052,1784021545,98.0,4.579635,101.066826,0.0
SCS26,2979,1784021544,114.0,6.347247,100.320366,0.0
SCS29,weekday_2160,1784021516,30.0,3.052288,101.49501,0.0
EMU33,2914,1784021542,105.0,4.778447,100.84208,0.0
SCS13,weekday_2165,1784021541,111.0,3.383513,101.621864,0.0
EMU28,2975,1784021499,4.0,6.113208,100.369736,0.0
DMU09,57,1784021587,61.0,5.753748,102.15644,0.0
EMU33,2914,1784021587,110.0,4.775925,100.82905,0.0
EMU23,2913,1784021631,103.0,4.771607,100.878235,0.0
DMU09,57,1784021632,76.0,5.745653,102.158455,0.0
SCS13,weekday_2165,1784021631,0.0,3.375692,101.61396,0.0
EMU33,2914,1784021632,0.0,4.775958,100.82342,0.0
SCS25,2971,1784021639,0.0,5.39241,100.36755,0.0
SCS04,2976,1784021638,115.0,5.983148,100.43433,0.0
EMU28,2975,1784021679,113.0,6.075228,100.3823,0.0
EMU26,2981,1784021677,0.0,6.662565,100.31959,0.0
DMU09,57,1784021677,75.0,5.736942,102.16102,0.0
SCS13,weekday_2165,1784021676,58.0,3.374035,101.61238,0.0
EMU33,2914,1784021722,115.0,4.779435,100.7888,0.0
SCS25,2971,1784021714,0.0,5.39241,100.36755,0.0
EMU28,2975,1784021739,116.0,6.059267,100.391335,0.0
ETS207,9052,1784021785,22.0,4.59228,101.07121,0.0
SCS19,weekday_2158,1784021775,12.0,3.164962,101.69139,0.0
SCS28,weekday_2045,1784021775,20.0,3.129422,101.680824,0.0
DMU10(D6120),60,1784021742,17.0,4.927773,101.98637,0.0
SCS29,weekday_2160,1784021741,0.0,3.056923,101.526,0.0
SCS21,weekday_2035,1784021818,26.0,3.234955,101.68023,0.0
DMU10(D6120),60,1784021817,33.0,4.925438,101.99015,0.0
SCS28,weekday_2045,1784021880,0.0,3.127628,101.679436,0.0
DMU13,56,1784021879,66.0,5.886078,102.15665,0.0
SCS25,2971,1784021864,44.0,5.387002,100.37419,0.0
EMU28,2975,1784021913,116.0,6.013062,100.41746,0.0
DMU13,56,1784021969,0.0,5.891698,102.157364,0.0
EMU23,2913,1784021928,54.0,4.777243,100.93357,0.0
EMU28,2975,1784021973,106.0,5.997887,100.426025,0.0
EMU33,2914,1784022075,75.0,4.849512,100.72941,0.0
SCS24,weekday_2048,1784022072,12.0,3.11293,101.68255,0.0
EMU40,2915,1784022038,0.0,6.662803,100.32054,0.0
SCS08,weekday_2046,1784022038,44.0,3.188025,101.689186,0.0
EMU26,2981,1784022037,106.0,6.642552,100.28823,0.0
DMU09,57,1784022037,16.0,5.700607,102.151855,0.0
SCS29,weekday_2160,1784022071,11.0,3.076075,101.55999,0.0
SCS13,weekday_2165,1784022036,42.0,3.325487,101.570854,0.0
SCS19,weekday_2158,1784022060,3.0,3.186113,101.66457,0.0
SCS38,weekday_2157,1784022059,45.0,3.09008,101.669716,0.0
DMU13,56,1784022059,67.0,5.903008,102.15875,0.0
SCS04,2976,1784022058,111.0,6.094765,100.371506,0.0
SCS21,weekday_2035,1784022058,0.0,3.215097,101.67221,0.0
SCS26,2979,1784022039,114.0,6.208475,100.366066,0.0
DMU10(D6120),60,1784022072,35.0,4.952603,102.00648,0.0
SCS04,2976,1784022148,40.0,6.112722,100.369514,0.0
SCS29,weekday_2160,1784022146,0.0,3.076168,101.56015,0.0
DMU13,56,1784022134,49.0,5.916172,102.15665,0.0
EMU40,2915,1784022113,0.0,6.662803,100.32054,0.0
EMU26,2981,1784022112,114.0,6.629025,100.27016,0.0
DMU09,57,1784022112,53.0,5.694253,102.15193,0.0
SCS13,weekday_2165,1784022111,15.0,3.319147,101.574814,0.0
EMU28,2975,1784022108,0.0,5.972428,100.44041,0.0
EMU23,2913,1784022108,114.0,4.821753,100.95161,0.0
ETS207,9052,1784022100,5.0,4.596795,101.07245,0.0
SCS26,2979,1784022099,110.0,6.190975,100.36999,0.0
SCS38,weekday_2157,1784022179,0.0,3.086113,101.66388,0.0
DMU13,56,1784022179,0.0,5.917677,102.15626,0.0
EMU33,2914,1784022180,24.0,4.85315,100.7323,0.0
SCS19,weekday_2158,1784022180,10.0,3.191673,101.65582,0.0
EMU40,2915,1784022263,0.0,6.662893,100.32052,0.0
DMU09,57,1784022262,73.0,5.665142,102.156944,0.0
SCS13,weekday_2165,1784022261,90.0,3.303265,101.575,0.0
EMU28,2975,1784022273,119.0,5.951053,100.45248,0.0
SCS29,weekday_2160,1784022326,33.0,3.076375,101.56617,0.0
EMU40,2915,1784022308,0.0,6.662893,100.32052,0.0
SCS26,2979,1784022294,116.0,6.163143,100.379166,0.0
SCS13,weekday_2165,1784022291,79.0,3.296653,101.575035,0.0
EMU23,2913,1784022288,115.0,4.845467,100.99632,0.0
SCS25,2971,1784022288,84.0,5.362545,100.42669,0.0
EMU23,2913,1784022333,124.0,4.841395,101.00942,0.0
SCS19,weekday_2158,1784022420,0.0,3.202202,101.637665,0.0
EMU29,2915,1784022419,89.0,5.371807,100.40316,0.0
SCS38,weekday_2157,1784022419,60.0,3.082138,101.64711,0.0
DMU13,56,1784022419,74.0,5.957422,102.14536,0.0
SCS04,2976,1784022418,25.0,6.12509,100.37517,0.0
EMU31,2978,1784022418,114.0,5.713462,100.51303,0.0
SCS08,weekday_2046,1784022418,1.0,3.213822,101.672134,0.0
DMU10(D6120),60,1784022417,54.0,4.985307,102.01543,0.0
SCS24,weekday_2048,1784022417,12.0,3.117632,101.67905,0.0
SCS29,weekday_2160,1784022416,54.0,3.081488,101.576744,0.0
EMU22,2916,1784022416,42.0,4.605557,101.076065,0.0
SCS25,2971,1784022415,0.0,5.366197,100.448555,0.0
ETS207,9052,1784022415,0.0,4.597013,101.07251,0.0
SCS29,weekday_2160,1784022461,16.0,3.082317,101.58233,0.0
EMU22,2916,1784022461,78.0,4.610568,101.08097,0.0
ETS207,9052,1784022460,0.0,4.597013,101.07251,0.0
SCS24,weekday_2048,1784022462,0.0,3.117938,101.679,0.0
DMU10(D6120),60,1784022462,37.0,4.990867,102.01697,0.0
DMU09,57,1784022562,57.0,5.607987,102.16889,0.0
EMU33,2914,1784022555,121.0,4.91719,100.71701,0.0
EMU26,2981,1784022532,24.0,6.522932,100.25676,0.0
DMU13,56,1784022569,60.0,5.970123,102.143684,0.0
EMU29,2915,1784022569,0.0,5.36465,100.42118,0.0
SCS04,2976,1784022568,28.0,6.136113,100.38002,0.0
SCS08,weekday_2046,1784022558,32.0,3.231005,101.67511,0.0
EMU31,2978,1784022523,106.0,5.743347,100.505936,0.0
SCS38,weekday_2157,1784022569,0.0,3.084615,101.631424,0.0
SCS24,weekday_2048,1784022567,22.0,3.122072,101.6782,0.0
DMU10(D6120),60,1784022567,35.0,5.000818,102.0219,0.0
EMU22,2916,1784022566,94.0,4.624505,101.09906,0.0
SCS29,weekday_2160,1784022566,17.0,3.084747,101.58793,0.0
ETS207,9052,1784022565,0.0,4.596993,101.074745,0.0
SCS25,2980,1784022565,41.0,5.36071,100.46107,0.0
DMU09,57,1784022607,32.0,5.6041,102.17209,0.0
EMU31,2978,1784022628,112.0,5.771883,100.493385,0.0
SCS25,2980,1784022625,39.0,5.357783,100.46627,0.0
EMU23,2913,1784022623,0.0,4.818758,101.070885,0.0
ETS207,9052,1784022610,0.0,4.597318,101.07473,0.0
SCS26,2979,1784022609,107.0,6.101795,100.36751,0.0
SCS13,weekday_2165,1784022621,0.0,3.2576,101.55468,0.0
EMU26,2981,1784022611,110.0,6.50497,100.25371,0.0
SCS08,weekday_2046,1784022658,0.0,3.23713,101.68126,0.0
SCS13,weekday_2165,1784022651,14.0,3.257378,101.55466,0.0
EMU33,2914,1784022691,0.0,4.958175,100.72545,0.0
SCS04,2976,1784022688,26.0,6.145888,100.380356,0.0
EMU26,2981,1784022686,116.0,6.482185,100.25365,0.0
ETS207,9052,1784022685,2.0,4.596888,101.07182,0.0
SCS25,2980,1784022685,92.0,5.366925,100.46774,0.0
EMU28,2975,1784022668,105.0,5.835373,100.47708,0.0
SCS38,weekday_2157,1784022659,40.0,3.084958,101.625465,0.0
SCS19,weekday_2158,1784022693,84.0,3.206852,101.61674,0.0
EMU26,2981,1784022806,109.0,6.44745,100.26295,0.0
DMU13,56,1784022779,36.0,5.997928,102.14188,0.0
EMU31,2978,1784022778,115.0,5.813013,100.4789,0.0
SCS26,2979,1784022864,113.0,6.035235,100.404884,0.0
EMU23,2913,1784022818,104.0,4.784068,101.0991,0.0
SCS08,weekday_2046,1784022818,0.0,3.23713,101.68126,0.0
SCS24,weekday_2048,1784022852,0.0,3.132478,101.6837,0.0
ETS207,9052,1784022850,5.0,4.59697,101.07279,0.0
EMU33,2914,1784022849,115.0,4.998222,100.7352,0.0
SCS19,weekday_2158,1784022813,69.0,3.201005,101.59252,0.0
DMU09,57,1784022817,0.0,5.589235,102.179535,0.0
SCS38,weekday_2157,1784022884,0.0,3.083062,101.61074,0.0
EMU29,2915,1784022884,100.0,5.363568,100.45856,0.0
SCS04,2976,1784022853,87.0,6.161105,100.379326,0.0
EMU26,2981,1784022851,74.0,6.436712,100.266655,0.0
SCS25,2980,1784022850,113.0,5.414902,100.47613,0.0
ETS207,9052,1784022940,0.0,4.596957,101.072815,0.0
EMU23,2913,1784022908,117.0,4.76336,101.114685,0.0
DMU09,57,1784022907,57.0,5.585612,102.18308,0.0
SCS13,weekday_2165,1784022906,95.0,3.2161,101.56881,0.0
DMU13,56,1784022884,68.0,6.016563,102.14007,0.0
SCS38,weekday_2157,1784022914,0.0,3.083057,101.61074,0.0
EMU29,2915,1784022914,112.0,5.356875,100.46379,0.0
SCS04,2976,1784022913,93.0,6.178187,100.37761,0.0
SCS24,weekday_2048,1784022912,12.0,3.136402,101.690216,0.0
SCS25,2980,1784022911,115.0,5.430718,100.48572,0.0
EMU28,2975,1784022908,106.0,5.804115,100.48089,0.0
EMU31,2978,1784022943,61.0,5.827933,100.477646,0.0
EMU22,2916,1784022908,94.0,4.695222,101.14009,0.0
SCS08,weekday_2046,1784022938,0.0,3.23713,101.68126,0.0
SCS19,weekday_2158,1784022933,14.0,3.20576,101.58128,0.0
EMU33,2914,1784023029,117.0,5.03696,100.70096,0.0
EMU22,2916,1784023028,66.0,4.71634,101.12276,0.0
DMU09,57,1784023027,78.0,5.56353,102.18964,0.0
ETS207,9052,1784023075,0.0,4.596957,101.072815,0.0
EMU33,2914,1784023074,116.0,5.039277,100.68761,0.0
EMU22,2916,1784023073,43.0,4.72217,101.122246,0.0
EMU28,2975,1784023073,121.0,5.757117,100.5002,0.0
EMU23,2913,1784023073,122.0,4.715908,101.12295,0.0
SCS08,weekday_2046,1784023058,0.0,3.23713,101.68126,0.0
DMU09,57,1784023057,73.0,5.558245,102.19256,0.0
SCS13,weekday_2165,1784023056,0.0,3.20584,101.58097,0.0
SCS38,weekday_2157,1784023139,34.0,3.082783,101.60252,0.0
EMU29,2915,1784023206,4.0,5.286325,100.48093,0.0
EMU22,2916,1784023298,93.0,4.748648,101.12078,0.0
EMU28,2975,1784023298,115.0,5.6909,100.504906,0.0
SCS25,2980,1784023287,115.0,5.510897,100.50563,0.0
SCS04,2976,1784023243,111.0,6.243918,100.35883,0.0
EMU31,2978,1784023241,108.0,5.910022,100.46992,0.0
SCS24,weekday_2048,1784023257,23.0,3.14459,101.69277,0.0
SCS13,weekday_2165,1784023236,93.0,3.199643,101.60802,0.0
SCS26,2979,1784023239,106.0,5.963825,100.44524,0.0
EMU23,2913,1784023238,112.0,4.673915,101.13662,0.0
EMU33,2914,1784023236,87.0,5.04158,100.639145,0.0
DMU09,57,1784023237,5.0,5.532108,102.20198,0.0
SCS26,2979,1784023344,114.0,5.935895,100.46005,0.0
SCS38,weekday_2157,1784023343,0.0,3.084842,101.58783,0.0
EMU22,2916,1784023343,94.0,4.75912,101.11654,0.0
DMU09,57,1784023342,0.0,5.530083,102.20293,0.0
EMU29,2915,1784023341,102.0,5.274153,100.47944,0.0
EMU33,2914,1784023341,105.0,5.043338,100.61504,0.0
SCS13,weekday_2165,1784023341,48.0,3.20867,101.62751,0.0
EMU26,2981,1784023339,0.0,6.357503,100.31274,0.0
EMU31,2978,1784023331,115.0,5.934873,100.460396,0.0
SCS24,weekday_2048,1784023317,46.0,3.151352,101.690834,0.0
SCS25,2980,1784023317,114.0,5.519318,100.507805,0.0
EMU31,2978,1784023361,115.0,5.943345,100.45681,0.0
SCS08,weekday_2046,1784023358,0.0,3.23713,101.68126,0.0
SCS38,weekday_2157,1784023358,1.0,3.084748,101.587906,0.0
EMU22,2916,1784023358,97.0,4.762528,101.11497,0.0
DMU09,57,1784023357,0.0,5.530093,102.20303,0.0
EMU33,2914,1784023356,112.0,5.043652,100.61077,0.0
EMU29,2915,1784023356,111.0,5.27001,100.48038,0.0
SCS38,weekday_2157,1784023433,35.0,3.08253,101.582596,0.0
EMU28,2975,1784023433,48.0,5.669402,100.49454,0.0
EMU22,2916,1784023433,95.0,4.776738,101.103516,0.0
DMU09,57,1784023432,4.0,5.529927,102.20311,0.0
SCS13,weekday_2165,1784023431,40.0,3.207447,101.632416,0.0
EMU33,2914,1784023431,112.0,5.044675,100.58823,0.0
EMU29,2915,1784023431,118.0,5.247663,100.48537,0.0
SCS26,2979,1784023434,114.0,5.910628,100.469765,0.0
DMU13,56,1784023574,54.0,6.09278,102.172775,0.0
SCS04,2976,1784023573,116.0,6.337813,100.32741,0.0
SCS24,weekday_2048,1784023572,23.0,3.166393,101.68988,0.0
EMU31,2978,1784023571,21.0,5.972158,100.440575,0.0
EMU29,2915,1784023566,113.0,5.208168,100.48901,0.0
SCS19,weekday_2158,1784023593,72.0,3.264903,101.55825,0.0
SCS25,2980,1784023593,114.0,5.600328,100.493774,0.0
EMU33,2914,1784023566,112.0,5.023413,100.55329,0.0
SCS08,weekday_2049,1784023558,34.0,3.235392,101.680695,0.0
EMU28,2975,1784023556,11.0,5.65674,100.49245,0.0
SCS26,2979,1784023584,114.0,5.866768,100.47693,0.0
SCS22,weekday_2162,1784023584,0.0,3.13665,101.68964,0.0
DMU09,57,1784023582,0.0,5.525987,102.20489,0.0
SCS04,2976,1784023633,116.0,6.352528,100.3164,0.0
SCS08,weekday_2049,1784023618,95.0,3.227907,101.672905,0.0
DMU09,57,1784023612,1.0,5.52609,102.20489,0.0
EMU33,2914,1784023611,115.0,5.018367,100.54108,0.0
EMU29,2915,1784023611,117.0,5.196,100.48251,0.0
EMU28,2975,1784023661,0.0,5.656512,100.49241,0.0
EMU22,2916,1784023658,18.0,4.81859,101.0712,0.0
SCS38,weekday_2157,1784023656,15.0,3.075825,101.559456,0.0
EMU31,2978,1784023646,98.0,5.98439,100.43359,0.0
EMU23,2913,1784023644,85.0,4.614162,101.092155,0.0
SCS26,2979,1784023614,114.0,5.857768,100.47692,0.0
SCS22,weekday_2162,1784023614,0.0,3.13665,101.68964,0.0
SCS25,2980,1784023698,116.0,5.63045,100.4914,0.0
EMU33,2914,1784023686,30.0,5.027672,100.52773,0.0
SCS22,weekday_2162,1784023659,24.0,3.13796,101.6923,0.0
EMU23,2913,1784023659,84.0,4.611308,101.09036,0.0
SCS26,2979,1784023659,114.0,5.844178,100.47689,0.0
SCS08,weekday_2049,1784023658,75.0,3.218107,101.67238,0.0
SCS13,weekday_2165,1784023656,79.0,3.193288,101.6521,0.0
EMU29,2915,1784023656,111.0,5.183282,100.4794,0.0
SCS24,weekday_2048,1784023662,11.0,3.169978,101.68546,0.0
DMU10(D6120),60,1784023655,31.0,5.061733,102.0692,0.0
SCS19,weekday_2158,1784023728,70.0,3.287343,101.57013,0.0
SCS13,weekday_2165,1784023731,12.0,3.191603,101.65593,0.0
EMU33,2914,1784023731,0.0,5.028132,100.52749,0.0
EMU29,2915,1784023731,6.0,5.169817,100.47966,0.0
EMU28,2975,1784023826,0.0,5.656512,100.49241,0.0
EMU31,2978,1784023826,115.0,6.032092,100.40665,0.0
DMU10(D6120),60,1784023775,34.0,5.07487,102.068535,0.0
SCS25,2980,1784023773,0.0,5.643712,100.49012,0.0
SCS24,weekday_2048,1784023831,0.0,3.181427,101.68842,0.0
DMU13,56,1784023829,37.0,6.114082,102.19573,0.0
SCS04,2976,1784023828,97.0,6.376535,100.298485,0.0
SCS38,weekday_2157,1784023896,52.0,3.056988,101.52659,0.0
EMU31,2978,1784023895,107.0,6.049997,100.39654,0.0
DMU10(D6120),60,1784023895,14.0,5.079938,102.06953,0.0
SCS19,weekday_2158,1784023908,40.0,3.317385,101.57481,0.0
SCS22,weekday_2162,1784023899,18.0,3.140617,101.6937,0.0
SCS13,weekday_2165,1784023896,90.0,3.182572,101.67148,0.0
EMU28,2975,1784023886,0.0,5.656512,100.49241,0.0
EMU31,2978,1784023910,113.0,6.053793,100.39439,0.0
SCS24,weekday_2048,1784023951,36.0,3.187162,101.68976,0.0
SCS25,2980,1784023950,112.0,5.676887,100.49592,0.0
SCS19,weekday_2158,1784023938,0.0,3.319085,101.57476,0.0
EMU26,2981,1784023937,93.0,6.189697,100.37065,0.0
DMU13,56,1784023934,5.0,6.118513,102.20064,0.0
SCS04,2976,1784023933,116.0,6.402123,100.27936,0.0
EMU28,2975,1784023931,0.0,5.656512,100.49241,0.0
SCS22,weekday_2162,1784023929,21.0,3.142172,101.69363,0.0
EMU22,2916,1784023892,99.0,4.826845,101.02913,0.0
EMU23,2913,1784023899,0.0,4.597743,101.07319,0.0
DMU09,57,1784023972,0.0,5.530103,102.20307,0.0
EMU22,2916,1784023967,96.0,4.839398,101.01465,0.0
EMU29,2915,1784023986,0.0,5.130797,100.486145,0.0
EMU33,2914,1784023986,112.0,5.081693,100.49914,0.0
SCS13,weekday_2165,1784023986,66.0,3.171162,101.68494,0.0
SCS38,weekday_2157,1784023986,16.0,3.056403,101.52427,0.0
DMU10(D6120),60,1784023985,28.0,5.086835,102.07293,0.0
EMU28,2975,1784023976,0.0,5.656512,100.49241,0.0
SCS13,weekday_2165,1784024031,45.0,3.166308,101.68994,0.0
DMU10(D6120),60,1784024030,24.0,5.090083,102.07242,0.0
EMU33,2914,1784024085,117.0,5.109768,100.490425,0.0
DMU13,56,1784024054,17.0,6.119833,102.20182,0.0
SCS19,weekday_2158,1784024043,39.0,3.322265,101.57319,0.0
EMU22,2916,1784024042,99.0,4.84544,100.99619,0.0
EMU26,2981,1784024042,52.0,6.181473,100.376076,0.0
SCS25,2980,1784024040,113.0,5.6999,100.50962,0.0
EMU29,2915,1784024031,4.0,5.130785,100.486145,0.0
EMU31,2978,1784024075,104.0,6.094715,100.37149,0.0
SCS24,weekday_2048,1784024041,33.0,3.196905,101.682335,0.0
SCS04,2976,1784024038,62.0,6.429245,100.26921,0.0
EMU26,2981,1784024087,105.0,6.171853,100.37858,0.0
SCS04,2976,1784024083,0.0,6.432665,100.26806,0.0
SCS25,2980,1784024082,114.0,5.712053,100.51269,0.0
SCS22,weekday_2162,1784024094,0.0,3.153773,101.6924,0.0
SCS26,2979,1784024094,115.0,5.747247,100.50447,0.0
DMU09,57,1784024092,0.0,5.530103,102.20307,0.0
EMU22,2916,1784024117,98.0,4.842042,100.97739,0.0
SCS13,weekday_2165,1784024091,0.0,3.165103,101.69116,0.0
SCS38,weekday_2157,1784024091,55.0,3.051792,101.5095,0.0
EMU31,2978,1784024090,101.0,6.098272,100.36947,0.0
DMU13,56,1784024084,19.0,6.121133,102.20323,0.0
EMU23,2913,1784024094,0.0,4.597743,101.07319,0.0
EMU29,2915,1784024091,86.0,5.123183,100.48773,0.0
EMU33,2914,1784024085,117.0,5.109768,100.490425,0.0
DMU10(D6120),60,1784024090,49.0,5.097468,102.07351,0.0
SCS19,weekday_2158,1784024088,51.0,3.326755,101.56998,0.0
EMU31,2978,1784024165,18.0,6.112382,100.36934,0.0
EMU29,2915,1784024205,111.0,5.090258,100.494774,0.0
SCS38,weekday_2157,1784024181,33.0,3.052035,101.49967,0.0
DMU13,56,1784024204,68.0,6.13138,102.21558,0.0
EMU26,2981,1784024192,117.0,6.140127,100.38071,0.0
EMU23,2913,1784024184,0.0,4.597743,101.07319,0.0
SCS22,weekday_2162,1784024184,27.0,3.164492,101.69169,0.0
DMU09,57,1784024182,0.0,5.530103,102.20307,0.0
EMU28,2975,1784024171,0.0,5.643285,100.49008,0.0
SCS38,weekday_2157,1784024226,29.0,3.052292,101.495285,0.0
SCS13,weekday_2165,1784024226,7.0,3.154047,101.692535,0.0
EMU31,2978,1784024225,16.0,6.112945,100.369606,0.0
EMU26,2981,1784024222,113.0,6.131535,100.378075,0.0
EMU22,2916,1784024222,95.0,4.830878,100.95352,0.0
DMU10(D6120),60,1784024195,35.0,5.108547,102.0727,0.0
SCS08,weekday_2049,1784024198,17.0,3.182982,101.688995,0.0
SCS22,weekday_2162,1784024229,0.0,3.165152,101.69136,0.0
SCS26,2979,1784024229,114.0,5.708752,100.511894,0.0
DMU09,57,1784024227,0.0,5.530103,102.20307,0.0
DMU09,57,1784024272,0.0,5.530103,102.20307,0.0
DMU13,56,1784024294,63.0,6.142592,102.22695,0.0
SCS08,weekday_2049,1784024278,0.0,3.18157,101.68858,0.0
SCS26,2979,1784024274,114.0,5.695777,100.508156,0.0
SCS22,weekday_2162,1784024274,46.0,3.166025,101.690414,0.0
SCS13,weekday_2165,1784024271,0.0,3.153928,101.69247,0.0
EMU33,2914,1784024265,59.0,5.133627,100.48548,0.0
SCS04,2976,1784024263,116.0,6.462295,100.25784,0.0
EMU28,2975,1784024261,71.0,5.638497,100.489265,0.0
DMU13,56,1784024339,60.0,6.149905,102.22956,0.0
SCS04,2976,1784024338,116.0,6.484568,100.25358,0.0
EMU28,2975,1784024336,116.0,5.62014,100.49573,0.0
SCS22,weekday_2162,1784024334,75.0,3.173837,101.68308,0.0
SCS26,2979,1784024334,115.0,5.680817,100.49804,0.0
EMU33,2914,1784024340,116.0,5.152017,100.481285,0.0
SCS08,weekday_2049,1784024318,0.0,3.18157,101.68858,0.0
DMU09,57,1784024332,0.0,5.530103,102.20307,0.0
SCS13,weekday_2165,1784024331,48.0,3.15219,101.691185,0.0
SCS38,weekday_2157,1784024331,0.0,3.052393,101.49242,0.0
EMU31,2978,1784024330,39.0,6.11653,100.37121,0.0
DMU10(D6120),60,1784024360,33.0,5.121082,102.061386,0.0
SCS19,weekday_2158,1784024358,113.0,3.36785,101.60423,0.0
EMU22,2916,1784024357,95.0,4.800918,100.94093,0.0
EMU26,2981,1784024357,0.0,6.112722,100.36951,0.0
SCS24,weekday_2048,1784024341,21.0,3.213328,101.67213,0.0
SCS19,weekday_2158,1784024448,0.0,3.375638,101.613976,0.0
EMU22,2916,1784024447,83.0,4.78039,100.93523,0.0
SCS22,weekday_2162,1784024424,70.0,3.18446,101.666595,0.0
EMU26,2981,1784024447,110.0,6.098523,100.36936,0.0
SCS04,2976,1784024443,99.0,6.516035,100.25558,0.0
DMU10(D6120),60,1784024435,25.0,5.12673,102.05825,0.0
SCS24,weekday_2048,1784024431,45.0,3.219187,101.67238,0.0
SCS08,weekday_2049,1784024398,37.0,3.176745,101.68597,0.0
DMU09,57,1784024422,1.0,5.53004,102.202995,0.0
SCS26,2979,1784024394,106.0,5.663688,100.493576,0.0
SCS38,weekday_2157,1784024391,23.0,3.052445,101.489006,0.0
SCS13,weekday_2165,1784024391,21.0,3.145363,101.692085,0.0
EMU31,2978,1784024390,75.0,6.127037,100.37599,0.0
EMU28,2975,1784024471,120.0,5.579638,100.4953,0.0
SCS26,2979,1784024469,57.0,5.645338,100.49045,0.0
SCS22,weekday_2162,1784024469,0.0,3.186083,101.66467,0.0
DMU09,57,1784024467,6.0,5.529005,102.20356,0.0
SCS38,weekday_2157,1784024466,61.0,3.051815,101.47757,0.0
SCS13,weekday_2165,1784024466,19.0,3.140685,101.694084,0.0
DMU10(D6120),60,1784024465,21.0,5.128483,102.05764,0.0
EMU31,2978,1784024465,95.0,6.143622,100.38047,0.0
SCS08,weekday_2049,1784024458,23.0,3.172493,101.6848,0.0
SCS04,2976,1784024458,75.0,6.519382,100.25615,0.0
EMU22,2916,1784024477,36.0,4.776555,100.93256,0.0
SCS25,2980,1784024442,110.0,5.813307,100.47886,0.0
SCS19,weekday_2158,1784024433,0.0,3.375638,101.613976,0.0
EMU26,2981,1784024432,101.0,6.10224,100.3673,0.0
SCS24,weekday_2048,1784024476,69.0,3.22716,101.67275,0.0
EMU33,2914,1784024475,4.0,5.169282,100.479614,0.0
EMU29,2915,1784024475,0.0,5.028753,100.527245,0.0
DMU13,56,1784024474,70.0,6.161552,102.211655,0.0
SCS22,weekday_2162,1784024514,0.0,3.186083,101.66467,0.0
DMU10(D6120),60,1784024510,32.0,5.130763,102.05617,0.0
DMU09,57,1784024512,6.0,5.527873,102.20404,0.0
SCS13,weekday_2165,1784024511,0.0,3.139155,101.69353,0.0
EMU31,2978,1784024510,97.0,6.155112,100.3797,0.0
SCS04,2976,1784024503,3.0,6.52438,100.257,0.0
SCS38,weekday_2157,1784024511,55.0,3.046535,101.473854,0.0
SCS26,2979,1784024514,0.0,5.64237,100.48991,0.0
SCS19,weekday_2158,1784024583,116.0,3.396653,101.62827,0.0
SCS08,weekday_2049,1784024623,0.0,3.165123,101.69125,0.0
SCS22,weekday_2162,1784024589,17.0,3.191567,101.65608,0.0
SCS26,2979,1784024589,62.0,5.638853,100.48934,0.0
SCS13,weekday_2165,1784024586,18.0,3.137282,101.69194,0.0
EMU28,2975,1784024621,121.0,5.533688,100.50443,0.0
SCS25,2980,1784024621,112.0,5.840375,100.47684,0.0
EMU22,2916,1784024582,90.0,4.774682,100.9233,0.0
DMU09,57,1784024587,11.0,5.526207,102.20485,0.0
EMU26,2981,1784024582,114.0,6.062748,100.38935,0.0
EMU33,2914,1784024610,116.0,5.197927,100.48349,0.0
EMU29,2915,1784024610,110.0,5.01849,100.54028,0.0
DMU13,56,1784024564,20.0,6.16317,102.20695,0.0
SCS38,weekday_2157,1784024616,0.0,3.035572,101.46996,0.0
DMU10(D6120),60,1784024615,9.0,5.136168,102.051506,0.0
EMU31,2978,1784024615,48.0,6.181168,100.376205,0.0
DMU13,56,1784024624,68.0,6.16604,102.19827,0.0
SCS25,2980,1784024621,112.0,5.840375,100.47684,0.0
EMU28,2975,1784024621,121.0,5.533688,100.50443,0.0
EMU26,2981,1784024667,112.0,6.040278,100.40205,0.0
DMU09,57,1784024662,26.0,5.521878,102.20687,0.0
DMU10(D6120),60,1784024630,7.0,5.136377,102.050995,0.0
EMU31,2978,1784024630,26.0,6.182477,100.375336,0.0
EMU28,2975,1784024741,117.0,5.497158,100.50203,0.0
SCS25,2980,1784024741,113.0,5.87617,100.4769,0.0
EMU22,2916,1784024700,90.0,4.773188,100.89602,0.0
SCS13,weekday_2165,1784024736,0.0,3.136635,101.68955,0.0
EMU31,2978,1784024735,83.0,6.189437,100.37077,0.0
EMU26,2981,1784024727,117.0,6.02449,100.41097,0.0
SCS08,weekday_2049,1784024723,41.0,3.161767,101.6921,0.0
DMU10(D6120),60,1784024720,16.0,5.13913,102.04766,0.0
SCS19,weekday_2158,1784024703,111.0,3.428005,101.628876,0.0
DMU09,57,1784024692,43.0,5.519373,102.2081,0.0
SCS38,weekday_2157,1784024691,54.0,3.033583,101.465004,0.0
SCS19,weekday_2158,1784024763,115.0,3.44328,101.63818,0.0
SCS26,2979,1784024739,115.0,5.597753,100.49323,0.0
SCS22,weekday_2162,1784024739,37.0,3.197577,101.64245,0.0
EMU22,2916,1784024745,96.0,4.77129,100.88472,0.0
DMU10(D6120),60,1784024735,26.0,5.140177,102.04714,0.0
EMU29,2915,1784024760,112.0,5.040848,100.57909,0.0
SCS25,2980,1784024850,114.0,5.907712,100.47084,0.0
EMU22,2916,1784024850,61.0,4.777533,100.86034,0.0
EMU29,2915,1784024835,116.0,5.04443,100.60116,0.0
EMU33,2914,1784024835,115.0,5.26382,100.48169,0.0
SCS04,2976,1784024818,118.0,6.600648,100.26318,0.0
DMU13,56,1784024804,73.0,6.18882,102.17389,0.0
DMU09,57,1784024827,58.0,5.49846,102.21431,0.0
SCS08,weekday_2049,1784024823,0.0,3.153817,101.69256,0.0
SCS19,weekday_2158,1784024823,79.0,3.455998,101.63952,0.0
EMU28,2975,1784024861,0.0,5.482478,100.49809,0.0
SCS26,2979,1784024859,114.0,5.561822,100.49818,0.0
DMU10(D6120),60,1784024825,0.0,5.143795,102.045456,0.0
EMU26,2981,1784024802,116.0,6.004543,100.42226,0.0
SCS38,weekday_2157,1784024856,24.0,3.042508,101.45137,0.0
SCS19,weekday_2158,1784024913,0.0,3.46779,101.63761,0.0
DMU13,56,1784024909,16.0,6.197568,102.167305,0.0
EMU28,2975,1784024906,50.0,5.479833,100.497375,0.0
SCS26,2979,1784024904,114.0,5.548453,100.500374,0.0
SCS22,weekday_2162,1784024904,41.0,3.20423,101.63566,0.0
SCS08,weekday_2049,1784024903,43.0,3.15156,101.69104,0.0
DMU09,57,1784024902,54.0,5.487477,102.217354,0.0
SCS13,weekday_2165,1784024901,0.0,3.136635,101.68955,0.0
SCS38,weekday_2157,1784024901,0.0,3.043123,101.45025,0.0
EMU31,2978,1784024900,116.0,6.236468,100.360306,0.0
DMU10(D6120),60,1784024900,16.0,5.146073,102.044815,0.0
SCS25,2980,1784024895,113.0,5.92031,100.46598,0.0
EMU29,2915,1784024895,118.0,5.04308,100.619316,0.0
EMU33,2914,1784024895,90.0,5.280728,100.47871,0.0
EMU26,2981,1784024877,113.0,5.984608,100.433525,0.0
EMU22,2916,1784024865,36.0,4.777913,100.85829,0.0
SCS04,2976,1784024863,115.0,6.61432,100.264336,0.0
SCS19,weekday_2158,1784024943,0.0,3.46779,101.63761,0.0
SCS22,weekday_2162,1784024949,39.0,3.208048,101.63115,0.0
SCS08,weekday_2049,1784024943,26.0,3.146393,101.69142,0.0
SCS38,weekday_2157,1784024931,3.0,3.043123,101.45025,0.0
DMU10(D6120),60,1784024930,10.0,5.14747,102.04462,0.0
EMU31,2978,1784024973,103.0,6.256695,100.35616,0.0
DMU09,57,1784024962,42.0,5.479335,102.2191,0.0
EMU26,2981,1784024952,0.0,5.97189,100.440735,0.0
SCS26,2979,1784024949,114.0,5.53541,100.50395,0.0
DMU09,57,1784025007,32.0,5.475663,102.22072,0.0
DMU10(D6120),60,1784025005,0.0,5.152125,102.04371,0.0
SCS26,2979,1784024994,114.0,5.522373,100.507614,0.0
SCS13,weekday_2165,1784024991,0.0,3.136635,101.68955,0.0
SCS19,weekday_2158,1784024988,67.0,3.472477,101.638435,0.0
EMU22,2916,1784024985,94.0,4.779175,100.84617,0.0
SCS04,2976,1784024983,116.0,6.641337,100.286446,0.0
SCS08,weekday_2049,1784024983,28.0,3.14412,101.693306,0.0
EMU26,2981,1784024982,0.0,5.971883,100.440735,0.0
EMU31,2978,1784025003,106.0,6.264815,100.35451,0.0
EMU29,2915,1784025009,107.0,5.040747,100.65349,0.0
SCS38,weekday_2157,1784025006,56.0,3.046213,101.44437,0.0
EMU28,2975,1784024996,120.0,5.457085,100.494415,0.0
EMU22,2916,1784025045,97.0,4.775915,100.8315,0.0
SCS04,2976,1784025043,96.0,6.650082,100.30184,0.0
EMU26,2981,1784025042,90.0,5.964922,100.44466,0.0
SCS25,2980,1784025068,90.0,5.966708,100.4436,0.0
SCS19,weekday_2158,1784025063,106.0,3.491188,101.63573,0.0
EMU28,2975,1784025056,119.0,5.438875,100.48961,0.0
DMU13,56,1784025104,14.0,6.197038,102.167244,0.0
EMU29,2915,1784025099,113.0,5.039312,100.68049,0.0
EMU31,2978,1784025093,114.0,6.290682,100.34924,0.0
SCS38,weekday_2157,1784025066,13.0,3.04485,101.4365,0.0
DMU10(D6120),60,1784025065,8.0,5.152338,102.04354,0.0
EMU28,2975,1784025146,117.0,5.414735,100.47608,0.0
DMU10(D6120),60,1784025125,34.0,5.156495,102.04141,0.0
SCS25,2980,1784025146,0.0,5.972692,100.44021,0.0
SCS26,2979,1784025144,50.0,5.48306,100.49823,0.0
EMU26,2981,1784025132,114.0,5.942098,100.457535,0.0
SCS13,weekday_2165,1784025126,18.0,3.127907,101.679565,0.0
SCS38,weekday_2157,1784025126,50.0,3.041012,101.43241,0.0
EMU33,2914,1784025125,81.0,5.30503,100.47822,0.0
EMU29,2915,1784025119,115.0,5.03936,100.68677,0.0
SCS08,weekday_2049,1784025116,0.0,3.139205,101.69367,0.0
SCS04,2976,1784025103,68.0,6.656275,100.31115,0.0
SCS22,weekday_2162,1784025103,74.0,3.207225,101.61666,0.0
DMU09,57,1784025157,55.0,5.467493,102.22457,0.0
SCS13,weekday_2165,1784025186,21.0,3.124672,101.6779,0.0
SCS08,weekday_2049,1784025216,13.0,3.135947,101.68895,0.0
SCS19,weekday_2158,1784025198,76.0,3.504405,101.63353,0.0
EMU31,2978,1784025198,109.0,6.320905,100.34002,0.0
EMU26,2981,1784025222,114.0,5.91658,100.46748,0.0
EMU28,2975,1784025221,116.0,5.392308,100.47093,0.0
SCS25,2980,1784025221,111.0,5.983618,100.434044,0.0
SCS38,weekday_2157,1784025216,75.0,3.036275,101.42731,0.0
SCS28,weekday_2050,1784025210,0.0,3.13247,101.68332,0.0
EMU22,2916,1784025210,97.0,4.779033,100.79023,0.0
SCS04,2976,1784025208,0.0,6.659507,100.316185,0.0
DMU09,57,1784025202,51.0,5.461392,102.227394,0.0
DMU10(D6120),60,1784025200,32.0,5.162077,102.03799,0.0
EMU33,2914,1784025200,97.0,5.320165,100.471466,0.0
DMU09,57,1784025232,50.0,5.456987,102.22771,0.0
SCS25,2980,1784025236,116.0,5.987552,100.43181,0.0
SCS26,2979,1784025234,43.0,5.480387,100.497505,0.0
SCS28,weekday_2050,1784025225,0.0,3.13247,101.68332,0.0
EMU29,2915,1784025224,116.0,5.02897,100.7159,0.0
SCS04,2976,1784025223,0.0,6.659507,100.316185,0.0
SCS08,weekday_2049,1784025236,0.0,3.134963,101.688,0.0
EMU28,2975,1784025236,115.0,5.387715,100.47035,0.0
SCS26,2979,1784025309,116.0,5.461043,100.495476,0.0
SCS25,2980,1784025296,114.0,6.00331,100.42289,0.0
EMU28,2975,1784025296,98.0,5.370828,100.46826,0.0
EMU31,2978,1784025303,117.0,6.345685,100.321495,0.0
SCS22,weekday_2162,1784025298,41.0,3.20469,101.58347,0.0
DMU09,57,1784025292,54.0,5.449327,102.2311,0.0
SCS38,weekday_2157,1784025321,81.0,3.029418,101.41993,0.0
EMU33,2914,1784025320,55.0,5.351002,100.46716,0.0
DMU10(D6120),60,1784025320,30.0,5.171713,102.03501,0.0
SCS19,weekday_2158,1784025333,97.0,3.534745,101.63404,0.0
SCS04,2976,1784025298,27.0,6.66084,100.31783,0.0
EMU26,2981,1784025282,116.0,5.899605,100.47401,0.0
SCS08,weekday_2049,1784025345,0.0,3.134963,101.688,0.0
EMU28,2975,1784025386,45.0,5.357075,100.46503,0.0
DMU10(D6120),60,1784025365,28.0,5.172763,102.031654,0.0
SCS38,weekday_2157,1784025366,73.0,3.022653,101.412704,0.0
SCS26,2979,1784025369,114.0,5.443592,100.490875,0.0
SCS22,weekday_2162,1784025358,0.0,3.205863,101.58103,0.0
EMU26,2981,1784025357,114.0,5.877323,100.47695,0.0
EMU31,2978,1784025348,111.0,6.356413,100.313484,0.0
SCS28,weekday_2050,1784025345,0.0,3.13247,101.68332,0.0
EMU22,2916,1784025345,95.0,4.791698,100.75789,0.0
EMU29,2915,1784025344,115.0,4.999712,100.73543,0.0
EMU23,2918,1784025339,0.0,4.597743,101.07319,0.0
EMU28,2975,1784025460,46.0,5.363305,100.45878,0.0
SCS26,2979,1784025459,114.0,5.419787,100.47861,0.0
SCS13,weekday_2165,1784025458,29.0,3.1117,101.673805,0.0
EMU31,2978,1784025458,0.0,6.370507,100.30296,0.0
SCS38,weekday_2157,1784025456,16.0,3.019337,101.40915,0.0
EMU23,2918,1784025414,26.0,4.599432,101.07407,0.0
DMU09,57,1784025412,56.0,5.434143,102.23618,0.0
SCS25,2980,1784025461,111.0,6.046288,100.39862,0.0
SCS28,weekday_2050,1784025450,12.0,3.13852,101.69319,0.0
DMU10(D6120),60,1784025455,32.0,5.172533,102.02236,0.0
EMU33,2914,1784025455,0.0,5.358837,100.462265,0.0
SCS04,2976,1784025448,0.0,6.662728,100.32018,0.0
SCS08,weekday_2049,1784025424,0.0,3.134963,101.688,0.0
EMU33,2914,1784025500,0.0,5.358837,100.462265,0.0
DMU10(D6120),60,1784025500,26.0,5.170497,102.01936,0.0
SCS26,2979,1784025519,117.0,5.402693,100.47227,0.0
EMU29,2915,1784025479,117.0,4.959405,100.72585,0.0
EMU28,2975,1784025505,4.0,5.365102,100.455414,0.0
SCS19,weekday_2158,1784025453,0.0,3.552618,101.639534,0.0
EMU26,2981,1784025462,114.0,5.845515,100.476875,0.0
EMU23,2918,1784025534,97.0,4.610307,101.08426,0.0
EMU31,2978,1784025533,90.0,6.378307,100.297134,0.0
SCS28,weekday_2050,1784025495,0.0,3.138953,101.693306,0.0
SCS25,2980,1784025476,109.0,6.050062,100.396484,0.0
SCS22,weekday_2162,1784025463,64.0,3.209535,101.574905,0.0
SCS22,weekday_2162,1784025523,108.0,3.220727,101.56519,0.0
EMU28,2975,1784025520,0.0,5.365133,100.45529,0.0
SCS28,weekday_2050,1784025570,0.0,3.138953,101.693306,0.0
SCS26,2979,1784025519,117.0,5.402693,100.47227,0.0
EMU29,2915,1784025557,113.0,4.936402,100.71974,0.0
SCS25,2980,1784025581,114.0,6.077403,100.381035,0.0
EMU26,2981,1784025574,0.0,5.824288,100.47799,0.0
EMU33,2914,1784025605,19.0,5.35971,100.461586,0.0
EMU26,2981,1784025604,9.0,5.824148,100.47801,0.0
EMU28,2975,1784025595,19.0,5.366137,100.44865,0.0
EMU22,2916,1784025592,97.0,4.844087,100.728455,0.0
SCS28,weekday_2050,1784025630,0.0,3.138953,101.693306,0.0
SCS04,2985,1784025613,47.0,6.655012,100.30937,0.0
SCS08,weekday_2049,1784025598,46.0,3.123665,101.67804,0.0
SCS25,2980,1784025596,114.0,6.08144,100.37899,0.0
SCS26,2979,1784025609,100.0,5.376898,100.469025,0.0
SCS13,weekday_2165,1784025608,0.0,3.094993,101.66982,0.0
SCS38,weekday_2157,1784025606,0.0,3.013092,101.402405,0.0
DMU10(D6120),60,1784025605,25.0,5.172797,102.011024,0.0
SCS27,weekday_2166,1784025588,0.0,3.134737,101.68831,0.0
SCS19,weekday_2158,1784025588,104.0,3.566795,101.62108,0.0
EMU29,2915,1784025587,116.0,4.927723,100.717445,0.0
EMU33,2914,1784025680,20.0,5.364963,100.45588,0.0
EMU26,2981,1784025679,101.0,5.809908,100.47947,0.0
EMU29,2915,1784025677,77.0,4.902847,100.718704,0.0
SCS04,2985,1784025673,113.0,6.64911,100.298584,0.0
SCS25,2980,1784025671,106.0,6.100533,100.36819,0.0
SCS08,weekday_2049,1784025658,13.0,3.118595,101.67886,0.0
EMU28,2975,1784025685,32.0,5.366288,100.447205,0.0
EMU23,2918,1784025684,120.0,4.640313,101.1112,0.0
SCS26,2979,1784025684,36.0,5.363628,100.46735,0.0
SCS13,weekday_2165,1784025683,31.0,3.088155,101.668945,0.0
EMU22,2916,1784025682,0.0,4.853012,100.732216,0.0
DMU09,57,1784025682,9.0,5.40774,102.231155,0.0
SCS38,weekday_2157,1784025681,25.0,3.010688,101.39989,0.0
DMU10(D6120),60,1784025680,0.0,5.173827,102.00995,0.0
EMU33,2914,1784025725,0.0,5.36517,100.45514,0.0
SCS19,weekday_2158,1784025723,92.0,3.597137,101.60283,0.0
SCS08,weekday_2049,1784025718,0.0,3.117975,101.67896,0.0
SCS25,2980,1784025716,69.0,6.1112,100.368774,0.0
EMU28,2975,1784025760,87.0,5.36364,100.433945,0.0
EMU23,2918,1784025759,121.0,4.658432,101.12458,0.0
EMU22,2916,1784025712,46.0,4.85418,100.73326,0.0
SCS28,weekday_2050,1784025735,17.0,3.144365,101.69289,0.0
EMU31,2978,1784025728,85.0,6.426523,100.27014,0.0
SCS13,weekday_2165,1784025728,49.0,3.086807,101.6655,0.0
SCS27,weekday_2166,1784025738,0.0,3.134737,101.68831,0.0
DMU09,57,1784025727,37.0,5.404997,102.23104,0.0
EMU26,2981,1784025724,112.0,5.7975,100.48257,0.0
SCS38,weekday_2157,1784025726,25.0,3.00843,101.397446,0.0
DMU10(D6120),60,1784025725,3.0,5.173968,102.00986,0.0
SCS26,2979,1784025714,13.0,5.361785,100.46712,0.0
DMU10(D6120),60,1784025800,24.0,5.178068,102.00964,0.0
EMU33,2914,1784025800,45.0,5.365895,100.45046,0.0
EMU26,2981,1784025784,112.0,5.78101,100.48991,0.0
SCS22,weekday_2162,1784025778,12.0,3.257083,101.55458,0.0
SCS19,weekday_2158,1784025768,107.0,3.6013,101.592285,0.0
EMU29,2915,1784025767,0.0,4.896233,100.719376,0.0
SCS04,2985,1784025763,116.0,6.633308,100.27586,0.0
EMU28,2975,1784025760,87.0,5.36364,100.433945,0.0
SCS26,2979,1784025804,0.0,5.359218,100.46682,0.0
SCS13,weekday_2165,1784025803,0.0,3.086152,101.66386,0.0
DMU09,57,1784025802,24.0,5.39598,102.232086,0.0
EMU23,2918,1784025759,121.0,4.658432,101.12458,0.0
EMU22,2916,1784025802,96.0,4.872,100.724915,0.0
SCS38,weekday_2157,1784025801,29.0,3.004577,101.39333,0.0
SCS25,2980,1784025865,110.0,6.123955,100.37457,0.0
EMU28,2975,1784025865,0.0,5.364358,100.42176,0.0
EMU29,2915,1784025872,104.0,4.878008,100.72247,0.0
SCS19,weekday_2158,1784025933,114.0,3.637623,101.5595,0.0
SCS27,weekday_2166,1784025933,0.0,3.140065,101.6938,0.0
SCS26,2979,1784025939,0.0,5.359218,100.46682,0.0
SCS08,weekday_2049,1784025938,1.0,3.11317,101.68213,0.0
EMU31,2978,1784025938,114.0,6.455395,100.26022,0.0
SCS13,weekday_2165,1784025938,0.0,3.083327,101.65589,0.0
DMU09,57,1784025937,0.0,5.391495,102.23196,0.0
EMU22,2916,1784025937,0.0,4.896258,100.7193,0.0
SCS38,weekday_2157,1784025936,5.0,2.999645,101.39131,0.0
EMU23,2918,1784025926,119.0,4.702805,101.1347,0.0
EMU28,2975,1784025925,87.0,5.36683,100.41536,0.0
SCS25,2980,1784025925,114.0,6.1409,100.38066,0.0
DMU10(D6120),60,1784025935,52.0,5.19285,102.012695,0.0
EMU33,2914,1784025935,62.0,5.36701,100.44297,0.0
SCS28,weekday_2050,1784025900,73.0,3.156662,101.69366,0.0
SCS04,2985,1784025883,115.0,6.601088,100.26324,0.0
SCS22,weekday_2162,1784025883,34.0,3.259243,101.555084,0.0
SCS04,2985,1784025958,118.0,6.578217,100.26152,0.0
EMU33,2914,1784025980,80.0,5.3637,100.43418,0.0
DMU10(D6120),60,1784025980,41.0,5.19885,102.014206,0.0
SCS22,weekday_2162,1784025958,68.0,3.272072,101.56065,0.0
EMU26,2981,1784025949,112.0,5.735182,100.50913,0.0
EMU23,2918,1784026001,49.0,4.715992,101.12285,0.0
SCS38,weekday_2157,1784025936,5.0,2.999645,101.39131,0.0
EMU28,2975,1784026000,91.0,5.374153,100.39862,0.0
SCS26,2979,1784025984,0.0,5.359218,100.46682,0.0
EMU31,2978,1784025983,115.0,6.468228,100.2558,0.0
SCS13,weekday_2165,1784025983,3.0,3.083298,101.655846,0.0
SCS25,2980,1784025985,113.0,6.15881,100.37943,0.0
EMU22,2916,1784025997,71.0,4.899728,100.71893,0.0
SCS28,weekday_2050,1784025960,4.0,3.165013,101.691284,0.0
SCS08,weekday_2049,1784026038,62.0,3.109627,101.69128,0.0
SCS26,2979,1784026029,0.0,5.359218,100.46682,0.0
EMU26,2981,1784026039,115.0,5.709935,100.51221,0.0
SCS13,weekday_2165,1784026028,84.0,3.08197,101.65029,0.0
EMU31,2978,1784026028,117.0,6.48153,100.25366,0.0
DMU10(D6120),60,1784026025,53.0,5.20425,102.013016,0.0
EMU33,2914,1784026025,12.0,5.36226,100.42826,0.0
SCS19,weekday_2158,1784026023,107.0,3.656627,101.541115,0.0
EMU29,2915,1784026022,0.0,4.853278,100.73245,0.0
SCS28,weekday_2050,1784026020,24.0,3.165822,101.690414,0.0
SCS04,2985,1784026018,119.0,6.559703,100.259445,0.0
SCS22,weekday_2162,1784026003,64.0,3.278965,101.56439,0.0
EMU23,2918,1784026046,57.0,4.722213,101.12227,0.0
EMU28,2975,1784026045,89.0,5.379252,100.389015,0.0
SCS25,2980,1784026044,101.0,6.176508,100.37806,0.0
DMU09,57,1784026042,28.0,5.385925,102.232216,0.0
EMU22,2916,1784026042,69.0,4.908398,100.717995,0.0
SCS08,weekday_2049,1784026118,31.0,3.101658,101.70113,0.0
DMU10(D6120),60,1784026115,43.0,5.21576,102.01249,0.0
EMU33,2914,1784026115,33.0,5.363168,100.42477,0.0
EMU26,2981,1784026114,114.0,5.689082,100.50364,0.0
SCS19,weekday_2158,1784026113,51.0,3.674958,101.52797,0.0
SCS27,weekday_2166,1784026113,20.0,3.142928,101.6938,0.0
EMU29,2915,1784026112,103.0,4.8428,100.72832,0.0
SCS28,weekday_2050,1784026080,22.0,3.167332,101.68829,0.0
DMU09,57,1784026162,35.0,5.374155,102.231476,0.0
EMU31,2978,1784026162,71.0,6.518893,100.25605,0.0
SCS19,weekday_2158,1784026128,44.0,3.6765,101.526855,0.0
EMU29,2915,1784026127,106.0,4.838652,100.72778,0.0
SCS13,weekday_2165,1784026193,0.0,3.084655,101.63141,0.0
EMU22,2916,1784026192,97.0,4.942458,100.72129,0.0
SCS25,2980,1784026190,101.0,6.190575,100.37013,0.0
EMU33,2914,1784026190,10.0,5.364377,100.42168,0.0
DMU10(D6120),60,1784026190,46.0,5.226048,102.010925,0.0
SCS08,weekday_2049,1784026178,30.0,3.098398,101.705246,0.0
SCS27,weekday_2166,1784026158,21.0,3.14557,101.69196,0.0
EMU26,2981,1784026174,113.0,5.673253,100.495224,0.0
SCS28,weekday_2050,1784026140,19.0,3.169903,101.685455,0.0
SCS22,weekday_2162,1784026123,88.0,3.300608,101.574745,0.0
SCS26,2979,1784026164,42.0,5.358948,100.462364,0.0
SCS04,2985,1784026168,0.0,6.524307,100.257034,0.0
EMU23,2918,1784026151,0.0,4.73443,101.12173,0.0
EMU28,2975,1784026165,10.0,5.386988,100.37413,0.0
DMU10(D6120),60,1784026205,46.0,5.227928,102.01069,0.0
EMU33,2914,1784026205,40.0,5.364842,100.42045,0.0
EMU23,2918,1784026211,68.0,4.739863,101.12159,0.0
SCS26,2979,1784026209,49.0,5.36315,100.45904,0.0
EMU22,2916,1784026207,98.0,4.946463,100.72236,0.0
DMU09,57,1784026207,10.0,5.371875,102.22942,0.0
SCS27,weekday_2166,1784026173,27.0,3.146352,101.691376,0.0
SCS19,weekday_2158,1784026173,43.0,3.680252,101.52297,0.0
EMU29,2915,1784026241,0.0,4.80915,100.74176,0.0
SCS13,weekday_2165,1784026208,0.0,3.084655,101.63141,0.0
EMU26,2981,1784026240,97.0,5.6551,100.49214,0.0
EMU28,2975,1784026240,20.0,5.389078,100.37147,0.0
SCS22,weekday_2162,1784026213,37.0,3.314963,101.57487,0.0
DMU09,57,1784026267,50.0,5.368227,102.226494,0.0
SCS26,2979,1784026269,39.0,5.366253,100.44816,0.0
SCS13,weekday_2165,1784026268,69.0,3.085122,101.62822,0.0
EMU31,2978,1784026267,45.0,6.525225,100.25712,0.0
SCS08,weekday_2049,1784026258,0.0,3.09783,101.70597,0.0
EMU23,2918,1784026256,92.0,4.749552,101.12048,0.0
EMU26,2981,1784026255,92.0,5.65134,100.49149,0.0
EMU28,2975,1784026255,23.0,5.38983,100.37078,0.0
SCS19,weekday_2158,1784026248,0.0,3.683817,101.51895,0.0
EMU29,2915,1784026247,102.0,4.807363,100.74244,0.0
SCS04,2985,1784026288,116.0,6.505908,100.25388,0.0
SCS22,weekday_2162,1784026288,0.0,3.319073,101.57481,0.0
SCS26,2979,1784026374,62.0,5.366917,100.44377,0.0
EMU23,2918,1784026316,116.0,4.765785,101.113525,0.0
SCS13,weekday_2165,1784026373,0.0,3.084557,101.62128,0.0
DMU09,57,1784026372,51.0,5.352758,102.22408,0.0
EMU31,2978,1784026372,113.0,6.549858,100.25981,0.0
EMU26,2981,1784026315,5.0,5.64279,100.49001,0.0
DMU10(D6120),60,1784026370,25.0,5.247668,102.009514,0.0
EMU22,2916,1784026370,99.0,4.985517,100.73351,0.0
EMU33,2914,1784026370,85.0,5.379137,100.389244,0.0
EMU28,2975,1784026330,6.0,5.39266,100.36713,0.0
SCS25,2980,1784026328,114.0,6.23089,100.36146,0.0
SCS27,weekday_2166,1784026338,63.0,3.162952,101.69197,0.0
SCS22,weekday_2162,1784026423,42.0,3.326742,101.56998,0.0
EMU23,2918,1784026421,121.0,4.791397,101.094734,0.0
EMU31,2978,1784026357,107.0,6.5455,100.259995,0.0
EMU22,2916,1784026385,95.0,4.989335,100.73403,0.0
SCS04,2985,1784026378,116.0,6.478645,100.25373,0.0
EMU26,2981,1784026405,67.0,5.638742,100.48933,0.0
SCS26,2979,1784026389,84.0,5.366742,100.44077,0.0
SCS25,2980,1784026388,110.0,6.248308,100.35792,0.0
SCS13,weekday_2165,1784026388,0.0,3.084557,101.62128,0.0
DMU10(D6120),60,1784026400,0.0,5.248853,102.00967,0.0
DMU09,57,1784026387,48.0,5.350828,102.22334,0.0
SCS27,weekday_2166,1784026368,12.0,3.165835,101.690575,0.0
DMU10(D6120),60,1784026460,12.0,5.249383,102.00968,0.0
EMU33,2914,1784026460,0.0,5.38455,100.37902,0.0
EMU22,2916,1784026460,96.0,5.00832,100.733406,0.0
SCS27,weekday_2166,1784026413,0.0,3.166035,101.69032,0.0
SCS13,weekday_2165,1784026463,26.0,3.08373,101.61465,0.0
EMU28,2984,1784026450,0.0,5.392742,100.36706,0.0
SCS28,weekday_2050,1784026442,55.0,3.195695,101.68337,0.0
SCS26,2979,1784026479,24.0,5.364295,100.42209,0.0
EMU31,2978,1784026417,111.0,6.56336,100.259254,0.0
SCS25,2980,1784026478,114.0,6.274692,100.352516,0.0
SCS04,2985,1784026453,116.0,6.45671,100.2598,0.0
SCS08,weekday_2049,1784026442,49.0,3.086642,101.71146,0.0
EMU29,2915,1784026412,116.0,4.781622,100.78215,0.0
DMU09,57,1784026462,49.0,5.341622,102.22061,0.0
EMU23,2918,1784026451,116.0,4.799443,101.089935,0.0
EMU26,2981,1784026510,116.0,5.611873,100.49642,0.0
SCS25,2980,1784026508,114.0,6.28349,100.35073,0.0
EMU31,2978,1784026507,115.0,6.589597,100.26288,0.0
EMU22,2916,1784026535,100.0,5.023647,100.721596,0.0
DMU10(D6120),60,1784026535,39.0,5.2566,102.01028,0.0
SCS26,2979,1784026494,0.0,5.364385,100.42182,0.0
SCS08,weekday_2049,1784026487,55.0,3.082442,101.71582,0.0
SCS27,weekday_2166,1784026533,62.0,3.178045,101.67884,0.0
SCS28,weekday_2050,1784026532,37.0,3.19854,101.6809,0.0
EMU23,2918,1784026511,100.0,4.812303,101.07836,0.0
SCS22,weekday_2162,1784026498,89.0,3.339767,101.57264,0.0
SCS04,2985,1784026483,116.0,6.44802,100.26282,0.0
EMU26,2981,1784026540,113.0,5.602915,100.49439,0.0
EMU22,2916,1784026610,97.0,5.03527,100.706436,0.0
DMU10(D6120),60,1784026610,55.0,5.266115,102.0096,0.0
EMU33,2914,1784026610,0.0,5.387393,100.37328,0.0
SCS27,weekday_2166,1784026608,43.0,3.185952,101.66487,0.0
SCS08,weekday_2049,1784026587,0.0,3.075888,101.71074,0.0
SCS22,weekday_2162,1784026543,101.0,3.351882,101.572,0.0
SCS04,2985,1784026543,42.0,6.433562,100.26779,0.0
SCS28,weekday_2050,1784026547,43.0,3.199975,101.67972,0.0
SCS26,2979,1784026584,57.0,5.365502,100.41885,0.0
SCS25,2980,1784026583,114.0,6.305517,100.346245,0.0
SCS13,weekday_2165,1784026583,30.0,3.08299,101.60866,0.0
DMU09,57,1784026582,44.0,5.333933,102.20763,0.0
EMU23,2918,1784026586,0.0,4.818758,101.070946,0.0
EMU28,2984,1784026585,11.0,5.391752,100.36844,0.0
EMU29,2915,1784026655,76.0,4.779423,100.85009,0.0
EMU33,2914,1784026655,0.0,5.387393,100.37328,0.0
EMU22,2916,1784026655,96.0,5.038773,100.695335,0.0
DMU10(D6120),60,1784026655,49.0,5.272878,102.00865,0.0
EMU28,2984,1784026645,20.0,5.390317,100.3703,0.0
SCS25,2980,1784026628,114.0,6.318177,100.34206,0.0
SCS26,2979,1784026659,99.0,5.37252,100.40185,0.0
SCS13,weekday_2165,1784026658,54.0,3.082835,101.601135,0.0
SCS22,weekday_2162,1784026648,113.0,3.363555,101.589294,0.0
SCS08,weekday_2049,1784026647,0.0,3.075888,101.71074,0.0
EMU23,2918,1784026646,78.0,4.821275,101.06702,0.0
EMU26,2981,1784026645,115.0,5.571387,100.49662,0.0
EMU31,2978,1784026657,105.0,6.63078,100.27235,0.0
DMU09,57,1784026657,0.0,5.329982,102.20323,0.0
SCS08,weekday_2049,1784026685,26.0,3.075387,101.710335,0.0
EMU22,2916,1784026685,96.0,5.039317,100.687775,0.0
EMU33,2914,1784026685,0.0,5.387393,100.37328,0.0
EMU29,2915,1784026685,50.0,4.778537,100.85515,0.0
DMU10(D6120),60,1784026685,47.0,5.276738,102.007416,0.0
SCS04,2985,1784026708,116.0,6.408353,100.27648,0.0
SCS22,weekday_2162,1784026708,114.0,3.368827,101.60657,0.0
EMU31,2978,1784026687,108.0,6.635807,100.27911,0.0
EMU28,2984,1784026720,31.0,5.387043,100.37406,0.0
EMU23,2918,1784026676,106.0,4.824445,101.0603,0.0
SCS28,weekday_2050,1784026652,23.0,3.205007,101.67537,0.0
SCS26,2979,1784026689,99.0,5.376197,100.394936,0.0
SCS13,weekday_2165,1784026688,55.0,3.083467,101.59688,0.0
SCS25,2980,1784026688,114.0,6.332588,100.33129,0.0
DMU09,57,1784026687,0.0,5.329982,102.20323,0.0
EMU33,2914,1784026790,19.0,5.38888,100.371635,0.0
EMU22,2916,1784026790,95.0,5.039103,100.66087,0.0
EMU29,2915,1784026790,49.0,4.777842,100.85879,0.0
SCS25,2980,1784026788,113.0,6.356832,100.3132,0.0
SCS04,2985,1784026753,116.0,6.396662,100.283516,0.0
SCS22,weekday_2162,1784026753,16.0,3.37546,101.61381,0.0
EMU26,2981,1784026765,114.0,5.535698,100.503876,0.0
SCS08,weekday_2049,1784026725,69.0,3.07006,101.7086,0.0
EMU28,2984,1784026735,29.0,5.386493,100.375275,0.0
SCS13,weekday_2165,1784026718,17.0,3.084133,101.59372,0.0
SCS27,weekday_2166,1784026713,66.0,3.189025,101.66073,0.0
SCS26,2979,1784026794,12.0,5.384615,100.37903,0.0
DMU09,57,1784026792,20.0,5.326183,102.19812,0.0
EMU31,2978,1784026792,80.0,6.650105,100.30182,0.0
DMU10(D6120),60,1784026790,32.0,5.288117,102.00548,0.0
EMU29,2915,1784026835,104.0,4.774867,100.8681,0.0
SCS27,weekday_2166,1784026833,47.0,3.192898,101.6531,0.0
SCS28,weekday_2050,1784026832,64.0,3.224432,101.67257,0.0
SCS04,2985,1784026828,116.0,6.37827,100.29725,0.0
SCS22,weekday_2162,1784026828,62.0,3.377007,101.61532,0.0
SCS08,weekday_2049,1784026827,88.0,3.044783,101.707664,0.0
EMU23,2918,1784026816,116.0,4.832658,101.02173,0.0
EMU26,2981,1784026825,115.0,5.51804,100.50761,0.0
EMU28,2984,1784026840,79.0,5.382838,100.382355,0.0
DMU10(D6120),60,1784026835,11.0,5.290743,102.006256,0.0
EMU33,2914,1784026835,19.0,5.390993,100.369606,0.0
EMU22,2916,1784026835,98.0,5.041582,100.64966,0.0
SCS08,weekday_2049,1784026887,77.0,3.031725,101.70935,0.0
EMU26,2981,1784026885,113.0,5.500518,100.502884,0.0
EMU28,2984,1784026885,91.0,5.377757,100.39192,0.0
SCS26,2979,1784026884,16.0,5.38745,100.3733,0.0
SCS13,weekday_2165,1784026884,0.0,3.084587,101.588326,0.0
EMU31,2978,1784026882,30.0,6.658768,100.31503,0.0
DMU09,57,1784026882,12.0,5.327108,102.19318,0.0
DMU10(D6120),60,1784026880,24.0,5.291262,102.00898,0.0
EMU29,2915,1784026880,116.0,4.771232,100.881226,0.0
EMU33,2914,1784026880,15.0,5.392532,100.36748,0.0
SCS27,weekday_2166,1784026878,70.0,3.196552,101.64477,0.0
SCS28,weekday_2050,1784026877,22.0,3.230362,101.67424,0.0
SCS22,weekday_2162,1784026858,104.0,3.381962,101.620316,0.0
SCS04,2985,1784026858,49.0,6.37265,100.30147,0.0
SCS08,weekday_2049,1784026947,20.0,3.027082,101.713875,0.0
EMU26,2981,1784026959,46.0,5.48292,100.49819,0.0
EMU23,2918,1784026966,116.0,4.842817,100.98014,0.0
SCS13,weekday_2165,1784026959,15.0,3.084583,101.58579,0.0
SCS04,2985,1784026933,43.0,6.37023,100.30327,0.0
SCS22,weekday_2162,1784026933,113.0,3.401765,101.62777,0.0
EMU33,2914,1784026895,6.0,5.39301,100.36685,0.0
SCS25,2980,1784026893,0.0,6.371325,100.302345,0.0
SCS27,weekday_2166,1784026893,41.0,3.197448,101.64269,0.0
SCS28,weekday_2050,1784026892,29.0,3.231062,101.67504,0.0
SCS26,2979,1784026974,21.0,5.390375,100.37032,0.0
DMU10(D6120),60,1784026970,15.0,5.289873,102.01491,0.0
EMU29,2915,1784026970,97.0,4.777225,100.90549,0.0
EMU28,2984,1784026960,92.0,5.369568,100.408394,0.0
EMU28,2984,1784027020,46.0,5.365043,100.42011,0.0
EMU26,2981,1784027019,10.0,5.48178,100.49789,0.0
EMU22,2916,1784027014,97.0,5.043748,100.60998,0.0
SCS27,weekday_2166,1784027013,0.0,3.2032,101.63675,0.0
SCS25,2980,1784027013,115.0,6.390837,100.28781,0.0
SCS22,weekday_2162,1784026993,100.0,3.41806,101.62509,0.0
SCS28,weekday_2050,1784027012,0.0,3.237138,101.68119,0.0
SCS04,2985,1784026993,116.0,6.358217,100.312256,0.0
DMU10(D6120),60,1784027045,24.0,5.293213,102.018425,0.0
EMU28,2984,1784027035,18.0,5.364472,100.42155,0.0
EMU26,2981,1784027034,36.0,5.48067,100.49759,0.0
SCS22,weekday_2162,1784027023,100.0,3.425333,101.62674,0.0
SCS04,2985,1784027068,116.0,6.339922,100.32592,0.0
EMU29,2915,1784027068,53.0,4.774748,100.92868,0.0
SCS27,weekday_2166,1784027058,34.0,3.205107,101.63493,0.0
EMU22,2916,1784027044,96.0,5.044318,100.602356,0.0
SCS28,weekday_2050,1784027027,0.0,3.237138,101.68119,0.0
EMU23,2918,1784027026,112.0,4.837538,100.96352,0.0
SCS25,2980,1784027058,114.0,6.401638,100.27974,0.0
SCS13,weekday_2165,1784027049,24.0,3.082047,101.58066,0.0
SCS08,weekday_2049,1784027047,0.0,3.022807,101.71613,0.0
EMU26,2981,1784027079,97.0,5.471992,100.49593,0.0
SCS25,2980,1784027118,113.0,6.418232,100.27301,0.0
SCS04,2985,1784027128,117.0,6.325217,100.33692,0.0
EMU22,2916,1784027074,94.0,5.044883,100.59475,0.0
SCS08,weekday_2049,1784027127,0.0,3.022807,101.71613,0.0
EMU23,2918,1784027086,121.0,4.824897,100.95164,0.0
EMU28,2984,1784027125,0.0,5.364362,100.42182,0.0
SCS13,weekday_2165,1784027079,22.0,3.081803,101.5787,0.0
SCS28,weekday_2050,1784027117,0.0,3.237138,101.68119,0.0
EMU31,2987,1784027137,0.0,6.662407,100.319695,0.0
DMU10(D6120),60,1784027135,21.0,5.299265,102.01978,0.0
EMU29,2915,1784027083,28.0,4.77544,100.93019,0.0
SCS26,2986,1784027079,0.0,5.393193,100.36657,0.0
EMU28,2984,1784027200,94.0,5.362262,100.429665,0.0
EMU22,2916,1784027194,96.0,5.032965,100.56736,0.0
SCS04,2985,1784027158,116.0,6.317863,100.342415,0.0
SCS25,2980,1784027193,2.0,6.432573,100.268074,0.0
SCS27,weekday_2166,1784027175,0.0,3.208798,101.62773,0.0
EMU23,2918,1784027161,120.0,4.804293,100.944885,0.0
EMU26,2981,1784027169,114.0,5.445925,100.49148,0.0
SCS26,2986,1784027169,0.0,5.393193,100.36657,0.0
SCS08,weekday_2049,1784027167,0.0,3.022807,101.71613,0.0
SCS04,2985,1784027218,116.0,6.300328,100.34738,0.0
SCS22,weekday_2162,1784027218,18.0,3.467328,101.63755,0.0
SCS13,weekday_2165,1784027244,17.0,3.076403,101.56633,0.0
EMU26,2981,1784027199,116.0,5.437073,100.489136,0.0
SCS26,2986,1784027244,0.0,5.393193,100.36657,0.0
EMU31,2987,1784027242,19.0,6.659773,100.31657,0.0
EMU29,2915,1784027218,84.0,4.781768,100.93519,0.0
EMU23,2918,1784027206,111.0,4.793497,100.93678,0.0
SCS27,weekday_2166,1784027205,29.0,3.208715,101.62687,0.0
SCS13,weekday_2165,1784027289,24.0,3.076898,101.56336,0.0
SCS26,2986,1784027289,0.0,5.393193,100.36657,0.0
EMU29,2915,1784027308,115.0,4.804513,100.94509,0.0
EMU28,2984,1784027305,0.0,5.366305,100.44787,0.0
EMU23,2918,1784027296,0.0,4.776203,100.931885,0.0
SCS25,2980,1784027268,45.0,6.434395,100.267426,0.0
DMU10(D6120),60,1784027315,0.0,5.300323,102.02025,0.0
EMU22,2916,1784027314,92.0,5.018388,100.541016,0.0
SCS08,weekday_2049,1784027267,0.0,3.022807,101.71613,0.0
SCS27,weekday_2166,1784027370,82.0,3.200413,101.59551,0.0
SCS22,weekday_2162,1784027353,115.0,3.481653,101.639595,0.0
SCS26,2986,1784027349,11.0,5.39303,100.366745,0.0
SCS13,weekday_2165,1784027349,9.0,3.075695,101.559105,0.0
SCS08,weekday_2049,1784027347,0.0,3.022807,101.71613,0.0
SCS04,2985,1784027353,116.0,6.259863,100.35564,0.0
EMU29,2915,1784027353,118.0,4.816053,100.95159,0.0
EMU28,2984,1784027350,0.0,5.366207,100.44784,0.0
EMU26,2981,1784027349,115.0,5.39576,100.47139,0.0
SCS25,2980,1784027343,116.0,6.452693,100.26113,0.0
EMU23,2918,1784027341,0.0,4.776197,100.93187,0.0
SCS25,2980,1784027373,114.0,6.461235,100.2582,0.0
SCS26,2986,1784027409,20.0,5.391198,100.36941,0.0
SCS08,weekday_2049,1784027407,0.0,3.022807,101.71613,0.0
DMU10(D6120),60,1784027405,0.0,5.300323,102.02025,0.0
EMU28,2984,1784027410,32.0,5.366048,100.44965,0.0
EMU26,2981,1784027409,113.0,5.377785,100.46912,0.0
EMU29,2915,1784027398,109.0,4.829235,100.952614,0.0
SCS27,weekday_2166,1784027430,34.0,3.20288,101.58673,0.0
EMU23,2918,1784027416,99.0,4.775025,100.92042,0.0
SCS22,weekday_2162,1784027398,102.0,3.494217,101.63506,0.0
SCS04,2985,1784027398,116.0,6.246367,100.3584,0.0
SCS13,weekday_2165,1784027379,0.0,3.075648,101.558975,0.0
DMU09,57,1784027377,37.0,5.311663,102.16315,0.0
EMU22,2916,1784027494,77.0,5.0327,100.5251,0.0
EMU28,2984,1784027485,42.0,5.362438,100.45968,0.0
SCS25,2980,1784027493,114.0,6.49643,100.2534,0.0
SCS04,2985,1784027488,117.0,6.219687,100.36385,0.0
EMU29,2915,1784027488,118.0,4.841745,100.97626,0.0
SCS13,weekday_2165,1784027469,96.0,3.069983,101.55078,0.0
EMU31,2987,1784027467,117.0,6.635922,100.27935,0.0
SCS22,weekday_2162,1784027488,0.0,3.499605,101.63424,0.0
DMU09,57,1784027467,0.0,5.308015,102.156975,0.0
SCS26,2986,1784027484,23.0,5.387957,100.37273,0.0
SCS27,weekday_2166,1784027445,33.0,3.203597,101.58546,0.0
DMU10(D6120),60,1784027480,0.0,5.300323,102.02025,0.0
EMU26,2981,1784027454,73.0,5.366052,100.46767,0.0
EMU33,2919,1784027465,0.0,5.393078,100.36681,0.0
SCS08,weekday_2049,1784027487,0.0,3.022807,101.71613,0.0
SCS25,2980,1784027523,114.0,6.505388,100.25373,0.0
EMU29,2915,1784027503,115.0,4.842997,100.980644,0.0
SCS13,weekday_2165,1784027499,92.0,3.06407,101.54651,0.0
EMU28,2984,1784027547,40.0,5.35709,100.464745,0.0
EMU26,2981,1784027547,0.0,5.358385,100.46276,0.0
SCS25,2980,1784027583,71.0,6.520988,100.25643,0.0
SCS08,weekday_2049,1784027587,0.0,3.022807,101.71613,0.0
EMU23,2918,1784027611,98.0,4.774355,100.868965,0.0
SCS27,weekday_2166,1784027610,42.0,3.207113,101.57728,0.0
SCS04,2985,1784027608,62.0,6.18603,100.37307,0.0
SCS22,weekday_2162,1784027608,92.0,3.51381,101.63067,0.0
EMU26,2981,1784027573,47.0,5.361085,100.46067,0.0
EMU28,2984,1784027607,80.0,5.364698,100.46744,0.0
EMU29,2915,1784027563,116.0,4.845137,100.99863,0.0
EMU22,2916,1784027584,98.0,5.052915,100.51441,0.0
EMU28,2984,1784027682,117.0,5.385767,100.4701,0.0
SCS13,weekday_2165,1784027664,19.0,3.056607,101.52407,0.0
EMU33,2919,1784027675,17.0,5.390505,100.370186,0.0
DMU10(D6120),60,1784027675,26.0,5.307807,102.021904,0.0
EMU29,2915,1784027653,116.0,4.832382,101.022095,0.0
DMU09,57,1784027647,23.0,5.313172,102.14211,0.0
SCS26,2986,1784027634,97.0,5.374075,100.399,0.0
EMU31,2987,1784027632,110.0,6.600207,100.26323,0.0
SCS22,weekday_2162,1784027683,98.0,3.531792,101.63238,0.0
SCS08,weekday_2049,1784027647,0.0,3.022807,101.71613,0.0
EMU26,2981,1784027678,0.0,5.3663,100.44765,0.0
SCS22,weekday_2162,1784027713,99.0,3.538882,101.63521,0.0
SCS04,2985,1784027713,91.0,6.178995,100.377396,0.0
EMU29,2915,1784027713,117.0,4.822988,101.03694,0.0
EMU28,2984,1784027712,118.0,5.394998,100.47123,0.0
SCS13,weekday_2165,1784027709,81.0,3.054157,101.51724,0.0
SCS26,2986,1784027709,78.0,5.3667,100.415955,0.0
SCS28,weekday_2057,1784027702,0.0,3.237138,101.68119,0.0
EMU31,2987,1784027737,121.0,6.568247,100.25909,0.0
EMU33,2919,1784027705,27.0,5.388835,100.37173,0.0
SCS27,weekday_2166,1784027700,110.0,3.22091,101.565056,0.0
SCS08,weekday_2049,1784027687,0.0,3.022807,101.71613,0.0
DMU09,57,1784027722,8.0,5.314902,102.14031,0.0
EMU23,2918,1784027716,0.0,4.778113,100.857185,0.0
EMU22,2916,1784027704,99.0,5.080557,100.49979,0.0
SCS25,2980,1784027703,93.0,6.530837,100.25812,0.0
EMU31,2987,1784027752,120.0,6.563515,100.259285,0.0
DMU10(D6120),60,1784027750,42.0,5.314867,102.020485,0.0
EMU28,2984,1784027757,112.0,5.408435,100.47371,0.0
EMU23,2918,1784027791,100.0,4.779295,100.847,0.0
SCS27,weekday_2166,1784027790,83.0,3.242678,101.56048,0.0
SCS28,weekday_2057,1784027762,47.0,3.23447,101.67964,0.0
EMU29,2915,1784027758,114.0,4.826222,101.049576,0.0
SCS04,2985,1784027758,117.0,6.165972,100.379036,0.0
EMU26,2981,1784027783,91.0,5.36536,100.437775,0.0
SCS22,weekday_2162,1784027773,40.0,3.551378,101.63967,0.0
SCS25,2980,1784027838,113.0,6.570668,100.25914,0.0
SCS27,weekday_2166,1784027835,28.0,3.249663,101.55652,0.0
SCS28,weekday_2057,1784027852,77.0,3.219825,101.67238,0.0
EMU23,2918,1784027821,117.0,4.777325,100.838615,0.0
SCS22,weekday_2162,1784027818,0.0,3.552602,101.63953,0.0
DMU09,57,1784027842,19.0,5.31709,102.135056,0.0
EMU31,2987,1784027842,116.0,6.536085,100.259,0.0
EMU33,2919,1784027840,96.0,5.376793,100.39371,0.0
SCS04,2985,1784027833,116.0,6.143042,100.38062,0.0
EMU28,2984,1784027832,120.0,5.428698,100.484406,0.0
EMU26,2981,1784027828,91.0,5.36235,100.427444,0.0
EMU23,2918,1784027866,112.0,4.776025,100.82499,0.0
SCS27,weekday_2166,1784027865,3.0,3.250842,101.55578,0.0
DMU09,57,1784027857,9.0,5.317315,102.13444,0.0
DMU10(D6120),60,1784027930,49.0,5.337433,102.01539,0.0
EMU33,2919,1784027930,80.0,5.367498,100.413795,0.0
EMU29,2915,1784027905,0.0,4.81882,101.07095,0.0
SCS26,2986,1784027904,88.0,5.366942,100.44154,0.0
EMU26,2981,1784027903,0.0,5.364597,100.4212,0.0
EMU22,2916,1784027878,80.0,5.123383,100.48764,0.0
SCS28,weekday_2057,1784027882,39.0,3.215247,101.672134,0.0
SCS25,2980,1784027883,114.0,6.583682,100.26233,0.0
SCS25,2980,1784027943,116.0,6.601822,100.26323,0.0
SCS26,2986,1784027934,29.0,5.366568,100.44641,0.0
EMU26,2981,1784027918,0.0,5.364597,100.4212,0.0
SCS27,weekday_2166,1784027940,40.0,3.25544,101.55453,0.0
SCS28,weekday_2057,1784027987,62.0,3.211463,101.67203,0.0
SCS08,weekday_2049,1784027987,76.0,3.012513,101.72419,0.0
EMU29,2915,1784027950,64.0,4.81708,101.07367,0.0
SCS13,weekday_2165,1784027949,0.0,3.052408,101.492355,0.0
DMU09,57,1784027947,28.0,5.319713,102.130356,0.0
EMU31,2987,1784027947,0.0,6.523373,100.25684,0.0
EMU33,2919,1784027960,55.0,5.36566,100.41846,0.0
DMU10(D6120),60,1784027945,46.0,5.339267,102.01466,0.0
SCS04,2985,1784027938,48.0,6.115665,100.37084,0.0
SCS22,weekday_2162,1784027938,101.0,3.565832,101.62242,0.0
EMU22,2916,1784027938,10.0,5.130685,100.4861,0.0
EMU28,2984,1784027937,117.0,5.459205,100.49491,0.0
SCS22,weekday_2162,1784028028,100.0,3.58526,101.611084,0.0
SCS04,2985,1784028028,42.0,6.112508,100.36944,0.0
SCS26,2986,1784028009,9.0,5.366425,100.44752,0.0
EMU26,2981,1784027993,90.0,5.367108,100.41472,0.0
EMU23,2918,1784028001,116.0,4.780715,100.784645,0.0
SCS08,weekday_2049,1784028007,75.0,3.008862,101.726135,0.0
EMU22,2916,1784028043,98.0,5.142988,100.48356,0.0
SCS25,2980,1784028033,114.0,6.627768,100.268745,0.0
SCS28,weekday_2057,1784028032,47.0,3.205405,101.67514,0.0
EMU29,2915,1784028025,95.0,4.80289,101.086914,0.0
DMU09,57,1784028007,54.0,5.324462,102.12456,0.0
EMU31,2987,1784028007,79.0,6.517075,100.25575,0.0
EMU33,2919,1784028005,0.0,5.364355,100.421814,0.0
SCS27,weekday_2166,1784027985,0.0,3.258768,101.5549,0.0
SCS13,weekday_2165,1784027979,6.0,3.052418,101.49224,0.0
DMU10(D6120),60,1784028005,40.0,5.346247,102.01206,0.0
SCS26,2986,1784028084,41.0,5.364263,100.4577,0.0
SCS27,weekday_2166,1784028060,37.0,3.260347,101.555534,0.0
SCS08,weekday_2049,1784028087,30.0,3.003465,101.73339,0.0
SCS13,weekday_2165,1784028084,57.0,3.05274,101.48108,0.0
DMU09,57,1784028082,0.0,5.329427,102.12178,0.0
DMU10(D6120),60,1784028080,54.0,5.356115,102.00899,0.0
SCS25,2980,1784028080,113.0,6.636523,100.28004,0.0
EMU33,2919,1784028080,78.0,5.362405,100.42719,0.0
SCS04,2985,1784028073,110.0,6.102518,100.36717,0.0
SCS22,weekday_2162,1784028073,95.0,3.594817,101.60446,0.0
EMU31,2987,1784028069,97.0,6.501585,100.25334,0.0
SCS28,weekday_2057,1784028092,0.0,3.204317,101.675995,0.0
EMU28,2984,1784028042,18.0,5.482162,100.497894,0.0
EMU26,2981,1784028068,95.0,5.374863,100.39739,0.0
EMU23,2918,1784028046,115.0,4.784635,100.77174,0.0
EMU29,2915,1784028085,97.0,4.792205,101.09434,0.0
EMU31,2987,1784028159,119.0,6.474318,100.253944,0.0
EMU33,2919,1784028170,36.0,5.366525,100.44622,0.0
DMU10(D6120),60,1784028170,30.0,5.366825,102.008156,0.0
SCS25,2980,1784028170,86.0,6.650155,100.301956,0.0
SCS27,weekday_2166,1784028135,63.0,3.271795,101.56044,0.0
EMU22,2916,1784028133,70.0,5.164987,100.479706,0.0
SCS04,2985,1784028118,117.0,6.090655,100.37392,0.0
SCS22,weekday_2162,1784028118,112.0,3.600202,101.594246,0.0
SCS13,weekday_2165,1784028114,59.0,3.051312,101.47673,0.0
EMU29,2915,1784028130,116.0,4.781142,101.100876,0.0
SCS13,weekday_2165,1784028219,40.0,3.037128,101.47082,0.0
DMU09,57,1784028217,64.0,5.343202,102.11816,0.0
SCS27,weekday_2166,1784028210,68.0,3.282945,101.56698,0.0
SCS08,weekday_2049,1784028207,94.0,2.991825,101.7515,0.0
SCS04,2985,1784028193,116.0,6.070547,100.38497,0.0
EMU29,2915,1784028190,116.0,4.76731,101.112885,0.0
SCS26,2986,1784028189,43.0,5.357908,100.46637,0.0
EMU31,2987,1784028189,119.0,6.465298,100.25683,0.0
EMU26,2981,1784028188,39.0,5.386367,100.375534,0.0
EMU23,2918,1784028181,101.0,4.807525,100.742325,0.0
EMU33,2919,1784028215,0.0,5.366342,100.447685,0.0
DMU10(D6120),60,1784028215,31.0,5.370903,102.00834,0.0
EMU28,2984,1784028213,108.0,5.506883,100.5046,0.0
EMU28,2984,1784028258,116.0,5.520155,100.507866,0.0
SCS28,weekday_2057,1784028257,0.0,3.19781,101.68155,0.0
SCS25,2980,1784028245,59.0,6.658202,100.31409,0.0
EMU31,2987,1784028219,116.0,6.456617,100.25983,0.0
EMU22,2916,1784028268,100.0,5.179437,100.47944,0.0
SCS08,weekday_2049,1784028267,110.0,2.993552,101.76724,0.0
EMU29,2915,1784028265,118.0,4.746368,101.12132,0.0
EMU26,2981,1784028218,15.0,5.387302,100.37349,0.0
SCS26,2986,1784028264,111.0,5.37307,100.46852,0.0
SCS04,2985,1784028238,116.0,6.058577,100.391785,0.0
SCS22,weekday_2162,1784028238,114.0,3.62517,101.56865,0.0
SCS27,weekday_2166,1784028225,69.0,3.28484,101.568726,0.0
EMU29,2915,1784028340,113.0,4.723722,101.122215,0.0
DMU10(D6120),60,1784028335,0.0,5.376968,102.01013,0.0
DMU09,57,1784028307,54.0,5.353232,102.114044,0.0
SCS25,2980,1784028335,0.0,6.663033,100.320114,0.0
EMU33,2919,1784028335,87.0,5.364532,100.4571,0.0
SCS26,2986,1784028324,115.0,5.390985,100.47073,0.0
SCS27,weekday_2166,1784028315,86.0,3.30239,101.574905,0.0
SCS22,weekday_2162,1784028313,114.0,3.643232,101.55546,0.0
EMU22,2916,1784028313,99.0,5.191118,100.48008,0.0
EMU28,2984,1784028303,64.0,5.529803,100.50552,0.0
SCS26,2986,1784028354,113.0,5.399972,100.47183,0.0
EMU31,2987,1784028414,45.0,6.429597,100.26914,0.0
EMU22,2916,1784028403,96.0,5.211718,100.49075,0.0
EMU23,2918,1784028401,0.0,4.853,100.73204,0.0
SCS25,2980,1784028389,0.0,6.663033,100.320114,0.0
EMU26,2981,1784028338,19.0,5.391497,100.36887,0.0
DMU10(D6120),60,1784028380,0.0,5.376968,102.01013,0.0
EMU28,2984,1784028378,8.0,5.538352,100.503105,0.0
SCS08,weekday_2049,1784028376,26.0,2.987495,101.79047,0.0
SCS27,weekday_2166,1784028375,28.0,3.312645,101.57489,0.0
EMU33,2919,1784028365,110.0,5.358638,100.46246,0.0
SCS26,2986,1784028444,115.0,5.424852,100.48188,0.0
DMU09,57,1784028427,52.0,5.361988,102.09521,0.0
EMU28,2984,1784028423,3.0,5.539118,100.50288,0.0
SCS28,weekday_2057,1784028422,17.0,3.182368,101.68871,0.0
EMU29,2915,1784028415,111.0,4.70487,101.132225,0.0
EMU33,2919,1784028455,112.0,5.333642,100.47001,0.0
SCS22,weekday_2162,1784028403,109.0,3.662252,101.536804,0.0
SCS04,2985,1784028403,117.0,6.014983,100.4164,0.0
SCS13,weekday_2165,1784028429,27.0,3.036337,101.45621,0.0
DMU10(D6120),60,1784028395,6.0,5.37728,102.01024,0.0
EMU22,2916,1784028418,100.0,5.21552,100.4917,0.0
SCS27,weekday_2166,1784028465,0.0,3.32031,101.57457,0.0
SCS08,weekday_2049,1784028456,0.0,2.982165,101.7905,0.0
EMU23,2918,1784028431,0.0,4.853,100.73204,0.0
SCS26,2986,1784028489,113.0,5.436387,100.48887,0.0
EMU31,2987,1784028489,109.0,6.413653,100.274605,0.0
SCS28,weekday_2057,1784028482,0.0,3.181478,101.68836,0.0
EMU29,2915,1784028475,109.0,4.690132,101.14148,0.0
EMU33,2919,1784028485,113.0,5.32462,100.47002,0.0
EMU28,2984,1784028468,10.0,5.540555,100.502464,0.0
EMU23,2918,1784028506,97.0,4.863335,100.73119,0.0
SCS04,2985,1784028493,116.0,5.991012,100.42995,0.0
DMU09,57,1784028517,35.0,5.364788,102.08923,0.0
SCS08,weekday_2049,1784028516,0.0,2.982163,101.7905,0.0
DMU10(D6120),60,1784028515,9.0,5.379793,102.014496,0.0
EMU22,2916,1784028508,97.0,5.238183,100.48742,0.0
EMU29,2915,1784028550,116.0,4.66971,101.1333,0.0
EMU22,2916,1784028583,96.0,5.256942,100.48322,0.0
EMU28,2984,1784028513,25.0,5.54311,100.50175,0.0
SCS28,weekday_2057,1784028512,18.0,3.181015,101.688225,0.0
DMU09,57,1784028592,9.0,5.370308,102.085976,0.0
EMU33,2919,1784028590,100.0,5.295945,100.482315,0.0
EMU31,2987,1784028549,121.0,6.397343,100.282974,0.0
SCS22,weekday_2162,1784028568,24.0,3.683653,101.51943,0.0
SCS04,2985,1784028568,42.0,5.974073,100.43952,0.0
EMU23,2918,1784028566,115.0,4.876667,100.72298,0.0
EMU23,2918,1784028641,41.0,4.894652,100.71953,0.0
EMU29,2915,1784028633,117.0,4.649753,101.11785,0.0
EMU28,2984,1784028633,21.0,5.551312,100.4999,0.0
SCS28,weekday_2057,1784028632,24.0,3.171433,101.68493,0.0
SCS04,2985,1784028598,0.0,5.972642,100.44035,0.0
SCS13,weekday_2165,1784028609,11.0,3.043058,101.45064,0.0
SCS26,2986,1784028609,107.0,5.471007,100.49594,0.0
EMU31,2987,1784028609,117.0,6.38231,100.2942,0.0
DMU09,57,1784028607,8.0,5.370835,102.08574,0.0
SCS08,weekday_2049,1784028596,20.0,2.978558,101.79042,0.0
SCS08,weekday_2049,1784028696,90.0,2.96614,101.79076,0.0
EMU22,2916,1784028688,59.0,5.281227,100.47887,0.0
EMU31,2987,1784028684,4.0,6.370552,100.30296,0.0
SCS27,weekday_2166,1784028675,88.0,3.340987,101.57258,0.0
SCS22,weekday_2162,1784028658,0.0,3.683853,101.51917,0.0
SCS04,2985,1784028658,51.0,5.97065,100.44146,0.0
SCS13,weekday_2165,1784028699,0.0,3.043227,101.450264,0.0
SCS26,2986,1784028699,0.0,5.481715,100.497826,0.0
EMU33,2919,1784028698,0.0,5.285777,100.48069,0.0
EMU23,2918,1784028656,16.0,4.895925,100.71939,0.0
DMU09,57,1784028697,0.0,5.371825,102.0852,0.0
EMU29,2915,1784028648,116.0,4.64609,101.11516,0.0
EMU28,2984,1784028648,18.0,5.552263,100.49974,0.0
EMU23,2918,1784028761,106.0,4.908337,100.718056,0.0
SCS04,2985,1784028748,117.0,5.949685,100.4533,0.0
SCS08,weekday_2049,1784028696,90.0,2.96614,101.79076,0.0
EMU22,2916,1784028748,0.0,5.286358,100.48086,0.0
SCS13,weekday_2165,1784028744,0.0,3.043227,101.450264,0.0
SCS26,2986,1784028744,0.0,5.481715,100.497826,0.0
SCS22,weekday_2162,1784028748,0.0,3.683853,101.51917,0.0
EMU33,2919,1784028743,37.0,5.28468,100.48028,0.0
DMU09,57,1784028742,0.0,5.371838,102.085236,0.0
EMU29,2915,1784028768,83.0,4.617242,101.09375,0.0
EMU22,2916,1784028763,0.0,5.286358,100.48086,0.0
SCS08,weekday_2049,1784028756,0.0,2.961905,101.79208,0.0
SCS04,2985,1784028763,116.0,5.945697,100.45556,0.0
SCS22,weekday_2162,1784028763,0.0,3.683853,101.51917,0.0
SCS28,weekday_2057,1784028828,0.0,3.165148,101.69113,0.0
EMU28,2984,1784028828,22.0,5.565085,100.49764,0.0
EMU31,2987,1784028830,100.0,6.352952,100.31615,0.0
SCS27,weekday_2166,1784028825,110.0,3.363815,101.59119,0.0
EMU23,2918,1784028791,120.0,4.917397,100.717094,0.0
SCS26,2986,1784028789,0.0,5.481715,100.497826,0.0
SCS28,weekday_2057,1784028873,22.0,3.164377,101.69168,0.0
EMU28,2984,1784028873,24.0,5.568368,100.4971,0.0
EMU29,2915,1784028873,25.0,4.609152,101.07872,0.0
EMU23,2918,1784028866,123.0,4.939843,100.72062,0.0
SCS22,weekday_2162,1784028838,15.0,3.684853,101.51805,0.0
DMU09,57,1784028862,2.0,5.370777,102.08579,0.0
EMU31,2987,1784028845,108.0,6.349413,100.318794,0.0
EMU33,2919,1784028863,109.0,5.253982,100.48395,0.0
SCS20,weekday_2054,1784028851,0.0,3.134978,101.6878,0.0
SCS13,weekday_2165,1784028849,0.0,3.043227,101.450264,0.0
SCS26,2986,1784028849,0.0,5.481715,100.497826,0.0
SCS13,weekday_2165,1784028924,0.0,3.043227,101.450264,0.0
SCS26,2986,1784028924,0.0,5.481715,100.497826,0.0
EMU26,2988,1784028923,21.0,5.392822,100.36697,0.0
EMU33,2919,1784028923,111.0,5.236563,100.48781,0.0
EMU40,2991,1784028923,0.0,6.66244,100.31977,0.0
DMU09,57,1784028922,0.0,5.369697,102.08637,0.0
SCS04,2985,1784028928,117.0,5.898902,100.47433,0.0
EMU31,2987,1784028920,118.0,6.330898,100.33262,0.0
SCS27,weekday_2166,1784028915,59.0,3.374847,101.61323,0.0
SCS20,weekday_2054,1784028891,21.0,3.1371,101.691666,0.0
DMU10(D6120),60,1784028890,4.0,5.376322,102.03126,0.0
EMU28,2984,1784028888,25.0,5.569482,100.49692,0.0
SCS28,weekday_2057,1784028888,45.0,3.162892,101.69199,0.0
EMU23,2918,1784028881,120.0,4.944507,100.72187,0.0
EMU29,2915,1784028903,14.0,4.607872,101.07713,0.0
SCS22,weekday_2162,1784028898,17.0,3.687397,101.515465,0.0
EMU22,2916,1784028935,98.0,5.315595,100.47351,0.0
EMU22,2916,1784028980,91.0,5.326262,100.469864,0.0
EMU29,2915,1784028978,32.0,4.603228,101.0755,0.0
SCS08,weekday_2049,1784028976,57.0,2.937822,101.790276,0.0
SCS27,weekday_2166,1784028975,0.0,3.376463,101.6148,0.0
EMU26,2988,1784028968,15.0,5.391283,100.36917,0.0
DMU09,57,1784028967,0.0,5.369697,102.08637,0.0
EMU28,2984,1784028978,24.0,5.576143,100.49583,0.0
SCS28,weekday_2057,1784028978,0.0,3.153865,101.692505,0.0
SCS26,2986,1784028969,0.0,5.481715,100.497826,0.0
SCS13,weekday_2165,1784028969,0.0,3.043227,101.450264,0.0
EMU33,2919,1784028968,114.0,5.22346,100.49075,0.0
EMU40,2991,1784028968,22.0,6.661027,100.31812,0.0
SCS04,2985,1784028958,116.0,5.890135,100.476944,0.0
EMU31,2987,1784028965,120.0,6.319842,100.34087,0.0
EMU29,2915,1784029023,28.0,4.599382,101.07412,0.0
EMU23,2918,1784029029,116.0,4.987497,100.73378,0.0
SCS27,weekday_2166,1784029005,51.0,3.377803,101.616165,0.0
SCS13,weekday_2165,1784029059,22.0,3.044303,101.44732,0.0
SCS26,2986,1784029059,0.0,5.481715,100.497826,0.0
EMU40,2991,1784029058,45.0,6.656247,100.3111,0.0
EMU33,2919,1784029058,115.0,5.198383,100.48378,0.0
DMU09,57,1784029057,0.0,5.371872,102.08526,0.0
EMU26,2988,1784029058,40.0,5.38686,100.37445,0.0
SCS04,2985,1784029048,115.0,5.862635,100.476944,0.0
EMU22,2916,1784029025,94.0,5.337237,100.469925,0.0
SCS28,weekday_2057,1784029023,0.0,3.153865,101.692505,0.0
EMU28,2984,1784029023,24.0,5.579102,100.49533,0.0
SCS26,2986,1784029074,0.0,5.481715,100.497826,0.0
EMU33,2919,1784029073,115.0,5.194345,100.481606,0.0
DMU09,57,1784029072,0.0,5.371872,102.08526,0.0
EMU31,2987,1784029070,118.0,6.28804,100.34984,0.0
EMU28,2984,1784029068,46.0,5.582435,100.494774,0.0
SCS28,weekday_2057,1784029068,25.0,3.15344,101.69216,0.0
EMU29,2915,1784029068,0.0,4.598058,101.07333,0.0
SCS13,weekday_2165,1784029059,22.0,3.044303,101.44732,0.0
SCS20,weekday_2054,1784029091,20.0,3.144773,101.692635,0.0
EMU23,2918,1784029119,112.0,5.013735,100.73051,0.0
EMU26,2988,1784029118,97.0,5.38187,100.38421,0.0
EMU22,2916,1784029115,86.0,5.357337,100.46342,0.0
SCS08,weekday_2049,1784029096,94.0,2.91237,101.79582,0.0
SCS27,weekday_2166,1784029095,116.0,3.396355,101.6283,0.0
SCS04,2985,1784029093,117.0,5.848895,100.47691,0.0
EMU22,2916,1784029175,74.0,5.365522,100.452995,0.0
SCS08,weekday_2049,1784029156,23.0,2.906488,101.79036,0.0
SCS28,weekday_2057,1784029173,28.0,3.144443,101.69288,0.0
SCS26,2986,1784029164,0.0,5.481715,100.497826,0.0
EMU26,2988,1784029163,95.0,5.37648,100.39433,0.0
EMU23,2918,1784029134,111.0,5.017163,100.727745,0.0
EMU40,2991,1784029133,96.0,6.649715,100.30086,0.0
DMU09,57,1784029132,0.0,5.371872,102.08526,0.0
EMU31,2987,1784029190,121.0,6.251035,100.3574,0.0
EMU29,2915,1784029173,0.0,4.598058,101.07333,0.0
SCS20,weekday_2054,1784029171,52.0,3.152667,101.69159,0.0
SCS27,weekday_2166,1784029170,95.0,3.417535,101.6254,0.0
SCS04,2985,1784029168,61.0,5.82808,100.47768,0.0
EMU33,2919,1784029148,60.0,5.173923,100.4796,0.0
EMU28,2984,1784029143,31.0,5.592692,100.49315,0.0
SCS08,weekday_2049,1784029236,0.0,2.903788,101.78629,0.0
EMU26,2988,1784029238,92.0,5.368415,100.41144,0.0
EMU22,2916,1784029235,0.0,5.366313,100.44762,0.0
EMU31,2987,1784029233,119.0,6.23771,100.36012,0.0
SCS28,weekday_2057,1784029233,19.0,3.140998,101.694046,0.0
EMU28,2984,1784029233,26.0,5.598708,100.49342,0.0
SCS20,weekday_2054,1784029231,0.0,3.154852,101.69323,0.0
SCS27,weekday_2166,1784029215,107.0,3.427502,101.628494,0.0
EMU23,2918,1784029194,117.0,5.03016,100.71448,0.0
EMU29,2915,1784029233,17.0,4.595802,101.07225,0.0
EMU40,2991,1784029208,116.0,6.637922,100.28206,0.0
DMU09,57,1784029207,0.0,5.371872,102.08526,0.0
EMU22,2916,1784029250,0.0,5.366313,100.44762,0.0
DMU09,57,1784029267,0.0,5.371872,102.08526,0.0
EMU31,2987,1784029248,110.0,6.233123,100.361046,0.0
SCS26,2986,1784029239,0.0,5.481715,100.497826,0.0
EMU28,2984,1784029248,25.0,5.599797,100.49369,0.0
SCS28,weekday_2057,1784029248,12.0,3.140195,101.69385,0.0
EMU29,2915,1784029248,18.0,4.595015,101.07185,0.0
SCS04,2985,1784029243,4.0,5.824908,100.47796,0.0
EMU23,2918,1784029269,116.0,5.039228,100.692986,0.0
EMU33,2919,1784029298,87.0,5.16175,100.47983,0.0
EMU40,2991,1784029298,113.0,6.618533,100.26495,0.0
SCS08,weekday_2049,1784029296,0.0,2.903788,101.78629,0.0
DMU10(D6120),60,1784029295,22.0,5.388893,102.04321,0.0
SCS27,weekday_2166,1784029290,97.0,3.446957,101.638885,0.0
EMU26,2988,1784029283,46.0,5.365263,100.41955,0.0
EMU28,2984,1784029353,26.0,5.607545,100.49545,0.0
EMU26,2988,1784029358,0.0,5.364607,100.42125,0.0
SCS28,weekday_2057,1784029353,13.0,3.137533,101.69228,0.0
EMU22,2916,1784029355,92.0,5.364943,100.43687,0.0
EMU31,2987,1784029353,112.0,6.201743,100.367455,0.0
DMU10(D6120),60,1784029325,15.0,5.390032,102.04504,0.0
SCS20,weekday_2054,1784029351,0.0,3.166028,101.6903,0.0
SCS26,2986,1784029344,0.0,5.481715,100.497826,0.0
EMU23,2918,1784029344,120.0,5.039175,100.670685,0.0
EMU40,2991,1784029343,112.0,6.605265,100.263245,0.0
SCS27,weekday_2166,1784029320,72.0,3.453053,101.63984,0.0
EMU33,2919,1784029343,117.0,5.149413,100.48221,0.0
DMU09,57,1784029342,0.0,5.371872,102.08526,0.0
DMU09,57,1784029432,0.0,5.371872,102.08526,0.0
DMU10(D6120),60,1784029430,24.0,5.392888,102.04984,0.0
SCS08,weekday_2049,1784029416,85.0,2.887487,101.79972,0.0
SCS20,weekday_2054,1784029411,5.0,3.166098,101.69022,0.0
EMU23,2918,1784029404,120.0,5.041042,100.65232,0.0
EMU40,2991,1784029403,113.0,6.587342,100.26271,0.0
EMU22,2916,1784029400,83.0,5.362497,100.42679,0.0
EMU31,2987,1784029398,97.0,6.189287,100.37088,0.0
SCS26,2986,1784029389,0.0,5.481715,100.497826,0.0
EMU26,2988,1784029388,8.0,5.364538,100.4214,0.0
EMU28,2984,1784029383,25.0,5.609765,100.49594,0.0
SCS27,weekday_2166,1784029380,66.0,3.465528,101.63736,0.0
SCS28,weekday_2057,1784029368,15.0,3.137128,101.691666,0.0
EMU29,2915,1784029368,101.0,4.57927,101.066666,0.0
SCS04,2985,1784029363,117.0,5.80077,100.48174,0.0
EMU33,2919,1784029433,10.0,5.130503,100.486244,0.0
SCS26,2986,1784029479,0.0,5.481715,100.497826,0.0
EMU33,2919,1784029478,0.0,5.1302,100.48626,0.0
DMU09,57,1784029477,0.0,5.371872,102.08526,0.0
DMU10(D6120),60,1784029475,26.0,5.393057,102.053566,0.0
EMU40,2991,1784029448,111.0,6.57454,100.26008,0.0
EMU26,2988,1784029448,98.0,5.362492,100.43102,0.0
SCS27,weekday_2166,1784029440,0.0,3.469082,101.63788,0.0
EMU22,2916,1784029445,9.0,5.364553,100.421326,0.0
SCS28,weekday_2057,1784029443,0.0,3.13425,101.68813,0.0
EMU28,2984,1784029443,14.0,5.613503,100.49679,0.0
EMU31,2987,1784029443,25.0,6.183367,100.374794,0.0
EMU29,2915,1784029443,110.0,4.558627,101.05794,0.0
SCS04,2985,1784029438,118.0,5.779468,100.49054,0.0
DMU10(D6120),60,1784029505,38.0,5.392927,102.0561,0.0
SCS20,weekday_2054,1784029531,19.0,3.17122,101.68494,0.0
EMU23,2918,1784029512,89.0,5.042637,100.6252,0.0
SCS26,2986,1784029509,0.0,5.481715,100.497826,0.0
EMU33,2919,1784029508,27.0,5.12916,100.48648,0.0
EMU40,2991,1784029493,111.0,6.561345,100.259384,0.0
EMU26,2988,1784029493,77.0,5.36684,100.441216,0.0
DMU09,57,1784029492,0.0,5.371872,102.08526,0.0
SCS32,weekday_2059,1784029483,0.0,3.237038,101.681114,0.0
SCS04,2985,1784029483,119.0,5.76641,100.49566,0.0
EMU22,2916,1784029535,84.0,5.366552,100.41603,0.0
EMU29,2915,1784029533,111.0,4.533215,101.05199,0.0
EMU28,2984,1784029533,24.0,5.618853,100.496254,0.0
SCS28,weekday_2057,1784029533,0.0,3.13425,101.68813,0.0
EMU33,2919,1784029568,105.0,5.11732,100.48893,0.0
EMU29,2915,1784029604,105.0,4.512718,101.048195,0.0
EMU40,2991,1784029598,84.0,6.532388,100.258354,0.0
SCS27,weekday_2166,1784029590,49.0,3.498267,101.63451,0.0
DMU09,57,1784029567,0.0,5.371872,102.08526,0.0
SCS04,2985,1784029573,62.0,5.74442,100.50559,0.0
EMU23,2918,1784029572,119.0,5.043902,100.60808,0.0
SCS08,weekday_2049,1784029596,28.0,2.880925,101.81298,0.0
EMU26,2988,1784029553,0.0,5.366397,100.44729,0.0
SCS26,2986,1784029569,0.0,5.481715,100.497826,0.0
DMU10(D6120),60,1784029595,17.0,5.390303,102.06393,0.0
EMU22,2916,1784029595,98.0,5.372378,100.40206,0.0
EMU31,2987,1784029593,110.0,6.164168,100.379105,0.0
EMU22,2916,1784029655,88.0,5.379222,100.38912,0.0
SCS28,weekday_2057,1784029653,0.0,3.13425,101.68813,0.0
EMU31,2987,1784029653,118.0,6.14573,100.380356,0.0
EMU28,2984,1784029638,28.0,5.626392,100.493095,0.0
EMU29,2915,1784029634,120.0,4.504273,101.046585,0.0
SCS27,weekday_2166,1784029650,0.0,3.500893,101.63415,0.0
DMU10(D6120),60,1784029640,0.0,5.390207,102.064896,0.0
EMU33,2919,1784029628,116.0,5.099878,100.492546,0.0
DMU09,57,1784029627,0.0,5.371872,102.08526,0.0
EMU23,2918,1784029602,116.0,5.044572,100.598946,0.0
SCS08,weekday_2049,1784029596,28.0,2.880925,101.81298,0.0
SCS08,weekday_2049,1784029696,9.0,2.876908,101.81626,0.0
SCS27,weekday_2166,1784029695,61.0,3.50364,101.6337,0.0
DMU10(D6120),60,1784029685,22.0,5.390115,102.06614,0.0
EMU28,2984,1784029653,22.0,5.627405,100.492676,0.0
EMU31,2987,1784029683,117.0,6.136408,100.380104,0.0
DMU09,57,1784029687,0.0,5.371908,102.08517,0.0
SCS26,2986,1784029719,0.0,5.481715,100.497826,0.0
EMU33,2919,1784029662,111.0,5.090043,100.494865,0.0
EMU23,2918,1784029677,120.0,5.039402,100.57696,0.0
EMU26,2988,1784029718,40.0,5.362662,100.459465,0.0
SCS04,2985,1784029723,19.0,5.734245,100.509544,0.0
EMU33,2919,1784029722,116.0,5.074208,100.50315,0.0
EMU31,2987,1784029773,59.0,6.115208,100.37065,0.0
EMU40,2991,1784029778,110.0,6.50595,100.253845,0.0
EMU26,2988,1784029770,0.0,5.358012,100.46305,0.0
DMU10(D6120),60,1784029745,34.0,5.390135,102.071915,0.0
EMU23,2918,1784029737,113.0,5.028977,100.56156,0.0
SCS08,weekday_2049,1784029736,13.0,2.875448,101.81678,0.0
SCS27,weekday_2166,1784029740,58.0,3.510865,101.63253,0.0
SCS26,2986,1784029734,0.0,5.481715,100.497826,0.0
DMU10(D6120),60,1784029820,21.0,5.388542,102.07692,0.0
EMU40,2991,1784029808,118.0,6.497145,100.2534,0.0
DMU09,57,1784029807,0.0,5.371847,102.08535,0.0
EMU23,2918,1784029782,119.0,5.021265,100.550125,0.0
SCS27,weekday_2166,1784029800,96.0,3.523322,101.62931,0.0
SCS08,weekday_2049,1784029796,66.0,2.869467,101.81869,0.0
EMU22,2916,1784029790,7.0,5.387548,100.37306,0.0
EMU29,2915,1784029784,66.0,4.468955,101.044136,0.0
SCS32,weekday_2059,1784029783,3.0,3.213877,101.67209,0.0
EMU33,2919,1784029827,110.0,5.046442,100.51784,0.0
EMU26,2988,1784029826,54.0,5.359988,100.46688,0.0
SCS26,2986,1784029824,0.0,5.481715,100.497826,0.0
EMU31,2987,1784029848,0.0,6.112727,100.36953,0.0
SCS20,weekday_2054,1784029843,61.0,3.189768,101.68831,0.0
SCS04,2985,1784029843,24.0,5.726568,100.512505,0.0
EMU28,2984,1784029833,20.0,5.638628,100.48934,0.0
EMU33,2919,1784029872,102.0,5.034878,100.52398,0.0
EMU23,2918,1784029872,63.0,5.026162,100.52859,0.0
EMU22,2916,1784029865,21.0,5.389135,100.37142,0.0
SCS20,weekday_2054,1784029863,72.0,3.19275,101.68591,0.0
SCS27,weekday_2166,1784029860,97.0,3.537708,101.634895,0.0
EMU31,2987,1784029863,26.0,6.112098,100.36923,0.0
DMU10(D6120),60,1784029895,34.0,5.38261,102.07996,0.0
EMU29,2915,1784029889,13.0,4.460225,101.04914,0.0
EMU28,2984,1784029863,22.0,5.640648,100.489685,0.0
SCS08,weekday_2049,1784029856,32.0,2.861178,101.82002,0.0
EMU40,2991,1784029868,115.0,6.478618,100.25372,0.0
DMU09,57,1784029927,0.0,5.371838,102.08524,0.0
SCS20,weekday_2054,1784029903,42.0,3.197663,101.681725,0.0
SCS04,2985,1784029903,25.0,5.722493,100.51406,0.0
SCS27,weekday_2166,1784029935,35.0,3.552983,101.63951,0.0
SCS32,weekday_2059,1784029933,0.0,3.204298,101.675995,0.0
EMU26,2988,1784029931,112.0,5.387642,100.47033,0.0
SCS26,2986,1784029914,0.0,5.481715,100.497826,0.0
DMU10(D6120),60,1784029925,29.0,5.380087,102.081116,0.0
EMU23,2918,1784029902,1.0,5.028657,100.52725,0.0
SCS20,weekday_2054,1784029983,0.0,3.19877,101.68076,0.0
EMU22,2916,1784030015,0.0,5.393468,100.366325,0.0
EMU28,2984,1784030013,0.0,5.643238,100.490166,0.0
SCS27,weekday_2166,1784030010,32.0,3.554822,101.63926,0.0
SCS26,2986,1784030004,0.0,5.481715,100.497826,0.0
DMU09,57,1784030002,0.0,5.371878,102.08516,0.0
DMU10(D6120),60,1784030030,9.0,5.374523,102.08384,0.0
EMU29,2915,1784029964,21.0,4.4562,101.05102,0.0
EMU23,2918,1784029962,51.0,5.030685,100.52619,0.0
EMU26,2988,1784029961,113.0,5.396453,100.47144,0.0
EMU29,2915,1784030039,0.0,4.453248,101.05244,0.0
SCS32,weekday_2059,1784030038,34.0,3.199695,101.679924,0.0
SCS27,weekday_2166,1784030085,105.0,3.563415,101.62637,0.0
EMU40,2991,1784030078,0.0,6.431278,100.26856,0.0
DMU09,57,1784030077,0.0,5.371947,102.085075,0.0
DMU10(D6120),60,1784030075,9.0,5.373218,102.084496,0.0
EMU33,2919,1784030037,96.0,5.020588,100.533775,0.0
SCS08,weekday_2049,1784030076,28.0,2.831638,101.82707,0.0
SCS26,2986,1784030064,0.0,5.481715,100.497826,0.0
EMU22,2916,1784030015,0.0,5.393468,100.366325,0.0
SCS20,weekday_2054,1784030063,0.0,3.19877,101.68076,0.0
EMU23,2918,1784030052,119.0,5.051395,100.51522,0.0
EMU26,2988,1784030051,113.0,5.42062,100.47911,0.0
EMU31,2987,1784030013,117.0,6.079133,100.38012,0.0
EMU33,2919,1784030112,116.0,5.02386,100.55385,0.0
SCS26,2986,1784030109,0.0,5.481715,100.497826,0.0
EMU40,2991,1784030108,0.0,6.43127,100.26856,0.0
DMU09,57,1784030107,0.0,5.371947,102.085075,0.0
SCS08,weekday_2049,1784030096,15.0,2.830238,101.8268,0.0
EMU29,2915,1784030084,9.0,4.452023,101.053024,0.0
SCS32,weekday_2059,1784030083,0.0,3.197797,101.68161,0.0
SCS20,weekday_2054,1784030083,0.0,3.19877,101.68076,0.0
SCS04,2985,1784030083,23.0,5.709883,100.512215,0.0
EMU26,2988,1784030081,115.0,5.428193,100.48407,0.0
EMU23,2918,1784030112,117.0,5.067405,100.506744,0.0
DMU10(D6120),60,1784030135,0.0,5.371847,102.08523,0.0
EMU31,2987,1784030133,121.0,6.046183,100.39871,0.0
SCS27,weekday_2166,1784030130,100.0,3.570628,101.6168,0.0
EMU40,2991,1784030168,92.0,6.424002,100.27104,0.0
SCS20,weekday_2054,1784030143,40.0,3.200658,101.67912,0.0
DMU09,57,1784030167,0.0,5.371902,102.08516,0.0
EMU29,2915,1784030159,3.0,4.44996,101.05418,0.0
SCS08,weekday_2049,1784030176,0.0,2.82988,101.82671,0.0
EMU23,2918,1784030172,116.0,5.084117,100.497894,0.0
EMU26,2988,1784030186,100.0,5.455877,100.494064,0.0
SCS32,weekday_2059,1784030158,20.0,3.197025,101.68221,0.0
EMU31,2987,1784030185,119.0,6.031915,100.406784,0.0
SCS26,2986,1784030154,0.0,5.481715,100.497826,0.0
EMU33,2919,1784030172,115.0,5.033973,100.56885,0.0
DMU10(D6120),60,1784030180,0.0,5.371847,102.08523,0.0
SCS27,weekday_2166,1784030175,97.0,3.58145,101.61302,0.0
SCS04,2985,1784030173,23.0,5.703512,100.510605,0.0
SCS27,weekday_2166,1784030220,106.0,3.592245,101.60636,0.0
SCS20,weekday_2054,1784030223,0.0,3.20532,101.675255,0.0
EMU28,2984,1784030208,36.0,5.655295,100.49218,0.0
EMU26,2988,1784030216,94.0,5.463383,100.496056,0.0
EMU31,2987,1784030200,120.0,6.027783,100.4091,0.0
SCS26,2986,1784030199,0.0,5.481715,100.497826,0.0
SCS08,weekday_2049,1784030196,0.0,2.82988,101.82671,0.0
EMU40,2991,1784030258,119.0,6.399233,100.28156,0.0
SCS28,weekday_2057,1784030253,63.0,3.111083,101.689316,0.0
DMU10(D6120),60,1784030225,4.0,5.37105,102.085686,0.0
EMU29,2915,1784030219,0.0,4.449587,101.05442,0.0
SCS32,weekday_2059,1784030218,42.0,3.19235,101.68623,0.0
EMU31,2987,1784030320,117.0,5.995072,100.42759,0.0
SCS28,weekday_2057,1784030283,79.0,3.107388,101.69391,0.0
DMU10(D6120),60,1784030315,13.0,5.368013,102.08743,0.0
SCS27,weekday_2166,1784030265,98.0,3.599427,101.59799,0.0
EMU28,2984,1784030313,15.0,5.66294,100.493454,0.0
EMU23,2918,1784030310,83.0,5.121022,100.48816,0.0
EMU29,2915,1784030309,0.0,4.449587,101.05442,0.0
SCS04,2985,1784030308,54.0,5.692255,100.50581,0.0
SCS32,weekday_2059,1784030308,34.0,3.183853,101.689224,0.0
EMU33,2919,1784030307,116.0,5.044028,100.606636,0.0
EMU26,2988,1784030306,16.0,5.472862,100.49589,0.0
SCS26,2986,1784030304,0.0,5.481715,100.497826,0.0
SCS08,weekday_2049,1784030276,4.0,2.82988,101.82671,0.0
EMU33,2919,1784030367,117.0,5.042697,100.62488,0.0
SCS20,weekday_2054,1784030383,87.0,3.220367,101.672424,0.0
SCS32,weekday_2059,1784030383,4.0,3.181742,101.688416,0.0
SCS26,2986,1784030349,0.0,5.481715,100.497826,0.0
EMU40,2991,1784030348,98.0,6.377442,100.29783,0.0
DMU09,57,1784030347,0.0,5.371902,102.08516,0.0
EMU26,2988,1784030381,26.0,5.478713,100.49703,0.0
EMU28,2984,1784030380,0.0,5.667335,100.49421,0.0
SCS27,weekday_2166,1784030355,115.0,3.616015,101.57909,0.0
DMU10(D6120),60,1784030330,20.0,5.367232,102.087875,0.0
SCS08,weekday_2049,1784030336,22.0,2.826613,101.825676,0.0
SCS04,2985,1784030353,19.0,5.68859,100.50331,0.0
EMU31,2987,1784030350,115.0,5.98738,100.43195,0.0
EMU23,2918,1784030370,13.0,5.13055,100.48615,0.0
EMU29,2915,1784030369,0.0,4.449587,101.05442,0.0
EMU31,2987,1784030425,37.0,5.972787,100.44019,0.0
SCS20,weekday_2054,1784030423,54.0,3.229427,101.67345,0.0
DMU10(D6120),60,1784030375,24.0,5.364687,102.08938,0.0
EMU23,2918,1784030415,0.0,5.130713,100.48614,0.0
SCS27,weekday_2166,1784030430,113.0,3.631705,101.56315,0.0
EMU29,2915,1784030399,0.0,4.449587,101.05442,0.0
EMU40,2991,1784030423,0.0,6.370495,100.303,0.0
EMU28,2984,1784030418,21.0,5.67006,100.49467,0.0
EMU33,2919,1784030412,115.0,5.041658,100.63849,0.0
SCS28,weekday_2057,1784030403,18.0,3.097963,101.705696,0.0
SCS32,weekday_2059,1784030398,0.0,3.181658,101.6884,0.0
SCS04,2985,1784030398,5.0,5.686945,100.50218,0.0
EMU26,2988,1784030396,24.0,5.479817,100.4973,0.0
SCS26,2986,1784030379,0.0,5.481715,100.497826,0.0
DMU09,57,1784030377,0.0,5.371902,102.08516,0.0
SCS08,weekday_2049,1784030376,52.0,2.82416,101.82241,0.0
SCS04,2985,1784030473,23.0,5.683188,100.49961,0.0
SCS20,weekday_2054,1784030463,38.0,3.232198,101.67662,0.0
DMU10(D6120),60,1784030495,27.0,5.36192,102.09568,0.0
EMU33,2919,1784030495,116.0,5.039137,100.66299,0.0
SCS28,weekday_2057,1784030493,0.0,3.097738,101.706,0.0
EMU28,2984,1784030493,24.0,5.675468,100.4956,0.0
SCS32,weekday_2059,1784030473,35.0,3.178725,101.687126,0.0
SCS27,weekday_2166,1784030490,114.0,3.646437,101.552925,0.0
EMU23,2918,1784030490,99.0,5.14016,100.48418,0.0
EMU31,2987,1784030470,0.0,5.971817,100.440735,0.0
EMU29,2915,1784030474,0.0,4.449587,101.05442,0.0
EMU26,2988,1784030471,0.0,5.481973,100.497795,0.0
SCS26,2986,1784030484,0.0,5.481715,100.497826,0.0
DMU09,57,1784030437,10.0,5.373677,102.08436,0.0
SCS08,weekday_2049,1784030436,86.0,2.814937,101.81371,0.0
DMU09,57,1784030527,8.0,5.377267,102.08251,0.0
SCS27,weekday_2166,1784030565,106.0,3.661845,101.53717,0.0
SCS04,2985,1784030533,14.0,5.679768,100.497284,0.0
EMU28,2984,1784030508,23.0,5.67652,100.495834,0.0
SCS32,weekday_2059,1784030533,21.0,3.174215,101.68496,0.0
EMU26,2988,1784030531,0.0,5.481973,100.497795,0.0
SCS28,weekday_2057,1784030523,0.0,3.097738,101.706,0.0
SCS20,weekday_2054,1784030523,30.0,3.236933,101.68126,0.0
EMU23,2918,1784030550,107.0,5.157027,100.47996,0.0
EMU29,2915,1784030549,0.0,4.449058,101.05466,0.0
EMU33,2919,1784030555,113.0,5.039307,100.68121,0.0
DMU10(D6120),60,1784030555,50.0,5.359735,102.10288,0.0
SCS26,2986,1784030544,0.0,5.481715,100.497826,0.0
DMU10(D6120),60,1784030570,50.0,5.359077,102.1049,0.0
EMU31,2987,1784030590,104.0,5.95748,100.448845,0.0
SCS26,2986,1784030619,0.0,5.481715,100.497826,0.0
EMU40,2991,1784030618,114.0,6.338967,100.32659,0.0
SCS28,weekday_2057,1784030613,0.0,3.097738,101.706,0.0
EMU28,2984,1784030613,14.0,5.681998,100.49879,0.0
SCS08,weekday_2049,1784030576,0.0,2.801792,101.79928,0.0
EMU26,2988,1784030606,0.0,5.481973,100.497795,0.0
SCS27,weekday_2166,1784030610,85.0,3.671478,101.53053,0.0
SCS04,2985,1784030578,21.0,5.67762,100.496216,0.0
EMU23,2918,1784030610,35.0,5.168578,100.47966,0.0
SCS32,weekday_2059,1784030605,16.0,3.169957,101.68553,0.0
EMU29,2915,1784030594,0.0,4.449058,101.05466,0.0
SCS20,weekday_2054,1784030583,0.0,3.2384,101.681175,0.0
DMU09,57,1784030557,34.0,5.378955,102.08172,0.0
EMU33,2919,1784030570,116.0,5.039328,100.685776,0.0
EMU31,2987,1784030650,112.0,5.942418,100.45735,0.0
SCS32,weekday_2059,1784030650,21.0,3.16758,101.68784,0.0
EMU29,2915,1784030639,0.0,4.449058,101.05466,0.0
DMU10(D6120),60,1784030675,24.0,5.353067,102.11414,0.0
DMU09,57,1784030662,29.0,5.389743,102.075516,0.0
EMU33,2919,1784030675,116.0,5.029477,100.715324,0.0
EMU26,2988,1784030651,0.0,5.481973,100.497795,0.0
SCS20,weekday_2054,1784030623,0.0,3.2384,101.681175,0.0
SCS28,weekday_2057,1784030658,0.0,3.097738,101.706,0.0
EMU23,2918,1784030655,0.0,5.169728,100.47962,0.0
EMU28,2984,1784030673,21.0,5.684807,100.50072,0.0
EMU40,2991,1784030648,115.0,6.33171,100.33199,0.0
SCS27,weekday_2166,1784030670,30.0,3.676983,101.52652,0.0
SCS04,2985,1784030653,23.0,5.672232,100.49507,0.0
SCS26,2986,1784030664,0.0,5.481715,100.497826,0.0
DMU10(D6120),60,1784030735,22.0,5.35001,102.116936,0.0
EMU28,2984,1784030733,25.0,5.688483,100.503204,0.0
EMU31,2987,1784030680,113.0,5.93376,100.460884,0.0
EMU33,2919,1784030705,114.0,5.023228,100.72205,0.0
SCS28,weekday_2057,1784030748,0.0,3.097738,101.706,0.0
EMU23,2918,1784030745,119.0,5.1877,100.47938,0.0
EMU29,2915,1784030744,0.0,4.449058,101.05466,0.0
SCS32,weekday_2059,1784030740,16.0,3.164875,101.691414,0.0
SCS27,weekday_2166,1784030685,34.0,3.67798,101.52553,0.0
SCS20,weekday_2054,1784030743,0.0,3.2384,101.681175,0.0
EMU26,2988,1784030741,0.0,5.481973,100.497795,0.0
SCS32,weekday_2059,1784030800,55.0,3.15662,101.69374,0.0
SCS26,2986,1784030799,63.0,5.486537,100.49913,0.0
SCS04,2985,1784030788,6.0,5.657723,100.49264,0.0
EMU28,2984,1784030778,24.0,5.691032,100.50493,0.0
SCS08,weekday_2049,1784030776,107.0,2.758992,101.81232,0.0
EMU33,2919,1784030795,114.0,5.000362,100.735466,0.0
DMU10(D6120),60,1784030795,33.0,5.34465,102.1181,0.0
EMU40,2991,1784030783,119.0,6.294492,100.34851,0.0
EMU23,2918,1784030790,112.0,5.200322,100.48479,0.0
SCS20,weekday_2054,1784030783,0.0,3.2384,101.681175,0.0
SCS28,weekday_2057,1784030793,0.0,3.097738,101.706,0.0
DMU09,57,1784030782,0.0,5.390223,102.06491,0.0
EMU29,2915,1784030789,0.0,4.449058,101.05466,0.0
EMU26,2988,1784030786,0.0,5.481973,100.497795,0.0
EMU31,2987,1784030785,113.0,5.904728,100.472046,0.0
EMU29,2915,1784030849,0.0,4.448882,101.05475,0.0
SCS20,weekday_2054,1784030843,0.0,3.2384,101.681175,0.0
SCS08,weekday_2049,1784030836,17.0,2.755038,101.82315,0.0
EMU31,2987,1784030860,114.0,5.882955,100.47695,0.0
EMU40,2991,1784030858,115.0,6.271748,100.35315,0.0
SCS32,weekday_2059,1784030845,0.0,3.153885,101.69245,0.0
SCS04,2985,1784030818,9.0,5.656927,100.49251,0.0
SCS26,2986,1784030874,96.0,5.503698,100.50375,0.0
EMU33,2919,1784030855,117.0,4.982242,100.73309,0.0
EMU28,2984,1784030823,23.0,5.69372,100.50681,0.0
SCS28,weekday_2057,1784030823,0.0,3.097738,101.706,0.0
DMU10(D6120),60,1784030870,39.0,5.338093,102.118385,0.0
DMU09,57,1784030857,19.0,5.390313,102.06403,0.0
EMU26,2988,1784030846,0.0,5.481973,100.497795,0.0
EMU23,2918,1784030850,117.0,5.21624,100.49177,0.0
EMU40,2991,1784030873,116.0,6.26726,100.354065,0.0
SCS20,weekday_2054,1784030863,0.0,3.2384,101.681175,0.0
SCS08,weekday_2049,1784030856,22.0,2.754733,101.82423,0.0
SCS28,weekday_2057,1784030913,0.0,3.097738,101.706,0.0
DMU09,57,1784030872,37.0,5.390417,102.062744,0.0
EMU28,2984,1784030913,18.0,5.698503,100.50926,0.0
SCS04,2985,1784030878,16.0,5.65431,100.49208,0.0
EMU26,2988,1784030906,0.0,5.481973,100.497795,0.0
DMU10(D6120),60,1784030930,34.0,5.332252,102.1202,0.0
SCS32,weekday_2059,1784030920,55.0,3.148252,101.69076,0.0
EMU31,2987,1784030920,114.0,5.864812,100.476906,0.0
EMU33,2919,1784030915,118.0,4.964587,100.727425,0.0
SCS26,2986,1784030889,100.0,5.507462,100.50477,0.0
EMU23,2918,1784030895,117.0,5.230055,100.48926,0.0
EMU29,2915,1784030894,0.0,4.448675,101.05484,0.0
EMU31,2987,1784030965,111.0,5.851543,100.47689,0.0
SCS26,2986,1784030964,115.0,5.528562,100.50581,0.0
SCS20,weekday_2054,1784030963,0.0,3.2384,101.681175,0.0
DMU09,57,1784030962,52.0,5.393075,102.05065,0.0
SCS04,2985,1784030923,15.0,5.652083,100.49165,0.0
EMU40,2991,1784030948,119.0,6.244322,100.35875,0.0
EMU23,2918,1784030925,109.0,5.23871,100.4873,0.0
EMU29,2915,1784030954,0.0,4.448675,101.05484,0.0
EMU33,2919,1784030952,113.0,4.953682,100.72433,0.0
SCS08,weekday_2049,1784030976,27.0,2.753407,101.82911,0.0
EMU26,2988,1784030951,0.0,5.481973,100.497795,0.0
DMU10(D6120),60,1784030975,5.0,5.32963,102.1216,0.0
EMU28,2984,1784030973,22.0,5.702582,100.51031,0.0
SCS28,weekday_2057,1784030973,0.0,3.097738,101.706,0.0
SCS32,weekday_2059,1784030950,19.0,3.14572,101.6918,0.0
SCS32,weekday_2059,1784030980,18.0,3.144237,101.69308,0.0
EMU31,2987,1784031037,87.0,5.83063,100.47744,0.0
EMU28,2984,1784031018,24.0,5.70579,100.5111,0.0
EMU26,2988,1784031011,0.0,5.481973,100.497795,0.0
SCS26,2986,1784030994,114.0,5.537278,100.50337,0.0
DMU09,57,1784030992,27.0,5.391342,102.04752,0.0
SCS20,weekday_2054,1784030983,0.0,3.2384,101.681175,0.0
EMU33,2919,1784030982,117.0,4.944973,100.722015,0.0
EMU29,2915,1784031014,0.0,4.44867,101.05474,0.0
EMU23,2918,1784030985,110.0,5.255233,100.48362,0.0
SCS04,2985,1784031013,18.0,5.64646,100.49068,0.0
SCS08,weekday_2049,1784031036,28.0,2.752282,101.83299,0.0
DMU10(D6120),60,1784031020,0.0,5.329467,102.1217,0.0
SCS28,weekday_2057,1784031018,0.0,3.097738,101.706,0.0
EMU29,2915,1784031104,0.0,4.448598,101.05481,0.0
SCS04,2985,1784031103,0.0,5.643667,100.49023,0.0
EMU28,2984,1784031093,21.0,5.710753,100.51236,0.0
EMU40,2991,1784031091,114.0,6.201237,100.36755,0.0
SCS26,2986,1784031069,114.0,5.559255,100.49857,0.0
SCS08,weekday_2049,1784031056,37.0,2.751808,101.83471,0.0
EMU26,2988,1784031056,0.0,5.481973,100.497795,0.0
SCS28,weekday_2057,1784031093,0.0,3.097738,101.706,0.0
SCS32,weekday_2059,1784031100,0.0,3.139128,101.69356,0.0
DMU09,57,1784031097,24.0,5.386388,102.04098,0.0
EMU31,2987,1784031097,0.0,5.824285,100.47798,0.0
DMU10(D6120),60,1784031095,31.0,5.324997,102.12423,0.0
SCS20,weekday_2054,1784031083,0.0,3.2384,101.681175,0.0
EMU33,2919,1784031072,114.0,4.91846,100.716965,0.0
EMU23,2918,1784031105,26.0,5.285292,100.48047,0.0
EMU40,2991,1784031136,73.0,6.189417,100.370804,0.0
SCS04,2985,1784031163,16.0,5.641355,100.48983,0.0
SCS20,weekday_2054,1784031163,0.0,3.2384,101.681175,0.0
EMU33,2919,1784031162,39.0,4.897083,100.7193,0.0
SCS08,weekday_2049,1784031136,121.0,2.746863,101.852325,0.0
SCS28,weekday_2057,1784031153,0.0,3.097738,101.706,0.0
DMU10(D6120),60,1784031155,24.0,5.321645,102.12725,0.0
EMU26,2988,1784031146,0.0,5.481973,100.497795,0.0
EMU31,2987,1784031142,42.0,5.822638,100.47813,0.0
EMU28,2984,1784031138,24.0,5.713698,100.5131,0.0
DMU09,57,1784031097,24.0,5.386388,102.04098,0.0
SCS26,2986,1784031144,113.0,5.581502,100.49491,0.0
SCS32,weekday_2059,1784031145,19.0,3.137303,101.69204,0.0
EMU23,2918,1784031135,0.0,5.28641,100.48089,0.0
EMU29,2915,1784031134,0.0,4.448682,101.05484,0.0
SCS32,weekday_2059,1784031220,0.0,3.136202,101.68917,0.0
DMU10(D6120),60,1784031230,15.0,5.318957,102.13146,0.0
EMU40,2991,1784031226,0.0,6.182938,100.37507,0.0
EMU23,2918,1784031165,23.0,5.28683,100.481064,0.0
SCS28,weekday_2057,1784031198,0.0,3.097738,101.706,0.0
EMU31,2987,1784031217,94.0,5.80714,100.48014,0.0
EMU28,2984,1784031183,24.0,5.71692,100.51392,0.0
SCS08,weekday_2049,1784031216,17.0,2.741252,101.87217,0.0
SCS04,2985,1784031208,23.0,5.638807,100.4894,0.0
EMU33,2919,1784031207,0.0,4.895635,100.71943,0.0
EMU26,2988,1784031206,0.0,5.481973,100.497795,0.0
EMU29,2915,1784031209,0.0,4.448682,101.05484,0.0
SCS26,2986,1784031204,113.0,5.599367,100.49357,0.0
SCS20,weekday_2054,1784031223,0.0,3.2384,101.681175,0.0
SCS20,weekday_2054,1784031283,0.0,3.2384,101.681175,0.0
DMU10(D6120),60,1784031245,10.0,5.318632,102.13204,0.0
EMU23,2918,1784031283,122.0,5.310492,100.47585,0.0
SCS32,weekday_2059,1784031280,0.0,3.136202,101.68917,0.0
EMU40,2991,1784031256,42.0,6.18182,100.37584,0.0
SCS08,weekday_2049,1784031256,0.0,2.741157,101.87252,0.0
EMU33,2919,1784031282,89.0,4.887938,100.720276,0.0
EMU26,2988,1784031281,0.0,5.481973,100.497795,0.0
EMU29,2915,1784031269,0.0,4.448587,101.05482,0.0
SCS04,2985,1784031268,15.0,5.635042,100.4896,0.0
DMU09,57,1784031262,12.0,5.379797,102.03327,0.0
EMU28,2984,1784031258,22.0,5.722288,100.51405,0.0
SCS28,weekday_2057,1784031258,0.0,3.097738,101.706,0.0
SCS26,2986,1784031249,113.0,5.612543,100.49652,0.0
EMU31,2987,1784031247,101.0,5.799525,100.482,0.0
EMU31,2987,1784031337,115.0,5.77533,100.49214,0.0
SCS32,weekday_2059,1784031310,0.0,3.136202,101.68917,0.0
DMU09,57,1784031337,0.0,5.378858,102.032524,0.0
SCS08,weekday_2049,1784031336,64.0,2.739467,101.878685,0.0
EMU40,2991,1784031331,116.0,6.163725,100.379135,0.0
DMU10(D6120),60,1784031335,17.0,5.316728,102.13615,0.0
EMU26,2988,1784031311,0.0,5.481973,100.497795,0.0
SCS26,2986,1784031294,115.0,5.625258,100.49356,0.0
SCS04,2985,1784031313,12.0,5.632947,100.49043,0.0
EMU28,2984,1784031348,16.0,5.727398,100.5121,0.0
EMU29,2915,1784031314,0.0,4.448508,101.05487,0.0
SCS28,weekday_2057,1784031348,0.0,3.097738,101.706,0.0
EMU23,2918,1784031313,115.0,5.318755,100.47215,0.0
EMU33,2919,1784031312,111.0,4.879985,100.72161,0.0
SCS28,weekday_2057,1784031363,0.0,3.097738,101.706,0.0
DMU09,57,1784031382,15.0,5.374568,102.031265,0.0
SCS08,weekday_2049,1784031376,83.0,2.739392,101.88645,0.0
SCS20,weekday_2054,1784031403,0.0,3.2384,101.681175,0.0
SCS04,2985,1784031403,20.0,5.627918,100.49253,0.0
EMU23,2918,1784031403,115.0,5.34491,100.46906,0.0
EMU40,2991,1784031391,119.0,6.145295,100.380394,0.0
DMU10(D6120),60,1784031350,8.0,5.316508,102.13669,0.0
EMU28,2984,1784031393,25.0,5.729857,100.51115,0.0
EMU29,2915,1784031389,0.0,4.448508,101.05487,0.0
EMU26,2988,1784031386,0.0,5.481973,100.497795,0.0
SCS26,2986,1784031384,6.0,5.64233,100.48992,0.0
EMU31,2987,1784031382,114.0,5.762878,100.497375,0.0
EMU33,2919,1784031402,89.0,4.859487,100.7339,0.0
SCS32,weekday_2059,1784031400,0.0,3.136202,101.68917,0.0
SCS26,2986,1784031429,0.0,5.642428,100.489944,0.0
EMU23,2918,1784031463,104.0,5.359963,100.461494,0.0
EMU33,2919,1784031462,4.0,4.85271,100.73194,0.0
EMU29,2915,1784031434,0.0,4.448597,101.054855,0.0
SCS32,weekday_2059,1784031460,0.0,3.136202,101.68917,0.0
SCS28,weekday_2057,1784031423,0.0,3.097738,101.706,0.0
SCS20,weekday_2054,1784031423,0.0,3.2384,101.681175,0.0
EMU31,2987,1784031457,91.0,5.742783,100.50617,0.0
DMU09,57,1784031457,12.0,5.371553,102.03089,0.0
SCS08,weekday_2049,1784031456,105.0,2.730192,101.89953,0.0
EMU28,2984,1784031453,22.0,5.73401,100.50956,0.0
EMU40,2991,1784031451,110.0,6.127815,100.37638,0.0
SCS04,2985,1784031448,19.0,5.624967,100.49377,0.0
EMU26,2988,1784031446,0.0,5.481973,100.497795,0.0
EMU28,2984,1784031513,25.0,5.737583,100.50819,0.0
DMU10(D6120),60,1784031530,31.0,5.311632,102.14295,0.0
SCS28,weekday_2057,1784031513,33.0,3.100527,101.70238,0.0
EMU29,2915,1784031524,0.0,4.44858,101.05497,0.0
SCS20,weekday_2054,1784031523,0.0,3.2384,101.681175,0.0
EMU40,2991,1784031496,56.0,6.117757,100.371796,0.0
EMU23,2918,1784031523,47.0,5.365963,100.4502,0.0
SCS04,2985,1784031523,13.0,5.621213,100.49534,0.0
SCS32,weekday_2059,1784031520,35.0,3.130023,101.681435,0.0
EMU33,2919,1784031522,0.0,4.85271,100.73193,0.0
SCS26,2986,1784031519,0.0,5.642428,100.489944,0.0
EMU26,2988,1784031521,0.0,5.481973,100.497795,0.0
EMU31,2987,1784031517,11.0,5.736565,100.50859,0.0
SCS08,weekday_2049,1784031516,74.0,2.725533,101.91358,0.0
EMU28,2984,1784031558,45.0,5.742743,100.506195,0.0
DMU10(D6120),60,1784031590,40.0,5.306935,102.14773,0.0
SCS04,2985,1784031583,23.0,5.61752,100.49673,0.0
EMU23,2918,1784031583,0.0,5.366298,100.44762,0.0
EMU33,2919,1784031582,36.0,4.851548,100.730835,0.0
SCS26,2986,1784031564,0.0,5.642428,100.489944,0.0
SCS20,weekday_2054,1784031563,0.0,3.238387,101.68108,0.0
DMU09,57,1784031562,31.0,5.368307,102.027435,0.0
EMU31,2987,1784031577,25.0,5.732827,100.510056,0.0
SCS28,weekday_2057,1784031573,59.0,3.105078,101.69677,0.0
EMU26,2988,1784031566,0.0,5.481973,100.497795,0.0
SCS08,weekday_2049,1784031576,33.0,2.723375,101.92244,0.0
EMU40,2991,1784031571,0.0,6.112817,100.36949,0.0
EMU29,2915,1784031569,0.0,4.44858,101.05497,0.0
SCS32,weekday_2059,1784031565,20.0,3.127327,101.67929,0.0
SCS28,weekday_2057,1784031633,67.0,3.111395,101.68889,0.0
EMU23,2918,1784031628,13.0,5.366342,100.44735,0.0
EMU33,2919,1784031627,90.0,4.84392,100.72847,0.0
EMU29,2915,1784031629,0.0,4.44858,101.05497,0.0
DMU09,57,1784031622,52.0,5.372325,102.022385,0.0
DMU10(D6120),60,1784031650,39.0,5.306543,102.15421,0.0
EMU40,2991,1784031646,92.0,6.105792,100.366615,0.0
SCS04,2985,1784031643,23.0,5.61338,100.496765,0.0
EMU26,2988,1784031641,0.0,5.481973,100.497795,0.0
SCS32,weekday_2059,1784031640,21.0,3.121548,101.67831,0.0
EMU31,2987,1784031622,26.0,5.729547,100.5113,0.0
SCS26,2986,1784031624,0.0,5.642428,100.489944,0.0
SCS20,weekday_2054,1784031623,0.0,3.238387,101.68108,0.0
EMU28,2984,1784031618,12.0,5.747575,100.504326,0.0
SCS08,weekday_2049,1784031616,47.0,2.723953,101.92615,0.0
SCS08,weekday_2049,1784031696,26.0,2.720918,101.93556,0.0
EMU29,2915,1784031689,0.0,4.448527,101.05489,0.0
SCS20,weekday_2054,1784031683,0.0,3.238387,101.68108,0.0
DMU09,57,1784031682,42.0,5.379127,102.01791,0.0
SCS32,weekday_2059,1784031700,0.0,3.118118,101.67886,0.0
SCS26,2986,1784031699,0.0,5.642428,100.489944,0.0
EMU31,2987,1784031697,27.0,5.724387,100.51328,0.0
SCS28,weekday_2057,1784031693,5.0,3.113097,101.682076,0.0
EMU28,2984,1784031693,12.0,5.750983,100.503,0.0
EMU40,2991,1784031691,118.0,6.094212,100.37183,0.0
DMU10(D6120),60,1784031710,0.0,5.308023,102.15713,0.0
SCS04,2985,1784031703,20.0,5.609028,100.495804,0.0
EMU23,2918,1784031703,84.0,5.364523,100.43593,0.0
EMU33,2919,1784031702,114.0,4.827342,100.735985,0.0
EMU26,2988,1784031701,0.0,5.481973,100.497795,0.0
DMU09,57,1784031727,15.0,5.379593,102.01422,0.0
EMU40,2991,1784031751,115.0,6.077732,100.380875,0.0
EMU28,2984,1784031738,20.0,5.753357,100.501976,0.0
DMU10(D6120),60,1784031770,48.0,5.309422,102.159386,0.0
EMU23,2918,1784031763,61.0,5.363542,100.42394,0.0
EMU26,2988,1784031761,0.0,5.481973,100.497795,0.0
SCS08,weekday_2049,1784031756,0.0,2.718675,101.94079,0.0
SCS26,2986,1784031759,0.0,5.642428,100.489944,0.0
SCS28,weekday_2057,1784031753,6.0,3.113267,101.681725,0.0
SCS32,weekday_2059,1784031745,0.0,3.118043,101.67894,0.0
SCS04,2985,1784031733,14.0,5.607382,100.49544,0.0
EMU31,2987,1784031742,26.0,5.720982,100.514336,0.0
EMU29,2915,1784031749,0.0,4.448527,101.05489,0.0
EMU33,2919,1784031747,109.0,4.81467,100.73995,0.0
EMU33,2919,1784031820,113.0,4.796915,100.75129,0.0
EMU28,2984,1784031813,13.0,5.757172,100.50011,0.0
SCS32,weekday_2059,1784031775,26.0,3.11727,101.67905,0.0
SCS26,2986,1784031819,0.0,5.642428,100.489944,0.0
EMU31,2987,1784031817,24.0,5.715405,100.51358,0.0
DMU09,57,1784031817,7.0,5.37811,102.01071,0.0
EMU40,2991,1784031811,119.0,6.061733,100.38993,0.0
SCS04,2985,1784031823,24.0,5.601822,100.49418,0.0
EMU23,2918,1784031823,0.0,5.364605,100.42121,0.0
SCS08,weekday_2049,1784031816,0.0,2.718675,101.94079,0.0
DMU10(D6120),60,1784031815,54.0,5.312522,102.165276,0.0
SCS28,weekday_2057,1784031813,34.0,3.116118,101.67947,0.0
EMU29,2915,1784031809,0.0,4.448527,101.05489,0.0
EMU26,2988,1784031821,0.0,5.481973,100.497795,0.0
SCS08,weekday_2049,1784031856,0.0,2.718675,101.94079,0.0
SCS26,2986,1784031879,0.0,5.642428,100.489944,0.0
DMU09,57,1784031877,0.0,5.376987,102.01009,0.0
EMU31,2987,1784031877,24.0,5.711068,100.51248,0.0
EMU28,2984,1784031858,15.0,5.759172,100.49915,0.0
EMU29,2915,1784031884,0.0,4.448482,101.0549,0.0
DMU10(D6120),60,1784031815,54.0,5.312522,102.165276,0.0
SCS04,2985,1784031883,22.0,5.597583,100.49326,0.0
EMU23,2918,1784031883,97.0,5.367727,100.41318,0.0
EMU26,2988,1784031881,0.0,5.481973,100.497795,0.0
EMU33,2919,1784031880,116.0,4.786565,100.76582,0.0
SCS28,weekday_2057,1784031858,0.0,3.117902,101.67898,0.0
EMU40,2991,1784031856,119.0,6.049388,100.39693,0.0
SCS08,weekday_2049,1784031896,21.0,2.718057,101.941666,0.0
EMU33,2919,1784031940,116.0,4.781365,100.783,0.0
SCS26,2986,1784031924,0.0,5.642337,100.48995,0.0
DMU09,57,1784031922,0.0,5.376987,102.01009,0.0
EMU26,2988,1784031896,0.0,5.481973,100.497795,0.0
EMU31,2987,1784031922,26.0,5.70771,100.511635,0.0
EMU29,2915,1784031944,0.0,4.448482,101.0549,0.0
SCS04,2985,1784031943,22.0,5.593257,100.49314,0.0
EMU28,2984,1784031933,16.0,5.76344,100.49706,0.0
SCS28,weekday_2057,1784031933,0.0,3.117902,101.67898,0.0
EMU23,2918,1784031898,101.0,5.36914,100.4095,0.0
EMU28,2984,1784031993,17.0,5.766715,100.49547,0.0
EMU31,2987,1784031982,25.0,5.70326,100.510506,0.0
SCS26,2986,1784031984,0.0,5.642337,100.48995,0.0
EMU40,2991,1784031982,120.0,6.015752,100.415924,0.0
DMU09,57,1784031982,0.0,5.376987,102.01009,0.0
EMU29,2915,1784032004,0.0,4.448575,101.05486,0.0
SCS04,2985,1784032003,11.0,5.589992,100.493645,0.0
EMU23,2918,1784032003,91.0,5.381185,100.38543,0.0
EMU26,2988,1784032001,0.0,5.481973,100.497795,0.0
SCS28,weekday_2057,1784031993,12.0,3.12033,101.67824,0.0
EMU33,2919,1784031985,114.0,4.777455,100.79592,0.0
SCS08,weekday_2049,1784031996,57.0,2.713797,101.94796,0.0
EMU31,2987,1784032042,23.0,5.69893,100.50941,0.0
DMU09,57,1784032042,0.0,5.376987,102.01009,0.0
EMU40,2991,1784032033,115.0,6.00202,100.4237,0.0
EMU26,2988,1784032031,0.0,5.481973,100.497795,0.0
EMU29,2915,1784032049,0.0,4.448575,101.05486,0.0
SCS04,2985,1784032048,12.0,5.58824,100.493935,0.0
SCS28,weekday_2057,1784032038,24.0,3.123332,101.67806,0.0
EMU28,2984,1784032068,24.0,5.771505,100.49356,0.0
SCS08,weekday_2049,1784032036,94.0,2.707133,101.952576,0.0
EMU33,2919,1784032060,0.0,4.776672,100.799126,0.0
SCS26,2986,1784032044,0.0,5.642337,100.48995,0.0
EMU23,2918,1784032048,42.0,5.385352,100.37761,0.0
EMU29,2915,1784032109,0.0,4.448562,101.05476,0.0
SCS26,2986,1784032104,0.0,5.642337,100.48995,0.0
EMU31,2987,1784032102,61.0,5.693412,100.5066,0.0
EMU23,2918,1784032123,3.0,5.387592,100.37304,0.0
SCS04,2985,1784032123,18.0,5.584488,100.49452,0.0
EMU26,2988,1784032121,0.0,5.481973,100.497795,0.0
SCS08,weekday_2049,1784032116,90.0,2.695708,101.96912,0.0
EMU28,2984,1784032113,24.0,5.774587,100.49236,0.0
EMU40,2991,1784032108,98.0,5.983582,100.434105,0.0
SCS28,weekday_2057,1784032113,12.0,3.127427,101.6793,0.0
DMU09,57,1784032102,5.0,5.37688,102.010025,0.0
EMU33,2919,1784032120,115.0,4.776513,100.83622,0.0
EMU26,2988,1784032181,0.0,5.481973,100.497795,0.0
EMU28,2984,1784032173,19.0,5.778532,100.49085,0.0
EMU29,2915,1784032169,0.0,4.448435,101.05494,0.0
EMU31,2987,1784032147,32.0,5.687683,100.50271,0.0
SCS04,2985,1784032168,9.0,5.581947,100.494934,0.0
EMU33,2919,1784032180,78.0,4.778917,100.85313,0.0
SCS28,weekday_2057,1784032173,11.0,3.129915,101.681335,0.0
DMU09,57,1784032162,9.0,5.374445,102.00922,0.0
SCS08,weekday_2049,1784032156,10.0,2.69023,101.97186,0.0
EMU23,2918,1784032183,27.0,5.388967,100.37161,0.0
EMU40,2991,1784032183,8.0,5.971985,100.44069,0.0
SCS26,2986,1784032149,0.0,5.642337,100.48995,0.0
EMU31,2987,1784032252,22.0,5.68301,100.499535,0.0
SCS08,weekday_2049,1784032236,53.0,2.687758,101.97287,0.0
EMU26,2988,1784032241,0.0,5.481973,100.497795,0.0
EMU29,2915,1784032244,0.0,4.448435,101.05494,0.0
EMU33,2919,1784032240,0.0,4.778013,100.85776,0.0
EMU28,2984,1784032248,15.0,5.782627,100.489136,0.0
SCS28,weekday_2057,1784032248,11.0,3.130768,101.68197,0.0
EMU23,2918,1784032243,28.0,5.391542,100.36892,0.0
SCS04,2985,1784032243,15.0,5.578118,100.49555,0.0
EMU40,2991,1784032243,48.0,5.970553,100.441475,0.0
SCS26,2986,1784032254,0.0,5.642337,100.48995,0.0
DMU09,57,1784032252,40.0,5.36823,102.00827,0.0
SCS26,2986,1784032314,0.0,5.642337,100.48995,0.0
EMU31,2987,1784032312,25.0,5.679333,100.497055,0.0
SCS04,2985,1784032273,26.0,5.576173,100.495865,0.0
EMU33,2919,1784032300,56.0,4.77745,100.860794,0.0
SCS28,weekday_2057,1784032293,0.0,3.132357,101.68351,0.0
EMU29,2915,1784032289,0.0,4.448505,101.05486,0.0
EMU40,2991,1784032288,102.0,5.962037,100.44628,0.0
SCS08,weekday_2049,1784032296,89.0,2.677058,101.980064,0.0
EMU23,2918,1784032288,9.0,5.393367,100.36643,0.0
EMU26,2988,1784032286,0.0,5.481973,100.497795,0.0
EMU28,2984,1784032293,53.0,5.785568,100.487656,0.0
DMU09,57,1784032282,28.0,5.364818,102.00791,0.0
SCS28,weekday_2057,1784032368,0.0,3.132357,101.68351,0.0
EMU29,2915,1784032364,0.0,4.448505,101.05497,0.0
EMU26,2988,1784032361,0.0,5.481973,100.497795,0.0
SCS08,weekday_2049,1784032356,96.0,2.667817,101.99103,0.0
EMU33,2919,1784032360,114.0,4.772292,100.873985,0.0
SCS26,2986,1784032359,0.0,5.642337,100.48995,0.0
EMU31,2987,1784032357,25.0,5.676145,100.495735,0.0
EMU28,2984,1784032353,24.0,5.792727,100.484085,0.0
EMU40,2991,1784032348,120.0,5.946072,100.455315,0.0
DMU09,57,1784032342,48.0,5.359687,102.008156,0.0
SCS04,2985,1784032333,51.0,5.56767,100.49725,0.0
SCS08,weekday_2049,1784032416,14.0,2.660463,101.99632,0.0
SCS26,2986,1784032419,0.0,5.642337,100.48995,0.0
DMU09,57,1784032417,52.0,5.349345,102.01093,0.0
EMU31,2987,1784032417,25.0,5.671685,100.49495,0.0
EMU26,2988,1784032406,0.0,5.481973,100.497795,0.0
EMU28,2984,1784032413,18.0,5.795863,100.48292,0.0
SCS28,weekday_2057,1784032413,0.0,3.132357,101.68351,0.0
EMU33,2919,1784032390,110.0,4.771165,100.882706,0.0
EMU29,2915,1784032394,0.0,4.448482,101.05488,0.0
EMU40,2991,1784032393,118.0,5.933207,100.461105,0.0
SCS04,2985,1784032393,9.0,5.563828,100.49789,0.0
SCS26,2986,1784032479,0.0,5.642337,100.48995,0.0
EMU29,2915,1784032454,0.0,4.448507,101.05496,0.0
SCS04,2985,1784032453,21.0,5.560182,100.49848,0.0
EMU40,2991,1784032453,117.0,5.91565,100.467865,0.0
DMU09,57,1784032477,57.0,5.341028,102.014015,0.0
EMU33,2919,1784032480,94.0,4.777238,100.90543,0.0
EMU31,2987,1784032492,0.0,5.666102,100.49398,0.0
DMU10(D6120),60,1784032490,42.0,5.334985,102.20935,0.0
EMU26,2988,1784032481,0.0,5.481973,100.497795,0.0
EMU28,2984,1784032473,23.0,5.79994,100.48193,0.0
SCS28,weekday_2057,1784032473,0.0,3.132357,101.68351,0.0
SCS08,weekday_2049,1784032476,8.0,2.660092,101.99667,0.0
SCS08,weekday_2049,1784032536,71.0,2.65724,102.00385,0.0
DMU09,57,1784032522,61.0,5.334055,102.01668,0.0
DMU10(D6120),60,1784032535,37.0,5.335408,102.21439,0.0
EMU29,2915,1784032529,0.0,4.448507,101.05496,0.0
EMU40,2991,1784032528,120.0,5.894313,100.47606,0.0
SCS04,2985,1784032528,24.0,5.55492,100.499344,0.0
EMU28,2984,1784032518,22.0,5.803022,100.481155,0.0
SCS28,weekday_2057,1784032518,0.0,3.132357,101.68351,0.0
EMU26,2988,1784032541,0.0,5.481973,100.497795,0.0
SCS26,2986,1784032539,0.0,5.642337,100.48995,0.0
EMU33,2919,1784032541,0.0,4.774967,100.92093,0.0
EMU31,2987,1784032520,26.0,5.663668,100.49357,0.0
SCS26,2986,1784032599,0.0,5.642337,100.48995,0.0
DMU09,57,1784032597,61.0,5.321893,102.020004,0.0
SCS08,weekday_2049,1784032596,97.0,2.655232,102.01721,0.0
EMU33,2919,1784032595,34.0,4.776168,100.93172,0.0
SCS04,2985,1784032588,21.0,5.550738,100.500046,0.0
SCS28,weekday_2057,1784032593,0.0,3.132357,101.68351,0.0
EMU29,2915,1784032589,0.0,4.448562,101.054886,0.0
EMU28,2984,1784032593,25.0,5.80778,100.47997,0.0
EMU40,2991,1784032573,116.0,5.880413,100.47696,0.0
EMU26,2988,1784032571,0.0,5.481973,100.497795,0.0
DMU10(D6120),60,1784032610,36.0,5.338438,102.21984,0.0
EMU31,2987,1784032610,3.0,5.656347,100.492325,0.0
EMU40,2991,1784032633,117.0,5.861812,100.47694,0.0
EMU31,2987,1784032670,0.0,5.656158,100.49229,0.0
EMU33,2919,1784032670,53.0,4.778,100.934425,0.0
DMU10(D6120),60,1784032670,33.0,5.344912,102.222115,0.0
SCS08,weekday_2049,1784032656,128.0,2.646083,102.031265,0.0
SCS04,2985,1784032648,19.0,5.546982,100.5007,0.0
EMU29,2915,1784032649,0.0,4.448562,101.054886,0.0
EMU28,2984,1784032638,17.0,5.810078,100.47941,0.0
SCS28,weekday_2057,1784032638,0.0,3.132357,101.68351,0.0
SCS26,2986,1784032674,28.0,5.644037,100.4902,0.0
DMU09,57,1784032672,41.0,5.310912,102.02102,0.0
EMU26,2988,1784032631,0.0,5.481973,100.497795,0.0
EMU26,2988,1784032721,0.0,5.481973,100.497795,0.0
EMU28,2984,1784032698,15.0,5.814012,100.47883,0.0
DMU09,57,1784032732,27.0,5.30508,102.022514,0.0
DMU10(D6120),60,1784032730,53.0,5.352588,102.22389,0.0
EMU31,2987,1784032730,0.0,5.656158,100.49229,0.0
EMU33,2919,1784032730,112.0,4.792117,100.93642,0.0
SCS04,2985,1784032693,18.0,5.544487,100.50143,0.0
SCS08,weekday_2049,1784032716,130.0,2.636298,102.04767,0.0
SCS28,weekday_2057,1784032713,17.0,3.138433,101.69313,0.0
SCS26,2986,1784032719,37.0,5.648593,100.490974,0.0
EMU40,2991,1784032708,119.0,5.838602,100.47689,0.0
EMU29,2915,1784032724,0.0,4.448562,101.054886,0.0
DMU09,57,1784032762,25.0,5.302647,102.02205,0.0
SCS08,weekday_2049,1784032776,125.0,2.629203,102.065765,0.0
EMU29,2915,1784032769,0.0,4.448562,101.054886,0.0
SCS26,2986,1784032779,33.0,5.654845,100.49203,0.0
SCS04,2985,1784032768,25.0,5.539203,100.502914,0.0
SCS28,weekday_2057,1784032773,12.0,3.139303,101.693535,0.0
EMU31,2987,1784032790,0.0,5.656158,100.49229,0.0
DMU10(D6120),60,1784032790,57.0,5.3619,102.22535,0.0
EMU33,2919,1784032790,112.0,4.805848,100.94684,0.0
EMU26,2988,1784032781,0.0,5.481973,100.497795,0.0
EMU28,2984,1784032758,28.0,5.817522,100.478516,0.0
DMU10(D6120),60,1784032820,58.0,5.366712,102.22614,0.0
SCS04,2985,1784032843,22.0,5.534023,100.50437,0.0
EMU26,2988,1784032841,0.0,5.481973,100.497795,0.0
SCS26,2986,1784032839,13.0,5.659247,100.49274,0.0
DMU09,57,1784032837,0.0,5.300253,102.02031,0.0
EMU29,2915,1784032829,0.0,4.448562,101.054886,0.0
EMU40,2991,1784032828,0.0,5.824278,100.47801,0.0
SCS08,weekday_2049,1784032836,130.0,2.616208,102.08025,0.0
EMU33,2919,1784032835,114.0,4.817945,100.95165,0.0
EMU31,2987,1784032835,0.0,5.656158,100.49229,0.0
EMU28,2984,1784032833,0.0,5.824903,100.47792,0.0
SCS28,weekday_2057,1784032833,16.0,3.142452,101.693794,0.0
EMU33,2919,1784032880,116.0,4.831278,100.95375,0.0
SCS26,2986,1784032914,0.0,5.661145,100.493034,0.0
SCS08,weekday_2049,1784032896,113.0,2.599612,102.090744,0.0
EMU29,2915,1784032889,0.0,4.448562,101.054886,0.0
SCS04,2985,1784032888,20.0,5.531195,100.505165,0.0
EMU40,2991,1784032888,92.0,5.816003,100.478676,0.0
EMU31,2987,1784032910,37.0,5.654065,100.491936,0.0
DMU10(D6120),60,1784032910,17.0,5.374555,102.23169,0.0
EMU26,2988,1784032886,0.0,5.481973,100.497795,0.0
SCS28,weekday_2057,1784032893,31.0,3.145752,101.69169,0.0
EMU28,2984,1784032893,39.0,5.825992,100.47785,0.0
DMU09,57,1784032897,6.0,5.300065,102.02012,0.0
DMU10(D6120),60,1784032970,25.0,5.377693,102.23394,0.0
EMU40,2991,1784032963,113.0,5.795335,100.48307,0.0
SCS04,2985,1784032963,24.0,5.526935,100.50635,0.0
EMU26,2988,1784032961,0.0,5.481973,100.497795,0.0
SCS21,weekday_2035,1784032939,0.0,2.464225,102.22465,0.0
DMU09,57,1784032972,16.0,5.296655,102.01925,0.0
EMU28,2984,1784032971,98.0,5.842205,100.476845,0.0
EMU31,2987,1784032970,41.0,5.647833,100.49084,0.0
EMU33,2919,1784032970,116.0,4.842408,100.97853,0.0
SCS28,weekday_2057,1784032938,44.0,3.151775,101.69101,0.0
SCS26,2986,1784032959,0.0,5.661145,100.493034,0.0
EMU29,2915,1784032949,0.0,4.448562,101.054886,0.0
SCS08,weekday_2049,1784032956,0.0,2.592538,102.09491,0.0
EMU29,2915,1784033024,0.0,4.448562,101.054886,0.0
SCS04,2985,1784033008,21.0,5.52395,100.50719,0.0
EMU40,2991,1784033008,118.0,5.782693,100.48913,0.0
SCS28,weekday_2057,1784033013,0.0,3.153815,101.69235,0.0
EMU26,2988,1784033006,0.0,5.481973,100.497795,0.0
SCS21,weekday_2035,1784032999,0.0,2.464225,102.22465,0.0
SCS26,2986,1784033004,0.0,5.661145,100.493034,0.0
DMU09,57,1784033002,18.0,5.294952,102.01895,0.0
SCS08,weekday_2049,1784032996,5.0,2.592425,102.09498,0.0
EMU28,2984,1784033031,113.0,5.85785,100.47687,0.0
EMU33,2919,1784033030,116.0,4.845437,100.99652,0.0
EMU31,2987,1784033030,11.0,5.642988,100.490005,0.0
DMU10(D6120),60,1784033030,28.0,5.382568,102.23331,0.0
EMU40,2991,1784033083,118.0,5.761142,100.498245,0.0
SCS28,weekday_2057,1784033013,0.0,3.153815,101.69235,0.0
DMU09,57,1784033077,19.0,5.291093,102.01676,0.0
EMU26,2988,1784033081,0.0,5.481973,100.497795,0.0
SCS08,weekday_2049,1784033076,115.0,2.580943,102.10189,0.0
DMU10(D6120),60,1784033090,19.0,5.387073,102.232,0.0
EMU31,2987,1784033090,0.0,5.6428,100.489975,0.0
EMU33,2919,1784033090,113.0,4.839727,101.01398,0.0
EMU29,2915,1784033084,0.0,4.44838,101.05494,0.0
SCS04,2985,1784033083,55.0,5.51676,100.5073,0.0
SCS21,weekday_2035,1784033074,0.0,2.464225,102.22465,0.0
SCS26,2986,1784033079,0.0,5.661145,100.493034,0.0
EMU28,2984,1784033076,117.0,5.871688,100.47688,0.0
DMU10(D6120),60,1784033150,15.0,5.390633,102.232056,0.0
EMU31,2987,1784033150,48.0,5.638018,100.48917,0.0
EMU33,2919,1784033150,108.0,4.82836,101.02677,0.0
EMU26,2988,1784033141,0.0,5.481973,100.497795,0.0
SCS26,2986,1784033139,0.0,5.661145,100.493034,0.0
SCS21,weekday_2035,1784033134,0.0,2.464225,102.22465,0.0
SCS04,2985,1784033128,14.0,5.511267,100.50579,0.0
EMU40,2991,1784033128,95.0,5.748768,100.50389,0.0
SCS08,weekday_2049,1784033116,127.0,2.569813,102.10884,0.0
DMU09,57,1784033137,23.0,5.289542,102.01316,0.0
EMU28,2984,1784033136,117.0,5.890022,100.47691,0.0
EMU29,2915,1784033129,8.0,4.446385,101.0558,0.0
SCS20,weekday_2063,1784033103,0.0,3.238387,101.68108,0.0
DMU09,57,1784033197,20.0,5.291033,102.00952,0.0
SCS26,2986,1784033214,0.0,5.661145,100.493034,0.0
EMU28,2984,1784033211,117.0,5.911547,100.4694,0.0
DMU10(D6120),60,1784033210,0.0,5.391713,102.23199,0.0
SCS08,weekday_2049,1784033196,128.0,2.554993,102.130745,0.0
EMU31,2987,1784033195,87.0,5.629777,100.491684,0.0
EMU33,2919,1784033210,116.0,4.823698,101.042656,0.0
EMU29,2915,1784033204,7.0,4.444233,101.056595,0.0
SCS20,weekday_2063,1784033183,0.0,3.238387,101.68108,0.0
SCS04,2985,1784033203,19.0,5.507268,100.504715,0.0
EMU40,2991,1784033203,26.0,5.737937,100.50808,0.0
EMU26,2988,1784033201,0.0,5.481973,100.497795,0.0
SCS26,2986,1784033274,0.0,5.661145,100.493034,0.0
DMU09,57,1784033272,21.0,5.289462,102.00551,0.0
EMU28,2984,1784033271,117.0,5.92876,100.46281,0.0
EMU31,2987,1784033270,117.0,5.610538,100.49609,0.0
DMU10(D6120),60,1784033270,14.0,5.393197,102.232025,0.0
EMU29,2915,1784033249,0.0,4.44372,101.05683,0.0
SCS04,2985,1784033248,22.0,5.504335,100.50394,0.0
EMU26,2988,1784033246,0.0,5.481973,100.497795,0.0
SCS20,weekday_2063,1784033243,0.0,3.234387,101.6796,0.0
SCS08,weekday_2049,1784033256,126.0,2.542302,102.14587,0.0
EMU40,2991,1784033248,14.0,5.735817,100.50888,0.0
EMU33,2919,1784033263,112.0,4.825287,101.05816,0.0
EMU28,2984,1784033301,118.0,5.93741,100.45946,0.0
EMU31,2987,1784033300,106.0,5.602048,100.49416,0.0
SCS08,weekday_2049,1784033316,127.0,2.530022,102.161285,0.0
SCS26,2986,1784033334,0.0,5.661145,100.493034,0.0
DMU09,57,1784033332,23.0,5.284903,102.0062,0.0
DMU10(D6120),60,1784033330,32.0,5.397702,102.23204,0.0
EMU29,2915,1784033309,0.0,4.44372,101.05683,0.0
EMU33,2919,1784033323,37.0,4.819038,101.07053,0.0
EMU40,2991,1784033323,26.0,5.73089,100.51079,0.0
SCS04,2985,1784033323,21.0,5.499263,100.50258,0.0
EMU26,2988,1784033321,0.0,5.481973,100.497795,0.0
SCS20,weekday_2063,1784033283,86.0,3.228227,101.673,0.0
EMU33,2919,1784033353,0.0,4.818443,101.07149,0.0
SCS08,weekday_2049,1784033356,125.0,2.518753,102.16791,0.0
SCS26,2986,1784033349,0.0,5.661145,100.493034,0.0
DMU09,57,1784033347,18.0,5.284032,102.0063,0.0
SCS04,2985,1784033353,21.0,5.497352,100.50206,0.0
EMU28,2984,1784033361,113.0,5.953453,100.45111,0.0
EMU40,2991,1784033353,27.0,5.728635,100.511665,0.0
EMU31,2987,1784033375,113.0,5.58065,100.49504,0.0
DMU10(D6120),60,1784033390,33.0,5.40288,102.23147,0.0
EMU29,2915,1784033384,0.0,4.44372,101.05683,0.0
SCS20,weekday_2063,1784033383,0.0,3.215078,101.67223,0.0
EMU26,2988,1784033381,0.0,5.481973,100.497795,0.0
DMU10(D6120),60,1784033450,25.0,5.408568,102.231544,0.0
EMU31,2987,1784033450,110.0,5.55904,100.49857,0.0
EMU29,2915,1784033444,11.0,4.44547,101.05593,0.0
SCS08,weekday_2049,1784033436,125.0,2.494365,102.17778,0.0
EMU40,2991,1784033443,24.0,5.72274,100.51392,0.0
EMU33,2919,1784033443,105.0,4.808792,101.08062,0.0
EMU26,2988,1784033441,0.0,5.481973,100.497795,0.0
SCS26,2986,1784033439,0.0,5.661145,100.493034,0.0
DMU09,57,1784033437,51.0,5.272937,102.008675,0.0
SCS20,weekday_2063,1784033423,71.0,3.211887,101.672104,0.0
EMU28,2984,1784033451,44.0,5.970875,100.44127,0.0
EMU28,2984,1784033496,0.0,5.9723,100.44047,0.0
SCS08,weekday_2049,1784033496,127.0,2.474708,102.18095,0.0
DMU10(D6120),60,1784033495,41.0,5.411387,102.233894,0.0
SCS20,weekday_2063,1784033503,0.0,3.205357,101.67534,0.0
EMU40,2991,1784033503,20.0,5.718732,100.51435,0.0
SCS26,2986,1784033499,0.0,5.661145,100.493034,0.0
DMU09,57,1784033497,0.0,5.268392,102.00949,0.0
EMU31,2987,1784033495,109.0,5.546228,100.50084,0.0
SCS04,2985,1784033457,62.0,5.488913,100.49979,0.0
EMU33,2919,1784033488,115.0,4.799412,101.09007,0.0
EMU26,2988,1784033486,0.0,5.481973,100.497795,0.0
EMU29,2915,1784033489,12.0,4.44709,101.05514,0.0
EMU33,2919,1784033563,113.0,4.78025,101.10138,0.0
EMU29,2915,1784033534,16.0,4.44928,101.05413,0.0
EMU40,2991,1784033563,24.0,5.714415,100.51333,0.0
SCS20,weekday_2063,1784033563,9.0,3.205245,101.67541,0.0
EMU26,2988,1784033561,0.0,5.481973,100.497795,0.0
DMU09,57,1784033557,19.0,5.267758,102.0095,0.0
SCS26,2986,1784033574,0.0,5.661145,100.493034,0.0
SCS08,weekday_2049,1784033556,125.0,2.455557,102.184975,0.0
EMU28,2984,1784033571,86.0,5.97823,100.43712,0.0
DMU10(D6120),60,1784033570,40.0,5.418765,102.23949,0.0
EMU31,2987,1784033570,111.0,5.525687,100.50666,0.0
SCS20,weekday_2063,1784033603,51.0,3.200882,101.679054,0.0
SCS26,2986,1784033619,0.0,5.661145,100.493034,0.0
DMU09,57,1784033617,51.0,5.260858,102.009926,0.0
DMU10(D6120),60,1784033615,30.0,5.423053,102.23848,0.0
EMU26,2988,1784033621,0.0,5.481973,100.497795,0.0
EMU28,2984,1784033631,110.0,5.992268,100.429184,0.0
EMU31,2987,1784033630,105.0,5.508835,100.50509,0.0
EMU33,2919,1784033623,116.0,4.766828,101.11306,0.0
EMU40,2991,1784033623,24.0,5.710012,100.512215,0.0
SCS08,weekday_2049,1784033616,125.0,2.457938,102.20124,0.0
EMU29,2915,1784033609,21.0,4.453552,101.05215,0.0
SCS08,weekday_2049,1784033676,73.0,2.47017,102.21093,0.0
EMU29,2915,1784033669,34.0,4.457658,101.05026,0.0
EMU40,2991,1784033668,25.0,5.70669,100.511375,0.0
EMU33,2919,1784033668,116.0,4.754132,101.11838,0.0
SCS26,2986,1784033694,0.0,5.661145,100.493034,0.0
DMU09,57,1784033692,42.0,5.25064,102.010086,0.0
EMU28,2984,1784033691,112.0,6.007783,100.42041,0.0
DMU10(D6120),60,1784033690,35.0,5.43096,102.23623,0.0
EMU31,2987,1784033690,30.0,5.497718,100.50209,0.0
SCS20,weekday_2063,1784033683,33.0,3.198363,101.68122,0.0
EMU26,2988,1784033681,0.0,5.481973,100.497795,0.0
EMU29,2915,1784033729,33.0,4.463015,101.047775,0.0
EMU33,2919,1784033728,115.0,4.736583,101.121735,0.0
EMU40,2991,1784033728,24.0,5.702403,100.51029,0.0
SCS08,weekday_2049,1784033716,53.0,2.468845,102.21682,0.0
DMU09,57,1784033737,0.0,5.248773,102.009766,0.0
SCS26,2986,1784033754,0.0,5.661145,100.493034,0.0
EMU28,2984,1784033751,110.0,6.02348,100.41155,0.0
SCS20,weekday_2063,1784033743,44.0,3.191905,101.68675,0.0
SCS04,2985,1784033742,116.0,5.445413,100.49139,0.0
EMU31,2987,1784033742,15.0,5.494618,100.501274,0.0
EMU26,2988,1784033741,0.0,5.481973,100.497795,0.0
DMU10(D6120),60,1784033735,29.0,5.435188,102.23622,0.0
EMU28,2984,1784033811,113.0,6.039027,100.402756,0.0
SCS04,2985,1784033802,117.0,5.42861,100.48436,0.0
EMU31,2987,1784033802,12.0,5.493608,100.501,0.0
SCS08,weekday_2049,1784033790,27.0,2.46453,102.224724,0.0
SCS20,weekday_2063,1784033783,45.0,3.18763,101.6895,0.0
SCS26,2986,1784033799,0.0,5.661145,100.493034,0.0
DMU09,57,1784033797,31.0,5.247255,102.00957,0.0
DMU10(D6120),60,1784033795,40.0,5.44006,102.233345,0.0
EMU29,2915,1784033789,87.0,4.47152,101.04285,0.0
EMU40,2991,1784033788,24.0,5.69804,100.50913,0.0
EMU33,2919,1784033788,117.0,4.718315,101.12249,0.0
EMU26,2988,1784033786,0.0,5.481973,100.497795,0.0
EMU26,2988,1784033846,0.0,5.481973,100.497795,0.0
EMU29,2915,1784033849,86.0,4.485407,101.04281,0.0
SCS20,weekday_2063,1784033843,0.0,3.182675,101.68888,0.0
SCS26,2986,1784033859,0.0,5.661145,100.493034,0.0
DMU09,57,1784033857,53.0,5.239082,102.00949,0.0
SCS08,weekday_2049,1784033850,0.0,2.463383,102.226746,0.0
EMU40,2991,1784033848,26.0,5.693978,100.507,0.0
EMU33,2919,1784033848,115.0,4.70401,101.13323,0.0
EMU28,2984,1784033871,114.0,6.05444,100.39403,0.0
DMU10(D6120),60,1784033870,33.0,5.447013,102.230774,0.0
EMU31,2987,1784033862,53.0,5.48651,100.49909,0.0
SCS04,2985,1784033862,119.0,5.41274,100.47538,0.0
SCS04,2985,1784033922,116.0,5.39458,100.471245,0.0
EMU31,2987,1784033922,0.0,5.48193,100.49786,0.0
SCS26,2986,1784033919,0.0,5.661145,100.493034,0.0
DMU09,57,1784033917,14.0,5.231065,102.0102,0.0
EMU40,2991,1784033908,22.0,5.690107,100.50438,0.0
EMU33,2919,1784033908,112.0,4.68845,101.14166,0.0
EMU26,2988,1784033906,0.0,5.481973,100.497795,0.0
SCS20,weekday_2063,1784033883,0.0,3.182675,101.68888,0.0
EMU28,2984,1784033916,117.0,6.06644,100.38726,0.0
DMU10(D6120),60,1784033915,39.0,5.451457,102.230865,0.0
EMU33,2919,1784033953,119.0,4.675573,101.13788,0.0
SCS04,2985,1784033952,116.0,5.385517,100.47012,0.0
EMU26,2988,1784033951,0.0,5.481973,100.497795,0.0
SCS26,2986,1784033979,0.0,5.661145,100.493034,0.0
EMU31,2987,1784033967,24.0,5.481273,100.49769,0.0
EMU28,2984,1784033976,112.0,6.082498,100.378456,0.0
SCS20,weekday_2063,1784033963,2.0,3.18266,101.68881,0.0
DMU09,57,1784033992,16.0,5.230412,102.0103,0.0
DMU10(D6120),60,1784033990,47.0,5.460223,102.227516,0.0
EMU40,2991,1784033983,15.0,5.686513,100.5019,0.0
EMU40,2991,1784034028,24.0,5.684402,100.50047,0.0
SCS20,weekday_2063,1784034023,24.0,3.17729,101.68639,0.0
EMU33,2919,1784034016,119.0,4.659902,101.125786,0.0
EMU28,2984,1784034051,96.0,6.100272,100.368385,0.0
DMU10(D6120),60,1784034050,44.0,5.466815,102.22493,0.0
EMU31,2987,1784034042,79.0,5.471612,100.49594,0.0
SCS04,2985,1784034042,41.0,5.361948,100.46718,0.0
EMU26,2988,1784034041,6.0,5.48346,100.4982,0.0
DMU09,57,1784034022,43.0,5.227803,102.01074,0.0
SCS26,2986,1784034039,0.0,5.661145,100.493034,0.0
EMU33,2919,1784034091,118.0,4.64205,101.112434,0.0
SCS04,2985,1784034087,47.0,5.357147,100.46529,0.0
SCS20,weekday_2063,1784034103,20.0,3.172745,101.68479,0.0
EMU40,2991,1784034103,28.0,5.679398,100.4971,0.0
EMU31,2987,1784034102,112.0,5.456277,100.49421,0.0
SCS26,2986,1784034084,0.0,5.661145,100.493034,0.0
DMU09,57,1784034082,32.0,5.219912,102.011826,0.0
EMU28,2984,1784034111,46.0,6.111267,100.36878,0.0
DMU10(D6120),60,1784034110,34.0,5.472955,102.22203,0.0
EMU26,2988,1784034101,13.0,5.486077,100.49889,0.0
SCS26,2986,1784034144,0.0,5.661145,100.493034,0.0
EMU28,2984,1784034171,0.0,6.113235,100.36966,0.0
DMU10(D6120),60,1784034170,21.0,5.477507,102.21994,0.0
SCS04,2985,1784034162,74.0,5.364147,100.45773,0.0
SCS20,weekday_2063,1784034103,20.0,3.172745,101.68479,0.0
DMU09,57,1784034157,2.0,5.213992,102.012474,0.0
EMU40,2991,1784034148,26.0,5.676073,100.49576,0.0
EMU33,2919,1784034151,78.0,4.630348,101.10357,0.0
EMU31,2987,1784034147,114.0,5.443267,100.49076,0.0
EMU26,2988,1784034146,23.0,5.48853,100.49964,0.0
EMU40,2991,1784034223,23.0,5.670362,100.49475,0.0
DMU10(D6120),60,1784034230,26.0,5.481345,102.21876,0.0
EMU31,2987,1784034222,112.0,5.423255,100.48088,0.0
SCS04,2985,1784034222,15.0,5.366185,100.44869,0.0
EMU26,2988,1784034222,88.0,5.501223,100.50306,0.0
SCS26,2986,1784034234,0.0,5.661145,100.493034,0.0
EMU33,2919,1784034211,91.0,4.621155,101.09652,0.0
DMU09,57,1784034202,0.0,5.213957,102.0125,0.0
EMU28,2984,1784034231,73.0,6.118117,100.371895,0.0
EMU33,2919,1784034256,86.0,4.612177,101.09105,0.0
SCS26,2986,1784034279,0.0,5.661145,100.493034,0.0
EMU28,2984,1784034276,111.0,6.128445,100.37661,0.0
DMU10(D6120),60,1784034275,44.0,5.485967,102.21767,0.0
SCS20,weekday_2063,1784034293,3.0,3.166105,101.690414,0.0
DMU09,57,1784034292,53.0,5.205987,102.012695,0.0
EMU26,2988,1784034282,117.0,5.517813,100.50751,0.0
SCS04,2985,1784034282,26.0,5.366293,100.44783,0.0
EMU31,2987,1784034282,114.0,5.406982,100.473274,0.0
EMU40,2991,1784034253,46.0,5.668018,100.494354,0.0
SCS26,2986,1784034354,0.0,5.661145,100.493034,0.0
DMU09,57,1784034352,53.0,5.197505,102.01438,0.0
EMU28,2984,1784034351,110.0,6.149863,100.38008,0.0
DMU10(D6120),60,1784034350,52.0,5.495042,102.21571,0.0
EMU31,2987,1784034342,53.0,5.391902,100.47089,0.0
SCS04,2985,1784034342,98.0,5.364692,100.43631,0.0
SCS20,weekday_2063,1784034333,46.0,3.164812,101.69154,0.0
EMU26,2988,1784034342,118.0,5.535717,100.50383,0.0
EMU33,2919,1784034346,28.0,4.607077,101.07663,0.0
DMU10(D6120),60,1784034395,46.0,5.500882,102.21327,0.0
SCS20,weekday_2063,1784034393,63.0,3.156755,101.6938,0.0
SCS26,2986,1784034399,0.0,5.661145,100.493034,0.0
EMU40,2991,1784034399,30.0,5.643588,100.4902,0.0
DMU09,57,1784034397,47.0,5.191628,102.012344,0.0
EMU28,2984,1784034381,104.0,6.158297,100.37951,0.0
EMU33,2919,1784034391,41.0,4.602052,101.07522,0.0
EMU31,2987,1784034402,70.0,5.385048,100.47004,0.0
EMU26,2988,1784034402,119.0,5.553653,100.49951,0.0
SCS04,2985,1784034402,51.0,5.363547,100.42388,0.0
SCS26,2986,1784034429,0.0,5.661145,100.493034,0.0
EMU40,2991,1784034429,0.0,5.642732,100.490005,0.0
EMU28,2984,1784034456,68.0,6.179407,100.37717,0.0
SCS04,2985,1784034462,0.0,5.36432,100.42188,0.0
DMU10(D6120),60,1784034455,48.0,5.50887,102.21009,0.0
DMU09,57,1784034457,45.0,5.184698,102.01114,0.0
SCS20,weekday_2063,1784034453,0.0,3.154783,101.69323,0.0
EMU33,2919,1784034436,13.0,4.597597,101.07315,0.0
EMU31,2987,1784034447,96.0,5.37458,100.468735,0.0
EMU26,2988,1784034447,117.0,5.567333,100.497246,0.0
EMU31,2987,1784034507,39.0,5.362397,100.46722,0.0
SCS26,2986,1784034504,44.0,5.665765,100.49391,0.0
EMU33,2919,1784034466,0.0,4.597277,101.073006,0.0
EMU28,2984,1784034501,0.0,6.183423,100.37476,0.0
SCS20,weekday_2063,1784034513,49.0,3.151765,101.6911,0.0
EMU40,2991,1784034474,0.0,5.642732,100.490005,0.0
DMU09,57,1784034472,49.0,5.1828,102.01133,0.0
SCS04,2985,1784034522,96.0,5.36744,100.41388,0.0
EMU26,2988,1784034522,120.0,5.590313,100.49353,0.0
DMU10(D6120),60,1784034515,45.0,5.516907,102.20868,0.0
EMU26,2988,1784034567,120.0,5.604058,100.49464,0.0
EMU28,2984,1784034546,35.0,6.184165,100.37422,0.0
DMU10(D6120),60,1784034545,35.0,5.520383,102.2076,0.0
SCS26,2986,1784034564,100.0,5.675937,100.49566,0.0
DMU09,57,1784034547,19.0,5.176578,102.009254,0.0
EMU31,2987,1784034582,39.0,5.35797,100.463104,0.0
SCS04,2985,1784034582,92.0,5.373623,100.39966,0.0
SCS20,weekday_2063,1784034573,22.0,3.14598,101.69167,0.0
EMU40,2991,1784034564,9.0,5.641045,100.48975,0.0
EMU28,2984,1784034636,114.0,6.2047,100.366806,0.0
SCS26,2986,1784034609,115.0,5.687347,100.502426,0.0
SCS04,2985,1784034612,91.0,5.377057,100.39325,0.0
EMU40,2991,1784034609,25.0,5.638592,100.48935,0.0
SCS20,weekday_2063,1784034633,22.0,3.142608,101.694115,0.0
EMU31,2987,1784034628,39.0,5.362047,100.459946,0.0
EMU26,2988,1784034627,105.0,5.621527,100.49513,0.0
DMU09,57,1784034622,0.0,5.17397,102.00985,0.0
DMU10(D6120),60,1784034635,14.0,5.527152,102.2045,0.0
SCS04,2985,1784034687,51.0,5.38488,100.378525,0.0
EMU40,2991,1784034654,21.0,5.63498,100.48959,0.0
SCS20,weekday_2063,1784034653,18.0,3.141352,101.69423,0.0
EMU28,2984,1784034711,120.0,6.227377,100.36219,0.0
DMU10(D6120),60,1784034710,2.0,5.53013,102.203,0.0
DMU09,57,1784034682,23.0,5.17327,102.01042,0.0
EMU31,2987,1784034688,53.0,5.365808,100.451324,0.0
EMU26,2988,1784034687,79.0,5.636162,100.48926,0.0
SCS26,2986,1784034669,114.0,5.703193,100.510445,0.0
EMU26,2988,1784034747,0.0,5.642553,100.48998,0.0
EMU28,2984,1784034771,111.0,6.245338,100.35853,0.0
SCS04,2985,1784034762,0.0,5.387238,100.373634,0.0
EMU31,2987,1784034718,20.0,5.366307,100.44801,0.0
DMU09,57,1784034757,40.0,5.170125,102.01858,0.0
DMU10(D6120),60,1784034755,0.0,5.530175,102.20298,0.0
EMU40,2991,1784034729,19.0,5.630362,100.49149,0.0
SCS26,2986,1784034729,114.0,5.720787,100.5143,0.0
SCS20,weekday_2063,1784034753,0.0,3.140257,101.694,0.0
DMU09,57,1784034817,28.0,5.172888,102.02338,0.0
EMU28,2984,1784034816,115.0,6.25844,100.35585,0.0
DMU10(D6120),60,1784034815,0.0,5.530073,102.20302,0.0
SCS20,weekday_2063,1784034813,17.0,3.137868,101.69287,0.0
EMU31,2987,1784034808,30.0,5.366487,100.446686,0.0
EMU26,2988,1784034792,0.0,5.642553,100.48998,0.0
EMU40,2991,1784034804,27.0,5.625097,100.493675,0.0
SCS26,2986,1784034804,114.0,5.741918,100.50648,0.0
SCS04,2985,1784034822,22.0,5.389273,100.371284,0.0
SCS26,2986,1784034879,114.0,5.762527,100.49751,0.0
EMU31,2987,1784034868,87.0,5.365247,100.43747,0.0
EMU26,2988,1784034867,26.0,5.643348,100.4902,0.0
SCS04,2985,1784034852,12.0,5.390425,100.370125,0.0
EMU28,2984,1784034846,116.0,6.267312,100.354034,0.0
DMU09,57,1784034847,57.0,5.172868,102.027214,0.0
SCS20,weekday_2063,1784034893,7.0,3.135118,101.68809,0.0
DMU10(D6120),60,1784034890,8.0,5.531532,102.20233,0.0
EMU40,2991,1784034879,0.0,5.620052,100.4958,0.0
SCS20,weekday_2063,1784034933,0.0,3.135118,101.68809,0.0
SCS26,2986,1784034924,115.0,5.775,100.4922,0.0
EMU40,2991,1784034924,0.0,5.619825,100.495895,0.0
DMU09,57,1784034922,29.0,5.171405,102.035484,0.0
EMU31,2987,1784034928,56.0,5.36288,100.42558,0.0
EMU26,2988,1784034927,98.0,5.654593,100.492035,0.0
DMU10(D6120),60,1784034920,6.0,5.532498,102.201836,0.0
EMU28,2984,1784034936,118.0,6.294567,100.34852,0.0
DMU10(D6120),60,1784034995,2.0,5.532085,102.202034,0.0
DMU09,57,1784034982,32.0,5.166528,102.0374,0.0
SCS20,weekday_2063,1784034993,0.0,3.135118,101.68809,0.0
SCS26,2986,1784034969,115.0,5.78737,100.48672,0.0
EMU40,2991,1784034969,0.0,5.619825,100.495895,0.0
EMU28,2984,1784034966,116.0,6.303623,100.34662,0.0
EMU26,2988,1784035008,115.0,5.678415,100.49652,0.0
EMU31,2987,1784035003,0.0,5.364613,100.42121,0.0
EMU31,2987,1784035063,64.0,5.366392,100.416595,0.0
EMU40,2991,1784035059,59.0,5.613983,100.49687,0.0
SCS26,2986,1784035044,113.0,5.80867,100.479706,0.0
DMU09,57,1784035042,32.0,5.160857,102.03843,0.0
DMU10(D6120),60,1784035055,4.0,5.530985,102.20267,0.0
EMU26,2988,1784035068,118.0,5.693872,100.50689,0.0
SCS32,weekday_2062,1784035060,12.0,3.098102,101.70558,0.0
EMU28,2984,1784035011,113.0,6.316943,100.342995,0.0
SCS20,weekday_2063,1784035053,0.0,3.135118,101.68809,0.0
EMU26,2988,1784035113,122.0,5.70722,100.5115,0.0
EMU31,2987,1784035108,84.0,5.369897,100.40754,0.0
SCS32,weekday_2062,1784035105,25.0,3.099712,101.70349,0.0
SCS26,2986,1784035104,38.0,5.822005,100.47815,0.0
SCS20,weekday_2063,1784035113,34.0,3.1302,101.68163,0.0
EMU40,2991,1784035104,85.0,5.604432,100.49476,0.0
EMU28,2984,1784035101,115.0,6.338623,100.32686,0.0
DMU10(D6120),60,1784035100,0.0,5.530175,102.203026,0.0
DMU09,57,1784035102,28.0,5.155568,102.04215,0.0
SCS26,2986,1784035164,3.0,5.823832,100.478,0.0
DMU09,57,1784035177,0.0,5.152218,102.0438,0.0
EMU28,2984,1784035176,112.0,6.356908,100.31319,0.0
DMU10(D6120),60,1784035175,0.0,5.530175,102.203026,0.0
SCS20,weekday_2063,1784035173,19.0,3.12707,101.679214,0.0
EMU26,2988,1784035173,120.0,5.725525,100.5128,0.0
EMU31,2987,1784035168,74.0,5.375545,100.39605,0.0
SCS32,weekday_2062,1784035165,59.0,3.1043,101.69773,0.0
EMU40,2991,1784035164,92.0,5.590452,100.493546,0.0
SCS32,weekday_2062,1784035240,54.0,3.11183,101.6883,0.0
DMU09,57,1784035192,0.0,5.152218,102.0438,0.0
SCS26,2986,1784035224,90.0,5.831678,100.47734,0.0
SCS20,weekday_2063,1784035233,20.0,3.122773,101.67815,0.0
EMU28,2984,1784035226,70.0,6.366815,100.305786,0.0
DMU10(D6120),60,1784035205,0.0,5.530175,102.203026,0.0
EMU26,2988,1784035203,117.0,5.734115,100.50949,0.0
EMU31,2987,1784035213,88.0,5.379848,100.38799,0.0
EMU40,2991,1784035239,97.0,5.572333,100.49646,0.0
EMU28,2984,1784035271,0.0,6.371045,100.30258,0.0
SCS20,weekday_2063,1784035273,20.0,3.12045,101.67855,0.0
EMU31,2987,1784035273,46.0,5.385765,100.37679,0.0
EMU40,2991,1784035284,118.0,5.559337,100.49859,0.0
SCS26,2986,1784035269,104.0,5.843887,100.476845,0.0
DMU09,57,1784035267,10.0,5.149157,102.04448,0.0
DMU10(D6120),60,1784035310,0.0,5.530253,102.20306,0.0
EMU26,2988,1784035308,120.0,5.76422,100.496704,0.0
SCS32,weekday_2062,1784035300,16.0,3.112957,101.682495,0.0
DMU10(D6120),60,1784035370,0.0,5.530253,102.20306,0.0
SCS20,weekday_2063,1784035353,0.0,3.11926,101.67878,0.0
EMU28,2984,1784035361,101.0,6.378942,100.29676,0.0
SCS32,weekday_2062,1784035360,6.0,3.11332,101.68166,0.0
SCS26,2986,1784035359,114.0,5.870475,100.4769,0.0
EMU40,2991,1784035359,120.0,5.53677,100.50359,0.0
DMU09,57,1784035357,20.0,5.145038,102.04504,0.0
EMU26,2988,1784035353,111.0,5.776967,100.491455,0.0
EMU31,2987,1784035333,4.0,5.387645,100.37296,0.0
EMU31,2987,1784035393,17.0,5.388802,100.37171,0.0
DMU10(D6120),60,1784035430,0.0,5.530253,102.20306,0.0
SCS26,2986,1784035419,114.0,5.888492,100.47693,0.0
EMU40,2991,1784035419,112.0,5.518957,100.5078,0.0
EMU28,2984,1784035406,116.0,6.38969,100.28873,0.0
SCS32,weekday_2062,1784035405,25.0,3.11486,101.68007,0.0
SCS20,weekday_2063,1784035393,0.0,3.119168,101.67882,0.0
DMU09,57,1784035417,0.0,5.143837,102.04548,0.0
EMU26,2988,1784035413,116.0,5.79339,100.483795,0.0
EMU28,2984,1784035466,113.0,6.404428,100.27795,0.0
SCS32,weekday_2062,1784035465,0.0,3.117918,101.67901,0.0
DMU10(D6120),60,1784035490,0.0,5.530163,102.20303,0.0
EMU26,2988,1784035488,94.0,5.814938,100.478775,0.0
SCS26,2986,1784035464,114.0,5.90138,100.47327,0.0
EMU40,2991,1784035464,117.0,5.50582,100.50434,0.0
DMU09,57,1784035462,0.0,5.143837,102.04548,0.0
SCS20,weekday_2063,1784035453,0.0,3.119068,101.67875,0.0
EMU31,2987,1784035453,17.0,5.391398,100.36925,0.0
SCS32,weekday_2062,1784035540,0.0,3.117918,101.67901,0.0
DMU10(D6120),60,1784035550,0.0,5.530178,102.20301,0.0
EMU26,2988,1784035548,0.0,5.82427,100.478,0.0
DMU09,57,1784035522,0.0,5.143837,102.04548,0.0
SCS20,weekday_2063,1784035533,0.0,3.119068,101.67875,0.0
SCS26,2986,1784035524,114.0,5.918283,100.46678,0.0
EMU40,2991,1784035494,115.0,5.496942,100.50195,0.0
EMU31,2987,1784035528,0.0,5.393387,100.36654,0.0
EMU28,2984,1784035526,82.0,6.420457,100.27226,0.0
DMU10(D6120),60,1784035595,0.0,5.530178,102.20301,0.0
EMU26,2988,1784035608,69.0,5.827935,100.4777,0.0
EMU40,2991,1784035603,0.0,5.481838,100.49792,0.0
SCS32,weekday_2062,1784035600,20.0,3.119652,101.67858,0.0
EMU28,2984,1784035601,10.0,6.431913,100.26828,0.0
DMU09,57,1784035582,0.0,5.143773,102.04555,0.0
SCS20,weekday_2063,1784035593,0.0,3.119147,101.67881,0.0
SCS26,2986,1784035584,114.0,5.935122,100.4603,0.0
EMU40,2991,1784035648,53.0,5.47991,100.4974,0.0
SCS20,weekday_2063,1784035653,46.0,3.117533,101.679054,0.0
SCS32,weekday_2062,1784035660,21.0,3.123135,101.67804,0.0
SCS26,2986,1784035644,114.0,5.951273,100.45233,0.0
DMU09,57,1784035642,19.0,5.142888,102.046,0.0
DMU10(D6120),60,1784035670,0.0,5.530178,102.20301,0.0
EMU28,2984,1784035661,4.0,6.431962,100.26827,0.0
EMU26,2988,1784035661,101.0,5.841248,100.47688,0.0
EMU40,2991,1784035723,120.0,5.460963,100.49547,0.0
DMU10(D6120),60,1784035715,0.0,5.530178,102.20301,0.0
EMU28,2984,1784035721,93.0,6.440097,100.26549,0.0
SCS32,weekday_2062,1784035720,20.0,3.1268,101.67897,0.0
SCS26,2986,1784035719,49.0,5.968328,100.44269,0.0
EMU26,2988,1784035706,114.0,5.854228,100.476906,0.0
SCS20,weekday_2063,1784035713,72.0,3.111112,101.689476,0.0
DMU09,57,1784035702,12.0,5.139358,102.047485,0.0
DMU10(D6120),60,1784035790,0.0,5.530178,102.20301,0.0
EMU26,2988,1784035781,114.0,5.877002,100.47695,0.0
EMU28,2984,1784035781,116.0,6.456628,100.259796,0.0
SCS32,weekday_2062,1784035780,15.0,3.129887,101.68136,0.0
EMU40,2991,1784035768,114.0,5.447735,100.491974,0.0
SCS20,weekday_2063,1784035773,55.0,3.102922,101.69965,0.0
SCS26,2986,1784035764,4.0,5.971507,100.44087,0.0
DMU09,57,1784035747,14.0,5.137593,102.0487,0.0
SCS20,weekday_2063,1784035833,21.0,3.099915,101.70333,0.0
EMU40,2991,1784035843,115.0,5.427073,100.48337,0.0
EMU26,2988,1784035841,117.0,5.895162,100.47571,0.0
DMU10(D6120),60,1784035835,0.0,5.530178,102.20301,0.0
SCS26,2986,1784035824,18.0,5.971903,100.440636,0.0
DMU09,57,1784035822,11.0,5.135957,102.05205,0.0
EMU28,2984,1784035841,117.0,6.474212,100.25393,0.0
SCS32,weekday_2062,1784035840,0.0,3.130635,101.68195,0.0
EMU26,2988,1784035886,102.0,5.90718,100.471085,0.0
SCS26,2986,1784035869,93.0,5.978537,100.436905,0.0
SCS32,weekday_2062,1784035900,28.0,3.132395,101.68376,0.0
DMU09,57,1784035897,28.0,5.133187,102.05483,0.0
SCS20,weekday_2063,1784035893,0.0,3.098592,101.705086,0.0
DMU10(D6120),60,1784035895,0.0,5.530178,102.20301,0.0
EMU40,2991,1784035888,107.0,5.416352,100.47674,0.0
EMU28,2984,1784035901,117.0,6.492723,100.253456,0.0
EMU26,2988,1784035961,80.0,5.924702,100.46437,0.0
SCS32,weekday_2062,1784035945,0.0,3.132395,101.68376,0.0
SCS26,2986,1784035944,114.0,5.997735,100.42605,0.0
EMU40,2991,1784035903,106.0,5.41218,100.47515,0.0
EMU28,2984,1784035959,0.0,6.509892,100.25451,0.0
SCS20,weekday_2063,1784035953,0.0,3.098592,101.705086,0.0
DMU09,57,1784035942,37.0,5.129303,102.05701,0.0
DMU10(D6120),60,1784035940,0.0,5.530178,102.20301,0.0
SCS26,2986,1784036034,114.0,6.021292,100.412735,0.0
DMU09,57,1784036032,26.0,5.123365,102.05985,0.0
DMU10(D6120),60,1784036030,5.0,5.530318,102.20281,0.0
EMU40,2991,1784036023,99.0,5.37766,100.46914,0.0
EMU26,2988,1784036021,118.0,5.940128,100.458405,0.0
SCS32,weekday_2062,1784036020,0.0,3.132395,101.68376,0.0
EMU28,2984,1784036014,53.0,6.520852,100.25637,0.0
SCS20,weekday_2063,1784036013,0.0,3.098592,101.705086,0.0
SCS20,weekday_2063,1784036073,0.0,3.098592,101.705086,0.0
DMU10(D6120),60,1784036090,3.0,5.53136,102.20247,0.0
SCS26,2986,1784036049,115.0,6.025223,100.410515,0.0
EMU40,2991,1784036083,70.0,5.36456,100.46751,0.0
EMU26,2988,1784036081,108.0,5.95601,100.44969,0.0
SCS32,weekday_2062,1784036080,14.0,3.136592,101.69038,0.0
DMU09,57,1784036077,38.0,5.119815,102.06244,0.0
EMU28,2984,1784036074,0.0,6.523987,100.25691,0.0
SCS25,2997,1784036135,0.0,6.662808,100.32034,0.0
EMU40,2991,1784036143,35.0,5.357453,100.46595,0.0
SCS04,2994,1784036142,6.0,5.392253,100.36776,0.0
EMU26,2988,1784036141,64.0,5.96904,100.44231,0.0
SCS32,weekday_2062,1784036140,10.0,3.138768,101.69336,0.0
DMU09,57,1784036137,30.0,5.115615,102.066154,0.0
DMU10(D6120),60,1784036135,24.0,5.532732,102.20177,0.0
SCS20,weekday_2063,1784036133,0.0,3.098592,101.705086,0.0
SCS26,2986,1784036124,112.0,6.04485,100.39944,0.0
EMU28,2984,1784036119,74.0,6.528305,100.25763,0.0
DMU09,57,1784036152,33.0,5.114753,102.06712,0.0
EMU40,2991,1784036173,38.0,5.35785,100.46317,0.0
EMU28,2984,1784036194,119.0,6.548637,100.25987,0.0
SCS04,2994,1784036202,0.0,5.390913,100.36977,0.0
EMU26,2988,1784036201,0.0,5.971828,100.44073,0.0
SCS32,weekday_2062,1784036200,10.0,3.139307,101.69348,0.0
SCS20,weekday_2063,1784036193,0.0,3.098592,101.705086,0.0
SCS26,2986,1784036184,115.0,6.060413,100.39065,0.0
SCS25,2997,1784036180,0.0,6.662808,100.32034,0.0
DMU10(D6120),60,1784036180,56.0,5.537292,102.19966,0.0
SCS25,2997,1784036240,0.0,6.662808,100.32034,0.0
DMU10(D6120),60,1784036255,69.0,5.549457,102.1953,0.0
SCS04,2994,1784036262,13.0,5.389197,100.3714,0.0
EMU26,2988,1784036261,92.0,5.979287,100.436516,0.0
SCS32,weekday_2062,1784036260,20.0,3.142952,101.693726,0.0
SCS26,2986,1784036259,114.0,6.080122,100.37963,0.0
EMU28,2984,1784036254,119.0,6.5671,100.259125,0.0
SCS20,weekday_2063,1784036253,0.0,3.098592,101.705086,0.0
SCS26,2986,1784036319,113.0,6.095857,100.37085,0.0
EMU28,2984,1784036329,115.0,6.589513,100.262856,0.0
SCS04,2994,1784036322,29.0,5.387258,100.37367,0.0
EMU26,2988,1784036321,118.0,5.994488,100.42794,0.0
SCS32,weekday_2062,1784036320,43.0,3.146478,101.6912,0.0
DMU10(D6120),60,1784036315,70.0,5.55991,102.19175,0.0
SCS20,weekday_2063,1784036313,0.0,3.098592,101.705086,0.0
EMU40,2991,1784036313,13.0,5.366268,100.44817,0.0
DMU09,57,1784036302,46.0,5.103013,102.07297,0.0
SCS25,2997,1784036315,0.0,6.662808,100.32034,0.0
SCS32,weekday_2062,1784036380,22.0,3.153353,101.69201,0.0
SCS26,2986,1784036364,89.0,6.106873,100.36685,0.0
EMU28,2984,1784036374,117.0,6.603503,100.26323,0.0
EMU40,2991,1784036373,0.0,5.366293,100.447716,0.0
SCS25,2997,1784036375,0.0,6.662808,100.32034,0.0
DMU10(D6120),60,1784036375,71.0,5.570212,102.18634,0.0
SCS20,weekday_2063,1784036393,0.0,3.098592,101.705086,0.0
DMU09,57,1784036392,42.0,5.092475,102.07239,0.0
SCS04,2994,1784036382,73.0,5.383683,100.38081,0.0
EMU26,2988,1784036381,117.0,6.010497,100.418915,0.0
SCS25,2997,1784036450,0.0,6.662808,100.32034,0.0
SCS04,2994,1784036442,96.0,5.376768,100.39384,0.0
EMU26,2988,1784036441,115.0,6.026448,100.40989,0.0
SCS32,weekday_2062,1784036440,32.0,3.154637,101.69304,0.0
SCS26,2986,1784036424,0.0,6.112495,100.36934,0.0
DMU09,57,1784036422,23.0,5.08975,102.07263,0.0
DMU10(D6120),60,1784036435,75.0,5.581817,102.184814,0.0
EMU28,2984,1784036434,120.0,6.621002,100.265335,0.0
SCS20,weekday_2063,1784036433,0.0,3.098592,101.705086,0.0
EMU40,2991,1784036433,80.0,5.366962,100.44188,0.0
EMU26,2988,1784036486,113.0,6.03837,100.40316,0.0
SCS25,2997,1784036495,0.0,6.662808,100.32034,0.0
SCS04,2994,1784036502,95.0,5.36997,100.40739,0.0
EMU28,2984,1784036494,113.0,6.634463,100.2773,0.0
SCS32,weekday_2062,1784036500,42.0,3.162675,101.69199,0.0
EMU40,2991,1784036493,96.0,5.362288,100.42791,0.0
SCS20,weekday_2063,1784036493,0.0,3.098592,101.705086,0.0
SCS26,2986,1784036484,43.0,6.113883,100.36998,0.0
DMU09,57,1784036482,43.0,5.084473,102.07185,0.0
DMU10(D6120),60,1784036480,59.0,5.588738,102.18025,0.0
EMU26,2988,1784036562,114.0,6.057623,100.392296,0.0
SCS25,2997,1784036540,0.0,6.662808,100.32034,0.0
DMU10(D6120),60,1784036540,43.0,5.596217,102.17625,0.0
SCS04,2994,1784036562,45.0,5.365313,100.41937,0.0
SCS32,weekday_2062,1784036560,0.0,3.165055,101.691284,0.0
EMU40,2991,1784036553,0.0,5.364632,100.42124,0.0
SCS20,weekday_2063,1784036553,0.0,3.098592,101.705086,0.0
SCS26,2986,1784036544,116.0,6.126737,100.37584,0.0
DMU09,57,1784036542,11.0,5.07981,102.06946,0.0
EMU28,2984,1784036569,108.0,6.647848,100.295395,0.0
SCS32,weekday_2062,1784036620,23.0,3.165905,101.69046,0.0
SCS20,weekday_2063,1784036613,0.0,3.098592,101.705086,0.0
EMU40,2991,1784036613,47.0,5.365125,100.419914,0.0
DMU09,57,1784036602,0.0,5.079405,102.06935,0.0
SCS25,2997,1784036615,0.0,6.662808,100.32034,0.0
EMU28,2984,1784036599,73.0,6.650392,100.302475,0.0
SCS26,2986,1784036604,114.0,6.143998,100.380455,0.0
DMU10(D6120),60,1784036630,33.0,5.602933,102.17396,0.0
EMU26,2988,1784036622,113.0,6.073555,100.38329,0.0
SCS04,2994,1784036622,0.0,5.364312,100.42201,0.0
SCS20,weekday_2063,1784036673,0.0,3.098592,101.705086,0.0
DMU09,57,1784036662,39.0,5.076345,102.06881,0.0
EMU28,2984,1784036689,45.0,6.659028,100.31548,0.0
EMU40,2991,1784036688,100.0,5.371678,100.403404,0.0
DMU10(D6120),60,1784036675,62.0,5.607467,102.16916,0.0
SCS25,2997,1784036675,0.0,6.662808,100.32034,0.0
SCS28,weekday_2067,1784036683,0.0,3.237113,101.681175,0.0
SCS26,2986,1784036664,115.0,6.161995,100.37921,0.0
SCS04,2994,1784036682,51.0,5.363392,100.42436,0.0
SCS32,weekday_2062,1784036680,20.0,3.167608,101.687614,0.0
EMU26,2988,1784036622,113.0,6.073555,100.38329,0.0
SCS04,2994,1784036742,94.0,5.365192,100.43736,0.0
DMU10(D6120),60,1784036750,63.0,5.619563,102.16598,0.0
SCS25,2997,1784036735,0.0,6.662808,100.32034,0.0
EMU28,2984,1784036734,18.0,6.662068,100.31907,0.0
SCS20,weekday_2063,1784036733,0.0,3.098592,101.705086,0.0
SCS28,weekday_2067,1784036728,0.0,3.237113,101.681175,0.0
EMU40,2991,1784036718,95.0,5.375262,100.39665,0.0
EMU26,2988,1784036742,98.0,6.104255,100.36663,0.0
SCS32,weekday_2062,1784036740,5.0,3.170197,101.6852,0.0
SCS26,2986,1784036724,72.0,6.178243,100.37758,0.0
DMU09,57,1784036722,45.0,5.06899,102.06912,0.0
EMU26,2988,1784036802,0.0,6.112707,100.3695,0.0
SCS04,2994,1784036802,30.0,5.36631,100.44787,0.0
SCS32,weekday_2062,1784036798,18.0,3.173738,101.68482,0.0
DMU10(D6120),60,1784036795,54.0,5.626463,102.16424,0.0
SCS25,2997,1784036780,0.0,6.662808,100.32034,0.0
SCS28,weekday_2067,1784036788,59.0,3.233535,101.67841,0.0
SCS26,2986,1784036769,6.0,6.182608,100.375206,0.0
EMU28,2984,1784036734,18.0,6.662068,100.31907,0.0
SCS20,weekday_2063,1784036793,0.0,3.098592,101.705086,0.0
EMU40,2991,1784036793,63.0,5.383568,100.38097,0.0
DMU09,57,1784036782,51.0,5.060867,102.0692,0.0
DMU09,57,1784036842,49.0,5.052672,102.06822,0.0
SCS28,weekday_2067,1784036863,66.0,3.22256,101.67257,0.0
SCS04,2994,1784036862,4.0,5.366227,100.448616,0.0
SCS26,2986,1784036844,41.0,6.184148,100.37424,0.0
EMU40,2991,1784036838,34.0,5.38636,100.375534,0.0
EMU26,2988,1784036847,26.0,6.113258,100.36976,0.0
DMU10(D6120),60,1784036870,69.0,5.638783,102.16015,0.0
SCS20,weekday_2063,1784036853,0.0,3.098592,101.705086,0.0
SCS25,2997,1784036870,0.0,6.662808,100.32034,0.0
SCS32,weekday_2062,1784036843,30.0,3.176642,101.68602,0.0
EMU40,2991,1784036898,2.0,5.387835,100.37273,0.0
SCS20,weekday_2063,1784036933,0.0,3.098592,101.705086,0.0
DMU10(D6120),60,1784036915,71.0,5.646728,102.15871,0.0
SCS26,2986,1784036889,99.0,6.191947,100.369576,0.0
DMU09,57,1784036872,41.0,5.050335,102.06534,0.0
SCS32,weekday_2062,1784036888,27.0,3.180187,101.6879,0.0
SCS25,2997,1784036930,7.0,6.662573,100.32003,0.0
SCS28,weekday_2067,1784036923,9.0,3.214078,101.67212,0.0
EMU26,2988,1784036922,115.0,6.129082,100.37693,0.0
SCS04,2994,1784036922,42.0,5.365343,100.45449,0.0
DMU10(D6120),60,1784036975,56.0,5.657997,102.15684,0.0
EMU40,2991,1784036973,19.0,5.390217,100.370445,0.0
SCS32,weekday_2062,1784036978,19.0,3.181928,101.68856,0.0
SCS25,2997,1784036975,35.0,6.660317,100.3172,0.0
SCS20,weekday_2063,1784036973,0.0,3.098592,101.705086,0.0
SCS28,weekday_2067,1784036983,65.0,3.211398,101.67203,0.0
EMU26,2988,1784036982,116.0,6.146533,100.3803,0.0
SCS04,2994,1784036982,46.0,5.361312,100.460556,0.0
SCS26,2986,1784036964,114.0,6.213735,100.36498,0.0
DMU10(D6120),60,1784037035,73.0,5.668675,102.15703,0.0
SCS25,2997,1784037035,40.0,6.65663,100.31165,0.0
SCS26,2986,1784037039,114.0,6.235837,100.36045,0.0
SCS32,weekday_2062,1784037038,42.0,3.187322,101.68964,0.0
EMU40,2991,1784037033,17.0,5.392317,100.3677,0.0
SCS20,weekday_2063,1784037033,0.0,3.098592,101.705086,0.0
SCS28,weekday_2067,1784037028,29.0,3.204787,101.67562,0.0
EMU26,2988,1784037027,117.0,6.160093,100.379364,0.0
SCS04,2994,1784037027,46.0,5.357093,100.46463,0.0
SCS26,2986,1784037054,114.0,6.240262,100.359566,0.0
SCS25,2997,1784037110,79.0,6.649893,100.30146,0.0
SCS28,weekday_2067,1784037103,0.0,3.204322,101.676025,0.0
SCS20,weekday_2063,1784037093,0.0,3.098592,101.705086,0.0
DMU10(D6120),60,1784037095,71.0,5.679983,102.15469,0.0
SCS04,2994,1784037102,98.0,5.367643,100.46786,0.0
EMU26,2988,1784037102,68.0,6.180645,100.376564,0.0
SCS32,weekday_2062,1784037083,47.0,3.192198,101.68627,0.0
EMU40,2991,1784037078,0.0,5.393198,100.36654,0.0
SCS20,weekday_2063,1784037153,0.0,3.098592,101.705086,0.0
SCS32,weekday_2062,1784037143,21.0,3.19739,101.681915,0.0
SCS26,2986,1784037159,114.0,6.270977,100.35328,0.0
SCS25,2997,1784037170,116.0,6.641908,100.287346,0.0
EMU26,2988,1784037162,12.0,6.183013,100.375,0.0
DMU10(D6120),60,1784037155,59.0,5.690702,102.15193,0.0
SCS28,weekday_2067,1784037148,22.0,3.203913,101.67638,0.0
SCS04,2994,1784037162,115.0,5.385647,100.47012,0.0
SCS04,2994,1784037222,114.0,5.403802,100.47248,0.0
SCS20,weekday_2063,1784037213,0.0,3.098592,101.705086,0.0
DMU10(D6120),60,1784037230,11.0,5.69953,102.15194,0.0
SCS25,2997,1784037230,113.0,6.631128,100.27289,0.0
SCS26,2986,1784037219,114.0,6.288682,100.34967,0.0
SCS32,weekday_2062,1784037218,34.0,3.198855,101.68064,0.0
SCS28,weekday_2067,1784037208,8.0,3.197927,101.6815,0.0
EMU26,2988,1784037207,95.0,6.189597,100.37072,0.0
SCS26,2986,1784037264,114.0,6.30197,100.346954,0.0
EMU26,2988,1784037282,119.0,6.211295,100.36548,0.0
SCS04,2994,1784037282,116.0,5.420435,100.47905,0.0
SCS28,weekday_2067,1784037268,46.0,3.197023,101.68229,0.0
SCS32,weekday_2062,1784037293,0.0,3.204285,101.675964,0.0
SCS20,weekday_2063,1784037293,0.0,3.098592,101.705086,0.0
SCS25,2997,1784037290,114.0,6.616395,100.2647,0.0
DMU10(D6120),60,1784037290,14.0,5.702357,102.15201,0.0
SCS32,weekday_2062,1784037323,0.0,3.204287,101.675964,0.0
SCS26,2986,1784037339,115.0,6.322597,100.338776,0.0
SCS25,2997,1784037350,83.0,6.60156,100.26326,0.0
SCS28,weekday_2067,1784037343,50.0,3.188367,101.68899,0.0
DMU10(D6120),60,1784037335,0.0,5.702882,102.15199,0.0
SCS04,2994,1784037342,115.0,5.436057,100.4888,0.0
EMU26,2988,1784037342,116.0,6.229558,100.36173,0.0
SCS20,weekday_2063,1784037333,0.0,3.098592,101.705086,0.0
SCS04,2994,1784037387,117.0,5.449378,100.49241,0.0
SCS26,2986,1784037399,114.0,6.337007,100.32802,0.0
SCS20,weekday_2063,1784037393,0.0,3.098592,101.705086,0.0
SCS32,weekday_2062,1784037398,23.0,3.213305,101.67212,0.0
SCS28,weekday_2067,1784037403,0.0,3.182738,101.688866,0.0
SCS25,2997,1784037395,101.0,6.589645,100.26296,0.0
DMU10(D6120),60,1784037395,9.0,5.704252,102.15191,0.0
EMU26,2988,1784037372,116.0,6.238467,100.35992,0.0
SCS25,2997,1784037470,119.0,6.56784,100.25914,0.0
SCS20,weekday_2063,1784037453,0.0,3.098592,101.705086,0.0
DMU10(D6120),60,1784037470,25.0,5.708037,102.15264,0.0
EMU26,2988,1784037468,122.0,6.267072,100.354095,0.0
SCS28,weekday_2067,1784037463,0.0,3.181558,101.68847,0.0
SCS04,2994,1784037462,111.0,5.471618,100.49594,0.0
SCS26,2986,1784037459,110.0,6.351295,100.31732,0.0
SCS32,weekday_2062,1784037458,45.0,3.214958,101.67215,0.0
SCS20,weekday_2063,1784037513,0.0,3.098592,101.705086,0.0
SCS26,2986,1784037519,88.0,6.364558,100.30742,0.0
SCS32,weekday_2062,1784037518,58.0,3.228185,101.67289,0.0
DMU10(D6120),60,1784037515,44.0,5.712552,102.15441,0.0
SCS25,2997,1784037530,112.0,6.549265,100.25987,0.0
EMU26,2988,1784037528,119.0,6.285668,100.35028,0.0
SCS28,weekday_2067,1784037523,0.0,3.181558,101.68847,0.0
SCS04,2994,1784037522,8.0,5.482627,100.49814,0.0
SCS25,2997,1784037590,83.0,6.533722,100.25863,0.0
DMU10(D6120),60,1784037590,75.0,5.72426,102.15892,0.0
EMU26,2988,1784037588,112.0,6.303813,100.34661,0.0
SCS32,weekday_2062,1784037578,40.0,3.232937,101.67755,0.0
SCS04,2994,1784037567,0.0,5.482943,100.49823,0.0
SCS28,weekday_2067,1784037583,32.0,3.177907,101.68674,0.0
SCS26,2986,1784037579,0.0,6.370303,100.3031,0.0
SCS20,weekday_2063,1784037573,0.0,3.098592,101.705086,0.0
SCS28,weekday_2067,1784037643,22.0,3.173777,101.68485,0.0
SCS04,2994,1784037642,89.0,5.491172,100.50044,0.0
SCS26,2986,1784037639,68.0,6.372627,100.30134,0.0
SCS20,weekday_2063,1784037633,0.0,3.098592,101.705086,0.0
SCS25,2997,1784037620,64.0,6.527828,100.25761,0.0
SCS32,weekday_2062,1784037638,7.0,3.23707,101.68124,0.0
DMU10(D6120),60,1784037650,75.0,5.735927,102.1613,0.0
EMU26,2988,1784037648,58.0,6.317767,100.342384,0.0
SCS28,weekday_2067,1784037673,22.0,3.171882,101.68477,0.0
SCS04,2994,1784037702,113.0,5.507445,100.50478,0.0
SCS26,2986,1784037699,117.0,6.385753,100.29154,0.0
SCS32,weekday_2062,1784037698,0.0,3.237155,101.681244,0.0
DMU10(D6120),60,1784037695,73.0,5.744538,102.15886,0.0
SCS20,weekday_2063,1784037693,0.0,3.098592,101.705086,0.0
SCS25,2997,1784037665,0.0,6.524337,100.25703,0.0
EMU26,2988,1784037708,8.0,6.321095,100.3399,0.0
SCS32,weekday_2062,1784037698,0.0,3.237155,101.681244,0.0
SCS26,2986,1784037744,114.0,6.396642,100.2834,0.0
SCS25,2997,1784037770,112.0,6.507732,100.25419,0.0
DMU10(D6120),60,1784037770,43.0,5.758452,102.15549,0.0
EMU26,2988,1784037768,61.0,6.324253,100.33753,0.0
SCS04,2994,1784037762,116.0,5.525312,100.50679,0.0
SCS20,weekday_2063,1784037753,0.0,3.098592,101.705086,0.0
SCS26,2986,1784037819,114.0,6.416697,100.27352,0.0
SCS20,weekday_2063,1784037833,0.0,3.098592,101.705086,0.0
SCS28,weekday_2067,1784037831,0.0,3.165187,101.69123,0.0
SCS25,2997,1784037830,111.0,6.490243,100.25357,0.0
DMU10(D6120),60,1784037830,33.0,5.761745,102.14995,0.0
EMU26,2988,1784037828,106.0,6.335517,100.329124,0.0
SCS04,2994,1784037822,116.0,5.542988,100.50184,0.0
DMU10(D6120),60,1784037875,59.0,5.763597,102.144875,0.0
EMU26,2988,1784037873,117.0,6.346515,100.320885,0.0
SCS25,2997,1784037860,108.0,6.481893,100.253685,0.0
SCS04,2994,1784037882,116.0,5.560983,100.498344,0.0
SCS28,weekday_2067,1784037861,0.0,3.165187,101.69123,0.0
SCS26,2986,1784037864,68.0,6.428007,100.26964,0.0
SCS20,weekday_2063,1784037873,0.0,3.098592,101.705086,0.0
EMU26,2988,1784037918,112.0,6.357612,100.31262,0.0
SCS26,2986,1784037939,0.0,6.431388,100.26847,0.0
SCS28,weekday_2067,1784037936,54.0,3.15861,101.693146,0.0
SCS20,weekday_2063,1784037933,0.0,3.098592,101.705086,0.0
DMU10(D6120),60,1784037950,79.0,5.775107,102.14233,0.0
SCS04,2994,1784037942,115.0,5.579107,100.49538,0.0
DMU09,57,1784037937,35.0,4.998762,102.02101,0.0
SCS04,2994,1784038002,117.0,5.597113,100.49314,0.0
SCS20,weekday_2063,1784037993,0.0,3.098592,101.705086,0.0
SCS25,2997,1784038010,89.0,6.440385,100.265434,0.0
DMU10(D6120),60,1784038010,69.0,5.786955,102.1442,0.0
SCS26,2986,1784037984,0.0,6.431388,100.26847,0.0
SCS28,weekday_2067,1784037981,5.0,3.153925,101.692474,0.0
DMU09,57,1784037982,47.0,4.993622,102.01856,0.0
EMU26,2988,1784038047,30.0,6.371172,100.30247,0.0
SCS28,weekday_2067,1784038041,0.0,3.153848,101.69245,0.0
SCS26,2986,1784038029,0.0,6.431388,100.26847,0.0
SCS25,2997,1784038055,20.0,6.434552,100.26744,0.0
SCS04,2994,1784038062,115.0,5.615063,100.49698,0.0
SCS20,weekday_2063,1784038053,0.0,3.098592,101.705086,0.0
DMU09,57,1784038042,50.0,4.986492,102.01557,0.0
DMU10(D6120),60,1784038070,47.0,5.796855,102.14544,0.0
SCS26,2986,1784038089,0.0,6.431388,100.26847,0.0
DMU10(D6120),60,1784038130,31.0,5.803165,102.146286,0.0
DMU09,57,1784038102,56.0,4.97778,102.013695,0.0
SCS25,2997,1784038130,6.0,6.432652,100.26809,0.0
EMU26,2988,1784038122,116.0,6.384607,100.29246,0.0
SCS04,2994,1784038122,113.0,5.63209,100.490776,0.0
SCS20,weekday_2063,1784038113,0.0,3.098592,101.705086,0.0
SCS28,weekday_2067,1784038101,44.0,3.15088,101.690704,0.0
SCS20,weekday_2063,1784038173,0.0,3.098592,101.705086,0.0
DMU09,57,1784038162,56.0,4.968717,102.01212,0.0
SCS26,2986,1784038164,13.0,6.431777,100.26829,0.0
SCS28,weekday_2067,1784038191,21.0,3.143413,101.69373,0.0
SCS25,2997,1784038190,5.0,6.43237,100.26822,0.0
DMU10(D6120),60,1784038190,0.0,5.806412,102.14673,0.0
EMU26,2988,1784038182,119.0,6.399643,100.281235,0.0
SCS04,2994,1784038182,19.0,5.643412,100.4902,0.0
SCS04,2994,1784038242,7.0,5.643947,100.49028,0.0
SCS23,weekday_2182,1784038242,0.0,3.132477,101.68343,0.0
EMU26,2988,1784038242,111.0,6.415428,100.27399,0.0
SCS25,2997,1784038250,70.0,6.428817,100.26942,0.0
DMU10(D6120),60,1784038250,0.0,5.806417,102.14681,0.0
SCS28,weekday_2067,1784038221,17.0,3.141623,101.69425,0.0
SCS26,2986,1784038209,103.0,6.439335,100.26574,0.0
SCS20,weekday_2063,1784038233,0.0,3.098592,101.705086,0.0
SCS04,2994,1784038302,69.0,5.650375,100.49134,0.0
SCS26,2986,1784038299,114.0,6.464962,100.25693,0.0
SCS28,weekday_2067,1784038296,0.0,3.139128,101.693535,0.0
SCS25,2997,1784038310,116.0,6.413322,100.27475,0.0
EMU26,2988,1784038302,57.0,6.429587,100.26912,0.0
SCS23,weekday_2182,1784038302,0.0,3.132477,101.68343,0.0
SCS20,weekday_2063,1784038293,0.0,3.098592,101.705086,0.0
DMU10(D6120),60,1784038280,14.0,5.80719,102.14684,0.0
SCS04,2994,1784038362,117.0,5.665842,100.493996,0.0
EMU26,2988,1784038362,0.0,6.431417,100.26847,0.0
SCS23,weekday_2182,1784038362,18.0,3.138687,101.69339,0.0
SCS26,2986,1784038344,114.0,6.478015,100.25367,0.0
SCS28,weekday_2067,1784038341,15.0,3.13806,101.692924,0.0
SCS20,weekday_2063,1784038373,0.0,3.098592,101.705086,0.0
DMU10(D6120),60,1784038355,57.0,5.8148,102.14781,0.0
SCS25,2997,1784038370,113.0,6.397882,100.28258,0.0
EMU26,2988,1784038422,30.0,6.435143,100.2672,0.0
SCS04,2994,1784038407,115.0,5.679143,100.49694,0.0
SCS23,weekday_2182,1784038407,0.0,3.140105,101.69384,0.0
DMU10(D6120),60,1784038415,59.0,5.824532,102.14904,0.0
SCS20,weekday_2063,1784038413,0.0,3.098592,101.705086,0.0
SCS26,2986,1784038404,114.0,6.496048,100.25337,0.0
SCS28,weekday_2067,1784038401,14.0,3.13665,101.6905,0.0
SCS25,2997,1784038400,113.0,6.390193,100.28833,0.0
SCS20,weekday_2063,1784038473,0.0,3.098592,101.705086,0.0
SCS26,2986,1784038464,101.0,6.513657,100.25514,0.0
SCS28,weekday_2067,1784038491,0.0,3.135407,101.68799,0.0
SCS23,weekday_2182,1784038482,13.0,3.140582,101.69389,0.0
EMU26,2988,1784038482,64.0,6.443493,100.26432,0.0
SCS04,2994,1784038467,116.0,5.694362,100.50727,0.0
DMU10(D6120),60,1784038475,71.0,5.835043,102.15034,0.0
SCS25,2997,1784038460,82.0,6.376525,100.29855,0.0
SCS26,2986,1784038509,36.0,6.522017,100.25655,0.0
DMU10(D6120),60,1784038535,69.0,5.846232,102.151855,0.0
SCS20,weekday_2063,1784038533,0.0,3.098592,101.705086,0.0
SCS28,weekday_2067,1784038551,0.0,3.135407,101.68799,0.0
SCS25,2997,1784038550,3.0,6.371255,100.30249,0.0
SCS04,2994,1784038542,116.0,5.716217,100.51378,0.0
SCS23,weekday_2182,1784038542,17.0,3.144598,101.69274,0.0
EMU26,2988,1784038542,67.0,6.453057,100.261,0.0
EMU26,2988,1784038602,118.0,6.467762,100.25595,0.0
SCS25,2997,1784038565,16.0,6.370822,100.3028,0.0
SCS23,weekday_2182,1784038602,56.0,3.150453,101.69065,0.0
SCS04,2994,1784038602,117.0,5.733643,100.50969,0.0
SCS28,weekday_2067,1784038596,0.0,3.135407,101.68799,0.0
DMU10(D6120),60,1784038580,67.0,5.85458,102.15286,0.0
SCS26,2986,1784038569,4.0,6.523198,100.256744,0.0
SCS20,weekday_2063,1784038593,0.0,3.098592,101.705086,0.0
SCS20,weekday_2063,1784038653,0.0,3.098592,101.705086,0.0
SCS23,weekday_2182,1784038647,3.0,3.154723,101.692986,0.0
EMU26,2988,1784038647,113.0,6.481278,100.253624,0.0
SCS04,2994,1784038632,116.0,5.742237,100.50637,0.0
SCS26,2986,1784038629,111.0,6.533513,100.25853,0.0
SCS28,weekday_2067,1784038626,0.0,3.135407,101.68799,0.0
DMU09,57,1784038627,59.0,4.925417,101.99509,0.0
DMU10(D6120),60,1784038670,60.0,5.868795,102.15458,0.0
SCS25,2997,1784038670,104.0,6.351693,100.3171,0.0
SCS04,2994,1784038722,116.0,5.767328,100.495224,0.0
SCS26,2986,1784038704,114.0,6.55611,100.259544,0.0
DMU09,57,1784038702,23.0,4.926962,101.98786,0.0
SCS28,weekday_2067,1784038701,19.0,3.128213,101.680016,0.0
SCS25,2997,1784038730,115.0,6.337492,100.327705,0.0
DMU10(D6120),60,1784038730,81.0,5.8811,102.15612,0.0
SCS23,weekday_2182,1784038722,36.0,3.155485,101.69362,0.0
EMU26,2988,1784038722,115.0,6.503818,100.25349,0.0
SCS20,weekday_2063,1784038713,23.0,3.100767,101.702225,0.0
SCS25,2997,1784038790,114.0,6.323085,100.33845,0.0
SCS04,2994,1784038782,116.0,5.784328,100.48829,0.0
DMU09,57,1784038762,31.0,4.928195,101.98459,0.0
SCS28,weekday_2067,1784038761,21.0,3.125112,101.678246,0.0
DMU10(D6120),60,1784038760,77.0,5.887502,102.15691,0.0
EMU26,2988,1784038764,96.0,6.515775,100.25549,0.0
SCS23,weekday_2182,1784038782,51.0,3.164838,101.69154,0.0
SCS20,weekday_2063,1784038773,62.0,3.104203,101.69798,0.0
SCS26,2986,1784038764,114.0,6.574035,100.25987,0.0
SCS25,2997,1784038835,113.0,6.312107,100.34495,0.0
SCS26,2986,1784038809,114.0,6.587092,100.26265,0.0
SCS20,weekday_2063,1784038813,91.0,3.110027,101.69077,0.0
EMU26,2988,1784038824,0.0,6.523338,100.25678,0.0
SCS28,weekday_2067,1784038836,24.0,3.119425,101.67873,0.0
DMU09,57,1784038822,62.0,4.921972,101.97931,0.0
DMU10(D6120),60,1784038850,82.0,5.906318,102.15913,0.0
SCS04,2994,1784038842,117.0,5.801322,100.48159,0.0
SCS23,weekday_2182,1784038842,0.0,3.165993,101.690346,0.0
SCS25,2997,1784038910,113.0,6.290092,100.34944,0.0
DMU10(D6120),60,1784038910,79.0,5.918722,102.15591,0.0
SCS04,2994,1784038902,87.0,5.819038,100.47845,0.0
SCS23,weekday_2182,1784038902,26.0,3.166442,101.68986,0.0
SCS20,weekday_2063,1784038893,0.0,3.113893,101.68104,0.0
DMU09,57,1784038882,62.0,4.91235,101.9771,0.0
SCS26,2986,1784038899,114.0,6.614225,100.264336,0.0
SCS28,weekday_2067,1784038896,0.0,3.118067,101.678925,0.0
EMU26,2988,1784038884,81.0,6.528347,100.257645,0.0
SCS20,weekday_2063,1784038953,7.0,3.114112,101.6808,0.0
SCS25,2997,1784038970,113.0,6.271907,100.35316,0.0
SCS04,2994,1784038962,0.0,5.825067,100.47794,0.0
SCS23,weekday_2182,1784038962,70.0,3.173605,101.68341,0.0
SCS28,weekday_2067,1784038941,0.0,3.118067,101.678925,0.0
DMU10(D6120),60,1784038955,91.0,5.928653,102.15326,0.0
EMU26,2988,1784038929,109.0,6.539925,100.259636,0.0
SCS26,2986,1784038929,115.0,6.62312,100.26591,0.0
DMU09,57,1784038912,58.0,4.907913,101.97481,0.0
SCS28,weekday_2067,1784039001,0.0,3.118067,101.678925,0.0
DMU10(D6120),60,1784039000,86.0,5.938845,102.15052,0.0
SCS23,weekday_2182,1784039022,96.0,3.181828,101.67343,0.0
SCS04,2994,1784039022,55.0,5.828227,100.47768,0.0
EMU26,2988,1784039019,115.0,6.566753,100.25914,0.0
DMU09,57,1784039017,48.0,4.893082,101.97133,0.0
SCS25,2997,1784039015,114.0,6.258692,100.355865,0.0
SCS20,weekday_2063,1784039013,31.0,3.118182,101.678986,0.0
SCS26,2986,1784038989,114.0,6.63551,100.27864,0.0
SCS25,2997,1784039075,109.0,6.241273,100.35942,0.0
DMU10(D6120),60,1784039075,78.0,5.954558,102.14616,0.0
SCS04,2994,1784039082,109.0,5.842505,100.4769,0.0
SCS23,weekday_2182,1784039082,7.0,3.186763,101.66372,0.0
SCS20,weekday_2063,1784039073,0.0,3.119212,101.67882,0.0
EMU26,2988,1784039064,110.0,6.579738,100.26187,0.0
SCS26,2986,1784039064,109.0,6.648633,100.29693,0.0
DMU09,57,1784039062,28.0,4.888095,101.971565,0.0
SCS28,weekday_2067,1784039061,0.0,3.118067,101.678925,0.0
SCS23,weekday_2182,1784039142,20.0,3.187147,101.663155,0.0
SCS04,2994,1784039142,117.0,5.860507,100.47693,0.0
EMU26,2988,1784039109,114.0,6.59297,100.26316,0.0
DMU09,57,1784039137,38.0,4.881978,101.96793,0.0
SCS28,weekday_2067,1784039121,14.0,3.117722,101.678955,0.0
SCS25,2997,1784039150,115.0,6.219817,100.3638,0.0
DMU10(D6120),60,1784039150,17.0,5.965657,102.14402,0.0
SCS26,2986,1784039124,75.0,6.65425,100.30816,0.0
SCS20,weekday_2063,1784039133,0.0,3.119212,101.67882,0.0
SCS28,weekday_2067,1784039196,46.0,3.112588,101.68603,0.0
EMU26,2988,1784039194,113.0,6.618823,100.26497,0.0
SCS20,weekday_2063,1784039193,11.0,3.120922,101.67846,0.0
SCS26,2986,1784039184,45.0,6.659523,100.316154,0.0
DMU10(D6120),60,1784039180,0.0,5.966145,102.143974,0.0
SCS25,2997,1784039210,113.0,6.20226,100.36737,0.0
SCS04,2994,1784039202,116.0,5.878865,100.47696,0.0
SCS23,weekday_2182,1784039202,35.0,3.191927,101.6554,0.0
DMU09,57,1784039197,0.0,4.87929,101.96669,0.0
SCS28,weekday_2067,1784039241,43.0,3.109695,101.69107,0.0
SCS26,2986,1784039214,23.0,6.661578,100.31872,0.0
DMU10(D6120),60,1784039255,66.0,5.971365,102.14368,0.0
DMU09,57,1784039242,0.0,4.879225,101.9668,0.0
SCS25,2997,1784039270,80.0,6.186825,100.37256,0.0
SCS23,weekday_2182,1784039262,0.0,3.192168,101.65466,0.0
SCS04,2994,1784039247,116.0,5.892627,100.47657,0.0
EMU26,2988,1784039254,110.0,6.632317,100.27439,0.0
SCS20,weekday_2063,1784039253,21.0,3.123142,101.67807,0.0
SCS23,weekday_2182,1784039322,19.0,3.192412,101.65418,0.0
SCS04,2994,1784039322,117.0,5.91408,100.468445,0.0
DMU09,57,1784039302,0.0,4.879242,101.96689,0.0
SCS28,weekday_2067,1784039301,51.0,3.104985,101.6969,0.0
EMU26,2988,1784039314,112.0,6.642865,100.288574,0.0
SCS20,weekday_2063,1784039313,16.0,3.126958,101.679184,0.0
SCS25,2997,1784039330,0.0,6.183783,100.37459,0.0
DMU10(D6120),60,1784039330,75.0,5.98688,102.142525,0.0
EMU26,2988,1784039389,42.0,6.651418,100.30405,0.0
SCS25,2997,1784039390,86.0,6.178902,100.377426,0.0
DMU10(D6120),60,1784039375,74.0,5.996027,102.142006,0.0
SCS20,weekday_2063,1784039373,25.0,3.130132,101.681656,0.0
SCS23,weekday_2182,1784039382,66.0,3.196373,101.64516,0.0
SCS04,2994,1784039382,116.0,5.931212,100.46185,0.0
DMU09,57,1784039362,0.0,4.879113,101.96696,0.0
SCS28,weekday_2067,1784039361,27.0,3.100265,101.70281,0.0
SCS25,2997,1784039450,115.0,6.162353,100.379265,0.0
DMU09,57,1784039422,0.0,4.879113,101.96696,0.0
SCS28,weekday_2067,1784039421,13.0,3.097935,101.705696,0.0
DMU10(D6120),60,1784039405,70.0,6.001853,102.1416,0.0
EMU26,2988,1784039434,59.0,6.6547,100.30883,0.0
SCS20,weekday_2063,1784039433,0.0,3.131548,101.68281,0.0
SCS04,2994,1784039442,116.0,5.94789,100.45425,0.0
SCS23,weekday_2182,1784039442,33.0,3.200318,101.6395,0.0
SCS28,weekday_2067,1784039496,0.0,3.097728,101.705986,0.0
SCS25,2997,1784039495,114.0,6.148262,100.380226,0.0
DMU10(D6120),60,1784039495,51.0,6.01544,102.13991,0.0
EMU26,2988,1784039494,19.0,6.65868,100.31487,0.0
SCS20,weekday_2063,1784039493,0.0,3.132388,101.683395,0.0
DMU09,57,1784039467,0.0,4.879212,101.96712,0.0
SCS23,weekday_2182,1784039502,0.0,3.203162,101.63683,0.0
SCS04,2994,1784039502,108.0,5.963695,100.44531,0.0
EMU26,2988,1784039539,26.0,6.660397,100.31731,0.0
SCS28,weekday_2067,1784039571,0.0,3.097728,101.705986,0.0
DMU10(D6120),60,1784039570,63.0,6.027348,102.13989,0.0
SCS25,2997,1784039570,114.0,6.127043,100.376045,0.0
SCS23,weekday_2182,1784039562,28.0,3.205053,101.63501,0.0
SCS04,2994,1784039562,5.0,5.972672,100.44027,0.0
DMU09,57,1784039527,0.0,4.879117,101.96702,0.0
SCS20,weekday_2063,1784039553,0.0,3.132388,101.683395,0.0
SCS28,weekday_2067,1784039616,0.0,3.097728,101.705986,0.0
DMU10(D6120),60,1784039615,45.0,6.0343,102.139435,0.0
SCS25,2997,1784039615,55.0,6.117048,100.371506,0.0
EMU26,2988,1784039569,23.0,6.661755,100.31906,0.0
SCS20,weekday_2063,1784039613,0.0,3.132388,101.683395,0.0
SCS23,weekday_2182,1784039622,38.0,3.2086,101.6289,0.0
SCS04,2994,1784039622,43.0,5.973925,100.439545,0.0
SCS28,weekday_2067,1784039676,0.0,3.097728,101.705986,0.0
SCS20,weekday_2063,1784039673,6.0,3.13609,101.68947,0.0
SCS25,2997,1784039675,0.0,6.113617,100.36995,0.0
DMU10(D6120),60,1784039675,20.0,6.039442,102.140656,0.0
SCS23,weekday_2182,1784039666,0.0,3.208697,101.62776,0.0
SCS04,2994,1784039682,108.0,5.98546,100.43304,0.0
DMU09,59,1784039737,0.0,4.879187,101.96721,0.0
SCS25,2997,1784039750,79.0,6.109273,100.36798,0.0
DMU10(D6120),60,1784039750,0.0,6.042815,102.142365,0.0
SCS28,weekday_2067,1784039736,0.0,3.097728,101.705986,0.0
SCS04,2994,1784039727,117.0,5.997382,100.42629,0.0
SCS23,weekday_2182,1784039726,81.0,3.208293,101.62075,0.0
SCS20,weekday_2063,1784039733,11.0,3.137203,101.69199,0.0
DMU09,59,1784039797,32.0,4.876305,101.96572,0.0
SCS28,weekday_2067,1784039796,0.0,3.097728,101.705986,0.0
SCS25,2997,1784039795,116.0,6.09819,100.36963,0.0
DMU10(D6120),60,1784039795,0.0,6.042812,102.142365,0.0
SCS20,weekday_2063,1784039793,9.0,3.139813,101.69378,0.0
SCS23,weekday_2182,1784039786,86.0,3.20083,101.61063,0.0
SCS04,2994,1784039802,116.0,6.017352,100.41501,0.0
SCS23,weekday_2182,1784039861,87.0,3.20071,101.59361,0.0
DMU09,59,1784039857,58.0,4.868745,101.96502,0.0
SCS28,weekday_2067,1784039856,0.0,3.097728,101.705986,0.0
SCS25,2997,1784039855,113.0,6.082428,100.37857,0.0
DMU10(D6120),60,1784039870,15.0,6.044787,102.14345,0.0
SCS04,2994,1784039862,116.0,6.03335,100.40595,0.0
SCS20,weekday_2063,1784039853,0.0,3.140087,101.6939,0.0
SCS25,2997,1784039930,114.0,6.062508,100.38954,0.0
DMU10(D6120),60,1784039930,79.0,6.052373,102.14741,0.0
SCS04,2994,1784039922,112.0,6.049215,100.396996,0.0
SCS23,weekday_2182,1784039921,33.0,3.203788,101.58514,0.0
DMU09,59,1784039917,65.0,4.859217,101.96917,0.0
SCS20,weekday_2063,1784039913,0.0,3.140087,101.6939,0.0
SCS28,weekday_2067,1784039931,0.0,3.097728,101.705986,0.0
SCS28,weekday_2067,1784039976,0.0,3.097728,101.705986,0.0
DMU10(D6120),60,1784039990,81.0,6.064382,102.15368,0.0
SCS25,2997,1784039990,114.0,6.046847,100.3984,0.0
SCS20,weekday_2063,1784039973,8.0,3.14027,101.69391,0.0
DMU09,59,1784039962,79.0,4.85298,101.97506,0.0
SCS04,2994,1784039982,116.0,6.065142,100.387985,0.0
SCS23,weekday_2182,1784039981,21.0,3.20622,101.58015,0.0
SCS04,2994,1784040042,117.0,6.08122,100.37914,0.0
SCS23,weekday_2182,1784040041,0.0,3.20632,101.57979,0.0
SCS28,weekday_2067,1784040051,0.0,3.097728,101.705986,0.0
DMU10(D6120),60,1784040050,87.0,6.075835,102.16082,0.0
SCS25,2997,1784040050,104.0,6.032052,100.40677,0.0
DMU09,59,1784040022,69.0,4.845113,101.983475,0.0
SCS20,weekday_2063,1784040033,14.0,3.143602,101.69353,0.0
SCS04,2994,1784040102,107.0,6.096853,100.37034,0.0
SCS23,weekday_2182,1784040101,13.0,3.206433,101.57954,0.0
DMU09,59,1784040112,64.0,4.836992,101.99601,0.0
SCS28,weekday_2067,1784040111,0.0,3.097728,101.705986,0.0
SCS25,2997,1784040110,115.0,6.016373,100.41563,0.0
SCS20,weekday_2063,1784040093,20.0,3.146045,101.69158,0.0
DMU10(D6120),60,1784040110,85.0,6.087172,102.168785,0.0
SCS04,2994,1784040162,60.0,6.11092,100.36867,0.0
DMU09,59,1784040157,69.0,4.835343,102.00433,0.0
SCS28,weekday_2067,1784040156,0.0,3.097728,101.705986,0.0
DMU10(D6120),60,1784040170,83.0,6.097125,102.17711,0.0
SCS23,weekday_2182,1784040146,48.0,3.207788,101.57621,0.0
SCS20,weekday_2063,1784040153,41.0,3.153648,101.692345,0.0
SCS25,2997,1784040155,114.0,6.004658,100.42225,0.0
SCS04,2994,1784040222,0.0,6.113672,100.36997,0.0
SCS23,weekday_2182,1784040221,107.0,3.220633,101.56525,0.0
DMU10(D6120),60,1784040230,70.0,6.107032,102.187126,0.0
SCS25,2997,1784040230,112.0,5.985157,100.43327,0.0
SCS20,weekday_2063,1784040213,0.0,3.154692,101.69324,0.0
DMU09,59,1784040202,63.0,4.82954,102.00833,0.0
SCS28,weekday_2067,1784040216,0.0,3.097728,101.705986,0.0
DMU10(D6120),60,1784040290,46.0,6.112582,102.193985,0.0
SCS20,weekday_2063,1784040273,58.0,3.16226,101.69205,0.0
SCS04,2994,1784040282,56.0,6.116247,100.37109,0.0
SCS23,weekday_2182,1784040281,93.0,3.235247,101.55973,0.0
SCS28,weekday_2067,1784040276,0.0,3.097728,101.705986,0.0
SCS25,2997,1784040290,42.0,5.973678,100.43974,0.0
SCS20,weekday_2063,1784040333,0.0,3.166028,101.69031,0.0
SCS28,weekday_2067,1784040351,0.0,3.097728,101.705986,0.0
SCS25,2997,1784040350,0.0,5.9726,100.44035,0.0
SCS04,2994,1784040342,118.0,6.1298,100.37728,0.0
SCS23,weekday_2182,1784040341,63.0,3.247705,101.557884,0.0
DMU10(D6120),60,1784040335,22.0,6.115657,102.19771,0.0
SCS20,weekday_2063,1784040333,0.0,3.166028,101.69031,0.0
SCS20,weekday_2066,1784040393,23.0,3.1671,101.68897,0.0
SCS04,2994,1784040402,116.0,6.147655,100.38024,0.0
SCS23,weekday_2182,1784040401,4.0,3.250942,101.55575,0.0
SCS28,weekday_2067,1784040396,0.0,3.097728,101.705986,0.0
DMU10(D6120),60,1784040395,12.0,6.118367,102.20054,0.0
SCS25,2997,1784040395,1.0,5.972192,100.44058,0.0
SCS04,2994,1784040462,116.0,6.16597,100.378975,0.0
SCS23,weekday_2182,1784040461,25.0,3.254423,101.55462,0.0
SCS25,2997,1784040470,68.0,5.96795,100.442986,0.0
SCS28,weekday_2067,1784040456,0.0,3.097728,101.705986,0.0
DMU09,59,1784040472,66.0,4.791168,102.013306,0.0
DMU10(D6120),60,1784040470,0.0,6.118428,102.200874,0.0
SCS20,weekday_2066,1784040453,21.0,3.168942,101.68601,0.0
SCS04,2994,1784040522,64.0,6.18124,100.37619,0.0
SCS23,weekday_2182,1784040521,0.0,3.258773,101.554955,0.0
SCS25,2997,1784040515,115.0,5.957907,100.44867,0.0
DMU09,59,1784040532,74.0,4.780148,102.01143,0.0
SCS28,weekday_2067,1784040531,0.0,3.097728,101.705986,0.0
DMU10(D6120),60,1784040530,19.0,6.120012,102.20194,0.0
SCS20,weekday_2066,1784040513,21.0,3.17241,101.68474,0.0
SCS04,2994,1784040582,0.0,6.183807,100.37449,0.0
SCS23,weekday_2182,1784040581,17.0,3.25915,101.555115,0.0
DMU09,59,1784040592,78.0,4.76787,102.01338,0.0
SCS28,weekday_2067,1784040591,0.0,3.097728,101.705986,0.0
SCS25,2997,1784040590,114.0,5.938008,100.459305,0.0
DMU10(D6120),60,1784040590,50.0,6.124342,102.207184,0.0
SCS20,weekday_2066,1784040513,21.0,3.17241,101.68474,0.0
SCS04,2994,1784040642,91.0,6.188957,100.37111,0.0
SCS23,weekday_2182,1784040641,78.0,3.265968,101.55884,0.0
DMU09,59,1784040622,79.0,4.761522,102.01453,0.0
SCS28,weekday_2067,1784040621,0.0,3.097728,101.705986,0.0
SCS25,2997,1784040635,114.0,5.92541,100.464134,0.0
DMU10(D6120),60,1784040635,82.0,6.129918,102.2139,0.0
SCS04,2994,1784040687,119.0,6.20167,100.367485,0.0
SCS20,weekday_2066,1784040682,0.0,3.182627,101.688866,0.0
SCS28,weekday_2067,1784040696,0.0,3.097728,101.705986,0.0
SCS23,weekday_2182,1784040701,69.0,3.276582,101.56217,0.0
DMU09,59,1784040697,73.0,4.746445,102.01353,0.0
DMU10(D6120),60,1784040710,81.0,6.140972,102.226425,0.0
SCS25,2997,1784040710,115.0,5.904448,100.47218,0.0
SCS25,2997,1784040725,114.0,5.900257,100.47379,0.0
SCS20,weekday_2066,1784040762,39.0,3.187873,101.689316,0.0
SCS04,2994,1784040762,116.0,6.22422,100.36288,0.0
SCS23,weekday_2182,1784040761,66.0,3.284757,101.568726,0.0
DMU10(D6120),60,1784040755,63.0,6.149117,102.22931,0.0
DMU09,59,1784040742,57.0,4.738692,102.012215,0.0
SCS28,weekday_2067,1784040741,0.0,3.097728,101.705986,0.0
DMU10(D6120),60,1784040815,55.0,6.156803,102.224625,0.0
SCS04,2994,1784040762,116.0,6.22422,100.36288,0.0
SCS20,weekday_2066,1784040822,71.0,3.19608,101.683075,0.0
SCS23,weekday_2182,1784040821,81.0,3.295623,101.574814,0.0
DMU09,59,1784040817,0.0,4.730715,102.01067,0.0
SCS28,weekday_2067,1784040816,0.0,3.097728,101.705986,0.0
SCS25,2997,1784040815,114.0,5.87414,100.477,0.0
SCS23,weekday_2182,1784040881,70.0,3.308945,101.574974,0.0
DMU10(D6120),60,1784040875,76.0,6.16011,102.21482,0.0
SCS25,2997,1784040890,115.0,5.851428,100.47694,0.0
DMU09,59,1784040862,3.0,4.730713,102.01072,0.0
SCS28,weekday_2067,1784040876,0.0,3.097728,101.705986,0.0
SCS20,weekday_2066,1784040882,0.0,3.198735,101.680824,0.0
SCS04,2994,1784040882,116.0,6.259652,100.355644,0.0
DMU09,59,1784040952,75.0,4.72132,102.004875,0.0
DMU10(D6120),60,1784040950,84.0,6.165505,102.20004,0.0
SCS25,2997,1784040950,108.0,5.833868,100.47726,0.0
SCS28,weekday_2067,1784040936,0.0,3.097728,101.705986,0.0
SCS20,weekday_2066,1784040942,57.0,3.203725,101.67658,0.0
SCS04,2994,1784040942,116.0,6.277717,100.351944,0.0
SCS23,weekday_2182,1784040941,30.0,3.317275,101.57489,0.0
SCS28,weekday_2067,1784040996,0.0,3.097728,101.705986,0.0
DMU09,59,1784040982,77.0,4.716197,102.00221,0.0
SCS25,2997,1784041010,8.0,5.825382,100.47797,0.0
DMU10(D6120),60,1784041010,79.0,6.174203,102.19148,0.0
SCS20,weekday_2066,1784041002,0.0,3.205282,101.67527,0.0
SCS04,2994,1784041002,117.0,6.295715,100.34828,0.0
SCS23,weekday_2182,1784040986,0.0,3.320292,101.57457,0.0
SCS28,weekday_2067,1784041056,0.0,3.097728,101.705986,0.0
SCS25,2997,1784041055,0.0,5.825005,100.478,0.0
DMU10(D6120),60,1784041055,67.0,6.179952,102.184654,0.0
DMU09,59,1784041072,52.0,4.697918,102.00292,0.0
SCS04,2994,1784041062,116.0,6.313698,100.344505,0.0
SCS20,weekday_2066,1784041062,51.0,3.21369,101.67215,0.0
SCS23,weekday_2182,1784041061,26.0,3.320867,101.574265,0.0
SCS04,2994,1784041122,116.0,6.328795,100.33418,0.0
SCS23,weekday_2182,1784041121,29.0,3.325038,101.57124,0.0
DMU09,59,1784041117,5.0,4.693263,102.00326,0.0
SCS28,weekday_2067,1784041116,0.0,3.097728,101.705986,0.0
DMU10(D6120),60,1784041115,68.0,6.186673,102.17639,0.0
SCS25,2997,1784041115,97.0,5.816555,100.47868,0.0
SCS20,weekday_2066,1784041122,6.0,3.215165,101.672226,0.0
SCS28,weekday_2067,1784041191,0.0,3.097728,101.705986,0.0
SCS25,2997,1784041190,114.0,5.795055,100.48321,0.0
SCS04,2994,1784041182,116.0,6.343523,100.32318,0.0
SCS23,weekday_2182,1784041181,75.0,3.332762,101.57038,0.0
DMU09,59,1784041177,4.0,4.69314,102.00327,0.0
DMU10(D6120),60,1784041175,48.0,6.193392,102.16849,0.0
SCS20,weekday_2066,1784041182,81.0,3.22616,101.672714,0.0
DMU09,59,1784041237,35.0,4.6886,102.00336,0.0
DMU10(D6120),60,1784041235,14.0,6.19715,102.16726,0.0
SCS20,weekday_2066,1784041242,29.0,3.232515,101.677,0.0
SCS04,2994,1784041242,115.0,6.358252,100.31219,0.0
SCS23,weekday_2182,1784041241,106.0,3.346285,101.572334,0.0
SCS28,weekday_2067,1784041251,0.0,3.097728,101.705986,0.0
SCS25,2997,1784041250,116.0,5.778377,100.49099,0.0
SCS23,weekday_2182,1784041271,100.0,3.354408,101.57171,0.0
SCS25,2997,1784041295,115.0,5.765663,100.49606,0.0
SCS04,2994,1784041302,46.0,6.370088,100.303345,0.0
DMU10(D6120),60,1784041310,0.0,6.199422,102.16728,0.0
DMU09,59,1784041297,71.0,4.679385,102.00149,0.0
SCS28,weekday_2067,1784041296,0.0,3.097728,101.705986,0.0
SCS20,weekday_2066,1784041282,0.0,3.234152,101.679245,0.0
SCS20,weekday_2066,1784041342,0.0,3.238338,101.68118,0.0
DMU09,59,1784041357,77.0,4.666777,101.998856,0.0
SCS25,2997,1784041325,117.0,5.7574,100.500084,0.0
SCS28,weekday_2067,1784041371,0.0,3.097728,101.705986,0.0
DMU10(D6120),60,1784041370,0.0,6.199383,102.16726,0.0
SCS23,weekday_2182,1784041361,104.0,3.363278,101.58789,0.0
SCS04,2994,1784041347,0.0,6.3713,100.30243,0.0
SCS28,weekday_2067,1784041416,0.0,3.097728,101.705986,0.0
SCS23,weekday_2182,1784041406,115.0,3.366685,101.60093,0.0
SCS20,weekday_2066,1784041402,0.0,3.238338,101.68118,0.0
SCS04,2994,1784041422,117.0,6.381697,100.29466,0.0
DMU09,59,1784041417,70.0,4.654277,101.99615,0.0
DMU10(D6120),60,1784041415,3.0,6.199438,102.16728,0.0
SCS25,2997,1784041430,114.0,5.728093,100.511925,0.0
SCS04,2994,1784041467,115.0,6.39266,100.28647,0.0
SCS23,weekday_2182,1784041466,49.0,3.375462,101.6139,0.0
SCS28,weekday_2067,1784041476,0.0,3.097728,101.705986,0.0
DMU10(D6120),60,1784041475,11.0,6.197767,102.16728,0.0
SCS20,weekday_2066,1784041462,0.0,3.2384,101.68111,0.0
DMU09,59,1784041492,0.0,4.645682,101.99403,0.0
SCS25,2997,1784041490,113.0,5.71077,100.51242,0.0
SCS28,weekday_2067,1784041536,0.0,3.097728,101.705986,0.0
DMU10(D6120),60,1784041535,0.0,6.195423,102.16738,0.0
SCS20,weekday_2066,1784041542,0.0,3.2384,101.68111,0.0
SCS04,2994,1784041542,115.0,6.41212,100.27515,0.0
SCS23,weekday_2182,1784041541,37.0,3.377233,101.61565,0.0
SCS25,2997,1784041550,111.0,5.693812,100.50692,0.0
DMU09,59,1784041537,4.0,4.645678,101.994026,0.0
DMU10(D6120),60,1784041580,0.0,6.195423,102.16738,0.0
SCS20,weekday_2066,1784041602,0.0,3.2384,101.68111,0.0
SCS23,weekday_2182,1784041601,117.0,3.387308,101.625595,0.0
DMU09,59,1784041597,41.0,4.641252,101.993034,0.0
SCS28,weekday_2067,1784041611,0.0,3.097728,101.705986,0.0
SCS25,2997,1784041610,114.0,5.679305,100.497055,0.0
SCS04,2994,1784041587,106.0,6.424648,100.27083,0.0
DMU09,59,1784041657,64.0,4.632778,101.99113,0.0
SCS25,2997,1784041655,104.0,5.666242,100.49407,0.0
DMU10(D6120),60,1784041655,0.0,6.195333,102.16742,0.0
SCS20,weekday_2066,1784041662,0.0,3.2384,101.68111,0.0
SCS04,2994,1784041662,0.0,6.432612,100.2681,0.0
SCS23,weekday_2182,1784041661,113.0,3.404913,101.628,0.0
SCS28,weekday_2067,1784041656,0.0,3.097728,101.705986,0.0
SCS28,weekday_2067,1784041701,0.0,3.097728,101.705986,0.0
DMU10(D6120),60,1784041655,0.0,6.195333,102.16742,0.0
SCS23,weekday_2182,1784041691,101.0,3.413307,101.627075,0.0
SCS04,2994,1784041722,92.0,6.438303,100.26611,0.0
SCS20,weekday_2066,1784041722,0.0,3.2384,101.68111,0.0
DMU09,59,1784041732,74.0,4.618177,101.98777,0.0
SCS25,2997,1784041730,65.0,5.648733,100.49108,0.0
DMU09,59,1784041777,68.0,4.609868,101.98591,0.0
SCS23,weekday_2182,1784041781,116.0,3.434185,101.6338,0.0
SCS04,2994,1784041767,117.0,6.450887,100.26179,0.0
SCS20,weekday_2066,1784041762,0.0,3.2384,101.68111,0.0
SCS28,weekday_2067,1784041791,23.0,3.099467,101.70379,0.0
SCS25,2997,1784041790,0.0,5.643688,100.490234,0.0
SCS20,weekday_2066,1784041842,0.0,3.2384,101.68111,0.0
SCS04,2994,1784041842,116.0,6.472607,100.25433,0.0
SCS23,weekday_2182,1784041841,81.0,3.447198,101.638985,0.0
DMU09,59,1784041837,77.0,4.598982,101.98445,0.0
SCS28,weekday_2067,1784041836,49.0,3.102308,101.70018,0.0
SCS25,2997,1784041850,43.0,5.641883,100.48995,0.0
DMU09,59,1784041882,70.0,4.59003,101.98437,0.0
SCS04,2994,1784041902,116.0,6.49085,100.2535,0.0
SCS23,weekday_2182,1784041901,105.0,3.460672,101.6382,0.0
SCS28,weekday_2067,1784041911,36.0,3.109737,101.690994,0.0
SCS25,2997,1784041910,114.0,5.627922,100.49254,0.0
SCS20,weekday_2066,1784041902,0.0,3.2384,101.68111,0.0
SCS23,weekday_2182,1784041946,13.0,3.468817,101.63786,0.0
SCS25,2997,1784041955,115.0,5.615102,100.49699,0.0
DMU09,59,1784041957,84.0,4.575285,101.987976,0.0
SCS04,2994,1784041962,111.0,6.508952,100.25437,0.0
SCS28,weekday_2067,1784041956,51.0,3.11253,101.686264,0.0
SCS20,weekday_2066,1784041942,2.0,3.23835,101.6811,0.0
DMU09,59,1784042017,96.0,4.56138,101.98635,0.0
SCS28,weekday_2067,1784042016,0.0,3.113105,101.68203,0.0
SCS25,2997,1784042030,114.0,5.593037,100.49318,0.0
SCS04,2994,1784042022,48.0,6.52298,100.25677,0.0
SCS20,weekday_2066,1784042002,43.0,3.234638,101.67984,0.0
SCS23,weekday_2182,1784042006,13.0,3.469218,101.637924,0.0
DMU09,59,1784042047,96.0,4.554132,101.9842,0.0
SCS28,weekday_2067,1784042076,0.0,3.113105,101.68203,0.0
SCS25,2997,1784042090,117.0,5.575117,100.49607,0.0
SCS04,2994,1784042082,11.0,6.524557,100.25704,0.0
SCS20,weekday_2066,1784042082,94.0,3.221553,101.672516,0.0
SCS23,weekday_2182,1784042081,117.0,3.485593,101.638596,0.0
SCS23,weekday_2182,1784042126,76.0,3.497453,101.63465,0.0
SCS04,2994,1784042127,105.0,6.532512,100.2584,0.0
SCS20,weekday_2066,1784042122,92.0,3.211617,101.672104,0.0
DMU09,59,1784042077,86.0,4.547338,101.981606,0.0
SCS25,2997,1784042150,114.0,5.557365,100.49897,0.0
SCS28,weekday_2067,1784042121,25.0,3.113497,101.68141,0.0
SCS04,2994,1784042202,117.0,6.555128,100.25965,0.0
SCS20,weekday_2066,1784042202,66.0,3.197322,101.68208,0.0
SCS23,weekday_2182,1784042201,0.0,3.500813,101.634125,0.0
SCS28,weekday_2067,1784042181,11.0,3.11785,101.67906,0.0
SCS25,2997,1784042210,114.0,5.539828,100.50272,0.0
SCS04,2994,1784042232,116.0,6.56429,100.25926,0.0
SCS20,weekday_2066,1784042242,6.0,3.19424,101.68474,0.0
SCS25,2997,1784042270,114.0,5.522538,100.50764,0.0
SCS23,weekday_2182,1784042261,48.0,3.502617,101.63385,0.0
DMU09,59,1784042257,55.0,4.520465,101.97324,0.0
SCS28,weekday_2067,1784042256,17.0,3.120077,101.67852,0.0
SCS25,2997,1784042330,114.0,5.505035,100.50414,0.0
SCS04,2994,1784042307,117.0,6.586718,100.26264,0.0
SCS23,weekday_2182,1784042306,94.0,3.511258,101.63243,0.0
DMU09,59,1784042302,0.0,4.519415,101.9683,0.0
SCS28,weekday_2067,1784042316,22.0,3.123867,101.678055,0.0
SCS20,weekday_2066,1784042302,0.0,3.1941,101.684875,0.0
SCS04,2994,1784042367,116.0,6.60527,100.26324,0.0
SCS23,weekday_2182,1784042366,98.0,3.525425,101.629616,0.0
SCS25,2997,1784042360,108.0,5.496587,100.50188,0.0
SCS20,weekday_2066,1784042382,10.0,3.19355,101.68535,0.0
SCS28,weekday_2067,1784042361,18.0,3.126545,101.678764,0.0
SCS28,weekday_2067,1784042451,10.0,3.130068,101.68148,0.0
SCS25,2997,1784042435,19.0,5.483347,100.49833,0.0
SCS04,2994,1784042427,117.0,6.623323,100.26607,0.0
SCS23,weekday_2182,1784042426,97.0,3.53952,101.635414,0.0
SCS20,weekday_2066,1784042422,2.0,3.192373,101.68631,0.0
SCS25,2997,1784042495,13.0,5.482525,100.49811,0.0
SCS23,weekday_2182,1784042501,3.0,3.553775,101.63945,0.0
SCS28,weekday_2067,1784042496,0.0,3.130508,101.68191,0.0
SCS20,weekday_2066,1784042482,0.0,3.191358,101.687126,0.0
DMU09,59,1784042482,42.0,4.505518,101.95551,0.0
SCS04,2994,1784042487,116.0,6.635802,100.27911,0.0
SCS20,weekday_2066,1784042562,5.0,3.189923,101.687965,0.0
SCS04,2994,1784042562,117.0,6.648922,100.297874,0.0
SCS23,weekday_2182,1784042561,32.0,3.554843,101.63927,0.0
DMU09,59,1784042542,56.0,4.498355,101.952255,0.0
SCS25,2997,1784042570,116.0,5.467113,100.49659,0.0
SCS28,weekday_2067,1784042556,27.0,3.131855,101.682945,0.0
SCS28,weekday_2067,1784042616,0.0,3.132453,101.68355,0.0
SCS20,weekday_2066,1784042622,3.0,3.188552,101.68861,0.0
SCS04,2994,1784042622,74.0,6.655365,100.3099,0.0
SCS23,weekday_2182,1784042621,105.0,3.56152,101.63095,0.0
DMU09,59,1784042602,37.0,4.491085,101.94581,0.0
SCS25,2997,1784042630,113.0,5.4495,100.49246,0.0
SCS28,weekday_2067,1784042676,0.0,3.132453,101.68355,0.0
SCS04,2994,1784042682,17.0,6.65931,100.315956,0.0
SCS20,weekday_2066,1784042682,0.0,3.188372,101.688736,0.0
SCS23,weekday_2182,1784042681,98.0,3.569872,101.617485,0.0
DMU09,59,1784042662,0.0,4.490193,101.94511,0.0
SCS25,2997,1784042675,115.0,5.436488,100.489006,0.0
SCS23,weekday_2182,1784042726,106.0,3.580367,101.61327,0.0
DMU09,59,1784042752,74.0,4.482965,101.939606,0.0
SCS28,weekday_2067,1784042751,11.0,3.135962,101.68994,0.0
SCS25,2997,1784042750,114.0,5.417703,100.4774,0.0
SCS20,weekday_2066,1784042742,0.0,3.188372,101.688736,0.0
SCS04,2994,1784042742,20.0,6.66164,100.31891,0.0
SCS04,2994,1784042742,20.0,6.66164,100.31891,0.0
DMU09,59,1784042797,78.0,4.474888,101.93471,0.0
SCS25,2997,1784042795,116.0,5.404533,100.47265,0.0
SCS20,weekday_2066,1784042802,0.0,3.188372,101.688736,0.0
SCS23,weekday_2182,1784042801,95.0,3.597605,101.60241,0.0
SCS28,weekday_2067,1784042811,17.0,3.138383,101.69321,0.0
SCS20,weekday_2066,1784042862,0.0,3.188372,101.688736,0.0
SCS23,weekday_2182,1784042861,116.0,3.605717,101.58894,0.0
SCS28,weekday_2067,1784042856,0.0,3.138902,101.693306,0.0
SCS25,2997,1784042870,114.0,5.382093,100.46973,0.0
DMU09,59,1784042842,64.0,4.466787,101.9315,0.0
SCS20,weekday_2066,1784042922,0.0,3.188372,101.688736,0.0
SCS23,weekday_2182,1784042921,115.0,3.61829,101.57605,0.0
SCS28,weekday_2067,1784042916,21.0,3.14096,101.69382,0.0
DMU09,59,1784042857,58.0,4.46447,101.93257,0.0
SCS25,2997,1784042930,79.0,5.365192,100.46759,0.0
SCS20,weekday_2066,1784042982,0.0,3.188372,101.688736,0.0
SCS23,weekday_2182,1784042981,114.0,3.631152,101.56353,0.0
DMU09,59,1784042962,65.0,4.448505,101.93898,0.0
SCS28,weekday_2067,1784042991,23.0,3.145222,101.69217,0.0
SCS25,2997,1784042990,29.0,5.357607,100.4662,0.0
SCS23,weekday_2182,1784043026,114.0,3.64241,101.55623,0.0
SCS25,2997,1784043050,30.0,5.359533,100.4619,0.0
SCS20,weekday_2066,1784043042,0.0,3.188372,101.688736,0.0
DMU09,59,1784043022,73.0,4.437382,101.939354,0.0
SCS28,weekday_2067,1784043021,57.0,3.148285,101.69073,0.0
SCS28,weekday_2067,1784043081,0.0,3.153843,101.69237,0.0
SCS20,weekday_2066,1784043102,0.0,3.188372,101.688736,0.0
DMU09,59,1784043097,44.0,4.426745,101.93389,0.0
SCS23,weekday_2182,1784043086,113.0,3.654702,101.543205,0.0
SCS25,2997,1784043110,67.0,5.364785,100.4565,0.0
SCS20,weekday_2066,1784043162,0.0,3.188372,101.688736,0.0
SCS23,weekday_2182,1784043161,80.0,3.669002,101.53217,0.0
DMU09,59,1784043142,5.0,4.422697,101.93205,0.0
SCS25,2997,1784043155,29.0,5.366002,100.44971,0.0
DMU09,59,1784043202,5.0,4.422702,101.93203,0.0
SCS25,2997,1784043230,13.0,5.366217,100.44823,0.0
SCS20,weekday_2066,1784043222,0.0,3.188372,101.688736,0.0
SCS23,weekday_2182,1784043221,38.0,3.677402,101.52608,0.0
SCS23,weekday_2182,1784043266,24.0,3.67983,101.52356,0.0
DMU09,59,1784043262,35.0,4.4194,101.93062,0.0
SCS20,weekday_2066,1784043282,0.0,3.188372,101.688736,0.0
SCS25,2997,1784043260,66.0,5.366697,100.44507,0.0
SCS20,weekday_2066,1784043342,0.0,3.188372,101.688736,0.0
SCS23,weekday_2182,1784043341,0.0,3.684803,101.51824,0.0
DMU09,59,1784043322,64.0,4.41153,101.92712,0.0
SCS25,2997,1784043320,95.0,5.362552,100.43148,0.0
SCS25,2997,1784043395,4.0,5.363922,100.42292,0.0
DMU09,59,1784043397,72.0,4.397488,101.92125,0.0
SCS23,weekday_2182,1784043386,0.0,3.684805,101.518234,0.0
SCS20,weekday_2066,1784043382,0.0,3.188372,101.688736,0.0
DMU09,59,1784043427,76.0,4.391673,101.92225,0.0
SCS20,weekday_2066,1784043462,0.0,3.188372,101.688736,0.0
SCS23,weekday_2182,1784043461,0.0,3.684808,101.51815,0.0
SCS25,2997,1784043440,8.0,5.36419,100.42224,0.0
SCS20,weekday_2066,1784043522,0.0,3.188372,101.688736,0.0
DMU09,59,1784043502,48.0,4.378027,101.92378,0.0
SCS25,2997,1784043500,0.0,5.364315,100.421906,0.0
SCS23,weekday_2182,1784043461,0.0,3.684808,101.51815,0.0
DMU09,59,1784043562,65.0,4.36961,101.924416,0.0
SCS20,weekday_2066,1784043582,0.0,3.188372,101.688736,0.0
SCS25,2997,1784043575,96.0,5.367925,100.41259,0.0
DMU09,59,1784043637,4.0,4.358672,101.92175,0.0
SCS20,weekday_2066,1784043622,0.0,3.188372,101.688736,0.0
SCS25,2997,1784043635,97.0,5.374165,100.398674,0.0
SCS25,2997,1784043680,91.0,5.37943,100.38874,0.0
SCS20,weekday_2066,1784043702,0.0,3.188372,101.688736,0.0
DMU09,59,1784043682,0.0,4.35857,101.92174,0.0
SCS20,weekday_2066,1784043762,0.0,3.188372,101.688736,0.0
SCS25,2997,1784043755,35.0,5.385355,100.37757,0.0
DMU09,59,1784043742,42.0,4.356137,101.92046,0.0
SCS20,weekday_2066,1784043822,0.0,3.188372,101.688736,0.0
DMU09,59,1784043817,76.0,4.343343,101.91667,0.0
SCS25,2997,1784043800,12.0,5.386652,100.37489,0.0
SCS25,2997,1784043875,21.0,5.388218,100.3723,0.0
DMU09,59,1784043862,73.0,4.334448,101.917595,0.0
SCS20,weekday_2066,1784043862,0.0,3.188372,101.688736,0.0
SCS20,weekday_2066,1784043922,0.0,3.188372,101.688736,0.0
SCS25,2997,1784043920,13.0,5.390112,100.37055,0.0
DMU09,59,1784043892,70.0,4.328907,101.91866,0.0
DMU09,59,1784043982,81.0,4.311268,101.919266,0.0
SCS20,weekday_2066,1784043982,0.0,3.188372,101.688736,0.0
SCS25,2997,1784043980,18.0,5.392,100.368126,0.0
SCS25,2997,1784044025,0.0,5.392442,100.36756,0.0
SCS20,weekday_2066,1784044062,0.0,3.188372,101.688736,0.0
DMU09,59,1784044042,69.0,4.299998,101.92118,0.0
DMU09,59,1784044102,0.0,4.2936,101.92206,0.0
SCS20,weekday_2066,1784044102,0.0,3.188372,101.688736,0.0
SCS25,2997,1784044100,0.0,5.392442,100.36756,0.0
DMU09,59,1784044162,8.0,4.293257,101.92211,0.0
SCS25,2997,1784044145,0.0,5.392442,100.36756,0.0
SCS20,weekday_2066,1784044162,0.0,3.188372,101.688736,0.0
DMU09,59,1784044222,69.0,4.287225,101.9197,0.0
SCS20,weekday_2066,1784044242,0.0,3.188372,101.688736,0.0
SCS25,2997,1784044220,0.0,5.392442,100.36756,0.0
SCS20,weekday_2066,1784044302,0.0,3.188372,101.688736,0.0
DMU09,59,1784044282,78.0,4.274707,101.9214,0.0
DMU09,59,1784044342,61.0,4.263973,101.92548,0.0
SCS20,weekday_2066,1784044362,0.0,3.188372,101.688736,0.0
DMU09,59,1784044402,0.0,4.257783,101.92528,0.0
SCS20,weekday_2066,1784044402,0.0,3.188372,101.688736,0.0
SCS20,weekday_2066,1784044482,0.0,3.188372,101.688736,0.0
DMU09,59,1784044492,21.0,4.255938,101.92564,0.0
SCS20,weekday_2066,1784044542,0.0,3.188372,101.688736,0.0
DMU09,59,1784044552,46.0,4.251978,101.93016,0.0
SCS20,weekday_2066,1784044602,0.0,3.188372,101.688736,0.0
DMU09,59,1784044612,73.0,4.248815,101.93924,0.0
SCS20,weekday_2066,1784044662,0.0,3.188372,101.688736,0.0
DMU09,59,1784044657,77.0,4.24857,101.9485,0.0
SCS20,weekday_2066,1784044722,0.0,3.188372,101.688736,0.0
DMU09,59,1784044717,80.0,4.247775,101.96122,0.0
